# Time-averaged data for fix rdfout
# TimeStep Number-of-rows
# Row c_myrdf[1] c_myrdf[2] c_myrdf[3]
51000 200
1 0.03 0 0
2 0.09 0 0
3 0.15 0 0
4 0.21 0 0
5 0.27 0 0
6 0.33 0 0
7 0.39 0 0
8 0.45 0 0
9 0.51 0 0
10 0.57 0 0
11 0.63 0 0
12 0.69 0 0
13 0.75 0 0
14 0.81 0 0
15 0.87 0 0
16 0.93 0 0
17 0.99 0 0
18 1.05 0 0
19 1.11 0 0
20 1.17 0 0
21 1.23 0 0
22 1.29 0 0
23 1.35 0 0
24 1.41 0 0
25 1.47 0 0
26 1.53 0 0
27 1.59 0 0
28 1.65 0 0
29 1.71 0 0
30 1.77 0 0
31 1.83 0 0
32 1.89 0 0
33 1.95 0 0
34 2.01 0 0
35 2.07 0 0
36 2.13 0 0
37 2.19 0 0
38 2.25 0 0
39 2.31 0.00190758 0.0004
40 2.37 0.04893 0.0112
41 2.43 0.223237 0.063
42 2.49 0.740438 0.2434
43 2.55 1.4441 0.6124
44 2.61 2.18389 1.197
45 2.67 2.58874 1.9222
46 2.73 2.79922 2.742
47 2.79 2.85862 3.6164
48 2.85 2.77149 4.501
49 2.91 2.51473 5.3378
50 2.97 2.16086 6.0868
51 3.03 1.94973 6.7902
52 3.09 1.71057 7.432
53 3.15 1.44803 7.9966
54 3.21 1.30105 8.5234
55 3.27 1.14522 9.0046
56 3.33 1.03089 9.4538
57 3.39 0.912343 9.8658
58 3.45 0.787239 10.234
59 3.51 0.76386 10.6038
60 3.57 0.672907 10.9408
61 3.63 0.647756 11.2762
62 3.69 0.626489 11.6114
63 3.75 0.603707 11.945
64 3.81 0.587998 12.2804
65 3.87 0.571946 12.617
66 3.93 0.572411 12.9644
67 3.99 0.589534 13.3332
68 4.05 0.59671 13.7178
69 4.11 0.624009 14.132
70 4.17 0.613791 14.5514
71 4.23 0.669323 15.022
72 4.29 0.673962 15.5094
73 4.35 0.741572 16.0608
74 4.41 0.768115 16.6478
75 4.47 0.80189 17.2774
76 4.53 0.862142 17.9726
77 4.59 0.896764 18.715
78 4.65 0.952627 19.5244
79 4.71 1.00032 20.3964
80 4.77 1.06949 21.3526
81 4.83 1.07756 22.3404
82 4.89 1.14536 23.4166
83 4.95 1.19067 24.563
84 5.01 1.24344 25.7894
85 5.07 1.22626 27.028
86 5.13 1.28419 28.356
87 5.19 1.28018 29.711
88 5.25 1.27325 31.09
89 5.31 1.29698 32.527
90 5.37 1.31229 34.014
91 5.43 1.25134 35.4638
92 5.49 1.23883 36.931
93 5.55 1.19848 38.3816
94 5.61 1.16554 39.823
95 5.67 1.13688 41.2592
96 5.73 1.07181 42.642
97 5.79 1.06186 44.0408
98 5.85 1.00271 45.3892
99 5.91 0.95768 46.7036
100 5.97 0.939242 48.019
101 6.03 0.908885 49.3176
102 6.09 0.893672 50.62
103 6.15 0.854519 51.89
104 6.21 0.838615 53.1608
105 6.27 0.844004 54.4646
106 6.33 0.828588 55.7692
107 6.39 0.83479 57.1086
108 6.45 0.831321 58.4676
109 6.51 0.84285 59.8712
110 6.57 0.831417 61.2814
111 6.63 0.850016 62.7496
112 6.69 0.869409 64.2786
113 6.75 0.886417 65.8656
114 6.81 0.905218 67.5152
115 6.87 0.920211 69.2218
116 6.93 0.956489 71.0268
117 6.99 0.993474 72.9342
118 7.05 0.997629 74.8826
119 7.11 1.02496 76.9186
120 7.17 1.03402 79.0074
121 7.23 1.05062 81.1654
122 7.29 1.07611 83.4126
123 7.35 1.08518 85.7162
124 7.41 1.08928 88.0664
125 7.47 1.09529 90.468
126 7.53 1.10277 92.925
127 7.59 1.115 95.449
128 7.65 1.09967 97.9778
129 7.71 1.12577 100.607
130 7.77 1.09943 103.216
131 7.83 1.08315 105.825
132 7.89 1.08202 108.472
133 7.95 1.07783 111.149
134 8.01 1.06071 113.823
135 8.07 1.03414 116.469
136 8.13 1.02355 119.128
137 8.19 1.0212 121.819
138 8.25 1.00596 124.51
139 8.31 0.994209 127.207
140 8.37 0.98313 129.914
141 8.43 0.964028 132.606
142 8.49 0.959419 135.323
143 8.55 0.952754 138.06
144 8.61 0.941169 140.802
145 8.67 0.940105 143.578
146 8.73 0.918879 146.33
147 8.79 0.932135 149.16
148 8.85 0.932406 152.03
149 8.91 0.950408 154.995
150 8.97 0.93179 157.941
151 9.03 0.940983 160.956
152 9.09 0.937103 163.998
153 9.15 0.943699 167.103
154 9.21 0.966126 170.323
155 9.27 0.974746 173.614
156 9.33 0.98441 176.982
157 9.39 0.982953 180.387
158 9.45 1.01046 183.933
159 9.51 1.01177 187.529
160 9.57 1.02252 191.208
161 9.63 1.01421 194.904
162 9.69 1.02505 198.686
163 9.75 1.03871 202.566
164 9.81 1.03894 206.495
165 9.87 1.0566 210.54
166 9.93 1.04728 214.597
167 9.99 1.0457 218.698
168 10.05 1.05225 222.874
169 10.11 1.0521 227.1
170 10.17 1.0378 231.318
171 10.23 1.03461 235.572
172 10.29 1.03787 239.891
173 10.35 1.03067 244.229
174 10.41 1.00788 248.521
175 10.47 1.02222 252.924
176 10.53 1.01203 257.333
177 10.59 1.00954 261.782
178 10.65 0.996038 266.221
179 10.71 0.987173 270.671
180 10.77 0.996082 275.211
181 10.83 0.988027 279.764
182 10.89 0.981161 284.337
183 10.95 0.973367 288.923
184 11.01 0.972192 293.553
185 11.07 0.968909 298.219
186 11.13 0.972337 302.952
187 11.19 0.974986 307.749
188 11.25 0.973502 312.591
189 11.31 0.982976 317.531
190 11.37 0.976645 322.493
191 11.43 0.979391 327.52
192 11.49 0.982336 332.616
193 11.55 0.987952 337.795
194 11.61 0.975993 342.965
195 11.67 0.984183 348.231
196 11.73 0.992045 353.595
197 11.79 0.997315 359.042
198 11.85 0.995506 364.535
199 11.91 0.999279 370.105
200 11.97 1.01231 375.805
52000 200
1 0.03 0 0
2 0.09 0 0
3 0.15 0 0
4 0.21 0 0
5 0.27 0 0
6 0.33 0 0
7 0.39 0 0
8 0.45 0 0
9 0.51 0 0
10 0.57 0 0
11 0.63 0 0
12 0.69 0 0
13 0.75 0 0
14 0.81 0 0
15 0.87 0 0
16 0.93 0 0
17 0.99 0 0
18 1.05 0 0
19 1.11 0 0
20 1.17 0 0
21 1.23 0 0
22 1.29 0 0
23 1.35 0 0
24 1.41 0 0
25 1.47 0 0
26 1.53 0 0
27 1.59 0 0
28 1.65 0 0
29 1.71 0 0
30 1.77 0 0
31 1.83 0 0
32 1.89 0 0
33 1.95 0 0
34 2.01 0 0
35 2.07 0 0
36 2.13 0 0
37 2.19 0 0
38 2.25 0 0
39 2.31 0.00763033 0.0016
40 2.37 0.0598034 0.0148
41 2.43 0.244785 0.0716
42 2.49 0.744542 0.253
43 2.55 1.41905 0.6156
44 2.61 2.09722 1.177
45 2.67 2.62801 1.9132
46 2.73 2.9037 2.7636
47 2.79 2.8717 3.642
48 2.85 2.68188 4.498
49 2.91 2.4937 5.3278
50 2.97 2.24625 6.1064
51 3.03 1.97191 6.8178
52 3.09 1.67166 7.445
53 3.15 1.44034 8.0066
54 3.21 1.29216 8.5298
55 3.27 1.12999 9.0046
56 3.33 1.01528 9.447
57 3.39 0.893742 9.8506
58 3.45 0.823586 10.2358
59 3.51 0.743617 10.5958
60 3.57 0.699663 10.9462
61 3.63 0.661275 11.2886
62 3.69 0.629106 11.6252
63 3.75 0.600087 11.9568
64 3.81 0.577479 12.2862
65 3.87 0.581462 12.6284
66 3.93 0.571422 12.9752
67 3.99 0.583459 13.3402
68 4.05 0.560404 13.7014
69 4.11 0.595987 14.097
70 4.17 0.629011 14.5268
71 4.23 0.633766 14.9724
72 4.29 0.65405 15.4454
73 4.35 0.72893 15.9874
74 4.41 0.768376 16.5746
75 4.47 0.834241 17.2296
76 4.53 0.851973 17.9166
77 4.59 0.916574 18.6754
78 4.65 0.987936 19.5148
79 4.71 1.03956 20.421
80 4.77 1.08739 21.3932
81 4.83 1.12098 22.4208
82 4.89 1.15558 23.5066
83 4.95 1.19379 24.656
84 5.01 1.22356 25.8628
85 5.07 1.25378 27.1292
86 5.13 1.25054 28.4224
87 5.19 1.24768 29.743
88 5.25 1.29134 31.1416
89 5.31 1.3006 32.5826
90 5.37 1.26781 34.0192
91 5.43 1.27188 35.4928
92 5.49 1.226 36.9448
93 5.55 1.20707 38.4058
94 5.61 1.15098 39.8292
95 5.67 1.11551 41.2384
96 5.73 1.08902 42.6434
97 5.79 1.02208 43.9898
98 5.85 1.00539 45.3418
99 5.91 0.96861 46.6712
100 5.97 0.941812 47.9902
101 6.03 0.920083 49.3048
102 6.09 0.884065 50.5932
103 6.15 0.834334 51.8332
104 6.21 0.850361 53.1218
105 6.27 0.841155 54.4212
106 6.33 0.830874 55.7294
107 6.39 0.824818 57.0528
108 6.45 0.823369 58.3988
109 6.51 0.848134 59.8112
110 6.57 0.835308 61.228
111 6.63 0.856384 62.7072
112 6.69 0.850076 64.2022
113 6.75 0.894796 65.8042
114 6.81 0.935729 67.5094
115 6.87 0.936387 69.246
116 6.93 0.938578 71.0172
117 6.99 0.987849 72.9138
118 7.05 0.99896 74.8648
119 7.11 0.993649 76.8386
120 7.17 1.04322 78.946
121 7.23 1.08294 81.1704
122 7.29 1.09402 83.455
123 7.35 1.09846 85.7868
124 7.41 1.09456 88.1484
125 7.47 1.11818 90.6002
126 7.53 1.11435 93.083
127 7.59 1.10343 95.5808
128 7.65 1.10306 98.1174
129 7.71 1.09872 100.684
130 7.77 1.09522 103.282
131 7.83 1.08505 105.896
132 7.89 1.08186 108.542
133 7.95 1.06471 111.187
134 8.01 1.05326 113.842
135 8.07 1.03523 116.491
136 8.13 1.03826 119.188
137 8.19 1.01217 121.856
138 8.25 0.999973 124.53
139 8.31 0.982784 127.197
140 8.37 0.966347 129.857
141 8.43 0.963169 132.547
142 8.49 0.962879 135.274
143 8.55 0.930335 137.946
144 8.61 0.953253 140.723
145 8.67 0.938209 143.494
146 8.73 0.938046 146.303
147 8.79 0.932069 149.133
148 8.85 0.930001 151.995
149 8.91 0.929892 154.896
150 8.97 0.951526 157.905
151 9.03 0.93624 160.904
152 9.09 0.933653 163.936
153 9.15 0.960114 167.094
154 9.21 0.960186 170.295
155 9.27 0.962545 173.545
156 9.33 0.988152 176.925
157 9.39 0.983703 180.333
158 9.45 1.00038 183.844
159 9.51 1.01807 187.462
160 9.57 1.02307 191.143
161 9.63 1.02568 194.881
162 9.69 1.02196 198.652
163 9.75 1.04765 202.565
164 9.81 1.04841 206.53
165 9.87 1.05153 210.555
166 9.93 1.04872 214.618
167 9.99 1.0685 218.808
168 10.05 1.05533 222.997
169 10.11 1.04169 227.181
170 10.17 1.0377 231.398
171 10.23 1.03763 235.665
172 10.29 1.03148 239.957
173 10.35 1.03499 244.313
174 10.41 1.02164 248.664
175 10.47 1.01948 253.055
176 10.53 1.00827 257.448
177 10.59 0.990882 261.815
178 10.65 0.998955 266.267
179 10.71 0.992631 270.741
180 10.77 0.996301 275.282
181 10.83 0.982993 279.812
182 10.89 0.970946 284.337
183 10.95 0.977017 288.94
184 11.01 0.969211 293.557
185 11.07 0.973187 298.243
186 11.13 0.962476 302.928
187 11.19 0.970393 307.702
188 11.25 0.971692 312.535
189 11.31 0.969885 317.41
190 11.37 0.97007 322.338
191 11.43 0.981885 327.378
192 11.49 0.975435 332.438
193 11.55 0.989555 337.626
194 11.61 0.98683 342.852
195 11.67 0.988855 348.144
196 11.73 0.986163 353.476
197 11.79 0.992702 358.898
198 11.85 1.0016 364.425
199 11.91 1.01259 370.069
200 11.97 1.01248 375.769
53000 200
1 0.03 0 0
2 0.09 0 0
3 0.15 0 0
4 0.21 0 0
5 0.27 0 0
6 0.33 0 0
7 0.39 0 0
8 0.45 0 0
9 0.51 0 0
10 0.57 0 0
11 0.63 0 0
12 0.69 0 0
13 0.75 0 0
14 0.81 0 0
15 0.87 0 0
16 0.93 0 0
17 0.99 0 0
18 1.05 0 0
19 1.11 0 0
20 1.17 0 0
21 1.23 0 0
22 1.29 0 0
23 1.35 0 0
24 1.41 0 0
25 1.47 0 0
26 1.53 0 0
27 1.59 0 0
28 1.65 0 0
29 1.71 0 0
30 1.77 0 0
31 1.83 0 0
32 1.89 0 0
33 1.95 0 0
34 2.01 0 0
35 2.07 0 0
36 2.13 0 0
37 2.19 0 0
38 2.25 0 0
39 2.31 0.00953791 0.002
40 2.37 0.0616156 0.0156
41 2.43 0.25599 0.075
42 2.49 0.692006 0.2436
43 2.55 1.42219 0.607
44 2.61 2.13234 1.1778
45 2.67 2.643 1.9182
46 2.73 2.84975 2.7528
47 2.79 2.84947 3.6244
48 2.85 2.65995 4.4734
49 2.91 2.53577 5.3172
50 2.97 2.17009 6.0694
51 3.03 1.92645 6.7644
52 3.09 1.67965 7.3946
53 3.15 1.48189 7.9724
54 3.21 1.27438 8.4884
55 3.27 1.21662 8.9996
56 3.33 0.996922 9.434
57 3.39 0.924744 9.8516
58 3.45 0.823586 10.2368
59 3.51 0.78369 10.6162
60 3.57 0.700462 10.967
61 3.63 0.647756 11.3024
62 3.69 0.610042 11.6288
63 3.75 0.629042 11.9764
64 3.81 0.592907 12.3146
65 3.87 0.617145 12.6778
66 3.93 0.5734 13.0258
67 3.99 0.555645 13.3734
68 4.05 0.585539 13.7508
69 4.11 0.600205 14.1492
70 4.17 0.621109 14.5736
71 4.23 0.641731 15.0248
72 4.29 0.666219 15.5066
73 4.35 0.714405 16.0378
74 4.41 0.748748 16.61
75 4.47 0.825071 17.2578
76 4.53 0.855941 17.948
77 4.59 0.882511 18.6786
78 4.65 0.988878 19.5188
79 4.71 1.02028 20.4082
80 4.77 1.06099 21.3568
81 4.83 1.10265 22.3676
82 4.89 1.15366 23.4516
83 4.95 1.15868 24.5672
84 5.01 1.22742 25.7778
85 5.07 1.22804 27.0182
86 5.13 1.25209 28.313
87 5.19 1.28245 29.6704
88 5.25 1.30667 31.0856
89 5.31 1.27225 32.4952
90 5.37 1.28493 33.9512
91 5.43 1.26878 35.4212
92 5.49 1.22178 36.8682
93 5.55 1.19071 38.3094
94 5.61 1.18349 39.773
95 5.67 1.14702 41.222
96 5.73 1.09212 42.631
97 5.79 1.05336 44.0186
98 5.85 0.985457 45.3438
99 5.91 0.977499 46.6854
100 5.97 0.941812 48.0044
101 6.03 0.906505 49.2996
102 6.09 0.890241 50.597
103 6.15 0.868649 51.888
104 6.21 0.847589 53.1724
105 6.27 0.868085 54.5134
106 6.33 0.842942 55.8406
107 6.39 0.825566 57.1652
108 6.45 0.835236 58.5306
109 6.51 0.832881 59.9176
110 6.57 0.818918 61.3066
111 6.63 0.861479 62.7946
112 6.69 0.87373 64.3312
113 6.75 0.893343 65.9306
114 6.81 0.923986 67.6144
115 6.87 0.917838 69.3166
116 6.93 0.922892 71.0582
117 6.99 0.982849 72.9452
118 7.05 1.00664 74.9112
119 7.11 1.01157 76.9206
120 7.17 1.03897 79.0194
121 7.23 1.044 81.1638
122 7.29 1.06251 83.3826
123 7.35 1.07124 85.6566
124 7.41 1.09243 88.0136
125 7.47 1.09921 90.4238
126 7.53 1.11489 92.9078
127 7.59 1.10952 95.4194
128 7.65 1.10715 97.9654
129 7.71 1.09709 100.528
130 7.77 1.09572 103.127
131 7.83 1.10083 105.779
132 7.89 1.06526 108.385
133 7.95 1.06382 111.027
134 8.01 1.05564 113.689
135 8.07 1.05516 116.389
136 8.13 1.03033 119.065
137 8.19 1.01627 121.743
138 8.25 1.00648 124.435
139 8.31 0.98986 127.121
140 8.37 0.979425 129.817
141 8.43 0.984799 132.567
142 8.49 0.964573 135.299
143 8.55 0.953798 138.039
144 8.61 0.954077 140.818
145 8.67 0.945725 143.612
146 8.73 0.943923 146.439
147 8.79 0.931081 149.265
148 8.85 0.932666 152.136
149 8.91 0.934059 155.05
150 8.97 0.938685 158.017
151 9.03 0.937862 161.022
152 9.09 0.953796 164.119
153 9.15 0.951967 167.251
154 9.21 0.962406 170.459
155 9.27 0.960412 173.702
156 9.33 0.982363 177.062
157 9.39 0.996345 180.514
158 9.45 0.998153 184.017
159 9.51 1.00423 187.585
160 9.57 1.0144 191.236
161 9.63 1.02184 194.96
162 9.69 1.02364 198.736
163 9.75 1.03721 202.611
164 9.81 1.03001 206.506
165 9.87 1.03873 210.482
166 9.93 1.024 214.45
167 9.99 1.03525 218.509
168 10.05 1.04555 222.659
169 10.11 1.04378 226.851
170 10.17 1.03918 231.075
171 10.23 1.04332 235.365
172 10.29 1.0345 239.669
173 10.35 1.02943 244.002
174 10.41 1.02061 248.348
175 10.47 1.02417 252.76
176 10.53 1.02181 257.212
177 10.59 1.01702 261.694
178 10.65 1.01349 266.211
179 10.71 1.00217 270.728
180 10.77 0.994853 275.262
181 10.83 0.981821 279.787
182 10.89 0.987985 284.391
183 10.95 0.987715 289.045
184 11.01 0.970303 293.667
185 11.07 0.974765 298.36
186 11.13 0.971105 303.087
187 11.19 0.968442 307.852
188 11.25 0.982228 312.737
189 11.31 0.975416 317.64
190 11.37 0.969243 322.564
191 11.43 0.988547 327.638
192 11.49 0.976592 332.705
193 11.55 0.980054 337.842
194 11.61 0.98683 343.069
195 11.67 0.984482 348.337
196 11.73 0.993006 353.706
197 11.79 0.981241 359.066
198 11.85 1.00649 364.619
199 11.91 1.0033 370.211
200 11.97 1.0046 375.867
54000 200
1 0.03 0 0
2 0.09 0 0
3 0.15 0 0
4 0.21 0 0
5 0.27 0 0
6 0.33 0 0
7 0.39 0 0
8 0.45 0 0
9 0.51 0 0
10 0.57 0 0
11 0.63 0 0
12 0.69 0 0
13 0.75 0 0
14 0.81 0 0
15 0.87 0 0
16 0.93 0 0
17 0.99 0 0
18 1.05 0 0
19 1.11 0 0
20 1.17 0 0
21 1.23 0 0
22 1.29 0 0
23 1.35 0 0
24 1.41 0 0
25 1.47 0 0
26 1.53 0 0
27 1.59 0 0
28 1.65 0 0
29 1.71 0 0
30 1.77 0 0
31 1.83 0 0
32 1.89 0 0
33 1.95 0 0
34 2.01 0 0
35 2.07 0 0
36 2.13 0 0
37 2.19 0 0
38 2.25 0 0
39 2.31 0.00763033 0.0016
40 2.37 0.0598034 0.0148
41 2.43 0.262024 0.0756
42 2.49 0.698573 0.2458
43 2.55 1.42297 0.6094
44 2.61 2.13757 1.1816
45 2.67 2.54948 1.8958
46 2.73 2.87912 2.739
47 2.79 2.94362 3.6394
48 2.85 2.67624 4.4936
49 2.91 2.4949 5.3238
50 2.97 2.26068 6.1074
51 3.03 1.87877 6.7852
52 3.09 1.70417 7.4246
53 3.15 1.44752 7.989
54 3.21 1.28179 8.508
55 3.27 1.12951 8.9826
56 3.33 0.988661 9.4134
57 3.39 0.930502 9.8336
58 3.45 0.830855 10.2222
59 3.51 0.759316 10.5898
60 3.57 0.716436 10.9486
61 3.63 0.673636 11.2974
62 3.69 0.625368 11.632
63 3.75 0.631214 11.9808
64 3.81 0.592206 12.3186
65 3.87 0.565489 12.6514
66 3.93 0.583286 13.0054
67 3.99 0.580902 13.3688
68 4.05 0.619672 13.7682
69 4.11 0.605026 14.1698
70 4.17 0.602669 14.5816
71 4.23 0.638033 15.0302
72 4.29 0.680323 15.5222
73 4.35 0.718978 16.0568
74 4.41 0.744822 16.626
75 4.47 0.785078 17.2424
76 4.53 0.870575 17.9444
77 4.59 0.88855 18.68
78 4.65 0.946036 19.4838
79 4.71 1.03497 20.386
80 4.77 1.05227 21.3268
81 4.83 1.11356 22.3476
82 4.89 1.13067 23.41
83 4.95 1.19088 24.5566
84 5.01 1.22985 25.7696
85 5.07 1.23457 27.0166
86 5.13 1.25808 28.3176
87 5.19 1.29794 29.6914
88 5.25 1.28857 31.087
89 5.31 1.30384 32.5316
90 5.37 1.27487 33.9762
91 5.43 1.24651 35.4204
92 5.49 1.24322 36.8928
93 5.55 1.22574 38.3764
94 5.61 1.17379 39.828
95 5.67 1.12454 41.2486
96 5.73 1.08855 42.653
97 5.79 1.0652 44.0562
98 5.85 1.00182 45.4034
99 5.91 0.977353 46.7448
100 5.97 0.931244 48.049
101 6.03 0.912245 49.3524
102 6.09 0.88681 50.6448
103 6.15 0.855461 51.9162
104 6.21 0.838351 53.1866
105 6.27 0.836624 54.479
106 6.33 0.838115 55.7986
107 6.39 0.828308 57.1276
108 6.45 0.824837 58.476
109 6.51 0.838526 59.8724
110 6.57 0.842147 61.3008
111 6.63 0.850595 62.77
112 6.69 0.877597 64.3134
113 6.75 0.879603 65.8882
114 6.81 0.914876 67.5554
115 6.87 0.928514 69.2774
116 6.93 0.942817 71.0566
117 6.99 0.972744 72.9242
118 7.05 1.00879 74.8944
119 7.11 1.01409 76.9088
120 7.17 1.04313 79.016
121 7.23 1.05821 81.1896
122 7.29 1.08502 83.4554
123 7.35 1.04495 85.6736
124 7.41 1.0712 87.9848
125 7.47 1.10313 90.4036
126 7.53 1.11354 92.8846
127 7.59 1.1029 95.3812
128 7.65 1.11924 97.955
129 7.71 1.10051 100.526
130 7.77 1.09454 103.122
131 7.83 1.09518 105.761
132 7.89 1.08693 108.419
133 7.95 1.06744 111.07
134 8.01 1.07571 113.782
135 8.07 1.0604 116.496
136 8.13 1.02055 119.147
137 8.19 1.01604 121.825
138 8.25 1.00962 124.525
139 8.31 0.993177 127.22
140 8.37 0.988288 129.94
141 8.43 0.971835 132.654
142 8.49 0.956453 135.363
143 8.55 0.957906 138.115
144 8.61 0.946319 140.871
145 8.67 0.936516 143.638
146 8.73 0.929364 146.421
147 8.79 0.934506 149.258
148 8.85 0.927077 152.111
149 8.91 0.928289 155.007
150 8.97 0.9347 157.962
151 9.03 0.940422 160.975
152 9.09 0.948376 164.055
153 9.15 0.950387 167.181
154 9.21 0.960306 170.382
155 9.27 0.971192 173.661
156 9.33 0.973066 176.99
157 9.39 0.972216 180.358
158 9.45 1.00317 183.878
159 9.51 1.00085 187.435
160 9.57 1.01579 191.091
161 9.63 1.02848 194.839
162 9.69 1.03112 198.643
163 9.75 1.02885 202.486
164 9.81 1.04275 206.429
165 9.87 1.03826 210.404
166 9.93 1.0576 214.502
167 9.99 1.04626 218.605
168 10.05 1.04746 222.762
169 10.11 1.04582 226.962
170 10.17 1.04238 231.199
171 10.23 1.04755 235.506
172 10.29 1.03253 239.802
173 10.35 1.0281 244.13
174 10.41 1.0269 248.503
175 10.47 1.02301 252.909
176 10.53 1.01648 257.338
177 10.59 1.0084 261.782
178 10.65 1.00995 266.283
179 10.71 0.998 270.781
180 10.77 0.983401 275.264
181 10.83 0.987723 279.816
182 10.89 0.980174 284.383
183 10.95 0.984871 289.024
184 11.01 0.984327 293.712
185 11.07 0.980331 298.433
186 11.13 0.975254 303.18
187 11.19 0.971287 307.959
188 11.25 0.969802 312.782
189 11.31 0.98027 317.709
190 11.37 0.975267 322.663
191 11.43 0.965055 327.618
192 11.49 0.96784 332.638
193 11.55 0.968112 337.713
194 11.61 0.976597 342.886
195 11.67 0.993751 348.204
196 11.73 0.989381 353.553
197 11.79 0.995887 358.993
198 11.85 0.991047 364.461
199 11.91 0.998454 370.026
200 11.97 1.00446 375.681
55000 200
1 0.03 0 0
2 0.09 0 0
3 0.15 0 0
4 0.21 0 0
5 0.27 0 0
6 0.33 0 0
7 0.39 0 0
8 0.45 0 0
9 0.51 0 0
10 0.57 0 0
11 0.63 0 0
12 0.69 0 0
13 0.75 0 0
14 0.81 0 0
15 0.87 0 0
16 0.93 0 0
17 0.99 0 0
18 1.05 0 0
19 1.11 0 0
20 1.17 0 0
21 1.23 0 0
22 1.29 0 0
23 1.35 0 0
24 1.41 0 0
25 1.47 0 0
26 1.53 0 0
27 1.59 0 0
28 1.65 0 0
29 1.71 0 0
30 1.77 0 0
31 1.83 0 0
32 1.89 0 0
33 1.95 0 0
34 2.01 0 0
35 2.07 0 0
36 2.13 0 0
37 2.19 0 0
38 2.25 0 0
39 2.31 0.00572275 0.0012
40 2.37 0.0498362 0.0122
41 2.43 0.254267 0.0712
42 2.49 0.725662 0.248
43 2.55 1.36505 0.5968
44 2.61 2.14055 1.1698
45 2.67 2.66299 1.9158
46 2.73 2.86 2.7534
47 2.79 2.9142 3.6448
48 2.85 2.70319 4.5076
49 2.91 2.44862 5.3224
50 2.97 2.17759 6.0772
51 3.03 1.96414 6.7858
52 3.09 1.69138 7.4204
53 3.15 1.47368 7.995
54 3.21 1.3055 8.5236
55 3.27 1.13094 8.9988
56 3.33 1.01804 9.4424
57 3.39 0.926073 9.8606
58 3.45 0.818455 10.2434
59 3.51 0.760142 10.6114
60 3.57 0.682891 10.9534
61 3.63 0.679816 11.3054
62 3.69 0.619761 11.637
63 3.75 0.603345 11.9704
64 3.81 0.558195 12.2888
65 3.87 0.553255 12.6144
66 3.93 0.603058 12.9804
67 3.99 0.575147 13.3402
68 4.05 0.591745 13.7216
69 4.11 0.590262 14.1134
70 4.17 0.624328 14.54
71 4.23 0.653109 14.9992
72 4.29 0.678387 15.4898
73 4.35 0.723012 16.0274
74 4.41 0.780677 16.624
75 4.47 0.785588 17.2408
76 4.53 0.856933 17.9318
77 4.59 0.916332 18.6904
78 4.65 0.957335 19.5038
79 4.71 1.02671 20.3988
80 4.77 1.06412 21.3502
81 4.83 1.09938 22.358
82 4.89 1.12918 23.419
83 4.95 1.194 24.5686
84 5.01 1.20856 25.7606
85 5.07 1.23715 27.0102
86 5.13 1.27491 28.3286
87 5.19 1.27924 29.6826
88 5.25 1.28913 31.0788
89 5.31 1.30439 32.524
90 5.37 1.30417 34.0018
91 5.43 1.25583 35.4568
92 5.49 1.239 36.9242
93 5.55 1.20294 38.3802
94 5.61 1.17831 39.8374
95 5.67 1.14243 41.2806
96 5.73 1.0932 42.691
97 5.79 1.05153 44.0762
98 5.85 1.00405 45.4264
99 5.91 0.959429 46.7432
100 5.97 0.931244 48.0474
101 6.03 0.903146 49.3378
102 6.09 0.886947 50.6304
103 6.15 0.865688 51.917
104 6.21 0.842706 53.194
105 6.27 0.827432 54.4722
106 6.33 0.829985 55.779
107 6.39 0.841272 57.1288
108 6.45 0.815416 58.4618
109 6.51 0.825195 59.836
110 6.57 0.855 61.2862
111 6.63 0.842953 62.7422
112 6.69 0.869978 64.2722
113 6.75 0.87681 65.842
114 6.81 0.915535 67.5104
115 6.87 0.935848 69.246
116 6.93 0.938578 71.0172
117 6.99 0.989828 72.9176
118 7.05 0.979196 74.83
119 7.11 1.00905 76.8344
120 7.17 1.03362 78.9224
121 7.23 1.05831 81.0962
122 7.29 1.07678 83.3448
123 7.35 1.10798 85.6968
124 7.41 1.1004 88.071
125 7.47 1.11454 90.5148
126 7.53 1.11749 93.0046
127 7.59 1.10078 95.4964
128 7.65 1.09558 98.0158
129 7.71 1.10873 100.606
130 7.77 1.08653 103.183
131 7.83 1.10158 105.837
132 7.89 1.0947 108.515
133 7.95 1.07711 111.19
134 8.01 1.07182 113.892
135 8.07 1.04359 116.563
136 8.13 1.01978 119.211
137 8.19 1.01741 121.893
138 8.25 0.998702 124.564
139 8.31 0.983595 127.233
140 8.37 0.981168 129.934
141 8.43 0.969185 132.64
142 8.49 0.967327 135.38
143 8.55 0.937924 138.074
144 8.61 0.939659 140.811
145 8.67 0.931574 143.563
146 8.73 0.933438 146.358
147 8.79 0.929566 149.181
148 8.85 0.929221 152.04
149 8.91 0.920019 154.91
150 8.97 0.930651 157.853
151 9.03 0.945977 160.884
152 9.09 0.947082 163.959
153 9.15 0.95908 167.114
154 9.21 0.955925 170.3
155 9.27 0.982031 173.616
156 9.33 0.974938 176.951
157 9.39 0.984973 180.364
158 9.45 0.996215 183.859
159 9.51 1.01042 187.45
160 9.57 1.02852 191.152
161 9.63 1.01552 194.852
162 9.69 1.04922 198.723
163 9.75 1.01402 202.511
164 9.81 1.05005 206.482
165 9.87 1.06073 210.542
166 9.93 1.04599 214.595
167 9.99 1.048 218.705
168 10.05 1.04474 222.851
169 10.11 1.05479 227.088
170 10.17 1.04154 231.321
171 10.23 1.04118 235.602
172 10.29 1.03244 239.898
173 10.35 1.04093 244.28
174 10.41 1.0215 248.629
175 10.47 1.02227 253.033
176 10.53 1.0079 257.424
177 10.59 1.01435 261.894
178 10.65 0.989128 266.303
179 10.71 0.99019 270.766
180 10.77 0.986516 275.262
181 10.83 0.983774 279.796
182 10.89 0.979873 284.362
183 10.95 0.988394 289.019
184 11.01 0.962829 293.605
185 11.07 0.962928 298.242
186 11.13 0.975542 302.991
187 11.19 0.971084 307.769
188 11.25 0.971772 312.601
189 11.31 0.977405 317.514
190 11.37 0.968416 322.434
191 11.43 0.970353 327.415
192 11.49 0.988351 332.542
193 11.55 0.980779 337.683
194 11.61 0.985319 342.902
195 11.67 0.988705 348.193
196 11.73 0.991046 353.551
197 11.79 0.997901 359.002
198 11.85 1.00573 364.551
199 11.91 0.994974 370.097
200 11.97 1.01195 375.795
56000 200
1 0.03 0 0
2 0.09 0 0
3 0.15 0 0
4 0.21 0 0
5 0.27 0 0
6 0.33 0 0
7 0.39 0 0
8 0.45 0 0
9 0.51 0 0
10 0.57 0 0
11 0.63 0 0
12 0.69 0 0
13 0.75 0 0
14 0.81 0 0
15 0.87 0 0
16 0.93 0 0
17 0.99 0 0
18 1.05 0 0
19 1.11 0 0
20 1.17 0 0
21 1.23 0 0
22 1.29 0 0
23 1.35 0 0
24 1.41 0 0
25 1.47 0 0
26 1.53 0 0
27 1.59 0 0
28 1.65 0 0
29 1.71 0 0
30 1.77 0 0
31 1.83 0 0
32 1.89 0 0
33 1.95 0 0
34 2.01 0 0
35 2.07 0 0
36 2.13 0 0
37 2.19 0 0
38 2.25 0 0
39 2.31 0.00572275 0.0012
40 2.37 0.0607095 0.0146
41 2.43 0.252543 0.0732
42 2.49 0.695289 0.2426
43 2.55 1.46289 0.6164
44 2.61 2.12561 1.1854
45 2.67 2.61587 1.9182
46 2.73 2.7999 2.7382
47 2.79 2.84162 3.6074
48 2.85 2.77525 4.4932
49 2.91 2.52555 5.3336
50 2.97 2.17413 6.0872
51 3.03 1.93421 6.785
52 3.09 1.69298 7.4202
53 3.15 1.49009 8.0012
54 3.21 1.30352 8.529
55 3.27 1.11523 8.9976
56 3.33 1.01987 9.442
57 3.39 0.913229 9.8544
58 3.45 0.83898 10.2468
59 3.51 0.763034 10.6162
60 3.57 0.699663 10.9666
61 3.63 0.654709 11.3056
62 3.69 0.609668 11.6318
63 3.75 0.607326 11.9674
64 3.81 0.570467 12.2928
65 3.87 0.558693 12.6216
66 3.93 0.586581 12.9776
67 3.99 0.600723 13.3534
68 4.05 0.579022 13.7266
69 4.11 0.594782 14.1214
70 4.17 0.612328 14.5398
71 4.23 0.653678 14.9994
72 4.29 0.67092 15.4846
73 4.35 0.708487 16.0114
74 4.41 0.758693 16.5912
75 4.47 0.806985 17.2248
76 4.53 0.862886 17.9206
77 4.59 0.894831 18.6614
78 4.65 0.998058 19.5094
79 4.71 1.01707 20.396
80 4.77 1.09343 21.3736
81 4.83 1.12948 22.409
82 4.89 1.12769 23.4686
83 4.95 1.18319 24.6078
84 5.01 1.22072 25.8118
85 5.07 1.25398 27.0784
86 5.13 1.2664 28.388
87 5.19 1.2679 29.73
88 5.25 1.27731 31.1134
89 5.31 1.27984 32.5314
90 5.37 1.26022 33.9594
91 5.43 1.2926 35.457
92 5.49 1.24204 36.928
93 5.55 1.18823 38.3662
94 5.61 1.16942 39.8124
95 5.67 1.1391 41.2514
96 5.73 1.07367 42.6366
97 5.79 1.0447 44.0128
98 5.85 0.999735 45.3572
99 5.91 0.977353 46.6986
100 5.97 0.942098 48.018
101 6.03 0.921903 49.3352
102 6.09 0.883516 50.6228
103 6.15 0.872955 51.9202
104 6.21 0.851285 53.2102
105 6.27 0.839084 54.5064
106 6.33 0.819442 55.7966
107 6.39 0.832795 57.1328
108 6.45 0.827406 58.4854
109 6.51 0.814506 59.8418
110 6.57 0.833775 61.256
111 6.63 0.847353 62.7196
112 6.69 0.861335 64.2344
113 6.75 0.883736 65.8166
114 6.81 0.911145 67.477
115 6.87 0.922799 69.1884
116 6.93 0.947268 70.976
117 6.99 0.979099 72.8558
118 7.05 0.99343 74.796
119 7.11 1.0304 76.8428
120 7.17 1.05164 78.9672
121 7.23 1.06152 81.1476
122 7.29 1.0876 83.4188
123 7.35 1.0849 85.7218
124 7.41 1.10503 88.106
125 7.47 1.10779 90.535
126 7.53 1.12934 93.0512
127 7.59 1.11491 95.575
128 7.65 1.1215 98.154
129 7.71 1.09255 100.706
130 7.77 1.09513 103.304
131 7.83 1.07709 105.899
132 7.89 1.08227 108.546
133 7.95 1.04973 111.153
134 8.01 1.05477 113.812
135 8.07 1.04109 116.477
136 8.13 1.02755 119.145
137 8.19 1.01005 121.808
138 8.25 1.00895 124.506
139 8.31 1.00224 127.226
140 8.37 0.966856 129.887
141 8.43 0.965318 132.583
142 8.49 0.94346 135.255
143 8.55 0.954634 137.997
144 8.61 0.946799 140.755
145 8.67 0.946402 143.551
146 8.73 0.937712 146.359
147 8.79 0.924625 149.166
148 8.85 0.937929 152.053
149 8.91 0.9138 154.903
150 8.97 0.942797 157.884
151 9.03 0.926065 160.851
152 9.09 0.955213 163.953
153 9.15 0.955129 167.095
154 9.21 0.960126 170.295
155 9.27 0.976464 173.592
156 9.33 0.981428 176.949
157 9.39 0.989072 180.376
158 9.45 0.994335 183.865
159 9.51 1.02117 187.494
160 9.57 1.00868 191.124
161 9.63 1.03473 194.895
162 9.69 1.03253 198.704
163 9.75 1.03753 202.58
164 9.81 1.03408 206.49
165 9.87 1.06277 210.559
166 9.93 1.04625 214.612
167 9.99 1.05279 218.741
168 10.05 1.05104 222.912
169 10.11 1.0385 227.083
170 10.17 1.04405 231.327
171 10.23 1.03739 235.593
172 10.29 1.03667 239.906
173 10.35 1.02568 244.223
174 10.41 1.02948 248.607
175 10.47 1.02742 253.033
176 10.53 1.0073 257.421
177 10.59 1.01235 261.883
178 10.65 0.998192 266.331
179 10.71 0.981404 270.755
180 10.77 0.984761 275.243
181 10.83 0.979044 279.755
182 10.89 0.972148 284.286
183 10.95 0.969631 288.854
184 11.01 0.976139 293.504
185 11.07 0.975305 298.2
186 11.13 0.967366 302.909
187 11.19 0.97084 307.686
188 11.25 0.974668 312.533
189 11.31 0.98592 317.488
190 11.37 0.962313 322.377
191 11.43 0.980911 327.412
192 11.49 0.977748 332.485
193 11.55 0.985892 337.653
194 11.61 0.988567 342.889
195 11.67 0.988182 348.177
196 11.73 1.00425 353.606
197 11.79 0.999769 359.067
198 11.85 0.99913 364.58
199 11.91 1.00857 370.202
200 11.97 1.00108 375.838
57000 200
1 0.03 0 0
2 0.09 0 0
3 0.15 0 0
4 0.21 0 0
5 0.27 0 0
6 0.33 0 0
7 0.39 0 0
8 0.45 0 0
9 0.51 0 0
10 0.57 0 0
11 0.63 0 0
12 0.69 0 0
13 0.75 0 0
14 0.81 0 0
15 0.87 0 0
16 0.93 0 0
17 0.99 0 0
18 1.05 0 0
19 1.11 0 0
20 1.17 0 0
21 1.23 0 0
22 1.29 0 0
23 1.35 0 0
24 1.41 0 0
25 1.47 0 0
26 1.53 0 0
27 1.59 0 0
28 1.65 0 0
29 1.71 0 0
30 1.77 0 0
31 1.83 0 0
32 1.89 0 0
33 1.95 0 0
34 2.01 0 0
35 2.07 0 0
36 2.13 0 0
37 2.19 0 0
38 2.25 0 0
39 2.31 0.00476896 0.001
40 2.37 0.0588973 0.014
41 2.43 0.256852 0.0736
42 2.49 0.708423 0.2462
43 2.55 1.41749 0.6084
44 2.61 2.14429 1.1824
45 2.67 2.6837 1.9342
46 2.73 2.85522 2.7704
47 2.79 2.9482 3.6722
48 2.85 2.6681 4.5238
49 2.91 2.46605 5.3444
50 2.97 2.19028 6.1036
51 3.03 1.88487 6.7836
52 3.09 1.61302 7.3888
53 3.15 1.46599 7.9604
54 3.21 1.31241 8.4918
55 3.27 1.12713 8.9654
56 3.33 1.02676 9.4128
57 3.39 0.949103 9.8414
58 3.45 0.853091 10.2404
59 3.51 0.762621 10.6096
60 3.57 0.721628 10.971
61 3.63 0.666683 11.3162
62 3.69 0.602192 11.6384
63 3.75 0.613117 11.9772
64 3.81 0.590803 12.3142
65 3.87 0.565489 12.647
66 3.93 0.550332 12.981
67 3.99 0.574188 13.3402
68 4.05 0.59733 13.7252
69 4.11 0.591166 14.1176
70 4.17 0.616718 14.539
71 4.23 0.676434 15.0146
72 4.29 0.662071 15.4934
73 4.35 0.732157 16.0378
74 4.41 0.742205 16.605
75 4.47 0.8024 17.235
76 4.53 0.847756 17.9186
77 4.59 0.90836 18.6706
78 4.65 0.974519 19.4986
79 4.71 1.03359 20.3996
80 4.77 1.07866 21.364
81 4.83 1.08825 22.3616
82 4.89 1.14472 23.4372
83 4.95 1.20958 24.6018
84 5.01 1.22802 25.813
85 5.07 1.25081 27.0764
86 5.13 1.29638 28.417
87 5.19 1.26355 29.7544
88 5.25 1.2485 31.1066
89 5.31 1.29229 32.5384
90 5.37 1.27964 33.9884
91 5.43 1.26791 35.4574
92 5.49 1.24086 36.927
93 5.55 1.19947 38.3788
94 5.61 1.16796 39.8232
95 5.67 1.14654 41.2716
96 5.73 1.11351 42.7082
97 5.79 1.03711 44.0744
98 5.85 0.984416 45.3982
99 5.91 0.957535 46.7124
100 5.97 0.934529 48.0212
101 6.03 0.907765 49.3182
102 6.09 0.888869 50.6136
103 6.15 0.86838 51.9042
104 6.21 0.836767 53.1722
105 6.27 0.833517 54.4598
106 6.33 0.831128 55.7684
107 6.39 0.820455 57.0848
108 6.45 0.834991 58.4498
109 6.51 0.821232 59.8174
110 6.57 0.844741 61.2502
111 6.63 0.863911 62.7424
112 6.69 0.872821 64.2774
113 6.75 0.882954 65.8582
114 6.81 0.892926 67.4854
115 6.87 0.91223 69.1772
116 6.93 0.960516 70.9898
117 6.99 0.988891 72.8884
118 7.05 0.991689 74.8252
119 7.11 1.01922 76.8498
120 7.17 1.04154 78.9538
121 7.23 1.05957 81.1302
122 7.29 1.07103 83.3668
123 7.35 1.11071 85.7246
124 7.41 1.11838 88.1376
125 7.47 1.11727 90.5874
126 7.53 1.12063 93.0842
127 7.59 1.11968 95.6188
128 7.65 1.09801 98.1438
129 7.71 1.09341 100.698
130 7.77 1.09243 103.289
131 7.83 1.08979 105.915
132 7.89 1.0687 108.529
133 7.95 1.06245 111.168
134 8.01 1.05207 113.82
135 8.07 1.03039 116.457
136 8.13 1.02902 119.129
137 8.19 1.03206 121.85
138 8.25 1.00842 124.547
139 8.31 0.986396 127.223
140 8.37 0.965766 129.882
141 8.43 0.961665 132.567
142 8.49 0.961325 135.29
143 8.55 0.949551 138.018
144 8.61 0.957853 140.808
145 8.67 0.929813 143.554
146 8.73 0.931167 146.343
147 8.79 0.924559 149.15
148 8.85 0.933705 152.023
149 8.91 0.920083 154.894
150 8.97 0.944505 157.88
151 9.03 0.938112 160.886
152 9.09 0.9424 163.945
153 9.15 0.958047 167.097
154 9.21 0.958506 170.292
155 9.27 0.975457 173.586
156 9.33 0.982714 176.947
157 9.39 0.991265 180.382
158 9.45 1.00602 183.912
159 9.51 1.0107 187.504
160 9.57 1.01929 191.172
161 9.63 1.0231 194.9
162 9.69 1.03481 198.718
163 9.75 1.03806 202.596
164 9.81 1.04524 206.548
165 9.87 1.05023 210.568
166 9.93 1.05223 214.645
167 9.99 1.04886 218.759
168 10.05 1.05145 222.932
169 10.11 1.05275 227.16
170 10.17 1.04518 231.408
171 10.23 1.02562 235.625
172 10.29 1.02994 239.91
173 10.35 1.0359 244.271
174 10.41 1.02836 248.65
175 10.47 1.01414 253.018
176 10.53 1.00078 257.379
177 10.59 1.01176 261.837
178 10.65 1.00609 266.321
179 10.71 0.975902 270.72
180 10.77 0.995073 275.255
181 10.83 0.980129 279.772
182 10.89 0.985882 284.367
183 10.95 0.967042 288.923
184 11.01 0.969715 293.542
185 11.07 0.975762 298.24
186 11.13 0.971967 302.972
187 11.19 0.97275 307.758
188 11.25 0.969199 312.578
189 11.31 0.966105 317.434
190 11.37 0.975897 322.391
191 11.43 0.974288 327.393
192 11.49 0.98916 332.524
193 11.55 0.979024 337.656
194 11.61 0.981657 342.856
195 11.67 0.994984 348.18
196 11.73 0.992488 353.546
197 11.79 0.997755 358.996
198 11.85 0.998732 364.507
199 11.91 0.996983 370.064
200 11.97 1.02168 375.816
58000 200
1 0.03 0 0
2 0.09 0 0
3 0.15 0 0
4 0.21 0 0
5 0.27 0 0
6 0.33 0 0
7 0.39 0 0
8 0.45 0 0
9 0.51 0 0
10 0.57 0 0
11 0.63 0 0
12 0.69 0 0
13 0.75 0 0
14 0.81 0 0
15 0.87 0 0
16 0.93 0 0
17 0.99 0 0
18 1.05 0 0
19 1.11 0 0
20 1.17 0 0
21 1.23 0 0
22 1.29 0 0
23 1.35 0 0
24 1.41 0 0
25 1.47 0 0
26 1.53 0 0
27 1.59 0 0
28 1.65 0 0
29 1.71 0 0
30 1.77 0 0
31 1.83 0 0
32 1.89 0 0
33 1.95 0 0
34 2.01 0 0
35 2.07 0 0
36 2.13 0 0
37 2.19 0 0
38 2.25 0 0
39 2.31 0.00572275 0.0012
40 2.37 0.0416812 0.0104
41 2.43 0.243923 0.067
42 2.49 0.726483 0.244
43 2.55 1.43001 0.6094
44 2.61 2.0494 1.158
45 2.67 2.59874 1.886
46 2.73 2.91804 2.7406
47 2.79 2.96455 3.6474
48 2.85 2.7176 4.5148
49 2.91 2.47026 5.3368
50 2.97 2.19259 6.0968
51 3.03 1.94419 6.7982
52 3.09 1.65726 7.42
53 3.15 1.48496 7.999
54 3.21 1.28722 8.5202
55 3.27 1.17235 9.0128
56 3.33 0.986825 9.4428
57 3.39 0.92563 9.8608
58 3.45 0.830855 10.2494
59 3.51 0.744444 10.6098
60 3.57 0.705654 10.9632
61 3.63 0.65046 11.3
62 3.69 0.642562 11.6438
63 3.75 0.58742 11.9684
64 3.81 0.597114 12.309
65 3.87 0.56481 12.6414
66 3.93 0.55857 12.9804
67 3.99 0.588255 13.3484
68 4.05 0.56599 13.7132
69 4.11 0.610751 14.1186
70 4.17 0.602669 14.5304
71 4.23 0.629215 14.9728
72 4.29 0.670367 15.4576
73 4.35 0.73942 16.0074
74 4.41 0.747701 16.5788
75 4.47 0.79756 17.205
76 4.53 0.867351 17.9044
77 4.59 0.92817 18.6728
78 4.65 0.980639 19.506
79 4.71 1.02396 20.3986
80 4.77 1.07956 21.3638
81 4.83 1.12643 22.3964
82 4.89 1.156 23.4826
83 4.95 1.17032 24.6094
84 5.01 1.20612 25.799
85 5.07 1.21121 27.0224
86 5.13 1.28555 28.3518
87 5.19 1.26261 29.6882
88 5.25 1.29208 31.0876
89 5.31 1.2968 32.5244
90 5.37 1.27452 33.9686
91 5.43 1.26636 35.4358
92 5.49 1.24998 36.9162
93 5.55 1.22095 38.394
94 5.61 1.16618 39.8362
95 5.67 1.11282 41.242
96 5.73 1.08406 42.6406
97 5.79 1.04895 44.0224
98 5.85 1.02398 45.3994
99 5.91 0.97575 46.7386
100 5.97 0.959806 48.0828
101 6.03 0.889848 49.3542
102 6.09 0.886536 50.6462
103 6.15 0.853443 51.9146
104 6.21 0.848909 53.201
105 6.27 0.831575 54.4856
106 6.33 0.831509 55.7948
107 6.39 0.82594 57.12
108 6.45 0.831321 58.479
109 6.51 0.813426 59.8336
110 6.57 0.851108 61.2772
111 6.63 0.848163 62.7422
112 6.69 0.876801 64.2842
113 6.75 0.876028 65.8526
114 6.81 0.898304 67.4896
115 6.87 0.922583 69.2006
116 6.93 0.959774 71.0118
117 6.99 0.974619 72.883
118 7.05 0.995171 74.8266
119 7.11 1.01832 76.8494
120 7.17 1.04511 78.9606
121 7.23 1.04818 81.1136
122 7.29 1.07228 83.3528
123 7.35 1.08603 85.6582
124 7.41 1.09855 88.0284
125 7.47 1.11098 90.4644
126 7.53 1.11228 92.9426
127 7.59 1.11341 95.463
128 7.65 1.10897 98.0132
129 7.71 1.10009 100.583
130 7.77 1.10137 103.196
131 7.83 1.09186 105.826
132 7.89 1.09306 108.5
133 7.95 1.06704 111.15
134 8.01 1.0623 113.828
135 8.07 1.04484 116.502
136 8.13 1.0361 119.193
137 8.19 1.03039 121.909
138 8.25 1.00207 124.589
139 8.31 1.00519 127.316
140 8.37 0.975647 130.002
141 8.43 0.95307 132.663
142 8.49 0.951298 135.358
143 8.55 0.956375 138.105
144 8.61 0.942611 140.851
145 8.67 0.921417 143.572
146 8.73 0.931234 146.361
147 8.79 0.926404 149.174
148 8.85 0.932016 152.042
149 8.91 0.926622 154.933
150 8.97 0.937799 157.898
151 9.03 0.934367 160.892
152 9.09 0.937781 163.936
153 9.15 0.957743 167.087
154 9.21 0.951725 170.259
155 9.27 0.984697 173.584
156 9.33 0.983708 176.949
157 9.39 0.996923 180.403
158 9.45 0.987267 183.868
159 9.51 0.998373 187.416
160 9.57 1.02346 191.099
161 9.63 1.02266 194.825
162 9.69 1.0321 198.633
163 9.75 1.02677 202.469
164 9.81 1.04704 206.428
165 9.87 1.05718 210.475
166 9.93 1.05151 214.549
167 9.99 1.04183 218.635
168 10.05 1.04243 222.772
169 10.11 1.05145 226.995
170 10.17 1.04848 231.256
171 10.23 1.04249 235.543
172 10.29 1.03849 239.864
173 10.35 1.03138 244.205
174 10.41 1.01337 248.521
175 10.47 1.03327 252.971
176 10.53 1.0325 257.47
177 10.59 1.01117 261.926
178 10.65 1.00322 266.397
179 10.71 0.979674 270.813
180 10.77 0.99165 275.333
181 10.83 0.987983 279.886
182 10.89 0.985238 284.477
183 10.95 0.986186 289.124
184 11.01 0.966776 293.729
185 11.07 0.968203 298.391
186 11.13 0.971844 303.121
187 11.19 0.962101 307.855
188 11.25 0.965941 312.659
189 11.31 0.964672 317.508
190 11.37 0.964912 322.409
191 11.43 0.962951 327.353
192 11.49 0.970732 332.389
193 11.55 0.981275 337.532
194 11.61 0.99408 342.798
195 11.67 0.988967 348.09
196 11.73 0.988937 353.437
197 11.79 0.995594 358.875
198 11.85 0.98909 364.332
199 11.91 1.01553 369.993
200 11.97 1.0116 375.688
59000 200
1 0.03 0 0
2 0.09 0 0
3 0.15 0 0
4 0.21 0 0
5 0.27 0 0
6 0.33 0 0
7 0.39 0 0
8 0.45 0 0
9 0.51 0 0
10 0.57 0 0
11 0.63 0 0
12 0.69 0 0
13 0.75 0 0
14 0.81 0 0
15 0.87 0 0
16 0.93 0 0
17 0.99 0 0
18 1.05 0 0
19 1.11 0 0
20 1.17 0 0
21 1.23 0 0
22 1.29 0 0
23 1.35 0 0
24 1.41 0 0
25 1.47 0 0
26 1.53 0 0
27 1.59 0 0
28 1.65 0 0
29 1.71 0 0
30 1.77 0 0
31 1.83 0 0
32 1.89 0 0
33 1.95 0 0
34 2.01 0 0
35 2.07 0 0
36 2.13 0 0
37 2.19 0 0
38 2.25 0 0
39 2.31 0.00763033 0.0016
40 2.37 0.0543667 0.0136
41 2.43 0.267195 0.0756
42 2.49 0.709244 0.2484
43 2.55 1.42923 0.6136
44 2.61 2.05164 1.1628
45 2.67 2.62658 1.8986
46 2.73 2.86546 2.7378
47 2.79 2.82724 3.6026
48 2.85 2.74016 4.4772
49 2.91 2.50692 5.3114
50 2.97 2.18855 6.07
51 3.03 1.94474 6.7716
52 3.09 1.68712 7.4046
53 3.15 1.48394 7.9832
54 3.21 1.31933 8.5174
55 3.27 1.17616 9.0116
56 3.33 1.02997 9.4604
57 3.39 0.923858 9.8776
58 3.45 0.814178 10.2584
59 3.51 0.758903 10.6258
60 3.57 0.692475 10.9726
61 3.63 0.661275 11.315
62 3.69 0.636208 11.6554
63 3.75 0.589953 11.9814
64 3.81 0.575726 12.3098
65 3.87 0.582821 12.6528
66 3.93 0.577354 13.0032
67 3.99 0.558523 13.3526
68 4.05 0.577471 13.7248
69 4.11 0.598699 14.1222
70 4.17 0.604132 14.535
71 4.23 0.636895 14.9828
72 4.29 0.675345 15.4712
73 4.35 0.712253 16.0008
74 4.41 0.769161 16.5886
75 4.47 0.812334 17.2264
76 4.53 0.856189 17.9168
77 4.59 0.907152 18.6678
78 4.65 0.971459 19.4932
79 4.71 1.02579 20.3874
80 4.77 1.08963 21.3616
81 4.83 1.09021 22.361
82 4.89 1.1577 23.4488
83 4.95 1.18652 24.5912
84 5.01 1.22823 25.8026
85 5.07 1.2518 27.067
86 5.13 1.28052 28.3912
87 5.19 1.26677 29.732
88 5.25 1.29227 31.1316
89 5.31 1.27586 32.5452
90 5.37 1.2837 33.9998
91 5.43 1.28224 35.4854
92 5.49 1.2162 36.9258
93 5.55 1.20343 38.3824
94 5.61 1.16958 39.8288
95 5.67 1.10791 41.2284
96 5.73 1.07972 42.6214
97 5.79 1.03134 43.98
98 5.85 1.01728 45.348
99 5.91 0.989885 46.7066
100 5.97 0.958235 48.0486
101 6.03 0.922883 49.3672
102 6.09 0.897789 50.6756
103 6.15 0.873763 51.9742
104 6.21 0.840198 53.2474
105 6.27 0.826008 54.5234
106 6.33 0.817028 55.8098
107 6.39 0.830801 57.1428
108 6.45 0.834257 58.5066
109 6.51 0.819671 59.8716
110 6.57 0.836369 61.2902
111 6.63 0.843184 62.7466
112 6.69 0.865656 64.269
113 6.75 0.874688 65.835
114 6.81 0.893146 67.4626
115 6.87 0.91773 69.1646
116 6.93 0.943665 70.9454
117 6.99 0.987224 72.8408
118 7.05 1.00582 74.8052
119 7.11 1.01298 76.8174
120 7.17 1.04818 78.9348
121 7.23 1.07447 81.1418
122 7.29 1.08751 83.4128
123 7.35 1.07482 85.6944
124 7.41 1.12116 88.1134
125 7.47 1.11052 90.5484
126 7.53 1.12494 93.0548
127 7.59 1.10625 95.559
128 7.65 1.11141 98.1148
129 7.71 1.10882 100.705
130 7.77 1.08502 103.279
131 7.83 1.08763 105.899
132 7.89 1.07328 108.524
133 7.95 1.05842 111.153
134 8.01 1.05484 113.812
135 8.07 1.03265 116.455
136 8.13 1.0227 119.111
137 8.19 1.01157 121.777
138 8.25 0.999898 124.452
139 8.31 0.996346 127.155
140 8.37 0.978844 129.85
141 8.43 0.963885 132.541
142 8.49 0.962596 135.268
143 8.55 0.954425 138.009
144 8.61 0.953047 140.786
145 8.67 0.940241 143.563
146 8.73 0.939983 146.378
147 8.79 0.942016 149.238
148 8.85 0.924023 152.082
149 8.91 0.927905 154.976
150 8.97 0.944062 157.961
151 9.03 0.9476 160.997
152 9.09 0.933407 164.028
153 9.15 0.949657 167.152
154 9.21 0.957546 170.344
155 9.27 0.966928 173.609
156 9.33 0.971897 176.933
157 9.39 1.00281 180.407
158 9.45 0.997811 183.909
159 9.51 1.01402 187.512
160 9.57 1.01696 191.172
161 9.63 1.02452 194.906
162 9.69 1.0199 198.669
163 9.75 1.03897 202.55
164 9.81 1.04016 206.483
165 9.87 1.0473 210.492
166 9.93 1.05456 214.578
167 9.99 1.04606 218.68
168 10.05 1.05895 222.883
169 10.11 1.04453 227.078
170 10.17 1.0473 231.335
171 10.23 1.03262 235.581
172 10.29 1.03268 239.878
173 10.35 1.02991 244.213
174 10.41 1.01817 248.548
175 10.47 1.02018 252.943
176 10.53 1.00785 257.334
177 10.59 1.00459 261.761
178 10.65 1.00232 266.228
179 10.71 1.00408 270.754
180 10.77 0.981031 275.225
181 10.83 0.992453 279.799
182 10.89 0.986053 284.394
183 10.95 0.973027 288.979
184 11.01 0.984159 293.666
185 11.07 0.964423 298.31
186 11.13 0.971228 303.038
187 11.19 0.970596 307.814
188 11.25 0.968233 312.629
189 11.31 0.965826 317.483
190 11.37 0.973692 322.43
191 11.43 0.968795 327.403
192 11.49 0.978442 332.479
193 11.55 0.984099 337.637
194 11.61 0.996119 342.913
195 11.67 0.977568 348.145
196 11.73 1.00059 353.555
197 11.79 0.996473 358.997
198 11.85 1.0087 364.563
199 11.91 0.998777 370.13
200 11.97 1.01533 375.847
60000 200
1 0.03 0 0
2 0.09 0 0
3 0.15 0 0
4 0.21 0 0
5 0.27 0 0
6 0.33 0 0
7 0.39 0 0
8 0.45 0 0
9 0.51 0 0
10 0.57 0 0
11 0.63 0 0
12 0.69 0 0
13 0.75 0 0
14 0.81 0 0
15 0.87 0 0
16 0.93 0 0
17 0.99 0 0
18 1.05 0 0
19 1.11 0 0
20 1.17 0 0
21 1.23 0 0
22 1.29 0 0
23 1.35 0 0
24 1.41 0 0
25 1.47 0 0
26 1.53 0 0
27 1.59 0 0
28 1.65 0 0
29 1.71 0 0
30 1.77 0 0
31 1.83 0 0
32 1.89 0 0
33 1.95 0 0
34 2.01 0 0
35 2.07 0 0
36 2.13 0 0
37 2.19 0 0
38 2.25 0 0
39 2.31 0.00190758 0.0004
40 2.37 0.064334 0.0146
41 2.43 0.267195 0.0766
42 2.49 0.708423 0.2492
43 2.55 1.44175 0.6176
44 2.61 2.05538 1.1678
45 2.67 2.62016 1.9018
46 2.73 2.86819 2.7418
47 2.79 2.89785 3.6282
48 2.85 2.67311 4.4814
49 2.91 2.47927 5.3064
50 2.97 2.20759 6.0716
51 3.03 1.91314 6.7618
52 3.09 1.76974 7.4258
53 3.15 1.46804 7.9982
54 3.21 1.2892 8.5202
55 3.27 1.14998 9.0034
56 3.33 0.982694 9.4316
57 3.39 0.906143 9.8408
58 3.45 0.854374 10.2404
59 3.51 0.773362 10.6148
60 3.57 0.700462 10.9656
61 3.63 0.670159 11.3126
62 3.69 0.62761 11.6484
63 3.75 0.610583 11.9858
64 3.81 0.593959 12.3246
65 3.87 0.58418 12.6684
66 3.93 0.55857 13.0074
67 3.99 0.557883 13.3564
68 4.05 0.589883 13.7366
69 4.11 0.613764 14.144
70 4.17 0.593302 14.5494
71 4.23 0.667616 15.0188
72 4.29 0.677558 15.5088
73 4.35 0.71306 16.039
74 4.41 0.75817 16.6184
75 4.47 0.807749 17.2526
76 4.53 0.870079 17.9542
77 4.59 0.92358 18.7188
78 4.65 0.9571 19.532
79 4.71 0.987705 20.393
80 4.77 1.05764 21.3386
81 4.83 1.08694 22.335
82 4.89 1.1394 23.4056
83 4.95 1.21311 24.5736
84 5.01 1.19436 25.7516
85 5.07 1.25101 27.0152
86 5.13 1.25499 28.313
87 5.19 1.29057 29.679
88 5.25 1.25293 31.036
89 5.31 1.30583 32.4828
90 5.37 1.26905 33.9208
91 5.43 1.27793 35.4014
92 5.49 1.25724 36.8904
93 5.55 1.20244 38.3458
94 5.61 1.17637 39.8006
95 5.67 1.14306 41.2446
96 5.73 1.09615 42.6588
97 5.79 1.07021 44.0686
98 5.85 1.0158 45.4346
99 5.91 0.973273 46.7704
100 5.97 0.958092 48.1122
101 6.03 0.917004 49.4224
102 6.09 0.900122 50.7342
103 6.15 0.846176 51.9918
104 6.21 0.836503 53.2594
105 6.27 0.830668 54.5426
106 6.33 0.824142 55.8402
107 6.39 0.819084 57.1544
108 6.45 0.829608 58.5106
109 6.51 0.816188 59.8698
110 6.57 0.827879 61.274
111 6.63 0.849668 62.7416
112 6.69 0.862927 64.2592
113 6.75 0.880273 65.8352
114 6.81 0.903353 67.4814
115 6.87 0.936171 69.2176
116 6.93 0.952037 71.0142
117 6.99 0.957535 72.8526
118 7.05 1.01309 74.8312
119 7.11 1.01207 76.8416
120 7.17 1.03659 78.9356
121 7.23 1.06084 81.1146
122 7.29 1.05983 83.3278
123 7.35 1.08725 85.6358
124 7.41 1.09753 88.0038
125 7.47 1.10779 90.4328
126 7.53 1.12216 92.933
127 7.59 1.09707 95.4164
128 7.65 1.11471 97.9798
129 7.71 1.10505 100.561
130 7.77 1.10753 103.188
131 7.83 1.10415 105.848
132 7.89 1.08366 108.499
133 7.95 1.08999 111.206
134 8.01 1.05588 113.868
135 8.07 1.03672 116.521
136 8.13 1.04041 119.223
137 8.19 1.02348 121.921
138 8.25 1.00932 124.62
139 8.31 0.990597 127.308
140 8.37 0.993955 130.045
141 8.43 0.959588 132.724
142 8.49 0.967115 135.463
143 8.55 0.949621 138.191
144 8.61 0.928056 140.895
145 8.67 0.931641 143.646
146 8.73 0.935909 146.449
147 8.79 0.926865 149.263
148 8.85 0.918109 152.089
149 8.91 0.909632 154.926
150 8.97 0.926729 157.856
151 9.03 0.932182 160.843
152 9.09 0.933838 163.875
153 9.15 0.947894 166.994
154 9.21 0.966426 170.215
155 9.27 0.971725 173.496
156 9.33 0.98365 176.861
157 9.39 0.99369 180.303
158 9.45 0.998951 183.809
159 9.51 1.0143 187.413
160 9.57 1.01824 191.078
161 9.63 1.01465 194.775
162 9.69 1.04424 198.628
163 9.75 1.04138 202.518
164 9.81 1.05455 206.506
165 9.87 1.0437 210.501
166 9.93 1.04661 214.556
167 9.99 1.05442 218.691
168 10.05 1.05669 222.885
169 10.11 1.04338 227.076
170 10.17 1.03677 231.289
171 10.23 1.05023 235.608
172 10.29 1.03777 239.926
173 10.35 1.03267 244.273
174 10.41 1.02051 248.618
175 10.47 1.03337 253.069
176 10.53 1.01933 257.511
177 10.59 1.00622 261.945
178 10.65 1.013 266.46
179 10.71 0.98633 270.905
180 10.77 0.994107 275.436
181 10.83 0.978957 279.948
182 10.89 0.97438 284.489
183 10.95 0.982366 289.117
184 11.01 0.967196 293.724
185 11.07 0.963343 298.363
186 11.13 0.968763 303.078
187 11.19 0.957223 307.788
188 11.25 0.958662 312.556
189 11.31 0.96702 317.416
190 11.37 0.980936 322.399
191 11.43 0.968366 327.371
192 11.49 0.972659 332.416
193 11.55 0.975285 337.529
194 11.61 0.992607 342.786
195 11.67 0.984931 348.057
196 11.73 0.996225 353.443
197 11.79 0.990761 358.855
198 11.85 1.00054 364.376
199 11.91 1.00086 369.954
200 11.97 1.00978 375.639
61000 200
1 0.03 0 0
2 0.09 0 0
3 0.15 0 0
4 0.21 0 0
5 0.27 0 0
6 0.33 0 0
7 0.39 0 0
8 0.45 0 0
9 0.51 0 0
10 0.57 0 0
11 0.63 0 0
12 0.69 0 0
13 0.75 0 0
14 0.81 0 0
15 0.87 0 0
16 0.93 0 0
17 0.99 0 0
18 1.05 0 0
19 1.11 0 0
20 1.17 0 0
21 1.23 0 0
22 1.29 0 0
23 1.35 0 0
24 1.41 0 0
25 1.47 0 0
26 1.53 0 0
27 1.59 0 0
28 1.65 0 0
29 1.71 0 0
30 1.77 0 0
31 1.83 0 0
32 1.89 0 0
33 1.95 0 0
34 2.01 0 0
35 2.07 0 0
36 2.13 0 0
37 2.19 0 0
38 2.25 0 0
39 2.31 0.00286137 0.0006
40 2.37 0.0607095 0.014
41 2.43 0.236166 0.0688
42 2.49 0.686259 0.236
43 2.55 1.47932 0.614
44 2.61 2.11739 1.1808
45 2.67 2.58731 1.9056
46 2.73 2.84156 2.7378
47 2.79 2.87301 3.6166
48 2.85 2.7483 4.4938
49 2.91 2.43119 5.3028
50 2.97 2.26876 6.0892
51 3.03 1.95361 6.794
52 3.09 1.71697 7.4382
53 3.15 1.43675 7.9984
54 3.21 1.31093 8.5292
55 3.27 1.18187 9.0258
56 3.33 1.00197 9.4624
57 3.39 0.905257 9.8712
58 3.45 0.802633 10.2466
59 3.51 0.784103 10.6262
60 3.57 0.682092 10.9678
61 3.63 0.666683 11.313
62 3.69 0.624246 11.647
63 3.75 0.597916 11.9774
64 3.81 0.582388 12.3096
65 3.87 0.576024 12.6486
66 3.93 0.563184 12.9904
67 3.99 0.562998 13.3426
68 4.05 0.578402 13.7154
69 4.11 0.587852 14.1056
70 4.17 0.60179 14.5168
71 4.23 0.659936 14.9808
72 4.29 0.683918 15.4754
73 4.35 0.726778 16.0158
74 4.41 0.73828 16.58
75 4.47 0.78355 17.1952
76 4.53 0.880992 17.9056
77 4.59 0.916816 18.6646
78 4.65 0.977108 19.4948
79 4.71 1.01225 20.3772
80 4.77 1.0724 21.336
81 4.83 1.10439 22.3484
82 4.89 1.18005 23.4572
83 4.95 1.19877 24.6114
84 5.01 1.23086 25.8254
85 5.07 1.23358 27.0714
86 5.13 1.26466 28.3792
87 5.19 1.28604 29.7404
88 5.25 1.31461 31.1642
89 5.31 1.28381 32.5866
90 5.37 1.28405 34.0416
91 5.43 1.25704 35.498
92 5.49 1.22988 36.9546
93 5.55 1.17931 38.382
94 5.61 1.15891 39.8152
95 5.67 1.13008 41.2428
96 5.73 1.10576 42.6694
97 5.79 1.03848 44.0374
98 5.85 1.00092 45.3834
99 5.91 0.951997 46.69
100 5.97 0.954665 48.027
101 6.03 0.918404 49.3392
102 6.09 0.88681 50.6316
103 6.15 0.872013 51.9276
104 6.21 0.842046 53.2036
105 6.27 0.839084 54.4998
106 6.33 0.818553 55.7886
107 6.39 0.822823 57.1088
108 6.45 0.827895 58.4622
109 6.51 0.827597 59.8404
110 6.57 0.826818 61.2428
111 6.63 0.841216 62.6958
112 6.69 0.87464 64.234
113 6.75 0.865528 65.7836
114 6.81 0.909169 67.4404
115 6.87 0.925603 69.157
116 6.93 0.963165 70.9746
117 6.99 0.978578 72.8534
118 7.05 0.995888 74.7984
119 7.11 1.01449 76.8136
120 7.17 1.04362 78.9218
121 7.23 1.077 81.134
122 7.29 1.08339 83.3964
123 7.35 1.08603 85.7018
124 7.41 1.11032 88.0974
125 7.47 1.11992 90.553
126 7.53 1.10582 93.0168
127 7.59 1.11783 95.5472
128 7.65 1.10332 98.0844
129 7.71 1.12046 100.702
130 7.77 1.09513 103.3
131 7.83 1.10896 105.971
132 7.89 1.07573 108.603
133 7.95 1.06068 111.237
134 8.01 1.06103 113.912
135 8.07 1.02366 116.531
136 8.13 1.02794 119.201
137 8.19 1.0105 121.865
138 8.25 0.995038 124.526
139 8.31 0.988018 127.207
140 8.37 0.968309 129.872
141 8.43 0.965103 132.567
142 8.49 0.959701 135.286
143 8.55 0.955191 138.029
144 8.61 0.930802 140.741
145 8.67 0.927782 143.481
146 8.73 0.932036 146.272
147 8.79 0.926865 149.086
148 8.85 0.935265 151.965
149 8.91 0.935406 154.883
150 8.97 0.939128 157.852
151 9.03 0.939423 160.862
152 9.09 0.949176 163.944
153 9.15 0.951299 167.073
154 9.21 0.966186 170.294
155 9.27 0.971251 173.573
156 9.33 0.975815 176.911
157 9.39 0.986821 180.33
158 9.45 1.00214 183.847
159 9.51 1.02055 187.474
160 9.57 1.02385 191.158
161 9.63 1.02677 194.9
162 9.69 1.0296 198.699
163 9.75 1.04417 202.599
164 9.81 1.03995 206.532
165 9.87 1.04474 210.531
166 9.93 1.05693 214.626
167 9.99 1.0585 218.777
168 10.05 1.0579 222.976
169 10.11 1.04194 227.16
170 10.17 1.03647 231.373
171 10.23 1.03899 235.645
172 10.29 1.03686 239.959
173 10.35 1.03048 244.297
174 10.41 1.02498 248.662
175 10.47 1.0258 253.08
176 10.53 0.990777 257.397
177 10.59 1.01053 261.85
178 10.65 1.00115 266.312
179 10.71 0.998089 270.811
180 10.77 0.984585 275.298
181 10.83 0.969974 279.769
182 10.89 0.978242 284.327
183 10.95 0.976296 288.927
184 11.01 0.981429 293.602
185 11.07 0.973229 298.288
186 11.13 0.95886 302.956
187 11.19 0.967873 307.718
188 11.25 0.980499 312.594
189 11.31 0.966901 317.454
190 11.37 0.972078 322.392
191 11.43 0.969535 327.369
192 11.49 0.975628 332.431
193 11.55 0.980856 337.572
194 11.61 0.976144 342.742
195 11.67 0.985753 348.018
196 11.73 0.997149 353.409
197 11.79 0.997279 358.856
198 11.85 1.01305 364.446
199 11.91 1.01162 370.084
200 11.97 1.01206 375.782
62000 200
1 0.03 0 0
2 0.09 0 0
3 0.15 0 0
4 0.21 0 0
5 0.27 0 0
6 0.33 0 0
7 0.39 0 0
8 0.45 0 0
9 0.51 0 0
10 0.57 0 0
11 0.63 0 0
12 0.69 0 0
13 0.75 0 0
14 0.81 0 0
15 0.87 0 0
16 0.93 0 0
17 0.99 0 0
18 1.05 0 0
19 1.11 0 0
20 1.17 0 0
21 1.23 0 0
22 1.29 0 0
23 1.35 0 0
24 1.41 0 0
25 1.47 0 0
26 1.53 0 0
27 1.59 0 0
28 1.65 0 0
29 1.71 0 0
30 1.77 0 0
31 1.83 0 0
32 1.89 0 0
33 1.95 0 0
34 2.01 0 0
35 2.07 0 0
36 2.13 0 0
37 2.19 0 0
38 2.25 0 0
39 2.31 0.00667654 0.0014
40 2.37 0.0434934 0.011
41 2.43 0.266333 0.0728
42 2.49 0.704319 0.2444
43 2.55 1.51689 0.632
44 2.61 2.11814 1.199
45 2.67 2.64586 1.9402
46 2.73 2.86751 2.78
47 2.79 2.84358 3.6498
48 2.85 2.73389 4.5224
49 2.91 2.44441 5.3358
50 2.97 2.18221 6.0922
51 3.03 1.93698 6.791
52 3.09 1.65193 7.4108
53 3.15 1.49676 7.9944
54 3.21 1.28574 8.515
55 3.27 1.12428 8.9874
56 3.33 1.01069 9.4278
57 3.39 0.917658 9.8422
58 3.45 0.829145 10.23
59 3.51 0.782037 10.6086
60 3.57 0.701261 10.9598
61 3.63 0.647756 11.2952
62 3.69 0.616396 11.625
63 3.75 0.604793 11.9592
64 3.81 0.58905 12.2952
65 3.87 0.573985 12.633
66 3.93 0.543082 12.9626
67 3.99 0.57227 13.3206
68 4.05 0.587401 13.6992
69 4.11 0.589659 14.0906
70 4.17 0.614377 14.5104
71 4.23 0.658798 14.9736
72 4.29 0.672856 15.4602
73 4.35 0.711984 15.9896
74 4.41 0.782247 16.5874
75 4.47 0.812334 17.2252
76 4.53 0.855693 17.9152
77 4.59 0.914158 18.672
78 4.65 0.999706 19.5214
79 4.71 1.04392 20.4314
80 4.77 1.08806 21.4042
81 4.83 1.12774 22.438
82 4.89 1.16835 23.5358
83 4.95 1.19711 24.6884
84 5.01 1.20957 25.8814
85 5.07 1.25695 27.151
86 5.13 1.2548 28.4486
87 5.19 1.25675 29.7788
88 5.25 1.28507 31.1706
89 5.31 1.28814 32.5978
90 5.37 1.2521 34.0166
91 5.43 1.24288 35.4566
92 5.49 1.22026 36.9018
93 5.55 1.22458 38.384
94 5.61 1.14015 39.794
95 5.67 1.11076 41.1972
96 5.73 1.07987 42.5904
97 5.79 1.06034 43.9872
98 5.85 1.01029 45.3458
99 5.91 0.962926 46.6674
100 5.97 0.930816 47.971
101 6.03 0.922043 49.2884
102 6.09 0.885026 50.5782
103 6.15 0.860844 51.8576
104 6.21 0.843366 53.1356
105 6.27 0.833128 54.4226
106 6.33 0.81868 55.7116
107 6.39 0.831424 57.0456
108 6.45 0.818842 58.3842
109 6.51 0.823394 59.7554
110 6.57 0.844151 61.1872
111 6.63 0.862753 62.6774
112 6.69 0.871001 64.2092
113 6.75 0.896695 65.8146
114 6.81 0.924864 67.5
115 6.87 0.957092 69.275
116 6.93 0.969312 71.1042
117 6.99 0.965244 72.9574
118 7.05 1.0091 74.9282
119 7.11 1.03986 76.9938
120 7.17 1.04907 79.113
121 7.23 1.05208 81.274
122 7.29 1.07812 83.5254
123 7.35 1.09799 85.8562
124 7.41 1.10058 88.2308
125 7.47 1.10167 90.6464
126 7.53 1.10744 93.1138
127 7.59 1.10299 95.6106
128 7.65 1.09506 98.1288
129 7.71 1.10086 100.7
130 7.77 1.10635 103.325
131 7.83 1.07841 105.923
132 7.89 1.05709 108.509
133 7.95 1.06173 111.145
134 8.01 1.03636 113.758
135 8.07 1.03343 116.403
136 8.13 1.013 119.034
137 8.19 1.01028 121.697
138 8.25 1.0008 124.373
139 8.31 0.981237 127.036
140 8.37 0.98531 129.748
141 8.43 0.965031 132.443
142 8.49 0.963232 135.171
143 8.55 0.948437 137.896
144 8.61 0.939247 140.632
145 8.67 0.943965 143.42
146 8.73 0.94399 146.247
147 8.79 0.933979 149.082
148 8.85 0.942868 151.984
149 8.91 0.940919 154.919
150 8.97 0.930082 157.86
151 9.03 0.949285 160.902
152 9.09 0.955952 164.005
153 9.15 0.960843 167.166
154 9.21 0.977167 170.423
155 9.27 0.983453 173.744
156 9.33 0.983065 177.107
157 9.39 0.987686 180.529
158 9.45 1.0095 184.071
159 9.51 1.01244 187.669
160 9.57 1.01924 191.337
161 9.63 1.02782 195.083
162 9.69 1.02884 198.879
163 9.75 1.04181 202.77
164 9.81 1.03292 206.676
165 9.87 1.04913 210.692
166 9.93 1.03117 214.688
167 9.99 1.04285 218.777
168 10.05 1.04832 222.938
169 10.11 1.04408 227.131
170 10.17 1.02678 231.304
171 10.23 1.03743 235.57
172 10.29 1.02359 239.829
173 10.35 1.02003 244.123
174 10.41 1.02676 248.495
175 10.47 0.997382 252.791
176 10.53 1.00951 257.19
177 10.59 1.00023 261.597
178 10.65 0.996667 266.039
179 10.71 0.992498 270.513
180 10.77 0.988052 275.016
181 10.83 0.985119 279.556
182 10.89 0.974251 284.096
183 10.95 0.983088 288.728
184 11.01 0.984747 293.419
185 11.07 0.98681 298.171
186 11.13 0.968598 302.885
187 11.19 0.969499 307.656
188 11.25 0.984682 312.553
189 11.31 0.984647 317.502
190 11.37 0.977471 322.467
191 11.43 0.989287 327.546
192 11.49 0.988775 332.675
193 11.55 0.989326 337.861
194 11.61 0.986679 343.087
195 11.67 0.982912 348.347
196 11.73 1.00222 353.766
197 11.79 0.991713 359.183
198 11.85 0.999783 364.699
199 11.91 1.00653 370.309
200 11.97 1.00875 375.989
63000 200
1 0.03 0 0
2 0.09 0 0
3 0.15 0 0
4 0.21 0 0
5 0.27 0 0
6 0.33 0 0
7 0.39 0 0
8 0.45 0 0
9 0.51 0 0
10 0.57 0 0
11 0.63 0 0
12 0.69 0 0
13 0.75 0 0
14 0.81 0 0
15 0.87 0 0
16 0.93 0 0
17 0.99 0 0
18 1.05 0 0
19 1.11 0 0
20 1.17 0 0
21 1.23 0 0
22 1.29 0 0
23 1.35 0 0
24 1.41 0 0
25 1.47 0 0
26 1.53 0 0
27 1.59 0 0
28 1.65 0 0
29 1.71 0 0
30 1.77 0 0
31 1.83 0 0
32 1.89 0 0
33 1.95 0 0
34 2.01 0 0
35 2.07 0 0
36 2.13 0 0
37 2.19 0 0
38 2.25 0 0
39 2.31 0.00858412 0.0018
40 2.37 0.0507423 0.013
41 2.43 0.262886 0.074
42 2.49 0.738796 0.254
43 2.55 1.46445 0.6282
44 2.61 2.06883 1.182
45 2.67 2.58374 1.9058
46 2.73 2.77054 2.7172
47 2.79 2.88347 3.5992
48 2.85 2.7176 4.4666
49 2.91 2.47867 5.2914
50 2.97 2.23067 6.0646
51 3.03 1.97357 6.7766
52 3.09 1.70471 7.4162
53 3.15 1.53318 8.014
54 3.21 1.31439 8.5462
55 3.27 1.13094 9.0214
56 3.33 0.98912 9.4524
57 3.39 0.933159 9.8738
58 3.45 0.856085 10.2742
59 3.51 0.748575 10.6366
60 3.57 0.707251 10.9908
61 3.63 0.670546 11.338
62 3.69 0.64032 11.6806
63 3.75 0.584162 12.0034
64 3.81 0.565558 12.326
65 3.87 0.556314 12.6534
66 3.93 0.55857 12.9924
67 3.99 0.551489 13.3374
68 4.05 0.571265 13.7056
69 4.11 0.582428 14.0922
70 4.17 0.616133 14.5132
71 4.23 0.642015 14.9646
72 4.29 0.683089 15.4586
73 4.35 0.695576 15.9758
74 4.41 0.767329 16.5622
75 4.47 0.836279 17.2188
76 4.53 0.868839 17.9194
77 4.59 0.900629 18.665
78 4.65 0.970046 19.4892
79 4.71 1.02166 20.3798
80 4.77 1.10193 21.365
81 4.83 1.10505 22.378
82 4.89 1.16154 23.4694
83 4.95 1.19337 24.6184
84 5.01 1.20227 25.8042
85 5.07 1.24962 27.0664
86 5.13 1.24822 28.3572
87 5.19 1.27017 29.7016
88 5.25 1.29282 31.1018
89 5.31 1.30114 32.5434
90 5.37 1.27681 33.9902
91 5.43 1.27465 35.467
92 5.49 1.25015 36.9476
93 5.55 1.1993 38.3992
94 5.61 1.18317 39.8624
95 5.67 1.14132 41.3042
96 5.73 1.07755 42.6944
97 5.79 1.04425 44.07
98 5.85 0.997355 45.4112
99 5.91 0.979976 46.7562
100 5.97 0.928388 48.0564
101 6.03 0.897687 49.339
102 6.09 0.894221 50.6422
103 6.15 0.864881 51.9276
104 6.21 0.852077 53.2188
105 6.27 0.819146 54.4842
106 6.33 0.808391 55.757
107 6.39 0.837781 57.1012
108 6.45 0.834502 58.4654
109 6.51 0.820271 59.8314
110 6.57 0.820451 61.223
111 6.63 0.860089 62.7086
112 6.69 0.856558 64.215
113 6.75 0.892338 65.8126
114 6.81 0.908401 67.468
115 6.87 0.922583 69.179
116 6.93 0.95013 70.972
117 6.99 0.981078 72.8556
118 7.05 1.0007 74.81
119 7.11 1.03473 76.8654
120 7.17 1.04075 78.9678
121 7.23 1.05704 81.139
122 7.29 1.09632 83.4284
123 7.35 1.0978 85.7588
124 7.41 1.09271 88.1164
125 7.47 1.10131 90.5312
126 7.53 1.12431 93.0362
127 7.59 1.10263 95.5322
128 7.65 1.10584 98.0752
129 7.71 1.10557 100.658
130 7.77 1.09893 103.265
131 7.83 1.08713 105.884
132 7.89 1.10361 108.583
133 7.95 1.05859 111.212
134 8.01 1.06048 113.886
135 8.07 1.02914 116.519
136 8.13 1.02925 119.193
137 8.19 1.0143 121.866
138 8.25 1.00573 124.556
139 8.31 0.986838 127.234
140 8.37 0.976882 129.923
141 8.43 0.964601 132.616
142 8.49 0.942189 135.285
143 8.55 0.946975 138.005
144 8.61 0.942955 140.752
145 8.67 0.941189 143.532
146 8.73 0.924623 146.301
147 8.79 0.935824 149.142
148 8.85 0.929806 152.004
149 8.91 0.923352 154.884
150 8.97 0.947162 157.879
151 9.03 0.950971 160.926
152 9.09 0.95164 164.016
153 9.15 0.953426 167.152
154 9.21 0.960666 170.354
155 9.27 0.957865 173.589
156 9.33 0.966518 176.895
157 9.39 0.994209 180.339
158 9.45 1.01172 183.889
159 9.51 1.00687 187.468
160 9.57 1.02418 191.153
161 9.63 1.03847 194.938
162 9.69 1.02776 198.73
163 9.75 1.0484 202.646
164 9.81 1.04556 206.6
165 9.87 1.04041 210.582
166 9.93 1.04919 214.647
167 9.99 1.03137 218.692
168 10.05 1.03572 222.803
169 10.11 1.03128 226.945
170 10.17 1.04258 231.182
171 10.23 1.0406 235.461
172 10.29 1.05162 239.836
173 10.35 1.03081 244.175
174 10.41 1.03089 248.565
175 10.47 1.01113 252.921
176 10.53 1.00308 257.291
177 10.59 1.01221 261.752
178 10.65 1.01448 266.273
179 10.71 1.00204 270.789
180 10.77 0.989983 275.302
181 10.83 0.988374 279.857
182 10.89 0.986998 284.456
183 10.95 0.974513 289.048
184 11.01 0.979666 293.714
185 11.07 0.956033 298.318
186 11.13 0.9679 303.029
187 11.19 0.961938 307.762
188 11.25 0.981384 312.643
189 11.31 0.987114 317.604
190 11.37 0.975975 322.562
191 11.43 0.966106 327.522
192 11.49 0.970655 332.557
193 11.55 0.977193 337.679
194 11.61 0.98396 342.891
195 11.67 0.986725 348.171
196 11.73 0.986385 353.504
197 11.79 0.996729 358.949
198 11.85 1.00736 364.507
199 11.91 1.00079 370.085
200 11.97 1.00922 375.767
64000 200
1 0.03 0 0
2 0.09 0 0
3 0.15 0 0
4 0.21 0 0
5 0.27 0 0
6 0.33 0 0
7 0.39 0 0
8 0.45 0 0
9 0.51 0 0
10 0.57 0 0
11 0.63 0 0
12 0.69 0 0
13 0.75 0 0
14 0.81 0 0
15 0.87 0 0
16 0.93 0 0
17 0.99 0 0
18 1.05 0 0
19 1.11 0 0
20 1.17 0 0
21 1.23 0 0
22 1.29 0 0
23 1.35 0 0
24 1.41 0 0
25 1.47 0 0
26 1.53 0 0
27 1.59 0 0
28 1.65 0 0
29 1.71 0 0
30 1.77 0 0
31 1.83 0 0
32 1.89 0 0
33 1.95 0 0
34 2.01 0 0
35 2.07 0 0
36 2.13 0 0
37 2.19 0 0
38 2.25 0 0
39 2.31 0.000953791 0.0002
40 2.37 0.0498362 0.0112
41 2.43 0.241338 0.0672
42 2.49 0.683797 0.2338
43 2.55 1.40497 0.5928
44 2.61 2.11889 1.16
45 2.67 2.65799 1.9046
46 2.73 2.90302 2.7548
47 2.79 2.86908 3.6324
48 2.85 2.68502 4.4894
49 2.91 2.53817 5.334
50 2.97 2.17413 6.0876
51 3.03 1.92368 6.7816
52 3.09 1.70151 7.42
53 3.15 1.47265 7.9942
54 3.21 1.31538 8.5268
55 3.27 1.14665 9.0086
56 3.33 1.01666 9.4516
57 3.39 0.897728 9.857
58 3.45 0.83 10.2452
59 3.51 0.783277 10.6244
60 3.57 0.707651 10.9788
61 3.63 0.658572 11.3198
62 3.69 0.645553 11.6652
63 3.75 0.609136 12.0018
64 3.81 0.572921 12.3286
65 3.87 0.567189 12.6624
66 3.93 0.567798 13.007
67 3.99 0.568753 13.3628
68 4.05 0.53527 13.7078
69 4.11 0.594782 14.1026
70 4.17 0.601205 14.5134
71 4.23 0.629499 14.956
72 4.29 0.679217 15.4472
73 4.35 0.712791 15.9772
74 4.41 0.770208 16.5658
75 4.47 0.818193 17.2082
76 4.53 0.860406 17.902
77 4.59 0.906186 18.6522
78 4.65 0.963926 19.4712
79 4.71 1.03956 20.3774
80 4.77 1.06927 21.3334
81 4.83 1.11007 22.351
82 4.89 1.16005 23.441
83 4.95 1.20002 24.5964
84 5.01 1.22782 25.8074
85 5.07 1.23101 27.0508
86 5.13 1.2751 28.3694
87 5.19 1.29284 29.7378
88 5.25 1.29264 31.1378
89 5.31 1.30457 32.5832
90 5.37 1.26746 34.0194
91 5.43 1.23166 35.4464
92 5.49 1.26078 36.9396
93 5.55 1.20872 38.4026
94 5.61 1.17993 39.8618
95 5.67 1.1114 41.2658
96 5.73 1.06995 42.6462
97 5.79 1.03028 44.0034
98 5.85 1.03067 45.3894
99 5.91 0.978956 46.733
100 5.97 0.940955 48.0508
101 6.03 0.922743 49.3692
102 6.09 0.893123 50.6708
103 6.15 0.866361 51.9584
104 6.21 0.827924 53.213
105 6.27 0.846464 54.5206
106 6.33 0.820585 55.8126
107 6.39 0.833419 57.1498
108 6.45 0.796086 58.4512
109 6.51 0.81883 59.8148
110 6.57 0.833067 61.2278
111 6.63 0.848395 62.6932
112 6.69 0.865997 64.2162
113 6.75 0.884965 65.8006
114 6.81 0.912242 67.463
115 6.87 0.91676 69.1632
116 6.93 0.94536 70.9472
117 6.99 0.980557 72.8298
118 7.05 0.999472 74.7818
119 7.11 1.02194 76.8118
120 7.17 1.04659 78.926
121 7.23 1.06727 81.1182
122 7.29 1.08157 83.3768
123 7.35 1.07566 85.6602
124 7.41 1.10392 88.042
125 7.47 1.1035 90.4616
126 7.53 1.10663 92.9272
127 7.59 1.11889 95.46
128 7.65 1.1061 98.0036
129 7.71 1.13091 100.645
130 7.77 1.10306 103.262
131 7.83 1.10207 105.917
132 7.89 1.09241 108.589
133 7.95 1.07856 111.268
134 8.01 1.04437 113.901
135 8.07 1.03476 116.549
136 8.13 1.04403 119.26
137 8.19 1.0162 121.939
138 8.25 1.01171 124.645
139 8.31 0.988681 127.327
140 8.37 0.979497 130.024
141 8.43 0.957941 132.699
142 8.49 0.957512 135.411
143 8.55 0.940848 138.113
144 8.61 0.936638 140.842
145 8.67 0.933469 143.599
146 8.73 0.926292 146.373
147 8.79 0.943729 149.238
148 8.85 0.905957 152.026
149 8.91 0.933482 154.938
150 8.97 0.921669 157.852
151 9.03 0.936364 160.853
152 9.09 0.947144 163.928
153 9.15 0.94145 167.025
154 9.21 0.953945 170.205
155 9.27 0.970422 173.481
156 9.33 0.975522 176.818
157 9.39 0.986012 180.234
158 9.45 0.994791 183.725
159 9.51 1.02229 187.358
160 9.57 1.02368 191.042
161 9.63 1.03583 194.817
162 9.69 1.03047 198.619
163 9.75 1.03908 202.5
164 9.81 1.04767 206.462
165 9.87 1.05655 210.506
166 9.93 1.05074 214.578
167 9.99 1.05952 218.733
168 10.05 1.04641 222.886
169 10.11 1.04259 227.073
170 10.17 1.05025 231.341
171 10.23 1.04458 235.637
172 10.29 1.04316 239.977
173 10.35 1.03209 244.322
174 10.41 1.03136 248.713
175 10.47 1.01187 253.072
176 10.53 1.01382 257.489
177 10.59 1.02079 261.988
178 10.65 1.00084 266.448
179 10.71 0.997734 270.945
180 10.77 0.982962 275.425
181 10.83 0.982342 279.953
182 10.89 0.972749 284.486
183 10.95 0.967296 289.043
184 11.01 0.966734 293.648
185 11.07 0.972772 298.332
186 11.13 0.977843 303.092
187 11.19 0.964783 307.839
188 11.25 0.968515 312.656
189 11.31 0.96328 317.497
190 11.37 0.964282 322.396
191 11.43 0.962834 327.339
192 11.49 0.982722 332.437
193 11.55 0.969867 337.521
194 11.61 0.991701 342.773
195 11.67 0.9865 348.052
196 11.73 0.986792 353.388
197 11.79 0.996839 358.832
198 11.85 0.996883 364.333
199 11.91 1.00021 369.908
200 11.97 1.00644 375.574
65000 200
1 0.03 0 0
2 0.09 0 0
3 0.15 0 0
4 0.21 0 0
5 0.27 0 0
6 0.33 0 0
7 0.39 0 0
8 0.45 0 0
9 0.51 0 0
10 0.57 0 0
11 0.63 0 0
12 0.69 0 0
13 0.75 0 0
14 0.81 0 0
15 0.87 0 0
16 0.93 0 0
17 0.99 0 0
18 1.05 0 0
19 1.11 0 0
20 1.17 0 0
21 1.23 0 0
22 1.29 0 0
23 1.35 0 0
24 1.41 0 0
25 1.47 0 0
26 1.53 0 0
27 1.59 0 0
28 1.65 0 0
29 1.71 0 0
30 1.77 0 0
31 1.83 0 0
32 1.89 0 0
33 1.95 0 0
34 2.01 0 0
35 2.07 0 0
36 2.13 0 0
37 2.19 0 0
38 2.25 0 0
39 2.31 0.00190758 0.0004
40 2.37 0.0552728 0.0126
41 2.43 0.254267 0.0716
42 2.49 0.696931 0.2414
43 2.55 1.37835 0.5936
44 2.61 2.08975 1.153
45 2.67 2.59517 1.88
46 2.73 2.94331 2.742
47 2.79 2.93708 3.6404
48 2.85 2.75958 4.5212
49 2.91 2.42818 5.3292
50 2.97 2.16259 6.0788
51 3.03 1.93199 6.7758
52 3.09 1.68765 7.409
53 3.15 1.49625 7.9924
54 3.21 1.3139 8.5244
55 3.27 1.12428 8.9968
56 3.33 1.04466 9.452
57 3.39 0.936259 9.8748
58 3.45 0.824441 10.2604
59 3.51 0.762621 10.6296
60 3.57 0.69567 10.978
61 3.63 0.665524 11.3226
62 3.69 0.634713 11.6622
63 3.75 0.613479 12.0012
64 3.81 0.589401 12.3374
65 3.87 0.586899 12.6828
66 3.93 0.570763 13.0292
67 3.99 0.555006 13.3764
68 4.05 0.561646 13.7384
69 4.11 0.567965 14.1154
70 4.17 0.609401 14.5318
71 4.23 0.632059 14.9762
72 4.29 0.656816 15.4512
73 4.35 0.696383 15.969
74 4.41 0.770208 16.5576
75 4.47 0.818957 17.2006
76 4.53 0.866606 17.8994
77 4.59 0.913192 18.6554
78 4.65 0.961808 19.4726
79 4.71 1.03657 20.3762
80 4.77 1.09522 21.3554
81 4.83 1.10505 22.3684
82 4.89 1.15238 23.4512
83 4.95 1.18548 24.5926
84 5.01 1.19294 25.7692
85 5.07 1.25239 27.0342
86 5.13 1.25712 28.3342
87 5.19 1.27829 29.6872
88 5.25 1.28063 31.0742
89 5.31 1.31052 32.5262
90 5.37 1.28952 33.9874
91 5.43 1.28051 35.471
92 5.49 1.23765 36.9368
93 5.55 1.21368 38.4058
94 5.61 1.18155 39.867
95 5.67 1.11963 41.2814
96 5.73 1.09894 42.6992
97 5.79 1.05108 44.0838
98 5.85 1.01654 45.4508
99 5.91 0.977936 46.793
100 5.97 0.94424 48.1154
101 6.03 0.896147 49.3958
102 6.09 0.864029 50.655
103 6.15 0.850213 51.9186
104 6.21 0.839274 53.1904
105 6.27 0.824583 54.4642
106 6.33 0.838115 55.7838
107 6.39 0.819208 57.0982
108 6.45 0.815049 58.4306
109 6.51 0.846933 59.841
110 6.57 0.842265 61.2696
111 6.63 0.839363 62.7194
112 6.69 0.864974 64.2406
113 6.75 0.871672 65.8012
114 6.81 0.901706 67.4444
115 6.87 0.940054 69.1878
116 6.93 0.946632 70.9742
117 6.99 0.980453 72.8566
118 7.05 1.00674 74.8228
119 7.11 1.01228 76.8336
120 7.17 1.05095 78.9566
121 7.23 1.05305 81.1196
122 7.29 1.07295 83.3602
123 7.35 1.0848 85.663
124 7.41 1.12107 88.0818
125 7.47 1.11773 90.5326
126 7.53 1.11668 93.0206
127 7.59 1.1279 95.5738
128 7.65 1.09506 98.092
129 7.71 1.08981 100.638
130 7.77 1.1071 103.264
131 7.83 1.08049 105.867
132 7.89 1.06657 108.476
133 7.95 1.07993 111.158
134 8.01 1.0765 113.872
135 8.07 1.04672 116.551
136 8.13 1.02224 119.206
137 8.19 1.01126 121.871
138 8.25 1.00237 124.552
139 8.31 0.994651 127.251
140 8.37 0.978844 129.945
141 8.43 0.96453 132.639
142 8.49 0.962455 135.365
143 8.55 0.941823 138.07
144 8.61 0.939316 140.806
145 8.67 0.927375 143.546
146 8.73 0.942588 146.368
147 8.79 0.924428 149.175
148 8.85 0.913365 151.986
149 8.91 0.922775 154.865
150 8.97 0.946339 157.857
151 9.03 0.94398 160.881
152 9.09 0.939875 163.933
153 9.15 0.958107 167.085
154 9.21 0.966066 170.305
155 9.27 0.964558 173.562
156 9.33 0.976809 176.903
157 9.39 0.997269 180.358
158 9.45 0.990117 183.833
159 9.51 1.01666 187.446
160 9.57 1.00857 191.075
161 9.63 1.03402 194.843
162 9.69 1.04191 198.687
163 9.75 1.04208 202.58
164 9.81 1.04318 206.525
165 9.87 1.05754 210.573
166 9.93 1.04 214.603
167 9.99 1.03836 218.675
168 10.05 1.04429 222.819
169 10.11 1.0517 227.043
170 10.17 1.05424 231.328
171 10.23 1.04629 235.63
172 10.29 1.04248 239.968
173 10.35 1.02502 244.282
174 10.41 1.02037 248.627
175 10.47 1.02292 253.034
176 10.53 1.01318 257.448
177 10.59 0.998144 261.847
178 10.65 0.998731 266.298
179 10.71 1.00528 270.829
180 10.77 0.989456 275.339
181 10.83 0.972882 279.822
182 10.89 0.968028 284.333
183 10.95 0.977909 288.941
184 11.01 0.973746 293.579
185 11.07 0.982574 298.31
186 11.13 0.974063 303.052
187 11.19 0.966369 307.807
188 11.25 0.976799 312.664
189 11.31 0.960972 317.495
190 11.37 0.977511 322.46
191 11.43 0.977599 327.479
192 11.49 0.975705 332.54
193 11.55 0.975896 337.656
194 11.61 0.97822 342.837
195 11.67 0.992742 348.15
196 11.73 0.986459 353.483
197 11.79 0.999622 358.943
198 11.85 0.986988 364.389
199 11.91 1.00976 370.017
200 11.97 1.01504 375.732
66000 200
1 0.03 0 0
2 0.09 0 0
3 0.15 0 0
4 0.21 0 0
5 0.27 0 0
6 0.33 0 0
7 0.39 0 0
8 0.45 0 0
9 0.51 0 0
10 0.57 0 0
11 0.63 0 0
12 0.69 0 0
13 0.75 0 0
14 0.81 0 0
15 0.87 0 0
16 0.93 0 0
17 0.99 0 0
18 1.05 0 0
19 1.11 0 0
20 1.17 0 0
21 1.23 0 0
22 1.29 0 0
23 1.35 0 0
24 1.41 0 0
25 1.47 0 0
26 1.53 0 0
27 1.59 0 0
28 1.65 0 0
29 1.71 0 0
30 1.77 0 0
31 1.83 0 0
32 1.89 0 0
33 1.95 0 0
34 2.01 0 0
35 2.07 0 0
36 2.13 0 0
37 2.19 0 0
38 2.25 0 0
39 2.31 0.00476896 0.001
40 2.37 0.0434934 0.0106
41 2.43 0.224961 0.0628
42 2.49 0.708423 0.2354
43 2.55 1.38853 0.5902
44 2.61 2.1159 1.1566
45 2.67 2.58232 1.88
46 2.73 2.93307 2.739
47 2.79 2.89131 3.6234
48 2.85 2.67123 4.476
49 2.91 2.54058 5.3214
50 2.97 2.15739 6.0692
51 3.03 1.9586 6.7758
52 3.09 1.73989 7.4286
53 3.15 1.47163 8.0024
54 3.21 1.3465 8.5476
55 3.27 1.13951 9.0264
56 3.33 1.03226 9.4762
57 3.39 0.9119 9.888
58 3.45 0.814178 10.2688
59 3.51 0.7651 10.6392
60 3.57 0.696868 10.9882
61 3.63 0.646211 11.3228
62 3.69 0.635086 11.6626
63 3.75 0.623613 12.0072
64 3.81 0.576778 12.3362
65 3.87 0.558013 12.6646
66 3.93 0.566809 13.0086
67 3.99 0.56076 13.3594
68 4.05 0.57623 13.7308
69 4.11 0.584838 14.119
70 4.17 0.597107 14.527
71 4.23 0.620397 14.9632
72 4.29 0.67092 15.4484
73 4.35 0.725433 15.9878
74 4.41 0.753197 16.5634
75 4.47 0.80189 17.193
76 4.53 0.860406 17.8868
77 4.59 0.904253 18.6354
78 4.65 0.991231 19.4776
79 4.71 1.03244 20.3776
80 4.77 1.06412 21.329
81 4.83 1.12534 22.3606
82 4.89 1.14472 23.4362
83 4.95 1.19067 24.5826
84 5.01 1.21322 25.7792
85 5.07 1.25794 27.0498
86 5.13 1.26331 28.3562
87 5.19 1.29095 29.7226
88 5.25 1.2666 31.0944
89 5.31 1.28994 32.5236
90 5.37 1.31052 34.0086
91 5.43 1.24478 35.4508
92 5.49 1.23782 36.9168
93 5.55 1.22475 38.3992
94 5.61 1.17346 39.8504
95 5.67 1.15224 41.306
96 5.73 1.13211 42.7666
97 5.79 1.01965 44.1098
98 5.85 1.01714 45.4776
99 5.91 0.991634 46.8386
100 5.97 0.915964 48.1214
101 6.03 0.901326 49.4092
102 6.09 0.883242 50.6964
103 6.15 0.867572 51.9858
104 6.21 0.835843 53.2524
105 6.27 0.818628 54.517
106 6.33 0.822745 55.8124
107 6.39 0.801009 57.0976
108 6.45 0.826549 58.4488
109 6.51 0.837685 59.8438
110 6.57 0.831535 61.2542
111 6.63 0.834847 62.6962
112 6.69 0.857923 64.205
113 6.75 0.874688 65.771
114 6.81 0.902145 67.415
115 6.87 0.920426 69.122
116 6.93 0.940909 70.8976
117 6.99 0.994516 72.807
118 7.05 0.999267 74.7586
119 7.11 1.01781 76.7804
120 7.17 1.03362 78.8684
121 7.23 1.06103 81.0478
122 7.29 1.0762 83.2952
123 7.35 1.0897 85.6084
124 7.41 1.11987 88.0246
125 7.47 1.1325 90.5078
126 7.53 1.11462 92.9912
127 7.59 1.11677 95.5192
128 7.65 1.11784 98.0898
129 7.71 1.1161 100.697
130 7.77 1.09007 103.283
131 7.83 1.10432 105.943
132 7.89 1.06911 108.558
133 7.95 1.08146 111.244
134 8.01 1.06032 113.917
135 8.07 1.03601 116.569
136 8.13 1.04604 119.285
137 8.19 1.00497 121.934
138 8.25 1.01112 124.638
139 8.31 1.00136 127.356
140 8.37 0.97216 130.032
141 8.43 0.965747 132.729
142 8.49 0.956947 135.439
143 8.55 0.934373 138.123
144 8.61 0.947349 140.883
145 8.67 0.928323 143.625
146 8.73 0.90953 146.348
147 8.79 0.931279 149.176
148 8.85 0.919214 152.005
149 8.91 0.922006 154.881
150 8.97 0.926729 157.811
151 9.03 0.935865 160.81
152 9.09 0.94893 163.891
153 9.15 0.949596 167.015
154 9.21 0.954785 170.197
155 9.27 0.970778 173.475
156 9.33 0.97792 176.82
157 9.39 0.990631 180.252
158 9.45 0.987666 183.718
159 9.51 1.00417 187.287
160 9.57 1.01607 190.943
161 9.63 1.02271 194.67
162 9.69 1.04435 198.523
163 9.75 1.05263 202.455
164 9.81 1.04593 206.41
165 9.87 1.05143 210.435
166 9.93 1.07159 214.587
167 9.99 1.04769 218.696
168 10.05 1.05533 222.884
169 10.11 1.04742 227.091
170 10.17 1.06078 231.402
171 10.23 1.03982 235.678
172 10.29 1.04686 240.034
173 10.35 1.03528 244.392
174 10.41 1.02657 248.763
175 10.47 1.02348 253.172
176 10.53 1.01107 257.577
177 10.59 0.998462 261.977
178 10.65 0.998192 266.426
179 10.71 1.00825 270.97
180 10.77 0.988578 275.476
181 10.83 0.979868 279.992
182 10.89 0.971719 284.52
183 10.95 0.974216 289.11
184 11.01 0.960142 293.683
185 11.07 0.954289 298.279
186 11.13 0.968886 302.995
187 11.19 0.963361 307.735
188 11.25 0.972898 312.573
189 11.31 0.961449 317.406
190 11.37 0.964676 322.306
191 11.43 0.973509 327.304
192 11.49 0.974587 332.36
193 11.55 0.977384 337.483
194 11.61 0.979731 342.672
195 11.67 0.987061 347.954
196 11.73 0.989233 353.303
197 11.79 0.998597 358.757
198 11.85 1.00464 364.301
199 11.91 1.00707 369.914
200 11.97 1.00382 375.565
67000 200
1 0.03 0 0
2 0.09 0 0
3 0.15 0 0
4 0.21 0 0
5 0.27 0 0
6 0.33 0 0
7 0.39 0 0
8 0.45 0 0
9 0.51 0 0
10 0.57 0 0
11 0.63 0 0
12 0.69 0 0
13 0.75 0 0
14 0.81 0 0
15 0.87 0 0
16 0.93 0 0
17 0.99 0 0
18 1.05 0 0
19 1.11 0 0
20 1.17 0 0
21 1.23 0 0
22 1.29 0 0
23 1.35 0 0
24 1.41 0 0
25 1.47 0 0
26 1.53 0 0
27 1.59 0 0
28 1.65 0 0
29 1.71 0 0
30 1.77 0 0
31 1.83 0 0
32 1.89 0 0
33 1.95 0 0
34 2.01 0 0
35 2.07 0 0
36 2.13 0 0
37 2.19 0 0
38 2.25 0 0
39 2.31 0.00190758 0.0004
40 2.37 0.0534606 0.0122
41 2.43 0.226685 0.0648
42 2.49 0.726483 0.2418
43 2.55 1.43471 0.6084
44 2.61 2.09871 1.1702
45 2.67 2.60017 1.8986
46 2.73 2.91326 2.7518
47 2.79 2.85731 3.6258
48 2.85 2.71697 4.493
49 2.91 2.46064 5.3118
50 2.97 2.15336 6.0582
51 3.03 1.8954 6.742
52 3.09 1.73616 7.3934
53 3.15 1.53728 7.9928
54 3.21 1.30599 8.5216
55 3.27 1.16855 9.0126
56 3.33 1.04512 9.468
57 3.39 0.9057 9.877
58 3.45 0.838125 10.269
59 3.51 0.75849 10.6362
60 3.57 0.712043 10.9928
61 3.63 0.665524 11.3374
62 3.69 0.617518 11.6678
63 3.75 0.605878 12.0026
64 3.81 0.577129 12.3318
65 3.87 0.566849 12.6654
66 3.93 0.536821 12.9912
67 3.99 0.571311 13.3486
68 4.05 0.580884 13.723
69 4.11 0.597795 14.1198
70 4.17 0.612328 14.5382
71 4.23 0.645429 14.992
72 4.29 0.683642 15.4864
73 4.35 0.702839 16.009
74 4.41 0.751104 16.583
75 4.47 0.791446 17.2044
76 4.53 0.865614 17.9024
77 4.59 0.899663 18.6472
78 4.65 0.969811 19.4712
79 4.71 1.0157 20.3566
80 4.77 1.08448 21.3262
81 4.83 1.08978 22.3252
82 4.89 1.15941 23.4146
83 4.95 1.18839 24.5588
84 5.01 1.2335 25.7754
85 5.07 1.25081 27.0388
86 5.13 1.29638 28.3794
87 5.19 1.26374 29.717
88 5.25 1.30372 31.129
89 5.31 1.2959 32.5648
90 5.37 1.27064 34.0046
91 5.43 1.28483 35.4932
92 5.49 1.23225 36.9526
93 5.55 1.1993 38.4042
94 5.61 1.16457 39.8444
95 5.67 1.13039 41.2724
96 5.73 1.07662 42.6614
97 5.79 1.05123 44.0462
98 5.85 1.01386 45.4096
99 5.91 0.95564 46.7212
100 5.97 0.940955 48.039
101 6.03 0.919523 49.3528
102 6.09 0.88832 50.6474
103 6.15 0.861517 51.9278
104 6.21 0.848249 53.2132
105 6.27 0.841414 54.513
106 6.33 0.813599 55.794
107 6.39 0.832048 57.129
108 6.45 0.83756 58.4982
109 6.51 0.833362 59.886
110 6.57 0.833421 61.2996
111 6.63 0.833226 62.7388
112 6.69 0.869864 64.2686
113 6.75 0.89245 65.8664
114 6.81 0.888866 67.4862
115 6.87 0.919779 69.192
116 6.93 0.957866 70.9996
117 6.99 0.967015 72.8562
118 7.05 1.00029 74.8098
119 7.11 1.01661 76.8292
120 7.17 1.02402 78.8978
121 7.23 1.05461 81.064
122 7.29 1.07745 83.314
123 7.35 1.07924 85.605
124 7.41 1.10893 87.9976
125 7.47 1.11061 90.4328
126 7.53 1.10546 92.8958
127 7.59 1.12127 95.434
128 7.65 1.13715 98.049
129 7.71 1.11944 100.664
130 7.77 1.08746 103.244
131 7.83 1.09286 105.876
132 7.89 1.08121 108.521
133 7.95 1.04812 111.124
134 8.01 1.08079 113.849
135 8.07 1.05688 116.554
136 8.13 1.03572 119.244
137 8.19 1.0272 121.951
138 8.25 1.00588 124.641
139 8.31 0.991482 127.332
140 8.37 0.966057 129.991
141 8.43 0.957153 132.664
142 8.49 0.947768 135.348
143 8.55 0.92936 138.018
144 8.61 0.94268 140.764
145 8.67 0.928527 143.506
146 8.73 0.943255 146.331
147 8.79 0.943861 149.197
148 8.85 0.930911 152.062
149 8.91 0.930341 154.964
150 8.97 0.916671 157.862
151 9.03 0.945103 160.89
152 9.09 0.947452 163.967
153 9.15 0.942848 167.068
154 9.21 0.961986 170.275
155 9.27 0.969178 173.547
156 9.33 0.977393 176.891
157 9.39 0.997269 180.346
158 9.45 0.999635 183.854
159 9.51 1.00721 187.433
160 9.57 1.0119 191.075
161 9.63 1.03073 194.831
162 9.69 1.03085 198.634
163 9.75 1.04401 202.534
164 9.81 1.05032 206.506
165 9.87 1.04098 210.49
166 9.93 1.05745 214.588
167 9.99 1.05718 218.733
168 10.05 1.05825 222.933
169 10.11 1.04453 227.129
170 10.17 1.03652 231.341
171 10.23 1.04147 235.624
172 10.29 1.03787 239.942
173 10.35 1.02891 244.273
174 10.41 1.02469 248.637
175 10.47 1.01698 253.017
176 10.53 1.00721 257.406
177 10.59 1.00259 261.824
178 10.65 0.997564 266.27
179 10.71 0.989525 270.73
180 10.77 1.00021 275.289
181 10.83 0.976744 279.79
182 10.89 0.980216 284.358
183 10.95 0.984955 288.999
184 11.01 0.966104 293.6
185 11.07 0.97273 298.284
186 11.13 0.96601 302.987
187 11.19 0.959702 307.709
188 11.25 0.966102 312.513
189 11.31 0.976967 317.424
190 11.37 0.978771 322.396
191 11.43 0.973703 327.394
192 11.49 0.980678 332.482
193 11.55 0.976926 337.603
194 11.61 0.992192 342.858
195 11.67 0.998946 348.204
196 11.73 0.98853 353.548
197 11.79 1.01452 359.09
198 11.85 0.993621 364.572
199 11.91 0.999889 370.146
200 11.97 1.00989 375.831
68000 200
1 0.03 0 0
2 0.09 0 0
3 0.15 0 0
4 0.21 0 0
5 0.27 0 0
6 0.33 0 0
7 0.39 0 0
8 0.45 0 0
9 0.51 0 0
10 0.57 0 0
11 0.63 0 0
12 0.69 0 0
13 0.75 0 0
14 0.81 0 0
15 0.87 0 0
16 0.93 0 0
17 0.99 0 0
18 1.05 0 0
19 1.11 0 0
20 1.17 0 0
21 1.23 0 0
22 1.29 0 0
23 1.35 0 0
24 1.41 0 0
25 1.47 0 0
26 1.53 0 0
27 1.59 0 0
28 1.65 0 0
29 1.71 0 0
30 1.77 0 0
31 1.83 0 0
32 1.89 0 0
33 1.95 0 0
34 2.01 0 0
35 2.07 0 0
36 2.13 0 0
37 2.19 0 0
38 2.25 0 0
39 2.31 0.00476896 0.001
40 2.37 0.0498362 0.012
41 2.43 0.25599 0.0714
42 2.49 0.730587 0.2494
43 2.55 1.37522 0.6008
44 2.61 2.1159 1.1672
45 2.67 2.63372 1.905
46 2.73 2.92965 2.763
47 2.79 2.88347 3.645
48 2.85 2.69943 4.5066
49 2.91 2.50932 5.3416
50 2.97 2.13951 6.0832
51 3.03 1.90483 6.7704
52 3.09 1.68392 7.4022
53 3.15 1.54498 8.0046
54 3.21 1.29167 8.5276
55 3.27 1.17807 9.0226
56 3.33 0.995086 9.4562
57 3.39 0.907471 9.866
58 3.45 0.851808 10.2644
59 3.51 0.751467 10.6282
60 3.57 0.702858 10.9802
61 3.63 0.659344 11.3216
62 3.69 0.63546 11.6616
63 3.75 0.597916 11.992
64 3.81 0.568714 12.3164
65 3.87 0.536603 12.6322
66 3.93 0.564832 12.975
67 3.99 0.581541 13.3388
68 4.05 0.582746 13.7144
69 4.11 0.599603 14.1124
70 4.17 0.61262 14.531
71 4.23 0.630921 14.9746
72 4.29 0.677558 15.4646
73 4.35 0.678362 15.969
74 4.41 0.774396 16.5608
75 4.47 0.800871 17.1896
76 4.53 0.880496 17.8996
77 4.59 0.900871 18.6454
78 4.65 0.987701 19.4846
79 4.71 1.02396 20.3772
80 4.77 1.06032 21.3252
81 4.83 1.12643 22.3578
82 4.89 1.15749 23.4454
83 4.95 1.16761 24.5696
84 5.01 1.23614 25.7888
85 5.07 1.25735 27.0588
86 5.13 1.28806 28.3908
87 5.19 1.28302 29.7488
88 5.25 1.31147 31.1692
89 5.31 1.28543 32.5934
90 5.37 1.28617 34.0508
91 5.43 1.23063 35.4766
92 5.49 1.24272 36.9484
93 5.55 1.19666 38.3968
94 5.61 1.17912 39.855
95 5.67 1.12691 41.2786
96 5.73 1.10374 42.7026
97 5.79 1.02496 44.0528
98 5.85 0.992447 45.3874
99 5.91 0.973856 46.724
100 5.97 0.955664 48.0624
101 6.03 0.917844 49.3738
102 6.09 0.883791 50.6618
103 6.15 0.85277 51.9292
104 6.21 0.827792 53.1836
105 6.27 0.84258 54.4852
106 6.33 0.82465 55.7836
107 6.39 0.82594 57.1088
108 6.45 0.811868 58.436
109 6.51 0.809943 59.7848
110 6.57 0.84651 61.2206
111 6.63 0.847353 62.6842
112 6.69 0.870432 64.215
113 6.75 0.871448 65.7752
114 6.81 0.916523 67.4454
115 6.87 0.922044 69.1554
116 6.93 0.959774 70.9666
117 6.99 0.98837 72.8642
118 7.05 1.00531 74.8276
119 7.11 1.04127 76.896
120 7.17 1.04184 79.0006
121 7.23 1.05451 81.1666
122 7.29 1.07994 83.4218
123 7.35 1.10091 85.7588
124 7.41 1.11495 88.1644
125 7.47 1.09301 90.561
126 7.53 1.11875 93.0536
127 7.59 1.11518 95.578
128 7.65 1.10228 98.1128
129 7.71 1.09769 100.677
130 7.77 1.08181 103.243
131 7.83 1.10498 105.905
132 7.89 1.07205 108.528
133 7.95 1.06438 111.171
134 8.01 1.06079 113.845
135 8.07 1.05203 116.538
136 8.13 1.02471 119.199
137 8.19 1.00884 121.858
138 8.25 0.987485 124.499
139 8.31 0.986322 127.175
140 8.37 0.993665 129.911
141 8.43 0.968182 132.614
142 8.49 0.96881 135.358
143 8.55 0.948646 138.083
144 8.61 0.94577 140.838
145 8.67 0.91126 143.53
146 8.73 0.928763 146.311
147 8.79 0.928841 149.131
148 8.85 0.926427 151.983
149 8.91 0.929251 154.881
150 8.97 0.927299 157.813
151 9.03 0.938362 160.82
152 9.09 0.947575 163.896
153 9.15 0.959627 167.053
154 9.21 0.963366 170.264
155 9.27 0.965684 173.525
156 9.33 0.993122 176.922
157 9.39 0.991439 180.357
158 9.45 1.0063 183.888
159 9.51 1.03608 187.57
160 9.57 1.01279 191.215
161 9.63 1.03128 194.973
162 9.69 1.03958 198.809
163 9.75 1.02671 202.644
164 9.81 1.06031 206.654
165 9.87 1.04908 210.669
166 9.93 1.04671 214.725
167 9.99 1.04489 218.823
168 10.05 1.04157 222.956
169 10.11 1.04747 227.163
170 10.17 1.03406 231.366
171 10.23 1.03189 235.609
172 10.29 1.03801 239.928
173 10.35 1.01333 244.194
174 10.41 1.02817 248.572
175 10.47 1.00644 252.907
176 10.53 1.00349 257.279
177 10.59 1.00949 261.728
178 10.65 1.00008 266.185
179 10.71 1.00643 270.721
180 10.77 0.997662 275.268
181 10.83 0.98551 279.81
182 10.89 0.96983 284.33
183 10.95 0.971244 288.906
184 11.01 0.974417 293.547
185 11.07 0.971069 298.223
186 11.13 0.97509 302.97
187 11.19 0.971002 307.747
188 11.25 0.963247 312.538
189 11.31 0.968731 317.407
190 11.37 0.976527 322.367
191 11.43 0.975535 327.375
192 11.49 0.986847 332.495
193 11.55 0.991615 337.693
194 11.61 0.980222 342.885
195 11.67 0.99476 348.208
196 11.73 1.00037 353.617
197 11.79 0.993764 359.045
198 11.85 1.00685 364.6
199 11.91 1.00423 370.198
200 11.97 1.00605 375.862
69000 200
1 0.03 0 0
2 0.09 0 0
3 0.15 0 0
4 0.21 0 0
5 0.27 0 0
6 0.33 0 0
7 0.39 0 0
8 0.45 0 0
9 0.51 0 0
10 0.57 0 0
11 0.63 0 0
12 0.69 0 0
13 0.75 0 0
14 0.81 0 0
15 0.87 0 0
16 0.93 0 0
17 0.99 0 0
18 1.05 0 0
19 1.11 0 0
20 1.17 0 0
21 1.23 0 0
22 1.29 0 0
23 1.35 0 0
24 1.41 0 0
25 1.47 0 0
26 1.53 0 0
27 1.59 0 0
28 1.65 0 0
29 1.71 0 0
30 1.77 0 0
31 1.83 0 0
32 1.89 0 0
33 1.95 0 0
34 2.01 0 0
35 2.07 0 0
36 2.13 0 0
37 2.19 0 0
38 2.25 0.00100534 0.0002
39 2.31 0.00286137 0.0008
40 2.37 0.0607095 0.0142
41 2.43 0.255128 0.0734
42 2.49 0.713349 0.2472
43 2.55 1.40027 0.605
44 2.61 2.12486 1.1738
45 2.67 2.63158 1.911
46 2.73 2.83473 2.7412
47 2.79 2.86516 3.6176
48 2.85 2.68627 4.475
49 2.91 2.4967 5.3058
50 2.97 2.21913 6.075
51 3.03 2.01903 6.8034
52 3.09 1.62795 7.4142
53 3.15 1.46701 7.9862
54 3.21 1.28475 8.5064
55 3.27 1.15141 8.9902
56 3.33 1.01712 9.4334
57 3.39 0.948217 9.8616
58 3.45 0.869768 10.2684
59 3.51 0.75849 10.6356
60 3.57 0.693274 10.9828
61 3.63 0.665524 11.3274
62 3.69 0.633965 11.6666
63 3.75 0.591401 11.9934
64 3.81 0.597114 12.334
65 3.87 0.583501 12.6774
66 3.93 0.539128 13.0046
67 3.99 0.565556 13.3584
68 4.05 0.572506 13.7274
69 4.11 0.592672 14.1208
70 4.17 0.597985 14.5294
71 4.23 0.632913 14.9744
72 4.29 0.683089 15.4684
73 4.35 0.729199 16.0106
74 4.41 0.75974 16.5912
75 4.47 0.787371 17.2094
76 4.53 0.836347 17.8838
77 4.59 0.925271 18.6498
78 4.65 0.997822 19.4976
79 4.71 1.03772 20.4022
80 4.77 1.05898 21.349
81 4.83 1.10134 22.3586
82 4.89 1.13897 23.4288
83 4.95 1.1861 24.5708
84 5.01 1.2189 25.773
85 5.07 1.25992 27.0456
86 5.13 1.26949 28.3584
87 5.19 1.26639 29.6988
88 5.25 1.28322 31.0886
89 5.31 1.30276 32.532
90 5.37 1.2844 33.9874
91 5.43 1.27862 35.4688
92 5.49 1.24255 36.9404
93 5.55 1.20393 38.3976
94 5.61 1.16554 39.839
95 5.67 1.12058 41.2546
96 5.73 1.08964 42.6604
97 5.79 1.057 44.0528
98 5.85 1.01639 45.4196
99 5.91 0.976624 46.76
100 5.97 0.933101 48.0668
101 6.03 0.883549 49.3292
102 6.09 0.894907 50.6334
103 6.15 0.873494 51.9316
104 6.21 0.836239 53.1988
105 6.27 0.820829 54.4668
106 6.33 0.839893 55.7892
107 6.39 0.83105 57.1226
108 6.45 0.832667 58.4838
109 6.51 0.821712 59.8522
110 6.57 0.851698 61.2968
111 6.63 0.849089 62.7634
112 6.69 0.868158 64.2902
113 6.75 0.878374 65.8628
114 6.81 0.912352 67.5254
115 6.87 0.923446 69.238
116 6.93 0.943347 71.0182
117 6.99 0.976807 72.8936
118 7.05 0.998858 74.8444
119 7.11 1.01469 76.86
120 7.17 1.03758 78.956
121 7.23 1.05198 81.1168
122 7.29 1.08253 83.3774
123 7.35 1.09611 85.7042
124 7.41 1.09966 88.0768
125 7.47 1.11153 90.514
126 7.53 1.11318 92.9942
127 7.59 1.11041 95.5078
128 7.65 1.11584 98.0738
129 7.71 1.09897 100.641
130 7.77 1.10424 103.26
131 7.83 1.07792 105.857
132 7.89 1.0799 108.499
133 7.95 1.07687 111.173
134 8.01 1.05754 113.839
135 8.07 1.04617 116.517
136 8.13 1.02008 119.166
137 8.19 1.00732 121.821
138 8.25 1.0085 124.518
139 8.31 0.988828 127.201
140 8.37 0.98807 129.921
141 8.43 0.96761 132.623
142 8.49 0.955888 135.331
143 8.55 0.945304 138.046
144 8.61 0.941925 140.79
145 8.67 0.934147 143.549
146 8.73 0.927227 146.326
147 8.79 0.936944 149.171
148 8.85 0.939229 152.061
149 8.91 0.939188 154.991
150 8.97 0.927741 157.924
151 9.03 0.939797 160.935
152 9.09 0.954166 164.033
153 9.15 0.951663 167.164
154 9.21 0.954845 170.347
155 9.27 0.972495 173.631
156 9.33 0.970552 176.95
157 9.39 0.995595 180.4
158 9.45 0.988293 183.868
159 9.51 1.00192 187.428
160 9.57 1.02124 191.104
161 9.63 1.0316 194.863
162 9.69 1.02527 198.646
163 9.75 1.04706 202.557
164 9.81 1.02995 206.452
165 9.87 1.04009 210.433
166 9.93 1.05285 214.512
167 9.99 1.04591 218.614
168 10.05 1.05946 222.819
169 10.11 1.05175 227.043
170 10.17 1.03869 231.264
171 10.23 1.05047 235.584
172 10.29 1.03931 239.908
173 10.35 1.03718 244.274
174 10.41 1.02084 248.621
175 10.47 1.01113 252.977
176 10.53 1.00776 257.367
177 10.59 1.00736 261.807
178 10.65 1.00093 266.268
179 10.71 0.983889 270.702
180 10.77 0.995248 275.238
181 10.83 0.980997 279.76
182 10.89 0.99571 284.4
183 10.95 0.977442 289.005
184 11.01 0.97131 293.631
185 11.07 0.9795 298.348
186 11.13 0.965024 303.045
187 11.19 0.978563 307.86
188 11.25 0.981022 312.739
189 11.31 0.978161 317.656
190 11.37 0.978377 322.626
191 11.43 0.972574 327.618
192 11.49 0.96171 332.607
193 11.55 0.976888 337.728
194 11.61 0.986226 342.952
195 11.67 0.987846 348.238
196 11.73 0.989936 353.59
197 11.79 0.992043 359.009
198 11.85 1.0016 364.536
199 11.91 1.00183 370.12
200 11.97 1.00428 375.774
70000 200
1 0.03 0 0
2 0.09 0 0
3 0.15 0 0
4 0.21 0 0
5 0.27 0 0
6 0.33 0 0
7 0.39 0 0
8 0.45 0 0
9 0.51 0 0
10 0.57 0 0
11 0.63 0 0
12 0.69 0 0
13 0.75 0 0
14 0.81 0 0
15 0.87 0 0
16 0.93 0 0
17 0.99 0 0
18 1.05 0 0
19 1.11 0 0
20 1.17 0 0
21 1.23 0 0
22 1.29 0 0
23 1.35 0 0
24 1.41 0 0
25 1.47 0 0
26 1.53 0 0
27 1.59 0 0
28 1.65 0 0
29 1.71 0 0
30 1.77 0 0
31 1.83 0 0
32 1.89 0 0
33 1.95 0 0
34 2.01 0 0
35 2.07 0 0
36 2.13 0 0
37 2.19 0 0
38 2.25 0 0
39 2.31 0.00572275 0.0012
40 2.37 0.0525545 0.0128
41 2.43 0.246509 0.07
42 2.49 0.733871 0.2488
43 2.55 1.40184 0.607
44 2.61 2.08601 1.1654
45 2.67 2.69797 1.9212
46 2.73 2.93375 2.7804
47 2.79 2.90831 3.67
48 2.85 2.72073 4.5384
49 2.91 2.44742 5.3528
50 2.97 2.15336 6.0992
51 3.03 1.94751 6.8018
52 3.09 1.64127 7.4176
53 3.15 1.42187 7.972
54 3.21 1.25462 8.48
55 3.27 1.11048 8.9466
56 3.33 1.02676 9.394
57 3.39 0.904814 9.8026
58 3.45 0.83 10.1908
59 3.51 0.762621 10.56
60 3.57 0.701261 10.9112
61 3.63 0.675953 11.2612
62 3.69 0.646674 11.6072
63 3.75 0.592125 11.9344
64 3.81 0.586596 12.269
65 3.87 0.602532 12.6236
66 3.93 0.604376 12.9904
67 3.99 0.613512 13.3742
68 4.05 0.582746 13.7498
69 4.11 0.603218 14.1502
70 4.17 0.648037 14.593
71 4.23 0.651687 15.0512
72 4.29 0.670091 15.5358
73 4.35 0.728123 16.0772
74 4.41 0.774134 16.6688
75 4.47 0.790427 17.2894
76 4.53 0.852717 17.977
77 4.59 0.9144 18.734
78 4.65 0.961572 19.551
79 4.71 1.01202 20.4332
80 4.77 1.05697 21.3782
81 4.83 1.0745 22.3632
82 4.89 1.12535 23.4206
83 4.95 1.19379 24.57
84 5.01 1.22823 25.7814
85 5.07 1.24487 27.0388
86 5.13 1.25905 28.3408
87 5.19 1.29209 29.7084
88 5.25 1.29799 31.1142
89 5.31 1.3033 32.5582
90 5.37 1.24928 33.9738
91 5.43 1.26135 35.4352
92 5.49 1.2439 36.9084
93 5.55 1.18608 38.344
94 5.61 1.1568 39.7746
95 5.67 1.12517 41.196
96 5.73 1.08375 42.5942
97 5.79 1.04956 43.9768
98 5.85 1.00271 45.3252
99 5.91 0.967152 46.6526
100 5.97 0.919963 47.941
101 6.03 0.909585 49.2406
102 6.09 0.896554 50.5472
103 6.15 0.865554 51.8336
104 6.21 0.880981 53.1686
105 6.27 0.841155 54.468
106 6.33 0.849293 55.8052
107 6.39 0.822075 57.1242
108 6.45 0.846858 58.5086
109 6.51 0.835283 59.8996
110 6.57 0.852877 61.3462
111 6.63 0.847932 62.8108
112 6.69 0.869295 64.3396
113 6.75 0.879603 65.9144
114 6.81 0.903901 67.5616
115 6.87 0.923015 69.2734
116 6.93 0.948328 71.063
117 6.99 0.974098 72.9332
118 7.05 1.0005 74.8872
119 7.11 1.02486 76.923
120 7.17 1.02501 78.9936
121 7.23 1.05772 81.1662
122 7.29 1.07122 83.4032
123 7.35 1.10016 85.7386
124 7.41 1.10198 88.1162
125 7.47 1.09967 90.5274
126 7.53 1.10618 92.992
127 7.59 1.11103 95.507
128 7.65 1.1081 98.0552
129 7.71 1.10659 100.64
130 7.77 1.09092 103.228
131 7.83 1.07949 105.829
132 7.89 1.09347 108.503
133 7.95 1.0602 111.136
134 8.01 1.04183 113.763
135 8.07 1.02413 116.384
136 8.13 1.03094 119.061
137 8.19 1.03152 121.78
138 8.25 1.00446 124.467
139 8.31 1.00416 127.191
140 8.37 0.974484 129.874
141 8.43 0.950205 132.527
142 8.49 0.962455 135.253
143 8.55 0.962502 138.018
144 8.61 0.95648 140.804
145 8.67 0.927308 143.543
146 8.73 0.944057 146.371
147 8.79 0.93668 149.214
148 8.85 0.924997 152.061
149 8.91 0.934252 154.976
150 8.97 0.947857 157.972
151 9.03 0.921696 160.926
152 9.09 0.94585 163.997
153 9.15 0.953609 167.134
154 9.21 0.962346 170.341
155 9.27 0.971784 173.623
156 9.33 0.984994 176.992
157 9.39 0.978104 180.381
158 9.45 0.998552 183.885
159 9.51 1.01655 187.497
160 9.57 1.0263 191.191
161 9.63 1.02233 194.916
162 9.69 1.03882 198.749
163 9.75 1.02918 202.593
164 9.81 1.03709 206.515
165 9.87 1.04647 210.521
166 9.93 1.05063 214.592
167 9.99 1.04968 218.708
168 10.05 1.04631 222.861
169 10.11 1.04055 227.04
170 10.17 1.04838 231.301
171 10.23 1.03082 235.54
172 10.29 1.03835 239.86
173 10.35 1.03789 244.229
174 10.41 1.0138 248.546
175 10.47 1.02241 252.95
176 10.53 0.998075 257.298
177 10.59 1.00069 261.708
178 10.65 0.995141 266.143
179 10.71 1.00492 270.673
180 10.77 0.99165 275.193
181 10.83 0.988678 279.749
182 10.89 0.991676 284.37
183 10.95 0.984234 289.008
184 11.01 0.978658 293.669
185 11.07 0.970986 298.345
186 11.13 0.966092 303.047
187 11.19 0.979335 307.866
188 11.25 0.982952 312.754
189 11.31 0.972591 317.643
190 11.37 0.974361 322.593
191 11.43 0.972496 327.585
192 11.49 0.974664 332.641
193 11.55 0.97311 337.742
194 11.61 0.969989 342.88
195 11.67 0.979624 348.122
196 11.73 0.999295 353.525
197 11.79 1.00054 358.99
198 11.85 1.00652 364.544
199 11.91 0.99727 370.102
200 11.97 1.00897 375.783
71000 200
1 0.03 0 0
2 0.09 0 0
3 0.15 0 0
4 0.21 0 0
5 0.27 0 0
6 0.33 0 0
7 0.39 0 0
8 0.45 0 0
9 0.51 0 0
10 0.57 0 0
11 0.63 0 0
12 0.69 0 0
13 0.75 0 0
14 0.81 0 0
15 0.87 0 0
16 0.93 0 0
17 0.99 0 0
18 1.05 0 0
19 1.11 0 0
20 1.17 0 0
21 1.23 0 0
22 1.29 0 0
23 1.35 0 0
24 1.41 0 0
25 1.47 0 0
26 1.53 0 0
27 1.59 0 0
28 1.65 0 0
29 1.71 0 0
30 1.77 0 0
31 1.83 0 0
32 1.89 0 0
33 1.95 0 0
34 2.01 0 0
35 2.07 0 0
36 2.13 0 0
37 2.19 0 0
38 2.25 0 0
39 2.31 0.00476896 0.001
40 2.37 0.0498362 0.012
41 2.43 0.243062 0.0684
42 2.49 0.717453 0.2432
43 2.55 1.42297 0.6068
44 2.61 2.11515 1.173
45 2.67 2.61302 1.905
46 2.73 2.81493 2.7294
47 2.79 2.96781 3.6372
48 2.85 2.76647 4.5202
49 2.91 2.47867 5.345
50 2.97 2.15509 6.092
51 3.03 1.89429 6.7754
52 3.09 1.72923 7.4242
53 3.15 1.48137 8.0018
54 3.21 1.29315 8.5254
55 3.27 1.12951 9
56 3.33 0.985907 9.4296
57 3.39 0.928287 9.8488
58 3.45 0.824441 10.2344
59 3.51 0.788234 10.616
60 3.57 0.708449 10.9708
61 3.63 0.660889 11.313
62 3.69 0.628358 11.6492
63 3.75 0.590677 11.9756
64 3.81 0.577479 12.305
65 3.87 0.580102 12.6464
66 3.93 0.567468 12.9908
67 3.99 0.568753 13.3466
68 4.05 0.602916 13.7352
69 4.11 0.575197 14.117
70 4.17 0.636329 14.5518
71 4.23 0.635757 14.9988
72 4.29 0.680876 15.4912
73 4.35 0.702839 16.0138
74 4.41 0.757123 16.5924
75 4.47 0.814117 17.2316
76 4.53 0.84726 17.9148
77 4.59 0.904495 18.6636
78 4.65 0.978991 19.4954
79 4.71 1.03015 20.3934
80 4.77 1.08538 21.3638
81 4.83 1.11858 22.3892
82 4.89 1.15962 23.4788
83 4.95 1.18465 24.6194
84 5.01 1.22174 25.8244
85 5.07 1.23972 27.0766
86 5.13 1.26833 28.3882
87 5.19 1.27565 29.7384
88 5.25 1.29153 31.1372
89 5.31 1.27207 32.5466
90 5.37 1.29446 34.0134
91 5.43 1.25859 35.4716
92 5.49 1.23191 36.9306
93 5.55 1.19021 38.3712
94 5.61 1.1526 39.7966
95 5.67 1.13356 41.2286
96 5.73 1.08793 42.6322
97 5.79 1.04167 44.0044
98 5.85 0.993786 45.3408
99 5.91 0.98493 46.6926
100 5.97 0.947096 48.019
101 6.03 0.908605 49.3172
102 6.09 0.869793 50.5848
103 6.15 0.858556 51.8608
104 6.21 0.863427 53.1692
105 6.27 0.854232 54.4888
106 6.33 0.829858 55.7954
107 6.39 0.839153 57.1418
108 6.45 0.80257 58.4538
109 6.51 0.833482 59.8418
110 6.57 0.812668 61.2202
111 6.63 0.862637 62.7102
112 6.69 0.880213 64.2582
113 6.75 0.917138 65.9002
114 6.81 0.918498 67.574
115 6.87 0.914711 69.2704
116 6.93 0.945254 71.0542
117 6.99 0.959514 72.8964
118 7.05 1.01555 74.8798
119 7.11 1.00764 76.8814
120 7.17 1.04471 78.9918
121 7.23 1.06551 81.1804
122 7.29 1.06414 83.4026
123 7.35 1.09705 85.7314
124 7.41 1.10198 88.109
125 7.47 1.10961 90.542
126 7.53 1.11821 93.0334
127 7.59 1.12251 95.5744
128 7.65 1.09801 98.0994
129 7.71 1.1018 100.673
130 7.77 1.08864 103.256
131 7.83 1.09103 105.884
132 7.89 1.0875 108.544
133 7.95 1.05706 111.169
134 8.01 1.04628 113.807
135 8.07 1.03343 116.452
136 8.13 1.01962 119.1
137 8.19 1.0099 121.762
138 8.25 1.00035 124.437
139 8.31 0.989639 127.123
140 8.37 0.982258 129.827
141 8.43 0.9641 132.519
142 8.49 0.968951 135.263
143 8.55 0.952963 138.001
144 8.61 0.940826 140.741
145 8.67 0.932589 143.496
146 8.73 0.934373 146.294
147 8.79 0.944585 149.162
148 8.85 0.941179 152.058
149 8.91 0.937778 154.984
150 8.97 0.93198 157.93
151 9.03 0.940734 160.945
152 9.09 0.943694 164.009
153 9.15 0.950083 167.134
154 9.21 0.967446 170.359
155 9.27 0.979366 173.666
156 9.33 0.987918 177.045
157 9.39 0.990169 180.476
158 9.45 0.99764 183.976
159 9.51 1.01644 187.589
160 9.57 1.00557 191.207
161 9.63 1.0164 194.911
162 9.69 1.02754 198.702
163 9.75 1.02955 202.548
164 9.81 1.04735 206.509
165 9.87 1.06888 210.6
166 9.93 1.05327 214.681
167 9.99 1.03739 218.75
168 10.05 1.04081 222.88
169 10.11 1.03766 227.048
170 10.17 1.05478 231.335
171 10.23 1.04249 235.622
172 10.29 1.03378 239.923
173 10.35 1.03091 244.262
174 10.41 1.02347 248.621
175 10.47 1.01698 253.001
176 10.53 0.998213 257.35
177 10.59 1.00037 261.759
178 10.65 1.00201 266.225
179 10.71 0.990944 270.691
180 10.77 0.978047 275.149
181 10.83 0.981691 279.673
182 10.89 0.988028 284.277
183 10.95 0.969461 288.845
184 11.01 0.969505 293.463
185 11.07 0.971359 298.14
186 11.13 0.974638 302.885
187 11.19 0.980352 307.708
188 11.25 0.970164 312.533
189 11.31 0.975416 317.436
190 11.37 0.976093 322.394
191 11.43 0.985625 327.454
192 11.49 0.9865 332.572
193 11.55 0.993866 337.781
194 11.61 0.987019 343.009
195 11.67 0.992368 348.32
196 11.73 0.987975 353.661
197 11.79 1.00197 359.134
198 11.85 0.998188 364.642
199 11.91 1.00427 370.24
200 11.97 1.00605 375.904
72000 200
1 0.03 0 0
2 0.09 0 0
3 0.15 0 0
4 0.21 0 0
5 0.27 0 0
6 0.33 0 0
7 0.39 0 0
8 0.45 0 0
9 0.51 0 0
10 0.57 0 0
11 0.63 0 0
12 0.69 0 0
13 0.75 0 0
14 0.81 0 0
15 0.87 0 0
16 0.93 0 0
17 0.99 0 0
18 1.05 0 0
19 1.11 0 0
20 1.17 0 0
21 1.23 0 0
22 1.29 0 0
23 1.35 0 0
24 1.41 0 0
25 1.47 0 0
26 1.53 0 0
27 1.59 0 0
28 1.65 0 0
29 1.71 0 0
30 1.77 0 0
31 1.83 0 0
32 1.89 0 0
33 1.95 0 0
34 2.01 0 0
35 2.07 0 0
36 2.13 0 0
37 2.19 0 0
38 2.25 0 0
39 2.31 0.00476896 0.001
40 2.37 0.0543667 0.013
41 2.43 0.276676 0.0772
42 2.49 0.686259 0.2444
43 2.55 1.45036 0.615
44 2.61 2.11963 1.1824
45 2.67 2.59588 1.9096
46 2.73 2.93375 2.7688
47 2.79 2.84228 3.6382
48 2.85 2.6988 4.4996
49 2.91 2.54599 5.3468
50 2.97 2.18682 6.1048
51 3.03 1.91758 6.7966
52 3.09 1.69778 7.4336
53 3.15 1.43983 7.995
54 3.21 1.32229 8.5304
55 3.27 1.10857 8.9962
56 3.33 0.963416 9.416
57 3.39 0.915001 9.8292
58 3.45 0.858223 10.2306
59 3.51 0.763447 10.6002
60 3.57 0.709647 10.9556
61 3.63 0.646984 11.2906
62 3.69 0.624246 11.6246
63 3.75 0.599364 11.9558
64 3.81 0.583791 12.2888
65 3.87 0.579423 12.6298
66 3.93 0.584275 12.9844
67 3.99 0.597207 13.358
68 4.05 0.608501 13.7502
69 4.11 0.592974 14.1438
70 4.17 0.629304 14.5738
71 4.23 0.608165 15.0014
72 4.29 0.657093 15.4766
73 4.35 0.696383 15.9944
74 4.41 0.774919 16.5866
75 4.47 0.814117 17.2258
76 4.53 0.860406 17.9196
77 4.59 0.932519 18.6916
78 4.65 0.962749 19.5096
79 4.71 1.00491 20.3856
80 4.77 1.07576 21.3474
81 4.83 1.11443 22.369
82 4.89 1.16643 23.465
83 4.95 1.1645 24.5862
84 5.01 1.20349 25.7732
85 5.07 1.25279 27.0386
86 5.13 1.25538 28.3368
87 5.19 1.26525 29.676
88 5.25 1.33068 31.1172
89 5.31 1.30096 32.5586
90 5.37 1.30947 34.0424
91 5.43 1.26291 35.5056
92 5.49 1.22178 36.9526
93 5.55 1.21054 38.4178
94 5.61 1.15454 39.8456
95 5.67 1.12311 41.2644
96 5.73 1.07956 42.6572
97 5.79 1.04136 44.029
98 5.85 1.00851 45.3852
99 5.91 0.966132 46.7112
100 5.97 0.93967 48.0272
101 6.03 0.899786 49.3128
102 6.09 0.88832 50.6074
103 6.15 0.848194 51.868
104 6.21 0.850889 53.1574
105 6.27 0.825749 54.433
106 6.33 0.814742 55.7158
107 6.39 0.843017 57.0684
108 6.45 0.853343 58.4634
109 6.51 0.836124 59.8558
110 6.57 0.845213 61.2894
111 6.63 0.852795 62.7624
112 6.69 0.864519 64.2828
113 6.75 0.888205 65.873
114 6.81 0.907633 67.527
115 6.87 0.918593 69.2306
116 6.93 0.955005 71.0328
117 6.99 0.983161 72.9204
118 7.05 0.997936 74.8694
119 7.11 1.01036 76.8764
120 7.17 1.04065 78.9786
121 7.23 1.07126 81.179
122 7.29 1.07984 83.434
123 7.35 1.08433 85.7358
124 7.41 1.09892 88.1068
125 7.47 1.10049 90.5198
126 7.53 1.11713 93.0088
127 7.59 1.10811 95.5172
128 7.65 1.09419 98.0334
129 7.71 1.1226 100.656
130 7.77 1.08029 103.218
131 7.83 1.08613 105.835
132 7.89 1.08358 108.486
133 7.95 1.07324 111.151
134 8.01 1.05841 113.819
135 8.07 1.03242 116.461
136 8.13 1.04588 119.178
137 8.19 1.01991 121.866
138 8.25 1.00005 124.541
139 8.31 0.999294 127.252
140 8.37 0.979352 129.948
141 8.43 0.957582 132.622
142 8.49 0.95271 135.321
143 8.55 0.93486 138.006
144 8.61 0.952429 140.78
145 8.67 0.926698 143.518
146 8.73 0.933772 146.314
147 8.79 0.925745 149.125
148 8.85 0.920254 151.957
149 8.91 0.937393 154.881
150 8.97 0.946403 157.873
151 9.03 0.944604 160.9
152 9.09 0.947821 163.977
153 9.15 0.948928 167.099
154 9.21 0.970746 170.335
155 9.27 0.983216 173.655
156 9.33 0.98248 177.015
157 9.39 0.994614 180.461
158 9.45 0.987438 183.926
159 9.51 0.991338 187.449
160 9.57 1.02407 191.135
161 9.63 1.02035 194.853
162 9.69 1.04326 198.702
163 9.75 1.03212 202.557
164 9.81 1.03323 206.465
165 9.87 1.05603 210.507
166 9.93 1.05461 214.593
167 9.99 1.04841 218.705
168 10.05 1.04721 222.861
169 10.11 1.04229 227.047
170 10.17 1.04632 231.299
171 10.23 1.04809 235.609
172 10.29 1.03325 239.908
173 10.35 1.02668 244.23
174 10.41 1.01258 248.542
175 10.47 1.01758 252.925
176 10.53 1.01217 257.335
177 10.59 1.01666 261.815
178 10.65 1.00856 266.31
179 10.71 1.00173 270.825
180 10.77 0.97853 275.285
181 10.83 0.984468 279.822
182 10.89 0.984551 284.41
183 10.95 0.970225 288.982
184 11.01 0.981262 293.656
185 11.07 0.97273 298.34
186 11.13 0.970694 303.065
187 11.19 0.96141 307.795
188 11.25 0.968274 312.61
189 11.31 0.96706 317.471
190 11.37 0.974479 322.421
191 11.43 0.963652 327.368
192 11.49 0.985266 332.48
193 11.55 0.984022 337.638
194 11.61 0.986263 342.862
195 11.67 0.990462 348.162
196 11.73 1.00285 353.584
197 11.79 0.994423 359.016
198 11.85 1.00522 364.562
199 11.91 0.992175 370.092
200 11.97 1.0073 375.764
73000 200
1 0.03 0 0
2 0.09 0 0
3 0.15 0 0
4 0.21 0 0
5 0.27 0 0
6 0.33 0 0
7 0.39 0 0
8 0.45 0 0
9 0.51 0 0
10 0.57 0 0
11 0.63 0 0
12 0.69 0 0
13 0.75 0 0
14 0.81 0 0
15 0.87 0 0
16 0.93 0 0
17 0.99 0 0
18 1.05 0 0
19 1.11 0 0
20 1.17 0 0
21 1.23 0 0
22 1.29 0 0
23 1.35 0 0
24 1.41 0 0
25 1.47 0 0
26 1.53 0 0
27 1.59 0 0
28 1.65 0 0
29 1.71 0 0
30 1.77 0 0
31 1.83 0 0
32 1.89 0 0
33 1.95 0 0
34 2.01 0 0
35 2.07 0 0
36 2.13 0 0
37 2.19 0 0
38 2.25 0 0
39 2.31 0.00190758 0.0004
40 2.37 0.0498362 0.0114
41 2.43 0.254267 0.0704
42 2.49 0.751109 0.2534
43 2.55 1.4081 0.6132
44 2.61 2.08527 1.1714
45 2.67 2.62016 1.9054
46 2.73 2.87366 2.747
47 2.79 2.86778 3.6242
48 2.85 2.72637 4.4944
49 2.91 2.42578 5.3016
50 2.97 2.22317 6.0722
51 3.03 1.96913 6.7826
52 3.09 1.67112 7.4096
53 3.15 1.48856 7.99
54 3.21 1.29315 8.5136
55 3.27 1.1357 8.9908
56 3.33 0.990497 9.4224
57 3.39 0.918544 9.8372
58 3.45 0.837697 10.229
59 3.51 0.736181 10.5854
60 3.57 0.719631 10.9458
61 3.63 0.670932 11.2932
62 3.69 0.635086 11.633
63 3.75 0.5838 11.9556
64 3.81 0.596062 12.2956
65 3.87 0.599813 12.6486
66 3.93 0.596138 13.0104
67 3.99 0.581222 13.374
68 4.05 0.594538 13.7572
69 4.11 0.611052 14.1628
70 4.17 0.635451 14.597
71 4.23 0.632344 15.0416
72 4.29 0.693321 15.543
73 4.35 0.701494 16.0646
74 4.41 0.746916 16.6354
75 4.47 0.790682 17.2562
76 4.53 0.854453 17.9452
77 4.59 0.896522 18.6874
78 4.65 0.972871 19.514
79 4.71 0.990229 20.3772
80 4.77 1.07509 21.3384
81 4.83 1.07996 22.3284
82 4.89 1.17984 23.437
83 4.95 1.16741 24.561
84 5.01 1.19882 25.7434
85 5.07 1.25616 27.0122
86 5.13 1.25189 28.3068
87 5.19 1.28226 29.664
88 5.25 1.29504 31.0666
89 5.31 1.28633 32.4918
90 5.37 1.29446 33.9586
91 5.43 1.23839 35.3934
92 5.49 1.252 36.8762
93 5.55 1.19881 38.3272
94 5.61 1.18963 39.7984
95 5.67 1.12564 41.2204
96 5.73 1.09491 42.633
97 5.79 1.07689 44.0516
98 5.85 0.996611 45.3918
99 5.91 0.966278 46.718
100 5.97 0.949095 48.0472
101 6.03 0.913924 49.353
102 6.09 0.880772 50.6366
103 6.15 0.877665 51.941
104 6.21 0.835447 53.207
105 6.27 0.837012 54.5
106 6.33 0.847769 55.8348
107 6.39 0.821203 57.1524
108 6.45 0.835848 58.5188
109 6.51 0.821712 59.8872
110 6.57 0.841322 61.3142
111 6.63 0.864142 62.8068
112 6.69 0.857127 64.3142
113 6.75 0.882954 65.895
114 6.81 0.901377 67.5376
115 6.87 0.92722 69.2572
116 6.93 0.945678 71.0418
117 6.99 0.98514 72.9332
118 7.05 0.989744 74.8662
119 7.11 1.02446 76.9012
120 7.17 1.02639 78.9746
121 7.23 1.06571 81.1636
122 7.29 1.05542 83.3676
123 7.35 1.08838 85.678
124 7.41 1.09521 88.041
125 7.47 1.09173 90.4348
126 7.53 1.09693 92.8788
127 7.59 1.12772 95.4316
128 7.65 1.09288 97.9448
129 7.71 1.10257 100.52
130 7.77 1.08518 103.095
131 7.83 1.08929 105.719
132 7.89 1.08014 108.361
133 7.95 1.07509 111.031
134 8.01 1.06627 113.719
135 8.07 1.06032 116.433
136 8.13 1.03656 119.125
137 8.19 1.02492 121.826
138 8.25 1.00797 124.522
139 8.31 0.98249 127.188
140 8.37 0.994754 129.926
141 8.43 0.978353 132.658
142 8.49 0.985051 135.448
143 8.55 0.95164 138.182
144 8.61 0.950919 140.952
145 8.67 0.941933 143.734
146 8.73 0.920616 146.491
147 8.79 0.917906 149.278
148 8.85 0.924413 152.123
149 8.91 0.942202 155.062
150 8.97 0.93489 158.018
151 9.03 0.92825 160.992
152 9.09 0.952379 164.084
153 9.15 0.957074 167.233
154 9.21 0.952625 170.408
155 9.27 0.952772 173.625
156 9.33 0.962132 176.916
157 9.39 0.991843 180.353
158 9.45 0.998438 183.856
159 9.51 0.997135 187.4
160 9.57 1.01074 191.037
161 9.63 1.01673 194.742
162 9.69 1.02993 198.542
163 9.75 1.03282 202.4
164 9.81 1.039 206.329
165 9.87 1.0483 210.342
166 9.93 1.05193 214.418
167 9.99 1.0407 218.499
168 10.05 1.05467 222.685
169 10.11 1.04423 226.879
170 10.17 1.05001 231.146
171 10.23 1.03588 235.406
172 10.29 1.04364 239.748
173 10.35 1.0416 244.133
174 10.41 1.03789 248.552
175 10.47 1.02826 252.982
176 10.53 1.01387 257.399
177 10.59 1.01335 261.865
178 10.65 1.00623 266.349
179 10.71 1.00776 270.891
180 10.77 0.992747 275.416
181 10.83 0.985206 279.957
182 10.89 0.985324 284.548
183 10.95 0.980838 289.17
184 11.01 0.977441 293.825
185 11.07 0.974184 298.516
186 11.13 0.958121 303.18
187 11.19 0.973279 307.969
188 11.25 0.962322 312.755
189 11.31 0.968333 317.622
190 11.37 0.972983 322.565
191 11.43 0.97269 327.558
192 11.49 0.979483 332.639
193 11.55 0.981581 337.785
194 11.61 0.974482 342.946
195 11.67 0.984856 348.216
196 11.73 0.98313 353.532
197 11.79 0.990724 358.943
198 11.85 1.00116 364.467
199 11.91 0.996588 370.022
200 11.97 1.01188 375.719
74000 200
1 0.03 0 0
2 0.09 0 0
3 0.15 0 0
4 0.21 0 0
5 0.27 0 0
6 0.33 0 0
7 0.39 0 0
8 0.45 0 0
9 0.51 0 0
10 0.57 0 0
11 0.63 0 0
12 0.69 0 0
13 0.75 0 0
14 0.81 0 0
15 0.87 0 0
16 0.93 0 0
17 0.99 0 0
18 1.05 0 0
19 1.11 0 0
20 1.17 0 0
21 1.23 0 0
22 1.29 0 0
23 1.35 0 0
24 1.41 0 0
25 1.47 0 0
26 1.53 0 0
27 1.59 0 0
28 1.65 0 0
29 1.71 0 0
30 1.77 0 0
31 1.83 0 0
32 1.89 0 0
33 1.95 0 0
34 2.01 0 0
35 2.07 0 0
36 2.13 0 0
37 2.19 0 0
38 2.25 0.00100534 0.0002
39 2.31 0.00667654 0.0016
40 2.37 0.0425873 0.011
41 2.43 0.248233 0.0686
42 2.49 0.740438 0.249
43 2.55 1.38383 0.6026
44 2.61 2.09573 1.1636
45 2.67 2.64657 1.905
46 2.73 2.88936 2.7512
47 2.79 2.80435 3.609
48 2.85 2.75269 4.4876
49 2.91 2.47927 5.3126
50 2.97 2.20298 6.0762
51 3.03 1.93255 6.7734
52 3.09 1.71057 7.4152
53 3.15 1.48753 7.9952
54 3.21 1.28426 8.5152
55 3.27 1.15998 9.0026
56 3.33 0.990497 9.4342
57 3.39 0.894628 9.8382
58 3.45 0.850526 10.236
59 3.51 0.77047 10.609
60 3.57 0.717634 10.9684
61 3.63 0.676726 11.3188
62 3.69 0.641067 11.6618
63 3.75 0.601897 11.9944
64 3.81 0.574674 12.3222
65 3.87 0.568208 12.6566
66 3.93 0.585922 13.0122
67 3.99 0.586337 13.379
68 4.05 0.568162 13.7452
69 4.11 0.575799 14.1274
70 4.17 0.623158 14.5532
71 4.23 0.652256 15.0118
72 4.29 0.672303 15.498
73 4.35 0.711715 16.0272
74 4.41 0.749272 16.5998
75 4.47 0.796796 17.2254
76 4.53 0.857181 17.9166
77 4.59 0.898214 18.6602
78 4.65 0.968399 19.483
79 4.71 1.02166 20.3736
80 4.77 1.06189 21.323
81 4.83 1.12119 22.3508
82 4.89 1.14472 23.4264
83 4.95 1.15785 24.5412
84 5.01 1.22154 25.746
85 5.07 1.26843 27.0272
86 5.13 1.2577 28.3278
87 5.19 1.29775 29.7014
88 5.25 1.29633 31.1054
89 5.31 1.295 32.5402
90 5.37 1.28458 33.9958
91 5.43 1.26239 35.4584
92 5.49 1.22498 36.9092
93 5.55 1.23466 38.4036
94 5.61 1.16618 39.8458
95 5.67 1.13055 41.274
96 5.73 1.0822 42.6702
97 5.79 1.05093 44.0546
98 5.85 1.01074 45.4138
99 5.91 0.978664 46.757
100 5.97 0.941098 48.075
101 6.03 0.911265 49.377
102 6.09 0.902867 50.6928
103 6.15 0.863805 51.9766
104 6.21 0.843498 53.2548
105 6.27 0.833905 54.543
106 6.33 0.823761 55.84
107 6.39 0.811355 57.1418
108 6.45 0.815661 58.4752
109 6.51 0.823874 59.8472
110 6.57 0.825521 61.2474
111 6.63 0.843068 62.7036
112 6.69 0.87737 64.2466
113 6.75 0.88005 65.8222
114 6.81 0.907743 67.4764
115 6.87 0.914387 69.1722
116 6.93 0.952991 70.9706
117 6.99 0.967223 72.8276
118 7.05 0.983599 74.7486
119 7.11 1.01771 76.7702
120 7.17 1.05629 78.904
121 7.23 1.05665 81.0744
122 7.29 1.0832 83.3364
123 7.35 1.08735 85.6446
124 7.41 1.12394 88.0696
125 7.47 1.11025 90.504
126 7.53 1.10977 92.9766
127 7.59 1.11058 95.4906
128 7.65 1.11497 98.0546
129 7.71 1.10514 100.636
130 7.77 1.10078 103.247
131 7.83 1.08074 105.851
132 7.89 1.09453 108.528
133 7.95 1.07469 111.197
134 8.01 1.06238 113.876
135 8.07 1.03351 116.521
136 8.13 1.04118 119.225
137 8.19 1.02652 121.93
138 8.25 1.0079 124.626
139 8.31 0.989565 127.311
140 8.37 0.974339 129.993
141 8.43 0.949561 132.645
142 8.49 0.962243 135.37
143 8.55 0.958603 138.124
144 8.61 0.935402 140.849
145 8.67 0.939834 143.625
146 8.73 0.927428 146.402
147 8.79 0.915073 149.18
148 8.85 0.941504 152.078
149 8.91 0.92643 154.968
150 8.97 0.935522 157.926
151 9.03 0.92438 160.888
152 9.09 0.94739 163.964
153 9.15 0.944854 167.072
154 9.21 0.962046 170.279
155 9.27 0.965684 173.539
156 9.33 0.983942 176.905
157 9.39 0.982087 180.308
158 9.45 0.990744 183.784
159 9.51 1.01188 187.38
160 9.57 1.00573 191
161 9.63 1.03879 194.785
162 9.69 1.04326 198.634
163 9.75 1.02232 202.453
164 9.81 1.03868 206.381
165 9.87 1.06674 210.464
166 9.93 1.04511 214.514
167 9.99 1.05606 218.655
168 10.05 1.0518 222.829
169 10.11 1.03875 227.001
170 10.17 1.0536 231.283
171 10.23 1.05164 235.608
172 10.29 1.03998 239.935
173 10.35 1.03267 244.282
174 10.41 1.02939 248.665
175 10.47 1.03397 253.119
176 10.53 1.01231 257.53
177 10.59 1.00649 261.965
178 10.65 1.00811 266.458
179 10.71 0.988948 270.915
180 10.77 1.00008 275.474
181 10.83 0.987202 280.023
182 10.89 0.971547 284.551
183 10.95 0.965089 289.098
184 11.01 0.971394 293.725
185 11.07 0.957944 298.338
186 11.13 0.966503 303.042
187 11.19 0.963076 307.781
188 11.25 0.961236 312.561
189 11.31 0.957868 317.376
190 11.37 0.97818 322.345
191 11.43 0.969301 327.321
192 11.49 0.980948 332.41
193 11.55 0.977536 337.534
194 11.61 0.980901 342.729
195 11.67 0.99162 348.036
196 11.73 0.990565 353.391
197 11.79 1.00867 358.901
198 11.85 1.00243 364.432
199 11.91 1.0024 370.019
200 11.97 1.00488 375.677
75000 200
1 0.03 0 0
2 0.09 0 0
3 0.15 0 0
4 0.21 0 0
5 0.27 0 0
6 0.33 0 0
7 0.39 0 0
8 0.45 0 0
9 0.51 0 0
10 0.57 0 0
11 0.63 0 0
12 0.69 0 0
13 0.75 0 0
14 0.81 0 0
15 0.87 0 0
16 0.93 0 0
17 0.99 0 0
18 1.05 0 0
19 1.11 0 0
20 1.17 0 0
21 1.23 0 0
22 1.29 0 0
23 1.35 0 0
24 1.41 0 0
25 1.47 0 0
26 1.53 0 0
27 1.59 0 0
28 1.65 0 0
29 1.71 0 0
30 1.77 0 0
31 1.83 0 0
32 1.89 0 0
33 1.95 0 0
34 2.01 0 0
35 2.07 0 0
36 2.13 0 0
37 2.19 0 0
38 2.25 0 0
39 2.31 0.00190758 0.0004
40 2.37 0.0507423 0.0116
41 2.43 0.262024 0.0724
42 2.49 0.721557 0.2482
43 2.55 1.39557 0.6048
44 2.61 2.14205 1.1782
45 2.67 2.57446 1.8994
46 2.73 2.94058 2.7606
47 2.79 2.91355 3.6518
48 2.85 2.75708 4.5318
49 2.91 2.41677 5.336
50 2.97 2.19144 6.0956
51 3.03 1.88598 6.776
52 3.09 1.645 7.3932
53 3.15 1.50138 7.9786
54 3.21 1.26499 8.4908
55 3.27 1.13523 8.9678
56 3.33 1.00151 9.4042
57 3.39 0.954417 9.8352
58 3.45 0.833421 10.225
59 3.51 0.756424 10.5912
60 3.57 0.674504 10.929
61 3.63 0.679043 11.2806
62 3.69 0.628732 11.617
63 3.75 0.614203 11.9564
64 3.81 0.580986 12.2878
65 3.87 0.586899 12.6332
66 3.93 0.571752 12.9802
67 3.99 0.59401 13.3518
68 4.05 0.610984 13.7456
69 4.11 0.584537 14.1336
70 4.17 0.647744 14.5762
71 4.23 0.65766 15.0386
72 4.29 0.693045 15.5398
73 4.35 0.736461 16.0874
74 4.41 0.770208 16.676
75 4.47 0.795777 17.3008
76 4.53 0.859166 17.9936
77 4.59 0.924546 18.759
78 4.65 0.94533 19.5622
79 4.71 0.993211 20.428
80 4.77 1.03907 21.357
81 4.83 1.08934 22.3556
82 4.89 1.16281 23.4482
83 4.95 1.17862 24.583
84 5.01 1.21951 25.7858
85 5.07 1.23754 27.0358
86 5.13 1.25054 28.329
87 5.19 1.28226 29.6862
88 5.25 1.27565 31.0678
89 5.31 1.29915 32.5072
90 5.37 1.26852 33.9446
91 5.43 1.26084 35.4054
92 5.49 1.25183 36.888
93 5.55 1.19451 38.3338
94 5.61 1.17185 39.783
95 5.67 1.12153 41.1998
96 5.73 1.08623 42.6012
97 5.79 1.0444 43.977
98 5.85 1.02323 45.353
99 5.91 0.984202 46.7038
100 5.97 0.941526 48.0224
101 6.03 0.916304 49.3316
102 6.09 0.88187 50.6168
103 6.15 0.867303 51.9058
104 6.21 0.849569 53.1932
105 6.27 0.849959 54.5062
106 6.33 0.828969 55.8114
107 6.39 0.826064 57.1368
108 6.45 0.818597 58.475
109 6.51 0.841408 59.8762
110 6.57 0.850047 61.318
111 6.63 0.862405 62.8076
112 6.69 0.870319 64.3382
113 6.75 0.883066 65.9192
114 6.81 0.899402 67.5582
115 6.87 0.934446 69.2912
116 6.93 0.962742 71.108
117 6.99 0.987536 73.004
118 7.05 0.997731 74.9526
119 7.11 1.02194 76.9826
120 7.17 1.0354 79.0742
121 7.23 1.05587 81.243
122 7.29 1.04776 83.431
123 7.35 1.06775 85.6976
124 7.41 1.09178 88.0532
125 7.47 1.09766 90.46
126 7.53 1.11049 92.9342
127 7.59 1.08726 95.3954
128 7.65 1.11245 97.9536
129 7.71 1.10882 100.544
130 7.77 1.11039 103.178
131 7.83 1.07933 105.778
132 7.89 1.07532 108.408
133 7.95 1.06197 111.046
134 8.01 1.06056 113.72
135 8.07 1.04836 116.402
136 8.13 1.03071 119.079
137 8.19 1.03372 121.804
138 8.25 1.0076 124.499
139 8.31 0.993029 127.193
140 8.37 0.990177 129.919
141 8.43 0.965891 132.616
142 8.49 0.952852 135.315
143 8.55 0.933398 137.996
144 8.61 0.954764 140.778
145 8.67 0.946605 143.574
146 8.73 0.937979 146.383
147 8.79 0.934506 149.22
148 8.85 0.946378 152.132
149 8.91 0.935021 155.049
150 8.97 0.93976 158.02
151 9.03 0.939173 161.03
152 9.09 0.936364 164.07
153 9.15 0.955189 167.212
154 9.21 0.957666 170.404
155 9.27 0.974568 173.695
156 9.33 0.976399 177.035
157 9.39 0.993863 180.478
158 9.45 1.00425 184.002
159 9.51 1.00929 187.589
160 9.57 1.00418 191.203
161 9.63 1.02205 194.927
162 9.69 1.02982 198.727
163 9.75 1.04995 202.649
164 9.81 1.04011 206.582
165 9.87 1.04338 210.576
166 9.93 1.03871 214.601
167 9.99 1.03902 218.675
168 10.05 1.03371 222.778
169 10.11 1.04383 226.97
170 10.17 1.03352 231.171
171 10.23 1.04094 235.451
172 10.29 1.03715 239.766
173 10.35 1.03091 244.106
174 10.41 1.02634 248.476
175 10.47 1.01289 252.839
176 10.53 1.01318 257.254
177 10.59 0.998462 261.654
178 10.65 1.01076 266.158
179 10.71 1.01087 270.715
180 10.77 1.00218 275.282
181 10.83 0.969323 279.75
182 10.89 0.98541 284.342
183 10.95 0.989413 289.003
184 11.01 0.975677 293.651
185 11.07 0.978586 298.363
186 11.13 0.966051 303.065
187 11.19 0.972832 307.852
188 11.25 0.980218 312.727
189 11.31 0.966025 317.582
190 11.37 0.97629 322.542
191 11.43 0.970937 327.526
192 11.49 0.977132 332.595
193 11.55 0.981504 337.74
194 11.61 0.987283 342.969
195 11.67 0.989453 348.264
196 11.73 0.995448 353.646
197 11.79 0.99878 359.102
198 11.85 0.999928 364.619
199 11.91 1.00341 370.212
200 11.97 0.999873 375.841
76000 200
1 0.03 0 0
2 0.09 0 0
3 0.15 0 0
4 0.21 0 0
5 0.27 0 0
6 0.33 0 0
7 0.39 0 0
8 0.45 0 0
9 0.51 0 0
10 0.57 0 0
11 0.63 0 0
12 0.69 0 0
13 0.75 0 0
14 0.81 0 0
15 0.87 0 0
16 0.93 0 0
17 0.99 0 0
18 1.05 0 0
19 1.11 0 0
20 1.17 0 0
21 1.23 0 0
22 1.29 0 0
23 1.35 0 0
24 1.41 0 0
25 1.47 0 0
26 1.53 0 0
27 1.59 0 0
28 1.65 0 0
29 1.71 0 0
30 1.77 0 0
31 1.83 0 0
32 1.89 0 0
33 1.95 0 0
34 2.01 0 0
35 2.07 0 0
36 2.13 0 0
37 2.19 0 0
38 2.25 0 0
39 2.31 0.00286137 0.0006
40 2.37 0.0561789 0.013
41 2.43 0.253405 0.0718
42 2.49 0.739617 0.252
43 2.55 1.43706 0.6192
44 2.61 2.09199 1.1792
45 2.67 2.7094 1.9382
46 2.73 2.8798 2.7816
47 2.79 2.80174 3.6386
48 2.85 2.74454 4.5146
49 2.91 2.38972 5.3098
50 2.97 2.20298 6.0734
51 3.03 1.93587 6.7718
52 3.09 1.7095 7.4132
53 3.15 1.46086 7.9828
54 3.21 1.29908 8.5088
55 3.27 1.16521 8.9984
56 3.33 0.996463 9.4326
57 3.39 0.920315 9.8482
58 3.45 0.811185 10.2276
59 3.51 0.776254 10.6034
60 3.57 0.698066 10.953
61 3.63 0.680202 11.3052
62 3.69 0.619387 11.6366
63 3.75 0.589591 11.9624
64 3.81 0.577479 12.2918
65 3.87 0.582821 12.6348
66 3.93 0.58065 12.9872
67 3.99 0.573868 13.3462
68 4.05 0.589573 13.7262
69 4.11 0.576101 14.1086
70 4.17 0.614669 14.5286
71 4.23 0.659651 14.9924
72 4.29 0.669814 15.4768
73 4.35 0.724895 16.0158
74 4.41 0.786958 16.6172
75 4.47 0.808768 17.2522
76 4.53 0.868591 17.9526
77 4.59 0.901354 18.6988
78 4.65 0.9571 19.512
79 4.71 1.01501 20.3968
80 4.77 1.05316 21.3384
81 4.83 1.12752 22.372
82 4.89 1.18495 23.4854
83 4.95 1.18797 24.6292
84 5.01 1.23776 25.85
85 5.07 1.23834 27.1008
86 5.13 1.2252 28.3678
87 5.19 1.28623 29.7292
88 5.25 1.29245 31.129
89 5.31 1.26973 32.5358
90 5.37 1.27593 33.9816
91 5.43 1.26135 35.443
92 5.49 1.25538 36.9298
93 5.55 1.20195 38.3846
94 5.61 1.1492 39.8058
95 5.67 1.11425 41.2134
96 5.73 1.07398 42.599
97 5.79 1.05806 43.9928
98 5.85 1.01937 45.3636
99 5.91 0.972253 46.698
100 5.97 0.926103 47.995
101 6.03 0.935901 49.3322
102 6.09 0.894221 50.6354
103 6.15 0.857749 51.9102
104 6.21 0.836239 53.1774
105 6.27 0.825749 54.453
106 6.33 0.833542 55.7654
107 6.39 0.818211 57.0782
108 6.45 0.829119 58.4336
109 6.51 0.822073 59.8026
110 6.57 0.83802 61.224
111 6.63 0.863447 62.7154
112 6.69 0.884875 64.2716
113 6.75 0.893679 65.8716
114 6.81 0.912462 67.5344
115 6.87 0.951053 69.2982
116 6.93 0.945149 71.0818
117 6.99 0.969723 72.9436
118 7.05 1.00766 74.9116
119 7.11 1.02416 76.946
120 7.17 1.02847 79.0236
121 7.23 1.06912 81.2196
122 7.29 1.08607 83.4876
123 7.35 1.07727 85.7744
124 7.41 1.07621 88.0964
125 7.47 1.10012 90.5086
126 7.53 1.10932 92.9802
127 7.59 1.10952 95.4918
128 7.65 1.11654 98.0594
129 7.71 1.10616 100.643
130 7.77 1.10087 103.255
131 7.83 1.08356 105.865
132 7.89 1.06355 108.467
133 7.95 1.0461 111.065
134 8.01 1.0554 113.726
135 8.07 1.03547 116.375
136 8.13 1.03125 119.054
137 8.19 1.0335 121.778
138 8.25 1.00663 124.47
139 8.31 1.00327 127.192
140 8.37 0.975356 129.877
141 8.43 0.986088 132.631
142 8.49 0.95038 135.323
143 8.55 0.964242 138.093
144 8.61 0.932518 140.809
145 8.67 0.935975 143.574
146 8.73 0.928095 146.353
147 8.79 0.93029 149.177
148 8.85 0.940204 152.071
149 8.91 0.929892 154.972
150 8.97 0.938369 157.939
151 9.03 0.952843 160.992
152 9.09 0.944864 164.059
153 9.15 0.950447 167.186
154 9.21 0.950405 170.354
155 9.27 0.955733 173.581
156 9.33 0.99511 176.985
157 9.39 0.988264 180.409
158 9.45 1.012 183.96
159 9.51 1.01396 187.564
160 9.57 1.01646 191.222
161 9.63 1.03149 194.98
162 9.69 1.02873 198.776
163 9.75 1.03972 202.66
164 9.81 1.02784 206.547
165 9.87 1.04448 210.545
166 9.93 1.04769 214.604
167 9.99 1.04203 218.691
168 10.05 1.05019 222.859
169 10.11 1.04144 227.041
170 10.17 1.03268 231.238
171 10.23 1.03977 235.514
172 10.29 1.02499 239.779
173 10.35 1.0233 244.086
174 10.41 1.03235 248.482
175 10.47 1.01289 252.845
176 10.53 1.0174 257.278
177 10.59 1.00645 261.713
178 10.65 0.999987 266.17
179 10.71 0.994184 270.651
180 10.77 0.990158 275.164
181 10.83 0.993668 279.744
182 10.89 0.989916 284.357
183 10.95 0.975065 288.951
184 11.01 0.981178 293.624
185 11.07 0.976344 298.326
186 11.13 0.980267 303.097
187 11.19 0.977547 307.907
188 11.25 0.97881 312.775
189 11.31 0.979275 317.697
190 11.37 0.966802 322.608
191 11.43 0.976197 327.62
192 11.49 0.972929 332.667
193 11.55 0.979368 337.801
194 11.61 0.978862 342.985
195 11.67 0.987808 348.271
196 11.73 0.98398 353.591
197 11.79 0.989553 358.996
198 11.85 0.997608 364.501
199 11.91 1.00093 370.08
200 11.97 1.0166 375.804
77000 200
1 0.03 0 0
2 0.09 0 0
3 0.15 0 0
4 0.21 0 0
5 0.27 0 0
6 0.33 0 0
7 0.39 0 0
8 0.45 0 0
9 0.51 0 0
10 0.57 0 0
11 0.63 0 0
12 0.69 0 0
13 0.75 0 0
14 0.81 0 0
15 0.87 0 0
16 0.93 0 0
17 0.99 0 0
18 1.05 0 0
19 1.11 0 0
20 1.17 0 0
21 1.23 0 0
22 1.29 0 0
23 1.35 0 0
24 1.41 0 0
25 1.47 0 0
26 1.53 0 0
27 1.59 0 0
28 1.65 0 0
29 1.71 0 0
30 1.77 0 0
31 1.83 0 0
32 1.89 0 0
33 1.95 0 0
34 2.01 0 0
35 2.07 0 0
36 2.13 0 0
37 2.19 0 0
38 2.25 0 0
39 2.31 0.00190758 0.0004
40 2.37 0.0534606 0.0122
41 2.43 0.252543 0.0708
42 2.49 0.708423 0.2434
43 2.55 1.41905 0.606
44 2.61 2.10693 1.17
45 2.67 2.65228 1.913
46 2.73 2.88936 2.7592
47 2.79 2.87758 3.6394
48 2.85 2.71384 4.5056
49 2.91 2.47266 5.3284
50 2.97 2.15278 6.0746
51 3.03 1.93643 6.7732
52 3.09 1.74735 7.4288
53 3.15 1.47471 8.0038
54 3.21 1.27685 8.5208
55 3.27 1.15427 9.0058
56 3.33 0.984071 9.4346
57 3.39 0.898171 9.8402
58 3.45 0.852664 10.239
59 3.51 0.749814 10.602
60 3.57 0.722027 10.9636
61 3.63 0.654709 11.3026
62 3.69 0.602566 11.625
63 3.75 0.628318 11.9722
64 3.81 0.573973 12.2996
65 3.87 0.588598 12.646
66 3.93 0.587899 13.0028
67 3.99 0.573229 13.3614
68 4.05 0.602916 13.75
69 4.11 0.605327 14.1518
70 4.17 0.605303 14.5654
71 4.23 0.621534 15.0024
72 4.29 0.684471 15.4974
73 4.35 0.735923 16.0446
74 4.41 0.746393 16.615
75 4.47 0.798069 17.2416
76 4.53 0.852221 17.9288
77 4.59 0.926237 18.6956
78 4.65 0.947449 19.5006
79 4.71 1.00216 20.3742
80 4.77 1.05361 21.3162
81 4.83 1.11814 22.3412
82 4.89 1.16026 23.4314
83 4.95 1.19046 24.5776
84 5.01 1.2264 25.7872
85 5.07 1.24982 27.0496
86 5.13 1.2604 28.353
87 5.19 1.27886 29.7066
88 5.25 1.28673 31.1002
89 5.31 1.29753 32.5378
90 5.37 1.30417 34.0156
91 5.43 1.26291 35.4788
92 5.49 1.22617 36.931
93 5.55 1.19104 38.3726
94 5.61 1.17686 39.828
95 5.67 1.13166 41.2576
96 5.73 1.08964 42.6634
97 5.79 1.05715 44.056
98 5.85 1.01401 45.4196
99 5.91 0.958846 46.7356
100 5.97 0.933958 48.0436
101 6.03 0.904406 49.3358
102 6.09 0.881458 50.6204
103 6.15 0.871071 51.915
104 6.21 0.856036 53.2122
105 6.27 0.827043 54.4898
106 6.33 0.839893 55.8122
107 6.39 0.815469 57.1206
108 6.45 0.832544 58.4816
109 6.51 0.839367 59.8794
110 6.57 0.825993 61.2804
111 6.63 0.856963 62.7606
112 6.69 0.863723 64.2796
113 6.75 0.885524 65.865
114 6.81 0.901487 67.5078
115 6.87 0.903603 69.1836
116 6.93 0.925648 70.9304
117 6.99 0.980244 72.8124
118 7.05 0.990256 74.7464
119 7.11 1.02355 76.7796
120 7.17 1.05164 78.904
121 7.23 1.06766 81.097
122 7.29 1.07381 83.3394
123 7.35 1.10949 85.6946
124 7.41 1.10707 88.0832
125 7.47 1.12366 90.547
126 7.53 1.10923 93.0184
127 7.59 1.11827 95.5498
128 7.65 1.09297 98.0632
129 7.71 1.09743 100.627
130 7.77 1.09707 103.229
131 7.83 1.09709 105.872
132 7.89 1.08276 108.521
133 7.95 1.06052 111.155
134 8.01 1.0604 113.828
135 8.07 1.04359 116.499
136 8.13 1.03833 119.195
137 8.19 1.00603 121.847
138 8.25 1.00625 124.538
139 8.31 0.979763 127.197
140 8.37 0.986908 129.914
141 8.43 0.973769 132.633
142 8.49 0.960619 135.354
143 8.55 0.955609 138.099
144 8.61 0.942611 140.844
145 8.67 0.945861 143.638
146 8.73 0.926693 146.413
147 8.79 0.917247 149.198
148 8.85 0.933381 152.071
149 8.91 0.929571 154.971
150 8.97 0.928627 157.907
151 9.03 0.940359 160.92
152 9.09 0.947821 163.997
153 9.15 0.949171 167.12
154 9.21 0.954965 170.303
155 9.27 0.970659 173.58
156 9.33 0.965933 176.884
157 9.39 0.980529 180.281
158 9.45 1.01257 183.835
159 9.51 0.999611 187.387
160 9.57 1.02268 191.067
161 9.63 1.02535 194.804
162 9.69 1.01415 198.546
163 9.75 1.06601 202.528
164 9.81 1.03805 206.453
165 9.87 1.04584 210.456
166 9.93 1.06101 214.567
167 9.99 1.05447 218.703
168 10.05 1.04938 222.867
169 10.11 1.04398 227.06
170 10.17 1.04784 231.319
171 10.23 1.04629 235.622
172 10.29 1.03849 239.942
173 10.35 1.02625 244.262
174 10.41 1.01798 248.597
175 10.47 1.0225 253.001
176 10.53 1.01084 257.406
177 10.59 1.01557 261.881
178 10.65 1.00151 266.345
179 10.71 1.00426 270.871
180 10.77 0.986823 275.369
181 10.83 0.982081 279.895
182 10.89 0.968586 284.409
183 10.95 0.980668 289.029
184 11.01 0.97257 293.662
185 11.07 0.96866 298.326
186 11.13 0.975172 303.073
187 11.19 0.970027 307.846
188 11.25 0.965097 312.645
189 11.31 0.963439 317.488
190 11.37 0.969479 322.413
191 11.43 0.979976 327.443
192 11.49 0.977286 332.513
193 11.55 0.981886 337.66
194 11.61 0.980108 342.851
195 11.67 0.98452 348.12
196 11.73 0.994375 353.496
197 11.79 0.999732 358.957
198 11.85 0.988981 364.414
199 11.91 0.997988 369.976
200 11.97 1.01057 375.666
78000 200
1 0.03 0 0
2 0.09 0 0
3 0.15 0 0
4 0.21 0 0
5 0.27 0 0
6 0.33 0 0
7 0.39 0 0
8 0.45 0 0
9 0.51 0 0
10 0.57 0 0
11 0.63 0 0
12 0.69 0 0
13 0.75 0 0
14 0.81 0 0
15 0.87 0 0
16 0.93 0 0
17 0.99 0 0
18 1.05 0 0
19 1.11 0 0
20 1.17 0 0
21 1.23 0 0
22 1.29 0 0
23 1.35 0 0
24 1.41 0 0
25 1.47 0 0
26 1.53 0 0
27 1.59 0 0
28 1.65 0 0
29 1.71 0 0
30 1.77 0 0
31 1.83 0 0
32 1.89 0 0
33 1.95 0 0
34 2.01 0 0
35 2.07 0 0
36 2.13 0 0
37 2.19 0 0
38 2.25 0 0
39 2.31 0.00286137 0.0006
40 2.37 0.0561789 0.013
41 2.43 0.243923 0.0696
42 2.49 0.746184 0.2514
43 2.55 1.43001 0.6168
44 2.61 2.20257 1.2064
45 2.67 2.60373 1.9358
46 2.73 2.82312 2.7626
47 2.79 2.91028 3.6528
48 2.85 2.64867 4.4982
49 2.91 2.46725 5.3192
50 2.97 2.22375 6.09
51 3.03 1.94862 6.793
52 3.09 1.68179 7.424
53 3.15 1.45162 7.99
54 3.21 1.28031 8.5084
55 3.27 1.15093 8.992
56 3.33 0.986366 9.4218
57 3.39 0.86584 9.8128
58 3.45 0.837697 10.2046
59 3.51 0.769231 10.577
60 3.57 0.710845 10.933
61 3.63 0.652005 11.2706
62 3.69 0.634713 11.6102
63 3.75 0.631576 11.9592
64 3.81 0.584492 12.2926
65 3.87 0.588258 12.6388
66 3.93 0.569775 12.9846
67 3.99 0.59401 13.3562
68 4.05 0.575299 13.727
69 4.11 0.596288 14.1228
70 4.17 0.619352 14.546
71 4.23 0.650549 15.0034
72 4.29 0.699129 15.509
73 4.35 0.712522 16.0388
74 4.41 0.756599 16.617
75 4.47 0.815391 17.2572
76 4.53 0.831139 17.9274
77 4.59 0.906669 18.678
78 4.65 0.968399 19.5008
79 4.71 0.987705 20.3618
80 4.77 1.09253 21.3386
81 4.83 1.11858 22.364
82 4.89 1.16217 23.456
83 4.95 1.19337 24.605
84 5.01 1.23979 25.8278
85 5.07 1.24447 27.0848
86 5.13 1.27491 28.4032
87 5.19 1.29039 29.769
88 5.25 1.27436 31.1492
89 5.31 1.30493 32.595
90 5.37 1.26816 34.032
91 5.43 1.24236 35.4714
92 5.49 1.23309 36.9318
93 5.55 1.20211 38.3868
94 5.61 1.16457 39.827
95 5.67 1.10538 41.2234
96 5.73 1.06809 42.6014
97 5.79 1.04273 43.975
98 5.85 0.991555 45.3084
99 5.91 0.980413 46.654
100 5.97 0.938528 47.9684
101 6.03 0.919803 49.2826
102 6.09 0.892848 50.5838
103 6.15 0.879953 51.8916
104 6.21 0.854584 53.1866
105 6.27 0.831575 54.4712
106 6.33 0.819823 55.762
107 6.39 0.832297 57.0974
108 6.45 0.828752 58.4522
109 6.51 0.85534 59.8766
110 6.57 0.845684 61.311
111 6.63 0.864026 62.8034
112 6.69 0.869523 64.3326
113 6.75 0.857708 65.8682
114 6.81 0.906645 67.5204
115 6.87 0.929916 69.245
116 6.93 0.932113 71.004
117 6.99 0.98462 72.8944
118 7.05 1.00295 74.8532
119 7.11 1.00785 76.8552
120 7.17 1.02946 78.9348
121 7.23 1.07476 81.1424
122 7.29 1.07841 83.3944
123 7.35 1.09234 85.7132
124 7.41 1.10225 88.0914
125 7.47 1.1232 90.5542
126 7.53 1.09972 93.0044
127 7.59 1.12463 95.5502
128 7.65 1.09923 98.078
129 7.71 1.09872 100.644
130 7.77 1.09437 103.241
131 7.83 1.08896 105.864
132 7.89 1.08407 108.516
133 7.95 1.06036 111.149
134 8.01 1.05889 113.819
135 8.07 1.04313 116.488
136 8.13 1.02332 119.146
137 8.19 1.01559 121.823
138 8.25 0.989279 124.469
139 8.31 1.00467 127.195
140 8.37 0.977391 129.885
141 8.43 0.967753 132.588
142 8.49 0.95723 135.299
143 8.55 0.955887 138.045
144 8.61 0.943504 140.793
145 8.67 0.930829 143.543
146 8.73 0.927227 146.319
147 8.79 0.942411 149.181
148 8.85 0.939944 152.073
149 8.91 0.929764 154.974
150 8.97 0.936028 157.933
151 9.03 0.933306 160.924
152 9.09 0.949484 164.006
153 9.15 0.950022 167.132
154 9.21 0.957486 170.323
155 9.27 0.974391 173.613
156 9.33 0.963536 176.909
157 9.39 0.993113 180.35
158 9.45 0.996443 183.847
159 9.51 0.999555 187.399
160 9.57 1.01952 191.068
161 9.63 1.02398 194.799
162 9.69 1.02906 198.596
163 9.75 1.04524 202.5
164 9.81 1.05973 206.508
165 9.87 1.04506 210.508
166 9.93 1.04681 214.564
167 9.99 1.05708 218.71
168 10.05 1.05034 222.878
169 10.11 1.03432 227.032
170 10.17 1.0504 231.301
171 10.23 1.04376 235.594
172 10.29 1.0345 239.898
173 10.35 1.01509 244.171
174 10.41 1.0277 248.547
175 10.47 1.02023 252.941
176 10.53 1.01786 257.376
177 10.59 1.01258 261.838
178 10.65 1.00802 266.331
179 10.71 0.990634 270.796
180 10.77 0.994766 275.33
181 10.83 0.987115 279.879
182 10.89 0.982577 284.458
183 10.95 0.983512 289.092
184 11.01 0.970093 293.713
185 11.07 0.96704 298.369
186 11.13 0.969461 303.088
187 11.19 0.95832 307.804
188 11.25 0.965861 312.607
189 11.31 0.970641 317.486
190 11.37 0.97755 322.452
191 11.43 0.980482 327.485
192 11.49 0.977478 332.556
193 11.55 0.966205 337.621
194 11.61 0.993476 342.883
195 11.67 0.983025 348.143
196 11.73 0.991527 353.504
197 11.79 1.00186 358.976
198 11.85 0.982167 364.396
199 11.91 1.00459 369.995
200 11.97 1.0052 375.654
79000 200
1 0.03 0 0
2 0.09 0 0
3 0.15 0 0
4 0.21 0 0
5 0.27 0 0
6 0.33 0 0
7 0.39 0 0
8 0.45 0 0
9 0.51 0 0
10 0.57 0 0
11 0.63 0 0
12 0.69 0 0
13 0.75 0 0
14 0.81 0 0
15 0.87 0 0
16 0.93 0 0
17 0.99 0 0
18 1.05 0 0
19 1.11 0 0
20 1.17 0 0
21 1.23 0 0
22 1.29 0 0
23 1.35 0 0
24 1.41 0 0
25 1.47 0 0
26 1.53 0 0
27 1.59 0 0
28 1.65 0 0
29 1.71 0 0
30 1.77 0 0
31 1.83 0 0
32 1.89 0 0
33 1.95 0 0
34 2.01 0 0
35 2.07 0 0
36 2.13 0 0
37 2.19 0 0
38 2.25 0.00201067 0.0004
39 2.31 0.00572275 0.0016
40 2.37 0.0625217 0.0154
41 2.43 0.2422 0.0716
42 2.49 0.731408 0.2498
43 2.55 1.43862 0.6174
44 2.61 2.06061 1.169
45 2.67 2.69155 1.923
46 2.73 2.85317 2.7586
47 2.79 2.88674 3.6416
48 2.85 2.69567 4.502
49 2.91 2.53457 5.3454
50 2.97 2.16086 6.0944
51 3.03 1.92645 6.7894
52 3.09 1.68232 7.4206
53 3.15 1.46445 7.9916
54 3.21 1.28278 8.511
55 3.27 1.14617 8.9926
56 3.33 1.02217 9.438
57 3.39 0.903043 9.8458
58 3.45 0.823586 10.231
59 3.51 0.731224 10.585
60 3.57 0.717634 10.9444
61 3.63 0.660117 11.2862
62 3.69 0.629853 11.6232
63 3.75 0.613117 11.962
64 3.81 0.585193 12.2958
65 3.87 0.593696 12.6452
66 3.93 0.590865 13.0038
67 3.99 0.549571 13.3476
68 4.05 0.580884 13.722
69 4.11 0.577306 14.1052
70 4.17 0.593595 14.5108
71 4.23 0.680417 14.9892
72 4.29 0.665389 15.4704
73 4.35 0.732157 16.0148
74 4.41 0.753982 16.591
75 4.47 0.803164 17.2216
76 4.53 0.862638 17.9172
77 4.59 0.936142 18.6922
78 4.65 0.959924 19.5078
79 4.71 1.03107 20.4066
80 4.77 1.04466 21.3406
81 4.83 1.12032 22.3676
82 4.89 1.15962 23.4572
83 4.95 1.17135 24.585
84 5.01 1.24465 25.8126
85 5.07 1.26883 27.0942
86 5.13 1.26311 28.4004
87 5.19 1.26639 29.7408
88 5.25 1.30907 31.1586
89 5.31 1.30655 32.6062
90 5.37 1.29587 34.0746
91 5.43 1.2579 35.532
92 5.49 1.23039 36.9892
93 5.55 1.19005 38.4296
94 5.61 1.13578 39.8342
95 5.67 1.1201 41.2492
96 5.73 1.07615 42.6376
97 5.79 1.03271 43.998
98 5.85 0.979657 45.3154
99 5.91 0.987116 46.6702
100 5.97 0.933101 47.977
101 6.03 0.916024 49.2858
102 6.09 0.88681 50.5782
103 6.15 0.856269 51.8508
104 6.21 0.835051 53.1162
105 6.27 0.837271 54.4096
106 6.33 0.832907 55.721
107 6.39 0.819707 57.0362
108 6.45 0.82973 58.3926
109 6.51 0.846332 59.802
110 6.57 0.836133 61.2202
111 6.63 0.874911 62.7314
112 6.69 0.869523 64.2606
113 6.75 0.893008 65.8594
114 6.81 0.916413 67.5294
115 6.87 0.929593 69.2534
116 6.93 0.945678 71.038
117 6.99 0.992328 72.9432
118 7.05 0.999165 74.8946
119 7.11 1.02647 76.9336
120 7.17 1.03897 79.0324
121 7.23 1.06337 81.2166
122 7.29 1.07534 83.4622
123 7.35 1.08933 85.7746
124 7.41 1.08853 88.1232
125 7.47 1.10605 90.5484
126 7.53 1.10645 93.0136
127 7.59 1.10952 95.5252
128 7.65 1.11036 98.0786
129 7.71 1.10916 100.669
130 7.77 1.11022 103.303
131 7.83 1.09078 105.931
132 7.89 1.07859 108.569
133 7.95 1.05303 111.185
134 8.01 1.06103 113.86
135 8.07 1.03359 116.505
136 8.13 1.02971 119.179
137 8.19 1.0165 121.858
138 8.25 0.985241 124.493
139 8.31 0.979173 127.15
140 8.37 0.96424 129.805
141 8.43 0.968755 132.51
142 8.49 0.963797 135.24
143 8.55 0.948089 137.963
144 8.61 0.93705 140.693
145 8.67 0.944506 143.482
146 8.73 0.933104 146.277
147 8.79 0.925086 149.085
148 8.85 0.927207 151.939
149 8.91 0.945536 154.889
150 8.97 0.937736 157.853
151 9.03 0.943855 160.878
152 9.09 0.959894 163.994
153 9.15 0.9468 167.109
154 9.21 0.964566 170.324
155 9.27 0.986414 173.655
156 9.33 0.976165 176.994
157 9.39 0.99496 180.441
158 9.45 1.01554 184.005
159 9.51 1.00434 187.574
160 9.57 1.02535 191.264
161 9.63 1.04286 195.064
162 9.69 1.03535 198.884
163 9.75 1.022 202.702
164 9.81 1.02652 206.583
165 9.87 1.04088 210.568
166 9.93 1.04687 214.624
167 9.99 1.05223 218.75
168 10.05 1.05568 222.94
169 10.11 1.03691 227.105
170 10.17 1.03697 231.319
171 10.23 1.0457 235.619
172 10.29 1.03239 239.915
173 10.35 1.02801 244.242
174 10.41 1.02169 248.593
175 10.47 1.02009 252.987
176 10.53 1.01387 257.404
177 10.59 1.0045 261.831
178 10.65 0.994827 266.264
179 10.71 0.988371 270.719
180 10.77 0.983927 275.204
181 10.83 0.98321 279.735
182 10.89 0.970817 284.259
183 10.95 0.976211 288.859
184 11.01 0.980884 293.531
185 11.07 0.97165 298.21
186 11.13 0.973734 302.949
187 11.19 0.974701 307.745
188 11.25 0.959788 312.518
189 11.31 0.966383 317.376
190 11.37 0.989952 322.405
191 11.43 0.98282 327.45
192 11.49 0.986384 332.567
193 11.55 0.987418 337.743
194 11.61 0.983733 342.953
195 11.67 0.987509 348.238
196 11.73 0.99271 353.605
197 11.79 0.996363 359.047
198 11.85 0.999819 364.564
199 11.91 1.00592 370.171
200 11.97 1.00303 375.818
80000 200
1 0.03 0 0
2 0.09 0 0
3 0.15 0 0
4 0.21 0 0
5 0.27 0 0
6 0.33 0 0
7 0.39 0 0
8 0.45 0 0
9 0.51 0 0
10 0.57 0 0
11 0.63 0 0
12 0.69 0 0
13 0.75 0 0
14 0.81 0 0
15 0.87 0 0
16 0.93 0 0
17 0.99 0 0
18 1.05 0 0
19 1.11 0 0
20 1.17 0 0
21 1.23 0 0
22 1.29 0 0
23 1.35 0 0
24 1.41 0 0
25 1.47 0 0
26 1.53 0 0
27 1.59 0 0
28 1.65 0 0
29 1.71 0 0
30 1.77 0 0
31 1.83 0 0
32 1.89 0 0
33 1.95 0 0
34 2.01 0 0
35 2.07 0 0
36 2.13 0 0
37 2.19 0 0
38 2.25 0.00100534 0.0002
39 2.31 0 0.0002
40 2.37 0.0507423 0.0114
41 2.43 0.243062 0.0678
42 2.49 0.748647 0.2502
43 2.55 1.42845 0.6152
44 2.61 2.08153 1.1724
45 2.67 2.70012 1.9288
46 2.73 2.91326 2.782
47 2.79 2.81285 3.6424
48 2.85 2.7671 4.5256
49 2.91 2.47206 5.3482
50 2.97 2.19663 6.1096
51 3.03 1.92423 6.8038
52 3.09 1.72923 7.4526
53 3.15 1.44085 8.0144
54 3.21 1.29216 8.5376
55 3.27 1.11619 9.0066
56 3.33 1.01345 9.4482
57 3.39 0.891085 9.8506
58 3.45 0.815034 10.2318
59 3.51 0.732463 10.5864
60 3.57 0.673306 10.9236
61 3.63 0.6887 11.2802
62 3.69 0.610042 11.6066
63 3.75 0.608774 11.943
64 3.81 0.558896 12.2618
65 3.87 0.594036 12.6114
66 3.93 0.571422 12.9582
67 3.99 0.56108 13.3092
68 4.05 0.613776 13.7048
69 4.11 0.614065 14.1124
70 4.17 0.600327 14.5226
71 4.23 0.620681 14.959
72 4.29 0.690002 15.458
73 4.35 0.690735 15.9716
74 4.41 0.783817 16.5706
75 4.47 0.858695 17.2448
76 4.53 0.867599 17.9444
77 4.59 0.910051 18.6978
78 4.65 0.9724 19.524
79 4.71 1.02028 20.4134
80 4.77 1.07665 21.376
81 4.83 1.13559 22.417
82 4.89 1.14834 23.496
83 4.95 1.1942 24.6458
84 5.01 1.21586 25.845
85 5.07 1.22824 27.0856
86 5.13 1.26253 28.3912
87 5.19 1.29001 29.7566
88 5.25 1.27676 31.1394
89 5.31 1.28778 32.5662
90 5.37 1.26587 34.0006
91 5.43 1.27689 35.48
92 5.49 1.21519 36.9192
93 5.55 1.22425 38.401
94 5.61 1.17848 39.8584
95 5.67 1.10617 41.2558
96 5.73 1.08716 42.6584
97 5.79 1.0488 44.04
98 5.85 0.992001 45.374
99 5.91 0.970358 46.7058
100 5.97 0.928959 48.0068
101 6.03 0.914204 49.313
102 6.09 0.885712 50.6038
103 6.15 0.849271 51.866
104 6.21 0.830168 53.124
105 6.27 0.849182 54.4358
106 6.33 0.832653 55.7468
107 6.39 0.823945 57.0688
108 6.45 0.815049 58.4012
109 6.51 0.827357 59.779
110 6.57 0.856533 61.2318
111 6.63 0.859279 62.716
112 6.69 0.862813 64.2334
113 6.75 0.893008 65.8322
114 6.81 0.903572 67.4788
115 6.87 0.938544 69.2194
116 6.93 0.939743 70.9928
117 6.99 0.981078 72.8764
118 7.05 1.00111 74.8316
119 7.11 1.00905 76.836
120 7.17 1.04421 78.9454
121 7.23 1.08392 81.1718
122 7.29 1.06873 83.4036
123 7.35 1.08612 85.7092
124 7.41 1.1055 88.0944
125 7.47 1.12028 90.5508
126 7.53 1.11974 93.0456
127 7.59 1.1112 95.561
128 7.65 1.10854 98.1102
129 7.71 1.10548 100.692
130 7.77 1.10601 103.316
131 7.83 1.10108 105.969
132 7.89 1.06093 108.564
133 7.95 1.07026 111.222
134 8.01 1.06666 113.911
135 8.07 1.0264 116.538
136 8.13 1.02332 119.196
137 8.19 1.02826 121.906
138 8.25 1.00551 124.595
139 8.31 0.980942 127.257
140 8.37 0.976373 129.945
141 8.43 0.967466 132.646
142 8.49 0.955323 135.352
143 8.55 0.929081 138.021
144 8.61 0.940895 140.762
145 8.67 0.939834 143.538
146 8.73 0.928162 146.317
147 8.79 0.914612 149.094
148 8.85 0.924413 151.939
149 8.91 0.930661 154.842
150 8.97 0.944062 157.827
151 9.03 0.937987 160.832
152 9.09 0.929157 163.849
153 9.15 0.966923 167.03
154 9.21 0.959646 170.229
155 9.27 0.96367 173.483
156 9.33 1.00172 176.909
157 9.39 1.00293 180.384
158 9.45 1.0095 183.926
159 9.51 1.00563 187.5
160 9.57 1.01724 191.161
161 9.63 1.02452 194.894
162 9.69 1.03112 198.699
163 9.75 1.04047 202.585
164 9.81 1.03836 206.512
165 9.87 1.04725 210.521
166 9.93 1.04398 214.566
167 9.99 1.05641 218.709
168 10.05 1.0589 222.911
169 10.11 1.05354 227.143
170 10.17 1.03697 231.357
171 10.23 1.04351 235.648
172 10.29 1.0459 240
173 10.35 1.03647 244.363
174 10.41 1.02822 248.741
175 10.47 1.01916 253.131
176 10.53 1.02553 257.599
177 10.59 0.999097 262.002
178 10.65 0.980063 266.37
179 10.71 0.983845 270.804
180 10.77 0.98498 275.294
181 10.83 0.973749 279.782
182 10.89 0.963521 284.272
183 10.95 0.976253 288.871
184 11.01 0.975047 293.516
185 11.07 0.970653 298.19
186 11.13 0.979692 302.958
187 11.19 0.971653 307.739
188 11.25 0.974628 312.586
189 11.31 0.971238 317.468
190 11.37 0.960424 322.347
191 11.43 0.967236 327.312
192 11.49 0.982143 332.407
193 11.55 0.988448 337.589
194 11.61 0.982676 342.793
195 11.67 0.985416 348.067
196 11.73 0.988752 353.413
197 11.79 1.00749 358.916
198 11.85 1.01399 364.511
199 11.91 1.00136 370.092
200 11.97 1.01813 375.824
81000 200
1 0.03 0 0
2 0.09 0 0
3 0.15 0 0
4 0.21 0 0
5 0.27 0 0
6 0.33 0 0
7 0.39 0 0
8 0.45 0 0
9 0.51 0 0
10 0.57 0 0
11 0.63 0 0
12 0.69 0 0
13 0.75 0 0
14 0.81 0 0
15 0.87 0 0
16 0.93 0 0
17 0.99 0 0
18 1.05 0 0
19 1.11 0 0
20 1.17 0 0
21 1.23 0 0
22 1.29 0 0
23 1.35 0 0
24 1.41 0 0
25 1.47 0 0
26 1.53 0 0
27 1.59 0 0
28 1.65 0 0
29 1.71 0 0
30 1.77 0 0
31 1.83 0 0
32 1.89 0 0
33 1.95 0 0
34 2.01 0 0
35 2.07 0 0
36 2.13 0 0
37 2.19 0 0
38 2.25 0 0
39 2.31 0.00476896 0.001
40 2.37 0.0443995 0.0108
41 2.43 0.255128 0.07
42 2.49 0.718274 0.245
43 2.55 1.37992 0.5976
44 2.61 2.09797 1.1592
45 2.67 2.5816 1.8824
46 2.73 2.888 2.7282
47 2.79 2.95801 3.633
48 2.85 2.71948 4.501
49 2.91 2.51233 5.337
50 2.97 2.19548 6.098
51 3.03 1.92866 6.7938
52 3.09 1.66739 7.4194
53 3.15 1.48394 7.998
54 3.21 1.33464 8.5384
55 3.27 1.14094 9.0178
56 3.33 1.03961 9.4708
57 3.39 0.903043 9.8786
58 3.45 0.823158 10.2636
59 3.51 0.744444 10.624
60 3.57 0.670511 10.9598
61 3.63 0.672477 11.308
62 3.69 0.62163 11.6406
63 3.75 0.59502 11.9694
64 3.81 0.593959 12.3082
65 3.87 0.578743 12.6488
66 3.93 0.579002 13.0002
67 3.99 0.587296 13.3676
68 4.05 0.574989 13.7382
69 4.11 0.58755 14.1282
70 4.17 0.610864 14.5456
71 4.23 0.632344 14.9902
72 4.29 0.656263 15.4648
73 4.35 0.729199 16.007
74 4.41 0.758955 16.587
75 4.47 0.787116 17.205
76 4.53 0.873303 17.9092
77 4.59 0.914158 18.666
78 4.65 0.962043 19.4834
79 4.71 1.02464 20.3766
80 4.77 1.06122 21.3254
81 4.83 1.13363 22.3646
82 4.89 1.13386 23.43
83 4.95 1.18112 24.5672
84 5.01 1.22539 25.7758
85 5.07 1.24982 27.0382
86 5.13 1.28245 28.3644
87 5.19 1.28831 29.728
88 5.25 1.30409 31.1404
89 5.31 1.27713 32.5554
90 5.37 1.27893 34.0046
91 5.43 1.2667 35.4722
92 5.49 1.23056 36.9296
93 5.55 1.21583 38.4012
94 5.61 1.17282 39.8516
95 5.67 1.13578 41.2864
96 5.73 1.09274 42.6962
97 5.79 1.05913 44.0914
98 5.85 0.993339 45.4272
99 5.91 0.966278 46.7534
100 5.97 0.936957 48.0656
101 6.03 0.895587 49.3452
102 6.09 0.875145 50.6206
103 6.15 0.872417 51.9172
104 6.21 0.859996 53.2204
105 6.27 0.831186 54.5044
106 6.33 0.834939 55.819
107 6.39 0.823696 57.1406
108 6.45 0.826916 58.4924
109 6.51 0.796372 59.8186
110 6.57 0.847099 61.2554
111 6.63 0.840405 62.707
112 6.69 0.877711 64.2506
113 6.75 0.882731 65.831
114 6.81 0.887878 67.449
115 6.87 0.934985 69.183
116 6.93 0.944407 70.9652
117 6.99 0.975661 72.8384
118 7.05 1.01094 74.8128
119 7.11 1.00966 76.8184
120 7.17 1.04342 78.9262
121 7.23 1.05393 81.091
122 7.29 1.08463 83.356
123 7.35 1.10817 85.7084
124 7.41 1.09808 88.0776
125 7.47 1.11417 90.5206
126 7.53 1.10573 92.9842
127 7.59 1.11703 95.5128
128 7.65 1.10115 98.045
129 7.71 1.11421 100.648
130 7.77 1.11612 103.295
131 7.83 1.09228 105.927
132 7.89 1.07025 108.545
133 7.95 1.06744 111.196
134 8.01 1.07325 113.902
135 8.07 1.03468 116.549
136 8.13 1.02563 119.213
137 8.19 1.03281 121.935
138 8.25 0.999749 124.609
139 8.31 0.984996 127.282
140 8.37 0.974484 129.965
141 8.43 0.9588 132.642
142 8.49 0.960266 135.362
143 8.55 0.957558 138.112
144 8.61 0.934166 140.834
145 8.67 0.935298 143.596
146 8.73 0.934707 146.395
147 8.79 0.925284 149.205
148 8.85 0.925322 152.052
149 8.91 0.914248 154.904
150 8.97 0.925527 157.831
151 9.03 0.94373 160.854
152 9.09 0.946651 163.928
153 9.15 0.948016 167.047
154 9.21 0.969606 170.279
155 9.27 0.970481 173.556
156 9.33 0.965114 176.857
157 9.39 0.986474 180.275
158 9.45 1.00317 183.795
159 9.51 1.01644 187.407
160 9.57 1.01929 191.075
161 9.63 1.03089 194.832
162 9.69 1.03182 198.639
163 9.75 1.04401 202.539
164 9.81 1.04603 206.494
165 9.87 1.04495 210.494
166 9.93 1.05853 214.596
167 9.99 1.0483 218.707
168 10.05 1.04681 222.861
169 10.11 1.06111 227.123
170 10.17 1.04696 231.378
171 10.23 1.05164 235.703
172 10.29 1.02912 239.984
173 10.35 1.02915 244.316
174 10.41 1.01995 248.66
175 10.47 1.01452 253.03
176 10.53 1.02052 257.476
177 10.59 1.00386 261.9
178 10.65 0.999718 266.355
179 10.71 0.991788 270.826
180 10.77 0.989281 275.335
181 10.83 0.987115 279.884
182 10.89 0.97056 284.407
183 10.95 0.984191 289.044
184 11.01 0.97383 293.682
185 11.07 0.969407 298.35
186 11.13 0.971721 303.08
187 11.19 0.961166 307.81
188 11.25 0.969681 312.632
189 11.31 0.96503 317.483
190 11.37 0.969361 322.407
191 11.43 0.963418 327.353
192 11.49 0.971349 332.392
193 11.55 0.97559 337.506
194 11.61 0.990342 342.751
195 11.67 0.994648 348.074
196 11.73 0.995522 353.456
197 11.79 0.995082 358.891
198 11.85 1.00275 364.424
199 11.91 1.00793 370.042
200 11.97 1.01366 375.749
82000 200
1 0.03 0 0
2 0.09 0 0
3 0.15 0 0
4 0.21 0 0
5 0.27 0 0
6 0.33 0 0
7 0.39 0 0
8 0.45 0 0
9 0.51 0 0
10 0.57 0 0
11 0.63 0 0
12 0.69 0 0
13 0.75 0 0
14 0.81 0 0
15 0.87 0 0
16 0.93 0 0
17 0.99 0 0
18 1.05 0 0
19 1.11 0 0
20 1.17 0 0
21 1.23 0 0
22 1.29 0 0
23 1.35 0 0
24 1.41 0 0
25 1.47 0 0
26 1.53 0 0
27 1.59 0 0
28 1.65 0 0
29 1.71 0 0
30 1.77 0 0
31 1.83 0 0
32 1.89 0 0
33 1.95 0 0
34 2.01 0 0
35 2.07 0 0
36 2.13 0 0
37 2.19 0 0
38 2.25 0 0
39 2.31 0.00858412 0.0018
40 2.37 0.0462117 0.012
41 2.43 0.258576 0.072
42 2.49 0.683797 0.2386
43 2.55 1.44958 0.609
44 2.61 2.11814 1.176
45 2.67 2.643 1.9164
46 2.73 2.8839 2.761
47 2.79 2.88412 3.6432
48 2.85 2.70256 4.5058
49 2.91 2.42217 5.3118
50 2.97 2.18278 6.0684
51 3.03 1.95306 6.773
52 3.09 1.70897 7.4142
53 3.15 1.4942 7.9968
54 3.21 1.30599 8.5256
55 3.27 1.11952 8.996
56 3.33 0.990497 9.4276
57 3.39 0.929173 9.8472
58 3.45 0.83727 10.2388
59 3.51 0.756011 10.6048
60 3.57 0.68968 10.9502
61 3.63 0.681361 11.303
62 3.69 0.647422 11.6494
63 3.75 0.616736 11.9902
64 3.81 0.587297 12.3252
65 3.87 0.554275 12.6514
66 3.93 0.5734 12.9994
67 3.99 0.570991 13.3566
68 4.05 0.591124 13.7376
69 4.11 0.58062 14.123
70 4.17 0.605596 14.5368
71 4.23 0.646851 14.9916
72 4.29 0.687513 15.4888
73 4.35 0.698804 16.0084
74 4.41 0.762095 16.5908
75 4.47 0.829146 17.2418
76 4.53 0.870575 17.9438
77 4.59 0.902562 18.691
78 4.65 0.948861 19.4972
79 4.71 0.987476 20.358
80 4.77 1.05227 21.2988
81 4.83 1.12054 22.326
82 4.89 1.14429 23.4012
83 4.95 1.21207 24.5682
84 5.01 1.23167 25.783
85 5.07 1.25715 27.0528
86 5.13 1.27897 28.3754
87 5.19 1.2713 29.721
88 5.25 1.29818 31.127
89 5.31 1.31612 32.5852
90 5.37 1.26587 34.0196
91 5.43 1.23356 35.4488
92 5.49 1.23934 36.9166
93 5.55 1.21401 38.386
94 5.61 1.16667 39.8288
95 5.67 1.1334 41.2606
96 5.73 1.08282 42.6576
97 5.79 1.03377 44.0194
98 5.85 1.00896 45.3762
99 5.91 0.969192 46.7064
100 5.97 0.92439 48.001
101 6.03 0.921623 49.3178
102 6.09 0.899024 50.628
103 6.15 0.853039 51.8958
104 6.21 0.844818 53.176
105 6.27 0.86446 54.5114
106 6.33 0.83875 55.832
107 6.39 0.818959 57.146
108 6.45 0.834746 58.5106
109 6.51 0.826636 59.8872
110 6.57 0.832124 61.2986
111 6.63 0.834384 62.7398
112 6.69 0.848257 64.2316
113 6.75 0.893232 65.8308
114 6.81 0.917181 67.5022
115 6.87 0.914172 69.1976
116 6.93 0.967617 71.0236
117 6.99 0.97389 72.8934
118 7.05 0.995786 74.8382
119 7.11 1.00654 76.8376
120 7.17 1.03224 78.9228
121 7.23 1.07165 81.124
122 7.29 1.0628 83.3434
123 7.35 1.0962 85.6704
124 7.41 1.10058 88.045
125 7.47 1.10131 90.4598
126 7.53 1.11561 92.9454
127 7.59 1.10246 95.441
128 7.65 1.12498 98.028
129 7.71 1.10017 100.598
130 7.77 1.11334 103.239
131 7.83 1.0941 105.875
132 7.89 1.0705 108.493
133 7.95 1.06237 111.132
134 8.01 1.07246 113.836
135 8.07 1.04156 116.501
136 8.13 1.04234 119.208
137 8.19 1.03608 121.939
138 8.25 0.994738 124.599
139 8.31 0.988681 127.282
140 8.37 0.972232 129.959
141 8.43 0.963885 132.65
142 8.49 0.953558 135.351
143 8.55 0.961875 138.114
144 8.61 0.935883 140.84
145 8.67 0.926834 143.578
146 8.73 0.908995 146.3
147 8.79 0.922451 149.101
148 8.85 0.932601 151.971
149 8.91 0.935854 154.89
150 8.97 0.942607 157.87
151 9.03 0.946913 160.904
152 9.09 0.949053 163.986
153 9.15 0.941389 167.083
154 9.21 0.960966 170.286
155 9.27 0.966987 173.551
156 9.33 0.992245 176.945
157 9.39 0.989361 180.373
158 9.45 0.994164 183.861
159 9.51 1.01143 187.456
160 9.57 1.03235 191.171
161 9.63 1.02233 194.896
162 9.69 1.03058 198.699
163 9.75 1.05091 202.624
164 9.81 1.0381 206.55
165 9.87 1.03461 210.51
166 9.93 1.0542 214.595
167 9.99 1.03627 218.659
168 10.05 1.04605 222.81
169 10.11 1.04324 227
170 10.17 1.05124 231.273
171 10.23 1.04317 235.563
172 10.29 1.04417 239.907
173 10.35 1.02297 244.213
174 10.41 1.01558 248.538
175 10.47 1.02176 252.939
176 10.53 1.02015 257.384
177 10.59 1.00118 261.796
178 10.65 1.00286 266.265
179 10.71 0.998665 270.766
180 10.77 0.988886 275.274
181 10.83 0.990977 279.841
182 10.89 0.976568 284.392
183 10.95 0.990856 289.06
184 11.01 0.972192 293.691
185 11.07 0.967081 298.348
186 11.13 0.967078 303.055
187 11.19 0.972181 307.838
188 11.25 0.966062 312.643
189 11.31 0.964115 317.489
190 11.37 0.971841 322.426
191 11.43 0.97756 327.444
192 11.49 0.964679 332.448
193 11.55 0.987456 337.625
194 11.61 0.98615 342.848
195 11.67 0.996329 348.18
196 11.73 0.996336 353.566
197 11.79 0.997645 359.016
198 11.85 0.995071 364.506
199 11.91 1.00721 370.12
200 11.97 1.00215 375.762
83000 200
1 0.03 0 0
2 0.09 0 0
3 0.15 0 0
4 0.21 0 0
5 0.27 0 0
6 0.33 0 0
7 0.39 0 0
8 0.45 0 0
9 0.51 0 0
10 0.57 0 0
11 0.63 0 0
12 0.69 0 0
13 0.75 0 0
14 0.81 0 0
15 0.87 0 0
16 0.93 0 0
17 0.99 0 0
18 1.05 0 0
19 1.11 0 0
20 1.17 0 0
21 1.23 0 0
22 1.29 0 0
23 1.35 0 0
24 1.41 0 0
25 1.47 0 0
26 1.53 0 0
27 1.59 0 0
28 1.65 0 0
29 1.71 0 0
30 1.77 0 0
31 1.83 0 0
32 1.89 0 0
33 1.95 0 0
34 2.01 0 0
35 2.07 0 0
36 2.13 0 0
37 2.19 0 0
38 2.25 0 0
39 2.31 0.00476896 0.001
40 2.37 0.0607095 0.0144
41 2.43 0.269781 0.077
42 2.49 0.769169 0.2644
43 2.55 1.46993 0.64
44 2.61 2.07107 1.1944
45 2.67 2.61516 1.927
46 2.73 2.93443 2.7864
47 2.79 2.84424 3.6564
48 2.85 2.70319 4.5192
49 2.91 2.42518 5.3262
50 2.97 2.21106 6.0926
51 3.03 1.87212 6.768
52 3.09 1.65193 7.3878
53 3.15 1.47624 7.9634
54 3.21 1.28772 8.4848
55 3.27 1.15712 8.971
56 3.33 1.01482 9.4132
57 3.39 0.915001 9.8264
58 3.45 0.822303 10.211
59 3.51 0.759316 10.5786
60 3.57 0.688482 10.9234
61 3.63 0.633465 11.2514
62 3.69 0.653403 11.601
63 3.75 0.637367 11.9532
64 3.81 0.595361 12.2928
65 3.87 0.603211 12.6478
66 3.93 0.58757 13.0044
67 3.99 0.611274 13.3868
68 4.05 0.569403 13.7538
69 4.11 0.595384 14.149
70 4.17 0.614084 14.5686
71 4.23 0.636895 15.0164
72 4.29 0.666219 15.4982
73 4.35 0.721667 16.0348
74 4.41 0.757123 16.6134
75 4.47 0.803164 17.244
76 4.53 0.86239 17.9394
77 4.59 0.896281 18.6814
78 4.65 0.972165 19.5074
79 4.71 1.02464 20.4006
80 4.77 1.08761 21.373
81 4.83 1.11596 22.396
82 4.89 1.15004 23.4766
83 4.95 1.18963 24.622
84 5.01 1.23025 25.8354
85 5.07 1.23992 27.0878
86 5.13 1.28052 28.412
87 5.19 1.26166 29.7474
88 5.25 1.26549 31.118
89 5.31 1.30565 32.5646
90 5.37 1.29552 34.0326
91 5.43 1.25617 35.488
92 5.49 1.21249 36.924
93 5.55 1.19121 38.3658
94 5.61 1.1733 39.8168
95 5.67 1.10775 41.2162
96 5.73 1.08003 42.6096
97 5.79 1.02785 43.9636
98 5.85 0.998396 45.3062
99 5.91 0.986242 46.6598
100 5.97 0.944525 47.9826
101 6.03 0.908745 49.281
102 6.09 0.891888 50.5808
103 6.15 0.849944 51.844
104 6.21 0.865803 53.156
105 6.27 0.828468 54.4358
106 6.33 0.821728 55.7296
107 6.39 0.830926 57.0628
108 6.45 0.834012 58.4262
109 6.51 0.850055 59.8418
110 6.57 0.834247 61.2568
111 6.63 0.858353 62.7394
112 6.69 0.876915 64.2816
113 6.75 0.917138 65.9236
114 6.81 0.907194 67.5768
115 6.87 0.927436 69.2968
116 6.93 0.962212 71.1126
117 6.99 0.970348 72.9756
118 7.05 1.00418 74.9368
119 7.11 1.02375 76.9704
120 7.17 1.04451 79.0804
121 7.23 1.05198 81.2412
122 7.29 1.07209 83.48
123 7.35 1.0734 85.7586
124 7.41 1.09289 88.1166
125 7.47 1.09675 90.5214
126 7.53 1.11363 93.0026
127 7.59 1.1165 95.53
128 7.65 1.10575 98.0728
129 7.71 1.09349 100.627
130 7.77 1.0835 103.197
131 7.83 1.077 105.792
132 7.89 1.08726 108.452
133 7.95 1.07646 111.125
134 8.01 1.05215 113.778
135 8.07 1.03703 116.431
136 8.13 1.0217 119.085
137 8.19 0.997757 121.715
138 8.25 1.00745 124.409
139 8.31 0.983153 127.077
140 8.37 0.982113 129.781
141 8.43 0.969973 132.489
142 8.49 0.974883 135.25
143 8.55 0.956653 137.998
144 8.61 0.944259 140.749
145 8.67 0.946131 143.544
146 8.73 0.928897 146.325
147 8.79 0.926601 149.139
148 8.85 0.924283 151.983
149 8.91 0.943163 154.925
150 8.97 0.946023 157.916
151 9.03 0.951782 160.966
152 9.09 0.940737 164.02
153 9.15 0.964916 167.195
154 9.21 0.956945 170.384
155 9.27 0.981498 173.699
156 9.33 0.979908 177.05
157 9.39 1.0005 180.517
158 9.45 1.01388 184.075
159 9.51 1.00192 187.635
160 9.57 1.02891 191.338
161 9.63 1.01421 195.034
162 9.69 1.03383 198.848
163 9.75 1.03351 202.709
164 9.81 1.03138 206.609
165 9.87 1.03994 210.59
166 9.93 1.03613 214.604
167 9.99 1.05126 218.727
168 10.05 1.04374 222.869
169 10.11 1.03811 227.039
170 10.17 1.03888 231.261
171 10.23 1.03345 235.511
172 10.29 1.02633 239.781
173 10.35 1.01898 244.07
174 10.41 1.0192 248.41
175 10.47 1.01405 252.778
176 10.53 1.01336 257.193
177 10.59 1.01612 261.671
178 10.65 1.00461 266.149
179 10.71 0.994051 270.629
180 10.77 0.998583 275.18
181 10.83 0.981951 279.706
182 10.89 0.986225 284.302
183 10.95 0.981135 288.924
184 11.01 0.981471 293.599
185 11.07 0.964382 298.243
186 11.13 0.985115 303.038
187 11.19 0.970637 307.814
188 11.25 0.970043 312.638
189 11.31 0.96328 317.48
190 11.37 0.974519 322.431
191 11.43 0.984612 327.485
192 11.49 0.981295 332.576
193 11.55 0.980703 337.717
194 11.61 0.987774 342.948
195 11.67 0.992555 348.26
196 11.73 1.01176 353.73
197 11.79 0.986733 359.12
198 11.85 1.00678 364.675
199 11.91 1.00821 370.295
200 11.97 1.01341 376
84000 200
1 0.03 0 0
2 0.09 0 0
3 0.15 0 0
4 0.21 0 0
5 0.27 0 0
6 0.33 0 0
7 0.39 0 0
8 0.45 0 0
9 0.51 0 0
10 0.57 0 0
11 0.63 0 0
12 0.69 0 0
13 0.75 0 0
14 0.81 0 0
15 0.87 0 0
16 0.93 0 0
17 0.99 0 0
18 1.05 0 0
19 1.11 0 0
20 1.17 0 0
21 1.23 0 0
22 1.29 0 0
23 1.35 0 0
24 1.41 0 0
25 1.47 0 0
26 1.53 0 0
27 1.59 0 0
28 1.65 0 0
29 1.71 0 0
30 1.77 0 0
31 1.83 0 0
32 1.89 0 0
33 1.95 0 0
34 2.01 0 0
35 2.07 0 0
36 2.13 0 0
37 2.19 0 0
38 2.25 0 0
39 2.31 0.00381517 0.0008
40 2.37 0.0507423 0.012
41 2.43 0.234442 0.0664
42 2.49 0.679692 0.232
43 2.55 1.40575 0.5912
44 2.61 2.14952 1.1666
45 2.67 2.64657 1.908
46 2.73 2.84702 2.7418
47 2.79 2.86974 3.6196
48 2.85 2.75896 4.5002
49 2.91 2.49791 5.3314
50 2.97 2.18336 6.0882
51 3.03 1.93088 6.7848
52 3.09 1.73083 7.4342
53 3.15 1.46188 8.0042
54 3.21 1.32575 8.541
55 3.27 1.14094 9.0204
56 3.33 1.0084 9.4598
57 3.39 0.883999 9.859
58 3.45 0.803916 10.235
59 3.51 0.763447 10.6046
60 3.57 0.732011 10.9712
61 3.63 0.654323 11.31
62 3.69 0.636208 11.6504
63 3.75 0.59683 11.9802
64 3.81 0.608685 12.3274
65 3.87 0.575345 12.666
66 3.93 0.568457 13.011
67 3.99 0.559162 13.3608
68 4.05 0.589883 13.741
69 4.11 0.580319 14.1262
70 4.17 0.618767 14.549
71 4.23 0.638886 14.9982
72 4.29 0.667602 15.481
73 4.35 0.707412 16.007
74 4.41 0.74744 16.5782
75 4.47 0.803673 17.2092
76 4.53 0.829154 17.8778
77 4.59 0.935176 18.652
78 4.65 0.96016 19.4678
79 4.71 1.00262 20.3418
80 4.77 1.10193 21.327
81 4.83 1.12294 22.3564
82 4.89 1.15515 23.4418
83 4.95 1.19836 24.5956
84 5.01 1.22944 25.8082
85 5.07 1.27041 27.0914
86 5.13 1.25383 28.388
87 5.19 1.26469 29.7266
88 5.25 1.28266 31.1158
89 5.31 1.28254 32.5368
90 5.37 1.26746 33.973
91 5.43 1.28276 35.4592
92 5.49 1.26062 36.9522
93 5.55 1.24309 38.4568
94 5.61 1.1568 39.8874
95 5.67 1.12992 41.3148
96 5.73 1.08979 42.7208
97 5.79 1.03119 44.0792
98 5.85 0.999288 45.423
99 5.91 0.965112 46.7476
100 5.97 0.954379 48.0842
101 6.03 0.896007 49.3644
102 6.09 0.868009 50.6294
103 6.15 0.865688 51.916
104 6.21 0.846533 53.1988
105 6.27 0.816168 54.4596
106 6.33 0.835447 55.775
107 6.39 0.823571 57.0964
108 6.45 0.824714 58.4446
109 6.51 0.817149 59.8054
110 6.57 0.822809 61.201
111 6.63 0.8543 62.6766
112 6.69 0.854966 64.1802
113 6.75 0.881726 65.7588
114 6.81 0.907962 67.4134
115 6.87 0.933475 69.1446
116 6.93 0.962742 70.9614
117 6.99 0.990661 72.8634
118 7.05 1.0135 74.8428
119 7.11 1.01439 76.8578
120 7.17 1.04936 78.9776
121 7.23 1.06843 81.1722
122 7.29 1.08138 83.4304
123 7.35 1.0864 85.7366
124 7.41 1.10735 88.1258
125 7.47 1.07696 90.4872
126 7.53 1.11202 92.9648
127 7.59 1.1408 95.5472
128 7.65 1.11445 98.11
129 7.71 1.12295 100.733
130 7.77 1.10441 103.353
131 7.83 1.09718 105.996
132 7.89 1.06747 108.607
133 7.95 1.06696 111.257
134 8.01 1.04842 113.9
135 8.07 1.05125 116.591
136 8.13 1.02101 119.242
137 8.19 1.00747 121.898
138 8.25 0.997281 124.565
139 8.31 0.987502 127.245
140 8.37 0.981895 129.948
141 8.43 0.962095 132.634
142 8.49 0.946991 135.316
143 8.55 0.949273 138.043
144 8.61 0.931695 140.757
145 8.67 0.933808 143.515
146 8.73 0.929231 146.298
147 8.79 0.934111 149.134
148 8.85 0.902903 151.913
149 8.91 0.932713 154.823
150 8.97 0.935143 157.779
151 9.03 0.939173 160.788
152 9.09 0.938951 163.837
153 9.15 0.944976 166.946
154 9.21 0.975727 170.198
155 9.27 0.96752 173.465
156 9.33 0.988152 176.845
157 9.39 0.993748 180.288
158 9.45 1.00459 183.813
159 9.51 1.01357 187.415
160 9.57 1.02885 191.118
161 9.63 1.03149 194.877
162 9.69 1.03519 198.696
163 9.75 1.04336 202.593
164 9.81 1.04915 206.561
165 9.87 1.04553 210.563
166 9.93 1.05776 214.661
167 9.99 1.04448 218.757
168 10.05 1.05422 222.941
169 10.11 1.04901 227.155
170 10.17 1.05478 231.441
171 10.23 1.04346 235.732
172 10.29 1.05561 240.124
173 10.35 1.03381 244.476
174 10.41 1.01229 248.787
175 10.47 1.02236 253.19
176 10.53 1.00074 257.551
177 10.59 1.00005 261.958
178 10.65 0.998013 266.406
179 10.71 0.992054 270.877
180 10.77 0.985287 275.368
181 10.83 0.981083 279.889
182 10.89 0.970345 284.411
183 10.95 0.959401 288.931
184 11.01 0.967993 293.542
185 11.07 0.967455 298.201
186 11.13 0.972337 302.934
187 11.19 0.958239 307.649
188 11.25 0.961799 312.432
189 11.31 0.973267 317.324
190 11.37 0.960109 322.201
191 11.43 0.981924 327.242
192 11.49 0.978558 332.318
193 11.55 0.982191 337.467
194 11.61 0.980864 342.662
195 11.67 0.99775 348.001
196 11.73 0.992969 353.37
197 11.79 1.00856 358.879
198 11.85 0.994382 364.366
199 11.91 1.01291 370.011
200 11.97 1.01568 375.73
85000 200
1 0.03 0 0
2 0.09 0 0
3 0.15 0 0
4 0.21 0 0
5 0.27 0 0
6 0.33 0 0
7 0.39 0 0
8 0.45 0 0
9 0.51 0 0
10 0.57 0 0
11 0.63 0 0
12 0.69 0 0
13 0.75 0 0
14 0.81 0 0
15 0.87 0 0
16 0.93 0 0
17 0.99 0 0
18 1.05 0 0
19 1.11 0 0
20 1.17 0 0
21 1.23 0 0
22 1.29 0 0
23 1.35 0 0
24 1.41 0 0
25 1.47 0 0
26 1.53 0 0
27 1.59 0 0
28 1.65 0 0
29 1.71 0 0
30 1.77 0 0
31 1.83 0 0
32 1.89 0 0
33 1.95 0 0
34 2.01 0 0
35 2.07 0 0
36 2.13 0 0
37 2.19 0 0
38 2.25 0 0
39 2.31 0.00381517 0.0008
40 2.37 0.0534606 0.0126
41 2.43 0.234442 0.067
42 2.49 0.700214 0.2376
43 2.55 1.45662 0.6098
44 2.61 2.10619 1.1736
45 2.67 2.61516 1.9062
46 2.73 2.80537 2.7278
47 2.79 2.94231 3.6278
48 2.85 2.76209 4.5094
49 2.91 2.51473 5.3462
50 2.97 2.21625 6.1144
51 3.03 1.93144 6.8112
52 3.09 1.65087 7.4306
53 3.15 1.44598 7.9944
54 3.21 1.27685 8.5114
55 3.27 1.13951 8.9902
56 3.33 1.04099 9.4438
57 3.39 0.909686 9.8546
58 3.45 0.831283 10.2434
59 3.51 0.766339 10.6144
60 3.57 0.694871 10.9624
61 3.63 0.670159 11.3094
62 3.69 0.639946 11.6518
63 3.75 0.579457 11.972
64 3.81 0.585193 12.3058
65 3.87 0.582141 12.6484
66 3.93 0.552968 12.984
67 3.99 0.573868 13.343
68 4.05 0.571575 13.7114
69 4.11 0.609546 14.116
70 4.17 0.609401 14.5324
71 4.23 0.679563 15.0102
72 4.29 0.640499 15.4734
73 4.35 0.717633 16.007
74 4.41 0.771255 16.5964
75 4.47 0.804692 17.2282
76 4.53 0.872063 17.9314
77 4.59 0.902562 18.6786
78 4.65 0.965338 19.4988
79 4.71 1.01134 20.3804
80 4.77 1.0818 21.3476
81 4.83 1.11945 22.3738
82 4.89 1.14089 23.4458
83 4.95 1.1913 24.5928
84 5.01 1.23918 25.815
85 5.07 1.25735 27.085
86 5.13 1.29696 28.4262
87 5.19 1.2764 29.7772
88 5.25 1.27713 31.1604
89 5.31 1.28706 32.5864
90 5.37 1.2837 34.041
91 5.43 1.25773 35.4982
92 5.49 1.20387 36.924
93 5.55 1.1998 38.3762
94 5.61 1.15179 39.8006
95 5.67 1.10665 41.1986
96 5.73 1.08096 42.5932
97 5.79 1.05123 43.978
98 5.85 0.998991 45.3214
99 5.91 0.993236 46.6846
100 5.97 0.951237 48.0168
101 6.03 0.918124 49.3286
102 6.09 0.89724 50.6362
103 6.15 0.856672 51.9094
104 6.21 0.848777 53.1956
105 6.27 0.843486 54.4986
106 6.33 0.815758 55.783
107 6.39 0.824693 57.1062
108 6.45 0.8323 58.4668
109 6.51 0.81871 59.8302
110 6.57 0.836605 61.2492
111 6.63 0.870395 62.7526
112 6.69 0.866111 64.2758
113 6.75 0.88921 65.8678
114 6.81 0.888427 67.4868
115 6.87 0.938975 69.2282
116 6.93 0.952143 71.025
117 6.99 0.989307 72.9244
118 7.05 0.991075 74.86
119 7.11 1.01328 76.8728
120 7.17 1.04679 78.9874
121 7.23 1.04078 81.1252
122 7.29 1.08138 83.3834
123 7.35 1.10619 85.7316
124 7.41 1.10299 88.1114
125 7.47 1.11016 90.5456
126 7.53 1.1157 93.0314
127 7.59 1.10864 95.541
128 7.65 1.11341 98.1014
129 7.71 1.09649 100.663
130 7.77 1.11301 103.303
131 7.83 1.08431 105.915
132 7.89 1.07278 108.539
133 7.95 1.06068 111.174
134 8.01 1.06008 113.846
135 8.07 1.04727 116.526
136 8.13 1.02755 119.195
137 8.19 1.02333 121.892
138 8.25 0.985466 124.528
139 8.31 1.00268 127.249
140 8.37 0.964604 129.904
141 8.43 0.970689 132.615
142 8.49 0.952287 135.312
143 8.55 0.954773 138.054
144 8.61 0.940757 140.795
145 8.67 0.925683 143.529
146 8.73 0.935642 146.331
147 8.79 0.93477 149.169
148 8.85 0.922723 152.009
149 8.91 0.930148 154.91
150 8.97 0.929766 157.85
151 9.03 0.943792 160.874
152 9.09 0.937103 163.917
153 9.15 0.951603 167.047
154 9.21 0.956585 170.236
155 9.27 0.976701 173.534
156 9.33 0.987158 176.91
157 9.39 0.987917 180.333
158 9.45 1.00727 183.868
159 9.51 1.0116 187.463
160 9.57 1.02824 191.163
161 9.63 1.0304 194.918
162 9.69 1.03903 198.751
163 9.75 1.02885 202.595
164 9.81 1.05158 206.571
165 9.87 1.05106 210.595
166 9.93 1.043 214.636
167 9.99 1.05243 218.763
168 10.05 1.04862 222.925
169 10.11 1.04587 227.125
170 10.17 1.03972 231.351
171 10.23 1.04556 235.651
172 10.29 1.03955 239.976
173 10.35 1.02473 244.289
174 10.41 1.02014 248.633
175 10.47 1.01967 253.025
176 10.53 1.01217 257.435
177 10.59 1.01049 261.888
178 10.65 1.00313 266.359
179 10.71 0.984643 270.797
180 10.77 0.986692 275.294
181 10.83 0.982298 279.822
182 10.89 0.975753 284.369
183 10.95 0.975192 288.963
184 11.01 0.962199 293.546
185 11.07 0.966583 298.201
186 11.13 0.972954 302.937
187 11.19 0.969946 307.709
188 11.25 0.97322 312.549
189 11.31 0.964752 317.398
190 11.37 0.966447 322.308
191 11.43 0.976625 327.321
192 11.49 0.980987 332.41
193 11.55 0.981352 337.555
194 11.61 0.99121 342.805
195 11.67 0.989004 348.097
196 11.73 0.995892 353.482
197 11.79 0.9964 358.924
198 11.85 1.01077 364.501
199 11.91 1.00086 370.08
200 11.97 1.00325 375.728
86000 200
1 0.03 0 0
2 0.09 0 0
3 0.15 0 0
4 0.21 0 0
5 0.27 0 0
6 0.33 0 0
7 0.39 0 0
8 0.45 0 0
9 0.51 0 0
10 0.57 0 0
11 0.63 0 0
12 0.69 0 0
13 0.75 0 0
14 0.81 0 0
15 0.87 0 0
16 0.93 0 0
17 0.99 0 0
18 1.05 0 0
19 1.11 0 0
20 1.17 0 0
21 1.23 0 0
22 1.29 0 0
23 1.35 0 0
24 1.41 0 0
25 1.47 0 0
26 1.53 0 0
27 1.59 0 0
28 1.65 0 0
29 1.71 0 0
30 1.77 0 0
31 1.83 0 0
32 1.89 0 0
33 1.95 0 0
34 2.01 0 0
35 2.07 0 0
36 2.13 0 0
37 2.19 0 0
38 2.25 0 0
39 2.31 0.00381517 0.0008
40 2.37 0.0480239 0.0114
41 2.43 0.259438 0.0716
42 2.49 0.71499 0.2458
43 2.55 1.43158 0.6116
44 2.61 2.15326 1.188
45 2.67 2.60088 1.9166
46 2.73 2.86888 2.7568
47 2.79 2.83966 3.6254
48 2.85 2.73389 4.498
49 2.91 2.45583 5.3152
50 2.97 2.22144 6.0852
51 3.03 1.9453 6.787
52 3.09 1.71324 7.4298
53 3.15 1.48599 8.0092
54 3.21 1.23635 8.5098
55 3.27 1.13047 8.9848
56 3.33 1.01436 9.4268
57 3.39 0.878684 9.8236
58 3.45 0.819737 10.207
59 3.51 0.780798 10.585
60 3.57 0.700063 10.9356
61 3.63 0.683678 11.2896
62 3.69 0.624994 11.624
63 3.75 0.613117 11.9628
64 3.81 0.589401 12.299
65 3.87 0.583161 12.6422
66 3.93 0.590536 13.0006
67 3.99 0.575787 13.3608
68 4.05 0.569093 13.7276
69 4.11 0.63365 14.1482
70 4.17 0.603254 14.5604
71 4.23 0.661643 15.0256
72 4.29 0.680047 15.5174
73 4.35 0.699342 16.0374
74 4.41 0.763142 16.6206
75 4.47 0.8024 17.2506
76 4.53 0.834859 17.9238
77 4.59 0.92213 18.6872
78 4.65 0.966751 19.5086
79 4.71 1.02212 20.3996
80 4.77 1.05316 21.3412
81 4.83 1.08345 22.3344
82 4.89 1.18963 23.4522
83 4.95 1.1807 24.589
84 5.01 1.20775 25.7802
85 5.07 1.25121 27.044
86 5.13 1.27375 28.3612
87 5.19 1.26809 29.7034
88 5.25 1.31941 31.1324
89 5.31 1.29518 32.5674
90 5.37 1.29093 34.0302
91 5.43 1.26412 35.4948
92 5.49 1.23157 36.9534
93 5.55 1.20029 38.4062
94 5.61 1.15778 39.838
95 5.67 1.1144 41.2458
96 5.73 1.07538 42.6332
97 5.79 1.0283 43.9878
98 5.85 0.996611 45.328
99 5.91 0.977644 46.6698
100 5.97 0.941526 47.9884
101 6.03 0.923443 49.3078
102 6.09 0.86595 50.5698
103 6.15 0.885605 51.886
104 6.21 0.849437 53.1732
105 6.27 0.847111 54.4818
106 6.33 0.836971 55.7996
107 6.39 0.828059 57.1282
108 6.45 0.818964 58.467
109 6.51 0.845852 59.8756
110 6.57 0.848514 61.3148
111 6.63 0.852679 62.7876
112 6.69 0.876005 64.3282
113 6.75 0.896024 65.9324
114 6.81 0.899072 67.5708
115 6.87 0.914387 69.2666
116 6.93 0.95066 71.0606
117 6.99 0.964515 72.9124
118 7.05 1.0007 74.8668
119 7.11 1.01318 76.8794
120 7.17 1.03689 78.974
121 7.23 1.05081 81.1324
122 7.29 1.08157 83.391
123 7.35 1.08113 85.686
124 7.41 1.09141 88.0408
125 7.47 1.10277 90.4588
126 7.53 1.11704 92.9476
127 7.59 1.11677 95.4756
128 7.65 1.10689 98.021
129 7.71 1.11515 100.626
130 7.77 1.08738 103.205
131 7.83 1.08381 105.816
132 7.89 1.08129 108.461
133 7.95 1.07139 111.122
134 8.01 1.07341 113.828
135 8.07 1.04742 116.509
136 8.13 1.0321 119.189
137 8.19 1.0061 121.841
138 8.25 1.01276 124.55
139 8.31 0.987428 127.229
140 8.37 0.965258 129.886
141 8.43 0.968326 132.59
142 8.49 0.943319 135.262
143 8.55 0.960065 138.02
144 8.61 0.943916 140.77
145 8.67 0.944506 143.559
146 8.73 0.935642 146.361
147 8.79 0.927655 149.178
148 8.85 0.93351 152.051
149 8.91 0.934444 154.966
150 8.97 0.93413 157.919
151 9.03 0.93961 160.93
152 9.09 0.950531 164.016
153 9.15 0.946374 167.129
154 9.21 0.961086 170.333
155 9.27 0.975871 173.628
156 9.33 0.982656 176.989
157 9.39 0.999636 180.453
158 9.45 0.994164 183.941
159 9.51 1.00957 187.529
160 9.57 1.01274 191.174
161 9.63 1.01728 194.881
162 9.69 1.03041 198.682
163 9.75 1.03753 202.558
164 9.81 1.03852 206.485
165 9.87 1.05169 210.511
166 9.93 1.04201 214.548
167 9.99 1.05606 218.69
168 10.05 1.05271 222.868
169 10.11 1.04597 227.069
170 10.17 1.04991 231.336
171 10.23 1.03627 235.597
172 10.29 1.03422 239.9
173 10.35 1.0273 244.224
174 10.41 1.02502 248.589
175 10.47 1.01647 252.968
176 10.53 1.01864 257.406
177 10.59 1.00441 261.832
178 10.65 0.998507 266.282
179 10.71 0.991344 270.75
180 10.77 0.996872 275.294
181 10.83 0.979521 279.808
182 10.89 0.975796 284.356
183 10.95 0.982748 288.986
184 11.01 0.973074 293.621
185 11.07 0.977174 298.326
186 11.13 0.966297 303.03
187 11.19 0.979051 307.847
188 11.25 0.962322 312.633
189 11.31 0.965747 317.487
190 11.37 0.975227 322.441
191 11.43 0.972885 327.435
192 11.49 0.983107 332.535
193 11.55 0.98387 337.693
194 11.61 0.982299 342.896
195 11.67 0.984968 348.167
196 11.73 0.991157 353.525
197 11.79 0.999476 358.985
198 11.85 1.00232 364.515
199 11.91 1.01614 370.179
200 11.97 1.01128 375.873
87000 200
1 0.03 0 0
2 0.09 0 0
3 0.15 0 0
4 0.21 0 0
5 0.27 0 0
6 0.33 0 0
7 0.39 0 0
8 0.45 0 0
9 0.51 0 0
10 0.57 0 0
11 0.63 0 0
12 0.69 0 0
13 0.75 0 0
14 0.81 0 0
15 0.87 0 0
16 0.93 0 0
17 0.99 0 0
18 1.05 0 0
19 1.11 0 0
20 1.17 0 0
21 1.23 0 0
22 1.29 0 0
23 1.35 0 0
24 1.41 0 0
25 1.47 0 0
26 1.53 0 0
27 1.59 0 0
28 1.65 0 0
29 1.71 0 0
30 1.77 0 0
31 1.83 0 0
32 1.89 0 0
33 1.95 0 0
34 2.01 0 0
35 2.07 0 0
36 2.13 0 0
37 2.19 0 0
38 2.25 0 0
39 2.31 0.00858412 0.0018
40 2.37 0.0534606 0.0136
41 2.43 0.262886 0.0746
42 2.49 0.694468 0.2438
43 2.55 1.39166 0.5994
44 2.61 2.11963 1.1668
45 2.67 2.64157 1.9068
46 2.73 2.83063 2.7358
47 2.79 2.91355 3.627
48 2.85 2.70319 4.4898
49 2.91 2.45343 5.3062
50 2.97 2.20759 6.0714
51 3.03 2.00295 6.794
52 3.09 1.67379 7.422
53 3.15 1.49112 8.0034
54 3.21 1.2971 8.5286
55 3.27 1.1576 9.015
56 3.33 1.03777 9.4672
57 3.39 0.909686 9.878
58 3.45 0.810757 10.2572
59 3.51 0.762208 10.6262
60 3.57 0.714439 10.984
61 3.63 0.677498 11.3348
62 3.69 0.619761 11.6664
63 3.75 0.597916 11.9968
64 3.81 0.584141 12.33
65 3.87 0.555974 12.6572
66 3.93 0.56615 13.0008
67 3.99 0.574508 13.3602
68 4.05 0.561956 13.7224
69 4.11 0.59448 14.117
70 4.17 0.626377 14.545
71 4.23 0.646282 14.9994
72 4.29 0.649902 15.4694
73 4.35 0.685355 15.979
74 4.41 0.758955 16.559
75 4.47 0.819976 17.2028
76 4.53 0.857181 17.894
77 4.59 0.90981 18.6472
78 4.65 0.969575 19.471
79 4.71 1.00491 20.347
80 4.77 1.09701 21.3278
81 4.83 1.14214 22.3748
82 4.89 1.12258 23.4296
83 4.95 1.18174 24.5674
84 5.01 1.21505 25.7658
85 5.07 1.25239 27.0308
86 5.13 1.27027 28.3444
87 5.19 1.28264 29.702
88 5.25 1.30981 31.1206
89 5.31 1.28958 32.5494
90 5.37 1.27858 33.9982
91 5.43 1.26187 35.4602
92 5.49 1.23714 36.9254
93 5.55 1.21252 38.393
94 5.61 1.18365 39.8568
95 5.67 1.11456 41.2648
96 5.73 1.09429 42.6766
97 5.79 1.05123 44.0614
98 5.85 1.01877 45.4314
99 5.91 0.990031 46.7902
100 5.97 0.949666 48.1202
101 6.03 0.915604 49.4284
102 6.09 0.876929 50.7064
103 6.15 0.852097 51.9728
104 6.21 0.848513 53.2586
105 6.27 0.816039 54.5192
106 6.33 0.808772 55.7926
107 6.39 0.815095 57.1004
108 6.45 0.815783 58.434
109 6.51 0.814026 59.7896
110 6.57 0.843444 61.2202
111 6.63 0.856268 62.6992
112 6.69 0.85599 64.2046
113 6.75 0.894684 65.8064
114 6.81 0.89995 67.4464
115 6.87 0.932073 69.175
116 6.93 0.939531 70.948
117 6.99 0.968369 72.8072
118 7.05 1.0007 74.7616
119 7.11 1.01338 76.7746
120 7.17 1.05501 78.9058
121 7.23 1.07106 81.1058
122 7.29 1.09593 83.3944
123 7.35 1.09432 85.7174
124 7.41 1.10615 88.104
125 7.47 1.10487 90.5266
126 7.53 1.1113 93.0026
127 7.59 1.11942 95.5366
128 7.65 1.10523 98.0782
129 7.71 1.1101 100.671
130 7.77 1.08898 103.255
131 7.83 1.11137 105.932
132 7.89 1.0718 108.554
133 7.95 1.0705 111.212
134 8.01 1.04469 113.846
135 8.07 1.03343 116.491
136 8.13 1.03164 119.17
137 8.19 1.02894 121.882
138 8.25 0.989354 124.528
139 8.31 0.997747 127.236
140 8.37 1.00115 129.992
141 8.43 0.957869 132.666
142 8.49 0.949957 135.357
143 8.55 0.955261 138.101
144 8.61 0.962316 140.904
145 8.67 0.943897 143.692
146 8.73 0.922352 146.454
147 8.79 0.926667 149.268
148 8.85 0.918694 152.095
149 8.91 0.925276 154.982
150 8.97 0.922554 157.898
151 9.03 0.926564 160.867
152 9.09 0.938704 163.915
153 9.15 0.939505 167.006
154 9.21 0.965586 170.224
155 9.27 0.968527 173.495
156 9.33 0.981194 176.851
157 9.39 0.980933 180.249
158 9.45 1.00967 183.792
159 9.51 0.998823 187.342
160 9.57 1.01457 190.993
161 9.63 1.03803 194.776
162 9.69 1.04971 198.649
163 9.75 1.02977 202.495
164 9.81 1.04995 206.466
165 9.87 1.05023 210.486
166 9.93 1.05461 214.572
167 9.99 1.05096 218.694
168 10.05 1.05815 222.893
169 10.11 1.04463 227.089
170 10.17 1.05552 231.379
171 10.23 1.04643 235.682
172 10.29 1.02845 239.961
173 10.35 1.03751 244.328
174 10.41 1.02934 248.711
175 10.47 1.01763 253.095
176 10.53 1.01134 257.501
177 10.59 1.00182 261.916
178 10.65 0.991461 266.335
179 10.71 0.990856 270.801
180 10.77 0.992747 275.325
181 10.83 0.980389 279.844
182 10.89 0.9788 284.405
183 10.95 0.984149 289.042
184 11.01 0.972402 293.674
185 11.07 0.979251 298.389
186 11.13 0.968311 303.102
187 11.19 0.977181 307.91
188 11.25 0.959627 312.683
189 11.31 0.966304 317.54
190 11.37 0.969085 322.463
191 11.43 0.974288 327.464
192 11.49 0.966529 332.478
193 11.55 0.97685 337.599
194 11.61 0.97486 342.762
195 11.67 0.98523 348.035
196 11.73 0.992562 353.401
197 11.79 0.987173 358.793
198 11.85 1.00663 364.347
199 11.91 1.00481 369.948
200 11.97 1.00733 375.619
88000 200
1 0.03 0 0
2 0.09 0 0
3 0.15 0 0
4 0.21 0 0
5 0.27 0 0
6 0.33 0 0
7 0.39 0 0
8 0.45 0 0
9 0.51 0 0
10 0.57 0 0
11 0.63 0 0
12 0.69 0 0
13 0.75 0 0
14 0.81 0 0
15 0.87 0 0
16 0.93 0 0
17 0.99 0 0
18 1.05 0 0
19 1.11 0 0
20 1.17 0 0
21 1.23 0 0
22 1.29 0 0
23 1.35 0 0
24 1.41 0 0
25 1.47 0 0
26 1.53 0 0
27 1.59 0 0
28 1.65 0 0
29 1.71 0 0
30 1.77 0 0
31 1.83 0 0
32 1.89 0 0
33 1.95 0 0
34 2.01 0 0
35 2.07 0 0
36 2.13 0 0
37 2.19 0 0
38 2.25 0 0
39 2.31 0.00858412 0.0018
40 2.37 0.04893 0.0126
41 2.43 0.249957 0.0706
42 2.49 0.753572 0.2542
43 2.55 1.35644 0.6008
44 2.61 2.11291 1.1664
45 2.67 2.64086 1.9062
46 2.73 2.83883 2.7376
47 2.79 2.89981 3.6246
48 2.85 2.73076 4.4962
49 2.91 2.59828 5.3608
50 2.97 2.19375 6.1212
51 3.03 1.92423 6.8154
52 3.09 1.64021 7.4308
53 3.15 1.4429 7.9934
54 3.21 1.29266 8.5168
55 3.27 1.14332 8.9972
56 3.33 1.01436 9.4392
57 3.39 0.872926 9.8334
58 3.45 0.822731 10.2182
59 3.51 0.755598 10.584
60 3.57 0.690478 10.9298
61 3.63 0.652005 11.2674
62 3.69 0.627237 11.603
63 3.75 0.62108 11.9462
64 3.81 0.577479 12.2756
65 3.87 0.576704 12.615
66 3.93 0.612945 12.987
67 3.99 0.582181 13.3512
68 4.05 0.598571 13.737
69 4.11 0.604725 14.1384
70 4.17 0.62989 14.5688
71 4.23 0.658229 15.0316
72 4.29 0.690279 15.5308
73 4.35 0.699073 16.0506
74 4.41 0.758431 16.6302
75 4.47 0.770558 17.2352
76 4.53 0.874047 17.94
77 4.59 0.926721 18.7072
78 4.65 0.948155 19.5128
79 4.71 1.00927 20.3926
80 4.77 1.09052 21.3676
81 4.83 1.1009 22.3768
82 4.89 1.13557 23.4438
83 4.95 1.19732 24.5966
84 5.01 1.19315 25.7734
85 5.07 1.27378 27.06
86 5.13 1.25267 28.3554
87 5.19 1.29605 29.7272
88 5.25 1.28137 31.115
89 5.31 1.30204 32.5576
90 5.37 1.28175 34.01
91 5.43 1.26066 35.4706
92 5.49 1.24255 36.9422
93 5.55 1.20542 38.4012
94 5.61 1.18268 39.8638
95 5.67 1.14053 41.3046
96 5.73 1.07088 42.6862
97 5.79 1.0362 44.0512
98 5.85 0.987985 45.3798
99 5.91 0.954766 46.6902
100 5.97 0.941955 48.0094
101 6.03 0.910985 49.311
102 6.09 0.880635 50.5944
103 6.15 0.872955 51.8918
104 6.21 0.852209 53.1832
105 6.27 0.829374 54.4644
106 6.33 0.809407 55.7388
107 6.39 0.827435 57.0664
108 6.45 0.821411 58.4092
109 6.51 0.852698 59.8292
110 6.57 0.828587 61.2346
111 6.63 0.829868 62.668
112 6.69 0.86668 64.1922
113 6.75 0.891556 65.7884
114 6.81 0.904889 67.4374
115 6.87 0.944583 69.1892
116 6.93 0.976837 71.0326
117 6.99 0.979619 72.9134
118 7.05 1.00469 74.8756
119 7.11 1.02134 76.9044
120 7.17 1.06412 79.054
121 7.23 1.06016 81.2316
122 7.29 1.06624 83.4582
123 7.35 1.10223 85.798
124 7.41 1.10911 88.191
125 7.47 1.12138 90.6498
126 7.53 1.10726 93.1168
127 7.59 1.10617 95.6208
128 7.65 1.09706 98.1436
129 7.71 1.09127 100.693
130 7.77 1.0948 103.29
131 7.83 1.08065 105.893
132 7.89 1.08399 108.545
133 7.95 1.06108 111.18
134 8.01 1.05001 113.827
135 8.07 1.03148 116.467
136 8.13 1.00661 119.081
137 8.19 1.02667 121.787
138 8.25 0.993467 124.444
139 8.31 0.973424 127.086
140 8.37 0.968963 129.753
141 8.43 0.983939 132.501
142 8.49 0.963373 135.229
143 8.55 0.975382 138.031
144 8.61 0.935814 140.757
145 8.67 0.933469 143.514
146 8.73 0.933104 146.309
147 8.79 0.920804 149.104
148 8.85 0.937799 151.99
149 8.91 0.93874 154.919
150 8.97 0.929513 157.858
151 9.03 0.951969 160.908
152 9.09 0.943694 163.972
153 9.15 0.961208 167.134
154 9.21 0.950945 170.304
155 9.27 0.96598 173.565
156 9.33 1.00528 177.004
157 9.39 0.987629 180.426
158 9.45 1.0177 183.997
159 9.51 1.00952 187.585
160 9.57 1.01774 191.247
161 9.63 1.01036 194.929
162 9.69 1.02798 198.722
163 9.75 1.04551 202.627
164 9.81 1.04101 206.564
165 9.87 1.03915 210.542
166 9.93 1.05105 214.614
167 9.99 1.06462 218.789
168 10.05 1.04439 222.934
169 10.11 1.04463 227.13
170 10.17 1.03564 231.339
171 10.23 1.03617 235.6
172 10.29 1.03402 239.902
173 10.35 1.02692 244.224
174 10.41 1.01103 248.53
175 10.47 1.01187 252.888
176 10.53 1.01492 257.31
177 10.59 1.0109 261.765
178 10.65 1.00228 266.232
179 10.71 0.993252 270.709
180 10.77 0.988403 275.214
181 10.83 0.979998 279.73
182 10.89 0.974294 284.271
183 10.95 0.974768 288.863
184 11.01 0.985082 293.555
185 11.07 0.983529 298.291
186 11.13 0.97094 303.018
187 11.19 0.977587 307.828
188 11.25 0.974909 312.676
189 11.31 0.96141 317.508
190 11.37 0.970503 322.438
191 11.43 0.978729 327.463
192 11.49 0.986192 332.579
193 11.55 0.97437 337.686
194 11.61 0.99053 342.933
195 11.67 0.986725 348.213
196 11.73 0.991453 353.574
197 11.79 0.989919 358.981
198 11.85 1.0046 364.524
199 11.91 1.00294 370.114
200 11.97 1.01422 375.824
89000 200
1 0.03 0 0
2 0.09 0 0
3 0.15 0 0
4 0.21 0 0
5 0.27 0 0
6 0.33 0 0
7 0.39 0 0
8 0.45 0 0
9 0.51 0 0
10 0.57 0 0
11 0.63 0 0
12 0.69 0 0
13 0.75 0 0
14 0.81 0 0
15 0.87 0 0
16 0.93 0 0
17 0.99 0 0
18 1.05 0 0
19 1.11 0 0
20 1.17 0 0
21 1.23 0 0
22 1.29 0 0
23 1.35 0 0
24 1.41 0 0
25 1.47 0 0
26 1.53 0 0
27 1.59 0 0
28 1.65 0 0
29 1.71 0 0
30 1.77 0 0
31 1.83 0 0
32 1.89 0 0
33 1.95 0 0
34 2.01 0 0
35 2.07 0 0
36 2.13 0 0
37 2.19 0 0
38 2.25 0 0
39 2.31 0.00381517 0.0008
40 2.37 0.0579912 0.0136
41 2.43 0.221514 0.065
42 2.49 0.739617 0.2452
43 2.55 1.40027 0.603
44 2.61 2.22423 1.1984
45 2.67 2.55519 1.9142
46 2.73 2.8798 2.7576
47 2.79 2.89197 3.6422
48 2.85 2.75144 4.5204
49 2.91 2.42458 5.3272
50 2.97 2.21336 6.0944
51 3.03 1.91702 6.786
52 3.09 1.69564 7.4222
53 3.15 1.47522 7.9974
54 3.21 1.31291 8.529
55 3.27 1.15379 9.0138
56 3.33 1.04512 9.4692
57 3.39 0.907471 9.879
58 3.45 0.805198 10.2556
59 3.51 0.729571 10.6088
60 3.57 0.708849 10.9638
61 3.63 0.64119 11.2958
62 3.69 0.632844 11.6344
63 3.75 0.609498 11.9712
64 3.81 0.557844 12.2894
65 3.87 0.569228 12.6244
66 3.93 0.568127 12.9692
67 3.99 0.568753 13.325
68 4.05 0.569403 13.692
69 4.11 0.620995 14.1042
70 4.17 0.597985 14.5128
71 4.23 0.627224 14.9538
72 4.29 0.68696 15.4506
73 4.35 0.740227 16.001
74 4.41 0.763404 16.5844
75 4.47 0.827363 17.234
76 4.53 0.850485 17.9198
77 4.59 0.921406 18.6826
78 4.65 0.977108 19.5128
79 4.71 1.03589 20.4158
80 4.77 1.08045 21.3818
81 4.83 1.11705 22.4058
82 4.89 1.12195 23.46
83 4.95 1.20791 24.623
84 5.01 1.21079 25.8172
85 5.07 1.23774 27.0674
86 5.13 1.27878 28.3898
87 5.19 1.30059 29.7664
88 5.25 1.28562 31.1588
89 5.31 1.26702 32.5626
90 5.37 1.29358 34.0284
91 5.43 1.2541 35.4814
92 5.49 1.2417 36.952
93 5.55 1.21136 38.4182
94 5.61 1.16133 39.8544
95 5.67 1.12089 41.2704
96 5.73 1.087 42.6728
97 5.79 1.02967 44.0292
98 5.85 1.01134 45.3892
99 5.91 0.965695 46.7146
100 5.97 0.949809 48.0448
101 6.03 0.898807 49.329
102 6.09 0.880909 50.6128
103 6.15 0.860844 51.8922
104 6.21 0.845214 53.173
105 6.27 0.845039 54.4784
106 6.33 0.814996 55.7616
107 6.39 0.815968 57.0708
108 6.45 0.835481 58.4366
109 6.51 0.826156 59.8124
110 6.57 0.83236 61.2242
111 6.63 0.837279 62.6704
112 6.69 0.892495 64.24
113 6.75 0.877481 65.811
114 6.81 0.893585 67.4394
115 6.87 0.928083 69.1606
116 6.93 0.964861 70.9814
117 6.99 0.994516 72.8908
118 7.05 1.00961 74.8626
119 7.11 1.03131 76.9112
120 7.17 1.03125 78.9944
121 7.23 1.05315 81.1576
122 7.29 1.09172 83.4374
123 7.35 1.08763 85.7462
124 7.41 1.10068 88.121
125 7.47 1.10806 90.5506
126 7.53 1.10825 93.0198
127 7.59 1.11915 95.5532
128 7.65 1.11019 98.1062
129 7.71 1.12423 100.732
130 7.77 1.09075 103.32
131 7.83 1.08945 105.944
132 7.89 1.0826 108.593
133 7.95 1.0577 111.219
134 8.01 1.04509 113.854
135 8.07 1.04125 116.519
136 8.13 1.02186 119.173
137 8.19 0.99973 121.808
138 8.25 1.00124 124.486
139 8.31 0.983964 127.156
140 8.37 0.979425 129.852
141 8.43 0.965031 132.547
142 8.49 0.964008 135.277
143 8.55 0.941475 137.981
144 8.61 0.950576 140.75
145 8.67 0.948637 143.552
146 8.73 0.923287 146.317
147 8.79 0.932596 149.149
148 8.85 0.928052 152.005
149 8.91 0.925853 154.893
150 8.97 0.930904 157.836
151 9.03 0.940422 160.85
152 9.09 0.955213 163.951
153 9.15 0.95908 167.106
154 9.21 0.965466 170.324
155 9.27 0.972851 173.609
156 9.33 0.982071 176.968
157 9.39 0.980471 180.365
158 9.45 1.00117 183.879
159 9.51 1.01576 187.488
160 9.57 1.01657 191.147
161 9.63 1.03232 194.909
162 9.69 1.03654 198.733
163 9.75 1.04545 202.638
164 9.81 1.03683 206.559
165 9.87 1.052 210.586
166 9.93 1.03159 214.583
167 9.99 1.05692 218.728
168 10.05 1.05064 222.898
169 10.11 1.05633 227.14
170 10.17 1.04071 231.37
171 10.23 1.03126 235.611
172 10.29 1.04282 239.949
173 10.35 1.02055 244.245
174 10.41 1.03305 248.644
175 10.47 1.01192 253.003
176 10.53 1.00905 257.399
177 10.59 1.00032 261.808
178 10.65 0.999808 266.264
179 10.71 0.987838 270.716
180 10.77 0.988096 275.22
181 10.83 0.980389 279.738
182 10.89 0.981161 284.31
183 10.95 0.974428 288.901
184 11.01 0.972822 293.535
185 11.07 0.975347 298.232
186 11.13 0.970735 302.957
187 11.19 0.972872 307.744
188 11.25 0.964332 312.539
189 11.31 0.984209 317.486
190 11.37 0.965463 322.391
191 11.43 0.970782 327.374
192 11.49 0.974664 332.431
193 11.55 0.990165 337.621
194 11.61 0.997478 342.904
195 11.67 0.989528 348.2
196 11.73 0.98816 353.542
197 11.79 0.999219 359
198 11.85 1.00714 364.557
199 11.91 1.00617 370.165
200 11.97 1.01259 375.866
90000 200
1 0.03 0 0
2 0.09 0 0
3 0.15 0 0
4 0.21 0 0
5 0.27 0 0
6 0.33 0 0
7 0.39 0 0
8 0.45 0 0
9 0.51 0 0
10 0.57 0 0
11 0.63 0 0
12 0.69 0 0
13 0.75 0 0
14 0.81 0 0
15 0.87 0 0
16 0.93 0 0
17 0.99 0 0
18 1.05 0 0
19 1.11 0 0
20 1.17 0 0
21 1.23 0 0
22 1.29 0 0
23 1.35 0 0
24 1.41 0 0
25 1.47 0 0
26 1.53 0 0
27 1.59 0 0
28 1.65 0 0
29 1.71 0 0
30 1.77 0 0
31 1.83 0 0
32 1.89 0 0
33 1.95 0 0
34 2.01 0 0
35 2.07 0 0
36 2.13 0 0
37 2.19 0 0
38 2.25 0 0
39 2.31 0.00858412 0.0018
40 2.37 0.0534606 0.0136
41 2.43 0.284434 0.0796
42 2.49 0.724841 0.2562
43 2.55 1.39244 0.612
44 2.61 2.10843 1.1764
45 2.67 2.59303 1.9028
46 2.73 2.91463 2.7564
47 2.79 2.92597 3.6514
48 2.85 2.66559 4.5022
49 2.91 2.47206 5.3248
50 2.97 2.25029 6.1048
51 3.03 1.86214 6.7766
52 3.09 1.70897 7.4178
53 3.15 1.47214 7.9918
54 3.21 1.27191 8.5068
55 3.27 1.15665 8.9928
56 3.33 0.990038 9.4242
57 3.39 0.886656 9.8246
58 3.45 0.843256 10.219
59 3.51 0.755185 10.5846
60 3.57 0.714439 10.9424
61 3.63 0.665911 11.2872
62 3.69 0.624246 11.6212
63 3.75 0.606602 11.9564
64 3.81 0.606581 12.3024
65 3.87 0.575005 12.6408
66 3.93 0.587899 12.9976
67 3.99 0.609995 13.3792
68 4.05 0.585539 13.7566
69 4.11 0.597192 14.153
70 4.17 0.61145 14.5708
71 4.23 0.662496 15.0366
72 4.29 0.659305 15.5134
73 4.35 0.72893 16.0554
74 4.41 0.75974 16.636
75 4.47 0.793994 17.2594
76 4.53 0.834611 17.9324
77 4.59 0.897247 18.6752
78 4.65 0.964632 19.4948
79 4.71 1.02258 20.3862
80 4.77 1.04779 21.323
81 4.83 1.11487 22.345
82 4.89 1.14813 23.4238
83 4.95 1.16761 24.548
84 5.01 1.24729 25.7782
85 5.07 1.24744 27.0382
86 5.13 1.25247 28.3334
87 5.19 1.29171 29.7006
88 5.25 1.30169 31.1104
89 5.31 1.28868 32.5382
90 5.37 1.30117 34.0126
91 5.43 1.26774 35.4814
92 5.49 1.21907 36.9252
93 5.55 1.20393 38.3824
94 5.61 1.15244 39.8076
95 5.67 1.13673 41.2436
96 5.73 1.08716 42.6462
97 5.79 1.05472 44.0356
98 5.85 1.02903 45.4194
99 5.91 0.969484 46.75
100 5.97 0.931244 48.0542
101 6.03 0.906925 49.35
102 6.09 0.883654 50.6378
103 6.15 0.861113 51.9176
104 6.21 0.844818 53.1978
105 6.27 0.842191 54.4988
106 6.33 0.810804 55.7754
107 6.39 0.834665 57.1146
108 6.45 0.830587 58.4724
109 6.51 0.842009 59.8746
110 6.57 0.840378 61.3
111 6.63 0.840984 62.7526
112 6.69 0.870205 64.283
113 6.75 0.880944 65.8602
114 6.81 0.907084 67.5132
115 6.87 0.900691 69.1836
116 6.93 0.950448 70.9772
117 6.99 0.974307 72.8478
118 7.05 1.01289 74.826
119 7.11 1.03563 76.8832
120 7.17 1.03422 78.9724
121 7.23 1.06006 81.1498
122 7.29 1.07716 83.3992
123 7.35 1.09733 85.7286
124 7.41 1.10642 88.1158
125 7.47 1.10313 90.5346
126 7.53 1.09496 92.9742
127 7.59 1.11624 95.501
128 7.65 1.10889 98.051
129 7.71 1.10728 100.637
130 7.77 1.0991 103.245
131 7.83 1.08232 105.852
132 7.89 1.08153 108.498
133 7.95 1.08428 111.191
134 8.01 1.05278 113.845
135 8.07 1.04352 116.515
136 8.13 1.02832 119.186
137 8.19 1.00041 121.823
138 8.25 1.00625 124.514
139 8.31 0.985954 127.189
140 8.37 0.976301 129.877
141 8.43 0.967323 132.578
142 8.49 0.96768 135.319
143 8.55 0.943703 138.03
144 8.61 0.95291 140.806
145 8.67 0.932251 143.559
146 8.73 0.941719 146.379
147 8.79 0.931344 149.207
148 8.85 0.928442 152.064
149 8.91 0.931751 154.971
150 8.97 0.936408 157.932
151 9.03 0.954404 160.99
152 9.09 0.946589 164.063
153 9.15 0.958229 167.215
154 9.21 0.963606 170.427
155 9.27 0.966987 173.692
156 9.33 0.964705 176.992
157 9.39 0.991035 180.426
158 9.45 0.994221 183.915
159 9.51 1.00788 187.496
160 9.57 0.99573 191.08
161 9.63 1.03204 194.841
162 9.69 1.02738 198.631
163 9.75 1.03935 202.514
164 9.81 1.02942 206.406
165 9.87 1.05221 210.434
166 9.93 1.05662 214.528
167 9.99 1.04652 218.632
168 10.05 1.06178 222.846
169 10.11 1.04279 227.034
170 10.17 1.06083 231.346
171 10.23 1.03267 235.592
172 10.29 1.03181 239.885
173 10.35 1.02107 244.183
174 10.41 1.03155 248.576
175 10.47 1.02849 253.006
176 10.53 1.02052 257.453
177 10.59 1.00259 261.871
178 10.65 0.998596 266.321
179 10.71 0.981404 270.745
180 10.77 0.993361 275.272
181 10.83 0.992106 279.845
182 10.89 0.984165 284.431
183 10.95 0.967169 288.988
184 11.01 0.973242 293.624
185 11.07 0.974018 298.314
186 11.13 0.977761 303.073
187 11.19 0.972832 307.86
188 11.25 0.968153 312.675
189 11.31 0.971675 317.559
190 11.37 0.96755 322.474
191 11.43 0.973859 327.473
192 11.49 0.966761 332.488
193 11.55 0.991653 337.686
194 11.61 0.986301 342.91
195 11.67 0.99091 348.213
196 11.73 0.989048 353.561
197 11.79 0.989077 358.963
198 11.85 1.00997 364.536
199 11.91 1.00305 370.127
200 11.97 1.00843 375.804
91000 200
1 0.03 0 0
2 0.09 0 0
3 0.15 0 0
4 0.21 0 0
5 0.27 0 0
6 0.33 0 0
7 0.39 0 0
8 0.45 0 0
9 0.51 0 0
10 0.57 0 0
11 0.63 0 0
12 0.69 0 0
13 0.75 0 0
14 0.81 0 0
15 0.87 0 0
16 0.93 0 0
17 0.99 0 0
18 1.05 0 0
19 1.11 0 0
20 1.17 0 0
21 1.23 0 0
22 1.29 0 0
23 1.35 0 0
24 1.41 0 0
25 1.47 0 0
26 1.53 0 0
27 1.59 0 0
28 1.65 0 0
29 1.71 0 0
30 1.77 0 0
31 1.83 0 0
32 1.89 0 0
33 1.95 0 0
34 2.01 0 0
35 2.07 0 0
36 2.13 0 0
37 2.19 0 0
38 2.25 0 0
39 2.31 0.00286137 0.0006
40 2.37 0.0543667 0.0126
41 2.43 0.262024 0.0734
42 2.49 0.743721 0.2546
43 2.55 1.41984 0.6174
44 2.61 2.12038 1.185
45 2.67 2.57803 1.9072
46 2.73 2.8757 2.7494
47 2.79 2.96781 3.6572
48 2.85 2.64993 4.503
49 2.91 2.439 5.3146
50 2.97 2.23702 6.09
51 3.03 1.92368 6.784
52 3.09 1.71697 7.4282
53 3.15 1.51266 8.018
54 3.21 1.28673 8.539
55 3.27 1.09382 8.9986
56 3.33 1.024 9.4448
57 3.39 0.920758 9.8606
58 3.45 0.829145 10.2484
59 3.51 0.740725 10.607
60 3.57 0.700462 10.9578
61 3.63 0.658185 11.2986
62 3.69 0.620134 11.6304
63 3.75 0.59502 11.9592
64 3.81 0.58344 12.292
65 3.87 0.565489 12.6248
66 3.93 0.572082 12.972
67 3.99 0.565556 13.3258
68 4.05 0.611604 13.72
69 4.11 0.599301 14.1178
70 4.17 0.621987 14.5428
71 4.23 0.63149 14.9868
72 4.29 0.688067 15.4844
73 4.35 0.728661 16.0262
74 4.41 0.738018 16.5902
75 4.47 0.795013 17.2144
76 4.53 0.846764 17.8972
77 4.59 0.903045 18.6448
78 4.65 0.979697 19.4772
79 4.71 1.02946 20.3746
80 4.77 1.06949 21.3308
81 4.83 1.1153 22.3532
82 4.89 1.16877 23.4514
83 4.95 1.1994 24.6062
84 5.01 1.22154 25.811
85 5.07 1.23636 27.0598
86 5.13 1.26659 28.3696
87 5.19 1.29492 29.7402
88 5.25 1.28396 31.1308
89 5.31 1.31016 32.5824
90 5.37 1.27205 34.0238
91 5.43 1.26532 35.4898
92 5.49 1.22127 36.9362
93 5.55 1.19732 38.3854
94 5.61 1.18349 39.849
95 5.67 1.13435 41.282
96 5.73 1.08406 42.6806
97 5.79 1.05806 44.0744
98 5.85 1.01327 45.437
99 5.91 0.953455 46.7456
100 5.97 0.922819 48.038
101 6.03 0.903706 49.3292
102 6.09 0.876655 50.6068
103 6.15 0.854115 51.8762
104 6.21 0.8596 53.1788
105 6.27 0.814614 54.4372
106 6.33 0.834431 55.751
107 6.39 0.823197 57.0718
108 6.45 0.833401 58.4342
109 6.51 0.834803 59.8244
110 6.57 0.836133 61.2426
111 6.63 0.835774 62.6862
112 6.69 0.882032 64.2374
113 6.75 0.888875 65.8288
114 6.81 0.912133 67.491
115 6.87 0.934338 69.2238
116 6.93 0.95935 71.0342
117 6.99 0.990557 72.936
118 7.05 1.00562 74.9
119 7.11 1.00342 76.8932
120 7.17 1.02907 78.972
121 7.23 1.06775 81.1652
122 7.29 1.06146 83.3818
123 7.35 1.09366 85.7034
124 7.41 1.10476 88.087
125 7.47 1.10751 90.5154
126 7.53 1.09765 92.961
127 7.59 1.11527 95.4856
128 7.65 1.12358 98.0694
129 7.71 1.10659 100.654
130 7.77 1.09985 103.263
131 7.83 1.0912 105.892
132 7.89 1.07687 108.526
133 7.95 1.06777 111.178
134 8.01 1.04731 113.819
135 8.07 1.04617 116.496
136 8.13 1.02671 119.162
137 8.19 1.00777 121.819
138 8.25 1.01568 124.535
139 8.31 0.999 127.246
140 8.37 0.991049 129.974
141 8.43 0.96188 132.66
142 8.49 0.954546 135.364
143 8.55 0.945792 138.08
144 8.61 0.926957 140.781
145 8.67 0.940173 143.558
146 8.73 0.929431 146.341
147 8.79 0.931147 149.168
148 8.85 0.916094 151.987
149 8.91 0.920788 154.86
150 8.97 0.928058 157.794
151 9.03 0.946289 160.826
152 9.09 0.951702 163.916
153 9.15 0.966132 167.094
154 9.21 0.967206 170.318
155 9.27 0.971488 173.599
156 9.33 0.978621 176.946
157 9.39 0.980529 180.343
158 9.45 1.00397 183.866
159 9.51 1.01385 187.469
160 9.57 1.02257 191.149
161 9.63 1.02798 194.895
162 9.69 1.02933 198.693
163 9.75 1.03753 202.569
164 9.81 1.04021 206.502
165 9.87 1.04396 210.498
166 9.93 1.05172 214.573
167 9.99 1.05651 218.717
168 10.05 1.05578 222.907
169 10.11 1.04772 227.115
170 10.17 1.0442 231.359
171 10.23 1.04011 235.636
172 10.29 1.04042 239.965
173 10.35 1.03081 244.304
174 10.41 1.02728 248.678
175 10.47 1.0036 253.001
176 10.53 1.00528 257.381
177 10.59 1.01217 261.841
178 10.65 0.995365 266.278
179 10.71 0.997112 270.772
180 10.77 0.988315 275.276
181 10.83 0.985032 279.816
182 10.89 0.988328 284.422
183 10.95 0.979479 289.037
184 11.01 0.971394 293.664
185 11.07 0.969615 298.333
186 11.13 0.968105 303.045
187 11.19 0.966978 307.803
188 11.25 0.963327 312.594
189 11.31 0.970521 317.472
190 11.37 0.978692 322.443
191 11.43 0.974093 327.444
192 11.49 0.981642 332.536
193 11.55 0.978948 337.668
194 11.61 0.977163 342.844
195 11.67 0.982501 348.101
196 11.73 0.997297 353.493
197 11.79 0.989699 358.899
198 11.85 0.997862 364.405
199 11.91 1.00488 370.006
200 11.97 1.00826 375.683
92000 200
1 0.03 0 0
2 0.09 0 0
3 0.15 0 0
4 0.21 0 0
5 0.27 0 0
6 0.33 0 0
7 0.39 0 0
8 0.45 0 0
9 0.51 0 0
10 0.57 0 0
11 0.63 0 0
12 0.69 0 0
13 0.75 0 0
14 0.81 0 0
15 0.87 0 0
16 0.93 0 0
17 0.99 0 0
18 1.05 0 0
19 1.11 0 0
20 1.17 0 0
21 1.23 0 0
22 1.29 0 0
23 1.35 0 0
24 1.41 0 0
25 1.47 0 0
26 1.53 0 0
27 1.59 0 0
28 1.65 0 0
29 1.71 0 0
30 1.77 0 0
31 1.83 0 0
32 1.89 0 0
33 1.95 0 0
34 2.01 0 0
35 2.07 0 0
36 2.13 0 0
37 2.19 0 0
38 2.25 0.00100534 0.0002
39 2.31 0.00476896 0.0012
40 2.37 0.03262 0.0084
41 2.43 0.252543 0.067
42 2.49 0.651782 0.2258
43 2.55 1.38775 0.5804
44 2.61 2.17492 1.1626
45 2.67 2.6837 1.9144
46 2.73 2.8279 2.7426
47 2.79 2.86581 3.6192
48 2.85 2.79029 4.5098
49 2.91 2.44261 5.3226
50 2.97 2.22548 6.094
51 3.03 1.93753 6.793
52 3.09 1.7079 7.4338
53 3.15 1.47265 8.008
54 3.21 1.30451 8.5362
55 3.27 1.13713 9.014
56 3.33 1.02492 9.4606
57 3.39 0.933602 9.8822
58 3.45 0.813751 10.2628
59 3.51 0.753945 10.6278
60 3.57 0.70206 10.9794
61 3.63 0.653164 11.3176
62 3.69 0.622377 11.6506
63 3.75 0.593211 11.9784
64 3.81 0.573622 12.3056
65 3.87 0.576364 12.6448
66 3.93 0.563514 12.9868
67 3.99 0.572589 13.345
68 4.05 0.574058 13.715
69 4.11 0.60352 14.1156
70 4.17 0.618182 14.538
71 4.23 0.611863 14.9682
72 4.29 0.684195 15.463
73 4.35 0.717095 15.9962
74 4.41 0.754767 16.573
75 4.47 0.827363 17.2226
76 4.53 0.861646 17.9174
77 4.59 0.926721 18.6846
78 4.65 0.984641 19.5212
79 4.71 1.03244 20.4212
80 4.77 1.05674 21.366
81 4.83 1.11552 22.3886
82 4.89 1.12514 23.4458
83 4.95 1.18465 24.5864
84 5.01 1.22194 25.7916
85 5.07 1.23814 27.0422
86 5.13 1.24106 28.3256
87 5.19 1.3004 29.702
88 5.25 1.27528 31.0832
89 5.31 1.29825 32.5216
90 5.37 1.28405 33.9766
91 5.43 1.26757 35.4452
92 5.49 1.24981 36.9254
93 5.55 1.22574 38.409
94 5.61 1.18009 39.8684
95 5.67 1.13277 41.2994
96 5.73 1.09041 42.7062
97 5.79 1.04349 44.0808
98 5.85 1.01743 45.449
99 5.91 0.968464 46.7782
100 5.97 0.935671 48.0886
101 6.03 0.916584 49.3982
102 6.09 0.891751 50.6978
103 6.15 0.849809 51.9608
104 6.21 0.830564 53.2194
105 6.27 0.82303 54.4908
106 6.33 0.824777 55.7894
107 6.39 0.804749 57.0806
108 6.45 0.828262 58.4346
109 6.51 0.821712 59.803
110 6.57 0.842619 61.2322
111 6.63 0.853837 62.707
112 6.69 0.856672 64.2136
113 6.75 0.890886 65.8086
114 6.81 0.909499 67.466
115 6.87 0.906083 69.1464
116 6.93 0.966345 70.97
117 6.99 0.962952 72.8188
118 7.05 1.00347 74.7786
119 7.11 1.02798 76.8206
120 7.17 1.04887 78.9394
121 7.23 1.05977 81.1162
122 7.29 1.06586 83.342
123 7.35 1.111 85.7004
124 7.41 1.10707 88.089
125 7.47 1.10332 90.5082
126 7.53 1.11974 93.003
127 7.59 1.09919 95.4912
128 7.65 1.1101 98.044
129 7.71 1.1101 100.637
130 7.77 1.10677 103.263
131 7.83 1.09983 105.912
132 7.89 1.07998 108.554
133 7.95 1.05883 111.184
134 8.01 1.06135 113.859
135 8.07 1.04766 116.54
136 8.13 1.01439 119.175
137 8.19 1.02447 121.875
138 8.25 1.02084 124.605
139 8.31 0.990376 127.293
140 8.37 0.981677 129.995
141 8.43 0.975918 132.72
142 8.49 0.95956 135.438
143 8.55 0.938411 138.134
144 8.61 0.943298 140.882
145 8.67 0.936042 143.646
146 8.73 0.922285 146.408
147 8.79 0.918499 149.197
148 8.85 0.917199 152.02
149 8.91 0.935983 154.94
150 8.97 0.924958 157.864
151 9.03 0.924317 160.826
152 9.09 0.943201 163.888
153 9.15 0.952454 167.021
154 9.21 0.957486 170.213
155 9.27 0.965921 173.474
156 9.33 0.97868 176.822
157 9.39 0.982318 180.225
158 9.45 1.00186 183.741
159 9.51 1.01469 187.347
160 9.57 1.02491 191.035
161 9.63 1.03534 194.808
162 9.69 1.03372 198.622
163 9.75 1.04797 202.537
164 9.81 1.04307 206.481
165 9.87 1.06569 210.561
166 9.93 1.05662 214.655
167 9.99 1.04988 218.772
168 10.05 1.04666 222.926
169 10.11 1.04448 227.121
170 10.17 1.04154 231.354
171 10.23 1.0458 235.654
172 10.29 1.03056 239.942
173 10.35 1.0406 244.322
174 10.41 1.01976 248.665
175 10.47 1.0245 253.078
176 10.53 1.01974 257.521
177 10.59 0.997463 261.916
178 10.65 1.00035 266.375
179 10.71 0.990589 270.84
180 10.77 0.995204 275.376
181 10.83 0.976961 279.878
182 10.89 0.975281 284.423
183 10.95 0.976848 289.025
184 11.01 0.979624 293.692
185 11.07 0.969283 298.359
186 11.13 0.961531 303.039
187 11.19 0.964296 307.784
188 11.25 0.970445 312.61
189 11.31 0.971556 317.494
190 11.37 0.963377 322.387
191 11.43 0.969145 327.363
192 11.49 0.976707 332.429
193 11.55 0.987952 337.608
194 11.61 0.9843 342.822
195 11.67 0.991733 348.129
196 11.73 0.985201 353.455
197 11.79 0.992775 358.878
198 11.85 0.9946 364.366
199 11.91 1.01105 370.001
200 11.97 1.00509 375.66
93000 200
1 0.03 0 0
2 0.09 0 0
3 0.15 0 0
4 0.21 0 0
5 0.27 0 0
6 0.33 0 0
7 0.39 0 0
8 0.45 0 0
9 0.51 0 0
10 0.57 0 0
11 0.63 0 0
12 0.69 0 0
13 0.75 0 0
14 0.81 0 0
15 0.87 0 0
16 0.93 0 0
17 0.99 0 0
18 1.05 0 0
19 1.11 0 0
20 1.17 0 0
21 1.23 0 0
22 1.29 0 0
23 1.35 0 0
24 1.41 0 0
25 1.47 0 0
26 1.53 0 0
27 1.59 0 0
28 1.65 0 0
29 1.71 0 0
30 1.77 0 0
31 1.83 0 0
32 1.89 0 0
33 1.95 0 0
34 2.01 0 0
35 2.07 0 0
36 2.13 0 0
37 2.19 0 0
38 2.25 0 0
39 2.31 0.00763033 0.0016
40 2.37 0.0516484 0.013
41 2.43 0.243062 0.0694
42 2.49 0.719916 0.2448
43 2.55 1.37287 0.5956
44 2.61 2.06509 1.1484
45 2.67 2.5816 1.8716
46 2.73 2.86614 2.711
47 2.79 2.85862 3.5854
48 2.85 2.75206 4.4638
49 2.91 2.52255 5.3032
50 2.97 2.26183 6.0872
51 3.03 1.9708 6.7982
52 3.09 1.70577 7.4382
53 3.15 1.44188 8.0004
54 3.21 1.33662 8.5416
55 3.27 1.12761 9.0154
56 3.33 1.05613 9.4756
57 3.39 0.912343 9.8876
58 3.45 0.845394 10.283
59 3.51 0.762621 10.6522
60 3.57 0.694073 10.9998
61 3.63 0.66282 11.343
62 3.69 0.597333 11.6626
63 3.75 0.60624 11.9976
64 3.81 0.589401 12.3338
65 3.87 0.561751 12.6644
66 3.93 0.554945 13.0012
67 3.99 0.57163 13.3588
68 4.05 0.584918 13.7358
69 4.11 0.577607 14.1192
70 4.17 0.586277 14.5198
71 4.23 0.638317 14.9686
72 4.29 0.668431 15.452
73 4.35 0.72086 15.988
74 4.41 0.747963 16.5596
75 4.47 0.83526 17.2154
76 4.53 0.878016 17.9234
77 4.59 0.93421 18.6968
78 4.65 0.96016 19.5126
79 4.71 0.997112 20.3818
80 4.77 1.07665 21.3444
81 4.83 1.08083 22.3352
82 4.89 1.15089 23.4166
83 4.95 1.19337 24.5656
84 5.01 1.2189 25.7678
85 5.07 1.25596 27.0364
86 5.13 1.27588 28.3558
87 5.19 1.25977 29.6892
88 5.25 1.30649 31.1042
89 5.31 1.29644 32.5406
90 5.37 1.24875 33.9556
91 5.43 1.26153 35.4172
92 5.49 1.23816 36.8836
93 5.55 1.20591 38.3432
94 5.61 1.17556 39.797
95 5.67 1.13245 41.2276
96 5.73 1.09832 42.6446
97 5.79 1.04774 44.0248
98 5.85 1.02874 45.4082
99 5.91 0.991196 46.7686
100 5.97 0.94067 48.086
101 6.03 0.917284 49.3966
102 6.09 0.886947 50.6892
103 6.15 0.862593 51.9712
104 6.21 0.852209 53.2626
105 6.27 0.841673 54.5628
106 6.33 0.818553 55.8516
107 6.39 0.794777 57.1268
108 6.45 0.840497 58.5008
109 6.51 0.815707 59.8592
110 6.57 0.834011 61.2738
111 6.63 0.839247 62.7234
112 6.69 0.882373 64.2752
113 6.75 0.87681 65.845
114 6.81 0.900609 67.4862
115 6.87 0.92625 69.204
116 6.93 0.9496 70.996
117 6.99 0.975661 72.8692
118 7.05 1.00766 74.8372
119 7.11 1.02798 76.8792
120 7.17 1.026 78.9518
121 7.23 1.05344 81.1156
122 7.29 1.06203 83.3334
123 7.35 1.08716 85.6412
124 7.41 1.11152 88.0394
125 7.47 1.10742 90.4676
126 7.53 1.10789 92.936
127 7.59 1.10784 95.4438
128 7.65 1.11593 98.01
129 7.71 1.10771 100.597
130 7.77 1.07574 103.149
131 7.83 1.10199 105.804
132 7.89 1.07573 108.436
133 7.95 1.08178 111.122
134 8.01 1.07301 113.827
135 8.07 1.04281 116.496
136 8.13 1.03271 119.178
137 8.19 1.01794 121.861
138 8.25 1.00498 124.549
139 8.31 0.999294 127.261
140 8.37 0.975211 129.945
141 8.43 0.983223 132.691
142 8.49 0.955817 135.398
143 8.55 0.949899 138.127
144 8.61 0.933892 140.847
145 8.67 0.95534 143.669
146 8.73 0.930633 146.456
147 8.79 0.927919 149.273
148 8.85 0.921553 152.109
149 8.91 0.929507 155.009
150 8.97 0.939065 157.978
151 9.03 0.932682 160.966
152 9.09 0.941476 164.023
153 9.15 0.954825 167.164
154 9.21 0.952445 170.339
155 9.27 0.963492 173.592
156 9.33 0.978621 176.94
157 9.39 0.969272 180.298
158 9.45 0.993138 183.783
159 9.51 1.01267 187.382
160 9.57 1.01251 191.025
161 9.63 1.01393 194.72
162 9.69 1.03535 198.54
163 9.75 1.0514 202.468
164 9.81 1.03598 206.385
165 9.87 1.06036 210.444
166 9.93 1.04372 214.488
167 9.99 1.05993 218.645
168 10.05 1.03648 222.758
169 10.11 1.05319 226.988
170 10.17 1.05586 231.28
171 10.23 1.03578 235.539
172 10.29 1.04546 239.889
173 10.35 1.02397 244.199
174 10.41 1.03653 248.613
175 10.47 1.02654 253.035
176 10.53 1.0079 257.426
177 10.59 1.00836 261.87
178 10.65 1.0213 266.421
179 10.71 1.00643 270.958
180 10.77 0.986033 275.452
181 10.83 0.986768 280
182 10.89 0.977384 284.554
183 10.95 0.969164 289.12
184 11.01 0.974208 293.761
185 11.07 0.968452 298.424
186 11.13 0.964695 303.12
187 11.19 0.96458 307.866
188 11.25 0.972255 312.701
189 11.31 0.973665 317.595
190 11.37 0.968967 322.517
191 11.43 0.973158 327.513
192 11.49 0.969961 332.545
193 11.55 0.970859 337.634
194 11.61 0.980901 342.83
195 11.67 0.982651 348.088
196 11.73 0.982834 353.402
197 11.79 0.996729 358.846
198 11.85 1.00073 364.368
199 11.91 1.01923 370.049
200 11.97 1.00531 375.709
94000 200
1 0.03 0 0
2 0.09 0 0
3 0.15 0 0
4 0.21 0 0
5 0.27 0 0
6 0.33 0 0
7 0.39 0 0
8 0.45 0 0
9 0.51 0 0
10 0.57 0 0
11 0.63 0 0
12 0.69 0 0
13 0.75 0 0
14 0.81 0 0
15 0.87 0 0
16 0.93 0 0
17 0.99 0 0
18 1.05 0 0
19 1.11 0 0
20 1.17 0 0
21 1.23 0 0
22 1.29 0 0
23 1.35 0 0
24 1.41 0 0
25 1.47 0 0
26 1.53 0 0
27 1.59 0 0
28 1.65 0 0
29 1.71 0 0
30 1.77 0 0
31 1.83 0 0
32 1.89 0 0
33 1.95 0 0
34 2.01 0 0
35 2.07 0 0
36 2.13 0 0
37 2.19 0 0
38 2.25 0 0
39 2.31 0.00953791 0.002
40 2.37 0.0525545 0.0136
41 2.43 0.262024 0.0744
42 2.49 0.68708 0.2418
43 2.55 1.45741 0.6142
44 2.61 2.08004 1.171
45 2.67 2.68512 1.9232
46 2.73 2.83951 2.7548
47 2.79 2.92858 3.6506
48 2.85 2.73953 4.525
49 2.91 2.44622 5.339
50 2.97 2.17701 6.0936
51 3.03 1.93033 6.79
52 3.09 1.66952 7.4164
53 3.15 1.41726 7.969
54 3.21 1.32575 8.5058
55 3.27 1.11761 8.9754
56 3.33 1.01345 9.417
57 3.39 0.924301 9.8344
58 3.45 0.809047 10.2128
59 3.51 0.784103 10.5924
60 3.57 0.71404 10.95
61 3.63 0.668614 11.2962
62 3.69 0.659383 11.649
63 3.75 0.606964 11.9844
64 3.81 0.586245 12.3188
65 3.87 0.570247 12.6544
66 3.93 0.579331 13.006
67 3.99 0.569712 13.3624
68 4.05 0.572196 13.7312
69 4.11 0.619188 14.1422
70 4.17 0.618182 14.5646
71 4.23 0.643722 15.0172
72 4.29 0.696087 15.5206
73 4.35 0.687507 16.0318
74 4.41 0.780415 16.6282
75 4.47 0.793229 17.251
76 4.53 0.864374 17.948
77 4.59 0.904978 18.6972
78 4.65 0.952392 19.5064
79 4.71 1.00009 20.3782
80 4.77 1.07911 21.343
81 4.83 1.11465 22.3648
82 4.89 1.12216 23.4192
83 4.95 1.20355 24.578
84 5.01 1.2479 25.8088
85 5.07 1.25299 27.0744
86 5.13 1.25518 28.3724
87 5.19 1.27111 29.7178
88 5.25 1.29338 31.1186
89 5.31 1.28453 32.5418
90 5.37 1.28017 33.9924
91 5.43 1.26463 35.4576
92 5.49 1.25167 36.94
93 5.55 1.19253 38.3834
94 5.61 1.17411 39.8354
95 5.67 1.1 41.225
96 5.73 1.09661 42.6398
97 5.79 1.06808 44.0468
98 5.85 0.992001 45.3808
99 5.91 0.95666 46.6938
100 5.97 0.929102 47.995
101 6.03 0.919663 49.309
102 6.09 0.901357 50.6226
103 6.15 0.870264 51.916
104 6.21 0.867123 53.23
105 6.27 0.827302 54.508
106 6.33 0.844974 55.8384
107 6.39 0.813848 57.1442
108 6.45 0.813826 58.4746
109 6.51 0.829399 59.8558
110 6.57 0.832714 61.2682
111 6.63 0.853605 62.7426
112 6.69 0.850417 64.2382
113 6.75 0.899376 65.8484
114 6.81 0.898524 67.4858
115 6.87 0.937681 69.2248
116 6.93 0.942393 71.0032
117 6.99 0.969515 72.8646
118 7.05 1.01453 74.846
119 7.11 1.02688 76.8858
120 7.17 1.05847 79.024
121 7.23 1.05402 81.189
122 7.29 1.083 83.4506
123 7.35 1.10647 85.7994
124 7.41 1.08325 88.1366
125 7.47 1.10332 90.5558
126 7.53 1.11552 93.0412
127 7.59 1.08478 95.4968
128 7.65 1.10167 98.0302
129 7.71 1.09949 100.598
130 7.77 1.10651 103.223
131 7.83 1.06662 105.793
132 7.89 1.08341 108.443
133 7.95 1.07324 111.109
134 8.01 1.04929 113.754
135 8.07 1.04617 116.431
136 8.13 1.02578 119.095
137 8.19 1.02644 121.801
138 8.25 1.01336 124.511
139 8.31 0.995978 127.214
140 8.37 0.986109 129.928
141 8.43 0.966105 132.626
142 8.49 0.955888 135.333
143 8.55 0.953381 138.072
144 8.61 0.942474 140.817
145 8.67 0.94234 143.601
146 8.73 0.914204 146.339
147 8.79 0.930883 149.165
148 8.85 0.942153 152.064
149 8.91 0.930148 154.966
150 8.97 0.942797 157.947
151 9.03 0.930684 160.929
152 9.09 0.95201 164.02
153 9.15 0.940295 167.113
154 9.21 0.972187 170.354
155 9.27 0.970778 173.632
156 9.33 0.989497 177.016
157 9.39 0.992997 180.457
158 9.45 0.997241 183.956
159 9.51 1.01458 187.562
160 9.57 1.01351 191.209
161 9.63 1.02096 194.929
162 9.69 1.02407 198.708
163 9.75 1.02955 202.554
164 9.81 1.05994 206.562
165 9.87 1.04574 210.565
166 9.93 1.04857 214.628
167 9.99 1.04285 218.717
168 10.05 1.03068 222.808
169 10.11 1.04841 227.019
170 10.17 1.0474 231.275
171 10.23 1.037 235.54
172 10.29 1.02561 239.807
173 10.35 1.03295 244.155
174 10.41 1.02314 248.512
175 10.47 1.01888 252.901
176 10.53 1.02153 257.351
177 10.59 1.00736 261.791
178 10.65 1.00349 266.263
179 10.71 0.984288 270.699
180 10.77 0.990246 275.213
181 10.83 0.993625 279.792
182 10.89 0.976268 284.342
183 10.95 0.982154 288.969
184 11.01 0.973872 293.608
185 11.07 0.969075 298.274
186 11.13 0.981746 303.053
187 11.19 0.986205 307.905
188 11.25 0.969239 312.726
189 11.31 0.977365 317.638
190 11.37 0.964715 322.539
191 11.43 0.976781 327.553
192 11.49 0.984341 332.66
193 11.55 0.968379 337.736
194 11.61 0.98464 342.951
195 11.67 0.98523 348.223
196 11.73 0.988567 353.568
197 11.79 1.00138 359.038
198 11.85 0.988945 364.495
199 11.91 1.00559 370.1
200 11.97 1.00346 375.749
95000 200
1 0.03 0 0
2 0.09 0 0
3 0.15 0 0
4 0.21 0 0
5 0.27 0 0
6 0.33 0 0
7 0.39 0 0
8 0.45 0 0
9 0.51 0 0
10 0.57 0 0
11 0.63 0 0
12 0.69 0 0
13 0.75 0 0
14 0.81 0 0
15 0.87 0 0
16 0.93 0 0
17 0.99 0 0
18 1.05 0 0
19 1.11 0 0
20 1.17 0 0
21 1.23 0 0
22 1.29 0 0
23 1.35 0 0
24 1.41 0 0
25 1.47 0 0
26 1.53 0 0
27 1.59 0 0
28 1.65 0 0
29 1.71 0 0
30 1.77 0 0
31 1.83 0 0
32 1.89 0 0
33 1.95 0 0
34 2.01 0 0
35 2.07 0 0
36 2.13 0 0
37 2.19 0 0
38 2.25 0 0
39 2.31 0.00476896 0.001
40 2.37 0.0543667 0.013
41 2.43 0.26461 0.0744
42 2.49 0.719916 0.2498
43 2.55 1.43393 0.6162
44 2.61 2.14055 1.1892
45 2.67 2.68727 1.942
46 2.73 2.7801 2.7562
47 2.79 2.89262 3.641
48 2.85 2.72825 4.5118
49 2.91 2.51954 5.3502
50 2.97 2.16836 6.1018
51 3.03 1.87378 6.7778
52 3.09 1.69564 7.414
53 3.15 1.48394 7.9926
54 3.21 1.24869 8.4982
55 3.27 1.12618 8.9714
56 3.33 0.987284 9.4016
57 3.39 0.917215 9.8158
58 3.45 0.869341 10.2224
59 3.51 0.764686 10.5926
60 3.57 0.698465 10.9424
61 3.63 0.673636 11.2912
62 3.69 0.637329 11.6322
63 3.75 0.586334 11.9562
64 3.81 0.613243 12.306
65 3.87 0.579423 12.647
66 3.93 0.561866 12.988
67 3.99 0.585697 13.3544
68 4.05 0.597951 13.7398
69 4.11 0.608039 14.1434
70 4.17 0.617304 14.5652
71 4.23 0.666478 15.0338
72 4.29 0.682259 15.5272
73 4.35 0.711984 16.0566
74 4.41 0.735663 16.6188
75 4.47 0.79705 17.2446
76 4.53 0.851229 17.931
77 4.59 0.925271 18.697
78 4.65 0.955452 19.5088
79 4.71 0.994588 20.3758
80 4.77 1.05451 21.3186
81 4.83 1.10199 22.3288
82 4.89 1.16664 23.425
83 4.95 1.18049 24.5616
84 5.01 1.22154 25.7664
85 5.07 1.23794 27.0168
86 5.13 1.26582 28.3258
87 5.19 1.31212 29.7146
88 5.25 1.28857 31.1102
89 5.31 1.29969 32.5502
90 5.37 1.2807 34.0014
91 5.43 1.23563 35.433
92 5.49 1.23613 36.897
93 5.55 1.23103 38.387
94 5.61 1.16554 39.8284
95 5.67 1.12517 41.2498
96 5.73 1.09723 42.6654
97 5.79 1.0608 44.0628
98 5.85 1.01922 45.4334
99 5.91 0.965258 46.7582
100 5.97 0.9361 48.0692
101 6.03 0.891808 49.3434
102 6.09 0.869519 50.6106
103 6.15 0.853039 51.8784
104 6.21 0.849305 53.1654
105 6.27 0.84258 54.467
106 6.33 0.811947 55.7454
107 6.39 0.839402 57.0922
108 6.45 0.826549 58.4434
109 6.51 0.835764 59.8352
110 6.57 0.839789 61.2596
111 6.63 0.848163 62.7246
112 6.69 0.883511 64.2784
113 6.75 0.887088 65.8666
114 6.81 0.911584 67.5278
115 6.87 0.920642 69.2352
116 6.93 0.933067 70.996
117 6.99 0.96889 72.8562
118 7.05 0.993328 74.7962
119 7.11 1.02053 76.8234
120 7.17 1.03431 78.9128
121 7.23 1.06357 81.0974
122 7.29 1.08856 83.3706
123 7.35 1.09074 85.686
124 7.41 1.11857 88.0994
125 7.47 1.1056 90.5236
126 7.53 1.10851 92.9934
127 7.59 1.10281 95.4898
128 7.65 1.12341 98.0732
129 7.71 1.10248 100.648
130 7.77 1.10221 103.263
131 7.83 1.10016 105.914
132 7.89 1.08047 108.557
133 7.95 1.06173 111.193
134 8.01 1.06111 113.869
135 8.07 1.0357 116.519
136 8.13 1.04365 119.23
137 8.19 1.00929 121.89
138 8.25 0.992121 124.543
139 8.31 0.992587 127.237
140 8.37 0.97601 129.923
141 8.43 0.975345 132.647
142 8.49 0.951086 135.341
143 8.55 0.947741 138.063
144 8.61 0.936295 140.791
145 8.67 0.919047 143.505
146 8.73 0.933037 146.299
147 8.79 0.926272 149.112
148 8.85 0.934615 151.988
149 8.91 0.927007 154.88
150 8.97 0.938305 157.846
151 9.03 0.933493 160.837
152 9.09 0.953858 163.934
153 9.15 0.964126 167.106
154 9.21 0.963426 170.317
155 9.27 0.961123 173.563
156 9.33 0.97026 176.882
157 9.39 0.978393 180.271
158 9.45 0.999977 183.78
159 9.51 1.02055 187.407
160 9.57 1.02463 191.095
161 9.63 1.03814 194.878
162 9.69 1.03464 198.695
163 9.75 1.03196 202.55
164 9.81 1.04836 206.514
165 9.87 1.05028 210.535
166 9.93 1.04712 214.592
167 9.99 1.05871 218.744
168 10.05 1.04817 222.904
169 10.11 1.0515 227.127
170 10.17 1.04755 231.384
171 10.23 1.03602 235.645
172 10.29 1.03398 239.947
173 10.35 1.04241 244.334
174 10.41 1.02117 248.683
175 10.47 1.01874 253.071
176 10.53 1.00744 257.46
177 10.59 1.00168 261.875
178 10.65 1.00465 266.352
179 10.71 0.991211 270.82
180 10.77 0.988973 275.327
181 10.83 0.977308 279.832
182 10.89 0.977169 284.385
183 10.95 0.959868 288.908
184 11.01 0.969631 293.526
185 11.07 0.980372 298.247
186 11.13 0.95734 302.907
187 11.19 0.97336 307.696
188 11.25 0.973944 312.54
189 11.31 0.969169 317.411
190 11.37 0.982668 322.403
191 11.43 0.972613 327.396
192 11.49 0.974664 332.452
193 11.55 0.981046 337.595
194 11.61 0.986868 342.822
195 11.67 0.993601 348.139
196 11.73 0.982279 353.45
197 11.79 1.00116 358.918
198 11.85 1.00359 364.456
199 11.91 1.00549 370.06
200 11.97 1.00538 375.721
96000 200
1 0.03 0 0
2 0.09 0 0
3 0.15 0 0
4 0.21 0 0
5 0.27 0 0
6 0.33 0 0
7 0.39 0 0
8 0.45 0 0
9 0.51 0 0
10 0.57 0 0
11 0.63 0 0
12 0.69 0 0
13 0.75 0 0
14 0.81 0 0
15 0.87 0 0
16 0.93 0 0
17 0.99 0 0
18 1.05 0 0
19 1.11 0 0
20 1.17 0 0
21 1.23 0 0
22 1.29 0 0
23 1.35 0 0
24 1.41 0 0
25 1.47 0 0
26 1.53 0 0
27 1.59 0 0
28 1.65 0 0
29 1.71 0 0
30 1.77 0 0
31 1.83 0 0
32 1.89 0 0
33 1.95 0 0
34 2.01 0 0
35 2.07 0 0
36 2.13 0 0
37 2.19 0 0
38 2.25 0 0
39 2.31 0.00286137 0.0006
40 2.37 0.0534606 0.0124
41 2.43 0.253405 0.0712
42 2.49 0.692006 0.2398
43 2.55 1.42766 0.6046
44 2.61 2.1286 1.1744
45 2.67 2.67513 1.9238
46 2.73 2.8279 2.752
47 2.79 2.93905 3.651
48 2.85 2.70131 4.5132
49 2.91 2.48709 5.3408
50 2.97 2.19605 6.102
51 3.03 1.92201 6.7954
52 3.09 1.66846 7.4214
53 3.15 1.49163 8.003
54 3.21 1.28574 8.5236
55 3.27 1.12904 8.998
56 3.33 1.02263 9.4436
57 3.39 0.891971 9.8464
58 3.45 0.824869 10.2322
59 3.51 0.756837 10.5986
60 3.57 0.695271 10.9468
61 3.63 0.655095 11.286
62 3.69 0.629479 11.6228
63 3.75 0.605516 11.9574
64 3.81 0.610789 12.3058
65 3.87 0.569228 12.6408
66 3.93 0.554286 12.9772
67 3.99 0.562998 13.3294
68 4.05 0.61719 13.7272
69 4.11 0.602013 14.1268
70 4.17 0.591546 14.531
71 4.23 0.627508 14.9722
72 4.29 0.675345 15.4606
73 4.35 0.735385 16.0074
74 4.41 0.792192 16.6128
75 4.47 0.812079 17.2504
76 4.53 0.852965 17.9382
77 4.59 0.924305 18.7034
78 4.65 0.955923 19.5156
79 4.71 1.02327 20.4076
80 4.77 1.08717 21.3796
81 4.83 1.11574 22.4024
82 4.89 1.1477 23.4808
83 4.95 1.17177 24.609
84 5.01 1.21221 25.8046
85 5.07 1.25972 27.077
86 5.13 1.26717 28.3874
87 5.19 1.27999 29.7422
88 5.25 1.27749 31.1258
89 5.31 1.27785 32.5416
90 5.37 1.27875 33.9906
91 5.43 1.26273 35.4536
92 5.49 1.23968 36.9218
93 5.55 1.21401 38.3912
94 5.61 1.17249 39.8412
95 5.67 1.13229 41.2716
96 5.73 1.0884 42.6758
97 5.79 1.03605 44.0406
98 5.85 0.99676 45.381
99 5.91 0.960158 46.6988
100 5.97 0.935386 48.0088
101 6.03 0.916864 49.3188
102 6.09 0.88036 50.6018
103 6.15 0.858018 51.877
104 6.21 0.844686 53.157
105 6.27 0.829892 54.439
106 6.33 0.811693 55.717
107 6.39 0.827685 57.045
108 6.45 0.833034 58.4068
109 6.51 0.827357 59.7846
110 6.57 0.85217 61.23
111 6.63 0.863332 62.7212
112 6.69 0.884307 64.2764
113 6.75 0.900269 65.8882
114 6.81 0.92201 67.5684
115 6.87 0.936495 69.3052
116 6.93 0.957972 71.113
117 6.99 0.948681 72.9344
118 7.05 0.995581 74.8788
119 7.11 1.01369 76.8924
120 7.17 1.06907 79.052
121 7.23 1.07321 81.2564
122 7.29 1.06395 83.4782
123 7.35 1.09715 85.8072
124 7.41 1.09363 88.1668
125 7.47 1.0848 90.5454
126 7.53 1.099 92.994
127 7.59 1.12066 95.5308
128 7.65 1.09775 98.0552
129 7.71 1.10753 100.642
130 7.77 1.07422 103.191
131 7.83 1.09635 105.832
132 7.89 1.08824 108.494
133 7.95 1.07477 111.163
134 8.01 1.05421 113.821
135 8.07 1.04195 116.487
136 8.13 1.02909 119.16
137 8.19 1.00481 121.808
138 8.25 0.995935 124.472
139 8.31 0.988018 127.153
140 8.37 0.97601 129.84
141 8.43 0.961593 132.525
142 8.49 0.951934 135.221
143 8.55 0.960483 137.98
144 8.61 0.934029 140.701
145 8.67 0.937464 143.47
146 8.73 0.923153 146.235
147 8.79 0.940962 149.091
148 8.85 0.952356 152.022
149 8.91 0.927071 154.914
150 8.97 0.941595 157.891
151 9.03 0.95353 160.947
152 9.09 0.958478 164.059
153 9.15 0.956101 167.204
154 9.21 0.970566 170.439
155 9.27 0.974983 173.731
156 9.33 0.983767 177.096
157 9.39 1.0016 180.566
158 9.45 0.987438 184.031
159 9.51 1.00569 187.605
160 9.57 1.0099 191.24
161 9.63 1.03611 195.015
162 9.69 1.03486 198.834
163 9.75 1.03234 202.69
164 9.81 1.04185 206.63
165 9.87 1.04223 210.619
166 9.93 1.04816 214.68
167 9.99 1.03764 218.75
168 10.05 1.02645 222.823
169 10.11 1.04109 227.005
170 10.17 1.0473 231.261
171 10.23 1.03481 235.517
172 10.29 1.0259 239.785
173 10.35 1.0273 244.109
174 10.41 1.00689 248.397
175 10.47 1.02492 252.812
176 10.53 1.01827 257.248
177 10.59 1.01929 261.74
178 10.65 0.999763 266.196
179 10.71 0.993474 270.674
180 10.77 0.984498 275.161
181 10.83 0.9859 279.705
182 10.89 0.984208 284.291
183 10.95 0.986229 288.938
184 11.01 0.969589 293.556
185 11.07 0.981535 298.282
186 11.13 0.970324 303.006
187 11.19 0.970149 307.779
188 11.25 0.980017 312.653
189 11.31 0.978758 317.572
190 11.37 0.972865 322.514
191 11.43 0.977794 327.534
192 11.49 0.978866 332.612
193 11.55 0.989707 337.8
194 11.61 0.978145 342.981
195 11.67 0.99035 348.281
196 11.73 0.994597 353.658
197 11.79 1.00101 359.126
198 11.85 1.00942 364.695
199 11.91 0.995296 370.243
200 11.97 1.0046 375.899
97000 200
1 0.03 0 0
2 0.09 0 0
3 0.15 0 0
4 0.21 0 0
5 0.27 0 0
6 0.33 0 0
7 0.39 0 0
8 0.45 0 0
9 0.51 0 0
10 0.57 0 0
11 0.63 0 0
12 0.69 0 0
13 0.75 0 0
14 0.81 0 0
15 0.87 0 0
16 0.93 0 0
17 0.99 0 0
18 1.05 0 0
19 1.11 0 0
20 1.17 0 0
21 1.23 0 0
22 1.29 0 0
23 1.35 0 0
24 1.41 0 0
25 1.47 0 0
26 1.53 0 0
27 1.59 0 0
28 1.65 0 0
29 1.71 0 0
30 1.77 0 0
31 1.83 0 0
32 1.89 0 0
33 1.95 0 0
34 2.01 0 0
35 2.07 0 0
36 2.13 0 0
37 2.19 0 0
38 2.25 0 0
39 2.31 0.000953791 0.0002
40 2.37 0.0453056 0.0102
41 2.43 0.272367 0.0734
42 2.49 0.746184 0.2552
43 2.55 1.36427 0.6038
44 2.61 2.08302 1.1614
45 2.67 2.5659 1.8802
46 2.73 2.96312 2.748
47 2.79 2.86778 3.6252
48 2.85 2.75958 4.506
49 2.91 2.44562 5.3198
50 2.97 2.21971 6.0892
51 3.03 1.91924 6.7816
52 3.09 1.68605 7.4142
53 3.15 1.47317 7.9886
54 3.21 1.35193 8.536
55 3.27 1.1338 9.0124
56 3.33 1.01299 9.4538
57 3.39 0.904814 9.8624
58 3.45 0.782963 10.2286
59 3.51 0.765513 10.5992
60 3.57 0.718433 10.959
61 3.63 0.678657 11.3104
62 3.69 0.594716 11.6286
63 3.75 0.617098 11.9696
64 3.81 0.576077 12.2982
65 3.87 0.570587 12.634
66 3.93 0.561536 12.9748
67 3.99 0.58314 13.3396
68 4.05 0.588952 13.7192
69 4.11 0.622803 14.1326
70 4.17 0.590082 14.5358
71 4.23 0.653393 14.9952
72 4.29 0.684471 15.4902
73 4.35 0.722474 16.0274
74 4.41 0.774657 16.6194
75 4.47 0.823797 17.2662
76 4.53 0.855941 17.9564
77 4.59 0.892899 18.6956
78 4.65 0.946272 19.4996
79 4.71 1.01432 20.3838
80 4.77 1.07665 21.3464
81 4.83 1.10876 22.3628
82 4.89 1.15515 23.4482
83 4.95 1.18112 24.5854
84 5.01 1.20977 25.7786
85 5.07 1.24447 27.0356
86 5.13 1.28516 28.3646
87 5.19 1.28453 29.7242
88 5.25 1.29781 31.1298
89 5.31 1.27948 32.5474
90 5.37 1.26905 33.9854
91 5.43 1.27016 35.457
92 5.49 1.22921 36.9128
93 5.55 1.20558 38.372
94 5.61 1.17023 39.8192
95 5.67 1.13783 41.2566
96 5.73 1.0791 42.6488
97 5.79 1.06322 44.0494
98 5.85 1.0091 45.4064
99 5.91 0.986096 46.7598
100 5.97 0.924247 48.0542
101 6.03 0.912944 49.3586
102 6.09 0.88681 50.651
103 6.15 0.858287 51.9266
104 6.21 0.842706 53.2036
105 6.27 0.831057 54.4874
106 6.33 0.83405 55.8006
107 6.39 0.825067 57.1244
108 6.45 0.808198 58.4456
109 6.51 0.835764 59.8374
110 6.57 0.828351 61.2424
111 6.63 0.851984 62.714
112 6.69 0.868158 64.2408
113 6.75 0.888987 65.8324
114 6.81 0.912242 67.4948
115 6.87 0.92625 69.2126
116 6.93 0.929463 70.9666
117 6.99 0.975244 72.839
118 7.05 1.0048 74.8014
119 7.11 1.03513 76.8576
120 7.17 1.04471 78.968
121 7.23 1.05899 81.1432
122 7.29 1.07793 83.3942
123 7.35 1.10581 85.7416
124 7.41 1.11162 88.14
125 7.47 1.09073 90.5316
126 7.53 1.12099 93.0292
127 7.59 1.11527 95.5538
128 7.65 1.11228 98.1116
129 7.71 1.09024 100.658
130 7.77 1.0964 103.259
131 7.83 1.08165 105.865
132 7.89 1.07745 108.501
133 7.95 1.0606 111.135
134 8.01 1.0535 113.791
135 8.07 1.03547 116.44
136 8.13 1.04888 119.165
137 8.19 1.02211 121.859
138 8.25 0.997804 124.527
139 8.31 0.979394 127.185
140 8.37 0.984874 129.896
141 8.43 0.971835 132.61
142 8.49 0.952146 135.307
143 8.55 0.955957 138.053
144 8.61 0.938904 140.788
145 8.67 0.941663 143.569
146 8.73 0.92903 146.351
147 8.79 0.931476 149.179
148 8.85 0.925907 152.029
149 8.91 0.934188 154.943
150 8.97 0.929766 157.883
151 9.03 0.942482 160.902
152 9.09 0.943509 163.966
153 9.15 0.954885 167.107
154 9.21 0.962466 170.315
155 9.27 0.978833 173.62
156 9.33 0.973066 176.949
157 9.39 0.979259 180.342
158 9.45 1.00824 183.88
159 9.51 1.01261 187.478
160 9.57 1.02474 191.166
161 9.63 1.02601 194.905
162 9.69 1.03074 198.708
163 9.75 1.04197 202.6
164 9.81 1.04762 206.562
165 9.87 1.04333 210.555
166 9.93 1.0447 214.603
167 9.99 1.04647 218.707
168 10.05 1.05764 222.905
169 10.11 1.04747 227.112
170 10.17 1.03608 231.322
171 10.23 1.0317 235.565
172 10.29 1.04402 239.909
173 10.35 1.03024 244.245
174 10.41 1.0347 248.651
175 10.47 1.00737 252.991
176 10.53 1.01846 257.428
177 10.59 0.994332 261.81
178 10.65 0.998372 266.259
179 10.71 0.990723 270.725
180 10.77 0.992703 275.249
181 10.83 0.97657 279.75
182 10.89 0.975023 284.294
183 10.95 0.983724 288.929
184 11.01 0.969127 293.545
185 11.07 0.97381 298.234
186 11.13 0.973364 302.972
187 11.19 0.97271 307.758
188 11.25 0.967188 312.568
189 11.31 0.973665 317.462
190 11.37 0.980779 322.444
191 11.43 0.973119 327.44
192 11.49 0.963368 332.437
193 11.55 1.00028 337.681
194 11.61 0.996459 342.959
195 11.67 0.986687 348.239
196 11.73 0.985978 353.57
197 11.79 0.999586 359.029
198 11.85 1.00783 364.59
199 11.91 0.997988 370.153
200 11.97 1.01099 375.845
98000 200
1 0.03 0 0
2 0.09 0 0
3 0.15 0 0
4 0.21 0 0
5 0.27 0 0
6 0.33 0 0
7 0.39 0 0
8 0.45 0 0
9 0.51 0 0
10 0.57 0 0
11 0.63 0 0
12 0.69 0 0
13 0.75 0 0
14 0.81 0 0
15 0.87 0 0
16 0.93 0 0
17 0.99 0 0
18 1.05 0 0
19 1.11 0 0
20 1.17 0 0
21 1.23 0 0
22 1.29 0 0
23 1.35 0 0
24 1.41 0 0
25 1.47 0 0
26 1.53 0 0
27 1.59 0 0
28 1.65 0 0
29 1.71 0 0
30 1.77 0 0
31 1.83 0 0
32 1.89 0 0
33 1.95 0 0
34 2.01 0 0
35 2.07 0 0
36 2.13 0 0
37 2.19 0 0
38 2.25 0 0
39 2.31 0.00667654 0.0014
40 2.37 0.0525545 0.013
41 2.43 0.248233 0.0706
42 2.49 0.745363 0.2522
43 2.55 1.37679 0.604
44 2.61 2.13009 1.1742
45 2.67 2.58232 1.8976
46 2.73 2.81561 2.7222
47 2.79 2.86451 3.5984
48 2.85 2.74078 4.4732
49 2.91 2.55861 5.3246
50 2.97 2.17817 6.0796
51 3.03 1.92756 6.775
52 3.09 1.66366 7.3992
53 3.15 1.50497 7.986
54 3.21 1.30451 8.5142
55 3.27 1.11048 8.9808
56 3.33 1.02492 9.4274
57 3.39 0.941574 9.8526
58 3.45 0.860788 10.2552
59 3.51 0.764686 10.6254
60 3.57 0.72003 10.986
61 3.63 0.662048 11.3288
62 3.69 0.634339 11.6682
63 3.75 0.601897 12.0008
64 3.81 0.56661 12.324
65 3.87 0.574665 12.6622
66 3.93 0.570104 13.0082
67 3.99 0.566195 13.3624
68 4.05 0.589262 13.7422
69 4.11 0.583633 14.1296
70 4.17 0.597693 14.538
71 4.23 0.659651 15.0018
72 4.29 0.673133 15.4886
73 4.35 0.714674 16.02
74 4.41 0.744561 16.589
75 4.47 0.828127 17.2392
76 4.53 0.834363 17.912
77 4.59 0.90836 18.664
78 4.65 0.938504 19.4614
79 4.71 1.00124 20.3342
80 4.77 1.08269 21.3022
81 4.83 1.10963 22.3194
82 4.89 1.1328 23.3838
83 4.95 1.18693 24.5266
84 5.01 1.23188 25.7416
85 5.07 1.27319 27.0276
86 5.13 1.27433 28.3454
87 5.19 1.3106 29.7326
88 5.25 1.27436 31.1128
89 5.31 1.28074 32.5318
90 5.37 1.27081 33.9718
91 5.43 1.2674 35.4402
92 5.49 1.24592 36.9158
93 5.55 1.20376 38.3728
94 5.61 1.16263 39.8106
95 5.67 1.13641 41.2462
96 5.73 1.08979 42.6522
97 5.79 1.05411 44.0408
98 5.85 1.02606 45.4206
99 5.91 0.993674 46.7844
100 5.97 0.936243 48.0956
101 6.03 0.897127 49.3774
102 6.09 0.882693 50.6638
103 6.15 0.861786 51.9446
104 6.21 0.837031 53.213
105 6.27 0.843097 54.5154
106 6.33 0.829985 55.8222
107 6.39 0.825067 57.146
108 6.45 0.8104 58.4708
109 6.51 0.830359 59.8536
110 6.57 0.850519 61.2962
111 6.63 0.848742 62.7622
112 6.69 0.860311 64.2752
113 6.75 0.887088 65.8634
114 6.81 0.913669 67.5284
115 6.87 0.915789 69.2268
116 6.93 0.952037 71.0234
117 6.99 0.967327 72.8806
118 7.05 1.00039 74.8344
119 7.11 1.01993 76.8604
120 7.17 1.03976 78.9608
121 7.23 1.05831 81.1346
122 7.29 1.06902 83.367
123 7.35 1.07576 85.6506
124 7.41 1.10151 88.0272
125 7.47 1.09109 90.4196
126 7.53 1.11471 92.9032
127 7.59 1.11023 95.4164
128 7.65 1.11089 97.971
129 7.71 1.11558 100.577
130 7.77 1.10044 103.187
131 7.83 1.09593 105.828
132 7.89 1.09388 108.503
133 7.95 1.06285 111.143
134 8.01 1.05619 113.806
135 8.07 1.03515 116.455
136 8.13 1.03595 119.145
137 8.19 1.01953 121.833
138 8.25 1.00783 124.528
139 8.31 0.997378 127.234
140 8.37 0.982767 129.94
141 8.43 0.981361 132.68
142 8.49 0.960619 135.401
143 8.55 0.941057 138.104
144 8.61 0.932038 140.819
145 8.67 0.939157 143.593
146 8.73 0.942721 146.416
147 8.79 0.9295 149.238
148 8.85 0.934745 152.115
149 8.91 0.934444 155.03
150 8.97 0.931663 157.976
151 9.03 0.931308 160.96
152 9.09 0.940491 164.013
153 9.15 0.95294 167.148
154 9.21 0.961386 170.353
155 9.27 0.96752 173.62
156 9.33 0.971839 176.944
157 9.39 0.986128 180.361
158 9.45 1.00123 183.874
159 9.51 1.00158 187.433
160 9.57 1.0159 191.089
161 9.63 1.02123 194.811
162 9.69 1.03887 198.644
163 9.75 1.04203 202.536
164 9.81 1.0253 206.413
165 9.87 1.04944 210.431
166 9.93 1.04609 214.484
167 9.99 1.05774 218.632
168 10.05 1.05522 222.82
169 10.11 1.04533 227.018
170 10.17 1.04991 231.285
171 10.23 1.03529 235.543
172 10.29 1.04282 239.881
173 10.35 1.04017 244.26
174 10.41 1.03019 248.647
175 10.47 1.01586 253.022
176 10.53 1.0157 257.448
177 10.59 1.00817 261.891
178 10.65 0.987602 266.292
179 10.71 0.989303 270.751
180 10.77 1.00122 275.315
181 10.83 0.980389 279.833
182 10.89 0.977427 284.388
183 10.95 0.972008 288.967
184 11.01 0.97299 293.602
185 11.07 0.977216 298.308
186 11.13 0.976898 303.063
187 11.19 0.980474 307.887
188 11.25 0.973381 312.728
189 11.31 0.973744 317.622
190 11.37 0.979991 322.6
191 11.43 0.960535 327.531
192 11.49 0.979059 332.61
193 11.55 0.979978 337.747
194 11.61 0.978749 342.931
195 11.67 0.97626 348.156
196 11.73 0.983425 353.473
197 11.79 0.991347 358.888
198 11.85 0.9917 364.36
199 11.91 1.00086 369.938
200 11.97 1.01266 375.64
99000 200
1 0.03 0 0
2 0.09 0 0
3 0.15 0 0
4 0.21 0 0
5 0.27 0 0
6 0.33 0 0
7 0.39 0 0
8 0.45 0 0
9 0.51 0 0
10 0.57 0 0
11 0.63 0 0
12 0.69 0 0
13 0.75 0 0
14 0.81 0 0
15 0.87 0 0
16 0.93 0 0
17 0.99 0 0
18 1.05 0 0
19 1.11 0 0
20 1.17 0 0
21 1.23 0 0
22 1.29 0 0
23 1.35 0 0
24 1.41 0 0
25 1.47 0 0
26 1.53 0 0
27 1.59 0 0
28 1.65 0 0
29 1.71 0 0
30 1.77 0 0
31 1.83 0 0
32 1.89 0 0
33 1.95 0 0
34 2.01 0 0
35 2.07 0 0
36 2.13 0 0
37 2.19 0 0
38 2.25 0 0
39 2.31 0.00667654 0.0014
40 2.37 0.0516484 0.0128
41 2.43 0.272367 0.076
42 2.49 0.685439 0.243
43 2.55 1.48245 0.6218
44 2.61 2.05837 1.1728
45 2.67 2.70868 1.9316
46 2.73 2.84224 2.764
47 2.79 2.90374 3.6522
48 2.85 2.7295 4.5234
49 2.91 2.50151 5.3558
50 2.97 2.1724 6.1088
51 3.03 1.8505 6.7764
52 3.09 1.69671 7.413
53 3.15 1.46547 7.9844
54 3.21 1.25314 8.4918
55 3.27 1.1457 8.9732
56 3.33 1.00243 9.41
57 3.39 0.895071 9.8142
58 3.45 0.850953 10.2122
59 3.51 0.735355 10.5682
60 3.57 0.697267 10.9174
61 3.63 0.691404 11.2754
62 3.69 0.631348 11.6132
63 3.75 0.613117 11.952
64 3.81 0.580284 12.283
65 3.87 0.5852 12.6274
66 3.93 0.596468 12.9894
67 3.99 0.583779 13.3546
68 4.05 0.600744 13.7418
69 4.11 0.592974 14.1354
70 4.17 0.613498 14.5546
71 4.23 0.637464 15.0028
72 4.29 0.668708 15.4864
73 4.35 0.72893 16.0284
74 4.41 0.756861 16.6068
75 4.47 0.805711 17.2394
76 4.53 0.873303 17.9436
77 4.59 0.937109 18.7194
78 4.65 0.972165 19.5454
79 4.71 1.03405 20.4468
80 4.77 1.06591 21.3998
81 4.83 1.12468 22.4308
82 4.89 1.14834 23.5098
83 4.95 1.17883 24.6448
84 5.01 1.2187 25.8468
85 5.07 1.23596 27.0952
86 5.13 1.26737 28.4058
87 5.19 1.2747 29.755
88 5.25 1.29541 31.158
89 5.31 1.26124 32.5554
90 5.37 1.27099 33.9956
91 5.43 1.22856 35.419
92 5.49 1.24103 36.8888
93 5.55 1.2231 38.3692
94 5.61 1.156 39.7988
95 5.67 1.12944 41.2256
96 5.73 1.06499 42.5996
97 5.79 1.02542 43.9504
98 5.85 0.992001 45.2844
99 5.91 0.980559 46.6302
100 5.97 0.941955 47.9494
101 6.03 0.904406 49.2416
102 6.09 0.904788 50.5602
103 6.15 0.858556 51.8362
104 6.21 0.861843 53.1422
105 6.27 0.856433 54.4652
106 6.33 0.834939 55.7798
107 6.39 0.817713 57.0918
108 6.45 0.829608 58.448
109 6.51 0.856781 59.8748
110 6.57 0.83236 61.2866
111 6.63 0.854879 62.7632
112 6.69 0.885785 64.321
113 6.75 0.894125 65.9218
114 6.81 0.901487 67.5646
115 6.87 0.936818 69.302
116 6.93 0.961046 71.1156
117 6.99 0.978682 72.9946
118 7.05 0.979606 74.9078
119 7.11 1.0154 76.9248
120 7.17 1.03402 79.0136
121 7.23 1.07097 81.2134
122 7.29 1.07946 83.4676
123 7.35 1.09498 85.792
124 7.41 1.10133 88.1682
125 7.47 1.11499 90.613
126 7.53 1.11202 93.0906
127 7.59 1.09645 95.5726
128 7.65 1.10889 98.1226
129 7.71 1.06609 100.613
130 7.77 1.08122 103.178
131 7.83 1.08539 105.793
132 7.89 1.07548 108.423
133 7.95 1.06414 111.066
134 8.01 1.0508 113.715
135 8.07 1.03445 116.363
136 8.13 1.03094 119.04
137 8.19 1.01878 121.725
138 8.25 0.99601 124.389
139 8.31 0.999589 127.102
140 8.37 0.987707 129.821
141 8.43 0.986876 132.576
142 8.49 0.954052 135.279
143 8.55 0.956792 138.027
144 8.61 0.953459 140.804
145 8.67 0.936042 143.569
146 8.73 0.934306 146.367
147 8.79 0.938064 149.215
148 8.85 0.932211 152.084
149 8.91 0.93579 155.003
150 8.97 0.92597 157.931
151 9.03 0.938674 160.939
152 9.09 0.949607 164.022
153 9.15 0.959871 167.18
154 9.21 0.956405 170.367
155 9.27 0.975398 173.661
156 9.33 0.991368 177.052
157 9.39 0.983588 180.46
158 9.45 1.00693 183.993
159 9.51 1.01678 187.607
160 9.57 1.00862 191.236
161 9.63 1.02688 194.978
162 9.69 1.02868 198.774
163 9.75 1.03485 202.639
164 9.81 1.04175 206.579
165 9.87 1.03393 210.537
166 9.93 1.04826 214.598
167 9.99 1.05453 218.734
168 10.05 1.04379 222.876
169 10.11 1.02859 227.007
170 10.17 1.04376 231.249
171 10.23 1.03636 235.511
172 10.29 1.0284 239.79
173 10.35 1.02996 244.125
174 10.41 1.02112 248.474
175 10.47 1.0212 252.872
176 10.53 1.01295 257.286
177 10.59 1.01339 261.752
178 10.65 1.00353 266.224
179 10.71 0.992542 270.698
180 10.77 0.97344 275.135
181 10.83 0.986074 279.679
182 10.89 0.984895 284.269
183 10.95 0.99561 288.96
184 11.01 0.97912 293.623
185 11.07 0.9692 298.29
186 11.13 0.967119 302.998
187 11.19 0.97649 307.803
188 11.25 0.977563 312.664
189 11.31 0.972471 317.552
190 11.37 0.975385 322.507
191 11.43 0.986599 327.572
192 11.49 0.989199 332.703
193 11.55 0.974217 337.81
194 11.61 0.992607 343.068
195 11.67 0.987435 348.352
196 11.73 0.988493 353.696
197 11.79 0.998597 359.151
198 11.85 0.996412 364.649
199 11.91 0.997736 370.21
200 11.97 1.00435 375.864
100000 200
1 0.03 0 0
2 0.09 0 0
3 0.15 0 0
4 0.21 0 0
5 0.27 0 0
6 0.33 0 0
7 0.39 0 0
8 0.45 0 0
9 0.51 0 0
10 0.57 0 0
11 0.63 0 0
12 0.69 0 0
13 0.75 0 0
14 0.81 0 0
15 0.87 0 0
16 0.93 0 0
17 0.99 0 0
18 1.05 0 0
19 1.11 0 0
20 1.17 0 0
21 1.23 0 0
22 1.29 0 0
23 1.35 0 0
24 1.41 0 0
25 1.47 0 0
26 1.53 0 0
27 1.59 0 0
28 1.65 0 0
29 1.71 0 0
30 1.77 0 0
31 1.83 0 0
32 1.89 0 0
33 1.95 0 0
34 2.01 0 0
35 2.07 0 0
36 2.13 0 0
37 2.19 0 0
38 2.25 0 0
39 2.31 0.00763033 0.0016
40 2.37 0.0498362 0.0126
41 2.43 0.243062 0.069
42 2.49 0.71499 0.2432
43 2.55 1.44097 0.6114
44 2.61 2.10693 1.1754
45 2.67 2.61302 1.9074
46 2.73 2.91395 2.7608
47 2.79 2.80566 3.619
48 2.85 2.6894 4.4774
49 2.91 2.51053 5.3128
50 2.97 2.22029 6.0824
51 3.03 1.93532 6.7806
52 3.09 1.69405 7.4162
53 3.15 1.49061 7.9974
54 3.21 1.26895 8.5112
55 3.27 1.14475 8.9922
56 3.33 1.00748 9.4312
57 3.39 0.929173 9.8508
58 3.45 0.824014 10.2362
59 3.51 0.75849 10.6034
60 3.57 0.72043 10.9642
61 3.63 0.658185 11.305
62 3.69 0.62761 11.6408
63 3.75 0.613841 11.98
64 3.81 0.575726 12.3084
65 3.87 0.569907 12.6438
66 3.93 0.570104 12.9898
67 3.99 0.563957 13.3426
68 4.05 0.579953 13.7164
69 4.11 0.624009 14.1306
70 4.17 0.630768 14.5616
71 4.23 0.622388 14.9992
72 4.29 0.702447 15.5072
73 4.35 0.741034 16.0582
74 4.41 0.746654 16.6288
75 4.47 0.77871 17.2402
76 4.53 0.854205 17.929
77 4.59 0.934451 18.7026
78 4.65 0.973106 19.5294
79 4.71 0.991605 20.3938
80 4.77 1.06502 21.346
81 4.83 1.12774 22.3798
82 4.89 1.13642 23.4476
83 4.95 1.19773 24.6008
84 5.01 1.19193 25.7764
85 5.07 1.23814 27.027
86 5.13 1.243 28.3124
87 5.19 1.26847 29.655
88 5.25 1.30704 31.0706
89 5.31 1.28742 32.497
90 5.37 1.28158 33.9492
91 5.43 1.27447 35.4258
92 5.49 1.25386 36.9108
93 5.55 1.21368 38.3798
94 5.61 1.16149 39.8162
95 5.67 1.13182 41.246
96 5.73 1.09522 42.659
97 5.79 1.04136 44.0308
98 5.85 0.998545 45.3736
99 5.91 0.975021 46.7118
100 5.97 0.948381 48.04
101 6.03 0.911545 49.3424
102 6.09 0.88434 50.6312
103 6.15 0.849002 51.893
104 6.21 0.852473 53.1848
105 6.27 0.846593 54.4926
106 6.33 0.836336 55.8094
107 6.39 0.812976 57.1138
108 6.45 0.814438 58.4452
109 6.51 0.834323 59.8346
110 6.57 0.856886 61.288
111 6.63 0.849089 62.7546
112 6.69 0.864974 64.2758
113 6.75 0.885189 65.8606
114 6.81 0.911145 67.521
115 6.87 0.934554 69.2542
116 6.93 0.955535 71.0574
117 6.99 0.966806 72.9136
118 7.05 1.00244 74.8714
119 7.11 1.01077 76.8792
120 7.17 1.03026 78.9604
121 7.23 1.05957 81.1368
122 7.29 1.07333 83.3782
123 7.35 1.08414 85.6796
124 7.41 1.0801 88.01
125 7.47 1.11572 90.4564
126 7.53 1.11839 92.9482
127 7.59 1.11085 95.4628
128 7.65 1.10271 97.9986
129 7.71 1.10522 100.58
130 7.77 1.09294 103.173
131 7.83 1.0917 105.803
132 7.89 1.08758 108.463
133 7.95 1.06599 111.111
134 8.01 1.07198 113.813
135 8.07 1.05446 116.512
136 8.13 1.03164 119.191
137 8.19 1.02826 121.901
138 8.25 1.00977 124.602
139 8.31 0.986249 127.278
140 8.37 0.974121 129.96
141 8.43 0.964888 132.654
142 8.49 0.962596 135.381
143 8.55 0.951292 138.113
144 8.61 0.946456 140.87
145 8.67 0.940511 143.648
146 8.73 0.937312 146.455
147 8.79 0.917313 149.24
148 8.85 0.932601 152.11
149 8.91 0.924763 154.995
150 8.97 0.930272 157.936
151 9.03 0.938299 160.943
152 9.09 0.947636 164.02
153 9.15 0.935371 167.097
154 9.21 0.959946 170.296
155 9.27 0.964085 173.552
156 9.33 0.978972 176.9
157 9.39 0.989649 180.329
158 9.45 0.994107 183.818
159 9.51 0.993308 187.348
160 9.57 1.02346 191.031
161 9.63 1.03819 194.814
162 9.69 1.02402 198.592
163 9.75 1.05065 202.517
164 9.81 1.04318 206.462
165 9.87 1.04824 210.474
166 9.93 1.04728 214.532
167 9.99 1.04346 218.624
168 10.05 1.05507 222.811
169 10.11 1.04209 226.997
170 10.17 1.04528 231.245
171 10.23 1.0421 235.53
172 10.29 1.04316 239.871
173 10.35 1.04074 244.251
174 10.41 1.02587 248.62
175 10.47 1.01215 252.98
176 10.53 1.01276 257.392
177 10.59 1.01453 261.863
178 10.65 0.988859 266.27
179 10.71 0.998266 270.77
180 10.77 0.994809 275.304
181 10.83 0.983036 279.834
182 10.89 0.982277 284.412
183 10.95 0.983682 289.046
184 11.01 0.973536 293.684
185 11.07 0.976177 298.384
186 11.13 0.984417 303.176
187 11.19 0.964702 307.923
188 11.25 0.972335 312.758
189 11.31 0.976331 317.666
190 11.37 0.965936 322.572
191 11.43 0.972145 327.563
192 11.49 0.969961 332.595
193 11.55 0.988258 337.775
194 11.61 0.968705 342.906
195 11.67 0.975064 348.124
196 11.73 0.993598 353.496
197 11.79 0.982449 358.862
198 11.85 0.998043 364.369
199 11.91 1.00323 369.961
200 11.97 1.01312 375.665
101000 200
1 0.03 0 0
2 0.09 0 0
3 0.15 0 0
4 0.21 0 0
5 0.27 0 0
6 0.33 0 0
7 0.39 0 0
8 0.45 0 0
9 0.51 0 0
10 0.57 0 0
11 0.63 0 0
12 0.69 0 0
13 0.75 0 0
14 0.81 0 0
15 0.87 0 0
16 0.93 0 0
17 0.99 0 0
18 1.05 0 0
19 1.11 0 0
20 1.17 0 0
21 1.23 0 0
22 1.29 0 0
23 1.35 0 0
24 1.41 0 0
25 1.47 0 0
26 1.53 0 0
27 1.59 0 0
28 1.65 0 0
29 1.71 0 0
30 1.77 0 0
31 1.83 0 0
32 1.89 0 0
33 1.95 0 0
34 2.01 0 0
35 2.07 0 0
36 2.13 0 0
37 2.19 0 0
38 2.25 0.00100534 0.0002
39 2.31 0.00381517 0.001
40 2.37 0.0588973 0.014
41 2.43 0.2784 0.0786
42 2.49 0.729766 0.2564
43 2.55 1.4441 0.6254
44 2.61 2.08527 1.1836
45 2.67 2.68584 1.936
46 2.73 2.89346 2.7834
47 2.79 2.86124 3.6586
48 2.85 2.71509 4.5252
49 2.91 2.40054 5.324
50 2.97 2.21971 6.0934
51 3.03 1.91702 6.785
52 3.09 1.67539 7.4136
53 3.15 1.49215 7.9954
54 3.21 1.28673 8.5164
55 3.27 1.12428 8.9888
56 3.33 1.03135 9.4382
57 3.39 0.914115 9.851
58 3.45 0.804771 10.2274
59 3.51 0.748162 10.5896
60 3.57 0.697267 10.9388
61 3.63 0.626126 11.263
62 3.69 0.623872 11.5968
63 3.75 0.638091 11.9494
64 3.81 0.576427 12.2782
65 3.87 0.600153 12.6314
66 3.93 0.565491 12.9746
67 3.99 0.577705 13.336
68 4.05 0.609122 13.7286
69 4.11 0.602917 14.1288
70 4.17 0.617889 14.551
71 4.23 0.640024 15.001
72 4.29 0.684471 15.496
73 4.35 0.69719 16.0144
74 4.41 0.757123 16.593
75 4.47 0.816919 17.2344
76 4.53 0.850485 17.9202
77 4.59 0.921406 18.683
78 4.65 1.00441 19.5364
79 4.71 1.03313 20.437
80 4.77 1.05965 21.3844
81 4.83 1.11443 22.406
82 4.89 1.18048 23.5152
83 4.95 1.17364 24.6452
84 5.01 1.20754 25.8362
85 5.07 1.22665 27.0752
86 5.13 1.2753 28.394
87 5.19 1.27886 29.7476
88 5.25 1.29928 31.1548
89 5.31 1.29392 32.5884
90 5.37 1.26728 34.0244
91 5.43 1.23736 35.458
92 5.49 1.24778 36.9358
93 5.55 1.2112 38.4018
94 5.61 1.16602 39.8438
95 5.67 1.12517 41.2652
96 5.73 1.06173 42.635
97 5.79 1.03423 43.9974
98 5.85 0.99557 45.3362
99 5.91 0.952872 46.644
100 5.97 0.940527 47.9612
101 6.03 0.912105 49.2644
102 6.09 0.881595 50.5492
103 6.15 0.839986 51.7976
104 6.21 0.860524 53.1016
105 6.27 0.849053 54.4132
106 6.33 0.84815 55.7486
107 6.39 0.842518 57.1004
108 6.45 0.83756 58.4696
109 6.51 0.823033 59.8402
110 6.57 0.834954 61.2564
111 6.63 0.858121 62.7386
112 6.69 0.869523 64.2678
113 6.75 0.885077 65.8524
114 6.81 0.920693 67.5302
115 6.87 0.932073 69.2588
116 6.93 0.947904 71.0476
117 6.99 0.981286 72.9316
118 7.05 1.00633 74.897
119 7.11 1.02426 76.9316
120 7.17 1.04966 79.052
121 7.23 1.07097 81.2518
122 7.29 1.07285 83.4922
123 7.35 1.07698 85.7784
124 7.41 1.09595 88.143
125 7.47 1.10897 90.5746
126 7.53 1.09316 93.0102
127 7.59 1.11712 95.539
128 7.65 1.10767 98.0862
129 7.71 1.09529 100.645
130 7.77 1.09935 103.253
131 7.83 1.08339 105.863
132 7.89 1.07336 108.488
133 7.95 1.06479 111.133
134 8.01 1.07087 113.832
135 8.07 1.04469 116.506
136 8.13 1.02124 119.158
137 8.19 1.01718 121.839
138 8.25 0.999524 124.512
139 8.31 0.994282 127.21
140 8.37 0.992938 129.944
141 8.43 0.962023 132.63
142 8.49 0.94339 135.302
143 8.55 0.950596 138.033
144 8.61 0.940346 140.772
145 8.67 0.944506 143.562
146 8.73 0.914672 146.301
147 8.79 0.93365 149.136
148 8.85 0.929676 151.997
149 8.91 0.926879 154.888
150 8.97 0.939254 157.858
151 9.03 0.935178 160.854
152 9.09 0.960018 163.971
153 9.15 0.9499 167.096
154 9.21 0.961506 170.301
155 9.27 0.986888 173.633
156 9.33 0.9802 176.986
157 9.39 0.977123 180.372
158 9.45 1.01046 183.917
159 9.51 1.02893 187.574
160 9.57 1.0094 191.207
161 9.63 1.02946 194.958
162 9.69 1.02592 198.743
163 9.75 1.03239 202.6
164 9.81 1.03085 206.498
165 9.87 1.05169 210.524
166 9.93 1.04981 214.591
167 9.99 1.04565 218.692
168 10.05 1.05371 222.874
169 10.11 1.05643 227.117
170 10.17 1.04789 231.376
171 10.23 1.02946 235.609
172 10.29 1.04229 239.946
173 10.35 1.02007 244.239
174 10.41 1.01173 248.548
175 10.47 1.02849 252.978
176 10.53 1.00331 257.349
177 10.59 1.00577 261.781
178 10.65 0.998417 266.231
179 10.71 1.00372 270.755
180 10.77 0.99753 275.302
181 10.83 0.994449 279.885
182 10.89 0.979315 284.449
183 10.95 0.970056 289.019
184 11.01 0.982017 293.697
185 11.07 0.981868 298.425
186 11.13 0.975542 303.173
187 11.19 0.957304 307.883
188 11.25 0.963327 312.674
189 11.31 0.973148 317.566
190 11.37 0.974086 322.514
191 11.43 0.969301 327.49
192 11.49 0.9737 332.541
193 11.55 0.98036 337.68
194 11.61 0.985055 342.897
195 11.67 0.989714 348.194
196 11.73 0.989788 353.545
197 11.79 1.0046 359.032
198 11.85 0.992823 364.511
199 11.91 0.997916 370.073
200 11.97 1.00829 375.75
102000 200
1 0.03 0 0
2 0.09 0 0
3 0.15 0 0
4 0.21 0 0
5 0.27 0 0
6 0.33 0 0
7 0.39 0 0
8 0.45 0 0
9 0.51 0 0
10 0.57 0 0
11 0.63 0 0
12 0.69 0 0
13 0.75 0 0
14 0.81 0 0
15 0.87 0 0
16 0.93 0 0
17 0.99 0 0
18 1.05 0 0
19 1.11 0 0
20 1.17 0 0
21 1.23 0 0
22 1.29 0 0
23 1.35 0 0
24 1.41 0 0
25 1.47 0 0
26 1.53 0 0
27 1.59 0 0
28 1.65 0 0
29 1.71 0 0
30 1.77 0 0
31 1.83 0 0
32 1.89 0 0
33 1.95 0 0
34 2.01 0 0
35 2.07 0 0
36 2.13 0 0
37 2.19 0 0
38 2.25 0 0
39 2.31 0.00190758 0.0004
40 2.37 0.0570851 0.013
41 2.43 0.224099 0.065
42 2.49 0.703498 0.2364
43 2.55 1.34157 0.5792
44 2.61 2.14354 1.153
45 2.67 2.60588 1.883
46 2.73 2.92897 2.7408
47 2.79 2.94166 3.6406
48 2.85 2.67562 4.4946
49 2.91 2.51233 5.3306
50 2.97 2.20702 6.0956
51 3.03 1.91647 6.787
52 3.09 1.70524 7.4268
53 3.15 1.46752 7.999
54 3.21 1.28574 8.5196
55 3.27 1.1457 9.001
56 3.33 1.02217 9.4464
57 3.39 0.912786 9.8586
58 3.45 0.815889 10.2402
59 3.51 0.792366 10.6238
60 3.57 0.699663 10.9742
61 3.63 0.675181 11.3238
62 3.69 0.622003 11.6566
63 3.75 0.612393 11.995
64 3.81 0.596062 12.335
65 3.87 0.548837 12.658
66 3.93 0.562854 12.9996
67 3.99 0.579943 13.3624
68 4.05 0.573747 13.7322
69 4.11 0.598699 14.1296
70 4.17 0.601205 14.5404
71 4.23 0.657945 15.003
72 4.29 0.660964 15.481
73 4.35 0.720591 16.0168
74 4.41 0.770208 16.6054
75 4.47 0.812334 17.2432
76 4.53 0.818241 17.903
77 4.59 0.908602 18.6552
78 4.65 0.96016 19.471
79 4.71 1.03749 20.3754
80 4.77 1.07441 21.336
81 4.83 1.10025 22.3446
82 4.89 1.13599 23.412
83 4.95 1.20334 24.5706
84 5.01 1.22275 25.7766
85 5.07 1.24665 27.0358
86 5.13 1.26234 28.3412
87 5.19 1.28226 29.6984
88 5.25 1.28765 31.093
89 5.31 1.28706 32.519
90 5.37 1.29852 33.9904
91 5.43 1.27068 35.4626
92 5.49 1.24896 36.9418
93 5.55 1.21037 38.4068
94 5.61 1.14468 39.8224
95 5.67 1.15256 41.2784
96 5.73 1.09537 42.6916
97 5.79 1.06444 44.0938
98 5.85 1.00791 45.4492
99 5.91 0.978081 46.7916
100 5.97 0.936528 48.1032
101 6.03 0.901886 49.3918
102 6.09 0.870479 50.6604
103 6.15 0.853712 51.9292
104 6.21 0.839934 53.202
105 6.27 0.83261 54.4882
106 6.33 0.814488 55.7706
107 6.39 0.836784 57.1132
108 6.45 0.815294 58.446
109 6.51 0.828558 59.8258
110 6.57 0.833185 61.239
111 6.63 0.8653 62.7336
112 6.69 0.864746 64.2544
113 6.75 0.889545 65.847
114 6.81 0.902914 67.4924
115 6.87 0.91374 69.187
116 6.93 0.954793 70.9888
117 6.99 0.981494 72.8732
118 7.05 0.994659 74.8158
119 7.11 1.02295 76.8478
120 7.17 1.03134 78.9312
121 7.23 1.05354 81.0952
122 7.29 1.06979 83.3292
123 7.35 1.10826 85.6818
124 7.41 1.11875 88.0956
125 7.47 1.09666 90.5002
126 7.53 1.11686 92.9886
127 7.59 1.11553 95.5138
128 7.65 1.1108 98.0682
129 7.71 1.10959 100.66
130 7.77 1.09522 103.258
131 7.83 1.08962 105.883
132 7.89 1.07082 108.503
133 7.95 1.06978 111.159
134 8.01 1.06484 113.844
135 8.07 1.05149 116.535
136 8.13 1.0301 119.21
137 8.19 1.01437 121.884
138 8.25 1.00169 124.563
139 8.31 0.999368 127.275
140 8.37 0.970271 129.946
141 8.43 0.971978 132.66
142 8.49 0.956947 135.37
143 8.55 0.951919 138.105
144 8.61 0.934441 140.827
145 8.67 0.942204 143.61
146 8.73 0.923554 146.375
147 8.79 0.933387 149.209
148 8.85 0.925582 152.058
149 8.91 0.915915 154.915
150 8.97 0.936091 157.875
151 9.03 0.937176 160.877
152 9.09 0.949423 163.96
153 9.15 0.95367 167.097
154 9.21 0.958026 170.291
155 9.27 0.969238 173.563
156 9.33 0.99435 176.965
157 9.39 0.985551 180.379
158 9.45 0.998096 183.882
159 9.51 0.995559 187.42
160 9.57 1.01785 191.083
161 9.63 1.04028 194.873
162 9.69 1.02456 198.654
163 9.75 1.04176 202.545
164 9.81 1.03894 206.474
165 9.87 1.0392 210.452
166 9.93 1.0496 214.519
167 9.99 1.06299 218.687
168 10.05 1.05593 222.878
169 10.11 1.04931 227.092
170 10.17 1.04277 231.33
171 10.23 1.04084 235.611
172 10.29 1.03715 239.926
173 10.35 1.02658 244.247
174 10.41 1.03 248.633
175 10.47 1.01809 253.018
176 10.53 1.00946 257.417
177 10.59 1.00795 261.858
178 10.65 0.997789 266.305
179 10.71 0.990456 270.77
180 10.77 0.98577 275.263
181 10.83 0.9905 279.828
182 10.89 0.980774 284.398
183 10.95 0.976466 288.999
184 11.01 0.969253 293.615
185 11.07 0.970903 298.291
186 11.13 0.97661 303.044
187 11.19 0.969133 307.813
188 11.25 0.972577 312.65
189 11.31 0.972113 317.536
190 11.37 0.961014 322.418
191 11.43 0.977911 327.438
192 11.49 0.974934 332.495
193 11.55 0.991386 337.692
194 11.61 0.98581 342.914
195 11.67 0.989079 348.207
196 11.73 0.994708 353.585
197 11.79 0.989736 358.991
198 11.85 1.00141 364.516
199 11.91 1.01004 370.146
200 11.97 0.997386 375.761
103000 200
1 0.03 0 0
2 0.09 0 0
3 0.15 0 0
4 0.21 0 0
5 0.27 0 0
6 0.33 0 0
7 0.39 0 0
8 0.45 0 0
9 0.51 0 0
10 0.57 0 0
11 0.63 0 0
12 0.69 0 0
13 0.75 0 0
14 0.81 0 0
15 0.87 0 0
16 0.93 0 0
17 0.99 0 0
18 1.05 0 0
19 1.11 0 0
20 1.17 0 0
21 1.23 0 0
22 1.29 0 0
23 1.35 0 0
24 1.41 0 0
25 1.47 0 0
26 1.53 0 0
27 1.59 0 0
28 1.65 0 0
29 1.71 0 0
30 1.77 0 0
31 1.83 0 0
32 1.89 0 0
33 1.95 0 0
34 2.01 0 0
35 2.07 0 0
36 2.13 0 0
37 2.19 0 0
38 2.25 0 0
39 2.31 0.0133531 0.0028
40 2.37 0.0516484 0.0142
41 2.43 0.249957 0.0722
42 2.49 0.722378 0.2482
43 2.55 1.40497 0.6072
44 2.61 2.09722 1.1686
45 2.67 2.60159 1.8974
46 2.73 2.80741 2.7196
47 2.79 2.92662 3.6148
48 2.85 2.78089 4.5024
49 2.91 2.48709 5.33
50 2.97 2.18913 6.0888
51 3.03 1.96525 6.7978
52 3.09 1.69511 7.4338
53 3.15 1.51523 8.0246
54 3.21 1.29266 8.548
55 3.27 1.12904 9.0224
56 3.33 1.01299 9.4638
57 3.39 0.881341 9.8618
58 3.45 0.815034 10.243
59 3.51 0.739073 10.6008
60 3.57 0.731612 10.9672
61 3.63 0.640417 11.2988
62 3.69 0.629106 11.6354
63 3.75 0.613117 11.9742
64 3.81 0.575376 12.3024
65 3.87 0.592337 12.651
66 3.93 0.575707 13.0004
67 3.99 0.585378 13.3666
68 4.05 0.588642 13.746
69 4.11 0.58514 14.1344
70 4.17 0.629011 14.5642
71 4.23 0.617268 14.9982
72 4.29 0.677281 15.488
73 4.35 0.696921 16.0062
74 4.41 0.751889 16.5808
75 4.47 0.801381 17.21
76 4.53 0.853709 17.8984
77 4.59 0.913917 18.655
78 4.65 0.971223 19.4802
79 4.71 1.01753 20.3672
80 4.77 1.07195 21.3256
81 4.83 1.11748 22.35
82 4.89 1.17558 23.4546
83 4.95 1.19628 24.6064
84 5.01 1.20126 25.7912
85 5.07 1.23438 27.038
86 5.13 1.24977 28.3304
87 5.19 1.30815 29.715
88 5.25 1.30353 31.1268
89 5.31 1.3237 32.5934
90 5.37 1.28123 34.0452
91 5.43 1.27654 35.5242
92 5.49 1.22127 36.9706
93 5.55 1.18823 38.4088
94 5.61 1.17686 39.8642
95 5.67 1.1429 41.308
96 5.73 1.04251 42.653
97 5.79 1.0321 44.0126
98 5.85 1.01847 45.3822
99 5.91 0.972107 46.7164
100 5.97 0.950523 48.0476
101 6.03 0.907345 49.344
102 6.09 0.88928 50.64
103 6.15 0.873224 51.9378
104 6.21 0.852737 53.23
105 6.27 0.827173 54.5078
106 6.33 0.82465 55.8062
107 6.39 0.830178 57.1382
108 6.45 0.814315 58.4694
109 6.51 0.829519 59.8508
110 6.57 0.827761 61.2548
111 6.63 0.849437 62.722
112 6.69 0.860197 64.2348
113 6.75 0.892115 65.832
114 6.81 0.911035 67.4922
115 6.87 0.917191 69.1932
116 6.93 0.9496 70.9852
117 6.99 0.979307 72.8654
118 7.05 1.00449 74.8272
119 7.11 1.01117 76.8358
120 7.17 1.03877 78.9342
121 7.23 1.05344 81.098
122 7.29 1.10043 83.396
123 7.35 1.07906 85.6866
124 7.41 1.09734 88.0542
125 7.47 1.10359 90.474
126 7.53 1.11219 92.952
127 7.59 1.1332 95.5172
128 7.65 1.10776 98.0646
129 7.71 1.11884 100.678
130 7.77 1.10449 103.298
131 7.83 1.08182 105.904
132 7.89 1.09118 108.574
133 7.95 1.06946 111.23
134 8.01 1.06468 113.914
135 8.07 1.03609 116.565
136 8.13 1.02524 119.228
137 8.19 1.00223 121.87
138 8.25 1.00611 124.56
139 8.31 0.983374 127.229
140 8.37 0.985455 129.942
141 8.43 0.963097 132.631
142 8.49 0.956947 135.341
143 8.55 0.943146 138.051
144 8.61 0.945632 140.805
145 8.67 0.945048 143.597
146 8.73 0.924756 146.366
147 8.79 0.92614 149.178
148 8.85 0.932016 152.046
149 8.91 0.928161 154.942
150 8.97 0.933688 157.894
151 9.03 0.926689 160.863
152 9.09 0.942462 163.923
153 9.15 0.957804 167.074
154 9.21 0.967866 170.3
155 9.27 0.985052 173.626
156 9.33 0.983474 176.99
157 9.39 0.974698 180.367
158 9.45 0.994164 183.856
159 9.51 1.00676 187.433
160 9.57 1.0149 191.086
161 9.63 1.01283 194.777
162 9.69 1.03052 198.579
163 9.75 1.04063 202.466
164 9.81 1.04529 206.419
165 9.87 1.05963 210.475
166 9.93 1.0494 214.541
167 9.99 1.04448 218.637
168 10.05 1.05674 222.831
169 10.11 1.05309 227.061
170 10.17 1.05257 231.338
171 10.23 1.0477 235.647
172 10.29 1.03273 239.944
173 10.35 1.02568 244.261
174 10.41 1.03263 248.658
175 10.47 1.01893 253.047
176 10.53 1.0196 257.49
177 10.59 1.01357 261.956
178 10.65 1.00542 266.437
179 10.71 0.98136 270.86
180 10.77 0.998452 275.411
181 10.83 0.978957 279.923
182 10.89 0.979144 284.486
183 10.95 0.969376 289.053
184 11.01 0.963207 293.641
185 11.07 0.968037 298.302
186 11.13 0.962887 302.989
187 11.19 0.971084 307.767
188 11.25 0.965579 312.569
189 11.31 0.960614 317.398
190 11.37 0.967589 322.313
191 11.43 0.978262 327.335
192 11.49 0.985382 332.447
193 11.55 0.987838 337.625
194 11.61 0.985244 342.843
195 11.67 0.983922 348.109
196 11.73 0.999073 353.51
197 11.79 0.996876 358.955
198 11.85 0.992316 364.431
199 11.91 1.01144 370.068
200 11.97 1.00673 375.736
104000 200
1 0.03 0 0
2 0.09 0 0
3 0.15 0 0
4 0.21 0 0
5 0.27 0 0
6 0.33 0 0
7 0.39 0 0
8 0.45 0 0
9 0.51 0 0
10 0.57 0 0
11 0.63 0 0
12 0.69 0 0
13 0.75 0 0
14 0.81 0 0
15 0.87 0 0
16 0.93 0 0
17 0.99 0 0
18 1.05 0 0
19 1.11 0 0
20 1.17 0 0
21 1.23 0 0
22 1.29 0 0
23 1.35 0 0
24 1.41 0 0
25 1.47 0 0
26 1.53 0 0
27 1.59 0 0
28 1.65 0 0
29 1.71 0 0
30 1.77 0 0
31 1.83 0 0
32 1.89 0 0
33 1.95 0 0
34 2.01 0 0
35 2.07 0 0
36 2.13 0 0
37 2.19 0 0
38 2.25 0 0
39 2.31 0.00667654 0.0014
40 2.37 0.0534606 0.0132
41 2.43 0.227547 0.066
42 2.49 0.769169 0.2534
43 2.55 1.39401 0.6096
44 2.61 2.17044 1.1906
45 2.67 2.61087 1.922
46 2.73 2.95151 2.7864
47 2.79 2.8547 3.6596
48 2.85 2.6612 4.509
49 2.91 2.45944 5.3274
50 2.97 2.18163 6.0836
51 3.03 1.90594 6.7712
52 3.09 1.66419 7.3956
53 3.15 1.46393 7.9664
54 3.21 1.29858 8.4922
55 3.27 1.13999 8.9712
56 3.33 0.992333 9.4036
57 3.39 0.930059 9.8236
58 3.45 0.835559 10.2144
59 3.51 0.775428 10.5898
60 3.57 0.714439 10.9476
61 3.63 0.668228 11.2936
62 3.69 0.647048 11.6398
63 3.75 0.602621 11.9728
64 3.81 0.596764 12.3132
65 3.87 0.571267 12.6494
66 3.93 0.572411 12.9968
67 3.99 0.591132 13.3666
68 4.05 0.568783 13.7332
69 4.11 0.609244 14.1376
70 4.17 0.606474 14.552
71 4.23 0.67103 15.0238
72 4.29 0.683365 15.518
73 4.35 0.718709 16.0524
74 4.41 0.751889 16.627
75 4.47 0.794248 17.2506
76 4.53 0.879008 17.9594
77 4.59 0.920439 18.7214
78 4.65 0.953098 19.5312
79 4.71 1.04988 20.4464
80 4.77 1.05137 21.3864
81 4.83 1.10069 22.3954
82 4.89 1.14493 23.4712
83 4.95 1.16034 24.5884
84 5.01 1.22417 25.7958
85 5.07 1.24111 27.0494
86 5.13 1.27317 28.366
87 5.19 1.26318 29.703
88 5.25 1.27306 31.0818
89 5.31 1.28543 32.506
90 5.37 1.25969 33.9334
91 5.43 1.24858 35.38
92 5.49 1.23191 36.839
93 5.55 1.2112 38.305
94 5.61 1.15842 39.7376
95 5.67 1.13372 41.1698
96 5.73 1.09584 42.5836
97 5.79 1.06095 43.9812
98 5.85 1.02041 45.3534
99 5.91 0.973564 46.6896
100 5.97 0.955664 48.028
101 6.03 0.900346 49.3144
102 6.09 0.895593 50.6196
103 6.15 0.887489 51.9386
104 6.21 0.850625 53.2276
105 6.27 0.853455 54.546
106 6.33 0.82249 55.841
107 6.39 0.842518 57.1928
108 6.45 0.84013 58.5662
109 6.51 0.811624 59.9178
110 6.57 0.84368 61.3488
111 6.63 0.84191 62.803
112 6.69 0.868044 64.3296
113 6.75 0.886417 65.9166
114 6.81 0.913889 67.582
115 6.87 0.94275 69.3304
116 6.93 0.951825 71.1266
117 6.99 0.952535 72.9554
118 7.05 0.99128 74.8914
119 7.11 1.00009 76.878
120 7.17 1.01907 78.9366
121 7.23 1.05334 81.1002
122 7.29 1.06126 83.3164
123 7.35 1.09017 85.6306
124 7.41 1.08659 87.975
125 7.47 1.11262 90.4146
126 7.53 1.10995 92.8876
127 7.59 1.1127 95.4064
128 7.65 1.11915 97.98
129 7.71 1.09478 100.537
130 7.77 1.07903 103.097
131 7.83 1.09352 105.731
132 7.89 1.07622 108.364
133 7.95 1.08178 111.051
134 8.01 1.05088 113.7
135 8.07 1.05 116.387
136 8.13 1.04226 119.094
137 8.19 1.0228 121.79
138 8.25 1.00812 124.486
139 8.31 0.993988 127.183
140 8.37 0.995844 129.925
141 8.43 0.976562 132.652
142 8.49 0.958924 135.368
143 8.55 0.954634 138.11
144 8.61 0.958334 140.901
145 8.67 0.942611 143.686
146 8.73 0.934907 146.485
147 8.79 0.951107 149.373
148 8.85 0.924283 152.218
149 8.91 0.935085 155.135
150 8.97 0.936977 158.097
151 9.03 0.919761 161.044
152 9.09 0.939444 164.094
153 9.15 0.95525 167.237
154 9.21 0.954845 170.419
155 9.27 0.98215 173.736
156 9.33 0.97178 177.06
157 9.39 0.990919 180.493
158 9.45 0.994107 183.981
159 9.51 0.976537 187.452
160 9.57 1.00996 191.086
161 9.63 1.01618 194.789
162 9.69 1.02358 198.566
163 9.75 1.04085 202.454
164 9.81 1.03503 206.368
165 9.87 1.03424 210.327
166 9.93 1.02699 214.306
167 9.99 1.0507 218.427
168 10.05 1.06349 222.647
169 10.11 1.06081 226.908
170 10.17 1.04479 231.154
171 10.23 1.04575 235.455
172 10.29 1.03013 239.741
173 10.35 1.03067 244.079
174 10.41 1.03202 248.474
175 10.47 1.02097 252.871
176 10.53 1.02273 257.327
177 10.59 1.00695 261.765
178 10.65 1.01165 266.274
179 10.71 1.01238 270.837
180 10.77 1.00631 275.423
181 10.83 0.982906 279.953
182 10.89 0.982148 284.53
183 10.95 0.977442 289.135
184 11.01 0.977818 293.793
185 11.07 0.97057 298.466
186 11.13 0.96942 303.185
187 11.19 0.965393 307.935
188 11.25 0.977885 312.798
189 11.31 0.966861 317.658
190 11.37 0.963928 322.555
191 11.43 0.969457 327.532
192 11.49 0.982221 332.627
193 11.55 0.98448 337.788
194 11.61 0.983394 342.996
195 11.67 0.978951 348.235
196 11.73 0.982612 353.548
197 11.79 0.993617 358.975
198 11.85 0.994745 364.464
199 11.91 1.00732 370.078
200 11.97 0.998345 375.699
105000 200
1 0.03 0 0
2 0.09 0 0
3 0.15 0 0
4 0.21 0 0
5 0.27 0 0
6 0.33 0 0
7 0.39 0 0
8 0.45 0 0
9 0.51 0 0
10 0.57 0 0
11 0.63 0 0
12 0.69 0 0
13 0.75 0 0
14 0.81 0 0
15 0.87 0 0
16 0.93 0 0
17 0.99 0 0
18 1.05 0 0
19 1.11 0 0
20 1.17 0 0
21 1.23 0 0
22 1.29 0 0
23 1.35 0 0
24 1.41 0 0
25 1.47 0 0
26 1.53 0 0
27 1.59 0 0
28 1.65 0 0
29 1.71 0 0
30 1.77 0 0
31 1.83 0 0
32 1.89 0 0
33 1.95 0 0
34 2.01 0 0
35 2.07 0 0
36 2.13 0 0
37 2.19 0 0
38 2.25 0 0
39 2.31 0.00572275 0.0012
40 2.37 0.0534606 0.013
41 2.43 0.265471 0.0746
42 2.49 0.709244 0.2474
43 2.55 1.4261 0.6118
44 2.61 2.08527 1.17
45 2.67 2.58803 1.895
46 2.73 2.83405 2.725
47 2.79 2.89916 3.6118
48 2.85 2.77211 4.4966
49 2.91 2.46605 5.3172
50 2.97 2.21106 6.0836
51 3.03 1.96137 6.7912
52 3.09 1.69031 7.4254
53 3.15 1.48702 8.0052
54 3.21 1.25314 8.5126
55 3.27 1.17378 9.0058
56 3.33 1.04099 9.4594
57 3.39 0.891971 9.8622
58 3.45 0.825724 10.2484
59 3.51 0.737834 10.6056
60 3.57 0.733209 10.9728
61 3.63 0.675567 11.3226
62 3.69 0.655272 11.6732
63 3.75 0.603345 12.0066
64 3.81 0.576778 12.3356
65 3.87 0.592337 12.6842
66 3.93 0.564173 13.0266
67 3.99 0.566515 13.381
68 4.05 0.569403 13.748
69 4.11 0.589358 14.1392
70 4.17 0.588619 14.5414
71 4.23 0.638033 14.99
72 4.29 0.660411 15.4676
73 4.35 0.708756 15.9946
74 4.41 0.736971 16.5578
75 4.47 0.775653 17.1668
76 4.53 0.853213 17.8548
77 4.59 0.925271 18.6208
78 4.65 0.974283 19.4486
79 4.71 1.00698 20.3264
80 4.77 1.10976 21.3186
81 4.83 1.12512 22.35
82 4.89 1.17133 23.4506
83 4.95 1.18922 24.5956
84 5.01 1.21424 25.7932
85 5.07 1.24111 27.0468
86 5.13 1.27317 28.3634
87 5.19 1.29454 29.7336
88 5.25 1.29504 31.1362
89 5.31 1.29717 32.5734
90 5.37 1.27805 34.0216
91 5.43 1.25669 35.4776
92 5.49 1.22009 36.9226
93 5.55 1.19286 38.3664
94 5.61 1.18009 39.8258
95 5.67 1.1372 41.2624
96 5.73 1.09615 42.6766
97 5.79 1.04075 44.0476
98 5.85 0.994381 45.3848
99 5.91 0.97473 46.7226
100 5.97 0.95595 48.0614
101 6.03 0.911825 49.3642
102 6.09 0.881046 50.6482
103 6.15 0.88076 51.9572
104 6.21 0.843366 53.2352
105 6.27 0.829633 54.5168
106 6.33 0.836336 55.8336
107 6.39 0.82594 57.1588
108 6.45 0.828018 58.5124
109 6.51 0.813426 59.867
110 6.57 0.853113 61.314
111 6.63 0.854647 62.7902
112 6.69 0.844959 64.2762
113 6.75 0.883401 65.8578
114 6.81 0.878659 67.459
115 6.87 0.902417 69.1326
116 6.93 0.949812 70.925
117 6.99 0.965765 72.7792
118 7.05 1.00961 74.751
119 7.11 1.02476 76.7866
120 7.17 1.04897 78.9056
121 7.23 1.07252 81.1086
122 7.29 1.06711 83.337
123 7.35 1.08122 85.6322
124 7.41 1.10448 88.0152
125 7.47 1.12357 90.4788
126 7.53 1.1095 92.9508
127 7.59 1.11447 95.4736
128 7.65 1.10593 98.0168
129 7.71 1.12534 100.645
130 7.77 1.10306 103.262
131 7.83 1.09643 105.904
132 7.89 1.07924 108.544
133 7.95 1.08025 111.226
134 8.01 1.06992 113.924
135 8.07 1.03132 116.563
136 8.13 1.03695 119.256
137 8.19 1.0039 121.902
138 8.25 0.999898 124.576
139 8.31 0.984037 127.247
140 8.37 0.972959 129.925
141 8.43 0.973554 132.644
142 8.49 0.95843 135.358
143 8.55 0.938411 138.054
144 8.61 0.952567 140.829
145 8.67 0.933334 143.585
146 8.73 0.950468 146.432
147 8.79 0.925152 149.241
148 8.85 0.924153 152.085
149 8.91 0.936752 155.007
150 8.97 0.926982 157.938
151 9.03 0.93961 160.948
152 9.09 0.943386 164.011
153 9.15 0.932696 167.08
154 9.21 0.953645 170.258
155 9.27 0.963255 173.511
156 9.33 0.976516 176.851
157 9.39 0.982838 180.256
158 9.45 0.989433 183.728
159 9.51 1.02809 187.382
160 9.57 1.00846 191.011
161 9.63 1.03984 194.8
162 9.69 1.04321 198.649
163 9.75 1.04224 202.543
164 9.81 1.03937 206.473
165 9.87 1.04161 210.46
166 9.93 1.05714 214.556
167 9.99 1.05218 218.682
168 10.05 1.0522 222.858
169 10.11 1.04677 227.063
170 10.17 1.047 231.318
171 10.23 1.05129 235.641
172 10.29 1.04522 239.99
173 10.35 1.02521 244.305
174 10.41 1.02009 248.649
175 10.47 1.01656 253.028
176 10.53 1.01768 257.462
177 10.59 1.00985 261.912
178 10.65 1.00582 266.395
179 10.71 0.989879 270.856
180 10.77 0.981602 275.33
181 10.83 0.984121 279.866
182 10.89 0.970989 284.391
183 10.95 0.97672 288.993
184 11.01 0.970303 293.614
185 11.07 0.971069 298.29
186 11.13 0.963873 302.982
187 11.19 0.979701 307.803
188 11.25 0.972979 312.641
189 11.31 0.96885 317.511
190 11.37 0.969203 322.435
191 11.43 0.986131 327.497
192 11.49 0.971271 332.536
193 11.55 0.970974 337.625
194 11.61 0.984564 342.84
195 11.67 0.989004 348.133
196 11.73 0.991675 353.494
197 11.79 0.997132 358.941
198 11.85 0.999529 364.456
199 11.91 1.00215 370.042
200 11.97 1.01014 375.729
106000 200
1 0.03 0 0
2 0.09 0 0
3 0.15 0 0
4 0.21 0 0
5 0.27 0 0
6 0.33 0 0
7 0.39 0 0
8 0.45 0 0
9 0.51 0 0
10 0.57 0 0
11 0.63 0 0
12 0.69 0 0
13 0.75 0 0
14 0.81 0 0
15 0.87 0 0
16 0.93 0 0
17 0.99 0 0
18 1.05 0 0
19 1.11 0 0
20 1.17 0 0
21 1.23 0 0
22 1.29 0 0
23 1.35 0 0
24 1.41 0 0
25 1.47 0 0
26 1.53 0 0
27 1.59 0 0
28 1.65 0 0
29 1.71 0 0
30 1.77 0 0
31 1.83 0 0
32 1.89 0 0
33 1.95 0 0
34 2.01 0 0
35 2.07 0 0
36 2.13 0 0
37 2.19 0 0
38 2.25 0 0
39 2.31 0.00667654 0.0014
40 2.37 0.0371506 0.0096
41 2.43 0.262886 0.0706
42 2.49 0.717453 0.2454
43 2.55 1.41984 0.6082
44 2.61 2.12561 1.1772
45 2.67 2.62944 1.9138
46 2.73 2.88117 2.7576
47 2.79 2.84685 3.6284
48 2.85 2.72011 4.4966
49 2.91 2.45463 5.3134
50 2.97 2.21221 6.0802
51 3.03 1.95306 6.7848
52 3.09 1.69085 7.4192
53 3.15 1.45932 7.9882
54 3.21 1.32328 8.524
55 3.27 1.14427 9.0048
56 3.33 0.982235 9.4328
57 3.39 0.927844 9.8518
58 3.45 0.860788 10.2544
59 3.51 0.780385 10.6322
60 3.57 0.708449 10.987
61 3.63 0.65664 11.327
62 3.69 0.610042 11.6534
63 3.75 0.602621 11.9864
64 3.81 0.571869 12.3126
65 3.87 0.572286 12.6494
66 3.93 0.556264 12.987
67 3.99 0.579303 13.3494
68 4.05 0.553888 13.7064
69 4.11 0.607738 14.1098
70 4.17 0.628719 14.5394
71 4.23 0.634335 14.9854
72 4.29 0.665389 15.4666
73 4.35 0.706605 15.992
74 4.41 0.773087 16.5828
75 4.47 0.819721 17.2264
76 4.53 0.870575 17.9284
77 4.59 0.896281 18.6704
78 4.65 0.95404 19.481
79 4.71 1.01937 20.3696
80 4.77 1.0554 21.3132
81 4.83 1.11225 22.3328
82 4.89 1.19091 23.4518
83 4.95 1.194 24.6014
84 5.01 1.23249 25.817
85 5.07 1.26685 27.0966
86 5.13 1.25054 28.3898
87 5.19 1.28509 29.75
88 5.25 1.29042 31.1476
89 5.31 1.29392 32.5812
90 5.37 1.25034 33.998
91 5.43 1.25462 35.4516
92 5.49 1.22735 36.9052
93 5.55 1.18823 38.3434
94 5.61 1.18284 39.8062
95 5.67 1.14084 41.2474
96 5.73 1.07817 42.6384
97 5.79 1.0485 44.0196
98 5.85 1.01966 45.3908
99 5.91 0.974438 46.7282
100 5.97 0.947239 48.0548
101 6.03 0.906645 49.3502
102 6.09 0.877341 50.6288
103 6.15 0.865688 51.9154
104 6.21 0.851681 53.206
105 6.27 0.856692 54.5294
106 6.33 0.836209 55.846
107 6.39 0.823447 57.1672
108 6.45 0.825571 58.5168
109 6.51 0.822073 59.8858
110 6.57 0.830709 61.2948
111 6.63 0.835079 62.7372
112 6.69 0.859629 64.249
113 6.75 0.865081 65.7978
114 6.81 0.90006 67.438
115 6.87 0.929809 69.1624
116 6.93 0.955111 70.9648
117 6.99 0.980661 72.8476
118 7.05 0.988822 74.7788
119 7.11 0.995562 76.7564
120 7.17 1.04669 78.8708
121 7.23 1.04877 81.025
122 7.29 1.09086 83.303
123 7.35 1.11307 85.6658
124 7.41 1.09827 88.0354
125 7.47 1.13333 90.5204
126 7.53 1.1376 93.055
127 7.59 1.10714 95.5612
128 7.65 1.11471 98.1246
129 7.71 1.10771 100.712
130 7.77 1.10331 103.329
131 7.83 1.08447 105.942
132 7.89 1.07867 108.581
133 7.95 1.05625 111.204
134 8.01 1.0627 113.883
135 8.07 1.0364 116.535
136 8.13 1.02594 119.2
137 8.19 1.02781 121.909
138 8.25 0.994065 124.567
139 8.31 0.992514 127.261
140 8.37 0.982331 129.965
141 8.43 0.9641 132.657
142 8.49 0.95151 135.352
143 8.55 0.943494 138.062
144 8.61 0.934716 140.785
145 8.67 0.939699 143.561
146 8.73 0.9307 146.348
147 8.79 0.920936 149.144
148 8.85 0.922918 151.984
149 8.91 0.935726 154.903
150 8.97 0.940203 157.876
151 9.03 0.949285 160.917
152 9.09 0.931128 163.941
153 9.15 0.948259 167.06
154 9.21 0.968946 170.29
155 9.27 0.96444 173.546
156 9.33 0.973651 176.877
157 9.39 0.999001 180.338
158 9.45 0.993138 183.823
159 9.51 1.00226 187.385
160 9.57 1.02541 191.075
161 9.63 1.03051 194.83
162 9.69 1.0347 198.648
163 9.75 1.0273 202.485
164 9.81 1.05111 206.46
165 9.87 1.04135 210.446
166 9.93 1.04893 214.51
167 9.99 1.07023 218.707
168 10.05 1.05528 222.896
169 10.11 1.05479 227.132
170 10.17 1.04656 231.385
171 10.23 1.05353 235.718
172 10.29 1.03523 240.025
173 10.35 1.02844 244.354
174 10.41 1.02197 248.706
175 10.47 1.01916 253.096
176 10.53 1.00946 257.494
177 10.59 1.00672 261.93
178 10.65 1.00088 266.391
179 10.71 0.994672 270.874
180 10.77 0.981075 275.346
181 10.83 0.97414 279.836
182 10.89 0.981719 284.41
183 10.95 0.963221 288.949
184 11.01 0.96665 293.553
185 11.07 0.976094 298.253
186 11.13 0.973364 302.991
187 11.19 0.973238 307.78
188 11.25 0.96019 312.555
189 11.31 0.968174 317.421
190 11.37 0.981251 322.406
191 11.43 0.973859 327.405
192 11.49 0.979599 332.487
193 11.55 0.968685 337.565
194 11.61 0.988416 342.8
195 11.67 0.986687 348.08
196 11.73 0.990898 353.438
197 11.79 0.998487 358.892
198 11.85 1.00384 364.431
199 11.91 1.0062 370.039
200 11.97 1.0095 375.723
107000 200
1 0.03 0 0
2 0.09 0 0
3 0.15 0 0
4 0.21 0 0
5 0.27 0 0
6 0.33 0 0
7 0.39 0 0
8 0.45 0 0
9 0.51 0 0
10 0.57 0 0
11 0.63 0 0
12 0.69 0 0
13 0.75 0 0
14 0.81 0 0
15 0.87 0 0
16 0.93 0 0
17 0.99 0 0
18 1.05 0 0
19 1.11 0 0
20 1.17 0 0
21 1.23 0 0
22 1.29 0 0
23 1.35 0 0
24 1.41 0 0
25 1.47 0 0
26 1.53 0 0
27 1.59 0 0
28 1.65 0 0
29 1.71 0 0
30 1.77 0 0
31 1.83 0 0
32 1.89 0 0
33 1.95 0 0
34 2.01 0 0
35 2.07 0 0
36 2.13 0 0
37 2.19 0 0
38 2.25 0 0
39 2.31 0.00667654 0.0014
40 2.37 0.0616156 0.015
41 2.43 0.273229 0.0784
42 2.49 0.716632 0.253
43 2.55 1.43314 0.6192
44 2.61 2.17941 1.2026
45 2.67 2.64086 1.9424
46 2.73 2.84771 2.7764
47 2.79 2.87693 3.6564
48 2.85 2.75708 4.5364
49 2.91 2.3789 5.328
50 2.97 2.18624 6.0858
51 3.03 1.94751 6.7884
52 3.09 1.63807 7.403
53 3.15 1.50087 7.9882
54 3.21 1.29216 8.5114
55 3.27 1.11476 8.9798
56 3.33 1.02446 9.4262
57 3.39 0.878684 9.823
58 3.45 0.82102 10.207
59 3.51 0.758076 10.574
60 3.57 0.68928 10.9192
61 3.63 0.64737 11.2544
62 3.69 0.644431 11.5992
63 3.75 0.620718 11.9422
64 3.81 0.596413 12.2824
65 3.87 0.586899 12.6278
66 3.93 0.568786 12.973
67 3.99 0.578344 13.3348
68 4.05 0.580264 13.7088
69 4.11 0.604122 14.1098
70 4.17 0.638671 14.5462
71 4.23 0.644291 14.9992
72 4.29 0.670091 15.4838
73 4.35 0.730006 16.0266
74 4.41 0.790098 16.6304
75 4.47 0.842392 17.2918
76 4.53 0.853213 17.9798
77 4.59 0.911984 18.7348
78 4.65 0.980403 19.5678
79 4.71 1.02189 20.4586
80 4.77 1.04735 21.395
81 4.83 1.13625 22.4366
82 4.89 1.14493 23.5124
83 4.95 1.1994 24.6672
84 5.01 1.20389 25.8546
85 5.07 1.20804 27.0748
86 5.13 1.24068 28.3578
87 5.19 1.29303 29.7264
88 5.25 1.29467 31.1286
89 5.31 1.27496 32.5412
90 5.37 1.26075 33.9698
91 5.43 1.26187 35.4318
92 5.49 1.22988 36.8884
93 5.55 1.21169 38.355
94 5.61 1.15875 39.788
95 5.67 1.11947 41.2022
96 5.73 1.08995 42.6084
97 5.79 1.03331 43.9696
98 5.85 1.00628 45.3228
99 5.91 0.96861 46.6522
100 5.97 0.940955 47.97
101 6.03 0.906785 49.2656
102 6.09 0.885987 50.5568
103 6.15 0.882644 51.8686
104 6.21 0.84627 53.151
105 6.27 0.831186 54.435
106 6.33 0.844466 55.7646
107 6.39 0.846382 57.1226
108 6.45 0.833278 58.4848
109 6.51 0.850536 59.9012
110 6.57 0.825993 61.3022
111 6.63 0.852679 62.775
112 6.69 0.876573 64.3166
113 6.75 0.891444 65.9126
114 6.81 0.881622 67.5192
115 6.87 0.941779 69.2658
116 6.93 0.976307 71.1082
117 6.99 0.976807 72.9836
118 7.05 1.0134 74.9628
119 7.11 1.016 76.981
120 7.17 1.01758 79.0366
121 7.23 1.04585 81.1848
122 7.29 1.08339 83.4472
123 7.35 1.09771 85.7774
124 7.41 1.08242 88.1128
125 7.47 1.10806 90.5424
126 7.53 1.08149 92.952
127 7.59 1.12136 95.4904
128 7.65 1.1088 98.0402
129 7.71 1.08784 100.581
130 7.77 1.10601 103.205
131 7.83 1.07717 105.8
132 7.89 1.07295 108.425
133 7.95 1.06656 111.073
134 8.01 1.06944 113.77
135 8.07 1.04609 116.447
136 8.13 1.02617 119.112
137 8.19 1.02401 121.811
138 8.25 1.00827 124.507
139 8.31 0.980278 127.167
140 8.37 0.959809 129.81
141 8.43 0.975273 132.533
142 8.49 0.952075 135.23
143 8.55 0.951501 137.963
144 8.61 0.952155 140.736
145 8.67 0.944642 143.527
146 8.73 0.937111 146.333
147 8.79 0.934111 149.169
148 8.85 0.946962 152.083
149 8.91 0.923224 154.963
150 8.97 0.943619 157.947
151 9.03 0.937301 160.95
152 9.09 0.953119 164.045
153 9.15 0.964856 167.219
154 9.21 0.961086 170.422
155 9.27 0.960531 173.666
156 9.33 0.986632 177.04
157 9.39 0.985608 180.455
158 9.45 1.003 183.975
159 9.51 1.01182 187.571
160 9.57 1.00451 191.186
161 9.63 1.03045 194.941
162 9.69 1.03231 198.749
163 9.75 1.05027 202.673
164 9.81 1.03091 206.571
165 9.87 1.03779 210.544
166 9.93 1.04047 214.575
167 9.99 1.0483 218.686
168 10.05 1.0455 222.835
169 10.11 1.0407 227.015
170 10.17 1.04494 231.262
171 10.23 1.03301 235.51
172 10.29 1.03859 239.831
173 10.35 1.02568 244.149
174 10.41 1.00717 248.437
175 10.47 1.02654 252.859
176 10.53 1.0191 257.299
177 10.59 1.004 261.724
178 10.65 0.995994 266.163
179 10.71 0.997645 270.659
180 10.77 0.990729 275.175
181 10.83 0.991889 279.746
182 10.89 0.975753 284.293
183 10.95 0.98763 288.947
184 11.01 0.971562 293.574
185 11.07 0.970487 298.248
186 11.13 0.980473 303.02
187 11.19 0.966287 307.775
188 11.25 0.980539 312.651
189 11.31 0.980748 317.581
190 11.37 0.980109 322.559
191 11.43 0.976275 327.571
192 11.49 0.980023 332.655
193 11.55 0.979558 337.79
194 11.61 0.994306 343.056
195 11.67 0.99476 348.38
196 11.73 0.982723 353.693
197 11.79 1.00171 359.164
198 11.85 1.00395 364.704
199 11.91 0.996301 370.257
200 11.97 1.00584 375.92
108000 200
1 0.03 0 0
2 0.09 0 0
3 0.15 0 0
4 0.21 0 0
5 0.27 0 0
6 0.33 0 0
7 0.39 0 0
8 0.45 0 0
9 0.51 0 0
10 0.57 0 0
11 0.63 0 0
12 0.69 0 0
13 0.75 0 0
14 0.81 0 0
15 0.87 0 0
16 0.93 0 0
17 0.99 0 0
18 1.05 0 0
19 1.11 0 0
20 1.17 0 0
21 1.23 0 0
22 1.29 0 0
23 1.35 0 0
24 1.41 0 0
25 1.47 0 0
26 1.53 0 0
27 1.59 0 0
28 1.65 0 0
29 1.71 0 0
30 1.77 0 0
31 1.83 0 0
32 1.89 0 0
33 1.95 0 0
34 2.01 0 0
35 2.07 0 0
36 2.13 0 0
37 2.19 0 0
38 2.25 0 0
39 2.31 0.00572275 0.0012
40 2.37 0.0462117 0.0114
41 2.43 0.268919 0.0738
42 2.49 0.707602 0.2462
43 2.55 1.43158 0.612
44 2.61 2.13009 1.1822
45 2.67 2.59802 1.91
46 2.73 2.82244 2.7366
47 2.79 2.8122 3.5968
48 2.85 2.7082 4.4612
49 2.91 2.54418 5.3078
50 2.97 2.26068 6.0914
51 3.03 1.9708 6.8024
52 3.09 1.69618 7.4388
53 3.15 1.45778 8.0072
54 3.21 1.28426 8.5272
55 3.27 1.12285 8.999
56 3.33 1.04099 9.4526
57 3.39 0.926073 9.8708
58 3.45 0.85865 10.2724
59 3.51 0.739073 10.6302
60 3.57 0.680495 10.971
61 3.63 0.685223 11.3258
62 3.69 0.624994 11.6602
63 3.75 0.590677 11.9866
64 3.81 0.602374 12.3302
65 3.87 0.565489 12.663
66 3.93 0.583945 13.0174
67 3.99 0.565876 13.3714
68 4.05 0.570644 13.7392
69 4.11 0.602917 14.1394
70 4.17 0.623158 14.5652
71 4.23 0.633766 15.0108
72 4.29 0.67092 15.496
73 4.35 0.703646 16.0192
74 4.41 0.745084 16.5886
75 4.47 0.78788 17.2072
76 4.53 0.868343 17.9074
77 4.59 0.90377 18.6556
78 4.65 0.92391 19.4406
79 4.71 1.029 20.3376
80 4.77 1.08068 21.3038
81 4.83 1.11967 22.3302
82 4.89 1.17473 23.434
83 4.95 1.17239 24.5628
84 5.01 1.21342 25.7596
85 5.07 1.25121 27.0234
86 5.13 1.25364 28.3198
87 5.19 1.30418 29.7002
88 5.25 1.30058 31.1088
89 5.31 1.29518 32.5438
90 5.37 1.25863 33.97
91 5.43 1.28362 35.4572
92 5.49 1.22617 36.9094
93 5.55 1.2231 38.3898
94 5.61 1.17831 39.847
95 5.67 1.12628 41.2698
96 5.73 1.08638 42.6714
97 5.79 1.04318 44.0456
98 5.85 1.02606 45.4254
99 5.91 0.983765 46.7756
100 5.97 0.941241 48.0938
101 6.03 0.912385 49.3974
102 6.09 0.902729 50.713
103 6.15 0.850348 51.9768
104 6.21 0.834523 53.2414
105 6.27 0.828726 54.5216
106 6.33 0.822236 55.8162
107 6.39 0.81335 57.1212
108 6.45 0.815416 58.4542
109 6.51 0.834203 59.8434
110 6.57 0.843208 61.2736
111 6.63 0.837395 62.72
112 6.69 0.871001 64.2518
113 6.75 0.889992 65.8452
114 6.81 0.90906 67.5018
115 6.87 0.934122 69.2342
116 6.93 0.949706 71.0264
117 6.99 0.968161 72.8852
118 7.05 0.988208 74.8152
119 7.11 1.02104 76.8434
120 7.17 1.04719 78.9588
121 7.23 1.06571 81.1478
122 7.29 1.07266 83.3878
123 7.35 1.10073 85.7244
124 7.41 1.08418 88.0636
125 7.47 1.09556 90.4658
126 7.53 1.12243 92.9666
127 7.59 1.10122 95.4594
128 7.65 1.09654 97.981
129 7.71 1.11293 100.581
130 7.77 1.09496 103.178
131 7.83 1.08356 105.789
132 7.89 1.08309 108.438
133 7.95 1.07968 111.119
134 8.01 1.07515 113.83
135 8.07 1.04133 116.495
136 8.13 1.0237 119.154
137 8.19 1.02894 121.866
138 8.25 0.995187 124.527
139 8.31 1.00792 127.262
140 8.37 0.983929 129.971
141 8.43 0.975774 132.696
142 8.49 0.95956 135.413
143 8.55 0.944817 138.127
144 8.61 0.930665 140.838
145 8.67 0.941392 143.619
146 8.73 0.930299 146.405
147 8.79 0.928117 149.223
148 8.85 0.93611 152.104
149 8.91 0.929123 155.002
150 8.97 0.941848 157.98
151 9.03 0.934492 160.974
152 9.09 0.926878 163.984
153 9.15 0.939201 167.073
154 9.21 0.954845 170.256
155 9.27 0.968705 173.527
156 9.33 0.981779 176.885
157 9.39 0.990515 180.317
158 9.45 1.00556 183.846
159 9.51 1.01694 187.46
160 9.57 1.0169 191.119
161 9.63 1.03424 194.888
162 9.69 1.04521 198.744
163 9.75 1.03812 202.622
164 9.81 1.0391 206.552
165 9.87 1.03691 210.521
166 9.93 1.03876 214.546
167 9.99 1.04575 218.647
168 10.05 1.04651 222.8
169 10.11 1.04378 226.992
170 10.17 1.04676 231.246
171 10.23 1.05149 235.57
172 10.29 1.03883 239.893
173 10.35 1.02962 244.227
174 10.41 1.02939 248.61
175 10.47 1.02584 253.029
176 10.53 1.01469 257.45
177 10.59 1.00386 261.874
178 10.65 1.00277 266.343
179 10.71 0.993829 270.822
180 10.77 0.993669 275.351
181 10.83 0.981864 279.876
182 10.89 0.97983 284.442
183 10.95 0.970353 289.014
184 11.01 0.979876 293.682
185 11.07 0.973478 298.369
186 11.13 0.969256 303.087
187 11.19 0.968035 307.85
188 11.25 0.968515 312.667
189 11.31 0.958704 317.486
190 11.37 0.969952 322.413
191 11.43 0.983248 327.46
192 11.49 0.975242 332.52
193 11.55 0.982649 337.671
194 11.61 0.980675 342.865
195 11.67 0.980633 348.113
196 11.73 0.98276 353.426
197 11.79 0.996656 358.87
198 11.85 1.00406 364.41
199 11.91 1.00301 370.001
200 11.97 1.01415 375.71
109000 200
1 0.03 0 0
2 0.09 0 0
3 0.15 0 0
4 0.21 0 0
5 0.27 0 0
6 0.33 0 0
7 0.39 0 0
8 0.45 0 0
9 0.51 0 0
10 0.57 0 0
11 0.63 0 0
12 0.69 0 0
13 0.75 0 0
14 0.81 0 0
15 0.87 0 0
16 0.93 0 0
17 0.99 0 0
18 1.05 0 0
19 1.11 0 0
20 1.17 0 0
21 1.23 0 0
22 1.29 0 0
23 1.35 0 0
24 1.41 0 0
25 1.47 0 0
26 1.53 0 0
27 1.59 0 0
28 1.65 0 0
29 1.71 0 0
30 1.77 0 0
31 1.83 0 0
32 1.89 0 0
33 1.95 0 0
34 2.01 0 0
35 2.07 0 0
36 2.13 0 0
37 2.19 0 0
38 2.25 0 0
39 2.31 0.00667654 0.0014
40 2.37 0.0453056 0.0114
41 2.43 0.253405 0.0702
42 2.49 0.770811 0.258
43 2.55 1.4081 0.6178
44 2.61 2.0763 1.1736
45 2.67 2.69298 1.928
46 2.73 2.84156 2.7602
47 2.79 2.89393 3.6454
48 2.85 2.63113 4.4852
49 2.91 2.47747 5.3096
50 2.97 2.2249 6.0808
51 3.03 1.92146 6.774
52 3.09 1.6626 7.3978
53 3.15 1.48394 7.9764
54 3.21 1.25561 8.4848
55 3.27 1.15046 8.9682
56 3.33 1.04925 9.4254
57 3.39 0.930059 9.8454
58 3.45 0.844967 10.2406
59 3.51 0.751467 10.6044
60 3.57 0.729615 10.9698
61 3.63 0.667842 11.3156
62 3.69 0.620508 11.6476
63 3.75 0.615651 11.9878
64 3.81 0.582388 12.32
65 3.87 0.60695 12.6772
66 3.93 0.581638 13.0302
67 3.99 0.566195 13.3844
68 4.05 0.577781 13.7568
69 4.11 0.61045 14.162
70 4.17 0.60501 14.5754
71 4.23 0.632628 15.0202
72 4.29 0.635245 15.4796
73 4.35 0.731888 16.0238
74 4.41 0.741682 16.5906
75 4.47 0.802654 17.2208
76 4.53 0.842052 17.8998
77 4.59 0.908602 18.652
78 4.65 0.979227 19.484
79 4.71 1.01799 20.3714
80 4.77 1.06211 21.321
81 4.83 1.09763 22.3272
82 4.89 1.16452 23.4214
83 4.95 1.21435 24.5906
84 5.01 1.22295 25.7968
85 5.07 1.24348 27.0528
86 5.13 1.25228 28.3478
87 5.19 1.29171 29.715
88 5.25 1.2967 31.1194
89 5.31 1.28976 32.5484
90 5.37 1.2867 34.0064
91 5.43 1.256 35.4616
92 5.49 1.22988 36.9182
93 5.55 1.19501 38.3646
94 5.61 1.15583 39.794
95 5.67 1.12802 41.219
96 5.73 1.09429 42.6308
97 5.79 1.05351 44.0186
98 5.85 1.02204 45.393
99 5.91 0.966424 46.7194
100 5.97 0.921819 48.0104
101 6.03 0.906785 49.306
102 6.09 0.892025 50.606
103 6.15 0.868918 51.8974
104 6.21 0.844686 53.1774
105 6.27 0.853973 54.4966
106 6.33 0.838623 55.817
107 6.39 0.822075 57.136
108 6.45 0.832667 58.4972
109 6.51 0.850776 59.914
110 6.57 0.847099 61.3508
111 6.63 0.855574 62.8286
112 6.69 0.850645 64.3246
113 6.75 0.8748 65.8908
114 6.81 0.912462 67.5536
115 6.87 0.938867 69.2948
116 6.93 0.940909 71.0704
117 6.99 0.961494 72.9164
118 7.05 0.982166 74.8346
119 7.11 1.02396 76.8686
120 7.17 1.03441 78.9582
121 7.23 1.05996 81.1354
122 7.29 1.06548 83.3604
123 7.35 1.08933 85.6728
124 7.41 1.09641 88.0384
125 7.47 1.09365 90.4364
126 7.53 1.11543 92.9216
127 7.59 1.11801 95.4524
128 7.65 1.09419 97.9686
129 7.71 1.10719 100.555
130 7.77 1.09682 103.157
131 7.83 1.0907 105.784
132 7.89 1.08693 108.443
133 7.95 1.07268 111.107
134 8.01 1.06492 113.792
135 8.07 1.04899 116.476
136 8.13 1.02709 119.144
137 8.19 1.01369 121.816
138 8.25 1.01149 124.521
139 8.31 0.986396 127.198
140 8.37 0.982404 129.902
141 8.43 0.967538 132.604
142 8.49 0.966833 135.342
143 8.55 0.949203 138.069
144 8.61 0.945495 140.823
145 8.67 0.9506 143.631
146 8.73 0.934039 146.428
147 8.79 0.923835 149.233
148 8.85 0.923698 152.076
149 8.91 0.936111 154.996
150 8.97 0.933435 157.947
151 9.03 0.949348 160.989
152 9.09 0.945973 164.06
153 9.15 0.950873 167.188
154 9.21 0.970866 170.424
155 9.27 0.967224 173.69
156 9.33 0.963594 176.986
157 9.39 0.986301 180.404
158 9.45 0.997412 183.904
159 9.51 1.01205 187.5
160 9.57 1.01657 191.159
161 9.63 1.02683 194.9
162 9.69 1.03584 198.722
163 9.75 1.01724 202.522
164 9.81 1.05381 206.507
165 9.87 1.05624 210.55
166 9.93 1.04377 214.594
167 9.99 1.04009 218.673
168 10.05 1.04636 222.826
169 10.11 1.03781 226.994
170 10.17 1.03825 231.214
171 10.23 1.02921 235.446
172 10.29 1.04239 239.783
173 10.35 1.03295 244.131
174 10.41 1.03564 248.541
175 10.47 1.02431 252.953
176 10.53 0.999452 257.308
177 10.59 1.01276 261.771
178 10.65 1.00434 266.247
179 10.71 1.00119 270.76
180 10.77 1.00837 275.356
181 10.83 0.977481 279.861
182 10.89 0.97983 284.427
183 10.95 0.976763 289.029
184 11.01 0.970177 293.65
185 11.07 0.966915 298.306
186 11.13 0.961531 302.986
187 11.19 0.976653 307.792
188 11.25 0.976317 312.647
189 11.31 0.98226 317.584
190 11.37 0.970896 322.516
191 11.43 0.988508 327.591
192 11.49 0.973546 332.641
193 11.55 0.974331 337.749
194 11.61 0.989662 342.991
195 11.67 0.989415 348.285
196 11.73 0.995448 353.667
197 11.79 0.995558 359.105
198 11.85 0.993222 364.586
199 11.91 1.00703 370.199
200 11.97 1.00197 375.84
110000 200
1 0.03 0 0
2 0.09 0 0
3 0.15 0 0
4 0.21 0 0
5 0.27 0 0
6 0.33 0 0
7 0.39 0 0
8 0.45 0 0
9 0.51 0 0
10 0.57 0 0
11 0.63 0 0
12 0.69 0 0
13 0.75 0 0
14 0.81 0 0
15 0.87 0 0
16 0.93 0 0
17 0.99 0 0
18 1.05 0 0
19 1.11 0 0
20 1.17 0 0
21 1.23 0 0
22 1.29 0 0
23 1.35 0 0
24 1.41 0 0
25 1.47 0 0
26 1.53 0 0
27 1.59 0 0
28 1.65 0 0
29 1.71 0 0
30 1.77 0 0
31 1.83 0 0
32 1.89 0 0
33 1.95 0 0
34 2.01 0 0
35 2.07 0 0
36 2.13 0 0
37 2.19 0 0
38 2.25 0 0
39 2.31 0.00381517 0.0008
40 2.37 0.0543667 0.0128
41 2.43 0.247371 0.0702
42 2.49 0.770811 0.258
43 2.55 1.44802 0.628
44 2.61 2.07779 1.1842
45 2.67 2.61302 1.9162
46 2.73 2.84361 2.749
47 2.79 2.89262 3.6338
48 2.85 2.75269 4.5124
49 2.91 2.47747 5.3368
50 2.97 2.18567 6.0944
51 3.03 1.90372 6.7812
52 3.09 1.661 7.4044
53 3.15 1.4865 7.984
54 3.21 1.2971 8.5092
55 3.27 1.15522 8.9946
56 3.33 0.973973 9.419
57 3.39 0.925187 9.8368
58 3.45 0.853947 10.2362
59 3.51 0.755185 10.6018
60 3.57 0.72003 10.9624
61 3.63 0.680202 11.3146
62 3.69 0.647422 11.661
63 3.75 0.599002 11.992
64 3.81 0.572571 12.3186
65 3.87 0.589618 12.6656
66 3.93 0.557911 13.0042
67 3.99 0.575467 13.3642
68 4.05 0.573127 13.7336
69 4.11 0.564952 14.1086
70 4.17 0.621401 14.5332
71 4.23 0.6551 14.9938
72 4.29 0.656539 15.4686
73 4.35 0.728123 16.01
74 4.41 0.764974 16.5946
75 4.47 0.787625 17.213
76 4.53 0.870079 17.9146
77 4.59 0.886376 18.6484
78 4.65 0.952863 19.458
79 4.71 1.02533 20.3518
80 4.77 1.05965 21.2992
81 4.83 1.12403 22.3296
82 4.89 1.15898 23.4186
83 4.95 1.18361 24.5582
84 5.01 1.23086 25.7722
85 5.07 1.25319 27.038
86 5.13 1.2927 28.3748
87 5.19 1.27754 29.727
88 5.25 1.27694 31.11
89 5.31 1.29013 32.5394
90 5.37 1.31176 34.0258
91 5.43 1.26015 35.4858
92 5.49 1.23241 36.9454
93 5.55 1.21335 38.414
94 5.61 1.15713 39.845
95 5.67 1.12184 41.2622
96 5.73 1.08235 42.6586
97 5.79 1.05093 44.043
98 5.85 1.0216 45.4168
99 5.91 0.964384 46.7404
100 5.97 0.924104 48.0346
101 6.03 0.902866 49.3246
102 6.09 0.896554 50.6312
103 6.15 0.877262 51.935
104 6.21 0.843234 53.2128
105 6.27 0.839343 54.5094
106 6.33 0.842306 55.8356
107 6.39 0.819832 57.151
108 6.45 0.819821 58.4912
109 6.51 0.832881 59.8782
110 6.57 0.839317 61.3018
111 6.63 0.836237 62.7462
112 6.69 0.860425 64.2594
113 6.75 0.867315 65.8122
114 6.81 0.908291 67.4674
115 6.87 0.947063 69.2238
116 6.93 0.943771 71.0048
117 6.99 0.971807 72.8706
118 7.05 1.00121 74.826
119 7.11 1.02194 76.856
120 7.17 1.02976 78.9362
121 7.23 1.06298 81.1196
122 7.29 1.07515 83.3648
123 7.35 1.08556 85.6692
124 7.41 1.10049 88.0436
125 7.47 1.09821 90.4516
126 7.53 1.10044 92.9034
127 7.59 1.1059 95.4068
128 7.65 1.13037 98.0062
129 7.71 1.1298 100.645
130 7.77 1.09867 103.252
131 7.83 1.10257 105.908
132 7.89 1.0799 108.549
133 7.95 1.06406 111.192
134 8.01 1.04239 113.82
135 8.07 1.04109 116.484
136 8.13 1.02671 119.151
137 8.19 1.019 121.837
138 8.25 1.00468 124.524
139 8.31 0.993251 127.219
140 8.37 0.989596 129.943
141 8.43 0.972193 132.658
142 8.49 0.958995 135.374
143 8.55 0.953729 138.114
144 8.61 0.936089 140.84
145 8.67 0.941663 143.622
146 8.73 0.923354 146.387
147 8.79 0.939842 149.24
148 8.85 0.925972 152.09
149 8.91 0.918608 154.956
150 8.97 0.928437 157.891
151 9.03 0.943917 160.916
152 9.09 0.944433 163.982
153 9.15 0.956527 167.129
154 9.21 0.951425 170.3
155 9.27 0.969297 173.573
156 9.33 0.976341 176.913
157 9.39 0.987802 180.335
158 9.45 0.998495 183.839
159 9.51 1.00434 187.408
160 9.57 1.02852 191.109
161 9.63 1.02151 194.832
162 9.69 1.03589 198.654
163 9.75 1.04363 202.552
164 9.81 1.04735 206.513
165 9.87 1.04803 210.525
166 9.93 1.05043 214.595
167 9.99 1.04509 218.693
168 10.05 1.04424 222.837
169 10.11 1.04488 227.034
170 10.17 1.04046 231.263
171 10.23 1.03894 235.535
172 10.29 1.04868 239.898
173 10.35 1.02977 244.233
174 10.41 1.02075 248.579
175 10.47 1.02069 252.976
176 10.53 1.00822 257.369
177 10.59 1.00073 261.779
178 10.65 1.0095 266.278
179 10.71 1.00479 270.807
180 10.77 0.993844 275.337
181 10.83 0.986074 279.881
182 10.89 0.985495 284.474
183 10.95 0.965259 289.021
184 11.01 0.974166 293.662
185 11.07 0.970944 298.337
186 11.13 0.971639 303.067
187 11.19 0.958849 307.784
188 11.25 0.960954 312.563
189 11.31 0.977883 317.479
190 11.37 0.973495 322.424
191 11.43 0.982119 327.466
192 11.49 0.98037 332.551
193 11.55 0.985549 337.718
194 11.61 0.985659 342.938
195 11.67 0.982688 348.197
196 11.73 0.988715 353.543
197 11.79 0.990468 358.953
198 11.85 1.0029 364.486
199 11.91 1.00624 370.095
200 11.97 0.998665 375.718
111000 200
1 0.03 0 0
2 0.09 0 0
3 0.15 0 0
4 0.21 0 0
5 0.27 0 0
6 0.33 0 0
7 0.39 0 0
8 0.45 0 0
9 0.51 0 0
10 0.57 0 0
11 0.63 0 0
12 0.69 0 0
13 0.75 0 0
14 0.81 0 0
15 0.87 0 0
16 0.93 0 0
17 0.99 0 0
18 1.05 0 0
19 1.11 0 0
20 1.17 0 0
21 1.23 0 0
22 1.29 0 0
23 1.35 0 0
24 1.41 0 0
25 1.47 0 0
26 1.53 0 0
27 1.59 0 0
28 1.65 0 0
29 1.71 0 0
30 1.77 0 0
31 1.83 0 0
32 1.89 0 0
33 1.95 0 0
34 2.01 0 0
35 2.07 0 0
36 2.13 0 0
37 2.19 0 0
38 2.25 0 0
39 2.31 0.00286137 0.0006
40 2.37 0.0661462 0.0152
41 2.43 0.255128 0.0744
42 2.49 0.74208 0.2552
43 2.55 1.4081 0.615
44 2.61 2.11366 1.1808
45 2.67 2.59517 1.9078
46 2.73 2.84224 2.7402
47 2.79 2.88085 3.6214
48 2.85 2.68815 4.4794
49 2.91 2.44682 5.2936
50 2.97 2.25664 6.0758
51 3.03 1.94031 6.7758
52 3.09 1.6546 7.3966
53 3.15 1.48907 7.9772
54 3.21 1.29364 8.501
55 3.27 1.1714 8.9932
56 3.33 0.995545 9.427
57 3.39 0.93183 9.8478
58 3.45 0.809475 10.2264
59 3.51 0.78369 10.6058
60 3.57 0.700063 10.9564
61 3.63 0.660117 11.2982
62 3.69 0.636208 11.6386
63 3.75 0.602983 11.9718
64 3.81 0.603075 12.3158
65 3.87 0.580782 12.6576
66 3.93 0.579991 13.0096
67 3.99 0.577065 13.3706
68 4.05 0.607881 13.7624
69 4.11 0.589659 14.1538
70 4.17 0.621987 14.5788
71 4.23 0.645998 15.033
72 4.29 0.670644 15.518
73 4.35 0.683204 16.026
74 4.41 0.759478 16.6064
75 4.47 0.840354 17.2662
76 4.53 0.8423 17.9454
77 4.59 0.898455 18.6892
78 4.65 0.958277 19.5034
79 4.71 1.01202 20.3856
80 4.77 1.07195 21.344
81 4.83 1.10658 22.3584
82 4.89 1.15792 23.4464
83 4.95 1.18091 24.5834
84 5.01 1.20876 25.7756
85 5.07 1.20943 26.9972
86 5.13 1.28767 28.3288
87 5.19 1.29416 29.6986
88 5.25 1.28839 31.094
89 5.31 1.27063 32.5018
90 5.37 1.30135 33.9764
91 5.43 1.25497 35.4304
92 5.49 1.22245 36.8782
93 5.55 1.21748 38.3518
94 5.61 1.16893 39.7974
95 5.67 1.12913 41.2238
96 5.73 1.09475 42.6362
97 5.79 1.04561 44.0136
98 5.85 1.01937 45.3844
99 5.91 0.967007 46.7116
100 5.97 0.953522 48.047
101 6.03 0.908885 49.3456
102 6.09 0.887771 50.6394
103 6.15 0.854654 51.9096
104 6.21 0.864219 53.2192
105 6.27 0.831445 54.5036
106 6.33 0.83532 55.8188
107 6.39 0.822574 57.1386
108 6.45 0.827773 58.4918
109 6.51 0.829639 59.8734
110 6.57 0.836959 61.293
111 6.63 0.845037 62.7526
112 6.69 0.873617 64.289
113 6.75 0.88787 65.8786
114 6.81 0.896438 67.5122
115 6.87 0.918701 69.216
116 6.93 0.956277 71.0206
117 6.99 0.979515 72.9012
118 7.05 0.997629 74.8496
119 7.11 1.03543 76.9064
120 7.17 1.03907 79.0054
121 7.23 1.05957 81.1818
122 7.29 1.08185 83.441
123 7.35 1.06671 85.7054
124 7.41 1.09771 88.0738
125 7.47 1.091 90.466
126 7.53 1.09047 92.8956
127 7.59 1.10882 95.4056
128 7.65 1.12219 97.9862
129 7.71 1.11276 100.585
130 7.77 1.10854 103.215
131 7.83 1.09593 105.855
132 7.89 1.05799 108.443
133 7.95 1.07397 111.111
134 8.01 1.06587 113.798
135 8.07 1.04422 116.47
136 8.13 1.03602 119.161
137 8.19 1.01081 121.825
138 8.25 1.00596 124.515
139 8.31 0.980647 127.176
140 8.37 0.981968 129.88
141 8.43 0.974199 132.6
142 8.49 0.957583 135.312
143 8.55 0.949551 138.04
144 8.61 0.94474 140.792
145 8.67 0.932928 143.547
146 8.73 0.933572 146.343
147 8.79 0.942214 149.204
148 8.85 0.936955 152.087
149 8.91 0.934059 155.001
150 8.97 0.932359 157.949
151 9.03 0.949785 160.992
152 9.09 0.94856 164.072
153 9.15 0.9606 167.232
154 9.21 0.956765 170.421
155 9.27 0.967283 173.687
156 9.33 0.967863 176.998
157 9.39 0.977815 180.386
158 9.45 1.00021 183.896
159 9.51 1.00276 187.459
160 9.57 1.02157 191.136
161 9.63 1.01657 194.84
162 9.69 1.03616 198.663
163 9.75 1.04813 202.578
164 9.81 1.03667 206.498
165 9.87 1.04009 210.48
166 9.93 1.04336 214.522
167 9.99 1.04861 218.635
168 10.05 1.04157 222.768
169 10.11 1.0517 226.992
170 10.17 1.04253 231.229
171 10.23 1.02956 235.463
172 10.29 1.0409 239.794
173 10.35 1.03542 244.152
174 10.41 1.01835 248.489
175 10.47 1.03462 252.945
176 10.53 1.02295 257.402
177 10.59 1.00132 261.815
178 10.65 1.01412 266.335
179 10.71 1.00266 270.854
180 10.77 0.995204 275.39
181 10.83 0.974531 279.881
182 10.89 0.971976 284.411
183 10.95 0.973324 288.997
184 11.01 0.97152 293.624
185 11.07 0.972689 298.308
186 11.13 0.991566 303.135
187 11.19 0.958442 307.85
188 11.25 0.977845 312.713
189 11.31 0.973784 317.608
190 11.37 0.970109 322.536
191 11.43 0.966457 327.497
192 11.49 0.973854 332.549
193 11.55 0.977689 337.674
194 11.61 0.986603 342.9
195 11.67 0.986388 348.179
196 11.73 0.989751 353.53
197 11.79 0.984536 358.907
198 11.85 0.996956 364.408
199 11.91 0.999279 369.978
200 11.97 1.01422 375.688
112000 200
1 0.03 0 0
2 0.09 0 0
3 0.15 0 0
4 0.21 0 0
5 0.27 0 0
6 0.33 0 0
7 0.39 0 0
8 0.45 0 0
9 0.51 0 0
10 0.57 0 0
11 0.63 0 0
12 0.69 0 0
13 0.75 0 0
14 0.81 0 0
15 0.87 0 0
16 0.93 0 0
17 0.99 0 0
18 1.05 0 0
19 1.11 0 0
20 1.17 0 0
21 1.23 0 0
22 1.29 0 0
23 1.35 0 0
24 1.41 0 0
25 1.47 0 0
26 1.53 0 0
27 1.59 0 0
28 1.65 0 0
29 1.71 0 0
30 1.77 0 0
31 1.83 0 0
32 1.89 0 0
33 1.95 0 0
34 2.01 0 0
35 2.07 0 0
36 2.13 0 0
37 2.19 0 0
38 2.25 0 0
39 2.31 0.00190758 0.0004
40 2.37 0.064334 0.0146
41 2.43 0.258576 0.0746
42 2.49 0.740438 0.255
43 2.55 1.3807 0.6078
44 2.61 2.11291 1.1734
45 2.67 2.653 1.9166
46 2.73 2.87092 2.7574
47 2.79 2.85862 3.6318
48 2.85 2.71697 4.499
49 2.91 2.47086 5.3212
50 2.97 2.25375 6.1024
51 3.03 1.94308 6.8034
52 3.09 1.70417 7.4428
53 3.15 1.44957 8.008
54 3.21 1.27685 8.525
55 3.27 1.12856 8.9992
56 3.33 1.03731 9.4512
57 3.39 0.904371 9.8596
58 3.45 0.844539 10.2546
59 3.51 0.730811 10.6084
60 3.57 0.69567 10.9568
61 3.63 0.640804 11.2886
62 3.69 0.618265 11.6194
63 3.75 0.585248 11.9428
64 3.81 0.583791 12.2758
65 3.87 0.575345 12.6144
66 3.93 0.574059 12.9628
67 3.99 0.586976 13.33
68 4.05 0.568783 13.6966
69 4.11 0.591467 14.0892
70 4.17 0.593009 14.4944
71 4.23 0.66278 14.9604
72 4.29 0.718211 15.4798
73 4.35 0.724626 16.0186
74 4.41 0.759478 16.599
75 4.47 0.800871 17.2278
76 4.53 0.858422 17.92
77 4.59 0.924546 18.6854
78 4.65 0.985582 19.5228
79 4.71 1.03451 20.4246
80 4.77 1.03728 21.352
81 4.83 1.11399 22.3732
82 4.89 1.16239 23.4654
83 4.95 1.18839 24.6096
84 5.01 1.23776 25.8304
85 5.07 1.25041 27.0934
86 5.13 1.2488 28.3848
87 5.19 1.26658 29.7254
88 5.25 1.3183 31.1532
89 5.31 1.2968 32.59
90 5.37 1.27911 34.0394
91 5.43 1.26446 35.5044
92 5.49 1.23005 36.9612
93 5.55 1.2036 38.418
94 5.61 1.17168 39.867
95 5.67 1.13894 41.3058
96 5.73 1.08654 42.7076
97 5.79 1.03407 44.0698
98 5.85 1.00777 45.425
99 5.91 0.947189 46.725
100 5.97 0.95238 48.0588
101 6.03 0.896847 49.3402
102 6.09 0.865676 50.6018
103 6.15 0.84658 51.86
104 6.21 0.859204 53.162
105 6.27 0.807753 54.4098
106 6.33 0.825412 55.7094
107 6.39 0.826812 57.036
108 6.45 0.813214 58.3654
109 6.51 0.83144 59.75
110 6.57 0.829294 61.1566
111 6.63 0.850479 62.6256
112 6.69 0.880781 64.1746
113 6.75 0.878374 65.7472
114 6.81 0.925851 67.4344
115 6.87 0.944583 69.1862
116 6.93 0.957866 70.9938
117 6.99 0.973473 72.8628
118 7.05 1.00869 74.8328
119 7.11 1.03171 76.8822
120 7.17 1.05817 79.0198
121 7.23 1.06386 81.205
122 7.29 1.08492 83.4706
123 7.35 1.09225 85.7892
124 7.41 1.10791 88.1796
125 7.47 1.10395 90.6002
126 7.53 1.12449 93.1056
127 7.59 1.09645 95.5876
128 7.65 1.11854 98.1598
129 7.71 1.0994 100.728
130 7.77 1.08518 103.302
131 7.83 1.0829 105.911
132 7.89 1.0817 108.557
133 7.95 1.07252 111.221
134 8.01 1.05358 113.877
135 8.07 1.03719 116.531
136 8.13 1.02494 119.193
137 8.19 1.01513 121.869
138 8.25 0.995337 124.531
139 8.31 0.993177 127.226
140 8.37 0.979352 129.922
141 8.43 0.947197 132.567
142 8.49 0.967045 135.306
143 8.55 0.946209 138.024
144 8.61 0.940551 140.763
145 8.67 0.931303 143.514
146 8.73 0.921083 146.273
147 8.79 0.932398 149.103
148 8.85 0.920578 151.937
149 8.91 0.935919 154.856
150 8.97 0.936598 157.817
151 9.03 0.950409 160.863
152 9.09 0.946158 163.935
153 9.15 0.953122 167.07
154 9.21 0.956345 170.258
155 9.27 0.976108 173.554
156 9.33 0.977276 176.897
157 9.39 1.00298 180.372
158 9.45 1.00904 183.912
159 9.51 1.00805 187.495
160 9.57 1.01652 191.153
161 9.63 1.03248 194.915
162 9.69 1.02966 198.714
163 9.75 1.03512 202.581
164 9.81 1.04259 206.524
165 9.87 1.05608 210.566
166 9.93 1.05735 214.663
167 9.99 1.05509 218.801
168 10.05 1.05427 222.985
169 10.11 1.03865 227.156
170 10.17 1.04297 231.395
171 10.23 1.03612 235.656
172 10.29 1.03556 239.965
173 10.35 1.01741 244.247
174 10.41 1.01229 248.558
175 10.47 1.02148 252.958
176 10.53 1.01056 257.361
177 10.59 1.00872 261.806
178 10.65 1.00367 266.279
179 10.71 0.993119 270.755
180 10.77 0.99029 275.269
181 10.83 0.991759 279.84
182 10.89 0.982062 284.416
183 10.95 0.967806 288.976
184 11.01 0.972906 293.61
185 11.07 0.966998 298.267
186 11.13 0.973981 303.008
187 11.19 0.968848 307.775
188 11.25 0.968635 312.592
189 11.31 0.969527 317.465
190 11.37 0.97696 322.428
191 11.43 0.975729 327.437
192 11.49 0.981951 332.531
193 11.55 0.987113 337.705
194 11.61 0.985584 342.925
195 11.67 0.985454 348.199
196 11.73 0.986866 353.535
197 11.79 0.996144 358.976
198 11.85 1.00917 364.544
199 11.91 0.987546 370.048
200 11.97 1.00826 375.725
113000 200
1 0.03 0 0
2 0.09 0 0
3 0.15 0 0
4 0.21 0 0
5 0.27 0 0
6 0.33 0 0
7 0.39 0 0
8 0.45 0 0
9 0.51 0 0
10 0.57 0 0
11 0.63 0 0
12 0.69 0 0
13 0.75 0 0
14 0.81 0 0
15 0.87 0 0
16 0.93 0 0
17 0.99 0 0
18 1.05 0 0
19 1.11 0 0
20 1.17 0 0
21 1.23 0 0
22 1.29 0 0
23 1.35 0 0
24 1.41 0 0
25 1.47 0 0
26 1.53 0 0
27 1.59 0 0
28 1.65 0 0
29 1.71 0 0
30 1.77 0 0
31 1.83 0 0
32 1.89 0 0
33 1.95 0 0
34 2.01 0 0
35 2.07 0 0
36 2.13 0 0
37 2.19 0 0
38 2.25 0 0
39 2.31 0.00190758 0.0004
40 2.37 0.0480239 0.011
41 2.43 0.251681 0.0694
42 2.49 0.656708 0.2294
43 2.55 1.49341 0.611
44 2.61 2.08004 1.1678
45 2.67 2.59374 1.8944
46 2.73 2.87092 2.7352
47 2.79 2.87628 3.615
48 2.85 2.7671 4.4982
49 2.91 2.51053 5.3336
50 2.97 2.21279 6.1006
51 3.03 1.8821 6.7796
52 3.09 1.69884 7.417
53 3.15 1.45265 7.9834
54 3.21 1.26549 8.4958
55 3.27 1.16712 8.9862
56 3.33 1.00427 9.4238
57 3.39 0.922087 9.8402
58 3.45 0.842829 10.2344
59 3.51 0.775428 10.6098
60 3.57 0.690079 10.9554
61 3.63 0.668228 11.3014
62 3.69 0.652655 11.6506
63 3.75 0.624337 11.9956
64 3.81 0.587297 12.3306
65 3.87 0.571606 12.667
66 3.93 0.575377 13.0162
67 3.99 0.556604 13.3644
68 4.05 0.604777 13.7542
69 4.11 0.613463 14.1614
70 4.17 0.613206 14.5804
71 4.23 0.659367 15.044
72 4.29 0.670367 15.5288
73 4.35 0.714943 16.0604
74 4.41 0.746131 16.6306
75 4.47 0.788644 17.2498
76 4.53 0.848997 17.9344
77 4.59 0.915608 18.6924
78 4.65 0.938504 19.4898
79 4.71 1.0056 20.3664
80 4.77 1.06703 21.3204
81 4.83 1.09959 22.3284
82 4.89 1.14621 23.4054
83 4.95 1.16408 24.5262
84 5.01 1.22417 25.7336
85 5.07 1.23952 26.9856
86 5.13 1.28806 28.3176
87 5.19 1.29379 29.687
88 5.25 1.29171 31.086
89 5.31 1.2876 32.5126
90 5.37 1.29905 33.9846
91 5.43 1.28725 35.476
92 5.49 1.22042 36.9214
93 5.55 1.16559 38.3322
94 5.61 1.18753 39.8008
95 5.67 1.14195 41.2434
96 5.73 1.08406 42.642
97 5.79 1.04561 44.0194
98 5.85 1.00762 45.3744
99 5.91 0.993965 46.7386
100 5.97 0.956093 48.0776
101 6.03 0.909725 49.3774
102 6.09 0.891202 50.6762
103 6.15 0.855999 51.9484
104 6.21 0.837031 53.2168
105 6.27 0.831186 54.5008
106 6.33 0.834177 55.8142
107 6.39 0.817837 57.1264
108 6.45 0.83597 58.493
109 6.51 0.836604 59.8862
110 6.57 0.847571 61.3238
111 6.63 0.858121 62.806
112 6.69 0.869864 64.3358
113 6.75 0.887088 65.924
114 6.81 0.900828 67.5656
115 6.87 0.919564 69.271
116 6.93 0.936564 71.0384
117 6.99 0.969202 72.8992
118 7.05 0.995581 74.8436
119 7.11 1.03906 76.9076
120 7.17 1.01917 78.9664
121 7.23 1.06853 81.1612
122 7.29 1.05169 83.3574
123 7.35 1.07491 85.6392
124 7.41 1.09335 87.9982
125 7.47 1.10094 90.4122
126 7.53 1.1113 92.8882
127 7.59 1.11147 95.4042
128 7.65 1.11932 97.9782
129 7.71 1.09443 100.535
130 7.77 1.09876 103.141
131 7.83 1.10681 105.808
132 7.89 1.08538 108.463
133 7.95 1.06237 111.101
134 8.01 1.05588 113.763
135 8.07 1.06071 116.477
136 8.13 1.03595 119.168
137 8.19 1.01764 121.85
138 8.25 1.00304 124.533
139 8.31 1.00438 127.258
140 8.37 0.965766 129.917
141 8.43 0.968397 132.621
142 8.49 0.961043 135.343
143 8.55 0.966401 138.119
144 8.61 0.949477 140.885
145 8.67 0.938616 143.657
146 8.73 0.938914 146.469
147 8.79 0.929434 149.291
148 8.85 0.918174 152.117
149 8.91 0.935277 155.034
150 8.97 0.93723 157.997
151 9.03 0.942169 161.016
152 9.09 0.947821 164.094
153 9.15 0.946314 167.207
154 9.21 0.954305 170.388
155 9.27 0.956622 173.618
156 9.33 0.969968 176.936
157 9.39 0.985551 180.35
158 9.45 0.984417 183.805
159 9.51 1.00468 187.375
160 9.57 1.00807 191.003
161 9.63 1.03051 194.758
162 9.69 1.03242 198.567
163 9.75 1.04133 202.457
164 9.81 1.04423 206.406
165 9.87 1.04929 210.422
166 9.93 1.05647 214.516
167 9.99 1.04937 218.631
168 10.05 1.06566 222.86
169 10.11 1.04154 227.044
170 10.17 1.04907 231.307
171 10.23 1.04381 235.6
172 10.29 1.0347 239.905
173 10.35 1.03761 244.272
174 10.41 1.02089 248.619
175 10.47 1.02134 253.019
176 10.53 1.00615 257.403
177 10.59 1.006 261.836
178 10.65 1.00461 266.313
179 10.71 0.99831 270.813
180 10.77 0.992308 275.336
181 10.83 0.982993 279.866
182 10.89 0.984551 284.454
183 10.95 0.97672 289.056
184 11.01 0.965978 293.657
185 11.07 0.979168 298.372
186 11.13 0.960011 303.045
187 11.19 0.964824 307.792
188 11.25 0.973823 312.635
189 11.31 0.97649 317.543
190 11.37 0.96255 322.433
191 11.43 0.974249 327.434
192 11.49 0.974626 332.49
193 11.55 0.985701 337.657
194 11.61 0.988831 342.895
195 11.67 0.99319 348.21
196 11.73 0.994042 353.584
197 11.79 0.988381 358.983
198 11.85 0.9946 364.471
199 11.91 1.00624 370.079
200 11.97 1.01049 375.769
114000 200
1 0.03 0 0
2 0.09 0 0
3 0.15 0 0
4 0.21 0 0
5 0.27 0 0
6 0.33 0 0
7 0.39 0 0
8 0.45 0 0
9 0.51 0 0
10 0.57 0 0
11 0.63 0 0
12 0.69 0 0
13 0.75 0 0
14 0.81 0 0
15 0.87 0 0
16 0.93 0 0
17 0.99 0 0
18 1.05 0 0
19 1.11 0 0
20 1.17 0 0
21 1.23 0 0
22 1.29 0 0
23 1.35 0 0
24 1.41 0 0
25 1.47 0 0
26 1.53 0 0
27 1.59 0 0
28 1.65 0 0
29 1.71 0 0
30 1.77 0 0
31 1.83 0 0
32 1.89 0 0
33 1.95 0 0
34 2.01 0 0
35 2.07 0 0
36 2.13 0 0
37 2.19 0 0
38 2.25 0 0
39 2.31 0.00381517 0.0008
40 2.37 0.0425873 0.0102
41 2.43 0.2422 0.0664
42 2.49 0.705961 0.2384
43 2.55 1.4214 0.6016
44 2.61 2.13906 1.1742
45 2.67 2.61373 1.9064
46 2.73 2.88322 2.7508
47 2.79 2.90831 3.6404
48 2.85 2.73514 4.5134
49 2.91 2.46485 5.3336
50 2.97 2.21106 6.1
51 3.03 1.93033 6.7964
52 3.09 1.68978 7.4304
53 3.15 1.4783 8.0068
54 3.21 1.27882 8.5246
55 3.27 1.12809 8.9986
56 3.33 1.01758 9.442
57 3.39 0.898171 9.8476
58 3.45 0.847105 10.2438
59 3.51 0.737007 10.6006
60 3.57 0.715238 10.9588
61 3.63 0.660503 11.3008
62 3.69 0.62761 11.6366
63 3.75 0.583076 11.9588
64 3.81 0.576077 12.2874
65 3.87 0.588938 12.634
66 3.93 0.569445 12.9796
67 3.99 0.59401 13.3512
68 4.05 0.569713 13.7184
69 4.11 0.621598 14.131
70 4.17 0.624328 14.5576
71 4.23 0.638602 15.0066
72 4.29 0.68779 15.504
73 4.35 0.706605 16.0294
74 4.41 0.752674 16.6046
75 4.47 0.813353 17.2432
76 4.53 0.852717 17.9308
77 4.59 0.907635 18.6822
78 4.65 0.968399 19.505
79 4.71 1.02051 20.3946
80 4.77 1.06256 21.3446
81 4.83 1.11312 22.365
82 4.89 1.12407 23.4212
83 4.95 1.20667 24.583
84 5.01 1.23188 25.798
85 5.07 1.24289 27.0534
86 5.13 1.2751 28.372
87 5.19 1.28774 29.735
88 5.25 1.27251 31.1132
89 5.31 1.28543 32.5374
90 5.37 1.28987 33.999
91 5.43 1.2491 35.4462
92 5.49 1.24423 36.9198
93 5.55 1.20905 38.3832
94 5.61 1.17864 39.8408
95 5.67 1.12359 41.2602
96 5.73 1.09925 42.6784
97 5.79 1.04045 44.049
98 5.85 1.0158 45.415
99 5.91 0.974001 46.7518
100 5.97 0.918392 48.038
101 6.03 0.899366 49.323
102 6.09 0.88681 50.6154
103 6.15 0.842946 51.8682
104 6.21 0.846006 53.1502
105 6.27 0.855267 54.4714
106 6.33 0.828588 55.776
107 6.39 0.82943 57.1068
108 6.45 0.834991 58.4718
109 6.51 0.823153 59.8426
110 6.57 0.847807 61.2806
111 6.63 0.840405 62.7322
112 6.69 0.87555 64.272
113 6.75 0.869438 65.8286
114 6.81 0.895012 67.4596
115 6.87 0.933583 69.191
116 6.93 0.968147 71.018
117 6.99 0.959619 72.8604
118 7.05 1.00254 74.8184
119 7.11 1.02214 76.8488
120 7.17 1.05075 78.9714
121 7.23 1.05772 81.144
122 7.29 1.08731 83.4146
123 7.35 1.08848 85.7252
124 7.41 1.10837 88.1166
125 7.47 1.10532 90.5402
126 7.53 1.11175 93.0172
127 7.59 1.1097 95.5292
128 7.65 1.12324 98.1122
129 7.71 1.09503 100.67
130 7.77 1.10179 103.284
131 7.83 1.0941 105.92
132 7.89 1.07246 108.543
133 7.95 1.06889 111.198
134 8.01 1.05389 113.855
135 8.07 1.04492 116.529
136 8.13 1.02109 119.181
137 8.19 1.01233 121.849
138 8.25 1.01538 124.564
139 8.31 0.980131 127.224
140 8.37 0.978117 129.917
141 8.43 0.951137 132.573
142 8.49 0.942754 135.243
143 8.55 0.952963 137.98
144 8.61 0.945014 140.733
145 8.67 0.936584 143.499
146 8.73 0.94606 146.333
147 8.79 0.92502 149.141
148 8.85 0.942024 152.04
149 8.91 0.934508 154.955
150 8.97 0.928121 157.89
151 9.03 0.931496 160.874
152 9.09 0.957184 163.982
153 9.15 0.950447 167.109
154 9.21 0.948305 170.27
155 9.27 0.974983 173.562
156 9.33 0.982071 176.921
157 9.39 1.0001 180.386
158 9.45 0.999521 183.894
159 9.51 1.01655 187.506
160 9.57 1.01713 191.167
161 9.63 1.0259 194.905
162 9.69 1.04852 198.774
163 9.75 1.03849 202.653
164 9.81 1.03709 206.575
165 9.87 1.04234 210.565
166 9.93 1.04165 214.601
167 9.99 1.05106 218.722
168 10.05 1.05271 222.9
169 10.11 1.03826 227.07
170 10.17 1.04139 231.303
171 10.23 1.03836 235.573
172 10.29 1.0396 239.898
173 10.35 1.02791 244.225
174 10.41 1.03376 248.627
175 10.47 1.02013 253.021
176 10.53 0.998029 257.37
177 10.59 1.01335 261.835
178 10.65 0.999045 266.288
179 10.71 0.998355 270.788
180 10.77 0.98419 275.273
181 10.83 0.981995 279.799
182 10.89 0.977298 284.353
183 10.95 0.972475 288.935
184 11.01 0.982815 293.617
185 11.07 0.967912 298.277
186 11.13 0.967078 302.985
187 11.19 0.974295 307.779
188 11.25 0.962 312.563
189 11.31 0.966741 317.422
190 11.37 0.979912 322.4
191 11.43 0.97382 327.399
192 11.49 0.989738 332.533
193 11.55 0.982344 337.683
194 11.61 0.978862 342.867
195 11.67 0.990238 348.167
196 11.73 1.00451 353.598
197 11.79 0.995741 359.036
198 11.85 0.99373 364.52
199 11.91 1.01062 370.153
200 11.97 1.00946 375.836
115000 200
1 0.03 0 0
2 0.09 0 0
3 0.15 0 0
4 0.21 0 0
5 0.27 0 0
6 0.33 0 0
7 0.39 0 0
8 0.45 0 0
9 0.51 0 0
10 0.57 0 0
11 0.63 0 0
12 0.69 0 0
13 0.75 0 0
14 0.81 0 0
15 0.87 0 0
16 0.93 0 0
17 0.99 0 0
18 1.05 0 0
19 1.11 0 0
20 1.17 0 0
21 1.23 0 0
22 1.29 0 0
23 1.35 0 0
24 1.41 0 0
25 1.47 0 0
26 1.53 0 0
27 1.59 0 0
28 1.65 0 0
29 1.71 0 0
30 1.77 0 0
31 1.83 0 0
32 1.89 0 0
33 1.95 0 0
34 2.01 0 0
35 2.07 0 0
36 2.13 0 0
37 2.19 0 0
38 2.25 0 0
39 2.31 0.00381517 0.0008
40 2.37 0.0416812 0.01
41 2.43 0.276676 0.0742
42 2.49 0.707602 0.2466
43 2.55 1.4261 0.611
44 2.61 2.11889 1.1782
45 2.67 2.61587 1.911
46 2.73 2.91463 2.7646
47 2.79 2.86908 3.6422
48 2.85 2.73702 4.5158
49 2.91 2.44562 5.3296
50 2.97 2.20471 6.0938
51 3.03 1.9015 6.7798
52 3.09 1.72709 7.4278
53 3.15 1.43521 7.9874
54 3.21 1.27882 8.5052
55 3.27 1.12999 8.98
56 3.33 1.04328 9.4346
57 3.39 0.907914 9.8446
58 3.45 0.830855 10.2332
59 3.51 0.771709 10.6068
60 3.57 0.660926 10.9378
61 3.63 0.70415 11.3024
62 3.69 0.618265 11.6332
63 3.75 0.598278 11.9638
64 3.81 0.599919 12.306
65 3.87 0.560052 12.6356
66 3.93 0.575377 12.9848
67 3.99 0.579303 13.3472
68 4.05 0.609432 13.74
69 4.11 0.596288 14.1358
70 4.17 0.608815 14.5518
71 4.23 0.665625 15.0198
72 4.29 0.691938 15.5202
73 4.35 0.70526 16.0446
74 4.41 0.726503 16.5998
75 4.47 0.805456 17.2322
76 4.53 0.841804 17.911
77 4.59 0.92213 18.6744
78 4.65 0.959218 19.4894
79 4.71 1.0469 20.402
80 4.77 1.07822 21.366
81 4.83 1.0937 22.3686
82 4.89 1.12642 23.427
83 4.95 1.1969 24.5794
84 5.01 1.21647 25.7792
85 5.07 1.24329 27.035
86 5.13 1.27278 28.3512
87 5.19 1.29398 29.7208
88 5.25 1.29264 31.1208
89 5.31 1.27948 32.5384
90 5.37 1.3077 34.0202
91 5.43 1.24962 35.468
92 5.49 1.23832 36.9346
93 5.55 1.19154 38.3768
94 5.61 1.1602 39.8116
95 5.67 1.11899 41.2252
96 5.73 1.08468 42.6246
97 5.79 1.05943 44.0202
98 5.85 1.02398 45.3972
99 5.91 0.967735 46.7254
100 5.97 0.928817 48.0262
101 6.03 0.903426 49.317
102 6.09 0.906846 50.6386
103 6.15 0.862324 51.9202
104 6.21 0.860128 53.2236
105 6.27 0.835329 54.514
106 6.33 0.811185 55.7912
107 6.39 0.830178 57.1232
108 6.45 0.839028 58.4948
109 6.51 0.845131 59.9022
110 6.57 0.832596 61.3144
111 6.63 0.862174 62.8036
112 6.69 0.845527 64.2906
113 6.75 0.886082 65.877
114 6.81 0.896768 67.5112
115 6.87 0.923769 69.2244
116 6.93 0.952143 71.0212
117 6.99 0.979307 72.9014
118 7.05 0.979503 74.8144
119 7.11 1.02093 76.8424
120 7.17 1.0355 78.9342
121 7.23 1.04555 81.0818
122 7.29 1.08626 83.3502
123 7.35 1.09517 85.675
124 7.41 1.09521 88.038
125 7.47 1.10569 90.4624
126 7.53 1.12144 92.961
127 7.59 1.11129 95.4766
128 7.65 1.1081 98.0248
129 7.71 1.10788 100.613
130 7.77 1.11166 103.25
131 7.83 1.09767 105.894
132 7.89 1.07745 108.53
133 7.95 1.07638 111.203
134 8.01 1.05326 113.858
135 8.07 1.05719 116.564
136 8.13 1.03033 119.24
137 8.19 1.02386 121.938
138 8.25 0.997281 124.606
139 8.31 0.974308 127.249
140 8.37 0.97107 129.923
141 8.43 0.967896 132.625
142 8.49 0.959701 135.344
143 8.55 0.949134 138.07
144 8.61 0.936981 140.799
145 8.67 0.93198 143.552
146 8.73 0.939916 146.367
147 8.79 0.923966 149.172
148 8.85 0.928182 152.029
149 8.91 0.9322 154.937
150 8.97 0.927805 157.87
151 9.03 0.93755 160.874
152 9.09 0.939074 163.923
153 9.15 0.948988 167.045
154 9.21 0.973147 170.289
155 9.27 0.978596 173.593
156 9.33 0.984176 176.96
157 9.39 0.993863 180.403
158 9.45 0.981112 183.846
159 9.51 1.0179 187.463
160 9.57 1.02574 191.155
161 9.63 1.01602 194.857
162 9.69 1.03329 198.669
163 9.75 1.03405 202.532
164 9.81 1.03799 206.457
165 9.87 1.04406 210.454
166 9.93 1.06008 214.561
167 9.99 1.05325 218.692
168 10.05 1.04943 222.857
169 10.11 1.04617 227.058
170 10.17 1.05355 231.34
171 10.23 1.03636 235.602
172 10.29 1.03676 239.916
173 10.35 1.02663 244.237
174 10.41 1.02638 248.608
175 10.47 1.02102 253.006
176 10.53 1.01451 257.426
177 10.59 1.01435 261.896
178 10.65 0.999449 266.35
179 10.71 0.988105 270.804
180 10.77 0.986121 275.298
181 10.83 0.980085 279.815
182 10.89 0.990088 284.429
183 10.95 0.980031 289.047
184 11.01 0.975761 293.694
185 11.07 0.981245 298.419
186 11.13 0.96375 303.111
187 11.19 0.955068 307.81
188 11.25 0.962482 312.596
189 11.31 0.973943 317.492
190 11.37 0.974086 322.44
191 11.43 0.970236 327.421
192 11.49 0.966375 332.434
193 11.55 0.979253 337.567
194 11.61 0.978862 342.752
195 11.67 0.989976 348.05
196 11.73 0.990602 353.405
197 11.79 0.997608 358.854
198 11.85 0.996049 364.35
199 11.91 1.00976 369.979
200 11.97 0.999695 375.607
116000 200
1 0.03 0 0
2 0.09 0 0
3 0.15 0 0
4 0.21 0 0
5 0.27 0 0
6 0.33 0 0
7 0.39 0 0
8 0.45 0 0
9 0.51 0 0
10 0.57 0 0
11 0.63 0 0
12 0.69 0 0
13 0.75 0 0
14 0.81 0 0
15 0.87 0 0
16 0.93 0 0
17 0.99 0 0
18 1.05 0 0
19 1.11 0 0
20 1.17 0 0
21 1.23 0 0
22 1.29 0 0
23 1.35 0 0
24 1.41 0 0
25 1.47 0 0
26 1.53 0 0
27 1.59 0 0
28 1.65 0 0
29 1.71 0 0
30 1.77 0 0
31 1.83 0 0
32 1.89 0 0
33 1.95 0 0
34 2.01 0 0
35 2.07 0 0
36 2.13 0 0
37 2.19 0 0
38 2.25 0 0
39 2.31 0.00572275 0.0012
40 2.37 0.0516484 0.0126
41 2.43 0.261162 0.0732
42 2.49 0.750288 0.256
43 2.55 1.39949 0.6136
44 2.61 2.08452 1.1716
45 2.67 2.58089 1.8946
46 2.73 2.86478 2.7336
47 2.79 2.91028 3.6238
48 2.85 2.7389 4.498
49 2.91 2.47026 5.32
50 2.97 2.12162 6.0554
51 3.03 1.99131 6.7738
52 3.09 1.70204 7.4124
53 3.15 1.51472 8.003
54 3.21 1.29266 8.5264
55 3.27 1.15474 9.0116
56 3.33 1.02859 9.4598
57 3.39 0.909243 9.8704
58 3.45 0.83898 10.2628
59 3.51 0.752293 10.627
60 3.57 0.719631 10.9874
61 3.63 0.655482 11.3268
62 3.69 0.617144 11.657
63 3.75 0.586696 11.9812
64 3.81 0.591154 12.3184
65 3.87 0.580442 12.66
66 3.93 0.566809 13.004
67 3.99 0.566515 13.3584
68 4.05 0.563507 13.7216
69 4.11 0.567664 14.0984
70 4.17 0.618474 14.521
71 4.23 0.626655 14.9616
72 4.29 0.686131 15.4578
73 4.35 0.71037 15.986
74 4.41 0.76288 16.569
75 4.47 0.787371 17.1872
76 4.53 0.874543 17.8924
77 4.59 0.916091 18.6508
78 4.65 0.970988 19.4758
79 4.71 1.01914 20.3642
80 4.77 1.06972 21.3206
81 4.83 1.13232 22.3586
82 4.89 1.16579 23.454
83 4.95 1.19296 24.6026
84 5.01 1.2339 25.8196
85 5.07 1.25853 27.0908
86 5.13 1.26214 28.396
87 5.19 1.28623 29.7574
88 5.25 1.30963 31.1758
89 5.31 1.3015 32.6178
90 5.37 1.25475 34.0396
91 5.43 1.25169 35.4898
92 5.49 1.21958 36.9342
93 5.55 1.20707 38.3952
94 5.61 1.17524 39.8486
95 5.67 1.1152 41.2574
96 5.73 1.09212 42.6664
97 5.79 1.03483 44.0296
98 5.85 0.999883 45.3742
99 5.91 0.994257 46.7388
100 5.97 0.956093 48.0778
101 6.03 0.899926 49.3636
102 6.09 0.894358 50.667
103 6.15 0.863266 51.95
104 6.21 0.839538 53.2222
105 6.27 0.813967 54.4796
106 6.33 0.823126 55.7756
107 6.39 0.829554 57.1066
108 6.45 0.820799 58.4484
109 6.51 0.829879 59.8304
110 6.57 0.826464 61.2322
111 6.63 0.8455 62.6926
112 6.69 0.855535 64.1972
113 6.75 0.898035 65.805
114 6.81 0.901597 67.448
115 6.87 0.938975 69.1894
116 6.93 0.954051 70.9898
117 6.99 0.967015 72.8464
118 7.05 0.991997 74.7838
119 7.11 1.02778 76.8254
120 7.17 1.0261 78.8982
121 7.23 1.07194 81.1
122 7.29 1.06155 83.3168
123 7.35 1.08235 85.6144
124 7.41 1.10411 87.9966
125 7.47 1.12758 90.469
126 7.53 1.12835 92.983
127 7.59 1.12366 95.5266
128 7.65 1.11393 98.0882
129 7.71 1.12123 100.707
130 7.77 1.10146 103.32
131 7.83 1.08763 105.94
132 7.89 1.07189 108.562
133 7.95 1.08709 111.262
134 8.01 1.06484 113.947
135 8.07 1.03281 116.59
136 8.13 1.01801 119.234
137 8.19 1.01574 121.911
138 8.25 1.01583 124.628
139 8.31 0.994135 127.325
140 8.37 0.955377 129.955
141 8.43 0.948415 132.604
142 8.49 0.951792 135.3
143 8.55 0.964033 138.069
144 8.61 0.94371 140.818
145 8.67 0.938006 143.588
146 8.73 0.929498 146.372
147 8.79 0.937141 149.217
148 8.85 0.921943 152.055
149 8.91 0.934059 154.968
150 8.97 0.918 157.871
151 9.03 0.944666 160.898
152 9.09 0.945049 163.966
153 9.15 0.942484 167.067
154 9.21 0.960366 170.268
155 9.27 0.964795 173.525
156 9.33 0.983942 176.891
157 9.39 0.972389 180.26
158 9.45 0.996728 183.758
159 9.51 1.00625 187.334
160 9.57 1.01468 190.985
161 9.63 1.01541 194.685
162 9.69 1.04592 198.544
163 9.75 1.05081 202.47
164 9.81 1.0454 206.423
165 9.87 1.052 210.45
166 9.93 1.05409 214.534
167 9.99 1.05442 218.669
168 10.05 1.06112 222.88
169 10.11 1.0638 227.153
170 10.17 1.04144 231.386
171 10.23 1.04259 235.673
172 10.29 1.04157 240.007
173 10.35 1.03775 244.375
174 10.41 1.02267 248.73
175 10.47 1.01739 253.112
176 10.53 1.02052 257.558
177 10.59 1.00613 261.992
178 10.65 0.995994 266.431
179 10.71 0.991122 270.898
180 10.77 0.996433 275.44
181 10.83 0.990023 280.003
182 10.89 0.98159 284.577
183 10.95 0.965726 289.127
184 11.01 0.96602 293.728
185 11.07 0.952129 298.313
186 11.13 0.968228 303.026
187 11.19 0.963767 307.768
188 11.25 0.966665 312.576
189 11.31 0.965707 317.43
190 11.37 0.966684 322.34
191 11.43 0.975106 327.346
192 11.49 0.98037 332.432
193 11.55 0.981733 337.578
194 11.61 0.972858 342.731
195 11.67 0.999245 348.078
196 11.73 0.993894 353.452
197 11.79 1.00171 358.923
198 11.85 0.992352 364.399
199 11.91 0.994794 369.944
200 11.97 1.00367 375.594
117000 200
1 0.03 0 0
2 0.09 0 0
3 0.15 0 0
4 0.21 0 0
5 0.27 0 0
6 0.33 0 0
7 0.39 0 0
8 0.45 0 0
9 0.51 0 0
10 0.57 0 0
11 0.63 0 0
12 0.69 0 0
13 0.75 0 0
14 0.81 0 0
15 0.87 0 0
16 0.93 0 0
17 0.99 0 0
18 1.05 0 0
19 1.11 0 0
20 1.17 0 0
21 1.23 0 0
22 1.29 0 0
23 1.35 0 0
24 1.41 0 0
25 1.47 0 0
26 1.53 0 0
27 1.59 0 0
28 1.65 0 0
29 1.71 0 0
30 1.77 0 0
31 1.83 0 0
32 1.89 0 0
33 1.95 0 0
34 2.01 0 0
35 2.07 0 0
36 2.13 0 0
37 2.19 0 0
38 2.25 0 0
39 2.31 0.00476896 0.001
40 2.37 0.0733951 0.0172
41 2.43 0.268057 0.0794
42 2.49 0.71417 0.2534
43 2.55 1.43471 0.62
44 2.61 2.18538 1.205
45 2.67 2.56375 1.9232
46 2.73 2.84019 2.755
47 2.79 2.85862 3.6294
48 2.85 2.69943 4.491
49 2.91 2.50091 5.3232
50 2.97 2.15047 6.0686
51 3.03 1.9647 6.7774
52 3.09 1.6514 7.397
53 3.15 1.50651 7.9844
54 3.21 1.34205 8.5278
55 3.27 1.11381 8.9958
56 3.33 0.979022 9.4224
57 3.39 0.9119 9.8342
58 3.45 0.851381 10.2324
59 3.51 0.733289 10.5874
60 3.57 0.721628 10.9488
61 3.63 0.649301 11.285
62 3.69 0.660879 11.6386
63 3.75 0.59864 11.9694
64 3.81 0.601672 12.3126
65 3.87 0.573306 12.65
66 3.93 0.581309 13.0028
67 3.99 0.570352 13.3596
68 4.05 0.580884 13.734
69 4.11 0.594179 14.1284
70 4.17 0.603547 14.5408
71 4.23 0.640877 14.9914
72 4.29 0.691385 15.4914
73 4.35 0.722205 16.0284
74 4.41 0.738541 16.5928
75 4.47 0.807494 17.2268
76 4.53 0.852965 17.9146
77 4.59 0.890241 18.6516
78 4.65 0.981816 19.4858
79 4.71 1.0313 20.3848
80 4.77 1.09276 21.3618
81 4.83 1.09305 22.3638
82 4.89 1.13578 23.431
83 4.95 1.18839 24.5752
84 5.01 1.21424 25.7728
85 5.07 1.24408 27.0294
86 5.13 1.28226 28.3554
87 5.19 1.3055 29.7372
88 5.25 1.28507 31.129
89 5.31 1.2959 32.5648
90 5.37 1.27858 34.0136
91 5.43 1.26481 35.479
92 5.49 1.22988 36.9356
93 5.55 1.20608 38.3954
94 5.61 1.16538 39.8366
95 5.67 1.14448 41.2824
96 5.73 1.07522 42.6696
97 5.79 1.04592 44.0474
98 5.85 1.00092 45.3934
99 5.91 0.946023 46.6918
100 5.97 0.960948 48.0376
101 6.03 0.897687 49.3202
102 6.09 0.889829 50.617
103 6.15 0.850213 51.8806
104 6.21 0.843102 53.1582
105 6.27 0.834423 54.4472
106 6.33 0.830747 55.7552
107 6.39 0.830178 57.0872
108 6.45 0.810278 58.4118
109 6.51 0.83132 59.7962
110 6.57 0.837312 61.2164
111 6.63 0.865068 62.7106
112 6.69 0.871797 64.2438
113 6.75 0.894014 65.8444
114 6.81 0.923876 67.528
115 6.87 0.939406 69.2702
116 6.93 0.937624 71.0396
117 6.99 0.96764 72.8974
118 7.05 0.991177 74.8332
119 7.11 1.01157 76.8426
120 7.17 1.04283 78.9492
121 7.23 1.06668 81.1402
122 7.29 1.07573 83.3866
123 7.35 1.07576 85.6702
124 7.41 1.11477 88.0754
125 7.47 1.10952 90.5082
126 7.53 1.10376 92.9674
127 7.59 1.11438 95.49
128 7.65 1.1195 98.0644
129 7.71 1.10873 100.654
130 7.77 1.09732 103.257
131 7.83 1.09435 105.894
132 7.89 1.09216 108.565
133 7.95 1.07348 111.231
134 8.01 1.06079 113.906
135 8.07 1.03953 116.566
136 8.13 1.0321 119.247
137 8.19 0.995025 121.869
138 8.25 0.996234 124.534
139 8.31 0.983448 127.202
140 8.37 0.981168 129.903
141 8.43 0.965747 132.6
142 8.49 0.945014 135.277
143 8.55 0.959299 138.032
144 8.61 0.94371 140.781
145 8.67 0.932251 143.535
146 8.73 0.921217 146.294
147 8.79 0.930752 149.119
148 8.85 0.944038 152.025
149 8.91 0.92393 154.907
150 8.97 0.934953 157.863
151 9.03 0.940859 160.878
152 9.09 0.941969 163.936
153 9.15 0.95525 167.079
154 9.21 0.969066 170.309
155 9.27 0.966276 173.571
156 9.33 0.991777 176.964
157 9.39 0.992478 180.402
158 9.45 1.00608 183.933
159 9.51 0.997585 187.478
160 9.57 1.01674 191.137
161 9.63 1.02096 194.857
162 9.69 1.02841 198.652
163 9.75 1.03394 202.514
164 9.81 1.04043 206.448
165 9.87 1.04835 210.461
166 9.93 1.05187 214.537
167 9.99 1.05784 218.685
168 10.05 1.04636 222.838
169 10.11 1.04891 227.051
170 10.17 1.05734 231.348
171 10.23 1.04507 235.646
172 10.29 1.03825 239.966
173 10.35 1.02259 244.27
174 10.41 1.04433 248.717
175 10.47 1.01275 253.079
176 10.53 1.02084 257.527
177 10.59 1.00005 261.934
178 10.65 0.996353 266.375
179 10.71 0.984688 270.813
180 10.77 0.990948 275.33
181 10.83 0.973229 279.815
182 10.89 0.982105 284.392
183 10.95 0.980498 289.011
184 11.01 0.958924 293.579
185 11.07 0.95703 298.187
186 11.13 0.985198 302.983
187 11.19 0.966165 307.737
188 11.25 0.970646 312.564
189 11.31 0.959141 317.385
190 11.37 0.980267 322.364
191 11.43 0.984768 327.42
192 11.49 0.972467 332.465
193 11.55 0.984061 337.623
194 11.61 0.987963 342.856
195 11.67 0.989154 348.149
196 11.73 0.993487 353.521
197 11.79 0.999219 358.978
198 11.85 0.994165 364.464
199 11.91 1.00775 370.081
200 11.97 1.00247 375.725
118000 200
1 0.03 0 0
2 0.09 0 0
3 0.15 0 0
4 0.21 0 0
5 0.27 0 0
6 0.33 0 0
7 0.39 0 0
8 0.45 0 0
9 0.51 0 0
10 0.57 0 0
11 0.63 0 0
12 0.69 0 0
13 0.75 0 0
14 0.81 0 0
15 0.87 0 0
16 0.93 0 0
17 0.99 0 0
18 1.05 0 0
19 1.11 0 0
20 1.17 0 0
21 1.23 0 0
22 1.29 0 0
23 1.35 0 0
24 1.41 0 0
25 1.47 0 0
26 1.53 0 0
27 1.59 0 0
28 1.65 0 0
29 1.71 0 0
30 1.77 0 0
31 1.83 0 0
32 1.89 0 0
33 1.95 0 0
34 2.01 0 0
35 2.07 0 0
36 2.13 0 0
37 2.19 0 0
38 2.25 0 0
39 2.31 0.00476896 0.001
40 2.37 0.0525545 0.0126
41 2.43 0.258576 0.0726
42 2.49 0.739617 0.2528
43 2.55 1.38775 0.6074
44 2.61 2.12711 1.1768
45 2.67 2.58517 1.901
46 2.73 2.93512 2.7606
47 2.79 2.85339 3.6334
48 2.85 2.74266 4.5088
49 2.91 2.43299 5.3184
50 2.97 2.1672 6.0696
51 3.03 1.95084 6.7734
52 3.09 1.71643 7.4174
53 3.15 1.49112 7.9988
54 3.21 1.27981 8.517
55 3.27 1.10334 8.9806
56 3.33 1.01161 9.4214
57 3.39 0.9119 9.8332
58 3.45 0.851808 10.2316
59 3.51 0.760555 10.5998
60 3.57 0.717235 10.959
61 3.63 0.692949 11.3178
62 3.69 0.639198 11.6598
63 3.75 0.589591 11.9856
64 3.81 0.567662 12.3094
65 3.87 0.573985 12.6472
66 3.93 0.571093 12.9938
67 3.99 0.570352 13.3506
68 4.05 0.569403 13.7176
69 4.11 0.599603 14.1156
70 4.17 0.631353 14.547
71 4.23 0.659367 15.0106
72 4.29 0.681982 15.5038
73 4.35 0.710639 16.0322
74 4.41 0.772825 16.6228
75 4.47 0.796541 17.2482
76 4.53 0.84726 17.9314
77 4.59 0.897247 18.6742
78 4.65 0.97852 19.5056
79 4.71 1.03267 20.4058
80 4.77 1.06457 21.3576
81 4.83 1.10788 22.3732
82 4.89 1.1626 23.4656
83 4.95 1.17489 24.5968
84 5.01 1.21565 25.7958
85 5.07 1.25853 27.067
86 5.13 1.25518 28.365
87 5.19 1.26733 29.7064
88 5.25 1.29171 31.1054
89 5.31 1.30926 32.556
90 5.37 1.26358 33.9878
91 5.43 1.24185 35.4266
92 5.49 1.22904 36.8822
93 5.55 1.20079 38.3356
94 5.61 1.18931 39.8064
95 5.67 1.103 41.1998
96 5.73 1.08979 42.6058
97 5.79 1.05184 43.9914
98 5.85 1.01818 45.3606
99 5.91 0.98289 46.7096
100 5.97 0.935386 48.0196
101 6.03 0.900766 49.3066
102 6.09 0.889418 50.6028
103 6.15 0.88722 51.9214
104 6.21 0.862635 53.2286
105 6.27 0.855526 54.5502
106 6.33 0.805342 55.8182
107 6.39 0.823945 57.1402
108 6.45 0.819943 58.4806
109 6.51 0.820631 59.8472
110 6.57 0.836959 61.2668
111 6.63 0.866805 62.764
112 6.69 0.856331 64.27
113 6.75 0.890662 65.8646
114 6.81 0.913669 67.5296
115 6.87 0.920426 69.2366
116 6.93 0.945784 71.0214
117 6.99 0.976078 72.8954
118 7.05 1.00173 74.8518
119 7.11 1.02335 76.8846
120 7.17 1.05897 79.0238
121 7.23 1.05091 81.1824
122 7.29 1.06749 83.4116
123 7.35 1.11476 85.778
124 7.41 1.08538 88.1198
125 7.47 1.11463 90.5638
126 7.53 1.10798 93.0324
127 7.59 1.10228 95.5276
128 7.65 1.10132 98.0602
129 7.71 1.08947 100.605
130 7.77 1.09378 103.2
131 7.83 1.08945 105.824
132 7.89 1.07924 108.464
133 7.95 1.06946 111.12
134 8.01 1.0535 113.776
135 8.07 1.04016 116.438
136 8.13 1.01993 119.087
137 8.19 1.02029 121.776
138 8.25 0.997954 124.445
139 8.31 0.994946 127.145
140 8.37 0.998823 129.895
141 8.43 0.956007 132.564
142 8.49 0.947061 135.247
143 8.55 0.965147 138.019
144 8.61 0.967946 140.839
145 8.67 0.933537 143.596
146 8.73 0.937913 146.405
147 8.79 0.929368 149.227
148 8.85 0.916354 152.047
149 8.91 0.929507 154.946
150 8.97 0.946023 157.937
151 9.03 0.956089 161.001
152 9.09 0.945788 164.072
153 9.15 0.944794 167.18
154 9.21 0.955805 170.366
155 9.27 0.973739 173.654
156 9.33 0.979908 177.005
157 9.39 0.986705 180.424
158 9.45 1.00197 183.94
159 9.51 1.00783 187.522
160 9.57 1.01224 191.164
161 9.63 1.02963 194.916
162 9.69 1.0354 198.737
163 9.75 1.02789 202.576
164 9.81 1.03773 206.5
165 9.87 1.04156 210.487
166 9.93 1.05936 214.592
167 9.99 1.0534 218.723
168 10.05 1.04505 222.871
169 10.11 1.05688 227.115
170 10.17 1.03475 231.321
171 10.23 1.03811 235.59
172 10.29 1.02753 239.865
173 10.35 1.03305 244.213
174 10.41 1.01234 248.524
175 10.47 1.00658 252.86
176 10.53 1.01276 257.273
177 10.59 1.01167 261.731
178 10.65 0.992942 266.156
179 10.71 0.997334 270.651
180 10.77 0.992747 275.176
181 10.83 0.986768 279.724
182 10.89 0.979444 284.288
183 10.95 0.981942 288.915
184 11.01 0.98651 293.614
185 11.07 0.965503 298.263
186 11.13 0.976323 303.015
187 11.19 0.980677 307.84
188 11.25 0.971973 312.674
189 11.31 0.969208 317.546
190 11.37 0.978259 322.515
191 11.43 0.988391 327.589
192 11.49 0.975165 332.648
193 11.55 0.97746 337.772
194 11.61 0.973991 342.931
195 11.67 0.988556 348.221
196 11.73 0.996669 353.609
197 11.79 0.994606 359.042
198 11.85 1.00395 364.582
199 11.91 0.997988 370.144
200 11.97 1.01696 375.87
119000 200
1 0.03 0 0
2 0.09 0 0
3 0.15 0 0
4 0.21 0 0
5 0.27 0 0
6 0.33 0 0
7 0.39 0 0
8 0.45 0 0
9 0.51 0 0
10 0.57 0 0
11 0.63 0 0
12 0.69 0 0
13 0.75 0 0
14 0.81 0 0
15 0.87 0 0
16 0.93 0 0
17 0.99 0 0
18 1.05 0 0
19 1.11 0 0
20 1.17 0 0
21 1.23 0 0
22 1.29 0 0
23 1.35 0 0
24 1.41 0 0
25 1.47 0 0
26 1.53 0 0
27 1.59 0 0
28 1.65 0 0
29 1.71 0 0
30 1.77 0 0
31 1.83 0 0
32 1.89 0 0
33 1.95 0 0
34 2.01 0 0
35 2.07 0 0
36 2.13 0 0
37 2.19 0 0
38 2.25 0 0
39 2.31 0.00381517 0.0008
40 2.37 0.0480239 0.0114
41 2.43 0.269781 0.074
42 2.49 0.699394 0.2444
43 2.55 1.37757 0.5964
44 2.61 2.08302 1.154
45 2.67 2.62729 1.89
46 2.73 2.81902 2.7156
47 2.79 2.90897 3.6054
48 2.85 2.74078 4.4802
49 2.91 2.45944 5.2986
50 2.97 2.18221 6.055
51 3.03 1.94142 6.7554
52 3.09 1.7255 7.4028
53 3.15 1.51164 7.9922
54 3.21 1.35786 8.542
55 3.27 1.11904 9.0122
56 3.33 1.0263 9.4594
57 3.39 0.903043 9.8672
58 3.45 0.86763 10.273
59 3.51 0.760142 10.641
60 3.57 0.693274 10.9882
61 3.63 0.666683 11.3334
62 3.69 0.605182 11.6572
63 3.75 0.61746 11.9984
64 3.81 0.598867 12.34
65 3.87 0.569907 12.6754
66 3.93 0.545059 13.0062
67 3.99 0.579303 13.3686
68 4.05 0.584298 13.7452
69 4.11 0.595083 14.1402
70 4.17 0.621694 14.565
71 4.23 0.636326 15.0124
72 4.29 0.667048 15.4948
73 4.35 0.706605 16.0202
74 4.41 0.763927 16.604
75 4.47 0.80724 17.2378
76 4.53 0.872063 17.941
77 4.59 0.891449 18.679
78 4.65 0.945566 19.4824
79 4.71 1.02923 20.3796
80 4.77 1.0516 21.3198
81 4.83 1.12272 22.349
82 4.89 1.15174 23.4312
83 4.95 1.16948 24.5572
84 5.01 1.23877 25.779
85 5.07 1.21933 27.0106
86 5.13 1.26911 28.323
87 5.19 1.29738 29.6962
88 5.25 1.27749 31.0798
89 5.31 1.28345 32.5018
90 5.37 1.27981 33.952
91 5.43 1.27154 35.4252
92 5.49 1.23765 36.891
93 5.55 1.20525 38.3498
94 5.61 1.17589 39.804
95 5.67 1.14496 41.2504
96 5.73 1.09832 42.6674
97 5.79 1.04789 44.0478
98 5.85 1.00152 45.3946
99 5.91 0.990905 46.7546
100 5.97 0.961091 48.1006
101 6.03 0.919104 49.4138
102 6.09 0.877066 50.692
103 6.15 0.861651 51.9726
104 6.21 0.845214 53.2534
105 6.27 0.837401 54.547
106 6.33 0.829477 55.853
107 6.39 0.824444 57.1758
108 6.45 0.817007 58.5114
109 6.51 0.817869 59.8734
110 6.57 0.844741 61.3062
111 6.63 0.830331 62.7404
112 6.69 0.86884 64.2684
113 6.75 0.889657 65.8612
114 6.81 0.903133 67.507
115 6.87 0.925171 69.2228
116 6.93 0.947798 71.0114
117 6.99 0.967952 72.8698
118 7.05 1.00162 74.826
119 7.11 1.01006 76.8324
120 7.17 1.04253 78.9384
121 7.23 1.05607 81.1076
122 7.29 1.07592 83.3544
123 7.35 1.08546 85.6586
124 7.41 1.09576 88.0228
125 7.47 1.11818 90.4746
126 7.53 1.11345 92.9554
127 7.59 1.10237 95.4508
128 7.65 1.11741 98.0204
129 7.71 1.10616 100.604
130 7.77 1.09808 103.209
131 7.83 1.0858 105.825
132 7.89 1.08726 108.485
133 7.95 1.07719 111.16
134 8.01 1.05762 113.826
135 8.07 1.04203 116.493
136 8.13 1.02678 119.16
137 8.19 1.01483 121.834
138 8.25 1.00065 124.511
139 8.31 1.00261 127.231
140 8.37 0.981604 129.933
141 8.43 0.976777 132.661
142 8.49 0.97114 135.412
143 8.55 0.942728 138.12
144 8.61 0.931351 140.833
145 8.67 0.932386 143.587
146 8.73 0.936176 146.39
147 8.79 0.938788 149.24
148 8.85 0.930391 152.104
149 8.91 0.918031 154.968
150 8.97 0.932169 157.915
151 9.03 0.942981 160.936
152 9.09 0.935009 163.972
153 9.15 0.952332 167.105
154 9.21 0.972487 170.346
155 9.27 0.953482 173.566
156 9.33 0.975639 176.903
157 9.39 0.99877 180.364
158 9.45 0.997868 183.865
159 9.51 1.00614 187.441
160 9.57 1.01724 191.102
161 9.63 1.0209 194.822
162 9.69 1.05199 198.703
163 9.75 1.03967 202.587
164 9.81 1.03868 206.515
165 9.87 1.04762 210.525
166 9.93 1.05621 214.617
167 9.99 1.03367 218.671
168 10.05 1.04202 222.806
169 10.11 1.04602 227.008
170 10.17 1.04292 231.246
171 10.23 1.0423 235.532
172 10.29 1.0309 239.822
173 10.35 1.02364 244.13
174 10.41 1.03615 248.543
175 10.47 1.02376 252.952
176 10.53 1.00813 257.345
177 10.59 1.005 261.774
178 10.65 1.01125 266.281
179 10.71 0.991521 270.75
180 10.77 0.995468 275.287
181 10.83 0.989415 279.847
182 10.89 0.983865 284.432
183 10.95 0.986781 289.081
184 11.01 0.970471 293.703
185 11.07 0.981951 298.432
186 11.13 0.959436 303.102
187 11.19 0.966491 307.857
188 11.25 0.961879 312.641
189 11.31 0.973267 317.533
190 11.37 0.977865 322.5
191 11.43 0.974483 327.503
192 11.49 0.977748 332.575
193 11.55 0.972195 337.671
194 11.61 0.984942 342.888
195 11.67 0.973009 348.095
196 11.73 0.989751 353.446
197 11.79 0.991457 358.862
198 11.85 1.01167 364.444
199 11.91 1.02149 370.138
200 11.97 1.01408 375.847
120000 200
1 0.03 0 0
2 0.09 0 0
3 0.15 0 0
4 0.21 0 0
5 0.27 0 0
6 0.33 0 0
7 0.39 0 0
8 0.45 0 0
9 0.51 0 0
10 0.57 0 0
11 0.63 0 0
12 0.69 0 0
13 0.75 0 0
14 0.81 0 0
15 0.87 0 0
16 0.93 0 0
17 0.99 0 0
18 1.05 0 0
19 1.11 0 0
20 1.17 0 0
21 1.23 0 0
22 1.29 0 0
23 1.35 0 0
24 1.41 0 0
25 1.47 0 0
26 1.53 0 0
27 1.59 0 0
28 1.65 0 0
29 1.71 0 0
30 1.77 0 0
31 1.83 0 0
32 1.89 0 0
33 1.95 0 0
34 2.01 0 0
35 2.07 0 0
36 2.13 0 0
37 2.19 0 0
38 2.25 0 0
39 2.31 0.00476896 0.001
40 2.37 0.0588973 0.014
41 2.43 0.240476 0.0698
42 2.49 0.692006 0.2384
43 2.55 1.35644 0.585
44 2.61 2.14429 1.159
45 2.67 2.64586 1.9002
46 2.73 2.87912 2.7434
47 2.79 2.91681 3.6356
48 2.85 2.69066 4.4944
49 2.91 2.47266 5.3172
50 2.97 2.18855 6.0758
51 3.03 1.95029 6.7794
52 3.09 1.7207 7.425
53 3.15 1.48343 8.0034
54 3.21 1.30056 8.53
55 3.27 1.18092 9.0262
56 3.33 1.00289 9.4632
57 3.39 0.871598 9.8568
58 3.45 0.847105 10.253
59 3.51 0.766339 10.624
60 3.57 0.730414 10.9898
61 3.63 0.669001 11.3362
62 3.69 0.619387 11.6676
63 3.75 0.585248 11.991
64 3.81 0.553987 12.307
65 3.87 0.574325 12.645
66 3.93 0.561207 12.9856
67 3.99 0.567794 13.3408
68 4.05 0.585849 13.7184
69 4.11 0.616476 14.1276
70 4.17 0.615547 14.5482
71 4.23 0.643153 15.0004
72 4.29 0.664836 15.4812
73 4.35 0.724895 16.0202
74 4.41 0.746131 16.5904
75 4.47 0.819721 17.234
76 4.53 0.851973 17.921
77 4.59 0.917057 18.6802
78 4.65 0.941799 19.4804
79 4.71 1.00927 20.3602
80 4.77 1.07934 21.3252
81 4.83 1.11465 22.347
82 4.89 1.15728 23.4344
83 4.95 1.20085 24.5906
84 5.01 1.19842 25.7726
85 5.07 1.25477 27.04
86 5.13 1.25441 28.3372
87 5.19 1.29039 29.703
88 5.25 1.27823 31.0874
89 5.31 1.2876 32.514
90 5.37 1.28423 33.9692
91 5.43 1.28379 35.4566
92 5.49 1.2184 36.8996
93 5.55 1.18774 38.3372
94 5.61 1.20096 39.8224
95 5.67 1.12992 41.2498
96 5.73 1.09708 42.6652
97 5.79 1.06702 44.0708
98 5.85 1.0274 45.4524
99 5.91 0.98187 46.8
100 5.97 0.939099 48.1152
101 6.03 0.928622 49.442
102 6.09 0.871577 50.7122
103 6.15 0.860844 51.9916
104 6.21 0.830828 53.2506
105 6.27 0.822253 54.5208
106 6.33 0.814996 55.804
107 6.39 0.833793 57.1418
108 6.45 0.819943 58.4822
109 6.51 0.814386 59.8384
110 6.57 0.844623 61.271
111 6.63 0.849553 62.7384
112 6.69 0.864746 64.2592
113 6.75 0.884854 65.8434
114 6.81 0.918718 67.5176
115 6.87 0.936926 69.2552
116 6.93 0.946102 71.0406
117 6.99 0.973577 72.9098
118 7.05 0.9964 74.8558
119 7.11 1.01882 76.8796
120 7.17 1.03827 78.977
121 7.23 1.05334 81.1406
122 7.29 1.06069 83.3556
123 7.35 1.07679 85.6414
124 7.41 1.09632 88.0068
125 7.47 1.11298 90.4472
126 7.53 1.11148 92.9236
127 7.59 1.11933 95.4574
128 7.65 1.10993 98.0098
129 7.71 1.09255 100.562
130 7.77 1.11402 103.205
131 7.83 1.08705 105.823
132 7.89 1.08546 108.479
133 7.95 1.0825 111.167
134 8.01 1.05857 113.836
135 8.07 1.0568 116.54
136 8.13 1.03618 119.231
137 8.19 1.02098 121.922
138 8.25 0.996309 124.587
139 8.31 1.00217 127.306
140 8.37 0.988288 130.027
141 8.43 0.962596 132.715
142 8.49 0.947768 135.399
143 8.55 0.951849 138.134
144 8.61 0.942543 140.879
145 8.67 0.9441 143.668
146 8.73 0.918879 146.42
147 8.79 0.93365 149.254
148 8.85 0.928182 152.111
149 8.91 0.944189 155.056
150 8.97 0.932802 158.005
151 9.03 0.930185 160.986
152 9.09 0.93932 164.036
153 9.15 0.951724 167.167
154 9.21 0.942124 170.307
155 9.27 0.959583 173.547
156 9.33 0.976809 176.888
157 9.39 0.983184 180.295
158 9.45 1.00391 183.817
159 9.51 1.01565 187.427
160 9.57 1.01729 191.088
161 9.63 1.02902 194.838
162 9.69 1.03513 198.657
163 9.75 1.03624 202.528
164 9.81 1.03022 206.423
165 9.87 1.04971 210.442
166 9.93 1.03964 214.47
167 9.99 1.04892 218.583
168 10.05 1.04973 222.749
169 10.11 1.06171 227.014
170 10.17 1.04976 231.28
171 10.23 1.04244 235.567
172 10.29 1.04138 239.9
173 10.35 1.03675 244.264
174 10.41 1.02916 248.646
175 10.47 1.01298 253.009
176 10.53 1.01533 257.433
177 10.59 1.01235 261.894
178 10.65 1.00528 266.375
179 10.71 1.00568 270.908
180 10.77 0.987043 275.406
181 10.83 0.980649 279.926
182 10.89 0.993693 284.557
183 10.95 0.975319 289.152
184 11.01 0.968749 293.766
185 11.07 0.973478 298.454
186 11.13 0.966585 303.159
187 11.19 0.963117 307.898
188 11.25 0.970405 312.724
189 11.31 0.971994 317.609
190 11.37 0.965069 322.512
191 11.43 0.969184 327.487
192 11.49 0.971117 332.525
193 11.55 0.977613 337.649
194 11.61 0.982978 342.856
195 11.67 0.995208 348.182
196 11.73 0.988863 353.528
197 11.79 0.988381 358.927
198 11.85 0.998732 364.437
199 11.91 1.00488 370.038
200 11.97 1.00449 375.694
121000 200
1 0.03 0 0
2 0.09 0 0
3 0.15 0 0
4 0.21 0 0
5 0.27 0 0
6 0.33 0 0
7 0.39 0 0
8 0.45 0 0
9 0.51 0 0
10 0.57 0 0
11 0.63 0 0
12 0.69 0 0
13 0.75 0 0
14 0.81 0 0
15 0.87 0 0
16 0.93 0 0
17 0.99 0 0
18 1.05 0 0
19 1.11 0 0
20 1.17 0 0
21 1.23 0 0
22 1.29 0 0
23 1.35 0 0
24 1.41 0 0
25 1.47 0 0
26 1.53 0 0
27 1.59 0 0
28 1.65 0 0
29 1.71 0 0
30 1.77 0 0
31 1.83 0 0
32 1.89 0 0
33 1.95 0 0
34 2.01 0 0
35 2.07 0 0
36 2.13 0 0
37 2.19 0 0
38 2.25 0 0
39 2.31 0.00667654 0.0014
40 2.37 0.0552728 0.0136
41 2.43 0.239614 0.0692
42 2.49 0.722378 0.2452
43 2.55 1.38618 0.5994
44 2.61 2.1144 1.1654
45 2.67 2.60088 1.894
46 2.73 2.84156 2.7262
47 2.79 2.86451 3.6024
48 2.85 2.72825 4.4732
49 2.91 2.4973 5.3042
50 2.97 2.23125 6.0776
51 3.03 1.97246 6.7892
52 3.09 1.71963 7.4344
53 3.15 1.49881 8.0188
54 3.21 1.29167 8.5418
55 3.27 1.14094 9.0212
56 3.33 1.01574 9.4638
57 3.39 0.897728 9.8692
58 3.45 0.857367 10.2702
59 3.51 0.75849 10.6374
60 3.57 0.717634 10.9968
61 3.63 0.660889 11.339
62 3.69 0.611537 11.6662
63 3.75 0.601535 11.9986
64 3.81 0.568012 12.3226
65 3.87 0.567868 12.6568
66 3.93 0.568786 13.002
67 3.99 0.556285 13.35
68 4.05 0.568162 13.7162
69 4.11 0.583935 14.1038
70 4.17 0.626377 14.5318
71 4.23 0.628646 14.9738
72 4.29 0.697746 15.4784
73 4.35 0.721936 16.0152
74 4.41 0.760525 16.5964
75 4.47 0.798069 17.223
76 4.53 0.842548 17.9024
77 4.59 0.902804 18.6498
78 4.65 0.958041 19.4638
79 4.71 1.00606 20.3408
80 4.77 1.07419 21.3012
81 4.83 1.11901 22.327
82 4.89 1.15174 23.4092
83 4.95 1.19441 24.5592
84 5.01 1.20734 25.75
85 5.07 1.24863 27.0112
86 5.13 1.28361 28.3386
87 5.19 1.29227 29.7064
88 5.25 1.27029 31.0822
89 5.31 1.3237 32.5488
90 5.37 1.25281 33.9684
91 5.43 1.26204 35.4306
92 5.49 1.24643 36.9068
93 5.55 1.22442 38.3888
94 5.61 1.20225 39.8756
95 5.67 1.14448 41.3214
96 5.73 1.09258 42.731
97 5.79 1.04668 44.1098
98 5.85 1.00672 45.4636
99 5.91 0.971233 46.7966
100 5.97 0.9361 48.1076
101 6.03 0.907765 49.4046
102 6.09 0.88434 50.6934
103 6.15 0.878203 51.9986
104 6.21 0.837823 53.2682
105 6.27 0.823936 54.541
106 6.33 0.818299 55.8294
107 6.39 0.822574 57.1492
108 6.45 0.82447 58.497
109 6.51 0.80706 59.841
110 6.57 0.83519 61.2576
111 6.63 0.84411 62.7156
112 6.69 0.869864 64.2454
113 6.75 0.87681 65.8152
114 6.81 0.88261 67.4236
115 6.87 0.938436 69.164
116 6.93 0.935186 70.9288
117 6.99 0.977536 72.8056
118 7.05 0.996912 74.7526
119 7.11 1.01207 76.763
120 7.17 1.05699 78.8982
121 7.23 1.0699 81.0958
122 7.29 1.08166 83.3546
123 7.35 1.093 85.6748
124 7.41 1.09938 88.0468
125 7.47 1.10696 90.474
126 7.53 1.10079 92.9266
127 7.59 1.11845 95.4584
128 7.65 1.11967 98.0332
129 7.71 1.10702 100.619
130 7.77 1.10365 103.237
131 7.83 1.09029 105.864
132 7.89 1.08562 108.519
133 7.95 1.06897 111.174
134 8.01 1.05984 113.846
135 8.07 1.05586 116.548
136 8.13 1.02979 119.223
137 8.19 1.01081 121.887
138 8.25 0.983895 124.518
139 8.31 1.02185 127.291
140 8.37 0.98422 130.001
141 8.43 0.959301 132.679
142 8.49 0.972482 135.434
143 8.55 0.94788 138.157
144 8.61 0.937531 140.888
145 8.67 0.929136 143.632
146 8.73 0.929698 146.416
147 8.79 0.93813 149.264
148 8.85 0.923308 152.106
149 8.91 0.9188 154.972
150 8.97 0.936155 157.932
151 9.03 0.928999 160.909
152 9.09 0.934085 163.941
153 9.15 0.945827 167.053
154 9.21 0.965406 170.271
155 9.27 0.966868 173.536
156 9.33 0.972716 176.863
157 9.39 0.993055 180.303
158 9.45 0.990345 183.779
159 9.51 0.999274 187.33
160 9.57 1.02524 191.019
161 9.63 1.02458 194.753
162 9.69 1.03659 198.578
163 9.75 1.03303 202.436
164 9.81 1.04682 206.395
165 9.87 1.05592 210.437
166 9.93 1.0495 214.503
167 9.99 1.04718 218.61
168 10.05 1.04308 222.75
169 10.11 1.05006 226.967
170 10.17 1.05094 231.238
171 10.23 1.05587 235.58
172 10.29 1.04719 239.937
173 10.35 1.05329 244.371
174 10.41 1.02197 248.723
175 10.47 1.01396 253.09
176 10.53 1.01019 257.492
177 10.59 1.001 261.903
178 10.65 1.01471 266.425
179 10.71 0.991832 270.896
180 10.77 0.991606 275.415
181 10.83 0.994883 280.001
182 10.89 0.982234 284.578
183 10.95 0.974768 289.17
184 11.01 0.969925 293.79
185 11.07 0.982241 298.52
186 11.13 0.963668 303.211
187 11.19 0.9658 307.963
188 11.25 0.961799 312.746
189 11.31 0.970004 317.622
190 11.37 0.972865 322.564
191 11.43 0.958938 327.487
192 11.49 0.96892 332.513
193 11.55 0.969791 337.597
194 11.61 0.974256 342.757
195 11.67 0.978988 347.996
196 11.73 0.983425 353.313
197 11.79 0.987502 358.707
198 11.85 0.997028 364.208
199 11.91 1.00219 369.794
200 11.97 1.01209 375.492
122000 200
1 0.03 0 0
2 0.09 0 0
3 0.15 0 0
4 0.21 0 0
5 0.27 0 0
6 0.33 0 0
7 0.39 0 0
8 0.45 0 0
9 0.51 0 0
10 0.57 0 0
11 0.63 0 0
12 0.69 0 0
13 0.75 0 0
14 0.81 0 0
15 0.87 0 0
16 0.93 0 0
17 0.99 0 0
18 1.05 0 0
19 1.11 0 0
20 1.17 0 0
21 1.23 0 0
22 1.29 0 0
23 1.35 0 0
24 1.41 0 0
25 1.47 0 0
26 1.53 0 0
27 1.59 0 0
28 1.65 0 0
29 1.71 0 0
30 1.77 0 0
31 1.83 0 0
32 1.89 0 0
33 1.95 0 0
34 2.01 0 0
35 2.07 0 0
36 2.13 0 0
37 2.19 0 0
38 2.25 0 0
39 2.31 0.00286137 0.0006
40 2.37 0.0525545 0.0122
41 2.43 0.253405 0.071
42 2.49 0.733871 0.2498
43 2.55 1.38148 0.6028
44 2.61 2.13383 1.174
45 2.67 2.68441 1.926
46 2.73 2.84975 2.7606
47 2.79 2.95343 3.664
48 2.85 2.70256 4.5266
49 2.91 2.45703 5.3442
50 2.97 2.11816 6.0784
51 3.03 1.92589 6.7732
52 3.09 1.77134 7.4378
53 3.15 1.46291 8.0082
54 3.21 1.25215 8.5152
55 3.27 1.15141 8.999
56 3.33 1.02079 9.4438
57 3.39 0.92253 9.8604
58 3.45 0.829145 10.2482
59 3.51 0.755185 10.6138
60 3.57 0.714439 10.9716
61 3.63 0.651233 11.3088
62 3.69 0.616023 11.6384
63 3.75 0.595382 11.9674
64 3.81 0.588349 12.303
65 3.87 0.549857 12.6266
66 3.93 0.569445 12.9722
67 3.99 0.570352 13.329
68 4.05 0.568783 13.6956
69 4.11 0.59207 14.0886
70 4.17 0.618182 14.511
71 4.23 0.672736 14.984
72 4.29 0.673133 15.4708
73 4.35 0.737806 16.0194
74 4.41 0.763666 16.603
75 4.47 0.791956 17.2248
76 4.53 0.880496 17.9348
77 4.59 0.91899 18.6956
78 4.65 0.955452 19.5074
79 4.71 1.03382 20.4086
80 4.77 1.05294 21.35
81 4.83 1.12556 22.3818
82 4.89 1.12918 23.4428
83 4.95 1.194 24.5924
84 5.01 1.21667 25.7924
85 5.07 1.22863 27.0334
86 5.13 1.3016 28.3794
87 5.19 1.28679 29.7414
88 5.25 1.30039 31.1498
89 5.31 1.29301 32.5824
90 5.37 1.25281 34.002
91 5.43 1.26481 35.4674
92 5.49 1.23697 36.9324
93 5.55 1.21847 38.4072
94 5.61 1.17524 39.8606
95 5.67 1.14828 41.3112
96 5.73 1.08654 42.713
97 5.79 1.02648 44.0652
98 5.85 1.00985 45.4232
99 5.91 0.971524 46.7566
100 5.97 0.936528 48.0682
101 6.03 0.903006 49.3584
102 6.09 0.884203 50.647
103 6.15 0.864208 51.9314
104 6.21 0.836767 53.1994
105 6.27 0.805422 54.4436
106 6.33 0.822745 55.739
107 6.39 0.834915 57.0786
108 6.45 0.806485 58.397
109 6.51 0.829879 59.779
110 6.57 0.833539 61.1928
111 6.63 0.842489 62.648
112 6.69 0.873048 64.1834
113 6.75 0.885635 65.769
114 6.81 0.906865 67.4216
115 6.87 0.943181 69.1708
116 6.93 0.95988 70.9822
117 6.99 0.984515 72.8724
118 7.05 1.01145 74.8478
119 7.11 1.01228 76.8586
120 7.17 1.06095 79.0018
121 7.23 1.05539 81.1696
122 7.29 1.07879 83.4224
123 7.35 1.10054 85.7586
124 7.41 1.12914 88.1948
125 7.47 1.09876 90.604
126 7.53 1.09972 93.0542
127 7.59 1.09901 95.542
128 7.65 1.11576 98.1078
129 7.71 1.11199 100.705
130 7.77 1.09058 103.292
131 7.83 1.06654 105.862
132 7.89 1.09453 108.539
133 7.95 1.07268 111.203
134 8.01 1.05302 113.858
135 8.07 1.04344 116.528
136 8.13 1.02509 119.191
137 8.19 1.01984 121.879
138 8.25 0.994738 124.539
139 8.31 0.994872 127.239
140 8.37 0.972596 129.916
141 8.43 0.968254 132.62
142 8.49 0.960266 135.34
143 8.55 0.945095 138.054
144 8.61 0.93856 140.788
145 8.67 0.941392 143.569
146 8.73 0.927962 146.348
147 8.79 0.934506 149.185
148 8.85 0.91226 151.993
149 8.91 0.930405 154.895
150 8.97 0.925211 157.82
151 9.03 0.945415 160.85
152 9.09 0.954412 163.948
153 9.15 0.950083 167.074
154 9.21 0.965406 170.292
155 9.27 0.9629 173.543
156 9.33 0.99242 176.938
157 9.39 0.990688 180.37
158 9.45 0.986013 183.83
159 9.51 1.01334 187.431
160 9.57 1.02296 191.113
161 9.63 1.02288 194.84
162 9.69 1.02955 198.639
163 9.75 1.04765 202.552
164 9.81 1.05312 206.535
165 9.87 1.04652 210.541
166 9.93 1.05043 214.611
167 9.99 1.05106 218.732
168 10.05 1.05467 222.918
169 10.11 1.05549 227.157
170 10.17 1.05606 231.449
171 10.23 1.03315 235.698
172 10.29 1.03148 239.99
173 10.35 1.03005 244.325
174 10.41 1.03056 248.714
175 10.47 1.02074 253.111
176 10.53 1.00606 257.494
177 10.59 1.00636 261.929
178 10.65 0.993526 266.357
179 10.71 0.991521 270.826
180 10.77 0.995468 275.363
181 10.83 0.978002 279.87
182 10.89 0.974337 284.411
183 10.95 0.972645 288.993
184 11.01 0.96413 293.586
185 11.07 0.96949 298.254
186 11.13 0.967078 302.962
187 11.19 0.976937 307.768
188 11.25 0.972134 312.603
189 11.31 0.96889 317.473
190 11.37 0.971054 322.406
191 11.43 0.970976 327.39
192 11.49 0.969729 332.421
193 11.55 0.975056 337.532
194 11.61 0.988869 342.77
195 11.67 0.983809 348.035
196 11.73 1.00007 353.442
197 11.79 1.0053 358.933
198 11.85 1.00819 364.496
199 11.91 1.00176 370.079
200 11.97 1.01401 375.788
123000 200
1 0.03 0 0
2 0.09 0 0
3 0.15 0 0
4 0.21 0 0
5 0.27 0 0
6 0.33 0 0
7 0.39 0 0
8 0.45 0 0
9 0.51 0 0
10 0.57 0 0
11 0.63 0 0
12 0.69 0 0
13 0.75 0 0
14 0.81 0 0
15 0.87 0 0
16 0.93 0 0
17 0.99 0 0
18 1.05 0 0
19 1.11 0 0
20 1.17 0 0
21 1.23 0 0
22 1.29 0 0
23 1.35 0 0
24 1.41 0 0
25 1.47 0 0
26 1.53 0 0
27 1.59 0 0
28 1.65 0 0
29 1.71 0 0
30 1.77 0 0
31 1.83 0 0
32 1.89 0 0
33 1.95 0 0
34 2.01 0 0
35 2.07 0 0
36 2.13 0 0
37 2.19 0 0
38 2.25 0 0
39 2.31 0.00286137 0.0006
40 2.37 0.0416812 0.0098
41 2.43 0.224099 0.0618
42 2.49 0.735513 0.241
43 2.55 1.43393 0.6074
44 2.61 2.13383 1.1786
45 2.67 2.6173 1.9118
46 2.73 2.79444 2.7302
47 2.79 2.90831 3.6198
48 2.85 2.66998 4.472
49 2.91 2.50632 5.306
50 2.97 2.17413 6.0596
51 3.03 1.99131 6.778
52 3.09 1.70364 7.4172
53 3.15 1.46599 7.9888
54 3.21 1.35045 8.5356
55 3.27 1.14284 9.0158
56 3.33 1.00794 9.455
57 3.39 0.924301 9.8724
58 3.45 0.815461 10.2538
59 3.51 0.745683 10.6148
60 3.57 0.712842 10.9718
61 3.63 0.680975 11.3244
62 3.69 0.619387 11.6558
63 3.75 0.603345 11.9892
64 3.81 0.606581 12.3352
65 3.87 0.599473 12.688
66 3.93 0.554616 13.0246
67 3.99 0.555645 13.3722
68 4.05 0.562887 13.735
69 4.11 0.594179 14.1294
70 4.17 0.585692 14.5296
71 4.23 0.634904 14.976
72 4.29 0.677004 15.4656
73 4.35 0.697728 15.9844
74 4.41 0.785911 16.585
75 4.47 0.823797 17.2318
76 4.53 0.855445 17.9216
77 4.59 0.905461 18.6712
78 4.65 0.970752 19.496
79 4.71 1.00239 20.3698
80 4.77 1.04712 21.306
81 4.83 1.12861 22.3406
82 4.89 1.15068 23.4218
83 4.95 1.17218 24.5504
84 5.01 1.23877 25.7722
85 5.07 1.25972 27.0446
86 5.13 1.25383 28.3412
87 5.19 1.2902 29.7068
88 5.25 1.2858 31.0994
89 5.31 1.27929 32.5168
90 5.37 1.27116 33.9572
91 5.43 1.26947 35.428
92 5.49 1.24592 36.9036
93 5.55 1.23747 38.4014
94 5.61 1.16004 39.836
95 5.67 1.1239 41.2558
96 5.73 1.09522 42.6688
97 5.79 1.04576 44.0464
98 5.85 1.01327 45.409
99 5.91 0.971961 46.743
100 5.97 0.944525 48.0658
101 6.03 0.915324 49.3736
102 6.09 0.890653 50.6716
103 6.15 0.865688 51.9582
104 6.21 0.848117 53.2434
105 6.27 0.838954 54.5394
106 6.33 0.814742 55.8222
107 6.39 0.820455 57.1386
108 6.45 0.818842 58.4772
109 6.51 0.822913 59.8476
110 6.57 0.828705 61.2532
111 6.63 0.853026 62.7266
112 6.69 0.860425 64.2398
113 6.75 0.87681 65.8096
114 6.81 0.900938 67.4514
115 6.87 0.933799 69.1832
116 6.93 0.956807 70.9888
117 6.99 0.971182 72.8534
118 7.05 0.9879 74.7828
119 7.11 1.01993 76.8088
120 7.17 1.05877 78.9476
121 7.23 1.06532 81.1358
122 7.29 1.08243 83.3962
123 7.35 1.08019 85.6892
124 7.41 1.09567 88.0532
125 7.47 1.11253 90.4926
126 7.53 1.11695 92.9812
127 7.59 1.13046 95.5402
128 7.65 1.08723 98.0404
129 7.71 1.09007 100.587
130 7.77 1.10053 103.197
131 7.83 1.09286 105.83
132 7.89 1.07597 108.462
133 7.95 1.08009 111.145
134 8.01 1.06008 113.817
135 8.07 1.03586 116.468
136 8.13 1.03795 119.164
137 8.19 1.01946 121.851
138 8.25 1.01044 124.553
139 8.31 0.996494 127.257
140 8.37 0.972087 129.933
141 8.43 0.965246 132.629
142 8.49 0.974247 135.388
143 8.55 0.943772 138.099
144 8.61 0.933892 140.819
145 8.67 0.928323 143.561
146 8.73 0.932704 146.355
147 8.79 0.937076 149.2
148 8.85 0.933251 152.072
149 8.91 0.943292 155.014
150 8.97 0.932423 157.962
151 9.03 0.939797 160.974
152 9.09 0.949792 164.057
153 9.15 0.95063 167.185
154 9.21 0.949565 170.35
155 9.27 0.963315 173.603
156 9.33 0.977569 176.946
157 9.39 0.975275 180.325
158 9.45 1.0014 183.839
159 9.51 1.00513 187.411
160 9.57 1.01713 191.072
161 9.63 1.03654 194.849
162 9.69 1.02765 198.641
163 9.75 1.03678 202.513
164 9.81 1.0445 206.463
165 9.87 1.05754 210.511
166 9.93 1.03696 214.529
167 9.99 1.04637 218.633
168 10.05 1.05578 222.823
169 10.11 1.04264 227.01
170 10.17 1.04932 231.275
171 10.23 1.04025 235.553
172 10.29 1.03609 239.864
173 10.35 1.02934 244.196
174 10.41 1.02103 248.544
175 10.47 1.02134 252.944
176 10.53 1.03048 257.433
177 10.59 1.01766 261.918
178 10.65 0.995096 266.353
179 10.71 0.992453 270.826
180 10.77 0.998101 275.375
181 10.83 0.986855 279.924
182 10.89 0.977212 284.477
183 10.95 0.964622 289.022
184 11.01 0.969589 293.641
185 11.07 0.960394 298.265
186 11.13 0.97583 303.015
187 11.19 0.978563 307.83
188 11.25 0.964694 312.628
189 11.31 0.982538 317.566
190 11.37 0.962983 322.458
191 11.43 0.969145 327.433
192 11.49 0.988659 332.562
193 11.55 0.981199 337.705
194 11.61 0.986377 342.93
195 11.67 0.980894 348.179
196 11.73 0.989862 353.531
197 11.79 0.999732 358.991
198 11.85 0.995977 364.487
199 11.91 1.00807 370.106
200 11.97 1.00882 375.786
124000 200
1 0.03 0 0
2 0.09 0 0
3 0.15 0 0
4 0.21 0 0
5 0.27 0 0
6 0.33 0 0
7 0.39 0 0
8 0.45 0 0
9 0.51 0 0
10 0.57 0 0
11 0.63 0 0
12 0.69 0 0
13 0.75 0 0
14 0.81 0 0
15 0.87 0 0
16 0.93 0 0
17 0.99 0 0
18 1.05 0 0
19 1.11 0 0
20 1.17 0 0
21 1.23 0 0
22 1.29 0 0
23 1.35 0 0
24 1.41 0 0
25 1.47 0 0
26 1.53 0 0
27 1.59 0 0
28 1.65 0 0
29 1.71 0 0
30 1.77 0 0
31 1.83 0 0
32 1.89 0 0
33 1.95 0 0
34 2.01 0 0
35 2.07 0 0
36 2.13 0 0
37 2.19 0 0
38 2.25 0 0
39 2.31 0.00572275 0.0012
40 2.37 0.040775 0.0102
41 2.43 0.274091 0.0738
42 2.49 0.704319 0.2454
43 2.55 1.39557 0.602
44 2.61 2.10544 1.1656
45 2.67 2.55947 1.8826
46 2.73 2.91053 2.735
47 2.79 2.87628 3.6148
48 2.85 2.69692 4.4756
49 2.91 2.49009 5.3042
50 2.97 2.21394 6.0716
51 3.03 1.99962 6.793
52 3.09 1.76654 7.4558
53 3.15 1.48137 8.0334
54 3.21 1.31044 8.564
55 3.27 1.17283 9.0568
56 3.33 0.990038 9.4882
57 3.39 0.86894 9.8806
58 3.45 0.821448 10.2648
59 3.51 0.746509 10.6262
60 3.57 0.705254 10.9794
61 3.63 0.679043 11.331
62 3.69 0.601444 11.6528
63 3.75 0.580181 11.9734
64 3.81 0.575376 12.3016
65 3.87 0.561072 12.6318
66 3.93 0.570434 12.978
67 3.99 0.580262 13.341
68 4.05 0.550785 13.696
69 4.11 0.59207 14.089
70 4.17 0.617889 14.5112
71 4.23 0.636326 14.9586
72 4.29 0.662347 15.4376
73 4.35 0.734847 15.984
74 4.41 0.767329 16.5704
75 4.47 0.817938 17.2126
76 4.53 0.834363 17.8854
77 4.59 0.925029 18.6512
78 4.65 0.980168 19.484
79 4.71 1.0352 20.3864
80 4.77 1.06994 21.343
81 4.83 1.12861 22.3776
82 4.89 1.15515 23.463
83 4.95 1.19483 24.6134
84 5.01 1.21748 25.8142
85 5.07 1.24309 27.0698
86 5.13 1.2693 28.3824
87 5.19 1.27262 29.7294
88 5.25 1.30076 31.1382
89 5.31 1.28597 32.563
90 5.37 1.28387 34.0178
91 5.43 1.25894 35.4764
92 5.49 1.2412 36.9464
93 5.55 1.18443 38.38
94 5.61 1.18672 39.8476
95 5.67 1.11947 41.2618
96 5.73 1.1008 42.682
97 5.79 1.05913 44.0772
98 5.85 1.0152 45.4424
99 5.91 0.986096 46.7958
100 5.97 0.927531 48.0948
101 6.03 0.882569 49.3558
102 6.09 0.878988 50.6368
103 6.15 0.864612 51.9218
104 6.21 0.85498 53.2174
105 6.27 0.81811 54.4812
106 6.33 0.820839 55.7736
107 6.39 0.821078 57.091
108 6.45 0.833401 58.4534
109 6.51 0.825916 59.8288
110 6.57 0.841204 61.2556
111 6.63 0.851405 62.7262
112 6.69 0.855649 64.231
113 6.75 0.878486 65.8038
114 6.81 0.910377 67.4628
115 6.87 0.915142 69.16
116 6.93 0.953945 70.9602
117 6.99 0.989307 72.8596
118 7.05 0.994454 74.8018
119 7.11 1.02788 76.8436
120 7.17 1.04342 78.9514
121 7.23 1.06717 81.1434
122 7.29 1.08865 83.4168
123 7.35 1.08254 85.7148
124 7.41 1.09984 88.0878
125 7.47 1.11983 90.5432
126 7.53 1.12072 93.0402
127 7.59 1.09936 95.5288
128 7.65 1.10175 98.0624
129 7.71 1.11241 100.661
130 7.77 1.10441 103.281
131 7.83 1.07916 105.881
132 7.89 1.08186 108.527
133 7.95 1.06487 111.172
134 8.01 1.05254 113.825
135 8.07 1.05508 116.525
136 8.13 1.03148 119.204
137 8.19 1.01377 121.876
138 8.25 0.996683 124.542
139 8.31 0.993251 127.237
140 8.37 0.97463 129.92
141 8.43 0.961164 132.604
142 8.49 0.968245 135.346
143 8.55 0.951362 138.079
144 8.61 0.951056 140.85
145 8.67 0.937194 143.618
146 8.73 0.935442 146.419
147 8.79 0.919026 149.209
148 8.85 0.924997 152.056
149 8.91 0.938034 154.982
150 8.97 0.927805 157.916
151 9.03 0.930622 160.898
152 9.09 0.944988 163.966
153 9.15 0.950083 167.091
154 9.21 0.962946 170.301
155 9.27 0.967935 173.569
156 9.33 0.986105 176.942
157 9.39 0.98988 180.372
158 9.45 0.999635 183.88
159 9.51 1.00389 187.447
160 9.57 1.01668 191.106
161 9.63 1.01662 194.811
162 9.69 1.04023 198.649
163 9.75 1.03201 202.504
164 9.81 1.05148 206.48
165 9.87 1.05295 210.511
166 9.93 1.05466 214.597
167 9.99 1.04004 218.676
168 10.05 1.04973 222.842
169 10.11 1.05001 227.059
170 10.17 1.05724 231.356
171 10.23 1.03311 235.604
172 10.29 1.02364 239.863
173 10.35 1.03808 244.233
174 10.41 1.02249 248.587
175 10.47 1.03541 253.047
176 10.53 1.0157 257.472
177 10.59 1.00241 261.89
178 10.65 0.986525 266.286
179 10.71 0.992897 270.762
180 10.77 0.994766 275.296
181 10.83 0.97874 279.806
182 10.89 0.984122 284.392
183 10.95 0.9833 289.025
184 11.01 0.971688 293.654
185 11.07 0.971235 298.33
186 11.13 0.965599 303.031
187 11.19 0.974661 307.826
188 11.25 0.976638 312.683
189 11.31 0.962285 317.52
190 11.37 0.976408 322.48
191 11.43 0.971989 327.47
192 11.49 0.983261 332.571
193 11.55 0.987685 337.748
194 11.61 0.986565 342.973
195 11.67 0.985267 348.246
196 11.73 0.989381 353.595
197 11.79 0.995082 359.03
198 11.85 1.00663 364.585
199 11.91 0.996301 370.138
200 11.97 1.00747 375.81
125000 200
1 0.03 0 0
2 0.09 0 0
3 0.15 0 0
4 0.21 0 0
5 0.27 0 0
6 0.33 0 0
7 0.39 0 0
8 0.45 0 0
9 0.51 0 0
10 0.57 0 0
11 0.63 0 0
12 0.69 0 0
13 0.75 0 0
14 0.81 0 0
15 0.87 0 0
16 0.93 0 0
17 0.99 0 0
18 1.05 0 0
19 1.11 0 0
20 1.17 0 0
21 1.23 0 0
22 1.29 0 0
23 1.35 0 0
24 1.41 0 0
25 1.47 0 0
26 1.53 0 0
27 1.59 0 0
28 1.65 0 0
29 1.71 0 0
30 1.77 0 0
31 1.83 0 0
32 1.89 0 0
33 1.95 0 0
34 2.01 0 0
35 2.07 0 0
36 2.13 0 0
37 2.19 0 0
38 2.25 0.00201067 0.0004
39 2.31 0.00763033 0.002
40 2.37 0.04893 0.0128
41 2.43 0.240476 0.0686
42 2.49 0.755214 0.2526
43 2.55 1.3987 0.61
44 2.61 2.05687 1.1606
45 2.67 2.62158 1.895
46 2.73 2.84019 2.7268
47 2.79 2.95081 3.6294
48 2.85 2.70945 4.4942
49 2.91 2.50331 5.3272
50 2.97 2.15855 6.0754
51 3.03 1.9453 6.7772
52 3.09 1.73722 7.429
53 3.15 1.51266 8.0188
54 3.21 1.30846 8.5486
55 3.27 1.14379 9.0292
56 3.33 1.00105 9.4654
57 3.39 0.876912 9.8614
58 3.45 0.805626 10.2382
59 3.51 0.757663 10.605
60 3.57 0.722826 10.967
61 3.63 0.65355 11.3054
62 3.69 0.649291 11.6528
63 3.75 0.572942 11.9694
64 3.81 0.585894 12.3036
65 3.87 0.562431 12.6346
66 3.93 0.59449 12.9954
67 3.99 0.589534 13.3642
68 4.05 0.548303 13.7176
69 4.11 0.584537 14.1056
70 4.17 0.606474 14.52
71 4.23 0.651402 14.978
72 4.29 0.684471 15.473
73 4.35 0.714136 16.004
74 4.41 0.75058 16.5776
75 4.47 0.835005 17.2332
76 4.53 0.87876 17.9418
77 4.59 0.915608 18.6998
78 4.65 0.936621 19.4956
79 4.71 0.998259 20.3658
80 4.77 1.07374 21.3258
81 4.83 1.12817 22.36
82 4.89 1.16856 23.458
83 4.95 1.17862 24.5928
84 5.01 1.23472 25.8106
85 5.07 1.2423 27.0654
86 5.13 1.25905 28.3674
87 5.19 1.28264 29.725
88 5.25 1.31018 31.144
89 5.31 1.27875 32.5608
90 5.37 1.27469 34.0052
91 5.43 1.2686 35.475
92 5.49 1.23056 36.9324
93 5.55 1.21203 38.3994
94 5.61 1.17734 39.8554
95 5.67 1.13134 41.2846
96 5.73 1.07104 42.6664
97 5.79 1.0526 44.053
98 5.85 1.01535 45.4184
99 5.91 0.957243 46.7322
100 5.97 0.940527 48.0494
101 6.03 0.887608 49.3176
102 6.09 0.891613 50.617
103 6.15 0.859095 51.8938
104 6.21 0.855244 53.1898
105 6.27 0.822124 54.4598
106 6.33 0.823507 55.7564
107 6.39 0.803253 57.0452
108 6.45 0.837316 58.414
109 6.51 0.839847 59.8126
110 6.57 0.853467 61.2602
111 6.63 0.849205 62.727
112 6.69 0.855194 64.231
113 6.75 0.900381 65.843
114 6.81 0.915645 67.5116
115 6.87 0.926573 69.23
116 6.93 0.952037 71.0266
117 6.99 0.988786 72.925
118 7.05 0.992611 74.8636
119 7.11 1.00885 76.8676
120 7.17 1.0356 78.9596
121 7.23 1.0699 81.1572
122 7.29 1.06873 83.389
123 7.35 1.09338 85.71
124 7.41 1.10615 88.0966
125 7.47 1.10824 90.5266
126 7.53 1.10295 92.984
127 7.59 1.11094 95.4988
128 7.65 1.11123 98.0542
129 7.71 1.10702 100.64
130 7.77 1.08274 103.209
131 7.83 1.0946 105.846
132 7.89 1.08096 108.49
133 7.95 1.07759 111.166
134 8.01 1.06143 113.842
135 8.07 1.04883 116.526
136 8.13 1.03533 119.215
137 8.19 1.00269 121.858
138 8.25 1.00715 124.551
139 8.31 0.993251 127.247
140 8.37 0.985019 129.958
141 8.43 0.972695 132.674
142 8.49 0.962455 135.4
143 8.55 0.952058 138.135
144 8.61 0.923662 140.826
145 8.67 0.927579 143.566
146 8.73 0.921283 146.325
147 8.79 0.923769 149.129
148 8.85 0.928442 151.987
149 8.91 0.91739 154.848
150 8.97 0.943935 157.833
151 9.03 0.943543 160.856
152 9.09 0.941476 163.913
153 9.15 0.957317 167.062
154 9.21 0.972247 170.303
155 9.27 0.982031 173.619
156 9.33 0.981954 176.978
157 9.39 0.9904 180.409
158 9.45 0.997241 183.908
159 9.51 1.00456 187.478
160 9.57 1.01263 191.123
161 9.63 1.03276 194.886
162 9.69 1.04158 198.729
163 9.75 1.0311 202.581
164 9.81 1.04132 206.518
165 9.87 1.05012 210.538
166 9.93 1.05507 214.626
167 9.99 1.04402 218.72
168 10.05 1.04555 222.87
169 10.11 1.04717 227.076
170 10.17 1.03893 231.298
171 10.23 1.04079 235.578
172 10.29 1.03474 239.883
173 10.35 1.02715 244.207
174 10.41 1.0347 248.613
175 10.47 1.00709 252.951
176 10.53 1.01437 257.371
177 10.59 0.998099 261.769
178 10.65 1.00335 266.241
179 10.71 1.00479 270.77
180 10.77 0.982962 275.25
181 10.83 0.985944 279.794
182 10.89 0.985109 284.384
183 10.95 0.985635 289.028
184 11.01 0.97299 293.663
185 11.07 0.968494 298.326
186 11.13 0.978747 303.091
187 11.19 0.963808 307.833
188 11.25 0.979775 312.705
189 11.31 0.974779 317.605
190 11.37 0.963062 322.497
191 11.43 0.978534 327.521
192 11.49 0.977517 332.592
193 11.55 0.979711 337.727
194 11.61 0.977088 342.902
195 11.67 0.997152 348.239
196 11.73 0.982501 353.551
197 11.79 0.986001 358.936
198 11.85 0.997862 364.442
199 11.91 1.01044 370.074
200 11.97 1.00861 375.753
126000 200
1 0.03 0 0
2 0.09 0 0
3 0.15 0 0
4 0.21 0 0
5 0.27 0 0
6 0.33 0 0
7 0.39 0 0
8 0.45 0 0
9 0.51 0 0
10 0.57 0 0
11 0.63 0 0
12 0.69 0 0
13 0.75 0 0
14 0.81 0 0
15 0.87 0 0
16 0.93 0 0
17 0.99 0 0
18 1.05 0 0
19 1.11 0 0
20 1.17 0 0
21 1.23 0 0
22 1.29 0 0
23 1.35 0 0
24 1.41 0 0
25 1.47 0 0
26 1.53 0 0
27 1.59 0 0
28 1.65 0 0
29 1.71 0 0
30 1.77 0 0
31 1.83 0 0
32 1.89 0 0
33 1.95 0 0
34 2.01 0 0
35 2.07 0 0
36 2.13 0 0
37 2.19 0 0
38 2.25 0 0
39 2.31 0.00476896 0.001
40 2.37 0.0353384 0.0088
41 2.43 0.255128 0.068
42 2.49 0.723199 0.2442
43 2.55 1.41905 0.6068
44 2.61 2.09348 1.1672
45 2.67 2.64657 1.9086
46 2.73 2.92829 2.7662
47 2.79 2.89197 3.6508
48 2.85 2.75582 4.5304
49 2.91 2.45102 5.346
50 2.97 2.18971 6.105
51 3.03 1.95084 6.8088
52 3.09 1.64767 7.427
53 3.15 1.48599 8.0064
54 3.21 1.24277 8.5096
55 3.27 1.14141 8.9892
56 3.33 1.03089 9.4384
57 3.39 0.895514 9.8428
58 3.45 0.833421 10.2326
59 3.51 0.765513 10.6032
60 3.57 0.693274 10.9504
61 3.63 0.67943 11.3022
62 3.69 0.635086 11.642
63 3.75 0.603345 11.9754
64 3.81 0.582037 12.3074
65 3.87 0.557673 12.6356
66 3.93 0.571752 12.9826
67 3.99 0.591132 13.3524
68 4.05 0.591435 13.7336
69 4.11 0.587852 14.1238
70 4.17 0.621987 14.5488
71 4.23 0.614708 14.981
72 4.29 0.666219 15.4628
73 4.35 0.718709 15.9972
74 4.41 0.755291 16.5744
75 4.47 0.796541 17.1998
76 4.53 0.876031 17.9062
77 4.59 0.910776 18.6602
78 4.65 0.984405 19.4966
79 4.71 1.0157 20.382
80 4.77 1.10909 21.3736
81 4.83 1.13145 22.4108
82 4.89 1.14089 23.4828
83 4.95 1.18319 24.622
84 5.01 1.1897 25.7954
85 5.07 1.22943 27.0372
86 5.13 1.2693 28.3498
87 5.19 1.32459 29.7518
88 5.25 1.27436 31.132
89 5.31 1.27966 32.5498
90 5.37 1.30135 34.0244
91 5.43 1.2976 35.5278
92 5.49 1.22633 36.9802
93 5.55 1.19649 38.4284
94 5.61 1.16586 39.8702
95 5.67 1.13198 41.3002
96 5.73 1.06669 42.6764
97 5.79 1.01692 44.016
98 5.85 1.00197 45.3634
99 5.91 0.973564 46.6996
100 5.97 0.944668 48.0226
101 6.03 0.906225 49.3174
102 6.09 0.872263 50.5886
103 6.15 0.865285 51.8746
104 6.21 0.853265 53.1676
105 6.27 0.832481 54.4536
106 6.33 0.830747 55.7616
107 6.39 0.809735 57.0608
108 6.45 0.823491 58.407
109 6.51 0.832761 59.7938
110 6.57 0.849104 61.234
111 6.63 0.8719 62.74
112 6.69 0.856445 64.2462
113 6.75 0.904626 65.8658
114 6.81 0.889195 67.4862
115 6.87 0.913417 69.1802
116 6.93 0.966239 71.0036
117 6.99 0.986286 72.8972
118 7.05 0.999472 74.8492
119 7.11 1.03443 76.904
120 7.17 1.03402 78.9928
121 7.23 1.0551 81.16
122 7.29 1.07084 83.3962
123 7.35 1.09903 85.7292
124 7.41 1.10995 88.124
125 7.47 1.10104 90.5382
126 7.53 1.09415 92.976
127 7.59 1.11783 95.5064
128 7.65 1.13254 98.1108
129 7.71 1.11635 100.718
130 7.77 1.08097 103.283
131 7.83 1.09809 105.928
132 7.89 1.0866 108.586
133 7.95 1.07203 111.249
134 8.01 1.04699 113.888
135 8.07 1.04344 116.558
136 8.13 1.02617 119.224
137 8.19 1.01521 121.899
138 8.25 1.00513 124.588
139 8.31 0.987944 127.268
140 8.37 0.972741 129.946
141 8.43 0.955864 132.615
142 8.49 0.960054 135.335
143 8.55 0.936949 138.026
144 8.61 0.937942 140.758
145 8.67 0.923584 143.486
146 8.73 0.929765 146.271
147 8.79 0.924559 149.078
148 8.85 0.930781 151.942
149 8.91 0.924763 154.827
150 8.97 0.921922 157.742
151 9.03 0.948411 160.781
152 9.09 0.944248 163.846
153 9.15 0.957743 166.997
154 9.21 0.980767 170.266
155 9.27 0.985585 173.594
156 9.33 0.975581 176.931
157 9.39 0.990169 180.362
158 9.45 1.01103 183.91
159 9.51 1.01014 187.499
160 9.57 1.02013 191.171
161 9.63 1.03089 194.927
162 9.69 1.04061 198.767
163 9.75 1.0432 202.663
164 9.81 1.0446 206.614
165 9.87 1.03832 210.588
166 9.93 1.05316 214.669
167 9.99 1.03606 218.732
168 10.05 1.05588 222.922
169 10.11 1.04936 227.137
170 10.17 1.05158 231.411
171 10.23 1.03218 235.655
172 10.29 1.03782 239.973
173 10.35 1.03841 244.344
174 10.41 1.00201 248.611
175 10.47 1.02185 253.013
176 10.53 1.00808 257.405
177 10.59 1.00527 261.835
178 10.65 0.996083 266.274
179 10.71 0.998532 270.775
180 10.77 0.985463 275.267
181 10.83 0.980693 279.786
182 10.89 0.975538 284.332
183 10.95 0.981008 288.954
184 11.01 0.981136 293.628
185 11.07 0.963426 298.267
186 11.13 0.973734 303.007
187 11.19 0.9721 307.79
188 11.25 0.975352 312.64
189 11.31 0.956754 317.449
190 11.37 0.978968 322.422
191 11.43 0.972262 327.414
192 11.49 0.972698 332.46
193 11.55 0.981695 337.606
194 11.61 0.977427 342.783
195 11.67 0.977269 348.012
196 11.73 0.997038 353.403
197 11.79 0.998084 358.855
198 11.85 0.998405 364.364
199 11.91 1.00032 369.939
200 11.97 1.02012 375.683
127000 200
1 0.03 0 0
2 0.09 0 0
3 0.15 0 0
4 0.21 0 0
5 0.27 0 0
6 0.33 0 0
7 0.39 0 0
8 0.45 0 0
9 0.51 0 0
10 0.57 0 0
11 0.63 0 0
12 0.69 0 0
13 0.75 0 0
14 0.81 0 0
15 0.87 0 0
16 0.93 0 0
17 0.99 0 0
18 1.05 0 0
19 1.11 0 0
20 1.17 0 0
21 1.23 0 0
22 1.29 0 0
23 1.35 0 0
24 1.41 0 0
25 1.47 0 0
26 1.53 0 0
27 1.59 0 0
28 1.65 0 0
29 1.71 0 0
30 1.77 0 0
31 1.83 0 0
32 1.89 0 0
33 1.95 0 0
34 2.01 0 0
35 2.07 0 0
36 2.13 0 0
37 2.19 0 0
38 2.25 0 0
39 2.31 0.00476896 0.001
40 2.37 0.0516484 0.0124
41 2.43 0.23358 0.0666
42 2.49 0.747005 0.2486
43 2.55 1.46602 0.6232
44 2.61 2.09946 1.1852
45 2.67 2.59945 1.9134
46 2.73 2.84975 2.748
47 2.79 2.81678 3.6096
48 2.85 2.8047 4.5048
49 2.91 2.49189 5.334
50 2.97 2.21048 6.1002
51 3.03 1.93033 6.7966
52 3.09 1.62528 7.4064
53 3.15 1.4347 7.9658
54 3.21 1.34995 8.5124
55 3.27 1.11286 8.98
56 3.33 1.01987 9.4244
57 3.39 0.938916 9.8484
58 3.45 0.867203 10.254
59 3.51 0.761381 10.6226
60 3.57 0.70805 10.9772
61 3.63 0.649301 11.3134
62 3.69 0.629853 11.6504
63 3.75 0.587058 11.9748
64 3.81 0.575376 12.303
65 3.87 0.58554 12.6476
66 3.93 0.585922 13.0032
67 3.99 0.565236 13.3568
68 4.05 0.584608 13.7336
69 4.11 0.581825 14.1198
70 4.17 0.630475 14.5506
71 4.23 0.641162 15.0014
72 4.29 0.665389 15.4826
73 4.35 0.716826 16.0156
74 4.41 0.772302 16.6058
75 4.47 0.800617 17.2344
76 4.53 0.857926 17.9262
77 4.59 0.909568 18.6792
78 4.65 0.973577 19.5064
79 4.71 1.00468 20.3822
80 4.77 1.07285 21.3414
81 4.83 1.10592 22.3552
82 4.89 1.16452 23.4494
83 4.95 1.19773 24.6026
84 5.01 1.21829 25.8042
85 5.07 1.26012 27.077
86 5.13 1.24803 28.3676
87 5.19 1.27527 29.7174
88 5.25 1.28857 31.113
89 5.31 1.27785 32.5288
90 5.37 1.27981 33.979
91 5.43 1.23408 35.4088
92 5.49 1.25673 36.8972
93 5.55 1.20062 38.3504
94 5.61 1.17362 39.8018
95 5.67 1.16839 41.2778
96 5.73 1.06189 42.6478
97 5.79 1.04015 44.018
98 5.85 1.01267 45.3798
99 5.91 0.972398 46.7144
100 5.97 0.936528 48.026
101 6.03 0.926802 49.3502
102 6.09 0.885575 50.6408
103 6.15 0.865554 51.9272
104 6.21 0.867915 53.2424
105 6.27 0.835329 54.5328
106 6.33 0.836209 55.8494
107 6.39 0.834291 57.188
108 6.45 0.818475 58.526
109 6.51 0.820271 59.892
110 6.57 0.84875 61.3316
111 6.63 0.842489 62.7868
112 6.69 0.860197 64.2996
113 6.75 0.884407 65.883
114 6.81 0.895451 67.5148
115 6.87 0.911476 69.2052
116 6.93 0.944195 70.987
117 6.99 0.970348 72.85
118 7.05 0.999882 74.8028
119 7.11 1.0163 76.8216
120 7.17 1.04501 78.9326
121 7.23 1.05529 81.1002
122 7.29 1.08281 83.3614
123 7.35 1.06558 85.6234
124 7.41 1.11801 88.0356
125 7.47 1.10624 90.4612
126 7.53 1.11884 92.954
127 7.59 1.11332 95.4742
128 7.65 1.1101 98.027
129 7.71 1.10445 100.607
130 7.77 1.10997 103.24
131 7.83 1.09776 105.885
132 7.89 1.08276 108.533
133 7.95 1.08017 111.216
134 8.01 1.04985 113.863
135 8.07 1.04547 116.538
136 8.13 1.02332 119.196
137 8.19 1.02181 121.889
138 8.25 0.997505 124.557
139 8.31 0.9833 127.225
140 8.37 0.982694 129.93
141 8.43 0.978568 132.663
142 8.49 0.95384 135.364
143 8.55 0.948646 138.089
144 8.61 0.935539 140.815
145 8.67 0.936516 143.581
146 8.73 0.927962 146.36
147 8.79 0.931213 149.187
148 8.85 0.93507 152.065
149 8.91 0.94374 155.009
150 8.97 0.932359 157.957
151 9.03 0.931808 160.942
152 9.09 0.935255 163.979
153 9.15 0.945827 167.09
154 9.21 0.966006 170.31
155 9.27 0.972791 173.595
156 9.33 0.982071 176.954
157 9.39 0.990977 180.388
158 9.45 0.996785 183.885
159 9.51 1.0049 187.457
160 9.57 1.01907 191.124
161 9.63 1.01717 194.831
162 9.69 1.02657 198.618
163 9.75 1.03994 202.503
164 9.81 1.04503 206.455
165 9.87 1.03544 210.418
166 9.93 1.05058 214.489
167 9.99 1.05371 218.621
168 10.05 1.06641 222.853
169 10.11 1.04901 227.067
170 10.17 1.03731 231.282
171 10.23 1.05164 235.607
172 10.29 1.03417 239.91
173 10.35 1.02915 244.242
174 10.41 1.02601 248.611
175 10.47 1.03109 253.052
176 10.53 1.00345 257.424
177 10.59 1.00867 261.869
178 10.65 0.999898 266.326
179 10.71 0.987084 270.775
180 10.77 0.994766 275.309
181 10.83 0.982342 279.836
182 10.89 0.990517 284.452
183 10.95 0.980116 289.07
184 11.01 0.979666 293.736
185 11.07 0.97165 298.415
186 11.13 0.973488 303.153
187 11.19 0.966369 307.908
188 11.25 0.964332 312.704
189 11.31 0.966901 317.564
190 11.37 0.966014 322.471
191 11.43 0.963691 327.418
192 11.49 0.967455 332.437
193 11.55 0.977994 337.564
194 11.61 0.983922 342.775
195 11.67 0.978502 348.012
196 11.73 1.0037 353.438
197 11.79 1.00343 358.919
198 11.85 0.999855 364.436
199 11.91 1.0062 370.044
200 11.97 1.00769 375.718
128000 200
1 0.03 0 0
2 0.09 0 0
3 0.15 0 0
4 0.21 0 0
5 0.27 0 0
6 0.33 0 0
7 0.39 0 0
8 0.45 0 0
9 0.51 0 0
10 0.57 0 0
11 0.63 0 0
12 0.69 0 0
13 0.75 0 0
14 0.81 0 0
15 0.87 0 0
16 0.93 0 0
17 0.99 0 0
18 1.05 0 0
19 1.11 0 0
20 1.17 0 0
21 1.23 0 0
22 1.29 0 0
23 1.35 0 0
24 1.41 0 0
25 1.47 0 0
26 1.53 0 0
27 1.59 0 0
28 1.65 0 0
29 1.71 0 0
30 1.77 0 0
31 1.83 0 0
32 1.89 0 0
33 1.95 0 0
34 2.01 0 0
35 2.07 0 0
36 2.13 0 0
37 2.19 0 0
38 2.25 0 0
39 2.31 0.00381517 0.0008
40 2.37 0.0561789 0.0132
41 2.43 0.249957 0.0712
42 2.49 0.731408 0.2494
43 2.55 1.38462 0.6032
44 2.61 2.10693 1.1672
45 2.67 2.62087 1.9014
46 2.73 2.85795 2.7384
47 2.79 2.89131 3.6228
48 2.85 2.75958 4.5036
49 2.91 2.43359 5.3134
50 2.97 2.19259 6.0734
51 3.03 1.92589 6.7682
52 3.09 1.72496 7.4154
53 3.15 1.48137 7.993
54 3.21 1.29216 8.5162
55 3.27 1.14713 8.9982
56 3.33 1.05292 9.457
57 3.39 0.889313 9.8586
58 3.45 0.811185 10.238
59 3.51 0.754358 10.6032
60 3.57 0.70805 10.9578
61 3.63 0.666297 11.3028
62 3.69 0.61378 11.6312
63 3.75 0.589953 11.9572
64 3.81 0.598867 12.2988
65 3.87 0.58452 12.6428
66 3.93 0.595149 13.004
67 3.99 0.587935 13.3718
68 4.05 0.59702 13.7566
69 4.11 0.604423 14.1578
70 4.17 0.624621 14.5846
71 4.23 0.651402 15.0426
72 4.29 0.672856 15.5292
73 4.35 0.703646 16.0524
74 4.41 0.760263 16.6334
75 4.47 0.793484 17.2564
76 4.53 0.852965 17.9442
77 4.59 0.905461 18.6938
78 4.65 0.94792 19.4992
79 4.71 0.998947 20.37
80 4.77 1.05272 21.3112
81 4.83 1.11094 22.3296
82 4.89 1.14472 23.4052
83 4.95 1.17447 24.536
84 5.01 1.2043 25.7238
85 5.07 1.24725 26.9836
86 5.13 1.28516 28.3126
87 5.19 1.28207 29.6696
88 5.25 1.29024 31.067
89 5.31 1.29789 32.505
90 5.37 1.27364 33.9482
91 5.43 1.25324 35.4002
92 5.49 1.25741 36.8894
93 5.55 1.20756 38.351
94 5.61 1.19141 39.8244
95 5.67 1.13894 41.2632
96 5.73 1.08623 42.6646
97 5.79 1.05988 44.0608
98 5.85 1.02695 45.4418
99 5.91 0.949812 46.7454
100 5.97 0.955522 48.0836
101 6.03 0.909585 49.3832
102 6.09 0.883791 50.6712
103 6.15 0.872552 51.968
104 6.21 0.84165 53.2434
105 6.27 0.837271 54.5368
106 6.33 0.827444 55.8396
107 6.39 0.834665 57.1788
108 6.45 0.825081 58.5276
109 6.51 0.816188 59.8868
110 6.57 0.841439 61.314
111 6.63 0.8521 62.7858
112 6.69 0.86179 64.3014
113 6.75 0.875135 65.8682
114 6.81 0.875805 67.4642
115 6.87 0.92075 69.1718
116 6.93 0.94536 70.9558
117 6.99 0.953889 72.7872
118 7.05 1.01575 74.771
119 7.11 1.02969 76.8164
120 7.17 1.04194 78.9212
121 7.23 1.04867 81.0752
122 7.29 1.06232 83.2936
123 7.35 1.07444 85.5744
124 7.41 1.11078 87.971
125 7.47 1.11426 90.4142
126 7.53 1.11866 92.9066
127 7.59 1.1218 95.446
128 7.65 1.10862 97.9954
129 7.71 1.1036 100.573
130 7.77 1.12127 103.233
131 7.83 1.0912 105.862
132 7.89 1.10606 108.568
133 7.95 1.05649 111.191
134 8.01 1.05913 113.862
135 8.07 1.05735 116.567
136 8.13 1.01439 119.202
137 8.19 1.02538 121.905
138 8.25 1.01381 124.616
139 8.31 1.0004 127.331
140 8.37 0.973467 130.01
141 8.43 0.963455 132.701
142 8.49 0.957795 135.414
143 8.55 0.944051 138.125
144 8.61 0.941238 140.867
145 8.67 0.935907 143.632
146 8.73 0.92529 146.403
147 8.79 0.928775 149.222
148 8.85 0.924673 152.068
149 8.91 0.930341 154.97
150 8.97 0.933055 157.92
151 9.03 0.933056 160.91
152 9.09 0.933099 163.94
153 9.15 0.946618 167.054
154 9.21 0.959946 170.253
155 9.27 0.972258 173.536
156 9.33 0.96108 176.824
157 9.39 0.97695 180.209
158 9.45 0.997013 183.707
159 9.51 1.02117 187.336
160 9.57 1.02413 191.022
161 9.63 1.02387 194.753
162 9.69 1.04641 198.614
163 9.75 1.03464 202.478
164 9.81 1.04831 206.443
165 9.87 1.04532 210.444
166 9.93 1.05291 214.524
167 9.99 1.05519 218.662
168 10.05 1.06465 222.887
169 10.11 1.04722 227.093
170 10.17 1.05124 231.365
171 10.23 1.04629 235.668
172 10.29 1.03705 239.983
173 10.35 1.02597 244.301
174 10.41 1.02366 248.66
175 10.47 1.01266 253.022
176 10.53 1.01286 257.435
177 10.59 1.00976 261.885
178 10.65 1.00147 266.349
179 10.71 0.988859 270.806
180 10.77 0.992133 275.328
181 10.83 0.98104 279.849
182 10.89 0.985023 284.439
183 10.95 0.977739 289.046
184 11.01 0.981555 293.721
185 11.07 0.97759 298.429
186 11.13 0.966133 303.131
187 11.19 0.962466 307.867
188 11.25 0.965298 312.668
189 11.31 0.960614 317.496
190 11.37 0.980424 322.476
191 11.43 0.970002 327.456
192 11.49 0.965334 332.464
193 11.55 0.989059 337.648
194 11.61 0.984338 342.862
195 11.67 0.973756 348.073
196 11.73 0.980614 353.375
197 11.79 0.992555 358.796
198 11.85 1.00054 364.317
199 11.91 1.00355 369.911
200 11.97 1.00946 375.594
129000 200
1 0.03 0 0
2 0.09 0 0
3 0.15 0 0
4 0.21 0 0
5 0.27 0 0
6 0.33 0 0
7 0.39 0 0
8 0.45 0 0
9 0.51 0 0
10 0.57 0 0
11 0.63 0 0
12 0.69 0 0
13 0.75 0 0
14 0.81 0 0
15 0.87 0 0
16 0.93 0 0
17 0.99 0 0
18 1.05 0 0
19 1.11 0 0
20 1.17 0 0
21 1.23 0 0
22 1.29 0 0
23 1.35 0 0
24 1.41 0 0
25 1.47 0 0
26 1.53 0 0
27 1.59 0 0
28 1.65 0 0
29 1.71 0 0
30 1.77 0 0
31 1.83 0 0
32 1.89 0 0
33 1.95 0 0
34 2.01 0 0
35 2.07 0 0
36 2.13 0 0
37 2.19 0 0
38 2.25 0 0
39 2.31 0.00667654 0.0014
40 2.37 0.0570851 0.014
41 2.43 0.267195 0.076
42 2.49 0.694468 0.2452
43 2.55 1.42532 0.6094
44 2.61 2.14429 1.1834
45 2.67 2.62729 1.9194
46 2.73 2.92556 2.7762
47 2.79 2.89916 3.663
48 2.85 2.6894 4.5214
49 2.91 2.48829 5.3494
50 2.97 2.15682 6.097
51 3.03 1.93421 6.7948
52 3.09 1.65247 7.4148
53 3.15 1.46752 7.987
54 3.21 1.2566 8.4958
55 3.27 1.17093 8.9878
56 3.33 1.02676 9.4352
57 3.39 0.892413 9.8382
58 3.45 0.801778 10.2132
59 3.51 0.760142 10.5812
60 3.57 0.706452 10.935
61 3.63 0.654323 11.2738
62 3.69 0.631348 11.6116
63 3.75 0.594658 11.9402
64 3.81 0.590803 12.2772
65 3.87 0.603551 12.6324
66 3.93 0.56582 12.9758
67 3.99 0.586337 13.3426
68 4.05 0.590504 13.7232
69 4.11 0.622201 14.1362
70 4.17 0.603547 14.5486
71 4.23 0.647135 15.0036
72 4.29 0.680876 15.496
73 4.35 0.70526 16.0204
74 4.41 0.779891 16.6164
75 4.47 0.798579 17.2434
76 4.53 0.864374 17.9404
77 4.59 0.899663 18.6852
78 4.65 0.964868 19.505
79 4.71 1.05195 20.422
80 4.77 1.0771 21.385
81 4.83 1.09109 22.3852
82 4.89 1.15494 23.4704
83 4.95 1.19919 24.625
84 5.01 1.212 25.8204
85 5.07 1.22982 27.0626
86 5.13 1.28342 28.3898
87 5.19 1.3106 29.777
88 5.25 1.28876 31.1728
89 5.31 1.29735 32.6102
90 5.37 1.25952 34.0374
91 5.43 1.25635 35.493
92 5.49 1.239 36.9604
93 5.55 1.20211 38.4154
94 5.61 1.15875 39.8484
95 5.67 1.1011 41.2394
96 5.73 1.07445 42.6256
97 5.79 1.04242 43.9988
98 5.85 1.0094 45.3562
99 5.91 0.965112 46.6808
100 5.97 0.941241 47.999
101 6.03 0.908325 49.2968
102 6.09 0.871303 50.5666
103 6.15 0.856403 51.8394
104 6.21 0.847457 53.1236
105 6.27 0.826267 54.4
106 6.33 0.835447 55.7154
107 6.39 0.827061 57.0424
108 6.45 0.831443 58.4016
109 6.51 0.836845 59.7952
110 6.57 0.860542 61.2548
111 6.63 0.866921 62.7522
112 6.69 0.870091 64.2824
113 6.75 0.877927 65.8542
114 6.81 0.90895 67.5106
115 6.87 0.94275 69.259
116 6.93 0.955535 71.0622
117 6.99 0.986911 72.957
118 7.05 0.991382 74.8932
119 7.11 1.01932 76.918
120 7.17 1.03441 79.0076
121 7.23 1.07321 81.212
122 7.29 1.07515 83.4572
123 7.35 1.09121 85.7736
124 7.41 1.10587 88.1596
125 7.47 1.10158 90.575
126 7.53 1.10205 93.0304
127 7.59 1.10714 95.5366
128 7.65 1.09436 98.0532
129 7.71 1.09349 100.607
130 7.77 1.11056 103.242
131 7.83 1.07991 105.844
132 7.89 1.08783 108.505
133 7.95 1.08653 111.203
134 8.01 1.06341 113.884
135 8.07 1.03781 116.54
136 8.13 1.01616 119.179
137 8.19 1.00755 121.835
138 8.25 0.99945 124.508
139 8.31 0.977109 127.159
140 8.37 0.968745 129.826
141 8.43 0.977135 132.554
142 8.49 0.95271 135.253
143 8.55 0.958254 138.005
144 8.61 0.94419 140.756
145 8.67 0.933943 143.514
146 8.73 0.931635 146.304
147 8.79 0.929302 149.126
148 8.85 0.918694 151.953
149 8.91 0.940663 154.888
150 8.97 0.94305 157.869
151 9.03 0.945915 160.9
152 9.09 0.949669 163.983
153 9.15 0.954703 167.124
154 9.21 0.956825 170.313
155 9.27 0.978537 173.618
156 9.33 0.982422 176.978
157 9.39 0.992131 180.415
158 9.45 1.00978 183.959
159 9.51 1.00817 187.542
160 9.57 1.02407 191.227
161 9.63 1.02359 194.957
162 9.69 1.03318 198.769
163 9.75 1.04492 202.672
164 9.81 1.03725 206.595
165 9.87 1.05153 210.62
166 9.93 1.04604 214.673
167 9.99 1.04912 218.787
168 10.05 1.0462 222.939
169 10.11 1.0273 227.065
170 10.17 1.04154 231.298
171 10.23 1.03724 235.564
172 10.29 1.02734 239.838
173 10.35 1.03295 244.186
174 10.41 1.03094 248.576
175 10.47 1.01521 252.949
176 10.53 1.00092 257.31
177 10.59 1.01049 261.763
178 10.65 0.994827 266.197
179 10.71 0.998444 270.697
180 10.77 0.983225 275.178
181 10.83 0.978697 279.689
182 10.89 0.981161 284.261
183 10.95 0.97931 288.875
184 11.01 0.993186 293.606
185 11.07 0.969034 298.272
186 11.13 0.970653 302.997
187 11.19 0.975636 307.797
188 11.25 0.975553 312.649
189 11.31 0.973705 317.543
190 11.37 0.967432 322.458
191 11.43 0.969691 327.436
192 11.49 0.9769 332.503
193 11.55 0.982115 337.652
194 11.61 0.987509 342.882
195 11.67 0.996255 348.213
196 11.73 0.983684 353.532
197 11.79 1.00504 359.021
198 11.85 1.00439 364.563
199 11.91 1.00617 370.172
200 11.97 1.01245 375.872
130000 200
1 0.03 0 0
2 0.09 0 0
3 0.15 0 0
4 0.21 0 0
5 0.27 0 0
6 0.33 0 0
7 0.39 0 0
8 0.45 0 0
9 0.51 0 0
10 0.57 0 0
11 0.63 0 0
12 0.69 0 0
13 0.75 0 0
14 0.81 0 0
15 0.87 0 0
16 0.93 0 0
17 0.99 0 0
18 1.05 0 0
19 1.11 0 0
20 1.17 0 0
21 1.23 0 0
22 1.29 0 0
23 1.35 0 0
24 1.41 0 0
25 1.47 0 0
26 1.53 0 0
27 1.59 0 0
28 1.65 0 0
29 1.71 0 0
30 1.77 0 0
31 1.83 0 0
32 1.89 0 0
33 1.95 0 0
34 2.01 0 0
35 2.07 0 0
36 2.13 0 0
37 2.19 0 0
38 2.25 0.00100534 0.0002
39 2.31 0.00667654 0.0016
40 2.37 0.0434934 0.0112
41 2.43 0.238752 0.0666
42 2.49 0.710065 0.2396
43 2.55 1.42297 0.6032
44 2.61 2.10021 1.1654
45 2.67 2.65157 1.9082
46 2.73 2.9638 2.7762
47 2.79 2.90112 3.6636
48 2.85 2.76585 4.5464
49 2.91 2.43299 5.356
50 2.97 2.18221 6.1124
51 3.03 1.96525 6.8214
52 3.09 1.65513 7.4424
53 3.15 1.46599 8.014
54 3.21 1.28969 8.5362
55 3.27 1.11523 9.0048
56 3.33 1.02997 9.4536
57 3.39 0.87957 9.8508
58 3.45 0.802205 10.226
59 3.51 0.727919 10.5784
60 3.57 0.691277 10.9246
61 3.63 0.648529 11.2604
62 3.69 0.609668 11.5866
63 3.75 0.609498 11.9234
64 3.81 0.612892 12.273
65 3.87 0.566509 12.6064
66 3.93 0.590206 12.9646
67 3.99 0.566515 13.319
68 4.05 0.584608 13.6958
69 4.11 0.580319 14.081
70 4.17 0.631646 14.5126
71 4.23 0.675296 14.9874
72 4.29 0.68779 15.4848
73 4.35 0.704453 16.0086
74 4.41 0.772564 16.599
75 4.47 0.831694 17.252
76 4.53 0.848997 17.9366
77 4.59 0.903045 18.6842
78 4.65 0.982522 19.519
79 4.71 1.03359 20.42
80 4.77 1.05115 21.3598
81 4.83 1.11443 22.3814
82 4.89 1.15281 23.4646
83 4.95 1.18299 24.6036
84 5.01 1.21647 25.8034
85 5.07 1.22764 27.0434
86 5.13 1.27472 28.3616
87 5.19 1.27584 29.712
88 5.25 1.30907 31.1298
89 5.31 1.29644 32.5662
90 5.37 1.28034 34.017
91 5.43 1.26964 35.488
92 5.49 1.24981 36.9682
93 5.55 1.21351 38.437
94 5.61 1.16376 39.8762
95 5.67 1.14528 41.323
96 5.73 1.08375 42.7212
97 5.79 1.05184 44.1068
98 5.85 0.993339 45.4426
99 5.91 0.962344 46.7634
100 5.97 0.956236 48.1026
101 6.03 0.892927 49.3784
102 6.09 0.855521 50.6252
103 6.15 0.871206 51.92
104 6.21 0.813142 53.1522
105 6.27 0.841803 54.4526
106 6.33 0.833288 55.7646
107 6.39 0.807616 57.0604
108 6.45 0.801836 58.3712
109 6.51 0.811744 59.723
110 6.57 0.858419 61.179
111 6.63 0.845268 62.639
112 6.69 0.857696 64.1474
113 6.75 0.900605 65.7598
114 6.81 0.896877 67.3942
115 6.87 0.941563 69.1404
116 6.93 0.948116 70.9296
117 6.99 0.964723 72.7818
118 7.05 1.00244 74.7396
119 7.11 1.02828 76.7822
120 7.17 1.06728 78.9382
121 7.23 1.07048 81.137
122 7.29 1.07304 83.3778
123 7.35 1.09931 85.7114
124 7.41 1.10568 88.097
125 7.47 1.12201 90.5572
126 7.53 1.12692 93.068
127 7.59 1.1112 95.5834
128 7.65 1.10915 98.134
129 7.71 1.12577 100.764
130 7.77 1.09488 103.361
131 7.83 1.09178 105.991
132 7.89 1.0736 108.617
133 7.95 1.07461 111.286
134 8.01 1.04509 113.921
135 8.07 1.04289 116.59
136 8.13 1.03279 119.272
137 8.19 1.0162 121.951
138 8.25 1.00311 124.633
139 8.31 0.988239 127.315
140 8.37 0.987271 130.033
141 8.43 0.954288 132.698
142 8.49 0.942189 135.366
143 8.55 0.941614 138.071
144 8.61 0.933754 140.791
145 8.67 0.92013 143.509
146 8.73 0.920015 146.264
147 8.79 0.926865 149.078
148 8.85 0.919929 151.909
149 8.91 0.913928 154.76
150 8.97 0.934257 157.714
151 9.03 0.946102 160.745
152 9.09 0.951948 163.836
153 9.15 0.951359 166.966
154 9.21 0.964626 170.181
155 9.27 0.970067 173.457
156 9.33 0.977276 176.8
157 9.39 0.995826 180.25
158 9.45 1.00625 183.781
159 9.51 1.01779 187.398
160 9.57 1.03302 191.115
161 9.63 1.02892 194.865
162 9.69 1.02527 198.648
163 9.75 1.04834 202.564
164 9.81 1.05005 206.534
165 9.87 1.05948 210.59
166 9.93 1.04759 214.649
167 9.99 1.04963 218.765
168 10.05 1.06238 222.982
169 10.11 1.04966 227.197
170 10.17 1.06054 231.508
171 10.23 1.02416 235.719
172 10.29 1.02994 240.004
173 10.35 1.02549 244.321
174 10.41 1.03446 248.726
175 10.47 1.01939 253.117
176 10.53 1.02208 257.57
177 10.59 1.00786 262.012
178 10.65 0.995724 266.449
179 10.71 0.987927 270.902
180 10.77 0.98441 275.389
181 10.83 0.97631 279.889
182 10.89 0.973736 284.426
183 10.95 0.968782 288.991
184 11.01 0.970345 293.613
185 11.07 0.964216 298.256
186 11.13 0.967119 302.963
187 11.19 0.959093 307.682
188 11.25 0.970325 312.508
189 11.31 0.972869 317.398
190 11.37 0.961132 322.28
191 11.43 0.978262 327.302
192 11.49 0.979213 332.382
193 11.55 0.972958 337.482
194 11.61 0.987396 342.712
195 11.67 0.986986 347.994
196 11.73 0.988345 353.337
197 11.79 0.9938 358.766
198 11.85 0.999348 364.28
199 11.91 1.00233 369.867
200 11.97 1.01998 375.609
131000 200
1 0.03 0 0
2 0.09 0 0
3 0.15 0 0
4 0.21 0 0
5 0.27 0 0
6 0.33 0 0
7 0.39 0 0
8 0.45 0 0
9 0.51 0 0
10 0.57 0 0
11 0.63 0 0
12 0.69 0 0
13 0.75 0 0
14 0.81 0 0
15 0.87 0 0
16 0.93 0 0
17 0.99 0 0
18 1.05 0 0
19 1.11 0 0
20 1.17 0 0
21 1.23 0 0
22 1.29 0 0
23 1.35 0 0
24 1.41 0 0
25 1.47 0 0
26 1.53 0 0
27 1.59 0 0
28 1.65 0 0
29 1.71 0 0
30 1.77 0 0
31 1.83 0 0
32 1.89 0 0
33 1.95 0 0
34 2.01 0 0
35 2.07 0 0
36 2.13 0 0
37 2.19 0 0
38 2.25 0 0
39 2.31 0.00286137 0.0006
40 2.37 0.04893 0.0114
41 2.43 0.235304 0.066
42 2.49 0.706782 0.2382
43 2.55 1.34235 0.5812
44 2.61 2.15699 1.1586
45 2.67 2.65657 1.9028
46 2.73 2.89961 2.752
47 2.79 2.86189 3.6274
48 2.85 2.68878 4.4856
49 2.91 2.45163 5.3014
50 2.97 2.21279 6.0684
51 3.03 1.99741 6.789
52 3.09 1.66579 7.414
53 3.15 1.5024 7.9998
54 3.21 1.29858 8.5256
55 3.27 1.13332 9.0018
56 3.33 0.996004 9.4358
57 3.39 0.930944 9.8562
58 3.45 0.83727 10.2478
59 3.51 0.767165 10.6192
60 3.57 0.71404 10.9768
61 3.63 0.693721 11.336
62 3.69 0.616396 11.6658
63 3.75 0.580905 11.9868
64 3.81 0.578181 12.3166
65 3.87 0.579763 12.6578
66 3.93 0.573729 13.006
67 3.99 0.577385 13.3672
68 4.05 0.585849 13.7448
69 4.11 0.589961 14.1364
70 4.17 0.634865 14.5702
71 4.23 0.638317 15.019
72 4.29 0.664006 15.4992
73 4.35 0.718709 16.0336
74 4.41 0.758431 16.6132
75 4.47 0.780748 17.2262
76 4.53 0.845524 17.908
77 4.59 0.921406 18.6708
78 4.65 0.973342 19.4978
79 4.71 1.01294 20.3808
80 4.77 1.06412 21.3322
81 4.83 1.10679 22.3468
82 4.89 1.13791 23.416
83 4.95 1.19213 24.5638
84 5.01 1.19882 25.7462
85 5.07 1.2621 27.021
86 5.13 1.28168 28.3464
87 5.19 1.27678 29.6978
88 5.25 1.27602 31.0798
89 5.31 1.29717 32.517
90 5.37 1.27081 33.957
91 5.43 1.25393 35.4098
92 5.49 1.239 36.8772
93 5.55 1.2069 38.338
94 5.61 1.17508 39.7912
95 5.67 1.13103 41.22
96 5.73 1.12281 42.6686
97 5.79 1.0529 44.0556
98 5.85 1.02204 45.43
99 5.91 0.970067 46.7614
100 5.97 0.936243 48.0726
101 6.03 0.915604 49.3808
102 6.09 0.89079 50.679
103 6.15 0.867438 51.9682
104 6.21 0.859336 53.2704
105 6.27 0.834811 54.56
106 6.33 0.826682 55.8616
107 6.39 0.815718 57.1704
108 6.45 0.840619 58.5446
109 6.51 0.838766 59.9414
110 6.57 0.827408 61.3448
111 6.63 0.826858 62.773
112 6.69 0.859288 64.2842
113 6.75 0.894125 65.885
114 6.81 0.90006 67.5252
115 6.87 0.919995 69.2314
116 6.93 0.934126 70.9942
117 6.99 0.976494 72.869
118 7.05 0.991177 74.8048
119 7.11 1.02849 76.8478
120 7.17 1.03481 78.9382
121 7.23 1.07272 81.1416
122 7.29 1.07065 83.3774
123 7.35 1.08132 85.6728
124 7.41 1.07862 88
125 7.47 1.10578 90.4246
126 7.53 1.10205 92.88
127 7.59 1.10599 95.3836
128 7.65 1.09558 97.903
129 7.71 1.11986 100.519
130 7.77 1.09876 103.125
131 7.83 1.10896 105.797
132 7.89 1.07246 108.42
133 7.95 1.07083 111.08
134 8.01 1.07127 113.781
135 8.07 1.06102 116.496
136 8.13 1.0428 119.204
137 8.19 1.02682 121.911
138 8.25 1.00341 124.594
139 8.31 0.987575 127.274
140 8.37 0.984438 129.984
141 8.43 0.965103 132.679
142 8.49 0.944731 135.355
143 8.55 0.961318 138.116
144 8.61 0.953459 140.894
145 8.67 0.935027 143.655
146 8.73 0.93818 146.465
147 8.79 0.926799 149.279
148 8.85 0.930586 152.143
149 8.91 0.928033 155.038
150 8.97 0.936155 157.998
151 9.03 0.941545 161.014
152 9.09 0.934577 164.049
153 9.15 0.949596 167.173
154 9.21 0.969846 170.405
155 9.27 0.973976 173.694
156 9.33 0.964939 176.995
157 9.39 1.00143 180.464
158 9.45 0.986298 183.925
159 9.51 0.998767 187.475
160 9.57 1.00829 191.103
161 9.63 1.02118 194.825
162 9.69 1.0141 198.566
163 9.75 1.03062 202.416
164 9.81 1.03778 206.34
165 9.87 1.05075 210.363
166 9.93 1.05647 214.456
167 9.99 1.05738 218.603
168 10.05 1.03053 222.693
169 10.11 1.04672 226.897
170 10.17 1.04021 231.124
171 10.23 1.03962 235.399
172 10.29 1.05186 239.776
173 10.35 1.03514 244.133
174 10.41 1.01084 248.437
175 10.47 1.03179 252.882
176 10.53 1.02488 257.347
177 10.59 1.01848 261.835
178 10.65 1.00896 266.332
179 10.71 1.00208 270.849
180 10.77 0.997091 275.393
181 10.83 0.982472 279.921
182 10.89 0.975925 284.469
183 10.95 0.975447 289.065
184 11.01 0.973914 293.704
185 11.07 0.981286 298.429
186 11.13 0.965763 303.13
187 11.19 0.981327 307.959
188 11.25 0.971209 312.789
189 11.31 0.967219 317.65
190 11.37 0.965148 322.553
191 11.43 0.97834 327.575
192 11.49 0.971349 332.614
193 11.55 0.977994 337.741
194 11.61 0.975162 342.906
195 11.67 0.992854 348.219
196 11.73 0.988789 353.565
197 11.79 0.990578 358.976
198 11.85 1.00109 364.5
199 11.91 0.999136 370.069
200 11.97 1.00602 375.733
132000 200
1 0.03 0 0
2 0.09 0 0
3 0.15 0 0
4 0.21 0 0
5 0.27 0 0
6 0.33 0 0
7 0.39 0 0
8 0.45 0 0
9 0.51 0 0
10 0.57 0 0
11 0.63 0 0
12 0.69 0 0
13 0.75 0 0
14 0.81 0 0
15 0.87 0 0
16 0.93 0 0
17 0.99 0 0
18 1.05 0 0
19 1.11 0 0
20 1.17 0 0
21 1.23 0 0
22 1.29 0 0
23 1.35 0 0
24 1.41 0 0
25 1.47 0 0
26 1.53 0 0
27 1.59 0 0
28 1.65 0 0
29 1.71 0 0
30 1.77 0 0
31 1.83 0 0
32 1.89 0 0
33 1.95 0 0
34 2.01 0 0
35 2.07 0 0
36 2.13 0 0
37 2.19 0 0
38 2.25 0 0
39 2.31 0.00476896 0.001
40 2.37 0.0471178 0.0114
41 2.43 0.274953 0.0752
42 2.49 0.746184 0.257
43 2.55 1.41436 0.6184
44 2.61 2.09647 1.1796
45 2.67 2.58374 1.9034
46 2.73 2.88185 2.7474
47 2.79 2.90962 3.6374
48 2.85 2.72512 4.5072
49 2.91 2.47867 5.332
50 2.97 2.21452 6.0996
51 3.03 1.86491 6.7724
52 3.09 1.69245 7.4074
53 3.15 1.43931 7.9686
54 3.21 1.29513 8.493
55 3.27 1.13903 8.9716
56 3.33 1.02446 9.418
57 3.39 0.9088 9.8284
58 3.45 0.824441 10.214
59 3.51 0.772949 10.5882
60 3.57 0.740397 10.959
61 3.63 0.662434 11.302
62 3.69 0.635834 11.6422
63 3.75 0.576562 11.9608
64 3.81 0.601672 12.304
65 3.87 0.591997 12.6524
66 3.93 0.599104 13.016
67 3.99 0.570671 13.373
68 4.05 0.571265 13.7412
69 4.11 0.599904 14.1394
70 4.17 0.620231 14.5632
71 4.23 0.630637 15.0066
72 4.29 0.690002 15.5056
73 4.35 0.720591 16.0414
74 4.41 0.777536 16.6356
75 4.47 0.817938 17.2778
76 4.53 0.855445 17.9676
77 4.59 0.908119 18.7194
78 4.65 0.97805 19.5504
79 4.71 0.989082 20.4126
80 4.77 1.06659 21.3662
81 4.83 1.09392 22.369
82 4.89 1.17537 23.4734
83 4.95 1.17717 24.6068
84 5.01 1.20633 25.7966
85 5.07 1.24289 27.052
86 5.13 1.27375 28.3692
87 5.19 1.25751 29.7002
88 5.25 1.28433 31.0912
89 5.31 1.27045 32.4988
90 5.37 1.27222 33.9404
91 5.43 1.27896 35.4222
92 5.49 1.21266 36.8584
93 5.55 1.20657 38.3188
94 5.61 1.17152 39.7676
95 5.67 1.13483 41.2012
96 5.73 1.09165 42.6096
97 5.79 1.04652 43.9882
98 5.85 1.00107 45.3344
99 5.91 0.985659 46.6872
100 5.97 0.938956 48.0022
101 6.03 0.918404 49.3144
102 6.09 0.873361 50.5872
103 6.15 0.860575 51.8662
104 6.21 0.859732 53.169
105 6.27 0.853973 54.4882
106 6.33 0.83405 55.8014
107 6.39 0.834042 57.1396
108 6.45 0.8438 58.519
109 6.51 0.820031 59.8846
110 6.57 0.853703 61.3326
111 6.63 0.849553 62.8
112 6.69 0.862813 64.3174
113 6.75 0.895801 65.9212
114 6.81 0.91312 67.5852
115 6.87 0.931642 69.313
116 6.93 0.958714 71.1222
117 6.99 0.973161 72.9906
118 7.05 0.978274 74.9012
119 7.11 1.01842 76.9242
120 7.17 1.03372 79.0124
121 7.23 1.07437 81.2192
122 7.29 1.06069 83.4342
123 7.35 1.08056 85.728
124 7.41 1.09817 88.0974
125 7.47 1.0921 90.492
126 7.53 1.10896 92.9628
127 7.59 1.09609 95.444
128 7.65 1.1101 97.9968
129 7.71 1.10231 100.572
130 7.77 1.08721 103.151
131 7.83 1.08107 105.755
132 7.89 1.08709 108.414
133 7.95 1.06841 111.068
134 8.01 1.04794 113.71
135 8.07 1.05602 116.412
136 8.13 1.03179 119.092
137 8.19 1.03274 121.814
138 8.25 0.996384 124.479
139 8.31 0.992661 127.172
140 8.37 0.969617 129.842
141 8.43 0.967753 132.544
142 8.49 0.952075 135.241
143 8.55 0.956932 137.989
144 8.61 0.948859 140.753
145 8.67 0.952632 143.567
146 8.73 0.937445 146.375
147 8.79 0.948077 149.253
148 8.85 0.931366 152.119
149 8.91 0.940022 155.052
150 8.97 0.925844 157.979
151 9.03 0.938924 160.987
152 9.09 0.948807 164.068
153 9.15 0.963032 167.236
154 9.21 0.950825 170.405
155 9.27 0.984815 173.731
156 9.33 0.980258 177.084
157 9.39 0.98659 180.502
158 9.45 0.996044 183.997
159 9.51 0.998823 187.547
160 9.57 1.01585 191.203
161 9.63 1.03786 194.985
162 9.69 1.02608 198.77
163 9.75 1.02227 202.589
164 9.81 1.03625 206.508
165 9.87 1.0425 210.498
166 9.93 1.03484 214.508
167 9.99 1.04463 218.604
168 10.05 1.04162 222.738
169 10.11 1.04453 226.934
170 10.17 1.05173 231.208
171 10.23 1.03476 235.463
172 10.29 1.04638 239.817
173 10.35 1.02582 244.135
174 10.41 1.03761 248.553
175 10.47 1.01127 252.909
176 10.53 1.00905 257.306
177 10.59 0.996192 261.696
178 10.65 0.994558 266.128
179 10.71 0.995959 270.617
180 10.77 0.994546 275.15
181 10.83 0.981864 279.675
182 10.89 0.987255 284.276
183 10.95 0.985889 288.921
184 11.01 0.97341 293.558
185 11.07 0.983321 298.293
186 11.13 0.977679 303.052
187 11.19 0.972791 307.838
188 11.25 0.979092 312.707
189 11.31 0.979872 317.632
190 11.37 0.978219 322.602
191 11.43 0.972729 327.595
192 11.49 0.978442 332.671
193 11.55 0.987609 337.848
194 11.61 0.988265 343.082
195 11.67 0.98807 348.37
196 11.73 0.993561 353.742
197 11.79 0.979776 359.093
198 11.85 0.992678 364.571
199 11.91 1.00581 370.177
200 11.97 1.00531 375.837
133000 200
1 0.03 0 0
2 0.09 0 0
3 0.15 0 0
4 0.21 0 0
5 0.27 0 0
6 0.33 0 0
7 0.39 0 0
8 0.45 0 0
9 0.51 0 0
10 0.57 0 0
11 0.63 0 0
12 0.69 0 0
13 0.75 0 0
14 0.81 0 0
15 0.87 0 0
16 0.93 0 0
17 0.99 0 0
18 1.05 0 0
19 1.11 0 0
20 1.17 0 0
21 1.23 0 0
22 1.29 0 0
23 1.35 0 0
24 1.41 0 0
25 1.47 0 0
26 1.53 0 0
27 1.59 0 0
28 1.65 0 0
29 1.71 0 0
30 1.77 0 0
31 1.83 0 0
32 1.89 0 0
33 1.95 0 0
34 2.01 0 0
35 2.07 0 0
36 2.13 0 0
37 2.19 0 0
38 2.25 0 0
39 2.31 0.00381517 0.0008
40 2.37 0.0534606 0.0126
41 2.43 0.262024 0.0734
42 2.49 0.669842 0.2366
43 2.55 1.4942 0.6184
44 2.61 2.05314 1.168
45 2.67 2.63515 1.9062
46 2.73 2.81015 2.7292
47 2.79 2.87889 3.6098
48 2.85 2.77086 4.4942
49 2.91 2.50752 5.3286
50 2.97 2.24279 6.106
51 3.03 1.9331 6.8034
52 3.09 1.70364 7.4426
53 3.15 1.45111 8.0084
54 3.21 1.30698 8.5376
55 3.27 1.13618 9.015
56 3.33 0.996463 9.4492
57 3.39 0.853882 9.8348
58 3.45 0.828717 10.2224
59 3.51 0.74527 10.5832
60 3.57 0.72003 10.9438
61 3.63 0.67943 11.2956
62 3.69 0.613032 11.6236
63 3.75 0.609136 11.9602
64 3.81 0.595011 12.2996
65 3.87 0.578063 12.6398
66 3.93 0.583615 12.994
67 3.99 0.555965 13.3418
68 4.05 0.593917 13.7246
69 4.11 0.614668 14.1326
70 4.17 0.614962 14.5528
71 4.23 0.664487 15.02
72 4.29 0.669814 15.5044
73 4.35 0.729468 16.0468
74 4.41 0.746393 16.6172
75 4.47 0.798579 17.2442
76 4.53 0.860654 17.9382
77 4.59 0.904495 18.687
78 4.65 0.970988 19.512
79 4.71 1.00285 20.3862
80 4.77 1.02408 21.3018
81 4.83 1.14476 22.3512
82 4.89 1.16579 23.4466
83 4.95 1.16533 24.5686
84 5.01 1.20775 25.7598
85 5.07 1.25358 27.026
86 5.13 1.28651 28.3564
87 5.19 1.28774 29.7194
88 5.25 1.31572 31.1444
89 5.31 1.27767 32.56
90 5.37 1.25987 33.9876
91 5.43 1.26515 35.4534
92 5.49 1.24474 36.9276
93 5.55 1.19914 38.379
94 5.61 1.17783 39.8356
95 5.67 1.12818 41.2608
96 5.73 1.10529 42.6868
97 5.79 1.04986 44.0698
98 5.85 1.01193 45.4306
99 5.91 0.955932 46.7426
100 5.97 0.919391 48.0302
101 6.03 0.899366 49.3152
102 6.09 0.887908 50.6092
103 6.15 0.879818 51.9168
104 6.21 0.863955 53.226
105 6.27 0.833905 54.5142
106 6.33 0.808772 55.7876
107 6.39 0.811106 57.089
108 6.45 0.815416 58.422
109 6.51 0.821112 59.7894
110 6.57 0.832006 61.2006
111 6.63 0.8367 62.6458
112 6.69 0.869978 64.1758
113 6.75 0.885524 65.7612
114 6.81 0.914767 67.4282
115 6.87 0.935524 69.1632
116 6.93 0.976201 71.0054
117 6.99 0.987849 72.902
118 7.05 1.00377 74.8624
119 7.11 1.02476 76.898
120 7.17 1.0357 78.9902
121 7.23 1.06795 81.1838
122 7.29 1.06893 83.416
123 7.35 1.07924 85.707
124 7.41 1.08751 88.0534
125 7.47 1.11463 90.4974
126 7.53 1.10447 92.9582
127 7.59 1.10908 95.4688
128 7.65 1.13132 98.0704
129 7.71 1.12269 100.693
130 7.77 1.09235 103.284
131 7.83 1.09236 105.916
132 7.89 1.08946 108.581
133 7.95 1.06938 111.237
134 8.01 1.05088 113.886
135 8.07 1.03578 116.537
136 8.13 1.01839 119.182
137 8.19 1.01483 121.856
138 8.25 1.00588 124.547
139 8.31 0.986986 127.225
140 8.37 0.983711 129.933
141 8.43 0.977207 132.662
142 8.49 0.938094 135.319
143 8.55 0.955261 138.063
144 8.61 0.931969 140.777
145 8.67 0.935839 143.542
146 8.73 0.930233 146.327
147 8.79 0.918894 149.117
148 8.85 0.926167 151.968
149 8.91 0.923417 154.848
150 8.97 0.94305 157.83
151 9.03 0.945103 160.858
152 9.09 0.932791 163.887
153 9.15 0.955007 167.028
154 9.21 0.962166 170.235
155 9.27 0.966928 173.5
156 9.33 0.982773 176.862
157 9.39 0.994152 180.306
158 9.45 1.00431 183.831
159 9.51 1.01993 187.455
160 9.57 1.0139 191.104
161 9.63 1.03204 194.865
162 9.69 1.03426 198.681
163 9.75 1.04326 202.578
164 9.81 1.0455 206.531
165 9.87 1.0519 210.558
166 9.93 1.05002 214.626
167 9.99 1.04361 218.719
168 10.05 1.06006 222.926
169 10.11 1.04802 227.135
170 10.17 1.04819 231.395
171 10.23 1.03753 235.662
172 10.29 1.03585 239.972
173 10.35 1.03357 244.322
174 10.41 1.01727 248.654
175 10.47 1.02649 253.076
176 10.53 1.01185 257.484
177 10.59 1.00359 261.907
178 10.65 0.992449 266.33
179 10.71 0.990279 270.794
180 10.77 0.999856 275.351
181 10.83 0.972621 279.833
182 10.89 0.98395 284.419
183 10.95 0.971329 288.995
184 11.01 0.969169 293.611
185 11.07 0.963634 298.252
186 11.13 0.975295 302.999
187 11.19 0.961288 307.729
188 11.25 0.96204 312.513
189 11.31 0.954884 317.313
190 11.37 0.967156 322.226
191 11.43 0.980404 327.259
192 11.49 0.974124 332.312
193 11.55 0.986083 337.481
194 11.61 0.988491 342.717
195 11.67 0.997301 348.054
196 11.73 0.990269 353.408
197 11.79 1.00255 358.884
198 11.85 1.01069 364.461
199 11.91 1.01019 370.091
200 11.97 1.01664 375.815
134000 200
1 0.03 0 0
2 0.09 0 0
3 0.15 0 0
4 0.21 0 0
5 0.27 0 0
6 0.33 0 0
7 0.39 0 0
8 0.45 0 0
9 0.51 0 0
10 0.57 0 0
11 0.63 0 0
12 0.69 0 0
13 0.75 0 0
14 0.81 0 0
15 0.87 0 0
16 0.93 0 0
17 0.99 0 0
18 1.05 0 0
19 1.11 0 0
20 1.17 0 0
21 1.23 0 0
22 1.29 0 0
23 1.35 0 0
24 1.41 0 0
25 1.47 0 0
26 1.53 0 0
27 1.59 0 0
28 1.65 0 0
29 1.71 0 0
30 1.77 0 0
31 1.83 0 0
32 1.89 0 0
33 1.95 0 0
34 2.01 0 0
35 2.07 0 0
36 2.13 0 0
37 2.19 0 0
38 2.25 0 0
39 2.31 0.00763033 0.0016
40 2.37 0.0570851 0.0142
41 2.43 0.263748 0.0754
42 2.49 0.726483 0.2524
43 2.55 1.44567 0.6218
44 2.61 2.12561 1.1908
45 2.67 2.63158 1.928
46 2.73 2.94126 2.7894
47 2.79 2.84031 3.6582
48 2.85 2.71509 4.5248
49 2.91 2.4396 5.3366
50 2.97 2.16778 6.088
51 3.03 1.86436 6.7606
52 3.09 1.65407 7.3812
53 3.15 1.47881 7.9578
54 3.21 1.30747 8.4872
55 3.27 1.1081 8.9528
56 3.33 1.04144 9.4066
57 3.39 0.944231 9.833
58 3.45 0.807764 10.2108
59 3.51 0.780798 10.5888
60 3.57 0.704056 10.9414
61 3.63 0.660889 11.2836
62 3.69 0.617518 11.614
63 3.75 0.638091 11.9666
64 3.81 0.587998 12.302
65 3.87 0.600493 12.6554
66 3.93 0.566809 12.9994
67 3.99 0.574508 13.3588
68 4.05 0.57623 13.7302
69 4.11 0.598699 14.1276
70 4.17 0.638085 14.5636
71 4.23 0.644006 15.0164
72 4.29 0.678387 15.507
73 4.35 0.710908 16.0356
74 4.41 0.772302 16.6258
75 4.47 0.808258 17.2604
76 4.53 0.871319 17.963
77 4.59 0.904495 18.7118
78 4.65 0.957335 19.5252
79 4.71 1.01799 20.4126
80 4.77 1.07151 21.3706
81 4.83 1.10767 22.386
82 4.89 1.13621 23.4536
83 4.95 1.16533 24.5756
84 5.01 1.23289 25.7916
85 5.07 1.24586 27.05
86 5.13 1.25692 28.3498
87 5.19 1.26979 29.6938
88 5.25 1.28525 31.0858
89 5.31 1.28832 32.5132
90 5.37 1.28299 33.967
91 5.43 1.27551 35.4448
92 5.49 1.22296 36.8932
93 5.55 1.20707 38.3542
94 5.61 1.14678 39.7724
95 5.67 1.15747 41.2346
96 5.73 1.08747 42.6376
97 5.79 1.05077 44.0218
98 5.85 1.00018 45.3668
99 5.91 0.952872 46.6746
100 5.97 0.962376 48.0224
101 6.03 0.889148 49.2928
102 6.09 0.889143 50.5886
103 6.15 0.850213 51.8522
104 6.21 0.845742 53.1338
105 6.27 0.857468 54.4584
106 6.33 0.839512 55.7802
107 6.39 0.839901 57.1278
108 6.45 0.840864 58.5024
109 6.51 0.836004 59.8946
110 6.57 0.830709 61.3036
111 6.63 0.847932 62.7682
112 6.69 0.863723 64.2872
113 6.75 0.887535 65.8762
114 6.81 0.91323 67.5404
115 6.87 0.943073 69.2894
116 6.93 0.939108 71.0616
117 6.99 0.98337 72.9496
118 7.05 0.991177 74.8854
119 7.11 1.01942 76.9104
120 7.17 1.03788 79.007
121 7.23 1.05889 81.182
122 7.29 1.08885 83.4558
123 7.35 1.07943 85.7472
124 7.41 1.10086 88.1224
125 7.47 1.10049 90.5354
126 7.53 1.1043 92.9958
127 7.59 1.10617 95.4998
128 7.65 1.10149 98.0328
129 7.71 1.10762 100.62
130 7.77 1.07675 103.174
131 7.83 1.0824 105.782
132 7.89 1.08137 108.427
133 7.95 1.07123 111.088
134 8.01 1.05246 113.741
135 8.07 1.03 116.377
136 8.13 1.02378 119.036
137 8.19 1.03289 121.758
138 8.25 1.02054 124.488
139 8.31 0.998189 127.196
140 8.37 0.980805 129.896
141 8.43 0.963814 132.588
142 8.49 0.96528 135.322
143 8.55 0.930126 137.993
144 8.61 0.942611 140.739
145 8.67 0.936246 143.505
146 8.73 0.935041 146.305
147 8.79 0.932596 149.136
148 8.85 0.938579 152.025
149 8.91 0.937457 154.949
150 8.97 0.952222 157.96
151 9.03 0.936427 160.96
152 9.09 0.940183 164.013
153 9.15 0.950934 167.141
154 9.21 0.969066 170.371
155 9.27 0.964855 173.629
156 9.33 0.984878 176.998
157 9.39 1.00148 180.468
158 9.45 1.00551 183.996
159 9.51 1.00856 187.58
160 9.57 1.00896 191.211
161 9.63 1.02035 194.93
162 9.69 1.02993 198.73
163 9.75 1.02495 202.558
164 9.81 1.05291 206.54
165 9.87 1.06277 210.608
166 9.93 1.04604 214.661
167 9.99 1.0457 218.762
168 10.05 1.0455 222.911
169 10.11 1.03766 227.079
170 10.17 1.03633 231.291
171 10.23 1.03408 235.543
172 10.29 1.03547 239.851
173 10.35 1.02592 244.17
174 10.41 1.02864 248.55
175 10.47 1.01312 252.914
176 10.53 1.01901 257.354
177 10.59 0.999006 261.756
178 10.65 0.997789 266.203
179 10.71 0.994672 270.686
180 10.77 0.998188 275.236
181 10.83 0.982168 279.762
182 10.89 0.980517 284.332
183 10.95 0.979097 288.945
184 11.01 0.97786 293.602
185 11.07 0.974018 298.293
186 11.13 0.972091 303.024
187 11.19 0.970718 307.801
188 11.25 0.962844 312.589
189 11.31 0.966145 317.445
190 11.37 0.976999 322.408
191 11.43 0.96634 327.369
192 11.49 0.971888 332.411
193 11.55 0.983679 337.567
194 11.61 0.988529 342.803
195 11.67 0.979773 348.046
196 11.73 0.99567 353.429
197 11.79 1.0009 358.896
198 11.85 1.01102 364.475
199 11.91 1.015 370.132
200 11.97 1.00549 375.793
135000 200
1 0.03 0 0
2 0.09 0 0
3 0.15 0 0
4 0.21 0 0
5 0.27 0 0
6 0.33 0 0
7 0.39 0 0
8 0.45 0 0
9 0.51 0 0
10 0.57 0 0
11 0.63 0 0
12 0.69 0 0
13 0.75 0 0
14 0.81 0 0
15 0.87 0 0
16 0.93 0 0
17 0.99 0 0
18 1.05 0 0
19 1.11 0 0
20 1.17 0 0
21 1.23 0 0
22 1.29 0 0
23 1.35 0 0
24 1.41 0 0
25 1.47 0 0
26 1.53 0 0
27 1.59 0 0
28 1.65 0 0
29 1.71 0 0
30 1.77 0 0
31 1.83 0 0
32 1.89 0 0
33 1.95 0 0
34 2.01 0 0
35 2.07 0 0
36 2.13 0 0
37 2.19 0 0
38 2.25 0 0
39 2.31 0.00572275 0.0012
40 2.37 0.0443995 0.011
41 2.43 0.259438 0.0712
42 2.49 0.719095 0.2464
43 2.55 1.41514 0.608
44 2.61 2.11665 1.1746
45 2.67 2.59731 1.9022
46 2.73 2.93307 2.7612
47 2.79 2.8462 3.6318
48 2.85 2.73514 4.5048
49 2.91 2.50331 5.3378
50 2.97 2.19836 6.0998
51 3.03 1.88487 6.7798
52 3.09 1.66046 7.4028
53 3.15 1.4783 7.9792
54 3.21 1.27537 8.4956
55 3.27 1.13665 8.9732
56 3.33 1.03089 9.4224
57 3.39 0.938916 9.8464
58 3.45 0.827007 10.2332
59 3.51 0.759729 10.601
60 3.57 0.727219 10.9652
61 3.63 0.65973 11.3068
62 3.69 0.630975 11.6444
63 3.75 0.599725 11.9758
64 3.81 0.596062 12.3158
65 3.87 0.58554 12.6604
66 3.93 0.584275 13.015
67 3.99 0.590173 13.3842
68 4.05 0.577161 13.7562
69 4.11 0.582428 14.1428
70 4.17 0.623743 14.569
71 4.23 0.643437 15.0214
72 4.29 0.668708 15.505
73 4.35 0.711177 16.0338
74 4.41 0.75058 16.6074
75 4.47 0.787116 17.2254
76 4.53 0.859662 17.9186
77 4.59 0.90522 18.668
78 4.65 0.957806 19.4818
79 4.71 1.01753 20.3688
80 4.77 1.04712 21.305
81 4.83 1.12708 22.3382
82 4.89 1.16707 23.4348
83 4.95 1.17613 24.5672
84 5.01 1.21829 25.7688
85 5.07 1.25873 27.0402
86 5.13 1.2546 28.3376
87 5.19 1.28453 29.6972
88 5.25 1.30575 31.1114
89 5.31 1.29013 32.5408
90 5.37 1.30435 34.0188
91 5.43 1.26377 35.483
92 5.49 1.21316 36.9198
93 5.55 1.21863 38.3948
94 5.61 1.15454 39.8226
95 5.67 1.15224 41.2782
96 5.73 1.07584 42.6662
97 5.79 1.05639 44.0578
98 5.85 1.00375 45.4076
99 5.91 0.974147 46.7446
100 5.97 0.9341 48.0528
101 6.03 0.917004 49.363
102 6.09 0.881732 50.648
103 6.15 0.860037 51.9262
104 6.21 0.838615 53.197
105 6.27 0.839213 54.4934
106 6.33 0.830874 55.8016
107 6.39 0.820206 57.1176
108 6.45 0.833034 58.4794
109 6.51 0.825195 59.8536
110 6.57 0.827879 61.2578
111 6.63 0.853142 62.7314
112 6.69 0.87066 64.2626
113 6.75 0.879715 65.8376
114 6.81 0.910267 67.4964
115 6.87 0.918485 69.1998
116 6.93 0.94854 70.9898
117 6.99 0.977536 72.8666
118 7.05 0.997527 74.8148
119 7.11 1.00754 76.8162
120 7.17 1.04194 78.921
121 7.23 1.05733 81.0928
122 7.29 1.07649 83.3408
123 7.35 1.09724 85.67
124 7.41 1.10225 88.0482
125 7.47 1.09885 90.4576
126 7.53 1.12054 92.9542
127 7.59 1.11182 95.471
128 7.65 1.11767 98.0412
129 7.71 1.0905 100.588
130 7.77 1.10736 103.215
131 7.83 1.11486 105.901
132 7.89 1.07434 108.529
133 7.95 1.06599 111.177
134 8.01 1.05453 113.835
135 8.07 1.04187 116.501
136 8.13 1.02324 119.159
137 8.19 1.02075 121.849
138 8.25 1.0171 124.57
139 8.31 0.997673 127.277
140 8.37 0.970125 129.947
141 8.43 0.954932 132.614
142 8.49 0.976295 135.379
143 8.55 0.949621 138.107
144 8.61 0.947417 140.867
145 8.67 0.926427 143.603
146 8.73 0.93237 146.395
147 8.79 0.938261 149.244
148 8.85 0.91278 152.053
149 8.91 0.934893 154.97
150 8.97 0.935396 157.927
151 9.03 0.934804 160.922
152 9.09 0.954474 164.021
153 9.15 0.950204 167.147
154 9.21 0.968466 170.375
155 9.27 0.965506 173.635
156 9.33 0.970435 176.955
157 9.39 0.990284 180.386
158 9.45 0.988464 183.854
159 9.51 1.00428 187.423
160 9.57 1.00946 191.056
161 9.63 1.03018 194.81
162 9.69 1.03345 198.623
163 9.75 1.03555 202.491
164 9.81 1.03736 206.414
165 9.87 1.04469 210.413
166 9.93 1.04382 214.458
167 9.99 1.05274 218.586
168 10.05 1.0455 222.735
169 10.11 1.04493 226.932
170 10.17 1.03948 231.157
171 10.23 1.03938 235.431
172 10.29 1.037 239.746
173 10.35 1.04046 244.125
174 10.41 1.04132 248.559
175 10.47 1.03091 253
176 10.53 1.02626 257.471
177 10.59 1.00509 261.901
178 10.65 1.00986 266.401
179 10.71 1.00044 270.911
180 10.77 0.983883 275.395
181 10.83 0.980172 279.912
182 10.89 0.986525 284.51
183 10.95 0.973537 289.096
184 11.01 0.984117 293.784
185 11.07 0.97082 298.459
186 11.13 0.9732 303.196
187 11.19 0.958849 307.914
188 11.25 0.964453 312.71
189 11.31 0.967418 317.573
190 11.37 0.978613 322.544
191 11.43 0.964431 327.495
192 11.49 0.970655 332.53
193 11.55 0.979253 337.664
194 11.61 0.99223 342.919
195 11.67 0.989565 348.215
196 11.73 0.992747 353.582
197 11.79 0.980985 358.94
198 11.85 0.993512 364.422
199 11.91 1.00179 370.006
200 11.97 1.00428 375.66
136000 200
1 0.03 0 0
2 0.09 0 0
3 0.15 0 0
4 0.21 0 0
5 0.27 0 0
6 0.33 0 0
7 0.39 0 0
8 0.45 0 0
9 0.51 0 0
10 0.57 0 0
11 0.63 0 0
12 0.69 0 0
13 0.75 0 0
14 0.81 0 0
15 0.87 0 0
16 0.93 0 0
17 0.99 0 0
18 1.05 0 0
19 1.11 0 0
20 1.17 0 0
21 1.23 0 0
22 1.29 0 0
23 1.35 0 0
24 1.41 0 0
25 1.47 0 0
26 1.53 0 0
27 1.59 0 0
28 1.65 0 0
29 1.71 0 0
30 1.77 0 0
31 1.83 0 0
32 1.89 0 0
33 1.95 0 0
34 2.01 0 0
35 2.07 0 0
36 2.13 0 0
37 2.19 0 0
38 2.25 0 0
39 2.31 0.00667654 0.0014
40 2.37 0.04893 0.0122
41 2.43 0.262024 0.073
42 2.49 0.719095 0.2482
43 2.55 1.39479 0.6046
44 2.61 2.089 1.1638
45 2.67 2.55233 1.8788
46 2.73 2.94877 2.7424
47 2.79 2.82985 3.608
48 2.85 2.7483 4.4852
49 2.91 2.45283 5.3014
50 2.97 2.26876 6.0878
51 3.03 1.94862 6.7908
52 3.09 1.71377 7.4338
53 3.15 1.41059 7.9838
54 3.21 1.29068 8.5064
55 3.27 1.12904 8.9808
56 3.33 1.05567 9.4408
57 3.39 0.92873 9.8602
58 3.45 0.848815 10.2572
59 3.51 0.77047 10.6302
60 3.57 0.712043 10.9868
61 3.63 0.683292 11.3406
62 3.69 0.620508 11.6726
63 3.75 0.597916 12.003
64 3.81 0.569766 12.328
65 3.87 0.569228 12.663
66 3.93 0.568786 13.0082
67 3.99 0.563957 13.361
68 4.05 0.572506 13.73
69 4.11 0.607437 14.1332
70 4.17 0.619938 14.5568
71 4.23 0.641162 15.0076
72 4.29 0.697469 15.512
73 4.35 0.709832 16.0398
74 4.41 0.764189 16.6238
75 4.47 0.798833 17.251
76 4.53 0.843788 17.9314
77 4.59 0.902079 18.6782
78 4.65 0.955452 19.49
79 4.71 1.01638 20.376
80 4.77 1.0299 21.2968
81 4.83 1.12752 22.3304
82 4.89 1.14408 23.4054
83 4.95 1.2023 24.563
84 5.01 1.22275 25.769
85 5.07 1.23042 27.0118
86 5.13 1.28071 28.3362
87 5.19 1.28736 29.6988
88 5.25 1.29855 31.1052
89 5.31 1.2894 32.5338
90 5.37 1.28034 33.9846
91 5.43 1.28293 35.471
92 5.49 1.24609 36.9468
93 5.55 1.20261 38.4024
94 5.61 1.17945 39.861
95 5.67 1.12564 41.283
96 5.73 1.08049 42.677
97 5.79 1.05685 44.0692
98 5.85 1.02457 45.447
99 5.91 0.962781 46.7684
100 5.97 0.950809 48.1
101 6.03 0.898387 49.3836
102 6.09 0.887496 50.677
103 6.15 0.864612 51.962
104 6.21 0.826076 53.2138
105 6.27 0.85941 54.5414
106 6.33 0.814869 55.8244
107 6.39 0.807865 57.1206
108 6.45 0.832422 58.4814
109 6.51 0.812225 59.834
110 6.57 0.846038 61.269
111 6.63 0.831952 62.706
112 6.69 0.858037 64.215
113 6.75 0.904179 65.8338
114 6.81 0.921132 67.5124
115 6.87 0.921505 69.2214
116 6.93 0.945254 71.0052
117 6.99 0.987224 72.9006
118 7.05 0.997731 74.8492
119 7.11 1.01479 76.865
120 7.17 1.03441 78.9546
121 7.23 1.04507 81.1012
122 7.29 1.07055 83.3368
123 7.35 1.10044 85.6728
124 7.41 1.09437 88.034
125 7.47 1.11919 90.488
126 7.53 1.1016 92.9424
127 7.59 1.11792 95.473
128 7.65 1.10184 98.0068
129 7.71 1.11156 100.603
130 7.77 1.09539 103.202
131 7.83 1.09576 105.842
132 7.89 1.09421 108.518
133 7.95 1.07284 111.183
134 8.01 1.06183 113.86
135 8.07 1.03656 116.512
136 8.13 1.02871 119.184
137 8.19 1.03054 121.9
138 8.25 0.995187 124.562
139 8.31 0.999884 127.275
140 8.37 0.977245 129.965
141 8.43 0.984083 132.713
142 8.49 0.95384 135.415
143 8.55 0.937506 138.108
144 8.61 0.955313 140.891
145 8.67 0.937464 143.66
146 8.73 0.931301 146.449
147 8.79 0.924362 149.255
148 8.85 0.928117 152.111
149 8.91 0.926494 155.002
150 8.97 0.919328 157.908
151 9.03 0.926315 160.876
152 9.09 0.936425 163.917
153 9.15 0.954095 167.055
154 9.21 0.970626 170.291
155 9.27 0.963729 173.545
156 9.33 0.98745 176.922
157 9.39 0.986243 180.339
158 9.45 1.00437 183.864
159 9.51 1.00107 187.421
160 9.57 1.02591 191.113
161 9.63 1.02699 194.856
162 9.69 1.02944 198.654
163 9.75 1.04556 202.56
164 9.81 1.03466 206.472
165 9.87 1.06219 210.538
166 9.93 1.03979 214.567
167 9.99 1.04932 218.682
168 10.05 1.04248 222.819
169 10.11 1.04951 227.035
170 10.17 1.04356 231.276
171 10.23 1.03875 235.547
172 10.29 1.04546 239.897
173 10.35 1.03794 244.266
174 10.41 1.02 248.61
175 10.47 1.01804 252.995
176 10.53 1.00234 257.362
177 10.59 1.02705 261.888
178 10.65 1.0016 266.352
179 10.71 0.990013 270.814
180 10.77 0.981909 275.29
181 10.83 0.98794 279.843
182 10.89 0.985238 284.434
183 10.95 0.967509 288.992
184 11.01 0.972948 293.627
185 11.07 0.982034 298.356
186 11.13 0.963175 303.044
187 11.19 0.968482 307.809
188 11.25 0.974507 312.656
189 11.31 0.978519 317.574
190 11.37 0.975227 322.528
191 11.43 0.967587 327.495
192 11.49 0.969691 332.526
193 11.55 0.984518 337.686
194 11.61 0.988944 342.924
195 11.67 0.989827 348.221
196 11.73 0.974621 353.491
197 11.79 0.993288 358.916
198 11.85 1.00185 364.444
199 11.91 1.00699 370.057
200 11.97 1.01586 375.776
137000 200
1 0.03 0 0
2 0.09 0 0
3 0.15 0 0
4 0.21 0 0
5 0.27 0 0
6 0.33 0 0
7 0.39 0 0
8 0.45 0 0
9 0.51 0 0
10 0.57 0 0
11 0.63 0 0
12 0.69 0 0
13 0.75 0 0
14 0.81 0 0
15 0.87 0 0
16 0.93 0 0
17 0.99 0 0
18 1.05 0 0
19 1.11 0 0
20 1.17 0 0
21 1.23 0 0
22 1.29 0 0
23 1.35 0 0
24 1.41 0 0
25 1.47 0 0
26 1.53 0 0
27 1.59 0 0
28 1.65 0 0
29 1.71 0 0
30 1.77 0 0
31 1.83 0 0
32 1.89 0 0
33 1.95 0 0
34 2.01 0 0
35 2.07 0 0
36 2.13 0 0
37 2.19 0 0
38 2.25 0.00100534 0.0002
39 2.31 0.0104917 0.0024
40 2.37 0.0570851 0.015
41 2.43 0.251681 0.0734
42 2.49 0.71417 0.2474
43 2.55 1.46289 0.6212
44 2.61 2.1144 1.1872
45 2.67 2.62801 1.9234
46 2.73 2.83132 2.7526
47 2.79 2.89655 3.6386
48 2.85 2.62799 4.4774
49 2.91 2.50993 5.3126
50 2.97 2.25029 6.0926
51 3.03 1.97357 6.8046
52 3.09 1.70417 7.444
53 3.15 1.48086 8.0214
54 3.21 1.26549 8.5338
55 3.27 1.09001 8.9918
56 3.33 0.967088 9.4132
57 3.39 0.926073 9.8314
58 3.45 0.824441 10.217
59 3.51 0.778319 10.5938
60 3.57 0.694073 10.9414
61 3.63 0.684451 11.2958
62 3.69 0.638824 11.6376
63 3.75 0.616374 11.9782
64 3.81 0.580986 12.3096
65 3.87 0.556654 12.6372
66 3.93 0.574388 12.9858
67 3.99 0.588894 13.3542
68 4.05 0.592676 13.7362
69 4.11 0.59207 14.1292
70 4.17 0.607352 14.5442
71 4.23 0.658514 15.0072
72 4.29 0.693874 15.509
73 4.35 0.69719 16.0274
74 4.41 0.772302 16.6176
75 4.47 0.794248 17.2412
76 4.53 0.84354 17.9214
77 4.59 0.897972 18.6648
78 4.65 0.989113 19.5052
79 4.71 1.03887 20.4108
80 4.77 1.07195 21.3692
81 4.83 1.10985 22.3866
82 4.89 1.14621 23.4636
83 4.95 1.19233 24.6116
84 5.01 1.23796 25.8326
85 5.07 1.22824 27.0732
86 5.13 1.26621 28.3826
87 5.19 1.27262 29.7296
88 5.25 1.32403 31.1636
89 5.31 1.27135 32.5722
90 5.37 1.26658 34.0074
91 5.43 1.27309 35.4824
92 5.49 1.21958 36.9268
93 5.55 1.20872 38.3898
94 5.61 1.17945 39.8484
95 5.67 1.11773 41.2604
96 5.73 1.08235 42.6568
97 5.79 1.03028 44.014
98 5.85 1.02264 45.3892
99 5.91 0.977499 46.7308
100 5.97 0.922105 48.0222
101 6.03 0.910285 49.3228
102 6.09 0.880223 50.6056
103 6.15 0.859095 51.8824
104 6.21 0.84429 53.1618
105 6.27 0.822512 54.4324
106 6.33 0.835828 55.7484
107 6.39 0.833543 57.0858
108 6.45 0.842209 58.4626
109 6.51 0.822913 59.833
110 6.57 0.847453 61.2704
111 6.63 0.850826 62.74
112 6.69 0.868954 64.2682
113 6.75 0.881614 65.8466
114 6.81 0.911803 67.5082
115 6.87 0.925711 69.225
116 6.93 0.963377 71.043
117 6.99 0.995557 72.9544
118 7.05 0.987388 74.8828
119 7.11 1.00583 76.8808
120 7.17 1.05916 79.0204
121 7.23 1.06561 81.2092
122 7.29 1.06241 83.4278
123 7.35 1.09611 85.7546
124 7.41 1.08093 88.0868
125 7.47 1.11171 90.5244
126 7.53 1.11596 93.0108
127 7.59 1.11447 95.5336
128 7.65 1.11645 98.101
129 7.71 1.10668 100.686
130 7.77 1.0867 103.264
131 7.83 1.09975 105.913
132 7.89 1.07573 108.545
133 7.95 1.07832 111.223
134 8.01 1.06238 113.901
135 8.07 1.02788 116.532
136 8.13 1.0294 119.205
137 8.19 1.0184 121.889
138 8.25 0.98397 124.521
139 8.31 0.981753 127.185
140 8.37 0.973177 129.864
141 8.43 0.960949 132.547
142 8.49 0.949674 135.237
143 8.55 0.951849 137.971
144 8.61 0.958746 140.764
145 8.67 0.931438 143.515
146 8.73 0.911199 146.244
147 8.79 0.943334 149.108
148 8.85 0.949692 152.031
149 8.91 0.939829 154.963
150 8.97 0.935902 157.922
151 9.03 0.939797 160.933
152 9.09 0.934085 163.966
153 9.15 0.958229 167.118
154 9.21 0.961566 170.323
155 9.27 0.975516 173.617
156 9.33 0.986866 176.993
157 9.39 1.00252 180.466
158 9.45 0.996386 183.963
159 9.51 1.0098 187.551
160 9.57 1.0139 191.2
161 9.63 1.02628 194.94
162 9.69 1.02857 198.735
163 9.75 1.03865 202.615
164 9.81 1.05233 206.594
165 9.87 1.04286 210.586
166 9.93 1.05451 214.672
167 9.99 1.04422 218.767
168 10.05 1.03986 222.894
169 10.11 1.04727 227.1
170 10.17 1.03815 231.319
171 10.23 1.05251 235.647
172 10.29 1.04614 240
173 10.35 1.02597 244.319
174 10.41 1.00699 248.607
175 10.47 1.01414 252.975
176 10.53 1.00978 257.375
177 10.59 1.00876 261.82
178 10.65 1.00385 266.294
179 10.71 0.986463 270.74
180 10.77 0.978398 275.2
181 10.83 0.987549 279.751
182 10.89 0.976869 284.303
183 10.95 0.978376 288.913
184 11.01 0.98525 293.606
185 11.07 0.963219 298.244
186 11.13 0.974638 302.988
187 11.19 0.95702 307.697
188 11.25 0.974708 312.544
189 11.31 0.967458 317.407
190 11.37 0.983731 322.404
191 11.43 0.983054 327.451
192 11.49 0.975936 332.514
193 11.55 0.981428 337.658
194 11.61 0.990379 342.904
195 11.67 0.981829 348.158
196 11.73 0.99038 353.513
197 11.79 0.997791 358.963
198 11.85 1.00602 364.514
199 11.91 1.00753 370.13
200 11.97 1.01099 375.822
138000 200
1 0.03 0 0
2 0.09 0 0
3 0.15 0 0
4 0.21 0 0
5 0.27 0 0
6 0.33 0 0
7 0.39 0 0
8 0.45 0 0
9 0.51 0 0
10 0.57 0 0
11 0.63 0 0
12 0.69 0 0
13 0.75 0 0
14 0.81 0 0
15 0.87 0 0
16 0.93 0 0
17 0.99 0 0
18 1.05 0 0
19 1.11 0 0
20 1.17 0 0
21 1.23 0 0
22 1.29 0 0
23 1.35 0 0
24 1.41 0 0
25 1.47 0 0
26 1.53 0 0
27 1.59 0 0
28 1.65 0 0
29 1.71 0 0
30 1.77 0 0
31 1.83 0 0
32 1.89 0 0
33 1.95 0 0
34 2.01 0 0
35 2.07 0 0
36 2.13 0 0
37 2.19 0 0
38 2.25 0 0
39 2.31 0.00476896 0.001
40 2.37 0.0416812 0.0102
41 2.43 0.252543 0.0688
42 2.49 0.701856 0.2398
43 2.55 1.37131 0.5902
44 2.61 2.19136 1.1768
45 2.67 2.57446 1.898
46 2.73 2.91736 2.7524
47 2.79 2.86843 3.6298
48 2.85 2.66246 4.4796
49 2.91 2.48889 5.3078
50 2.97 2.26876 6.0942
51 3.03 1.92478 6.7886
52 3.09 1.72443 7.4356
53 3.15 1.44752 8
54 3.21 1.27636 8.5168
55 3.27 1.15569 9.0024
56 3.33 1.04603 9.4582
57 3.39 0.9026 9.8658
58 3.45 0.818455 10.2486
59 3.51 0.767991 10.6204
60 3.57 0.710845 10.9764
61 3.63 0.664752 11.3206
62 3.69 0.622377 11.6536
63 3.75 0.604069 11.9874
64 3.81 0.583089 12.32
65 3.87 0.537283 12.6362
66 3.93 0.564832 12.979
67 3.99 0.56108 13.33
68 4.05 0.575609 13.701
69 4.11 0.602616 14.101
70 4.17 0.625499 14.5284
71 4.23 0.632628 14.9732
72 4.29 0.700512 15.4798
73 4.35 0.732426 16.0244
74 4.41 0.753197 16.6
75 4.47 0.82558 17.2482
76 4.53 0.859414 17.9412
77 4.59 0.887342 18.6758
78 4.65 0.959924 19.4914
79 4.71 1.03221 20.3912
80 4.77 1.0733 21.3508
81 4.83 1.1393 22.3952
82 4.89 1.16175 23.4868
83 4.95 1.18029 24.6232
84 5.01 1.22336 25.8298
85 5.07 1.22111 27.0632
86 5.13 1.24764 28.3534
87 5.19 1.26488 29.6922
88 5.25 1.28894 31.0882
89 5.31 1.29337 32.5212
90 5.37 1.30399 33.9988
91 5.43 1.27499 35.476
92 5.49 1.24018 36.9448
93 5.55 1.22128 38.423
94 5.61 1.1547 39.851
95 5.67 1.1163 41.2612
96 5.73 1.08902 42.6662
97 5.79 1.01555 44.004
98 5.85 1.00553 45.3562
99 5.91 0.963655 46.6788
100 5.97 0.938242 47.9928
101 6.03 0.913504 49.298
102 6.09 0.895593 50.6032
103 6.15 0.863266 51.8862
104 6.21 0.852209 53.1776
105 6.27 0.821865 54.4472
106 6.33 0.839766 55.7694
107 6.39 0.821328 57.0872
108 6.45 0.835236 58.4526
109 6.51 0.816068 59.8116
110 6.57 0.828705 61.2172
111 6.63 0.871553 62.7226
112 6.69 0.877711 64.2662
113 6.75 0.884072 65.849
114 6.81 0.918608 67.523
115 6.87 0.91773 69.225
116 6.93 0.96253 71.0414
117 6.99 0.974619 72.9126
118 7.05 1.01207 74.8892
119 7.11 1.03261 76.9404
120 7.17 1.05095 79.0634
121 7.23 1.06736 81.2558
122 7.29 1.07295 83.4964
123 7.35 1.07972 85.7884
124 7.41 1.09651 88.1542
125 7.47 1.09958 90.5652
126 7.53 1.11022 93.0388
127 7.59 1.11535 95.5636
128 7.65 1.0921 98.075
129 7.71 1.09555 100.634
130 7.77 1.09876 103.241
131 7.83 1.07891 105.84
132 7.89 1.06698 108.45
133 7.95 1.05593 111.072
134 8.01 1.0431 113.702
135 8.07 1.03742 116.357
136 8.13 1.03849 119.054
137 8.19 1.02796 121.763
138 8.25 1.01747 124.485
139 8.31 0.983448 127.153
140 8.37 0.995917 129.895
141 8.43 0.974414 132.616
142 8.49 0.956453 135.325
143 8.55 0.953172 138.063
144 8.61 0.930802 140.774
145 8.67 0.932454 143.528
146 8.73 0.935108 146.329
147 8.79 0.930752 149.155
148 8.85 0.937085 152.039
149 8.91 0.928033 154.934
150 8.97 0.94014 157.906
151 9.03 0.940921 160.921
152 9.09 0.944064 163.986
153 9.15 0.947225 167.102
154 9.21 0.969726 170.334
155 9.27 0.973976 173.623
156 9.33 0.995636 177.029
157 9.39 0.988033 180.452
158 9.45 0.998438 183.956
159 9.51 1.01092 187.548
160 9.57 1.02363 191.232
161 9.63 1.03215 194.993
162 9.69 1.03887 198.826
163 9.75 1.03132 202.679
164 9.81 1.02932 206.571
165 9.87 1.039 210.548
166 9.93 1.05012 214.617
167 9.99 1.05254 218.745
168 10.05 1.0516 222.918
169 10.11 1.03153 227.061
170 10.17 1.04597 231.312
171 10.23 1.03651 235.575
172 10.29 1.02975 239.859
173 10.35 1.02159 244.159
174 10.41 1.03038 248.547
175 10.47 1.00829 252.89
176 10.53 1.004 257.264
177 10.59 1.00291 261.684
178 10.65 0.983698 266.068
179 10.71 0.995071 270.553
180 10.77 0.992045 275.075
181 10.83 0.995143 279.661
182 10.89 0.992019 284.284
183 10.95 0.979352 288.898
184 11.01 0.971814 293.527
185 11.07 0.966085 298.179
186 11.13 0.97016 302.902
187 11.19 0.97401 307.694
188 11.25 0.981464 312.575
189 11.31 0.973187 317.467
190 11.37 0.98255 322.458
191 11.43 0.985469 327.517
192 11.49 0.97424 332.571
193 11.55 0.985663 337.738
194 11.61 0.993966 343.002
195 11.67 0.991845 348.31
196 11.73 1.00107 353.722
197 11.79 1.002 359.195
198 11.85 0.996666 364.695
199 11.91 0.994758 370.239
200 11.97 1.00737 375.911
139000 200
1 0.03 0 0
2 0.09 0 0
3 0.15 0 0
4 0.21 0 0
5 0.27 0 0
6 0.33 0 0
7 0.39 0 0
8 0.45 0 0
9 0.51 0 0
10 0.57 0 0
11 0.63 0 0
12 0.69 0 0
13 0.75 0 0
14 0.81 0 0
15 0.87 0 0
16 0.93 0 0
17 0.99 0 0
18 1.05 0 0
19 1.11 0 0
20 1.17 0 0
21 1.23 0 0
22 1.29 0 0
23 1.35 0 0
24 1.41 0 0
25 1.47 0 0
26 1.53 0 0
27 1.59 0 0
28 1.65 0 0
29 1.71 0 0
30 1.77 0 0
31 1.83 0 0
32 1.89 0 0
33 1.95 0 0
34 2.01 0 0
35 2.07 0 0
36 2.13 0 0
37 2.19 0 0
38 2.25 0 0
39 2.31 0.00572275 0.0012
40 2.37 0.0616156 0.0148
41 2.43 0.258576 0.0748
42 2.49 0.709244 0.2476
43 2.55 1.41279 0.6086
44 2.61 2.11216 1.174
45 2.67 2.57446 1.8952
46 2.73 2.8238 2.7222
47 2.79 2.87824 3.6026
48 2.85 2.80783 4.4988
49 2.91 2.49069 5.3276
50 2.97 2.21625 6.0958
51 3.03 1.98965 6.8136
52 3.09 1.69031 7.4478
53 3.15 1.44701 8.012
54 3.21 1.28574 8.5326
55 3.27 1.13618 9.01
56 3.33 0.974432 9.4346
57 3.39 0.903486 9.8426
58 3.45 0.81033 10.2216
59 3.51 0.762621 10.5908
60 3.57 0.731612 10.9572
61 3.63 0.682133 11.3104
62 3.69 0.631348 11.6482
63 3.75 0.580905 11.9692
64 3.81 0.582388 12.3014
65 3.87 0.572966 12.6386
66 3.93 0.599433 13.0024
67 3.99 0.583459 13.3674
68 4.05 0.609432 13.7602
69 4.11 0.587249 14.15
70 4.17 0.614377 14.5698
71 4.23 0.667616 15.0392
72 4.29 0.667048 15.5216
73 4.35 0.703108 16.0444
74 4.41 0.749795 16.6174
75 4.47 0.77871 17.2288
76 4.53 0.842548 17.9082
77 4.59 0.914883 18.6656
78 4.65 0.95098 19.4736
79 4.71 1.04208 20.382
80 4.77 1.05003 21.3208
81 4.83 1.09567 22.3252
82 4.89 1.14962 23.4054
83 4.95 1.22162 24.5816
84 5.01 1.23715 25.8018
85 5.07 1.22863 27.0428
86 5.13 1.25344 28.339
87 5.19 1.28207 29.696
88 5.25 1.29116 31.0944
89 5.31 1.3033 32.5384
90 5.37 1.3017 34.0134
91 5.43 1.25548 35.468
92 5.49 1.26011 36.9604
93 5.55 1.19781 38.4102
94 5.61 1.1484 39.8304
95 5.67 1.1114 41.2344
96 5.73 1.09057 42.6414
97 5.79 1.05229 44.0276
98 5.85 1.00643 45.381
99 5.91 0.975167 46.7194
100 5.97 0.945811 48.044
101 6.03 0.923863 49.364
102 6.09 0.863343 50.6222
103 6.15 0.867438 51.9114
104 6.21 0.853133 53.2042
105 6.27 0.832869 54.4908
106 6.33 0.820585 55.7828
107 6.39 0.826314 57.1086
108 6.45 0.844412 58.489
109 6.51 0.820752 59.8558
110 6.57 0.837784 61.2768
111 6.63 0.854532 62.7528
112 6.69 0.864519 64.2732
113 6.75 0.881167 65.8508
114 6.81 0.893365 67.4788
115 6.87 0.939299 69.2208
116 6.93 0.970478 71.0522
117 6.99 0.965452 72.9058
118 7.05 0.98616 74.8318
119 7.11 1.00875 76.8356
120 7.17 1.03699 78.9304
121 7.23 1.05909 81.1058
122 7.29 1.08942 83.3808
123 7.35 1.08433 85.6826
124 7.41 1.11134 88.0804
125 7.47 1.12658 90.5506
126 7.53 1.10896 93.0214
127 7.59 1.10599 95.525
128 7.65 1.08958 98.0306
129 7.71 1.1012 100.603
130 7.77 1.09581 103.202
131 7.83 1.09203 105.833
132 7.89 1.0799 108.475
133 7.95 1.06205 111.112
134 8.01 1.05151 113.763
135 8.07 1.05016 116.451
136 8.13 1.03379 119.136
137 8.19 1.03259 121.857
138 8.25 1.00281 124.539
139 8.31 1.00099 127.256
140 8.37 0.973249 129.935
141 8.43 0.974199 132.655
142 8.49 0.961184 135.378
143 8.55 0.945583 138.094
144 8.61 0.941444 140.836
145 8.67 0.931709 143.588
146 8.73 0.926559 146.363
147 8.79 0.933321 149.197
148 8.85 0.93351 152.07
149 8.91 0.917069 154.93
150 8.97 0.935712 157.889
151 9.03 0.946976 160.923
152 9.09 0.946589 163.996
153 9.15 0.949536 167.12
154 9.21 0.961626 170.325
155 9.27 0.971014 173.604
156 9.33 0.966986 176.912
157 9.39 0.97972 180.306
158 9.45 1.00733 183.841
159 9.51 1.02156 187.471
160 9.57 1.01435 191.122
161 9.63 1.02573 194.86
162 9.69 1.03437 198.676
163 9.75 1.0356 202.544
164 9.81 1.03894 206.473
165 9.87 1.0496 210.491
166 9.93 1.05755 214.589
167 9.99 1.04478 218.686
168 10.05 1.05397 222.869
169 10.11 1.04851 227.08
170 10.17 1.04799 231.339
171 10.23 1.03646 235.601
172 10.29 1.04022 239.929
173 10.35 1.02278 244.235
174 10.41 1.02925 248.617
175 10.47 1.01205 252.977
176 10.53 1.01111 257.382
177 10.59 0.995285 261.768
178 10.65 0.995635 266.206
179 10.71 1.00883 270.753
180 10.77 1.00218 275.32
181 10.83 0.977481 279.825
182 10.89 0.978242 284.384
183 10.95 0.977399 288.989
184 11.01 0.983949 293.676
185 11.07 0.9692 298.343
186 11.13 0.970858 303.069
187 11.19 0.96962 307.839
188 11.25 0.976116 312.694
189 11.31 0.965269 317.546
190 11.37 0.970857 322.477
191 11.43 0.9686 327.45
192 11.49 0.979984 332.534
193 11.55 0.986083 337.703
194 11.61 0.985735 342.924
195 11.67 0.985753 348.199
196 11.73 0.988678 353.544
197 11.79 0.990139 358.952
198 11.85 1.00587 364.503
199 11.91 1.00007 370.077
200 11.97 0.99664 375.688
140000 200
1 0.03 0 0
2 0.09 0 0
3 0.15 0 0
4 0.21 0 0
5 0.27 0 0
6 0.33 0 0
7 0.39 0 0
8 0.45 0 0
9 0.51 0 0
10 0.57 0 0
11 0.63 0 0
12 0.69 0 0
13 0.75 0 0
14 0.81 0 0
15 0.87 0 0
16 0.93 0 0
17 0.99 0 0
18 1.05 0 0
19 1.11 0 0
20 1.17 0 0
21 1.23 0 0
22 1.29 0 0
23 1.35 0 0
24 1.41 0 0
25 1.47 0 0
26 1.53 0 0
27 1.59 0 0
28 1.65 0 0
29 1.71 0 0
30 1.77 0 0
31 1.83 0 0
32 1.89 0 0
33 1.95 0 0
34 2.01 0 0
35 2.07 0 0
36 2.13 0 0
37 2.19 0 0
38 2.25 0 0
39 2.31 0.00286137 0.0006
40 2.37 0.0516484 0.012
41 2.43 0.246509 0.0692
42 2.49 0.733871 0.248
43 2.55 1.41123 0.6086
44 2.61 2.06285 1.1608
45 2.67 2.62016 1.8948
46 2.73 2.88663 2.7402
47 2.79 2.87955 3.621
48 2.85 2.6894 4.4794
49 2.91 2.52135 5.3184
50 2.97 2.24683 6.0972
51 3.03 1.90649 6.785
52 3.09 1.69031 7.4192
53 3.15 1.46086 7.9888
54 3.21 1.27487 8.505
55 3.27 1.13427 8.9816
56 3.33 1.02492 9.4282
57 3.39 0.915886 9.8418
58 3.45 0.840691 10.235
59 3.51 0.775841 10.6106
60 3.57 0.724024 10.9732
61 3.63 0.667456 11.3188
62 3.69 0.628358 11.655
63 3.75 0.618546 11.9968
64 3.81 0.591154 12.334
65 3.87 0.590298 12.6814
66 3.93 0.564502 13.024
67 3.99 0.576746 13.3848
68 4.05 0.563197 13.7478
69 4.11 0.579716 14.1326
70 4.17 0.623158 14.5584
71 4.23 0.62637 14.9988
72 4.29 0.674792 15.4868
73 4.35 0.730006 16.0296
74 4.41 0.747701 16.601
75 4.47 0.789918 17.2212
76 4.53 0.854205 17.91
77 4.59 0.904253 18.6586
78 4.65 0.948155 19.4642
79 4.71 1.00285 20.3384
80 4.77 1.0762 21.3006
81 4.83 1.08759 22.2976
82 4.89 1.16281 23.3902
83 4.95 1.17696 24.5234
84 5.01 1.23938 25.7458
85 5.07 1.27121 27.0298
86 5.13 1.30856 28.383
87 5.19 1.2798 29.7376
88 5.25 1.27657 31.1202
89 5.31 1.28814 32.5474
90 5.37 1.2927 34.0122
91 5.43 1.26325 35.4758
92 5.49 1.23579 36.9394
93 5.55 1.20988 38.4038
94 5.61 1.17201 39.8532
95 5.67 1.13578 41.288
96 5.73 1.09599 42.702
97 5.79 1.0362 44.067
98 5.85 1.01803 45.436
99 5.91 0.97269 46.771
100 5.97 0.943811 48.0928
101 6.03 0.894187 49.3704
102 6.09 0.882419 50.6564
103 6.15 0.84806 51.9168
104 6.21 0.854452 53.2116
105 6.27 0.820311 54.4788
106 6.33 0.824396 55.7768
107 6.39 0.821951 57.0956
108 6.45 0.827406 58.4482
109 6.51 0.836725 59.8416
110 6.57 0.811489 61.218
111 6.63 0.860089 62.7036
112 6.69 0.871911 64.237
113 6.75 0.885859 65.823
114 6.81 0.889853 67.4446
115 6.87 0.913848 69.1394
116 6.93 0.951189 70.9344
117 6.99 0.987849 72.831
118 7.05 0.990768 74.766
119 7.11 1.03392 76.8198
120 7.17 1.0458 78.9324
121 7.23 1.05948 81.1086
122 7.29 1.07486 83.3532
123 7.35 1.08414 85.6546
124 7.41 1.09465 88.0164
125 7.47 1.11809 90.468
126 7.53 1.12575 92.9762
127 7.59 1.12825 95.5302
128 7.65 1.1108 98.0846
129 7.71 1.10942 100.676
130 7.77 1.12624 103.348
131 7.83 1.08846 105.97
132 7.89 1.08251 108.618
133 7.95 1.07453 111.287
134 8.01 1.0393 113.907
135 8.07 1.03281 116.55
136 8.13 1.02532 119.213
137 8.19 1.01134 121.878
138 8.25 1.00977 124.579
139 8.31 0.986027 127.255
140 8.37 0.961044 129.9
141 8.43 0.970045 132.609
142 8.49 0.96076 135.33
143 8.55 0.943007 138.039
144 8.61 0.936089 140.766
145 8.67 0.945454 143.558
146 8.73 0.937579 146.366
147 8.79 0.928314 149.185
148 8.85 0.923893 152.028
149 8.91 0.92534 154.915
150 8.97 0.92869 157.851
151 9.03 0.939423 160.861
152 9.09 0.947883 163.938
153 9.15 0.951238 167.068
154 9.21 0.967686 170.293
155 9.27 0.958635 173.53
156 9.33 0.973066 176.859
157 9.39 0.989476 180.287
158 9.45 0.996215 183.783
159 9.51 1.01897 187.404
160 9.57 1.00462 191.019
161 9.63 1.01942 194.734
162 9.69 1.03882 198.567
163 9.75 1.05118 202.493
164 9.81 1.0473 206.454
165 9.87 1.06162 210.518
166 9.93 1.04909 214.582
167 9.99 1.04932 218.697
168 10.05 1.05029 222.866
169 10.11 1.05529 227.104
170 10.17 1.0442 231.348
171 10.23 1.04064 235.627
172 10.29 1.0372 239.943
173 10.35 1.03965 244.319
174 10.41 1.02188 248.67
175 10.47 1.03304 253.12
176 10.53 1.01231 257.531
177 10.59 1.00404 261.955
178 10.65 1.0021 266.422
179 10.71 0.992675 270.896
180 10.77 0.986209 275.391
181 10.83 0.979217 279.904
182 10.89 0.974594 284.445
183 10.95 0.969461 289.013
184 11.01 0.972318 293.644
185 11.07 0.969532 298.313
186 11.13 0.974556 303.057
187 11.19 0.965434 307.807
188 11.25 0.95645 312.564
189 11.31 0.97832 317.481
190 11.37 0.968967 322.403
191 11.43 0.971755 327.392
192 11.49 0.979599 332.474
193 11.55 0.979253 337.607
194 11.61 0.98683 342.834
195 11.67 0.981081 348.084
196 11.73 0.983869 353.403
197 11.79 0.986404 358.791
198 11.85 0.999457 364.306
199 11.91 1.01216 369.947
200 11.97 1.00648 375.614
141000 200
1 0.03 0 0
2 0.09 0 0
3 0.15 0 0
4 0.21 0 0
5 0.27 0 0
6 0.33 0 0
7 0.39 0 0
8 0.45 0 0
9 0.51 0 0
10 0.57 0 0
11 0.63 0 0
12 0.69 0 0
13 0.75 0 0
14 0.81 0 0
15 0.87 0 0
16 0.93 0 0
17 0.99 0 0
18 1.05 0 0
19 1.11 0 0
20 1.17 0 0
21 1.23 0 0
22 1.29 0 0
23 1.35 0 0
24 1.41 0 0
25 1.47 0 0
26 1.53 0 0
27 1.59 0 0
28 1.65 0 0
29 1.71 0 0
30 1.77 0 0
31 1.83 0 0
32 1.89 0 0
33 1.95 0 0
34 2.01 0 0
35 2.07 0 0
36 2.13 0 0
37 2.19 0 0
38 2.25 0 0
39 2.31 0.00476896 0.001
40 2.37 0.0534606 0.0128
41 2.43 0.266333 0.0746
42 2.49 0.686259 0.2418
43 2.55 1.3854 0.5958
44 2.61 2.14429 1.1698
45 2.67 2.66299 1.9158
46 2.73 2.82449 2.743
47 2.79 2.89981 3.63
48 2.85 2.7364 4.5034
49 2.91 2.45223 5.3194
50 2.97 2.19201 6.0792
51 3.03 1.95195 6.7834
52 3.09 1.69245 7.4184
53 3.15 1.46496 7.9896
54 3.21 1.35341 8.5376
55 3.27 1.14808 9.02
56 3.33 1.024 9.4662
57 3.39 0.918101 9.8808
58 3.45 0.784673 10.2478
59 3.51 0.741552 10.6068
60 3.57 0.694871 10.9548
61 3.63 0.665524 11.2994
62 3.69 0.629479 11.6362
63 3.75 0.608412 11.9724
64 3.81 0.580635 12.3036
65 3.87 0.558693 12.6324
66 3.93 0.583615 12.9866
67 3.99 0.573549 13.3454
68 4.05 0.583987 13.7218
69 4.11 0.60593 14.124
70 4.17 0.609401 14.5404
71 4.23 0.659936 15.0044
72 4.29 0.675898 15.4932
73 4.35 0.690466 16.0066
74 4.41 0.772564 16.597
75 4.47 0.804438 17.2286
76 4.53 0.854453 17.9176
77 4.59 0.884926 18.6502
78 4.65 0.962749 19.4682
79 4.71 1.02992 20.366
80 4.77 1.07688 21.3288
81 4.83 1.11814 22.3538
82 4.89 1.14919 23.4336
83 4.95 1.19483 24.584
84 5.01 1.2408 25.8078
85 5.07 1.23517 27.0554
86 5.13 1.26214 28.3606
87 5.19 1.29246 29.7286
88 5.25 1.30723 31.1444
89 5.31 1.29446 32.5786
90 5.37 1.28811 34.0382
91 5.43 1.23719 35.4716
92 5.49 1.23376 36.9328
93 5.55 1.22359 38.4138
94 5.61 1.16182 39.8506
95 5.67 1.1152 41.2594
96 5.73 1.1008 42.6796
97 5.79 1.04334 44.054
98 5.85 0.982036 45.3746
99 5.91 0.989885 46.7332
100 5.97 0.925389 48.0292
101 6.03 0.897407 49.3114
102 6.09 0.888045 50.6056
103 6.15 0.865016 51.8912
104 6.21 0.846533 53.174
105 6.27 0.835588 54.4648
106 6.33 0.835447 55.7802
107 6.39 0.81871 57.0938
108 6.45 0.820677 58.4354
109 6.51 0.846933 59.8458
110 6.57 0.838138 61.2674
111 6.63 0.855458 62.745
112 6.69 0.855421 64.2494
113 6.75 0.885859 65.8354
114 6.81 0.897536 67.471
115 6.87 0.913309 69.1648
116 6.93 0.956913 70.9706
117 6.99 0.989411 72.8702
118 7.05 0.999677 74.8226
119 7.11 1.00915 76.8272
120 7.17 1.04016 78.9284
121 7.23 1.07184 81.13
122 7.29 1.06701 83.3582
123 7.35 1.09536 85.6834
124 7.41 1.1067 88.0712
125 7.47 1.12667 90.5416
126 7.53 1.11659 93.0294
127 7.59 1.11341 95.5498
128 7.65 1.11184 98.1066
129 7.71 1.10377 100.685
130 7.77 1.09345 103.279
131 7.83 1.08688 105.897
132 7.89 1.07368 108.524
133 7.95 1.08017 111.206
134 8.01 1.0554 113.867
135 8.07 1.045 116.541
136 8.13 1.03341 119.225
137 8.19 1.00481 121.874
138 8.25 1.01029 124.576
139 8.31 0.994282 127.274
140 8.37 0.961916 129.922
141 8.43 0.961378 132.606
142 8.49 0.950663 135.299
143 8.55 0.951919 138.033
144 8.61 0.925035 140.728
145 8.67 0.934011 143.487
146 8.73 0.925892 146.259
147 8.79 0.933716 149.094
148 8.85 0.931366 151.961
149 8.91 0.92643 154.851
150 8.97 0.934573 157.805
151 9.03 0.936177 160.805
152 9.09 0.958108 163.916
153 9.15 0.954156 167.055
154 9.21 0.953225 170.232
155 9.27 0.972673 173.516
156 9.33 1.0016 176.942
157 9.39 1.0046 180.423
158 9.45 1.00419 183.947
159 9.51 1.00969 187.535
160 9.57 1.01679 191.194
161 9.63 1.02518 194.93
162 9.69 1.03025 198.731
163 9.75 1.03764 202.607
164 9.81 1.03768 206.531
165 9.87 1.03915 210.509
166 9.93 1.04754 214.568
167 9.99 1.05692 218.713
168 10.05 1.04268 222.851
169 10.11 1.05603 227.092
170 10.17 1.04622 231.344
171 10.23 1.04069 235.624
172 10.29 1.03782 239.942
173 10.35 1.03376 244.293
174 10.41 1.02324 248.65
175 10.47 1.02343 253.059
176 10.53 1.00749 257.448
177 10.59 1.00196 261.864
178 10.65 1.0025 266.332
179 10.71 0.996669 270.824
180 10.77 0.980197 275.292
181 10.83 0.985466 279.833
182 10.89 0.978414 284.393
183 10.95 0.969843 288.962
184 11.01 0.978238 293.622
185 11.07 0.965669 298.272
186 11.13 0.959066 302.94
187 11.19 0.96141 307.671
188 11.25 0.970526 312.497
189 11.31 0.954088 317.293
190 11.37 0.968652 322.213
191 11.43 0.971288 327.2
192 11.49 0.982837 332.298
193 11.55 0.994133 337.509
194 11.61 0.989095 342.748
195 11.67 1.00179 348.109
196 11.73 0.992895 353.477
197 11.79 0.990871 358.89
198 11.85 1.00964 364.461
199 11.91 1.01205 370.102
200 11.97 1.02012 375.845
142000 200
1 0.03 0 0
2 0.09 0 0
3 0.15 0 0
4 0.21 0 0
5 0.27 0 0
6 0.33 0 0
7 0.39 0 0
8 0.45 0 0
9 0.51 0 0
10 0.57 0 0
11 0.63 0 0
12 0.69 0 0
13 0.75 0 0
14 0.81 0 0
15 0.87 0 0
16 0.93 0 0
17 0.99 0 0
18 1.05 0 0
19 1.11 0 0
20 1.17 0 0
21 1.23 0 0
22 1.29 0 0
23 1.35 0 0
24 1.41 0 0
25 1.47 0 0
26 1.53 0 0
27 1.59 0 0
28 1.65 0 0
29 1.71 0 0
30 1.77 0 0
31 1.83 0 0
32 1.89 0 0
33 1.95 0 0
34 2.01 0 0
35 2.07 0 0
36 2.13 0 0
37 2.19 0 0
38 2.25 0 0
39 2.31 0.00476896 0.001
40 2.37 0.0434934 0.0106
41 2.43 0.2422 0.0668
42 2.49 0.719916 0.2422
43 2.55 1.35487 0.5884
44 2.61 2.18762 1.174
45 2.67 2.58374 1.8978
46 2.73 2.94331 2.7598
47 2.79 2.93708 3.6582
48 2.85 2.66998 4.5104
49 2.91 2.47807 5.335
50 2.97 2.18451 6.0922
51 3.03 1.91203 6.782
52 3.09 1.71004 7.4236
53 3.15 1.47573 7.999
54 3.21 1.25857 8.5086
55 3.27 1.15046 8.992
56 3.33 1.0263 9.4392
57 3.39 0.894185 9.843
58 3.45 0.814606 10.224
59 3.51 0.762621 10.5932
60 3.57 0.700462 10.944
61 3.63 0.661662 11.2866
62 3.69 0.6463 11.6324
63 3.75 0.576562 11.951
64 3.81 0.590102 12.2876
65 3.87 0.593696 12.637
66 3.93 0.585593 12.9924
67 3.99 0.554366 13.3392
68 4.05 0.593607 13.7218
69 4.11 0.598096 14.1188
70 4.17 0.63428 14.5522
71 4.23 0.641731 15.0034
72 4.29 0.682536 15.497
73 4.35 0.724357 16.0356
74 4.41 0.750842 16.6094
75 4.47 0.79756 17.2356
76 4.53 0.851477 17.9222
77 4.59 0.940733 18.701
78 4.65 0.989819 19.542
79 4.71 1.01363 20.4256
80 4.77 1.05093 21.3652
81 4.83 1.11159 22.3842
82 4.89 1.15834 23.4726
83 4.95 1.18465 24.6132
84 5.01 1.20876 25.8054
85 5.07 1.25081 27.0688
86 5.13 1.27201 28.3842
87 5.19 1.27659 29.7354
88 5.25 1.24832 31.0874
89 5.31 1.29608 32.5234
90 5.37 1.29252 33.988
91 5.43 1.25324 35.44
92 5.49 1.24559 36.9152
93 5.55 1.23665 38.412
94 5.61 1.16052 39.8472
95 5.67 1.12279 41.2656
96 5.73 1.07817 42.6566
97 5.79 1.04015 44.0268
98 5.85 1.01104 45.3864
99 5.91 0.954766 46.6968
100 5.97 0.923961 47.9908
101 6.03 0.900766 49.2778
102 6.09 0.884065 50.5662
103 6.15 0.856941 51.8398
104 6.21 0.861447 53.1452
105 6.27 0.824842 54.4194
106 6.33 0.839258 55.7408
107 6.39 0.822823 57.061
108 6.45 0.839885 58.434
109 6.51 0.842009 59.8362
110 6.57 0.860424 61.2956
111 6.63 0.861479 62.7836
112 6.69 0.861448 64.2986
113 6.75 0.883736 65.8808
114 6.81 0.912462 67.5436
115 6.87 0.931426 69.271
116 6.93 0.954369 71.072
117 6.99 0.973682 72.9414
118 7.05 1.0007 74.8958
119 7.11 1.0155 76.913
120 7.17 1.04719 79.0284
121 7.23 1.07106 81.2284
122 7.29 1.08664 83.4976
123 7.35 1.07124 85.7716
124 7.41 1.09984 88.1446
125 7.47 1.08827 90.5308
126 7.53 1.10295 92.9882
127 7.59 1.10387 95.487
128 7.65 1.09662 98.0088
129 7.71 1.09623 100.569
130 7.77 1.08586 103.145
131 7.83 1.09784 105.79
132 7.89 1.0745 108.419
133 7.95 1.06132 111.054
134 8.01 1.06928 113.75
135 8.07 1.04852 116.433
136 8.13 1.03464 119.121
137 8.19 1.01028 121.783
138 8.25 1.01179 124.489
139 8.31 0.993103 127.184
140 8.37 0.988143 129.904
141 8.43 0.968182 132.608
142 8.49 0.958713 135.323
143 8.55 0.946697 138.043
144 8.61 0.947349 140.802
145 8.67 0.9441 143.591
146 8.73 0.916609 146.336
147 8.79 0.928051 149.154
148 8.85 0.938774 152.043
149 8.91 0.933803 154.956
150 8.97 0.941658 157.933
151 9.03 0.940859 160.948
152 9.09 0.94776 164.025
153 9.15 0.955554 167.168
154 9.21 0.955745 170.354
155 9.27 0.971903 173.636
156 9.33 0.964822 176.936
157 9.39 0.991958 180.373
158 9.45 1.00431 183.897
159 9.51 1.01993 187.522
160 9.57 1.02896 191.225
161 9.63 1.02518 194.96
162 9.69 1.03009 198.761
163 9.75 1.02891 202.604
164 9.81 1.03937 206.535
165 9.87 1.04835 210.548
166 9.93 1.04036 214.579
167 9.99 1.04835 218.69
168 10.05 1.04736 222.847
169 10.11 1.04548 227.046
170 10.17 1.03406 231.248
171 10.23 1.0349 235.504
172 10.29 1.0395 239.829
173 10.35 1.02483 244.143
174 10.41 1.01831 248.479
175 10.47 1.01902 252.869
176 10.53 1.00441 257.245
177 10.59 1.01185 261.704
178 10.65 1.00923 266.202
179 10.71 0.994627 270.685
180 10.77 0.98204 275.161
181 10.83 0.994796 279.746
182 10.89 0.98438 284.333
183 10.95 0.983088 288.965
184 11.01 0.974837 293.608
185 11.07 0.986478 298.358
186 11.13 0.975912 303.109
187 11.19 0.971978 307.891
188 11.25 0.975231 312.741
189 11.31 0.969447 317.614
190 11.37 0.971605 322.549
191 11.43 0.975535 327.557
192 11.49 0.969614 332.587
193 11.55 0.983908 337.745
194 11.61 0.98294 342.951
195 11.67 0.98792 348.238
196 11.73 0.994856 353.617
197 11.79 0.997828 359.067
198 11.85 0.991192 364.536
199 11.91 1.00021 370.111
200 11.97 1.00463 375.767
143000 200
1 0.03 0 0
2 0.09 0 0
3 0.15 0 0
4 0.21 0 0
5 0.27 0 0
6 0.33 0 0
7 0.39 0 0
8 0.45 0 0
9 0.51 0 0
10 0.57 0 0
11 0.63 0 0
12 0.69 0 0
13 0.75 0 0
14 0.81 0 0
15 0.87 0 0
16 0.93 0 0
17 0.99 0 0
18 1.05 0 0
19 1.11 0 0
20 1.17 0 0
21 1.23 0 0
22 1.29 0 0
23 1.35 0 0
24 1.41 0 0
25 1.47 0 0
26 1.53 0 0
27 1.59 0 0
28 1.65 0 0
29 1.71 0 0
30 1.77 0 0
31 1.83 0 0
32 1.89 0 0
33 1.95 0 0
34 2.01 0 0
35 2.07 0 0
36 2.13 0 0
37 2.19 0 0
38 2.25 0 0
39 2.31 0.00572275 0.0012
40 2.37 0.0471178 0.0116
41 2.43 0.268919 0.074
42 2.49 0.678871 0.2394
43 2.55 1.4488 0.6096
44 2.61 2.1667 1.1896
45 2.67 2.64943 1.9318
46 2.73 2.79307 2.7498
47 2.79 2.93447 3.6474
48 2.85 2.7389 4.5216
49 2.91 2.41977 5.3268
50 2.97 2.1724 6.0798
51 3.03 1.91869 6.772
52 3.09 1.67645 7.401
53 3.15 1.50805 7.989
54 3.21 1.346 8.534
55 3.27 1.13475 9.0108
56 3.33 1.03502 9.4618
57 3.39 0.857425 9.849
58 3.45 0.842401 10.243
59 3.51 0.770883 10.6162
60 3.57 0.674904 10.9542
61 3.63 0.658958 11.2954
62 3.69 0.621256 11.6278
63 3.75 0.623975 11.9726
64 3.81 0.558195 12.291
65 3.87 0.571946 12.6276
66 3.93 0.579331 12.9792
67 3.99 0.60392 13.357
68 4.05 0.569713 13.7242
69 4.11 0.579415 14.1088
70 4.17 0.622279 14.534
71 4.23 0.645429 14.9878
72 4.29 0.664283 15.4682
73 4.35 0.709294 15.9956
74 4.41 0.772825 16.5862
75 4.47 0.811061 17.223
76 4.53 0.848997 17.9076
77 4.59 0.908843 18.66
78 4.65 0.967692 19.4822
79 4.71 1.0586 20.405
80 4.77 1.06793 21.3598
81 4.83 1.10287 22.3708
82 4.89 1.14429 23.446
83 4.95 1.19254 24.5942
84 5.01 1.23938 25.8166
85 5.07 1.25101 27.0802
86 5.13 1.27027 28.3938
87 5.19 1.2764 29.7448
88 5.25 1.27768 31.1286
89 5.31 1.28525 32.5526
90 5.37 1.27999 34.003
91 5.43 1.26118 35.4642
92 5.49 1.25335 36.9486
93 5.55 1.20856 38.4114
94 5.61 1.16764 39.8554
95 5.67 1.12628 41.2782
96 5.73 1.07786 42.6688
97 5.79 1.0567 44.0608
98 5.85 1.01446 45.425
99 5.91 0.975458 46.7638
100 5.97 0.934386 48.0724
101 6.03 0.891948 49.3468
102 6.09 0.885438 50.6372
103 6.15 0.85573 51.909
104 6.21 0.840066 53.182
105 6.27 0.8352 54.4722
106 6.33 0.851706 55.8132
107 6.39 0.818834 57.127
108 6.45 0.816762 58.4622
109 6.51 0.825676 59.8372
110 6.57 0.814319 61.2184
111 6.63 0.842605 62.6738
112 6.69 0.844845 64.1596
113 6.75 0.892673 65.7578
114 6.81 0.918169 67.431
115 6.87 0.915681 69.1292
116 6.93 0.94801 70.9182
117 6.99 0.979307 72.7984
118 7.05 0.998653 74.7488
119 7.11 1.00966 76.7544
120 7.17 1.05897 78.8936
121 7.23 1.08012 81.1122
122 7.29 1.0989 83.407
123 7.35 1.11005 85.7634
124 7.41 1.10809 88.1542
125 7.47 1.10359 90.574
126 7.53 1.10941 93.0458
127 7.59 1.11147 95.5618
128 7.65 1.10741 98.1084
129 7.71 1.11378 100.71
130 7.77 1.08628 103.287
131 7.83 1.09718 105.93
132 7.89 1.07131 108.551
133 7.95 1.07662 111.225
134 8.01 1.04564 113.861
135 8.07 1.03484 116.509
136 8.13 1.03456 119.196
137 8.19 1.01862 121.881
138 8.25 1.01822 124.604
139 8.31 0.989049 127.288
140 8.37 0.973177 129.967
141 8.43 0.964315 132.66
142 8.49 0.956735 135.369
143 8.55 0.947741 138.092
144 8.61 0.940002 140.83
145 8.67 0.930016 143.577
146 8.73 0.931301 146.366
147 8.79 0.925086 149.175
148 8.85 0.926232 152.025
149 8.91 0.920916 154.898
150 8.97 0.930715 157.841
151 9.03 0.93006 160.821
152 9.09 0.951147 163.909
153 9.15 0.946374 167.022
154 9.21 0.955145 170.206
155 9.27 0.970008 173.481
156 9.33 0.989847 176.867
157 9.39 0.992247 180.305
158 9.45 0.996728 183.802
159 9.51 0.998148 187.35
160 9.57 1.02485 191.038
161 9.63 1.03495 194.809
162 9.69 1.03323 198.621
163 9.75 1.04727 202.533
164 9.81 1.04429 206.482
165 9.87 1.04803 210.494
166 9.93 1.04909 214.559
167 9.99 1.05983 218.715
168 10.05 1.05911 222.919
169 10.11 1.04607 227.12
170 10.17 1.04425 231.364
171 10.23 1.04094 235.645
172 10.29 1.04306 239.984
173 10.35 1.03789 244.353
174 10.41 1.01779 248.687
175 10.47 1.02543 253.104
176 10.53 1.01533 257.528
177 10.59 0.999642 261.933
178 10.65 0.996397 266.374
179 10.71 0.983002 270.805
180 10.77 0.989061 275.313
181 10.83 0.987028 279.862
182 10.89 0.97674 284.413
183 10.95 0.975574 289.01
184 11.01 0.973452 293.646
185 11.07 0.972605 298.33
186 11.13 0.970406 303.053
187 11.19 0.969905 307.826
188 11.25 0.968113 312.64
189 11.31 0.981344 317.573
190 11.37 0.961329 322.456
191 11.43 0.972262 327.447
192 11.49 0.972158 332.491
193 11.55 0.978528 337.62
194 11.61 0.975237 342.785
195 11.67 0.975886 348.008
196 11.73 0.986163 353.34
197 11.79 0.996253 358.781
198 11.85 0.997898 364.287
199 11.91 1.01198 369.928
200 11.97 1.01152 375.623
144000 200
1 0.03 0 0
2 0.09 0 0
3 0.15 0 0
4 0.21 0 0
5 0.27 0 0
6 0.33 0 0
7 0.39 0 0
8 0.45 0 0
9 0.51 0 0
10 0.57 0 0
11 0.63 0 0
12 0.69 0 0
13 0.75 0 0
14 0.81 0 0
15 0.87 0 0
16 0.93 0 0
17 0.99 0 0
18 1.05 0 0
19 1.11 0 0
20 1.17 0 0
21 1.23 0 0
22 1.29 0 0
23 1.35 0 0
24 1.41 0 0
25 1.47 0 0
26 1.53 0 0
27 1.59 0 0
28 1.65 0 0
29 1.71 0 0
30 1.77 0 0
31 1.83 0 0
32 1.89 0 0
33 1.95 0 0
34 2.01 0 0
35 2.07 0 0
36 2.13 0 0
37 2.19 0 0
38 2.25 0 0
39 2.31 0.00763033 0.0016
40 2.37 0.0443995 0.0114
41 2.43 0.275815 0.0754
42 2.49 0.711707 0.2488
43 2.55 1.44802 0.6188
44 2.61 2.15027 1.1944
45 2.67 2.66014 1.9396
46 2.73 2.88868 2.7856
47 2.79 2.88478 3.668
48 2.85 2.70569 4.5316
49 2.91 2.40294 5.3312
50 2.97 2.15855 6.0794
51 3.03 1.9331 6.7768
52 3.09 1.65726 7.3986
53 3.15 1.51061 7.9876
54 3.21 1.2892 8.5096
55 3.27 1.09048 8.9678
56 3.33 0.998758 9.403
57 3.39 0.944231 9.8294
58 3.45 0.853947 10.2288
59 3.51 0.76386 10.5986
60 3.57 0.687284 10.9428
61 3.63 0.65355 11.2812
62 3.69 0.636955 11.622
63 3.75 0.599725 11.9534
64 3.81 0.600621 12.296
65 3.87 0.554954 12.6226
66 3.93 0.574388 12.9712
67 3.99 0.572589 13.3294
68 4.05 0.587711 13.7082
69 4.11 0.595384 14.1034
70 4.17 0.638085 14.5394
71 4.23 0.66278 15.0054
72 4.29 0.675622 15.494
73 4.35 0.708756 16.021
74 4.41 0.756076 16.5988
75 4.47 0.819467 17.2422
76 4.53 0.872063 17.9454
77 4.59 0.934693 18.7192
78 4.65 0.968399 19.542
79 4.71 1.00675 20.4196
80 4.77 1.08023 21.3854
81 4.83 1.12425 22.416
82 4.89 1.14153 23.4886
83 4.95 1.20293 24.6468
84 5.01 1.21282 25.843
85 5.07 1.23398 27.0894
86 5.13 1.28671 28.42
87 5.19 1.27584 29.7704
88 5.25 1.29374 31.1716
89 5.31 1.28868 32.5994
90 5.37 1.26887 34.0372
91 5.43 1.23839 35.472
92 5.49 1.2108 36.906
93 5.55 1.21417 38.3756
94 5.61 1.14969 39.7974
95 5.67 1.11725 41.2088
96 5.73 1.05662 42.572
97 5.79 1.05138 43.957
98 5.85 1.00524 45.3088
99 5.91 0.973127 46.6444
100 5.97 0.952523 47.9784
101 6.03 0.911685 49.281
102 6.09 0.889966 50.578
103 6.15 0.858825 51.8544
104 6.21 0.838879 53.1256
105 6.27 0.846075 54.4326
106 6.33 0.831636 55.742
107 6.39 0.828682 57.0716
108 6.45 0.839763 58.4444
109 6.51 0.83144 59.829
110 6.57 0.849104 61.2692
111 6.63 0.865763 62.7646
112 6.69 0.866338 64.2882
113 6.75 0.873459 65.852
114 6.81 0.918937 67.5266
115 6.87 0.931318 69.2538
116 6.93 0.943135 71.0336
117 6.99 0.988995 72.9324
118 7.05 1.02057 74.9256
119 7.11 1.02536 76.9624
120 7.17 1.01491 79.0126
121 7.23 1.06366 81.1974
122 7.29 1.07189 83.4358
123 7.35 1.0914 85.7526
124 7.41 1.10235 88.131
125 7.47 1.09638 90.535
126 7.53 1.1165 93.0226
127 7.59 1.11164 95.539
128 7.65 1.09184 98.0498
129 7.71 1.1161 100.657
130 7.77 1.08333 103.227
131 7.83 1.0941 105.863
132 7.89 1.07655 108.496
133 7.95 1.07872 111.175
134 8.01 1.0512 113.825
135 8.07 1.04383 116.496
136 8.13 1.01854 119.142
137 8.19 1.01362 121.813
138 8.25 1.01037 124.516
139 8.31 0.987207 127.194
140 8.37 0.979062 129.89
141 8.43 0.963169 132.579
142 8.49 0.95843 135.294
143 8.55 0.948716 138.019
144 8.61 0.925653 140.715
145 8.67 0.937532 143.485
146 8.73 0.937979 146.294
147 8.79 0.931674 149.122
148 8.85 0.935135 152
149 8.91 0.929059 154.898
150 8.97 0.950957 157.905
151 9.03 0.94348 160.928
152 9.09 0.945604 163.998
153 9.15 0.955129 167.14
154 9.21 0.959706 170.339
155 9.27 0.968231 173.609
156 9.33 0.967629 176.918
157 9.39 1.00454 180.399
158 9.45 0.999692 183.907
159 9.51 1.00423 187.476
160 9.57 1.02152 191.152
161 9.63 1.02787 194.897
162 9.69 1.04754 198.762
163 9.75 1.03967 202.646
164 9.81 1.03699 206.567
165 9.87 1.04459 210.566
166 9.93 1.04238 214.605
167 9.99 1.0479 218.714
168 10.05 1.05296 222.893
169 10.11 1.0523 227.12
170 10.17 1.04346 231.36
171 10.23 1.05047 235.68
172 10.29 1.03311 239.979
173 10.35 1.02197 244.28
174 10.41 1.02953 248.664
175 10.47 0.994411 252.948
176 10.53 1.00528 257.328
177 10.59 1.00468 261.755
178 10.65 0.994199 266.186
179 10.71 0.989569 270.646
180 10.77 0.995468 275.184
181 10.83 0.988808 279.741
182 10.89 0.976139 284.29
183 10.95 0.986271 288.936
184 11.01 0.982815 293.618
185 11.07 0.976884 298.322
186 11.13 0.972214 303.054
187 11.19 0.975758 307.855
188 11.25 0.965539 312.657
189 11.31 0.968691 317.526
190 11.37 0.961408 322.41
191 11.43 0.979898 327.44
192 11.49 0.976438 332.506
193 11.55 0.986846 337.679
194 11.61 0.982147 342.881
195 11.67 0.992106 348.19
196 11.73 0.987606 353.529
197 11.79 0.991237 358.944
198 11.85 1.00475 364.488
199 11.91 1.00376 370.082
200 11.97 1.00762 375.755
145000 200
1 0.03 0 0
2 0.09 0 0
3 0.15 0 0
4 0.21 0 0
5 0.27 0 0
6 0.33 0 0
7 0.39 0 0
8 0.45 0 0
9 0.51 0 0
10 0.57 0 0
11 0.63 0 0
12 0.69 0 0
13 0.75 0 0
14 0.81 0 0
15 0.87 0 0
16 0.93 0 0
17 0.99 0 0
18 1.05 0 0
19 1.11 0 0
20 1.17 0 0
21 1.23 0 0
22 1.29 0 0
23 1.35 0 0
24 1.41 0 0
25 1.47 0 0
26 1.53 0 0
27 1.59 0 0
28 1.65 0 0
29 1.71 0 0
30 1.77 0 0
31 1.83 0 0
32 1.89 0 0
33 1.95 0 0
34 2.01 0 0
35 2.07 0 0
36 2.13 0 0
37 2.19 0 0
38 2.25 0 0
39 2.31 0.00476896 0.001
40 2.37 0.0516484 0.0124
41 2.43 0.23789 0.0676
42 2.49 0.71417 0.2416
43 2.55 1.37131 0.592
44 2.61 2.14504 1.1662
45 2.67 2.63586 1.9046
46 2.73 2.86068 2.7424
47 2.79 2.86581 3.619
48 2.85 2.71071 4.4842
49 2.91 2.47867 5.309
50 2.97 2.26299 6.0934
51 3.03 1.96636 6.8028
52 3.09 1.69831 7.44
53 3.15 1.4388 8.001
54 3.21 1.30253 8.5284
55 3.27 1.15617 9.0142
56 3.33 1.02676 9.4616
57 3.39 0.9119 9.8734
58 3.45 0.81931 10.2566
59 3.51 0.759729 10.6244
60 3.57 0.70805 10.979
61 3.63 0.655095 11.3182
62 3.69 0.63247 11.6566
63 3.75 0.588144 11.9816
64 3.81 0.59466 12.3208
65 3.87 0.56379 12.6526
66 3.93 0.576366 13.0024
67 3.99 0.570991 13.3596
68 4.05 0.584608 13.7364
69 4.11 0.585441 14.125
70 4.17 0.61584 14.5458
71 4.23 0.626655 14.9864
72 4.29 0.652391 15.4582
73 4.35 0.720053 15.9936
74 4.41 0.741944 16.5606
75 4.47 0.813098 17.199
76 4.53 0.854453 17.888
77 4.59 0.919231 18.649
78 4.65 0.956864 19.462
79 4.71 1.02831 20.3584
80 4.77 1.07553 21.32
81 4.83 1.10788 22.3356
82 4.89 1.17346 23.4382
83 4.95 1.18132 24.5756
84 5.01 1.19457 25.7538
85 5.07 1.25754 27.024
86 5.13 1.26234 28.3294
87 5.19 1.27527 29.6792
88 5.25 1.32015 31.109
89 5.31 1.30529 32.5552
90 5.37 1.29905 34.0272
91 5.43 1.27879 35.5088
92 5.49 1.2542 36.9942
93 5.55 1.21285 38.4622
94 5.61 1.17848 39.9196
95 5.67 1.14417 41.365
96 5.73 1.06933 42.7446
97 5.79 1.03514 44.1082
98 5.85 0.990514 45.4402
99 5.91 0.969484 46.7708
100 5.97 0.934957 48.0802
101 6.03 0.879629 49.337
102 6.09 0.88832 50.6316
103 6.15 0.874705 51.9316
104 6.21 0.834919 53.1968
105 6.27 0.835329 54.4872
106 6.33 0.822109 55.7816
107 6.39 0.827934 57.11
108 6.45 0.820188 58.4508
109 6.51 0.815587 59.809
110 6.57 0.834836 61.225
111 6.63 0.861595 62.7132
112 6.69 0.851896 64.2114
113 6.75 0.89178 65.808
114 6.81 0.914108 67.4738
115 6.87 0.916436 69.1734
116 6.93 0.941969 70.951
117 6.99 0.974203 72.8214
118 7.05 0.991894 74.7586
119 7.11 1.03191 76.8084
120 7.17 1.04511 78.9196
121 7.23 1.05987 81.0966
122 7.29 1.09191 83.3768
123 7.35 1.07529 85.6594
124 7.41 1.10086 88.0346
125 7.47 1.12512 90.5016
126 7.53 1.11273 92.9808
127 7.59 1.11933 95.5146
128 7.65 1.12132 98.0932
129 7.71 1.12843 100.729
130 7.77 1.08443 103.302
131 7.83 1.08597 105.918
132 7.89 1.09903 108.606
133 7.95 1.07461 111.275
134 8.01 1.05707 113.94
135 8.07 1.03515 116.589
136 8.13 1.03564 119.279
137 8.19 1.0168 121.959
138 8.25 1.00124 124.637
139 8.31 0.979468 127.294
140 8.37 0.970707 129.967
141 8.43 0.959874 132.647
142 8.49 0.958148 135.361
143 8.55 0.940291 138.062
144 8.61 0.935539 140.787
145 8.67 0.935704 143.551
146 8.73 0.919414 146.304
147 8.79 0.92614 149.116
148 8.85 0.927857 151.972
149 8.91 0.924186 154.855
150 8.97 0.942227 157.834
151 9.03 0.939797 160.845
152 9.09 0.950408 163.931
153 9.15 0.956223 167.076
154 9.21 0.963786 170.289
155 9.27 0.970304 173.565
156 9.33 0.98365 176.93
157 9.39 0.987744 180.352
158 9.45 1.00682 183.885
159 9.51 1.00366 187.452
160 9.57 1.02179 191.129
161 9.63 1.02052 194.848
162 9.69 1.03014 198.649
163 9.75 1.04551 202.554
164 9.81 1.04476 206.505
165 9.87 1.05086 210.527
166 9.93 1.04403 214.573
167 9.99 1.05646 218.716
168 10.05 1.06052 222.925
169 10.11 1.05006 227.142
170 10.17 1.04651 231.395
171 10.23 1.04526 235.694
172 10.29 1.03917 240.017
173 10.35 1.03371 244.368
174 10.41 1.02033 248.713
175 10.47 1.01275 253.076
176 10.53 1.0157 257.501
177 10.59 0.998779 261.902
178 10.65 1.00156 266.366
179 10.71 0.989258 270.825
180 10.77 0.986472 275.321
181 10.83 0.980259 279.839
182 10.89 0.982963 284.42
183 10.95 0.971414 288.996
184 11.01 0.975341 293.642
185 11.07 0.968203 298.304
186 11.13 0.973775 303.044
187 11.19 0.967222 307.803
188 11.25 0.964936 312.602
189 11.31 0.966463 317.46
190 11.37 0.968337 322.379
191 11.43 0.964665 327.331
192 11.49 0.974279 332.385
193 11.55 0.978528 337.515
194 11.61 0.991134 342.764
195 11.67 0.995021 348.089
196 11.73 0.999258 353.492
197 11.79 0.989113 358.894
198 11.85 0.997934 364.401
199 11.91 1.01058 370.034
200 11.97 1.01135 375.728
146000 200
1 0.03 0 0
2 0.09 0 0
3 0.15 0 0
4 0.21 0 0
5 0.27 0 0
6 0.33 0 0
7 0.39 0 0
8 0.45 0 0
9 0.51 0 0
10 0.57 0 0
11 0.63 0 0
12 0.69 0 0
13 0.75 0 0
14 0.81 0 0
15 0.87 0 0
16 0.93 0 0
17 0.99 0 0
18 1.05 0 0
19 1.11 0 0
20 1.17 0 0
21 1.23 0 0
22 1.29 0 0
23 1.35 0 0
24 1.41 0 0
25 1.47 0 0
26 1.53 0 0
27 1.59 0 0
28 1.65 0 0
29 1.71 0 0
30 1.77 0 0
31 1.83 0 0
32 1.89 0 0
33 1.95 0 0
34 2.01 0 0
35 2.07 0 0
36 2.13 0 0
37 2.19 0 0
38 2.25 0 0
39 2.31 0.00381517 0.0008
40 2.37 0.0561789 0.0132
41 2.43 0.227547 0.066
42 2.49 0.73305 0.2446
43 2.55 1.35879 0.5918
44 2.61 2.12337 1.1602
45 2.67 2.56447 1.8786
46 2.73 2.96653 2.7474
47 2.79 2.91289 3.6384
48 2.85 2.71572 4.5052
49 2.91 2.48168 5.331
50 2.97 2.23183 6.1046
51 3.03 1.95306 6.8092
52 3.09 1.74042 7.4622
53 3.15 1.46342 8.0328
54 3.21 1.31686 8.566
55 3.27 1.12333 9.038
56 3.33 0.984989 9.4672
57 3.39 0.921644 9.8834
58 3.45 0.796219 10.2558
59 3.51 0.74527 10.6166
60 3.57 0.714839 10.9746
61 3.63 0.639259 11.3056
62 3.69 0.619761 11.6372
63 3.75 0.574028 11.9544
64 3.81 0.607633 12.301
65 3.87 0.551896 12.6258
66 3.93 0.56582 12.9692
67 3.99 0.5614 13.3204
68 4.05 0.577781 13.6928
69 4.11 0.588454 14.0834
70 4.17 0.639549 14.5204
71 4.23 0.638886 14.9696
72 4.29 0.669814 15.454
73 4.35 0.693963 15.97
74 4.41 0.757385 16.5488
75 4.47 0.813863 17.1878
76 4.53 0.854453 17.8768
77 4.59 0.940008 18.655
78 4.65 0.977343 19.4854
79 4.71 1.03359 20.3864
80 4.77 1.10148 21.3712
81 4.83 1.12817 22.4054
82 4.89 1.15579 23.4914
83 4.95 1.2345 24.68
84 5.01 1.21342 25.8768
85 5.07 1.24012 27.1294
86 5.13 1.25305 28.4252
87 5.19 1.2781 29.778
88 5.25 1.28433 31.169
89 5.31 1.29356 32.6022
90 5.37 1.26481 34.0354
91 5.43 1.24841 35.4818
92 5.49 1.23089 36.9396
93 5.55 1.1798 38.3676
94 5.61 1.17168 39.8166
95 5.67 1.12976 41.2438
96 5.73 1.08235 42.6402
97 5.79 1.05958 44.036
98 5.85 0.98159 45.356
99 5.91 0.951706 46.6622
100 5.97 0.936243 47.9734
101 6.03 0.896147 49.2538
102 6.09 0.903827 50.571
103 6.15 0.863132 51.8538
104 6.21 0.864615 53.164
105 6.27 0.855397 54.4854
106 6.33 0.823634 55.7822
107 6.39 0.814596 57.0892
108 6.45 0.803916 58.4034
109 6.51 0.834323 59.7928
110 6.57 0.841439 61.22
111 6.63 0.850826 62.6896
112 6.69 0.878734 64.235
113 6.75 0.892785 65.8334
114 6.81 0.91762 67.5056
115 6.87 0.942318 69.2532
116 6.93 0.950236 71.0464
117 6.99 0.981494 72.9308
118 7.05 0.988515 74.8614
119 7.11 1.02506 76.8976
120 7.17 1.0653 79.0496
121 7.23 1.05266 81.2118
122 7.29 1.08166 83.4706
123 7.35 1.08659 85.7772
124 7.41 1.0903 88.1296
125 7.47 1.10906 90.5614
126 7.53 1.12584 93.0698
127 7.59 1.11085 95.5844
128 7.65 1.09175 98.095
129 7.71 1.11584 100.701
130 7.77 1.09564 103.301
131 7.83 1.09112 105.929
132 7.89 1.06297 108.529
133 7.95 1.05851 111.158
134 8.01 1.04437 113.791
135 8.07 1.03836 116.448
136 8.13 1.03387 119.134
137 8.19 1.01255 121.802
138 8.25 0.991672 124.455
139 8.31 0.990745 127.143
140 8.37 0.971724 129.818
141 8.43 0.970116 132.527
142 8.49 0.963444 135.256
143 8.55 0.951083 137.988
144 8.61 0.947486 140.748
145 8.67 0.933943 143.506
146 8.73 0.920682 146.264
147 8.79 0.936746 149.108
148 8.85 0.923568 151.95
149 8.91 0.941945 154.888
150 8.97 0.949059 157.889
151 9.03 0.937051 160.891
152 9.09 0.943694 163.955
153 9.15 0.963457 167.125
154 9.21 0.957666 170.317
155 9.27 0.975753 173.612
156 9.33 0.97827 176.958
157 9.39 1.00177 180.429
158 9.45 1.00773 183.965
159 9.51 1.01565 187.574
160 9.57 1.01035 191.21
161 9.63 1.02414 194.942
162 9.69 1.02987 198.742
163 9.75 1.04288 202.638
164 9.81 1.04497 206.589
165 9.87 1.05561 210.63
166 9.93 1.0528 214.709
167 9.99 1.04463 218.806
168 10.05 1.03351 222.908
169 10.11 1.04348 227.099
170 10.17 1.04646 231.352
171 10.23 1.03228 235.597
172 10.29 1.02479 239.861
173 10.35 1.03105 244.201
174 10.41 1.02441 248.563
175 10.47 1.0101 252.914
176 10.53 1.01993 257.358
177 10.59 1.00277 261.777
178 10.65 1.00214 266.243
179 10.71 0.992941 270.718
180 10.77 0.987657 275.22
181 10.83 0.983817 279.754
182 10.89 0.985796 284.348
183 10.95 0.976296 288.948
184 11.01 0.964718 293.543
185 11.07 0.968286 298.206
186 11.13 0.974885 302.951
187 11.19 0.977262 307.759
188 11.25 0.963488 312.551
189 11.31 0.971954 317.436
190 11.37 0.971802 322.373
191 11.43 0.979898 327.403
192 11.49 0.96811 332.426
193 11.55 0.977842 337.551
194 11.61 1.00076 342.852
195 11.67 0.999992 348.203
196 11.73 0.997482 353.596
197 11.79 0.991786 359.014
198 11.85 1.00054 364.534
199 11.91 1.00581 370.141
200 11.97 1.01586 375.86
147000 200
1 0.03 0 0
2 0.09 0 0
3 0.15 0 0
4 0.21 0 0
5 0.27 0 0
6 0.33 0 0
7 0.39 0 0
8 0.45 0 0
9 0.51 0 0
10 0.57 0 0
11 0.63 0 0
12 0.69 0 0
13 0.75 0 0
14 0.81 0 0
15 0.87 0 0
16 0.93 0 0
17 0.99 0 0
18 1.05 0 0
19 1.11 0 0
20 1.17 0 0
21 1.23 0 0
22 1.29 0 0
23 1.35 0 0
24 1.41 0 0
25 1.47 0 0
26 1.53 0 0
27 1.59 0 0
28 1.65 0 0
29 1.71 0 0
30 1.77 0 0
31 1.83 0 0
32 1.89 0 0
33 1.95 0 0
34 2.01 0 0
35 2.07 0 0
36 2.13 0 0
37 2.19 0 0
38 2.25 0 0
39 2.31 0.00572275 0.0012
40 2.37 0.0588973 0.0142
41 2.43 0.289605 0.0814
42 2.49 0.71499 0.2556
43 2.55 1.3854 0.6096
44 2.61 2.11515 1.1758
45 2.67 2.67941 1.9264
46 2.73 2.78351 2.7416
47 2.79 2.90112 3.629
48 2.85 2.70193 4.4914
49 2.91 2.47627 5.3154
50 2.97 2.20182 6.0786
51 3.03 1.95916 6.7854
52 3.09 1.68978 7.4194
53 3.15 1.46547 7.9908
54 3.21 1.31143 8.5218
55 3.27 1.18568 9.02
56 3.33 1.01069 9.4604
57 3.39 0.903043 9.8682
58 3.45 0.815461 10.2496
59 3.51 0.767578 10.6212
60 3.57 0.676501 10.96
61 3.63 0.651619 11.2974
62 3.69 0.653029 11.6468
63 3.75 0.615289 11.9868
64 3.81 0.585193 12.3206
65 3.87 0.568548 12.6552
66 3.93 0.56582 12.9986
67 3.99 0.556604 13.3468
68 4.05 0.611294 13.7408
69 4.11 0.573087 14.1212
70 4.17 0.587155 14.5224
71 4.23 0.624948 14.9618
72 4.29 0.629714 15.4172
73 4.35 0.712791 15.9472
74 4.41 0.773349 16.5382
75 4.47 0.841628 17.199
76 4.53 0.88124 17.9096
77 4.59 0.940733 18.6884
78 4.65 0.996175 19.5348
79 4.71 1.01845 20.4226
80 4.77 1.07934 21.3876
81 4.83 1.13494 22.428
82 4.89 1.12046 23.4808
83 4.95 1.20687 24.6428
84 5.01 1.21849 25.8446
85 5.07 1.24586 27.103
86 5.13 1.24957 28.3952
87 5.19 1.26223 29.7312
88 5.25 1.30538 31.145
89 5.31 1.27586 32.5586
90 5.37 1.29023 34.0206
91 5.43 1.25169 35.4708
92 5.49 1.21907 36.9146
93 5.55 1.19682 38.3632
94 5.61 1.183 39.8262
95 5.67 1.11314 41.2324
96 5.73 1.06762 42.6098
97 5.79 1.06004 44.0062
98 5.85 1.00107 45.3524
99 5.91 0.97269 46.6874
100 5.97 0.957092 48.0278
101 6.03 0.922043 49.3452
102 6.09 0.88036 50.6282
103 6.15 0.861786 51.909
104 6.21 0.861315 53.2142
105 6.27 0.829244 54.4952
106 6.33 0.832271 55.8056
107 6.39 0.825316 57.1298
108 6.45 0.826672 58.4812
109 6.51 0.821472 59.8492
110 6.57 0.833185 61.2624
111 6.63 0.842489 62.7176
112 6.69 0.870091 64.2478
113 6.75 0.874576 65.8136
114 6.81 0.896438 67.4472
115 6.87 0.947495 69.2044
116 6.93 0.944089 70.986
117 6.99 0.974203 72.8564
118 7.05 0.989232 74.7884
119 7.11 1.03241 76.8392
120 7.17 1.04877 78.9578
121 7.23 1.06999 81.1556
122 7.29 1.09565 83.4436
123 7.35 1.10723 85.794
124 7.41 1.1181 88.2064
125 7.47 1.10149 90.6216
126 7.53 1.11291 93.1012
127 7.59 1.09362 95.5768
128 7.65 1.09967 98.1056
129 7.71 1.07697 100.621
130 7.77 1.08805 103.202
131 7.83 1.09311 105.836
132 7.89 1.08096 108.48
133 7.95 1.07091 111.14
134 8.01 1.06246 113.818
135 8.07 1.03976 116.479
136 8.13 1.03102 119.157
137 8.19 1.00717 121.811
138 8.25 1.00715 124.505
139 8.31 0.98986 127.191
140 8.37 0.976737 129.88
141 8.43 0.97026 132.589
142 8.49 0.969728 135.336
143 8.55 0.937924 138.03
144 8.61 0.937256 140.76
145 8.67 0.920672 143.48
146 8.73 0.935375 146.281
147 8.79 0.943597 149.146
148 8.85 0.945663 152.056
149 8.91 0.932713 154.966
150 8.97 0.931094 157.909
151 9.03 0.932557 160.897
152 9.09 0.944495 163.964
153 9.15 0.96291 167.132
154 9.21 0.971286 170.369
155 9.27 0.963848 173.624
156 9.33 0.9802 176.977
157 9.39 0.984281 180.387
158 9.45 1.00106 183.9
159 9.51 1.0107 187.491
160 9.57 1.02402 191.177
161 9.63 1.03989 194.966
162 9.69 1.04202 198.811
163 9.75 1.03308 202.67
164 9.81 1.03688 206.591
165 9.87 1.03142 210.539
166 9.93 1.05193 214.615
167 9.99 1.04784 218.724
168 10.05 1.04127 222.856
169 10.11 1.04886 227.069
170 10.17 1.04164 231.302
171 10.23 1.0423 235.589
172 10.29 1.02917 239.871
173 10.35 1.02354 244.179
174 10.41 1.0223 248.532
175 10.47 1.02264 252.937
176 10.53 1.01511 257.36
177 10.59 1.01208 261.82
178 10.65 1.00506 266.299
179 10.71 0.993518 270.777
180 10.77 0.987262 275.277
181 10.83 0.990457 279.842
182 10.89 0.976611 284.393
183 10.95 0.969037 288.959
184 11.01 0.962829 293.545
185 11.07 0.975679 298.243
186 11.13 0.975419 302.991
187 11.19 0.972954 307.778
188 11.25 0.965901 312.582
189 11.31 0.977684 317.496
190 11.37 0.96692 322.408
191 11.43 0.976002 327.418
192 11.49 0.981758 332.511
193 11.55 0.968532 337.588
194 11.61 0.98834 342.823
195 11.67 1.00623 348.208
196 11.73 0.992932 353.576
197 11.79 1.00695 359.076
198 11.85 0.999022 364.589
199 11.91 0.999782 370.161
200 11.97 1.00996 375.847
148000 200
1 0.03 0 0
2 0.09 0 0
3 0.15 0 0
4 0.21 0 0
5 0.27 0 0
6 0.33 0 0
7 0.39 0 0
8 0.45 0 0
9 0.51 0 0
10 0.57 0 0
11 0.63 0 0
12 0.69 0 0
13 0.75 0 0
14 0.81 0 0
15 0.87 0 0
16 0.93 0 0
17 0.99 0 0
18 1.05 0 0
19 1.11 0 0
20 1.17 0 0
21 1.23 0 0
22 1.29 0 0
23 1.35 0 0
24 1.41 0 0
25 1.47 0 0
26 1.53 0 0
27 1.59 0 0
28 1.65 0 0
29 1.71 0 0
30 1.77 0 0
31 1.83 0 0
32 1.89 0 0
33 1.95 0 0
34 2.01 0 0
35 2.07 0 0
36 2.13 0 0
37 2.19 0 0
38 2.25 0.00100534 0.0002
39 2.31 0.00286137 0.0008
40 2.37 0.0534606 0.0126
41 2.43 0.249957 0.0706
42 2.49 0.70514 0.2424
43 2.55 1.41123 0.603
44 2.61 2.11515 1.1692
45 2.67 2.58089 1.8922
46 2.73 2.86683 2.7318
47 2.79 2.86712 3.6088
48 2.85 2.67687 4.4632
49 2.91 2.53517 5.3068
50 2.97 2.26241 6.091
51 3.03 1.93753 6.79
52 3.09 1.67592 7.4188
53 3.15 1.45214 7.985
54 3.21 1.28426 8.505
55 3.27 1.17045 8.9968
56 3.33 1.02951 9.4454
57 3.39 0.935816 9.868
58 3.45 0.81204 10.2478
59 3.51 0.76386 10.6176
60 3.57 0.725621 10.981
61 3.63 0.684837 11.3356
62 3.69 0.621256 11.668
63 3.75 0.61746 12.0092
64 3.81 0.580635 12.3404
65 3.87 0.575685 12.6792
66 3.93 0.564502 13.0218
67 3.99 0.558523 13.3712
68 4.05 0.611294 13.7652
69 4.11 0.598699 14.1626
70 4.17 0.624036 14.589
71 4.23 0.64486 15.0424
72 4.29 0.661517 15.5208
73 4.35 0.71037 16.049
74 4.41 0.737495 16.6126
75 4.47 0.788899 17.232
76 4.53 0.822458 17.8952
77 4.59 0.886617 18.6292
78 4.65 0.951921 19.438
79 4.71 1.0196 20.3268
80 4.77 1.08761 21.2992
81 4.83 1.0985 22.3062
82 4.89 1.14578 23.3828
83 4.95 1.16782 24.5072
84 5.01 1.23269 25.723
85 5.07 1.24863 26.9842
86 5.13 1.2517 28.2786
87 5.19 1.29095 29.645
88 5.25 1.30649 31.06
89 5.31 1.30132 32.5018
90 5.37 1.30947 33.9856
91 5.43 1.27188 35.4592
92 5.49 1.24069 36.9286
93 5.55 1.19385 38.3736
94 5.61 1.18996 39.8452
95 5.67 1.12485 41.2662
96 5.73 1.09227 42.6754
97 5.79 1.0693 44.084
98 5.85 1.0268 45.4648
99 5.91 0.953892 46.774
100 5.97 0.955236 48.1118
101 6.03 0.898247 49.3952
102 6.09 0.892437 50.6958
103 6.15 0.866361 51.9834
104 6.21 0.844686 53.2634
105 6.27 0.839602 54.5604
106 6.33 0.827826 55.8638
107 6.39 0.827685 57.1918
108 6.45 0.832422 58.5526
109 6.51 0.81931 59.917
110 6.57 0.83236 61.3288
111 6.63 0.83531 62.7716
112 6.69 0.841774 64.252
113 6.75 0.876252 65.8208
114 6.81 0.914986 67.4882
115 6.87 0.917191 69.1892
116 6.93 0.955005 70.9914
117 6.99 0.96441 72.843
118 7.05 0.993226 74.7828
119 7.11 1.01882 76.8066
120 7.17 1.03877 78.905
121 7.23 1.06522 81.093
122 7.29 1.05829 83.303
123 7.35 1.10007 85.6382
124 7.41 1.09697 88.005
125 7.47 1.09438 90.4046
126 7.53 1.11534 92.8896
127 7.59 1.09989 95.3794
128 7.65 1.09314 97.8932
129 7.71 1.10471 100.474
130 7.77 1.12169 103.135
131 7.83 1.08298 105.744
132 7.89 1.10475 108.446
133 7.95 1.0912 111.156
134 8.01 1.06079 113.83
135 8.07 1.02788 116.461
136 8.13 1.04349 119.171
137 8.19 1.03623 121.902
138 8.25 1.00536 124.591
139 8.31 1.01079 127.334
140 8.37 0.979643 130.031
141 8.43 0.978138 132.762
142 8.49 0.960831 135.483
143 8.55 0.958115 138.236
144 8.61 0.936363 140.963
145 8.67 0.932725 143.718
146 8.73 0.915006 146.458
147 8.79 0.935363 149.298
148 8.85 0.927922 152.154
149 8.91 0.930661 155.057
150 8.97 0.938242 158.024
151 9.03 0.93418 161.017
152 9.09 0.928849 164.033
153 9.15 0.94759 167.15
154 9.21 0.942665 170.292
155 9.27 0.964558 173.549
156 9.33 0.976282 176.888
157 9.39 0.982549 180.293
158 9.45 1.00858 183.832
159 9.51 1.017 187.446
160 9.57 1.01724 191.107
161 9.63 1.01684 194.812
162 9.69 1.02413 198.591
163 9.75 1.03351 202.451
164 9.81 1.05 206.422
165 9.87 1.04856 210.436
166 9.93 1.04031 214.467
167 9.99 1.05014 218.585
168 10.05 1.04857 222.746
169 10.11 1.03636 226.909
170 10.17 1.04415 231.152
171 10.23 1.05475 235.49
172 10.29 1.03748 239.806
173 10.35 1.02939 244.139
174 10.41 1.04099 248.572
175 10.47 1.02167 252.973
176 10.53 1.02438 257.436
177 10.59 1.00341 261.858
178 10.65 1.00277 266.327
179 10.71 1.00408 270.853
180 10.77 0.995819 275.392
181 10.83 0.984425 279.929
182 10.89 0.983993 284.514
183 10.95 0.976296 289.114
184 11.01 0.977105 293.768
185 11.07 0.975513 298.465
186 11.13 0.968311 303.179
187 11.19 0.966247 307.933
188 11.25 0.972617 312.77
189 11.31 0.967617 317.634
190 11.37 0.965936 322.54
191 11.43 0.973236 327.537
192 11.49 0.97505 332.595
193 11.55 0.975171 337.707
194 11.61 0.982903 342.913
195 11.67 0.989677 348.209
196 11.73 0.979985 353.507
197 11.79 0.997755 358.957
198 11.85 0.997535 364.461
199 11.91 0.992928 369.996
200 11.97 1.00556 375.657
149000 200
1 0.03 0 0
2 0.09 0 0
3 0.15 0 0
4 0.21 0 0
5 0.27 0 0
6 0.33 0 0
7 0.39 0 0
8 0.45 0 0
9 0.51 0 0
10 0.57 0 0
11 0.63 0 0
12 0.69 0 0
13 0.75 0 0
14 0.81 0 0
15 0.87 0 0
16 0.93 0 0
17 0.99 0 0
18 1.05 0 0
19 1.11 0 0
20 1.17 0 0
21 1.23 0 0
22 1.29 0 0
23 1.35 0 0
24 1.41 0 0
25 1.47 0 0
26 1.53 0 0
27 1.59 0 0
28 1.65 0 0
29 1.71 0 0
30 1.77 0 0
31 1.83 0 0
32 1.89 0 0
33 1.95 0 0
34 2.01 0 0
35 2.07 0 0
36 2.13 0 0
37 2.19 0 0
38 2.25 0.00100534 0.0002
39 2.31 0.00381517 0.001
40 2.37 0.0443995 0.0108
41 2.43 0.269781 0.0734
42 2.49 0.72402 0.2498
43 2.55 1.44488 0.619
44 2.61 2.11366 1.1848
45 2.67 2.60373 1.9142
46 2.73 2.83405 2.7442
47 2.79 2.8292 3.6096
48 2.85 2.81911 4.5094
49 2.91 2.44622 5.3234
50 2.97 2.18855 6.082
51 3.03 1.95139 6.786
52 3.09 1.68338 7.4176
53 3.15 1.46393 7.9884
54 3.21 1.33168 8.5276
55 3.27 1.13618 9.005
56 3.33 1.02125 9.45
57 3.39 0.905257 9.8588
58 3.45 0.842829 10.253
59 3.51 0.753532 10.6178
60 3.57 0.684089 10.9604
61 3.63 0.646598 11.2952
62 3.69 0.639198 11.6372
63 3.75 0.602621 11.9702
64 3.81 0.575376 12.2984
65 3.87 0.570247 12.634
66 3.93 0.555934 12.9714
67 3.99 0.564277 13.3244
68 4.05 0.593917 13.7072
69 4.11 0.604725 14.1086
70 4.17 0.611742 14.5266
71 4.23 0.645429 14.9804
72 4.29 0.690832 15.48
73 4.35 0.738075 16.0288
74 4.41 0.743776 16.5972
75 4.47 0.81641 17.2382
76 4.53 0.857429 17.9296
77 4.59 0.923097 18.6938
78 4.65 0.960866 19.5102
79 4.71 0.992523 20.3754
80 4.77 1.09097 21.3508
81 4.83 1.12163 22.379
82 4.89 1.15536 23.4646
83 4.95 1.17655 24.5974
84 5.01 1.23674 25.8172
85 5.07 1.2322 27.0618
86 5.13 1.25982 28.3646
87 5.19 1.29246 29.7326
88 5.25 1.30353 31.1444
89 5.31 1.29915 32.5838
90 5.37 1.29711 34.0536
91 5.43 1.26049 35.514
92 5.49 1.21384 36.9516
93 5.55 1.19699 38.4004
94 5.61 1.15147 39.8244
95 5.67 1.10696 41.2228
96 5.73 1.08251 42.6194
97 5.79 1.05336 44.007
98 5.85 1.00806 45.3626
99 5.91 0.979102 46.7064
100 5.97 0.940812 48.024
101 6.03 0.917144 49.3344
102 6.09 0.888594 50.6294
103 6.15 0.86219 51.9108
104 6.21 0.865803 53.2228
105 6.27 0.822771 54.4938
106 6.33 0.826428 55.795
107 6.39 0.828059 57.1236
108 6.45 0.835113 58.4888
109 6.51 0.820752 59.8556
110 6.57 0.840142 61.2806
111 6.63 0.849089 62.7472
112 6.69 0.867021 64.272
113 6.75 0.878933 65.8456
114 6.81 0.880964 67.451
115 6.87 0.946416 69.2062
116 6.93 0.960834 71.0194
117 6.99 0.987224 72.9148
118 7.05 0.982678 74.834
119 7.11 1.01469 76.8496
120 7.17 1.01936 78.9088
121 7.23 1.07846 81.124
122 7.29 1.08348 83.3866
123 7.35 1.08989 85.7002
124 7.41 1.11338 88.1024
125 7.47 1.10341 90.5218
126 7.53 1.10053 92.9738
127 7.59 1.11801 95.5046
128 7.65 1.10367 98.0426
129 7.71 1.0994 100.611
130 7.77 1.08915 103.194
131 7.83 1.10108 105.847
132 7.89 1.08816 108.509
133 7.95 1.07042 111.167
134 8.01 1.06896 113.862
135 8.07 1.05813 116.57
136 8.13 1.02586 119.234
137 8.19 1.00868 121.893
138 8.25 0.994813 124.554
139 8.31 0.986249 127.23
140 8.37 0.974775 129.913
141 8.43 0.972408 132.629
142 8.49 0.972623 135.383
143 8.55 0.944956 138.098
144 8.61 0.935814 140.824
145 8.67 0.933199 143.58
146 8.73 0.934573 146.379
147 8.79 0.940106 149.233
148 8.85 0.934225 152.108
149 8.91 0.93002 155.01
150 8.97 0.930778 157.952
151 9.03 0.934429 160.946
152 9.09 0.940552 164
153 9.15 0.955919 167.145
154 9.21 0.946205 170.299
155 9.27 0.974687 173.59
156 9.33 0.980726 176.945
157 9.39 0.990688 180.377
158 9.45 0.989547 183.849
159 9.51 1.00406 187.418
160 9.57 1.00696 191.041
161 9.63 1.03188 194.802
162 9.69 1.04787 198.668
163 9.75 1.03667 202.54
164 9.81 1.04397 206.488
165 9.87 1.03534 210.451
166 9.93 1.06726 214.586
167 9.99 1.04703 218.692
168 10.05 1.04923 222.857
169 10.11 1.04946 227.072
170 10.17 1.04395 231.314
171 10.23 1.04439 235.609
172 10.29 1.03946 239.934
173 10.35 1.02734 244.258
174 10.41 1.03066 248.647
175 10.47 1.02306 253.054
176 10.53 1.02052 257.5
177 10.59 1.01135 261.957
178 10.65 0.983653 266.341
179 10.71 0.995515 270.828
180 10.77 0.981996 275.304
181 10.83 0.974704 279.796
182 10.89 0.974465 284.337
183 10.95 0.977484 288.943
184 11.01 0.973578 293.58
185 11.07 0.97759 298.287
186 11.13 0.970776 303.013
187 11.19 0.97775 307.824
188 11.25 0.970767 312.651
189 11.31 0.984169 317.598
190 11.37 0.971802 322.535
191 11.43 0.97234 327.526
192 11.49 0.971696 332.567
193 11.55 0.972653 337.666
194 11.61 0.982412 342.869
195 11.67 0.990686 348.171
196 11.73 0.988419 353.515
197 11.79 1.00288 358.993
198 11.85 1.00497 364.538
199 11.91 1.00226 370.124
200 11.97 1.00346 375.774
150000 200
1 0.03 0 0
2 0.09 0 0
3 0.15 0 0
4 0.21 0 0
5 0.27 0 0
6 0.33 0 0
7 0.39 0 0
8 0.45 0 0
9 0.51 0 0
10 0.57 0 0
11 0.63 0 0
12 0.69 0 0
13 0.75 0 0
14 0.81 0 0
15 0.87 0 0
16 0.93 0 0
17 0.99 0 0
18 1.05 0 0
19 1.11 0 0
20 1.17 0 0
21 1.23 0 0
22 1.29 0 0
23 1.35 0 0
24 1.41 0 0
25 1.47 0 0
26 1.53 0 0
27 1.59 0 0
28 1.65 0 0
29 1.71 0 0
30 1.77 0 0
31 1.83 0 0
32 1.89 0 0
33 1.95 0 0
34 2.01 0 0
35 2.07 0 0
36 2.13 0 0
37 2.19 0 0
38 2.25 0 0
39 2.31 0.00667654 0.0014
40 2.37 0.0498362 0.0124
41 2.43 0.250819 0.0706
42 2.49 0.716632 0.2452
43 2.55 1.38853 0.6
44 2.61 2.14653 1.1746
45 2.67 2.64086 1.9144
46 2.73 2.85385 2.7502
47 2.79 2.89851 3.6368
48 2.85 2.71133 4.5022
49 2.91 2.56282 5.355
50 2.97 2.11527 6.0882
51 3.03 1.86269 6.7602
52 3.09 1.67859 7.39
53 3.15 1.52344 7.984
54 3.21 1.26796 8.4974
55 3.27 1.18854 8.9968
56 3.33 0.995086 9.4304
57 3.39 0.943788 9.8566
58 3.45 0.835559 10.2474
59 3.51 0.742378 10.6068
60 3.57 0.715238 10.965
61 3.63 0.675181 11.3146
62 3.69 0.656393 11.6658
63 3.75 0.601535 11.9982
64 3.81 0.575376 12.3264
65 3.87 0.555634 12.6534
66 3.93 0.600092 13.0176
67 3.99 0.599445 13.3926
68 4.05 0.57685 13.7644
69 4.11 0.589961 14.156
70 4.17 0.600912 14.5666
71 4.23 0.643437 15.019
72 4.29 0.662624 15.4982
73 4.35 0.694232 16.0144
74 4.41 0.73985 16.5798
75 4.47 0.805456 17.2122
76 4.53 0.862142 17.9074
77 4.59 0.889758 18.644
78 4.65 0.969105 19.4674
79 4.71 1.01386 20.3512
80 4.77 1.06703 21.3052
81 4.83 1.10461 22.3178
82 4.89 1.14174 23.3906
83 4.95 1.1996 24.5456
84 5.01 1.24465 25.7732
85 5.07 1.23794 27.0236
86 5.13 1.26447 28.3312
87 5.19 1.30116 29.7084
88 5.25 1.30132 31.1178
89 5.31 1.29193 32.5492
90 5.37 1.28228 34.0022
91 5.43 1.26325 35.4658
92 5.49 1.24626 36.9418
93 5.55 1.20806 38.404
94 5.61 1.16618 39.8462
95 5.67 1.15288 41.3026
96 5.73 1.10018 42.722
97 5.79 1.01009 44.0526
98 5.85 1.00598 45.4054
99 5.91 0.959721 46.7226
100 5.97 0.945097 48.0462
101 6.03 0.926382 49.3698
102 6.09 0.879674 50.6518
103 6.15 0.869053 51.9434
104 6.21 0.854452 53.2382
105 6.27 0.841803 54.5386
106 6.33 0.829223 55.8442
107 6.39 0.82569 57.169
108 6.45 0.821656 58.5122
109 6.51 0.834203 59.9014
110 6.57 0.826582 61.3034
111 6.63 0.859511 62.788
112 6.69 0.857013 64.2952
113 6.75 0.882954 65.876
114 6.81 0.894024 67.5052
115 6.87 0.916221 69.2044
116 6.93 0.951295 70.9996
117 6.99 0.974307 72.8702
118 7.05 1.0051 74.8332
119 7.11 1.00311 76.8258
120 7.17 1.03728 78.9212
121 7.23 1.05889 81.0962
122 7.29 1.06452 83.3192
123 7.35 1.10139 85.6572
124 7.41 1.0978 88.0258
125 7.47 1.11536 90.4714
126 7.53 1.099 92.92
127 7.59 1.1188 95.4526
128 7.65 1.1008 97.984
129 7.71 1.11473 100.588
130 7.77 1.1071 103.214
131 7.83 1.10282 105.871
132 7.89 1.0736 108.497
133 7.95 1.0635 111.138
134 8.01 1.07293 113.843
135 8.07 1.04641 116.521
136 8.13 1.0314 119.2
137 8.19 1.02841 121.911
138 8.25 1.01007 124.612
139 8.31 0.989049 127.296
140 8.37 0.98313 130.002
141 8.43 0.96188 132.688
142 8.49 0.96302 135.416
143 8.55 0.956375 138.163
144 8.61 0.949889 140.93
145 8.67 0.933943 143.689
146 8.73 0.934774 146.488
147 8.79 0.929698 149.311
148 8.85 0.920383 152.143
149 8.91 0.92066 155.015
150 8.97 0.92926 157.953
151 9.03 0.939298 160.963
152 9.09 0.940429 164.016
153 9.15 0.957256 167.165
154 9.21 0.963306 170.376
155 9.27 0.970481 173.653
156 9.33 0.969617 176.97
157 9.39 1.00431 180.449
158 9.45 0.987723 183.915
159 9.51 1.00642 187.492
160 9.57 1.01018 191.127
161 9.63 1.02469 194.861
162 9.69 1.02575 198.646
163 9.75 1.03656 202.518
164 9.81 1.04053 206.453
165 9.87 1.04542 210.455
166 9.93 1.0448 214.503
167 9.99 1.04244 218.591
168 10.05 1.0393 222.716
169 10.11 1.04104 226.897
170 10.17 1.03825 231.116
171 10.23 1.0439 235.409
172 10.29 1.03989 239.736
173 10.35 1.04535 244.136
174 10.41 1.03686 248.551
175 10.47 1.02872 252.982
176 10.53 1.01726 257.415
177 10.59 1.01203 261.874
178 10.65 1.00546 266.356
179 10.71 1.01544 270.932
180 10.77 0.98713 275.432
181 10.83 0.983687 279.965
182 10.89 0.983307 284.547
183 10.95 0.965726 289.097
184 11.01 0.984914 293.789
185 11.07 0.974765 298.483
186 11.13 0.963175 303.171
187 11.19 0.966694 307.927
188 11.25 0.971893 312.761
189 11.31 0.96328 317.603
190 11.37 0.968534 322.523
191 11.43 0.968483 327.494
192 11.49 0.969691 332.525
193 11.55 0.980741 337.666
194 11.61 0.995703 342.94
195 11.67 0.991994 348.248
196 11.73 0.996743 353.637
197 11.79 0.985928 359.022
198 11.85 0.984523 364.455
199 11.91 1.00409 370.051
200 11.97 1.00705 375.721
