# Particles (1000 particles):
# "Particle Identifier" "Particle Type" Position.X Position.Y Position.Z Velocity.X Velocity.Y Velocity.Z "Velocity Magnitude" Centrosymmetry Coordination "Atomic Volume" "Cavity Radius" "Voronoi Index.1" "Voronoi Index.2" "Voronoi Index.3" "Voronoi Index.4" "Voronoi Index.5" "Voronoi Index.6" "Voronoi Index.7" "Voronoi Index.8" "Voronoi Index.9" "Voronoi Index.10" "Max Face Order"
966 2 1.23471 8.28054 6.13885 -0.00171516 1.64987e-04 0.00159271 0.002346427 0.0 11 16.3165753683 2.2493528729 0 0 0 2 8 1 0 0 0 0 6 
37 1 7.07566 6.4107 7.98483 5.88541e-04 5.11962e-04 -0.00354529 0.0036300918 0.0 13 21.484238512 2.2601706526 0 0 0 3 6 4 0 0 0 0 6 
285 2 6.98169 1.55895 2.90689 8.87711e-04 0.00187881 -0.00258358 0.0033155457 0.0 12 13.4282330456 2.0444666012 0 0 0 0 12 0 0 0 0 0 5 
494 2 5.04723 26.5063 3.54643 -0.00135506 0.00136353 0.00451456 0.0049067967 0.0 14 13.5842656865 1.9307682326 0 0 0 2 8 4 0 0 0 0 6 
533 1 4.98905 5.3827 5.97469 -9.50204e-04 -9.45779e-04 0.00217754 0.0025571598 0.0 16 22.5136608415 2.2477655527 0 0 0 3 7 5 1 0 0 0 7 
719 1 2.03747 6.17105 1.22516 0.00131459 0.00254721 3.39334e-04 0.0028864465 0.0 16 24.2353627931 2.2401603079 0 0 0 0 12 4 0 0 0 0 6 
856 1 7.53224 7.28271 4.95932 0.00100839 -0.00161112 -0.00363456 0.0041015344 0.0 15 21.8033342706 2.1799631374 0 0 0 2 8 5 0 0 0 0 6 
962 1 5.34346 7.04609 2.84866 -0.00305104 0.00194448 0.00326577 0.0048739205 0.0 15 23.0224106094 2.2401603079 0 0 0 2 8 5 0 0 0 0 6 
20 1 5.60963 3.36182 7.95405 -6.1102e-04 -6.13006e-04 0.00317147 0.0032874525 0.0 15 23.4561155988 2.3004594915 0 0 1 3 5 4 2 0 0 0 7 
895 2 6.17255 1.27515 5.21144 -0.00293616 0.00192511 0.0016396 0.0038749674 0.0 15 16.7224707612 2.2477655527 0 0 0 3 8 2 2 0 0 0 7 
967 1 6.58226 4.74146 3.77539 0.00202621 -0.00333228 0.00124347 0.0040933891 0.0 14 20.6602173577 2.2477655527 0 0 0 2 8 4 0 0 0 0 6 
23 2 3.02912 4.60349 3.41318 -6.16244e-04 -7.63741e-04 5.7682e-04 0.0011383226 0.0 11 16.9209691264 2.1668801722 0 0 0 3 6 2 0 0 0 0 6 
303 2 1.32958 5.8757 7.14998 -0.00333293 -0.00276654 0.00241939 0.0049614125 0.0 14 18.103216805 2.253465466 0 0 1 1 8 3 1 0 0 0 7 
126 2 8.2249 0.652122 6.46541 -0.0013475 -0.00131659 -0.00109228 0.0021776687 0.0 15 16.0357272285 2.3004594915 0 0 2 4 2 4 2 1 0 0 8 
728 2 9.00978 26.6244 8.43729 0.00109918 -7.27866e-05 0.00354642 0.0037135683 0.0 14 16.0943413465 2.2206731283 0 0 2 2 4 4 2 0 0 0 7 
557 2 2.97817 2.81951 -0.0088348 0.00108773 9.84537e-04 -0.00121721 0.0019063236 0.0 13 17.0240426435 2.2378300123 0 0 1 1 8 2 1 0 0 0 7 
940 2 1.62321 4.33947 5.25389 -0.00110053 0.00128479 -9.96854e-04 0.0019635604 0.0 12 14.9101870842 2.1966813729 0 0 0 5 3 3 1 0 0 0 7 
235 1 8.04989 6.46394 2.09405 9.55736e-04 -6.69425e-04 -0.0013153 0.0017582876 0.0 15 21.7937251639 2.2823258079 0 0 0 1 10 4 0 0 0 0 6 
994 2 2.37185 6.48832 4.95434 0.00418354 9.07515e-04 -0.00345047 0.0054983028 0.0 13 18.7946701068 2.3158888458 0 0 0 1 10 2 0 0 0 0 6 
137 2 2.2563 2.70152 2.20809 8.89597e-04 0.00314893 0.0013924 0.0035561103 0.0 16 17.1861471526 2.1564247399 0 0 1 3 4 7 1 0 0 0 7 
807 1 4.49712 7.37348 26.6464 -0.00130277 0.00151412 3.59181e-04 0.0020294778 0.0 15 21.2169106689 2.2401603079 0 0 0 4 4 7 0 0 0 0 6 
457 1 1.97362 8.82422 26.5972 0.00423458 -0.00279103 0.00411282 0.0065296864 0.0 12 20.4056954861 2.1854012946 0 0 0 2 8 2 0 0 0 0 6 
395 2 0.968035 1.49546 7.14977 -0.0025132 9.31624e-04 0.00244831 0.0036301955 0.0 15 15.7588494824 2.2492404479 0 0 0 3 6 6 0 0 0 0 6 
157 2 2.22094 0.541171 0.303099 -0.00309914 0.00254564 0.00124226 0.0041985904 0.0 15 18.2658795787 2.2271602847 0 0 2 1 6 4 2 0 0 0 7 
3 2 4.48014 2.33917 3.87341 -0.00363114 0.00450364 -0.00295534 0.0064963055 0.0 13 15.2053340207 2.2143805764 0 0 1 1 9 0 2 0 0 0 7 
780 1 8.24917 3.63258 6.35329 2.20264e-04 0.0020805 -0.0034279 0.0040159052 0.0 15 24.319013175 2.3004594915 0 0 1 1 8 4 1 0 0 0 7 
896 1 0.384294 7.98173 2.82319 -7.24055e-04 -1.68085e-04 0.0011919 0.0014046828 0.0 16 24.9275831365 2.2345607542 0 0 0 2 8 6 0 0 0 0 6 
487 2 8.41174 26.5982 4.05527 -0.00148451 -0.00252212 -9.05819e-04 0.0030635547 0.0 16 13.9157447343 1.9696625433 0 0 0 2 8 6 0 0 0 0 6 
881 2 5.08138 2.3623 25.5358 0.00134082 -1.8561e-05 -0.00212637 0.0025138799 0.0 15 14.2579096023 1.999198693 0 0 1 3 5 4 2 0 0 0 7 
871 2 0.556303 2.01637 4.55109 0.00597552 3.48905e-04 -0.00426102 0.0073474394 0.0 13 16.7588405395 2.1131126523 0 0 0 1 10 2 0 0 0 0 6 
58 2 25.6768 8.12933 7.48791 -0.00210952 -0.005706 -0.0021433 0.0064499803 0.0 17 19.5786566118 2.2615693831 0 0 1 0 11 3 2 0 0 0 7 
515 2 7.12453 2.1019 0.60803 -2.00061e-04 0.0010785 5.60405e-04 0.0012317631 0.0 14 13.1335831171 1.9484391847 0 0 1 3 5 3 2 0 0 0 7 
148 2 3.03979 2.60744 5.99349 0.00202949 3.95273e-04 -0.00270075 0.0034013411 0.0 14 17.5260642359 2.2100097968 0 0 1 3 5 3 2 0 0 0 7 
131 1 4.73504 8.18977 6.06431 0.00314923 0.00413042 -0.00349926 0.006262814 0.0 17 24.6930503068 2.3158888458 0 0 0 0 12 5 0 0 0 0 6 
501 2 4.57652 3.58114 1.8526 0.00137683 -2.30582e-04 2.6364e-05 0.0013962535 0.0 15 15.1012978556 2.2401603079 0 0 0 2 9 3 1 0 0 0 7 
787 2 8.40643 3.43477 1.80504 0.00138536 -9.30904e-04 -7.74408e-04 0.0018399762 0.0 15 18.1154985061 2.2717312669 0 0 0 2 8 5 0 0 0 0 6 
668 2 6.40556 26.6677 7.99658 -9.64884e-04 8.79839e-04 0.00405353 0.0042586645 0.0 14 17.2666696008 2.2708538964 0 0 0 1 10 3 0 0 0 0 6 
292 2 9.1318 1.10827 1.77208 -0.00194945 6.2707e-04 0.00399878 0.0044926399 0.0 14 14.2423711373 2.1849204595 0 0 1 1 8 3 1 0 0 0 7 
42 1 9.57866 6.49945 6.79791 -3.5783e-04 -0.00362463 3.25311e-04 0.0036567489 0.0 14 21.0856686036 2.207928615 0 0 0 4 4 6 0 0 0 0 6 
662 1 12.2656 2.38611 0.886067 0.00709217 -8.36518e-05 0.00377997 0.0080370421 0.0 15 23.1789908449 2.2717312669 0 0 1 2 7 3 2 0 0 0 7 
312 1 16.6628 4.67843 26.6072 -0.00142158 0.00141308 -0.00174344 0.0026565519 0.0 14 20.3265100036 2.164097086 0 0 1 5 1 5 2 0 0 0 7 
770 1 16.8116 26.3439 1.257 4.6346e-04 -4.61829e-05 -7.63982e-05 4.7197957246e-04 0.0 15 22.7162250394 2.3433688469 0 0 0 1 10 4 0 0 0 0 6 
394 2 11.9147 0.128739 7.29528 0.00452335 -0.0010992 8.20943e-05 0.0046557143 0.0 15 18.0906791658 2.2117136091 0 0 1 4 3 5 2 0 0 0 7 
358 1 10.835 5.60344 1.06734 7.13124e-04 -7.9444e-04 -0.00103274 0.0014853392 0.0 15 22.8574389663 2.2823258079 0 0 0 3 6 6 0 0 0 0 6 
219 1 16.3695 6.05819 2.93563 -0.00389035 -0.00126173 0.00567876 0.0069982213 0.0 15 22.2319591567 2.2297341661 0 0 0 3 6 6 0 0 0 0 6 
14 1 11.2163 3.65767 6.11468 -0.00197675 4.32761e-04 2.55663e-04 0.0020396535 0.0 15 20.6798458591 2.223529788 0 0 2 3 4 2 4 0 0 0 7 
309 1 13.4118 1.95785 4.55767 9.47646e-04 8.96442e-04 -0.00233664 0.0026761031 0.0 14 22.2875254886 2.380671829 0 0 0 2 8 4 0 0 0 0 6 
968 1 16.283 1.17575 3.45138 -0.00175297 9.79735e-04 -0.00142943 0.0024649654 0.0 14 22.6172707631 2.3205290267 0 0 0 4 5 4 1 0 0 0 7 
509 1 11.774 3.94917 3.40919 0.00263354 -0.00193296 0.00153211 0.0036082168 0.0 15 21.0202890874 2.1849204595 0 0 0 4 5 5 1 0 0 0 7 
805 1 14.6857 5.29858 7.52575 -0.00271141 0.00232493 0.00102989 0.003717219 0.0 16 21.7087713762 2.1959019222 0 0 2 2 4 6 2 0 0 0 7 
464 1 15.6653 7.56314 0.768429 -7.29638e-04 -0.00107229 -0.00216257 0.0025216833 0.0 13 19.6488612391 2.125062779 0 0 2 3 2 5 0 1 0 0 8 
50 1 14.0009 26.6202 1.3351 -2.65105e-04 -0.00145008 0.00222284 0.002667214 0.0 16 23.8691464565 2.3819696287 0 0 0 2 9 4 1 0 0 0 7 
290 2 9.03635 2.26495 3.95484 -6.13947e-04 -0.00247047 0.00445361 0.0051297948 0.0 13 16.2987173996 2.1542267021 0 0 1 2 6 3 1 0 0 0 7 
239 2 11.4454 26.945 2.97722 -1.71208e-04 0.00425987 0.00218791 0.0047919469 0.0 14 17.0958415098 2.2966670376 0 0 2 1 6 3 2 0 0 0 7 
454 1 14.8716 26.6573 5.87419 0.00348806 -9.90103e-05 -0.00113979 0.0036708973 0.0 16 23.6624953648 2.3819696287 0 0 1 5 2 6 1 1 0 0 8 
746 1 17.8481 0.455864 6.88447 -4.50949e-05 0.00206758 0.00124449 0.0024136437 0.0 15 22.8035395407 2.3301397633 0 0 1 3 4 6 1 0 0 0 7 
926 1 16.6378 7.36982 8.02589 0.00269638 -0.003612 0.00268095 0.0052444735 0.0 13 20.6016176265 2.2232880145 0 0 0 1 10 2 0 0 0 0 6 
708 1 10.2063 2.7934 8.96295 -0.00111402 -0.00293177 7.60749e-04 0.0032272364 0.0 17 23.799517674 2.2783974803 0 0 3 1 3 8 2 0 0 0 7 
535 1 13.3285 6.58448 2.93195 0.0015272 -0.00189568 5.05198e-04 0.0024861954 0.0 15 22.3459507183 2.1202621328 0 0 0 4 4 7 0 0 0 0 6 
352 1 13.099 3.02431 7.90883 -0.00106672 -0.00142782 0.00217531 0.0028122118 0.0 15 21.6019378252 2.1714928368 0 0 1 4 3 5 2 0 0 0 7 
122 1 14.7544 4.42514 4.79261 -0.00388158 4.61908e-04 -0.00198834 0.0043856035 0.0 14 21.2545087097 2.2248720966 0 0 0 2 8 4 0 0 0 0 6 
901 1 14.7537 3.25228 2.12421 0.00125867 0.00630129 0.00297901 0.0070827259 0.0 14 21.7726758539 2.3344362276 0 0 0 4 4 6 0 0 0 0 6 
27 1 13.8746 5.16231 0.27583 0.0019789 -0.00190219 -0.00257525 0.0037638125 0.0 14 20.3884556545 2.2227854725 0 0 0 4 4 6 0 0 0 0 6 
357 1 12.4141 6.2592 5.55305 -0.00205968 0.00122623 -0.00296624 0.0038137254 0.0 14 21.1338821601 2.1386819928 0 0 1 3 4 5 1 0 0 0 7 
553 1 15.1583 8.01465 5.3447 0.00239773 -1.19674e-04 0.00121276 0.0026896501 0.0 15 23.4824280725 2.149400236 0 0 2 1 7 2 3 0 0 0 7 
574 1 9.76733 5.45719 4.10506 -0.00183471 -9.8689e-04 -3.93525e-04 0.0021201355 0.0 13 20.1149689466 2.0796748104 0 0 0 1 10 2 0 0 0 0 6 
985 1 17.8577 8.69839 2.58682 0.00314226 -3.50256e-05 -0.00412102 0.0051824541 0.0 14 21.2551132569 2.1802924093 0 0 1 4 4 2 3 0 0 0 7 
898 1 15.7506 2.77891 6.96938 -5.36954e-04 -0.00342256 8.58003e-04 0.0035690903 0.0 14 21.270774824 2.1834905486 0 0 0 3 6 5 0 0 0 0 6 
104 2 10.6514 8.28771 3.3732 -0.00427201 0.00164436 6.65964e-04 0.0046257429 0.0 15 20.1776342568 2.1386819928 0 0 0 2 8 5 0 0 0 0 6 
28 1 12.2951 7.94869 0.552068 0.00183524 -4.78104e-05 1.1972e-04 0.0018397621 0.0 14 19.6530950113 2.125062779 0 0 0 4 4 6 0 0 0 0 6 
924 1 17.4296 5.56848 5.74062 0.00112128 -0.00148655 -0.00195725 0.0027014676 0.0 14 22.7866166567 2.285857178 0 0 0 3 6 5 0 0 0 0 6 
829 1 11.7417 5.37485 8.46385 0.00125541 0.00150989 9.89008e-04 0.0021986266 0.0 15 20.3755155865 2.1999188062 0 0 0 5 3 6 1 0 0 0 7 
878 1 20.639 4.41677 0.895664 9.74374e-04 -0.00316381 -0.0033162 0.004685753 0.0 14 20.7097234644 2.2698493905 0 0 3 2 1 6 2 0 0 0 7 
222 1 26.4078 4.72411 2.68927 -0.00159713 6.23216e-04 0.00225248 0.0028307046 0.0 18 23.6383806692 2.4010862986 0 0 0 4 6 6 2 0 0 0 7 
264 2 26.329 -0.0932535 8.51278 0.0032372 -0.00215715 0.00259653 0.0046770427 0.0 15 13.422009674 1.9506655035 0 0 1 3 5 5 0 1 0 0 8 
919 2 0.69454 1.87437 9.77188 -0.00113397 0.0033242 0.002879 0.0045414573 0.0 14 16.7169646833 2.3121257258 0 0 2 3 4 2 2 1 0 0 8 
505 1 24.5699 26.7299 2.96421 8.52861e-04 9.09791e-04 6.51207e-04 0.001406827 0.0 14 21.7355448457 2.2251501179 0 0 0 1 10 3 0 0 0 0 6 
276 1 21.3122 6.41952 6.30668 -5.83699e-05 9.41244e-04 4.38414e-04 0.001039978 0.0 14 22.744182347 2.285857178 0 0 1 2 6 4 1 0 0 0 7 
51 1 25.9216 1.93066 1.48427 -0.00506464 -0.00456301 -2.70146e-04 0.0068223616 0.0 14 22.1774935203 2.3959247686 0 0 0 1 10 3 0 0 0 0 6 
213 2 26.4804 6.51968 5.54109 0.00574112 0.00142513 0.00123352 0.0060426009 0.0 13 14.5189963038 2.0768405284 0 0 0 3 6 4 0 0 0 0 6 
342 2 24.7494 2.51919 8.60442 0.0028705 -0.00197686 -0.00191663 0.0039775893 0.0 14 14.6591058167 2.2135083404 0 0 1 2 5 6 0 0 0 0 6 
339 1 19.6771 0.36478 4.53182 -9.58736e-04 -0.00150201 0.00213227 0.0027788098 0.0 15 22.9903576785 2.3306733944 0 0 1 3 6 3 1 1 0 0 8 
772 2 21.0098 0.386518 8.01074 -0.00388663 0.00461294 0.00330311 0.0068771828 0.0 14 20.2305758512 2.3306733944 0 0 0 4 4 6 0 0 0 0 6 
947 1 20.8919 9.46256 6.81809 9.08967e-04 -0.00109852 -0.00178712 0.002286212 0.0 13 21.2846968998 2.1275198296 0 0 0 1 10 2 0 0 0 0 6 
781 1 22.5238 1.03982 5.0363 0.00295112 -1.37372e-04 -0.00205904 0.003601059 0.0 15 23.8079520118 2.2557224148 0 0 0 4 5 5 1 0 0 0 7 
11 2 25.2504 1.07914 6.6094 -2.61562e-04 0.00155198 -0.00256663 0.0030107551 0.0 15 16.5859932475 2.2557224148 0 0 1 1 9 2 2 0 0 0 7 
623 1 22.6542 1.92356 1.60648 0.00231473 -0.00281709 -9.3645e-04 0.0037644269 0.0 14 22.71770601 2.3907339871 0 0 0 4 4 6 0 0 0 0 6 
929 1 21.5235 7.55541 1.53613 -0.00257948 -0.00124425 0.00270854 0.0039418351 0.0 14 21.0481127123 2.1941943464 0 0 1 3 4 5 1 0 0 0 7 
84 1 17.9122 8.58896 5.53536 -0.00240549 -2.15258e-04 -2.73075e-05 0.0024152565 0.0 16 23.2531832907 2.285857178 0 0 1 2 7 4 2 0 0 0 7 
447 1 24.308 6.51753 1.25991 -0.00196073 -0.00370396 -0.0043376 0.0060314638 0.0 15 24.3420796286 2.4203898926 0 0 3 3 3 2 3 0 1 0 9 
978 1 18.495 3.2977 7.47369 0.00157787 0.00287387 0.0010618 0.0034461895 0.0 14 21.1430105998 2.3306733944 0 0 1 3 4 5 1 0 0 0 7 
258 2 24.4501 5.43232 5.74143 -8.04057e-04 -4.4242e-05 0.0013036 0.0015322656 0.0 12 16.644112758 2.2191909776 0 0 1 4 2 4 1 0 0 0 7 
254 2 25.7164 5.32707 8.0413 0.00283596 3.43518e-05 9.60211e-04 0.0029943036 0.0 15 18.3799153767 2.3121257258 0 0 1 2 7 3 2 0 0 0 7 
411 1 20.9468 8.43676 4.02482 -8.20298e-04 9.59913e-04 8.574e-04 0.0015262557 0.0 14 23.2746762695 2.2679805485 0 0 0 1 10 3 0 0 0 0 6 
704 1 24.3467 2.85879 3.78625 0.00152872 1.26379e-04 -0.00305998 0.0034229277 0.0 15 22.9715704139 2.4203898926 0 0 1 3 6 3 1 1 0 0 8 
371 2 24.5997 7.38714 4.18099 1.78912e-04 0.00100724 0.00101279 0.0014395435 0.0 13 18.0827355752 2.2206124335 0 0 1 3 4 4 1 0 0 0 7 
5 2 23.7015 8.2133 6.07753 -0.00357581 -2.90351e-04 0.00231959 0.0042721445 0.0 14 16.6268224762 2.1488728354 0 0 1 3 5 3 2 0 0 0 7 
198 1 20.8219 3.67454 5.90049 9.00638e-04 0.00104342 -0.00229428 0.0026764893 0.0 15 22.9794815073 2.3306733944 0 0 0 3 7 4 1 0 0 0 7 
588 2 23.6128 3.96491 7.17781 -7.05482e-04 -0.00199216 -4.97787e-04 0.0021712204 0.0 15 17.9182384178 2.2556100205 0 0 1 4 2 7 1 0 0 0 7 
638 2 21.8261 2.76635 8.60159 0.00108725 -0.00119798 -0.0025872 0.0030513722 0.0 13 14.6377536368 2.2557224148 0 0 1 3 4 4 1 0 0 0 7 
732 1 19.2463 6.73445 8.21794 -0.00323562 9.37249e-04 -0.00104595 0.0035272771 0.0 15 21.9161505482 2.2086286764 0 0 0 3 6 6 0 0 0 0 6 
210 1 22.226 5.31055 3.80159 0.00274688 -0.00129015 7.95946e-04 0.003137414 0.0 16 23.6140339893 2.4203898926 0 0 0 5 4 6 0 1 0 0 8 
951 1 20.5844 3.02006 3.18273 0.0014567 8.43778e-04 -0.00360222 0.0039761697 0.0 12 19.3353070529 2.2161591668 0 0 1 2 5 4 0 0 0 0 6 
653 1 18.8327 6.74317 0.551135 0.00254137 0.00176719 0.00382653 0.0049217734 0.0 15 21.0388464504 2.164097086 0 0 1 3 5 4 2 0 0 0 7 
129 2 26.2651 3.37667 6.26778 -6.24051e-04 -0.00585408 -1.43738e-05 0.0058872658 0.0 14 16.4805352289 2.3121257258 0 0 0 2 9 2 1 0 0 0 7 
666 1 18.0741 3.02574 1.93146 9.53744e-04 0.00268578 -5.46296e-04 0.0029019788 0.0 16 22.5188347426 2.3344362276 0 0 1 5 4 2 3 1 0 0 8 
147 1 19.1589 5.74128 3.2569 -0.00296161 -0.00260784 3.20981e-04 0.0039591656 0.0 14 22.9991624582 2.285857178 0 0 0 0 12 2 0 0 0 0 6 
495 1 17.8593 2.88189 4.81361 -0.00375765 6.83193e-05 8.11427e-04 0.0038448686 0.0 14 21.0030707594 2.2297341661 0 0 1 3 6 1 3 0 0 0 7 
795 2 0.349762 12.1835 5.81604 -0.00263954 -6.69906e-04 -4.32764e-04 0.0027573955 0.0 16 13.8983617834 1.9233204734 0 0 1 4 3 6 2 0 0 0 7 
296 1 4.05569 17.1761 7.77436 -0.00477787 -0.00161262 3.68642e-04 0.0050561331 0.0 14 23.0728627294 2.3563986257 0 0 1 5 1 6 0 1 0 0 8 
680 1 6.32255 9.3836 1.00776 4.60249e-04 -0.00350178 -0.00250594 0.0043305921 0.0 15 22.6394259448 2.2068250213 0 0 0 3 7 4 1 0 0 0 7 
543 1 6.3998 16.7563 0.20942 -4.26466e-04 0.00275042 2.77487e-06 0.0027832878 0.0 14 20.4117079746 2.2708600815 0 0 0 1 10 3 0 0 0 0 6 
869 1 3.1725 16.2127 5.20602 -0.00415643 9.02523e-04 0.00161588 0.004549893 0.0 16 23.845283931 2.3563986257 0 0 0 3 7 5 1 0 0 0 7 
667 1 5.5418 9.0993 8.62219 -0.00343718 0.00409405 2.94493e-04 0.0053537069 0.0 14 21.9667115981 2.3125045649 0 0 0 1 10 3 0 0 0 0 6 
970 2 6.11148 10.3925 3.84019 4.52437e-04 0.00115595 0.00527186 0.0054160343 0.0 15 19.5099378406 2.2721154722 0 0 1 2 6 5 1 0 0 0 7 
799 2 3.10698 14.3474 8.24025 4.34673e-04 0.00112239 2.21213e-04 0.001223779 0.0 13 17.366905342 2.3563986257 0 0 0 3 6 4 0 0 0 0 6 
600 2 0.843695 16.8285 1.04912 2.15511e-04 0.00106348 -0.00182932 0.0021269336 0.0 13 17.1117263602 2.1980069005 0 0 0 3 6 4 0 0 0 0 6 
766 1 3.46152 9.01728 2.24704 0.00156783 -0.00214321 -0.00272245 0.003803048 0.0 14 23.0928503393 2.3158888458 0 0 0 0 12 2 0 0 0 0 6 
691 2 1.64434 10.3975 4.95652 0.00201157 -0.00283915 -0.00105863 0.0036370158 0.0 14 18.0788858562 2.3158888458 0 0 0 3 6 5 0 0 0 0 6 
412 2 7.05575 12.5363 6.22097 0.00153405 -5.32847e-04 -3.28171e-04 0.0016567835 0.0 10 12.3169735177 2.1691020918 0 0 0 3 6 1 0 0 0 0 6 
233 2 5.43016 13.0038 4.47165 -0.004268 0.00133227 0.00194206 0.0048746656 0.0 15 17.8576762477 2.2663220274 0 0 1 2 8 1 3 0 0 0 7 
629 1 6.18315 14.3915 2.04164 -8.4164e-04 5.14393e-04 0.0027141 0.0028877841 0.0 14 20.8633131315 2.2721154722 0 0 1 2 7 2 2 0 0 0 7 
859 1 3.17228 15.035 2.43677 -0.00173442 0.00407347 -6.69713e-05 0.00442785 0.0 16 22.5665889498 2.2708600815 0 0 1 2 6 6 1 0 0 0 7 
80 1 2.03243 16.9081 9.69044 -0.00120246 0.00264285 -0.00139388 0.0032207868 0.0 15 23.6568503406 2.313999568 0 0 1 1 8 4 1 0 0 0 7 
576 1 4.18012 15.0133 26.6741 0.00340402 0.00210304 -9.97336e-04 0.0041236887 0.0 14 20.8251975506 2.2713802372 0 0 0 3 6 5 0 0 0 0 6 
640 2 0.0185838 14.2435 9.94556 -0.00393673 -0.00122556 -7.66147e-04 0.0041936645 0.0 15 19.5746911061 2.3198103073 0 0 0 2 9 3 1 0 0 0 7 
597 1 1.72938 13.7349 0.116942 -0.00444749 0.00114703 -4.18384e-04 0.0046120375 0.0 15 20.9760965447 2.3064171409 0 0 2 2 7 1 2 0 1 0 9 
337 2 7.90449 11.698 8.30768 -0.00150201 8.84984e-04 0.00449268 0.0048190667 0.0 13 16.0801199649 2.1618807582 0 0 0 2 8 3 0 0 0 0 6 
567 2 0.63419 16.901 3.66267 0.00243106 0.00241634 -1.49772e-04 0.0034309158 0.0 12 16.7722607804 2.1734001624 0 0 0 2 8 2 0 0 0 0 6 
470 2 1.99811 13.0664 4.23553 -0.00228353 1.83676e-04 3.1807e-04 0.0023128802 0.0 15 17.472961748 2.2145426933 0 0 1 4 4 3 3 0 0 0 7 
321 2 8.62988 9.72621 3.62013 -0.00547049 0.00128929 0.00111409 0.005729723 0.0 12 16.0332899827 2.2068250213 0 0 0 2 8 2 0 0 0 0 6 
341 2 25.8124 9.25037 5.26271 -8.70677e-04 -4.92169e-04 -0.00211132 0.0023362322 0.0 13 13.5485587549 2.0963637817 0 0 1 1 8 2 1 0 0 0 7 
722 2 26.3145 15.0221 1.83171 -0.00179144 4.02324e-04 9.18083e-04 0.0020528025 0.0 15 15.8533300676 2.2145426933 0 0 1 2 8 2 1 1 0 0 8 
453 2 4.89816 13.7949 6.58455 0.00355047 -0.00151879 7.84042e-04 0.0039404672 0.0 13 16.6270062372 2.2001269904 0 0 1 4 4 1 3 0 0 0 7 
465 2 6.90052 14.1561 8.1852 0.00152114 -0.00306244 -6.70285e-04 0.0034844925 0.0 15 20.3473759803 2.2697950217 0 0 0 3 7 4 1 0 0 0 7 
215 2 4.46648 12.3524 8.93712 2.61015e-04 -0.00258785 0.00111726 0.002830789 0.0 16 20.2011240784 2.3140488153 0 0 1 3 4 7 1 0 0 0 7 
326 1 7.81097 15.0235 4.77397 0.00254274 3.11957e-04 1.71083e-04 0.0025675111 0.0 15 22.0395361966 2.267789179 0 0 0 2 8 5 0 0 0 0 6 
677 1 6.73645 17.0715 6.57618 -9.89394e-05 -0.00207359 5.92449e-04 0.0021588331 0.0 15 23.1828953668 2.3302973279 0 0 1 3 5 5 0 1 0 0 8 
270 2 3.81134 11.1229 4.38748 -5.12263e-04 -0.00504116 0.00206282 0.0054709171 0.0 11 17.0495723762 2.2556690413 0 0 0 2 8 1 0 0 0 0 6 
537 1 7.94079 12.0357 1.22599 -0.00172626 0.00412678 0.003228 0.0055163639 0.0 15 21.3227049453 2.2721154722 0 0 1 2 6 5 1 0 0 0 7 
429 2 2.5801 12.8209 6.54444 0.00266902 0.0018531 0.001823 0.0037257182 0.0 15 13.7221636653 2.0759948584 0 0 1 3 6 2 3 0 0 0 7 
914 1 4.03881 12.1758 1.27679 0.00415657 0.00326113 0.00110199 0.0053968903 0.0 15 23.2437028313 2.3030655098 0 0 0 3 6 6 0 0 0 0 6 
913 2 0.650534 14.9146 4.88968 0.00272784 -4.95861e-04 -7.89545e-04 0.0028827713 0.0 13 15.962108265 2.22940865 0 0 1 2 5 5 0 0 0 0 6 
757 1 8.1493 16.7788 2.34106 -0.00362929 -0.00228082 -0.00228365 0.004856845 0.0 14 20.6684947436 2.2026652845 0 0 0 2 9 2 1 0 0 0 7 
593 2 3.01064 10.7988 7.81726 0.00146025 0.00456974 -0.00133272 0.0049790558 0.0 13 16.5062406752 2.187118817 0 0 1 3 5 2 2 0 0 0 7 
764 1 5.73076 16.668 3.67439 0.00238268 -0.00220976 -1.45492e-04 0.003252902 0.0 14 22.1522909153 2.2708600815 0 0 0 2 8 4 0 0 0 0 6 
798 1 1.36517 11.2655 1.5766 1.97802e-04 -7.01382e-04 0.00100298 0.0012397706 0.0 18 24.1291686667 2.3109113778 0 0 3 2 3 8 1 0 1 0 9 
75 2 5.0661 11.4421 6.59817 0.00414285 0.00850444 0.00336829 0.0100416176 0.0 13 14.4746791613 2.0493944595 0 0 0 1 10 2 0 0 0 0 6 
485 2 0.554016 14.0864 7.44519 -0.0028732 -0.00184331 0.00234392 0.0041408974 0.0 12 16.5228687799 2.3486828154 0 0 1 3 4 3 1 0 0 0 7 
332 2 7.34904 10.2565 6.28367 0.00474801 -1.70676e-04 0.00281169 0.0055207182 0.0 13 15.3548170584 2.1799631374 0 0 0 2 8 3 0 0 0 0 6 
818 2 10.8517 11.2519 8.19415 -5.27857e-04 -4.07382e-04 -0.00282985 0.0029073431 0.0 14 13.7242952829 1.9682505249 0 0 0 3 7 3 1 0 0 0 7 
590 2 10.4508 11.5387 4.08812 -1.68787e-04 0.00120484 -3.30327e-04 0.0012606524 0.0 14 18.5884067875 2.099333496 0 0 0 1 10 3 0 0 0 0 6 
382 1 14.7359 12.84 4.5264 0.00409912 7.46155e-04 0.0014849 0.0044231731 0.0 14 21.8122450098 2.3486725012 0 0 2 2 5 3 1 1 0 0 8 
171 2 9.53712 9.65332 5.95468 0.00223189 -0.00162914 -0.00513642 0.0058325158 0.0 13 15.6151276573 2.1243859204 0 0 0 4 4 5 0 0 0 0 6 
983 1 10.8756 14.9687 4.99982 -2.15565e-04 0.00535537 -2.98259e-04 0.0053679991 0.0 15 22.3478427719 2.2547114448 0 0 0 2 8 5 0 0 0 0 6 
591 2 12.6202 17.4474 3.73259 -0.00226304 -5.92508e-05 -0.00222012 0.0031707718 0.0 13 17.205104813 2.2547114448 0 0 0 3 6 4 0 0 0 0 6 
128 1 12.6375 10.4078 1.77129 3.83813e-04 -0.00214668 0.00255527 0.0033593083 0.0 14 22.3567152407 2.3486725012 0 0 0 2 8 4 0 0 0 0 6 
791 2 15.1226 17.1473 3.27318 -0.00590261 -0.00358415 0.00178768 0.0071332136 0.0 13 17.2942112073 2.3360274004 0 0 2 1 5 4 1 0 0 0 7 
452 1 15.3823 13.7021 1.80868 -8.4559e-04 -5.89645e-05 -0.00214559 0.0023069581 0.0 19 24.6282526033 2.3486725012 0 0 1 3 8 4 1 2 0 0 8 
532 1 9.70859 16.312 7.20895 -0.00347341 -0.00258787 8.7457e-04 0.0044188823 0.0 14 22.2156716161 2.267789179 0 0 0 1 10 3 0 0 0 0 6 
615 1 10.5178 12.3991 0.496831 0.00330309 0.00293544 -0.00489335 0.0065933365 0.0 13 20.8618035059 2.1721877034 0 0 0 3 6 4 0 0 0 0 6 
540 1 14.7387 10.1003 26.5881 -5.46127e-04 -6.94028e-04 3.92115e-04 9.6627311778e-04 0.0 16 22.4000900314 2.3345212858 0 0 1 3 5 5 2 0 0 0 7 
960 2 9.51677 13.7615 9.03149 0.0042348 0.00312395 -0.00267054 0.0059012184 0.0 14 18.8918986156 2.3147066966 0 0 1 2 7 2 2 0 0 0 7 
816 2 11.6155 13.4526 7.40733 0.0024565 -0.00184258 -0.00140054 0.0033750564 0.0 12 17.8495541749 2.0875558604 0 0 0 2 8 2 0 0 0 0 6 
100 2 9.47508 12.2455 6.55571 -5.55242e-04 -2.27675e-04 -0.00137186 0.0014973742 0.0 15 15.8651674714 2.267789179 0 0 0 2 8 5 0 0 0 0 6 
822 1 13.6003 15.1741 5.52638 -0.00147386 -0.00277573 0.00259573 0.00407612 0.0 15 22.7070204133 2.2751337213 0 0 0 3 6 6 0 0 0 0 6 
850 1 12.5773 13.3184 2.81181 -0.0020605 0.00236202 -3.52159e-04 0.0031541742 0.0 15 22.8302305034 2.2951206568 0 0 0 2 8 5 0 0 0 0 6 
693 2 9.44268 7.70255 26.1517 -9.81284e-05 0.00120743 -0.00115745 0.0016754721 0.0 12 16.619593091 2.2823258079 0 0 0 3 6 3 0 0 0 0 6 
110 1 12.3004 17.4361 6.82786 1.64016e-04 -0.00209415 0.00197426 0.0028827189 0.0 14 21.7523684605 2.3595727106 0 0 2 2 5 3 1 1 0 0 8 
255 1 10.7572 16.6338 1.46148 4.61727e-04 -0.00263723 -0.00191404 0.0032911583 0.0 17 23.5177928193 2.3204986589 0 0 0 4 6 5 2 0 0 0 7 
491 2 13.6302 16.1199 1.75441 -9.00078e-04 0.00212628 0.00320575 0.0039507012 0.0 12 17.7904113015 2.2614599716 0 0 0 5 3 3 1 0 0 0 7 
853 2 7.98411 12.1398 4.1123 0.00371133 -0.00265135 -0.00304383 0.0054834778 0.0 13 15.9139038284 2.1621737795 0 0 0 3 6 4 0 0 0 0 6 
273 1 14.5327 13.3831 7.74376 -0.00402367 0.00407254 -5.99753e-04 0.0057563188 0.0 13 21.032286252 2.2594808454 0 0 0 2 8 3 0 0 0 0 6 
55 1 16.5052 15.4564 8.37332 -0.00585918 0.00328513 -0.00100653 0.0067922877 0.0 14 22.9763235777 2.2751337213 0 0 0 4 5 4 1 0 0 0 7 
322 2 12.3549 11.6424 5.84415 -0.00197421 5.97072e-04 -5.66338e-04 0.0021388639 0.0 14 18.2053210069 2.1625916352 0 0 0 0 12 2 0 0 0 0 6 
234 1 9.64473 14.1381 2.54358 -0.00374203 6.67607e-04 0.00159077 0.0041205627 0.0 12 20.3666402012 2.2123012874 0 0 0 2 8 2 0 0 0 0 6 
512 1 15.0735 10.766 6.67125 -8.08097e-04 -2.62661e-04 2.54522e-04 8.8701353474e-04 0.0 16 23.5251608344 2.2439721014 0 0 0 1 11 3 1 0 0 0 7 
306 2 12.478 9.62644 4.64366 -9.28458e-04 0.00182121 9.41805e-04 0.0022507414 0.0 13 19.2799007385 2.2439721014 0 0 0 3 6 4 0 0 0 0 6 
768 1 17.5516 12.5339 6.76777 9.81754e-04 0.00234848 -0.00124979 0.0028356964 0.0 14 21.7904629059 2.1921193352 0 0 0 4 4 6 0 0 0 0 6 
905 2 9.52456 9.38465 1.44519 -2.02457e-04 -0.00335674 -3.45386e-04 0.0033805301 0.0 13 19.6889562658 2.1408086525 0 0 0 1 10 2 0 0 0 0 6 
26 2 16.6575 16.865 1.49279 4.73742e-04 -7.95968e-04 -1.65861e-04 9.4101350198e-04 0.0 14 15.708293861 2.3459345361 0 0 2 2 5 3 1 1 0 0 8 
293 1 16.7565 14.8732 5.45988 5.13752e-04 -0.00340328 -5.20588e-04 0.0034809866 0.0 15 22.1706835196 2.3459345361 0 0 2 2 5 3 3 0 0 0 7 
366 1 15.2084 9.4266 2.74328 -0.00157576 0.00150133 3.58641e-04 0.0022058184 0.0 16 22.2875935987 2.3486725012 0 0 1 4 4 4 3 0 0 0 7 
44 2 11.8295 8.75024 6.84987 -0.00383234 -0.00297086 -0.00224525 0.005343593 0.0 14 16.5855378301 2.1386819928 0 0 0 4 4 6 0 0 0 0 6 
918 1 16.8706 11.0398 4.10312 0.00236135 0.00178353 0.0011069 0.0031594589 0.0 13 19.647306439 2.2333318547 0 0 3 1 2 6 1 0 0 0 7 
992 1 22.9307 10.431 8.46332 -0.00194085 -0.00246948 -0.00474158 0.0056875136 0.0 15 22.6863737621 2.2615693831 0 0 0 1 10 4 0 0 0 0 6 
299 1 21.7973 13.8358 9.92418 5.51113e-04 0.00318511 0.00163802 0.0036237771 0.0 12 21.4689149555 2.3117443992 0 0 0 2 8 2 0 0 0 0 6 
555 1 25.6041 9.65619 0.169791 -0.00283873 -0.00646813 0.00116569 0.0071591848 0.0 15 22.314318836 2.2087560361 0 0 0 3 6 6 0 0 0 0 6 
242 1 18.3319 14.5034 0.328835 -0.00103468 -0.00147457 -7.01578e-04 0.0019331661 0.0 14 22.4594336157 2.3390946086 0 0 0 1 10 3 0 0 0 0 6 
17 1 17.6906 11.8264 1.58765 2.85259e-04 0.00174442 9.73098e-04 0.0020177447 0.0 13 21.7233516101 2.3033122534 0 0 1 3 4 4 1 0 0 0 7 
320 1 23.4406 9.49713 2.1088 -0.00295574 0.002096 6.25319e-04 0.0036770421 0.0 14 21.1981175378 2.1832624579 0 0 1 1 8 3 1 0 0 0 7 
136 2 25.3307 13.0579 0.409173 -6.50781e-04 -5.72101e-04 0.00230111 0.0024588458 0.0 13 19.6575389782 2.2158787097 0 0 1 2 5 5 0 0 0 0 6 
367 1 18.3498 13.4781 3.62218 -6.04433e-04 -5.05786e-04 -7.84905e-04 0.0011123105 0.0 16 21.3160367583 2.3351985122 0 0 2 4 1 6 3 0 0 0 7 
679 1 20.9649 15.951 7.87753 0.00208906 0.00409292 0.0019652 0.0049978172 0.0 15 23.7545787497 2.3117443992 0 0 0 2 8 5 0 0 0 0 6 
132 2 23.3467 10.4327 5.18374 -8.52435e-04 0.00370682 0.00242913 0.0045130735 0.0 14 17.107537437 2.1293458121 0 0 0 4 4 6 0 0 0 0 6 
975 2 0.700635 10.1135 7.84317 0.00236632 -0.0014764 0.00185426 0.0033492548 0.0 13 16.4191640357 2.1301955285 0 0 1 3 5 2 2 0 0 0 7 
466 2 24.3484 12.9907 5.02546 1.67988e-04 -0.00240265 6.77973e-04 0.002502118 0.0 14 13.8928815318 1.9044787979 0 0 1 1 7 5 0 0 0 0 6 
749 2 21.9151 12.7913 6.27532 9.66232e-04 -0.00226326 0.00291239 0.0038128684 0.0 14 20.8622691091 2.3117443992 0 0 0 4 4 6 0 0 0 0 6 
750 1 0.012454 17.4423 7.35893 -0.00168697 0.00246112 -0.002502 0.0038939676 0.0 17 23.5913898625 2.3563986257 0 0 1 4 4 5 3 0 0 0 7 
56 2 22.1036 11.9829 3.39946 -7.67307e-04 -0.00212926 0.00265206 0.0034865356 0.0 13 17.4223104916 2.2664264977 0 0 1 4 3 3 2 0 0 0 7 
217 1 18.3913 17.0873 6.67981 1.1471e-04 7.12695e-04 -0.00383959 0.0039068586 0.0 13 21.8334038071 2.3012233287 0 0 1 3 4 4 1 0 0 0 7 
697 1 19.4845 14.6434 5.85613 0.00144014 5.35219e-04 -0.00474176 0.0049844509 0.0 14 20.6172904774 2.2166194861 0 0 0 2 8 4 0 0 0 0 6 
872 2 25.174 11.0341 6.71916 0.00192465 0.00375634 0.00128162 0.0044109996 0.0 12 14.4546852576 2.1605632447 0 0 0 4 4 4 0 0 0 0 6 
551 2 24.5949 13.1354 7.93584 -4.76446e-04 -0.0033471 0.00666702 0.0074752415 0.0 14 18.099909266 2.3117443992 0 0 0 2 8 4 0 0 0 0 6 
701 2 25.1056 16.5685 4.51511 0.00126723 0.00195382 7.51966e-04 0.0024471897 0.0 15 17.4509333459 2.1926324104 0 0 0 3 6 6 0 0 0 0 6 
428 2 18.4088 16.6949 3.19343 -0.00102526 -0.00109936 -3.82921e-04 0.0015512508 0.0 16 19.8181622972 2.3459345361 0 0 4 3 1 3 4 0 1 0 9 
607 2 25.2313 17.0728 1.76864 -2.44879e-04 0.0027492 -3.43075e-04 0.0027813247 0.0 13 16.8387314539 2.2042107287 0 0 0 3 6 4 0 0 0 0 6 
360 2 23.5303 14.5951 1.00719 -0.00171795 -2.34918e-04 -0.00131711 0.0021774566 0.0 15 16.8842250343 2.1736695467 0 0 1 2 6 5 1 0 0 0 7 
372 2 20.4561 16.1206 1.78359 0.00144963 -0.0018222 -8.16912e-04 0.0024676274 0.0 13 17.6500921781 2.2254801802 0 0 0 4 4 5 0 0 0 0 6 
277 2 24.0913 14.8288 3.21038 0.00143481 -4.60507e-04 0.00297366 0.0033336767 0.0 13 12.3653595539 1.8700943041 0 0 2 2 4 3 2 0 0 0 7 
603 1 20.374 10.1465 1.72347 0.00414994 -0.00310148 -6.4524e-04 0.005220873 0.0 16 22.2460329016 2.2664264977 0 0 1 3 5 5 2 0 0 0 7 
559 2 24.1933 12.4393 2.37104 -7.78572e-04 0.00107936 -0.0022568 0.0026199883 0.0 15 14.7581451583 2.2087560361 0 0 1 3 5 4 2 0 0 0 7 
841 1 20.1168 12.0871 8.60968 -0.00149215 1.14509e-04 0.00147403 0.0021005686 0.0 14 22.2987148076 2.2228816106 0 0 0 2 9 2 1 0 0 0 7 
106 2 25.1074 15.0873 6.41871 0.00423811 -8.84288e-04 0.00196505 0.0047544677 0.0 14 16.5794553834 2.3198103073 0 0 1 4 2 6 1 0 0 0 7 
911 1 19.4386 11.4178 5.03982 0.00274417 0.00109 3.42595e-04 0.002972531 0.0 16 22.3923106455 2.2552097061 0 0 1 4 2 8 1 0 0 0 7 
354 2 21.3959 14.2144 3.71023 -8.91944e-04 -1.02804e-05 -0.00158097 0.0018152509 0.0 15 16.1196958914 2.0669504557 0 0 2 3 3 4 3 0 0 0 7 
187 2 21.2231 13.617 1.61651 0.00176956 0.00210396 -6.97952e-04 0.0028363934 0.0 14 18.5496238432 2.2664264977 0 0 2 1 6 3 2 0 0 0 7 
351 2 22.7725 16.6152 2.61468 0.0037159 -0.00293554 -7.36863e-04 0.0047925228 0.0 13 17.481001413 2.1608072083 0 0 1 2 5 5 0 0 0 0 6 
879 2 25.6118 11.0635 3.82241 -0.00545602 -6.31963e-04 0.00332679 0.0064214534 0.0 14 17.0942437121 2.2087560361 0 0 1 3 4 5 1 0 0 0 7 
127 2 26.1559 13.3775 3.58152 -4.89677e-04 -0.00160834 -0.00255489 0.0030584316 0.0 13 14.1653807035 2.2145426933 0 0 2 3 2 5 0 1 0 0 8 
236 2 22.9823 15.0008 5.46026 0.00304863 1.44671e-04 -0.00167404 0.0034810177 0.0 13 16.9707317093 2.3111433509 0 0 0 3 6 4 0 0 0 0 6 
124 2 8.09609 19.908 0.53782 0.00178396 -1.43275e-04 0.00304272 0.0035300405 0.0 16 19.6738855117 2.1922311943 0 0 0 3 7 5 1 0 0 0 7 
196 2 2.47706 0.763844 4.08351 -7.62149e-04 -7.35156e-04 -0.00231933 0.0025496308 0.0 14 13.7438785482 2.0655976673 0 0 1 2 6 4 1 0 0 0 7 
630 2 3.48801 25.7672 1.89631 -0.00300463 -0.00320426 -0.00294814 0.0052902375 0.0 14 13.5225177263 1.9743840504 0 0 1 3 4 5 1 0 0 0 7 
442 2 3.95518 21.5347 6.89469 0.00136118 -7.81562e-04 -0.00198841 0.0025332636 0.0 12 14.2902731143 2.1431997991 0 0 1 3 4 3 1 0 0 0 7 
390 2 6.36053 25.2448 5.58224 -9.12261e-04 -0.00204631 0.00190585 0.002941406 0.0 14 14.3724314539 1.9684049412 0 0 0 1 10 3 0 0 0 0 6 
987 2 2.09902 20.5321 0.662519 0.00305789 0.00494555 0.00587157 0.008263443 0.0 15 14.2393385477 2.2638942552 0 0 0 6 2 5 2 0 0 0 7 
79 2 6.23609 21.3907 8.65437 6.20383e-05 -0.00181301 -0.00300933 0.0035138186 0.0 13 16.734424531 2.3013257144 0 0 0 3 6 4 0 0 0 0 6 
143 2 5.49764 19.9309 6.54793 -0.00269066 -3.76545e-04 6.89448e-04 0.0028029941 0.0 14 17.2282204424 2.3302973279 0 0 1 2 7 2 2 0 0 0 7 
76 2 2.1723 22.9547 7.53687 0.00403267 -7.68865e-04 0.00349701 0.0053928341 0.0 14 16.5358958764 2.179082009 0 0 0 2 8 4 0 0 0 0 6 
9 2 4.75321 24.1485 3.85107 0.0016065 -0.00171073 0.00135157 0.0027081693 0.0 12 12.3174244845 1.8586879317 0 0 0 2 8 2 0 0 0 0 6 
689 2 7.94934 24.2753 7.16698 4.63899e-04 -0.00225611 0.00209012 0.0031102791 0.0 14 12.9431598324 1.9696625433 0 0 0 3 7 3 1 0 0 0 7 
257 2 5.37357 22.1528 2.51139 -4.66482e-04 -0.00106299 -0.00375031 0.0039258602 0.0 12 11.4880244345 1.9100950934 0 0 0 3 6 3 0 0 0 0 6 
249 2 2.24624 25.3101 7.07987 -0.00303223 4.54931e-04 -5.44756e-04 0.0031141837 0.0 14 13.998549824 2.0655976673 0 0 0 3 6 5 0 0 0 0 6 
592 2 5.72506 23.0653 7.17992 0.00133094 6.017e-04 -0.00115406 0.0018615313 0.0 12 11.4899578568 1.8459366872 0 0 0 2 8 2 0 0 0 0 6 
269 2 4.05131 20.2181 2.3079 -0.00150275 0.00131324 0.00351151 0.0040390047 0.0 12 11.760788322 2.0862874429 0 0 0 3 6 3 0 0 0 0 6 
616 2 1.06113 26.5752 2.58382 -1.95182e-04 5.94235e-04 0.00400445 0.0040530027 0.0 12 15.9206056566 2.0410261198 0 0 0 2 8 2 0 0 0 0 6 
786 2 2.50586 25.234 4.24124 -0.00256478 0.00158406 0.00191121 0.0035693229 0.0 15 13.6647198513 1.9050798206 0 0 0 3 6 6 0 0 0 0 6 
943 2 0.0887556 26.5077 5.7454 7.52686e-04 -5.37714e-04 0.00283445 0.0029815733 0.0 13 16.2897662604 2.1665494664 0 0 0 1 10 2 0 0 0 0 6 
718 2 2.79254 23.0449 2.416 0.00148549 6.29542e-04 -0.00196201 0.0025401746 0.0 16 13.7881662398 1.9329341049 0 0 0 3 7 5 1 0 0 0 7 
175 2 0.355571 24.314 3.18544 0.00435692 -0.00148543 0.00325421 0.0056372987 0.0 14 17.7605208676 2.0645931886 0 0 0 2 8 4 0 0 0 0 6 
462 2 4.51837 24.9992 7.83262 -0.0029329 -0.00206349 6.71847e-05 0.0035866986 0.0 14 11.6338054238 1.8661688155 0 0 0 3 6 5 0 0 0 0 6 
892 2 4.74506 1.32013 1.21477 0.0027253 -0.00255259 9.13504e-05 0.0037351467 0.0 13 13.7049196892 1.9743840504 0 0 0 3 6 4 0 0 0 0 6 
561 2 5.09615 24.1467 1.13406 0.00495815 -0.00213563 -0.0013967 0.0055762835 0.0 14 13.651037847 1.9231859953 0 0 0 2 8 4 0 0 0 0 6 
517 2 4.03275 21.9915 0.226895 0.00135581 -3.9715e-04 -0.00286251 0.0031921642 0.0 13 13.2566709647 1.9329341049 0 0 1 3 4 4 1 0 0 0 7 
350 1 1.96341 19.2707 6.44567 -0.00322075 0.0031362 0.00513189 0.0068224098 0.0 17 23.207192713 2.179082009 0 0 0 5 4 6 2 0 0 0 7 
610 2 4.23616 26.3997 5.69727 0.00153685 0.00191099 -0.00317982 0.0040156003 0.0 14 12.5370235002 2.0655976673 0 0 0 4 4 6 0 0 0 0 6 
740 2 6.22871 19.434 2.37142 -4.57195e-04 -3.44155e-04 -0.00397921 0.004020147 0.0 15 15.6564603914 2.2063434246 0 0 0 3 6 6 0 0 0 0 6 
661 2 1.30224 24.6513 0.830692 -0.00235369 0.00157504 -0.00473183 0.0055146009 0.0 13 15.460530325 2.079901814 0 0 0 2 8 3 0 0 0 0 6 
214 2 6.97281 24.2181 2.68434 0.0015771 0.00724178 -1.5293e-04 0.0074130972 0.0 14 14.1363961232 1.9307682326 0 0 0 0 12 2 0 0 0 0 6 
471 2 8.29648 23.7703 4.84105 -1.20687e-04 -0.00205842 -0.00310616 0.0037282554 0.0 15 13.6736653265 1.9654014299 0 0 0 3 6 6 0 0 0 0 6 
489 2 1.64461 22.0869 5.10478 0.00330892 -8.84775e-04 6.48645e-04 0.0034860463 0.0 13 17.6904420505 2.2353040808 0 0 0 3 6 4 0 0 0 0 6 
549 2 6.79345 26.4802 1.11496 -0.00191242 -0.00101369 0.00168652 0.0027439511 0.0 15 14.4002018989 1.9307682326 0 0 1 1 9 2 2 0 0 0 7 
401 2 9.11684 25.0703 2.05783 7.00663e-04 0.00199487 -0.00171711 0.0027237661 0.0 14 12.8784122896 1.831441466 0 0 0 3 7 3 1 0 0 0 7 
119 2 2.67853 18.4454 3.22927 -8.96979e-04 -0.00297063 8.85272e-04 0.0032269057 0.0 14 17.1353713997 2.157984217 0 0 0 4 5 4 1 0 0 0 7 
476 2 6.55826 21.6407 0.703419 -0.0010734 -0.0022454 -0.00238068 0.003444074 0.0 14 13.988277074 1.9152276382 0 0 0 3 6 5 0 0 0 0 6 
808 2 26.6014 24.5327 9.5594 0.00195797 -0.00419469 0.00191461 0.0050094712 0.0 14 16.0763578142 2.3209385885 0 0 1 2 8 1 1 1 0 0 8 
725 2 7.71257 21.5492 3.25255 0.00179433 0.00259121 0.00205164 0.0037607467 0.0 12 13.012094601 1.900806671 0 0 0 4 4 4 0 0 0 0 6 
687 2 3.2057 18.0356 0.760015 -0.00337434 -8.39466e-04 -0.00159802 0.0038268187 0.0 15 18.7263698822 2.2708600815 0 0 0 5 3 6 1 0 0 0 7 
659 2 7.69735 21.7984 6.74928 0.00141024 -0.00120633 0.00304443 0.0035654681 0.0 13 12.2765463126 1.8527228327 0 0 0 3 6 4 0 0 0 0 6 
744 2 7.43864 19.168 4.47878 6.25359e-04 0.00200647 0.00455294 0.0050146045 0.0 14 16.3713453928 2.1397223558 0 0 0 3 6 5 0 0 0 0 6 
676 2 5.00688 19.3516 0.214925 0.00349584 -0.00122386 -5.86365e-04 0.0037500073 0.0 12 15.7476960997 2.1395038511 0 0 0 2 8 2 0 0 0 0 6 
418 2 9.33609 19.8854 2.66688 0.00127135 -0.0034213 -0.00298655 0.0047160476 0.0 14 16.9388211147 2.2057496374 0 0 1 2 7 2 2 0 0 0 7 
776 2 1.90745 20.7989 3.09759 -0.00233839 -0.00374177 -0.00129594 0.0045987358 0.0 13 14.7858065847 2.1475245012 0 0 0 2 8 3 0 0 0 0 6 
573 2 1.07184 22.3632 1.12049 -5.27766e-04 6.33596e-04 -9.66068e-04 0.001270145 0.0 13 15.4773695001 2.1469069851 0 0 1 2 6 3 1 0 0 0 7 
935 2 4.42853 23.0748 9.17068 -0.00450933 0.00416076 4.6147e-04 0.0061529615 0.0 14 16.0428835684 2.2012259177 0 0 0 1 10 3 0 0 0 0 6 
190 2 4.56639 19.4398 4.49249 -1.41994e-04 -0.00199586 -0.00146906 0.0024822886 0.0 15 16.78338709 2.2057098543 0 0 1 3 6 2 3 0 0 0 7 
111 2 6.04449 22.0838 5.00653 0.00125527 0.0074342 -0.00127849 0.0076470628 0.0 16 13.7439245564 1.9179470672 0 0 0 3 6 7 0 0 0 0 6 
313 2 3.84348 21.8945 4.2251 -0.00175992 0.00186753 0.00204292 0.0032800166 0.0 13 11.7930700843 2.0366610237 0 0 1 3 4 4 1 0 0 0 7 
999 2 3.64131 23.8079 6.02178 0.00231622 0.00222518 -6.0396e-04 0.0032681904 0.0 14 11.8432178247 1.8604123078 0 0 0 2 8 4 0 0 0 0 6 
886 2 14.377 19.2768 4.41945 5.08078e-04 -0.00145973 0.00484656 0.0050870521 0.0 14 16.5483764281 2.1940948556 0 0 2 0 6 6 0 0 0 0 6 
53 1 15.387 17.758 6.9822 -4.4616e-04 -3.81247e-04 0.0022241 0.0023002236 0.0 17 25.9242542038 2.3836459125 0 0 1 1 9 4 2 0 0 0 7 
724 2 8.73198 22.0509 8.9967 0.0014797 0.00188246 0.00312454 0.0039364855 0.0 14 15.4623709102 2.0743267521 0 0 1 3 5 3 2 0 0 0 7 
265 2 17.0632 18.9122 3.73545 0.00115872 -0.00410573 -0.00275836 0.0050801772 0.0 17 19.8618124355 2.3012233287 0 0 3 3 3 5 1 1 1 0 9 
514 2 12.0405 20.1347 6.03874 -0.00193854 -0.00367885 -0.00284669 0.0050393967 0.0 17 17.2119065117 2.2533383424 0 0 2 3 3 7 1 1 0 0 8 
336 2 13.1656 21.0015 2.04685 0.00301712 0.0041473 3.73381e-04 0.0051422295 0.0 16 16.5646926741 2.2498694429 0 0 0 1 10 5 0 0 0 0 6 
539 2 10.1999 22.4356 3.45116 -9.53318e-04 -1.19529e-04 -0.0014046 0.0017017648 0.0 16 14.2269068521 2.0545753914 0 0 1 3 4 7 1 0 0 0 7 
518 1 11.1489 19.4068 26.3685 -0.00283405 7.81428e-04 -0.00436844 0.0052655234 0.0 15 24.2967432925 2.3204986589 0 0 0 5 2 8 0 0 0 0 6 
760 2 8.36149 19.5009 7.0634 0.00323438 0.00201123 4.23516e-04 0.0038321829 0.0 16 18.9930664954 2.3302973279 0 0 0 2 8 6 0 0 0 0 6 
10 2 11.801 20.0061 3.54549 -0.00291826 -0.00230951 6.0257e-04 0.0037700356 0.0 13 14.9875437841 2.1707001061 0 0 0 5 3 4 1 0 0 0 7 
961 1 14.3452 23.8023 -0.0624516 0.00360672 -0.00225528 -0.00164296 0.0045600477 0.0 16 23.744126409 2.2498694429 0 0 1 4 4 4 3 0 0 0 7 
162 2 9.14906 20.8665 5.09721 -0.00220526 -9.72919e-04 -9.01438e-04 0.0025733895 0.0 13 13.8897673081 2.04691601 0 0 0 3 6 4 0 0 0 0 6 
865 2 13.1989 18.5794 1.9296 0.00118774 0.00163801 -4.77728e-04 0.0020789486 0.0 12 14.0422755788 2.3072586328 0 0 1 2 5 4 0 0 0 0 6 
792 1 17.0659 24.8223 8.62678 -0.00183034 0.00266765 -0.00277582 0.0042628251 0.0 14 22.9965259597 2.2500114316 0 0 1 3 6 1 3 0 0 0 7 
135 1 14.5703 22.586 9.54779 -0.00235883 -0.00547544 0.00134732 0.0061122658 0.0 17 23.2028080055 2.259589009 0 0 0 1 10 6 0 0 0 0 6 
811 2 14.3137 19.068 26.4979 0.0024634 -1.72733e-04 -2.60338e-04 0.0024831335 0.0 12 16.7864518542 2.2284630841 0 0 0 2 8 2 0 0 0 0 6 
483 2 16.6755 18.883 26.4367 -0.00128376 0.00281484 -0.00133814 0.003370754 0.0 13 14.7023747642 2.1217616677 0 0 0 1 10 2 0 0 0 0 6 
60 1 17.4989 25.1541 4.54003 0.00124424 0.00274168 -0.00276942 0.0040907982 0.0 14 22.5952763004 2.3433688469 0 0 1 2 5 6 0 0 0 0 6 
712 2 15.3102 19.1337 1.95007 -0.0033365 0.00186387 -3.98259e-04 0.0038425062 0.0 13 11.6281404424 1.8451657847 0 0 0 1 10 2 0 0 0 0 6 
315 1 17.5964 23.1117 2.06687 -6.42005e-04 -1.56066e-04 -1.01846e-04 6.6850551538e-04 0.0 14 23.1599752319 2.3158527783 0 0 0 3 6 5 0 0 0 0 6 
609 1 17.3808 22.0704 5.19069 -0.00147727 -8.65599e-04 0.0024879 0.0030201382 0.0 16 23.3569056487 2.1981211822 0 0 2 2 6 3 2 1 0 0 8 
102 2 18.0278 19.8776 1.62444 -0.00286248 0.00132729 -1.91386e-04 0.0031610313 0.0 15 18.7398198827 2.1973354118 0 0 1 2 7 4 0 1 0 0 8 
637 2 10.2724 0.759526 5.10627 2.50022e-04 -0.00230581 -0.00381154 0.0044617382 0.0 15 14.5564640436 2.223529788 0 0 4 2 2 2 4 1 0 0 8 
324 2 15.1882 21.1879 3.07079 7.43553e-04 0.00257725 5.10667e-04 0.0027305438 0.0 13 16.1287984397 2.1971505043 0 0 3 2 2 4 1 1 0 0 8 
695 2 12.4724 24.501 7.36993 0.0044851 0.00331835 -2.47603e-04 0.0055847002 0.0 14 14.4916813332 2.0793296819 0 0 0 3 6 5 0 0 0 0 6 
467 2 13.4842 21.5507 4.62052 -5.13957e-04 5.76151e-04 0.00138669 0.0015871392 0.0 12 15.4502124028 2.1663241158 0 0 1 4 1 6 0 0 0 0 6 
647 2 11.6825 24.1835 2.12114 1.67814e-04 0.00344003 -7.67219e-04 0.0035285398 0.0 15 17.8652492535 2.2498694429 0 0 0 3 6 6 0 0 0 0 6 
116 1 15.2441 20.5397 7.20255 6.18309e-04 0.00133406 -0.00157312 0.0021533064 0.0 15 21.8754849046 2.1940948556 0 0 2 1 6 4 2 0 0 0 7 
183 2 10.2709 20.9858 7.68959 -0.00201398 -0.00150537 -0.00304445 0.0039485352 0.0 12 14.5747709953 2.2113078342 0 0 1 4 2 4 1 0 0 0 7 
432 2 9.93007 18.1187 4.70647 -4.35365e-04 0.00175538 0.00303549 0.0035334263 0.0 14 21.1224380961 2.2500325626 0 0 0 1 10 3 0 0 0 0 6 
986 2 15.5837 21.1116 0.698587 0.00147184 -0.00180699 -0.00563805 0.0061007486 0.0 13 17.6983802669 2.1754179495 0 0 1 2 6 3 1 0 0 0 7 
702 1 15.2919 23.6737 6.36548 -0.00633179 -4.43837e-04 7.08281e-04 0.006386722 0.0 17 23.41231826 2.2030683678 0 0 3 2 3 6 2 1 0 0 8 
250 2 12.2037 23.6394 4.5832 0.00112427 -0.00321133 0.00376833 0.005077099 0.0 14 15.6217410316 2.1893867111 0 0 2 2 4 4 2 0 0 0 7 
771 2 12.2773 22.2896 6.7521 9.88396e-04 -0.00155265 0.00489677 0.0052312527 0.0 12 14.2059144833 2.0802475993 0 0 1 2 6 2 1 0 0 0 7 
882 1 15.0631 24.3427 3.36574 0.0020801 0.00120892 -7.4716e-04 0.0025192363 0.0 17 25.2064392681 2.3819696287 0 0 2 3 3 6 3 0 0 0 7 
513 2 10.977 21.93 1.25496 -6.0503e-05 -3.20347e-04 0.00112435 0.0011706604 0.0 12 15.8078641204 2.1124420376 0 0 0 3 6 3 0 0 0 0 6 
547 1 17.9159 22.1319 8.1311 6.14321e-05 -0.00304596 -0.00112592 0.0032479751 0.0 12 20.4737248897 2.1981211822 0 0 0 0 12 0 0 0 0 0 5 
893 2 10.1406 23.1123 6.33546 -1.69203e-04 0.00125608 3.78092e-04 0.0013226187 0.0 15 12.7672794625 2.053831954 0 0 0 4 5 5 1 0 0 0 7 
278 2 12.0627 25.9652 5.1327 0.0014764 0.00191421 -0.0014863 0.0028377887 0.0 13 14.6348518581 2.3819696287 0 0 1 2 7 1 2 0 0 0 7 
289 1 12.926 20.1853 9.00389 5.75787e-04 6.12939e-04 6.60679e-04 0.0010694492 0.0 15 22.2976154019 2.3836459125 0 0 0 1 10 4 0 0 0 0 6 
459 2 10.2533 25.1101 4.05991 0.00503126 1.71338e-04 -3.11112e-05 0.0050342727 0.0 11 11.294622282 1.7817262829 0 0 0 2 8 1 0 0 0 0 6 
516 2 10.1437 25.3711 6.43452 0.0056582 4.45845e-04 -7.24857e-05 0.0056762011 0.0 14 12.5221021518 1.9696625433 0 0 1 3 4 5 1 0 0 0 7 
202 2 8.76974 22.9339 1.38749 -0.00698764 -0.00228494 -8.78912e-04 0.0074040901 0.0 14 12.6081394117 1.8680188844 0 0 1 3 4 5 1 0 0 0 7 
636 2 22.9143 24.1545 8.78675 -0.00111718 -0.00526021 -1.28175e-04 0.005379064 0.0 13 17.0403809489 2.1631929606 0 0 0 1 10 2 0 0 0 0 6 
846 1 19.5913 0.635113 1.87211 -0.00217208 -0.00189243 0.00180033 0.003397118 0.0 17 22.3007015215 2.3433688469 0 0 2 3 5 4 1 2 0 0 8 
271 1 24.4675 23.9303 1.71766 -0.00648876 -0.00213475 -8.70889e-05 0.0068314529 0.0 14 22.3432068322 2.366898445 0 0 1 1 7 5 0 0 0 0 6 
683 1 26.174 21.694 7.50797 -5.57571e-04 -0.00418467 -0.00124033 0.0044000872 0.0 14 22.7989151072 2.3142668858 0 0 0 4 4 6 0 0 0 0 6 
396 1 20.8909 17.271 4.88323 -2.02318e-04 -0.00307955 3.00378e-04 0.0031007721 0.0 16 22.5551007982 2.2505745418 0 0 2 2 5 4 3 0 0 0 7 
41 1 24.3535 24.3095 4.57629 -9.43928e-04 8.88201e-04 0.00298832 0.003257293 0.0 14 22.4017932758 2.3142668858 0 0 0 2 8 4 0 0 0 0 6 
413 2 0.0640477 18.8774 2.23129 6.23463e-04 -0.00129961 5.70394e-04 0.0015501747 0.0 16 20.2955411824 2.2638942552 0 0 0 4 5 6 1 0 0 0 7 
123 1 23.6124 21.6641 6.4818 -7.38857e-04 7.05224e-04 -0.00357806 0.0037209896 0.0 15 23.6922681488 2.3073636575 0 0 0 1 10 4 0 0 0 0 6 
713 1 25.605 21.6469 3.32181 -0.0023879 -7.99026e-04 0.00231691 0.0034217804 0.0 15 24.0769648615 2.3142668858 0 0 0 2 8 5 0 0 0 0 6 
72 1 26.0636 19.6143 5.50938 -0.00220245 0.00105848 -8.63242e-04 0.0025915927 0.0 15 22.9379501693 2.1838260693 0 0 0 3 7 4 1 0 0 0 7 
230 2 0.308924 24.2822 6.01788 2.14674e-04 -6.80735e-04 0.00253584 0.0026343822 0.0 13 17.1744495917 2.3142668858 0 0 0 3 6 4 0 0 0 0 6 
982 1 20.9962 22.0524 6.66024 -0.00189118 -5.7455e-04 -7.156e-04 0.002102083 0.0 15 21.9255842618 2.1861064177 0 0 0 1 10 4 0 0 0 0 6 
368 1 24.9034 21.528 0.317888 -7.121e-04 -9.98322e-04 -0.00146168 0.0019079417 0.0 12 20.6278818636 2.3508313007 0 0 0 3 6 3 0 0 0 0 6 
400 1 22.3148 22.0956 3.9426 -9.21621e-04 -0.00161572 -0.0027352 0.0033077569 0.0 15 22.8971833564 2.3537674664 0 0 0 3 7 4 1 0 0 0 7 
30 1 19.6601 20.4384 4.5503 0.00278629 0.00112853 -3.68552e-05 0.0030063849 0.0 15 23.2068694958 2.2505745418 0 0 2 2 5 3 3 0 0 0 7 
965 1 19.8466 24.2502 0.856434 0.0025707 8.10912e-04 0.00648779 0.007025489 0.0 13 22.1382056272 2.3433688469 0 0 0 1 10 2 0 0 0 0 6 
617 1 22.1015 25.0805 5.97756 -0.00128922 1.90291e-04 -9.37666e-04 0.0016054645 0.0 14 22.498625833 2.2535329931 0 0 0 1 10 3 0 0 0 0 6 
866 2 24.9482 24.6892 7.90027 0.00293569 -0.00187695 1.11996e-04 0.0034862243 0.0 13 16.4167772444 2.2535329931 0 0 0 1 10 2 0 0 0 0 6 
19 1 19.9262 23.6733 4.06913 -0.00120062 2.28843e-04 -0.00625385 0.0063721658 0.0 13 22.2901367663 2.3329779553 0 0 0 1 10 2 0 0 0 0 6 
890 1 18.0924 19.6461 6.93522 0.00761735 -0.00108917 0.00189288 0.0079242228 0.0 13 21.2161212094 2.2163219729 0 0 1 0 9 3 0 0 0 0 6 
384 1 23.3379 19.3112 4.46404 0.00279498 4.29776e-04 -0.00366465 0.004628853 0.0 15 24.2193547725 2.2291587188 0 0 0 2 8 5 0 0 0 0 6 
624 1 21.1207 19.2119 7.06358 -0.00287611 0.00116468 3.00345e-04 0.0031174822 0.0 14 22.0505055114 2.1861064177 0 0 0 3 6 5 0 0 0 0 6 
52 1 19.3449 24.768 7.08686 2.55566e-04 0.00154024 -3.87438e-04 0.0016086521 0.0 15 21.8982869925 2.1981211822 0 0 0 2 8 5 0 0 0 0 6 
141 2 20.6736 18.6073 1.96463 0.00146888 0.00154127 0.00105384 0.0023756474 0.0 14 19.5249031015 2.2291587188 0 0 1 1 8 3 1 0 0 0 7 
836 2 23.8936 26.7288 8.24498 9.25375e-04 0.00253123 -0.00286088 0.0039304044 0.0 14 15.1995726757 2.2557224148 0 0 1 3 4 5 1 0 0 0 7 
920 1 24.454 19.3968 9.24529 -0.00404498 0.00248838 -0.00310989 0.0056767345 0.0 15 21.973714264 2.2598401386 0 0 0 4 5 5 1 0 0 0 7 
338 1 25.5871 26.0998 0.165783 -0.00189968 0.00341445 0.00263012 0.0047100726 0.0 14 21.9479869182 2.1770577081 0 0 0 2 8 4 0 0 0 0 6 
828 1 23.1688 19.6698 1.32174 0.0036549 -0.00566721 -0.00218357 0.0070882679 0.0 13 23.6855270733 2.4277049809 0 0 0 3 6 4 0 0 0 0 6 
207 1 20.5874 21.6137 1.82688 -0.00176939 -3.90757e-04 -0.00257144 0.0031457488 0.0 13 22.0782025875 2.366898445 0 0 1 1 9 0 2 0 0 0 7 
837 1 21.9686 25.5194 2.74148 4.38003e-04 -0.00290738 4.9998e-04 0.0029823959 0.0 14 23.312225378 2.366898445 0 0 0 3 6 5 0 0 0 0 6 
150 1 23.6526 17.8962 7.04434 -0.00110304 0.00510836 -9.18658e-04 0.0053062201 0.0 14 21.9100828054 2.1926324104 0 0 1 3 5 3 2 0 0 0 7 
243 1 0.587906 19.7198 9.17015 -0.00185266 0.00334995 8.05786e-04 0.0039120078 0.0 13 20.0643945161 2.179082009 0 0 0 3 6 4 0 0 0 0 6 
584 2 8.75971 9.34714 8.15693 0.00312952 3.51136e-04 0.00237187 0.003942456 0.0 16 17.0288616388 2.207928615 0 0 0 5 3 7 1 0 0 0 7 
247 2 9.60781 9.36541 10.8166 0.00125348 -9.14746e-04 1.45703e-04 0.0015585897 0.0 13 16.0141995792 2.1988537336 0 0 0 4 5 3 1 0 0 0 7 
165 1 4.51695 8.58428 11.4723 0.00193856 0.00308636 0.00272822 0.0045526714 0.0 15 21.3710589371 2.3140488153 0 0 2 3 2 6 2 0 0 0 7 
294 1 7.66364 5.80315 15.3941 -0.00232045 5.52002e-04 2.63156e-04 0.0023996761 0.0 15 22.8969699661 2.2707855621 0 0 1 4 3 5 2 0 0 0 7 
801 1 2.75514 3.89594 8.92108 -0.00307051 0.00160327 -0.00171907 0.0038670025 0.0 18 22.6504275947 2.3121257258 0 0 1 5 4 4 3 1 0 0 8 
817 1 4.39704 6.19395 8.86156 0.00115481 3.96137e-04 -0.00139579 0.0018543841 0.0 13 20.600334127 2.253465466 0 0 0 3 6 4 0 0 0 0 6 
152 1 0.0710282 3.2868 15.4329 -0.00444127 0.00332103 -0.00457979 0.0071922594 0.0 14 21.9885004183 2.3628039005 0 0 2 2 5 3 1 1 0 0 8 
473 2 4.11275 0.841008 7.53864 0.00194387 -2.56459e-04 0.00140389 0.0024114952 0.0 12 15.3356252037 2.0769874865 0 0 0 3 6 3 0 0 0 0 6 
541 1 8.69803 6.66755 12.4776 -6.91454e-04 0.00184112 -3.01842e-05 0.0019669119 0.0 15 20.6961940107 2.2711735372 0 0 1 2 5 7 0 0 0 0 6 
95 1 7.61792 2.46419 10.3252 9.93035e-04 0.00301061 6.3988e-04 0.0032340899 0.0 16 23.8957854569 2.3004594915 0 0 1 3 4 7 1 0 0 0 7 
534 2 2.65822 0.248462 8.99708 6.72976e-04 -0.00243469 -0.00367819 0.004462028 0.0 14 15.9811427958 2.1806374196 0 0 1 3 4 5 1 0 0 0 7 
762 1 0.263426 1.26393 13.5597 0.00149548 0.00215378 0.00168636 0.0031175373 0.0 17 23.9997974702 2.2312829295 0 0 0 3 7 6 1 0 0 0 7 
446 1 6.41475 0.832079 12.7643 -0.00148598 -0.00116254 0.00115816 0.0022138135 0.0 14 22.8380996435 2.1909912382 0 0 0 1 10 3 0 0 0 0 6 
690 1 0.986441 5.85236 10.1957 -0.0030303 -5.69759e-04 0.00184564 0.0035935679 0.0 14 20.1450804096 2.2517511971 0 0 1 2 6 4 1 0 0 0 7 
867 1 4.7473 3.82738 16.2096 0.00256346 -0.00100797 0.00171625 0.0032454344 0.0 15 23.0879892325 2.3236297653 0 0 0 3 6 6 0 0 0 0 6 
779 1 2.24032 3.12948 11.9243 0.00103593 -4.40603e-04 -0.00130459 0.0017231474 0.0 15 22.2536316069 2.2312829295 0 0 1 5 2 4 3 0 0 0 7 
275 1 6.14369 6.22607 17.7917 0.00105163 0.00225564 -0.00520481 0.0057692187 0.0 14 21.4474918993 2.1390640319 0 0 4 1 2 4 2 1 0 0 8 
8 1 2.60911 7.97848 9.37411 -6.38714e-04 -5.7547e-04 2.67521e-05 8.6013776196e-04 0.0 14 20.6442735982 2.253465466 0 0 0 1 10 3 0 0 0 0 6 
226 1 3.68096 5.75997 11.5471 3.10797e-04 0.00200088 0.00147979 0.0025079661 0.0 14 19.6015291516 2.2383317167 0 0 1 3 4 5 1 0 0 0 7 
7 1 7.27159 2.71926 16.1945 0.00199079 -2.15347e-04 -2.11645e-04 0.0020135572 0.0 13 21.073301463 2.2732149663 0 0 1 0 9 3 0 0 0 0 6 
915 1 1.9624 5.27827 16.634 0.00333004 5.75954e-04 -6.03854e-04 0.0034330058 0.0 14 20.37140707 2.2069499243 0 0 0 4 4 6 0 0 0 0 6 
420 1 5.26154 3.31826 13.0589 -0.00227094 6.40387e-04 0.00414769 0.0047718546 0.0 15 20.6325105415 2.1982729473 0 0 0 2 8 5 0 0 0 0 6 
319 1 7.25772 7.74881 10.4426 -3.90977e-04 4.9641e-04 -0.00410062 0.0041490204 0.0 15 19.6715134153 2.201810998 0 0 2 2 4 5 2 0 0 0 7 
614 1 6.46578 4.94445 10.8858 0.00147403 -0.00113937 -9.03475e-04 0.0020705544 0.0 14 20.1587360987 2.2032250411 0 0 1 3 5 3 2 0 0 0 7 
479 1 4.78041 2.22528 10.6082 -8.06826e-04 7.65332e-04 0.00341567 0.0035921446 0.0 15 22.178591727 2.1897935686 0 0 1 2 6 5 1 0 0 0 7 
813 1 3.05044 5.15931 14.2223 0.00196329 0.00238488 6.62786e-04 0.0031593426 0.0 12 20.079154908 2.2569884344 0 0 1 2 6 2 1 0 0 0 7 
589 1 5.80923 6.30464 13.2725 -7.00125e-04 0.00161581 9.0803e-04 0.0019812964 0.0 13 20.0168101206 2.3012796794 0 0 0 4 4 5 0 0 0 0 6 
519 1 1.91022 26.6485 15.7977 0.00164573 -0.00119389 4.34489e-04 0.0020790818 0.0 15 24.4673438005 2.3628039005 0 0 0 3 6 6 0 0 0 0 6 
910 1 1.63006 7.34601 12.6512 0.00201666 -0.00105314 -5.20517e-05 0.0022756825 0.0 15 20.7134137111 2.3012796794 0 0 0 2 8 5 0 0 0 0 6 
823 1 2.90936 2.28058 14.5005 0.002481 -0.00373545 0.00115902 0.0046316601 0.0 12 19.7574986313 2.1242137105 0 0 1 2 6 2 1 0 0 0 7 
252 1 5.08234 0.768183 15.2721 -0.00138959 -0.00260298 -0.00125708 0.003207291 0.0 14 21.6657693452 2.1749982406 0 0 1 2 7 2 2 0 0 0 7 
560 1 8.19117 3.83251 13.2889 -0.00113993 -0.00172242 -3.80278e-04 0.0021001863 0.0 14 23.2514352979 2.1982145304 0 0 0 4 4 6 0 0 0 0 6 
675 1 26.8403 5.05141 13.1544 0.00256131 -0.00147461 -4.57232e-04 0.0029906261 0.0 18 23.0978864144 2.2312829295 0 0 1 3 7 4 2 1 0 0 8 
752 2 25.4912 0.829597 10.5751 -0.0035201 0.00101345 -0.00185905 0.0041078281 0.0 13 13.1711584657 2.184881336 0 0 0 3 6 4 0 0 0 0 6 
410 1 3.58249 -0.0065944 12.4615 0.00218981 -3.5296e-04 0.00397815 0.0045547257 0.0 16 24.4831583014 2.1806374196 0 0 0 0 12 4 0 0 0 0 6 
658 2 15.6369 9.4638 16.0854 -0.00193928 -0.00106034 -0.00236685 0.0032383803 0.0 16 15.5331828448 2.0889271579 0 0 1 7 1 2 4 1 0 0 8 
498 2 11.2482 8.22143 12.9365 8.44749e-04 -0.00243032 -0.00171126 0.0030900594 0.0 13 13.6684368205 2.0597398862 0 0 0 1 10 2 0 0 0 0 6 
22 2 13.3612 6.60578 13.202 -9.95007e-04 0.0010866 -9.13361e-04 0.001733484 0.0 15 14.6263694091 1.9794986511 0 0 0 2 9 3 1 0 0 0 7 
979 2 14.8755 5.7947 16.8548 8.9127e-04 4.82188e-04 0.0015376 0.0018414889 0.0 14 14.0350577507 2.0889271579 0 0 0 4 6 2 2 0 0 0 7 
991 1 9.64602 1.95709 14.9657 -6.8004e-04 0.00154803 0.00102943 0.0019795397 0.0 14 20.9771990355 2.2349260647 0 0 0 2 8 4 0 0 0 0 6 
572 1 11.5911 2.50872 16.9354 -0.00170189 -3.44722e-04 0.00240721 0.0029681514 0.0 16 20.4871353542 2.2349260647 0 0 3 1 3 7 2 0 0 0 7 
87 2 17.5172 3.39985 15.3565 -0.00527378 0.00112804 0.00110903 0.005505922 0.0 13 15.8274098442 2.2258166791 0 0 1 2 6 3 1 0 0 0 7 
521 1 9.88615 4.54397 16.7248 0.00113537 0.00122166 0.00301166 0.0034426173 0.0 17 21.3146148539 2.1390640319 0 0 2 3 5 2 5 0 0 0 7 
528 2 14.1133 3.54705 12.7438 -0.00238351 -6.72493e-05 0.00177785 0.0029742887 0.0 13 12.5980230878 1.9820564052 0 0 0 1 10 2 0 0 0 0 6 
16 2 14.9823 7.34492 15.1109 -5.89774e-04 0.00103654 -0.00143248 0.0018639333 0.0 15 14.8903907387 2.0559605238 0 0 1 6 1 4 2 1 0 0 8 
620 2 12.5341 1.8409 13.5065 -0.00116759 0.00277733 7.19874e-04 0.0030975873 0.0 16 17.2995713321 2.2349260647 0 0 1 1 9 3 2 0 0 0 7 
774 2 15.2722 2.77391 10.5727 0.00191042 0.00129741 -0.00296207 0.0037559068 0.0 12 15.6881119195 2.123450335 0 0 0 2 8 2 0 0 0 0 6 
90 2 17.2026 8.94521 11.1195 -0.00187533 -0.00265139 9.81343e-04 0.0033926045 0.0 14 14.6407424807 2.1189144387 0 0 1 4 3 4 2 0 0 0 7 
788 2 11.3795 5.92035 11.4992 -8.32306e-04 0.00270698 9.16921e-04 0.0029767798 0.0 12 15.8608083325 2.1988537336 0 0 1 2 5 4 0 0 0 0 6 
884 2 13.2764 8.57428 17.2288 -0.00242057 0.0027899 0.00103222 0.0038351244 0.0 16 16.1754244009 2.280260107 0 0 1 5 3 3 4 0 0 0 7 
142 2 16.208 7.46466 12.8907 -0.00427638 -0.00185411 4.26897e-05 0.00466122 0.0 16 14.8674904945 2.0540019813 0 0 2 1 8 1 4 0 0 0 7 
99 2 10.9071 8.27501 17.2714 -6.62902e-04 -3.06496e-04 -5.64405e-04 9.2300155127e-04 0.0 15 15.9867968482 2.2194937753 0 0 1 4 3 5 2 0 0 0 7 
995 2 12.8791 2.37393 11.1685 3.01952e-04 9.23335e-04 0.00170146 0.0019592572 0.0 13 15.0412822167 2.1999188062 0 0 0 1 10 2 0 0 0 0 6 
990 2 10.4896 7.47194 15.1449 0.00240337 -3.50141e-04 -9.57982e-05 0.0024306302 0.0 13 15.7439866288 2.2711735372 0 0 1 2 6 3 1 0 0 0 7 
364 2 17.5307 1.89097 10.0132 -0.00285843 -0.00359526 -0.00296022 0.0054643773 0.0 15 18.0431556016 2.168515758 0 0 0 2 8 5 0 0 0 0 6 
330 2 17.3218 5.54051 16.7071 0.00390009 1.86276e-05 4.9641e-05 0.0039004504 0.0 15 13.8925722133 1.979059443 0 0 0 5 3 6 1 0 0 0 7 
674 2 11.1571 3.48189 12.1892 -4.04441e-04 0.0048903 2.48434e-04 0.0049132806 0.0 14 17.609438253 2.1999188062 0 0 0 5 3 5 1 0 0 0 7 
21 2 17.163 4.77322 9.79712 3.02868e-04 -0.00240764 0.0039508 0.0046365159 0.0 16 19.0932534393 2.1959019222 0 0 0 5 3 7 1 0 0 0 7 
212 2 13.5584 5.00669 10.9219 -2.05489e-04 -6.34665e-04 7.68404e-04 0.0010175805 0.0 14 15.3527970339 2.1908956075 0 0 0 3 6 5 0 0 0 0 6 
775 2 15.8265 4.94239 14.6028 -0.00186325 0.00336789 0.00146744 0.0041191946 0.0 14 13.2135081236 1.8392077439 0 0 0 2 8 4 0 0 0 0 6 
488 2 12.952 7.20833 10.6883 0.00114154 0.00360838 -0.00371932 0.0053063039 0.0 14 13.1183354432 2.066356936 0 0 1 2 7 2 2 0 0 0 7 
696 2 12.299 6.43861 16.6327 8.48741e-04 0.00200582 -0.00141886 0.002599392 0.0 14 14.1392234522 2.0298260567 0 0 1 3 5 3 2 0 0 0 7 
54 2 13.4824 4.49562 15.1891 0.00117762 -0.00193091 0.00215319 0.0031227279 0.0 13 16.1216413847 2.217167366 0 0 1 3 4 4 1 0 0 0 7 
496 2 11.2628 5.33793 14.0111 0.00119218 -0.0035953 8.25666e-04 0.0038767512 0.0 17 18.4078142019 2.2349260647 0 0 0 4 7 3 3 0 0 0 7 
416 2 14.9387 3.15605 16.4079 -0.00191127 -5.66779e-04 -0.00345095 0.0039853792 0.0 15 16.4106894174 2.2258166791 0 0 2 2 5 3 3 0 0 0 7 
223 1 9.09142 5.29171 9.81223 -9.52059e-04 -0.00107125 1.88667e-05 0.0014333 0.0 16 22.5155976121 2.2892520886 0 0 0 5 2 9 0 0 0 0 6 
448 2 13.849 26.6085 14.0666 -0.00161753 0.00204689 -0.00140782 0.0029644762 0.0 13 18.8490503818 2.2037506872 0 0 0 3 6 4 0 0 0 0 6 
160 2 11.7112 25.598 12.9826 0.00289098 -2.03354e-04 -0.00268049 0.0039476759 0.0 15 17.8566085659 2.1440803589 0 0 1 3 5 4 2 0 0 0 7 
949 2 17.911 9.51922 13.5789 0.00219382 -0.00131498 -0.00226336 0.0034153795 0.0 15 13.05735743 2.0540019813 0 0 1 5 1 6 2 0 0 0 7 
819 2 12.7195 8.20495 14.7617 -0.00157202 -0.00530203 -0.00204875 0.0058974694 0.0 14 12.4237068983 1.8733079096 0 0 0 3 6 5 0 0 0 0 6 
146 2 15.0526 2.00287 14.4115 -5.92932e-04 -0.00705399 -0.00195473 0.0073437942 0.0 12 14.6209440565 2.2100599694 0 0 1 3 5 1 2 0 0 0 7 
425 2 15.2076 0.728666 9.09493 0.00136087 -0.00159236 0.00103225 0.0023351911 0.0 14 20.5582559393 2.1714928368 0 0 0 2 8 4 0 0 0 0 6 
860 2 15.1721 6.76124 10.5644 0.00248924 1.43608e-04 4.51988e-04 0.002534015 0.0 13 14.0189533609 2.0804603641 0 0 0 3 6 4 0 0 0 0 6 
888 2 16.9206 2.75521 12.8685 7.09303e-04 -0.00106703 0.00103881 0.0016494817 0.0 14 15.1289068292 2.1428941161 0 0 0 1 10 3 0 0 0 0 6 
334 2 15.8188 4.93462 12.046 0.00195935 2.81384e-04 -7.02316e-04 0.0021003517 0.0 12 12.7550181728 1.9117813406 0 0 0 2 8 2 0 0 0 0 6 
477 2 14.822 1.24126 12.3912 6.15366e-04 3.45009e-04 -0.0029823 0.0030646076 0.0 13 13.9076624137 2.1525512169 0 0 0 1 10 2 0 0 0 0 6 
973 2 10.2015 1.17874 12.1202 -0.00158191 0.00222955 -4.87404e-04 0.0027768499 0.0 15 18.4552495865 2.1801345635 0 0 1 3 5 4 2 0 0 0 7 
391 2 13.087 4.96588 18.4124 9.97556e-04 -0.00505204 -2.4788e-04 0.0051555476 0.0 14 15.0234871576 2.0155079544 0 0 1 3 4 5 1 0 0 0 7 
161 2 13.4669 26.2273 11.3407 0.00114992 -0.00222365 -0.00338523 0.0042103109 0.0 14 15.3869126472 2.259589009 0 0 1 2 7 2 2 0 0 0 7 
536 1 13.8992 0.186408 16.9636 0.00285536 -5.15201e-04 -0.00220544 0.0036445135 0.0 16 21.4919927879 2.3042913852 0 0 1 2 7 4 2 0 0 0 7 
625 2 11.9303 0.296692 9.8878 -0.00323416 -0.0018289 0.00148171 0.0040000163 0.0 14 16.2521183954 2.1134991614 0 0 1 3 6 1 3 0 0 0 7 
346 2 17.7517 6.59262 11.0885 -0.00139711 -9.8791e-04 0.00405478 0.0044010366 0.0 12 14.076150599 2.1073892101 0 0 0 3 6 3 0 0 0 0 6 
824 2 13.4853 8.09006 8.49002 0.0012402 0.00133286 -0.00286219 0.0033921591 0.0 13 17.0200522403 2.1658873031 0 0 1 2 6 3 1 0 0 0 7 
329 2 18.722 1.11012 12.1613 -0.00144179 0.00208947 -7.75341e-04 0.002654392 0.0 13 16.9039039867 2.264940509 0 0 0 3 6 4 0 0 0 0 6 
717 2 19.0769 3.88278 11.6853 0.0017256 -0.0019309 0.00395883 0.0047305819 0.0 13 14.4023343541 2.0284093295 0 0 0 4 4 5 0 0 0 0 6 
353 1 22.7516 7.33827 12.1313 7.42413e-04 -2.59185e-04 -0.0022533 0.0023865697 0.0 17 22.6372859454 2.2521552982 0 0 1 4 5 3 4 0 0 0 7 
564 2 22.1122 2.09534 13.1527 0.00692748 -8.29914e-04 -0.0010573 0.007056672 0.0 12 13.4826302413 2.1696593598 0 0 0 3 6 3 0 0 0 0 6 
361 2 23.9337 2.43783 14.4177 -3.36139e-04 0.00631627 -7.92998e-04 0.0063747237 0.0 13 16.9800511656 2.212980639 0 0 0 3 6 4 0 0 0 0 6 
974 1 25.3994 7.62716 13.7243 -6.14094e-04 -5.19821e-04 -0.00199828 0.00215417 0.0 15 21.1537498234 2.1894049921 0 0 0 3 7 4 1 0 0 0 7 
474 2 24.8605 8.9439 16.106 -0.00230794 0.00187104 -0.00305848 0.0042639978 0.0 13 17.6197931369 2.2645007475 0 0 1 0 9 3 0 0 0 0 6 
318 2 21.6779 3.54989 15.0628 0.00221018 -0.00188361 -2.14004e-04 0.0029118173 0.0 13 15.1471679214 2.2025815737 0 0 0 2 8 3 0 0 0 0 6 
972 2 22.4508 5.70109 15.7135 0.00285635 -0.00333849 4.04808e-04 0.0044122693 0.0 13 12.876335292 2.1894049921 0 0 0 1 10 2 0 0 0 0 6 
6 2 21.0892 4.95453 13.0957 -0.00456397 -0.00134417 0.0062641 0.0078661022 0.0 14 14.3153017993 2.0410390896 0 0 1 3 4 5 1 0 0 0 7 
726 2 22.5388 8.03768 15.9626 0.00192642 0.00153302 0.00131622 0.0027917162 0.0 16 16.2693368181 2.1894049921 0 0 0 3 6 7 0 0 0 0 6 
199 2 21.1398 4.42399 17.4308 -0.00137167 0.00127643 -0.00401655 0.0044320905 0.0 14 17.500166129 2.0914409928 0 0 0 4 5 4 1 0 0 0 7 
314 2 19.2222 7.96175 12.3466 -7.17127e-04 -8.44753e-04 -0.00201738 0.0023016735 0.0 15 15.6534552734 2.1832801746 0 0 2 2 5 3 3 0 0 0 7 
449 1 22.6186 7.23853 8.91194 -0.0053817 -0.00109768 0.00302194 0.0062689487 0.0 16 24.6229838065 2.2521552982 0 0 0 3 8 3 2 0 0 0 7 
861 2 24.4079 2.2059 12.03 7.45394e-04 0.00481763 0.00302438 0.0057369021 0.0 13 14.7725329139 2.212980639 0 0 2 2 5 1 3 0 0 0 7 
362 2 22.8805 1.38708 10.2545 -0.00157251 -2.77495e-04 0.00220613 0.0027233804 0.0 15 13.4997785733 1.8551021073 0 0 1 3 4 6 1 0 0 0 7 
583 1 0.753311 7.95328 18.2022 0.00178367 0.00390368 -7.78327e-04 0.0043618791 0.0 16 22.3146393547 2.2645007475 0 0 2 3 4 4 2 1 0 0 8 
15 2 22.9502 4.45304 9.87717 0.00155568 0.00266011 0.00294144 0.0042600933 0.0 15 16.3976062344 2.2082688792 0 0 1 2 6 5 1 0 0 0 7 
211 2 25.5851 3.67649 10.4536 -4.65808e-04 -0.00167226 -0.00285134 0.0033381987 0.0 14 17.8705354969 2.2563747552 0 0 2 3 2 5 2 0 0 0 7 
684 1 25.8351 6.25279 16.4085 -1.6549e-05 0.00198224 0.0035527 0.0040683199 0.0 15 21.2777210912 2.2069499243 0 0 0 2 8 5 0 0 0 0 6 
964 2 19.9682 6.53676 16.8535 -0.00234264 6.50209e-04 -0.00125577 0.0027363648 0.0 15 14.4443174359 2.0322123026 0 0 0 3 6 6 0 0 0 0 6 
523 2 18.0721 7.22044 14.886 -8.2637e-04 0.00144768 -0.0016879 0.0023722713 0.0 13 14.5792922391 1.9980366747 0 0 0 3 6 4 0 0 0 0 6 
793 2 19.1582 26.5603 10.1385 0.0022491 -9.62082e-04 -0.00219678 0.0032878405 0.0 12 17.3727596297 2.2006838818 0 0 0 2 8 2 0 0 0 0 6 
582 2 23.1933 6.26918 17.8809 -0.00238778 -4.54481e-04 -0.00241527 0.0034265982 0.0 13 16.5139166354 2.1355691175 0 0 2 2 3 5 1 0 0 0 7 
880 2 19.7486 2.51324 13.9628 -0.00211461 0.00296098 -0.00449882 0.0057860487 0.0 15 16.7445327193 2.2025815737 0 0 0 2 8 5 0 0 0 0 6 
159 2 18.3682 3.67014 17.837 0.0014306 -7.60366e-04 0.00372856 0.004065333 0.0 13 16.9630069447 2.1793762844 0 0 3 1 4 2 3 0 0 0 7 
231 2 21.33 3.26623 11.1879 -8.13231e-04 0.0013541 -0.00209494 0.0026236816 0.0 14 11.8869310099 1.9133331084 0 0 0 3 6 5 0 0 0 0 6 
88 1 25.209 1.26884 17.1491 2.02387e-04 -0.00442601 -0.00166632 0.0047336188 0.0 15 22.4511239975 2.3628039005 0 0 0 4 4 7 0 0 0 0 6 
826 2 17.7963 5.19707 13.4489 -0.00182919 -0.00122224 -0.00443534 0.0049509643 0.0 15 13.366110229 2.0132705737 0 0 0 3 6 6 0 0 0 0 6 
654 1 19.6108 1.26957 16.8576 0.0019299 -7.67061e-04 0.00366464 0.0042121827 0.0 16 23.1233138581 2.2216441284 0 0 0 2 8 6 0 0 0 0 6 
729 2 20.1922 6.01801 11.2853 -0.00280922 -0.00137446 0.00466776 0.0056186156 0.0 15 16.2898604361 2.0916345918 0 0 1 3 5 4 2 0 0 0 7 
529 2 24.1068 4.81254 14.5027 -2.4203e-04 -0.0024023 5.8358e-04 0.0024839866 0.0 12 15.8173152885 2.1717411598 0 0 1 3 4 3 1 0 0 0 7 
838 1 25.2321 6.70436 10.7636 -0.00207978 2.6609e-04 1.10817e-04 0.0020996593 0.0 13 20.6305371647 2.186167151 0 0 0 1 10 2 0 0 0 0 6 
855 1 22.8043 0.0980757 15.8433 0.00158901 9.08791e-04 -0.00156072 0.0024055562 0.0 16 21.6926256519 2.2025815737 0 0 0 4 4 8 0 0 0 0 6 
369 2 20.5423 4.36668 9.41256 -0.0043761 6.9207e-05 0.00164314 0.0046749278 0.0 14 16.2548258554 2.2082688792 0 0 0 3 6 5 0 0 0 0 6 
916 2 20.7846 7.02527 14.6387 0.00163649 0.00274328 -0.00103213 0.0033569297 0.0 12 14.1318962279 2.0661338181 0 0 1 2 6 2 1 0 0 0 7 
848 2 20.1276 1.83179 9.9623 -0.00253763 0.00152061 3.00742e-04 0.0029735949 0.0 13 13.2852570526 2.0904268676 0 0 0 3 6 4 0 0 0 0 6 
635 2 23.8432 3.98153 16.7166 0.00418 -0.00117168 0.00104214 0.0044644473 0.0 14 17.2293423301 2.1400149442 0 0 0 2 8 4 0 0 0 0 6 
206 2 23.3924 4.48373 12.3002 -3.371e-04 -6.78077e-04 0.00362119 0.0036995191 0.0 14 15.6503879802 2.1088866645 0 0 0 5 4 3 2 0 0 0 7 
698 1 0.248771 8.80949 10.5892 1.57474e-04 0.00132963 0.00261689 0.0029395284 0.0 12 20.4186365528 2.2293294081 0 0 0 4 4 4 0 0 0 0 6 
665 2 21.1227 0.334388 11.8246 5.37713e-04 -9.81519e-04 8.88655e-04 0.0014290635 0.0 12 14.2569574518 2.0182595634 0 0 0 3 6 3 0 0 0 0 6 
876 2 19.2884 4.94875 15.2161 0.0052682 -0.00188746 -0.00106042 0.0056956937 0.0 13 13.4298006499 2.0914409928 0 0 0 1 10 2 0 0 0 0 6 
858 1 20.2313 9.02197 9.58594 -0.00110001 1.32236e-04 0.00116165 0.0016052847 0.0 15 20.9811128014 2.2521552982 0 0 1 2 7 3 2 0 0 0 7 
832 1 8.66321 14.888 14.7971 -0.00122455 -1.78174e-04 0.00197753 0.0023327867 0.0 16 22.5784522913 2.3036880568 0 0 1 4 4 4 3 0 0 0 7 
439 1 8.15129 16.5627 16.9611 0.00221772 7.37346e-04 7.70552e-04 0.0024608355 0.0 14 21.0392875688 2.2620042932 0 0 2 2 3 6 1 0 0 0 7 
963 1 8.12265 11.6461 16.5462 0.00453157 -0.00172727 6.57594e-04 0.0048939777 0.0 16 22.6321965785 2.2684592234 0 0 0 4 5 6 1 0 0 0 7 
208 1 6.61373 8.90766 13.5244 -2.14055e-05 -0.00256323 7.45545e-04 0.00266954 0.0 15 20.9883327228 2.2711735372 0 0 1 3 5 4 2 0 0 0 7 
281 2 26.0167 11.6994 9.19584 0.00220159 0.00109913 -0.00220619 0.0033048993 0.0 14 15.4708324858 2.2615693831 0 0 0 2 8 4 0 0 0 0 6 
443 2 26.4916 14.3439 15.6655 0.00129936 0.00152197 -1.54921e-04 0.0020071696 0.0 16 17.8731481956 2.2057466609 0 0 0 4 5 6 1 0 0 0 7 
627 1 6.24061 14.224 16.1198 -0.00147345 -3.88766e-04 0.00202801 0.0025367338 0.0 14 21.4086220123 2.4461483244 0 0 0 1 10 3 0 0 0 0 6 
392 1 7.5881 8.80065 16.3071 0.00128004 -7.55747e-04 -0.00443028 0.0046730115 0.0 14 22.1510709408 2.2711735372 0 0 1 5 2 3 3 0 0 0 7 
883 1 2.99448 9.65593 14.1875 6.56086e-04 -7.27162e-04 0.00263539 0.0028114932 0.0 13 20.9794238321 2.319857434 0 0 0 1 10 2 0 0 0 0 6 
114 1 3.23579 12.5623 17.0566 -0.00159034 6.46018e-04 0.00308786 0.0035329025 0.0 14 21.378452311 2.4461483244 0 0 0 2 8 4 0 0 0 0 6 
427 1 3.02165 9.70701 17.4997 8.93088e-04 5.35599e-04 0.00264185 0.0028396908 0.0 15 21.3666799709 2.2018891063 0 0 1 2 5 7 0 0 0 0 6 
716 1 1.97943 12.6107 13.2879 -0.00302389 0.00237271 4.60086e-04 0.0038710906 0.0 13 20.2298265117 2.319857434 0 0 1 2 6 3 1 0 0 0 7 
709 1 5.37656 14.5626 13.1614 0.00248851 -0.00218441 9.47543e-04 0.0034441496 0.0 12 19.460059218 2.3546912634 0 0 1 2 5 4 0 0 0 0 6 
844 1 4.08824 15.6695 17.3954 0.00260252 -7.28691e-04 3.45764e-04 0.0027246383 0.0 16 21.6747875348 2.2156353928 0 0 1 3 4 7 1 0 0 0 7 
431 1 7.01382 10.5263 11.2666 -9.01648e-04 8.35154e-04 -0.00129568 0.0017858438 0.0 15 21.4078348351 2.3140488153 0 0 1 2 5 7 0 0 0 0 6 
706 1 4.47925 7.50165 15.5572 -0.00141803 5.96983e-04 -0.00221462 0.0026966163 0.0 16 22.3220563754 2.3012796794 0 0 0 2 8 6 0 0 0 0 6 
773 1 4.72848 11.4687 12.9503 -8.79389e-04 0.00275086 0.00521128 0.0059580194 0.0 15 22.882557843 2.4461483244 0 0 0 3 6 6 0 0 0 0 6 
981 1 5.17703 15.4231 10.5047 3.10482e-04 -0.00480845 -0.00124985 0.0049779228 0.0 13 21.3008279538 2.2698494442 0 0 1 2 5 5 0 0 0 0 6 
587 1 3.07563 14.5699 14.9355 0.00266368 -5.57989e-04 8.77091e-04 0.0028593411 0.0 14 21.5057608356 2.4461483244 0 0 0 3 7 3 1 0 0 0 7 
899 1 5.54386 16.75 15.0322 -6.09837e-04 0.00127743 -8.20749e-04 0.0016362633 0.0 15 21.0234816889 2.2156353928 0 0 1 1 9 2 2 0 0 0 7 
349 1 1.25194 11.3314 15.8052 0.00353374 -3.63318e-04 -2.28761e-04 0.0035597261 0.0 16 21.770235628 2.2662201672 0 0 0 3 6 7 0 0 0 0 6 
763 1 2.91166 14.0951 11.3162 -0.00256938 -0.00118454 8.21422e-04 0.0029461132 0.0 15 21.1791501002 2.2402937539 0 0 0 2 8 5 0 0 0 0 6 
761 1 7.16083 12.6161 13.8972 0.0022681 -0.00363229 9.73898e-04 0.0043916154 0.0 13 21.9809786704 2.3198543385 0 0 0 3 6 4 0 0 0 0 6 
48 1 5.39055 10.4211 15.7654 -0.0023169 0.0036784 7.22169e-04 0.0044068334 0.0 12 21.5321038403 2.4437740969 0 0 0 2 8 2 0 0 0 0 6 
359 1 2.60409 10.5199 10.8451 0.00185111 -0.00344372 4.4398e-04 0.0039348359 0.0 17 22.2570473305 2.3140488153 0 0 1 2 7 5 2 0 0 0 7 
238 1 6.8943 13.2454 11.0591 -0.002872 -0.004524 -0.0016549 0.0056083557 0.0 15 22.0208233016 2.3147066966 0 0 1 3 5 4 2 0 0 0 7 
117 1 7.51809 16.2161 12.3783 -0.00100006 0.00170625 -0.00116947 0.0022976225 0.0 17 23.1323394932 2.3147066966 0 0 1 4 5 3 4 0 0 0 7 
580 1 1.30858 7.90095 15.4468 0.00123826 -0.00180631 0.00138105 0.0025890814 0.0 14 20.7609164725 2.2612177115 0 0 0 2 8 4 0 0 0 0 6 
672 1 1.31201 15.5154 12.9951 8.00694e-05 0.00195773 2.70479e-04 0.0019779476 0.0 14 22.5432856774 2.3462143099 0 0 0 1 10 3 0 0 0 0 6 
601 2 1.04096 14.4596 17.6761 -0.00157158 -0.00162516 -0.0010435 0.00248996 0.0 13 16.2152041115 2.1683761596 0 0 0 3 6 4 0 0 0 0 6 
174 1 26.0942 17.5315 13.4938 -6.86257e-04 0.00463636 -0.00340976 0.0057959681 0.0 14 22.7792085104 2.3417205975 0 0 2 0 8 2 2 0 0 0 7 
101 1 1.77447 16.9674 16.135 3.53973e-04 -0.00357834 -0.0027785 0.0045442135 0.0 17 23.0742228471 2.3462143099 0 0 1 1 8 6 1 0 0 0 7 
304 1 10.5 15.7215 10.9301 0.00444813 -0.00323041 -4.79632e-04 0.0055182838 0.0 15 22.5406573031 2.3144194819 0 0 2 3 5 0 5 0 0 0 7 
621 2 1.65399 12.5761 8.97263 0.00350649 0.00430384 -0.00257451 0.0061193637 0.0 12 14.406337668 2.0057758924 0 0 0 3 6 3 0 0 0 0 6 
201 2 13.931 9.11694 12.446 0.00122787 -0.00287771 0.00242736 0.0039599187 0.0 14 12.9424279961 1.9200555642 0 0 1 2 7 2 2 0 0 0 7 
502 2 13.8369 11.3402 11.3785 -0.00334028 -0.00456181 -0.0022242 0.0060757425 0.0 12 14.3583441192 2.053598358 0 0 0 4 4 4 0 0 0 0 6 
804 1 12.7299 15.9012 9.09847 0.00143699 0.00153907 2.33253e-04 0.0021185098 0.0 17 24.8199376632 2.3836459125 0 0 0 2 9 5 1 0 0 0 7 
327 1 13.375 16.1792 15.8993 0.00330125 4.48593e-05 0.00123659 0.0035255381 0.0 13 21.1843148649 2.2776014299 0 0 0 2 8 3 0 0 0 0 6 
862 2 12.165 13.102 12.6891 0.00309351 -0.00376907 0.00256905 0.0055114164 0.0 16 17.9424366282 2.3089187103 0 0 1 5 4 3 1 2 0 0 8 
376 2 12.3773 12.466 9.9994 0.00259348 -0.00280572 0.0034954 0.0051784191 0.0 15 17.7517519232 2.3051649806 0 0 1 3 5 5 0 1 0 0 8 
897 1 11.0624 14.1522 16.4614 0.00263501 0.00162424 -8.73572e-04 0.0032162962 0.0 16 24.6486225945 2.3036880568 0 0 2 3 5 1 5 0 0 0 7 
438 2 18.1693 10.5433 16.7898 -0.00203387 -0.00117286 0.00379525 0.0044627514 0.0 14 13.5885337395 1.9506226958 0 0 0 2 8 4 0 0 0 0 6 
938 1 17.1565 15.805 11.5614 -0.00400805 0.00125183 -0.00176646 0.004555428 0.0 15 22.7269844294 2.2550115871 0 0 0 3 6 6 0 0 0 0 6 
959 2 18.1313 17.0865 17.4275 -0.00353369 0.00160767 -4.68918e-04 0.0039104286 0.0 14 17.2966658507 2.1508757075 0 0 1 4 3 4 2 0 0 0 7 
546 2 14.9457 8.89924 10.1554 0.00243743 -0.00293416 -4.61648e-04 0.0038423273 0.0 14 15.5797785244 2.2232880145 0 0 1 3 5 3 2 0 0 0 7 
180 2 12.0068 9.80103 11.1939 -0.00297172 -2.44223e-04 -0.00469109 0.0055585151 0.0 17 13.3896809482 2.0959694058 0 0 3 2 6 2 2 1 1 0 9 
323 2 13.4654 12.7512 15.0471 8.49898e-04 -7.9049e-04 -2.73081e-05 0.0011610111 0.0 15 17.8094495215 2.294120298 0 0 1 3 5 4 2 0 0 0 7 
409 1 13.8516 15.6745 12.6584 -9.44994e-04 -8.61426e-04 0.00593237 0.0060686145 0.0 15 22.3373324542 2.3089187103 0 0 0 3 6 6 0 0 0 0 6 
743 1 11.1359 16.4036 13.8457 -0.00461171 -0.0027456 -0.00110837 0.0054803898 0.0 15 22.8817974752 2.3036880568 0 0 1 2 7 3 2 0 0 0 7 
727 1 14.8864 14.1591 10.4916 -0.00303002 0.00496773 4.12121e-04 0.0058334558 0.0 13 21.00159144 2.3089187103 0 0 0 5 3 4 1 0 0 0 7 
288 2 10.0498 13.217 12.0792 -0.00309143 0.00279107 0.00223235 0.004725505 0.0 15 19.2486765087 2.2753314642 0 0 2 6 0 4 1 1 1 0 9 
310 1 15.0273 17.4386 10.7544 -4.71898e-04 -1.30741e-05 -2.01573e-04 5.1331309045e-04 0.0 13 22.0329318702 2.3836459125 0 0 0 2 8 3 0 0 0 0 6 
565 2 9.3696 9.63376 13.2794 -0.00132077 0.00152271 5.53984e-04 0.0020904491 0.0 16 18.0623682404 2.2684592234 0 0 0 4 6 4 2 0 0 0 7 
891 2 14.8536 11.7482 16.6803 7.26422e-04 -0.0037321 -4.86349e-04 0.0038331181 0.0 13 15.2777431276 2.2707680185 0 0 1 4 2 5 1 0 0 0 7 
331 2 16.206 16.0181 14.9726 0.00321445 0.00195893 -0.0018555 0.0041967816 0.0 14 18.8743541185 2.1883607155 0 0 1 2 7 2 2 0 0 0 7 
492 2 12.8281 10.5883 15.9709 0.00304367 2.75567e-04 -2.38468e-04 0.0030654088 0.0 14 15.0651377322 2.294120298 0 0 4 1 4 1 3 0 1 0 9 
790 2 12.3926 10.7781 13.1769 -9.79909e-05 -0.00139504 0.00261943 0.002969369 0.0 16 12.3098718355 2.0754869587 0 0 2 3 6 2 1 1 1 0 9 
305 2 16.1013 10.5459 12.3999 0.00148619 0.00115763 0.00261719 0.0032246785 0.0 12 13.5397710189 2.0582927356 0 0 0 4 4 4 0 0 0 0 6 
568 2 15.2933 12.8904 13.2256 0.00205394 6.04114e-04 -0.00127947 0.0024941264 0.0 15 16.5872980708 2.1707624382 0 0 0 4 5 5 1 0 0 0 7 
451 2 16.663 11.3806 14.796 0.00600755 6.37991e-04 -0.00120811 0.0061609431 0.0 14 13.0900753386 1.8976261416 0 0 0 5 3 5 1 0 0 0 7 
783 2 15.944 13.7266 15.534 0.00247254 0.00384964 3.49494e-04 0.0045886085 0.0 13 15.1958024267 2.2063952312 0 0 1 3 4 4 1 0 0 0 7 
195 2 10.4721 11.7421 14.0175 8.16867e-04 0.00183354 0.00101 0.0022470515 0.0 14 18.2420678959 2.2945448086 0 0 1 4 4 3 1 1 0 0 8 
497 2 9.69579 11.696 10.2935 0.00355849 -1.72222e-04 -0.00387537 0.0052641243 0.0 14 15.4849141825 2.1955936727 0 0 2 3 5 2 0 1 1 0 9 
115 2 10.7463 9.74895 15.1223 -2.9823e-04 7.9621e-04 8.82834e-04 0.0012256783 0.0 12 14.482024911 2.2192707941 0 0 1 3 4 3 1 0 0 0 7 
554 1 10.8735 17.3659 16.5248 9.51944e-04 -0.00114592 -6.98558e-04 0.0016453915 0.0 15 20.9721438508 2.2944587429 0 0 1 3 5 4 2 0 0 0 7 
355 2 14.4516 10.487 14.3258 -4.34407e-04 -0.00264645 6.52588e-04 0.0027601228 0.0 14 12.439085333 2.0540019813 0 0 0 4 5 4 1 0 0 0 7 
753 2 12.7739 10.2868 8.98024 -7.16702e-04 -0.00237815 0.00112665 0.0027273796 0.0 14 15.4282625743 2.0777680731 0 0 1 3 4 5 1 0 0 0 7 
923 1 16.1889 11.7889 9.38491 -0.00269884 0.00483138 -0.00384553 0.0067389963 0.0 17 22.9498899528 2.1947437651 0 0 0 5 3 8 1 0 0 0 7 
176 2 10.8988 8.4377 8.94088 2.2334e-04 -0.00232925 0.00230569 0.0032850407 0.0 13 16.5270687115 2.207928615 0 0 1 3 4 4 1 0 0 0 7 
209 2 17.5733 12.6487 12.5733 -0.00559636 0.00408435 -0.00369446 0.0078517638 0.0 13 15.7971346725 2.1947437651 0 0 1 2 6 3 1 0 0 0 7 
643 2 18.0279 14.386 14.4169 0.00146503 -0.00177317 3.22179e-04 0.0023225512 0.0 15 14.9562517439 2.2550115871 0 0 0 6 2 5 2 0 0 0 7 
375 2 20.4162 17.4156 16.4536 -0.00454783 -0.00394731 -0.0022726 0.006436515 0.0 14 15.1627478024 2.1750387064 0 0 0 3 6 5 0 0 0 0 6 
558 2 21.8382 15.3906 16.487 0.00168335 4.68878e-04 6.76201e-04 0.0018737026 0.0 15 13.1256467489 1.9566852455 0 0 1 1 8 4 1 0 0 0 7 
139 1 18.8375 14.1943 9.78822 0.00524355 3.45227e-04 -0.00107048 0.0053628281 0.0 16 24.0916462371 2.2336842535 0 0 0 4 6 4 2 0 0 0 7 
650 2 21.1813 10.3041 16.0687 -0.00146288 8.74956e-04 0.00129183 0.0021387825 0.0 15 13.4947152523 2.0062053162 0 0 1 4 4 4 1 1 0 0 8 
678 1 18.4929 17.5706 9.83306 8.82722e-04 3.49378e-04 -0.00496847 0.0050583552 0.0 15 23.3202644649 2.2590116251 0 0 0 0 12 3 0 0 0 0 6 
941 2 18.6056 10.9545 11.485 -0.00203021 -1.42666e-04 3.98203e-04 0.0020738061 0.0 14 18.0668755547 2.2336842535 0 0 0 4 5 4 1 0 0 0 7 
742 2 24.5055 17.2155 16.1837 0.0026882 -7.48956e-04 0.00152591 0.0031805276 0.0 16 15.8823107704 2.1988741411 0 0 5 2 2 1 5 0 0 1 10 
778 2 23.1305 17.4674 18.1113 -0.00136935 0.00137861 -8.00018e-04 0.00210136 0.0 15 14.6101103203 2.342979977 0 0 2 4 1 5 3 0 0 0 7 
107 2 19.2335 11.1498 14.2037 -0.00112866 -0.00206203 0.00107396 0.0025844209 0.0 14 12.8925961052 1.970288815 0 0 0 4 5 4 1 0 0 0 7 
830 1 20.6828 16.1034 11.4062 -0.0046548 -3.96869e-04 0.00158159 0.0049321491 0.0 16 23.607388655 2.2550115871 0 0 1 1 8 5 1 0 0 0 7 
686 2 19.5172 15.1923 15.948 -0.00242209 -0.00238306 -0.00517895 0.0061941116 0.0 13 11.9077338312 1.9471873165 0 0 2 2 4 3 2 0 0 0 7 
92 1 24.3413 9.45972 11.1311 -0.00110694 -0.00175285 4.5152e-04 0.0021217138 0.0 16 23.074198807 2.2615693831 0 0 1 1 9 3 2 0 0 0 7 
548 2 18.5562 16.902 14.6936 0.00162453 -0.00149878 -0.00137942 0.0026054249 0.0 14 18.4262280432 2.2550115871 0 0 1 1 9 1 2 0 0 0 7 
404 1 26.7707 9.98225 13.5321 7.87697e-04 -0.00392431 -0.00426213 0.0058469161 0.0 15 21.6614215442 2.119171471 0 0 0 0 12 3 0 0 0 0 6 
151 2 21.7513 15.3173 19.0715 3.32164e-04 0.00317261 0.0051514 0.0060591013 0.0 13 13.9653763363 2.0541249844 0 0 1 2 5 5 0 0 0 0 6 
945 2 23.3891 10.0928 14.3479 -0.00295747 -0.00185715 1.68141e-04 0.0034962703 0.0 14 15.8411796141 2.1125051894 0 0 1 3 4 5 1 0 0 0 7 
655 2 19.8462 13.2381 12.9928 -0.00250088 -1.74281e-04 -0.0019452 0.0031731022 0.0 14 17.7426884101 2.2336842535 0 0 1 3 5 3 2 0 0 0 7 
163 2 20.7862 12.9691 15.8863 0.00145458 0.00205107 -0.00175804 0.0030681258 0.0 14 11.9425041514 1.9507994405 0 0 0 4 5 4 1 0 0 0 7 
203 2 25.7706 13.0901 13.8222 -0.00118947 -0.00137801 -4.59582e-04 0.0018774893 0.0 13 15.7081602128 2.0692438838 0 0 3 2 3 2 2 1 0 0 8 
649 2 21.6887 11.7608 14.1006 0.00227887 0.00315829 -0.00478172 0.0061670812 0.0 13 12.7994284357 1.9815186177 0 0 1 3 5 2 2 0 0 0 7 
436 2 22.5255 13.0924 17.7039 -6.25449e-04 -0.00161409 -0.00130041 0.0021650726 0.0 15 12.3170005709 1.9128923035 0 0 1 2 7 4 0 1 0 0 8 
633 2 20.9586 9.44859 13.5808 0.00171134 -0.00130766 -0.00131108 0.0025214262 0.0 14 16.0117091315 2.2057413399 0 0 2 4 2 3 2 1 0 0 8 
611 1 26.003 17.335 10.2326 -5.50485e-04 -1.15534e-04 -0.00129222 0.0014093312 0.0 14 20.6517719487 2.3198103073 0 0 2 0 8 2 2 0 0 0 7 
596 2 25.8198 12.8503 17.4554 0.00348239 -0.00349588 0.0013945 0.0051276551 0.0 13 13.534708547 1.9355279202 0 0 0 2 8 3 0 0 0 0 6 
715 1 21.6 11.0862 11.1286 0.00450271 0.0022394 -0.00123795 0.0051789796 0.0 17 21.8589107988 2.248747825 0 0 2 3 5 3 3 1 0 0 8 
755 2 24.7559 11.6791 15.4865 -0.00149805 -0.00133016 -0.00498535 0.0053728199 0.0 14 14.2437111399 2.0717050171 0 0 1 4 4 3 1 1 0 0 8 
741 2 23.4277 10.9151 17.2365 -0.0010987 -0.00213989 0.00246743 0.003445937 0.0 15 13.0270297536 1.9882648098 0 0 1 4 6 1 1 2 0 0 8 
503 2 23.0145 14.022 12.6951 -0.00155213 -8.98399e-04 0.00307205 0.0035572067 0.0 15 15.8242773265 2.2071019083 0 0 2 1 6 4 2 0 0 0 7 
370 2 21.3417 14.5539 14.328 0.00139801 -0.00287252 -0.00160451 0.0035749483 0.0 12 12.7780840428 2.2433942396 0 0 0 3 6 3 0 0 0 0 6 
57 2 23.2896 13.347 14.8689 -0.00322613 3.23177e-04 0.00291833 0.0043622251 0.0 15 11.8133261254 1.9507994405 0 0 2 2 6 2 2 1 0 0 8 
681 2 23.4421 15.7874 14.4762 -8.76527e-04 0.00207367 3.15574e-04 0.0022733222 0.0 14 15.5645558841 2.1545673056 0 0 2 3 2 5 2 0 0 0 7 
682 2 26.0952 16.1052 17.5467 -7.90369e-04 0.00384991 -9.61996e-04 0.0040462237 0.0 14 13.1119712858 2.2057466609 0 0 1 3 4 5 1 0 0 0 7 
298 1 23.6536 17.7733 11.8312 -0.00106974 0.0014453 0.00333586 0.0037896171 0.0 14 20.9845136391 2.2071019083 0 0 0 2 8 4 0 0 0 0 6 
998 2 19.4041 8.98568 15.5413 -3.64819e-04 0.00130687 -3.09204e-04 0.0013916211 0.0 13 12.1152205072 1.9712934042 0 0 0 3 6 4 0 0 0 0 6 
108 2 26.754 12.1306 11.3435 2.27242e-04 0.00113191 -0.00289345 0.0031152708 0.0 14 17.9456361446 2.0698035346 0 0 0 4 4 6 0 0 0 0 6 
419 1 23.5387 16.165 9.29038 -5.16922e-04 -0.00260736 -0.00117994 0.0029082285 0.0 16 23.1030380507 2.3198103073 0 0 1 2 7 4 2 0 0 0 7 
356 2 24.341 12.7546 10.4765 -2.71021e-04 7.54693e-04 -0.00114653 0.0013991229 0.0 13 17.3727600059 2.1017485588 0 0 1 0 9 3 0 0 0 0 6 
261 2 25.1029 14.9655 12.2343 0.00155169 -0.00190596 -6.447e-04 0.0025408785 0.0 14 19.0123056975 2.1528325944 0 0 2 2 5 3 1 1 0 0 8 
577 2 24.1761 14.6356 16.5971 -0.00356183 0.00376406 -0.00254098 0.0057715994 0.0 12 12.5635412478 1.9054566599 0 0 1 3 4 3 1 0 0 0 7 
656 1 18.1445 9.79864 8.24603 0.00318862 -6.24688e-04 -0.00495972 0.0059292795 0.0 13 21.3779599279 2.2232880145 0 0 0 3 6 4 0 0 0 0 6 
65 2 23.9648 11.9137 12.9905 0.00639525 -5.50296e-04 0.0013013 0.0065494603 0.0 12 14.4648051949 2.039693707 0 0 1 3 4 3 1 0 0 0 7 
260 2 18.5978 12.7953 16.1682 0.00316342 -8.83348e-04 -0.00128152 0.0035255955 0.0 13 12.3111235421 1.872579452 0 0 1 3 5 2 2 0 0 0 7 
405 1 3.58283 18.7498 17.7224 8.36512e-04 -0.00106599 -5.28776e-04 0.0014545415 0.0 13 21.2210152748 2.2093590243 0 0 2 2 2 7 0 0 0 0 6 
414 1 4.66888 21.5891 17.3424 -0.00150889 -2.86638e-04 0.00261924 0.0030363347 0.0 15 22.1195413419 2.1819994619 0 0 2 1 7 3 1 1 0 0 8 
731 1 7.66279 22.7377 16.885 0.00156229 -0.00165513 0.00223945 0.0031930145 0.0 16 22.7760140534 2.2369267756 0 0 0 4 5 6 1 0 0 0 7 
130 1 8.28462 19.7116 17.5077 0.00315066 -0.00157404 3.42046e-04 0.0035385387 0.0 14 21.2957351039 2.137462201 0 0 1 3 4 5 1 0 0 0 7 
733 1 4.54707 24.7364 15.4533 -4.4588e-04 0.00257205 -7.86755e-04 0.0027263957 0.0 15 22.6842276053 2.2369267756 0 0 1 1 9 2 2 0 0 0 7 
24 1 1.74517 19.09 12.0555 -7.324e-05 -0.00170153 0.00288887 0.0033535263 0.0 16 22.477212506 2.3462143099 0 0 0 2 9 4 1 0 0 0 7 
482 2 5.32373 25.3574 9.98741 5.04405e-04 -0.00210636 0.00135876 0.0025568351 0.0 14 17.8023005778 2.1874465811 0 0 0 3 6 5 0 0 0 0 6 
710 1 5.51878 18.2577 10.2969 0.00321704 -0.00293133 0.00324128 0.0054265954 0.0 16 22.6070461136 2.3302973279 0 0 1 3 5 5 2 0 0 0 7 
220 1 8.55964 21.2595 14.0842 -1.75898e-04 -0.00113987 -0.00155387 0.0019351371 0.0 16 23.6680818818 2.1900534736 0 0 0 2 8 6 0 0 0 0 6 
73 1 8.56296 18.1936 14.8487 -4.5631e-04 8.85047e-04 0.00136656 0.0016908617 0.0 13 20.9948987987 2.1001395842 0 0 0 1 10 2 0 0 0 0 6 
397 1 8.05288 16.9179 9.31197 -7.7522e-04 0.00155035 -0.00313303 0.0035805625 0.0 14 22.9261062389 2.3147066966 0 0 1 2 6 4 1 0 0 0 7 
569 2 7.79923 26.1688 15.6094 3.90658e-05 0.00370899 -0.00308581 0.0048249722 0.0 14 20.7646340776 2.2369267756 0 0 0 1 10 3 0 0 0 0 6 
863 1 3.45328 19.727 9.21075 -3.79886e-04 -0.00384278 0.0061086 0.0072267742 0.0 13 21.992056023 2.209078926 0 0 0 1 10 2 0 0 0 0 6 
669 2 7.09662 23.9655 9.50288 -9.25958e-04 -0.00442526 -7.0834e-04 0.0045762506 0.0 15 14.8261718659 2.0553778784 0 0 0 3 7 4 1 0 0 0 7 
954 1 3.82609 17.1533 12.7219 -0.00130482 -6.29368e-05 -7.46151e-04 0.0015044127 0.0 14 22.2384700062 2.3462143099 0 0 0 1 10 3 0 0 0 0 6 
579 2 0.81687 26.6752 10.97 0.00180412 0.00175312 -0.00213538 0.0032997161 0.0 11 16.7120922564 2.2672865873 0 0 0 3 6 2 0 0 0 0 6 
458 1 6.43193 18.8226 13.0879 0.00284104 0.00142887 2.15822e-04 0.0031874374 0.0 13 20.6316626588 2.0743385787 0 0 0 3 6 4 0 0 0 0 6 
782 1 9.07226 23.0614 11.7507 0.0010675 -8.28372e-04 -0.00150306 0.0020211249 0.0 16 21.9436190512 2.1814143294 0 0 0 4 4 8 0 0 0 0 6 
827 1 7.92049 19.8224 10.63 -0.00265498 -8.70973e-04 0.00160503 0.0032223647 0.0 15 21.9108225937 2.2671440982 0 0 2 3 3 4 3 0 0 0 7 
522 1 9.66665 18.3535 12.1848 -0.00314861 0.00312221 0.00216241 0.0049333515 0.0 12 20.4561314204 2.1900534736 0 0 0 2 8 2 0 0 0 0 6 
711 1 2.6566 23.6941 17.2498 6.7389e-05 0.00172131 -0.00420865 0.0045475471 0.0 13 20.718797379 2.1645818545 0 0 0 4 4 5 0 0 0 0 6 
406 2 9.27269 24.2579 14.9947 0.00327679 -0.00120863 0.0021642 0.004108759 0.0 14 20.2593118521 2.2260869039 0 0 1 3 4 5 1 0 0 0 7 
225 1 3.46789 19.1015 14.916 -0.00342286 -9.60862e-05 0.00138771 0.0036947181 0.0 13 21.096390293 2.3344649907 0 0 0 1 10 2 0 0 0 0 6 
800 1 5.99306 21.8522 14.5377 0.00167676 -6.41437e-05 0.00165673 0.0023580485 0.0 13 20.71755603 2.1843642888 0 0 1 0 9 3 0 0 0 0 6 
67 1 0.356382 23.0528 15.7585 -0.00299736 -2.34396e-04 0.00216603 0.0037055087 0.0 14 22.1845599758 2.3486240143 0 0 0 3 6 5 0 0 0 0 6 
40 1 4.22469 20.4286 12.2557 6.72756e-04 -0.00314926 4.28224e-04 0.0032486636 0.0 15 21.2194933541 2.2012259177 0 0 1 3 6 2 3 0 0 0 7 
902 1 6.00026 19.3329 16.0941 -0.00466517 9.18365e-04 -0.00271908 0.0054772805 0.0 14 20.1870839984 2.2096947407 0 0 2 2 6 0 4 0 0 0 7 
178 1 6.53292 24.4617 13.276 -0.00282555 9.2864e-05 -0.0037889 0.0047273798 0.0 16 23.0983606912 2.2369267756 0 0 0 4 4 8 0 0 0 0 6 
904 1 1.63455 22.0295 10.5356 -3.44539e-04 -7.79332e-04 0.0022181 0.0023761383 0.0 15 23.0077034105 2.3302762039 0 0 0 3 7 4 1 0 0 0 7 
421 1 6.23935 21.982 11.6476 5.31019e-04 -0.00127877 -0.00185201 0.0023123959 0.0 14 20.2335727201 2.2010907513 0 0 1 3 5 3 2 0 0 0 7 
526 1 1.77722 24.7042 13.5467 0.00575642 0.00184386 7.88428e-04 0.0060957206 0.0 14 23.1152242451 2.3302762039 0 0 0 4 5 4 1 0 0 0 7 
952 1 0.79276 21.8977 13.0121 0.00394239 2.3034e-05 -0.00185004 0.0043549532 0.0 13 20.6101908913 2.3113799201 0 0 1 3 4 4 1 0 0 0 7 
486 1 0.715399 20.0668 15.0734 -0.00146694 0.00191398 -8.70448e-04 0.0025637691 0.0 15 22.425107768 2.3168587741 0 0 2 2 4 5 2 0 0 0 7 
435 1 3.1274 22.012 14.9241 -0.00134407 -0.00362083 0.00195197 0.0043274844 0.0 13 20.2888439342 2.1729851067 0 0 0 1 10 2 0 0 0 0 6 
570 1 5.85723 24.4923 18.0426 0.00225636 -0.00305917 0.00190479 0.0042518121 0.0 13 20.4525908632 2.1679203277 0 0 1 4 3 3 2 0 0 0 7 
510 1 1.31567 20.9952 17.6037 0.00230825 -0.00145836 -5.28962e-04 0.0027811208 0.0 17 23.3079835489 2.1819994619 0 0 0 4 5 7 1 0 0 0 7 
875 1 3.82194 23.3891 12.3342 -0.00301672 0.00272309 -0.0011303 0.004218222 0.0 13 21.7471123906 2.2240679219 0 0 0 1 10 2 0 0 0 0 6 
812 2 7.7829 26.031 10.6077 3.94072e-04 0.0023262 0.00157036 0.0028341718 0.0 13 17.2476938125 2.1897935686 0 0 0 3 6 4 0 0 0 0 6 
797 2 2.79175 24.9086 9.57524 4.24402e-04 -0.00100299 0.00168534 0.0020066083 0.0 14 16.5924855568 2.3302762039 0 0 1 1 9 1 2 0 0 0 7 
460 1 12.8504 19.1613 17.0699 3.81986e-04 0.00217989 -0.00119785 0.0025164813 0.0 14 20.6775252865 2.1924482699 0 0 0 4 4 6 0 0 0 0 6 
140 1 10.7954 20.7663 16.1724 5.11781e-05 0.00186305 -2.11485e-04 0.0018757133 0.0 16 24.0396121719 2.2881620809 0 0 0 1 10 5 0 0 0 0 6 
885 1 11.0166 26.4161 16.069 7.53409e-04 0.00108244 8.25931e-04 0.0015561052 0.0 14 20.4446646243 2.1722508204 0 0 0 2 8 4 0 0 0 0 6 
802 1 11.1387 20.9449 11.0321 -0.00168943 -0.0019486 0.00401059 0.0047682332 0.0 16 22.4856895136 2.2040119386 0 0 0 2 8 6 0 0 0 0 6 
204 1 11.258 23.7167 17.7324 -0.00116924 0.00416769 6.66406e-04 0.0043795958 0.0 13 21.4086809209 2.2260869039 0 0 0 3 6 4 0 0 0 0 6 
937 1 17.179 22.7018 11.0958 1.07401e-04 -7.05473e-04 -0.00110584 0.0013160962 0.0 13 21.8491913362 2.1976963764 0 0 0 4 5 3 1 0 0 0 7 
842 2 12.248 24.4183 10.2813 7.77031e-04 9.23945e-04 7.18751e-04 0.0014050105 0.0 13 17.5393136587 2.2040119386 0 0 0 2 8 3 0 0 0 0 6 
166 1 12.5088 17.9718 11.4925 0.00357115 0.00508672 -6.18839e-05 0.0062154374 0.0 12 19.9408671473 2.2345771901 0 0 0 0 12 0 0 0 0 0 5 
189 1 14.1368 23.2738 12.3713 0.00448846 -0.0033199 0.00143836 0.0057651443 0.0 14 23.1148997893 2.2535108305 0 0 0 2 8 4 0 0 0 0 6 
267 1 16.7447 24.1531 14.1167 1.05069e-04 0.00144605 0.00254334 0.0029275721 0.0 15 23.4348719319 2.352003849 0 0 0 3 6 6 0 0 0 0 6 
121 1 16.4739 25.5328 11.7661 -0.00547988 0.00130842 -0.00540531 0.0078075876 0.0 16 23.9495971703 2.264940509 0 0 0 2 9 4 1 0 0 0 7 
365 1 17.3595 21.0169 13.2505 -0.00193318 -0.00217663 0.0035913 0.0046230227 0.0 15 22.0186601908 2.2744366481 0 0 0 5 4 4 2 0 0 0 7 
723 1 17.0846 22.3387 16.5835 0.00102757 0.00184373 0.00237243 0.0031754786 0.0 14 21.0572804131 2.323509603 0 0 0 4 4 6 0 0 0 0 6 
524 1 14.0539 21.9303 17.1393 0.00167354 -0.00239098 0.00120881 0.0031589149 0.0 14 21.2310565885 2.352003849 0 0 1 3 4 5 1 0 0 0 7 
403 1 16.5986 18.4371 12.7904 0.00513441 0.00299707 -0.00139987 0.0061077189 0.0 15 21.5119611858 2.2744366481 0 0 0 4 5 5 1 0 0 0 7 
887 1 11.2962 22.5383 13.5078 0.00149761 -0.00223622 -0.0019998 0.0033530159 0.0 13 21.8726952439 2.2881620809 0 0 1 2 5 5 0 0 0 0 6 
544 1 10.5761 18.5314 9.18619 -0.001793 -0.00189284 0.00198239 0.0032752958 0.0 14 21.3827962198 2.2533383424 0 0 1 1 7 5 0 0 0 0 6 
78 1 14.6779 21.0757 14.5016 0.00264064 0.00119307 -0.00103316 0.0030763315 0.0 14 23.5474253837 2.352003849 0 0 0 2 8 4 0 0 0 0 6 
86 1 12.8336 24.0386 15.3692 0.0022922 -9.35916e-05 0.00130635 0.0026399793 0.0 14 23.6100600574 2.352003849 0 0 0 1 10 3 0 0 0 0 6 
248 1 14.1529 20.6344 11.723 -0.00249986 -0.00113835 9.30134e-04 0.00290005 0.0 14 21.5293381672 2.1828069481 0 0 0 2 8 4 0 0 0 0 6 
815 1 16.303 19.9194 9.74123 1.47822e-06 0.0019441 -0.0030657 0.0036301575 0.0 13 22.8827374141 2.2744366481 0 0 0 1 10 2 0 0 0 0 6 
754 2 13.6526 25.6294 8.91056 5.10608e-04 0.0011949 0.00267863 0.002977174 0.0 11 16.2361720601 2.259589009 0 0 0 4 4 3 0 0 0 0 6 
670 1 17.2017 0.0679761 14.9852 -0.00324181 -0.00470079 0.00451577 0.0072800369 0.0 17 23.7461517781 2.264940509 0 0 0 2 8 7 0 0 0 0 6 
721 1 14.1355 18.1943 14.1593 0.00329018 8.11927e-04 -9.35764e-04 0.0035157025 0.0 14 20.8719260445 2.145865355 0 0 0 3 6 5 0 0 0 0 6 
663 1 16.7014 19.1612 15.7907 3.93153e-05 6.11411e-04 -0.00123265 0.0013765156 0.0 15 22.263303854 2.2329506935 0 0 0 3 6 6 0 0 0 0 6 
59 1 15.6479 24.8461 17.0199 -6.3386e-04 0.00223139 0.00132601 0.0026719248 0.0 13 21.1113858527 2.3514464776 0 0 1 2 6 3 1 0 0 0 7 
221 2 9.97568 25.9455 11.1209 0.00549695 0.002166 7.73282e-04 0.0059586895 0.0 12 13.7510683857 2.1420326135 0 0 3 1 3 3 2 0 0 0 7 
950 1 11.739 19.6952 13.6678 -0.0016058 5.66534e-05 -0.00284927 0.0032711073 0.0 13 21.6675449944 2.212948718 0 0 0 1 10 2 0 0 0 0 6 
688 2 11.1494 23.1204 8.54373 2.33821e-04 0.00303378 -0.00184263 0.003557215 0.0 12 13.9037498022 2.1570198101 0 0 1 2 5 4 0 0 0 0 6 
700 2 9.25346 25.9586 13.3602 -5.59639e-04 -0.00101246 0.00436396 0.0045146891 0.0 12 16.7947171765 2.1474447466 0 0 1 2 6 2 1 0 0 0 7 
32 2 9.49137 24.5997 9.0268 -6.50318e-05 -4.34682e-04 -3.56163e-04 5.6571163918e-04 0.0 14 13.5267053181 2.0490543928 0 0 0 3 7 3 1 0 0 0 7 
266 1 18.7698 20.1276 17.4718 -0.00146237 0.00287538 0.00731414 0.007993934 0.0 14 21.2362717596 2.1916083107 0 0 0 4 5 4 1 0 0 0 7 
181 1 19.7856 18.6647 12.3517 -9.58264e-04 0.00648035 -7.24044e-04 0.006590709 0.0 13 21.6238511494 2.2705156966 0 0 0 4 4 5 0 0 0 0 6 
109 1 24.3418 19.6348 14.0338 0.00171584 3.24513e-04 -3.84779e-05 0.0017466815 0.0 15 20.5941689178 2.3013548914 0 0 2 2 4 5 2 0 0 0 7 
191 1 19.2753 20.2816 9.73342 -4.8043e-04 0.00110923 -1.55639e-04 0.0012187812 0.0 15 20.7481700909 2.2744366481 0 0 0 2 8 5 0 0 0 0 6 
703 1 21.8963 21.2534 9.2657 -0.00116966 -0.0016972 -0.00410095 0.004589813 0.0 12 21.1032305152 2.2598401386 0 0 0 2 8 2 0 0 0 0 6 
912 1 24.6774 21.0698 16.5293 0.00279167 0.00196004 0.00265007 0.0043194964 0.0 15 21.7336381428 2.2436057988 0 0 2 1 6 4 2 0 0 0 7 
847 1 21.4794 21.4529 17.3435 4.57042e-04 0.0039401 -0.00338726 0.0052160144 0.0 15 21.6854742234 2.3479450011 0 0 2 2 5 3 3 0 0 0 7 
586 1 22.6118 20.3398 11.9332 -0.00354797 0.00216921 0.00341933 0.0053838073 0.0 15 21.0520750274 2.3013548914 0 0 0 2 8 5 0 0 0 0 6 
857 2 23.2595 26.7382 12.4973 -0.00281179 0.00117165 -0.00116775 0.0032622947 0.0 15 16.0572010082 2.2159196698 0 0 1 1 9 3 0 1 0 0 8 
343 1 19.9848 21.4217 12.2934 0.00146901 0.00208148 4.31939e-04 0.0025840125 0.0 12 19.9923197061 2.1739400231 0 0 0 4 4 4 0 0 0 0 6 
344 1 19.1844 22.779 14.8199 -4.78605e-04 -0.00377561 0.00161602 0.0041347085 0.0 14 21.0869458379 2.2011773608 0 0 0 3 6 5 0 0 0 0 6 
936 1 25.9151 20.0832 11.645 -0.00252266 -0.00130071 -0.00150922 0.0032145614 0.0 13 19.8079533919 2.1813606332 0 0 0 3 6 4 0 0 0 0 6 
958 1 21.0748 24.4326 16.6635 -0.00300946 7.25867e-04 -0.00204964 0.0037127829 0.0 13 20.3242829904 2.2011773608 0 0 0 3 6 4 0 0 0 0 6 
13 1 25.4566 25.7819 15.1425 0.00418851 1.16801e-04 -0.00353033 0.0054790956 0.0 14 24.8790662209 2.3486240143 0 0 0 4 4 6 0 0 0 0 6 
193 2 25.996 18.4532 17.5331 8.46072e-04 -0.00327662 0.00148403 0.003695189 0.0 14 15.934707934 2.1874242872 0 0 4 1 3 4 1 0 0 1 10 
751 2 22.5257 18.8974 16.2638 3.57784e-04 4.90565e-04 -6.74559e-04 9.0757548136e-04 0.0 14 18.7480033251 2.3402817683 0 0 1 4 3 4 2 0 0 0 7 
868 1 21.6953 18.4895 9.82823 7.46489e-04 0.00164799 -0.00399467 0.00438526 0.0 12 20.0258697379 2.1676272853 0 0 0 2 8 2 0 0 0 0 6 
908 1 22.1553 22.0825 14.5689 6.16621e-05 0.00137549 -8.62975e-04 0.0016249618 0.0 14 21.5470001749 2.2062616497 0 0 0 3 6 5 0 0 0 0 6 
917 1 20.1056 20.0697 14.8566 0.00140621 8.58894e-04 -1.5321e-04 0.0016548712 0.0 16 21.4294438683 2.3013548914 0 0 0 4 4 8 0 0 0 0 6 
94 2 22.5387 23.5499 11.2508 5.38388e-04 -9.32595e-04 -0.0020873 0.0023487053 0.0 14 18.1646834521 2.1739400231 0 0 1 1 8 3 1 0 0 0 7 
996 1 23.8758 23.6442 16.4905 -0.0030734 0.00386766 0.00341938 0.0060080563 0.0 13 20.9969601596 2.2794799319 0 0 0 3 6 4 0 0 0 0 6 
373 2 25.9803 24.9042 11.7979 0.00160869 7.21082e-04 0.00131556 0.0021996684 0.0 16 20.38909449 2.3486240143 0 0 0 3 7 5 1 0 0 0 7 
284 1 18.4343 25.1556 16.8181 6.63194e-04 -0.0014218 -0.00122413 0.0019899336 0.0 13 19.6277623085 2.1669611986 0 0 0 3 6 4 0 0 0 0 6 
931 2 21.6918 25.6881 10.016 2.14167e-04 -0.0027028 -0.00235314 0.0035900227 0.0 14 14.7046825972 2.0944224197 0 0 0 4 4 6 0 0 0 0 6 
182 1 19.5203 24.3201 12.2449 2.40282e-04 -0.00123661 0.00179057 0.0021893105 0.0 16 22.3410829639 2.264940509 0 0 0 3 6 7 0 0 0 0 6 
138 2 22.6979 24.7002 13.3692 -0.00191438 -0.00206213 0.00130305 0.0031008338 0.0 15 20.7495247207 2.2387095372 0 0 1 3 6 3 1 1 0 0 8 
641 1 20.2616 26.2251 14.7077 -7.3272e-05 0.00140416 -7.57114e-04 0.001596952 0.0 14 21.6800254017 2.2467595042 0 0 0 4 4 6 0 0 0 0 6 
525 1 19.7183 23.488 9.65223 3.02863e-04 -0.0013581 -0.00215562 0.0025657083 0.0 14 20.2618212312 2.2006838818 0 0 0 1 10 3 0 0 0 0 6 
286 2 24.951 23.0425 10.142 0.00124278 1.3961e-04 2.05061e-04 0.0012672976 0.0 16 19.8388805868 2.2598401386 0 0 0 2 8 6 0 0 0 0 6 
98 2 24.206 25.6219 10.3881 -0.00199291 0.00232071 1.20412e-04 0.0030613533 0.0 13 12.7042172133 1.9563276123 0 0 1 2 5 5 0 0 0 0 6 
25 1 24.6003 22.156 12.9583 1.63554e-04 5.24539e-04 -0.00436074 0.0043952184 0.0 14 22.0134226997 2.3486240143 0 0 0 3 6 5 0 0 0 0 6 
955 2 21.4348 17.1379 14.3304 -6.8459e-04 -0.00267249 -3.1722e-04 0.0027769578 0.0 15 18.4350996212 2.3013548914 0 0 1 3 4 6 1 0 0 0 7 
300 1 26.4594 1.98883 24.9026 -4.81803e-04 0.00123589 0.00400512 0.0042190691 0.0 15 22.3733272116 2.2378300123 0 0 0 1 10 4 0 0 0 0 6 
605 2 4.14751 4.55059 25.5697 -0.00198112 0.00255524 8.61212e-04 0.0033460087 0.0 13 17.7017532687 2.3707913501 0 0 0 3 6 4 0 0 0 0 6 
153 1 26.4527 7.09921 25.9182 -2.0846e-04 -0.00220048 0.00230504 0.0031935524 0.0 15 21.4446021852 2.2804054686 0 0 1 2 7 3 2 0 0 0 7 
46 2 8.77892 7.97583 20.9888 -0.00103847 0.00132077 -9.31509e-04 0.0019210836 0.0 12 15.3323136906 2.1983687691 0 0 0 3 6 3 0 0 0 0 6 
461 1 1.22161 4.55383 24.5441 0.0010407 0.00262366 -0.00161271 0.0032507663 0.0 13 22.0848635147 2.3571617943 0 0 1 1 8 2 1 0 0 0 7 
571 1 0.41214 0.906442 22.2184 -0.00108238 0.00141982 3.18208e-04 0.001813475 0.0 13 21.4028175352 2.2159107153 0 0 0 2 8 3 0 0 0 0 6 
441 1 0.948637 0.74341 19.2302 0.00100306 0.00184169 0.00316963 0.0038005928 0.0 14 22.6053249747 2.3552794535 0 0 0 3 6 5 0 0 0 0 6 
944 1 3.41613 6.85577 18.1428 9.21465e-04 0.00251431 3.08124e-04 0.0026955135 0.0 14 20.2197347674 2.2001476176 0 0 0 4 4 6 0 0 0 0 6 
831 1 7.74717 3.88129 18.7756 0.00204129 0.00109801 0.00116679 0.0025949739 0.0 17 23.236316083 2.3236297653 0 0 1 4 4 6 1 1 0 0 8 
575 1 6.33601 0.687277 18.0704 0.00400295 0.00292562 -0.00355386 0.006100228 0.0 17 23.929556823 2.3236297653 0 0 1 1 9 4 2 0 0 0 7 
542 1 0.199437 6.33023 22.2233 -0.00165458 3.58274e-04 0.00211094 0.0027059311 0.0 16 21.7550404274 2.3419938305 0 0 1 2 8 2 3 0 0 0 7 
906 2 7.66306 6.51756 22.9149 -7.2718e-04 0.00134854 -9.61684e-04 0.0018089187 0.0 13 13.1322301607 2.1401756447 0 0 0 4 4 5 0 0 0 0 6 
232 1 2.7933 2.51778 17.7733 -0.00469665 -0.00347313 -0.00359942 0.0068612665 0.0 15 23.7371381351 2.3628039005 0 0 0 2 8 5 0 0 0 0 6 
291 2 6.79161 7.01407 20.5756 6.20271e-04 2.99416e-04 0.00231794 0.002418105 0.0 15 15.2996840291 2.1267178306 0 0 1 3 5 4 2 0 0 0 7 
224 2 9.18352 5.89411 24.5982 0.00103137 0.0057248 0.00289176 0.0064961015 0.0 13 14.4272474174 2.2644904409 0 0 0 6 2 3 2 0 0 0 7 
279 2 4.1525 8.08013 21.271 -0.00164883 0.00359915 0.00110373 0.0041098347 0.0 15 21.3912444754 2.3419938305 0 0 0 5 3 6 1 0 0 0 7 
388 1 1.73278 5.57276 19.9281 -0.00148315 3.83569e-04 -0.0038316 0.0041265019 0.0 13 21.5271025041 2.3266819791 0 0 0 5 3 4 1 0 0 0 7 
112 1 2.80988 1.3559 23.8282 6.92014e-04 -0.00248156 0.00505232 0.0056712398 0.0 15 22.394182754 2.166203926 0 0 0 2 8 5 0 0 0 0 6 
197 2 5.02108 3.45048 23.1779 6.11634e-04 0.001644 1.26915e-04 0.0017586755 0.0 14 16.8091017242 2.3515479277 0 0 1 1 8 3 1 0 0 0 7 
426 1 2.44007 7.223 24.2501 -0.00358005 8.20122e-04 -0.00240743 0.0043914778 0.0 16 23.6244322554 2.3707913501 0 0 0 4 7 2 3 0 0 0 7 
585 1 2.08628 3.7516 21.9647 6.54228e-05 0.00227399 -0.00330886 0.0040154533 0.0 17 23.5221110021 2.3707913501 0 0 0 4 7 3 3 0 0 0 7 
64 1 3.4745 1.13796 20.945 -0.00423125 2.41546e-05 0.00274082 0.0050414437 0.0 14 22.256450803 2.3085890636 0 0 0 0 12 2 0 0 0 0 6 
144 2 6.22265 2.26314 21.4906 0.00104832 -0.00246988 -0.00145551 0.0030525058 0.0 11 16.5284989332 2.2767252353 0 0 0 2 8 1 0 0 0 0 6 
228 2 4.52746 5.80207 21.0751 -0.00191913 -0.0030864 -0.00137737 0.0038866532 0.0 12 16.2723674067 2.3419938305 0 0 1 4 2 4 1 0 0 0 7 
921 2 6.32893 5.06206 24.8614 5.67406e-04 0.00141231 0.00281548 0.0032005463 0.0 12 13.2811076739 2.1341532194 0 0 0 3 6 3 0 0 0 0 6 
971 2 8.02628 0.514246 20.8695 -0.00237238 0.00162121 7.0478e-04 0.0029585847 0.0 16 19.5669606745 2.254725462 0 0 2 3 4 4 2 1 0 0 8 
942 2 8.32775 3.77942 25.6071 0.00246741 -0.00187648 -0.00240243 0.0039218566 0.0 16 15.4123709326 2.2823258079 0 0 0 4 6 4 2 0 0 0 7 
422 2 7.05611 2.61725 24.0435 -5.08905e-04 0.00215523 0.00245919 0.0033093226 0.0 16 12.6309091882 2.1401756447 0 0 2 3 3 5 3 0 0 0 7 
900 2 5.81545 0.690596 23.1821 -0.00524741 -2.10216e-04 -2.98989e-04 0.0052601233 0.0 14 15.7134123232 2.1093952938 0 0 1 0 10 2 1 0 0 0 7 
433 2 4.38818 4.06479 19.6316 -0.00272766 -1.1318e-04 -2.89445e-04 0.0027453082 0.0 15 22.7684251588 2.3236297653 0 0 1 1 8 4 1 0 0 0 7 
68 1 1.47987 9.44495 20.647 0.00200101 0.00236992 4.74464e-04 0.0031377823 0.0 16 24.2976862653 2.2947637197 0 0 1 5 3 4 2 1 0 0 8 
83 2 9.19508 2.08905 23.6656 0.00161995 0.004488 -0.00449768 0.006557096 0.0 14 12.3857221185 1.999156577 0 0 1 1 8 3 1 0 0 0 7 
765 2 5.26077 6.44706 23.1821 1.324e-04 -0.00207524 -0.00185241 0.0027848831 0.0 15 16.6189254168 2.3707913501 0 0 1 3 5 4 2 0 0 0 7 
61 2 6.77222 4.79406 21.571 7.5718e-04 1.27474e-04 -5.42472e-06 7.6785454395e-04 0.0 14 15.1080383493 2.134712399 0 0 1 3 4 5 1 0 0 0 7 
835 2 7.66377 0.62427 25.1413 0.00221641 3.1808e-04 0.00466379 0.00517345 0.0 15 12.2906385821 1.9208782013 0 0 1 3 6 2 3 0 0 0 7 
423 2 8.98057 7.11416 18.6377 -8.64085e-04 -0.00256995 0.00220365 0.0034939031 0.0 14 18.2892902643 2.1390640319 0 0 0 5 2 7 0 0 0 0 6 
988 2 6.08401 4.65746 0.422798 2.26172e-04 -0.00186477 -0.00127655 0.0022711453 0.0 12 17.0863890461 2.2106625357 0 0 0 5 3 3 1 0 0 0 7 
445 2 10.6738 3.74961 25.0831 -0.00292737 0.00192216 0.00405489 0.0053578286 0.0 14 17.1218150986 2.2717312669 0 0 1 4 3 4 2 0 0 0 7 
386 2 8.47087 2.90282 21.5833 1.98691e-04 0.00183881 0.00215233 0.0028378204 0.0 12 14.883281467 2.1432109079 0 0 1 4 3 2 2 0 0 0 7 
851 1 9.2034 1.20153 17.7401 -0.00184478 0.00192813 2.39445e-04 0.0026792224 0.0 14 20.0544106839 2.2535497696 0 0 2 0 8 2 2 0 0 0 7 
345 2 7.25237 7.05173 25.6717 8.55426e-04 -0.00181993 0.00520918 0.0055838567 0.0 13 16.1171247387 2.2720202391 0 0 0 3 6 4 0 0 0 0 6 
735 1 11.7585 26.6427 18.6667 -8.72191e-04 -0.00119783 0.00318384 0.0035117447 0.0 15 20.9184193773 2.2874716735 0 0 3 1 4 5 1 1 0 0 8 
194 1 16.1341 8.80745 23.1584 0.00198102 8.10985e-04 -4.38881e-04 0.0021851209 0.0 14 21.0562563723 2.2420966314 0 0 0 3 6 5 0 0 0 0 6 
262 1 13.6012 8.76842 24.5325 -0.00303582 0.00158508 -7.22445e-04 0.0035000869 0.0 12 20.1038125706 2.2173888254 0 0 1 1 7 3 0 0 0 0 6 
873 1 12.4914 4.64214 21.259 0.00276321 -0.00292103 -0.00338013 0.0052529063 0.0 14 19.2457889707 2.1571939552 0 0 0 4 6 2 2 0 0 0 7 
969 2 16.1972 3.6868 18.7884 0.00117591 0.00273385 -0.00407353 0.0050448337 0.0 14 15.0798190484 2.1332679232 0 0 1 4 3 4 2 0 0 0 7 
789 1 14.7582 1.213 23.3704 -2.83717e-04 -0.00151651 -3.1361e-04 0.0015743726 0.0 15 22.592553832 2.2431273116 0 0 0 3 6 6 0 0 0 0 6 
777 2 9.60754 1.46903 25.9789 -3.86364e-04 -0.00126865 7.5146e-04 0.0015242841 0.0 13 13.8080282817 2.2574427863 0 0 1 0 9 3 0 0 0 0 6 
820 2 10.9748 6.18404 19.1335 -1.97452e-04 -0.0016873 -0.00182258 0.002491539 0.0 13 15.9372647702 2.0263987818 0 0 0 3 6 4 0 0 0 0 6 
622 1 16.9461 1.26423 21.5406 -0.00154785 -0.00295398 0.00160927 0.0037029161 0.0 15 21.4371099557 2.2391098884 0 0 0 5 3 6 1 0 0 0 7 
82 1 10.5815 3.22109 19.3922 -3.46065e-04 -4.74242e-06 -6.72985e-04 7.5676435236e-04 0.0 16 20.1784335226 2.1399102982 0 0 1 3 6 3 3 0 0 0 7 
803 1 12.2305 6.27981 25.2822 -0.0015243 -7.19466e-04 -0.00270809 0.0031898077 0.0 14 19.7220631277 2.254149846 0 0 0 3 7 3 1 0 0 0 7 
169 1 14.7552 2.42337 26.128 5.9694e-04 -1.35636e-04 -8.42462e-04 0.0010413821 0.0 14 20.5232827998 2.3344362276 0 0 1 3 4 5 1 0 0 0 7 
739 1 15.5816 6.66497 24.9865 0.00214934 0.00296616 0.00359629 0.0051333293 0.0 15 19.284857904 2.1682474906 0 0 1 4 4 4 1 1 0 0 8 
156 1 11.6055 7.2844 22.3748 0.00124289 0.00294375 -2.08201e-04 0.0032021535 0.0 16 22.7560964434 2.254149846 0 0 0 3 7 5 1 0 0 0 7 
450 2 11.4889 2.38549 22.6652 0.00254405 0.00199901 0.00111372 0.0034217837 0.0 14 15.6867605496 2.1904828981 0 0 2 4 2 2 4 0 0 0 7 
434 2 15.2672 5.70406 19.3473 -2.59631e-05 -4.02311e-04 0.00268116 0.0027112999 0.0 12 14.3618019236 2.0475313035 0 0 1 3 4 3 1 0 0 0 7 
186 1 14.431 6.40597 22.3403 -0.00190978 2.37146e-05 4.43962e-06 0.0019099324 0.0 14 19.8336085415 2.1369381499 0 0 0 2 8 4 0 0 0 0 6 
481 1 16.4468 0.708687 18.4106 -0.00338371 0.00149058 -0.00160557 0.0040310268 0.0 17 24.3023211021 2.3042913852 0 0 3 2 2 7 3 0 0 0 7 
922 1 18.2584 3.79511 21.8453 -6.12711e-04 0.00353049 3.37764e-05 0.0035834223 0.0 13 20.7101323309 2.1555123686 0 0 1 1 8 2 1 0 0 0 7 
602 2 10.0156 4.39431 22.9658 7.11616e-04 0.00254566 -0.00119333 0.0029001411 0.0 15 15.4740120191 2.1401756447 0 0 0 5 4 4 2 0 0 0 7 
927 1 16.2544 3.90342 23.8576 0.00234052 -0.00135963 -0.00135821 0.0030284257 0.0 14 20.2587995982 2.1527020019 0 0 0 4 4 6 0 0 0 0 6 
794 1 17.3255 2.07651 25.6858 -5.67486e-04 5.50467e-04 0.00215943 0.002299607 0.0 14 21.0523996875 2.3268470815 0 0 0 3 6 5 0 0 0 0 6 
36 2 9.06785 8.16296 23.8209 0.00429874 -7.42046e-04 -5.45737e-04 0.0043963197 0.0 14 15.4365029202 2.254149846 0 0 0 4 4 6 0 0 0 0 6 
552 2 9.41616 5.71232 20.9346 0.00206841 0.00325986 -6.45137e-04 0.0039142316 0.0 14 16.0719717372 2.0364586055 0 0 0 5 3 5 1 0 0 0 7 
889 1 13.5612 4.33019 23.9278 0.00240049 0.00139478 -0.00121815 0.0030317739 0.0 17 20.7443680226 2.2227854725 0 0 2 3 3 6 3 0 0 0 7 
70 2 13.3294 7.17815 19.0057 -0.00130628 0.00257153 0.00136939 0.0031928612 0.0 13 15.8493051732 2.1688551569 0 0 0 1 10 2 0 0 0 0 6 
69 2 15.0601 3.44788 20.7955 -0.00239255 -0.00160692 0.00196216 0.0034866258 0.0 16 18.8868938298 2.236665456 0 0 3 2 3 4 4 0 0 0 7 
168 1 17.0943 6.13349 22.1614 0.00298757 6.07911e-04 1.41048e-04 0.0030520526 0.0 15 20.1765526439 2.1369381499 0 0 0 4 4 7 0 0 0 0 6 
377 2 15.826 7.92563 19.2456 0.00264465 0.0037491 -0.00348196 0.0057596849 0.0 16 16.8522254818 2.280260107 0 0 1 4 3 6 2 0 0 0 7 
2 2 12.9851 1.61169 20.6364 -0.00189709 -0.00293597 -0.00213233 0.0040945942 0.0 16 19.1830840819 2.3042913852 0 0 4 3 2 3 1 2 1 0 9 
407 2 10.2759 0.921491 21.3612 -0.00168139 -0.0028713 0.00628054 0.0071075044 0.0 14 17.9944641006 2.254725462 0 0 3 3 1 4 2 1 0 0 8 
646 2 14.0393 2.63137 18.7976 -0.00375567 0.00212893 0.00370304 0.0056876977 0.0 14 16.2902292321 2.2999441158 0 0 3 3 3 1 3 0 1 0 9 
378 2 11.9523 1.28753 24.6845 -0.00175628 -1.00296e-04 8.15166e-04 0.0019388332 0.0 15 18.9121476967 2.2092184557 0 0 1 4 3 5 2 0 0 0 7 
287 1 19.4453 1.80341 19.776 0.00236336 0.00227861 -0.00181347 0.0037504943 0.0 15 21.7797799795 2.1970498874 0 0 1 2 7 3 2 0 0 0 7 
599 1 23.8777 3.75893 19.6037 -0.00203991 -0.00438863 -0.00156337 0.0050858069 0.0 15 20.6682614737 2.3194954231 0 0 1 3 5 4 2 0 0 0 7 
34 1 21.8416 3.74136 23.4056 -3.11049e-04 0.00304099 0.00234321 0.0038516237 0.0 16 23.0901929721 2.3194954231 0 0 1 2 6 6 1 0 0 0 7 
18 1 22.0275 1.66511 21.3832 0.00339155 -0.00274486 0.00102295 0.0044814389 0.0 12 20.0042006243 2.2470202755 0 0 0 2 8 2 0 0 0 0 6 
12 1 24.5448 0.991217 20.229 0.00339199 -6.0164e-06 -0.00258868 0.004266954 0.0 13 20.5048625686 2.1503963718 0 0 0 3 6 4 0 0 0 0 6 
997 1 19.3061 1.8933 23.4846 -8.95005e-04 -0.00122803 0.00253323 0.0029540389 0.0 14 20.9337696485 2.1911098944 0 0 0 3 6 5 0 0 0 0 6 
484 2 23.8479 8.68212 18.4004 -8.10556e-04 0.00496677 -0.00311769 0.005919949 0.0 17 19.1133282405 2.2472740698 0 0 0 3 6 8 0 0 0 0 6 
480 1 21.8471 8.59132 23.509 -0.00289943 -0.00107948 -0.00216371 0.0037753957 0.0 15 21.769323966 2.3039909017 0 0 1 4 2 7 1 0 0 0 7 
259 1 20.7044 1.9651 26.1011 0.00276012 0.00149494 0.00366523 0.0048256625 0.0 14 21.7487054662 2.1486233542 0 0 1 1 8 3 1 0 0 0 7 
903 1 25.0578 4.52012 23.9794 -0.00355348 0.00411827 -2.61533e-04 0.0054457109 0.0 13 21.3965593934 2.2883244324 0 0 1 0 9 3 0 0 0 0 6 
347 2 21.1851 6.6899 19.1416 -0.00509534 -0.0027569 8.20928e-04 0.0058512315 0.0 13 16.9582712347 2.2017255636 0 0 1 4 3 3 2 0 0 0 7 
4 1 20.9634 4.12718 20.4041 1.44507e-04 0.00280677 0.00211454 0.0035171181 0.0 15 21.2418496428 2.1592116444 0 0 3 3 2 2 5 0 0 0 7 
244 1 26.3557 4.42261 26.7383 0.00340529 0.00241979 0.00386324 0.0056899918 0.0 12 21.4739370785 2.348226292 0 0 1 2 5 4 0 0 0 0 6 
325 1 20.092 6.27474 22.5919 0.00193187 -6.55293e-04 -0.00260068 0.0033053089 0.0 14 21.3435000272 2.1611248855 0 0 0 2 8 4 0 0 0 0 6 
134 1 18.3394 6.93451 24.663 0.00266626 -2.69486e-04 2.72628e-04 0.0026936761 0.0 14 19.5608566931 2.0969415216 0 0 1 4 3 4 2 0 0 0 7 
393 1 22.3388 1.63589 18.297 -0.00107747 0.00358454 6.91647e-04 0.0038063426 0.0 14 21.6755599686 2.1573405366 0 0 0 3 6 5 0 0 0 0 6 
246 1 19.0327 9.09616 22.7605 0.0019892 0.00203952 -0.00206768 0.0035202072 0.0 15 21.3788671554 2.2682478825 0 0 1 2 6 5 1 0 0 0 7 
907 1 25.6522 6.09598 19.786 0.00312495 -0.00576769 -7.73489e-04 0.0066052892 0.0 13 20.4118950812 2.2144278524 0 0 1 2 6 3 1 0 0 0 7 
179 2 17.7099 8.03502 17.6672 0.00244387 -0.00336329 -0.0029591 0.0051029886 0.0 15 15.9553926467 2.0889271579 0 0 0 4 6 3 2 0 0 0 7 
172 1 21.8515 26.8094 23.7615 -9.31606e-04 0.00495915 -6.21175e-05 0.0050462775 0.0 13 21.0660236254 2.1538831484 0 0 0 1 10 2 0 0 0 0 6 
307 1 24.4268 7.12492 23.8293 1.36158e-04 -0.00101083 5.7303e-04 0.0011699058 0.0 15 20.9329692967 2.2804054686 0 0 2 3 2 6 2 0 0 0 7 
463 1 21.6073 6.25238 25.1219 -0.0016173 -0.00360816 -0.00364698 0.0053791208 0.0 15 21.580054488 2.2604114471 0 0 1 3 5 4 2 0 0 0 7 
96 2 18.9846 7.5069 19.9937 9.35016e-04 7.63348e-04 0.00230733 0.0026039829 0.0 13 16.9072247362 2.1501577779 0 0 1 2 6 3 1 0 0 0 7 
328 1 23.8432 1.60839 25.6307 -1.16053e-04 -0.00250334 8.19517e-04 0.0026366243 0.0 13 20.9253502423 2.1500154063 0 0 0 1 10 2 0 0 0 0 6 
508 1 25.9412 3.67104 21.3733 -0.00170524 0.002999 -0.00448905 0.0056615735 0.0 14 21.5949788027 2.3160147997 0 0 0 3 7 3 1 0 0 0 7 
993 1 23.1001 5.98712 21.5154 0.00217286 -0.002023 0.00174798 0.0034451827 0.0 17 24.2183738495 2.3194954231 0 0 0 4 6 5 2 0 0 0 7 
241 1 19.4135 4.28815 25.0554 0.00149021 0.00141543 -0.00130839 0.0024364015 0.0 15 20.571636741 2.1486233542 0 0 0 4 4 7 0 0 0 0 6 
977 2 21.1206 8.96769 20.1118 -3.65468e-04 -0.00154478 -0.00303169 0.0034221421 0.0 13 18.9856579721 2.3039909017 0 0 0 1 10 2 0 0 0 0 6 
651 1 0.0801449 3.59984 18.2778 -0.00233855 0.00198293 8.46602e-04 0.0031808116 0.0 14 22.6624278175 2.346635239 0 0 0 3 6 5 0 0 0 0 6 
240 1 24.28 1.85268 23.048 -0.00315552 -4.82046e-04 -0.0018917 0.003710553 0.0 13 18.9676902921 2.3194954231 0 0 0 3 6 4 0 0 0 0 6 
619 1 23.2329 8.61021 26.0683 0.00319568 -0.00209956 6.80315e-04 0.0038837291 0.0 13 19.4074942104 2.2497980725 0 0 2 1 5 4 1 0 0 0 7 
205 2 17.825 5.5086 19.2079 4.57058e-04 4.4326e-04 -0.00240905 0.0024917671 0.0 16 16.8939896847 2.1555123686 0 0 1 5 3 3 4 0 0 0 7 
85 1 23.123 4.25327 26.4263 -3.56578e-04 0.00176957 -0.00121471 0.0021757863 0.0 17 23.2378886991 2.4203898926 0 0 1 5 4 4 2 0 1 0 9 
934 1 6.99417 15.3915 24.1256 3.15947e-04 0.00372123 4.25169e-04 0.0037587423 0.0 14 20.4919642042 2.3209874589 0 0 1 1 8 3 1 0 0 0 7 
97 1 6.12968 12.5869 25.8573 -1.75379e-05 4.7098e-04 -0.00347721 0.0035090054 0.0 13 22.2880954338 2.2713802372 0 0 0 3 6 4 0 0 0 0 6 
759 1 5.79315 12.2492 18.2682 0.00278603 -8.62717e-04 -0.00766585 0.0082019205 0.0 13 21.5608511987 2.2093595316 0 0 0 3 6 4 0 0 0 0 6 
506 1 4.24048 16.4292 24.2917 -0.00151622 -0.00349532 -0.00131401 0.0040302366 0.0 16 23.3235534335 2.2515893457 0 0 0 4 4 8 0 0 0 0 6 
608 1 9.00894 16.9507 22.9935 -1.00244e-04 -0.00117663 -0.00247318 0.0027406434 0.0 11 19.3460828625 2.3079400149 0 0 0 2 8 1 0 0 0 0 6 
402 1 1.96724 12.364 21.9032 4.99e-04 0.00423796 5.70973e-05 0.0042581197 0.0 14 20.9672907961 2.144203993 0 0 1 3 3 7 0 0 0 0 6 
1000 2 6.33933 8.69838 23.9543 -7.35301e-04 -0.0045399 -0.00168027 0.0048963932 0.0 14 17.2522233471 2.2169094361 0 0 0 5 3 5 1 0 0 0 7 
810 1 3.14404 13.0299 24.6544 -0.00186627 0.00133008 0.00549662 0.0059552421 0.0 15 21.9250325277 2.3109113778 0 0 1 3 5 4 2 0 0 0 7 
814 1 6.11135 15.1098 19.3435 -0.00290451 0.00453881 -0.00161354 0.0056249876 0.0 13 21.7680050169 2.2076333887 0 0 0 1 10 2 0 0 0 0 6 
472 1 1.11401 15.7993 24.7081 0.00210387 -0.00650226 -7.20309e-05 0.0068345331 0.0 13 20.3471691088 2.2071331801 0 0 0 3 6 4 0 0 0 0 6 
870 1 8.25101 14.6546 26.6441 0.00554112 -9.15277e-04 0.00158468 0.0058354909 0.0 14 19.4333553715 2.3201279185 0 0 1 3 5 3 2 0 0 0 7 
604 1 3.5642 17.0655 20.3415 -0.00101142 0.00106019 -6.13629e-04 0.0015885571 0.0 15 23.1325786387 2.224609662 0 0 0 3 7 4 1 0 0 0 7 
632 1 7.28878 12.2122 20.8903 0.00270869 -0.00268513 0.0017973 0.0042163031 0.0 14 23.4708967121 2.2553840191 0 0 0 2 8 4 0 0 0 0 6 
767 1 3.77706 11.1978 20.1079 0.00172875 1.51999e-04 -5.09247e-04 0.0018085941 0.0 14 22.6839700954 2.2270500736 0 0 0 4 4 6 0 0 0 0 6 
932 1 5.59659 9.14945 18.5113 0.00114007 -0.00302633 0.00466844 0.0056791518 0.0 15 21.6214817791 2.2011070047 0 0 0 3 7 4 1 0 0 0 7 
45 1 2.72629 10.0154 23.4454 0.00139887 0.00581723 -0.00445634 0.0074602928 0.0 14 21.7334325871 2.2169094361 0 0 1 4 2 6 1 0 0 0 7 
417 1 5.16195 14.1151 22.4715 -9.4933e-04 -0.003389 1.99316e-04 0.0035250922 0.0 16 22.9272243893 2.2713802372 0 0 0 3 6 7 0 0 0 0 6 
237 1 8.20478 14.7331 21.4603 0.00154735 0.00155821 -6.10135e-04 0.0022791611 0.0 12 20.4765660169 2.2329990002 0 0 0 2 8 2 0 0 0 0 6 
424 1 8.63836 12.639 24.4248 0.00208363 -0.00384771 0.00431017 0.0061419827 0.0 17 24.6496828236 2.3196671972 0 0 0 3 6 8 0 0 0 0 6 
957 2 8.2948 10.1172 22.7855 -0.00190117 0.00146331 -0.00546981 0.0059728172 0.0 13 18.8808220623 2.2853401322 0 0 0 3 6 4 0 0 0 0 6 
849 1 5.21833 11.4129 23.2865 0.0010625 -0.0015583 -0.00318977 0.0037056494 0.0 14 22.1704322908 2.2373303139 0 0 0 2 8 4 0 0 0 0 6 
631 1 3.39695 13.9505 19.8579 0.00372219 6.45777e-04 -6.16067e-04 0.0038276971 0.0 14 21.2762589288 2.2270500736 0 0 1 3 4 5 1 0 0 0 7 
280 1 8.53717 9.99916 18.9667 -0.00105813 -0.00380937 0.00167244 0.004292784 0.0 15 22.0020566299 2.2570013423 0 0 0 3 7 4 1 0 0 0 7 
297 2 6.43698 9.15241 21.4688 4.05203e-04 0.00101903 -0.00358784 0.0037516939 0.0 13 17.1977620871 2.2011070047 0 0 0 3 6 4 0 0 0 0 6 
335 1 2.28307 15.2777 22.2614 -0.0020043 -0.00117218 0.00341036 0.004125746 0.0 15 20.8665331569 2.1661108291 0 0 1 3 4 6 1 0 0 0 7 
468 1 26.0883 11.0256 22.0658 0.00196303 -0.00202823 -6.11727e-06 0.0028226302 0.0 15 21.8118658559 2.1849448337 0 0 0 4 4 7 0 0 0 0 6 
769 1 0.466392 11.3409 25.2447 0.00138859 0.00143777 7.99744e-04 0.0021528946 0.0 14 21.5404823289 2.3109113778 0 0 1 3 4 5 1 0 0 0 7 
645 1 8.79801 13.8942 18.281 -0.00207209 -0.00176145 -2.24113e-04 0.0027288257 0.0 15 22.3255381511 2.283874193 0 0 1 1 8 4 1 0 0 0 7 
595 1 9.23945 16.7928 19.6672 -0.00326859 -0.00148167 -0.00230951 0.0042676531 0.0 16 22.0417264565 2.2944587429 0 0 0 3 6 7 0 0 0 0 6 
606 2 0.712032 12.1604 18.9237 -0.00146463 0.00234576 0.00277596 0.0039183778 0.0 14 18.2810147341 2.1813344154 0 0 2 2 4 4 2 0 0 0 7 
200 1 4.28923 10.2355 25.8796 -8.69452e-04 -0.00180569 0.00123995 0.0023566797 0.0 15 21.2261088376 2.3109113778 0 0 1 3 4 6 1 0 0 0 7 
227 2 0.666554 15.6758 19.6565 0.00150071 -0.00351592 0.00105349 0.0039653077 0.0 14 15.5285847212 2.1683761596 0 0 3 2 3 4 1 0 1 0 9 
648 1 6.24474 16.8723 21.6533 3.15087e-04 0.00281521 -4.33052e-04 0.0028656973 0.0 13 19.9084120147 2.2050783389 0 0 1 0 9 3 0 0 0 0 6 
806 1 26.8515 8.81822 23.7232 0.00390046 4.62251e-04 -4.07137e-04 0.0039488004 0.0 12 20.0058252907 2.2196181186 0 0 0 0 12 0 0 0 0 0 5 
385 2 14.4879 16.6221 26.5639 -0.00255328 -7.52367e-04 0.00641786 0.0069479653 0.0 16 18.6401851978 2.3404101817 0 0 0 2 9 4 1 0 0 0 7 
33 1 11.0817 14.7683 25.9391 -0.00792327 8.70306e-04 0.00199887 0.0082177321 0.0 15 20.9328210817 2.3209874589 0 0 1 3 6 2 3 0 0 0 7 
720 2 8.05737 9.70589 25.3074 0.00218955 1.36575e-04 -2.95138e-04 0.0022135691 0.0 14 18.9789276086 2.2136337448 0 0 0 3 7 3 1 0 0 0 7 
469 1 13.3265 13.1491 26.6607 -0.00158665 1.73467e-04 -8.68966e-04 0.0018173197 0.0 13 21.4227216649 2.2488749751 0 0 0 3 6 4 0 0 0 0 6 
956 1 10.0943 12.458 21.5908 5.88184e-04 0.00136953 0.00182869 0.0023591693 0.0 14 22.5552271924 2.2570013423 0 0 0 1 10 3 0 0 0 0 6 
66 1 11.0338 14.8098 23.1066 -0.00210568 0.00513311 -0.00190139 0.00586498 0.0 16 21.7669063804 2.3209874589 0 0 1 2 6 6 1 0 0 0 7 
381 2 17.3298 12.6159 18.1848 -6.63871e-04 0.00256805 -0.00393398 0.0047446606 0.0 16 16.9812431371 2.2206562052 0 0 1 3 5 5 2 0 0 0 7 
185 1 11.1175 14.19 19.7401 6.17371e-04 0.00301265 -6.86959e-04 0.0031510506 0.0 13 21.1538306743 2.2899336959 0 0 0 4 4 5 0 0 0 0 6 
877 1 13.3353 11.5982 19.4637 0.00163439 0.00235169 0.00381562 0.0047708105 0.0 16 23.120551461 2.280260107 0 0 2 3 3 5 3 0 0 0 7 
268 1 10.8116 11.5207 18.0681 5.17826e-04 0.00178357 -0.00374688 0.0041819105 0.0 16 22.6022909871 2.294120298 0 0 2 3 5 3 2 0 1 0 9 
218 1 11.7728 12.5899 24.4565 5.8856e-05 1.95009e-05 0.00217561 0.0021764933 0.0 12 19.2880545195 2.2513116492 0 0 1 2 5 4 0 0 0 0 6 
263 1 13.5087 16.8497 21.5064 -9.50921e-04 -4.50863e-04 0.00401547 0.0041510875 0.0 16 23.5340305959 2.4196688723 0 0 1 3 5 5 2 0 0 0 7 
380 1 13.8636 14.1552 18.2859 -0.0012696 1.33896e-06 -0.00294078 0.0032031349 0.0 16 22.9798042736 2.294120298 0 0 1 2 5 8 0 0 0 0 6 
245 1 16.8032 18.0079 20.392 7.2659e-04 0.0031197 6.57689e-05 0.0032038706 0.0 16 24.0850400619 2.4196688723 0 0 1 5 2 6 1 1 0 0 8 
499 2 15.1442 17.8549 24.3394 -8.96534e-04 -0.00111439 9.60816e-04 0.0017230222 0.0 14 20.2939909648 2.4196688723 0 0 0 2 9 2 1 0 0 0 7 
796 1 15.7746 15.3012 20.121 -0.00193852 4.52776e-04 0.00369196 0.0041944528 0.0 14 22.2114687078 2.359045118 0 0 0 4 4 6 0 0 0 0 6 
311 1 13.6059 15.0169 24.2416 -0.00191 -0.00211354 0.00417276 0.0050524328 0.0 13 21.4651087739 2.3168077116 0 0 0 1 10 2 0 0 0 0 6 
840 1 16.2497 14.5734 23.0466 2.36476e-04 0.0014606 -3.03848e-04 0.0015104956 0.0 14 22.1991975202 2.4195059175 0 0 1 1 8 3 1 0 0 0 7 
302 1 11.1564 9.34959 19.9457 0.00535267 -0.00251946 -8.38364e-04 0.0059750823 0.0 14 21.4499124743 2.2221054781 0 0 0 2 8 4 0 0 0 0 6 
478 1 15.9926 12.6831 25.8506 -0.00199665 5.83442e-04 -0.00151055 0.0025707542 0.0 14 23.3493024938 2.3404101817 0 0 0 2 8 4 0 0 0 0 6 
455 1 13.4337 13.9409 21.2835 -0.00169031 -0.00152822 -0.0019911 0.0030260673 0.0 14 21.9039304148 2.2077697228 0 0 0 2 8 4 0 0 0 0 6 
29 1 13.9308 9.13695 21.2993 -0.00100989 -0.00163384 -8.23471e-05 0.0019225223 0.0 14 21.471547584 2.280260107 0 0 0 3 8 1 2 0 0 0 7 
500 1 14.5212 11.6101 23.57 -0.00458289 -0.00417865 0.00310843 0.0069373146 0.0 15 22.6218815464 2.2368588953 0 0 0 3 7 4 1 0 0 0 7 
530 1 11.8422 10.5261 22.5858 0.00284703 0.00123579 8.25461e-04 0.0032115639 0.0 14 22.3664155679 2.2853401322 0 0 0 5 3 5 1 0 0 0 7 
939 1 12.3056 16.621 18.9456 -8.36671e-04 -3.10671e-04 -0.00264876 0.0027950786 0.0 14 20.9458495042 2.2944587429 0 0 0 2 8 4 0 0 0 0 6 
925 1 15.7048 11.9737 21.095 0.00226147 -0.00187144 -0.00245551 0.0038270176 0.0 15 21.3111798194 2.2206562052 0 0 0 3 6 6 0 0 0 0 6 
545 2 17.3785 18.7666 24.1835 -0.00114647 -7.55775e-04 -6.76889e-04 0.001530937 0.0 14 20.8085766584 2.2290562057 0 0 0 3 6 5 0 0 0 0 6 
626 1 15.0774 17.3879 17.7616 -0.0011743 -0.00601795 -1.24945e-05 0.0061314647 0.0 14 21.5439749131 2.2071974744 0 0 0 3 6 5 0 0 0 0 6 
253 1 11.4499 10.0473 25.5814 -2.56886e-04 -0.00353167 -0.00133324 0.0037836771 0.0 17 22.4742099457 2.2853401322 0 0 0 4 5 7 1 0 0 0 7 
103 2 17.1243 9.37598 20.3842 -0.00356375 -3.1302e-04 -0.00360209 0.0050767458 0.0 12 16.8546172237 2.1677740294 0 0 0 5 2 5 0 0 0 0 6 
133 1 17.5115 11.4777 23.549 8.7047e-04 6.15451e-04 0.00249965 0.0027174893 0.0 15 22.69387104 2.2682478825 0 0 1 4 2 7 1 0 0 0 7 
758 2 16.1847 10.5031 18.3953 -3.36322e-04 0.0036486 -0.0033409 0.0049585287 0.0 12 15.949116023 2.2791105145 0 0 0 2 8 2 0 0 0 0 6 
634 2 16.9945 16.7578 25.6376 -0.00103192 -0.00156351 -9.15796e-04 0.002085211 0.0 14 18.1383394373 2.3404101817 0 0 0 2 8 4 0 0 0 0 6 
408 1 0.135221 13.5653 23.8272 7.20311e-04 -3.81628e-04 0.00201062 0.0021695808 0.0 14 21.4237458621 2.2158787097 0 0 1 2 7 2 2 0 0 0 7 
736 2 18.6838 10.6575 19.3556 -0.00128065 -5.05269e-04 -0.0013553 0.0019318901 0.0 14 15.6829531564 2.1569098314 0 0 0 3 7 3 1 0 0 0 7 
35 2 26.1199 13.6212 20.0947 6.12237e-04 3.6894e-04 0.00103622 0.0012588498 0.0 17 15.980646791 2.144203993 0 0 3 4 2 4 2 1 1 0 9 
317 2 17.2461 14.8457 17.3557 -6.78893e-05 -1.53075e-04 -0.0035336 0.0035375655 0.0 15 16.5034269644 2.2071974744 0 0 2 2 5 3 3 0 0 0 7 
89 2 21.9225 10.6652 18.9255 6.88954e-04 -0.00138258 -0.00124358 0.0019830976 0.0 12 13.9100087409 2.0908098488 0 0 0 3 7 1 1 0 0 0 7 
184 2 21.9421 13.2709 19.9441 -1.56178e-04 -0.0025324 0.00117485 0.0027960175 0.0 14 16.0087143087 2.2530949156 0 0 0 3 7 3 1 0 0 0 7 
527 2 25.6541 10.6566 18.3643 -0.00273882 -0.00162273 0.00188718 0.0037007886 0.0 15 18.8176857069 2.2645007475 0 0 1 4 3 5 2 0 0 0 7 
894 2 20.2239 8.96708 17.8829 -9.15651e-04 1.12556e-04 0.00101404 0.0013708985 0.0 13 14.1012413296 2.0104680654 0 0 0 1 10 2 0 0 0 0 6 
149 2 25.2459 17.0961 19.4526 0.00252852 1.43269e-04 3.75831e-04 0.0025603102 0.0 15 12.6121823447 1.8715439615 0 0 2 1 5 6 1 0 0 0 7 
989 2 22.5645 18.1947 20.5492 8.48938e-04 -5.97822e-04 -6.09024e-04 0.001203743 0.0 13 17.4457339135 2.3130440463 0 0 0 3 6 4 0 0 0 0 6 
714 2 24.6662 17.9743 21.7166 -2.92297e-04 5.51701e-04 -0.00144028 0.0015697828 0.0 13 14.4512116617 2.24485511 0 0 0 3 6 4 0 0 0 0 6 
155 1 22.5632 17.2687 26.0995 0.0020643 0.00137299 4.19744e-04 0.0025144823 0.0 14 21.4127872923 2.2352501172 0 0 0 2 8 4 0 0 0 0 6 
538 2 20.2714 17.9311 19.1173 0.00111385 0.00360978 -1.51614e-04 0.0037807619 0.0 16 20.908735071 2.3479450011 0 0 0 5 3 7 1 0 0 0 7 
563 2 25.9204 15.7896 21.8979 7.36082e-04 -0.00231745 7.98748e-04 0.0025593729 0.0 15 18.091869146 2.1876311563 0 0 1 3 4 6 1 0 0 0 7 
164 1 17.9666 13.4647 21.0836 -0.0023708 0.00497552 9.63438e-05 0.0055123293 0.0 15 20.8587335171 2.182701701 0 0 1 3 5 4 2 0 0 0 7 
909 1 17.6341 9.51914 26.387 0.00243016 -0.00113422 -0.00121556 0.0029444386 0.0 15 22.4708546568 2.2420966314 0 0 0 4 5 5 1 0 0 0 7 
74 1 18.1751 16.3138 22.2575 -0.00121196 -0.00307104 -6.27144e-04 0.0033605719 0.0 14 20.6465256789 2.4196688723 0 0 1 2 8 1 1 1 0 0 8 
598 1 22.6412 11.5108 26.6548 7.42844e-04 -0.00143194 7.46095e-04 0.0017773371 0.0 16 21.282408024 2.1953279682 0 0 1 1 9 3 2 0 0 0 7 
256 2 18.7588 17.6053 0.991797 4.58052e-04 -8.90602e-04 -0.00168987 0.0019643432 0.0 13 15.6275559831 2.2148665562 0 0 1 2 5 5 0 0 0 0 6 
594 1 21.6977 11.9322 23.8012 -4.1439e-04 0.00221557 0.00174338 0.0028495339 0.0 17 23.2186396378 2.3361713838 0 0 1 4 4 5 3 0 0 0 7 
562 1 20.2342 9.07337 25.6937 0.00548891 -0.00351048 0.00488593 0.0081439496 0.0 13 20.7226763857 2.2436087084 0 0 1 2 5 5 0 0 0 0 6 
756 2 20.3322 11.9276 18.1413 0.00243226 5.77621e-04 9.70021e-04 0.0026815062 0.0 14 13.2206915588 2.182701701 0 0 1 3 5 3 2 0 0 0 7 
118 2 24.2368 14.5736 18.9479 -0.00167142 -1.11858e-05 -0.00357542 0.0039468213 0.0 15 12.7069749801 1.8800339881 0 0 3 1 4 5 1 1 0 0 8 
747 2 24.0931 13.6141 21.3807 8.97385e-04 -0.00142372 0.00198645 0.0026035096 0.0 13 18.5133993908 2.3361713838 0 0 0 3 6 4 0 0 0 0 6 
63 1 18.6162 14.4184 24.3797 5.80876e-04 -0.00263972 -0.00369724 0.0045798605 0.0 13 20.9189299125 2.2620830406 0 0 0 1 10 2 0 0 0 0 6 
644 2 23.4894 15.9263 20.7208 3.32129e-04 -0.0024643 0.00133175 0.0028207521 0.0 12 14.2847737156 2.1054752918 0 0 1 3 4 3 1 0 0 0 7 
493 1 20.0905 16.8537 24.4034 -0.0011064 -0.00630402 -0.00141463 0.006554843 0.0 14 21.188241882 2.2327196947 0 0 0 2 8 4 0 0 0 0 6 
363 1 19.6189 11.8276 26.0258 0.00106762 0.00151646 -0.00166482 0.0024922057 0.0 13 22.0089602532 2.2682478825 0 0 1 0 9 3 0 0 0 0 6 
113 2 19.9481 14.0817 18.0279 -0.00126994 -0.00332164 -8.25054e-04 0.0036505827 0.0 15 13.7428258999 2.1822940469 0 0 1 2 8 2 1 1 0 0 8 
581 1 22.8987 16.0277 23.7223 0.00370171 -0.00316813 -0.00170147 0.0051608822 0.0 16 21.560598422 2.3361713838 0 0 0 4 6 4 2 0 0 0 7 
379 1 23.3011 10.6496 21.832 0.00340604 -9.15018e-04 0.00252159 0.0043355256 0.0 15 21.6934485324 2.2832738136 0 0 1 2 6 5 1 0 0 0 7 
93 1 20.5887 15.1842 21.7575 -0.00424777 -0.0021402 0.00337371 0.00583146 0.0 17 23.6616637105 2.3361713838 0 0 0 4 6 5 2 0 0 0 7 
383 1 21.209 14.3617 25.3628 0.00100091 -0.00308039 -0.00317176 0.0045332863 0.0 13 21.5178470614 2.2416002194 0 0 0 3 6 4 0 0 0 0 6 
398 2 19.1259 15.897 19.4025 0.0034315 -9.95684e-04 0.00375014 0.0051797808 0.0 13 17.3235980524 2.1737582348 0 0 2 2 5 2 1 1 0 0 8 
628 1 23.9481 13.475 24.6179 -5.98419e-04 6.65838e-04 -0.00130472 0.001582321 0.0 14 21.5060079654 2.2909394669 0 0 1 4 3 4 2 0 0 0 7 
229 2 23.8668 12.2394 19.4189 6.96529e-04 0.00340714 0.00200835 0.0040158717 0.0 12 13.5690380326 2.1705496952 0 0 0 2 8 2 0 0 0 0 6 
62 1 19.8124 11.5988 21.7124 -0.00238741 0.00116982 -2.52706e-04 0.0026705928 0.0 15 22.3704226622 2.2620830406 0 0 0 6 3 3 3 0 0 0 7 
154 1 25.1353 8.43373 21.1659 0.00262777 -0.00321532 -0.00209538 0.0046512445 0.0 14 22.6024939157 2.3039909017 0 0 0 4 5 4 1 0 0 0 7 
77 1 24.3198 10.6219 24.5249 -0.00527523 -0.00114598 1.36638e-04 0.0053999992 0.0 14 20.4439776878 2.1848878832 0 0 1 3 4 5 1 0 0 0 7 
216 1 25.2437 16.0782 25.7652 4.12162e-04 -0.00464491 -7.14544e-05 0.004663708 0.0 16 21.8247841386 2.2291970809 0 0 0 2 8 6 0 0 0 0 6 
316 2 0.661804 17.8324 21.3004 -0.00249897 -0.00321782 -5.9682e-05 0.0040746507 0.0 12 15.4568319838 2.1502856429 0 0 0 0 12 0 0 0 0 0 5 
692 2 26.3941 17.966 23.4415 -0.00104113 -0.00230181 6.09143e-04 0.0025987182 0.0 14 17.1092411926 2.24485511 0 0 1 3 4 5 1 0 0 0 7 
158 2 2.31158 18.7261 23.2879 6.54887e-04 8.57842e-04 -0.00113473 0.0015660083 0.0 13 20.0634417659 2.224609662 0 0 0 2 8 3 0 0 0 0 6 
251 1 7.42522 24.0145 20.4506 0.0031534 0.00176383 -6.86028e-05 0.0036138254 0.0 13 19.9099033266 2.1891380469 0 0 0 3 6 4 0 0 0 0 6 
566 2 4.82254 23.1556 25.102 0.00105331 -0.00114417 -0.00167488 0.0022855656 0.0 13 16.3804608524 2.1541510427 0 0 0 3 7 2 1 0 0 0 7 
31 1 6.19882 20.9714 19.8369 0.00131032 -7.53989e-04 0.00538212 0.0055904073 0.0 16 22.5963005765 2.2353650096 0 0 3 1 5 4 2 1 0 0 8 
333 2 2.13763 23.0081 25.8369 -0.00167569 0.0021154 -0.0011437 0.0029310244 0.0 14 16.4567822649 2.0651071964 0 0 0 2 8 4 0 0 0 0 6 
930 1 3.19496 21.8736 22.5726 5.36388e-04 4.33118e-04 -0.00136852 0.0015323675 0.0 15 21.1487846071 2.1371045271 0 0 1 2 7 3 2 0 0 0 7 
933 2 1.32759 18.4538 25.6564 -0.00614823 0.00273451 0.00156501 0.0069085117 0.0 13 17.3579122514 2.2079046614 0 0 1 3 3 6 0 0 0 0 6 
748 2 3.43344 20.0403 25.3085 -0.00144935 6.34074e-04 0.00114135 0.0019507294 0.0 14 17.6867750346 2.1787067207 0 0 0 3 6 5 0 0 0 0 6 
705 1 3.45865 20.369 20.3126 4.03047e-04 9.67181e-04 0.00133361 0.0016959958 0.0 16 22.8319310634 2.1819994619 0 0 1 2 7 4 2 0 0 0 7 
374 1 6.504 18.2409 24.4692 0.00187846 0.0028152 -0.00330842 0.0047328222 0.0 13 20.3705014146 2.1787067207 0 0 0 2 8 3 0 0 0 0 6 
399 1 6.3811 20.9986 24.4815 -0.00121116 -5.22354e-04 1.08726e-04 0.0013234741 0.0 16 21.36787517 2.2012733054 0 0 1 3 5 5 2 0 0 0 7 
809 1 8.9725 17.1368 25.8055 0.00262006 0.00280162 -0.00100189 0.0039645394 0.0 13 21.133050995 2.3209874589 0 0 0 3 6 4 0 0 0 0 6 
283 1 1.0511 22.534 20.3358 -6.50641e-04 -0.00202287 -0.00135717 0.0025213582 0.0 13 22.1189195303 2.1593698969 0 0 0 2 8 3 0 0 0 0 6 
737 2 5.92356 25.2356 24.5968 -0.00431473 0.0010938 3.81202e-04 0.0044675058 0.0 14 14.3686511761 2.106073567 0 0 2 3 3 3 3 0 0 0 7 
38 1 3.55799 24.9645 22.8498 8.40233e-04 0.001097 4.88257e-04 0.0014655359 0.0 16 21.9722592968 2.1690249735 0 0 0 2 8 6 0 0 0 0 6 
475 1 0.853383 23.3161 23.1355 0.00179638 0.002325 -0.0011805 0.0031664154 0.0 14 21.1311210815 2.2252939148 0 0 0 3 6 5 0 0 0 0 6 
550 2 0.982426 17.93 18.8954 0.00143156 7.28322e-04 -0.00220766 0.0027301245 0.0 13 16.2665824062 2.1752250411 0 0 0 1 10 2 0 0 0 0 6 
177 1 5.30197 25.8161 20.5903 0.0015209 0.0029364 0.00381703 0.0050502772 0.0 14 19.7312004294 2.1874537328 0 0 0 4 4 6 0 0 0 0 6 
301 1 0.984197 25.878 24.3064 0.00224619 -0.00109324 -0.00308758 0.0039716109 0.0 14 21.5512607 2.2252939148 0 0 0 2 8 4 0 0 0 0 6 
456 1 8.02039 19.2645 21.1168 0.00201513 -0.00367794 -7.88765e-04 0.0042673343 0.0 15 21.3842119659 2.2281779286 0 0 1 1 9 2 2 0 0 0 7 
613 2 5.14125 26.7019 25.9867 -0.00258269 0.00218386 -0.00258619 0.0042576884 0.0 15 14.4623986315 2.1150741786 0 0 2 2 5 3 3 0 0 0 7 
1 2 7.59843 26.0503 23.1539 -9.6937e-04 -0.002411 -0.00184168 0.003185025 0.0 14 16.3475568701 2.239642207 0 0 1 2 5 6 0 0 0 0 6 
671 1 2.21498 25.3682 20.2806 -0.00413885 -0.00137856 0.00268267 0.0051212523 0.0 13 19.6931372706 2.2252939148 0 0 0 3 6 4 0 0 0 0 6 
430 2 7.1009 23.9602 26.3982 -0.00238945 -0.00343555 -0.00292267 0.0051043584 0.0 15 14.5177099212 2.1262823947 0 0 2 3 3 4 3 0 0 0 7 
953 1 3.814 23.2654 20.1308 -0.00365201 -2.96306e-04 -0.00364295 0.0051668229 0.0 15 20.3377710403 2.1819994619 0 0 0 4 4 7 0 0 0 0 6 
657 2 9.06623 22.1674 25.8637 0.00168083 1.60217e-04 3.46034e-04 0.0017235424 0.0 13 18.0872153322 2.3009615719 0 0 0 3 6 4 0 0 0 0 6 
188 2 8.85536 26.1802 26.5574 0.00195677 5.98193e-04 0.00116848 0.0023562957 0.0 14 12.0261633222 1.9144211587 0 0 3 1 4 3 3 0 0 0 7 
295 2 0.918257 20.8642 24.9526 -0.00224218 -0.0020552 0.00182909 0.0035491955 0.0 14 18.6367587202 2.2448905353 0 0 1 2 6 4 1 0 0 0 7 
511 1 6.2528 18.1039 18.9963 5.91751e-04 0.00222787 -4.59281e-04 0.0023504283 0.0 15 22.0406463154 2.2156353928 0 0 2 1 6 4 2 0 0 0 7 
845 2 8.57696 24.2979 24.7081 -0.00162434 -2.84093e-04 0.0059788 0.006202035 0.0 15 16.3214459519 2.2418109509 0 0 1 3 4 6 1 0 0 0 7 
707 1 5.30859 19.466 22.2361 -0.00299492 -2.72264e-04 0.00266786 0.0040200933 0.0 15 21.6869845435 2.2353650096 0 0 1 2 7 3 2 0 0 0 7 
49 1 3.70006 26.3779 18.2468 0.00161486 0.00120612 -0.00283371 0.0034774144 0.0 13 20.3744108609 2.2613208759 0 0 0 3 6 4 0 0 0 0 6 
685 1 5.83763 23.0672 22.4089 0.00480203 -1.58477e-04 -6.13035e-04 0.0048435957 0.0 14 20.6630312602 2.2353650096 0 0 1 1 8 3 1 0 0 0 7 
852 2 3.33057 25.1699 26.1958 -0.00206218 4.0547e-04 0.00298612 0.003651562 0.0 13 15.3742483007 2.1150741786 0 0 0 3 6 4 0 0 0 0 6 
389 1 13.6222 24.5862 19.0752 0.00330987 0.00334831 0.00139459 0.0049103259 0.0 15 20.8289140324 2.2900943064 0 0 3 2 4 3 2 0 1 0 9 
699 1 10.4681 19.36 18.9535 -0.00191436 -6.10622e-04 -0.00164704 0.0025981482 0.0 13 18.8166548958 2.0764228834 0 0 1 0 9 3 0 0 0 0 6 
192 1 16.6062 23.1596 21.967 0.00383173 0.00130324 -0.00289072 0.0049736155 0.0 14 21.2335847385 2.2477777327 0 0 0 2 8 4 0 0 0 0 6 
843 2 10.9506 26.2345 0.678464 -7.01747e-04 -0.00266973 8.50155e-04 0.0028883682 0.0 12 14.2548072316 2.1549316475 0 0 1 2 6 2 1 0 0 0 7 
437 1 17.2293 24.0183 25.9854 0.00193526 0.00400763 2.15081e-04 0.0044556245 0.0 14 20.5639301197 2.2477777327 0 0 0 2 8 4 0 0 0 0 6 
854 1 15.524 20.54 21.7007 -0.00407355 -0.00141205 0.00261826 0.0050441035 0.0 14 22.6560991667 2.3108113514 0 0 0 3 6 5 0 0 0 0 6 
874 2 9.84207 26.5343 24.1538 0.00196852 -0.0026836 -0.00104296 0.0034877709 0.0 15 15.9510623287 2.2418109509 0 0 3 1 4 5 1 1 0 0 8 
340 1 14.7663 24.408 23.7242 4.81523e-05 -0.00423007 0.00223416 0.0047840654 0.0 13 21.4780397029 2.2463542307 0 0 0 1 10 2 0 0 0 0 6 
833 1 15.8319 21.5812 24.5412 1.66889e-04 -0.00200062 4.50022e-04 0.0020573896 0.0 15 23.1235918437 2.2842041218 0 0 0 1 10 4 0 0 0 0 6 
578 1 12.1631 21.4803 19.1475 -7.30933e-04 3.50816e-04 -0.00316855 0.0032706336 0.0 14 19.8248532047 2.2976899675 0 0 0 3 8 1 2 0 0 0 7 
642 1 11.1095 20.9218 21.557 1.21951e-04 -0.00188124 0.00232918 0.0029965005 0.0 12 20.1706696739 2.3263125553 0 0 0 0 12 0 0 0 0 0 5 
173 1 10.2209 24.3799 20.6757 -8.93544e-04 -0.00162737 3.19097e-04 0.0018837667 0.0 17 23.8129435992 2.2465015545 0 0 0 2 8 7 0 0 0 0 6 
673 1 11.2723 23.1499 23.2848 -8.32396e-04 -6.43503e-04 0.00204234 0.0022974185 0.0 14 23.1327882968 2.3338529561 0 0 0 4 5 4 1 0 0 0 7 
125 1 12.7623 21.8384 25.4263 -7.65677e-04 0.00371044 -0.00190139 0.0042389751 0.0 15 24.3562104625 2.3338529561 0 0 0 4 6 3 2 0 0 0 7 
507 1 9.23932 19.7515 23.6644 7.94248e-04 -0.00187619 -0.00272184 0.0033999017 0.0 16 23.3420614372 2.3338529561 0 0 1 1 8 5 1 0 0 0 7 
47 1 12.0353 17.4244 24.3979 -0.00231295 0.00164714 -0.00181404 0.0033695028 0.0 14 22.6168831403 2.3204986589 0 0 0 3 6 5 0 0 0 0 6 
444 1 9.15311 22.0262 19.2995 0.00196962 8.40378e-04 0.00266654 0.0034199523 0.0 13 21.0852777334 2.1467731854 0 0 0 1 10 2 0 0 0 0 6 
145 2 10.4096 23.8779 26.5589 0.00183831 0.00349918 0.00144342 0.0042079812 0.0 14 14.8247107544 2.1124420376 0 0 1 5 2 4 1 1 0 0 8 
520 1 8.72089 25.0353 18.132 2.34198e-04 -7.23202e-04 0.00193106 0.0020752982 0.0 14 20.5211540342 2.254725462 0 0 1 3 3 7 0 0 0 0 6 
948 1 13.8148 22.9771 21.4326 0.00149497 7.80482e-04 -7.12739e-04 0.0018308698 0.0 15 22.3009699093 2.2942494201 0 0 0 2 8 5 0 0 0 0 6 
660 2 11.8836 25.5759 25.395 -0.00225536 -0.00117235 -0.00191315 0.0031813827 0.0 16 19.9488096855 2.2431273116 0 0 3 3 3 3 2 2 0 0 8 
734 1 12.5051 25.616 22.036 -0.00143488 0.00140714 -8.27746e-04 0.0021734965 0.0 14 22.2718194922 2.2431273116 0 0 0 2 8 4 0 0 0 0 6 
274 1 8.63916 22.2742 22.5128 -8.58043e-04 -0.00127246 -0.00153521 0.0021707745 0.0 14 21.5929652224 2.2353650096 0 0 0 3 6 5 0 0 0 0 6 
664 1 15.3551 26.3073 25.5444 -7.54526e-04 0.00146319 8.92435e-04 0.0018726117 0.0 12 19.9676997174 2.2213006289 0 0 0 2 8 2 0 0 0 0 6 
834 1 10.9025 18.1396 21.4874 -0.00425133 6.03922e-04 -4.78313e-04 0.0043205685 0.0 13 19.6388588463 2.2835134213 0 0 0 1 10 2 0 0 0 0 6 
639 1 13.0978 19.7301 23.0862 7.47701e-04 -0.00299076 3.99137e-04 0.0031085386 0.0 14 23.5161685449 2.3338529561 0 0 0 2 8 4 0 0 0 0 6 
980 1 15.8026 22.9041 19.1456 -0.00321409 -4.25408e-04 0.00490134 0.0058766045 0.0 14 21.1456701121 2.2976899675 0 0 0 2 8 4 0 0 0 0 6 
415 1 15.0369 26.005 21.0968 -0.00275164 0.00363799 0.00152005 0.0048080189 0.0 16 21.7575075958 2.3042913852 0 0 4 1 5 2 2 1 1 0 9 
839 1 17.4627 25.7455 23.3864 -0.00292707 -0.00168167 0.0011755 0.0035745703 0.0 14 21.8809677469 2.2336478577 0 0 0 2 8 4 0 0 0 0 6 
71 1 13.2905 19.1932 19.8967 0.00191614 0.0010485 -0.00283749 0.0035808231 0.0 14 19.877236812 2.2812415568 0 0 1 2 6 4 1 0 0 0 7 
490 1 15.6587 19.9737 18.5794 -1.12764e-04 -0.00207553 -0.00144554 0.0025318227 0.0 13 20.7658980781 2.2976899675 0 0 0 3 6 4 0 0 0 0 6 
81 2 0.157959 20.222 22.6962 -0.00259777 0.00144422 9.53877e-04 0.003121548 0.0 15 19.1889631195 2.2434716673 0 0 2 1 7 2 3 0 0 0 7 
984 2 24.2384 19.3732 18.888 5.25738e-04 -0.00236643 -0.00265873 0.0035979489 0.0 15 16.4620643364 2.3479450011 0 0 1 3 5 4 2 0 0 0 7 
821 1 24.0021 25.8183 18.3428 3.56796e-04 2.57588e-04 -0.00205839 0.0021049048 0.0 14 20.7348791612 2.2525328509 0 0 0 4 4 6 0 0 0 0 6 
864 1 22.6272 25.471 21.3866 -0.00242595 5.62687e-05 0.0011258 0.0026750374 0.0 14 22.4568851983 2.4244333448 0 0 0 4 4 6 0 0 0 0 6 
170 1 19.2603 22.7759 18.4978 -0.00154783 -0.00485846 0.00347743 0.0061719471 0.0 14 21.6403894029 2.2315906613 0 0 0 1 10 3 0 0 0 0 6 
825 2 24.1255 20.2162 21.0965 -9.18164e-04 -7.21354e-04 0.00106862 0.001582822 0.0 12 19.5076460612 2.4302245956 0 0 0 5 3 3 1 0 0 0 7 
348 1 20.5969 25.8195 19.1341 0.00110048 0.00465624 0.00165685 0.0050632775 0.0 14 21.9326253629 2.1853168598 0 0 0 3 6 5 0 0 0 0 6 
556 1 26.0726 25.4075 20.7337 0.00116837 0.0031943 -0.00189193 0.0038920483 0.0 14 21.3344874845 2.2598324408 0 0 0 2 8 4 0 0 0 0 6 
694 1 22.2969 22.5038 26.3253 0.00207676 -2.47809e-04 8.14929e-04 0.0022446493 0.0 16 24.2679084227 2.4296094938 0 0 0 3 7 5 1 0 0 0 7 
784 1 25.0154 19.0763 25.9344 -0.00519588 0.00269744 7.11246e-04 0.0058973912 0.0 16 22.3379272548 2.4296094938 0 0 1 3 4 7 1 0 0 0 7 
745 1 19.7543 26.3773 21.8424 1.808e-04 -6.46558e-04 -0.00157204 0.0017093963 0.0 13 19.9681720803 2.1668593337 0 0 0 3 6 4 0 0 0 0 6 
272 1 21.2055 21.0038 20.3407 5.5339e-04 -3.47408e-04 -0.00147619 0.0016143326 0.0 15 23.5766466359 2.5319853829 0 0 1 3 5 4 2 0 0 0 7 
531 1 22.3525 25.7532 26.4947 -0.00183338 -2.26026e-04 5.4247e-04 0.0019252646 0.0 16 25.0705501832 2.2073314466 0 0 0 1 10 5 0 0 0 0 6 
387 1 18.7425 26.4515 25.8632 -0.005758 5.31457e-05 2.48106e-04 0.0057635879 0.0 13 20.4597486188 2.152045548 0 0 0 2 8 3 0 0 0 0 6 
730 1 19.8592 23.4474 21.6675 0.00246289 -0.00120558 0.0033265 0.0043110153 0.0 14 23.2030101447 2.4773862514 0 0 0 3 6 5 0 0 0 0 6 
612 1 22.6763 23.9494 23.8114 -0.00131155 1.16551e-05 -0.00162597 0.0020890375 0.0 13 21.3116175253 2.532066751 0 0 0 3 6 4 0 0 0 0 6 
91 1 24.2415 21.5375 24.1887 -7.17276e-04 0.00123191 -0.0020349 0.0024845332 0.0 15 22.3508904331 2.4296094938 0 0 0 6 2 5 2 0 0 0 7 
618 1 19.8025 24.1518 24.4475 0.00297339 0.00484074 1.77557e-04 0.0056837785 0.0 14 21.7117086427 2.2477777327 0 0 0 2 8 4 0 0 0 0 6 
928 1 22.4127 23.3215 19.1788 0.00281649 0.0024996 -3.63302e-04 0.0037832003 0.0 17 22.6457781629 2.532066751 0 0 1 5 4 3 3 1 0 0 8 
43 1 20.5906 19.4288 25.6966 -8.2265e-04 0.00447154 9.39913e-04 0.0046427211 0.0 17 23.9502130329 2.4296094938 0 0 0 3 7 6 1 0 0 0 7 
738 1 21.2429 21.5388 23.4229 0.00331313 -0.00142201 1.05756e-04 0.0036069554 0.0 14 21.907777964 2.532066751 0 0 0 4 5 4 1 0 0 0 7 
652 1 25.5982 23.7842 25.4826 3.64039e-05 0.00190317 5.75853e-04 0.0019887152 0.0 15 22.3672564835 2.1471790574 0 0 0 1 10 4 0 0 0 0 6 
167 1 25.2627 22.6811 18.8468 -0.00125421 -0.00262944 -0.00266221 0.0039464363 0.0 14 22.2830921772 2.2534021936 0 0 1 3 6 2 1 1 0 0 8 
785 1 18.4165 21.4186 23.1089 0.00184325 0.00442075 -0.00108855 0.0049117759 0.0 13 20.4487120543 2.2477777327 0 0 0 4 4 5 0 0 0 0 6 
105 1 25.1051 23.045 21.809 -5.15288e-04 4.42742e-04 -0.00318113 0.0032528649 0.0 15 23.2583345921 2.532066751 0 0 1 3 5 4 2 0 0 0 7 
39 1 18.1296 20.4586 20.2947 0.00224548 0.00141241 0.00179893 0.0032051882 0.0 14 22.4485224836 2.2315906613 0 0 0 4 4 6 0 0 0 0 6 
976 1 18.8008 21.7578 25.951 -0.00181372 -0.00125718 0.00202722 0.0029966152 0.0 14 22.2330561881 2.1109765265 0 0 0 2 9 2 1 0 0 0 7 
440 1 24.9273 26.0245 23.5533 6.53111e-04 -0.00284216 -8.13454e-05 0.0029173695 0.0 15 21.9834585283 2.1471790574 0 0 0 2 8 5 0 0 0 0 6 
282 1 26.8126 24.9489 17.7791 0.00192015 -0.00366076 9.3725e-04 0.0042387 0.0 14 21.7384868337 2.1593698969 0 0 0 4 4 6 0 0 0 0 6 
946 2 26.4341 19.717 20.0914 -0.00138927 9.34218e-04 0.0020491 0.0026460622 0.0 14 17.4628815461 2.1752896754 0 0 0 2 8 4 0 0 0 0 6 
504 1 22.7138 18.8605 23.6531 3.02487e-04 -0.0036617 -0.0018099 0.0040957641 0.0 14 21.6500599861 2.4173465864 0 0 0 3 7 3 1 0 0 0 7 
308 1 17.8154 25.2767 19.6333 -0.00157144 0.00178733 4.80127e-04 0.0024278579 0.0 15 22.7142402893 2.2138467379 0 0 1 1 8 4 1 0 0 0 7 
120 1 20.0537 18.9481 22.4063 0.0022137 -0.00105938 -0.00128586 0.0027705937 0.0 14 23.1510708876 2.2866763493 0 0 0 3 6 5 0 0 0 0 6 
