# Particles (1000 particles):
# "Particle Identifier" "Particle Type" Position.X Position.Y Position.Z Velocity.X Velocity.Y Velocity.Z "Velocity Magnitude" Centrosymmetry Coordination "Atomic Volume" "Cavity Radius" "Voronoi Index.1" "Voronoi Index.2" "Voronoi Index.3" "Voronoi Index.4" "Voronoi Index.5" "Voronoi Index.6" "Voronoi Index.7" "Voronoi Index.8" "Voronoi Index.9" "Max Face Order"
3 2 25.7571 5.4525 6.49225 0.00212481 -0.00144779 -8.33788e-05 0.0025725212 0.0 14 13.4889115071 2.0098360855 0 0 0 4 5 4 1 0 0 7 
145 2 3.74601 2.64304 7.68597 8.02404e-04 0.00506931 0.00447936 0.0068122259 0.0 14 12.7313464614 1.8414559168 0 0 1 2 6 4 1 0 0 7 
196 2 5.75693 2.97703 6.29014 1.72545e-04 0.00294968 0.00524434 0.0060194257 0.0 14 12.5598341913 1.8779611612 0 0 3 1 4 4 1 1 0 8 
780 1 8.90464 9.22633 8.08199 -0.00283474 -7.15027e-05 -5.85604e-05 0.0028362463 0.0 16 23.2346885332 2.3695328345 0 0 4 3 0 5 2 2 0 8 
635 2 1.3428 2.3619 8.53571 -0.00369131 -4.00986e-04 -0.00173085 0.0040966329 0.0 12 12.314319753 1.8786566598 0 0 1 1 7 3 0 0 0 6 
895 2 2.11558 6.63313 6.22137 0.00217268 -0.00128417 7.83305e-04 0.0026425741 0.0 14 13.1982946374 1.9400730556 0 0 0 5 4 3 2 0 0 7 
534 2 5.8717 4.88371 7.25266 0.00267356 0.00345436 0.00226885 0.0049222156 0.0 16 13.3314872338 2.1354835199 0 0 4 6 0 0 1 4 1 9 
749 2 0.783897 6.74532 8.32981 -8.08105e-05 -6.38067e-04 -0.00365328 0.0037094628 0.0 14 12.7706922048 1.8180584141 0 0 0 3 6 5 0 0 0 6 
610 2 6.57937 1.96649 8.25397 -0.00217736 -0.00596986 -0.0041604 0.007595331 0.0 16 14.1882962418 2.0190987407 0 0 1 3 6 4 1 1 0 8 
579 2 5.42751 3.5889 3.96646 -5.42204e-04 -7.03514e-04 -7.58525e-04 0.0011680228 0.0 15 12.9690508536 1.8983891519 0 0 0 5 3 6 1 0 0 7 
104 2 3.47762 4.46334 6.32373 0.00409987 -0.00238852 3.96643e-04 0.0047614375 0.0 16 12.9437454606 1.8983891519 0 0 1 4 5 3 2 1 0 8 
270 2 2.76188 7.24558 3.08982 0.00107515 6.70855e-04 -0.00288706 0.0031529525 0.0 14 14.5714592782 2.1334837748 0 0 1 3 5 3 2 0 0 7 
42 1 7.14581 9.16937 5.13121 0.00471792 0.0023281 2.07661e-04 0.005265163 0.0 18 22.121522673 2.4457522518 0 0 0 6 4 4 4 0 0 7 
487 2 2.51724 2.90785 1.02798 -0.00100329 -1.29071e-04 -7.34762e-04 0.0012502501 0.0 12 15.3484965117 2.0478440066 0 0 0 2 8 2 0 0 0 6 
360 2 1.156 2.92402 5.82831 -0.00258394 -3.36925e-04 -7.88726e-05 0.002607007 0.0 17 14.6935528139 2.0012384524 0 0 0 3 9 2 3 0 0 7 
515 2 4.46116 6.16527 0.89518 -2.78187e-04 0.00127795 4.81812e-04 0.0013938031 0.0 14 15.7588513474 2.1435604192 0 0 0 3 6 5 0 0 0 6 
919 2 6.72172 6.10953 0.98491 -1.21263e-04 0.00158966 4.86343e-04 0.0016668093 0.0 12 14.7755845828 2.1886570796 0 0 1 2 6 2 1 0 0 7 
291 2 4.85758 8.35826 3.40098 -7.08334e-05 0.00202265 0.00354469 0.0040817836 0.0 14 18.4317002672 2.1334837748 0 0 2 3 4 2 2 1 0 8 
787 2 4.85935 3.94614 1.5116 -0.00106282 -0.00522259 -0.0017454 0.0056081596 0.0 15 13.2613862615 1.932582909 0 0 0 2 9 3 1 0 0 7 
729 2 2.70478 5.16932 2.11429 0.00126136 -0.00260906 0.00150814 0.0032669113 0.0 12 13.3245151893 2.1228874776 0 0 0 2 8 2 0 0 0 6 
137 2 3.96956 1.84956 2.82896 -0.0042463 0.00217315 0.00297763 0.0056231597 0.0 14 14.2123594933 2.0801631068 0 0 0 1 10 3 0 0 0 6 
501 2 5.96512 3.57661 26.2961 0.00307701 3.90944e-04 -0.00155345 0.0034690106 0.0 15 14.7412146386 2.0798231226 0 0 0 3 7 4 1 0 0 7 
188 2 5.94372 6.42364 2.95222 -0.00209573 -0.00137868 -0.00458669 0.0052278646 0.0 15 13.2149010013 2.0364534692 0 0 3 3 2 3 3 1 0 8 
144 2 3.58135 1.49761 5.52566 -0.00233968 -7.52703e-04 -7.93602e-04 0.002582725 0.0 15 14.369192629 2.0801631068 0 0 1 4 3 5 2 0 0 7 
428 2 7.37345 1.68578 0.481961 -0.00128736 0.0051319 9.5286e-04 0.0053760241 0.0 14 13.6746394542 1.9682021397 0 0 0 4 5 4 1 0 0 7 
442 2 3.97017 6.13777 8.01276 6.50668e-04 -6.64246e-05 0.003606 0.0036648352 0.0 13 16.2234115643 2.4348124764 0 0 1 4 3 3 2 0 0 7 
740 2 4.05871 5.39793 4.14058 0.00153634 0.00203985 0.00121045 0.0028260428 0.0 14 12.3771368005 1.8983891519 0 0 2 2 5 2 3 0 0 7 
657 2 8.49359 1.67243 6.17895 -9.97706e-04 -7.1838e-04 -0.0028993 0.0031491948 0.0 15 13.1053034118 1.9328792478 0 0 1 3 5 4 2 0 0 7 
14 1 10.7066 8.87372 6.16118 -0.00238569 3.72977e-04 0.00100135 0.002614064 0.0 17 22.6030453035 2.3194380038 0 0 4 2 3 4 2 1 1 9 
550 2 2.8399 7.8728 9.14387 4.05245e-04 0.00344351 -5.98215e-04 0.0035185005 0.0 14 17.5977538703 2.4306955363 0 0 1 3 4 5 1 0 0 7 
494 2 8.83848 6.49383 6.41539 -5.03957e-05 8.59406e-05 -6.02823e-05 1.16445133e-04 0.0 14 16.3369700026 2.1817486183 0 0 1 3 5 3 2 0 0 7 
202 2 7.65076 4.19345 5.09326 -0.00292084 -0.00290812 -0.00473412 0.0062769706 0.0 13 12.901186744 1.9271621853 0 0 0 3 6 4 0 0 0 6 
826 2 0.958163 5.36008 4.44545 -7.46149e-04 -0.00278442 2.61915e-04 0.0028945349 0.0 17 15.4338381698 2.134429874 0 0 1 4 6 1 5 0 0 7 
157 2 8.9288 6.22114 1.37394 -0.0029668 0.00170137 -0.00205408 0.003989462 0.0 13 15.477301912 2.1640652655 0 0 1 4 2 5 1 0 0 7 
221 2 8.60205 2.29916 3.45431 7.69327e-04 0.00382346 -0.00286708 0.0048405432 0.0 16 14.4640450908 1.9476792408 0 0 0 4 6 4 2 0 0 7 
592 2 6.42217 6.07934 5.13662 0.00113263 -2.38461e-04 -0.00112921 0.0016170435 0.0 15 13.9966264417 2.320239498 0 0 4 1 4 2 2 2 0 8 
254 2 2.31108 0.47676 7.24657 0.00124048 -7.21392e-04 0.00162695 0.0021693693 0.0 15 12.9747688641 1.907757179 0 0 2 2 5 4 1 1 0 8 
148 2 5.54829 26.7578 6.58739 0.00110257 0.00162063 4.62575e-04 0.0020139707 0.0 15 13.9525748199 1.8871687264 0 0 2 3 3 4 3 0 0 7 
630 2 6.81674 1.29759 4.51655 -0.00290263 -0.00233706 8.59794e-04 0.0038244419 0.0 14 12.8814898127 2.0184932205 0 0 0 3 7 3 1 0 0 7 
940 2 1.44865 1.12135 2.72805 1.62691e-04 0.0031436 9.67557e-04 0.0032931529 0.0 15 16.3380485557 2.1303756123 0 0 2 3 4 3 2 1 0 8 
754 2 7.60813 4.43267 2.66511 0.00147554 0.00245836 -9.65345e-04 0.0030253336 0.0 16 13.8269931813 1.9528747956 0 0 0 4 6 4 2 0 0 7 
602 2 7.43507 6.49775 8.28264 -1.68717e-04 -0.0025499 0.00361255 0.0044250393 0.0 15 19.6247989197 2.4348124764 0 0 0 5 4 4 2 0 0 7 
994 2 4.26242 7.33883 5.59776 0.00146563 -0.00330594 0.00145565 0.0038982339 0.0 15 16.1953361866 2.320239498 0 0 2 5 2 1 4 1 0 8 
58 2 0.583752 3.89773 2.37554 -0.00107153 8.51323e-04 -0.00170925 0.0021896262 0.0 15 17.2837037757 2.2198113504 0 0 1 1 8 4 1 0 0 7 
292 2 2.82253 3.29238 4.16804 -0.0019848 -0.00356477 0.00146551 0.0043352896 0.0 14 13.1538934351 1.9800542824 0 0 2 0 7 4 1 0 0 7 
336 2 8.3738 6.32455 3.92238 0.00120974 5.95557e-04 0.00212509 0.002516777 0.0 14 15.3674497915 2.2076649128 0 0 4 1 2 3 4 0 0 7 
545 2 9.26528 26.7655 4.68003 0.00270166 0.00481297 0.00349938 0.0065352358 0.0 14 12.594677946 1.9220341246 0 0 0 2 8 4 0 0 0 6 
324 2 7.97094 4.04278 7.59991 0.0022026 -9.45512e-04 -0.00197752 0.0031074145 0.0 15 13.087635492 2.0578555718 0 0 1 5 4 2 1 2 0 8 
395 2 1.33301 4.55705 7.57988 -0.00108056 -5.62548e-04 -5.60847e-04 0.0013411262 0.0 13 12.4094524854 1.8353680081 0 0 0 4 5 3 1 0 0 7 
989 2 16.8685 8.65784 9.47273 0.00389536 -0.00122358 1.73001e-04 0.0040866743 0.0 14 13.4332269785 1.9888504322 0 0 1 4 3 4 2 0 0 7 
115 2 14.8642 4.59264 8.57706 0.00124935 -0.00135701 0.0035269 0.0039801225 0.0 14 13.7417782806 1.9915436163 0 0 1 3 3 7 0 0 0 6 
96 2 16.6488 1.45491 6.40101 -0.00221137 6.61196e-04 0.00332011 0.0040435712 0.0 14 12.9232479572 2.008236335 0 0 2 4 1 5 1 1 0 8 
459 2 10.0267 5.94481 8.45374 -0.00297767 0.0030091 0.00114839 0.0043863426 0.0 15 15.1022473667 2.1539366927 0 0 1 4 3 5 2 0 0 7 
898 1 18.9462 2.812 26.6415 0.00283461 4.21623e-04 -0.00127477 0.0031365297 0.0 14 23.3344883101 2.2250968148 0 0 0 2 8 4 0 0 0 6 
668 2 12.6493 4.94252 9.38713 -7.70697e-04 -6.79053e-05 0.00124832 0.0014686347 0.0 13 12.6743538756 1.9199728962 0 0 1 2 6 3 1 0 0 7 
871 2 13.0053 1.28368 0.735859 4.87623e-04 -0.00263834 7.79513e-04 0.0027939675 0.0 15 13.5337755449 1.8608265504 0 0 2 4 2 4 2 1 0 8 
146 2 10.1357 3.3796 8.64934 0.0014369 -9.75076e-04 0.00269857 0.0032090084 0.0 15 13.4543821097 1.9379011469 0 0 2 3 3 5 1 1 0 8 
407 2 15.4257 2.1345 0.418856 -0.00216907 8.38526e-04 -6.14945e-04 0.0024054413 0.0 15 18.7847674068 2.1515618506 0 0 1 3 5 4 2 0 0 7 
886 2 16.596 2.73947 3.03096 0.00126049 -3.1773e-04 -2.47586e-04 0.0013232861 0.0 15 17.0078387881 2.1284593741 0 0 0 6 1 7 1 0 0 7 
422 2 11.9473 5.53596 6.71143 -3.47069e-04 -7.19153e-04 0.0028831 0.0029916389 0.0 15 15.4131320216 2.3194380038 0 0 1 4 3 5 2 0 0 7 
482 2 14.2367 5.95557 6.79119 -0.00129165 -0.00262353 2.20936e-05 0.0029243388 0.0 15 12.8635990996 1.9234516943 0 0 1 3 4 6 1 0 0 7 
686 2 12.6683 7.37835 8.3946 -8.05191e-04 -0.002754 -0.00270419 0.0039427772 0.0 14 13.9850141395 2.1539366927 0 0 2 1 7 2 1 1 0 8 
880 2 15.9587 3.71343 6.12721 -0.00209138 3.11663e-04 -6.4616e-04 0.0022110013 0.0 15 14.9625672219 2.0069852256 0 0 2 4 2 4 2 1 0 8 
198 1 18.262 8.33844 0.641829 -8.92113e-04 9.37256e-04 0.0033389 0.0035808613 0.0 14 20.0392393654 2.1498271376 0 0 0 3 6 5 0 0 0 6 
625 2 12.0159 1.34852 8.78257 8.68652e-04 6.45801e-04 0.00216989 0.0024248789 0.0 15 13.1371692433 1.9379011469 0 0 2 3 5 2 1 2 0 8 
473 2 15.7191 0.240834 4.37669 -0.00323344 -0.00297663 -0.00146472 0.0046325873 0.0 15 13.9315403054 2.0232291769 0 0 0 3 7 4 1 0 0 7 
376 2 17.0816 5.84982 7.09315 6.74193e-04 0.00211833 0.00119114 0.0025220374 0.0 13 13.370448654 2.0532779807 0 0 0 2 8 3 0 0 0 6 
230 2 12.6107 3.21761 7.48346 4.77367e-04 -0.00291938 5.89838e-04 0.0030163832 0.0 15 14.3029761343 1.9234516943 0 0 1 4 3 6 0 1 0 8 
774 2 14.0914 0.626149 7.35245 -1.04681e-04 -9.32554e-04 -0.00297564 0.0031201039 0.0 15 13.5979536743 1.982927871 0 0 0 6 3 3 3 0 0 7 
406 2 13.1183 4.33634 4.4074 6.6842e-04 0.00422552 -0.0024516 0.0049307349 0.0 13 14.3677768651 1.9234516943 0 0 0 3 6 4 0 0 0 6 
94 2 14.1024 2.34027 5.91621 -0.00181949 -0.00345803 -0.00233289 0.004550922 0.0 16 14.3224215448 2.008236335 0 0 3 2 6 1 1 3 0 8 
219 1 18.2362 6.63284 2.95573 -0.00133135 0.0010996 0.0014066 0.0022271364 0.0 14 21.7563027567 2.2876298069 0 0 1 1 8 3 1 0 0 7 
341 2 8.97505 1.35263 8.49521 6.35042e-04 -0.00136709 -8.22627e-04 0.0017172445 0.0 12 13.0721601133 1.9569882359 0 0 0 3 7 1 1 0 0 7 
163 2 13.5686 7.86257 6.06256 0.00233073 -0.00363757 -0.00193553 0.0047339724 0.0 12 16.086602797 2.2374598591 0 0 0 4 5 2 1 0 0 7 
286 2 9.96907 4.37175 6.32904 -0.00350514 1.50339e-04 -0.00315177 0.0047161703 0.0 13 12.3698220233 1.9328792478 0 0 1 4 1 7 0 0 0 6 
339 1 16.71 5.13553 0.889262 -6.47575e-04 3.97181e-04 0.00234455 0.0024645529 0.0 14 21.3968074408 2.2756999731 0 0 0 2 8 4 0 0 0 6 
318 2 15.0958 7.71975 7.90345 -0.00473138 -0.0012412 -9.55264e-05 0.0048924083 0.0 14 12.7434148485 2.1661915884 0 0 0 1 10 3 0 0 0 6 
566 2 10.7204 1.49558 6.88505 -0.00151004 0.00168383 4.14358e-04 0.0022993905 0.0 13 11.6775950997 1.9065897834 0 0 1 3 5 2 2 0 0 7 
1 2 12.3694 5.79012 2.20363 8.31847e-04 0.00131714 0.00424789 0.0045245328 0.0 16 17.4289795161 2.2274090402 0 0 1 4 5 2 4 0 0 7 
881 2 10.4897 4.99778 4.25161 0.00349241 0.00271542 -0.00352215 0.0056547302 0.0 16 16.6551943936 2.314841147 0 0 1 5 3 3 4 0 0 7 
224 2 15.9742 7.15602 5.40108 -1.14206e-04 -0.00245773 0.00111999 0.0027033049 0.0 14 17.4895623802 2.3286356521 0 0 1 4 3 5 0 1 0 8 
720 2 11.9346 2.49392 2.56521 -0.00152555 -7.07341e-05 0.003331 0.0036644054 0.0 14 13.5708834853 1.8998241028 0 0 1 2 7 3 0 1 0 8 
539 2 12.8395 0.193743 3.11046 -1.16211e-04 -3.38559e-04 -8.43611e-04 9.1640968585e-04 0.0 15 12.9678165603 1.9072010892 0 0 2 3 4 4 0 2 0 8 
660 2 13.6378 6.7586 4.17092 -7.99099e-04 -0.00233553 -9.72704e-04 0.0026531891 0.0 13 16.3334760775 2.3194380038 0 0 1 2 6 3 1 0 0 7 
337 2 18.2596 1.99592 4.54536 6.73682e-04 -0.00180715 -0.00128483 0.0023174181 0.0 15 13.9943318186 2.0507250385 0 0 3 4 1 2 4 1 0 8 
674 2 17.2715 8.23095 7.15491 0.00192837 -0.00251679 6.68208e-04 0.0032402692 0.0 11 13.1877079094 2.3204887582 0 0 0 3 6 2 0 0 0 6 
206 2 17.6657 3.19749 7.74348 4.5825e-04 1.08033e-04 -4.06069e-04 6.2173645892e-04 0.0 16 14.6289992666 2.265000236 0 0 2 4 3 3 3 1 0 8 
689 2 15.2203 1.83545 8.97357 0.00177637 -0.00130324 0.00319983 0.0038849501 0.0 15 13.0116745256 1.901600992 0 0 0 3 7 4 1 0 0 7 
857 2 15.1236 0.187234 1.98715 -0.00119745 0.00241059 -5.24991e-04 0.0027423432 0.0 12 14.8771954986 2.1515618506 0 0 1 3 5 1 2 0 0 7 
450 2 14.2348 2.31708 3.42522 8.33316e-04 0.00106531 0.00245093 0.0027993497 0.0 15 13.9895652724 2.0021736319 0 0 2 3 5 2 1 2 0 8 
921 2 13.9622 4.15644 1.53818 4.26078e-04 3.46211e-04 -0.00239145 0.002453658 0.0 13 15.5426569779 2.2756999731 0 0 0 5 3 4 1 0 0 7 
906 2 11.2118 2.66999 4.9302 0.00329007 -0.00249413 -2.33884e-04 0.0041352082 0.0 16 14.6482583391 1.9328792478 0 0 2 3 4 4 2 1 0 8 
476 2 10.4874 0.506032 2.46425 -8.24502e-04 -5.22485e-04 -0.00134436 0.0016613542 0.0 13 13.4092627792 1.8608265504 0 0 0 2 8 3 0 0 0 6 
662 1 15.7987 7.82037 2.14958 -0.00274649 5.72691e-04 -0.00415483 0.0050133616 0.0 15 21.7339473136 2.2756999731 0 0 0 5 3 6 1 0 0 7 
843 2 15.1578 5.09041 3.54654 -4.64265e-04 3.78153e-04 0.00384527 0.0038916119 0.0 14 17.159442161 2.1308315421 0 0 0 4 4 6 0 0 0 6 
861 2 24.8135 6.99193 2.70961 -0.0017011 -0.00179581 4.77295e-04 0.0025192232 0.0 18 21.2576806127 2.3538083656 0 0 3 4 2 3 5 1 0 8 
35 2 23.5795 2.15193 7.52696 -4.30134e-04 0.00108619 -9.17738e-04 0.0014856201 0.0 16 14.5190415097 1.9640658623 0 0 2 4 2 5 2 1 0 8 
793 2 18.706 3.56609 2.88943 -8.92729e-04 0.00399218 -0.00339646 0.0053169923 0.0 14 18.6146757416 2.2669386405 0 0 1 4 4 2 3 0 0 7 
741 2 22.0692 6.10063 6.69035 -0.00153639 6.27923e-05 0.00242065 0.0028677489 0.0 15 13.1355137095 1.9967518465 0 0 1 5 2 4 3 0 0 7 
138 2 24.2125 6.91591 5.37753 0.00138741 0.00136362 0.00135124 0.0023685894 0.0 13 14.1078644454 2.134429874 0 0 0 3 7 2 1 0 0 7 
737 2 25.4979 2.55561 5.60308 -0.00272934 0.00386626 -0.00121222 0.0048853598 0.0 14 14.1063641441 1.9928568001 0 0 2 2 4 4 2 0 0 7 
564 2 23.5629 4.3072 5.80594 -0.00418378 3.69196e-06 -0.00261315 0.0049328067 0.0 15 13.7081563339 1.9189070601 0 0 1 4 3 5 2 0 0 7 
853 2 26.0049 3.46244 7.80886 -2.85885e-04 -0.00177192 -1.0264e-04 0.0017977669 0.0 13 11.6557912693 1.7624922435 0 0 1 2 6 3 1 0 0 7 
682 2 21.4184 6.13437 8.81031 -0.00446289 0.00112479 0.00166855 0.0048955693 0.0 15 12.9248853247 2.0039651989 0 0 1 2 6 5 1 0 0 7 
127 2 0.868177 8.69921 3.88765 2.34999e-04 -5.84934e-04 -1.48825e-05 6.3055039701e-04 0.0 14 15.8567275251 2.127750216 0 0 1 3 4 5 1 0 0 7 
638 2 0.657381 0.413188 5.1136 -0.00113955 -0.00184219 -9.62168e-04 0.0023702332 0.0 15 14.99096013 2.1303756123 0 0 2 2 5 4 1 1 0 8 
56 2 23.717 2.71234 3.55523 -3.25167e-04 0.00108012 7.31572e-04 0.0013444666 0.0 14 17.2585218797 2.317092469 0 0 1 3 5 3 2 0 0 7 
361 2 22.6886 5.11739 3.61702 -0.0016759 -0.00133117 -0.00243269 0.0032401597 0.0 12 17.5380507388 2.3145517397 0 0 0 4 4 4 0 0 0 6 
681 2 26.7036 7.83972 6.12688 -3.57339e-04 9.07037e-04 -0.00175404 0.0020067545 0.0 15 13.5957341782 2.134429874 0 0 0 4 5 5 1 0 0 7 
259 1 22.8399 7.27393 26.3999 -0.00109437 0.00371107 -0.00288954 0.0048289883 0.0 15 22.1476013592 2.3473926693 0 0 1 4 2 7 1 0 0 7 
244 1 24.544 3.27364 0.502182 0.00337898 -0.00143923 -0.0034514 0.0050399455 0.0 17 23.1941920262 2.3538083656 0 0 0 6 4 5 0 2 0 8 
457 1 25.4533 6.15168 26.4055 -6.52761e-04 7.58255e-05 -0.00282812 0.002903465 0.0 16 23.1418153059 2.4262010111 0 0 3 3 2 4 3 1 0 8 
995 2 17.5767 0.937848 9.37027 0.00541852 -8.8559e-04 7.85182e-04 0.0055462726 0.0 13 15.1492443483 2.221496703 0 0 1 2 6 3 1 0 0 7 
437 1 21.2721 1.67457 1.81463 -0.00303774 3.15386e-04 0.0022691 0.0038047533 0.0 17 23.1781840036 2.3127458089 0 0 3 3 3 3 4 1 0 8 
285 2 19.4144 7.488 6.03805 -0.00109945 0.00272021 0.00324975 0.0043782654 0.0 16 16.2377889018 2.3286356521 0 0 0 4 5 6 1 0 0 7 
523 2 25.4293 4.50707 3.67253 0.00301795 6.05822e-04 -5.98268e-04 0.0031357562 0.0 14 16.3511812312 2.2551174196 0 0 2 2 5 2 3 0 0 7 
85 1 21.0831 7.23368 1.87142 -5.56318e-04 -7.73555e-04 -0.00233322 0.0025202763 0.0 14 22.8999234148 2.2670162604 0 0 0 2 8 4 0 0 0 6 
593 2 20.6993 0.842101 4.83094 -0.00166949 -0.00130207 -2.02579e-04 0.0021268807 0.0 15 17.9741024179 2.265012428 0 0 2 3 4 3 2 1 0 8 
896 1 21.8021 4.33926 0.998108 -1.47311e-05 -0.00257775 0.00117641 0.0028335406 0.0 15 22.6472806665 2.3538083656 0 0 1 4 4 4 1 1 0 8 
824 2 21.6272 2.97711 4.78544 -0.0021179 -7.02576e-05 -0.00133459 0.0025043097 0.0 16 15.0216850706 2.151962996 0 0 0 7 3 3 2 0 1 9 
391 2 19.5322 2.57405 6.4617 0.00172302 0.00203714 0.00132047 0.0029769747 0.0 13 12.5995752795 2.265000236 0 0 1 4 3 3 2 0 0 7 
19 1 24.0972 0.151615 0.989654 -1.49542e-04 -3.91731e-04 0.00136962 0.0014323669 0.0 14 22.5096627271 2.3109890066 0 0 1 3 4 5 1 0 0 7 
691 2 25.9927 1.79264 2.97757 0.00257978 4.86816e-05 5.96357e-06 0.0025802462 0.0 13 17.453811674 2.317092469 0 0 0 1 10 2 0 0 0 6 
965 1 18.6568 0.509449 1.85497 0.00279738 0.0021688 0.00219215 0.0041634781 0.0 16 22.0228610846 2.1515618506 0 0 0 4 6 4 2 0 0 7 
314 2 20.1909 4.81985 4.3758 -0.00343085 -0.00252202 -3.03374e-04 0.0042688819 0.0 16 17.0702576407 2.2670162604 0 0 2 3 4 5 1 0 1 9 
201 2 19.7991 5.38265 7.17471 0.00240849 -0.00279948 0.00253992 0.0044820872 0.0 13 12.0118492035 1.9967518465 0 0 0 3 6 4 0 0 0 6 
258 2 24.5917 7.19517 7.73989 0.00390367 -7.89392e-04 0.00104642 0.0041178604 0.0 16 12.8878032474 1.9490834195 0 0 2 2 5 5 1 1 0 8 
65 2 21.707 7.47274 5.04126 -0.00205772 -0.00125723 -0.00134595 0.0027615974 0.0 13 16.4381295989 2.1498121116 0 0 0 3 6 4 0 0 0 6 
362 2 23.034 0.970972 5.47643 -2.88848e-06 0.00147574 0.00130637 0.0019708931 0.0 12 15.143159037 2.3127458089 0 0 1 3 4 3 1 0 0 7 
54 2 21.3232 1.05059 7.09992 -0.00408313 -0.00122147 -4.72938e-04 0.0042880776 0.0 13 14.1289916919 2.1071415932 0 0 0 3 6 4 0 0 0 6 
448 2 18.8233 0.502213 7.05539 -4.46726e-04 -5.82102e-04 7.52275e-04 0.0010508685 0.0 12 14.7830968241 2.1365752058 0 0 0 4 4 4 0 0 0 6 
261 2 25.3036 8.97441 4.3031 -5.10957e-04 -0.00165513 -1.52482e-05 0.0017322716 0.0 14 14.4638924063 2.0959864294 0 0 1 3 4 5 1 0 0 7 
562 1 26.0503 9.32599 1.03781 0.00137833 0.00267402 -7.28839e-04 0.0030953809 0.0 16 23.0747133249 2.1747647247 0 0 0 3 7 5 1 0 0 7 
966 2 0.619948 6.74518 2.46486 -0.001427 -0.00154297 -1.04751e-04 0.0021042952 0.0 13 16.1791134746 2.2040478833 0 0 2 4 2 2 2 1 0 8 
351 2 25.8373 5.52749 8.98902 0.00249412 -0.00198819 0.00145408 0.0035054076 0.0 14 11.4440448141 1.8407931307 0 0 1 1 8 3 1 0 0 7 
637 2 18.2031 4.36985 5.55891 0.00297625 -6.20207e-04 -6.49199e-04 0.0031087264 0.0 14 14.4933406053 2.1279730779 0 0 1 2 7 2 2 0 0 7 
798 1 2.43025 9.35424 1.08541 0.0010663 0.00291605 -0.00317723 0.0044424243 0.0 16 22.6990461235 2.2580329354 0 0 1 2 7 4 2 0 0 7 
764 1 6.65726 13.6188 3.83328 0.00330436 1.17584e-04 1.13105e-04 0.0033083854 0.0 15 23.2133332056 2.4457522518 0 0 0 5 3 6 1 0 0 7 
680 1 6.0422 14.6561 1.38278 -0.00151235 -0.00291447 -0.00345559 0.0047668061 0.0 14 22.0505640682 2.193329201 0 0 0 2 9 2 1 0 0 7 
255 1 7.55704 14.7438 6.94956 -9.40266e-04 5.30105e-04 5.17516e-04 0.0011970523 0.0 13 23.3068582692 2.2433861631 0 0 0 3 6 4 0 0 0 6 
281 2 4.69775 15.639 6.59111 0.00173719 -0.00303289 -1.76077e-04 0.0034996077 0.0 12 20.0735511405 2.2576123618 0 0 0 2 8 2 0 0 0 6 
567 2 2.084 16.8771 5.0959 0.002357 -0.0037848 -0.00177898 0.0048005135 0.0 14 17.2315174364 2.2667673228 0 0 0 3 7 3 1 0 0 7 
719 1 0.577287 11.9315 1.76932 1.48701e-04 -4.82295e-04 -0.00208021 0.0021405593 0.0 15 22.3060900957 2.2580329354 0 0 1 4 3 5 2 0 0 7 
603 1 3.51593 13.2498 1.03127 -2.32735e-05 0.00120096 0.0019899 0.0023243383 0.0 13 21.7344100418 2.2494821194 0 0 0 3 6 4 0 0 0 6 
850 1 3.19071 15.9844 1.89162 -0.0013059 3.6605e-04 -0.00222801 0.002608332 0.0 13 21.7833339679 2.2667673228 0 0 1 0 9 3 0 0 0 6 
856 1 4.91034 10.994 5.07109 -0.00140292 0.00371611 3.10419e-04 0.0039842211 0.0 14 21.8239604046 2.4457522518 0 0 2 2 3 6 1 0 0 7 
914 1 7.76197 9.39462 2.25901 -0.00226155 0.00387095 -0.00172169 0.0048024034 0.0 15 23.2713521785 2.4384728017 0 0 0 7 1 4 3 0 0 7 
943 2 4.19233 18.0662 8.28321 -0.00314932 5.33036e-04 -0.0022171 0.0038881713 0.0 13 18.1130992869 2.3515077969 0 0 0 5 3 4 1 0 0 7 
218 1 5.30469 17.6892 0.58168 -0.00143181 -0.00271921 -0.00219079 0.0037740885 0.0 13 21.456404131 2.331590453 0 0 2 2 4 4 0 1 0 8 
238 1 5.41783 12.6954 7.28023 6.25314e-04 -0.00190889 -0.00106777 0.0022748651 0.0 14 22.4768702498 2.3003067753 0 0 0 3 7 3 1 0 0 7 
297 2 2.58233 8.91208 5.83989 0.00430834 0.00111177 -0.00522786 0.0068650088 0.0 15 16.0421427343 2.2481726337 0 0 1 3 5 4 2 0 0 7 
110 1 6.08445 16.6206 3.64538 -0.00150122 -0.00130831 -0.00541679 0.0057712174 0.0 18 24.9802398489 2.2667673228 0 0 0 5 4 7 2 0 0 7 
859 1 5.14044 11.3244 2.11205 0.00236692 0.00166607 -0.00226856 0.0036775622 0.0 15 22.8984928304 2.4418789164 0 0 1 4 4 4 1 1 0 8 
210 1 2.54415 11.3264 3.44593 -0.00346076 -0.00305465 0.00230394 0.0051590586 0.0 15 20.7601105515 2.1451895555 0 0 0 1 10 4 0 0 0 6 
37 1 3.7416 13.8139 4.04518 -1.86747e-04 -4.38092e-04 6.79788e-04 8.3000648637e-04 0.0 16 23.5607815824 2.2667673228 0 0 1 3 6 4 1 1 0 8 
690 1 5.96126 9.89263 7.58183 -5.21228e-04 0.00302759 -9.30963e-04 0.0032100891 0.0 17 24.6942592859 2.4348124764 0 0 1 6 1 6 2 1 0 8 
187 2 0.737149 10.2297 5.71916 -1.48856e-04 -0.00208748 0.00392477 0.0044478703 0.0 12 11.5457129525 1.875680689 0 0 1 2 6 2 1 0 0 7 
295 2 2.59656 13.8626 7.12673 -5.85233e-04 -0.00320417 -0.00233319 0.0040066169 0.0 14 16.2583250682 2.2593209463 0 0 3 1 4 4 1 1 0 8 
367 1 8.15268 12.0179 1.79337 0.00200278 -0.00525266 0.00152398 0.0058244382 0.0 16 22.7325868868 2.4457522518 0 0 3 3 2 4 3 1 0 8 
57 2 1.34041 9.50745 7.94688 0.00225355 -8.84039e-04 7.24623e-04 0.0025268738 0.0 13 12.1357144726 2.0226993757 0 0 2 2 3 5 1 0 0 7 
234 1 8.10666 17.3012 0.979082 9.42607e-04 -5.67137e-04 7.71137e-04 0.0013434302 0.0 13 21.6160662194 2.1658111921 0 0 0 2 8 3 0 0 0 6 
701 2 2.39548 11.3611 6.94634 -9.79503e-04 -0.00113505 0.00154203 0.0021507257 0.0 15 16.0646497953 2.1685353222 0 0 1 4 3 5 2 0 0 7 
535 1 8.03725 13.4371 9.56788 -9.0359e-04 -1.94476e-04 9.81156e-04 0.0013479477 0.0 17 25.3059661163 2.3920880369 0 0 1 3 6 5 1 1 0 8 
962 1 5.45387 8.93123 0.187826 0.00100987 -0.00170653 5.97175e-04 0.0020709177 0.0 15 22.5650946888 2.331114484 0 0 2 1 7 2 3 0 0 7 
537 1 8.11687 11.8233 6.72353 2.70653e-04 0.00196971 3.50339e-04 0.0020188482 0.0 15 22.8385340308 2.3695328345 0 0 3 2 4 3 1 2 0 8 
215 2 2.73924 15.9174 8.04947 0.00157653 5.86228e-04 3.30579e-04 0.001714174 0.0 14 17.8400249648 2.343450484 0 0 2 2 5 3 1 1 0 8 
190 2 0.748022 14.3735 3.86939 0.00149854 0.00183901 -7.21705e-04 0.0024796044 0.0 17 20.4577694949 2.1451895555 0 0 2 2 7 2 3 1 0 8 
576 1 0.808909 15.2334 0.902635 -1.05504e-05 -0.00454315 0.00150638 0.0047863874 0.0 14 22.4887976171 2.2057510863 0 0 2 1 7 2 1 1 0 8 
75 2 0.157239 11.1836 8.86254 0.00244815 -0.0022282 -0.00133271 0.0035685333 0.0 16 12.6496897466 1.8694217224 0 0 4 0 4 5 2 1 0 8 
692 2 0.739241 12.6718 5.9359 -7.7992e-04 0.00452397 -0.00106268 0.0047120981 0.0 15 14.3409355672 2.0809188045 0 0 2 3 2 6 2 0 0 7 
732 1 17.5432 16.8097 8.75 -9.76783e-04 0.00177087 -9.32822e-05 0.0020245462 0.0 14 21.863871917 2.3844038281 0 0 1 3 5 3 2 0 0 7 
590 2 12.0687 9.04752 9.77589 0.00302056 0.00247565 1.76517e-04 0.003909448 0.0 15 17.3807567199 2.228760214 0 0 2 2 5 4 1 1 0 8 
565 2 16.5157 10.4035 7.84823 -0.00383463 0.00185537 -0.00143054 0.0044936878 0.0 15 19.1162134113 2.2697041437 0 0 0 2 8 5 0 0 0 6 
53 1 12.4034 17.0206 8.5367 0.0027384 -1.07893e-04 2.16913e-04 0.0027490956 0.0 16 22.4716004194 2.3272638616 0 0 2 3 5 2 3 1 0 8 
926 1 10.3997 14.9888 8.24297 0.00149839 -4.91744e-04 -9.67256e-04 0.0018500186 0.0 14 21.9446477226 2.2817670363 0 0 1 3 4 5 1 0 0 7 
452 1 9.20779 14.4937 1.93871 -0.00402346 -0.00200012 0.00258989 0.0051861586 0.0 14 22.4327415058 2.2235480982 0 0 1 2 7 2 2 0 0 7 
978 1 15.511 10.0566 0.30121 0.00346554 -6.82648e-04 -0.00111514 0.0037039861 0.0 15 20.6350273956 2.2256155055 0 0 2 2 5 4 1 1 0 8 
574 1 9.48891 13.4101 4.73029 0.00445585 1.11032e-04 -6.36491e-04 0.0045024491 0.0 13 22.00195312 2.2057170334 0 0 0 2 8 3 0 0 0 6 
235 1 10.4525 8.94728 0.519971 0.00343862 -9.14625e-04 0.00157752 0.0038921993 0.0 16 23.1906653613 2.1937256076 0 0 2 4 2 4 4 0 0 7 
532 1 9.91185 17.7218 7.40551 -0.00299862 -0.00564695 0.0050675 0.0081583897 0.0 15 23.0975575793 2.3272638616 0 0 2 3 3 5 1 1 0 8 
551 2 13.7917 9.79132 7.85797 -0.00151494 -0.00189873 1.43554e-04 0.0024332749 0.0 12 17.4635642678 2.2374598591 0 0 0 0 12 0 0 0 0 5 
909 1 10.3632 18.151 26.3035 -3.19558e-04 0.00164743 0.00106762 0.0019889584 0.0 15 20.8424848308 2.2949199156 0 0 1 3 4 6 1 0 0 7 
697 1 8.69029 16.0072 4.58118 7.84332e-04 -0.00157253 0.00266945 0.0031959334 0.0 16 24.4781413269 2.2801303147 0 0 0 5 4 5 2 0 0 7 
807 1 10.6349 8.21074 3.19172 2.3631e-04 -0.00142018 -0.00522712 0.0054217651 0.0 18 21.7035993789 2.3194380038 0 0 4 2 3 4 4 0 1 9 
383 1 15.0155 15.4486 1.67326 -2.85194e-04 -0.00332891 1.13889e-04 0.0033430447 0.0 13 22.0390533969 2.4248428059 0 0 1 2 5 5 0 0 0 6 
384 1 17.4797 13.8089 1.97238 0.00199078 -0.0027387 -0.00221415 0.004045509 0.0 17 25.2430112429 2.4966886864 0 0 2 0 9 4 1 1 0 8 
738 1 10.9624 16.7719 2.30236 2.80823e-04 -0.00142377 1.50262e-04 0.001458959 0.0 13 22.4034190151 2.2506616545 0 0 1 1 8 2 1 0 0 7 
147 1 13.3107 9.34412 2.59265 -0.0012877 -1.05179e-04 0.00126941 0.0018112525 0.0 13 21.3762884885 2.2022350629 0 0 0 3 7 2 1 0 0 7 
830 1 14.9002 16.5782 6.70263 6.76272e-04 -0.00162372 -0.00162948 0.0023977105 0.0 15 23.5616019071 2.2237661697 0 0 0 4 5 5 1 0 0 7 
947 1 13.5446 17.6239 0.647571 -0.00755656 4.90904e-04 0.00102222 0.0076411727 0.0 13 20.7683831118 2.2504195103 0 0 1 0 9 3 0 0 0 6 
312 1 12.1433 10.9304 4.83988 -0.00119498 -0.00197589 -0.00656893 0.0069629706 0.0 14 23.0819362323 2.2715071695 0 0 0 1 10 3 0 0 0 6 
829 1 15.921 9.99769 4.46409 -2.01625e-04 4.51862e-04 -0.00280761 0.0028508781 0.0 19 24.0863648456 2.3286356521 0 0 1 3 6 7 1 1 0 8 
985 1 11.0506 11.3351 2.37103 6.16859e-04 0.00252688 -0.00102179 0.0027945827 0.0 14 21.6119647682 2.2883898543 0 0 0 1 10 3 0 0 0 6 
28 1 9.41147 10.3526 4.29957 -0.00101017 -0.00128346 0.00476177 0.0050341004 0.0 12 19.2711028677 2.4268009489 0 0 1 3 4 3 1 0 0 7 
128 1 12.0564 14.3707 5.83 0.00176698 -0.00130225 -0.00114253 0.0024745602 0.0 12 22.4876957183 2.2801303147 0 0 0 4 4 4 0 0 0 6 
353 1 16.1638 13.8414 7.84931 -0.00491742 0.00183045 -6.27577e-04 0.0052844507 0.0 17 26.2180005958 2.3918587524 0 0 0 5 2 10 0 0 0 6 
656 1 14.7776 14.6092 4.30091 -5.22567e-04 -4.71256e-04 5.5173e-05 7.0583464562e-04 0.0 13 23.0659983916 2.413013543 0 0 0 3 7 2 1 0 0 7 
357 1 11.8348 17.2014 5.04354 0.00178969 -0.00117577 0.00163715 0.0026954936 0.0 14 22.9314387108 2.2801303147 0 0 0 3 7 3 1 0 0 7 
366 1 10.9407 12.1551 7.65253 8.84146e-04 0.00661671 0.00645064 0.0092829587 0.0 16 24.9524898591 2.2235645219 0 0 0 3 7 5 1 0 0 7 
84 1 17.3907 10.9173 2.33041 -0.00102146 -5.68878e-04 0.00225168 0.0025371373 0.0 13 22.0493123111 2.3528731781 0 0 0 4 4 5 0 0 0 6 
553 1 14.2949 12.3106 6.24488 -0.00453705 -2.35972e-04 0.00129117 0.0047230949 0.0 14 22.8799517814 2.2715071695 0 0 0 2 8 4 0 0 0 6 
276 1 12.0481 14.3357 3.02192 -0.00250467 -6.42033e-04 -0.00263816 0.003693977 0.0 15 23.484056141 2.2875323537 0 0 1 2 6 5 1 0 0 7 
805 1 14.4787 12.0413 2.67564 -0.00317451 -0.0027311 -0.007049 0.0081990745 0.0 15 23.8840125143 2.2883898543 0 0 0 0 12 3 0 0 0 6 
923 1 17.599 15.2105 6.11186 -0.00246971 -0.00131551 -0.00267073 0.0038681821 0.0 13 21.9419347599 2.4966886864 0 0 0 3 6 4 0 0 0 6 
194 1 18.1124 12.2121 26.5797 -0.00295813 -0.00106024 0.00130576 0.0034028886 0.0 17 21.9734605938 2.3075156853 0 0 2 4 3 4 3 1 0 8 
911 1 16.9868 12.5782 4.94517 0.00122597 0.00250036 -0.00335964 0.0043637121 0.0 13 24.4067453165 2.3528731781 0 0 0 1 10 2 0 0 0 6 
363 1 25.1632 13.8955 0.499116 0.00312378 -5.6467e-04 3.42495e-05 0.0031745908 0.0 16 23.1116592473 2.2075877933 0 0 2 1 7 4 1 1 0 8 
158 2 0.696064 15.1262 6.34358 0.00327954 0.00181674 0.00256038 0.004539986 0.0 13 14.3826333735 2.1020509112 0 0 2 2 3 5 1 0 0 7 
213 2 22.4818 13.4935 8.85283 -0.00116881 9.54782e-04 -0.00190434 0.0024298634 0.0 14 17.0295329969 2.1574622905 0 0 1 3 5 3 2 0 0 7 
715 1 19.4746 17.5267 6.304 0.00248962 1.29503e-04 6.37917e-04 0.0025733085 0.0 13 19.832002329 2.1280590021 0 0 1 3 4 4 1 0 0 7 
298 1 22.2882 17.1448 4.59768 0.00182121 0.00194354 3.37923e-04 0.0026848362 0.0 13 19.8612563365 2.1746480866 0 0 0 5 2 6 0 0 0 6 
21 2 18.8718 10.1563 6.31062 3.99388e-04 -0.00237525 -0.00199493 0.0031274701 0.0 14 19.9997541658 2.3528731781 0 0 1 4 3 4 2 0 0 7 
795 2 23.1919 9.20831 8.36479 8.14622e-04 -0.00120278 0.00210546 0.0025579778 0.0 16 14.2135162068 2.0039651989 0 0 3 3 4 2 2 1 1 9 
92 1 19.5739 9.11275 3.54186 -0.00137898 0.00261484 -1.37718e-04 0.0029593817 0.0 14 22.9050833753 2.3523008706 0 0 1 1 8 3 1 0 0 7 
313 2 26.5711 17.1956 5.34815 -3.6574e-04 -8.90678e-04 6.72843e-04 0.0011746449 0.0 11 15.5118603292 2.1334838791 0 0 0 2 8 1 0 0 0 6 
245 1 19.6483 17.454 3.45892 -0.00212011 0.00111596 -6.3019e-04 0.0024773721 0.0 16 22.038100385 2.4966886864 0 0 1 4 3 6 2 0 0 7 
810 1 22.3398 12.7492 0.753958 3.44471e-05 -0.00125984 -1.41674e-04 0.0012682488 0.0 15 21.9362780917 2.2658865267 0 0 1 3 5 4 2 0 0 7 
640 2 25.2199 13.5715 3.87967 -0.00335216 0.00235836 -1.68575e-04 0.0041021039 0.0 14 16.2042229616 2.1331061544 0 0 4 1 3 3 1 2 0 8 
123 1 25.0961 16.6381 2.4572 0.00109333 -9.1731e-04 0.00111502 0.001811104 0.0 16 22.7182435868 2.2455306763 0 0 3 2 4 4 2 0 1 9 
466 2 26.1529 11.4339 4.26471 -6.95566e-04 0.00160928 -0.00348379 0.0039000496 0.0 12 13.3730431114 2.0604481623 0 0 0 3 6 3 0 0 0 6 
493 1 20.116 14.7167 1.96416 -0.00422988 -0.00366241 -0.00109234 0.0057007314 0.0 14 23.052909806 2.4362808561 0 0 3 2 2 5 1 1 0 8 
992 1 19.6915 13.0962 6.82695 -0.00113088 -0.0018431 0.00358243 0.0041844608 0.0 16 24.6995230153 2.2703726914 0 0 0 4 5 6 1 0 0 7 
155 1 22.5327 15.4966 0.0524222 -3.80516e-04 0.00227927 0.00141009 0.0027070681 0.0 13 20.3760981208 2.2455306763 0 0 1 0 9 3 0 0 0 6 
108 2 24.3888 11.6041 2.67023 -8.56094e-04 0.00253053 -0.00439611 0.0051441483 0.0 13 18.1154832171 2.1665457221 0 0 0 3 6 4 0 0 0 6 
929 1 22.8508 14.9772 3.07024 0.00149709 3.67365e-04 -7.93899e-04 0.0017339294 0.0 15 21.4561615638 2.1665457221 0 0 0 3 6 6 0 0 0 6 
449 1 20.3122 15.0446 4.71006 -6.04319e-04 1.30237e-04 9.89623e-04 0.0011668405 0.0 13 22.0144911067 2.4955101497 0 0 0 3 6 4 0 0 0 6 
788 2 22.845 11.5744 7.70527 0.00189512 -0.00311601 7.30266e-04 0.0037194471 0.0 13 13.1662344205 1.951424259 0 0 0 3 6 4 0 0 0 6 
217 1 20.0504 15.5822 8.338 -0.00307766 -0.00399923 9.84354e-04 0.0051414769 0.0 15 22.1013722586 2.2783014863 0 0 0 3 7 4 1 0 0 7 
890 1 22.492 16.371 7.59087 0.00251684 0.00124802 -0.00434628 0.0051751509 0.0 14 22.3421869994 2.1746480866 0 0 0 2 8 4 0 0 0 6 
951 1 20.3718 10.5313 0.962199 9.38854e-04 -1.38619e-04 -0.00127295 0.0015877858 0.0 13 22.0273445979 2.2906851142 0 0 1 2 6 3 1 0 0 7 
139 1 20.796 12.1351 3.45491 1.72743e-05 5.30606e-04 -7.06709e-04 8.8389973377e-04 0.0 17 27.1227794382 2.3528731781 0 0 0 2 8 7 0 0 0 6 
485 2 22.6902 13.572 6.17134 0.00180615 -5.4694e-04 -0.00173704 0.0025648838 0.0 14 18.9618491679 2.1313715729 0 0 1 3 4 5 1 0 0 7 
132 2 23.5882 9.2665 6.13236 -0.00200252 7.01482e-05 4.96551e-04 0.002064357 0.0 14 13.8840352574 1.9054880498 0 0 0 3 6 5 0 0 0 6 
372 2 25.0129 13.54 7.26655 -0.00359279 0.00166421 5.41582e-04 0.0039963791 0.0 15 15.8621302912 2.1202412456 0 0 2 3 2 6 2 0 0 7 
233 2 25.7457 11.3263 6.67183 3.30119e-04 4.6012e-04 -0.0017262 0.0018167156 0.0 14 12.3047839928 1.8680796919 0 0 3 3 2 2 3 1 0 8 
236 2 25.0093 15.4776 5.74834 0.00348452 0.00193724 -0.00175542 0.004356177 0.0 15 18.6765018504 2.1746480866 0 0 2 3 3 5 1 1 0 8 
568 2 23.1835 9.59138 3.33267 -0.00190907 -0.00605477 0.002779 0.0069301969 0.0 16 20.7859972842 2.231415737 0 0 1 3 5 5 2 0 0 7 
836 2 20.9931 10.7398 8.98033 0.00131525 0.00198798 0.00358104 0.0043018362 0.0 14 14.1515095318 2.023478071 0 0 1 3 4 5 1 0 0 7 
15 2 24.1236 12.0221 5.04784 -2.11328e-05 -0.00126263 -3.14875e-04 0.0013014712 0.0 15 14.815333342 2.1665457221 0 0 1 2 7 3 2 0 0 7 
945 2 21.4402 10.4405 6.16856 0.00210811 0.00229738 7.78282e-05 0.0031189966 0.0 15 17.4251555426 2.1077881119 0 0 1 3 5 4 2 0 0 7 
212 2 25.5784 9.26116 7.73512 -0.00265398 0.00244728 7.96484e-04 0.0036969144 0.0 16 13.2098904828 1.9262540129 0 0 2 4 3 3 3 1 0 8 
411 1 23.0674 10.0059 0.38262 0.00126205 -0.00356696 -0.0017456 0.0041669045 0.0 14 21.7668784892 2.2231647161 0 0 2 4 2 2 4 0 0 7 
477 2 21.1825 8.40194 7.28746 0.00358627 7.40275e-04 3.7321e-04 0.0036808457 0.0 14 12.821745005 1.9334124817 0 0 2 5 1 1 5 0 0 7 
277 2 1.04314 25.0258 6.72334 0.00241809 -0.00110568 -0.00165244 0.0031305344 0.0 14 13.5400335056 1.9829266067 0 0 1 3 5 4 0 1 0 8 
634 2 6.68301 22.6141 3.56445 7.01866e-04 -4.53529e-04 0.00378272 0.0038739224 0.0 16 15.5838870178 2.2475551308 0 0 0 4 4 8 0 0 0 6 
687 2 5.532 24.1913 2.42045 0.00168958 2.34605e-04 9.05146e-04 0.0019310643 0.0 13 11.365090664 1.8580070929 0 0 1 2 5 5 0 0 0 6 
772 2 2.06654 24.2595 4.47559 2.36571e-05 -6.47437e-04 8.17352e-04 0.0010429758 0.0 15 12.8820412514 2.1303756123 0 0 2 2 5 3 3 0 0 7 
935 2 8.09797 0.204816 2.72262 0.0027403 -9.29854e-04 6.40417e-05 0.002894473 0.0 14 12.2957107812 1.9682021397 0 0 0 4 5 4 1 0 0 7 
257 2 4.69365 23.972 4.46483 0.00232607 -0.00214571 0.00475712 0.0057135684 0.0 13 12.4133487257 1.8598124264 0 0 2 1 6 2 2 0 0 7 
946 2 4.3213 24.9944 0.653508 -8.3179e-04 -0.00243443 -0.00199825 0.0032575032 0.0 13 12.4677663637 2.0319438573 0 0 0 4 4 5 0 0 0 6 
453 2 1.04507 18.1833 2.96237 -0.00125296 0.00132332 7.37216e-04 0.0019658515 0.0 14 19.6741688893 2.1703770957 0 0 0 1 10 3 0 0 0 6 
797 2 7.90434 20.2532 7.73379 -1.09317e-04 0.0050984 0.00129831 0.0052622468 0.0 14 17.0100640568 2.145673816 0 0 0 4 4 6 0 0 0 6 
879 2 0.686448 20.765 7.53937 0.00369502 0.00450664 0.00245355 0.0063232021 0.0 13 16.2353110692 2.0388034114 0 0 0 1 10 2 0 0 0 6 
808 2 4.32404 22.1913 6.07577 0.00202042 1.40222e-04 0.00365949 0.0041825383 0.0 16 13.6051839081 1.8908416579 0 0 1 3 4 7 1 0 0 7 
342 2 9.59829 22.1174 7.36835 -0.00269413 -0.00245499 0.00310704 0.0047894686 0.0 15 17.8364306324 2.1883428145 0 0 0 6 3 3 3 0 0 7 
269 2 4.93128 20.9743 9.30092 0.00242567 -0.00145991 -0.00548881 0.006175941 0.0 15 19.4181300341 2.2844066057 0 0 2 3 3 4 3 0 0 7 
777 2 6.83303 24.1926 6.14857 0.00238457 1.94412e-04 -0.00113959 0.0026500256 0.0 15 14.0141970882 1.9162764261 0 0 0 4 6 3 2 0 0 7 
791 2 7.47779 24.5563 1.62305 0.00104728 2.77524e-05 9.98087e-04 0.0014469773 0.0 11 11.7369064813 1.9539936846 0 0 0 4 4 3 0 0 0 6 
76 2 4.34868 24.432 7.11067 0.00243819 -0.00128045 0.0033683 0.0043508353 0.0 16 14.5422350675 1.9904630109 0 0 2 2 5 5 1 1 0 8 
718 2 2.37373 20.9505 4.27204 -0.00304217 3.10284e-04 0.00407023 0.0050909573 0.0 14 12.4967210468 1.9240083634 0 0 1 3 5 3 2 0 0 7 
79 2 8.04707 22.0205 9.3885 3.10311e-04 0.00613919 6.5795e-04 0.0061821392 0.0 15 18.9438211893 2.287368233 0 0 0 3 7 4 1 0 0 7 
605 2 3.30779 25.557 2.95092 0.00122366 -0.00616497 -0.00102021 0.0063674977 0.0 14 13.4180944855 2.1269482853 0 0 2 0 8 2 2 0 0 7 
514 2 4.57041 21.3651 2.76631 -0.00504971 3.16045e-04 -0.00343873 0.006117542 0.0 14 14.7953054984 2.3082118318 0 0 1 2 6 4 1 0 0 7 
162 2 7.12634 19.158 5.50955 6.40991e-04 0.00305904 -0.00286504 0.0042399351 0.0 14 19.7075972683 2.2597365888 0 0 0 3 6 5 0 0 0 6 
744 2 1.87093 24.1812 1.44678 -0.00364935 0.00120982 6.299e-05 0.0038451772 0.0 14 17.2663566642 2.1002822944 0 0 1 3 4 5 1 0 0 7 
413 2 0.21583 20.4939 3.25259 -0.00153672 0.00139838 2.5778e-04 0.0020936632 0.0 11 16.891927493 2.2821987219 0 0 0 2 8 1 0 0 0 6 
124 2 7.02527 21.6732 5.96604 -0.00268836 -0.00163215 0.00101189 0.003303803 0.0 13 14.6386708671 2.2305442268 0 0 1 3 4 4 1 0 0 7 
825 2 8.29825 24.5364 3.80433 -0.00154521 0.00294761 0.00611537 0.0069623149 0.0 12 11.7710253337 1.9158942132 0 0 1 3 4 3 1 0 0 7 
175 2 26.8121 21.361 5.31832 0.00154075 -0.00156157 0.00116952 0.0024859985 0.0 12 14.6196150354 2.1549028798 0 0 0 3 6 3 0 0 0 6 
717 2 4.34413 0.0683736 8.67654 0.00363609 -0.00339454 -0.0012023 0.0051175754 0.0 15 14.4696452944 2.0697361842 0 0 4 1 3 3 3 1 0 8 
776 2 6.48982 17.7682 7.57148 -0.00339176 -9.07379e-04 0.00205826 0.0040698657 0.0 15 19.9831170027 2.2433861631 0 0 0 3 6 6 0 0 0 6 
111 2 8.27009 24.1842 8.32193 0.00169436 -0.00185057 7.88305e-04 0.0026299981 0.0 13 13.9600037941 2.1282633239 0 0 0 3 6 4 0 0 0 6 
26 2 9.33591 24.7069 5.89451 0.00205871 0.00323064 -0.00164309 0.004168341 0.0 13 13.0515654009 2.0159416294 0 0 0 3 6 4 0 0 0 6 
491 2 3.89775 22.3014 0.47381 -9.00006e-04 -0.00405549 -7.94866e-04 0.0042295179 0.0 14 18.1628254141 2.2894790512 0 0 1 3 5 3 2 0 0 7 
840 1 6.79394 19.537 2.34527 -0.00464948 0.00124661 5.68554e-04 0.0048471594 0.0 14 22.9466181883 2.3082118318 0 0 0 4 4 6 0 0 0 6 
748 2 1.13369 19.2257 5.29801 0.00413427 -0.00418146 0.00123089 0.0060076523 0.0 15 13.7167468468 2.0770338876 0 0 0 3 7 4 1 0 0 7 
786 2 3.23062 23.1343 2.89577 0.00574799 -1.83103e-04 -0.00132888 0.0059024434 0.0 13 11.4649679361 1.8734779875 0 0 1 2 6 3 1 0 0 7 
725 2 6.03453 23.0273 8.32091 0.00115784 -0.00172745 -0.0015704 0.0026059227 0.0 13 14.6386511352 1.9583853527 0 0 0 3 7 2 1 0 0 7 
214 2 5.60468 19.9583 6.98584 -0.00143006 0.00225378 1.95445e-04 0.0026763398 0.0 12 12.7648825274 2.1326612699 0 0 1 2 6 2 1 0 0 7 
573 2 3.15789 25.9831 5.37377 -0.00613949 -3.04921e-04 7.09267e-04 0.0061878408 0.0 14 13.4690643463 2.0801631068 0 0 2 2 4 4 2 0 0 7 
616 2 2.97212 20.1677 7.04438 0.00130441 -3.86077e-04 -0.00188414 0.0023239028 0.0 13 14.5101439091 2.0177420057 0 0 0 2 8 3 0 0 0 6 
9 2 3.5091 19.0817 2.64292 4.38898e-04 -0.00304249 0.00231429 0.0038477675 0.0 15 19.0658366206 2.303653515 0 0 1 2 6 5 1 0 0 7 
231 2 -0.134323 22.9626 7.51447 -0.00254466 -0.00188532 -7.65091e-04 0.0032580808 0.0 13 17.4241213227 2.3526413353 0 0 0 2 8 3 0 0 0 6 
722 2 6.17313 25.9142 4.29193 -2.49471e-04 6.64498e-05 -0.00261303 0.0026257527 0.0 18 13.6500391205 2.0801631068 0 0 1 4 6 2 5 0 0 7 
430 2 6.68541 22.3236 0.421605 0.00246008 6.9128e-05 1.69744e-04 0.0024668979 0.0 17 20.4982575632 2.3082118318 0 0 1 2 7 6 0 1 0 8 
607 2 2.16449 20.7559 1.61141 -0.00513836 -0.0025552 0.00319258 0.0065669139 0.0 14 17.8532999922 2.2611325201 0 0 0 3 7 3 1 0 0 7 
278 2 4.43821 20.1442 4.77998 0.00204121 0.00475584 -2.99656e-04 0.0051840473 0.0 13 14.1582800248 2.1286250086 0 0 0 3 6 4 0 0 0 6 
561 2 4.13173 17.9557 5.75425 7.16856e-06 0.00195858 -0.00245749 0.003142506 0.0 14 16.564871776 2.2422421379 0 0 1 2 7 2 2 0 0 7 
957 2 1.9156 22.5397 6.11442 -0.00114492 0.00274913 7.72696e-04 0.0030766242 0.0 15 12.523473752 1.9330318306 0 0 2 2 5 3 3 0 0 7 
378 2 26.2216 24.2728 5.05903 3.3584e-04 -1.8099e-05 -0.00260296 0.0026245984 0.0 14 17.51790384 2.1458322041 0 0 0 2 8 4 0 0 0 6 
866 2 0.716992 22.7037 3.38412 2.25086e-04 -0.00148601 4.71914e-04 0.001575307 0.0 13 15.593938976 2.2736132212 0 0 1 2 5 5 0 0 0 6 
600 2 1.0462 17.7706 7.2684 0.00245713 -0.00184774 0.00365662 0.0047772901 0.0 14 17.918679358 2.0926874949 0 0 0 3 7 3 1 0 0 7 
141 2 7.91953 26.3343 7.10297 2.52276e-04 4.91768e-04 0.00204095 0.0021144635 0.0 15 13.2943010037 1.9220341246 0 0 1 2 7 3 2 0 0 7 
852 2 5.66067 26.4988 2.10469 -9.9459e-04 -1.67557e-05 -0.0020874 0.0023122995 0.0 13 11.9128451693 1.9947296097 0 0 0 4 4 5 0 0 0 6 
293 1 10.7203 19.6697 5.56343 -3.16982e-04 0.00359256 -0.0052879 0.0064006915 0.0 13 21.3918315177 2.2597365888 0 0 0 3 6 4 0 0 0 6 
792 1 15.667 21.7237 7.34413 0.00134576 -9.69481e-04 0.00164702 0.0023374427 0.0 15 21.9541345746 2.3019117147 0 0 0 3 6 6 0 0 0 6 
999 2 10.7702 24.5757 9.39313 -0.00134202 -0.0019839 0.00574531 0.0062245854 0.0 12 17.1358285846 2.1883834074 0 0 0 0 12 0 0 0 0 5 
924 1 12.0114 19.5349 2.6843 -0.00105448 0.00137317 -0.0039909 0.0043502651 0.0 16 23.8001095271 2.3989031858 0 0 0 2 8 6 0 0 0 6 
160 2 8.94006 22.801 2.39949 -0.00279565 -0.00336195 -0.00233525 0.004956991 0.0 14 15.9656883859 2.1868181746 0 0 0 2 8 4 0 0 0 6 
712 2 11.9583 25.2435 1.30827 -0.00119824 -0.00133565 0.00172431 0.0024885709 0.0 15 14.6046232248 1.8914361228 0 0 2 2 4 5 2 0 0 7 
60 1 14.3426 17.5458 3.46656 -7.48872e-04 0.00244929 0.00268341 0.0037095175 0.0 14 23.1371082344 2.3533169349 0 0 0 3 7 3 1 0 0 7 
746 1 18.1779 23.1444 5.43244 8.51101e-04 -6.39598e-04 -0.00143546 0.0017871776 0.0 13 23.5207578506 2.3675192585 0 0 0 1 10 2 0 0 0 6 
445 2 11.7157 26.9917 5.15804 0.00144475 0.0031794 0.00262233 0.0043672075 0.0 15 14.0531527332 1.9766590075 0 0 2 2 5 4 1 1 0 8 
918 1 9.29206 19.1923 3.35278 -0.00350492 -1.07166e-04 0.00252051 0.0043184395 0.0 15 22.0045095023 2.2595254742 0 0 0 4 4 7 0 0 0 6 
432 2 13.9043 26.1018 5.16436 0.00390067 -1.39428e-04 0.00626641 0.007382585 0.0 14 12.1764295821 1.982927871 0 0 2 3 3 3 3 0 0 7 
868 1 17.9218 24.6546 8.7225 -3.55929e-04 -1.61362e-04 -0.0029269 0.0029528743 0.0 16 23.1067429578 2.453258259 0 0 1 2 8 2 3 0 0 7 
116 1 16.0125 20.5618 4.56153 0.00270944 2.19875e-04 -0.00203999 0.0033986717 0.0 16 25.8628801469 2.5539456957 0 0 0 4 4 8 0 0 0 6 
790 2 12.8842 25.3213 8.56474 -0.00113902 6.02437e-04 -1.50497e-04 0.0012972842 0.0 12 14.3636237603 2.2244449176 0 0 1 2 6 2 1 0 0 7 
5 2 18.0318 26.2653 4.97133 -8.13094e-04 -2.94184e-04 0.00196488 0.002146723 0.0 13 16.5255926485 2.1433802036 0 0 0 3 6 4 0 0 0 6 
676 2 14.097 24.4987 6.90577 2.45714e-04 -0.00311024 -0.00151297 0.0034674265 0.0 14 15.5685554162 2.263996285 0 0 1 4 2 6 1 0 0 7 
43 1 12.6498 20.2583 26.2111 0.00112706 0.00181276 -8.73947e-04 0.0023065443 0.0 15 22.5573244378 2.2301012879 0 0 0 4 4 7 0 0 0 6 
768 1 11.6853 20.0149 8.31022 -0.00174169 -0.00298935 -0.00605699 0.0069754445 0.0 13 21.786139099 2.1698131997 0 0 1 4 3 3 2 0 0 7 
724 2 10.4666 24.858 3.63454 -0.00213312 0.00442693 9.24559e-04 0.0050002719 0.0 15 13.8304967214 2.0023918 0 0 1 3 5 4 2 0 0 7 
569 2 16.2082 26.0268 6.72551 0.00115326 -3.44703e-04 0.00341521 0.003621117 0.0 14 15.7163145511 2.3019117147 0 0 0 5 3 5 1 0 0 7 
207 1 14.7968 20.1502 1.68749 5.26536e-04 -0.00280631 0.00168879 0.0033173224 0.0 14 23.5636972616 2.5033721252 0 0 1 1 7 5 0 0 0 6 
938 1 16.6097 19.1668 7.16931 -1.1388e-04 0.00348013 -0.00293434 0.0045535288 0.0 14 21.014050641 2.1927352093 0 0 1 3 4 5 1 0 0 7 
513 2 12.9737 22.5991 2.04815 0.00196118 0.00203285 -0.00103773 0.0030092507 0.0 14 18.7510290241 2.5539456957 0 0 1 2 5 6 0 0 0 6 
385 2 10.9793 22.8311 0.814734 -9.08064e-04 -1.06761e-04 -0.00215395 0.0023399741 0.0 13 16.0928847782 2.1688904171 0 0 2 3 3 3 1 1 0 8 
496 2 11.5607 23.8555 7.01637 0.00166882 -0.00129459 0.00133111 0.0024965531 0.0 15 15.9881630988 2.1504939401 0 0 2 4 2 3 4 0 0 7 
315 1 16.6183 22.1347 0.757902 0.00115545 2.01757e-04 -0.00152077 0.0019205499 0.0 16 25.7927525796 2.5539456957 0 0 0 4 4 8 0 0 0 6 
467 2 15.1905 24.2843 4.71245 -0.00508541 4.43155e-04 -0.00124501 0.0052543155 0.0 14 17.7979567613 2.5539456957 0 0 0 2 8 4 0 0 0 6 
32 2 13.2247 22.1413 5.65622 -0.00289584 -0.00284877 0.00370466 0.0054978073 0.0 16 22.404972233 2.3989031858 0 0 1 2 6 6 1 0 0 7 
239 2 9.44071 25.5113 0.935122 -0.00213492 -0.00137405 -6.90817e-05 0.0025398167 0.0 16 15.5253301876 2.011761425 0 0 0 4 6 4 2 0 0 7 
760 2 13.1621 23.4292 26.5937 -0.00114946 0.00102553 -0.00101475 0.0018446375 0.0 14 18.9490485322 2.3740175249 0 0 1 3 4 5 1 0 0 7 
290 2 9.21148 22.2065 4.97492 0.00273522 -2.83059e-04 0.00195874 0.003376124 0.0 16 16.6355218829 2.2475551308 0 0 0 3 8 3 2 0 0 7 
41 1 13.8247 19.2043 6.43406 -2.58038e-04 -0.00153758 -6.12862e-04 0.0016752121 0.0 15 22.7097656243 2.394670129 0 0 0 3 6 6 0 0 0 6 
394 2 14.2129 24.8186 2.42759 0.00525381 -0.00292002 0.00216176 0.0063876633 0.0 13 15.6864271563 2.4983322552 0 0 1 3 4 4 1 0 0 7 
893 2 10.8032 26.1019 7.28603 -0.00151125 0.00125052 0.00141319 0.0024175986 0.0 17 14.0403479426 1.982927871 0 0 2 0 10 1 4 0 0 7 
256 2 11.1152 22.2977 3.43943 0.00325254 9.76398e-04 6.45488e-04 0.0034567361 0.0 13 16.3508806291 2.1766686926 0 0 2 2 3 5 1 0 0 7 
483 2 12.5408 24.0932 4.47693 -2.16137e-04 -0.00129616 -0.00169273 0.0021429141 0.0 14 14.5129564162 2.0892187907 0 0 0 4 6 2 2 0 0 7 
973 2 16.6186 24.8525 2.94813 0.00296596 -9.39759e-04 -1.55793e-04 0.0031151785 0.0 13 20.7051045683 2.4838652935 0 0 1 1 8 2 1 0 0 7 
609 1 18.9248 22.0877 2.71589 -0.00271235 -0.0014212 6.55172e-04 0.0031314377 0.0 15 23.4272096645 2.4169543387 0 0 2 2 6 2 2 1 0 8 
307 1 24.3345 23.8034 0.783048 -9.81841e-04 0.00387692 -1.15248e-04 0.0040009752 0.0 14 22.4099405512 2.2670082726 0 0 1 1 8 3 1 0 0 7 
71 1 20.8693 20.1517 0.95503 1.89788e-04 -0.00532745 -6.80865e-04 0.0053741344 0.0 13 21.3917762905 2.25222289 0 0 0 3 6 4 0 0 0 6 
387 1 21.0048 25.4578 1.01399 0.00306452 0.00276869 0.00235218 0.00475286 0.0 14 22.4822775757 2.3299587746 0 0 2 2 4 4 2 0 0 7 
248 1 20.3464 24.4905 6.9457 0.00358462 6.26125e-04 0.00105559 0.0037889053 0.0 15 23.7710122513 2.3067950422 0 0 0 1 11 2 1 0 0 7 
172 1 21.7625 22.8067 2.02829 0.00436194 5.66097e-04 -1.32587e-04 0.0044005188 0.0 13 21.8201320002 2.1750337565 0 0 0 2 8 3 0 0 0 6 
191 1 18.729 21.4686 7.77833 0.00121431 -0.00110918 0.00102651 0.0019386985 0.0 15 23.3729073984 2.2363344481 0 0 1 3 5 4 2 0 0 7 
920 1 26.5108 22.2067 0.122046 3.33721e-04 -1.94718e-04 -0.00413184 0.0041498659 0.0 17 21.6099312047 2.2821987219 0 0 0 5 3 8 1 0 0 7 
636 2 25.2692 26.679 5.38963 -5.54104e-06 1.97494e-04 0.00235729 0.0023655551 0.0 14 15.2844832805 2.317092469 0 0 1 3 4 5 1 0 0 7 
683 1 24.3177 18.906 3.77295 -6.12744e-04 0.00131335 -7.83613e-04 0.0016475414 0.0 16 22.0531371103 2.1820168003 0 0 0 4 6 4 2 0 0 7 
505 1 21.8456 19.2089 6.3893 0.00373995 -0.00182579 -0.00225199 0.0047320391 0.0 14 20.4138788479 2.1820168003 0 0 1 2 6 4 1 0 0 7 
785 1 18.9059 20.1483 5.10149 -0.00188043 -8.30976e-04 -8.72761e-04 0.002233439 0.0 14 20.8137015212 2.1523632159 0 0 0 3 6 5 0 0 0 6 
300 1 26.1103 25.4866 2.44632 -1.69025e-04 4.50767e-04 0.00100551 0.0011148142 0.0 17 22.0133933428 2.2317489048 0 0 1 4 3 7 2 0 0 7 
928 1 24.0889 20.2712 1.01978 -0.00181513 -0.00324867 -0.00262676 0.0045550436 0.0 14 22.2782706288 2.2821987219 0 0 1 3 4 5 1 0 0 7 
400 1 21.2665 22.2204 5.40491 0.00564791 8.39105e-04 -0.00207866 0.0060764967 0.0 14 22.0096915747 2.1396773934 0 0 0 1 10 3 0 0 0 6 
30 1 17.8239 25.4831 26.8851 1.68803e-04 7.28441e-04 0.00114435 0.0013669885 0.0 16 23.5872686622 2.4182298765 0 0 2 2 6 2 4 0 0 7 
713 1 17.03 17.6539 4.47455 -0.00155117 -0.0031046 -8.29999e-04 0.0035684125 0.0 14 23.273443844 2.4966886864 0 0 0 3 7 3 1 0 0 7 
301 1 17.8194 19.4373 2.40739 -0.00224328 -6.31172e-04 -9.614e-04 0.0025209072 0.0 14 21.9075827409 2.25222289 0 0 1 4 3 4 2 0 0 7 
652 1 26.0015 18.214 0.212541 -1.18928e-04 -0.00293032 5.34134e-04 0.0029809761 0.0 18 23.7879300683 2.2611325201 0 0 3 2 5 4 3 0 1 9 
837 1 23.1922 25.1074 3.26437 -3.232e-04 0.00201356 -0.00291186 0.0035549699 0.0 16 23.3042098556 2.317092469 0 0 0 4 5 6 1 0 0 7 
271 1 21.4672 19.8614 3.74106 -2.36539e-04 -0.00220626 -0.00263553 0.0034452217 0.0 15 20.7685642501 2.1820168003 0 0 1 3 5 4 2 0 0 7 
617 1 23.7952 21.7747 6.49237 -3.74059e-05 -0.00190263 0.00310879 0.0036449932 0.0 16 21.445373834 2.1820168003 0 0 0 4 4 8 0 0 0 6 
702 1 22.9687 24.6903 6.07115 0.00281343 -0.00151772 -0.0021792 0.0038688209 0.0 16 21.8053491714 2.1631548943 0 0 0 4 6 4 2 0 0 7 
936 1 24.8835 21.4353 9.29375 0.00279518 -7.8921e-04 7.26789e-04 0.0029940117 0.0 13 20.9751737805 2.2010232761 0 0 0 3 6 4 0 0 0 6 
52 1 19.9721 24.8908 3.5413 0.00214589 0.00260852 4.73981e-05 0.0033780863 0.0 15 23.00140597 2.3387565521 0 0 1 3 5 4 2 0 0 7 
781 1 24.0543 22.2379 3.82317 -0.00116009 8.15991e-04 0.00488802 0.0050896355 0.0 15 23.8452196007 2.2821987219 0 0 0 3 6 6 0 0 0 6 
828 1 22.3723 17.8468 1.72425 -3.16696e-04 0.0023856 5.40376e-04 0.0024664529 0.0 13 20.5679916711 2.2392289171 0 0 1 2 6 3 1 0 0 7 
419 1 21.5186 21.5842 8.48141 0.00223394 -0.00218362 -9.67775e-04 0.0032703628 0.0 13 21.3246752495 2.2010232761 0 0 0 3 6 4 0 0 0 6 
371 2 25.7064 25.2232 7.71698 0.00150318 -0.00192308 -2.18385e-04 0.0024506078 0.0 13 15.7728625309 2.3502765914 0 0 1 4 3 3 2 0 0 7 
547 1 19.9304 18.8065 8.71641 0.00152144 -0.00157049 -5.713e-04 0.0022600005 0.0 14 21.8012827083 2.273754048 0 0 0 3 6 5 0 0 0 6 
150 1 24.804 19.1095 6.73991 0.00164149 -0.00195668 -0.00184132 0.0031485783 0.0 15 22.3548078035 2.1746480866 0 0 0 3 7 4 1 0 0 7 
665 2 24.0679 -0.0907364 7.50785 -1.39727e-04 0.00243784 6.52722e-04 0.0025275746 0.0 13 13.9015517084 2.1047875356 0 0 1 5 1 5 0 1 0 8 
72 1 16.6565 17.4136 0.595541 -0.00132251 2.468e-04 0.00162027 0.0021059957 0.0 15 21.9905083237 2.4933546121 0 0 1 2 6 5 1 0 0 7 
229 2 2.51803 5.06668 9.67777 0.0032874 -0.00107575 -0.00343057 0.0048716576 0.0 16 16.1583819425 2.3528951259 0 0 0 5 5 3 3 0 0 7 
249 2 6.93437 0.525189 10.2878 -8.44614e-04 -0.00166461 0.00170167 0.0025258622 0.0 14 16.3914340642 2.2279341844 0 0 1 5 1 5 2 0 0 7 
855 1 2.88308 2.53282 12.7261 0.0047721 0.00224448 0.00138025 0.0054512126 0.0 15 22.4692476168 2.1967115569 0 0 2 2 5 4 1 1 0 8 
779 1 5.05594 4.45634 12.7381 0.00449964 3.95366e-05 0.00445215 0.006330084 0.0 14 21.1507594406 2.3357426783 0 0 2 3 4 2 2 1 0 8 
591 2 4.5332 4.05444 9.44659 -6.02905e-04 9.72247e-04 0.00122165 0.0016736748 0.0 15 15.5589957606 2.1765559496 0 0 3 2 4 3 2 0 1 9 
588 2 1.86199 0.450671 10.2127 -0.00155103 -0.00410834 -0.00396111 0.005913928 0.0 15 18.6188656693 2.2317309301 0 0 1 3 4 6 1 0 0 7 
294 1 5.80928 3.10702 18.0898 -0.00343798 0.00139561 -7.61867e-04 0.0037878589 0.0 12 21.2985544553 2.1227603517 0 0 0 0 12 0 0 0 0 5 
813 1 4.4288 6.05642 17.0192 -1.89064e-04 0.00323978 -7.05438e-04 0.0033210785 0.0 16 23.4711834615 2.1947041628 0 0 0 3 6 7 0 0 0 6 
282 1 5.33972 1.52236 13.5075 -0.00102094 -0.00114758 -7.15865e-04 0.0016946153 0.0 14 22.0376790006 2.2279341844 0 0 2 3 3 3 3 0 0 7 
910 1 4.99472 7.08831 14.1612 0.00196835 -0.00202422 -9.82731e-04 0.0029895867 0.0 13 21.1520369996 2.1888739578 0 0 1 2 5 5 0 0 0 6 
733 1 1.08842 1.82708 15.4301 0.00108008 -4.14874e-04 0.0028546 0.0030801679 0.0 16 24.7352772524 2.2940794506 0 0 0 4 5 6 1 0 0 7 
907 1 2.57087 5.15256 13.5272 -0.00266298 0.00227856 9.55175e-04 0.0036325827 0.0 17 23.3978470455 2.3780174128 0 0 0 5 4 6 2 0 0 7 
223 1 7.59883 5.94271 12.9001 5.11865e-04 -0.00239854 6.41037e-04 0.0025349415 0.0 17 23.2340841111 2.2584274708 0 0 1 4 4 5 3 0 0 7 
991 1 6.74735 4.92475 15.6012 0.0038768 0.00139147 -0.00211733 0.0046312907 0.0 14 22.5769328031 2.2677570338 0 0 2 1 6 3 2 0 0 7 
560 1 4.17022 3.31954 15.4744 -0.0035333 -0.00404248 -0.00247414 0.0059116176 0.0 16 23.1800243979 2.2605447537 0 0 2 4 2 4 4 0 0 7 
967 1 8.84965 8.10944 10.9978 -0.00317264 0.00108689 -1.28664e-04 0.0033561181 0.0 14 22.8357137877 2.2453959326 0 0 1 3 5 3 2 0 0 7 
161 2 8.24396 4.99413 9.95376 -3.26911e-04 -0.00245142 0.00277702 0.0037186249 0.0 16 19.2576046229 2.2565817508 0 0 3 3 2 5 1 2 0 8 
580 1 4.19777 9.71318 15.4947 0.00165162 0.00210288 -6.84523e-04 0.0027601675 0.0 14 21.0431321027 2.1947041628 0 0 0 4 4 6 0 0 0 6 
390 2 6.08588 2.7355 10.4344 0.00111728 0.00119869 0.00176214 0.0024063062 0.0 16 17.8046384811 2.2196175959 0 0 6 2 0 2 2 4 0 8 
95 1 5.63421 6.95746 11.0882 -0.00375837 -0.00266732 1.47528e-05 0.0046087047 0.0 18 25.2083134229 2.4348124764 0 0 2 2 5 6 3 0 0 7 
7 1 7.85748 3.25576 13.4589 -0.00128418 -5.26832e-04 -2.57685e-05 0.0013882846 0.0 17 23.9691681584 2.2677570338 0 0 1 3 6 4 3 0 0 7 
673 1 8.69798 2.84009 17.833 -9.01993e-05 6.28002e-05 9.44529e-04 9.5090210363e-04 0.0 16 23.1296583471 2.2677570338 0 0 1 3 5 5 2 0 0 7 
848 2 1.26776 6.54232 11.0913 -0.00311035 -0.00259562 -1.39735e-05 0.0040511376 0.0 13 17.2769589797 2.3528951259 0 0 0 3 6 4 0 0 0 6 
831 1 7.10206 7.80495 16.6567 -7.57332e-04 0.00264472 0.00181652 0.0032966408 0.0 16 23.979411385 2.2505602695 0 0 2 3 3 6 1 1 0 8 
274 1 4.42264 0.288991 17.0835 -5.85922e-04 0.001806 0.00248982 0.003131157 0.0 15 24.4978944553 2.2940794506 0 0 0 4 6 3 2 0 0 7 
975 2 0.561659 3.69799 10.2577 -4.00054e-05 0.00189747 6.25363e-04 0.0019982672 0.0 14 17.0910810589 2.2202916532 0 0 0 5 4 3 2 0 0 7 
708 1 8.29804 26.4506 13.017 2.52982e-04 -4.64224e-04 -4.63798e-04 7.0328685421e-04 0.0 16 25.1522542535 2.288134031 0 0 0 2 8 6 0 0 0 6 
359 1 3.35267 8.50024 12.2739 -0.00107503 -0.00349218 7.13994e-04 0.0037230093 0.0 15 22.2977906457 2.3295938348 0 0 1 5 2 5 1 1 0 8 
838 1 2.05863 7.38691 15.0854 0.00274342 5.32816e-05 -0.00295826 0.0040349095 0.0 15 22.3187329426 2.3232124116 0 0 0 5 4 4 2 0 0 7 
867 1 7.10707 1.03556 15.6785 3.442e-04 0.00135204 -0.00134765 0.0019397542 0.0 14 22.6993464176 2.2503330048 0 0 0 3 6 5 0 0 0 6 
122 1 7.19468 8.86863 13.6617 -0.0012826 -1.04048e-04 0.00257434 0.0028780402 0.0 15 22.6902573074 2.2562409758 0 0 2 3 2 6 2 0 0 7 
11 2 3.58495 2.04396 9.86155 3.65408e-04 0.00182662 -0.00325268 0.0037483317 0.0 15 15.6572466211 2.2196175959 0 0 3 3 2 4 1 2 0 8 
152 1 1.65849 4.62675 16.2926 0.00171214 0.00394922 0.00457366 0.0062806152 0.0 12 21.2592510043 2.3711477992 0 0 2 4 0 4 2 0 0 7 
334 2 8.86581 2.04124 10.728 -5.17875e-04 -0.00438918 -9.96609e-05 0.0044207497 0.0 14 16.8949383963 2.2055962132 0 0 0 5 3 5 1 0 0 7 
90 2 12.8691 2.63935 14.0399 3.41223e-05 0.00144939 5.03227e-04 0.0015346443 0.0 12 13.9392382317 2.1229414541 0 0 0 2 8 2 0 0 0 6 
199 2 11.096 4.26901 13.6466 2.79135e-04 0.00486637 0.0014029 0.0050722383 0.0 13 16.8222135154 2.2035154364 0 0 0 3 6 4 0 0 0 6 
306 2 17.867 6.0419 13.4373 -0.00119664 -2.4873e-04 0.00194196 0.0022945637 0.0 17 13.9054564455 1.9230649304 0 0 0 6 3 6 1 1 0 8 
650 2 14.394 6.94353 13.8163 -0.0024327 -0.0025102 -4.58043e-04 0.0035254697 0.0 16 14.0583487631 2.1198865187 0 0 0 3 7 5 1 0 0 7 
100 2 14.0545 3.57156 12.4354 5.81719e-05 0.00264764 0.00431204 0.0050603429 0.0 14 13.272867885 1.9626481331 0 0 1 2 7 2 2 0 0 7 
451 2 14.5264 5.88271 16.6989 -0.00289464 0.00292205 1.10222e-04 0.0041145432 0.0 15 12.4344327162 1.9990319398 0 0 1 3 5 4 2 0 0 7 
905 2 15.8105 5.34506 11.7991 -5.47027e-04 0.00438316 -0.00580459 0.007294148 0.0 15 12.1472749728 1.9915436163 0 0 0 3 6 6 0 0 0 6 
502 2 9.96321 5.05463 15.6867 4.55533e-04 8.3715e-04 -0.00254605 0.0027185844 0.0 14 19.3127097481 2.2677570338 0 0 1 3 4 5 1 0 0 7 
695 2 12.0324 6.17834 16.215 -0.00284579 -0.00144897 0.00358658 0.0048022485 0.0 16 13.6119313804 2.1198865187 0 0 0 6 3 5 1 1 0 8 
2 2 13.6684 0.483085 10.0987 -9.83822e-04 -0.00206231 2.12785e-04 0.0022948433 0.0 11 11.7998639544 2.1660988847 0 0 0 2 8 1 0 0 0 6 
330 2 16.9636 2.15987 15.7025 0.0016986 0.0016732 1.14944e-04 0.0023870593 0.0 14 17.9347715759 2.2020289627 0 0 0 2 8 4 0 0 0 6 
546 2 15.6182 7.55164 11.7522 -0.00361306 6.55489e-04 -0.00302134 0.0047552459 0.0 13 11.5331801275 1.9584711066 0 0 0 5 2 6 0 0 0 6 
322 2 10.7635 6.40846 18.2755 -0.0033099 -0.00232674 -5.86783e-04 0.0040882113 0.0 12 14.5051806601 2.2170388212 0 0 2 2 2 6 0 0 0 6 
171 2 12.8638 9.30611 13.7314 0.00160449 -0.00332638 -0.00107187 0.0038455295 0.0 12 12.4016492765 2.1198865187 0 0 0 3 7 1 1 0 0 7 
193 2 17.984 6.2077 16.2412 -0.00295079 -0.00154849 0.0032728 0.0046707818 0.0 12 12.0918231583 1.9458976666 0 0 2 2 3 4 1 0 0 7 
321 2 12.6074 10.452 11.6963 -0.00222791 -9.39464e-04 0.00179306 0.0030101893 0.0 12 14.3627645718 2.2238876569 0 0 0 0 12 0 0 0 0 5 
584 2 13.3823 1.32251 16.1892 1.78036e-04 0.0031907 0.0039105 0.0050501756 0.0 14 18.1529800106 2.2410312468 0 0 0 3 6 5 0 0 0 6 
381 2 9.96396 7.35097 15.5997 9.36982e-04 5.78414e-04 -0.00487139 0.0049942906 0.0 15 18.0960163264 2.2514587092 0 0 2 5 0 5 2 1 0 8 
884 2 15.5569 1.05234 11.2353 0.00128368 0.00227433 0.00327129 0.0041858989 0.0 15 15.5344242524 2.1839201906 0 0 0 1 10 4 0 0 0 6 
488 2 11.2336 6.57487 10.3904 0.00409876 5.37845e-05 -1.24746e-04 0.0041010106 0.0 14 14.5990702365 2.2584274708 0 0 1 4 3 4 2 0 0 7 
398 2 13.1869 7.94567 11.7532 -0.00440118 -0.00161163 0.00105651 0.0048045759 0.0 13 12.4189082786 2.2003210378 0 0 1 0 9 3 0 0 0 6 
288 2 13.156 7.15778 18.5488 0.00205352 -0.00278274 -0.00371948 0.0050788894 0.0 14 12.8948090827 1.9833152852 0 0 1 3 5 4 0 1 0 8 
176 2 10.5455 8.6342 13.7393 0.00305213 4.53568e-04 1.42946e-04 0.0030889569 0.0 17 18.8460814961 2.2522214313 0 0 0 6 5 1 5 0 0 7 
99 2 12.7779 3.61027 16.3666 -0.00377443 -1.15557e-05 -3.50379e-04 0.0037906755 0.0 13 12.8041595879 2.1424876112 0 0 0 3 6 4 0 0 0 6 
528 2 14.983 1.78658 14.3397 0.00329285 7.31648e-04 0.00134381 0.0036309772 0.0 13 14.1377171612 2.1789674701 0 0 1 2 6 3 1 0 0 7 
812 2 16.8284 5.68394 9.54921 -0.00229532 6.22171e-04 0.00201673 0.003118139 0.0 14 13.0088272732 1.80972995 0 0 0 4 4 6 0 0 0 6 
83 2 16.1938 3.43866 10.3784 -0.00121204 -0.00234438 -0.00378352 0.0046130448 0.0 13 13.074255255 1.9866598449 0 0 0 3 6 4 0 0 0 6 
250 2 13.4096 5.0358 14.6007 0.00197577 -0.00121996 7.89694e-04 0.0024526692 0.0 15 12.4980076412 1.9501239793 0 0 2 2 5 3 3 0 0 7 
888 2 14.9682 3.44279 16.2686 0.00371246 -8.05532e-04 -8.67399e-04 0.0038966167 0.0 12 11.6183922961 1.9043174538 0 0 1 2 5 4 0 0 0 6 
969 2 16.3147 3.37922 13.1998 0.00135257 0.00223436 0.00464592 0.0053297639 0.0 15 13.6198819593 1.9208784957 0 0 2 2 5 4 1 1 0 8 
410 1 9.91387 1.61742 15.3502 0.00357251 0.00156454 7.46879e-05 0.0039007937 0.0 16 24.7667812962 2.2652800428 0 0 0 2 8 6 0 0 0 6 
401 2 10.8267 2.27242 11.8774 -0.00116489 -0.00196077 -0.00184996 0.0029366545 0.0 14 16.7922977502 2.1789575326 0 0 1 0 10 2 1 0 0 7 
885 1 10.1941 0.264925 18.0978 -6.25535e-04 5.98729e-04 0.00197249 0.002154179 0.0 15 25.7924396233 2.2410312468 0 0 0 4 4 7 0 0 0 6 
986 2 13.296 5.5853 11.8971 -3.13548e-04 0.00352638 -9.61359e-04 0.0036684982 0.0 13 12.5253837069 1.9879888128 0 0 0 3 6 4 0 0 0 6 
964 2 15.8931 5.13558 14.734 -0.00176153 -1.66223e-04 9.6936e-04 0.0020174927 0.0 16 13.9296140433 1.9270848893 0 0 3 1 6 3 1 2 0 8 
195 2 16.0292 7.7102 15.8443 2.25295e-04 -0.00246593 -1.02588e-04 0.0024783246 0.0 15 13.0464371879 1.9990319398 0 0 1 3 6 2 3 0 0 7 
317 2 16.63 0.318372 13.9342 -0.00156017 -0.00414885 9.04421e-04 0.0045238329 0.0 13 18.9792053798 2.1770504656 0 0 0 1 10 2 0 0 0 6 
471 2 10.7181 4.23682 10.8097 8.43473e-04 -0.00417202 -0.00103295 0.0043799753 0.0 15 15.7582599188 2.2584274708 0 0 1 4 3 5 2 0 0 7 
659 2 11.2787 6.50721 12.9816 0.00331643 0.00238697 8.35486e-04 0.0041706559 0.0 14 17.1457825922 2.2584274708 0 0 1 5 2 3 3 0 0 7 
700 2 14.2916 6.50859 10.1101 -0.00242434 -0.00100716 0.00465134 0.0053410448 0.0 15 12.1718547226 1.9915436163 0 0 1 4 2 7 1 0 0 7 
582 2 16.584 4.69341 17.5558 6.95832e-04 0.00228547 6.336e-04 0.00247164 0.0 15 14.8770642973 2.0415280969 0 0 2 0 8 3 2 0 0 7 
819 2 13.5581 2.84099 10.1921 5.12127e-04 0.00314036 0.00180415 0.0036577441 0.0 17 13.6037757198 1.9915436163 0 0 1 3 7 3 2 1 0 8 
436 2 16.9722 7.65875 18.0951 -0.00152084 -0.00382761 0.00175648 0.0044775858 0.0 14 16.4683768865 2.1672736447 0 0 1 4 3 4 2 0 0 7 
441 1 26.6763 3.25518 18.0919 0.00351485 0.00180079 -8.12056e-04 0.0040319288 0.0 13 22.0872592572 2.3069337434 0 0 1 2 6 3 1 0 0 7 
497 2 17.989 7.09507 11.1371 -7.23763e-04 -0.00190157 -0.00375468 0.0042705296 0.0 14 12.5570997208 1.9030816576 0 0 0 4 4 6 0 0 0 6 
434 2 20.0845 5.86324 14.9851 0.00343322 -0.00115521 0.00209832 0.0041862222 0.0 14 13.3487237394 2.1575513634 0 0 1 5 2 3 3 0 0 7 
696 2 18.0917 4.48969 11.4078 0.00112836 0.00376717 0.00461651 0.0060643986 0.0 12 11.9277615225 1.9230649304 0 0 0 2 8 2 0 0 0 6 
503 2 23.7208 4.70759 8.24413 -0.00235612 4.34271e-04 -9.35718e-04 0.0025720538 0.0 14 13.2530887967 1.9507721225 0 0 1 3 4 5 1 0 0 7 
416 2 18.2119 2.25907 11.5135 0.00189857 -0.00264493 -0.00262126 0.0041798597 0.0 14 13.1539093464 2.1935134838 0 0 1 3 3 7 0 0 0 6 
227 2 24.1406 7.39221 12.8811 6.4451e-04 0.00424805 -0.0037486 0.0057020456 0.0 13 11.9447313217 1.862616162 0 0 0 2 8 3 0 0 0 6 
752 2 21.0044 2.76636 13.9395 -0.00159872 0.00102261 0.00354317 0.0040194142 0.0 12 14.4825179797 2.1903324009 0 0 0 3 6 3 0 0 0 6 
643 2 21.1762 3.66029 7.92317 0.00379314 -0.00290011 9.79179e-04 0.0048741502 0.0 14 14.6320266256 2.2645565939 0 0 1 2 7 2 2 0 0 7 
211 2 25.6688 7.3209 14.7356 0.00179873 -1.63751e-04 0.00117662 0.0021556156 0.0 16 20.9395616386 2.3780174128 0 0 0 5 4 5 2 0 0 7 
527 2 22.0411 4.04944 15.365 -0.00169716 0.0011837 -0.00206861 0.002925858 0.0 14 19.2274767592 2.2379302474 0 0 0 1 10 3 0 0 0 6 
747 2 21.4668 6.87015 16.5512 0.00154081 6.36716e-04 0.00371479 0.0040717524 0.0 14 17.1629055765 2.2379302474 0 0 1 2 6 4 1 0 0 7 
864 1 21.8288 26.5214 14.6014 -0.0012255 0.00434821 -6.77083e-04 0.0045680654 0.0 15 24.9265391579 2.3724230072 0 0 1 2 7 3 2 0 0 7 
872 2 23.8292 0.337367 10.6802 0.00481018 -0.0021166 -6.61109e-04 0.0052966869 0.0 18 22.6899561574 2.3724230072 0 0 2 2 5 7 1 1 0 8 
842 2 21.1445 8.69195 10.3713 -0.00311553 1.68555e-05 5.81214e-04 0.003169325 0.0 17 13.7761402965 2.0039651989 0 0 0 5 4 6 2 0 0 7 
799 2 22.1665 26.8245 8.97125 -5.4563e-04 -9.30261e-04 0.00116065 0.001584363 0.0 12 16.1691762305 2.3067950422 0 0 0 4 4 4 0 0 0 6 
305 2 20.8124 1.20505 11.857 -0.00468572 0.00426935 -8.65476e-04 0.006397841 0.0 13 17.0488000957 2.3451390385 0 0 0 4 4 5 0 0 0 6 
972 2 20.2263 6.15161 10.6905 0.00142585 7.23813e-04 -0.00365156 0.0039863321 0.0 12 11.6058308393 1.9230649304 0 0 0 3 6 3 0 0 0 6 
107 2 21.9631 2.22399 9.97237 -7.28486e-04 -9.53673e-04 1.82012e-05 0.0012002147 0.0 14 14.3575134767 2.2058721836 0 0 2 2 4 4 2 0 0 7 
783 2 22.1708 6.96682 11.7576 -2.96118e-04 -0.00127447 4.73022e-04 0.0013912978 0.0 13 12.0824795688 1.8940391914 0 0 0 3 6 4 0 0 0 6 
778 2 23.5435 8.40712 15.1454 0.00175675 0.00166546 -5.84086e-05 0.0024214333 0.0 13 15.1868154187 2.1021438034 0 0 0 3 6 4 0 0 0 6 
646 2 18.9488 3.82596 16.0613 0.00341767 -0.00249002 0.00186115 0.0046200159 0.0 16 18.550439399 2.2379302474 0 0 0 3 7 5 1 0 0 7 
81 2 21.1051 4.93604 12.8157 -0.00357331 8.80988e-04 -0.00141156 0.0039417237 0.0 15 13.1395948025 1.9230649304 0 0 0 2 9 3 1 0 0 7 
559 2 26.0257 7.7749 9.98086 6.35822e-04 -0.00369077 -0.00205305 0.0042709562 0.0 15 12.6171802875 1.9129843462 0 0 3 1 5 3 2 1 0 8 
876 2 19.0507 1.36546 13.5333 -0.00377096 -0.00177845 -0.00191053 0.0045861911 0.0 14 16.6103673056 2.2405577367 0 0 0 4 4 6 0 0 0 6 
184 2 19.2394 7.85179 17.2402 -1.88052e-04 -9.70028e-04 -0.00246371 0.0026544651 0.0 14 15.3808841469 2.1370678137 0 0 0 3 6 5 0 0 0 6 
606 2 22.78 6.12352 14.5598 -4.59442e-04 0.00187858 -8.4022e-04 0.0021085823 0.0 12 14.532654941 2.0714618553 0 0 0 3 6 3 0 0 0 6 
88 1 26.4938 2.81832 13.0073 -9.63459e-04 -0.00226927 -0.00127421 0.0027751488 0.0 15 23.8872522496 2.2917987747 0 0 1 2 5 7 0 0 0 6 
484 2 19.7811 0.180948 9.48773 -0.00154006 -4.38282e-04 -8.84266e-04 0.0018291534 0.0 17 19.5032705279 2.417064635 0 0 0 4 5 7 1 0 0 7 
762 1 25.6029 4.08664 15.4928 -0.00399163 -0.00449858 0.00173687 0.006259956 0.0 14 23.334088986 2.3780174128 0 0 0 4 5 4 1 0 0 7 
364 2 26.3791 8.36363 12.1261 3.26644e-04 -1.17373e-05 3.67236e-04 4.9162622656e-04 0.0 13 15.1403591215 2.2307687906 0 0 1 2 6 3 1 0 0 7 
389 1 19.2923 26.3484 16.1098 -0.00159947 0.00298694 0.00355639 0.0049120286 0.0 15 23.9455951001 2.4161415721 0 0 0 3 6 6 0 0 0 6 
303 2 25.5942 2.20217 9.58855 -5.90865e-04 0.00228543 -0.00183566 0.0029903109 0.0 16 15.8660540483 2.2662583471 0 0 4 2 3 3 2 1 1 9 
343 1 26.6572 -0.106491 12.6556 -8.21437e-05 -0.00358827 4.55087e-04 0.003617946 0.0 13 22.6367217469 2.2317309301 0 0 0 3 6 4 0 0 0 6 
89 2 18.8033 3.68873 13.7297 0.00713501 -0.00181206 3.3207e-04 0.0073690026 0.0 12 13.1178132544 1.9270848893 0 0 0 4 4 4 0 0 0 6 
329 2 17.7919 26.7703 11.5492 4.88878e-04 0.00380147 -9.45843e-05 0.0038339434 0.0 14 18.8081317959 2.4537595502 0 0 1 3 5 3 2 0 0 7 
69 2 19.8761 7.63005 12.673 -0.00249488 0.00156904 0.00208691 0.0036113025 0.0 13 12.5266495056 1.9098934892 0 0 0 3 6 4 0 0 0 6 
87 2 22.6773 2.78868 12.2381 -0.00179006 -0.00224869 -8.23712e-04 0.0029898868 0.0 14 16.4308527455 2.285136911 0 0 1 2 6 4 1 0 0 7 
649 2 23.7243 4.9459 12.7466 0.00377112 -8.09824e-04 0.00134682 0.0040854724 0.0 14 15.2525141637 2.219020417 0 0 0 2 8 4 0 0 0 6 
726 2 24.0804 6.54305 10.1967 0.00194972 0.00445005 -0.00205417 0.0052748429 0.0 14 12.9715353953 2.0039651989 0 0 0 2 8 4 0 0 0 6 
684 1 0.493064 6.89031 17.5916 -0.00127248 -0.00144171 0.00108868 0.0022097414 0.0 14 21.7372616852 2.2776569255 0 0 1 2 7 2 2 0 0 7 
651 1 24.3733 1.21319 14.3776 -0.00184219 0.00124438 -0.00110106 0.0024808222 0.0 16 25.8767606685 2.3724230072 0 0 0 5 4 5 2 0 0 7 
922 1 23.9906 2.22541 17.0403 0.00116541 -0.001872 7.88145e-05 0.0022065304 0.0 13 22.3509482086 2.2625874075 0 0 1 1 8 2 1 0 0 7 
984 2 19.2955 4.47847 9.25194 0.00321134 0.00211685 -0.0014801 0.00412122 0.0 18 13.5638992251 2.265000236 0 0 2 5 1 6 3 1 0 8 
891 2 18.6837 5.60984 18.4708 -0.00374113 0.00111983 0.0026555 0.0047224732 0.0 15 19.0699718151 2.2420591107 0 0 2 2 4 5 2 0 0 7 
577 2 20.9693 8.1557 14.5059 0.00127788 0.00311817 -9.14692e-04 0.0034917937 0.0 15 12.0865572013 1.871968475 0 0 0 2 8 5 0 0 0 6 
977 2 22.0194 4.61328 10.4009 -0.00142925 -5.26882e-04 0.001606 0.0022135032 0.0 13 11.9654409512 1.8260805409 0 0 0 1 10 2 0 0 0 6 
599 1 21.1092 1.635 16.9499 -7.04035e-04 0.00131679 -0.00110292 0.0018563496 0.0 14 23.4794571396 2.4161415721 0 0 0 3 6 5 0 0 0 6 
159 2 25.9479 5.86794 12.2373 -4.60027e-04 0.00266448 0.00215302 0.0034563816 0.0 14 17.5799105999 2.3780174128 0 0 0 2 8 4 0 0 0 6 
736 2 20.3205 3.36291 11.2272 0.00172614 0.00226769 0.00503625 0.0057866909 0.0 14 12.0431605403 2.1927245338 0 0 1 3 4 5 1 0 0 7 
931 2 24.5277 4.17818 10.5375 0.00181552 0.00110467 2.30528e-04 0.002137651 0.0 14 14.4583736268 2.2397901253 0 0 3 1 5 3 1 0 1 9 
247 2 18.9278 6.83357 8.70712 -5.93424e-04 5.91888e-04 -5.68812e-04 0.0010129317 0.0 13 12.2377748691 1.9030816576 0 0 0 4 5 3 1 0 0 7 
425 2 26.6577 0.901669 7.34924 0.00371554 7.39267e-04 -0.00177398 0.0041831517 0.0 14 12.8357512603 1.8955342535 0 0 1 2 6 4 1 0 0 7 
470 2 3.09639 10.2748 9.39883 -6.77763e-04 -0.00214427 -1.42736e-04 0.0022533597 0.0 14 18.0103665764 2.2399723064 0 0 0 3 6 5 0 0 0 6 
106 2 0.45392 13.8327 8.77733 -0.00102013 3.44403e-04 3.77146e-04 0.0011408408 0.0 16 16.9778843535 2.2374625039 0 0 2 3 4 3 4 0 0 7 
412 2 1.7025 11.3157 11.336 -1.79092e-06 -0.00217243 -5.8201e-04 0.0022490422 0.0 15 18.2380523762 2.4284721333 0 0 1 3 4 6 1 0 0 7 
352 1 8.94248 15.9524 15.251 2.94333e-05 -0.00302939 -0.00105351 0.003207484 0.0 14 21.9383420728 2.2757133637 0 0 0 2 8 4 0 0 0 6 
136 2 26.5669 12.7653 10.7404 -8.87258e-05 -0.00297414 0.00102644 0.0031475324 0.0 13 15.6239489474 2.3996720809 0 0 0 4 5 3 1 0 0 7 
614 1 6.48938 9.78324 10.3563 -0.00223324 -0.00284756 -0.00254441 0.0044237971 0.0 15 24.5440270378 2.3891372897 0 0 1 5 2 5 1 1 0 8 
587 1 26.4633 12.2843 15.7729 -0.00283018 0.00326375 0.0019791 0.0047517176 0.0 16 23.569479741 2.4169884558 0 0 0 1 10 5 0 0 0 6 
801 1 6.55385 11.1775 15.2148 -0.00146054 -3.88997e-04 -1.5642e-04 0.0015195272 0.0 13 21.5443104836 2.2004678328 0 0 0 3 6 4 0 0 0 6 
773 1 9.2073 13.1594 15.7058 1.36084e-04 -0.00478643 0.00263205 0.0054640752 0.0 14 22.2455883581 2.4037393728 0 0 2 2 5 3 1 1 0 8 
832 1 2.29531 11.2467 16.77 0.0016547 6.75061e-04 0.00141883 0.0022818453 0.0 13 20.1902417914 2.2253221154 0 0 0 4 4 5 0 0 0 6 
205 2 1.11299 9.31098 10.4338 6.17432e-04 9.55378e-04 8.31443e-04 0.001408995 0.0 13 13.126194962 1.9864555715 0 0 2 2 3 5 1 0 0 7 
983 1 8.91833 13.9654 12.7046 0.00125148 -7.47064e-04 -0.00272396 0.0030893794 0.0 14 23.4870170588 2.3733240138 0 0 0 3 6 5 0 0 0 6 
8 1 1.49533 10.0779 14.0907 0.00263935 -7.08182e-04 -0.00173453 0.0032367089 0.0 15 22.1794734304 2.3145577616 0 0 1 3 5 4 2 0 0 7 
174 1 3.84836 17.3556 12.3842 6.27448e-05 0.00119723 -0.00188949 0.0022377375 0.0 15 25.4729886647 2.3515077969 0 0 0 3 6 6 0 0 0 6 
20 1 3.25547 14.2891 11.9152 -5.11407e-04 -0.00138327 -0.00250566 0.0029074568 0.0 16 24.4000363821 2.3373788236 0 0 3 2 3 4 4 0 0 7 
409 1 6.11343 19.3603 14.9486 -0.00241433 -1.32783e-04 0.00406758 0.0047320004 0.0 16 23.8557225786 2.2757133637 0 0 0 3 7 5 1 0 0 7 
869 1 8.18593 16.4038 10.0312 6.0453e-04 1.31782e-04 0.00359435 0.0036472147 0.0 14 23.5067480656 2.3567749667 0 0 1 1 8 3 1 0 0 7 
817 1 7.86485 11.4141 12.7022 -2.8051e-04 0.00254215 0.00122079 0.0028339973 0.0 15 21.186095646 2.2562409758 0 0 0 5 3 6 1 0 0 7 
675 1 26.7577 9.51172 16.6876 6.34641e-04 0.00220003 -0.00141992 0.0026942669 0.0 14 21.8810095008 2.1400029294 0 0 0 2 8 4 0 0 0 6 
981 1 6.48275 16.0754 13.0963 -2.766e-04 -0.00143445 -6.60548e-04 0.001603271 0.0 14 23.7399611834 2.3920880369 0 0 0 3 6 5 0 0 0 6 
446 1 1.80473 14.442 15.9163 -0.00169623 8.79248e-04 -0.0012164 0.0022649287 0.0 12 20.7216834088 2.2516812196 0 0 1 2 5 4 0 0 0 6 
332 2 2.29505 12.4124 9.48117 -8.25967e-04 -0.0037766 4.9632e-04 0.003897597 0.0 13 16.2464175472 2.2599797638 0 0 1 3 5 2 2 0 0 7 
974 1 2.9888 12.4562 14.1778 -0.00372046 0.00245542 -0.001015 0.0045717759 0.0 14 22.6293413436 2.4284721333 0 0 0 3 6 5 0 0 0 6 
80 1 4.50044 15.8727 15.0564 3.02388e-04 -0.00144699 -0.00267231 0.0030539252 0.0 15 23.6798839065 2.2735946829 0 0 0 4 5 5 1 0 0 7 
114 1 6.66495 14.2333 15.746 4.56475e-04 0.00127997 6.67744e-04 0.0015141251 0.0 13 21.3406382608 2.1963524755 0 0 0 1 10 2 0 0 0 6 
296 1 5.25568 15.5447 9.79749 9.59057e-04 -7.59839e-04 0.00308554 0.0033192925 0.0 17 25.500510537 2.3920880369 0 0 0 3 7 6 1 0 0 7 
404 1 0.679758 15.3579 13.2502 4.24281e-04 0.0022846 -0.00157901 0.0028093921 0.0 16 24.5894095418 2.4284721333 0 0 0 2 9 4 1 0 0 7 
350 1 5.61165 13.3474 13.0182 0.00119526 0.00113932 -6.44845e-04 0.0017727159 0.0 13 21.3970907987 2.3920880369 0 0 0 3 6 4 0 0 0 6 
431 1 5.27322 12.6509 10.196 2.71956e-05 0.00209449 0.00121154 0.0024198052 0.0 13 23.0562860815 2.3135241469 0 0 1 3 3 6 0 0 0 6 
698 1 4.87993 10.6639 12.8629 0.00212461 -0.00224744 -0.00232361 0.0038683482 0.0 15 20.885827689 2.2115353677 0 0 2 3 3 5 1 1 0 8 
208 1 6.85323 17.2437 17.0417 -0.00225156 -6.97386e-06 0.00331807 0.0040098827 0.0 14 22.7104007637 2.2757133637 0 0 0 3 7 3 1 0 0 7 
952 1 1.02219 17.2981 15.4057 -1.1836e-05 9.26234e-04 -0.00220478 0.0023914649 0.0 13 19.6979274114 2.2735946829 0 0 0 1 10 2 0 0 0 6 
954 1 1.09312 16.3801 10.5475 -0.00344314 -9.38323e-04 -0.00199415 0.0040880677 0.0 15 22.8543913941 2.3515077969 0 0 1 4 4 4 1 1 0 8 
533 1 8.85719 10.1941 16.575 0.0029476 0.00232036 -0.00413989 0.00558669 0.0 15 24.753066846 2.3522786276 0 0 0 4 4 7 0 0 0 6 
860 2 10.7577 11.2624 13.6297 0.00311899 -9.96547e-05 9.26013e-04 0.0032550775 0.0 16 20.824497241 2.4037393728 0 0 3 1 5 4 2 1 0 8 
721 1 13.1259 17.3345 16.7813 -0.0027822 6.76638e-04 -0.00249171 0.0037956679 0.0 14 21.4835610897 2.2356703455 0 0 0 3 6 5 0 0 0 6 
834 1 15.6374 17.297 15.1625 0.00260386 -0.00232591 -0.00244033 0.004259713 0.0 16 23.9498432006 2.2356703455 0 0 0 4 5 6 1 0 0 7 
59 1 15.073 15.1004 17.2547 -8.17718e-04 -5.52783e-06 0.00245511 0.002587713 0.0 14 21.826164474 2.1989311702 0 0 0 4 4 6 0 0 0 6 
990 2 12.1379 10.1557 15.6105 0.00425307 0.00217632 0.00191319 0.0051463841 0.0 14 16.2373750028 2.3824569607 0 0 1 3 4 5 1 0 0 7 
355 2 16.5739 8.53498 13.5124 8.45818e-04 1.92946e-04 -0.00108204 0.0013868838 0.0 14 12.821905659 1.9353606046 0 0 2 3 3 3 3 0 0 7 
727 1 11.6572 17.4266 14.4552 -1.82303e-04 0.00470502 -0.00359914 0.0059265721 0.0 16 22.2931518704 2.2356703455 0 0 1 3 6 3 3 0 0 7 
970 2 14.954 9.81225 12.408 -3.02359e-04 -1.8555e-04 -0.00296779 0.0029889174 0.0 15 12.4764032139 2.0538916832 0 0 1 2 7 3 2 0 0 7 
22 2 11.4092 8.57172 17.3078 -0.00207182 0.00274912 0.00100207 0.0035852815 0.0 13 15.8905780428 2.2514587092 0 0 1 2 6 3 1 0 0 7 
758 2 18.4074 9.47372 11.4248 -0.00175038 -6.89439e-04 -9.47521e-04 0.0021064074 0.0 17 14.7142427229 2.0538916832 0 0 2 2 6 3 4 0 0 7 
310 1 10.1667 17.4686 17.3532 -0.00190012 8.88076e-04 -5.78034e-04 0.0021756053 0.0 13 20.9773607815 2.2651997768 0 0 1 2 6 3 1 0 0 7 
677 1 11.4689 14.3444 13.7352 -0.00460776 -0.00100378 -0.00198831 0.0051178514 0.0 13 21.924607266 2.374087677 0 0 1 2 5 5 0 0 0 6 
960 2 16.5198 12.3354 15.734 -0.00291684 -0.00192381 -0.00226382 0.0041633978 0.0 13 16.0626897329 2.067286485 0 0 0 3 6 4 0 0 0 6 
438 2 13.3856 11.5917 13.5668 6.95738e-04 -2.09788e-04 0.00168577 0.0018357241 0.0 13 14.6964264241 2.2358437258 0 0 1 2 6 3 1 0 0 7 
512 1 13.2771 15.1787 11.772 6.97378e-04 -7.81196e-04 -0.00158955 0.0019034896 0.0 14 22.0918962489 2.331936747 0 0 1 3 4 5 1 0 0 7 
131 1 12.0112 14.6829 16.4893 0.00172225 6.9732e-04 -6.68437e-04 0.0019746413 0.0 14 22.9165185169 2.4037393728 0 0 1 1 8 3 1 0 0 7 
950 1 14.7565 14.529 14.401 2.32476e-04 -0.00411043 -0.00135432 0.0043340354 0.0 17 23.5363938336 2.2356703455 0 0 0 4 6 5 2 0 0 7 
498 2 16.3011 11.608 10.4851 -0.00245453 -2.17088e-05 -0.00154706 0.0029014795 0.0 13 16.9232218432 2.2126873431 0 0 0 4 4 5 0 0 0 6 
55 1 13.2002 14.2824 8.64054 -0.00183048 1.25572e-04 -0.00327611 0.0037549064 0.0 13 22.461080993 2.3918587524 0 0 0 2 8 3 0 0 0 6 
465 2 14.1585 12.4365 11.4057 -0.00198657 0.00306397 -3.06433e-04 0.0036644609 0.0 14 15.7408784206 2.2982132713 0 0 1 3 4 5 1 0 0 7 
323 2 15.7563 11.9548 13.2397 0.00389371 0.00259473 0.00127561 0.0048498229 0.0 13 13.1887718353 2.0538916832 0 0 0 2 8 3 0 0 0 6 
858 1 10.6029 16.3946 11.7956 0.00190963 -9.4152e-04 -0.00471928 0.0051773304 0.0 15 23.3003910879 2.3272638616 0 0 4 1 3 2 5 0 0 7 
841 1 14.8979 17.0413 9.93439 -9.30427e-04 0.00549265 -0.00290044 0.0062807205 0.0 14 22.665191528 2.3918587524 0 0 1 4 4 3 1 1 0 8 
753 2 15.0287 10.082 14.8903 2.14559e-04 0.00178931 1.84509e-04 0.0018115489 0.0 14 13.3240458323 1.8317957331 0 0 0 0 12 2 0 0 0 6 
743 1 11.075 12.4281 17.8894 0.00388641 0.00226327 -0.00229279 0.0050481145 0.0 15 23.1969870469 2.4015899377 0 0 1 3 4 6 1 0 0 7 
151 2 13.7591 11.9613 16.1799 -0.00165213 -2.33805e-04 0.00227857 0.0028241954 0.0 16 18.4606462314 2.4037393728 0 0 1 4 2 8 1 0 0 7 
509 1 9.54166 10.7585 10.6758 -0.00321122 0.00195439 -7.6081e-04 0.0038354147 0.0 14 23.1066651551 2.3629151176 0 0 1 3 4 5 1 0 0 7 
474 2 19.4393 9.10906 8.69304 6.38404e-04 0.00158993 -0.00144283 0.0022399097 0.0 15 12.7681411646 1.9030816576 0 0 2 4 2 3 4 0 0 7 
382 1 11.2847 13.3491 10.467 -0.00223931 -0.00142335 7.05106e-04 0.0027454706 0.0 16 22.4974502053 2.2545816448 0 0 0 3 6 7 0 0 0 6 
356 2 13.3355 11.3211 9.48992 -0.00305293 0.00130628 -0.00213227 0.0039463052 0.0 13 17.0708583457 2.2100357809 0 0 0 2 8 3 0 0 0 6 
44 2 16.2214 13.8453 11.8834 0.00170277 0.00134077 4.08169e-04 0.0022053779 0.0 13 17.767984643 2.3918587524 0 0 0 3 6 4 0 0 0 6 
209 2 14.7161 9.24987 10.2732 -9.28302e-04 0.00144623 -0.00348919 0.0038894437 0.0 15 12.9532528734 1.9900392046 0 0 1 3 5 4 2 0 0 7 
346 2 17.7949 14.0597 13.8102 7.2711e-04 5.79344e-04 1.4133e-04 9.4037364453e-04 0.0 15 16.0263292639 2.2269890098 0 0 0 4 5 5 1 0 0 7 
548 2 16.8854 12.9393 18.009 8.80781e-04 -5.52474e-04 0.00249843 0.0027061329 0.0 12 18.6168111273 2.119915529 0 0 0 4 4 4 0 0 0 6 
331 2 17.5829 10.4973 14.1691 -0.00577109 5.68607e-04 -3.16614e-04 0.0058076706 0.0 14 13.3793223647 2.0503056921 0 0 1 4 3 4 2 0 0 7 
181 1 16.9754 16.8324 11.7935 -0.00100065 1.09752e-04 -2.09897e-04 0.0010283009 0.0 15 23.5493522969 2.3077098111 0 0 0 2 8 5 0 0 0 6 
180 2 13.7211 8.16024 16.1727 -8.32479e-04 -0.00391878 0.00155652 0.0042979777 0.0 15 14.270143516 2.0945352081 0 0 1 3 5 5 0 1 0 8 
316 2 17.1819 9.69163 16.5094 -0.001704 -0.00172584 -0.00424365 0.0048878119 0.0 16 16.6652689772 2.1672736447 0 0 1 3 4 7 1 0 0 7 
103 2 18.5421 7.92115 14.787 -2.24555e-04 -0.00163394 -0.00206492 0.0026427409 0.0 13 12.1625792093 1.8563423288 0 0 1 2 6 3 1 0 0 7 
633 2 25.4745 12.1032 12.586 5.12377e-04 -0.003142 1.59425e-04 0.0031874928 0.0 14 16.7012703381 2.4284721333 0 0 1 2 6 4 1 0 0 7 
538 2 18.2323 14.7438 16.4327 -0.00190003 -2.4961e-04 6.56609e-04 0.0020257232 0.0 14 18.6185905678 2.1989311702 0 0 0 6 0 8 0 0 0 6 
225 1 22.3661 17.2604 13.3509 0.00258371 7.16726e-04 -0.00122831 0.002949237 0.0 15 22.7582631543 2.301160278 0 0 0 4 5 5 1 0 0 7 
955 2 19.0964 12.3681 15.2793 -0.00159977 0.00125679 -0.00151791 0.0025382742 0.0 13 12.3193260507 1.8951982053 0 0 3 2 3 2 2 1 0 8 
775 2 20.4581 10.9792 11.0801 -0.00124046 0.00173532 -3.0722e-04 0.0021551011 0.0 12 12.0802300652 1.8708115813 0 0 1 2 5 4 0 0 0 6 
979 2 20.125 14.9044 12.5551 0.00449651 1.40478e-04 6.19421e-05 0.0044991303 0.0 14 17.4544224113 2.2783014863 0 0 1 3 3 7 0 0 0 6 
486 1 25.0469 16.2656 11.5202 0.00143635 -8.15753e-04 0.0029975 0.0034225079 0.0 15 20.9246203441 2.1727214181 0 0 0 3 6 6 0 0 0 6 
113 2 18.9286 16.0799 14.145 -0.00337844 5.16048e-04 9.51886e-04 0.0035477104 0.0 11 18.6532284154 2.2900167409 0 0 0 3 6 2 0 0 0 6 
396 1 19.7989 17.8401 11.7892 7.79712e-04 0.00460265 0.00220008 0.005160687 0.0 15 23.22864622 2.3885876807 0 0 1 4 3 5 2 0 0 7 
6 2 24.8344 9.82418 13.446 -0.00153992 -0.0012748 -0.00267887 0.0033425758 0.0 15 16.6503936385 2.1074531778 0 0 0 1 10 4 0 0 0 6 
755 2 25.5824 10.3949 10.9439 0.00244282 -5.41731e-04 1.64076e-05 0.0025022213 0.0 15 13.7162780207 2.0999947258 0 0 2 3 4 3 2 1 0 8 
260 2 22.0837 9.33315 12.5063 0.0028502 -5.34317e-04 0.00411951 0.0050378068 0.0 14 12.5675626188 1.8933368295 0 0 1 4 3 4 2 0 0 7 
621 2 24.5936 14.0022 13.7603 0.00332678 0.00147058 -3.59891e-04 0.0036550776 0.0 13 18.020608404 2.1995585387 0 0 0 4 4 5 0 0 0 6 
655 2 23.7006 10.6671 16.2348 9.75755e-04 -0.00348025 9.7508e-04 0.0037436638 0.0 12 16.5017856949 2.0833460587 0 0 0 0 12 0 0 0 0 5 
644 2 20.2702 14.4213 15.1711 0.00260871 -0.00146834 0.00101072 0.0031595799 0.0 14 14.93439422 2.1572647247 0 0 1 3 4 5 1 0 0 7 
129 2 22.4261 13.6237 12.5206 -0.00188284 -0.00171621 -0.00134453 0.0028806638 0.0 15 15.6028148822 2.150347446 0 0 3 2 2 5 3 0 0 7 
658 2 18.9822 12.3816 17.5349 0.00158974 0.00247559 -6.6254e-04 0.003015755 0.0 15 18.1657276989 2.3335892209 0 0 0 7 0 6 2 0 0 7 
742 2 18.1084 12.312 12.0287 3.77979e-05 3.07463e-04 5.18859e-04 6.0429863436e-04 0.0 14 14.5106957336 2.0422655947 0 0 1 3 5 3 2 0 0 7 
596 2 21.6073 9.1728 16.9438 0.00219352 1.75109e-04 0.00171349 0.0027889498 0.0 12 16.4817422882 2.1197300357 0 0 0 0 12 0 0 0 0 5 
751 2 23.5567 12.0062 14.0819 -0.00342788 9.65768e-05 -6.38357e-04 0.0034881497 0.0 13 13.5865042887 1.9795862144 0 0 1 0 9 3 0 0 0 6 
118 2 22.8455 11.3926 11.2534 0.00203917 1.31561e-04 0.00143659 0.0024978618 0.0 18 15.6766368274 1.9188550269 0 0 1 3 6 5 3 0 0 7 
203 2 22.5305 14.0837 15.0809 -1.10505e-04 0.0045713 -0.00185906 0.0049361016 0.0 14 16.9304673705 2.2089750172 0 0 1 2 6 4 1 0 0 7 
941 2 18.4715 14.265 10.5646 0.00288013 -0.00192276 -8.01946e-04 0.0035546128 0.0 13 20.1854748966 2.3728450788 0 0 0 4 4 5 0 0 0 6 
862 2 20.6605 12.4986 13.4864 -0.00247928 2.99339e-04 0.00368019 0.0044474972 0.0 17 14.5533436248 1.8957680516 0 0 2 4 4 2 4 1 0 8 
443 2 19.5957 10.2184 15.8236 -0.00141038 0.00299366 -2.20839e-04 0.003316616 0.0 13 13.9256976735 2.1351527483 0 0 1 2 6 3 1 0 0 7 
558 2 24.2924 13.623 10.6279 0.00243303 -0.00118974 0.00239812 0.0036174709 0.0 14 16.6679336453 2.1574622905 0 0 2 3 3 3 3 0 0 7 
763 1 25.8036 15.0928 16.3858 0.00198631 5.94223e-05 -0.00269207 0.0033460722 0.0 13 20.7335307183 2.2046675886 0 0 0 2 8 3 0 0 0 6 
705 1 24.9409 17.2162 14.4733 0.00304603 -0.00405917 -0.00122026 0.0052195971 0.0 15 21.8686515673 2.2241205287 0 0 0 2 8 5 0 0 0 6 
375 2 21.9091 10.4353 14.6002 -0.00505451 -0.00129136 0.00223687 0.005676202 0.0 13 12.5905612389 1.8933368295 0 0 2 2 4 3 2 0 0 7 
347 2 23.6035 13.0501 16.9435 7.28862e-04 -0.00167055 -1.81934e-05 0.00182272 0.0 13 18.1652879208 2.2032143336 0 0 0 3 6 4 0 0 0 6 
916 2 19.8173 9.90257 13.2084 3.17412e-04 -9.12786e-04 0.00150555 0.0017890247 0.0 14 12.3179561886 1.8957680516 0 0 2 3 3 3 3 0 0 7 
529 2 21.3096 12.1591 16.6438 -3.81164e-04 -0.00186455 0.00435363 0.0047514131 0.0 15 17.3795634408 2.2977454159 0 0 0 2 9 3 1 0 0 7 
624 1 22.5373 16.5111 10.4845 0.00189987 -0.0013398 -0.00203919 0.0030923884 0.0 15 23.8887347469 2.3885876807 0 0 1 3 5 4 2 0 0 7 
354 2 24.5909 11.9117 9.2134 -9.61606e-04 8.18829e-04 -0.00356667 0.0037836889 0.0 14 13.3278690151 1.9262540129 0 0 2 3 3 4 1 1 0 8 
370 2 18.4837 11.2071 9.5658 0.00268719 4.92187e-04 8.85649e-04 0.0028718656 0.0 13 16.5467023704 2.2703726914 0 0 0 3 6 4 0 0 0 6 
611 1 25.4252 16.4197 8.69971 4.59185e-04 0.00397408 0.00198267 0.0044648788 0.0 16 22.5328648114 2.1574622905 0 0 0 3 6 7 0 0 0 6 
429 2 20.6696 13.2094 10.4003 -9.46835e-04 0.00204444 0.0032427 0.0039485864 0.0 14 16.6641866149 2.2081029071 0 0 1 2 7 2 2 0 0 7 
714 2 23.6272 8.80467 10.8534 0.00263235 0.00211369 -0.00112133 0.0035572929 0.0 15 13.1757208076 1.9722597087 0 0 4 2 2 3 3 0 1 9 
98 2 2.43245 25.1092 8.85898 -0.00164352 0.0032231 3.8633e-04 0.0036385138 0.0 17 18.9051452472 2.3526413353 0 0 3 2 4 5 1 2 0 8 
462 2 2.98996 22.1764 8.12413 -0.00130346 -0.00256345 -0.00258097 0.0038641545 0.0 14 14.8325355076 2.1398354334 0 0 2 1 5 5 1 0 0 7 
326 1 9.55674 22.4817 15.192 -8.3775e-04 0.00337291 0.00222684 0.0041276099 0.0 13 21.4982015112 2.1803014833 0 0 1 3 4 4 1 0 0 7 
541 1 6.2889 18.5963 10.8962 0.00364819 -0.00281808 0.0032331 0.0056306128 0.0 15 24.516107649 2.287368233 0 0 0 2 8 5 0 0 0 6 
847 1 0.597809 18.2396 12.7606 -0.00323075 -0.0014097 4.39143e-04 0.0035521608 0.0 14 21.2074731323 2.2224182389 0 0 0 3 6 5 0 0 0 6 
526 1 0.273408 19.9611 15.1329 -0.00175042 -0.00266312 -2.40369e-04 0.003195928 0.0 14 20.667999551 2.2310174424 0 0 0 2 8 4 0 0 0 6 
629 1 8.52674 18.0545 12.8536 0.00114964 -8.25652e-04 -0.00201385 0.0024614965 0.0 13 21.7071561098 2.2742620377 0 0 1 2 6 3 1 0 0 7 
912 1 2.84961 26.5409 13.8195 -3.36215e-04 0.00256127 -0.00243596 0.0035506402 0.0 14 22.4951017061 2.2918922614 0 0 0 3 6 5 0 0 0 6 
13 1 1.69342 24.4088 12.1958 -0.00219228 0.00218467 0.00337367 0.0045782665 0.0 15 23.2920453831 2.307148612 0 0 1 4 4 4 1 1 0 8 
904 1 3.37438 18.9468 14.7909 0.00562024 -0.00429447 -0.00256093 0.0075224951 0.0 13 21.4728096778 2.2310174424 0 0 1 4 2 5 1 0 0 7 
264 2 8.77178 25.7993 10.0128 0.00194173 -0.00203314 -0.00395929 0.0048559192 0.0 13 17.4300625397 2.191894956 0 0 0 3 6 4 0 0 0 6 
420 1 6.68686 22.7563 14.8402 -6.5891e-04 -0.00320592 -0.00126825 0.0035100632 0.0 14 21.2941285155 2.288134031 0 0 0 4 4 6 0 0 0 6 
126 2 6.15045 25.525 8.703 0.00488044 0.00302056 -0.00336612 0.006653814 0.0 14 14.4977902451 2.0697361842 0 0 1 3 4 5 1 0 0 7 
489 2 3.91912 23.0931 10.1398 0.00250446 1.00341e-04 0.00144046 0.0028909018 0.0 15 19.6978843536 2.1800944438 0 0 1 3 4 6 1 0 0 7 
243 1 2.394 20.7861 12.698 0.00415016 0.00178872 -0.00156821 0.0047835792 0.0 14 21.7435690184 2.2193640507 0 0 1 5 1 5 2 0 0 7 
520 1 6.01742 24.2053 17.4813 0.00265876 5.50379e-05 -0.00319003 0.0041531103 0.0 16 23.5338729869 2.2684687129 0 0 1 2 7 4 2 0 0 7 
508 1 1.23153 22.7488 14.3646 0.00265498 0.00170232 0.00321684 0.004504983 0.0 15 20.9216547822 2.2310174424 0 0 3 1 5 3 2 1 0 8 
24 1 0.801976 21.8175 10.3703 1.62996e-04 0.00420098 -0.00188624 0.0046078956 0.0 14 22.1646443351 2.3526413353 0 0 1 1 8 3 1 0 0 7 
863 1 2.27015 19.2071 10.3448 1.69813e-04 9.61975e-04 0.00103565 0.0014236584 0.0 16 23.2016594468 2.3094407607 0 0 1 3 5 5 2 0 0 7 
178 1 8.12327 21.0506 12.67 -0.00342798 -0.00233637 -9.95772e-04 0.0042662904 0.0 14 23.1378604212 2.287368233 0 0 0 3 6 5 0 0 0 6 
25 1 7.64373 21.237 16.8582 6.35548e-04 2.64571e-04 4.69085e-04 8.3304250286e-04 0.0 16 21.1443614 2.2741948352 0 0 1 5 1 7 2 0 0 7 
251 1 5.7155 25.5309 14.6554 0.0025128 0.00195452 -0.00518545 0.0060846696 0.0 12 21.0399994156 2.2859474155 0 0 0 2 8 2 0 0 0 6 
750 1 4.19837 23.3551 13.5371 -0.00229483 -0.00202318 -0.00182053 0.0035600325 0.0 12 20.2843571008 2.1447253251 0 0 0 0 12 0 0 0 0 5 
397 1 4.21529 21.4136 15.9991 -0.00144966 -3.34719e-04 0.00138503 0.0020326975 0.0 15 22.3396879099 2.2310174424 0 0 0 3 7 4 1 0 0 7 
823 1 4.71925 25.6774 11.7003 0.00238638 1.0181e-04 -9.33647e-04 0.0025645412 0.0 16 22.7390738176 2.2196175959 0 0 1 4 3 6 2 0 0 7 
67 1 5.14106 20.8913 12.4789 -0.00712136 -3.56102e-04 0.00163836 0.0073160645 0.0 14 22.6687147102 2.287368233 0 0 0 4 5 4 1 0 0 7 
519 1 8.45543 25.1449 15.919 -3.66742e-04 6.70028e-04 0.00142499 0.0016167974 0.0 14 22.9816871718 2.2389909758 0 0 0 4 4 6 0 0 0 6 
908 1 3.23839 24.1534 16.2426 0.00335482 8.71204e-04 0.00270739 0.0043981558 0.0 14 23.4879464414 2.2654048361 0 0 0 2 8 4 0 0 0 6 
570 1 6.42175 23.5732 11.4838 -0.00129527 -0.00118819 0.00143517 0.0022691921 0.0 16 22.9400477559 2.288134031 0 0 0 5 3 7 1 0 0 7 
140 1 13.8957 25.3517 14.3388 0.0019278 -7.90213e-04 0.00197907 0.0028735984 0.0 16 22.2044491867 2.1839201906 0 0 0 3 6 7 0 0 0 6 
572 1 12.3014 22.8431 18.496 0.00347164 3.59855e-04 -0.00186569 0.0039575976 0.0 13 20.4881530241 2.2078879138 0 0 1 2 6 3 1 0 0 7 
620 2 11.3474 26.914 10.6253 0.00286184 0.00123141 -1.05511e-04 0.0031173116 0.0 15 16.1863197862 2.2090066826 0 0 0 2 9 3 1 0 0 7 
735 1 11.3107 26.1334 13.8943 0.00561073 0.00384504 5.31442e-04 0.0068225402 0.0 14 22.9864479369 2.2364563481 0 0 0 2 8 4 0 0 0 6 
728 2 15.3346 25.7682 9.25923 -0.00264621 -0.00201511 7.70542e-05 0.0033270156 0.0 14 18.2673946064 2.3222676919 0 0 0 2 8 4 0 0 0 6 
460 1 15.452 22.2384 13.9669 0.00219018 -0.00422534 0.00186804 0.0051127253 0.0 13 21.8960994673 2.2312655212 0 0 1 2 5 5 0 0 0 6 
189 1 13.5193 19.6289 14.7991 0.00110295 -0.00218659 7.61151e-04 0.0025645712 0.0 13 21.7007330496 2.2125960337 0 0 0 1 10 2 0 0 0 6 
731 1 11.4728 24.7811 16.6364 -1.09248e-04 7.04916e-04 3.73188e-04 8.0505339941e-04 0.0 14 22.1018697253 2.2410312468 0 0 0 3 6 5 0 0 0 6 
117 1 11.4437 20.6748 16.7066 -0.00283033 7.81422e-04 -6.27064e-04 0.0030024319 0.0 17 24.1916431642 2.2741948352 0 0 0 3 8 4 2 0 0 7 
827 1 10.9983 20.1289 13.3552 0.0029121 0.00226816 -2.17414e-04 0.0036975864 0.0 15 21.9918942133 2.1981406305 0 0 1 3 5 4 2 0 0 7 
86 1 15.7387 26.0651 16.8822 -1.59853e-04 -0.00131272 -1.22432e-05 0.0013224737 0.0 15 22.891330725 2.233090237 0 0 1 4 3 5 2 0 0 7 
121 1 17.3717 23.9709 15.4983 -0.00244891 -8.53114e-04 0.00346475 0.0043277542 0.0 15 23.744257301 2.5534448933 0 0 2 2 5 4 1 1 0 8 
267 1 16.3298 20.1102 15.6063 -1.81307e-04 -6.05858e-04 0.00122736 0.0013807059 0.0 15 23.9683777502 2.6066701518 0 0 0 5 4 5 0 1 0 8 
456 1 14.1776 23.3724 16.5439 0.00248355 0.00241536 -0.00155303 0.0037965625 0.0 15 23.4188602971 2.6066701518 0 0 0 3 7 4 1 0 0 7 
166 1 13.3002 22.3628 9.16784 8.1559e-04 -9.97982e-04 -0.00255042 0.0028575859 0.0 16 22.2008403009 2.3222676919 0 0 0 4 5 6 1 0 0 7 
815 1 15.7434 24.6336 12.2096 0.00100166 0.00195586 8.78056e-04 0.0023663671 0.0 16 24.3850880474 2.4537595502 0 0 2 3 3 5 3 0 0 7 
252 1 9.25974 23.7178 18.2183 0.00131698 0.00439146 -0.00184983 0.0049438071 0.0 13 21.4648149859 2.2389909758 0 0 0 2 8 3 0 0 0 6 
66 1 16.0372 18.0729 17.956 0.0029156 -0.0011273 7.22731e-04 0.003208406 0.0 13 20.0574365693 2.1989311702 0 0 0 3 6 4 0 0 0 6 
273 1 9.15709 19.1647 10.0684 0.00192816 -0.0026058 0.00326654 0.0046019863 0.0 15 22.3044456556 2.3272638616 0 0 1 3 5 4 2 0 0 7 
678 1 17.7967 19.2965 10.2661 0.00172989 -0.00562097 -0.00248644 0.0063851552 0.0 15 21.7205395507 2.2363344481 0 0 1 2 6 5 1 0 0 7 
782 1 9.09126 19.0671 15.4202 -5.71465e-04 5.48915e-04 9.84098e-04 0.0012634591 0.0 12 21.5136449943 2.2741948352 0 0 0 2 8 2 0 0 0 6 
887 1 9.40674 23.7158 12.5735 -0.00325493 6.09795e-04 2.90846e-04 0.003324306 0.0 15 23.4625715839 2.288134031 0 0 0 2 8 5 0 0 0 6 
516 2 12.8537 1.01548 12.1174 0.00100604 0.00123448 2.64072e-04 0.0016142464 0.0 12 15.4289192997 2.1839201906 0 0 0 2 8 2 0 0 0 6 
444 1 12.6709 24.5142 11.916 -0.00157171 0.00114016 -1.30804e-05 0.0019417539 0.0 16 21.9525050553 2.3222676919 0 0 0 2 9 4 1 0 0 7 
679 1 15.8675 20.0145 12.2931 -0.00256519 0.00312118 -9.60099e-04 0.00415256 0.0 14 21.9971114338 2.223022261 0 0 1 1 8 3 1 0 0 7 
822 1 10.6561 21.9801 10.9627 -0.00114302 -0.00120032 -5.23444e-05 0.0016583132 0.0 13 22.2518553486 2.1883428145 0 0 0 3 6 4 0 0 0 6 
78 1 14.0574 17.7988 12.7636 -0.0051137 -5.73559e-04 0.00197567 0.0055120023 0.0 13 22.1100283483 2.2290257163 0 0 2 3 4 1 2 1 0 8 
289 1 14.7842 19.6843 9.3325 -3.72789e-04 0.00305528 -6.59823e-05 0.003078646 0.0 15 21.7209989632 2.1912190057 0 0 2 3 3 5 1 1 0 8 
804 1 11.9649 18.9689 10.8174 -0.0065354 -5.78609e-04 -0.00115545 0.0066619296 0.0 16 22.5662490131 2.2480294116 0 0 4 3 1 2 5 1 0 8 
802 1 16.1296 22.5583 9.95792 -0.00255803 0.00274274 0.00233523 0.004418081 0.0 15 23.4532183682 2.3391500997 0 0 1 3 5 4 2 0 0 7 
204 1 13.6303 21.7047 11.8451 0.00165761 0.00286654 0.00503954 0.0060300652 0.0 13 21.4340790571 2.2231553085 0 0 1 2 5 5 0 0 0 6 
544 1 12.2891 22.7229 14.1 -0.00139862 -6.86013e-04 -0.00326887 0.0036210859 0.0 13 22.109114338 2.1941445365 0 0 0 1 10 2 0 0 0 6 
369 2 26.4977 26.5934 9.57022 -0.00229097 -0.00380681 5.18802e-04 0.0044731981 0.0 14 17.485125993 2.3465482514 0 0 2 4 1 4 3 0 0 7 
663 1 18.7258 17.6808 16.8913 0.00302126 -0.00402346 -0.00221536 0.0054976415 0.0 14 22.0533711833 2.1936161769 0 0 0 4 4 6 0 0 0 6 
982 1 23.0076 22.0315 12.0849 5.67089e-04 -0.00190134 5.77967e-04 0.0020665744 0.0 17 24.1109458239 2.4439899791 0 0 0 3 8 4 2 0 0 7 
703 1 25.441 23.8623 11.0511 2.8588e-04 0.00118269 -0.00194016 0.0022901318 0.0 15 23.6163106993 2.3526413353 0 0 1 3 6 2 3 0 0 7 
996 1 22.9057 21.7933 17.492 0.00105395 -0.00191187 -0.00188783 0.0028861669 0.0 12 19.5028480223 2.0827527513 0 0 0 0 12 0 0 0 0 5 
308 1 19.2352 24.2482 13.5741 3.70072e-04 -0.00373202 0.00137218 0.0039934702 0.0 16 25.7882149305 2.4439899791 0 0 0 3 7 5 1 0 0 7 
348 1 23.4933 24.8982 16.4273 0.00280774 3.18979e-04 -0.00214659 0.0035486617 0.0 16 22.3670991726 2.4161415721 0 0 1 2 7 4 2 0 0 7 
135 1 21.9988 24.7807 11.9004 0.00118561 -1.9755e-04 -1.80549e-04 0.0012154403 0.0 13 26.0204932633 2.417064635 0 0 0 4 4 5 0 0 0 6 
937 1 22.414 22.99 14.8265 -0.00533075 -0.00195018 0.00133457 0.0058310526 0.0 13 22.5592997313 2.3671987772 0 0 0 2 9 1 1 0 0 7 
556 1 21.6823 20.1404 13.8338 -6.69641e-04 -4.51649e-05 7.30886e-04 9.9229697272e-04 0.0 11 21.6849905905 2.3053183302 0 0 0 3 6 2 0 0 0 6 
182 1 23.1699 19.1398 9.05518 -0.0021306 -0.00256886 0.00185872 0.0038201228 0.0 15 22.2933859825 2.3859577154 0 0 1 3 4 6 1 0 0 7 
525 1 23.2587 23.822 9.27228 0.0037891 0.00403974 0.00148586 0.0057345059 0.0 15 23.4376595903 2.3067950422 0 0 1 3 5 4 2 0 0 7 
586 1 24.115 19.0669 11.9517 -0.00186671 7.23239e-04 0.0019283 0.0027795722 0.0 14 22.7797523013 2.3885876807 0 0 0 3 6 5 0 0 0 6 
481 1 19.4729 21.8174 14.6495 7.75015e-04 9.7385e-04 0.00148086 0.0019344194 0.0 14 22.3901599324 2.4439899791 0 0 2 1 5 5 1 0 0 7 
672 1 26.1957 19.0044 9.92974 5.01807e-04 -0.00354142 0.00286199 0.004580879 0.0 13 21.1579072468 2.1639611441 0 0 0 1 10 2 0 0 0 6 
821 1 21.6647 17.1302 16.088 -8.68157e-04 3.97358e-04 8.20311e-04 0.0012587693 0.0 15 23.9390329132 2.2900167409 0 0 0 3 7 4 1 0 0 7 
344 1 25.592 22.4641 15.6365 0.00378353 -0.00281215 -0.00316327 0.0056771088 0.0 14 21.2977947851 2.3133527388 0 0 1 1 7 5 0 0 0 6 
917 1 20.5305 20.6803 11.0238 -2.46209e-04 0.0026833 0.00404841 0.0048631617 0.0 15 23.0691210267 2.4439899791 0 0 1 2 7 3 2 0 0 7 
365 1 20.8082 20.0013 16.5844 0.00324597 0.00170223 -6.02961e-04 0.0037144946 0.0 13 22.3575431504 2.2153942942 0 0 0 1 10 2 0 0 0 6 
4 1 20.4274 23.6183 16.8583 -0.00123769 0.00370767 -0.00427322 0.0057912954 0.0 14 22.923232156 2.3823250514 0 0 0 4 4 6 0 0 0 6 
641 1 0.649301 25.5959 15.1867 -0.0038767 -2.38808e-04 2.33728e-04 0.0038910745 0.0 16 23.7869977957 2.3439395439 0 0 1 4 4 5 1 1 0 8 
109 1 25.9907 21.1984 12.8131 7.13659e-04 5.61894e-05 -0.00100952 0.0012375771 0.0 15 22.75405848 2.2675771046 0 0 1 4 3 5 2 0 0 7 
875 1 24.8822 24.6194 13.7145 0.00108678 6.44431e-04 4.84429e-05 0.0012644085 0.0 15 24.1823914832 2.3724230072 0 0 1 2 7 3 2 0 0 7 
284 1 19.8834 23.1906 10.2104 -0.00245585 0.00475537 -5.09834e-04 0.0053763067 0.0 16 24.5864484161 2.4537595502 0 0 3 1 5 4 2 1 0 8 
670 1 18.0563 22.0289 12.0717 0.00218025 -0.00105593 0.00172548 0.0029741821 0.0 15 22.7199186686 2.4537595502 0 0 3 2 3 4 2 1 0 8 
263 1 18.591 19.2273 13.9781 -0.00288022 -9.9922e-04 -0.00183081 0.0035561177 0.0 16 24.4420518787 2.2900167409 0 0 0 2 8 6 0 0 0 6 
604 1 24.0529 19.9477 15.3636 -0.00124438 5.87555e-05 0.00148783 0.0019405082 0.0 15 22.6679838289 2.2675771046 0 0 0 1 10 4 0 0 0 6 
49 1 0.155581 2.05927 20.734 -0.00273953 -5.46696e-04 -0.00126099 0.0030649628 0.0 14 23.3295438791 2.4072294108 0 0 0 3 6 5 0 0 0 6 
944 1 0.585287 4.07351 25.6584 0.00185837 0.00465045 -0.00369575 0.0062240495 0.0 15 23.3541369163 2.4032454594 0 0 1 3 4 6 1 0 0 7 
345 2 6.18327 1.81526 2.29765 0.00201988 -0.00170149 -0.00164331 0.0031105387 0.0 11 11.6715029678 1.9405914552 0 0 0 2 8 1 0 0 0 6 
645 1 3.29354 8.20194 24.6635 -0.00148196 -0.00116067 1.34235e-04 0.0018871617 0.0 15 20.5901038328 2.2776882778 0 0 0 2 8 5 0 0 0 6 
865 2 6.08852 2.88004 22.5199 0.0046751 0.00185835 -0.00157891 0.0052728533 0.0 12 15.5524216456 2.2711212444 0 0 2 2 4 2 2 0 0 7 
759 1 4.37868 9.54946 21.017 7.86533e-04 -0.00625333 -3.08966e-04 0.0063101688 0.0 14 22.2645451699 2.2765167695 0 0 0 4 4 6 0 0 0 6 
647 2 4.95985 0.869582 26.7245 -2.59491e-04 0.00284246 0.00165206 0.003297911 0.0 15 14.0153433995 1.9786200692 0 0 0 4 5 5 1 0 0 7 
228 2 4.47668 1.16282 23.5696 6.60562e-04 -0.00192522 0.0018573 0.0027554269 0.0 13 16.7897830824 2.1631338616 0 0 0 5 2 6 0 0 0 6 
479 1 5.60395 7.44699 19.4453 0.00254746 -0.00370838 0.00212851 0.0049771668 0.0 13 21.3828828713 2.1753613655 0 0 0 3 6 4 0 0 0 6 
23 2 4.74084 4.28833 24.1929 -0.00222305 8.01499e-04 -0.00341599 0.004153714 0.0 13 18.3531376904 2.2501991418 0 0 1 2 6 3 1 0 0 7 
279 2 3.55087 4.5873 26.2441 5.37519e-04 0.0028383 0.00202789 0.0035294775 0.0 12 15.6713468814 2.2411285734 0 0 0 2 8 2 0 0 0 6 
232 1 2.9572 3.46131 18.6624 1.62228e-04 -0.00274789 4.50401e-04 0.0027892792 0.0 15 23.5066065042 2.4072294108 0 0 1 3 5 4 2 0 0 7 
851 1 7.79052 5.50318 18.4043 -0.00118971 2.44192e-04 0.00274515 0.0030018141 0.0 15 21.9785868792 2.2538662193 0 0 1 2 7 3 2 0 0 7 
766 1 1.84298 8.37883 22.2283 0.00377871 0.002167 2.85038e-04 0.0043652932 0.0 14 21.372231512 2.3987325253 0 0 0 4 5 4 1 0 0 7 
1000 2 3.35941 2.14921 25.5778 3.49325e-05 0.00431243 0.00387111 0.0057951502 0.0 15 17.6410854595 2.2624467774 0 0 0 4 5 5 1 0 0 7 
671 1 1.80075 0.713311 18.2818 0.00309748 -0.00214324 -0.00326207 0.0049828667 0.0 14 24.8115144266 2.2940794506 0 0 1 3 4 5 1 0 0 7 
82 1 6.74583 27.0444 18.956 0.00151152 0.00344487 -0.0024991 0.0045163395 0.0 14 24.003185586 2.2389909758 0 0 0 2 8 4 0 0 0 6 
669 2 7.97962 2.7783 20.8808 0.00375042 5.11986e-04 4.90945e-04 0.0038169106 0.0 15 18.6094438582 2.2659379831 0 0 0 4 6 3 2 0 0 7 
835 2 6.08898 0.123399 22.2094 0.00123721 -0.00214779 -0.00207878 0.0032349678 0.0 15 17.6752511393 2.1099485528 0 0 1 4 4 3 3 0 0 7 
349 1 3.03054 8.49981 17.8894 3.95659e-04 0.00255138 -3.44637e-04 0.0026047765 0.0 14 22.7150598991 2.2765167695 0 0 0 2 8 4 0 0 0 6 
517 2 9.41385 0.691346 21.1987 0.00157756 -6.18806e-04 -4.38769e-04 0.001750467 0.0 14 18.5515675624 2.1522876406 0 0 0 5 3 5 1 0 0 7 
933 2 8.21113 4.47434 26.7024 0.00105752 -0.00146162 0.00286417 0.0033849891 0.0 13 15.20437542 2.1497534176 0 0 0 3 6 4 0 0 0 6 
575 1 4.56773 1.57235 20.1431 -0.00373579 0.00278902 -3.0623e-04 0.0046721019 0.0 14 20.9617353526 2.2592492017 0 0 0 2 8 4 0 0 0 6 
585 1 2.67755 3.29868 22.1352 0.00408275 0.0011781 0.00222741 0.0047977206 0.0 16 25.2647362635 2.4072294108 0 0 0 5 2 9 0 0 0 6 
177 1 5.12307 4.83933 20.2134 6.75907e-04 -6.84161e-04 -0.00400429 0.0041181628 0.0 15 22.0575931367 2.2780258619 0 0 3 0 7 2 2 1 0 8 
392 1 5.9398 6.96884 24.845 -0.00245587 -1.86566e-04 -0.00199726 0.0031709859 0.0 14 20.8705242057 2.2030757083 0 0 1 2 7 2 2 0 0 7 
521 1 7.059 7.85744 22.2793 0.00387209 -9.22183e-04 -0.00278425 0.0048575251 0.0 14 21.4929518612 2.2548009012 0 0 2 3 2 5 2 0 0 7 
769 1 2.42926 6.32335 20.0554 -7.94514e-04 0.00111757 0.00292981 0.0032348109 0.0 16 24.7160809257 2.4015501107 0 0 3 2 3 5 2 1 0 8 
275 1 4.41534 6.81616 22.2062 -0.0036966 1.15614e-04 0.00162597 0.0040400491 0.0 15 20.759346032 2.2780258619 0 0 2 4 2 4 2 1 0 8 
555 1 2.07401 5.8394 23.475 0.00276275 -9.84512e-04 -2.62053e-05 0.0029330425 0.0 16 23.4481064797 2.4262010111 0 0 0 3 7 5 1 0 0 7 
377 2 7.63727 4.28157 23.5555 0.0019875 -0.00314289 -4.22177e-04 0.0037424788 0.0 17 17.3499415495 2.2780258619 0 0 1 3 6 4 3 0 0 7 
589 1 8.49155 8.17009 19.6807 0.00110869 0.00153777 5.32973e-04 0.0019692614 0.0 18 24.5116331022 2.3522786276 0 0 0 3 6 9 0 0 0 6 
373 2 6.43386 1.70768 24.7546 -0.00218832 -0.0012952 0.00130367 0.0028575939 0.0 14 13.3446603806 1.8996732059 0 0 0 3 6 5 0 0 0 6 
216 1 1.46183 6.91106 26.4563 5.14484e-05 0.00238457 -2.66967e-05 0.0023852744 0.0 14 22.0174405518 2.4004824411 0 0 0 3 6 5 0 0 0 6 
468 1 0.0721071 8.76161 19.8368 -0.00193546 -6.739e-04 0.00118867 0.0023691946 0.0 12 22.239430353 2.2757957505 0 0 0 2 8 2 0 0 0 6 
338 1 26.5308 1.19508 26.6077 5.26116e-04 0.00155168 0.00190502 0.0025126898 0.0 15 22.7559822626 2.1929237532 0 0 0 2 8 5 0 0 0 6 
418 2 2.60325 -0.133475 1.05036 0.00202183 -0.00246282 0.00488993 0.0058364967 0.0 13 15.5519686374 2.135496666 0 0 0 4 4 5 0 0 0 6 
601 2 15.3545 6.20351 19.4986 -0.0051469 0.00164607 -3.16085e-04 0.0054129507 0.0 15 17.0210486368 2.2471680518 0 0 2 2 5 4 1 1 0 8 
818 2 11.3693 4.27936 18.1261 -0.00347475 -8.14871e-04 -0.00281466 0.0045453507 0.0 14 15.7423345191 2.2348274812 0 0 0 4 4 6 0 0 0 6 
998 2 14.9127 1.9579 18.0395 -0.00215822 0.00237691 3.40344e-04 0.0032285366 0.0 14 14.8003287824 2.0780850908 0 0 0 4 4 6 0 0 0 6 
36 2 12.6243 2.21272 18.3285 0.00374707 -0.00275477 -0.00394426 0.0060980717 0.0 13 14.8457142219 2.1869971394 0 0 0 3 6 4 0 0 0 6 
197 2 7.90248 1.2919 22.9716 -3.24355e-04 -0.00110784 -5.94948e-04 0.001298645 0.0 13 12.6744125617 2.0736193572 0 0 1 2 6 3 1 0 0 7 
765 2 9.79291 2.05695 0.720596 -0.00444832 -2.02845e-04 -0.00108996 0.0045843985 0.0 16 14.0089014725 1.9528747956 0 0 1 5 3 3 4 0 0 7 
894 2 14.2741 1.22228 20.185 7.07833e-04 0.00311889 0.0014249 0.003501263 0.0 13 17.7849662447 2.2464012797 0 0 1 3 4 4 1 0 0 7 
661 2 10.222 4.52903 25.2417 7.21412e-04 0.00117773 -0.0022852 0.0026701353 0.0 14 13.497566959 2.1421744738 0 0 1 3 5 3 2 0 0 7 
613 2 13.6894 4.77358 25.8061 0.00137376 4.97422e-04 -0.00299496 0.0033323311 0.0 15 17.67724179 2.2508125647 0 0 1 3 7 1 2 1 0 8 
892 2 12.0822 3.38916 0.0658455 0.00277968 -1.52116e-04 0.00213321 0.0035071848 0.0 15 12.9832809571 1.8692912521 0 0 3 2 5 0 4 1 0 8 
61 2 9.80832 3.21999 22.6876 -0.0014204 5.8507e-04 0.00128918 0.0020054496 0.0 14 14.037339658 2.0879883045 0 0 0 3 6 5 0 0 0 6 
262 1 16.3258 7.23769 25.5852 0.00156116 -0.00275768 0.00281565 0.0042390924 0.0 14 21.6575258773 2.2035050962 0 0 0 4 4 6 0 0 0 6 
971 2 13.8779 4.24388 23.4527 3.70052e-04 -3.48302e-04 -0.00138577 0.0014760119 0.0 13 17.107279405 2.2609472146 0 0 1 2 5 5 0 0 0 6 
820 2 9.47778 6.10861 23.1014 0.00420368 7.06527e-04 9.90405e-04 0.0043761865 0.0 13 16.5758526513 2.2542450175 0 0 1 2 6 3 1 0 0 7 
333 2 13.5752 1.72185 22.619 -0.00201242 0.00446172 0.00164188 0.0051626107 0.0 14 16.8327432837 2.164855805 0 0 1 1 7 5 0 0 0 6 
495 1 17.1826 0.649908 25.1687 -0.00333285 0.00141397 -0.00417326 0.0055247895 0.0 16 23.444142405 2.1845446415 0 0 1 2 7 4 2 0 0 7 
693 2 11.5888 6.29049 24.8165 -0.00120497 0.00161965 8.87955e-04 0.0022053759 0.0 15 17.5107504664 2.2322822627 0 0 1 4 3 5 2 0 0 7 
499 2 11.5392 4.75131 22.6971 -3.07772e-04 0.00104992 3.74047e-05 0.0010947396 0.0 13 13.5035511496 2.0781323892 0 0 0 3 6 4 0 0 0 6 
183 2 10.1321 4.14823 1.73167 0.00336527 -0.00320002 -1.42032e-04 0.0046460029 0.0 13 13.480860344 1.9424008425 0 0 2 1 5 4 1 0 0 7 
423 2 10.9926 5.77338 0.333431 5.21009e-04 -0.00100236 0.00291948 0.0031304216 0.0 12 14.547766806 2.0854471869 0 0 1 3 4 3 1 0 0 7 
70 2 10.2258 1.06355 23.4901 -0.00247655 0.00167027 0.00341295 0.0045355628 0.0 13 13.5798763734 2.0879883045 0 0 0 4 4 5 0 0 0 6 
134 1 16.3322 6.05903 22.4659 4.83643e-04 0.00165881 -3.80119e-04 0.0017691952 0.0 14 22.8252580959 2.4103142176 0 0 2 2 3 6 1 0 0 7 
492 2 11.3058 2.58233 20.2722 -0.00150402 0.00277671 0.00308907 0.0044175274 0.0 14 17.5370614922 2.2659379831 0 0 0 6 0 8 0 0 0 6 
454 1 16.5893 4.20973 24.823 -0.00120221 7.19631e-04 0.00161316 0.0021366944 0.0 15 23.266660865 2.4141584758 0 0 0 2 8 5 0 0 0 6 
874 2 13.3017 3.60006 20.8525 0.0016314 8.84799e-04 0.00170574 0.0025206912 0.0 15 15.1285686835 2.2318042202 0 0 2 3 4 4 0 2 0 8 
816 2 13.3168 6.00191 20.9444 0.0017622 -6.71638e-04 0.00321553 0.0037277446 0.0 17 16.3894288649 2.1850877388 0 0 3 4 3 2 2 3 0 8 
959 2 15.7539 3.44869 19.6796 3.26105e-04 -0.00339473 5.62719e-04 0.0034564706 0.0 14 18.0137925274 2.2609472146 0 0 3 3 1 4 2 1 0 8 
16 2 8.9226 2.56758 25.1208 -5.95734e-04 0.00155276 -0.0041501 0.0044709387 0.0 14 12.8413706638 1.8607522769 0 0 1 2 6 4 1 0 0 7 
552 2 11.41 7.3225 22.0771 0.00115285 -0.00233469 0.00103044 0.0028002941 0.0 12 16.5584237751 2.2548009012 0 0 1 1 8 1 1 0 0 7 
46 2 11.4261 7.95945 19.853 0.00497696 0.00181479 0.00122217 0.0054366619 0.0 11 13.9417311805 2.2436608625 0 0 0 4 4 3 0 0 0 6 
756 2 14.7259 8.64194 19.2568 -0.00196432 0.00136077 -7.58325e-04 0.002507051 0.0 14 15.8158205663 2.1741111474 0 0 2 1 6 3 2 0 0 7 
811 2 14.1491 2.19848 25.1116 0.00182079 1.92972e-04 -4.65202e-04 0.0018891605 0.0 14 16.5516277883 2.1845446415 0 0 1 3 5 3 2 0 0 7 
433 2 8.21168 5.18513 21.2653 -1.87113e-04 0.00278635 0.00201783 0.003445344 0.0 13 17.961142721 2.2780258619 0 0 3 2 2 3 3 0 0 7 
615 1 8.47367 7.79251 25.3603 6.74914e-04 0.00341423 -7.14648e-04 0.0035529139 0.0 17 23.1665081315 2.2322822627 0 0 1 2 8 3 3 0 0 7 
901 1 14.0861 7.35734 23.7502 9.35673e-04 0.00183735 6.60683e-04 0.0021651423 0.0 14 20.4948931321 2.1765931032 0 0 0 2 8 4 0 0 0 6 
142 2 10.6751 5.57659 20.6412 0.0013426 -1.82315e-04 4.41689e-04 0.0014250974 0.0 16 15.9350692717 2.2659379831 0 0 1 2 6 6 1 0 0 7 
549 2 13.3318 26.507 24.3194 0.00107955 0.00223617 -0.0030074 0.0039000435 0.0 16 18.3173470578 2.4287811087 0 0 2 5 1 3 5 0 0 7 
968 1 13.491 7.86856 26.721 0.00187098 -0.00106284 0.00162265 0.0026950303 0.0 16 22.5327340866 2.2756999731 0 0 1 3 6 3 3 0 0 7 
179 2 13.1656 8.8951 21.1457 7.51371e-04 -0.00238226 -4.44176e-04 0.002537127 0.0 15 18.1091418788 2.2436608625 0 0 1 3 4 6 1 0 0 7 
557 2 12.1293 0.216609 21.2829 -0.00413754 -1.88165e-05 -5.09198e-04 0.0041687977 0.0 13 18.0980829361 2.2236714344 0 0 0 4 4 5 0 0 0 6 
873 1 16.979 26.4635 19.7144 -1.32714e-04 0.00160912 0.0016892 0.0023367235 0.0 17 24.2024037068 2.2857325695 0 0 2 5 2 3 4 1 0 8 
169 1 16.745 2.41396 22.6226 0.00237751 0.00162657 9.42412e-04 0.0030309114 0.0 15 23.2412606448 2.2975525561 0 0 0 4 5 5 1 0 0 7 
949 2 13.8671 4.44696 18.3537 0.00281927 -0.00103145 -0.00381109 0.0048514513 0.0 13 12.7298204445 1.9666965307 0 0 0 5 2 6 0 0 0 6 
794 1 18.8849 0.73632 22.4221 -2.94328e-05 8.40964e-04 -0.00201333 0.0021821055 0.0 14 21.8735301678 2.2857325695 0 0 1 4 3 4 2 0 0 7 
74 1 19.7982 2.98691 23.8652 -0.00401565 0.00158285 -0.00109167 0.0044522581 0.0 15 23.384254473 2.4141584758 0 0 0 4 5 5 1 0 0 7 
927 1 18.1308 1.97067 18.6362 3.15748e-04 -3.77239e-04 -2.89261e-04 5.7068203822e-04 0.0 16 23.7539135686 2.233090237 0 0 0 5 5 4 1 1 0 8 
154 1 24.4104 2.87183 19.8684 -0.00266131 9.1963e-04 -0.00130557 0.0031036758 0.0 14 22.6854486495 2.2793381774 0 0 0 2 8 4 0 0 0 6 
447 1 20.8169 1.48085 20.3747 -1.38571e-04 -0.00167131 -0.00230654 0.0028517724 0.0 15 23.1117563723 2.3984254964 0 0 2 5 0 4 4 0 0 7 
51 1 23.4063 5.52618 20.7584 -0.00539462 -7.26904e-04 -1.15207e-04 0.0054445925 0.0 13 23.085794363 2.1915966792 0 0 0 1 10 2 0 0 0 6 
328 1 21.4201 4.95349 24.9218 -0.00144004 0.00149161 -7.30194e-05 0.0020745957 0.0 13 21.3313254303 2.3473926693 0 0 0 4 4 5 0 0 0 6 
461 1 24.3351 0.531937 22.0645 2.91785e-04 0.00225388 0.0018814 0.0029503863 0.0 13 22.2911899479 2.3464028852 0 0 0 1 10 2 0 0 0 6 
222 1 24.1483 5.1444 23.9382 6.15195e-05 0.00121614 -4.71041e-04 0.0013056266 0.0 14 20.9524723923 2.3713274902 0 0 1 3 4 5 1 0 0 7 
186 1 18.5356 7.34904 20.7964 5.83157e-04 3.87458e-04 -0.00109947 0.0013034685 0.0 13 21.2173276855 2.2471680518 0 0 1 3 4 4 1 0 0 7 
408 1 20.4022 8.63667 25.5565 0.00128264 -0.00110549 -0.00142318 0.0022119482 0.0 13 20.8162474083 2.1166574279 0 0 0 1 10 2 0 0 0 6 
168 1 21.4591 0.513504 23.0604 -3.22859e-05 0.00218322 -0.00272719 0.0034935737 0.0 14 21.130542645 2.4238820941 0 0 0 3 6 5 0 0 0 6 
631 1 20.4026 5.6731 22.3989 -0.0026381 0.00348069 0.00104048 0.0044896963 0.0 15 22.9278297649 2.3698186094 0 0 2 4 2 4 2 1 0 8 
34 1 24.6893 2.49294 24.4909 -3.92368e-04 2.03327e-04 -7.97477e-04 9.1173684903e-04 0.0 13 19.5092027424 2.1374644413 0 0 1 2 5 5 0 0 0 6 
393 1 24.2563 5.5643 17.6749 -0.00377489 0.00240068 -0.00531443 0.0069466701 0.0 15 24.0498795882 2.1808928258 0 0 0 2 9 3 1 0 0 7 
320 1 22.8592 2.98371 22.4326 8.90446e-04 -0.00216499 -0.00194765 0.0030452284 0.0 14 22.8169437024 2.3562100351 0 0 1 2 7 2 2 0 0 7 
325 1 21.3249 4.09047 19.0387 -0.00541065 0.00384363 7.47006e-05 0.0066373342 0.0 16 26.9687481894 2.3562100351 0 0 0 3 7 5 1 0 0 7 
734 1 22.9587 0.26867 18.9747 -1.20574e-04 0.00423 9.47531e-04 0.0043365024 0.0 15 24.134334923 2.4238820941 0 0 0 3 7 4 1 0 0 7 
427 1 22.4897 7.60681 23.5913 -0.00236672 -0.00288559 -5.12673e-04 0.0037670714 0.0 13 21.0362559182 2.1442913896 0 0 0 3 6 4 0 0 0 6 
68 1 25.6835 26.4088 17.4086 -7.27295e-04 0.00103068 -0.0026689 0.002951997 0.0 15 24.187680292 2.2796945373 0 0 2 2 5 4 1 1 0 8 
739 1 18.5061 3.70029 20.8707 -0.00198923 -4.09634e-04 -4.21423e-05 0.0020314064 0.0 16 23.9342364037 2.4141584758 0 0 2 6 0 3 4 1 0 8 
463 1 18.6495 6.87409 23.8391 0.00267978 -4.60331e-05 0.00360999 0.0044961503 0.0 15 21.9449214212 2.4141584758 0 0 0 4 5 5 1 0 0 7 
62 1 21.1687 7.32945 19.7058 0.00222174 0.00414237 0.00628731 0.007850199 0.0 15 23.0800021584 2.2205765983 0 0 0 3 6 6 0 0 0 6 
704 1 25.332 8.49624 24.9031 -9.67026e-04 -0.00178874 0.00318184 0.0037760874 0.0 15 22.0409648481 2.4213608902 0 0 0 5 3 6 1 0 0 7 
426 1 0.617836 1.1446 23.7253 -0.00273975 0.00265111 0.00248656 0.0045516585 0.0 14 24.4680885257 2.2321222493 0 0 0 2 8 4 0 0 0 6 
846 1 20.2732 0.133652 25.5825 -3.55396e-04 -0.0015251 0.00215676 0.0026653049 0.0 14 21.3442250979 2.2091241368 0 0 1 2 7 2 2 0 0 7 
27 1 19.3482 5.81678 26.8432 0.00275616 0.00437204 6.30561e-04 0.0052066072 0.0 15 21.7128035942 2.298725901 0 0 0 4 4 7 0 0 0 6 
153 1 26.2391 5.63012 20.0757 -4.77981e-04 -0.00142737 -0.0011887 0.0019180351 0.0 15 23.5956978671 2.4072294108 0 0 0 4 7 2 1 1 0 8 
480 1 20.3751 9.00047 22.2489 -0.00284193 2.78002e-04 -0.00196664 0.003467207 0.0 15 21.5751919485 2.2244732326 0 0 1 1 8 4 1 0 0 7 
666 1 22.3535 2.19808 25.8106 -6.66605e-04 -0.00241207 -0.00210701 0.0032713812 0.0 14 20.8726483744 2.2066254878 0 0 1 3 4 5 1 0 0 7 
806 1 25.3465 7.10797 22.4633 0.0023798 -0.00268915 -0.00106245 0.0037448332 0.0 13 22.3615647058 2.4262010111 0 0 0 4 5 3 1 0 0 7 
623 1 26.4582 4.00182 22.8276 -8.19846e-04 0.00146243 0.00255181 0.0030532906 0.0 15 22.6981504013 2.4262010111 0 0 1 1 8 4 1 0 0 7 
915 1 24.269 8.14274 18.4615 -6.77421e-04 -0.00237142 3.82391e-07 0.002466279 0.0 16 23.1804583826 2.1809518986 0 0 0 3 7 5 1 0 0 7 
45 1 26.1915 10.0765 22.3697 -8.79299e-04 -0.00353469 -5.10381e-04 0.0036780007 0.0 15 23.785282696 2.2917169228 0 0 0 1 10 4 0 0 0 6 
475 1 2.28187 17.8719 26.3242 -0.00557226 -9.09981e-04 -0.00136621 0.0058090168 0.0 14 22.5572704955 2.3206300472 0 0 0 2 9 2 1 0 0 7 
583 1 5.48235 10.3658 18.1515 -5.42989e-04 0.00233624 0.00568037 0.006165992 0.0 14 25.4136600091 2.3522786276 0 0 0 2 8 4 0 0 0 6 
472 1 3.94243 15.3175 25.8022 0.00160299 0.00276322 4.66565e-04 0.0032284121 0.0 17 23.7100743241 2.3396520398 0 0 0 2 8 7 0 0 0 6 
849 1 4.0218 11.1231 25.7655 -0.00171363 0.00286907 -1.84948e-04 0.0033469831 0.0 15 22.732089532 2.3045013396 0 0 2 3 3 4 3 0 0 7 
932 1 6.95329 10.8013 21.1406 0.00512256 0.00270805 7.94062e-04 0.0058484776 0.0 13 22.5386814822 2.3414658653 0 0 0 1 10 2 0 0 0 6 
598 1 1.15577 9.78391 25.2672 0.00190489 -0.00160736 8.54525e-04 0.0026348482 0.0 13 21.0126672684 2.3987325253 0 0 0 3 6 4 0 0 0 6 
627 1 1.55748 13.6962 18.6092 0.00160197 1.16658e-04 0.00174873 0.0023744417 0.0 15 24.213851561 2.3061842694 0 0 0 3 6 6 0 0 0 6 
435 1 3.03452 15.5866 20.7791 4.94078e-04 -0.00146246 0.00478549 0.0050283016 0.0 14 23.6074060527 2.3029564492 0 0 0 5 3 5 1 0 0 7 
511 1 2.88126 16.6946 23.4195 0.00145194 -4.93395e-04 -0.00190689 0.0024469977 0.0 13 20.4367321793 2.3396520398 0 0 0 3 6 4 0 0 0 6 
870 1 2.63618 10.8326 23.1451 8.70031e-04 0.00280624 0.00246928 0.0038378745 0.0 13 21.3481511884 2.2917169228 0 0 0 1 10 2 0 0 0 6 
597 1 6.96934 16.2854 25.2805 0.00226649 -0.00161764 0.00236953 0.0036562834 0.0 13 21.0563965653 2.2598521631 0 0 1 2 6 3 1 0 0 7 
814 1 0.171784 15.8637 22.1366 -6.38158e-04 0.00167817 0.00239221 0.0029910147 0.0 15 22.2268895141 2.3061842694 0 0 0 4 5 5 1 0 0 7 
424 1 5.43311 15.1243 22.7162 -0.00157305 0.00168115 3.14519e-04 0.0023237198 0.0 14 21.8188861254 2.1954776614 0 0 0 4 4 6 0 0 0 6 
709 1 3.73953 17.1367 17.5004 -9.39797e-05 4.1449e-04 -0.00100615 0.0010922326 0.0 15 22.0886011437 2.2877829209 0 0 0 4 6 3 2 0 0 7 
767 1 2.07433 11.0164 19.8313 0.00107857 -0.00100568 -0.00327725 0.0035937547 0.0 14 24.1375514236 2.2765167695 0 0 0 2 8 4 0 0 0 6 
358 1 5.1766 12.3314 22.971 9.50402e-04 0.00508705 7.90999e-04 0.0052351715 0.0 12 20.1566119069 2.3045013396 0 0 0 3 6 3 0 0 0 6 
439 1 1.01702 16.738 18.1181 -0.0012635 0.00113802 0.00510018 0.0053761843 0.0 13 21.0450344372 2.3061842694 0 0 0 3 6 4 0 0 0 6 
200 1 0.48895 12.8298 21.6447 0.00198338 0.00372827 0.00118189 0.0043852773 0.0 15 23.4552967718 2.2917169228 0 0 2 3 4 3 2 1 0 8 
897 1 4.39797 13.0024 20.3079 -2.77259e-04 -0.00401414 -3.8863e-04 0.0040424282 0.0 15 23.9732653645 2.2365354956 0 0 0 0 12 3 0 0 0 6 
165 1 7.30046 13.6852 20.7791 -3.96215e-06 -8.09283e-04 -0.00255904 0.0026839598 0.0 13 20.5178595844 2.1935230662 0 0 0 3 6 4 0 0 0 6 
97 1 6.51129 13.0706 25.6833 -5.75108e-04 0.00255722 0.00150726 0.0030235668 0.0 17 25.3328245741 2.331114484 0 0 2 4 3 3 5 0 0 7 
757 1 2.74368 13.8623 23.1881 -7.99964e-05 0.003166 -0.00198877 0.003739674 0.0 13 21.3643134837 2.3045013396 0 0 1 2 6 3 1 0 0 7 
226 1 5.60912 15.2186 18.6535 -0.00313305 -0.00378279 -0.00382311 0.0062242809 0.0 14 21.9832185437 2.2877829209 0 0 1 3 5 3 2 0 0 7 
185 1 6.39185 17.3833 20.397 -0.00204233 -8.25211e-04 7.28391e-04 0.0023200514 0.0 15 23.0996915439 2.2612400921 0 0 0 2 9 3 1 0 0 7 
47 1 5.96357 9.7615 23.9799 -0.00492103 0.0031019 -4.01644e-04 0.0058309208 0.0 15 20.9904946952 2.1115652363 0 0 0 3 6 6 0 0 0 6 
540 1 8.22002 15.5796 22.6025 9.30806e-04 -0.0022179 -0.00137247 0.0027693238 0.0 13 20.8970051913 2.2098904981 0 0 0 3 6 4 0 0 0 6 
319 1 7.651 12.481 18.2782 -5.28162e-04 0.00126881 0.00291186 0.003219901 0.0 15 23.7970995306 2.3522786276 0 0 0 2 8 5 0 0 0 6 
963 1 9.52525 9.73316 23.1165 -3.23563e-04 -0.00181802 -0.00225514 0.002914712 0.0 17 24.2167816559 2.2944470789 0 0 1 4 5 4 2 1 0 8 
405 1 4.08253 13.2684 16.9621 -0.00231374 0.00158248 -8.10917e-04 0.0029180854 0.0 15 23.0393059959 2.2774241294 0 0 0 4 4 7 0 0 0 6 
335 1 1.11832 12.7826 25.5152 0.00147997 -0.00130005 -2.70513e-04 0.0019883708 0.0 15 23.3459175821 2.2917169228 0 0 1 2 7 3 2 0 0 7 
253 1 8.14994 10.6018 25.5004 -1.5678e-04 0.00194834 0.00435581 0.0047742737 0.0 13 22.1158624958 2.331114484 0 0 3 2 1 5 2 0 0 7 
368 1 0.706335 15.5394 24.8018 -9.95814e-04 -0.00226621 1.61355e-04 0.0024806025 0.0 13 19.9377489784 2.0961471949 0 0 1 2 5 5 0 0 0 6 
594 1 12.158 14.2709 26.6431 -3.72005e-04 -0.00103456 5.31532e-04 0.0012211586 0.0 16 25.3724679491 2.2883898543 0 0 0 1 10 5 0 0 0 6 
854 1 17.0433 14.9698 25.9576 0.00328368 -1.98719e-04 9.06922e-04 0.0034124113 0.0 14 20.3894667654 2.3053968796 0 0 1 4 3 4 2 0 0 7 
980 1 17.5715 15.824 19.3036 0.00185738 -0.00117684 6.3082e-04 0.0022875198 0.0 15 21.8764965542 2.2492137453 0 0 0 3 6 6 0 0 0 6 
380 1 11.8863 15.9239 19.1236 -1.46453e-04 -0.00397029 -3.85359e-04 0.0039916353 0.0 13 20.57398354 2.1701061483 0 0 0 3 6 4 0 0 0 6 
149 2 12.7561 10.0445 19.051 0.00216994 -1.38533e-04 0.00185032 0.0028550858 0.0 14 17.1222060324 2.2642722627 0 0 0 4 6 2 2 0 0 7 
309 1 12.0816 9.69975 24.5263 7.0492e-04 -4.92482e-04 -0.0031047 0.0032215855 0.0 15 23.3744946202 2.2322822627 0 0 2 2 5 4 1 1 0 8 
595 1 11.8058 18.8544 19.4639 2.39095e-05 -0.00274103 0.00195229 0.0033653014 0.0 15 20.9628589643 2.1880874696 0 0 0 4 4 7 0 0 0 6 
789 1 8.13549 12.5153 23.1992 -0.00121232 8.80026e-05 8.38931e-04 0.0014769121 0.0 15 23.6839019245 2.3011736886 0 0 0 3 7 4 1 0 0 7 
877 1 16.4149 13.9242 21.063 -0.00140379 0.00110409 -1.32517e-04 0.0017908662 0.0 13 20.371626157 2.2280560151 0 0 0 1 10 2 0 0 0 6 
302 1 13.5846 12.5021 24.3426 -0.00444857 -4.33453e-04 0.00177168 0.0048079628 0.0 13 21.0892707614 2.2302657879 0 0 1 0 9 3 0 0 0 6 
632 1 10.4229 12.186 26.1258 3.22912e-04 0.00159881 -7.19986e-04 0.0017829317 0.0 15 24.2104544512 2.3011736886 0 0 0 3 6 6 0 0 0 6 
464 1 11.66 11.6312 22.1105 -0.00198638 -3.97729e-04 -0.00286762 0.0035110025 0.0 14 23.9330335206 2.3011736886 0 0 0 1 10 3 0 0 0 6 
29 1 13.7987 14.2965 21.9449 0.00389085 6.89925e-04 0.0018891 0.0043798869 0.0 14 20.5693678986 2.146287829 0 0 1 1 8 3 1 0 0 7 
164 1 15.2924 9.89238 24.1264 -0.00190346 0.00148002 -0.00240322 0.0034042746 0.0 15 20.9341391839 2.2256155055 0 0 2 3 3 5 1 1 0 8 
504 1 16.1853 12.7717 23.8329 8.69051e-05 -3.07568e-04 -0.00296127 0.0029784678 0.0 15 21.1590992177 2.3075156853 0 0 3 2 4 2 3 1 0 8 
563 2 14.5486 10.4515 17.6477 -3.87281e-04 0.00112244 2.26143e-04 0.0012087178 0.0 15 16.9232927978 2.1088229599 0 0 2 2 5 3 3 0 0 7 
455 1 14.6658 11.436 21.5219 -0.00443642 4.91896e-04 0.00358802 0.0057269251 0.0 15 21.2773380628 2.2028277642 0 0 0 2 8 5 0 0 0 6 
39 1 14.6872 16.088 19.9519 -2.8768e-05 0.00362261 -0.00136766 0.0038722893 0.0 13 19.7190875809 2.1880874696 0 0 0 3 6 4 0 0 0 6 
667 1 8.612 15.3637 18.5161 0.00149939 0.00501167 -1.83333e-04 0.0052343689 0.0 15 22.0530686919 2.1701061483 0 0 0 1 10 4 0 0 0 6 
237 1 14.4773 15.2466 25.0945 -2.61485e-04 -0.00398354 0.00167197 0.0043280999 0.0 15 20.9033291633 2.1719077702 0 0 2 2 5 3 3 0 0 7 
156 1 15.3689 12.8821 -0.0936704 3.48731e-04 -0.00332932 -0.00110435 0.0035249928 0.0 13 20.0921969485 2.2319898149 0 0 1 2 6 3 1 0 0 7 
889 1 10.4032 13.8329 20.4033 -0.00243195 2.67656e-04 -0.00240812 0.0034329379 0.0 14 22.8698922386 2.2511488443 0 0 0 4 4 6 0 0 0 6 
639 1 15.5632 16.5332 22.609 -0.00196346 -3.72104e-04 0.00296817 0.0035782216 0.0 17 24.1660110137 2.2492137453 0 0 0 4 6 5 2 0 0 7 
268 1 16.4133 8.83102 21.9934 -5.29681e-04 0.00494116 0.0057349 0.0075884585 0.0 17 21.5880796842 2.2244732326 0 0 1 2 7 5 2 0 0 7 
63 1 12.284 16.7979 21.7997 0.00114787 0.00103841 -0.00172184 0.0023153043 0.0 14 21.7304875754 2.1568743172 0 0 1 3 5 3 2 0 0 7 
530 1 9.35667 14.9569 25.5932 -1.20468e-04 -3.91336e-05 -0.00253565 0.0025388117 0.0 15 24.0824484429 2.2506616545 0 0 1 4 3 5 2 0 0 7 
706 1 9.90536 10.7478 19.9971 -0.00170208 -0.00120163 0.00134497 0.0024799063 0.0 14 23.7169273571 2.3198757121 0 0 0 3 6 5 0 0 0 6 
803 1 12.8284 10.9167 0.00676552 0.00138637 -3.66842e-04 8.39014e-04 0.0016614871 0.0 12 20.1659618522 2.2883898543 0 0 0 2 8 2 0 0 0 6 
956 1 11.0308 14.4525 23.0621 0.00128116 -0.0012212 -0.00257098 0.00312132 0.0 14 23.8287535549 2.3011736886 0 0 0 2 8 4 0 0 0 6 
242 1 12.3924 17.0028 24.7667 0.00133295 -0.0026313 -9.17942e-04 0.0030891929 0.0 15 22.2413917685 2.295681274 0 0 3 3 3 1 4 1 0 8 
280 1 9.54645 17.0136 20.4933 0.00377345 -0.00232937 -0.00204896 0.0048849899 0.0 14 21.126511029 2.2098904981 0 0 0 3 6 5 0 0 0 6 
796 1 13.9161 13.0578 19.2698 7.35145e-07 0.00374478 -0.00170538 0.0041148145 0.0 15 23.4756806719 2.2642722627 0 0 0 4 4 7 0 0 0 6 
77 1 17.0635 10.7044 20.0153 -6.68197e-04 0.00351346 3.14503e-04 0.0035902368 0.0 15 22.6211316325 2.2244732326 0 0 2 2 5 4 1 1 0 8 
91 1 21.6043 16.6717 24.2648 0.00273712 3.43323e-04 4.52173e-04 0.0027953814 0.0 15 23.2447598006 2.3119925921 0 0 0 1 10 4 0 0 0 6 
167 1 21.124 11.5739 21.43 0.00137251 -7.03475e-04 5.04686e-04 0.0016227658 0.0 12 19.7926877053 2.2745707254 0 0 0 2 8 2 0 0 0 6 
101 1 22.5975 10.9913 19.1954 -5.88278e-04 -7.53828e-04 3.84197e-04 0.0010305023 0.0 14 20.5586911683 2.3335892209 0 0 0 5 4 3 2 0 0 7 
402 1 25.5055 13.4384 23.7112 0.00435585 -0.00398913 -4.1401e-04 0.0059209789 0.0 14 20.6184316373 2.2829501849 0 0 2 2 4 5 0 1 0 8 
653 1 19.912 14.6023 25.7253 0.00367794 6.83445e-04 -0.00143077 0.004005177 0.0 13 22.4783695655 2.2544674684 0 0 1 2 5 5 0 0 0 6 
883 1 25.4325 11.1768 18.673 -0.00364313 0.00153105 0.00142437 0.0042006357 0.0 16 23.9623329589 2.2315455334 0 0 0 2 8 6 0 0 0 6 
619 1 25.2439 11.3861 25.537 0.00302857 -4.9342e-04 -5.00397e-05 0.0030689092 0.0 13 21.492172598 2.2587965122 0 0 0 1 10 2 0 0 0 6 
133 1 18.3215 14.7613 23.2179 0.00151503 0.0030944 -0.00396484 0.0052526739 0.0 15 22.2787424067 2.3075156853 0 0 1 3 5 4 2 0 0 7 
716 1 23.5417 8.95791 21.1722 0.00322188 -7.863e-05 -0.00144009 0.0035299508 0.0 15 23.1116389484 2.1719143316 0 0 0 4 4 7 0 0 0 6 
844 1 24.1337 12.313 21.3438 0.00383522 0.0025384 -0.00203622 0.0050297693 0.0 13 22.3017549442 2.2064034786 0 0 0 3 6 4 0 0 0 6 
730 1 24.8409 17.1207 20.4139 0.00364471 0.00152795 0.0011282 0.0041099121 0.0 15 20.7572349543 2.2881853165 0 0 1 4 3 5 2 0 0 7 
403 1 20.5146 15.5139 18.4433 -4.40438e-04 -0.00107 -0.00148708 0.001884222 0.0 16 22.9235788676 2.2032143336 0 0 0 3 7 5 1 0 0 7 
272 1 23.5402 16.0087 17.8268 -0.00151068 0.00240892 2.29375e-04 0.0028526589 0.0 13 20.3173308452 2.2089750172 0 0 0 2 8 3 0 0 0 6 
723 1 19.5849 16.7554 21.677 -0.00187944 0.00202596 0.0023672 0.0036387422 0.0 14 23.6426960091 2.3797026729 0 0 1 3 4 5 1 0 0 7 
299 1 19.4701 17.4467 0.0434585 -9.57868e-04 -0.00193047 -0.00173138 0.0027643991 0.0 15 23.8386832857 2.3725536431 0 0 1 1 9 2 2 0 0 7 
170 1 22.4626 13.8654 19.6827 2.57228e-04 -0.0017566 -0.00250665 0.0030716614 0.0 15 20.7310214991 2.3335892209 0 0 0 5 4 4 2 0 0 7 
93 1 25.446 14.3963 19.4195 -9.15026e-04 0.00248063 -0.00246311 0.0036135452 0.0 15 23.5771526519 2.3061842694 0 0 1 2 5 7 0 0 0 6 
707 1 23.6747 15.2088 22.3542 -0.00316748 0.0029387 -7.48495e-04 0.0043851034 0.0 13 19.8043127446 2.2186946911 0 0 1 0 9 3 0 0 0 6 
958 1 22.1924 16.7616 20.4452 0.0017604 0.00241975 -0.00147709 0.0033370635 0.0 12 18.9063307817 2.164312553 0 0 0 2 8 2 0 0 0 6 
417 1 22.7637 13.3528 24.7151 0.00147532 7.0653e-05 1.54168e-04 0.0014850349 0.0 15 21.6415982348 2.1608166853 0 0 1 1 9 2 2 0 0 7 
878 1 18.0361 9.77559 24.7696 0.00193832 -3.81519e-04 -0.00105448 0.0022393234 0.0 13 20.9877906066 2.2176939709 0 0 1 2 6 3 1 0 0 7 
246 1 20.3782 11.5605 24.6721 -9.33159e-04 -7.95524e-04 0.00569758 0.005828041 0.0 15 22.8848261603 2.3075156853 0 0 1 1 9 2 2 0 0 7 
48 1 23.02 10.5288 24.0757 5.48606e-04 1.48242e-04 0.00409218 0.0041314503 0.0 15 22.9621373639 2.1610888066 0 0 1 2 7 3 2 0 0 7 
628 1 19.8018 9.98634 19.6518 -0.00147214 -1.76636e-04 -0.00285758 0.0032193415 0.0 17 22.2480248104 2.3045766005 0 0 1 4 5 4 2 1 0 8 
581 1 21.1402 14.2749 22.2843 -0.00392915 0.00465252 -0.00446541 0.0075514269 0.0 14 20.7751601405 2.1685351427 0 0 0 4 4 6 0 0 0 6 
490 1 19.1865 13.3732 20.4994 0.00171496 -0.00208642 -8.22982e-04 0.0028233908 0.0 14 21.5844203152 2.3335892209 0 0 0 3 7 3 1 0 0 7 
379 1 18.4203 11.4665 22.4422 -4.25331e-04 -0.00499019 -0.00118092 0.0051456268 0.0 15 21.5141225821 2.3065027367 0 0 1 3 5 4 2 0 0 7 
105 1 24.6187 16.0098 25.0777 0.00171621 0.00217046 -1.14674e-04 0.0027693724 0.0 14 20.9632638807 2.2208105823 0 0 2 0 8 2 2 0 0 7 
930 1 26.8416 25.1645 23.0659 0.00109523 9.78681e-05 4.46042e-04 0.0011866172 0.0 16 23.8615763522 2.2329985106 0 0 0 4 5 6 1 0 0 7 
414 1 0.498318 21.5707 23.2821 -5.43783e-04 0.00243686 -0.00282102 0.0037672457 0.0 14 20.9820095562 2.2160609713 0 0 0 4 4 6 0 0 0 6 
642 1 8.08172 24.7565 20.6346 4.0202e-04 -3.22267e-04 0.00256005 0.0026113851 0.0 15 21.9336141557 2.2684687129 0 0 3 3 3 1 4 1 0 8 
399 1 6.03118 23.6244 21.9518 -0.0026796 -0.00192387 -6.87376e-05 0.0032994328 0.0 17 22.2544454569 2.2684687129 0 0 0 4 5 7 1 0 0 7 
31 1 1.43834 24.4758 19.2058 -8.87738e-04 0.00384061 -0.00131073 0.0041540796 0.0 14 23.3233875547 2.3439395439 0 0 0 3 6 5 0 0 0 6 
845 2 6.60047 25.7641 24.2768 -2.81442e-04 0.00259813 0.00261828 0.0036993079 0.0 14 14.6349599365 2.2003018318 0 0 1 4 3 4 2 0 0 7 
554 1 3.51636 21.8368 24.0974 5.56922e-04 0.00119602 0.00286593 0.0031550247 0.0 12 19.1846395325 2.0985082697 0 0 0 4 4 4 0 0 0 6 
421 1 4.91756 20.6277 21.8309 -0.00232854 0.00294823 -0.00186979 0.0041964596 0.0 15 21.3717354031 2.2612400921 0 0 0 3 6 6 0 0 0 6 
913 2 5.42375 23.8528 25.3934 -0.00177115 2.16749e-05 -0.00440229 0.0047452713 0.0 13 15.4462170985 2.1373637996 0 0 0 3 6 4 0 0 0 6 
934 1 2.67055 23.319 21.696 0.00144555 0.00154442 -0.00106125 0.0023666642 0.0 14 22.193996731 2.1476228584 0 0 0 4 4 6 0 0 0 6 
458 1 4.21913 25.4593 19.7729 0.00286941 5.9002e-04 0.00109114 0.0031260556 0.0 14 22.8559394565 2.2684687129 0 0 0 2 8 4 0 0 0 6 
130 1 2.54996 19.3112 22.7227 4.00393e-04 -0.00236259 -2.73469e-04 0.0024118315 0.0 14 21.011662227 2.1527426194 0 0 0 4 4 6 0 0 0 6 
987 2 7.85659 23.9535 25.7847 0.00173558 -1.23936e-04 3.92437e-04 0.0017837054 0.0 15 15.8870106903 2.2282547353 0 0 1 2 9 1 0 2 0 8 
710 1 2.15069 19.5179 17.4934 -0.00176485 -0.00322579 -0.00239868 0.0043902258 0.0 14 21.9548623079 2.2570804388 0 0 0 1 10 3 0 0 0 6 
900 2 3.16649 26.1599 25.5757 -0.00187091 -0.00124552 0.00123169 0.0025629445 0.0 16 18.4394875775 2.2329985106 0 0 0 5 3 7 1 0 0 7 
543 1 4.60753 19.7762 25.4869 0.00335197 -0.00173114 -0.00478669 0.0060946657 0.0 19 23.0475177124 2.3396520398 0 0 1 6 3 5 2 2 0 8 
112 1 26.2808 25.1192 26.0448 7.06709e-04 0.00114932 -1.52222e-04 0.0013577723 0.0 13 21.189705455 2.2075580545 0 0 0 3 6 4 0 0 0 6 
902 1 1.9013 21.0991 20.3148 0.0026597 -0.00169948 -0.00190409 0.0036861627 0.0 14 22.3081908278 2.268412381 0 0 1 3 4 5 1 0 0 7 
40 1 7.17962 21.9871 19.5408 0.00252924 -0.00759589 0.00136298 0.008121103 0.0 13 20.9063760478 2.2594500734 0 0 0 2 8 3 0 0 0 6 
648 1 1.54583 20.2837 25.5884 0.00434365 0.00153089 0.0022035 0.0051055197 0.0 12 19.6732096564 2.2138692858 0 0 0 2 8 2 0 0 0 6 
618 1 1.67433 23.4891 25.1043 -3.91666e-04 0.0017667 -2.64926e-04 0.0018288841 0.0 14 21.057935277 2.1604360954 0 0 0 4 4 6 0 0 0 6 
506 1 1.54098 22.1854 17.5424 -0.0021848 0.0019168 -0.0020143 0.0035362237 0.0 13 22.63979461 2.3439395439 0 0 0 1 10 2 0 0 0 6 
374 1 7.48992 19.1145 25.2874 0.00307147 0.00124686 -7.91441e-04 0.0034080737 0.0 13 20.5288469038 2.2717031046 0 0 0 2 8 3 0 0 0 6 
73 1 1.1042 18.0373 20.3857 -0.00200946 5.86955e-04 5.03769e-04 0.0021531904 0.0 13 21.3494354633 2.2570804388 0 0 0 2 8 3 0 0 0 6 
761 1 5.63817 18.0076 23.1545 -0.00402534 8.562e-04 4.81635e-04 0.0041434783 0.0 16 22.3741162612 2.3396520398 0 0 1 4 4 5 1 1 0 8 
119 2 4.18613 25.124 23.705 -0.0017823 -0.0041144 0.00189437 0.0048675988 0.0 13 18.6031505135 2.2329985106 0 0 1 4 2 5 1 0 0 7 
304 1 3.71594 18.5141 19.963 4.73308e-04 0.00107604 8.54779e-04 0.0014534544 0.0 14 21.1194680361 2.2165854353 0 0 2 2 3 6 1 0 0 7 
265 2 6.30606 25.6457 26.6424 4.09663e-04 0.00160957 0.00258379 0.0030715648 0.0 16 12.6129880259 1.9682021397 0 0 1 3 4 7 1 0 0 7 
522 1 7.55288 19.8317 21.9616 -0.00308684 0.00189935 -0.00444505 0.0057353798 0.0 15 20.8668271738 2.2465521392 0 0 0 4 4 7 0 0 0 6 
64 1 2.23127 -0.0793505 21.5311 -0.00287752 -0.00392601 -7.14581e-04 0.0049197868 0.0 14 23.7013299548 2.2517286443 0 0 0 5 3 5 1 0 0 7 
578 1 5.42118 19.8704 18.0356 -0.00260473 -7.41089e-04 4.72529e-04 0.0027490207 0.0 15 21.9796062296 2.2612400921 0 0 2 2 5 4 1 1 0 8 
173 1 4.39295 22.4982 19.3046 -0.00193011 8.29533e-04 0.00326706 0.0038842156 0.0 15 22.7834835342 2.2583691735 0 0 2 1 8 1 2 1 0 8 
833 1 8.86837 22.5027 22.4567 -0.00214521 -0.00138421 0.00100692 0.0027444218 0.0 15 23.2271828268 2.2551513224 0 0 0 4 5 5 1 0 0 7 
33 1 6.47903 21.5136 23.9422 0.00259356 0.0037045 -4.74423e-04 0.0045469716 0.0 12 20.4234324993 2.2282547353 0 0 0 3 6 3 0 0 0 6 
784 1 0.0398301 18.281 23.9071 -1.0384e-04 0.00221534 -3.74913e-04 0.0022492385 0.0 16 21.6085198161 2.2160609713 0 0 0 3 7 5 1 0 0 7 
839 1 17.9089 21.9335 24.1413 -7.80392e-04 0.00206754 -0.00168335 0.002778021 0.0 14 21.9166675207 2.2488163852 0 0 1 3 5 3 2 0 0 7 
608 1 13.166 19.5153 23.2711 9.47193e-05 -0.0044817 -0.00146957 0.0047174403 0.0 16 22.3290601507 2.295681274 0 0 2 1 7 4 1 1 0 8 
102 2 10.0832 23.5089 25.5492 0.00121699 -0.00212292 0.00191028 0.0031043556 0.0 16 16.8226739234 2.2132374157 0 0 2 4 4 3 0 3 0 8 
507 1 12.8377 21.2672 20.8155 -0.00253506 -0.00251588 2.43043e-05 0.0035716624 0.0 14 22.3615626098 2.2551513224 0 0 0 2 8 4 0 0 0 6 
939 1 12.2545 22.2424 23.6045 6.5086e-04 -2.82374e-04 0.00341289 0.0034858531 0.0 16 24.7656054955 2.4287811087 0 0 0 3 6 7 0 0 0 6 
143 2 11.2193 0.581253 25.8661 -0.00257378 -2.92988e-04 -0.00152795 0.0030074602 0.0 16 15.0844424863 1.9131224432 0 0 2 5 2 2 4 1 0 8 
10 2 11.7297 24.9738 25.3333 -0.00140595 -4.94634e-04 7.44491e-04 0.0016660207 0.0 13 14.8699905951 2.3942180509 0 0 2 4 2 2 2 1 0 8 
478 1 10.4391 19.6342 22.0292 0.00283602 0.00131908 -0.0015999 0.0035132124 0.0 13 21.3613042172 2.2465378684 0 0 1 2 6 3 1 0 0 7 
899 1 9.31179 17.7203 23.8006 -9.3977e-04 -0.00147645 0.00146295 0.0022810732 0.0 14 21.2476830507 2.295681274 0 0 1 2 6 4 1 0 0 7 
942 2 8.9688 25.4037 23.8653 0.00318874 -6.01708e-05 -7.85654e-04 0.0032846515 0.0 15 17.5722126588 2.2115586007 0 0 2 4 3 3 1 2 0 8 
327 1 8.09571 19.2913 19.1973 -0.00515001 -0.00526307 -0.00125244 0.007469345 0.0 15 21.0007320765 2.2741948352 0 0 0 6 2 5 2 0 0 7 
771 2 8.74557 27.1308 25.7912 -3.65837e-04 1.07853e-04 1.52882e-04 4.1090374311e-04 0.0 14 13.985946507 1.9902764461 0 0 0 4 6 2 2 0 0 7 
626 1 14.1599 20.1676 17.8468 -0.00227941 -0.00426068 0.00250379 0.0054422485 0.0 14 23.1790958012 2.508205091 0 0 1 2 6 4 1 0 0 7 
415 1 17.4618 19.8525 25.9442 -2.53537e-04 -0.00305838 0.00255915 0.0039959001 0.0 14 20.5337552487 2.25222289 0 0 1 1 8 3 1 0 0 7 
699 1 15.3692 23.7811 19.1622 0.00329867 -0.00161057 -0.00546902 0.0065867548 0.0 14 20.9206823262 2.5582607907 0 0 2 2 4 4 2 0 0 7 
518 1 10.6787 24.0998 20.6788 -0.0013832 6.11896e-04 0.00105429 0.0018436882 0.0 16 22.9539493451 2.2551513224 0 0 1 4 4 4 3 0 0 7 
800 1 10.0219 21.1649 19.4523 -0.00142094 8.18448e-04 -5.47738e-04 0.0017288564 0.0 13 21.2358006567 2.2575382778 0 0 1 2 6 3 1 0 0 7 
976 1 16.4204 19.6187 23.0858 -0.00390179 -0.00221172 -0.00303108 0.0054132353 0.0 13 21.9757699565 2.3087013013 0 0 0 2 8 3 0 0 0 6 
18 1 14.9961 21.2545 25.134 -9.717e-04 -0.00372415 -3.22291e-04 0.0038623006 0.0 12 20.5317201452 2.2169951943 0 0 0 0 12 0 0 0 0 5 
340 1 16.312 21.3244 19.8201 -0.00148381 1.59843e-04 3.06528e-04 0.0015235489 0.0 15 22.7513948232 2.6066701518 0 0 0 6 2 5 2 0 0 7 
688 2 11.811 2.8777 24.5489 -0.00227334 -0.00397277 -5.89565e-04 0.0046150366 0.0 15 14.0133050778 2.0509048988 0 0 2 2 5 3 3 0 0 7 
524 1 14.4508 18.8001 20.5133 0.0017756 -0.00102109 -0.0015467 0.0025666439 0.0 13 21.2905645101 2.1880874696 0 0 0 3 6 4 0 0 0 6 
948 1 13.3677 25.6631 18.4298 -0.0017208 -0.00336166 0.0022787 0.0044107124 0.0 15 22.0294139077 2.2464012797 0 0 0 3 7 4 1 0 0 7 
311 1 9.80627 20.7007 24.6452 0.00439585 -7.63704e-04 -0.00427122 0.0061765736 0.0 16 21.4983892543 2.295681274 0 0 2 1 5 7 1 0 0 7 
500 1 17.4946 18.539 20.2567 -0.00179043 -4.73046e-04 8.75376e-04 0.0020483396 0.0 13 21.5754082861 2.3136473856 0 0 0 3 6 4 0 0 0 6 
17 1 15.0679 18.2489 25.3037 0.00340168 5.02155e-04 -7.12683e-04 0.0035116241 0.0 13 19.7082332299 2.1700682576 0 0 0 1 10 2 0 0 0 6 
664 1 15.8916 24.3249 24.861 0.0015542 0.00170155 0.00175356 0.0028958216 0.0 16 24.422219117 2.4287811087 0 0 2 2 5 4 3 0 0 7 
988 2 11.3199 25.6674 23.0728 -0.00239883 0.00105337 0.00461287 0.0053049546 0.0 14 16.4536302997 2.2875102668 0 0 2 4 2 3 2 1 0 8 
536 1 15.3614 22.4056 22.5007 -2.4505e-04 -0.00206178 -0.00289915 0.0035659581 0.0 15 21.9020323497 2.3441779983 0 0 2 3 3 5 1 1 0 8 
809 1 13.7286 24.3444 21.3602 -0.00179559 0.00594775 -2.15159e-04 0.0062166041 0.0 15 22.9958438533 2.4287811087 0 0 1 5 2 5 1 1 0 8 
50 1 15.7691 26.0938 22.5342 1.16912e-04 -2.67554e-04 0.00167558 0.0017008298 0.0 15 23.3965027832 2.2086928402 0 0 2 3 3 5 1 1 0 8 
386 2 14.1369 26.122 26.8326 0.00102223 -9.0669e-04 9.80367e-05 0.0013699095 0.0 16 17.4493428938 2.4182298765 0 0 1 6 1 4 4 0 0 7 
469 1 9.31118 20.3099 0.53367 -0.00148017 0.00101625 -3.16967e-04 0.0018232212 0.0 14 21.5933597254 2.209952661 0 0 1 3 4 5 1 0 0 7 
220 1 25.4676 17.9783 17.1808 -0.0036833 0.00252577 0.00123552 0.0046338669 0.0 15 20.3108434272 2.2527987941 0 0 1 2 7 3 2 0 0 7 
654 1 18.0552 23.8151 18.1396 -0.00103433 8.86346e-04 0.00249422 0.0028419327 0.0 15 23.3235423366 2.6066701518 0 0 2 3 2 7 0 1 0 8 
125 1 17.5094 23.6426 21.0681 0.00277523 0.00240205 -5.52259e-05 0.0036708031 0.0 15 22.8209197752 2.304567565 0 0 3 3 2 4 1 2 0 8 
770 1 18.5692 24.8543 23.6509 -0.00329532 -0.00240961 0.00326108 0.0052249399 0.0 14 22.7434789311 2.2203812888 0 0 2 3 3 3 3 0 0 7 
925 1 18.0789 17.5864 24.3991 7.64525e-04 0.00124439 0.00258551 0.0029694893 0.0 15 23.2763811615 2.3797655063 0 0 1 3 5 4 2 0 0 7 
903 1 18.1528 20.2674 18.0043 -0.00206119 -6.23408e-04 -0.00126768 0.0024988306 0.0 15 23.6284668488 2.57966853 0 0 2 3 3 5 1 1 0 8 
542 1 23.7548 26.4636 24.9173 0.00382115 1.61083e-04 -9.12876e-04 0.0039319814 0.0 15 22.8959627414 2.2564264561 0 0 0 3 7 4 1 0 0 7 
388 1 25.8041 25.753 20.2509 0.00280368 0.00252102 3.27353e-04 0.0037846167 0.0 13 22.713372153 2.2793381774 0 0 0 4 4 5 0 0 0 6 
993 1 19.9171 25.9008 18.9685 5.19525e-04 -0.00188985 0.00530246 0.0056530984 0.0 14 23.5968660072 2.4161415721 0 0 2 2 5 3 1 1 0 8 
882 1 21.2475 22.048 23.1248 0.00110124 0.00108454 0.00107689 0.0018837857 0.0 14 22.5562945017 2.2934333843 0 0 1 3 5 3 2 0 0 7 
287 1 24.9317 23.0878 24.6935 -0.00102051 -0.00253475 -0.00113641 0.0029593624 0.0 14 20.2790930741 2.174568794 0 0 0 4 4 6 0 0 0 6 
997 1 23.7771 21.7934 20.1703 0.00220403 9.07827e-04 6.5758e-04 0.002472713 0.0 13 20.7592328505 2.2934333843 0 0 0 2 8 3 0 0 0 6 
440 1 20.3389 18.5648 19.1756 -0.00118375 -0.00528039 0.00481245 0.0072417855 0.0 14 21.0224647347 2.1747702186 0 0 0 2 8 4 0 0 0 6 
510 1 23.1101 18.9382 18.7271 0.00233432 0.00208039 -7.77925e-04 0.0032221483 0.0 14 22.3791906618 2.2881853165 0 0 0 2 8 4 0 0 0 6 
953 1 26.1996 22.9693 21.1261 -0.00102037 0.00145734 0.00405018 0.0044236809 0.0 15 21.6997126392 2.268412381 0 0 0 4 4 7 0 0 0 6 
38 1 25.7364 20.0217 20.7973 1.79145e-05 -0.00131105 -0.00108896 0.0017044081 0.0 14 22.6663567805 2.2881853165 0 0 1 3 5 3 2 0 0 7 
240 1 23.9844 21.3658 22.8915 -3.90392e-04 0.0018794 -4.52312e-04 0.0019720894 0.0 14 21.5198580484 2.3499361311 0 0 0 3 6 5 0 0 0 6 
531 1 23.1157 18.5062 25.8628 -0.00164554 8.27735e-04 0.00239077 0.003018067 0.0 16 21.0462364785 2.3499361311 0 0 1 2 6 6 1 0 0 7 
571 1 23.3607 24.7316 22.5868 7.26774e-04 3.6768e-04 -0.0035551 0.0036472078 0.0 14 24.6622074272 2.4238820941 0 0 0 1 10 3 0 0 0 6 
694 1 21.6252 19.1512 21.9334 -0.00164138 0.00278581 0.00117453 0.0034401143 0.0 16 24.8088328611 2.3797655063 0 0 1 2 6 6 1 0 0 7 
745 1 20.4525 24.4025 21.5868 0.00392295 -3.52044e-04 -0.0019947 0.0044150085 0.0 17 24.8391872364 2.4238820941 0 0 2 5 2 4 2 2 0 8 
622 1 22.5799 21.7576 25.859 -0.00359621 8.98309e-04 -0.00281788 0.004656193 0.0 13 20.7771884024 2.2983245714 0 0 0 1 10 2 0 0 0 6 
711 1 25.4982 20.548 17.9717 0.00239185 3.89326e-04 6.03234e-05 0.0024240792 0.0 15 21.3811157978 2.268412381 0 0 1 1 9 2 2 0 0 7 
12 1 22.6493 24.0689 19.1278 0.00171647 -0.00306004 6.69271e-04 0.0035718395 0.0 12 22.079698935 2.3491607992 0 0 0 3 6 3 0 0 0 6 
283 1 25.3214 23.6572 18.2935 -0.0012852 -0.00283496 -0.00292694 0.0042726707 0.0 13 20.7848995637 2.3439395439 0 0 0 3 6 4 0 0 0 6 
961 1 19.4756 22.6073 26.5379 2.17245e-04 -0.00206722 5.44471e-04 0.0021487305 0.0 16 23.7050425262 2.3387565521 0 0 2 3 5 2 3 1 0 8 
685 1 25.2244 20.3355 25.1495 0.0016514 0.00489155 6.54096e-04 0.0052040585 0.0 11 18.8063082269 2.2153058741 0 0 1 3 3 4 0 0 0 6 
241 1 21.4294 24.2659 24.9967 -0.00335496 -0.00106524 -0.00367914 0.0050918134 0.0 15 23.0318756995 2.2564264561 0 0 1 3 6 2 3 0 0 7 
192 1 20.7452 21.7535 19.5727 -4.41287e-04 -0.00324665 0.00160526 0.0036486066 0.0 16 25.1203064101 2.304567565 0 0 0 4 6 4 2 0 0 7 
120 1 20.4532 19.9183 24.9116 -0.00158837 -0.00166264 -0.00119204 0.002590029 0.0 15 23.6436618613 2.3797655063 0 0 1 2 7 3 2 0 0 7 
266 1 19.0025 20.7668 21.6625 0.00180952 -0.00136784 3.82468e-04 0.0023003545 0.0 15 24.2587611903 2.3797655063 0 0 0 4 5 5 1 0 0 7 
612 1 24.155 17.9535 22.9989 -0.00350835 -0.00471801 -0.00211498 0.006248302 0.0 12 21.4605654088 2.3128189029 0 0 1 3 4 3 1 0 0 7 
