# Particles (1000 particles):
# "Particle Identifier" "Particle Type" Position.X Position.Y Position.Z Velocity.X Velocity.Y Velocity.Z "Velocity Magnitude" Centrosymmetry Coordination "Atomic Volume" "Cavity Radius" "Voronoi Index.1" "Voronoi Index.2" "Voronoi Index.3" "Voronoi Index.4" "Voronoi Index.5" "Voronoi Index.6" "Voronoi Index.7" "Voronoi Index.8" "Voronoi Index.9" "Max Face Order"
42 1 6.58908 9.03741 6.34159 0.00375797 0.00124254 0.00453993 0.0060230564 0.0 14 22.0654943472 2.2644793946 0 0 0 2 9 2 1 0 0 7 
914 1 6.8908 8.87693 3.40417 9.2755e-04 0.0038531 0.0021904 0.0045281984 0.0 16 24.1572410252 2.3638010965 0 0 2 2 4 6 2 0 0 7 
297 2 2.05098 7.68947 5.26088 6.78752e-04 -3.74073e-04 -0.0043438 0.0044123954 0.0 11 13.1089958555 2.0397287417 0 0 1 2 5 3 0 0 0 6 
853 2 26.4492 1.29361 4.72067 0.00255765 -0.00397353 0.00303591 0.0056166951 0.0 14 12.661266794 1.8177454325 0 0 0 2 8 4 0 0 0 6 
145 2 3.699 3.03587 8.0712 -0.00202826 3.01057e-05 -0.00126039 0.0023881641 0.0 15 13.1470118315 2.041411832 0 0 0 5 3 6 1 0 0 7 
196 2 7.40378 4.14291 6.4949 0.00422788 -0.00209711 -0.00112196 0.0048509415 0.0 16 13.8158234674 2.0421945672 0 0 1 4 4 4 3 0 0 7 
573 2 4.09454 2.00048 5.73478 9.24276e-07 0.00157814 -9.16509e-04 0.00182497 0.0 14 14.6773092885 2.0333939411 0 0 2 3 2 5 2 0 0 7 
635 2 1.19256 2.68945 5.85184 -0.00348794 0.00156392 4.61942e-04 0.0038503197 0.0 14 13.3176150762 1.8502283365 0 0 0 4 4 6 0 0 0 6 
534 2 8.20258 5.76403 8.30559 -0.00438226 -0.00108832 -0.0010085 0.0046266311 0.0 13 15.9758232048 2.1965357549 0 0 2 3 3 3 1 1 0 8 
749 2 0.733296 6.80274 7.58555 0.00225952 -0.00519306 7.30315e-05 0.0056638005 0.0 17 16.4391956903 2.0336318543 0 0 1 2 6 7 1 0 0 7 
610 2 6.32638 2.21348 8.93578 -0.00261217 -0.00368124 0.00366952 0.0058172448 0.0 13 14.4215556041 2.4229475779 0 0 0 1 10 2 0 0 0 6 
579 2 6.26214 2.28344 4.29653 -0.00118559 -0.00221158 0.00136108 0.0028546889 0.0 16 13.8463624442 2.0518929029 0 0 1 4 5 3 2 1 0 8 
104 2 4.21358 6.37011 4.89995 0.00361635 0.00222033 5.9872e-04 0.0042855943 0.0 16 15.922176076 2.2644793946 0 0 2 2 5 4 3 0 0 7 
270 2 1.4427 5.96313 3.6831 -0.00201073 -6.60001e-04 8.75168e-04 0.0022900994 0.0 15 14.431950517 2.1109624098 0 0 1 2 7 4 0 1 0 8 
919 2 3.04187 6.34326 0.383862 -0.00231403 -0.00348051 -0.00227973 0.0047608669 0.0 13 18.7287053266 2.1788788523 0 0 1 3 4 4 1 0 0 7 
291 2 2.31912 4.89712 5.91167 0.00586725 0.00322864 0.00496868 0.008338856 0.0 15 13.5323313751 1.912729827 0 0 0 4 4 7 0 0 0 6 
787 2 7.85751 0.936991 1.93516 0.00197961 8.95613e-04 0.00265591 0.0034314481 0.0 14 13.2649301466 1.9618032318 0 0 0 2 8 4 0 0 0 6 
729 2 4.75906 2.98906 2.58801 0.00158903 -0.00139434 0.00299655 0.0036672213 0.0 13 14.0011772001 2.0044389873 0 0 1 2 6 3 1 0 0 7 
487 2 2.06734 2.29033 0.436018 0.00131907 0.00415278 0.00185614 0.0047361148 0.0 15 16.681321256 2.1764948467 0 0 1 2 6 5 1 0 0 7 
188 2 3.40127 4.16237 4.04196 0.00260799 -0.00325377 -0.00124009 0.0043504545 0.0 13 12.6390877917 1.8266490225 0 0 1 2 6 3 1 0 0 7 
144 2 4.78723 4.52181 6.62467 -3.44099e-04 8.09499e-05 0.00137072 0.0014155671 0.0 14 13.2547272059 2.0421945672 0 0 1 3 3 7 0 0 0 6 
442 2 3.72881 7.93853 7.21826 -0.00282834 4.7949e-05 -0.00121402 0.0030782545 0.0 15 17.4305655406 2.2379796034 0 0 1 3 6 2 3 0 0 7 
740 2 3.3679 5.45001 8.32377 -0.00356569 -0.0014442 -1.58035e-04 0.0038503031 0.0 14 14.6073100565 2.1533204071 0 0 1 5 2 3 3 0 0 7 
515 2 3.15596 4.3279 26.1622 -6.29025e-04 -0.00298452 0.00175658 0.0035197451 0.0 13 15.379199064 2.2421713443 0 0 2 2 4 4 0 1 0 8 
501 2 6.85937 2.89542 1.25678 0.00411786 -0.00266457 6.4961e-04 0.0049475951 0.0 13 13.26692751 1.9618032318 0 0 0 1 10 2 0 0 0 6 
148 2 4.49394 0.725849 7.87759 0.00146043 -0.00113642 -0.00123861 0.0022267602 0.0 13 12.1272278521 1.9353862574 0 0 0 4 4 5 0 0 0 6 
360 2 0.222316 1.27048 1.92459 0.00205817 -0.00159649 -0.0052133 0.0058278076 0.0 13 16.4101802016 2.1360983252 0 0 0 2 8 3 0 0 0 6 
16 2 8.42997 2.08555 26.1311 -8.12124e-04 0.00247992 5.30107e-04 0.0026628109 0.0 15 14.2511512124 1.9618032318 0 0 0 1 10 4 0 0 0 6 
975 2 1.28241 3.98483 8.33999 -0.00196267 0.00213819 -0.00183923 0.0034360875 0.0 13 12.9130690117 1.9972613649 0 0 1 2 6 3 1 0 0 7 
324 2 8.29324 2.25038 7.53451 -0.00169847 0.00345203 -6.45477e-04 0.0039010194 0.0 14 13.0302282911 2.0126817616 0 0 1 0 10 2 1 0 0 7 
722 2 6.74643 0.195742 3.80821 -0.00330994 0.00391039 -0.00154259 0.0053503679 0.0 13 13.7290617795 2.0681416794 0 0 0 1 10 2 0 0 0 6 
966 2 1.76196 7.69277 2.28281 0.00146643 -5.57793e-05 -0.00146869 0.0020761933 0.0 15 19.713921271 2.1947238055 0 0 1 4 4 4 1 1 0 8 
157 2 5.84562 4.8009 4.47879 -0.00282017 -0.00155585 -0.00182368 0.0037013291 0.0 14 13.3452999551 2.2000495787 0 0 3 3 1 4 2 1 0 8 
826 2 0.876601 3.60735 3.71455 0.0029839 -0.00202076 -0.00363132 0.0051160156 0.0 13 14.4484751532 2.0948737605 0 0 0 1 10 2 0 0 0 6 
592 2 7.94496 5.77845 4.85235 0.00112607 -0.00368326 0.00428732 0.0057632934 0.0 13 14.4198158204 2.2644793946 0 0 2 3 4 1 2 1 0 8 
254 2 2.06529 0.912488 7.65486 5.63404e-05 -5.3901e-04 0.00501128 0.0050404993 0.0 13 12.5876013765 1.9218205549 0 0 0 2 8 3 0 0 0 6 
630 2 6.35773 0.988509 6.38538 0.00722766 0.00366487 0.00121664 0.0081945442 0.0 14 12.5411873561 2.0421945672 0 0 0 1 10 3 0 0 0 6 
940 2 2.74438 26.2451 2.06085 -0.00182771 0.00151038 0.00374025 0.0044284582 0.0 14 13.7624987516 2.0427351615 0 0 0 2 8 4 0 0 0 6 
754 2 4.99415 4.63034 0.67928 0.00194939 0.00131716 -0.00243548 0.0033862361 0.0 13 15.5239968187 2.2812205092 0 0 1 0 9 3 0 0 0 6 
602 2 6.14955 6.32745 7.42637 -1.59609e-04 -5.985e-04 -0.00419942 0.0042448564 0.0 15 17.4358130249 2.2503725517 0 0 0 4 5 5 1 0 0 7 
994 2 4.25741 6.04133 2.65609 0.00298954 -0.00428796 3.80798e-04 0.0052410836 0.0 14 17.0387567747 2.2109085836 0 0 0 2 9 2 1 0 0 7 
58 2 2.44301 4.15206 1.69611 0.00341455 0.00201366 7.22314e-04 0.0040293567 0.0 14 15.0573936132 2.115746932 0 0 1 2 6 4 1 0 0 7 
292 2 2.67971 1.28076 3.59223 0.00271723 4.81943e-04 -0.00109208 0.002967869 0.0 16 16.2111443215 2.0518929029 0 0 0 2 8 6 0 0 0 6 
336 2 9.06061 6.81953 6.43159 -0.002307 7.66821e-04 -8.8884e-04 0.0025884938 0.0 13 15.1054303779 2.1567303762 0 0 2 2 5 2 1 1 0 8 
395 2 -0.010338 4.85288 6.55451 -0.00219069 0.00299667 -0.00153836 0.0040181719 0.0 15 12.3645912682 2.0243237273 0 0 1 4 3 5 2 0 0 7 
183 2 6.97168 5.45492 2.40404 5.988e-05 -7.37047e-04 -8.94298e-04 0.0011604279 0.0 13 16.4456071105 2.2000495787 0 0 1 2 6 3 1 0 0 7 
286 2 8.4167 2.27911 5.16467 -0.00592054 -0.00240905 -0.00341912 0.0072489101 0.0 13 12.7808164706 2.0009762919 0 0 1 2 6 3 1 0 0 7 
450 2 14.4365 2.1279 1.42665 -3.86393e-04 0.00125999 0.00289184 0.0031779888 0.0 15 15.9781918319 2.3861422717 0 0 1 4 4 3 3 0 0 7 
428 2 9.26522 25.6903 1.88623 0.00214503 0.00498693 -1.49571e-04 0.0054307454 0.0 14 12.4131919677 2.0681416794 0 0 1 2 5 6 0 0 0 6 
202 2 8.68274 3.61986 3.2848 6.52695e-05 0.00292704 0.00266999 0.0039624071 0.0 16 15.3231519012 2.0005443392 0 0 0 4 6 4 2 0 0 7 
829 1 15.1866 8.18929 3.41643 4.94686e-04 0.00293988 0.00241463 0.0038364107 0.0 14 21.9981073724 2.2261338742 0 0 0 3 6 5 0 0 0 6 
448 2 16.8643 26.0547 6.61081 0.00347501 0.00449206 -0.00351293 0.0066779469 0.0 13 14.3730099196 2.1046887947 0 0 1 3 5 2 2 0 0 7 
256 2 11.929 1.97351 2.67899 -6.53792e-04 -0.00214985 -7.34733e-04 0.0023641344 0.0 16 13.3838570501 1.9247154994 0 0 1 3 6 3 3 0 0 7 
620 2 10.041 0.204606 8.11439 0.00227571 -8.72449e-04 -0.00198178 0.0031412538 0.0 15 15.0998689706 1.8975720907 0 0 0 1 10 4 0 0 0 6 
21 2 15.4494 8.71966 6.56925 8.61785e-04 8.65891e-04 -0.00204164 0.0023792298 0.0 13 16.6400464763 2.2261338742 0 0 0 3 6 4 0 0 0 6 
807 1 9.47494 9.57283 4.76717 -0.00184089 -0.00104146 -0.00195138 0.002877742 0.0 18 23.5284507375 2.3784855569 0 0 2 4 3 4 5 0 0 7 
376 2 14.8716 5.44632 5.01086 -0.00183563 0.00334845 -0.00162132 0.0041485339 0.0 16 15.3389305057 2.0851682521 0 0 3 4 1 5 0 3 0 8 
406 2 12.6896 4.52313 5.73804 0.00170915 4.30688e-04 0.00161884 0.0023931838 0.0 14 14.5108624866 1.9699572758 0 0 0 4 4 6 0 0 0 6 
219 1 17.7982 8.24533 2.10779 0.00148915 -0.00270139 -0.00180095 0.0035719038 0.0 13 20.2124122024 2.4143691224 0 0 0 1 10 2 0 0 0 6 
494 2 9.68363 4.56966 5.72966 5.15741e-04 0.00197502 -0.00106103 0.0023005385 0.0 15 14.5960505585 2.0125440069 0 0 1 3 6 3 1 1 0 8 
689 2 16.2806 1.40446 6.46408 -0.00135067 -0.00149829 -0.00150642 0.0025176345 0.0 14 12.3356286681 2.1053177172 0 0 1 3 5 3 2 0 0 7 
209 2 16.1389 6.42412 7.09752 0.00140981 -0.0019074 8.23187e-04 0.0025106525 0.0 14 13.7640700556 2.0751672419 0 0 1 4 4 3 1 1 0 8 
432 2 13.1694 2.36316 4.88722 0.00353102 -0.00133299 -2.13793e-04 0.0037803005 0.0 15 12.7680436851 2.1053177172 0 0 3 4 0 4 3 1 0 8 
94 2 15.2223 1.44355 4.31207 0.00151168 -3.62533e-04 0.00124162 0.0019895293 0.0 16 14.5786512955 2.0869189147 0 0 3 2 5 1 4 1 0 8 
341 2 10.7037 1.93695 5.94648 -1.10948e-04 6.01357e-04 -0.00367626 0.0037267717 0.0 15 15.019186963 2.0009762919 0 0 0 2 8 5 0 0 0 6 
163 2 15.232 7.99809 8.98239 -0.00263694 7.14609e-04 0.00156445 0.0031482729 0.0 15 14.3368650204 2.092135381 0 0 0 3 6 6 0 0 0 6 
339 1 15.6772 6.26902 1.24208 0.0020414 0.00198811 -4.79555e-04 0.0028896139 0.0 17 23.5532612908 2.3979444644 0 0 2 3 4 5 2 1 0 8 
318 2 17.1361 3.93987 7.91408 0.00425904 -0.00208021 -8.07396e-04 0.0048081788 0.0 15 12.7264491651 1.8858905927 0 0 0 2 8 5 0 0 0 6 
566 2 12.4811 2.89585 7.3659 -0.00165603 0.00198156 0.0013427 0.0029106458 0.0 13 13.5514150954 1.9979991446 0 0 0 3 6 4 0 0 0 6 
1 2 11.0162 6.7325 4.61448 8.60911e-04 -9.68793e-04 0.00323378 0.0034838285 0.0 15 16.6168991006 2.1186429086 0 0 2 3 3 5 1 1 0 8 
881 2 11.2379 4.01198 3.51109 -0.0016641 -9.75269e-04 0.00368841 0.0041623007 0.0 15 14.4454169349 2.0009762919 0 0 0 3 7 4 1 0 0 7 
224 2 13.7241 7.24015 6.18247 9.45275e-04 -0.00251052 -0.00145756 0.0030529882 0.0 15 16.5590807055 2.1400722936 0 0 0 4 5 5 1 0 0 7 
720 2 10.1916 3.89013 1.28713 0.00116227 -8.73623e-04 -0.00146987 0.0020675122 0.0 15 14.6997811011 2.0371044151 0 0 0 3 7 4 1 0 0 7 
337 2 18.6308 2.05712 6.97328 0.00131495 -8.95706e-04 0.00279269 0.0032141095 0.0 14 12.651746777 2.063968701 0 0 0 3 7 3 1 0 0 7 
593 2 17.7152 0.620198 4.54929 0.00193011 7.62293e-04 0.00146241 0.0025387119 0.0 15 16.5353532874 2.1091375747 0 0 0 3 7 4 1 0 0 7 
476 2 10.2754 1.06114 1.43811 -0.00251508 0.00157318 -9.42391e-04 0.0031126554 0.0 13 12.7303744221 1.9516574954 0 0 0 3 6 4 0 0 0 6 
660 2 11.5405 7.55692 7.05001 9.83281e-04 -2.64579e-04 1.69787e-04 0.0010323135 0.0 12 16.4457298692 2.187582088 0 0 0 5 3 3 1 0 0 7 
674 2 17.8815 7.8728 5.06073 -0.0010304 3.22067e-04 -4.35013e-04 0.0011639105 0.0 13 16.3764869953 2.1049554878 0 0 0 4 4 5 0 0 0 6 
921 2 13.1055 5.87862 3.36882 -0.00493927 0.00239579 -1.64223e-04 0.0054921004 0.0 12 15.7749783326 2.0847119028 0 0 0 0 12 0 0 0 0 5 
906 2 10.0172 0.543808 3.59473 6.88112e-04 0.00267468 0.00347295 0.0044372055 0.0 15 14.2710351105 2.0429362689 0 0 1 3 3 8 0 0 0 6 
662 1 13.2154 7.96936 0.582625 -0.00111119 -9.65961e-04 0.00236802 0.0027884301 0.0 16 24.5302968433 2.3160761884 0 0 1 4 4 5 1 1 0 8 
843 2 12.9776 4.29098 1.13009 0.00248281 0.00231541 -0.00282622 0.0044173508 0.0 15 17.2636839355 2.3979444644 0 0 1 3 6 3 1 1 0 8 
459 2 10.5387 5.39729 8.10458 -0.0037487 -0.00121931 0.00424967 0.0057964786 0.0 17 16.5684736446 2.187582088 0 0 1 3 8 2 1 2 0 8 
115 2 14.7859 2.99514 8.82176 0.00220567 -9.7659e-05 0.00542163 0.0058539379 0.0 13 13.2082687433 1.917980034 0 0 0 3 6 4 0 0 0 6 
790 2 12.5605 0.375992 7.32208 -0.00278219 0.00391575 -0.00125433 0.0049645768 0.0 14 14.0711410536 2.1053177172 0 0 0 5 3 5 1 0 0 7 
407 2 16.6326 3.21978 2.69291 -0.00286556 0.00376208 -0.00148642 0.0049572295 0.0 13 16.8953035777 2.2930690777 0 0 2 2 3 5 1 0 0 7 
886 2 16.9943 3.37484 5.25274 -0.00353257 -6.78718e-04 -2.73786e-04 0.0036075847 0.0 14 13.3758817404 1.8858905927 0 0 0 4 4 6 0 0 0 6 
422 2 10.3212 2.64944 8.64466 -0.00119074 -0.0018209 -5.41807e-04 0.0022421181 0.0 13 13.8038842031 1.9857419802 0 0 0 4 4 5 0 0 0 6 
482 2 13.887 5.39907 8.05054 0.00282703 -5.39107e-04 6.40244e-04 0.0029483296 0.0 16 14.4187291334 1.9372680272 0 0 0 4 4 8 0 0 0 6 
235 1 9.47036 9.27429 1.74147 8.25775e-04 4.52871e-04 2.04975e-05 9.4202794055e-04 0.0 15 23.8815260029 2.4347764752 0 0 1 4 3 5 2 0 0 7 
880 2 14.8431 3.43526 6.48792 0.00283107 -0.00322203 1.13796e-04 0.0042906158 0.0 14 13.3655898877 2.1053177172 0 0 0 6 2 4 2 0 0 7 
637 2 14.3479 3.6314 3.19739 0.00275468 -1.08873e-04 0.00385583 0.0047399937 0.0 14 14.3073515905 2.1736486029 0 0 1 4 4 3 1 1 0 8 
221 2 9.23258 6.29347 3.00613 -5.4823e-04 0.00370004 -5.31763e-04 0.003778045 0.0 16 16.7419227573 2.1220887496 0 0 2 1 8 2 2 1 0 8 
423 2 11.285 6.27425 2.08583 0.00136839 0.0034895 0.0039187 0.0054226664 0.0 11 15.6118553603 2.1310815882 0 0 0 3 6 2 0 0 0 6 
473 2 17.4211 0.564689 2.16033 6.07131e-04 -7.39181e-04 9.80598e-04 0.0013698792 0.0 14 19.7045099064 2.08966233 0 0 0 2 8 4 0 0 0 6 
837 1 20.5667 1.00908 3.54103 -0.00369708 -0.00414343 1.98794e-04 0.0055566115 0.0 17 23.5673376525 2.2458416376 0 0 0 5 4 6 2 0 0 7 
261 2 24.4437 7.72649 6.41563 -0.0010174 -0.00196812 -0.00315694 0.0038567952 0.0 14 14.4706253168 2.0965141379 0 0 1 2 6 4 1 0 0 7 
132 2 23.0741 8.64555 4.5324 5.32937e-04 -1.53951e-04 0.00329956 0.0033458659 0.0 14 16.7398904345 2.1971148621 0 0 2 3 2 5 2 0 0 7 
362 2 23.4011 1.13697 4.62851 5.07644e-05 0.00279705 -0.00279449 0.0039541421 0.0 14 17.02192545 2.241377545 0 0 1 2 7 2 2 0 0 7 
54 2 19.115 26.2775 6.26823 2.32092e-04 -0.00171978 0.00107903 0.0020434813 0.0 16 20.2123674142 2.2959414322 0 0 3 1 4 5 3 0 0 7 
3 2 25.8039 5.0365 4.1021 -0.00549039 -0.0016141 0.00131094 0.005870968 0.0 12 15.0880665479 2.0498680798 0 0 0 0 12 0 0 0 0 5 
503 2 25.1137 3.82171 8.18598 0.00244723 -0.00105208 -0.00241935 0.0035984804 0.0 13 12.4813093558 1.9187018551 0 0 1 2 5 5 0 0 0 6 
425 2 26.4681 26.4682 6.85326 0.00119528 -0.00116245 1.95606e-04 0.0016787632 0.0 14 13.0503355818 2.1194408719 0 0 1 2 6 4 1 0 0 7 
198 1 20.0956 8.42736 0.0657239 0.00105601 3.00145e-04 4.78167e-04 0.0011974506 0.0 13 22.8282203319 2.1544142206 0 0 0 1 10 2 0 0 0 6 
799 2 24.4333 1.23663 7.34549 -0.00735381 -0.00122029 6.80599e-04 0.0074853754 0.0 16 15.2424211374 2.033883692 0 0 1 3 6 3 3 0 0 7 
895 2 26.6713 6.92083 5.45139 5.16379e-04 0.00104697 -3.49648e-05 0.001167911 0.0 14 14.2529978513 2.1320466587 0 0 1 2 5 6 0 0 0 6 
546 2 19.9862 8.61399 9.42102 0.00207545 -0.00169053 -3.29904e-04 0.0026970764 0.0 14 13.5662741013 2.0351551835 0 0 0 4 4 6 0 0 0 6 
931 2 26.6049 1.9916 7.83324 0.00316096 -0.00452463 -0.00232278 0.0059882595 0.0 13 12.3150339639 1.8546683795 0 0 0 3 6 4 0 0 0 6 
795 2 22.7087 7.5319 9.00315 0.00286971 -0.00254333 -2.55706e-04 0.003843065 0.0 14 14.8274569762 1.9174702341 0 0 0 1 10 3 0 0 0 6 
861 2 23.4208 6.15703 4.25018 -4.67986e-04 -0.00242635 -0.00210017 0.0032429769 0.0 15 17.2869207082 2.1959918332 0 0 1 1 9 2 2 0 0 7 
35 2 24.1638 5.2645 6.31849 1.27734e-04 0.00314388 0.00189637 0.0036737606 0.0 14 13.0902086073 2.0336318543 0 0 1 2 7 2 2 0 0 7 
793 2 17.5152 5.60668 3.75342 0.00545527 -2.63878e-04 -0.00118784 0.0055893261 0.0 15 17.9774961796 2.3852299453 0 0 2 2 5 4 1 1 0 8 
741 2 23.0535 3.133 7.69817 8.93751e-04 -8.36214e-04 -0.00110758 0.0016506902 0.0 14 13.4890606043 1.9830289471 0 0 1 2 6 4 1 0 0 7 
138 2 21.3621 4.80858 5.96866 0.00151729 -9.54618e-04 -0.00206206 0.0027323169 0.0 13 12.6722326911 1.9185823648 0 0 0 1 10 2 0 0 0 6 
737 2 25.3005 3.13382 5.41703 0.00115978 -3.53014e-04 0.00290426 0.0031471312 0.0 13 12.7258140955 1.8414919166 0 0 0 3 6 4 0 0 0 6 
564 2 21.3475 2.21797 6.30182 -2.02433e-04 -0.00328579 1.43166e-04 0.0032951315 0.0 13 15.3354528159 2.0779182278 0 0 0 3 7 2 1 0 0 7 
989 2 19.3503 9.29227 6.09306 0.00136647 -0.00141889 2.64459e-04 0.0019875683 0.0 15 16.6176096835 2.1337683442 0 0 0 3 6 6 0 0 0 6 
437 1 20.0832 25.7249 0.422979 0.00131709 -6.23413e-04 0.00252314 0.0029136927 0.0 15 22.1415943065 2.2228554054 0 0 2 2 5 4 1 1 0 8 
19 1 22.553 2.28533 1.70911 -0.00232204 -0.00132073 0.00345506 0.0043673375 0.0 15 21.48761349 2.33286538 0 0 2 2 5 3 3 0 0 7 
27 1 18.5532 5.54018 0.998104 -6.12731e-04 -8.91414e-04 0.00182982 0.0021256292 0.0 15 24.5018632342 2.4143691224 0 0 0 5 3 6 1 0 0 7 
159 2 22.472 5.41277 7.87108 0.00112692 3.13049e-04 0.00167232 0.0020407358 0.0 14 13.3822112167 1.9397716076 0 0 0 4 4 6 0 0 0 6 
56 2 23.004 3.50906 4.83513 6.364e-04 -0.00211714 -6.01434e-06 0.002210729 0.0 14 14.9432260158 2.0494789646 0 0 1 1 8 3 1 0 0 7 
466 2 25.1639 9.64056 4.51609 -0.00427965 -0.00122452 -3.01167e-05 0.0044514897 0.0 14 15.1659120567 2.1320466587 0 0 0 3 7 3 1 0 0 7 
361 2 20.898 4.62801 3.77201 5.84145e-04 -4.1004e-04 -1.41712e-04 7.2762660312e-04 0.0 16 19.130124886 2.3927076345 0 0 2 1 7 3 3 0 0 7 
244 1 26.3579 4.82184 0.525295 -0.00240882 0.00233775 -0.00289419 0.0044321354 0.0 18 23.7019024983 2.2417681524 0 0 0 2 10 4 2 0 0 7 
285 2 18.0733 5.50304 6.0815 -0.00757867 0.00304615 9.55382e-04 0.0082236259 0.0 14 13.3467328382 1.9412251027 0 0 2 2 6 0 4 0 0 7 
523 2 25.2638 2.50494 2.92903 1.34595e-04 0.00319625 -0.00535665 0.006239217 0.0 12 16.1324819858 2.1535809508 0 0 0 0 12 0 0 0 0 5 
666 1 19.81 1.88267 0.55892 0.00115707 0.00233213 0.00112086 0.0028344256 0.0 16 23.2814437234 2.3926721942 0 0 3 4 1 3 4 1 0 8 
107 2 21.1575 1.40811 8.39281 -8.90181e-04 -0.00213089 0.00203336 0.0030769575 0.0 13 15.9780029074 2.1176069693 0 0 0 1 10 2 0 0 0 6 
562 1 23.0465 9.07831 1.29166 -0.00130989 -1.21074e-04 -1.09514e-04 0.0013200243 0.0 15 22.3779274276 2.1544142206 0 0 1 2 6 5 1 0 0 7 
247 2 20.0544 6.5229 7.82566 -7.88308e-04 -0.00462905 -7.87664e-05 0.0046963536 0.0 13 13.4605029582 1.9969311216 0 0 0 3 6 4 0 0 0 6 
85 1 21.5725 6.66149 1.45089 0.00317105 -0.00239914 -4.14773e-04 0.0039979329 0.0 15 22.4604264827 2.4143691224 0 0 0 4 5 5 1 0 0 7 
896 1 23.4681 4.75348 1.53722 0.00252047 1.83552e-04 0.00310998 0.0040072978 0.0 13 20.1047019521 2.1684837916 0 0 0 1 10 2 0 0 0 6 
824 2 18.8177 3.37387 3.29039 0.00373551 0.00169536 -0.00199421 0.0045612667 0.0 13 16.604978816 2.3927076345 0 0 3 2 3 2 2 1 0 8 
691 2 25.0324 0.217917 2.75026 -7.35948e-05 5.59403e-04 0.00151438 0.0016160739 0.0 13 15.8816751868 2.186550917 0 0 0 2 8 3 0 0 0 6 
314 2 19.4047 3.44542 5.46332 0.0018571 -3.99682e-05 -4.56075e-04 0.0019127003 0.0 13 12.4789699189 2.0473112477 0 0 1 3 5 2 2 0 0 7 
201 2 19.3945 3.96726 7.88517 -0.00184761 -0.00275918 -0.00136901 0.0035917858 0.0 13 13.0620973023 1.9420374827 0 0 0 1 10 2 0 0 0 6 
258 2 21.9652 7.47203 6.5649 -0.0012309 1.54413e-05 8.91794e-04 0.0015200822 0.0 14 14.7247285576 2.0624450562 0 0 0 3 6 5 0 0 0 6 
65 2 20.1822 6.91268 5.13894 -9.12119e-04 0.00262354 -0.00186121 0.003343505 0.0 16 17.0071953075 2.4143691224 0 0 1 2 7 4 2 0 0 7 
457 1 25.2279 7.1274 2.1264 0.00261394 0.0021402 0.00140794 0.0036599772 0.0 15 21.8130906678 2.1320466587 0 0 1 2 6 5 1 0 0 7 
764 1 7.91443 13.3023 3.03234 8.05366e-04 3.55719e-04 -0.00327565 0.003391907 0.0 14 22.211888742 2.3784855569 0 0 1 3 6 1 3 0 0 7 
680 1 5.20443 14.8598 1.48923 0.0034788 -5.23784e-04 -3.13183e-04 0.0035319234 0.0 17 23.1409511391 2.4470809507 0 0 5 3 1 2 3 2 1 9 
255 1 7.53611 14.3839 6.21796 -0.00176542 7.0744e-04 7.56071e-05 0.0019033905 0.0 14 20.6196749809 2.2449733954 0 0 0 6 2 4 2 0 0 7 
281 2 5.19936 16.8576 6.51255 0.00133261 0.00228906 2.13847e-04 0.0026573249 0.0 12 17.9775080872 2.1280581109 0 0 0 0 12 0 0 0 0 5 
567 2 2.32936 15.1304 8.91224 -0.00361696 -0.00121918 3.47609e-04 0.0038327055 0.0 12 17.2046474567 2.2256510304 0 0 0 2 8 2 0 0 0 6 
603 1 2.24381 14.0458 3.3715 -0.0024968 -0.00101488 -0.00183646 0.0032613765 0.0 15 24.3529998224 2.470536075 0 0 1 4 4 3 3 0 0 7 
850 1 4.1387 16.5262 3.51478 -7.52602e-04 0.00298906 3.73268e-04 0.0031048701 0.0 15 22.1286527335 2.220025934 0 0 3 0 5 5 2 0 0 7 
856 1 4.12421 9.42216 4.28071 -3.52783e-04 0.003645 -0.00134867 0.0039024853 0.0 17 24.1823834631 2.5184423549 0 0 1 3 6 5 1 1 0 8 
218 1 4.63232 18.0265 1.04812 -0.00304074 -7.11128e-04 -9.32368e-04 0.0032590049 0.0 19 25.2169961307 2.4470809507 0 0 4 3 2 4 5 0 1 9 
238 1 5.00111 13.6981 7.94978 0.00120904 0.00160278 -5.8645e-04 0.0020915557 0.0 14 21.4868348117 2.367586083 0 0 0 1 10 3 0 0 0 6 
313 2 26.035 17.0352 7.82949 -0.00314171 -0.00118466 -4.04278e-04 0.0033818932 0.0 12 16.0204441912 2.2117870952 0 0 1 3 4 3 1 0 0 7 
110 1 6.57449 15.7816 3.91089 3.43102e-04 -0.00250955 2.44874e-04 0.002544705 0.0 16 21.8392497558 2.2872715934 0 0 5 2 1 1 6 1 0 8 
859 1 4.61557 11.9261 2.58045 -0.00146105 -4.66443e-04 -0.00212036 0.0026168994 0.0 17 25.6612236198 2.5184423549 0 0 3 4 2 4 1 3 0 8 
210 1 1.85856 10.676 1.01029 0.0012369 -7.68113e-04 1.7934e-05 0.0014561047 0.0 15 24.1894381956 2.5184423549 0 0 0 4 5 5 1 0 0 7 
332 2 1.82656 13.3459 7.30844 -0.00254291 -0.00429341 0.00129564 0.0051554286 0.0 13 15.3161870958 2.111532846 0 0 0 1 10 2 0 0 0 6 
37 1 4.35957 14.0255 5.33259 -6.18684e-04 -0.00208683 0.00178082 0.0028122854 0.0 15 23.3658054342 2.4548494344 0 0 2 2 5 4 1 1 0 8 
719 1 25.8802 9.74143 1.07377 -0.00119649 -0.0032015 0.00173551 0.0038331691 0.0 15 22.0377466413 2.1662197243 0 0 0 3 7 4 1 0 0 7 
690 1 4.73453 11.079 6.97956 -9.68501e-04 0.00370001 0.00340082 0.0051179727 0.0 17 22.6174926182 2.44539602 0 0 1 1 9 4 2 0 0 7 
335 1 0.33744 13.0941 1.38856 -7.9723e-04 -1.82843e-04 0.00192815 0.0020944617 0.0 13 20.698395784 2.1982975408 0 0 0 3 6 4 0 0 0 6 
869 1 7.22974 15.8611 8.55656 -8.45487e-04 -0.00165206 -0.00136097 0.0023013887 0.0 15 21.8115619318 2.4352919828 0 0 0 5 3 6 1 0 0 7 
470 2 1.92657 9.272 6.94902 0.00167929 -0.00321283 4.16554e-04 0.0036490833 0.0 12 13.6045486609 2.0531439216 0 0 1 2 6 2 1 0 0 7 
472 1 2.91646 14.0178 0.348671 6.30898e-04 5.37952e-04 -1.11105e-04 8.3652194337e-04 0.0 15 21.916667453 2.2253833531 0 0 2 3 4 3 2 1 0 8 
295 2 1.98925 15.8599 6.43118 -2.52332e-05 -0.00299973 -0.00209527 0.0036591219 0.0 16 17.6478164078 2.1491079886 0 0 0 1 10 5 0 0 0 6 
962 1 4.3741 9.25843 1.18932 9.80025e-04 0.00274032 5.52463e-04 0.0029622657 0.0 13 23.9102791377 2.3062444714 0 0 0 1 10 2 0 0 0 6 
640 2 26.7425 11.414 3.99562 -9.12846e-04 8.94413e-04 0.00228549 0.0026185353 0.0 15 17.826093867 2.5184423549 0 0 0 4 5 5 1 0 0 7 
367 1 7.11538 10.9026 1.2484 -0.0021969 0.0010575 7.0891e-04 0.0025391395 0.0 15 22.9901377847 2.3784855569 0 0 1 3 6 2 3 0 0 7 
234 1 7.98568 15.3398 0.938425 -0.0018125 -5.16399e-04 -0.00122388 0.0022471552 0.0 14 24.5578670217 2.441531473 0 0 1 4 4 3 1 1 0 8 
701 2 1.41644 11.4651 5.92053 -7.9147e-04 -0.00195829 -0.00172831 0.002729172 0.0 13 17.7674834737 2.5138665503 0 0 0 3 7 2 1 0 0 7 
537 1 7.69855 11.9059 7.67594 -0.00388619 -0.0025134 0.00344967 0.0057723371 0.0 14 21.5184818814 2.3790263582 0 0 0 2 8 4 0 0 0 6 
576 1 0.0879672 15.6938 2.41275 0.00339877 -5.72242e-04 -8.90938e-04 0.0035598973 0.0 14 21.9292922761 2.1650121254 0 0 1 1 8 3 1 0 0 7 
692 2 26.745 14.0669 5.46178 -8.46524e-04 -0.00194324 0.00419517 0.0047002379 0.0 14 15.768569562 2.1650121254 0 0 0 4 5 4 1 0 0 7 
158 2 0.103507 14.7936 7.93042 -0.00184348 -0.00458518 -3.89841e-04 0.0049572442 0.0 13 13.3524314962 2.0349598954 0 0 0 3 6 4 0 0 0 6 
28 1 6.39886 11.6426 4.88816 -0.00149563 -6.82492e-04 -2.41916e-04 0.0016616942 0.0 14 21.5852825601 2.375207284 0 0 1 4 2 6 1 0 0 7 
697 1 8.11935 17.3326 6.2426 0.00128071 -5.61556e-04 -6.16231e-04 0.0015281701 0.0 14 21.5991676889 2.2804084752 0 0 1 3 5 3 2 0 0 7 
190 2 1.5305 17.662 4.67896 0.00477805 5.02508e-04 -0.00136025 0.0049932511 0.0 12 17.0599802651 2.1650121254 0 0 0 4 4 4 0 0 0 6 
830 1 15.9078 16.8914 8.67618 8.98751e-04 -0.00318431 0.00263376 0.0042289804 0.0 12 20.5302219886 2.3052961337 0 0 0 0 12 0 0 0 0 5 
947 1 12.2694 17.3312 1.44446 -8.67441e-04 0.00525282 -0.0017508 0.0056044511 0.0 14 22.2712985754 2.434020634 0 0 0 2 9 2 1 0 0 7 
116 1 15.5161 17.5045 3.83719 -0.00115346 -8.74073e-04 -2.78363e-04 0.0014737569 0.0 14 23.5855061281 2.2300735678 0 0 0 2 8 4 0 0 0 6 
312 1 12.6278 10.2521 5.86837 -0.00176665 0.00288809 6.04139e-06 0.0033855801 0.0 17 24.1445184961 2.1987570053 0 0 0 5 5 4 3 0 0 7 
985 1 10.8595 11.786 3.10371 8.41569e-04 -0.00456377 -0.00122856 0.0048005827 0.0 13 20.5218020568 2.3784855569 0 0 0 1 10 2 0 0 0 6 
128 1 13.2888 13.3433 7.81158 -0.00472441 0.00137879 0.00154026 0.0051568898 0.0 13 20.9792176894 2.1830376107 0 0 0 3 6 4 0 0 0 6 
353 1 15.9768 14.3644 7.46239 -0.00124055 -6.45011e-04 -0.00433672 0.0045565496 0.0 12 19.5633283135 2.1516176337 0 0 0 0 12 0 0 0 0 5 
854 1 16.9056 14.8468 25.1372 -0.00130734 -7.23298e-05 0.00254646 0.0028633596 0.0 14 22.918793504 2.3071600346 0 0 2 2 2 8 0 0 0 6 
656 1 12.2553 13.3381 5.11997 0.00169148 -6.62204e-04 2.17831e-05 0.0018166159 0.0 13 21.2048792212 2.1398403993 0 0 0 3 6 4 0 0 0 6 
357 1 13.7843 16.3463 6.75797 0.00136797 -0.0022951 -0.00166844 0.0031500029 0.0 15 23.1644336029 2.2017982943 0 0 0 1 10 4 0 0 0 6 
366 1 10.8153 12.2763 7.77408 -0.00319502 0.00232102 -0.00166241 0.004284728 0.0 15 20.9504798436 2.197350901 0 0 1 4 3 5 2 0 0 7 
553 1 15.0292 11.9861 5.82396 0.00276194 -7.88507e-04 -0.0027129 0.0039509344 0.0 14 20.7500796102 2.223497455 0 0 0 3 6 5 0 0 0 6 
276 1 10.4254 15.2768 6.07354 0.0015861 -9.25967e-04 -0.00289808 0.0034310342 0.0 16 22.2136990025 2.2962191347 0 0 1 4 4 4 3 0 0 7 
805 1 13.9723 11.2289 3.35245 -0.00245101 0.0011278 0.00234404 0.0035740602 0.0 14 20.3794551486 2.2261338742 0 0 0 3 6 5 0 0 0 6 
923 1 15.2012 14.6453 4.34184 -0.00323971 -0.00344257 7.65368e-04 0.00478882 0.0 14 21.4372146974 2.1398403993 0 0 0 2 8 4 0 0 0 6 
14 1 9.20658 9.28524 7.61923 -0.00276681 -0.00256565 -1.96008e-05 0.0037733515 0.0 15 20.6552036024 2.197350901 0 0 1 3 4 6 1 0 0 7 
594 1 12.8922 13.9736 2.23118 -0.00278857 -2.9472e-04 -0.00171301 0.0032859376 0.0 15 24.064379751 2.434020634 0 0 0 1 10 4 0 0 0 6 
156 1 15.2493 12.7943 0.126877 -1.0798e-04 0.00357027 -2.59973e-04 0.0035813508 0.0 14 21.8684572081 2.3355077361 0 0 0 4 5 4 1 0 0 7 
713 1 18.0449 16.0432 2.78197 2.27062e-04 -0.00145323 0.00141045 0.0020378429 0.0 16 21.7150767916 2.203723171 0 0 4 1 4 4 0 3 0 8 
565 2 17.2476 10.1518 7.22444 -0.00576745 -0.00228091 0.00132175 0.0063413763 0.0 13 15.3560563633 2.0966332054 0 0 0 3 6 4 0 0 0 6 
60 1 12.6273 16.4972 3.94793 -1.8044e-04 -0.00269337 -0.00106259 0.0029010167 0.0 13 21.3342670478 2.191767614 0 0 1 2 6 3 1 0 0 7 
452 1 9.83593 12.473 0.614231 0.00212222 -0.00224269 0.00111808 0.003283836 0.0 15 26.8406566319 2.4585645618 0 0 1 1 9 2 2 0 0 7 
978 1 15.5865 10.1235 1.26299 0.00156163 6.78203e-04 -0.0028415 0.0033125171 0.0 14 21.4765594003 2.2324885106 0 0 0 4 4 6 0 0 0 6 
574 1 9.22649 12.4515 5.45576 -0.00321176 0.00281639 0.00108949 0.0044084514 0.0 12 19.787363206 2.2425839023 0 0 1 3 5 1 2 0 0 7 
551 2 14.5916 10.399 8.44762 -6.32584e-04 0.00233615 0.00130329 0.0027488769 0.0 14 16.5082902657 2.195792119 0 0 0 3 6 5 0 0 0 6 
383 1 15.3253 15.6542 1.36991 0.00277458 -0.00271663 8.23877e-05 0.003883962 0.0 14 21.9864383169 2.2704213453 0 0 0 4 4 6 0 0 0 6 
384 1 16.7893 13.2011 2.4834 -0.00103911 3.49094e-04 -0.001811 0.0021169169 0.0 15 21.5583512791 2.3212052589 0 0 2 3 1 8 1 0 0 7 
738 1 10.1983 14.8944 3.32086 0.00198636 0.00116928 -0.0039686 0.0045894039 0.0 17 23.9487738881 2.434020634 0 0 1 2 8 3 3 0 0 7 
84 1 16.9932 10.8163 3.80506 2.13581e-05 -4.96204e-04 0.00622697 0.0062467455 0.0 15 21.860155644 2.2261338742 0 0 0 1 10 4 0 0 0 6 
992 1 17.1878 16.217 5.9424 0.0055448 0.00182013 7.15612e-04 0.0058796072 0.0 13 19.9957922341 2.2118816574 0 0 0 1 10 2 0 0 0 6 
370 2 17.1336 11.959 8.60385 0.00363148 7.25635e-04 0.00119676 0.0038918412 0.0 14 17.1640859599 2.1990059622 0 0 1 2 7 2 2 0 0 7 
147 1 12.192 9.08564 3.03261 5.48393e-04 -0.00176021 -0.00224698 0.0029065432 0.0 14 21.0277041146 2.2027917485 0 0 1 3 5 3 2 0 0 7 
187 2 26.2143 12.3841 7.18473 -0.00142407 0.00189803 -0.00164895 0.0028895552 0.0 13 12.9481160162 1.9178369534 0 0 0 1 10 2 0 0 0 6 
732 1 18.6333 15.206 8.51096 -6.1213e-04 0.00111336 0.00110806 0.0016858442 0.0 16 21.5525189668 2.2330081039 0 0 3 1 6 2 3 1 0 8 
127 2 0.7322 9.26992 4.16353 -0.00219219 4.16789e-05 3.15343e-04 0.0022151468 0.0 13 17.1850007199 2.5004864697 0 0 0 4 4 5 0 0 0 6 
194 1 18.5717 10.9981 1.29532 0.00103357 0.00177299 0.00118326 0.0023689375 0.0 13 21.3292559032 2.3355077361 0 0 0 1 10 2 0 0 0 6 
911 1 17.6594 13.4062 5.36128 0.00479131 -2.271e-04 -9.1499e-05 0.0047975617 0.0 15 21.8389713966 2.2330081039 0 0 0 3 6 6 0 0 0 6 
890 1 23.1018 17.7751 7.76058 8.78639e-04 0.00299599 -0.00309135 0.0043936781 0.0 16 22.0416440395 2.4512009187 0 0 2 3 3 5 3 0 0 7 
354 2 21.3683 10.3241 8.61369 1.31875e-04 -0.00260403 0.00457096 0.0052623225 0.0 15 13.947573846 2.0351551835 0 0 1 2 7 3 2 0 0 7 
106 2 26.2744 9.7906 6.81192 7.40278e-04 -5.10026e-04 -5.5124e-04 0.0010545158 0.0 17 14.1554230912 1.8569299828 0 0 1 1 8 6 1 0 0 7 
836 2 20.6828 13.349 7.20604 -0.0012018 0.00282367 -0.00413676 0.0051507493 0.0 16 17.3345513567 2.2330081039 0 0 2 2 8 1 0 3 0 8 
474 2 19.5385 11.488 6.9187 0.00183002 -0.00141524 0.00291867 0.0037243136 0.0 12 15.2565408673 2.1990059622 0 0 2 2 4 3 0 1 0 8 
363 1 24.6822 14.5302 0.660637 -0.00375669 0.00433779 -0.00176802 0.0060045846 0.0 15 20.6442908427 2.154328642 0 0 2 3 4 2 4 0 0 7 
213 2 22.6431 14.6127 7.73888 7.73167e-04 -5.01901e-04 3.87274e-04 9.9983647401e-04 0.0 13 16.3681106744 2.0747869693 0 0 0 2 8 3 0 0 0 6 
245 1 20.9675 17.4474 2.93616 -2.31378e-04 7.08231e-05 -0.00197532 0.0019900856 0.0 16 21.9697427468 2.2812792204 0 0 2 2 5 5 1 1 0 8 
810 1 21.8684 14.5096 2.24613 7.65835e-04 -0.00343014 0.00118506 0.0037090067 0.0 16 21.523948585 2.154328642 0 0 2 2 4 6 2 0 0 7 
123 1 24.0949 16.9734 2.33212 -8.10138e-04 -9.7996e-04 -0.00472358 0.0048917127 0.0 13 21.7199194444 2.2812792204 0 0 0 1 10 2 0 0 0 6 
493 1 19.3069 14.2258 0.989187 -1.2371e-04 7.02065e-04 7.24672e-04 0.0010165377 0.0 17 22.4198164776 2.3355077361 0 0 2 2 5 6 1 1 0 8 
155 1 20.9812 16.4887 0.0715733 0.00141696 -1.28145e-04 5.20702e-04 0.0015150338 0.0 15 22.0171246885 2.3291319908 0 0 2 3 3 4 3 0 0 7 
108 2 24.4678 11.9801 2.87298 0.0035808 0.00588081 0.00177232 0.0071096535 0.0 13 18.6102085605 2.154328642 0 0 0 1 10 2 0 0 0 6 
929 1 22.8265 16.515 4.98912 -0.00431262 -0.00316036 0.00613994 0.0081415864 0.0 13 21.2493788305 2.3275754177 0 0 0 1 10 2 0 0 0 6 
449 1 20.2632 14.9059 4.46244 -0.00301556 -0.00199163 -3.78236e-04 0.0036336283 0.0 14 20.8247752141 2.2325121503 0 0 2 3 4 2 2 1 0 8 
788 2 23.6611 12.0518 7.97657 0.00144637 -0.00287182 0.00154531 0.0035675369 0.0 15 14.5114228403 1.9037508967 0 0 1 1 8 4 1 0 0 7 
217 1 20.3775 16.5518 6.75017 0.00246835 -5.85659e-04 0.00149042 0.002942295 0.0 13 20.7194504582 2.4248516593 0 0 0 3 7 2 1 0 0 7 
477 2 21.6748 10.8726 5.95728 0.00121804 -8.27574e-04 0.00191965 0.0024194124 0.0 13 16.0379071763 2.0798441246 0 0 0 4 4 5 0 0 0 6 
951 1 21.6482 11.7017 1.3317 -2.94835e-04 -0.0022118 1.7742e-04 0.0022384067 0.0 14 21.4448494796 2.1544142206 0 0 0 1 10 3 0 0 0 6 
139 1 19.8482 12.1643 3.5579 0.00462978 -0.00396555 -3.13742e-05 0.0060960179 0.0 16 22.2168425575 2.1926326474 0 0 1 1 8 5 1 0 0 7 
485 2 24.6576 14.3028 6.51679 0.00212158 -0.003893 7.66575e-04 0.0044993542 0.0 14 14.1232811155 2.120243798 0 0 0 1 10 3 0 0 0 6 
233 2 24.5066 14.2966 3.89151 -0.00285402 -0.00117132 0.00207483 0.0037178408 0.0 13 17.9232771493 2.1586831505 0 0 0 1 10 2 0 0 0 6 
236 2 26.0695 16.2928 5.62683 -0.00120092 0.00157032 -0.00394964 0.0044167601 0.0 15 17.5627746512 2.3601536335 0 0 1 1 8 4 1 0 0 7 
568 2 22.8723 10.9498 4.06817 0.00567224 -0.00327324 -0.00535288 0.0084582345 0.0 12 15.0578421022 2.1293178933 0 0 1 2 5 4 0 0 0 6 
15 2 24.5788 11.668 5.60938 7.02238e-04 -1.72924e-04 -0.00242296 0.0025285917 0.0 14 13.2343709162 1.912827216 0 0 1 2 5 6 0 0 0 6 
945 2 22.7316 13.3858 5.24573 -0.00140116 -0.00637457 -7.50738e-04 0.0065697793 0.0 13 16.5885334605 2.1293178933 0 0 0 1 10 2 0 0 0 6 
212 2 23.5221 9.79941 7.29322 7.22684e-04 0.00243839 7.90096e-04 0.0026631315 0.0 14 14.0698838327 1.9076574372 0 0 1 2 5 6 0 0 0 6 
92 1 20.1853 9.12724 3.11619 -0.00143393 0.0031171 -6.66396e-04 0.0034952183 0.0 14 22.5392913489 2.402361552 0 0 0 2 8 4 0 0 0 6 
561 2 3.37565 18.4391 6.20689 -0.00119095 -0.0027293 2.53137e-04 0.0029885647 0.0 14 15.5471003535 2.1269582905 0 0 0 0 12 2 0 0 0 6 
413 2 0.0886852 18.5781 6.35235 0.00186287 -0.00382919 0.0027919 0.0050919236 0.0 15 16.9944110365 2.3494168199 0 0 2 1 7 3 1 1 0 8 
231 2 0.706562 24.6975 5.63038 -0.00227025 0.00245248 0.00190673 0.0038476373 0.0 12 12.4876861557 2.1077267597 0 0 0 3 6 3 0 0 0 6 
137 2 4.99754 0.465628 1.84292 0.00378383 -0.001993 -0.00209871 0.0047638222 0.0 16 14.5740839345 2.0518929029 0 0 0 1 10 5 0 0 0 6 
278 2 5.43343 21.4995 0.154409 -3.41004e-04 0.00191341 -0.00310416 0.0036624078 0.0 13 16.8537931905 2.3879009526 0 0 3 1 4 2 3 0 0 7 
98 2 1.99857 25.372 7.73756 -0.00197465 0.00288926 -5.94359e-04 0.0035496942 0.0 14 12.1455707654 1.9903250601 0 0 1 1 7 5 0 0 0 6 
462 2 4.06716 21.8233 8.0215 -8.5947e-04 0.00349644 1.09398e-04 0.0036021867 0.0 14 13.9200403705 2.0597695452 0 0 0 4 4 6 0 0 0 6 
957 2 1.93732 20.7508 6.96754 -5.96615e-04 0.0018847 -0.00183944 0.0027002931 0.0 12 15.01544562 2.1219478416 0 0 0 3 6 3 0 0 0 6 
852 2 4.27953 24.809 1.52178 -2.66115e-04 0.00177383 3.59886e-04 0.0018294283 0.0 13 12.0220452094 1.8896309056 0 0 0 4 4 5 0 0 0 6 
277 2 2.30758 23.2767 6.85584 -0.00275462 -0.00172869 5.83435e-05 0.0032526458 0.0 13 13.4061806131 2.0597695452 0 0 0 3 6 4 0 0 0 6 
634 2 7.70874 21.0036 1.4839 -0.00209216 1.85015e-04 4.94126e-04 0.0021576665 0.0 15 18.1278182698 2.3245044159 0 0 3 3 3 3 1 1 1 9 
687 2 3.21853 22.1342 0.941527 -3.16474e-04 -0.00233066 -0.00181605 0.0029715601 0.0 16 17.2041391624 2.2744598739 0 0 1 3 6 3 3 0 0 7 
772 2 2.70634 24.936 4.34989 0.00220812 -0.00165154 -0.00185203 0.0033216552 0.0 16 13.6797306242 1.9903250601 0 0 0 4 5 6 1 0 0 7 
126 2 4.58974 25.1413 7.72435 -5.4694e-04 7.68671e-04 0.00116113 0.0014960686 0.0 16 15.1000240765 2.0597695452 0 0 0 3 6 7 0 0 0 6 
257 2 3.8341 22.6927 3.35919 -1.89855e-04 -9.7251e-04 -9.57909e-04 0.0013781909 0.0 12 12.0728915571 1.8090253098 0 0 0 2 8 2 0 0 0 6 
797 2 5.69625 18.8422 7.74743 0.00232476 3.56766e-04 -8.71397e-04 0.0025082113 0.0 14 16.017256284 2.1684041403 0 0 0 2 8 4 0 0 0 6 
879 2 2.00272 24.4916 9.85743 0.00230328 0.00353639 0.00381606 0.0056897686 0.0 15 17.0321207004 2.1435536287 0 0 0 4 6 4 0 1 0 8 
808 2 6.3024 20.9876 6.74382 -0.00291371 -0.00145894 0.00341436 0.0047197528 0.0 12 11.9912347474 1.9624079905 0 0 0 3 6 3 0 0 0 6 
777 2 6.4444 25.4109 6.16891 -0.00225167 0.0025542 -0.00297194 0.0045195556 0.0 12 11.4240071783 1.8121899789 0 0 0 3 6 3 0 0 0 6 
215 2 3.8898 17.2097 8.37072 -0.00101952 4.40476e-04 5.00511e-05 0.0011117307 0.0 12 16.0516230373 2.1808543293 0 0 0 0 12 0 0 0 0 5 
791 2 5.99289 22.0457 4.35889 5.65148e-04 -5.8211e-04 9.30903e-04 0.0012348379 0.0 14 13.0130279489 1.912158418 0 0 1 3 4 5 1 0 0 7 
76 2 4.49187 23.3222 5.86925 -9.29794e-04 0.0038633 0.00171743 0.0043288762 0.0 14 13.6767278535 1.9815496125 0 0 0 4 4 6 0 0 0 6 
718 2 5.47499 20.7714 2.46246 0.0016904 -0.00279453 -0.00303002 0.004455095 0.0 14 14.8859693339 2.149193313 0 0 1 3 5 3 2 0 0 7 
600 2 1.5922 17.5745 8.60877 -0.00384318 -0.00203679 3.5154e-04 0.0043637285 0.0 14 17.8228125405 2.23656855 0 0 1 3 4 5 1 0 0 7 
342 2 8.21433 19.9344 7.7875 -6.78746e-04 0.00352637 2.4617e-04 0.0035995251 0.0 14 17.4728300739 2.1727759408 0 0 0 2 8 4 0 0 0 6 
776 2 5.56474 19.5466 4.91412 -0.00457462 0.00229301 0.0034069 0.0061475207 0.0 14 17.1406149489 2.1928353053 0 0 0 4 4 6 0 0 0 6 
345 2 6.80479 25.4626 1.8722 -0.00149329 0.00407544 -2.53287e-04 0.0043477903 0.0 13 12.6219424751 1.9493989062 0 0 0 3 6 4 0 0 0 6 
545 2 7.66818 24.0809 4.61408 0.00204762 -0.00186245 0.00411288 0.0049575447 0.0 15 13.9685869214 2.0681416794 0 0 0 1 10 4 0 0 0 6 
514 2 0.978322 20.6482 2.1351 0.00220898 -6.36409e-04 0.00441229 0.0049752299 0.0 13 17.3949479256 2.2771594504 0 0 0 5 3 4 1 0 0 7 
162 2 3.764 20.7683 5.32907 -8.40559e-04 3.46986e-04 0.00209792 0.0022865273 0.0 15 13.4785936285 1.9851874939 0 0 0 4 4 7 0 0 0 6 
744 2 2.38937 24.6681 26.6003 0.00283321 -2.06177e-04 8.84571e-04 0.0029752401 0.0 14 17.270585871 2.2180933311 0 0 1 1 7 5 0 0 0 6 
124 2 7.99792 20.1708 4.95117 0.00306767 -5.88946e-04 0.00190631 0.0036594364 0.0 16 17.651632611 2.3261591678 0 0 2 2 5 5 1 1 0 8 
111 2 6.47824 23.2683 7.43116 0.00191806 6.88051e-04 -0.0018985 0.00278508 0.0 14 13.0742161606 1.9960650645 0 0 0 3 6 5 0 0 0 6 
491 2 2.11129 24.0616 2.02042 0.00202606 -0.00179822 -7.35879e-04 0.0028071395 0.0 12 14.9338899937 2.2771594504 0 0 0 3 6 3 0 0 0 6 
918 1 7.44461 18.2611 2.56219 3.23314e-05 7.53127e-04 -6.20037e-04 9.7605915749e-04 0.0 16 23.6773882543 2.2595759486 0 0 3 2 3 5 2 1 0 8 
636 2 0.472837 25.9357 3.4549 4.65435e-04 0.00198352 -0.00263954 0.0033343894 0.0 13 13.5788817451 2.026177066 0 0 0 2 8 3 0 0 0 6 
893 2 8.48144 24.4342 7.03784 -0.00250099 -0.00160632 -4.04357e-04 0.0029997866 0.0 13 13.1100733665 2.119692909 0 0 0 1 10 2 0 0 0 6 
943 2 3.36101 19.5843 8.81588 -0.00190712 0.00334257 -2.19085e-04 0.003854592 0.0 14 18.3690322268 2.3974824604 0 0 0 3 6 5 0 0 0 6 
647 2 3.77345 0.0853741 26.25 0.00292125 -0.00403875 2.27622e-04 0.0049896909 0.0 13 13.0060762177 2.0087412397 0 0 1 2 6 3 1 0 0 7 
430 2 5.73478 23.2497 2.01998 0.00256871 -0.00184413 1.06247e-04 0.0031639177 0.0 15 12.3123945779 1.8981441137 0 0 0 2 8 5 0 0 0 6 
475 1 1.98882 17.5192 1.33936 -0.00354865 -0.00176949 -0.00300377 0.0049746001 0.0 15 22.3667068932 2.2253833531 0 0 2 3 3 4 3 0 0 7 
605 2 4.47679 26.433 5.29806 7.70401e-04 9.37256e-04 -0.00312881 0.0033558037 0.0 16 14.3448185478 2.0518929029 0 0 0 3 7 5 1 0 0 7 
748 2 1.51936 20.138 4.74258 -0.00123857 0.00133419 -0.00163017 0.0024436802 0.0 11 12.665647556 2.0416796249 0 0 0 4 4 3 0 0 0 6 
786 2 1.69692 22.3403 3.96185 -0.00238488 -0.00193177 0.00174095 0.0035284975 0.0 15 14.3774518471 2.2115657567 0 0 0 5 2 8 0 0 0 6 
725 2 5.41939 24.5816 3.79117 -5.21791e-04 0.00201743 0.00131904 0.0024662028 0.0 13 12.592218531 1.9906786147 0 0 0 3 6 4 0 0 0 6 
214 2 5.99536 21.1515 9.06393 -3.51921e-04 -0.00155299 -0.00471837 0.0049798235 0.0 14 16.7946114587 2.4003544739 0 0 0 2 8 4 0 0 0 6 
9 2 3.1678 20.0721 2.83415 -0.00105218 0.00194198 -0.00346856 0.0041120892 0.0 16 17.3334726996 2.2432048255 0 0 1 3 5 5 2 0 0 7 
607 2 -0.0107641 22.2113 5.99537 -0.00123006 -9.61661e-04 0.00377844 0.0040883307 0.0 14 17.8305298671 2.2132164991 0 0 0 4 4 6 0 0 0 6 
638 2 1.79506 0.0541303 5.43112 -2.9093e-04 7.65633e-04 -0.00169233 0.0018801104 0.0 11 12.2760698828 1.9092253311 0 0 0 3 6 2 0 0 0 6 
385 2 11.0713 23.197 2.06245 6.02378e-04 0.00377146 -0.00162033 0.0041487636 0.0 14 13.9690992339 2.0705576137 0 0 1 3 3 7 0 0 0 6 
496 2 8.39 22.0239 8.73138 -2.74244e-04 0.00621058 -0.00114969 0.0063220488 0.0 14 15.538054909 1.9954605155 0 0 0 2 8 4 0 0 0 6 
445 2 8.62267 26.482 5.7354 -1.87914e-04 5.90588e-04 -0.00151743 0.0016391155 0.0 14 13.9445772872 2.0681416794 0 0 0 1 10 3 0 0 0 6 
315 1 16.1093 21.9104 1.0489 -0.00179956 0.00390493 0.00208497 0.0047784929 0.0 14 23.6819734173 2.4472062562 0 0 1 1 8 3 1 0 0 7 
840 1 9.66983 17.7459 0.69068 -0.00289663 -0.00186635 3.86216e-04 0.003467404 0.0 13 23.1427199336 2.3856818158 0 0 0 5 3 4 1 0 0 7 
206 2 14.1919 26.1693 5.59065 -3.72607e-04 -3.56778e-04 -8.70711e-04 0.0010120594 0.0 16 15.9303586787 2.1091375747 0 0 0 4 5 6 1 0 0 7 
728 2 14.6886 25.703 10.3156 -0.00115196 0.00201824 0.00233235 0.00329244 0.0 15 16.883241047 2.2779861859 0 0 1 3 4 6 1 0 0 7 
857 2 15.2034 26.5722 1.12261 0.00121186 0.00309086 3.78214e-05 0.0033201582 0.0 12 16.7278995934 2.2541579967 0 0 0 4 4 4 0 0 0 6 
96 2 13.676 26.6759 2.93384 -2.19564e-04 0.00300941 0.00190403 0.0035679248 0.0 12 12.8180188432 1.9541527851 0 0 1 2 6 2 1 0 0 7 
965 1 17.6639 24.1794 0.75572 -0.00146809 -0.00109636 0.00150875 0.0023735248 0.0 14 22.1166848991 2.31935506 0 0 0 3 6 5 0 0 0 6 
72 1 15.4019 18.0348 26.6948 -7.62945e-05 -0.00230277 0.00173404 0.0028836548 0.0 13 20.5993317736 2.2682110805 0 0 1 3 4 4 1 0 0 7 
987 2 9.54339 22.1374 26.4292 -6.73368e-04 -8.62584e-04 0.00204173 0.0023164924 0.0 17 18.9231927909 2.3504456941 0 0 3 4 1 4 4 1 0 8 
5 2 16.7453 24.1101 5.05049 1.81358e-05 0.00360263 0.0033675 0.0049314631 0.0 14 20.4730101843 2.2151248326 0 0 0 0 12 2 0 0 0 6 
160 2 11.0785 22.1449 4.73127 3.66747e-04 -0.00377205 -0.00345576 0.0051288538 0.0 16 19.4096987328 2.3261591678 0 0 0 4 7 3 1 1 0 8 
26 2 8.20523 22.1269 6.01537 0.00458069 -0.004116 -2.99764e-04 0.0061655523 0.0 12 12.4798515563 2.0561377099 0 0 0 2 8 2 0 0 0 6 
469 1 10.9792 20.2067 1.87333 -0.00103073 -0.00126782 6.9514e-04 0.0017756665 0.0 17 24.9649203487 2.3481696813 0 0 3 0 7 3 4 0 0 7 
467 2 12.7393 24.1585 7.1501 -0.00214953 -0.00337549 -0.00335444 0.0052217506 0.0 14 16.812528928 2.0985245998 0 0 0 4 5 4 1 0 0 7 
32 2 10.3124 23.8228 8.33926 -0.00126857 -0.00240643 0.00314565 0.0041587605 0.0 12 16.1993723755 2.1622019516 0 0 0 3 6 3 0 0 0 6 
290 2 10.37 21.6101 7.13946 0.00367052 -0.00131636 3.56692e-04 0.0039157055 0.0 16 19.1257835079 2.2884813565 0 0 2 3 5 2 3 1 0 8 
935 2 11.5216 25.4259 2.42114 0.00102397 0.00104512 0.00575658 0.0059396131 0.0 13 12.0692868 1.8776722844 0 0 1 2 6 3 1 0 0 7 
301 1 15.912 20.9503 4.37729 8.63488e-04 -0.00355336 -7.50378e-04 0.0037329674 0.0 15 24.5968332478 2.2344940779 0 0 0 2 8 5 0 0 0 6 
293 1 10.2189 17.9789 3.98554 7.60794e-04 -4.47248e-04 0.00322857 0.003347014 0.0 14 23.369238427 2.3261591678 0 0 2 2 4 4 2 0 0 7 
230 2 12.1426 0.388809 4.53142 -0.00245157 0.00281143 -0.00111063 0.0038920217 0.0 12 11.8289147201 1.8684718048 0 0 2 2 2 6 0 0 0 6 
141 2 8.73742 21.911 3.57361 -0.00155741 0.00294815 0.00135036 0.0035973027 0.0 15 15.3064237444 2.2595759486 0 0 4 1 3 5 0 1 1 9 
41 1 13.5947 21.1145 7.35176 -4.73561e-04 -0.00268584 0.0023122 0.0035755091 0.0 16 23.2041689549 2.2611158767 0 0 1 5 3 3 4 0 0 7 
532 1 10.6392 18.2595 6.66909 0.00269833 0.00184129 0.00144767 0.0035731054 0.0 15 22.6681258746 2.3261591678 0 0 1 4 4 3 3 0 0 7 
394 2 13.5815 24.3348 1.43057 -0.00231287 0.00162055 3.90278e-05 0.0028243713 0.0 15 17.2118482575 2.3375720923 0 0 0 4 4 7 0 0 0 6 
483 2 15.4695 24.8511 3.02159 4.5418e-04 0.00218202 -0.00107646 0.0024751277 0.0 16 19.5810463354 2.2344940779 0 0 0 0 12 4 0 0 0 6 
973 2 14.3589 23.5539 5.49345 2.73779e-05 -0.00159067 0.00261681 0.0030624623 0.0 12 16.898861171 2.2273826938 0 0 0 2 8 2 0 0 0 6 
792 1 16.4105 21.4703 7.39531 0.00217376 0.00180786 -4.67892e-04 0.0028657483 0.0 12 20.4497508145 2.1715380355 0 0 0 2 8 2 0 0 0 6 
924 1 12.9554 19.4729 4.97212 0.00432037 -2.49683e-04 -0.00191423 0.0047320413 0.0 16 26.0545550104 2.2869602416 0 0 1 3 6 3 3 0 0 7 
774 2 10.7536 25.5499 6.10147 -0.00126244 -6.25063e-04 0.00323427 0.0035277416 0.0 15 13.821380223 2.119692909 0 0 0 4 6 3 2 0 0 7 
825 2 8.40723 23.5738 1.5996 -0.00393047 -0.00213756 0.00127541 0.0046523572 0.0 12 13.2748663846 2.0460347699 0 0 0 3 6 3 0 0 0 6 
999 2 11.7857 25.6147 9.05838 0.0019572 -0.00153767 0.00115899 0.0027455999 0.0 12 14.4186300567 2.2296331616 0 0 0 3 6 3 0 0 0 6 
676 2 12.2116 24.4795 4.529 9.43552e-05 1.98649e-05 -1.71081e-05 9.7929592589e-05 0.0 14 13.2476264578 1.9701771318 0 0 1 3 4 5 1 0 0 7 
724 2 10.005 24.1511 4.1992 -0.00450432 -0.00196849 -0.002372 0.0054580432 0.0 15 13.6556663787 2.119692909 0 0 1 3 4 6 1 0 0 7 
569 2 15.4622 24.2313 7.82235 0.00191347 0.00430224 0.00260639 0.0053818125 0.0 13 17.9788054882 2.1109033457 0 0 0 1 10 2 0 0 0 6 
207 1 14.0741 19.9056 1.77295 -7.01518e-04 5.05258e-05 0.0025433 0.0026387602 0.0 13 23.8897044549 2.2300735678 0 0 1 2 5 5 0 0 0 6 
938 1 15.8292 18.9358 6.39509 -9.94919e-05 3.84916e-04 -0.00196351 0.0020033548 0.0 13 21.7956190562 2.1701114125 0 0 0 1 10 2 0 0 0 6 
513 2 13.2524 22.62 3.09195 -0.00147186 -0.00377123 0.0038572 0.0055916491 0.0 13 18.8807231122 2.2261623915 0 0 1 0 9 3 0 0 0 6 
622 1 21.8168 21.1722 26.3857 8.75849e-04 8.84686e-04 0.00172735 0.0021292061 0.0 13 20.3410760996 2.2089246732 0 0 2 2 5 2 1 1 0 8 
248 1 21.4145 22.4429 7.35372 -9.58696e-04 0.00123367 0.00102341 0.001867728 0.0 14 21.844366061 2.2919322614 0 0 0 4 5 4 1 0 0 7 
525 1 24.0895 25.1344 8.39046 0.00202685 0.00247025 0.00238297 0.003986076 0.0 14 20.9481056633 2.2212897296 0 0 1 2 6 4 1 0 0 7 
609 1 18.3424 22.077 2.71864 5.84448e-04 0.00266394 -0.00250969 0.0037063054 0.0 14 21.4521371436 2.2344940779 0 0 1 1 8 3 1 0 0 7 
307 1 24.0242 23.3019 1.17487 -0.00184591 -6.00168e-04 -0.00387369 0.0043327889 0.0 14 22.2555867828 2.1979578285 0 0 0 3 6 5 0 0 0 6 
71 1 17.5557 19.2084 1.82923 -0.00254866 6.51831e-04 0.00295691 0.0039577605 0.0 17 24.4992376417 2.3370839412 0 0 1 5 3 4 4 0 0 7 
387 1 20.8928 22.8591 1.59468 -0.0030014 0.00337437 -0.00436732 0.0062823768 0.0 15 21.1268959033 2.2222694377 0 0 1 3 4 6 1 0 0 7 
172 1 23.0364 22.0246 3.44677 -0.00271877 0.00151792 6.38163e-04 0.0031785285 0.0 14 20.6182442015 2.2839808105 0 0 1 2 5 6 0 0 0 6 
683 1 24.3145 20.3438 6.54412 8.66739e-04 0.00524707 -0.00229191 0.005791013 0.0 15 22.6800509757 2.3601536335 0 0 3 0 7 2 2 1 0 8 
505 1 21.4161 19.6528 6.26751 7.43747e-05 0.00151246 -7.70719e-04 0.0016991394 0.0 17 23.4565999095 2.4639698332 0 0 1 3 5 6 2 0 0 7 
785 1 18.6188 20.9187 5.70774 -0.00582796 0.00109842 0.00117038 0.0060449511 0.0 14 22.5448398665 2.231008645 0 0 1 3 4 5 1 0 0 7 
300 1 26.0307 25.2614 0.497371 0.00140514 -0.00408105 -0.00435828 0.0061338399 0.0 15 22.0776767899 2.220390224 0 0 0 2 8 5 0 0 0 6 
928 1 23.7106 19.747 1.39411 0.00333231 0.00173289 0.00141445 0.0040134607 0.0 19 24.3815042159 2.3291319908 0 0 1 2 7 8 0 1 0 8 
400 1 20.3676 23.0448 4.86453 0.00209851 3.89461e-04 0.00142629 0.0025670464 0.0 15 22.4653062295 2.2959414322 0 0 0 3 7 4 1 0 0 7 
846 1 23.1392 26.2778 0.746013 0.00278441 0.00158401 -6.04703e-04 0.0032600142 0.0 15 21.8169494688 2.241377545 0 0 1 5 2 5 1 1 0 8 
652 1 26.2436 18.395 0.433724 0.00161758 -2.73177e-05 -2.46522e-04 0.0016364854 0.0 13 21.2977990857 2.1948637385 0 0 0 2 8 3 0 0 0 6 
271 1 20.8205 20.3652 3.27723 -8.15661e-04 0.0044291 1.37377e-04 0.0045056744 0.0 13 21.0455795829 2.2315706242 0 0 1 3 3 6 0 0 0 6 
378 2 25.991 24.0123 3.71347 9.52844e-04 0.0013658 -7.03665e-04 0.0018078899 0.0 16 18.9300506371 2.2771594504 0 0 0 4 5 6 1 0 0 7 
191 1 19.2792 20.828 8.82386 9.36899e-04 0.00100126 0.00100696 0.0017012553 0.0 14 23.6482203998 2.3787226929 0 0 0 3 7 3 1 0 0 7 
746 1 18.4498 23.4573 7.6911 -0.00323476 -1.11154e-04 -0.00255104 0.0041211446 0.0 15 23.2145139059 2.2959414322 0 0 0 3 6 6 0 0 0 6 
298 1 23.383 19.1272 4.16716 -0.00237052 -7.73641e-04 -0.00139221 0.0028558946 0.0 13 20.3845943115 2.3601536335 0 0 1 3 4 4 1 0 0 7 
617 1 23.8987 23.3744 5.84089 0.00206403 -0.00323724 8.41307e-05 0.003840185 0.0 15 22.0356431567 2.2824472198 0 0 1 3 4 6 1 0 0 7 
702 1 22.1867 25.8822 6.47698 0.0011845 0.00158596 -0.00112694 0.0022777847 0.0 15 21.69188839 2.2935884692 0 0 1 3 5 4 2 0 0 7 
52 1 19.2418 24.9999 3.25764 3.90973e-04 0.0021909 2.06894e-05 0.002225608 0.0 13 21.7487180294 2.245703644 0 0 1 0 9 3 0 0 0 6 
781 1 22.3646 24.8934 3.58311 -7.42936e-04 -0.00184568 0.00483036 0.0052240661 0.0 15 23.5885004266 2.2458416376 0 0 1 1 8 4 1 0 0 7 
828 1 20.1006 19.377 0.767593 0.00343143 0.00133303 -7.1407e-05 0.0036819533 0.0 14 21.6440526985 2.3291319908 0 0 1 4 2 6 1 0 0 7 
419 1 22.3884 20.3083 9.10672 0.00283292 0.00230927 0.00258092 0.0044742945 0.0 13 20.0103631886 2.4533720765 0 0 2 1 7 1 1 1 0 8 
371 2 25.0397 26.0646 5.05241 3.31876e-04 6.92756e-04 0.00128842 0.0015000262 0.0 13 15.3853808092 2.1151558747 0 0 1 1 9 0 2 0 0 7 
547 1 18.356 18.2322 8.02609 -0.00257435 -0.00164893 -0.00388242 0.0049416023 0.0 15 22.3684319684 2.4639698332 0 0 1 1 9 2 2 0 0 7 
715 1 18.8602 18.09 4.64581 -1.75664e-04 0.00343634 -0.00112225 0.0036192175 0.0 14 22.5748830924 2.2315706242 0 0 1 2 7 2 2 0 0 7 
453 2 26.3514 18.9834 3.61467 -9.80504e-04 0.00156195 -0.00582943 0.0061141909 0.0 14 18.7579719897 2.1818743575 0 0 1 1 7 5 0 0 0 6 
175 2 0.0749209 24.0631 8.02333 2.34068e-04 0.00207877 -0.00130192 0.0024639538 0.0 15 16.7686806576 2.2132164991 0 0 2 2 4 5 2 0 0 7 
866 2 25.9342 21.2974 3.64982 0.00127701 -0.00149601 3.03393e-04 0.0019901879 0.0 14 18.4935812276 2.2389796059 0 0 0 6 1 6 1 0 0 7 
359 1 2.19069 8.20945 12.6941 -0.00433073 8.25436e-04 -6.35798e-04 0.004454302 0.0 16 24.014252291 2.3191009052 0 0 1 2 6 6 1 0 0 7 
294 1 6.71143 3.6099 17.3838 0.0017203 -0.00320114 -0.00420973 0.0055613448 0.0 15 22.4390211634 2.3120563136 0 0 1 2 7 3 2 0 0 7 
838 1 2.10454 7.26605 15.5236 -0.00162135 -0.00145069 0.00262046 0.0034058902 0.0 13 21.3445537367 2.399356449 0 0 0 3 6 4 0 0 0 6 
867 1 7.5409 2.09667 15.3066 -0.00207444 0.00202075 4.21334e-04 0.0029264747 0.0 13 20.2418772377 2.2013680542 0 0 0 2 8 3 0 0 0 6 
11 2 4.08768 2.80845 10.2303 0.00348453 0.00120803 -0.00152869 0.0039922649 0.0 12 16.8844421895 2.3891175613 0 0 0 4 5 2 1 0 0 7 
152 1 3.3892 4.5615 15.3725 -0.00247043 4.96804e-04 -0.00164115 0.0030071934 0.0 13 23.007575054 2.3120563136 0 0 0 1 10 2 0 0 0 6 
229 2 2.08073 4.14918 10.5665 -0.00508253 -0.0023931 1.06388e-04 0.0056187505 0.0 12 15.4303258813 2.1022743577 0 0 1 2 5 4 0 0 0 6 
717 2 5.4507 26.6859 10.1689 0.00175542 -0.00176878 -0.00466572 0.0052895203 0.0 13 17.3485130195 2.3541107411 0 0 1 2 5 5 0 0 0 6 
249 2 8.25141 1.2252 10.1998 -0.00360505 -0.00494397 0.00107236 0.0062120191 0.0 14 18.931476005 2.3327957446 0 0 0 2 8 4 0 0 0 6 
122 1 4.86475 7.41189 13.6921 6.0288e-04 -0.00172442 -0.00100999 0.0020873832 0.0 16 24.4332937518 2.2307370701 0 0 1 1 9 3 2 0 0 7 
855 1 2.67983 2.49795 13.1443 6.19777e-04 0.00506969 0.00371031 0.0063128663 0.0 14 24.0086132342 2.4021677751 0 0 0 1 10 3 0 0 0 6 
779 1 4.62557 4.91245 12.2321 -0.00231755 -0.00127912 -9.28769e-04 0.002805316 0.0 17 24.3889723942 2.5286778674 0 0 3 3 3 3 4 1 0 8 
591 2 5.87638 4.48579 9.13533 -8.01864e-04 0.00183035 0.00204921 0.0028622419 0.0 14 17.2275208582 2.4956651305 0 0 1 3 5 3 2 0 0 7 
390 2 8.2909 3.67336 9.622 -5.84384e-04 -0.00422717 -0.00162746 0.004567176 0.0 14 16.575085136 2.5286778674 0 0 1 3 3 7 0 0 0 6 
657 2 7.01614 26.509 8.25349 -0.00245079 -0.00241717 0.00481465 0.0059186094 0.0 13 13.7427443562 2.0437032656 0 0 0 1 10 2 0 0 0 6 
885 1 8.67735 1.2122 17.7188 8.61522e-04 5.58626e-04 -0.00157689 0.0018817187 0.0 15 23.4082285785 2.4179281607 0 0 0 3 6 6 0 0 0 6 
393 1 0.30725 6.60483 17.5937 5.26378e-04 0.00120786 0.0019178 0.002326791 0.0 13 21.5843308266 2.4528779152 0 0 0 3 7 2 1 0 0 7 
823 1 3.96842 26.1275 14.1061 0.00541653 -0.00241245 -4.16689e-04 0.0059441014 0.0 15 24.3392203004 2.4021677751 0 0 0 3 6 6 0 0 0 6 
813 1 5.45007 6.65368 17.3383 -0.00148993 -0.00122698 -0.00215528 0.0028931995 0.0 12 20.7534459371 2.2647664647 0 0 0 3 6 3 0 0 0 6 
282 1 5.70338 1.65785 12.8138 2.08228e-04 -9.96047e-04 -8.92875e-04 0.0013537704 0.0 18 26.5194109446 2.5286778674 0 0 1 5 2 8 1 1 0 8 
550 2 4.34442 8.02919 9.76967 7.19455e-04 -1.72109e-04 -0.00137757 0.0015636291 0.0 17 22.3575076786 2.2503725517 0 0 1 6 2 4 3 1 0 8 
910 1 7.55475 7.60807 15.2607 8.98904e-04 0.00306187 -0.0052548 0.0061478451 0.0 14 22.5709213862 2.252426226 0 0 1 4 3 4 2 0 0 7 
733 1 1.12599 1.09683 15.312 -0.00129998 0.00383724 6.83437e-04 0.0041087036 0.0 15 23.2736988557 2.2440477988 0 0 3 2 4 2 3 1 0 8 
907 1 1.14361 5.3953 13.526 -0.00147168 -0.00144954 0.00362758 0.0041744874 0.0 17 24.2654394262 2.4152421443 0 0 0 5 4 6 2 0 0 7 
991 1 6.38474 4.78331 14.6024 -0.00142815 -0.00127214 -0.00368289 0.0041498953 0.0 14 23.1947201701 2.3415172297 0 0 0 3 6 5 0 0 0 6 
560 1 4.75668 2.04215 15.6797 -0.00401082 5.71956e-04 -4.18481e-04 0.0040729519 0.0 13 22.1753623361 2.2506865841 0 0 0 1 10 2 0 0 0 6 
95 1 7.13853 6.12309 11.5335 -0.00255731 0.00382627 -1.14245e-04 0.0046036104 0.0 16 24.2734667658 2.5286778674 0 0 1 2 6 6 1 0 0 7 
673 1 9.14273 4.41316 15.995 -0.00343637 -5.65203e-04 -0.00105294 0.003638238 0.0 15 23.7037404208 2.4179281607 0 0 0 2 8 5 0 0 0 6 
57 2 1.34404 8.81774 9.50281 1.60309e-04 -9.86156e-04 -0.00169636 0.0019687153 0.0 14 14.4022646135 2.0233783213 0 0 0 1 10 3 0 0 0 6 
762 1 0.487615 3.97202 16.127 -0.00110774 0.00340376 0.00114794 0.0037590473 0.0 16 24.486074523 2.3733174736 0 0 0 5 5 3 3 0 0 7 
303 2 1.32362 2.05853 9.9772 0.00181983 0.00288362 -0.00165852 0.0037917983 0.0 13 14.8647222779 2.1183819218 0 0 0 1 10 2 0 0 0 6 
7 1 8.88477 3.40686 13.1151 -6.29033e-04 0.00154766 0.00269576 0.0031714438 0.0 15 23.3603349734 2.5275406427 0 0 1 2 6 5 1 0 0 7 
848 2 2.46233 6.42373 10.144 0.00209189 -5.70666e-04 5.3895e-05 0.0021690016 0.0 14 16.6392961624 2.2307370701 0 0 2 4 1 4 3 0 0 7 
436 2 16.7588 9.15045 18.6534 -0.0010783 -9.37778e-04 0.00154963 0.0021079639 0.0 13 15.938729896 2.3218897112 0 0 2 1 5 4 1 0 0 7 
708 1 9.49645 0.185123 13.2846 0.00550085 0.0030403 -0.00136088 0.0064307674 0.0 14 22.1353982444 2.3232069507 0 0 1 1 8 3 1 0 0 7 
818 2 12.7501 3.21107 17.2749 0.00150036 -5.8971e-04 -0.00284631 0.0032711342 0.0 15 17.7489101292 2.4179281607 0 0 0 5 5 2 3 0 0 7 
90 2 13.6272 0.595082 14.9486 7.84206e-04 -0.00149519 1.89084e-06 0.0016883648 0.0 16 21.0888154685 2.3230746473 0 0 2 3 3 6 1 1 0 8 
199 2 12.3338 6.26504 11.9389 3.3716e-04 0.0023256 2.85836e-04 0.0023672335 0.0 14 14.8401287608 2.0762748348 0 0 1 3 4 5 1 0 0 7 
650 2 16.2809 7.10934 13.849 -0.00136196 -0.0014896 0.00231827 0.0030737955 0.0 16 14.6748999263 2.0699139342 0 0 2 3 4 3 4 0 0 7 
100 2 15.2718 3.00163 12.8922 0.00303196 4.05699e-04 7.05515e-04 0.0031392873 0.0 17 15.1496601759 1.9615324045 0 0 2 4 3 5 2 0 1 9 
451 2 15.6004 7.24366 17.2297 -6.87841e-04 0.00151057 7.75488e-04 0.0018320285 0.0 16 13.5345999115 1.9712902916 0 0 1 5 3 3 4 0 0 7 
905 2 16.0985 5.33353 11.8847 0.00264604 -0.00252519 -6.35457e-04 0.0037124005 0.0 14 12.9571366901 2.0699607633 0 0 2 3 3 3 3 0 0 7 
502 2 11.8902 5.49971 14.6644 -5.83111e-04 -8.93288e-04 -0.00231204 0.0025462739 0.0 13 15.7621886652 2.1642095722 0 0 0 4 4 5 0 0 0 6 
695 2 13.2646 5.32192 16.5546 -6.90682e-04 -0.00313077 6.69706e-05 0.0032067503 0.0 15 13.4218187258 2.1977695746 0 0 0 4 5 5 1 0 0 7 
516 2 14.8809 26.6679 12.4627 7.77484e-04 -0.00388875 0.00176229 0.0043396456 0.0 12 16.1813983895 2.2719858651 0 0 0 2 8 2 0 0 0 6 
355 2 17.6769 7.66457 10.4407 4.73812e-04 -7.65985e-04 -8.27774e-04 0.0012232909 0.0 15 15.1511899812 2.0699607633 0 0 1 4 5 1 4 0 0 7 
584 2 14.8301 2.3647 16.6185 0.00148318 0.00136608 0.00365835 0.0041772625 0.0 13 15.1983009864 2.0975066877 0 0 2 2 3 5 1 0 0 7 
381 2 11.9488 7.94705 14.1043 0.00275176 1.67114e-04 3.04942e-04 0.0027736438 0.0 13 14.2528124063 2.2312229526 0 0 2 2 4 3 2 0 0 7 
884 2 17.1642 0.602511 11.2692 -8.42192e-04 -0.00116084 -0.00191448 0.002392085 0.0 14 15.8255375578 2.1712303664 0 0 0 2 8 4 0 0 0 6 
488 2 14.3709 6.75007 10.7878 -6.23549e-04 -0.00393898 -0.00105669 0.0041256479 0.0 15 12.835251503 2.0699607633 0 0 2 3 4 2 4 0 0 7 
731 1 11.3898 26.7025 17.5355 9.41274e-04 0.0044826 -0.00286318 0.0054016201 0.0 13 21.9650785799 2.2897517509 0 0 0 4 4 5 0 0 0 6 
398 2 16.9006 9.84641 9.63748 -0.00219859 -3.19983e-04 0.00310357 0.0038168487 0.0 14 13.1537276655 1.9139397253 0 0 0 2 8 4 0 0 0 6 
498 2 19.0166 9.39582 11.6249 0.00179539 0.00446904 1.58091e-04 0.0048187899 0.0 13 12.2301634024 1.8962969612 0 0 0 2 8 3 0 0 0 6 
99 2 13.4843 3.39803 14.7208 0.00203106 -0.0013806 -2.94914e-04 0.0024735067 0.0 12 14.2970444953 2.0608872974 0 0 1 2 6 2 1 0 0 7 
250 2 14.3635 5.37621 13.6738 0.00216409 -0.00432277 0.00275944 0.0055663395 0.0 15 13.4265990296 1.8763799873 0 0 1 3 5 4 2 0 0 7 
888 2 16.3095 0.966687 14.3242 0.00261404 0.00273262 0.00362031 0.0052351754 0.0 15 17.6795357817 2.1204220883 0 0 3 2 3 5 1 0 1 9 
969 2 16.7734 3.52248 10.4992 0.00562888 -0.0020647 -0.00163642 0.0062149132 0.0 14 12.7608802986 1.8430965197 0 0 0 1 10 3 0 0 0 6 
410 1 10.5939 2.02118 14.9752 4.0569e-04 -0.0028299 -5.48492e-04 0.0029109727 0.0 16 23.3612319678 2.3893109 0 0 1 2 7 4 2 0 0 7 
401 2 11.9899 3.91757 12.529 -0.00466601 -0.00148221 4.71047e-04 0.004918382 0.0 13 15.2062587683 2.0858458307 0 0 0 2 8 3 0 0 0 6 
986 2 14.155 4.2332 11.0976 -0.00139544 -6.34093e-05 4.13842e-04 0.0014568935 0.0 15 13.2793476057 2.0113105671 0 0 2 1 8 2 1 0 1 9 
195 2 13.8572 7.38842 15.0569 0.00213062 0.00254812 -0.00177116 0.003764235 0.0 16 12.8065394863 1.9630396486 0 0 2 3 4 3 4 0 0 7 
471 2 12.4659 6.83974 9.34491 9.77968e-04 0.00262395 -0.00132443 0.0030976846 0.0 14 14.8482867078 2.1186481543 0 0 1 3 4 5 1 0 0 7 
700 2 18.4464 5.62865 9.56046 -0.00428322 -7.72008e-04 -8.12349e-04 0.0044274011 0.0 16 13.0979994023 1.8605690848 0 0 1 3 5 5 2 0 0 7 
582 2 15.6774 4.39655 15.6159 0.0015806 0.00169237 -9.41862e-04 0.0024999033 0.0 15 13.064185356 1.9630396486 0 0 1 3 5 4 2 0 0 7 
819 2 14.7835 1.4555 10.8457 0.00185361 4.26645e-04 -0.00108162 0.0021881037 0.0 14 13.2320282876 1.9777285857 0 0 1 2 6 4 1 0 0 7 
668 2 12.4402 3.98828 9.61457 -8.08035e-04 -0.00341346 2.01031e-04 0.0035135514 0.0 15 13.6488826158 2.0113105671 0 0 2 2 6 3 1 0 1 9 
103 2 16.7049 8.59568 15.9128 -0.00138232 0.00130953 6.1182e-04 0.0020000003 0.0 12 13.1944488692 2.0217146508 0 0 0 3 6 3 0 0 0 6 
334 2 12.8587 1.606 12.7513 -0.00375884 -3.65876e-04 8.45092e-04 0.0038700031 0.0 14 16.4097853868 2.3232069507 0 0 1 3 5 3 2 0 0 7 
625 2 10.7449 1.94967 11.0306 -0.00167206 0.00276943 0.00301921 0.00442506 0.0 14 16.4914835289 2.0291795507 0 0 0 4 4 6 0 0 0 6 
322 2 10.8618 7.12011 16.2259 0.00237084 0.00261361 -8.7569e-04 0.0036357492 0.0 14 18.0959009602 2.2220961543 0 0 2 2 6 2 0 2 0 8 
330 2 17.7321 3.4831 15.8043 -0.00195141 0.00531676 -4.84721e-04 0.0056842671 0.0 15 13.6150559421 2.2947152625 0 0 1 4 4 3 3 0 0 7 
686 2 15.9976 5.56695 9.46573 -0.00102974 -0.00245769 -0.00263541 0.0037477981 0.0 12 12.4547635809 1.8969531015 0 0 0 2 8 2 0 0 0 6 
959 2 17.4484 4.80616 17.9244 -0.0040688 3.8364e-04 -0.00164619 0.004405934 0.0 13 12.7766714259 2.1587213085 0 0 1 2 5 5 0 0 0 6 
391 2 16.9143 1.7759 8.84711 2.26979e-04 -0.00100966 -0.00324583 0.0034068086 0.0 12 12.0367703855 1.8461831287 0 0 0 0 12 0 0 0 0 5 
984 2 14.8222 0.37853 8.31902 0.00216127 2.89143e-05 -0.00194524 0.0029079001 0.0 15 14.5238247071 2.0825661716 0 0 0 3 7 4 1 0 0 7 
528 2 18.4204 1.46111 14.953 8.26167e-04 -0.00264105 -0.00335507 0.0043490449 0.0 13 17.8545871629 2.498158534 0 0 0 2 8 3 0 0 0 6 
223 1 9.36817 6.31479 13.3761 8.71434e-05 -0.00389271 1.69913e-04 0.0038973909 0.0 16 22.1061522946 2.2312229526 0 0 0 5 3 7 1 0 0 7 
949 2 14.941 4.37169 17.9199 0.00507312 -2.84007e-04 2.24491e-04 0.0050860203 0.0 14 13.1248468308 2.0165712081 0 0 2 2 5 3 1 1 0 8 
161 2 10.4828 4.50862 10.8227 2.1988e-04 1.5317e-04 -0.00200349 0.0020213314 0.0 13 16.6840370044 2.1174230118 0 0 0 3 6 4 0 0 0 6 
497 2 18.1722 7.75811 7.56634 0.00111048 0.00362481 4.77739e-04 0.0038210794 0.0 15 14.0095104257 1.9410684348 0 0 0 4 4 7 0 0 0 6 
146 2 12.6263 1.13229 9.73613 -2.11472e-04 -0.00172009 -2.08309e-04 0.001745515 0.0 15 14.6906290868 2.0113105671 0 0 1 3 5 4 2 0 0 7 
654 1 18.6463 26.5712 19.0838 -8.38867e-04 -0.00231259 -1.14009e-04 0.0024626751 0.0 12 22.1073023433 2.498158534 0 0 0 2 8 2 0 0 0 6 
193 2 18.5703 7.99992 17.2363 0.00139741 0.00176439 0.00102193 0.0024718753 0.0 15 14.0402247141 2.0498294895 0 0 0 6 3 3 3 0 0 7 
317 2 21.281 1.51659 11.1769 0.00349184 0.00134204 0.00393314 0.0054280391 0.0 14 19.2797458814 2.2782446146 0 0 0 3 6 5 0 0 0 6 
306 2 19.1922 5.77019 14.5925 0.00135743 0.00194064 0.00342641 0.0041652113 0.0 13 12.0223747856 1.8952280259 0 0 1 4 3 3 2 0 0 7 
646 2 19.2707 5.55832 16.8728 0.00197274 -0.0017427 0.00227209 0.0034772258 0.0 12 12.9310992137 2.154137833 0 0 0 2 8 2 0 0 0 6 
329 2 19.0744 2.80274 9.948 -0.00276269 6.78548e-04 -1.73715e-04 0.0028500983 0.0 15 13.5196151877 2.0254366693 0 0 0 2 8 5 0 0 0 6 
434 2 20.7129 4.24537 13.1834 0.00469211 0.00136369 -0.00422601 0.0064602405 0.0 17 14.2409568872 2.0533382006 0 0 2 5 2 4 2 2 0 8 
696 2 17.2675 4.68801 13.8067 -0.00217879 -0.00148324 -0.00233962 0.0035243366 0.0 15 12.6234271776 1.9677362742 0 0 1 6 1 3 4 0 0 7 
227 2 22.8051 5.44565 10.7026 -0.00180143 8.84253e-04 -6.85222e-04 0.0021205147 0.0 13 12.5459443693 1.8748836515 0 0 1 2 6 3 1 0 0 7 
752 2 23.7294 5.66119 13.9995 3.01248e-04 -8.4302e-04 0.00313021 0.00325571 0.0 14 16.0293728503 2.3715494439 0 0 1 2 6 4 1 0 0 7 
211 2 25.4892 7.46154 13.3692 2.14347e-04 4.16332e-04 0.00138335 0.0014604568 0.0 14 18.6007642958 2.4152421443 0 0 0 4 6 2 2 0 0 7 
443 2 20.2341 7.78235 15.6108 8.393e-04 3.79111e-04 0.00143575 0.0017057338 0.0 16 14.2666760118 1.9939103998 0 0 0 4 7 2 3 0 0 7 
527 2 24.3664 6.00296 16.2826 1.52204e-04 0.00319093 -8.50991e-04 0.0033059622 0.0 15 20.7185099031 2.4152421443 0 0 0 3 7 4 1 0 0 7 
658 2 20.8409 9.41864 18.1946 -6.31477e-04 -0.00153941 0.0032001 0.003606825 0.0 15 19.0194628228 2.2839893633 0 0 1 3 6 2 3 0 0 7 
747 2 22.9212 7.71441 16.8725 0.00387624 7.68477e-04 -7.25836e-04 0.0040177894 0.0 13 15.6966755947 2.1706031139 0 0 1 3 5 2 2 0 0 7 
872 2 23.3938 0.966427 9.41276 0.00285853 -0.00110168 0.00102413 0.0032301292 0.0 15 18.6063051739 2.1553821745 0 0 0 4 5 5 1 0 0 7 
305 2 22.7722 3.65628 12.3918 9.09952e-04 -0.00327016 2.60465e-04 0.0034043797 0.0 13 16.6498281049 2.1576598399 0 0 2 3 3 3 1 1 0 8 
972 2 19.3573 6.81403 12.5911 0.00597223 -0.00603788 3.20932e-05 0.0084926177 0.0 15 13.1716449569 1.9951977467 0 0 1 5 3 2 4 0 0 7 
783 2 21.8829 5.56351 15.3739 0.00152077 -0.0022725 -0.00227513 0.0035571357 0.0 14 15.581070884 2.0533382006 0 0 1 1 7 5 0 0 0 6 
778 2 23.0715 8.07913 14.4365 -0.00171686 -5.7039e-04 2.14068e-05 0.0018092571 0.0 16 15.6401479236 2.0276064753 0 0 1 0 10 4 1 0 0 7 
348 1 21.9892 0.883057 16.867 5.34896e-04 -4.20489e-04 -3.00454e-04 7.4377236844e-04 0.0 15 24.8783272422 2.498158534 0 0 1 2 7 3 2 0 0 7 
876 2 20.8331 1.70776 13.8173 5.19831e-04 -5.82109e-04 -0.00295359 0.0030549581 0.0 13 19.4111748195 2.2349626833 0 0 0 3 6 4 0 0 0 6 
416 2 19.3475 0.167031 12.3709 -0.00148627 -0.00300119 0.00460387 0.0056931326 0.0 15 19.9677883616 2.2782446146 0 0 0 4 4 7 0 0 0 6 
606 2 25.0832 5.17396 11.7591 -2.07355e-04 0.00299096 0.00288691 0.0041621013 0.0 11 14.9058573842 2.2537080803 0 0 0 2 8 1 0 0 0 6 
88 1 26.3502 2.74237 12.968 0.00346223 -0.0010841 2.34118e-04 0.0036355358 0.0 16 25.1421921286 2.3715494439 0 0 0 2 8 6 0 0 0 6 
89 2 20.1575 3.62462 15.4588 -0.0017595 -8.37725e-04 -0.00155206 0.0024912876 0.0 13 17.2693792698 2.378870562 0 0 0 1 10 2 0 0 0 6 
87 2 23.9574 3.58059 10.3313 -0.00256474 -2.81834e-04 0.00549006 0.0060661421 0.0 14 14.5972629225 2.127847896 0 0 0 2 8 4 0 0 0 6 
649 2 21.7839 6.38597 12.7004 -0.00148493 9.20811e-04 -5.98317e-04 0.0018468604 0.0 14 13.7561030597 1.9078063604 0 0 2 3 3 4 1 1 0 8 
726 2 26.4455 4.27544 10.0494 -0.00346252 8.16778e-04 1.64429e-04 0.0035613492 0.0 15 13.5523433686 2.0611589181 0 0 0 4 5 5 1 0 0 7 
651 1 23.9603 0.699791 13.0832 5.45841e-05 0.00351615 3.35227e-04 0.0035325157 0.0 14 24.1319928381 2.2384060098 0 0 0 1 10 3 0 0 0 6 
922 1 23.7107 2.72906 15.3871 -0.00271113 0.00310945 8.31348e-04 0.0042083304 0.0 15 23.3271240339 2.361885389 0 0 0 2 8 5 0 0 0 6 
184 2 21.0761 6.65425 17.8425 0.0028773 -0.00106644 -0.00224958 0.0038048337 0.0 13 16.3348983813 2.2071985273 0 0 0 3 6 4 0 0 0 6 
577 2 21.1985 10.2499 15.2937 -0.00786962 -3.04635e-04 -8.7131e-04 0.0079235663 0.0 15 14.0888107215 1.9939103998 0 0 1 4 3 5 2 0 0 7 
977 2 24.2842 7.69079 11.2771 0.00192601 -1.12638e-04 -0.00501348 0.0053718883 0.0 14 13.8390586056 1.919248216 0 0 0 1 10 3 0 0 0 6 
599 1 22.3101 3.85122 17.9167 0.00224825 -0.00154196 -0.0017566 0.0032431331 0.0 14 21.7384806329 2.3337046395 0 0 2 2 5 2 3 0 0 7 
736 2 21.043 4.02453 10.049 -0.00143911 1.49444e-05 0.00270513 0.0030641458 0.0 16 15.4096243711 2.0097609991 0 0 1 4 3 6 2 0 0 7 
643 2 20.3834 6.42707 10.3285 0.00255411 -0.00254711 0.00262527 0.0044613103 0.0 14 13.0042970099 1.8753755404 0 0 0 5 4 3 2 0 0 7 
665 2 25.8529 1.58365 10.1865 0.00233048 -7.28801e-04 -0.00328989 0.0040970311 0.0 12 17.3999381832 2.2126465254 0 0 0 2 8 2 0 0 0 6 
364 2 0.0614464 6.77206 10.8077 -3.8048e-05 -0.00297019 -1.0968e-04 0.0029724579 0.0 13 15.1876803473 1.9977529939 0 0 1 0 9 3 0 0 0 6 
351 2 25.0173 6.18861 9.36031 0.002672 -0.00294861 -0.00304386 0.0050098871 0.0 14 14.3752370345 2.0336318543 0 0 0 1 10 3 0 0 0 6 
83 2 18.2725 2.4595 12.5289 -2.67835e-04 -0.00197139 1.01244e-04 0.0019920754 0.0 14 15.1103667526 2.0254366693 0 0 0 4 5 4 1 0 0 7 
812 2 18.6702 4.62512 11.9356 -0.00141382 -2.24514e-05 -6.07845e-04 0.0015391123 0.0 12 12.8910578066 1.9986246588 0 0 2 3 3 1 3 0 0 7 
964 2 17.3691 6.1176 15.8951 -0.00225174 -8.31326e-04 -0.00452498 0.0051221948 0.0 14 11.7023594529 1.9630396486 0 0 2 3 3 3 3 0 0 7 
68 1 25.1536 0.346089 15.6305 0.00277053 0.0014872 -1.33793e-04 0.0031473006 0.0 16 22.0278690051 2.2925737974 0 0 1 4 5 3 2 1 0 8 
675 1 26.1711 8.87119 16.0359 0.00202524 0.00131757 -0.00581058 0.0062928871 0.0 16 22.731222388 2.3522194554 0 0 0 4 6 4 2 0 0 7 
681 2 25.4963 8.56347 8.81091 6.90249e-04 0.00266386 0.00202919 0.0034190943 0.0 12 13.6180500218 1.9057892347 0 0 0 0 12 0 0 0 0 5 
682 2 21.6523 8.51808 11.2018 0.0014663 0.00450738 -0.00295648 0.005586348 0.0 15 13.6864954227 1.9269558264 0 0 0 4 4 7 0 0 0 6 
967 1 7.26073 8.94603 12.334 0.00318505 2.88586e-04 2.08458e-04 0.0032048838 0.0 14 22.2045124294 2.2639510341 0 0 2 3 2 5 2 0 0 7 
614 1 7.13987 8.96668 9.47219 -0.00116774 2.23376e-04 0.00188076 0.002225033 0.0 15 22.6986950544 2.2503725517 0 0 3 1 6 2 1 2 0 8 
801 1 6.55746 10.3516 14.801 0.00236811 0.00128412 0.00249234 0.0036699684 0.0 14 21.4548815944 2.2984633375 0 0 1 3 4 5 1 0 0 7 
832 1 1.62099 12.0415 16.6104 -0.00102649 5.90012e-04 0.00139782 0.0018318561 0.0 13 20.1686604627 2.0826383615 0 0 0 3 6 4 0 0 0 6 
205 2 1.2304 11.0138 10.9081 -1.17633e-05 0.00208857 -0.00209691 0.0029596105 0.0 14 17.2128287285 2.1755138673 0 0 0 2 8 4 0 0 0 6 
8 1 2.70285 10.1846 14.679 -0.00635962 6.644e-04 0.00102108 0.006475245 0.0 14 20.2776581665 2.2726243791 0 0 0 3 6 5 0 0 0 6 
174 1 2.79968 15.4422 12.2619 -8.67299e-05 0.00366725 6.79298e-04 0.0037306421 0.0 15 22.2546249103 2.23656855 0 0 1 0 10 3 1 0 0 7 
20 1 2.52217 12.7197 13.1137 -0.00476839 -6.11542e-04 -4.40924e-05 0.0048076471 0.0 13 20.7536143499 2.1628473736 0 0 0 3 6 4 0 0 0 6 
817 1 7.84589 11.8714 12.5215 0.00127112 -0.00166891 0.00109448 0.002366198 0.0 13 20.9245461867 2.3389123827 0 0 1 3 4 4 1 0 0 7 
580 1 4.50146 8.9875 16.5146 -5.21489e-04 -0.00114756 0.00181346 0.0022085022 0.0 13 20.0129553102 2.1838566409 0 0 0 4 4 5 0 0 0 6 
352 1 7.76996 15.9654 15.0121 0.00397358 -8.1573e-04 -6.27707e-04 0.0041047253 0.0 13 21.7359548258 2.2166938581 0 0 0 2 8 3 0 0 0 6 
983 1 8.24834 14.7072 12.1207 -5.36055e-04 0.00133576 -6.37941e-04 0.0015743502 0.0 15 24.7299724108 2.4408247762 0 0 0 2 9 3 1 0 0 7 
136 2 3.0709 12.8359 10.0045 1.36468e-04 0.00117436 3.99484e-04 0.0012479312 0.0 14 20.0500140722 2.1423754952 0 0 0 0 12 2 0 0 0 6 
981 1 5.66984 16.446 13.0157 -0.00358466 0.00226823 -0.00250148 0.0049246377 0.0 12 19.8220710425 2.0720203122 0 0 0 0 12 0 0 0 0 5 
611 1 -0.0108095 16.6998 11.1722 -0.00167378 -0.00437645 0.00227139 0.0052071169 0.0 17 23.699649913 2.23656855 0 0 0 5 3 8 1 0 0 7 
446 1 0.0702787 14.7359 17.691 0.00188183 -0.00124912 -0.00131557 0.0026138687 0.0 14 20.6328525108 2.2780529814 0 0 0 2 8 4 0 0 0 6 
709 1 2.04332 16.7335 17.066 -0.00189685 -7.48372e-04 4.73164e-06 0.0020391476 0.0 14 20.8443978835 2.2043769733 0 0 0 4 4 6 0 0 0 6 
80 1 2.10337 14.4757 15.1634 7.85288e-04 5.94461e-04 0.0037993 0.0039248875 0.0 14 20.6835493454 2.0797091059 0 0 0 3 6 5 0 0 0 6 
114 1 4.85989 15.0992 15.3015 0.00246921 -0.00214976 -0.00189201 0.0037812918 0.0 15 22.4154604611 2.253560231 0 0 0 4 4 7 0 0 0 6 
296 1 5.20394 15.3605 10.4801 -0.00314468 0.00244254 4.24666e-04 0.004004417 0.0 13 22.317437388 2.4408247762 0 0 1 0 9 3 0 0 0 6 
350 1 5.52729 13.2682 13.0368 -9.0313e-04 0.00154187 -0.00229857 0.0029114311 0.0 14 22.2530349079 2.2322989417 0 0 0 2 8 4 0 0 0 6 
431 1 6.01795 11.7041 10.219 -0.00222087 -9.30684e-04 -0.0019452 0.0030955192 0.0 16 24.9635451634 2.4408247762 0 0 2 3 4 4 2 1 0 8 
698 1 4.71171 10.3849 12.4896 0.00196838 -0.00170032 -0.00137867 0.0029438646 0.0 15 23.285067685 2.1960968539 0 0 1 2 6 5 1 0 0 7 
405 1 4.41573 12.2299 15.5539 -0.0023756 0.00220333 -0.00277491 0.0042659423 0.0 13 20.4496463671 2.1650258216 0 0 0 4 4 5 0 0 0 6 
412 2 3.20984 10.1101 9.37056 -0.00412275 -7.26992e-05 0.00348983 0.0054019687 0.0 12 16.806581164 2.2067895048 0 0 1 3 5 1 2 0 0 7 
319 1 6.56765 12.088 17.5246 -0.0014641 -3.23402e-04 6.64855e-05 0.0015008657 0.0 14 22.323448225 2.2330278589 0 0 0 4 4 6 0 0 0 6 
208 1 6.87275 18.6051 15.2337 -3.07004e-04 -0.00157488 2.95482e-04 0.0016315049 0.0 13 20.3736468164 2.1601918995 0 0 0 3 6 4 0 0 0 6 
954 1 1.28882 17.3208 13.7209 -8.06285e-04 0.00323887 5.62117e-05 0.0033381932 0.0 12 19.9120229937 2.0560384747 0 0 0 3 6 3 0 0 0 6 
558 2 1.48387 11.0379 8.2848 -9.59893e-04 0.00292298 0.00342818 0.0046062593 0.0 12 12.4660576547 2.079549117 0 0 0 0 12 0 0 0 0 5 
780 1 9.38474 7.76322 10.6459 0.00250121 -0.00172548 -0.0024219 0.0038857345 0.0 15 22.53720265 2.187582088 0 0 0 3 6 6 0 0 0 6 
439 1 25.8211 16.1381 15.0248 -3.23527e-04 -0.00184183 -0.00246282 0.0030923276 0.0 15 22.4930033074 2.2227332481 0 0 0 2 9 3 1 0 0 7 
321 2 12.2469 8.57527 11.465 9.8948e-05 -7.73917e-04 -0.00144336 0.0016407396 0.0 13 13.9268187334 2.1157337644 0 0 0 3 6 4 0 0 0 6 
78 1 13.6856 17.849 11.2822 7.51769e-04 0.00180947 -0.00178954 0.0026536375 0.0 16 23.6826882825 2.3128793974 0 0 0 4 6 4 2 0 0 7 
171 2 13.2066 9.70202 15.2985 7.52597e-04 0.00269508 0.00129707 0.0030841934 0.0 14 14.2361611034 2.2134355382 0 0 1 3 4 5 1 0 0 7 
533 1 9.49174 9.70838 16.1191 7.54279e-04 -0.00239524 -5.86648e-04 0.0025788112 0.0 20 24.9665264667 2.3389123827 0 0 2 6 1 7 2 1 1 9 
176 2 12.769 10.4637 12.862 0.00441648 -8.39904e-05 -0.00259608 0.0051236687 0.0 13 16.5266091644 2.0990613588 0 0 0 4 4 5 0 0 0 6 
860 2 12.2351 12.2285 15.4245 2.2165e-04 0.0010272 0.00213502 0.0023796174 0.0 15 20.81662926 2.3256810751 0 0 2 3 3 5 1 1 0 8 
834 1 16.7751 16.8592 13.1863 -8.30514e-05 1.82496e-04 -0.00393746 0.0039425618 0.0 15 21.941800928 2.3128793974 0 0 1 4 2 7 1 0 0 7 
990 2 14.1516 11.6791 17.5589 -7.04763e-04 -6.54653e-04 0.00400779 0.0041216067 0.0 14 16.5165028527 2.1844991104 0 0 2 3 2 5 2 0 0 7 
180 2 14.4832 12.0563 14.9572 0.00134787 -0.00489805 -0.00281941 0.0058100534 0.0 14 15.043349136 2.1597654177 0 0 1 1 7 5 0 0 0 6 
659 2 10.5036 9.55979 12.8834 0.00266103 -2.8291e-04 0.00465565 0.0053699344 0.0 15 21.968261533 2.3389123827 0 0 2 4 2 5 1 0 1 9 
970 2 14.2221 8.13708 12.7599 -0.00184823 -3.0256e-04 3.92721e-05 0.0018732429 0.0 14 12.6552692239 2.0332688511 0 0 1 2 6 4 1 0 0 7 
316 2 18.7302 10.5342 17.8354 -4.88902e-04 -0.00173833 -2.28795e-04 0.0018202097 0.0 14 14.7987895505 2.1872127092 0 0 0 4 5 4 1 0 0 7 
677 1 10.3064 12.7717 13.0803 -4.20345e-04 -5.52485e-04 -0.00103427 0.00124565 0.0 13 22.7104656243 2.3389123827 0 0 0 3 6 4 0 0 0 6 
960 2 16.1356 13.3247 15.9758 -0.00211971 -3.52105e-04 -0.00355966 0.0041579235 0.0 13 16.112255334 2.264097642 0 0 2 1 5 4 1 0 0 7 
438 2 15.3391 11.2956 12.0728 4.70764e-04 -0.0024952 0.00107637 0.0027579366 0.0 14 14.8974548894 2.229232949 0 0 1 3 4 5 1 0 0 7 
512 1 13.0585 13.6027 12.7241 -0.001096 -5.35134e-04 1.67655e-04 0.0012311347 0.0 13 20.0765452934 2.2398388116 0 0 0 2 8 3 0 0 0 6 
131 1 11.0565 15.1641 14.7671 -5.34517e-04 -0.0043742 -5.76175e-04 0.0044442448 0.0 14 23.1417750887 2.4016812261 0 0 1 2 6 4 1 0 0 7 
950 1 13.9317 16.1905 13.9187 0.00168545 -0.00173503 -0.00159575 0.0028978421 0.0 16 22.6595715476 2.4164922121 0 0 3 1 4 5 3 0 0 7 
465 2 14.2864 9.50316 10.6635 -0.00230885 -0.00187784 0.00399642 0.0049828149 0.0 13 13.6708554509 2.0065615344 0 0 0 3 6 4 0 0 0 6 
563 2 14.6256 9.48477 17.1493 -3.97529e-04 5.15995e-04 0.0027222 0.002799045 0.0 14 12.1746458498 1.9809572792 0 0 1 4 4 3 1 1 0 8 
323 2 16.5518 9.40158 11.9848 -0.00368216 -0.00224261 0.00340957 0.0054966144 0.0 15 13.7284235281 2.0699607633 0 0 1 2 6 5 1 0 0 7 
380 1 10.2016 15.6083 17.4654 1.73231e-04 -2.63544e-04 0.0023933 0.0024139903 0.0 15 23.2604311694 2.2993026043 0 0 1 2 7 3 2 0 0 7 
858 1 11.3004 15.8311 12.0016 -1.94618e-04 -9.88475e-04 0.00139591 0.0017214888 0.0 14 24.7375159892 2.4164922121 0 0 0 1 10 3 0 0 0 6 
841 1 16.7737 14.9683 10.515 6.15168e-04 5.1039e-04 -0.00340289 0.00349551 0.0 15 22.5967062543 2.3128793974 0 0 1 1 7 6 0 0 0 6 
742 2 16.9648 11.8034 13.9887 5.32883e-04 6.91795e-04 -0.00290549 0.0030338782 0.0 14 13.9050516428 2.032070097 0 0 0 4 5 4 1 0 0 7 
509 1 9.57531 11.0684 9.88868 -5.67856e-04 0.00357443 -0.00244659 0.0043686168 0.0 14 22.4977367653 2.2614853684 0 0 0 4 4 6 0 0 0 6 
753 2 15.3054 9.78618 14.151 -9.80724e-04 0.00102123 -0.00112112 0.0018060012 0.0 14 13.8156645277 2.032070097 0 0 0 2 8 4 0 0 0 6 
151 2 16.0556 13.9176 13.6246 0.00481927 -0.00399813 8.75001e-04 0.0063226603 0.0 15 18.9422077694 2.2823425906 0 0 1 3 4 6 1 0 0 7 
382 1 11.9844 12.2355 10.4588 -3.17473e-04 -2.38958e-04 -7.78557e-04 8.740944078e-04 0.0 17 22.4767949626 2.2259494605 0 0 0 2 8 7 0 0 0 6 
44 2 17.8191 11.7162 11.3133 -0.00179008 -0.00113421 0.00357638 0.0041570798 0.0 14 15.3948739899 2.1544452988 0 0 0 3 6 5 0 0 0 6 
548 2 16.4569 11.34 17.5417 0.00104881 -9.15386e-04 -0.00196474 0.0024079321 0.0 15 15.4469664476 2.1760942964 0 0 1 2 6 5 1 0 0 7 
55 1 13.7313 14.9633 10.5619 -0.00154311 -9.95608e-04 0.00284432 0.0033856432 0.0 15 22.7290151101 2.2823425906 0 0 0 2 9 3 1 0 0 7 
356 2 14.9528 12.1164 9.92672 -0.00151221 3.27311e-04 0.00406347 0.0043480685 0.0 14 17.6522141244 2.2461923319 0 0 0 5 3 5 1 0 0 7 
535 1 9.41402 14.1197 9.34186 0.00338875 -3.06975e-04 0.00254979 0.0042519747 0.0 15 24.8679455518 2.4408247762 0 0 1 2 7 3 2 0 0 7 
758 2 18.4136 8.53467 13.8246 -3.12314e-04 0.00260833 0.00441006 0.0051331817 0.0 16 13.7807831414 1.9636507543 0 0 1 4 5 3 2 1 0 8 
773 1 7.97031 12.952 15.1313 -0.00262323 -8.12429e-04 6.72659e-04 0.0028273391 0.0 15 24.1643154218 2.3352264768 0 0 0 3 6 6 0 0 0 6 
331 2 18.118 14.8725 15.3585 -0.00201984 -1.16346e-04 -0.00141776 0.0024704925 0.0 13 16.4918830102 2.2357017668 0 0 1 2 6 3 1 0 0 7 
590 2 12.0551 9.12701 8.93687 0.0027288 5.98056e-04 -0.00113022 0.0030135391 0.0 13 19.4163479246 2.195792119 0 0 0 1 10 2 0 0 0 6 
926 1 11.6756 15.7967 8.67167 0.00158284 -0.00150422 0.00104959 0.0024227463 0.0 12 21.888833785 2.2915562467 0 0 0 3 6 3 0 0 0 6 
81 2 20.6598 8.72655 13.4399 0.00190518 -0.00205754 5.14539e-04 0.0028509528 0.0 12 12.351734056 1.8989433606 0 0 1 2 5 4 0 0 0 6 
6 2 24.5282 9.4815 12.9942 -0.00215458 0.00381775 -3.14622e-04 0.0043950446 0.0 13 14.4199773057 2.1625616329 0 0 1 3 4 4 1 0 0 7 
980 1 17.3082 16.2452 18.0797 -5.6128e-05 0.00295467 0.00120986 0.003193272 0.0 14 20.2182249042 2.264097642 0 0 0 2 9 2 1 0 0 7 
404 1 26.7176 14.168 13.0493 -1.78588e-04 6.41485e-04 -0.00179092 0.0019107044 0.0 15 22.3186708939 2.2138536586 0 0 0 3 6 6 0 0 0 6 
751 2 23.8366 12.6703 13.0448 -0.00392773 0.00212237 0.00301685 0.0053882187 0.0 14 15.88536681 2.2055096576 0 0 0 2 8 4 0 0 0 6 
118 2 24.6743 13.1855 9.95441 -0.00108477 6.06704e-04 -0.00277097 0.0030369541 0.0 17 15.8837503296 2.2138536586 0 0 0 4 7 3 3 0 0 7 
203 2 22.5778 14.6793 13.6008 -0.00265961 3.0915e-04 -0.00151197 0.0030749231 0.0 13 16.2550160841 2.2227332481 0 0 0 3 7 2 1 0 0 7 
941 2 19.7402 13.19 10.8649 -0.00170983 -7.40164e-04 0.0021305 0.0028302635 0.0 15 16.294077921 2.188399961 0 0 1 4 3 5 2 0 0 7 
862 2 22.1685 12.2233 15.0195 5.95563e-05 0.00145006 0.0031011 0.0034238928 0.0 13 14.3599411784 2.1073860289 0 0 0 2 8 3 0 0 0 6 
763 1 25.55 13.3431 15.7052 -6.92332e-04 -0.00261356 0.00362734 0.0045241148 0.0 14 22.3307222332 2.2227332481 0 0 0 2 8 4 0 0 0 6 
705 1 23.8754 17.7857 15.9224 0.00429392 -0.00179625 -0.0020422 0.0050827988 0.0 14 22.6831652015 2.3121699669 0 0 1 3 6 1 3 0 0 7 
375 2 18.3865 10.5966 15.4379 0.00283279 0.00420038 -3.96922e-05 0.0050665044 0.0 16 15.0172990979 2.032070097 0 0 2 5 2 2 4 1 0 8 
347 2 21.8983 14.8607 16.0037 -0.0023587 -0.00616718 -0.00126101 0.0067221813 0.0 15 19.1612739473 2.3346160897 0 0 1 4 5 1 4 0 0 7 
916 2 22.7981 12.0615 10.9992 0.00205109 0.00371274 0.00201781 0.0046971231 0.0 13 11.9568949355 1.860978685 0 0 3 1 4 3 1 1 0 8 
75 2 25.9959 10.7317 9.20715 9.31637e-04 3.06336e-04 0.00404466 0.0041618582 0.0 13 12.5901615752 1.8443041633 0 0 0 1 10 2 0 0 0 6 
529 2 20.3572 12.0861 17.2414 -1.50043e-04 -0.00323699 0.00206392 0.0038419244 0.0 14 17.4403536769 2.1684898868 0 0 0 2 8 4 0 0 0 6 
69 2 19.5815 11.1389 13.1882 8.01403e-04 0.00305668 0.00165163 0.0035655885 0.0 15 13.5692914599 1.9475042137 0 0 0 3 6 6 0 0 0 6 
429 2 21.5473 12.7887 9.22734 -0.00219932 -0.00155208 -0.00148129 0.0030724877 0.0 14 14.0518795831 2.0722274601 0 0 3 2 4 1 3 1 0 8 
755 2 25.448 11.4419 11.4196 -0.0047134 0.00624489 0.00324382 0.0084697792 0.0 12 14.5983013153 2.0771391032 0 0 1 1 7 3 0 0 0 6 
974 1 0.115269 11.2706 14.1267 0.00111354 -0.00144875 -0.00254426 0.0031324283 0.0 16 22.2305984352 2.3191009052 0 0 0 3 7 5 1 0 0 7 
559 2 26.3282 9.12251 11.1791 -3.84709e-04 -2.65079e-04 -0.00173325 0.001795111 0.0 12 14.1009279351 2.2644747943 0 0 0 0 12 0 0 0 0 5 
346 2 18.5614 13.5084 13.2689 0.0010646 -0.00418794 0.00150927 0.0045771291 0.0 14 14.8488094342 2.0649533348 0 0 0 4 5 4 1 0 0 7 
181 1 19.0207 15.9953 11.5877 1.95424e-04 0.00283926 -0.00383152 0.0047728538 0.0 14 21.212974317 2.298217934 0 0 1 3 4 5 1 0 0 7 
538 2 18.2226 12.818 16.7711 0.00141895 -5.09573e-04 9.96417e-04 0.0018071886 0.0 14 14.8819658701 2.1673901127 0 0 1 3 5 3 2 0 0 7 
396 1 21.1815 16.3922 9.51515 -0.00276363 1.54125e-04 -0.00390512 0.004786582 0.0 18 22.2444887037 2.4639698332 0 0 1 4 6 3 3 1 0 8 
633 2 0.401582 13.2055 9.89504 0.00416532 -0.002349 -0.00177967 0.0051024423 0.0 15 17.5993752027 2.2128788319 0 0 1 2 6 5 1 0 0 7 
225 1 22.2523 18.1324 13.1906 -0.00133772 0.00352706 0.00261399 0.0045893998 0.0 16 24.0280498455 2.298217934 0 0 1 0 11 2 2 0 0 7 
955 2 20.1292 13.5891 15.2039 5.56795e-04 0.00179255 0.00411282 0.0045209009 0.0 13 12.7201581425 1.9422124866 0 0 0 3 6 4 0 0 0 6 
775 2 20.9024 10.6267 10.9661 -0.00154336 -0.00244929 0.00232718 0.0037143974 0.0 14 11.9070314228 1.7698879658 0 0 0 6 0 8 0 0 0 6 
979 2 20.8478 13.027 12.818 0.00381492 -1.78094e-04 0.0018175 0.0042294962 0.0 13 12.3845724212 2.0145243056 0 0 0 2 8 3 0 0 0 6 
113 2 20.2826 15.9164 14.357 -0.00248864 0.00136162 4.32449e-04 0.0028695558 0.0 15 20.7725015904 2.2830598208 0 0 1 3 5 4 2 0 0 7 
714 2 23.6192 10.0523 10.0696 -0.00229369 0.00312886 -0.00127279 0.0040829858 0.0 16 14.4413368136 1.8802853594 0 0 1 3 6 4 1 1 0 8 
260 2 22.37 10.843 13.0214 -0.00119188 -9.32797e-04 -4.93301e-05 0.0015143057 0.0 14 12.7981716387 1.9269558264 0 0 1 1 8 3 1 0 0 7 
621 2 24.1346 15.7358 12.164 1.62116e-04 -7.48193e-04 0.0016353 0.0018056247 0.0 13 20.4033471761 2.2393601406 0 0 0 3 6 4 0 0 0 6 
655 2 23.8907 10.7372 14.893 -0.00107046 -0.0032963 0.00172476 0.0038712111 0.0 13 15.678487603 2.0743703758 0 0 1 2 6 3 1 0 0 7 
644 2 19.9179 15.4232 17.0149 9.68185e-04 8.26787e-04 0.00330596 0.0035426446 0.0 15 20.2914320157 2.3346160897 0 0 1 1 8 4 1 0 0 7 
129 2 22.0618 14.5066 11.4578 -0.0028982 -0.00208982 -8.3349e-04 0.0036690076 0.0 14 16.8643084756 2.298217934 0 0 0 3 7 3 1 0 0 7 
842 2 19.2749 10.9568 9.20306 0.00357122 0.00257146 0.00273701 0.0051823974 0.0 15 13.243743345 2.1912188714 0 0 1 2 6 5 1 0 0 7 
596 2 22.8578 10.0176 17.0779 0.00244293 0.00394569 -8.25553e-04 0.0047135883 0.0 14 17.6710968524 2.2177293965 0 0 2 4 2 2 4 0 0 7 
372 2 24.6302 15.4723 9.22962 -8.47123e-04 0.00148398 9.11205e-04 0.0019365197 0.0 12 17.9125995381 2.1784064388 0 0 1 1 8 1 1 0 0 7 
887 1 9.55894 24.2091 13.4924 0.00484857 0.00105604 -5.38215e-04 0.0049913452 0.0 13 20.5867534783 2.2420582276 0 0 0 1 10 2 0 0 0 6 
283 1 26.4896 25.048 17.435 4.46991e-04 6.25368e-04 -0.00411657 0.0041877243 0.0 14 21.5261976362 2.2925737974 0 0 3 2 4 1 3 1 0 8 
269 2 7.97483 24.7371 9.70286 0.00253549 8.98135e-04 -0.0038476 0.004694612 0.0 16 18.5943807967 2.1882412749 0 0 0 3 6 7 0 0 0 6 
847 1 26.1886 21.6333 13.8157 -2.44211e-04 -0.00118852 0.00118497 0.0016959872 0.0 13 21.8010086378 2.3353072424 0 0 2 4 0 6 0 1 0 8 
641 1 25.8486 24.6371 14.3736 -0.00158189 -2.74741e-04 3.6544e-04 0.0016466344 0.0 14 21.519158853 2.2580782439 0 0 2 3 2 5 2 0 0 7 
629 1 8.42906 17.6695 12.4871 0.00115677 -5.24891e-04 0.00466439 0.0048342695 0.0 13 21.7374476712 2.2166938581 0 0 0 1 10 2 0 0 0 6 
369 2 0.313435 26.4003 9.24561 0.00367532 0.00301249 -6.87741e-04 0.0048016727 0.0 14 15.9825146278 2.1365090318 0 0 0 1 10 3 0 0 0 6 
672 1 1.23983 19.4917 11.2474 -8.23887e-04 0.00274673 0.00171687 0.0033422983 0.0 13 22.5186984431 2.3330800887 0 0 2 3 2 4 2 0 0 7 
79 2 4.1031 24.8828 11.01 -2.45336e-04 0.00479365 -0.00243717 0.0053832209 0.0 13 19.4405674944 2.3410647749 0 0 0 5 3 4 1 0 0 7 
409 1 5.77784 19.9838 12.9285 7.90182e-04 -2.90372e-04 -8.90175e-04 0.0012252 0.0 15 25.5605388702 2.4003544739 0 0 0 0 12 3 0 0 0 6 
541 1 6.5747 17.9089 10.4561 0.00105732 9.53725e-04 -5.72384e-04 0.0015346467 0.0 14 21.4846005591 2.3897621838 0 0 0 1 10 3 0 0 0 6 
912 1 1.74495 24.9064 15.3829 5.53944e-05 -9.75025e-04 0.0014269 0.0017290997 0.0 14 21.9360316217 2.4577663003 0 0 3 2 2 4 3 0 0 7 
13 1 1.38529 23.6394 12.8184 0.00173654 0.00205677 -0.00155395 0.0031081561 0.0 14 22.849164992 2.449999875 0 0 1 4 2 6 1 0 0 7 
904 1 3.80683 17.6726 14.9222 -1.85539e-04 0.00131325 -0.0039925 0.0042070306 0.0 14 21.931541112 2.1727828967 0 0 0 2 8 4 0 0 0 6 
420 1 7.08662 22.6068 15.0967 -0.00245089 -5.09979e-04 -0.00173837 0.0030477649 0.0 14 21.7681401743 2.3256375559 0 0 0 2 8 4 0 0 0 6 
489 2 5.10816 23.1935 9.65005 0.00320068 -0.00143674 1.68289e-04 0.0035123917 0.0 13 17.3802440351 2.2594593762 0 0 3 1 3 4 2 0 0 7 
243 1 2.25341 20.328 13.9136 -0.00271521 0.00223684 0.00624695 0.0071693935 0.0 17 24.9460181014 2.4746761481 0 0 2 3 3 7 1 1 0 8 
520 1 7.02248 23.5704 17.5742 0.0022345 0.00243985 8.6483e-04 0.0034196183 0.0 13 19.9458316334 2.3275330864 0 0 0 2 8 3 0 0 0 6 
508 1 0.77542 22.1062 16.659 -0.00271553 7.78233e-04 9.86535e-04 0.0029921566 0.0 17 25.9263910014 2.4746761481 0 0 2 2 5 6 1 1 0 8 
24 1 3.30727 21.4431 11.6837 -6.90337e-04 0.00104456 -0.00307933 0.0033241456 0.0 15 23.1762669441 2.4003544739 0 0 0 5 4 4 2 0 0 7 
863 1 3.67189 18.0478 11.7799 0.00243068 0.00135624 0.00135854 0.0030972929 0.0 16 22.5389471184 2.4003544739 0 0 0 3 7 5 1 0 0 7 
178 1 8.21495 20.1752 10.9274 -0.00155562 7.11475e-05 0.00297199 0.0033552556 0.0 12 20.3921575582 2.1388061492 0 0 0 0 12 0 0 0 0 5 
25 1 8.23014 20.5215 16.9946 0.00144125 -0.00464279 0.00153319 0.0050973888 0.0 15 20.7693068232 2.2090805031 0 0 0 1 10 4 0 0 0 6 
251 1 6.00921 26.2008 16.3699 -0.00129976 0.00130683 0.00422565 0.00461013 0.0 15 23.0851290122 2.4374469903 0 0 0 4 4 7 0 0 0 6 
750 1 4.44062 23.1941 13.6622 0.00155217 -0.00153599 0.00299361 0.0037054282 0.0 15 24.9547420844 2.4746761481 0 0 2 2 4 5 2 0 0 7 
397 1 5.1821 20.8025 16.1421 -1.82821e-04 9.73142e-04 -0.00157176 0.0018576486 0.0 13 22.3050077582 2.462879887 0 0 1 2 6 3 1 0 0 7 
67 1 7.27487 22.8699 11.8798 -1.56404e-04 7.12567e-04 3.88633e-04 8.2658910554e-04 0.0 14 23.1995351257 2.2775323676 0 0 0 2 8 4 0 0 0 6 
908 1 4.41189 23.6524 16.6564 3.58599e-04 -5.92554e-04 6.32731e-04 9.3811619967e-04 0.0 15 24.6129011076 2.4746761481 0 0 2 2 5 3 3 0 0 7 
570 1 6.97299 25.6956 12.8705 -0.00157999 -8.37518e-04 -3.11635e-04 0.0018151918 0.0 15 25.386875716 2.3256375559 0 0 0 2 8 5 0 0 0 6 
578 1 2.8783 19.7499 17.36 -0.00144201 -0.00386213 3.14439e-05 0.0041226726 0.0 13 22.0918857772 2.4153417134 0 0 0 4 4 5 0 0 0 6 
343 1 1.09094 26.5519 12.4727 0.00212077 -0.00140863 -0.00179219 0.0031134946 0.0 16 25.4467850157 2.3708113086 0 0 0 3 6 7 0 0 0 6 
519 1 8.90775 25.7083 16.0188 -6.99024e-04 0.0038347 -0.00113973 0.0040611012 0.0 14 21.9221865428 2.2504867718 0 0 0 2 8 4 0 0 0 6 
588 2 3.12953 0.235595 9.75613 0.0013584 -8.93429e-04 3.56426e-04 0.0016644835 0.0 15 15.8731103996 2.4021677751 0 0 0 2 8 5 0 0 0 6 
782 1 8.94523 20.5387 14.0264 0.00161852 -0.00162452 2.4592e-04 0.002306328 0.0 14 21.9218630026 2.0921541041 0 0 0 0 12 2 0 0 0 6 
952 1 0.647072 18.9449 16.0479 -9.46388e-05 -0.00185818 -0.00434729 0.0047287123 0.0 15 22.0302188337 2.349387574 0 0 0 3 6 6 0 0 0 6 
616 2 1.63477 22.3126 9.05027 4.51659e-04 9.79255e-05 0.00177643 0.0018355623 0.0 15 17.9864492502 2.2037319064 0 0 4 2 2 2 4 1 0 8 
802 1 15.9938 22.65 10.2612 0.00108499 -0.0014004 -0.0012075 0.0021439169 0.0 16 24.3359421403 2.2779861859 0 0 0 4 6 4 2 0 0 7 
310 1 8.32468 17.7522 17.4858 -0.00204784 0.00189485 5.50255e-04 0.002843745 0.0 10 18.5045926248 2.2056487452 0 0 0 3 6 1 0 0 0 6 
204 1 13.3324 20.7714 11.7384 -0.00162979 -0.00384515 7.9549e-05 0.004177047 0.0 15 21.1374180769 2.2611158767 0 0 0 3 6 6 0 0 0 6 
721 1 15.8758 17.2704 15.8002 -0.0025281 -0.00103679 0.0036706 0.0045759728 0.0 16 23.8626605113 2.264097642 0 0 0 3 7 5 1 0 0 7 
326 1 9.65761 22.9962 15.9743 0.00467806 -0.00167001 -1.7806e-04 0.0049704008 0.0 13 20.0109441616 2.1732716525 0 0 1 0 9 3 0 0 0 6 
140 1 15.0519 24.4423 14.9352 -1.40048e-04 0.00201538 -0.00103617 0.0022704665 0.0 13 21.4635432447 2.2687001668 0 0 2 2 4 3 2 0 0 7 
735 1 11.9202 24.8295 15.2644 -0.00361618 8.44343e-04 -2.17179e-04 0.0037197903 0.0 17 24.2643614937 2.3232069507 0 0 1 5 3 5 2 1 0 8 
460 1 13.7896 21.7956 15.7706 7.91805e-04 0.00888424 -8.81102e-04 0.0089628688 0.0 15 20.9983873821 2.2153666931 0 0 2 3 4 3 2 1 0 8 
768 1 11.0982 20.404 9.80077 5.42632e-04 -0.00486471 -1.25636e-04 0.0048964923 0.0 14 22.1112601188 2.2944190121 0 0 0 4 5 4 1 0 0 7 
264 2 9.96238 25.8025 10.6483 0.00253478 0.00226788 -0.00266568 0.0043213701 0.0 12 17.4727060195 2.2204729559 0 0 0 3 6 3 0 0 0 6 
815 1 17.3721 24.786 13.3826 5.31795e-04 0.00199248 -2.20193e-04 0.0020739497 0.0 17 22.235784063 2.2779861859 0 0 2 2 5 6 1 1 0 8 
189 1 13.6451 19.1555 14.1663 0.00292891 -7.0884e-04 -1.01211e-04 0.0030151636 0.0 15 22.8293441093 2.3982792096 0 0 1 4 3 5 2 0 0 7 
273 1 9.54823 17.6296 9.64339 -0.00490703 0.00171902 0.0032896 0.0061526776 0.0 16 24.6174318164 2.2962191347 0 0 0 2 8 6 0 0 0 6 
117 1 11.2924 20.3065 16.0472 -6.82157e-04 -0.00160795 0.00282514 0.0033214842 0.0 13 20.5678274801 2.159521534 0 0 0 3 6 4 0 0 0 6 
444 1 13.9614 23.4742 12.6249 0.00100044 0.00219897 -0.00459676 0.0051929329 0.0 13 22.1309178409 2.2735304404 0 0 0 1 10 2 0 0 0 6 
827 1 11.6976 22.1505 13.8178 -0.00200296 0.00247145 7.64694e-04 0.0032717993 0.0 13 20.6739388905 2.2477052632 0 0 1 2 6 3 1 0 0 7 
86 1 14.2875 25.387 17.8442 -0.00317715 -0.00281743 -1.19207e-05 0.0042464498 0.0 15 23.1828863518 2.1822616404 0 0 2 2 5 3 3 0 0 7 
481 1 16.272 22.1951 13.6246 0.00214886 -0.00433466 -4.06026e-04 0.004855073 0.0 15 22.3503918741 2.3117257727 0 0 1 4 3 5 2 0 0 7 
121 1 16.7957 26.4834 16.8027 -8.65174e-05 0.00116324 6.183e-05 0.0011680905 0.0 16 22.8383561934 2.2827823808 0 0 0 4 5 6 1 0 0 7 
727 1 10.0049 17.8966 15.3483 -0.00332228 -3.21881e-04 -0.00469826 0.0057632282 0.0 15 20.8740122614 2.4164922121 0 0 0 2 8 5 0 0 0 6 
267 1 16.4105 20.4394 16.1444 1.54939e-04 0.00323812 -5.58215e-04 0.0032895336 0.0 13 22.217418309 2.1917984854 0 0 0 1 10 2 0 0 0 6 
53 1 12.9365 18.4638 8.52705 -3.08816e-04 -3.73122e-04 -5.96191e-04 7.6813479105e-04 0.0 14 22.4831529039 2.2878876716 0 0 1 4 4 2 3 0 0 7 
456 1 15.16 22.2759 18.1316 -0.00226542 4.26182e-04 -3.27087e-04 0.0023282493 0.0 13 20.4621905263 2.1716525906 0 0 1 0 9 3 0 0 0 6 
166 1 13.0338 22.8152 9.70583 -0.00374142 9.66641e-04 0.00388647 0.0054806266 0.0 14 22.5163133909 2.2406298629 0 0 1 3 4 5 1 0 0 7 
595 1 12.5176 17.5038 16.5142 -0.00191985 -0.00101438 -0.00138429 0.0025750824 0.0 12 21.2397980275 2.3346131018 0 0 0 3 6 3 0 0 0 6 
2 2 12.2779 25.8745 11.6756 -0.00104615 3.40607e-05 -0.00367845 0.0038244718 0.0 16 20.8214159335 2.3232069507 0 0 1 4 3 6 2 0 0 7 
995 2 16.7501 25.892 9.39708 -0.00167293 0.00162947 6.56296e-04 0.0024258177 0.0 13 15.9500386387 2.2605635471 0 0 2 2 3 5 1 0 0 7 
679 1 15.9357 19.5173 12.6235 -0.00107399 0.00169902 6.28002e-04 0.0021058276 0.0 13 20.4919139127 2.1917984854 0 0 1 3 4 4 1 0 0 7 
822 1 10.1143 22.4803 11.4283 0.0022539 -3.21764e-04 9.38701e-04 0.0024626727 0.0 16 22.3178953733 2.2477052632 0 0 0 2 8 6 0 0 0 6 
289 1 15.5589 19.6711 9.67568 -5.62807e-04 0.00212624 0.00168691 0.0027718791 0.0 14 22.5141207349 2.2611158767 0 0 1 1 8 3 1 0 0 7 
804 1 11.0421 19.2324 12.5593 -5.161e-04 -0.0019942 0.00209804 0.0029402321 0.0 14 23.1765009552 2.4164922121 0 0 0 2 8 4 0 0 0 6 
484 2 18.9687 0.653494 8.91403 -0.00502734 -0.00165664 1.49483e-04 0.0052953705 0.0 13 16.73852365 2.2782446146 0 0 0 3 6 4 0 0 0 6 
678 1 17.7446 18.2301 10.6701 0.00152022 -0.00227602 -6.79898e-04 0.0028202123 0.0 14 20.4351252915 2.3128793974 0 0 0 2 8 4 0 0 0 6 
982 1 23.3706 23.1212 13.5679 9.97022e-04 -0.00501752 -0.00370505 0.0063164037 0.0 13 20.8729297159 2.3405005902 0 0 1 2 6 3 1 0 0 7 
703 1 25.1466 24.8939 11.3305 -0.00229885 0.00272419 1.37487e-04 0.0035671873 0.0 18 25.5942875461 2.3433879646 0 0 1 5 4 4 3 1 0 8 
996 1 22.3753 24.7428 17.3266 2.4103e-04 0.00162026 4.3033e-04 0.0016936711 0.0 13 21.9962237744 2.2925737974 0 0 0 1 10 2 0 0 0 6 
220 1 24.7472 20.1606 18.0965 -3.51837e-04 2.56505e-04 0.00165907 0.0017152543 0.0 13 21.3863061502 2.349387574 0 0 1 2 5 5 0 0 0 6 
308 1 20.1735 23.8229 13.5306 -1.57118e-04 -4.25407e-04 -0.0039979 0.0040235384 0.0 14 22.6249789613 2.3117257727 0 0 0 1 10 3 0 0 0 6 
663 1 18.3992 18.3841 16.5071 0.00235811 0.00224208 -0.00339318 0.0047011994 0.0 14 22.1384619921 2.2824519339 0 0 0 3 6 5 0 0 0 6 
135 1 21.1138 24.9129 8.81965 0.00148846 0.00253185 0.00220161 0.00367054 0.0 15 23.3062493408 2.2959414322 0 0 1 2 5 7 0 0 0 6 
937 1 21.2803 22.5295 15.7291 -0.00256515 9.68216e-04 0.00159906 0.0031740242 0.0 13 21.2209028983 2.2293110722 0 0 0 2 8 3 0 0 0 6 
556 1 20.9129 20.8676 13.0774 6.51349e-04 1.91067e-05 -0.00136518 0.001512725 0.0 12 20.789826521 2.2008833695 0 0 0 0 12 0 0 0 0 5 
182 1 23.5943 20.8341 11.8858 8.33848e-04 0.00210381 0.00129684 0.0026082778 0.0 14 21.4610905475 2.3433879646 0 0 0 2 8 4 0 0 0 6 
586 1 23.7454 20.5254 14.9122 -0.00204688 0.00243857 -5.84622e-04 0.0032369931 0.0 14 21.2871550411 2.349387574 0 0 0 2 8 4 0 0 0 6 
864 1 19.5424 25.6234 15.7795 -0.00123281 0.00419342 0.00341674 0.0055478558 0.0 14 23.9322405372 2.4637902276 0 0 0 2 8 4 0 0 0 6 
344 1 22.7555 25.573 14.6472 0.00281243 0.00258793 0.00115685 0.0039931749 0.0 15 21.9998953102 2.2866187606 0 0 0 3 6 6 0 0 0 6 
917 1 20.7526 18.9143 10.803 -0.00263508 4.97838e-04 7.85127e-04 0.0027942644 0.0 15 22.6776040171 2.4639698332 0 0 2 1 8 2 0 2 0 8 
365 1 19.0719 21.0009 15.8254 -0.00333773 -0.00158672 0.00152023 0.0039961508 0.0 14 20.963703155 2.3117257727 0 0 0 3 6 5 0 0 0 6 
526 1 24.7056 22.7925 16.2863 -0.00173202 -0.00318936 -0.00251947 0.0044181036 0.0 13 21.1441435611 2.3303503177 0 0 0 3 6 4 0 0 0 6 
821 1 21.1918 19.0061 15.812 -0.00402689 0.00266628 -0.00108774 0.0049505626 0.0 15 23.5123741931 2.3346160897 0 0 0 3 6 6 0 0 0 6 
4 1 17.6537 23.5095 16.1115 -0.00652822 0.00106008 4.16183e-04 0.0066268118 0.0 15 22.1551475179 2.2801374481 0 0 0 3 6 6 0 0 0 6 
624 1 23.987 18.2389 10.6653 0.0016568 -4.04987e-04 0.00227169 0.0028406999 0.0 13 22.3466171004 2.3236202714 0 0 1 2 6 3 1 0 0 7 
875 1 22.207 25.0978 11.7061 0.00322317 -0.00108197 9.57964e-04 0.003532305 0.0 14 23.6904979284 2.2850783863 0 0 1 3 5 3 2 0 0 7 
486 1 25.5249 18.8027 13.4328 -0.00103392 -5.41904e-04 5.58764e-04 0.0012941668 0.0 15 22.8570749087 2.3365108236 0 0 0 3 7 4 1 0 0 7 
868 1 18.6165 24.1798 10.8767 -0.0010355 4.66839e-04 -0.00260605 0.0028428323 0.0 15 23.6223285517 2.2779861859 0 0 2 3 3 5 1 1 0 8 
284 1 21.4775 22.5287 10.6248 5.6009e-04 0.00353137 -0.00338018 0.0049203548 0.0 16 22.5353925384 2.3433879646 0 0 1 2 7 4 2 0 0 7 
150 1 26.0011 19.9325 9.04545 0.00154197 -1.11171e-04 -0.00132373 0.002035262 0.0 18 23.9292046865 2.3365108236 0 0 1 4 5 4 4 0 0 7 
670 1 18.5297 21.3285 11.7843 0.00112498 -0.00370113 -0.00101309 0.0039987866 0.0 14 22.6143584559 2.3117257727 0 0 1 2 6 4 1 0 0 7 
263 1 18.4785 19.1594 13.3638 5.60742e-04 0.00212785 -0.00342482 0.0040708192 0.0 15 22.5582801813 2.2830598208 0 0 0 2 8 5 0 0 0 6 
604 1 22.3428 21.4509 18.1262 0.00414107 0.00305911 -0.00482843 0.0070583533 0.0 15 22.5928211143 2.2471985382 0 0 0 2 8 5 0 0 0 6 
936 1 24.264 22.4314 8.98361 -0.00293635 0.0015331 -0.00150935 0.0036401489 0.0 15 22.6083740533 2.3433879646 0 0 3 1 5 2 4 0 0 7 
109 1 26.2515 22.1022 11.06 -0.00320752 0.0023547 -0.00124126 0.0041681558 0.0 15 22.1183574448 2.3365108236 0 0 2 5 2 2 2 2 0 8 
845 2 7.31806 0.521369 24.4794 -1.68477e-04 0.00141892 2.78368e-04 0.0014557497 0.0 15 15.016012397 2.303307018 0 0 0 3 7 4 1 0 0 7 
441 1 0.460545 0.851683 18.0869 0.00160516 -0.00127317 -0.00132388 0.0024392947 0.0 14 20.1117849228 2.1823906742 0 0 2 3 4 2 2 1 0 8 
418 2 1.56728 0.368698 26.1746 6.87419e-04 -8.33124e-04 -0.00118151 0.0016008143 0.0 13 16.9719018834 2.1890034594 0 0 0 5 3 4 1 0 0 7 
392 1 6.93286 7.81662 0.266512 8.04761e-04 7.74705e-04 -0.0018178 0.0021335897 0.0 15 24.8464243537 2.338454269 0 0 0 1 10 4 0 0 0 6 
759 1 4.19073 8.12681 22.4291 6.17713e-04 -2.78115e-04 -1.8827e-04 7.0310944845e-04 0.0 14 20.2479777816 2.1391030798 0 0 1 1 8 3 1 0 0 7 
851 1 8.15566 6.23818 18.2051 0.00118626 -0.00189845 -6.48686e-04 0.0023306906 0.0 17 22.802179512 2.1648741677 0 0 0 4 4 9 0 0 0 6 
684 1 2.89584 5.80522 17.9225 0.00159582 2.42802e-04 0.00101012 0.0019041892 0.0 15 22.262677264 2.511284632 0 0 1 3 5 4 2 0 0 7 
153 1 0.494795 4.10601 19.6335 -0.00119425 -1.33008e-04 6.61991e-04 0.001371917 0.0 14 20.9480181788 2.1758453543 0 0 1 2 7 2 2 0 0 7 
933 2 8.10683 4.68857 0.24587 -6.02143e-04 0.00221341 0.00147099 0.0027249902 0.0 14 16.9377059089 2.3805987318 0 0 0 3 6 5 0 0 0 6 
521 1 7.89765 7.55762 23.8361 0.00363643 -1.11512e-04 0.0029204 0.0046652754 0.0 16 23.4930992301 2.3805987318 0 0 0 5 3 7 1 0 0 7 
900 2 2.725 1.08475 24.229 -0.00186801 -4.83629e-04 -0.00299638 0.0035639376 0.0 16 18.3207837882 2.2714986392 0 0 2 1 6 5 2 0 0 7 
623 1 1.81006 2.93759 21.9706 -0.00162327 0.00304905 -0.00462505 0.0057725903 0.0 13 22.1673989448 2.2829881028 0 0 1 2 6 3 1 0 0 7 
49 1 1.96893 0.449847 20.2352 8.89139e-05 -5.31952e-04 -0.00193485 0.0020086122 0.0 15 22.5217699102 2.2714986392 0 0 1 2 6 5 1 0 0 7 
944 1 0.55048 3.71445 24.5774 0.00112088 -0.00260116 -6.7568e-04 0.0029118635 0.0 15 23.648894895 2.2510036748 0 0 0 4 4 7 0 0 0 6 
645 1 5.14764 7.30399 24.8834 0.00181285 -0.00431371 -0.00536509 0.0071188981 0.0 15 22.9476231317 2.3805987318 0 0 0 3 6 6 0 0 0 6 
865 2 7.28971 2.65968 23.153 -0.00202026 0.00188499 -0.00109059 0.0029705259 0.0 13 15.7352262006 2.2362451932 0 0 0 3 6 4 0 0 0 6 
831 1 6.93443 9.03669 17.7726 -0.00253393 0.00144627 0.00115364 0.0031374167 0.0 13 21.5460053334 2.2330278589 0 0 0 4 4 5 0 0 0 6 
228 2 4.11888 3.21807 24.3373 6.90556e-05 0.00232544 0.00139066 0.0027104197 0.0 15 18.5746884734 2.2852588323 0 0 2 4 2 4 2 1 0 8 
479 1 4.82867 8.09542 19.8005 0.00250479 -5.40088e-04 7.3437e-04 0.0026655145 0.0 14 21.5109894449 2.4553124713 0 0 1 3 4 5 1 0 0 7 
23 2 6.56316 3.47251 25.4061 -0.00189252 0.00180782 -0.00192794 0.0032506611 0.0 14 16.1565358755 2.3793106654 0 0 1 2 6 4 1 0 0 7 
279 2 4.64149 2.24953 -0.015052 0.00177903 3.34052e-04 -0.00220337 0.0028515571 0.0 13 13.0771007009 1.9588153985 0 0 0 3 7 2 1 0 0 7 
433 2 8.28122 5.15086 21.2742 0.00238569 5.47685e-04 0.00118409 0.0027191073 0.0 13 18.03758072 2.1564470444 0 0 0 3 6 4 0 0 0 6 
232 1 2.72523 2.93976 18.1948 3.51009e-04 2.43155e-04 0.0056752 0.0056912412 0.0 15 24.0544646173 2.3120563136 0 0 1 2 7 3 2 0 0 7 
766 1 1.29186 8.69807 22.9995 6.38472e-04 0.00224017 0.0024523 0.0033822749 0.0 13 20.0232117875 2.2792895115 0 0 1 3 4 4 1 0 0 7 
1000 2 6.55086 0.660271 26.6593 0.00265219 -9.54428e-04 0.00121732 0.0030703278 0.0 12 12.0862261705 1.8366874379 0 0 0 2 8 2 0 0 0 6 
669 2 7.50198 2.63564 20.4155 -5.46535e-04 -0.00155464 -7.37179e-04 0.0018052808 0.0 15 19.807472656 2.186829307 0 0 1 3 5 4 2 0 0 7 
835 2 5.13134 1.17321 24.0531 4.60793e-04 -0.00301697 -0.00121699 0.0032856511 0.0 13 16.3418694486 2.2362451932 0 0 0 2 8 3 0 0 0 6 
575 1 5.55543 1.19092 18.5754 1.67695e-04 0.00348058 4.56586e-05 0.0034849166 0.0 15 21.6987798173 2.4204161986 0 0 3 2 4 1 5 0 0 7 
585 1 4.2332 2.62991 20.7391 4.67428e-04 2.46027e-04 2.18714e-04 5.7171149517e-04 0.0 16 24.0588890827 2.2852588323 0 0 2 1 5 7 1 0 0 7 
177 1 5.60285 5.1922 19.9313 0.00312696 0.00186865 2.04028e-04 0.0036484735 0.0 14 21.9017779601 2.306832037 0 0 2 4 1 4 3 0 0 7 
769 1 3.04951 5.90297 20.9509 0.00194633 -4.02227e-06 0.0034336 0.0039468754 0.0 15 22.9645888985 2.5118689428 0 0 1 4 3 5 2 0 0 7 
275 1 5.7249 5.41014 22.6967 0.00123229 -2.26896e-04 0.0014465 0.0019137353 0.0 15 23.3529748445 2.2852588323 0 0 1 3 5 4 2 0 0 7 
555 1 2.28112 6.10516 23.6589 -0.00329779 -9.74915e-05 0.00184711 0.0037811029 0.0 15 23.2245500049 2.2652360451 0 0 0 3 6 6 0 0 0 6 
377 2 8.61292 4.605 24.0304 -0.00271622 -0.00157648 -0.00204085 0.0037454251 0.0 15 16.7693100598 2.3805987318 0 0 0 3 6 6 0 0 0 6 
373 2 8.09309 25.5439 26.304 -0.00176316 -0.00397481 -0.00208761 0.0048234804 0.0 14 13.2273014771 2.2508647824 0 0 1 2 5 6 0 0 0 6 
216 1 0.48201 7.5009 26.2593 -6.4848e-04 0.00184465 -2.05389e-04 0.0019660734 0.0 14 21.3651648486 2.2421713443 0 0 0 5 3 5 1 0 0 7 
468 1 0.192453 6.79269 20.9629 -5.52969e-05 -0.0015508 -0.00274435 0.0031526965 0.0 16 23.8364638091 2.5118689428 0 0 0 4 5 6 1 0 0 7 
197 2 7.71277 0.440294 22.0849 0.00289328 -0.00345894 -1.68279e-04 0.0045126104 0.0 15 16.2808052538 2.3036133247 0 0 1 5 3 3 2 1 0 8 
589 1 7.46555 8.19948 20.9109 -0.0046066 3.49344e-04 -0.00122674 0.0047799263 0.0 15 25.0494892548 2.2261224787 0 0 0 2 9 3 1 0 0 7 
36 2 11.545 2.04889 19.398 -6.71586e-04 0.00270472 -4.30294e-05 0.0027871831 0.0 14 17.1041571453 2.4137930852 0 0 3 3 1 3 4 0 0 7 
549 2 12.0813 1.76077 22.0828 -8.20979e-04 -0.00114689 -0.00105854 0.0017634824 0.0 15 15.7814252559 2.2351275355 0 0 1 1 9 2 2 0 0 7 
615 1 9.87273 7.08911 26.4941 -0.0017999 0.00286275 0.00106468 0.003545211 0.0 14 21.8774181218 2.2177136222 0 0 0 3 6 5 0 0 0 6 
871 2 13.4403 3.352 25.4537 7.49764e-04 -2.16999e-04 -4.46673e-04 8.993060606e-04 0.0 13 16.3737569098 2.3921279652 0 0 1 3 4 4 1 0 0 7 
169 1 16.709 3.80307 23.5754 -0.00119381 0.00127979 0.00383352 0.0042141334 0.0 15 22.4544141764 2.2368687193 0 0 0 2 8 5 0 0 0 6 
288 2 13.2257 4.03802 20.0504 -1.75998e-04 2.54796e-04 -0.00143518 0.0014682091 0.0 15 14.1232561482 1.9572688843 0 0 2 3 4 2 4 0 0 7 
22 2 12.8978 8.01347 17.1719 -6.84737e-04 -0.00148468 -0.00353459 0.0038944147 0.0 14 12.3520078857 2.0567959474 0 0 3 2 3 3 2 1 0 8 
809 1 15.92 26.5564 20.4432 -0.0018849 0.0043698 2.89449e-04 0.0047677857 0.0 14 22.649573487 2.2626777534 0 0 0 0 12 2 0 0 0 6 
386 2 14.0776 1.02814 25.982 -0.00108684 -8.94688e-05 0.00273635 0.0029456472 0.0 14 18.5201322321 2.2616816155 0 0 0 3 6 5 0 0 0 6 
771 2 10.1231 26.6489 25.6624 -0.0016583 0.00329753 0.00109561 0.003850198 0.0 13 13.7654700251 1.9469128077 0 0 1 0 9 3 0 0 0 6 
557 2 10.4548 26.1417 23.2799 7.66435e-05 -0.00214691 -8.01e-04 0.002292749 0.0 13 15.6822735355 2.1328003825 0 0 0 2 8 3 0 0 0 6 
998 2 17.1159 2.6406 18.0448 -5.10592e-04 -0.00171742 -0.00376037 0.0041654073 0.0 14 19.2663804177 2.4231011113 0 0 0 3 6 5 0 0 0 6 
143 2 11.1808 2.44514 26.4505 -0.00260699 0.00109827 0.00243284 0.0037311264 0.0 15 13.7131613852 1.9096038062 0 0 1 2 7 3 2 0 0 7 
688 2 11.659 3.31063 23.6924 0.00360533 0.00298296 0.00389071 0.0060855632 0.0 13 11.4538941422 1.8562662725 0 0 0 4 4 5 0 0 0 6 
661 2 10.77 5.94281 23.4448 -0.00495404 -0.00281179 0.0032945 0.0065804563 0.0 15 19.2909245243 2.3208179858 0 0 1 3 5 4 2 0 0 7 
613 2 13.2527 4.70828 22.7827 -6.32826e-04 0.0015132 -7.60349e-04 0.0018078644 0.0 14 15.6272636313 2.2595111176 0 0 0 2 8 4 0 0 0 6 
262 1 16.3922 5.54242 25.45 0.00435955 0.00186098 0.00297329 0.0055954782 0.0 13 21.5511901784 2.3979444644 0 0 1 4 3 3 2 0 0 7 
971 2 14.9156 5.49053 21.1551 1.90809e-04 -2.64264e-04 0.00121262 0.0012556635 0.0 13 14.989541465 2.2368687193 0 0 2 1 5 4 1 0 0 7 
878 1 17.0331 8.38422 25.7603 2.2803e-04 -0.005129 -0.00357957 0.0062587507 0.0 16 24.1138202776 2.250054187 0 0 0 2 8 6 0 0 0 6 
820 2 10.1576 6.41666 20.3984 6.4684e-04 0.00272484 0.00170452 0.0032784971 0.0 12 17.2066390116 2.1623438112 0 0 0 3 6 3 0 0 0 6 
333 2 14.5517 2.45991 21.0539 -0.00152636 -0.00189043 1.84713e-04 0.0024367231 0.0 16 18.0151705739 2.2626777534 0 0 2 3 5 2 3 1 0 8 
693 2 12.9143 6.55086 21.385 -1.65604e-04 0.00166671 2.73947e-05 0.001675141 0.0 14 16.4124397457 2.3208179858 0 0 1 1 8 3 1 0 0 7 
894 2 13.8589 1.61062 18.7868 -0.0032075 0.00211163 0.00111712 0.0039993743 0.0 15 18.3691425839 2.2339110361 0 0 2 3 2 7 0 1 0 8 
499 2 11.293 4.16293 21.6112 0.00207133 -0.00127922 7.56087e-04 0.0025492115 0.0 13 12.6813672017 1.8999767423 0 0 0 3 6 4 0 0 0 6 
70 2 9.69087 1.74675 23.8888 -0.00165407 -0.00314021 0.0021295 0.0041390381 0.0 14 13.0922996798 1.8275542678 0 0 0 2 8 4 0 0 0 6 
134 1 17.3882 6.86981 22.8858 0.00254329 -0.00279269 -0.00157062 0.0040907565 0.0 15 23.3030929637 2.3685045609 0 0 0 3 6 6 0 0 0 6 
492 2 9.79364 3.74493 19.682 0.00137687 -0.00171043 7.1156e-04 0.0023081723 0.0 14 18.299750391 2.4179281607 0 0 1 4 3 4 2 0 0 7 
874 2 16.5527 4.10521 20.2141 4.7777e-04 8.05831e-04 0.00355707 0.0036783658 0.0 15 17.4853593671 2.1587213085 0 0 4 2 2 2 4 1 0 8 
816 2 14.8286 7.94318 20.723 0.00344197 -3.51227e-04 -5.21344e-04 0.0034989023 0.0 14 17.2613882332 2.3685045609 0 0 1 3 5 3 2 0 0 7 
552 2 12.5913 8.10356 19.436 5.8354e-04 7.54527e-04 0.00295944 0.0031093593 0.0 13 14.2400464991 2.0895947189 0 0 1 3 4 4 1 0 0 7 
46 2 10.3262 8.59773 18.7199 0.00119663 2.60683e-04 -0.00149663 0.0019338512 0.0 14 19.2185026319 2.151588655 0 0 1 3 5 3 2 0 0 7 
756 2 14.0857 6.29383 18.866 0.00231572 -2.38519e-04 0.00164013 0.0028477143 0.0 14 12.4035913165 1.9712902916 0 0 1 2 6 4 1 0 0 7 
811 2 14.0587 2.48837 23.4247 0.00284578 -8.37079e-04 -0.00183207 0.0034864947 0.0 12 16.327199463 2.2106890188 0 0 1 2 5 4 0 0 0 6 
901 1 14.9266 7.6113 24.0127 3.83212e-04 -7.29803e-04 -6.2375e-04 0.0010336962 0.0 16 24.312447753 2.3208179858 0 0 1 2 6 6 1 0 0 7 
892 2 12.4439 5.49403 25.5973 0.00154756 -0.00204652 -0.00186576 0.0031724197 0.0 15 19.7231479326 2.2892490274 0 0 2 4 2 4 2 1 0 8 
968 1 11.6174 8.78015 24.9853 -2.65381e-04 0.0019812 0.00291513 0.0035346235 0.0 16 24.6844245682 2.4585645618 0 0 3 3 1 5 4 0 0 7 
61 2 9.49456 2.85566 21.9876 -0.00206087 6.90319e-04 -0.00130622 0.0025357319 0.0 12 12.5515949381 1.8965774594 0 0 0 3 6 3 0 0 0 6 
142 2 11.5684 5.84247 18.5974 1.76592e-04 -0.00213712 0.00465255 0.005122957 0.0 15 17.1122763568 2.2597308578 0 0 1 1 9 2 2 0 0 7 
517 2 9.75346 0.446946 21.0598 -0.00210774 -0.00563442 -0.00234335 0.0064560472 0.0 15 17.824279486 2.1394905647 0 0 0 4 4 7 0 0 0 6 
601 2 16.6463 6.59883 19.4261 0.00312263 0.00144415 0.0016493 0.0038153084 0.0 14 15.2242348775 2.3608777409 0 0 2 3 3 3 3 0 0 7 
898 1 17.0289 2.75591 26.3243 0.00196819 3.2158e-04 0.00116065 0.0023074432 0.0 18 24.1783853437 2.3979444644 0 0 1 3 5 7 2 0 0 7 
765 2 10.3148 4.3288 25.4294 0.00166376 0.00197034 7.35177e-04 0.0026815709 0.0 12 13.3327497482 2.0350643759 0 0 2 3 2 3 2 0 0 7 
426 1 -0.00316161 0.67441 23.2357 -0.00290679 -7.38407e-04 -4.85876e-05 0.0029995056 0.0 14 23.2472540172 2.3775397851 0 0 0 4 5 4 1 0 0 7 
268 1 19.0398 9.05231 23.775 -3.24259e-04 5.12427e-04 -8.09128e-04 0.0010111446 0.0 14 22.22979677 2.152200648 0 0 0 2 8 4 0 0 0 6 
74 1 19.2766 2.42633 24.3679 0.00264072 0.00167278 -7.99643e-04 0.0032266118 0.0 13 23.4188907013 2.3816521346 0 0 0 2 8 3 0 0 0 6 
927 1 21.5541 4.78484 20.4959 0.00120015 -0.00218573 0.00250963 0.0035377985 0.0 12 18.7871924476 2.1579955484 0 0 0 2 8 2 0 0 0 6 
154 1 25.9692 1.29377 20.5081 -0.00102877 0.00142059 -4.49002e-04 0.0018105376 0.0 12 21.0558123079 2.2204580243 0 0 0 2 8 2 0 0 0 6 
447 1 21.7201 4.00211 23.4792 6.52624e-04 -0.00230683 -0.00536063 0.0058722855 0.0 13 21.2826028647 2.2158684872 0 0 0 1 10 2 0 0 0 6 
51 1 24.654 5.44839 19.4897 0.00198023 -0.00116368 6.10492e-04 0.0023765863 0.0 15 21.3488333373 2.1724959383 0 0 0 3 6 6 0 0 0 6 
328 1 21.6386 4.47719 26.3609 7.82406e-05 6.00117e-04 -0.00170417 0.0018084406 0.0 14 21.9814030414 2.3927076345 0 0 1 2 6 4 1 0 0 7 
461 1 23.9151 1.52531 23.1175 0.00235529 0.0023463 9.98431e-04 0.0034712216 0.0 14 22.5409383827 2.2510036748 0 0 0 4 4 6 0 0 0 6 
222 1 24.51 4.40001 25.4182 -9.7537e-04 7.33725e-04 0.00147089 0.0019113389 0.0 14 22.6230457471 2.2510036748 0 0 0 3 6 5 0 0 0 6 
186 1 19.0947 9.58852 20.7425 -0.00280523 -0.00475632 -3.06338e-04 0.0055304374 0.0 16 23.5851851377 2.3685045609 0 0 0 4 6 4 2 0 0 7 
408 1 21.9985 7.14548 24.587 0.00249856 3.68087e-05 -0.00179191 0.0030749144 0.0 15 22.1469093382 2.17352485 0 0 1 3 5 5 0 1 0 8 
631 1 22.6425 7.51415 20.2039 0.00298249 -9.86715e-04 0.00109681 0.0033274382 0.0 14 21.4791289009 2.2839893633 0 0 0 3 7 3 1 0 0 7 
34 1 22.2799 1.66299 25.5951 0.00130254 0.00103746 0.00130804 0.0021175227 0.0 13 21.4499539841 2.1428787729 0 0 1 2 6 3 1 0 0 7 
320 1 25.7985 3.8858 21.8581 0.00222243 7.31103e-04 0.00132733 0.0026898906 0.0 14 21.0016916702 2.2652360451 0 0 0 4 4 6 0 0 0 6 
325 1 25.2772 3.13986 17.7815 2.34965e-04 -0.00183743 -2.0838e-04 0.0018640761 0.0 15 22.2947600575 2.3337046395 0 0 1 3 4 6 1 0 0 7 
734 1 23.3816 2.78791 20.6991 0.00250631 0.0027689 -0.00222953 0.0043496208 0.0 15 22.0776934526 2.3337046395 0 0 1 2 6 5 1 0 0 7 
427 1 23.5078 5.59172 22.2731 5.60462e-04 -4.72787e-04 -0.00260428 0.002705535 0.0 14 20.3844677796 2.2271585703 0 0 1 3 3 7 0 0 0 6 
739 1 19.1695 4.58853 21.6954 -0.00335115 0.00152308 0.00200328 0.0041908364 0.0 14 21.2607933735 2.1587213085 0 0 2 0 8 2 2 0 0 7 
463 1 20.4749 6.9338 22.0672 -0.0010111 -0.00403137 0.00138605 0.0043812557 0.0 13 20.6741242594 2.2741837238 0 0 0 1 10 2 0 0 0 6 
389 1 20.0633 2.73061 19.0364 -0.00252368 -0.00208169 0.00493468 0.0059205963 0.0 18 24.3676772677 2.498158534 0 0 0 3 7 7 1 0 0 7 
794 1 21.0037 1.55434 22.0387 0.00148968 1.34597e-04 -0.00318596 0.0035196028 0.0 13 21.8778207977 2.3797326997 0 0 0 3 6 4 0 0 0 6 
704 1 26.2215 9.73886 24.9124 0.00542958 -0.00258365 0.00231451 0.0064430228 0.0 15 21.9747776387 2.2792895115 0 0 0 5 4 4 2 0 0 7 
915 1 25.1406 8.45247 18.9221 0.00234169 -0.00163954 3.10236e-04 0.0028753869 0.0 13 22.2310348789 2.3724578424 0 0 0 1 10 2 0 0 0 6 
259 1 24.2789 7.23607 26.0839 -4.96279e-04 0.0031084 -0.00165289 0.0035553465 0.0 15 21.5561393213 2.171599376 0 0 1 2 8 2 1 1 0 8 
806 1 26.1532 6.35957 23.8483 -0.00168126 4.00147e-04 0.00138267 0.0022132621 0.0 13 20.8536886802 2.1983029821 0 0 1 2 6 3 1 0 0 7 
495 1 17.8125 26.7499 25.9908 0.0023919 6.53289e-04 1.41893e-04 0.0024835671 0.0 12 21.5241172814 2.2634884843 0 0 0 2 8 2 0 0 0 6 
716 1 24.5474 8.27575 22.3033 9.74496e-04 -7.89063e-04 0.0019382 0.0023084372 0.0 16 22.9722735929 2.17352485 0 0 0 4 4 8 0 0 0 6 
891 2 18.8654 6.388 19.261 -3.9205e-04 0.00156491 -1.40835e-04 0.0016194076 0.0 15 18.8086064929 2.2839893633 0 0 2 3 4 2 4 0 0 7 
338 1 25.1044 1.5322 26.4601 -0.00128117 0.0013277 -0.00223298 0.0028966159 0.0 17 24.5733528204 2.2510036748 0 0 0 3 6 8 0 0 0 6 
454 1 19.3118 5.63701 24.8839 -0.00153117 0.00162501 0.00148765 0.0026829539 0.0 16 23.296580836 2.312465118 0 0 0 2 9 4 1 0 0 7 
873 1 18.0878 1.69156 21.1408 -0.00260384 -0.00224021 0.00152869 0.0037597097 0.0 14 22.0653946337 2.3816521346 0 0 0 2 8 4 0 0 0 6 
798 1 2.71833 9.34991 25.2074 0.00187163 -0.00377012 -0.00134481 0.0044187462 0.0 14 22.195340724 2.1651814842 0 0 0 2 8 4 0 0 0 6 
349 1 1.86918 9.29883 17.5785 0.00121725 -0.0023396 0.00339007 0.0042951135 0.0 16 23.0613007505 2.5118689428 0 0 1 1 9 3 2 0 0 7 
374 1 7.72165 16.359 24.8213 0.00259445 0.00178568 -6.2342e-04 0.0032106816 0.0 14 22.0103226167 2.4470809507 0 0 2 1 7 2 1 1 0 8 
667 1 7.17111 14.9008 17.8512 -0.00172447 -0.00185501 2.6825e-04 0.002546923 0.0 14 23.7210624269 2.2686746568 0 0 0 3 6 5 0 0 0 6 
583 1 4.0012 11.0606 18.4301 -1.95886e-04 -0.00330952 -8.07521e-06 0.0033153219 0.0 14 21.0000715132 2.2062780619 0 0 0 5 3 5 1 0 0 7 
849 1 4.23241 11.8299 25.8661 0.00328423 -0.00165323 1.69801e-05 0.0036769042 0.0 14 21.9712302747 2.2979090274 0 0 0 2 8 4 0 0 0 6 
932 1 5.02157 10.8233 21.0003 6.71525e-04 -6.92726e-04 -8.87594e-04 0.0013109684 0.0 15 22.1473443837 2.2330278589 0 0 1 1 8 4 1 0 0 7 
627 1 1.49463 12.2888 19.617 -8.39025e-04 -5.54632e-05 -0.00301062 0.0031258394 0.0 14 20.9088168674 2.1701601084 0 0 2 0 8 2 2 0 0 7 
435 1 1.54547 15.192 20.0787 -0.00133868 -9.74854e-04 0.0019562 0.00256303 0.0 15 21.8080151248 2.2780529814 0 0 0 1 10 4 0 0 0 6 
511 1 3.02862 16.8979 25.3125 3.40471e-04 0.00321914 -6.22684e-04 0.0032964402 0.0 13 22.9989225036 2.3476995126 0 0 1 2 5 5 0 0 0 6 
870 1 2.76035 11.2896 23.0091 5.42181e-04 -0.00273238 -0.00214935 0.0035184608 0.0 15 21.2701530259 2.2652792512 0 0 2 1 7 3 1 1 0 8 
597 1 4.82616 14.7307 25.217 0.00171294 0.00111342 -0.00326165 0.0038486658 0.0 15 21.5551735748 2.4470809507 0 0 1 4 3 5 2 0 0 7 
424 1 3.44868 16.7709 22.2775 -1.871e-04 -0.00294105 -1.33901e-04 0.0029500358 0.0 14 22.7223632159 2.2427990682 0 0 0 1 10 3 0 0 0 6 
767 1 2.3831 9.80708 20.6776 -4.86058e-04 -4.34103e-04 0.00212968 0.0022271584 0.0 14 21.1628717254 2.5118689428 0 0 3 2 2 4 3 0 0 7 
358 1 5.50859 12.6388 23.5574 0.00140892 -0.00381019 0.0018049 0.0044452522 0.0 12 20.0691449271 2.26125961 0 0 0 2 8 2 0 0 0 6 
897 1 3.75 13.5417 21.2812 -8.73445e-04 0.00189122 -0.0049389 0.0053602568 0.0 15 21.9758737633 2.2425762818 0 0 1 3 4 6 1 0 0 7 
165 1 6.57066 13.4417 20.4194 1.88623e-04 9.16849e-05 0.00119669 0.0012149287 0.0 15 22.491640274 2.2417939126 0 0 0 2 8 5 0 0 0 6 
97 1 6.89978 12.8284 26.0772 0.00269333 -5.42404e-04 4.04556e-04 0.0027770297 0.0 14 22.406761791 2.2749816682 0 0 2 2 4 4 2 0 0 7 
757 1 2.34925 14.1147 24.0505 -0.00172329 6.88051e-04 -1.87784e-04 0.0018650484 0.0 14 21.2107409528 2.2414279325 0 0 0 3 6 5 0 0 0 6 
226 1 3.44727 14.1184 18.0082 0.00295304 9.2563e-04 2.64819e-04 0.0031060208 0.0 15 23.1575190088 2.253560231 0 0 0 1 10 4 0 0 0 6 
185 1 4.86711 15.8441 19.7882 -0.00388602 -8.05802e-04 -0.00222072 0.0045477539 0.0 12 20.3154073529 2.2415484749 0 0 0 2 8 2 0 0 0 6 
47 1 5.8346 9.86403 24.0555 0.00412946 0.00234859 0.00181097 0.0050840857 0.0 15 23.583617466 2.3062444714 0 0 0 1 10 4 0 0 0 6 
540 1 6.23669 15.6755 22.4613 4.6112e-05 0.00337208 -0.00135347 0.003633859 0.0 13 21.3394398651 2.2425762818 0 0 0 1 10 2 0 0 0 6 
368 1 0.269904 15.3897 25.9054 -1.60534e-04 -2.39759e-04 7.97442e-04 8.4803849358e-04 0.0 14 21.9283492591 2.1554400257 0 0 1 3 5 3 2 0 0 7 
789 1 8.06454 11.323 22.1449 -0.00265791 0.00112943 -0.00363309 0.0046410603 0.0 14 22.1951962008 2.2686229058 0 0 0 3 6 5 0 0 0 6 
45 1 0.278806 12.8985 22.3859 -2.98195e-05 0.003324 5.8378e-04 0.0033750058 0.0 15 21.181555346 2.2792895115 0 0 2 2 5 4 1 1 0 8 
706 1 8.51586 11.1256 19.3867 -7.82472e-04 -6.03605e-04 -0.00246785 0.0026583613 0.0 14 21.5228927892 2.2670985597 0 0 1 3 5 3 2 0 0 7 
280 1 7.94635 16.3794 20.0605 -0.00358444 -8.3308e-04 -0.00267492 0.0045494428 0.0 15 22.158417 2.2042779903 0 0 0 0 12 3 0 0 0 6 
530 1 8.34697 13.6908 23.8528 -4.68891e-04 -0.00145268 -8.74906e-04 0.0017594313 0.0 16 22.7153728703 2.3149667896 0 0 1 4 4 4 3 0 0 7 
598 1 0.599619 12.281 25.2799 -0.00102162 0.00185428 -0.0017884 0.00277136 0.0 15 21.992934693 2.2240217256 0 0 1 3 5 4 2 0 0 7 
814 1 0.0516681 15.5956 22.568 0.00240597 0.00139112 7.04376e-04 0.0028670633 0.0 13 21.7024789654 2.2427990682 0 0 0 5 3 4 1 0 0 7 
59 1 13.4733 14.6214 16.5988 -4.61643e-04 -9.90097e-04 0.00488535 0.0050060015 0.0 17 23.3388566609 2.3156298799 0 0 2 3 4 4 4 0 0 7 
253 1 8.78921 10.0075 25.2722 7.54556e-04 0.00200123 -0.0025999 0.0033665645 0.0 14 25.3405357706 2.4347764752 0 0 1 3 5 3 2 0 0 7 
743 1 9.95526 12.2647 17.4836 3.65292e-04 0.00152167 -5.04168e-04 0.0016441117 0.0 15 23.976097417 2.3162934267 0 0 4 2 2 2 4 1 0 8 
17 1 13.3756 15.841 26.121 0.00205271 -0.0018524 0.00416372 0.0049981565 0.0 14 22.5526774237 2.2993484021 0 0 2 0 8 2 2 0 0 7 
909 1 10.6323 15.3755 25.4804 -8.84962e-04 -8.96236e-04 0.00155535 0.0020013771 0.0 16 24.8487947021 2.434020634 0 0 1 0 11 2 2 0 0 7 
179 2 14.3841 9.97227 19.4079 -0.00168614 0.00533916 -0.00140639 0.0057730088 0.0 16 16.8623492504 2.1810295579 0 0 2 5 2 2 4 1 0 8 
899 1 9.44997 15.6972 22.521 -0.00180594 0.00185827 1.50604e-04 0.0025956248 0.0 13 20.1195407917 2.158932528 0 0 0 1 10 2 0 0 0 6 
963 1 10.1221 9.06169 22.3187 -0.00318731 -0.00281917 2.33179e-04 0.0042615768 0.0 14 22.16355147 2.1988931709 0 0 0 3 6 5 0 0 0 6 
149 2 12.0213 10.1084 18.0182 0.00185132 0.00587622 -3.73265e-04 0.0061722503 0.0 15 17.0031028131 2.1844991104 0 0 2 5 1 2 5 0 0 7 
309 1 12.9704 9.63343 22.5651 0.00174535 1.77627e-04 3.92049e-04 0.0017976374 0.0 14 21.8616060215 2.3310444669 0 0 1 1 7 5 0 0 0 6 
877 1 15.5448 14.1282 19.1772 -0.00218646 0.00326382 0.00310955 0.0050102325 0.0 15 22.34653975 2.2436638878 0 0 1 2 7 3 2 0 0 7 
302 1 14.9386 13.2474 23.6007 3.90402e-04 -6.86039e-04 -1.22312e-05 7.8943830245e-04 0.0 17 22.3430710521 2.3310444669 0 0 1 4 4 5 3 0 0 7 
632 1 10.818 11.5205 23.5317 -0.00430897 0.00117757 -0.00242458 0.0050825665 0.0 16 22.2519917331 2.4585645618 0 0 2 3 5 2 3 1 0 8 
464 1 11.2175 11.0522 20.752 0.00101337 -0.00192046 -0.00494204 0.0053980408 0.0 14 20.5184167196 2.1793493579 0 0 0 5 3 5 1 0 0 7 
29 1 13.8248 12.2778 21.2098 -0.00170986 0.0024703 0.0034899 0.0046049327 0.0 14 21.8725863533 2.3274844629 0 0 0 5 4 3 2 0 0 7 
608 1 12.2135 16.6102 23.3463 1.79928e-04 -0.00155681 -0.00166838 0.0022890005 0.0 15 22.3338216153 2.3242385153 0 0 3 0 5 5 2 0 0 7 
164 1 14.2339 10.7861 25.2612 0.00296491 -0.00115515 0.00504235 0.005962412 0.0 13 22.568175167 2.3310444669 0 0 0 1 10 2 0 0 0 6 
504 1 17.0578 11.7169 25.031 -7.62181e-04 -0.00159997 0.00137753 0.0022446409 0.0 14 22.3032401327 2.3355077361 0 0 1 3 4 5 1 0 0 7 
455 1 16.0374 10.1381 22.8607 0.00406894 -0.00610725 -4.48567e-04 0.0073522777 0.0 15 23.4575568814 2.3685045609 0 0 1 2 7 3 2 0 0 7 
237 1 15.6739 17.0371 24.1182 -0.00300856 -1.0376e-04 -0.00144127 0.0033375828 0.0 16 23.1801013181 2.3242385153 0 0 0 4 4 8 0 0 0 6 
803 1 12.7083 11.1876 1.05381 -0.00235974 -0.00282427 -0.00461768 0.0059048999 0.0 14 21.9441575675 2.4585645618 0 0 2 0 8 2 2 0 0 7 
889 1 9.60085 13.4661 20.7918 0.00187574 0.00297673 -0.00423809 0.0055082419 0.0 14 22.1618105139 2.2686746568 0 0 0 1 10 3 0 0 0 6 
639 1 14.2313 15.4759 21.704 0.00309686 3.9235e-04 7.71769e-04 0.0032156038 0.0 13 21.3187407108 2.2993484021 0 0 1 0 9 3 0 0 0 6 
63 1 11.3742 16.0289 20.2258 9.43624e-04 -0.00141037 -0.00146972 0.0022449157 0.0 14 22.3090137309 2.3156298799 0 0 0 2 8 4 0 0 0 6 
956 1 11.9655 13.9162 22.7203 -0.00423642 0.00140052 0.00227236 0.0050072278 0.0 14 20.4142443169 2.2844744559 0 0 1 2 7 2 2 0 0 7 
242 1 12.4531 13.1395 25.3078 -0.00226047 0.00389461 -0.00160157 0.0047794077 0.0 13 22.4805682401 2.4304409629 0 0 3 0 6 2 1 1 0 8 
796 1 12.246 13.6737 19.1515 0.00344718 -0.00230828 0.00286204 0.0050400872 0.0 14 23.0791774614 2.2685732212 0 0 1 3 5 3 2 0 0 7 
77 1 17.0195 11.5894 20.5674 -5.08113e-04 -7.36876e-04 -1.47848e-05 8.9520034096e-04 0.0 16 22.6197721372 2.2597865601 0 0 3 2 3 4 4 0 0 7 
133 1 16.9044 14.2684 21.6533 0.00230722 -5.83011e-04 -0.00205263 0.0031426829 0.0 16 23.0127301201 2.2359344938 0 0 1 3 5 5 2 0 0 7 
500 1 16.5222 17.3308 21.134 0.00243061 -1.75645e-04 9.00114e-04 0.0025978686 0.0 13 21.2206754064 2.1755839137 0 0 0 2 8 3 0 0 0 6 
105 1 23.7516 16.7886 26.1435 -0.00306604 -0.00195496 -0.00248277 0.0044030236 0.0 14 22.1945926856 2.3272041908 0 0 1 2 7 2 2 0 0 7 
299 1 18.0433 16.8227 0.013815 -0.00146334 9.09511e-04 -9.02276e-04 0.0019449103 0.0 14 21.7475127408 2.2145814627 0 0 1 3 4 5 1 0 0 7 
91 1 22.1594 15.468 23.6734 8.83636e-04 5.68964e-04 -0.00391095 0.0040496991 0.0 14 20.8863637499 2.16448307 0 0 0 1 10 3 0 0 0 6 
167 1 21.8103 12.0342 23.6263 6.0456e-04 -9.25019e-05 -0.00110548 0.0012633825 0.0 15 21.1948850442 2.2311324783 0 0 0 3 6 6 0 0 0 6 
101 1 23.3189 12.8327 18.0929 0.00426594 -0.00182238 0.00153547 0.0048864078 0.0 15 22.2504646232 2.1938411042 0 0 1 3 4 6 1 0 0 7 
480 1 21.6582 9.51691 22.1999 -8.33806e-04 0.00139004 -0.00519507 0.0054420764 0.0 13 21.2263734715 2.2035300476 0 0 0 4 4 5 0 0 0 6 
200 1 25.5044 13.2262 19.9276 -1.67223e-04 0.00455677 1.59451e-04 0.0045626244 0.0 14 21.5550992744 2.2714684358 0 0 0 4 5 4 1 0 0 7 
587 1 25.8341 11.1252 17.7878 -0.00164322 -9.25935e-04 5.40462e-04 0.0019620466 0.0 14 22.0452969744 2.1701601084 0 0 0 1 10 3 0 0 0 6 
619 1 24.6357 12.0171 26.3303 -0.00405567 -0.00305678 -0.00343882 0.0061333389 0.0 14 22.7063562906 2.2311324783 0 0 1 4 4 2 3 0 0 7 
925 1 19.1507 16.736 23.3319 0.00377364 -0.00299875 -0.00411541 0.0063379381 0.0 15 23.1722802464 2.2923723385 0 0 1 2 6 5 1 0 0 7 
62 1 23.6201 11.0588 20.5835 0.00114276 6.24458e-04 0.00240426 0.002734285 0.0 14 22.2258902827 2.2177293965 0 0 0 2 8 4 0 0 0 6 
653 1 19.6204 14.5121 24.9591 1.39422e-04 -0.00138038 -0.00121697 0.001845509 0.0 13 20.5414902004 2.2359344938 0 0 0 3 6 4 0 0 0 6 
883 1 26.2915 10.1646 20.8747 0.0012741 -0.00141798 0.00276231 0.0033562411 0.0 14 21.897112189 2.3724578424 0 0 1 1 8 3 1 0 0 7 
411 1 22.7242 9.63379 24.9969 0.00213779 2.66385e-04 -0.00267964 0.0034382521 0.0 15 22.9900753385 2.1662197243 0 0 0 2 9 3 1 0 0 7 
402 1 24.9244 14.659 24.1686 0.00111508 0.00207415 1.9172e-04 0.0023626803 0.0 16 21.6244212104 2.2311324783 0 0 0 4 6 4 2 0 0 7 
844 1 23.257 13.8054 21.8853 0.00159362 -0.00238951 -0.00148243 0.0032321791 0.0 13 19.766843265 2.1509224808 0 0 0 4 5 3 1 0 0 7 
730 1 26.1694 17.4827 18.3004 -0.00123429 -0.0018701 0.00472976 0.0052336771 0.0 14 21.5584744296 2.3095818804 0 0 0 2 8 4 0 0 0 6 
170 1 21.6183 14.809 19.7716 -0.00215073 0.00256521 -0.00528473 0.0062557424 0.0 15 22.4191773313 2.2824581029 0 0 0 3 6 6 0 0 0 6 
93 1 24.0482 15.6259 17.9581 2.68748e-04 0.00345323 6.0592e-04 0.003516271 0.0 12 20.9983614847 2.2672924465 0 0 1 3 4 3 1 0 0 7 
707 1 24.2049 16.1372 20.7881 -0.00395556 -0.00418905 -7.21041e-04 0.0058064184 0.0 15 23.4913678284 2.3095818804 0 0 0 2 8 5 0 0 0 6 
403 1 19.1173 16.8848 20.0147 -5.56554e-04 0.00182488 -0.00140863 0.0023715349 0.0 14 22.6608882809 2.3291302812 0 0 0 2 8 4 0 0 0 6 
723 1 21.3 17.843 21.8651 -0.00200302 -4.56479e-04 -5.89442e-04 0.0021372656 0.0 15 24.8039184261 2.2809053387 0 0 0 3 6 6 0 0 0 6 
417 1 21.8723 13.4764 26.1522 -0.00253913 4.88123e-04 0.00151125 0.0029948826 0.0 13 20.8590346635 2.2311324783 0 0 0 3 6 4 0 0 0 6 
246 1 20.0077 11.2525 25.7919 -1.36051e-04 -4.03043e-04 -0.00271321 0.0027463543 0.0 12 21.0499005608 2.22029133 0 0 0 2 8 2 0 0 0 6 
48 1 24.6675 11.5713 23.2647 0.00195396 -0.00421667 0.00264515 0.0053474372 0.0 13 21.5378300156 2.2403633358 0 0 0 3 6 4 0 0 0 6 
628 1 20.8706 11.9495 20.3753 -1.86362e-04 0.00184053 0.00194982 0.0026877648 0.0 15 22.6652647631 2.1938411042 0 0 1 1 8 4 1 0 0 7 
581 1 20.0778 14.4403 22.0213 -0.00170174 0.00282951 0.00373178 0.0049827932 0.0 12 20.0593324109 2.1954585632 0 0 0 2 8 2 0 0 0 6 
490 1 18.9035 14.1582 19.5424 -0.00235178 -6.8611e-05 3.09767e-04 0.002373085 0.0 14 20.6818471657 2.1872127092 0 0 1 2 7 2 2 0 0 7 
379 1 18.8779 11.8065 23.0078 0.00111481 2.50336e-04 0.00213958 0.0024255457 0.0 15 21.9678972493 2.2359344938 0 0 1 4 3 5 2 0 0 7 
930 1 1.81132 25.2108 22.5779 0.00135299 4.32093e-04 -7.62626e-04 0.0016121057 0.0 14 21.8071592682 2.2590984618 0 0 1 3 5 4 0 1 0 8 
399 1 7.27332 20.886 24.3283 -0.00257205 -8.57207e-04 0.0025879 0.0037479957 0.0 14 22.0373892217 2.2178728487 0 0 0 5 3 5 1 0 0 7 
31 1 2.24768 23.7687 18.9867 -0.0018097 -1.24916e-04 1.06563e-04 0.0018171334 0.0 18 26.4483172458 2.4153417134 0 0 2 2 6 4 4 0 0 7 
554 1 3.93444 21.1055 24.2716 -0.00409043 0.00209693 0.00226485 0.0051242832 0.0 14 22.6606064815 2.4050124917 0 0 3 2 1 6 2 0 0 7 
421 1 5.92395 20.9792 21.7954 -0.00199539 -0.00169834 -0.00215995 0.0033957803 0.0 14 20.9419659819 2.2079800808 0 0 0 2 8 4 0 0 0 6 
913 2 4.37642 23.4989 25.8614 0.00285288 0.00386053 -0.00506172 0.0069759319 0.0 14 15.3793472751 2.1862421089 0 0 1 3 4 5 1 0 0 7 
934 1 3.44931 23.1182 22.0377 7.66539e-04 0.0030276 1.80672e-04 0.003128352 0.0 13 21.0954221337 2.2518835595 0 0 0 3 6 4 0 0 0 6 
458 1 6.26845 23.3818 23.0088 9.89658e-05 0.00102576 -4.73244e-04 0.0011339919 0.0 17 24.092831957 2.3036133247 0 0 0 4 5 7 1 0 0 7 
265 2 6.98171 23.1499 26.4563 4.67259e-04 -5.91736e-04 0.00186937 0.0020156951 0.0 13 15.461619238 2.1584353901 0 0 1 3 3 6 0 0 0 6 
130 1 2.19861 19.5805 22.5685 0.00213789 -0.00207365 0.00248329 0.0038777993 0.0 16 24.2402915843 2.2546639539 0 0 0 4 5 6 1 0 0 7 
902 1 3.46996 20.5511 20.1053 -0.00119964 0.0010146 1.71204e-05 0.001571255 0.0 14 22.4780292455 2.4153417134 0 0 2 3 3 3 3 0 0 7 
40 1 8.04876 22.3001 20.1435 -3.08497e-04 0.00551621 0.00138955 0.0056968932 0.0 13 22.3220049038 2.2224438304 0 0 0 2 8 3 0 0 0 6 
648 1 0.212737 17.9422 24.5712 0.00152543 -0.00187909 0.0036832 0.0044072529 0.0 14 22.185822252 2.2427990682 0 0 0 3 6 5 0 0 0 6 
82 1 7.34348 25.693 19.5593 6.65323e-04 0.00164995 0.00124304 0.0021702853 0.0 15 22.4236532516 2.4374469903 0 0 1 3 5 4 2 0 0 7 
618 1 1.24008 22.3454 24.2468 -9.61419e-04 -2.97365e-04 7.95724e-04 0.0012829377 0.0 15 23.4569039616 2.2587470665 0 0 0 3 6 6 0 0 0 6 
119 2 5.7798 25.2032 25.9596 -0.00309031 0.00193045 -0.00131446 0.0038735589 0.0 15 13.5119733633 2.2708682857 0 0 1 4 3 5 2 0 0 7 
304 1 5.5394 18.2407 21.0217 -0.00171914 0.00205825 -4.21075e-04 0.0027146159 0.0 13 21.1539169601 2.2035552569 0 0 0 1 10 2 0 0 0 6 
522 1 7.74966 18.6727 22.6636 -0.00204698 -0.00228813 8.55629e-04 0.0031871252 0.0 13 20.0818093682 2.2079800808 0 0 0 1 10 2 0 0 0 6 
64 1 4.77066 26.332 21.1822 -5.00757e-04 0.00106007 2.36985e-04 0.0011961053 0.0 16 25.8333987052 2.400682547 0 0 2 2 5 5 1 1 0 8 
710 1 2.22232 17.8042 19.6312 -0.00485652 -0.00164519 8.26151e-04 0.0051937426 0.0 13 20.5893831669 2.1517926637 0 0 0 1 10 2 0 0 0 6 
274 1 5.09092 23.5422 20.0336 -4.29454e-05 0.00318574 -8.17785e-04 0.0032893093 0.0 14 22.2832631204 2.4374469903 0 0 1 2 6 4 1 0 0 7 
506 1 0.565409 20.0223 19.0602 0.00248948 0.00243714 0.00321623 0.0047414447 0.0 14 20.8709388171 2.2674203978 0 0 1 2 7 2 2 0 0 7 
173 1 5.8358 21.1719 18.6993 6.24681e-04 -0.00375117 -1.14122e-04 0.0038045403 0.0 13 20.9549758898 2.4098488294 0 0 1 2 6 3 1 0 0 7 
953 1 0.829109 22.1358 21.1187 -0.00148053 0.00226938 0.00101493 0.0028934646 0.0 14 22.3414607218 2.2627289612 0 0 2 3 2 5 2 0 0 7 
761 1 5.18969 18.2458 24.0249 -4.07607e-04 -0.00399742 -0.00255867 0.0047636438 0.0 15 23.007698919 2.4127871845 0 0 1 2 7 3 2 0 0 7 
73 1 26.5969 18.2028 21.2458 -4.2151e-04 -0.00404308 -0.00116493 0.0042286202 0.0 14 22.9827145858 2.3044496456 0 0 2 0 7 4 1 0 0 7 
33 1 7.10357 18.8112 26.1634 0.00217298 -0.00422389 4.07252e-04 0.0047674881 0.0 14 22.7462007057 2.4076306567 0 0 1 4 2 6 1 0 0 7 
327 1 5.27092 17.8344 17.7276 7.57642e-04 3.50302e-04 -0.00129906 0.0015441146 0.0 18 25.2804375403 2.253560231 0 0 0 3 6 9 0 0 0 6 
946 2 4.35519 25.325 24.2441 3.32905e-05 0.00130091 0.00131695 0.0018514406 0.0 14 18.3812934763 2.3036133247 0 0 0 4 4 6 0 0 0 6 
800 1 8.35902 19.3328 19.8434 -4.44221e-04 0.00272132 0.00552734 0.006176925 0.0 13 21.0733438782 2.2090805031 0 0 0 1 10 2 0 0 0 6 
671 1 3.22511 26.5403 17.4935 -0.00256142 -6.86343e-04 -0.00295396 0.0039696119 0.0 15 23.895942068 2.4374469903 0 0 2 1 6 4 2 0 0 7 
543 1 1.72324 19.8931 26.064 0.00195424 4.44498e-04 -9.95414e-04 0.0022377403 0.0 16 23.9946670046 2.4050124917 0 0 1 3 5 5 2 0 0 7 
642 1 9.76685 24.5617 18.7188 -0.00111915 0.00201178 0.0049078 0.0054209092 0.0 14 21.7310478081 2.1575492679 0 0 0 4 4 6 0 0 0 6 
544 1 12.2482 23.1422 17.9964 6.01822e-04 8.46577e-04 -0.00608076 0.0061688349 0.0 16 22.013348095 2.1822616404 0 0 2 2 6 3 2 1 0 8 
626 1 13.5162 19.7988 17.766 -0.00157013 5.0016e-04 2.35938e-04 0.0016646726 0.0 14 22.2972300945 2.1839973975 0 0 0 2 8 4 0 0 0 6 
536 1 13.0266 21.2116 20.3485 0.00214952 -0.00198835 -0.00245859 0.0038234326 0.0 15 22.0082091639 2.2249814856 0 0 1 4 4 3 3 0 0 7 
50 1 13.5954 25.7873 22.719 0.0033435 -8.91059e-04 -8.89568e-04 0.0035727174 0.0 15 22.8164336033 2.2626777534 0 0 0 0 12 3 0 0 0 6 
239 2 10.39 24.4193 0.287008 -0.00183166 6.82598e-04 -0.0029848 0.0035679055 0.0 15 12.7273090985 1.9323847562 0 0 1 2 6 5 1 0 0 7 
770 1 16.7086 0.57106 23.3128 -0.00268197 7.10481e-04 -0.0014014 0.0031083224 0.0 15 24.4283915642 2.3816521346 0 0 0 0 12 3 0 0 0 6 
839 1 16.8838 22.2722 24.3908 -0.00124542 0.00141008 -0.00115713 0.0022086979 0.0 14 22.3822528117 2.4418725552 0 0 0 4 4 6 0 0 0 6 
340 1 16.3935 24.5144 22.1996 0.00176963 -0.00282717 -8.10898e-04 0.0034324971 0.0 12 19.4332919064 2.1297292075 0 0 0 0 12 0 0 0 0 5 
760 2 12.747 22.5511 0.122468 8.25995e-04 -0.00307657 -0.00243924 0.0040121618 0.0 14 19.9367933239 2.4472062562 0 0 0 3 7 3 1 0 0 7 
102 2 9.39783 24.4222 24.6159 0.00150481 -0.00137663 -0.00395914 0.0044535775 0.0 15 18.0246774174 2.2708682857 0 0 0 2 8 5 0 0 0 6 
30 1 15.3116 24.9736 24.8129 1.01409e-04 -0.00304268 -0.00204856 0.0036694391 0.0 15 25.0712975441 2.4472062562 0 0 0 2 8 5 0 0 0 6 
507 1 10.8928 18.3888 18.4437 0.00563942 6.90378e-04 1.94747e-04 0.0056848576 0.0 15 21.0909500995 2.1839973975 0 0 0 2 8 5 0 0 0 6 
939 1 12.753 20.2128 23.1643 -2.88551e-04 0.00156486 0.00199733 0.0025536984 0.0 14 21.5436870165 2.3242385153 0 0 1 3 5 3 2 0 0 7 
10 2 11.3187 21.9514 25.1378 -0.00119597 -9.62487e-04 8.7999e-04 0.0017694937 0.0 13 19.2061466019 2.282564469 0 0 1 3 5 2 2 0 0 7 
478 1 10.4892 18.5715 21.5587 -0.00176418 0.00179996 0.0029834 0.0039054913 0.0 13 21.6740144594 2.2249814856 0 0 0 1 10 2 0 0 0 6 
572 1 14.1959 23.9627 20.4823 5.53298e-04 5.35695e-04 -0.0036053 0.0036866375 0.0 12 18.646662103 2.0171778906 0 0 0 0 12 0 0 0 0 5 
942 2 8.60807 25.0399 22.2237 -9.42921e-04 -0.00333738 6.83125e-04 0.0035346662 0.0 12 19.7922264846 2.2508302239 0 0 1 3 4 3 1 0 0 7 
903 1 18.2222 21.5278 18.7257 0.00694246 0.00126487 6.77686e-04 0.0070892105 0.0 14 20.8776130998 2.2471985382 0 0 0 2 8 4 0 0 0 6 
699 1 17.0859 23.8943 19.138 1.79762e-04 -0.00272168 0.00278584 0.0038988153 0.0 13 20.0788835387 2.1645497326 0 0 0 1 10 2 0 0 0 6 
518 1 11.3641 23.5014 21.3739 0.00380746 -0.00180759 -0.00407051 0.0058594526 0.0 17 23.5855573396 2.2103286841 0 0 0 3 7 6 1 0 0 7 
266 1 15.9049 21.8566 20.9168 4.08947e-04 -0.0016123 -7.31672e-04 0.0018171662 0.0 14 21.0473354786 2.2217212514 0 0 2 2 5 3 1 1 0 8 
43 1 12.3906 18.8456 25.8336 -9.21681e-04 0.00291031 -0.00297568 0.0042631059 0.0 15 23.2874112726 2.3472791271 0 0 1 2 7 3 2 0 0 7 
39 1 14.6718 16.6855 18.9699 -0.00163347 -0.00351518 -0.00191098 0.0043216385 0.0 13 22.6830986184 2.3156298799 0 0 0 2 8 3 0 0 0 6 
976 1 15.675 19.487 22.7831 -6.80839e-04 -0.00202804 0.00214204 0.0030273459 0.0 14 21.6532660832 2.2939518851 0 0 3 2 3 3 2 1 0 8 
712 2 12.5166 0.200019 0.874362 -0.00168761 -5.4196e-05 -0.0012507 0.0021012413 0.0 13 14.6820884057 2.2600215998 0 0 0 2 8 3 0 0 0 6 
18 1 14.896 20.3686 25.4477 -1.4791e-04 -0.00165444 -5.86331e-04 0.0017614861 0.0 15 22.282168927 2.4472062562 0 0 0 5 3 6 1 0 0 7 
524 1 13.3329 18.5651 21.0885 -0.00283707 -1.1698e-04 0.00164036 0.0032792425 0.0 14 22.5657870847 2.2866240669 0 0 1 3 5 3 2 0 0 7 
948 1 12.1424 25.7665 20.0667 -4.36516e-04 6.18296e-04 6.55881e-04 0.0010015069 0.0 14 20.5359524571 2.2626777534 0 0 0 4 4 6 0 0 0 6 
311 1 9.87454 18.6812 24.472 0.00179234 0.00153169 -0.00236433 0.0033389539 0.0 15 23.496906102 2.3504456941 0 0 1 2 7 3 2 0 0 7 
833 1 9.81413 21.4853 22.693 -3.293e-04 7.48704e-04 7.66101e-04 0.0011206725 0.0 16 25.1773287144 2.2249814856 0 0 0 3 7 5 1 0 0 7 
252 1 10.3029 21.3177 18.95 -0.00147503 0.00185891 -0.001197 0.0026578316 0.0 14 21.9156569877 2.2249814856 0 0 0 3 6 5 0 0 0 6 
664 1 13.96 22.6998 23.2835 -3.2423e-04 -0.00218712 -0.00605815 0.0064490155 0.0 14 23.0784647477 2.402071854 0 0 0 3 6 5 0 0 0 6 
988 2 11.9713 24.6118 25.2713 0.00261023 1.20246e-04 0.00180668 0.0031767676 0.0 14 19.8018195012 2.2616816155 0 0 0 0 12 2 0 0 0 6 
539 2 11.8582 1.02108 24.5346 -0.00103912 -0.00253203 4.37591e-04 0.0027717201 0.0 12 14.0715172128 2.1311836351 0 0 0 2 8 2 0 0 0 6 
414 1 25.883 20.7367 23.0539 -0.00367593 0.00215549 0.00414368 0.0059437936 0.0 14 22.2391611679 2.2624536572 0 0 1 1 7 5 0 0 0 6 
112 1 26.7114 24.9808 24.4864 -0.00151103 -0.00193051 -0.00143421 0.0028402533 0.0 15 22.0914028653 2.3775397851 0 0 2 4 2 4 2 1 0 8 
920 1 26.3458 22.1719 26.7319 5.83485e-04 9.55816e-04 0.0015757 0.0019330984 0.0 16 24.5668674518 2.2771594504 0 0 0 4 6 4 2 0 0 7 
168 1 20.9036 26.229 24.0577 -0.00169695 -3.11297e-04 -0.00155393 0.0023219052 0.0 16 22.5411346906 2.3816521346 0 0 0 4 5 6 1 0 0 7 
542 1 23.8423 25.7679 24.8125 0.00433799 0.0026581 1.26094e-04 0.0050891603 0.0 14 22.0952999261 2.3040909358 0 0 0 4 4 6 0 0 0 6 
388 1 26.5737 25.0341 20.5726 0.00151147 -8.1187e-04 0.00245421 0.0029944651 0.0 14 23.7384352236 2.3775397851 0 0 0 4 4 6 0 0 0 6 
993 1 21.3866 0.0207977 19.7141 -0.00338839 -0.00496841 -0.00135744 0.0061651381 0.0 14 22.2352036589 2.2782480445 0 0 1 2 6 4 1 0 0 7 
882 1 18.8359 24.1918 24.6185 -5.45917e-04 0.00160228 0.00376063 0.004124035 0.0 14 21.8023643096 2.2824824919 0 0 0 0 12 2 0 0 0 6 
287 1 24.1979 22.739 25.1282 0.00111942 -0.00623708 -7.11417e-04 0.0063765494 0.0 14 20.8102619672 2.2171408152 0 0 0 4 5 4 1 0 0 7 
997 1 21.1214 23.677 22.8577 -0.00177797 -0.00201171 0.00257534 0.0037202864 0.0 13 20.9097142851 2.2171408152 0 0 0 2 8 3 0 0 0 6 
440 1 20.2678 19.6113 18.5488 0.0035952 -0.00173863 -0.001007 0.0041185369 0.0 12 21.8631987323 2.3292111861 0 0 0 4 4 4 0 0 0 6 
510 1 22.3796 23.8147 20.2866 0.00210106 -8.55684e-04 0.00127875 0.0026041985 0.0 15 23.5092629952 2.2771659066 0 0 1 3 5 4 2 0 0 7 
38 1 23.8096 20.0176 21.0434 -0.0010498 -0.00304416 1.80552e-04 0.0032251495 0.0 16 25.2811422096 2.3095818804 0 0 0 3 6 7 0 0 0 6 
240 1 22.4682 20.8166 23.4486 1.7761e-04 0.00161516 -0.00274654 0.0031912018 0.0 14 21.0332130726 2.2122050771 0 0 1 1 7 5 0 0 0 6 
571 1 24.7783 23.1815 22.3537 0.00246432 -0.00112828 -0.00169154 0.0031948703 0.0 15 24.8636132175 2.3673623865 0 0 2 3 3 4 3 0 0 7 
694 1 18.6425 22.4168 21.7331 0.00291497 0.0025651 0.00473347 0.0061222975 0.0 14 20.2195478727 2.2420557193 0 0 1 1 7 5 0 0 0 6 
745 1 23.207 25.9031 21.784 -6.78127e-04 0.00178186 8.22369e-04 0.0020763362 0.0 15 23.4103569648 2.3775397851 0 0 0 1 10 4 0 0 0 6 
711 1 25.4196 22.6213 19.0039 0.00232196 -0.00198694 -0.00335132 0.0045355016 0.0 14 23.7851230913 2.2771659066 0 0 0 2 8 4 0 0 0 6 
12 1 24.1859 26.4609 18.6324 -0.00268815 5.44997e-04 -0.00524301 0.0059171214 0.0 14 24.128444108 2.3337046395 0 0 1 1 7 5 0 0 0 6 
961 1 18.7313 21.6521 26.4362 0.00412911 -0.00126699 7.91302e-04 0.0043910104 0.0 14 20.9088684689 2.3370839412 0 0 0 3 6 5 0 0 0 6 
685 1 24.4154 19.7449 25.2778 2.148e-06 -5.38505e-04 -0.00177142 0.0018514646 0.0 12 21.2886577017 2.2462054876 0 0 0 2 8 2 0 0 0 6 
241 1 21.7581 23.9696 25.6462 0.00185166 -0.00287708 5.18336e-04 0.0034604778 0.0 13 20.3373379765 2.2225019695 0 0 0 1 10 2 0 0 0 6 
192 1 19.7872 23.8525 18.3504 -0.00201836 0.00250822 2.06967e-04 0.0032261091 0.0 15 23.0812115686 2.2663522358 0 0 0 3 6 6 0 0 0 6 
120 1 19.7919 21.1571 23.8887 -0.00100034 -1.63746e-04 0.00252744 0.0027231316 0.0 15 20.7603863884 2.2923723385 0 0 1 2 7 3 2 0 0 7 
612 1 21.1591 21.2225 20.8597 0.00337467 0.00233437 0.00355215 0.0054272876 0.0 14 21.8510693967 2.2193211508 0 0 1 3 4 5 1 0 0 7 
784 1 24.2154 17.484 23.3592 -0.00259156 0.00218962 0.00428519 0.005465663 0.0 13 21.8791496919 2.1261627808 0 0 0 1 10 2 0 0 0 6 
125 1 19.0419 25.2081 21.5335 2.01862e-05 0.00340848 3.11185e-04 0.0034227152 0.0 15 23.255333609 2.3810643499 0 0 0 1 10 4 0 0 0 6 
415 1 17.7511 19.0938 24.6051 5.23859e-06 0.00174164 -0.0037713 0.0041540391 0.0 14 23.5783465137 2.3370839412 0 0 0 3 6 5 0 0 0 6 
66 1 16.3699 19.1074 18.941 4.72835e-04 -0.00117274 -0.00130699 0.0018185475 0.0 16 23.7338485618 2.2217212514 0 0 0 3 6 7 0 0 0 6 
531 1 21.2684 18.5734 24.7992 -0.0014001 0.00290108 -0.00238901 0.0040104755 0.0 15 23.1459579039 2.3291319908 0 0 1 2 7 3 2 0 0 7 
958 1 18.6148 19.6509 21.2934 -4.38185e-04 0.00177659 -0.00240547 0.0030223441 0.0 15 23.2141723851 2.2923723385 0 0 1 2 6 5 1 0 0 7 
272 1 22.6628 18.1491 18.6651 0.00124277 0.00168728 0.00332451 0.0039298547 0.0 15 25.1236146707 2.3346160897 0 0 0 3 6 6 0 0 0 6 
