# Particles (1000 particles):
# "Particle Identifier" "Particle Type" Position.X Position.Y Position.Z Velocity.X Velocity.Y Velocity.Z "Velocity Magnitude" Centrosymmetry Coordination "Atomic Volume" "Cavity Radius" "Voronoi Index.1" "Voronoi Index.2" "Voronoi Index.3" "Voronoi Index.4" "Voronoi Index.5" "Voronoi Index.6" "Voronoi Index.7" "Voronoi Index.8" "Voronoi Index.9" "Max Face Order"
132 2 26.686 9.32703 5.33335 -0.00128059 0.00404647 0.00526651 0.0067638715 0.0 15 13.8089340726 2.0360034126 0 0 0 5 3 6 1 0 0 7 
196 2 0.798882 1.70782 2.62736 0.00256569 0.00333556 0.0041946 0.005941666 0.0 13 15.9386379772 2.3496369587 0 0 0 5 2 6 0 0 0 6 
285 2 4.0859 2.34581 5.75566 2.87356e-04 0.00197968 -0.00246783 0.0031767737 0.0 15 15.7976444833 2.105160026 0 0 0 4 6 3 2 0 0 7 
533 1 6.52471 5.1049 7.01655 -0.00236252 0.00187359 0.00126862 0.0032712745 0.0 17 22.8023654555 2.3705225029 0 0 0 5 5 4 3 0 0 7 
892 2 3.92161 0.871257 1.62082 0.0024063 -1.27101e-04 -0.00242734 0.0034202944 0.0 14 13.2155287425 1.9023679088 0 0 1 3 6 1 3 0 0 7 
719 1 3.31133 5.87017 1.60458 6.90659e-04 -6.44923e-04 -8.83734e-04 0.0012938011 0.0 16 21.4780947433 2.1745279122 0 0 0 4 5 6 1 0 0 7 
856 1 7.01358 7.46982 5.1834 -0.00116714 0.00130932 -0.00261974 0.0031527087 0.0 14 21.4684498363 2.1223397952 0 0 0 3 6 5 0 0 0 6 
962 1 3.98366 7.96624 3.9359 1.93014e-04 1.99438e-04 0.00152914 0.0015541232 0.0 15 21.9127446298 2.1727082938 0 0 1 2 7 3 2 0 0 7 
895 2 1.39973 5.10739 3.83148 5.3261e-04 0.00113806 -0.00288302 0.0031449417 0.0 13 17.4335310915 2.1727082938 0 0 0 3 7 2 1 0 0 7 
766 1 3.46188 8.6626 0.818492 -9.58713e-04 0.00202997 -0.00152675 0.0027149354 0.0 12 21.4288930192 2.2881549971 0 0 0 3 6 3 0 0 0 6 
967 1 4.95449 5.36231 4.24405 -8.21499e-04 -0.00115643 -0.00123383 0.0018800339 0.0 14 20.9001062432 2.1673619976 0 0 0 4 4 6 0 0 0 6 
148 2 6.14685 1.58695 7.38429 -0.00162469 -6.05359e-04 -0.00251714 0.0030564801 0.0 14 17.4546240621 2.3705225029 0 0 1 4 4 3 1 1 0 8 
126 2 2.95589 26.5069 5.97457 -0.00389611 0.00202334 -0.00138182 0.0046024998 0.0 14 12.597627658 1.8869839924 0 0 2 1 6 4 0 1 0 8 
3 2 0.96219 7.05977 5.09344 -0.00551412 7.60153e-04 0.00168962 0.0058170583 0.0 14 17.4413123668 2.1727082938 0 0 2 2 5 3 1 1 0 8 
249 2 1.83543 2.43069 7.16756 3.13637e-04 0.00396299 3.87149e-04 0.0039941886 0.0 16 16.3372891876 2.1236119766 0 0 1 5 2 5 3 0 0 7 
807 1 5.98586 7.35766 2.04096 9.18474e-05 -0.00152279 -0.00239905 0.0028430206 0.0 15 22.0346658309 2.2165332778 0 0 0 3 7 4 1 0 0 7 
817 1 3.63806 5.09508 6.51403 4.1745e-04 2.71745e-04 -0.00289335 0.0029359128 0.0 15 21.7557153501 2.1727082938 0 0 1 2 7 3 2 0 0 7 
777 2 5.17016 2.50265 3.02191 0.00348738 0.00432644 -5.42697e-04 0.005583406 0.0 15 14.560690778 2.1002865864 0 0 1 5 3 2 4 0 0 7 
613 2 5.60082 3.79025 1.15433 -0.00187154 -0.00565099 -1.6992e-04 0.0059552685 0.0 14 16.296865639 2.1237207113 0 0 1 3 5 3 2 0 0 7 
871 2 2.82473 2.88511 3.76384 -0.00142374 4.0123e-04 0.00215343 0.002612524 0.0 15 16.2757365522 2.1002865864 0 0 1 4 4 3 3 0 0 7 
737 2 6.28943 1.55195 0.550937 -5.34292e-04 -0.00178287 -0.00133635 0.0022912714 0.0 13 12.4068835269 1.8076746493 0 0 0 2 8 3 0 0 0 6 
462 2 2.98363 25.461 8.24605 0.00108079 6.25566e-04 -0.00374922 0.0039517199 0.0 13 12.8856091781 1.9687974174 0 0 0 3 6 4 0 0 0 6 
668 2 6.65166 2.61398 5.09749 -0.00230782 9.35365e-04 -5.04032e-04 0.0025406671 0.0 12 17.5675365098 2.1647334616 0 0 1 2 6 2 1 0 0 7 
37 1 7.23973 7.34051 8.4531 -0.0018117 -0.00182982 -0.00326536 0.0041584942 0.0 14 21.4787252323 2.1223397952 0 0 0 4 4 6 0 0 0 6 
131 1 4.50612 7.86225 6.9568 -0.00134619 -9.77708e-04 0.00594549 0.006173896 0.0 16 22.5528614505 2.1618620218 0 0 2 2 6 3 2 1 0 8 
501 2 2.80772 3.08985 1.11292 2.19984e-04 -0.00312787 9.55479e-04 0.003277942 0.0 13 17.2963978826 2.3171182457 0 0 1 3 5 2 2 0 0 7 
98 2 26.641 1.73175 9.64763 -0.00250546 1.35645e-05 -0.00142533 0.0028825474 0.0 12 15.122472889 2.2698227619 0 0 0 3 6 3 0 0 0 6 
494 2 2.57975 26.7748 3.6389 0.00214393 0.00316298 -0.00197457 0.00430114 0.0 16 14.0100110459 2.1300138768 0 0 1 4 5 2 4 0 0 7 
378 2 8.10259 2.85622 1.40094 0.00178981 8.31635e-04 -0.00151142 0.0024858453 0.0 18 16.6941374514 2.2195791796 0 0 1 6 3 4 3 0 1 9 
835 2 6.57516 2.96564 25.489 0.00159605 -0.00106116 0.00372523 0.0041893645 0.0 14 12.4128421964 1.8860689633 0 0 1 3 5 4 0 1 0 8 
244 1 0.184843 4.39316 1.08589 0.00424098 -0.00424247 0.00230606 0.0064266924 0.0 15 22.1516084003 2.352452996 0 0 0 5 4 4 2 0 0 7 
445 2 7.61488 26.1174 1.40052 -0.00448713 0.00478251 -0.00213282 0.0068960611 0.0 13 12.7663186087 1.9047207428 0 0 0 3 6 4 0 0 0 6 
482 2 3.6821 0.952125 8.07755 0.00197359 0.00188623 -0.00212429 0.0034591226 0.0 13 15.9794750061 2.2539396006 0 0 1 2 6 3 1 0 0 7 
896 1 0.713373 7.51526 1.8896 0.00286313 -0.0045761 0.00187867 0.0057155582 0.0 19 22.5578481185 2.488620469 0 0 1 3 6 7 1 1 0 8 
254 2 26.375 3.70226 8.18016 2.94127e-04 -6.94177e-04 -8.09328e-05 7.5824964067e-04 0.0 13 13.8751770811 2.0458054741 0 0 1 3 4 4 1 0 0 7 
11 2 1.20847 1.30148 5.24185 -0.00316234 0.00106674 0.00311743 0.0045669134 0.0 13 12.4231229907 1.9838460459 0 0 2 3 2 4 2 0 0 7 
23 2 0.63258 4.60273 6.08043 0.00515115 0.0023255 0.00127635 0.0057940802 0.0 13 13.8042874661 2.0658276273 0 0 1 3 5 2 2 0 0 7 
940 2 0.968051 6.18879 7.76929 6.69504e-04 -0.00137162 0.00337525 0.0037043069 0.0 15 17.3764447783 2.1377907352 0 0 2 4 2 3 4 0 0 7 
975 2 1.73704 8.68535 7.44559 -7.98253e-04 -7.43402e-04 -0.00243258 0.002665952 0.0 16 17.6734965589 2.1665220783 0 0 4 3 1 3 3 2 0 8 
574 1 7.70203 5.27161 3.42629 -8.11874e-04 0.00416532 0.00105588 0.0043730896 0.0 18 22.9768695302 2.2195791796 0 0 2 3 4 7 1 0 1 9 
473 2 8.29246 1.05054 6.55284 0.00310176 0.00518575 -0.00523475 0.0079947186 0.0 16 16.2445154044 2.2956156227 0 0 1 1 9 4 0 1 0 8 
235 1 8.57574 8.22914 2.7678 6.95034e-04 -0.00202371 -0.00178421 0.002786015 0.0 14 21.5422775242 2.2165332778 0 0 2 0 7 4 1 0 0 7 
732 1 17.0719 9.78436 7.38484 -0.00304617 0.00368732 -8.171e-04 0.0048521266 0.0 15 23.903690973 2.2782382811 0 0 1 4 4 3 3 0 0 7 
312 1 16.4447 5.47881 26.6271 -0.00117912 -0.00147836 -0.00117604 0.0022268683 0.0 14 22.006082083 2.2187005576 0 0 1 2 6 4 1 0 0 7 
516 2 14.5666 26.6423 5.38538 4.11964e-04 0.0019044 0.00158204 0.0025098415 0.0 15 16.8076758351 2.2333839023 0 0 0 2 8 5 0 0 0 6 
336 2 10.4689 2.33792 1.20735 -8.76953e-04 3.31025e-04 4.43301e-04 0.0010368895 0.0 11 13.9182475146 2.1296152997 0 0 0 3 6 2 0 0 0 6 
926 1 14.8707 6.67717 7.35875 0.00183224 0.00366695 5.60595e-04 0.0041373775 0.0 16 23.2467669998 2.309450114 0 0 1 4 3 6 2 0 0 7 
352 1 15.0833 3.85938 6.4329 0.00348977 3.72224e-04 -9.46727e-04 0.0036350155 0.0 15 22.8141457693 2.1771643567 0 0 1 4 3 5 2 0 0 7 
553 1 15.2253 8.45653 5.27818 -0.00125741 0.00504186 -1.30122e-04 0.0051979192 0.0 14 21.9734214352 2.2520749536 0 0 0 4 5 4 1 0 0 7 
988 2 10.1553 4.74359 0.995653 9.09875e-04 -0.00594253 0.00274124 0.0066072636 0.0 13 16.2587205386 2.2107440288 0 0 2 3 2 4 2 0 0 7 
122 1 13.6102 6.04476 4.09813 -4.9787e-04 0.00103103 -0.00134792 0.0017685547 0.0 16 24.8163987955 2.2983609646 0 0 0 2 8 6 0 0 0 6 
901 1 15.5298 4.28318 2.48815 9.25699e-04 -2.73388e-04 6.14667e-04 0.001144323 0.0 12 21.9879832309 2.2615105048 0 0 0 3 6 3 0 0 0 6 
780 1 9.0206 4.39899 6.03515 0.00137618 0.00364633 -0.00106545 0.0040403932 0.0 14 21.4528078297 2.3660984669 0 0 0 3 7 3 1 0 0 7 
42 1 12.3826 7.83865 6.05053 -0.00280553 -0.00519651 -0.00338603 0.0068073426 0.0 14 21.756858294 2.309450114 0 0 0 3 6 5 0 0 0 6 
221 2 13.5186 1.28789 6.88308 -0.00148607 7.52882e-04 0.00238183 0.0029066045 0.0 12 14.6026099957 2.1369502145 0 0 0 2 8 2 0 0 0 6 
357 1 13.7963 8.65806 2.72615 -8.4685e-05 -1.87266e-05 -9.22306e-05 1.2660457476e-04 0.0 13 21.2822601593 2.2337050939 0 0 0 2 8 3 0 0 0 6 
843 2 12.2649 0.394469 1.85873 0.00228328 0.00179501 0.00231456 0.0037138412 0.0 14 16.5068874032 2.1693212107 0 0 0 2 9 2 1 0 0 7 
662 1 13.2184 3.16574 0.709079 -0.00150189 0.00386292 2.00345e-04 0.0041494533 0.0 19 24.4463305118 2.3576552059 0 0 1 3 7 6 1 0 1 9 
459 2 9.80637 2.16455 8.37568 0.00237525 0.0025109 5.87441e-04 0.0035059262 0.0 13 17.756209578 2.3705225029 0 0 0 4 4 5 0 0 0 6 
223 1 10.0132 6.57398 7.50898 0.00312989 -0.00189719 -0.00119163 0.0038490938 0.0 15 21.6656675717 2.2476994282 0 0 1 2 6 5 1 0 0 7 
787 2 9.70254 1.82358 4.13518 4.89341e-04 4.65515e-04 0.00249107 0.0025810053 0.0 15 15.8777766231 2.1647334616 0 0 1 4 4 4 1 1 0 8 
425 2 16.4068 1.08862 7.25102 -0.00136599 0.00251141 8.00443e-04 0.0029688075 0.0 14 19.3438918186 2.2540706122 0 0 0 2 8 4 0 0 0 6 
829 1 11.9633 4.76754 6.32265 0.00134658 9.24746e-04 0.00193824 0.0025347992 0.0 18 24.7935252515 2.309450114 0 0 0 2 9 6 1 0 0 7 
942 2 7.32954 1.16781 3.11645 0.00107797 -2.64337e-04 -0.00148684 0.0018554209 0.0 12 13.7964731582 2.1647334616 0 0 1 3 4 3 1 0 0 7 
495 1 17.029 2.2086 4.44071 0.00166692 0.0053154 -2.48938e-04 0.0055762057 0.0 16 23.9421482322 2.3697665891 0 0 0 4 5 6 1 0 0 7 
358 1 10.6671 9.95576 1.28361 0.00164781 -0.00105558 7.6773e-04 0.0021021266 0.0 14 20.8607394 2.2083346364 0 0 1 3 4 5 1 0 0 7 
366 1 16.8541 6.7998 2.50643 0.00272404 -1.29766e-04 0.00259995 0.0037678871 0.0 14 20.933969737 2.2337050939 0 0 0 0 12 2 0 0 0 6 
14 1 10.1355 6.51418 4.63091 -7.65121e-04 0.00168103 4.78129e-04 0.0019078468 0.0 13 20.1601953354 2.118270672 0 0 1 0 9 3 0 0 0 6 
309 1 13.5407 2.78172 4.23034 4.50037e-04 -0.00163206 0.00284545 0.0033110027 0.0 14 22.0745367198 2.2885911109 0 0 1 2 7 2 2 0 0 7 
637 2 11.1622 1.76666 5.99672 -3.64122e-04 0.00783076 -0.00127757 0.0079426426 0.0 13 16.3693042147 2.0808372832 0 0 0 1 10 2 0 0 0 6 
968 1 16.7814 2.25699 0.387494 -0.00105859 -0.00166772 -0.00104768 0.0022359643 0.0 15 22.2267564332 2.2627365456 0 0 0 3 6 6 0 0 0 6 
219 1 17.2814 5.39652 4.76835 0.00174488 -0.00232122 0.00236248 0.0037435251 0.0 13 22.7833885773 2.3296152793 0 0 0 3 6 4 0 0 0 6 
83 2 10.8645 3.92072 3.1829 0.00428251 -9.66964e-04 0.00475658 0.0064730182 0.0 16 21.2520909651 2.2983609646 0 0 1 4 5 3 2 1 0 8 
454 1 15.1448 1.21378 2.53474 -9.79498e-04 -0.0023659 0.00242756 0.0035284482 0.0 13 20.441179914 2.2543955008 0 0 0 4 4 5 0 0 0 6 
509 1 11.0257 7.18581 1.97995 -0.00121915 -0.00119973 2.00435e-04 0.0017221652 0.0 14 20.8780447067 2.234944889 0 0 2 2 3 6 1 0 0 7 
562 1 22.2436 7.43193 26.178 0.00138592 -0.00269172 6.3123e-04 0.0030926659 0.0 16 21.718304634 2.1311980358 0 0 1 4 3 6 2 0 0 7 
593 2 25.7987 5.66422 3.92171 3.89627e-04 -5.60874e-04 0.00219215 0.0022960641 0.0 13 15.9427658634 2.0355935576 0 0 0 2 8 3 0 0 0 6 
6 2 23.3105 3.27511 8.74837 -9.20234e-04 -0.00368476 6.80142e-04 0.003858352 0.0 15 13.0380393765 2.0128137058 0 0 1 2 6 5 1 0 0 7 
369 2 24.4167 1.11619 8.63353 0.0010619 3.42999e-04 -0.00172003 0.0020503129 0.0 14 13.6681087854 2.0063072986 0 0 2 3 3 3 3 0 0 7 
147 1 19.5372 7.44251 2.36814 -0.00209638 4.7231e-04 0.0027248 0.0034702191 0.0 13 20.034453879 2.1754705574 0 0 0 2 8 3 0 0 0 6 
19 1 18.9459 1.29493 2.1791 -0.0014008 -0.0016918 0.00157563 0.0027031533 0.0 14 21.0387049276 2.2069975845 0 0 0 6 0 8 0 0 0 6 
364 2 21.0886 4.45293 8.22192 -2.63976e-04 -0.00387453 -0.00180364 0.0042819135 0.0 15 18.6403751406 2.253191811 0 0 1 3 5 4 2 0 0 7 
770 1 17.4437 26.1988 0.375775 0.00138852 0.00160906 -3.61804e-04 0.0021559137 0.0 13 20.3226467823 2.4279857416 0 0 0 3 6 4 0 0 0 6 
231 2 22.5305 1.66498 7.10033 0.00118051 0.00274708 -0.00412603 0.0050955055 0.0 15 19.3847839341 2.3489790212 0 0 0 5 3 6 1 0 0 7 
320 1 25.779 8.35999 26.2446 -0.00260594 -0.00284117 0.0018594 0.0042802498 0.0 13 21.545739391 2.4184919022 0 0 0 3 6 4 0 0 0 6 
52 1 19.3082 1.4531 6.01561 -9.37737e-04 -0.00191153 0.00328461 0.0039143276 0.0 16 24.0408355553 2.340844495 0 0 0 5 4 5 2 0 0 7 
449 1 20.3453 8.28928 7.33533 -0.00145596 -0.00294184 -0.00217124 0.0039355464 0.0 17 22.7308365596 2.3838746041 0 0 2 3 5 3 3 1 0 8 
58 2 26.3663 8.19752 8.67472 0.00187132 0.00444047 -0.00141549 0.0050222728 0.0 13 16.2684437161 2.2012853155 0 0 0 3 6 4 0 0 0 6 
339 1 18.7376 4.28343 1.94772 0.00401769 -0.00291669 -0.00291485 0.0057571924 0.0 14 23.1444194906 2.3697665891 0 0 0 1 10 3 0 0 0 6 
994 2 23.5118 4.75013 4.21964 7.81347e-04 -0.00214888 0.00210637 0.0031088556 0.0 14 18.675319323 2.3282211626 0 0 0 3 7 3 1 0 0 7 
638 2 22.5847 4.15088 6.47857 -4.34411e-04 -1.52143e-04 -0.0073593 0.00737368 0.0 12 14.7501733699 2.2434290345 0 0 0 2 8 2 0 0 0 6 
371 2 24.9925 7.70193 4.42386 0.00114963 0.00114163 0.00590028 0.0061186822 0.0 13 15.0859601293 2.3163726888 0 0 1 3 4 4 1 0 0 7 
338 1 25.5346 0.814762 0.568192 0.00270788 0.00181709 -0.002546 0.0041372148 0.0 15 23.8703514343 2.352452996 0 0 0 1 10 4 0 0 0 6 
729 2 25.07 4.52293 6.3625 5.41579e-04 -9.28062e-04 -0.00118703 0.0016011393 0.0 13 12.6033311875 2.0128137058 0 0 1 0 9 3 0 0 0 6 
919 2 26.1826 1.79295 6.86996 -0.00500866 0.00328176 0.00458628 0.007542585 0.0 16 13.4776024938 2.0128137058 0 0 0 4 5 6 1 0 0 7 
341 2 25.7503 6.89515 6.72846 -0.00303791 4.69808e-04 0.00153009 0.0034337723 0.0 14 13.2716486672 2.0699652909 0 0 1 3 4 5 1 0 0 7 
846 1 20.7997 2.67142 0.754557 0.001434 -4.8365e-04 -0.00163097 0.0022249352 0.0 13 20.0036970793 2.1654076574 0 0 0 3 6 4 0 0 0 6 
395 2 24.424 2.40252 5.19177 -8.95988e-04 0.00103344 0.00142748 0.0019769906 0.0 13 16.3247017495 2.3489790212 0 0 0 2 8 3 0 0 0 6 
222 1 24.2399 6.63601 1.33767 -0.00283199 -0.00183277 -2.64109e-04 0.0033836322 0.0 14 22.6290062664 2.2744834366 0 0 0 3 6 5 0 0 0 6 
781 1 21.1597 2.65304 3.62031 7.99314e-04 0.00221124 7.87005e-04 0.0024794883 0.0 14 23.4300137665 2.3697665891 0 0 0 2 8 4 0 0 0 6 
623 1 22.9553 0.822119 2.45427 0.0023937 0.00138456 0.00152819 0.0031594574 0.0 14 24.082621389 2.3436880919 0 0 0 1 10 3 0 0 0 6 
978 1 20.3453 5.1782 5.1379 2.4953e-04 7.33231e-04 -0.00177762 0.001939027 0.0 17 25.2689173573 2.3697665891 0 0 0 2 9 5 1 0 0 7 
258 2 23.4046 6.30665 5.85155 -0.00123335 -0.00149276 -9.9347e-04 0.0021763426 0.0 14 15.8853108701 2.3427512428 0 0 1 4 4 2 3 0 0 7 
704 1 24.4101 3.26512 1.64224 3.1677e-04 0.00456033 8.36795e-04 0.0046472765 0.0 17 24.8259641555 2.1654076574 0 0 0 3 7 6 1 0 0 7 
924 1 17.9047 8.55425 4.45866 -0.00113276 -4.55695e-05 -9.07966e-04 0.0014524545 0.0 13 21.4478509516 2.231755898 0 0 0 5 3 4 1 0 0 7 
198 1 20.9806 8.08982 4.6709 -0.00232984 1.71854e-04 -1.03433e-04 0.0023384582 0.0 14 21.6366745856 2.3282211626 0 0 2 4 1 4 3 0 0 7 
588 2 24.2 26.4247 5.69545 0.00215705 4.7146e-04 5.50049e-04 0.0022754545 0.0 15 20.7102442723 2.3489790212 0 0 1 4 3 5 2 0 0 7 
951 1 22.2956 8.50499 2.101 -0.00102378 0.00198674 -6.14742e-04 0.0023180097 0.0 14 21.1467515093 2.3282211626 0 0 1 2 6 4 1 0 0 7 
666 1 21.308 5.4785 1.75817 3.92207e-05 3.68994e-04 -0.00150374 0.0015488476 0.0 14 23.3768715615 2.3282211626 0 0 0 2 8 4 0 0 0 6 
943 2 25.9181 0.864982 4.05754 -0.00437461 0.00166216 9.23963e-04 0.0047700835 0.0 14 15.9510762209 2.1876422982 0 0 0 1 10 3 0 0 0 6 
137 2 26.5226 2.97282 4.44924 -7.98758e-04 -0.00228506 4.36643e-04 0.0024597095 0.0 14 13.9620589145 2.0310613391 0 0 1 3 4 5 1 0 0 7 
898 1 18.2107 4.11913 7.09376 8.15065e-04 0.00154558 0.00592783 0.0061799933 0.0 15 24.1350089575 2.2916436346 0 0 3 2 4 2 3 1 0 8 
805 1 17.838 6.87638 7.26714 -0.00212873 0.00442639 0.00296617 0.0057378205 0.0 16 22.1678254566 2.253191811 0 0 3 3 2 4 3 1 0 8 
332 2 5.21333 11.4616 7.3243 -0.00119499 -0.00180618 0.00163575 0.0027140312 0.0 14 17.2690798541 2.070221127 0 0 1 2 7 2 2 0 0 7 
104 2 7.32949 10.349 7.35771 -6.57909e-04 0.00102171 -3.7953e-05 0.0012158026 0.0 13 16.4123458308 2.0788890689 0 0 1 3 5 2 2 0 0 7 
722 2 0.703548 18.8684 26.7286 0.0058985 0.00275485 3.63182e-04 0.0065202302 0.0 12 16.6084302503 2.0837869787 0 0 0 2 8 2 0 0 0 6 
680 1 6.13513 9.96715 4.76692 -0.00148356 0.0041552 8.93498e-04 0.0045016637 0.0 14 21.3267261275 2.2165332778 0 0 0 1 10 3 0 0 0 6 
853 2 3.26478 13.1792 6.62663 0.00532473 0.00315669 0.00361783 0.0071698072 0.0 13 16.430773258 2.0902353901 0 0 1 0 9 3 0 0 0 6 
795 2 1.29427 15.848 3.13333 -5.87725e-04 0.00279209 -0.00370136 0.0046734626 0.0 11 15.1997875707 2.1621696797 0 0 0 4 4 3 0 0 0 6 
326 1 7.47115 17.9071 8.37398 -4.09478e-04 -4.40099e-05 0.00224463 0.0022820984 0.0 16 22.4624894247 2.2771765232 0 0 2 3 4 3 4 0 0 7 
234 1 8.45379 14.064 3.55787 0.00365673 0.00107262 -7.42186e-04 0.0038823998 0.0 14 21.5521309687 2.1848016209 0 0 0 2 8 4 0 0 0 6 
171 2 7.39444 13.3338 7.34956 4.30663e-05 0.00325921 0.00170421 0.0036781295 0.0 13 17.7620926766 2.2126586215 0 0 1 2 6 3 1 0 0 7 
869 1 4.71049 16.9346 6.54959 9.27384e-04 0.0011214 0.0025152 0.0029058235 0.0 14 20.0707373808 2.2459815295 0 0 2 3 3 3 3 0 0 7 
598 1 2.56715 11.4655 0.837731 -0.002782 -0.00204417 0.00228 0.0041372158 0.0 17 21.5656066294 2.488620469 0 0 1 4 4 5 3 0 0 7 
576 1 4.08061 14.8248 1.63616 -0.00151141 0.00395935 -0.00139153 0.0044606242 0.0 17 22.0848022534 2.1758726521 0 0 0 5 4 6 2 0 0 7 
215 2 2.72405 11.084 8.05271 0.00128732 0.00188444 -0.00147611 0.0027179418 0.0 14 15.4738892153 2.1176920862 0 0 0 4 4 6 0 0 0 6 
321 2 8.59941 11.8294 5.82839 0.00184643 0.00191938 -0.00165643 0.0031364125 0.0 13 17.6926796978 2.3463661301 0 0 1 2 6 3 1 0 0 7 
429 2 2.04627 15.452 7.30865 1.97488e-05 4.76657e-04 -6.9612e-05 4.8211797446e-04 0.0 15 18.9312703862 2.2424303385 0 0 0 4 4 7 0 0 0 6 
532 1 9.16121 15.3995 8.83886 -0.0033328 5.32823e-05 -2.74697e-04 0.0033445259 0.0 14 21.3093270944 2.2771765232 0 0 1 3 6 2 1 1 0 8 
966 2 0.110964 10.5624 7.6655 -0.00343784 -0.0056677 7.58222e-04 0.0066720662 0.0 15 12.8859433428 2.0523842629 0 0 0 2 8 5 0 0 0 6 
470 2 26.536 15.3394 7.76297 -0.00112983 0.002229 6.94872e-04 0.0025938011 0.0 13 16.39049004 2.1791715928 0 0 0 1 10 2 0 0 0 6 
350 1 2.33889 17.8509 5.52819 -7.79292e-05 -9.41436e-04 -9.94466e-04 0.0013716185 0.0 15 20.5836115608 2.1480434902 0 0 1 3 5 4 2 0 0 7 
870 1 8.49044 12.1518 0.209417 -8.01232e-05 0.00223261 -4.85478e-04 0.0022861881 0.0 14 20.8284581663 2.1601733724 0 0 1 4 4 2 3 0 0 7 
412 2 5.34423 14.2857 7.65396 0.00163984 -0.00154346 -0.00172083 0.0028341842 0.0 14 17.7473247055 2.2771765232 0 0 0 4 5 4 1 0 0 7 
233 2 2.99817 10.6301 5.63538 0.00402165 0.00162748 0.00401512 0.0059113068 0.0 15 17.7771775763 2.1665220783 0 0 1 2 7 3 2 0 0 7 
629 1 5.5627 12.8634 4.30777 6.12829e-04 -0.00163623 -0.00365568 0.0040517656 0.0 16 22.4828358741 2.145988708 0 0 0 1 10 5 0 0 0 6 
983 1 7.0445 15.7611 5.63651 -0.00237974 0.00183489 5.73932e-04 0.0030593107 0.0 13 22.1792086097 2.2771765232 0 0 0 1 10 2 0 0 0 6 
687 2 5.81623 18.1417 0.176411 9.31339e-04 6.06539e-04 3.75287e-04 0.0011730824 0.0 13 18.2714427088 2.2760946903 0 0 1 0 9 3 0 0 0 6 
749 2 1.67408 9.9033 3.70099 -0.00138696 0.00373706 0.00222269 0.0045639485 0.0 13 18.3430560908 2.4426034176 0 0 2 2 5 1 3 0 0 7 
859 1 2.84877 12.9201 3.25215 0.00304453 8.36027e-04 9.59307e-04 0.0032997536 0.0 15 19.9731183629 2.1742975876 0 0 1 2 7 3 2 0 0 7 
567 2 1.80612 16.4109 0.908596 -0.00359778 0.00233667 0.00240747 0.0049193454 0.0 12 16.976531545 2.1403034709 0 0 1 4 2 4 1 0 0 7 
913 2 3.16095 18.4596 0.654769 -0.00152571 0.00200167 0.00341243 0.0042401831 0.0 14 14.8485196205 2.1463894723 0 0 1 3 4 5 1 0 0 7 
798 1 4.39253 10.7412 2.74225 -0.00160921 -0.00172673 -0.00120765 0.002651334 0.0 13 19.7259349567 2.1714288676 0 0 1 2 6 3 1 0 0 7 
485 2 0.581813 14.299 5.0825 -0.00540026 9.15879e-04 0.00165055 0.0057206606 0.0 16 16.3951290543 2.1480434902 0 0 0 2 8 6 0 0 0 6 
270 2 0.939335 11.8116 5.44557 0.00326667 -0.00177694 0.00179601 0.0041296853 0.0 13 13.6825973948 1.9322898022 0 0 0 3 6 4 0 0 0 6 
537 1 6.4688 10.1004 0.624392 6.68264e-04 5.7215e-04 -0.00381671 0.0039167854 0.0 18 24.4647674906 2.2165332778 0 0 1 5 4 3 5 0 0 7 
914 1 6.37347 12.9832 1.6279 -0.00305475 -5.26808e-04 -0.00624206 0.0069693857 0.0 14 20.4177731923 2.1742975876 0 0 0 4 4 6 0 0 0 6 
757 1 6.75424 16.1036 2.62182 -0.00295291 0.00322341 0.00192748 0.0047775756 0.0 14 22.2438855271 2.2580128202 0 0 0 0 12 2 0 0 0 6 
764 1 4.14195 15.557 4.34103 -0.00285055 -2.87749e-04 0.00220874 0.0036175914 0.0 15 22.1590409155 2.2580128202 0 0 0 4 5 5 1 0 0 7 
872 2 1.11443 12.9608 7.61694 4.79223e-04 1.1678e-04 0.00169934 0.001769477 0.0 12 12.1508351637 1.7524331466 0 0 0 0 12 0 0 0 0 5 
255 1 9.59096 17.2316 6.45136 0.00204441 0.00569072 0.00190559 0.0063399668 0.0 13 20.9026926934 2.1412174 0 0 0 3 6 4 0 0 0 6 
44 2 9.5067 9.47474 8.92791 0.00328201 0.00139771 -0.00114292 0.0037458576 0.0 13 15.1627362735 2.1273183206 0 0 0 3 6 4 0 0 0 6 
858 1 14.4396 12.4765 8.52156 0.00229966 0.00113357 -5.81227e-04 0.0026289241 0.0 16 23.8039995351 2.2349468344 0 0 1 4 5 3 2 1 0 8 
590 2 9.2865 9.57998 6.08475 -0.00446997 0.00180522 -5.35646e-04 0.0048503987 0.0 15 19.9552252715 2.1702916536 0 0 1 4 4 3 3 0 0 7 
382 1 12.3619 16.6374 5.62737 -0.0034427 -0.00353024 0.0014281 0.0051336388 0.0 14 21.8314954375 2.2139936924 0 0 0 2 8 4 0 0 0 6 
128 1 11.2964 12.3894 3.91319 -0.00296663 0.00168022 -6.2239e-04 0.003465747 0.0 14 22.4440647495 2.3463661301 0 0 1 2 6 4 1 0 0 7 
452 1 13.5249 11.3432 1.87881 0.00287327 -0.00116103 -0.00102183 0.0032630979 0.0 15 21.5003636467 2.2204762607 0 0 0 4 4 7 0 0 0 6 
905 2 8.55751 11.1842 3.1908 -0.00131343 -0.00534368 -1.35363e-04 0.0055043926 0.0 14 22.0249466393 2.2032446911 0 0 0 3 6 5 0 0 0 6 
33 1 8.98441 14.88 0.593966 2.09832e-04 0.00113919 -0.00344671 0.0036361509 0.0 14 23.2112849007 2.3984786331 0 0 1 2 7 2 2 0 0 7 
841 1 16.9745 15.22 6.91784 -5.2092e-04 -2.69763e-04 -0.00165915 0.0017598035 0.0 12 19.8249425239 2.2066294942 0 0 2 2 4 2 2 0 0 7 
804 1 10.204 14.5504 5.80963 0.00275569 -0.00205002 0.00130809 0.0036752563 0.0 15 22.2127040663 2.3463661301 0 0 0 1 10 4 0 0 0 6 
822 1 11.3782 16.9719 8.78683 -5.3658e-04 0.00158396 4.68337e-04 0.0017367173 0.0 16 21.0926816507 2.2235579169 0 0 0 4 4 8 0 0 0 6 
818 2 11.5199 11.3453 9.56295 -0.00184519 -0.00257213 1.98692e-04 0.0031717594 0.0 12 13.381448494 2.046276461 0 0 1 2 5 4 0 0 0 6 
850 1 12.1571 15.0988 3.12778 0.00103185 0.00380445 -3.42373e-04 0.0039567377 0.0 17 24.5834238841 2.3984786331 0 0 0 2 9 5 1 0 0 7 
110 1 9.48745 16.8939 3.52135 1.06438e-04 4.46485e-04 -0.00191425 0.0019685098 0.0 16 23.5194197022 2.2497327377 0 0 0 3 7 5 1 0 0 7 
491 2 10.8962 17.832 0.599678 -7.49628e-04 0.00116073 0.00332655 0.0036021065 0.0 13 18.8146471907 2.3984786331 0 0 1 1 9 0 2 0 0 7 
55 1 14.2538 15.863 7.76198 0.00138317 -0.00226532 -0.00276935 0.0038359006 0.0 16 21.9571820406 2.2853248328 0 0 1 3 4 7 1 0 0 7 
512 1 12.9989 13.7934 5.8774 -0.00118778 8.74746e-04 8.70078e-04 0.0017126113 0.0 13 22.0705128645 2.3448924004 0 0 1 0 9 3 0 0 0 6 
791 2 14.8596 18.2412 2.55447 -0.00287331 -0.00193572 0.00151343 0.0037806603 0.0 13 13.3553883001 2.1230796049 0 0 2 2 5 1 3 0 0 7 
293 1 15.2446 16.1562 4.79069 0.00570239 1.75607e-05 0.0037959 0.0068502859 0.0 17 22.6586567074 2.2151737882 0 0 1 3 6 4 3 0 0 7 
102 2 16.939 18.0586 3.08181 -0.00101785 0.00159444 0.0025876 0.0032052974 0.0 13 15.7877186122 2.2126575389 0 0 3 3 1 3 2 1 0 8 
242 1 16.3296 13.285 0.703825 -2.32044e-04 -0.00107833 -0.00330877 0.0034877785 0.0 16 23.8879481793 2.2754144909 0 0 0 5 3 7 1 0 0 7 
656 1 13.6817 10.7462 5.02417 1.67692e-04 -0.00183948 0.00568198 0.0059746719 0.0 14 22.8422187326 2.2782382811 0 0 1 1 8 3 1 0 0 7 
428 2 14.9578 16.0187 1.8365 -0.00244951 1.83562e-04 -0.00345059 0.0042356069 0.0 13 17.6167185174 2.1765627092 0 0 3 2 2 3 3 0 0 7 
322 2 11.6679 10.47 7.38962 0.00313705 0.00376203 0.00334396 0.0059309376 0.0 16 20.816528754 2.3463661301 0 0 0 3 7 5 1 0 0 7 
535 1 11.2289 9.32593 3.9393 -0.00470271 0.00126868 0.00102012 0.0049765123 0.0 14 20.1202386731 2.1668329002 0 0 1 3 5 3 2 0 0 7 
985 1 16.2556 10.8452 2.94439 -9.23881e-04 0.00246877 0.00320501 0.0041497555 0.0 15 23.1176092692 2.2520749536 0 0 0 3 7 4 1 0 0 7 
918 1 14.8035 13.5287 3.54178 9.54277e-04 -0.0010337 -0.00214395 0.0025643131 0.0 13 22.1457451349 2.2204762607 0 0 1 2 5 5 0 0 0 6 
911 1 16.0326 12.3634 6.1974 -0.00308844 0.00125277 -0.00197482 0.0038739913 0.0 16 23.3058587056 2.2782382811 0 0 2 3 4 3 4 0 0 7 
923 1 19.5427 16.7731 7.94667 0.00143201 -0.0033675 -0.00134434 0.003898456 0.0 14 23.2615483337 2.3268473485 0 0 0 3 6 5 0 0 0 6 
367 1 17.7065 14.0428 4.20585 -0.00584654 -0.00211221 6.49736e-04 0.0062502494 0.0 15 22.2792273848 2.181768405 0 0 2 3 4 3 2 1 0 8 
469 1 11.2453 12.9661 1.10627 0.00731919 -2.32015e-04 0.00315743 0.0079745682 0.0 13 21.3088645563 2.3668551138 0 0 2 2 5 1 3 0 0 7 
100 2 9.19431 12.0015 8.19822 -0.0016579 -0.00153303 3.86795e-04 0.0022909439 0.0 14 16.2020777762 2.3441582281 0 0 1 2 6 4 1 0 0 7 
17 1 18.028 9.52489 1.28061 -0.00319032 0.00273226 0.00235673 0.0048163848 0.0 15 20.7697391823 2.1661385584 0 0 1 3 6 2 3 0 0 7 
187 2 0.261452 13.9877 2.30079 6.4747e-04 -0.00100766 1.97275e-05 0.0011979087 0.0 14 17.0837194565 2.1660326971 0 0 0 4 4 6 0 0 0 6 
691 2 26.6345 11.5988 2.94817 -0.00240111 0.00336016 -0.00118129 0.0042955152 0.0 15 17.1017443877 2.4696396228 0 0 1 3 5 5 0 1 0 8 
483 2 19.3585 18.5105 2.75625 5.27463e-04 -0.00160505 0.00422772 0.0045528034 0.0 16 21.4423603493 2.3231863844 0 0 0 4 5 6 1 0 0 7 
681 2 24.16 14.497 8.41496 -0.00123783 0.0014956 0.00135041 0.0023648784 0.0 12 14.8778991618 2.135159182 0 0 0 0 12 0 0 0 0 5 
217 1 19.0802 16.4002 4.88027 -6.48555e-04 4.0068e-04 0.00224843 0.0023741536 0.0 15 22.5825832358 2.2126575389 0 0 0 4 5 5 1 0 0 7 
621 2 24.7748 15.2904 5.63486 4.14219e-04 -3.10373e-04 0.00104548 0.0011665921 0.0 13 15.4255378174 2.3133117051 0 0 1 0 9 3 0 0 0 6 
150 1 24.0132 17.817 8.44371 6.92161e-04 0.00231207 -9.79625e-04 0.0026046919 0.0 17 24.3653079493 2.3470510172 0 0 1 1 9 5 0 1 0 8 
43 1 20.1063 17.1085 0.21665 -6.33636e-04 -3.38967e-04 0.00275417 0.0028463741 0.0 13 19.9575247249 2.2180808448 0 0 0 2 8 3 0 0 0 6 
992 1 19.4456 11.178 8.13914 -4.78553e-05 -4.0811e-04 -9.19731e-04 0.0010073475 0.0 14 21.9900691837 2.3449559984 0 0 0 3 6 5 0 0 0 6 
909 1 18.8896 12.2776 1.98149 0.00169534 -0.00327202 0.00150672 0.0039812684 0.0 14 21.3577776035 2.2968684139 0 0 1 3 4 5 1 0 0 7 
354 2 23.7012 17.2279 4.58977 -0.00152736 -0.00362409 -0.00151696 0.0042152135 0.0 13 19.4377641554 2.3136133234 0 0 1 2 6 3 1 0 0 7 
363 1 20.5932 10.0001 0.260825 0.00239729 0.00240687 -0.00370872 0.0050293764 0.0 14 21.1169599913 2.2656352219 0 0 0 4 4 6 0 0 0 6 
5 2 24.9504 9.26162 7.10101 6.82832e-04 8.36487e-04 0.00392546 0.0040712659 0.0 15 15.8388299108 2.3838746041 0 0 2 4 3 3 2 0 1 9 
360 2 25.3444 13.4072 4.26897 -8.28578e-04 -0.00281864 6.18972e-04 0.0030023989 0.0 12 11.173473298 1.7730166374 0 0 0 2 8 2 0 0 0 6 
551 2 22.2474 12.7031 8.46877 -0.00299328 -0.00323285 0.00310984 0.0053927868 0.0 12 17.2163450951 2.1924172312 0 0 0 0 12 0 0 0 0 5 
136 2 24.438 13.3892 2.01531 -0.0014294 0.00223797 0.00384682 0.0046743682 0.0 13 16.6251117007 2.2519331978 0 0 0 1 10 2 0 0 0 6 
411 1 20.6969 10.5084 3.30581 -0.00235373 -0.00123636 -1.73975e-06 0.0026586903 0.0 14 19.9948149694 2.1122966634 0 0 0 3 6 5 0 0 0 6 
281 2 23.4255 12.0004 3.6575 -0.00500864 -0.00272127 0.00135899 0.005859918 0.0 14 17.4578690172 2.1177070753 0 0 0 2 8 4 0 0 0 6 
947 1 20.5097 13.2241 4.44966 0.00111169 8.76193e-04 -0.00489306 0.0050936829 0.0 13 20.1461768288 2.1926375802 0 0 0 1 10 2 0 0 0 6 
155 1 22.7439 16.285 1.31228 5.67197e-04 0.00329791 -0.00123317 0.003566319 0.0 15 22.7669594438 2.350771474 0 0 0 3 7 4 1 0 0 7 
715 1 19.4093 13.7874 7.26124 8.52803e-04 -0.00137821 -0.0013629 0.0021176006 0.0 15 21.4477911354 2.1926375802 0 0 0 2 8 5 0 0 0 6 
466 2 22.9904 14.3571 3.53284 -0.00197451 5.15109e-04 -0.00161509 0.0026024109 0.0 13 16.4615784659 2.2511712227 0 0 0 1 10 2 0 0 0 6 
697 1 20.1616 15.1807 2.59432 6.13594e-04 2.06756e-04 -1.55665e-04 6.6594086269e-04 0.0 14 21.5640497165 2.2511712227 0 0 0 4 4 6 0 0 0 6 
372 2 21.6298 18.0726 3.81498 0.0018662 0.0011396 -4.59512e-04 0.0022343997 0.0 15 20.9857825079 2.2511712227 0 0 1 4 3 5 2 0 0 7 
559 2 23.8224 9.58976 5.08024 -0.0041766 0.00235105 -2.95189e-04 0.004801933 0.0 16 17.9809376472 2.3838746041 0 0 2 4 3 5 0 1 1 9 
127 2 25.6877 13.3842 6.77018 7.01023e-04 0.00178156 -0.00133257 0.0023326234 0.0 12 11.0704484506 1.7253358802 0 0 0 0 12 0 0 0 0 5 
210 1 23.6852 10.5599 0.558792 3.49425e-04 -0.00434231 0.00107762 0.0044876518 0.0 15 22.0775917223 2.1311980358 0 0 0 4 4 7 0 0 0 6 
351 2 25.2172 15.4183 2.98166 -3.16263e-04 -0.00263744 0.00125024 0.0029358495 0.0 12 13.9942799479 2.1710215668 0 0 0 2 8 2 0 0 0 6 
236 2 23.3745 13.2105 5.87716 5.91231e-05 0.00134371 3.28549e-04 0.0013845564 0.0 14 15.5901627265 2.1926375802 0 0 0 2 8 4 0 0 0 6 
139 1 21.6976 15.6069 6.49621 -5.48152e-04 -0.00108816 -0.00154367 0.0019665909 0.0 17 24.1252349168 2.3470510172 0 0 0 3 6 8 0 0 0 6 
299 1 21.48 12.7842 1.20517 -2.36729e-04 0.00120555 -0.00309707 0.0033318514 0.0 15 21.9066242873 2.2962726313 0 0 1 2 6 5 1 0 0 7 
879 2 25.5118 9.44663 2.75333 0.00146764 -0.00237614 0.00132491 0.0030911802 0.0 14 19.7753947172 2.488620469 0 0 2 2 6 2 0 2 0 8 
701 2 26.2614 17.1361 4.45995 -0.00303002 0.0039112 -0.00309774 0.0058373367 0.0 16 17.9082009005 2.3136133234 0 0 2 4 3 3 3 1 0 8 
129 2 25.3616 11.4017 5.61875 0.00166594 0.00273457 0.00374321 0.0049259365 0.0 12 12.3333030909 1.9762495448 0 0 0 2 8 2 0 0 0 6 
607 2 26.364 17.5357 2.02851 -5.23795e-04 -0.00356898 -5.15637e-05 0.0036075807 0.0 17 18.5573238579 2.350771474 0 0 2 4 1 7 3 0 0 7 
141 2 17.415 16.2222 1.53458 7.36944e-04 -0.00165712 -3.44754e-04 0.0018460738 0.0 15 18.3483652211 2.181768405 0 0 3 3 3 2 2 2 0 8 
84 1 18.4762 11.1235 4.88881 0.00215166 7.55054e-05 0.00163575 0.0027038898 0.0 15 21.0895966308 2.2520749536 0 0 0 3 7 4 1 0 0 7 
276 1 21.3019 10.7866 6.16053 0.00192046 6.054e-05 -0.00331834 0.0038344768 0.0 14 21.1324902172 2.3158848767 0 0 1 2 7 3 0 1 0 8 
776 2 3.08042 22.2844 4.63898 -0.00215186 -3.09172e-04 0.002584 0.0033768543 0.0 14 17.0265414506 2.3821184237 0 0 0 2 8 4 0 0 0 6 
271 1 0.0290223 20.6532 2.39731 7.00346e-04 8.26103e-04 -2.28281e-04 0.0011068166 0.0 16 20.9536866354 2.3821184237 0 0 1 3 5 5 2 0 0 7 
190 2 2.84278 20.2073 3.24133 -7.99423e-04 0.00303976 0.00117807 0.0033566452 0.0 13 15.0421956778 2.1654412665 0 0 0 3 6 4 0 0 0 6 
111 2 8.61814 20.3472 6.21458 -7.90034e-04 0.00312195 -0.00233642 0.003978641 0.0 12 12.7871297332 1.9543523116 0 0 0 2 8 2 0 0 0 6 
999 2 5.07072 22.095 5.72092 -3.59733e-04 -2.32372e-04 6.35107e-04 7.6600618739e-04 0.0 14 12.1808201926 1.7887401388 0 0 0 3 6 5 0 0 0 6 
489 2 2.4524 22.782 7.42571 0.00308575 -0.00231965 0.00448202 0.0059153303 0.0 13 15.3659926813 2.3631398304 0 0 0 4 4 5 0 0 0 6 
188 2 7.02567 23.5603 2.7346 0.00234607 -0.00167986 0.00163725 0.0033176138 0.0 13 12.7482886643 1.8954414862 0 0 0 3 6 4 0 0 0 6 
422 2 9.63595 0.217887 2.66189 0.00226497 -8.78414e-04 -2.85737e-04 0.0024460879 0.0 13 12.6952789103 1.9058824707 0 0 0 5 3 4 1 0 0 7 
342 2 26.4199 26.0914 5.87908 0.00148824 -0.0016982 0.00100333 0.0024709133 0.0 14 16.4424049267 2.3142325455 0 0 1 3 4 5 1 0 0 7 
683 1 0.189423 19.8917 5.29832 -5.78272e-04 3.84672e-04 -0.00119962 0.0013861671 0.0 14 21.2901291443 2.3631398304 0 0 1 2 7 2 2 0 0 7 
471 2 8.10917 25.3 6.46877 9.75957e-04 -1.97517e-04 0.00112351 0.0015012594 0.0 12 12.8327292186 1.9661265724 0 0 0 0 12 0 0 0 0 5 
866 2 0.631298 24.2138 8.14546 0.00116055 0.00224482 0.00533826 0.0059061928 0.0 15 18.1724033812 2.3066284501 0 0 0 3 7 4 1 0 0 7 
797 2 5.47276 19.648 6.95635 -0.00289871 -0.00412701 0.00106401 0.0051543039 0.0 14 16.0770019855 2.2061610511 0 0 1 2 6 4 1 0 0 7 
143 2 8.17879 23.002 6.42884 -0.00197157 0.00203965 0.00304952 0.0041649529 0.0 13 12.0456892935 1.794105651 0 0 0 3 6 4 0 0 0 6 
79 2 7.83813 22.506 9.52097 -2.2893e-04 0.00103037 5.09807e-04 0.0011721666 0.0 13 14.430051329 2.1432595036 0 0 3 2 2 4 1 1 0 8 
124 2 6.83234 19.6903 2.65543 0.00327387 -0.00241461 0.00252689 0.0047889184 0.0 16 15.1910561031 2.0746362912 0 0 2 1 8 3 0 2 0 8 
561 2 7.15853 18.7822 4.94945 0.00323055 2.18214e-04 -6.52535e-04 0.0033030096 0.0 14 18.4955748645 2.2580128202 0 0 0 1 10 3 0 0 0 6 
76 2 4.76208 19.8406 4.707 -8.84498e-04 0.00177387 0.00157355 0.0025308123 0.0 13 14.1321524763 2.1459490113 0 0 0 3 6 4 0 0 0 6 
9 2 3.84616 24.4199 6.27665 -0.00328493 -3.4085e-04 0.00301941 0.0044747939 0.0 13 12.5228780722 1.9687974174 0 0 1 4 2 5 1 0 0 7 
257 2 5.56436 21.8212 3.17433 -6.71225e-04 -8.43295e-04 -5.46506e-04 0.0012084528 0.0 14 12.51759482 1.7879579933 0 0 0 3 6 5 0 0 0 6 
269 2 4.59186 18.4171 2.73794 0.00149527 -0.00427515 -0.00209189 0.004988862 0.0 14 17.4032689068 2.2580128202 0 0 1 1 7 5 0 0 0 6 
290 2 6.93707 21.2696 7.74622 -4.60383e-04 -0.00426313 -8.63832e-04 0.004374064 0.0 14 14.0146866692 2.1667483057 0 0 2 4 1 5 1 1 0 8 
442 2 6.78067 26.007 8.92312 -0.00162385 -1.94592e-04 -0.0037374 0.0040795727 0.0 14 16.2922729134 2.2125497405 0 0 2 2 3 6 1 0 0 7 
119 2 4.5407 20.5384 1.57848 -0.00212384 -0.00127279 -0.00113448 0.002723552 0.0 14 12.940306934 2.0200059714 0 0 0 5 3 5 1 0 0 7 
852 2 3.53313 25.067 1.74685 -0.00164118 2.47893e-04 -0.00231518 0.0028486806 0.0 12 12.8930764905 2.2100856252 0 0 1 1 8 1 1 0 0 7 
750 1 3.09681 17.9752 8.80825 0.00515926 0.00280172 7.91314e-04 0.005924 0.0 14 22.8213191257 2.257324728 0 0 1 3 4 5 1 0 0 7 
566 2 7.37 21.3962 1.13297 4.42509e-04 -0.00152652 0.00129886 0.0020525873 0.0 17 14.8678890439 2.0200059714 0 0 3 2 5 3 2 2 0 8 
786 2 4.19844 24.391 3.88681 -1.48573e-04 -0.00120592 0.0029676 0.0032067065 0.0 16 13.4816007982 1.8869839924 0 0 1 3 5 5 2 0 0 7 
616 2 1.43067 26.5601 1.40461 -8.97425e-04 0.00295155 0.00380013 0.0048946917 0.0 13 17.493518977 2.2210164841 0 0 1 1 8 2 1 0 0 7 
718 2 2.74931 22.5494 1.98404 3.49722e-04 -2.22006e-04 0.0016607 0.0017115831 0.0 13 14.2132889985 2.3144697721 0 0 0 3 6 4 0 0 0 6 
175 2 1.82019 24.5317 3.1342 0.00109083 0.00224091 0.0024462 0.0034922031 0.0 15 18.6400676886 2.3821184237 0 0 1 3 4 6 1 0 0 7 
292 2 5.02878 0.559824 4.60376 -0.0010897 0.00224359 -0.0010192 0.0026944222 0.0 16 14.2534282782 2.0484291197 0 0 3 2 5 1 4 1 0 8 
230 2 3.41968 23.2938 9.58374 1.16381e-04 -2.98095e-04 -0.00112715 0.0011716963 0.0 13 16.6168985832 2.1753431918 0 0 0 1 10 2 0 0 0 6 
401 2 5.59014 26.0229 6.58125 -2.36987e-04 -0.00212785 -0.00284629 0.0035616394 0.0 15 14.330372744 2.0482113176 0 0 1 3 5 5 0 1 0 8 
740 2 8.07772 18.1577 1.0394 0.00167584 4.86028e-04 0.00335508 0.003781696 0.0 14 18.3096589263 2.3210668292 0 0 2 1 6 4 0 1 0 8 
515 2 5.5028 26.0078 2.45553 0.00337209 -0.00410419 0.00412804 0.006727264 0.0 15 12.9755101056 1.8959818047 0 0 0 4 5 5 1 0 0 7 
214 2 7.28119 23.8283 0.0345618 -8.22557e-05 4.61326e-04 -0.00148089 0.001553262 0.0 15 13.1244892031 1.8959818047 0 0 0 3 6 6 0 0 0 6 
476 2 7.16996 21.7037 4.85551 -3.50485e-04 0.00140738 6.62052e-04 0.0015943246 0.0 15 12.8695499271 1.8153385756 0 0 0 2 8 5 0 0 0 6 
600 2 1.80277 18.1488 2.63895 -3.79093e-04 -0.0015952 0.00532239 0.0055692199 0.0 14 14.9458170156 2.1758726521 0 0 0 4 4 6 0 0 0 6 
725 2 6.23184 24.1106 4.93632 -3.88452e-04 0.00334184 -2.37947e-04 0.0033727449 0.0 14 12.731041648 1.8359385976 0 0 0 4 5 4 1 0 0 7 
487 2 7.75086 25.7226 3.9011 0.00101959 7.95807e-04 0.00110143 0.0016988292 0.0 15 13.4863995377 2.0484291197 0 0 0 3 6 6 0 0 0 6 
162 2 8.98556 21.8454 2.98266 0.0030815 2.04994e-04 0.00107474 0.0032699741 0.0 13 12.0559777444 1.9567773438 0 0 1 2 6 3 1 0 0 7 
661 2 5.03236 23.1434 1.13338 -0.00242997 9.11926e-04 -1.46147e-04 0.0025995619 0.0 14 13.9366476929 1.9263145161 0 0 0 2 8 4 0 0 0 6 
534 2 4.64258 21.6661 8.21994 -0.00359713 -0.00189369 8.938e-05 0.0040661277 0.0 14 16.0718659 2.257324728 0 0 1 3 3 7 0 0 0 6 
390 2 6.29433 23.6527 7.67798 0.0012805 -0.00379344 0.00311165 0.0050707231 0.0 16 14.1285312479 1.9687974174 0 0 0 3 6 7 0 0 0 6 
313 2 1.43892 24.6537 6.04669 0.00124403 -4.18933e-04 0.00130045 0.0018477786 0.0 14 15.9547724867 2.32482908 0 0 2 3 3 4 1 1 0 8 
808 2 3.26906 20.4822 6.6234 -0.00395465 -0.00121982 2.21998e-04 0.0041444542 0.0 14 17.0403673602 2.1810802526 0 0 1 2 6 4 1 0 0 7 
610 2 0.879157 26.706 7.8964 -0.0035229 -9.37518e-04 0.00107471 0.0038006271 0.0 15 14.0386876333 1.8650197641 0 0 0 5 2 8 0 0 0 6 
413 2 9.4331 19.7831 0.167669 9.27703e-04 -5.00325e-04 0.00204172 0.0022977333 0.0 13 13.230817065 2.1126034955 0 0 2 2 4 3 2 0 0 7 
893 2 12.7035 21.7762 6.35304 0.00216801 -0.00150083 0.00130346 0.0029413885 0.0 14 15.7034793689 2.1665287662 0 0 2 4 1 5 1 1 0 8 
886 2 13.9286 19.2668 4.98921 0.00318853 0.00329132 0.00198853 0.0049953741 0.0 14 17.5542415433 2.2151737882 0 0 0 3 6 5 0 0 0 6 
26 2 16.2082 20.3587 2.08458 0.00229391 0.00155717 0.0017674 0.0032879331 0.0 13 16.9173068244 2.1143672964 0 0 1 3 4 4 1 0 0 7 
609 1 17.0943 25.9603 3.2629 -0.0031059 0.00125244 0.00122777 0.003566881 0.0 15 23.3519896452 2.4540438277 0 0 1 3 7 2 0 2 0 8 
53 1 13.4431 18.6437 7.97869 2.30692e-04 -0.00570885 0.00294281 0.0064268435 0.0 12 21.4373549691 2.2617525891 0 0 0 4 4 4 0 0 0 6 
265 2 13.421 20.5483 2.18598 0.00478211 8.05328e-04 -0.00172535 0.0051472286 0.0 14 13.6330870148 2.0824139876 0 0 0 3 7 3 1 0 0 7 
514 2 10.5721 20.1827 2.12831 1.95846e-04 0.00141549 -0.00411645 0.0043574222 0.0 14 13.6214653259 2.0338014996 0 0 1 4 3 4 2 0 0 7 
842 2 11.8139 24.497 9.04133 -0.00115947 -0.00588922 -0.00215501 0.0063774094 0.0 13 14.2844543852 2.0577561785 0 0 1 2 5 5 0 0 0 6 
539 2 11.8884 24.8638 0.818657 5.68693e-04 -0.00269887 0.00267982 0.0038456139 0.0 14 14.4349371299 2.1099359657 0 0 0 4 4 6 0 0 0 6 
160 2 10.2726 22.2084 7.51439 -0.00452884 0.00177585 -0.00291314 0.005670134 0.0 15 14.0206626334 2.2528151457 0 0 1 2 5 7 0 0 0 6 
712 2 11.5881 22.366 3.02328 5.4618e-04 -6.4512e-04 0.00289707 0.0030178646 0.0 16 13.6103843924 1.8857260908 0 0 1 3 5 6 0 1 0 8 
324 2 16.1984 19.8685 4.3438 5.74429e-04 -0.00238976 2.87445e-04 0.00247458 0.0 15 18.7952506069 2.2430539369 0 0 0 5 3 6 1 0 0 7 
467 2 13.4489 25.3692 3.13568 -0.00408531 0.0024118 0.00172386 0.0050475965 0.0 14 16.7512465201 2.4657837188 0 0 2 2 5 3 1 1 0 8 
432 2 12.4552 24.2531 4.73644 8.47132e-04 5.84401e-04 6.28784e-04 0.0012060375 0.0 15 13.0258160868 1.8496372978 0 0 1 4 4 3 3 0 0 7 
986 2 13.2882 23.1462 1.51293 9.15309e-04 7.42251e-04 -0.00166483 0.0020397024 0.0 15 16.035993826 2.472319715 0 0 3 2 4 3 1 2 0 8 
250 2 13.4676 23.9149 6.9253 -0.00497447 8.4918e-04 -6.13285e-04 0.0050835595 0.0 15 15.4026169149 2.2556002912 0 0 3 1 5 4 0 2 0 8 
771 2 13.5912 21.9357 4.23777 9.71504e-04 -0.00347051 2.8754e-04 0.0036153754 0.0 16 16.3217969679 2.2430539369 0 0 3 2 4 3 3 1 0 8 
161 2 12.448 26.1194 7.19678 -1.7089e-04 -0.00222632 -0.00197734 0.0029825455 0.0 15 12.8334274674 1.8104708173 0 0 0 2 8 5 0 0 0 6 
768 1 16.2723 18.2507 6.9975 -0.00389865 -0.00240611 0.00281515 0.0053771653 0.0 15 23.6041832238 2.2880978065 0 0 0 3 6 6 0 0 0 6 
513 2 12.1597 20.7746 0.177533 4.87583e-04 -1.39129e-04 -0.00163108 0.0017080738 0.0 15 13.578584308 2.0313769199 0 0 0 3 7 4 1 0 0 7 
882 1 16.5366 23.1929 2.65941 -0.00183559 -4.227e-04 -1.65537e-04 0.0018908909 0.0 18 24.1506437979 2.472319715 0 0 1 4 5 5 2 1 0 8 
689 2 10.8809 24.4959 6.60704 -0.00169956 2.06444e-04 0.00169094 0.0024063253 0.0 14 13.2865268657 1.8890782842 0 0 1 1 8 3 1 0 0 7 
116 1 17.3635 22.5566 6.01986 0.00145471 -3.49657e-04 -5.27763e-05 0.0014970727 0.0 16 23.087886543 2.357598927 0 0 3 2 4 3 3 1 0 8 
815 1 15.2386 21.161 7.33518 -1.48593e-04 -2.28786e-04 -0.00235152 0.0023672915 0.0 13 20.4673900329 2.182898834 0 0 0 1 10 2 0 0 0 6 
760 2 11.8494 19.7421 4.40175 -0.00119129 0.0010077 -8.11703e-04 0.0017588328 0.0 13 14.2616179986 2.1412174 0 0 0 4 5 3 1 0 0 7 
754 2 14.7891 24.171 4.99792 0.00442315 -0.00125012 6.59438e-04 0.0046434809 0.0 14 18.1666922617 2.2935787461 0 0 3 3 3 2 0 3 0 8 
239 2 11.9746 0.125731 4.43596 3.05384e-05 2.4372e-04 -0.0010269 0.0010558672 0.0 15 14.4993114505 2.1693212107 0 0 2 3 3 4 3 0 0 7 
418 2 12.4956 18.2764 2.72217 6.1623e-05 -0.00189651 -0.00190881 0.0026914872 0.0 16 17.1678464778 2.1457516222 0 0 2 1 5 7 1 0 0 7 
385 2 14.6506 18.832 0.214149 4.82935e-04 -0.00244065 -0.00209116 0.003250069 0.0 15 17.3103492604 2.2108632052 0 0 2 0 8 3 2 0 0 7 
688 2 10.92 20.0901 6.66289 2.19867e-04 -0.00190341 -0.00552239 0.0058453488 0.0 14 16.2273664401 2.2617525891 0 0 0 3 6 5 0 0 0 6 
811 2 14.434 21.4709 0.375761 6.30957e-04 0.002613 -0.00212931 0.0034292618 0.0 11 15.6459148018 2.2449905379 0 0 0 2 8 1 0 0 0 6 
774 2 14.9248 26.1014 7.44387 -0.00244943 -0.00103835 -0.00175136 0.0031851436 0.0 12 13.3482587209 2.2935787461 0 0 1 1 7 3 0 0 0 6 
183 2 10.28 22.0561 5.1026 0.00158953 0.00422477 0.0012522 0.0046843668 0.0 14 12.5129810691 1.8009071265 0 0 0 2 8 4 0 0 0 6 
744 2 9.20633 24.0385 1.81714 -0.00275041 -0.00160119 -8.8802e-04 0.0033041102 0.0 14 11.8859901103 1.8857260908 0 0 0 3 6 5 0 0 0 6 
591 2 9.5081 19.9598 4.17097 0.00110195 8.35836e-05 -0.00290519 0.0031082807 0.0 14 14.1830077744 2.0984152309 0 0 2 2 5 2 3 0 0 7 
695 2 10.0638 26.4532 7.84306 -0.00169833 -0.00475858 0.00135512 0.0052311336 0.0 15 14.1137622506 1.9561996043 0 0 0 3 7 4 1 0 0 7 
394 2 10.8658 25.0126 2.86907 8.3079e-05 -0.00192042 0.00502166 0.0053769865 0.0 13 11.7543640428 1.8439242916 0 0 1 2 5 5 0 0 0 6 
647 2 9.37617 23.8724 4.0691 -0.00230839 -0.0021859 5.06254e-04 0.0032191794 0.0 14 12.530909278 1.8370162799 0 0 0 0 12 2 0 0 0 6 
659 2 8.89456 24.2315 8.54309 3.13614e-04 -1.26698e-04 -0.00275553 0.0027762118 0.0 13 12.9362556002 1.8495817124 0 0 0 1 10 2 0 0 0 6 
50 1 14.6768 26.7117 -0.0578418 -9.11114e-05 -0.00131999 -0.00356615 0.0038036957 0.0 18 23.5129920313 2.472319715 0 0 0 2 8 8 0 0 0 6 
660 2 11.3477 0.867226 26.3359 -0.00131601 -3.20989e-04 0.00197578 0.0023955423 0.0 11 13.7307127879 2.0557271857 0 0 0 2 8 1 0 0 0 6 
278 2 9.86168 26.4175 5.29567 0.00112087 0.00242265 0.00112869 0.0028981932 0.0 13 12.433888095 1.9178684069 0 0 0 3 7 2 1 0 0 7 
652 1 22.963 22.6814 26.4125 -0.004357 7.89256e-04 -0.00353508 0.0056659655 0.0 14 21.3627512227 2.3011912864 0 0 1 3 5 3 2 0 0 7 
328 1 23.76 25.28 0.206987 0.00227694 -6.57275e-04 -0.00127927 0.002693139 0.0 14 22.4457723956 2.3011912864 0 0 0 2 8 4 0 0 0 6 
243 1 0.239758 18.2121 7.52065 -0.00253604 -0.00178931 -6.42231e-04 0.0031694778 0.0 15 22.0880515716 2.3136133234 0 0 2 1 8 2 0 2 0 8 
384 1 21.6893 20.9719 4.40109 -9.92693e-04 -0.00137031 0.00207998 0.0026813254 0.0 16 22.8771704651 2.2270165601 0 0 2 4 4 1 4 1 0 8 
624 1 21.2577 21.7793 7.31902 -0.0011983 -0.00311995 0.00349136 0.0048331776 0.0 16 22.3135816455 2.3013625681 0 0 0 4 5 6 1 0 0 7 
301 1 26.4735 23.2048 1.10205 0.00241945 0.00262408 -0.00453516 0.0057712399 0.0 15 22.3836946813 2.3011912864 0 0 0 6 2 5 2 0 0 7 
207 1 21.236 21.6947 1.53333 -0.00162096 0.00156839 0.00232585 0.0032398976 0.0 15 21.2383162283 2.3231863844 0 0 4 1 3 4 1 2 0 8 
837 1 21.898 24.4598 2.33083 -0.00315309 -0.00135744 -0.00111589 0.0036096856 0.0 15 20.9776720096 2.3018653286 0 0 1 3 4 6 1 0 0 7 
437 1 19.1022 24.2453 1.96212 1.43284e-04 -2.54621e-05 -0.00422865 0.0042311534 0.0 13 20.6823182908 2.3614723878 0 0 0 3 6 4 0 0 0 6 
315 1 18.488 21.7847 0.790344 3.30921e-04 -0.00190486 3.05426e-04 0.0019573669 0.0 13 20.5423603075 2.3231863844 0 0 0 3 6 4 0 0 0 6 
703 1 22.9899 20.3926 9.05262 0.00247137 -0.00110414 0.00252893 0.0037043598 0.0 13 20.3377562239 2.1820093522 0 0 0 3 6 4 0 0 0 6 
41 1 25.5594 22.4322 4.89445 2.07631e-04 -0.00247072 0.00111555 0.0027188269 0.0 18 26.3502268457 2.3821184237 0 0 0 5 2 11 0 0 0 6 
920 1 26.5886 21.1159 7.76358 4.61885e-04 -0.00264676 6.36907e-04 0.0027612184 0.0 15 21.6274889406 2.3287256842 0 0 1 3 4 6 1 0 0 7 
396 1 21.5259 18.7549 6.75767 0.00197241 -0.00236045 -8.50493e-04 0.0031914673 0.0 13 21.2272099605 2.2272383751 0 0 0 5 2 6 0 0 0 6 
531 1 20.3718 26.2212 0.249079 0.00133818 0.00124729 0.00180673 0.0025711343 0.0 13 21.2716055961 2.1261564529 0 0 0 3 6 4 0 0 0 6 
60 1 19.202 23.6004 8.36702 -0.00384598 -0.00316743 0.00481092 0.0069259747 0.0 14 21.0418478185 2.2280898685 0 0 2 2 4 4 2 0 0 7 
368 1 24.8751 20.6264 0.0523831 0.0010913 0.00283087 -0.00249498 0.0039280639 0.0 15 21.4563278366 2.2478216744 0 0 3 2 3 4 2 1 0 8 
702 1 21.5141 25.0371 7.25962 -3.85016e-04 -0.00526198 0.00412547 0.0066974752 0.0 15 22.1754199225 2.2226402352 0 0 1 3 5 4 2 0 0 7 
123 1 24.1713 19.8776 6.24939 0.00152328 -0.00145111 5.63363e-04 0.0021779532 0.0 15 22.2780777258 2.3055900635 0 0 1 3 4 6 1 0 0 7 
713 1 23.8831 22.5119 2.376 -0.00376669 -0.00131092 0.00236301 0.0046357611 0.0 13 19.2506812674 2.1470313709 0 0 1 3 3 6 0 0 0 6 
256 2 17.7203 18.7562 0.347717 2.54585e-04 0.00209293 0.00168693 0.0027001671 0.0 14 20.3002040889 2.3006678298 0 0 0 4 5 4 1 0 0 7 
72 1 24.2904 19.8956 3.18438 -0.00242534 -1.49367e-04 -0.0025226 0.0035025841 0.0 15 22.7113913267 2.350771474 0 0 2 2 5 4 1 1 0 8 
547 1 18.1133 20.5617 8.13582 -0.00129529 0.0035559 -0.00279417 0.0047042095 0.0 15 23.2841006446 2.2880978065 0 0 0 4 4 7 0 0 0 6 
982 1 24.0854 22.7184 7.56916 -0.00176918 0.00228017 -0.00135653 0.0031889413 0.0 14 21.6576027752 2.3124073613 0 0 1 3 5 3 2 0 0 7 
772 2 24.6583 25.6061 8.26645 -0.00357831 -0.00389891 7.49734e-04 0.005344895 0.0 15 18.4860950762 2.2620135524 0 0 1 3 5 4 2 0 0 7 
746 1 18.1487 25.3728 6.13016 -0.00238627 -0.00110108 -4.7781e-04 0.0026711354 0.0 16 23.5313325029 2.367019088 0 0 1 4 4 5 1 1 0 8 
890 1 18.9623 19.3461 5.81316 -3.56758e-04 0.00213798 -0.0010285 0.0023991763 0.0 13 23.1759846358 2.3013625681 0 0 0 4 4 5 0 0 0 6 
400 1 22.9188 23.6705 4.9973 8.90966e-04 0.00174553 -5.10225e-04 0.0020250987 0.0 13 21.5731197003 2.2915153096 0 0 2 4 1 3 3 0 0 7 
30 1 18.8215 21.7538 3.69853 -0.00217839 0.00303413 -0.00112672 0.0039013877 0.0 13 21.7398186782 2.3535143738 0 0 1 2 6 3 1 0 0 7 
505 1 25.0205 25.0305 2.69135 -0.00206075 -3.85199e-04 -0.00263013 0.0033634287 0.0 14 23.4106310035 2.3142325455 0 0 0 3 6 5 0 0 0 6 
965 1 20.2211 23.7067 5.26 0.00219099 -0.00161714 -0.00398676 0.0048280259 0.0 14 20.8880528448 2.367019088 0 0 1 2 6 4 1 0 0 7 
617 1 20.6993 26.5711 4.05691 -0.00164059 0.00209624 -2.55344e-04 0.0026741276 0.0 15 24.5741038468 2.3489790212 0 0 0 4 4 7 0 0 0 6 
792 1 19.5827 26.7015 8.21793 -0.00507303 2.69248e-04 8.32675e-04 0.0051479584 0.0 14 21.7836819745 2.2525555595 0 0 2 3 4 2 2 1 0 8 
828 1 22.1298 19.0023 0.723296 -0.00459037 -7.54763e-05 0.00467185 0.0065500669 0.0 15 22.6031634327 2.350771474 0 0 3 2 3 5 0 2 0 8 
831 1 7.85669 3.62282 17.6847 1.12556e-04 -0.00241203 6.95733e-04 0.0025128872 0.0 14 21.1799450421 2.2129878807 0 0 0 2 8 4 0 0 0 6 
752 2 0.319331 0.584794 11.9579 -2.73408e-04 -0.00436573 -0.00196506 0.0047953948 0.0 13 18.3766584469 2.2692031849 0 0 1 4 3 3 2 0 0 7 
359 1 2.11306 8.45993 10.4528 3.70905e-04 -0.00132513 0.00588229 0.0060410989 0.0 16 22.2368704343 2.204732825 0 0 1 5 3 3 4 0 0 7 
708 1 7.29383 2.6359 10.0351 -0.00528167 4.30198e-04 0.00155115 0.0055215192 0.0 14 21.6759044829 2.3705225029 0 0 2 2 4 4 2 0 0 7 
319 1 7.12576 8.83564 11.7783 0.00286482 -0.00199504 0.00347289 0.0049242607 0.0 15 22.4229957078 2.2735498612 0 0 1 2 6 5 1 0 0 7 
88 1 0.880479 0.856547 17.5927 -0.00106222 -0.00179882 0.00241057 0.0031898139 0.0 16 22.6040625176 2.1769555895 0 0 1 3 6 4 1 1 0 8 
410 1 5.86682 0.643831 11.5443 1.36742e-04 0.00186363 0.00212942 0.0028330628 0.0 16 23.6423287091 2.2539396006 0 0 0 1 10 5 0 0 0 6 
667 1 5.05301 9.21638 9.47731 -0.00265655 -0.00141828 -0.00161481 0.0034170729 0.0 14 22.2885580988 2.1619780488 0 0 0 4 4 6 0 0 0 6 
915 1 1.43174 6.64822 17.1312 -0.00278183 0.00302935 -1.13203e-05 0.0041128661 0.0 15 22.9366424066 2.3633200098 0 0 0 5 4 4 2 0 0 7 
521 1 6.23201 6.88768 16.5279 -0.0013566 -8.84298e-05 -8.30962e-04 0.001593324 0.0 15 21.6862072526 2.2502405976 0 0 1 3 7 1 2 1 0 8 
20 1 4.80257 3.59712 9.19761 0.00118074 -5.48123e-04 -5.85654e-04 0.001427437 0.0 16 22.8813447381 2.2539396006 0 0 1 2 7 4 2 0 0 7 
801 1 3.72285 5.13278 12.2415 5.13538e-04 -0.00200117 7.68059e-04 0.0022041591 0.0 15 21.5755761967 2.2077425865 0 0 2 2 5 3 3 0 0 7 
282 1 3.60412 2.30136 16.4046 5.53472e-04 0.00299205 0.00227324 0.0037981989 0.0 12 21.86975362 2.2762557254 0 0 0 2 8 2 0 0 0 6 
8 1 3.96555 7.84659 12.355 -0.00114004 -0.00376246 0.00194976 0.0043883209 0.0 14 22.3234612841 2.2039699372 0 0 1 2 7 2 2 0 0 7 
152 1 1.64862 4.21333 15.5319 0.00264308 0.00259217 -0.0017688 0.00410291 0.0 15 22.9935621588 2.3209175045 0 0 1 4 3 5 2 0 0 7 
264 2 2.31711 0.842956 9.98089 0.00170911 -0.00308207 -0.00479058 0.0059472573 0.0 15 18.7044559447 2.2698227619 0 0 0 5 3 6 1 0 0 7 
446 1 8.38548 2.14058 13.5352 -0.00161355 8.65518e-04 -0.00544354 0.0057432389 0.0 14 22.3602277364 2.1816458843 0 0 0 2 8 4 0 0 0 6 
675 1 0.582722 3.80112 12.8969 0.0020139 -1.81197e-05 -9.20997e-04 0.0022145783 0.0 15 24.3332838047 2.3858514486 0 0 0 5 3 6 1 0 0 7 
690 1 3.85775 6.4713 9.45619 -0.0047871 9.75204e-04 -2.84977e-04 0.0048937267 0.0 14 20.9796938428 2.1625239736 0 0 0 4 4 6 0 0 0 6 
867 1 5.99273 3.54462 15.2641 1.77207e-04 -7.33242e-04 -0.00126537 0.0014731624 0.0 14 21.0477338096 2.2762557254 0 0 1 2 7 2 2 0 0 7 
779 1 2.354 4.05543 9.93535 -0.00193843 -0.00195548 -6.52916e-04 0.0028297901 0.0 14 21.74106721 2.2698227619 0 0 1 3 5 3 2 0 0 7 
226 1 6.73255 6.48459 13.8644 -0.00315125 0.00265745 -2.79237e-04 0.0041316329 0.0 17 23.4524458416 2.2904822304 0 0 3 3 2 5 3 1 0 8 
7 1 8.64404 4.50323 15.1052 -4.51869e-04 -0.00205016 -0.00398187 0.0045014031 0.0 15 20.7134180595 2.1615344676 0 0 0 4 5 5 1 0 0 7 
420 1 3.38486 2.27629 12.476 -2.83618e-04 -0.00284731 -0.00353209 0.0045456873 0.0 15 23.6417229849 2.2762557254 0 0 0 3 7 4 1 0 0 7 
614 1 6.33788 6.2879 10.736 1.02034e-04 0.00140485 -0.00170459 0.0022112534 0.0 14 21.9154343211 2.23236011 0 0 0 4 4 6 0 0 0 6 
479 1 6.15283 3.58458 12.3719 2.30018e-04 -0.00666233 0.00136116 0.0068038449 0.0 13 21.2926001685 2.1826823322 0 0 1 2 6 3 1 0 0 7 
813 1 4.00587 5.52793 15.1042 -4.72319e-04 -7.61706e-04 -1.65332e-04 9.1138133535e-04 0.0 14 21.7693713403 2.3128960353 0 0 1 4 3 4 2 0 0 7 
910 1 1.56117 6.87116 13.8271 0.00381659 6.57412e-04 -7.30768e-04 0.0039411384 0.0 13 21.2836427347 2.2039699372 0 0 0 2 8 3 0 0 0 6 
823 1 1.27823 0.763 14.9097 0.00101733 -5.69744e-04 -0.00120782 0.0016788084 0.0 16 23.1460414717 2.1943556302 0 0 2 3 4 5 0 2 0 8 
252 1 7.61995 0.851568 16.0017 -0.00214275 0.00115625 -0.00293758 0.0038154512 0.0 15 22.0587085268 2.2765909201 0 0 1 3 4 6 1 0 0 7 
560 1 9.03684 4.93782 12.2276 1.88163e-04 -0.00162526 0.0010516 0.0019449262 0.0 17 22.6941331816 2.2664031364 0 0 2 3 4 5 2 1 0 8 
519 1 4.95793 0.797464 14.4658 0.00260735 -1.67549e-04 0.0038662 0.0046662457 0.0 16 21.5327571241 2.2818012336 0 0 2 3 5 3 1 2 0 8 
95 1 8.96145 4.78038 9.3625 -0.00146701 9.33843e-04 0.00213678 0.0027549973 0.0 14 21.6680595445 2.350867437 0 0 1 5 1 5 2 0 0 7 
884 2 11.4738 6.40731 16.7455 -0.00118805 0.00140836 0.00372362 0.0041545501 0.0 14 16.276191803 2.2513362421 0 0 0 3 7 3 1 0 0 7 
176 2 13.8564 5.36361 10.1335 0.00133932 0.00564783 6.90942e-04 0.0058454395 0.0 12 13.6883641218 2.2825280256 0 0 0 3 6 3 0 0 0 6 
979 2 15.4419 6.28227 11.9047 0.00245058 0.00165106 0.00528462 0.0060546305 0.0 15 13.7428743476 1.9434047196 0 0 0 1 10 4 0 0 0 6 
700 2 12.0177 1.69467 8.8819 0.00146928 0.00455069 -0.00371011 0.0060524771 0.0 12 13.5264385887 2.151431394 0 0 0 0 12 0 0 0 0 5 
998 2 17.05 5.81085 16.6038 -0.00290933 0.0025055 -2.69517e-04 0.0038489441 0.0 14 13.1392724801 1.879339718 0 0 1 3 4 5 1 0 0 7 
790 2 15.2468 5.51549 14.5868 0.00268957 -0.00226158 -0.00311255 0.0046943049 0.0 14 13.6310432672 1.870619365 0 0 1 3 4 5 1 0 0 7 
247 2 11.8174 3.99998 10.0798 -0.00275608 -9.46492e-04 -0.00206529 0.0035717288 0.0 13 17.9961368123 2.2476227321 0 0 1 4 3 3 2 0 0 7 
528 2 15.3915 1.51857 14.9862 7.95068e-04 -0.00336435 0.00220747 0.0041016957 0.0 16 17.7201443274 2.2480820604 0 0 1 3 5 5 2 0 0 7 
851 1 10.7754 3.97303 18.4959 0.00243868 0.00147634 0.00154613 0.0032430322 0.0 15 22.9273010953 2.3439827447 0 0 0 5 4 4 2 0 0 7 
625 2 14.0636 3.37093 9.18022 2.93071e-04 0.00109178 4.2654e-04 0.0012082262 0.0 13 14.9999853273 2.2218189451 0 0 0 4 4 5 0 0 0 6 
860 2 11.7831 7.97832 11.9201 -0.00132508 0.00185791 -1.83273e-04 0.0022893789 0.0 14 14.0320660175 2.2100806122 0 0 1 1 8 3 1 0 0 7 
201 2 15.9458 7.87607 16.1703 -9.71225e-04 0.00200431 2.03973e-04 0.0022365468 0.0 17 13.8322301665 2.0716592274 0 0 4 2 3 4 2 1 1 9 
990 2 11.3846 5.97586 14.0295 0.00171958 0.00128574 0.00218799 0.0030655151 0.0 15 16.6537827162 2.2664031364 0 0 1 3 5 4 2 0 0 7 
584 2 11.9526 6.67096 10.0193 0.00130507 0.00317692 0.00340024 0.0048329764 0.0 16 17.1202727864 2.309450114 0 0 0 4 5 6 1 0 0 7 
502 2 13.5238 6.93393 15.7987 -0.00136156 -0.00183754 0.00236266 0.0032882459 0.0 11 12.0541890267 1.8732107266 0 0 0 3 6 2 0 0 0 6 
674 2 12.9059 4.43747 15.0877 0.00124845 -0.00335121 0.00214798 0.0041716968 0.0 14 16.2624552918 2.2829708239 0 0 1 4 3 4 2 0 0 7 
497 2 9.57393 7.55409 10.7703 -2.39713e-04 0.00214055 -0.00126038 0.002495591 0.0 14 17.4034185834 2.1870738132 0 0 2 1 7 2 1 1 0 8 
406 2 13.1127 1.99884 11.1212 -0.00390689 -0.00133622 -0.00135531 0.0043458185 0.0 15 14.5142321313 2.1067254238 0 0 0 3 6 6 0 0 0 6 
90 2 11.9847 8.43529 14.634 0.00206632 -0.00332377 3.87088e-04 0.0039328059 0.0 13 14.5897381891 2.1344305401 0 0 0 1 10 2 0 0 0 6 
337 2 9.77698 8.17884 13.1226 -0.00146992 0.00174311 -3.48169e-04 0.0023065817 0.0 12 16.2847522647 2.2862426777 0 0 1 2 6 2 1 0 0 7 
22 2 13.9457 7.91228 10.3831 2.54751e-04 0.00189494 -8.37157e-05 0.0019138192 0.0 13 13.7261865715 2.140429457 0 0 0 3 6 4 0 0 0 6 
775 2 14.601 5.58295 17.42 0.00131692 -9.35725e-04 -0.00155559 0.0022427037 0.0 14 16.3021203169 2.2829708239 0 0 0 2 9 2 1 0 0 7 
646 2 15.2694 3.38823 11.4474 -6.11533e-04 -0.00205337 0.00248321 0.0032797306 0.0 12 11.9569531554 1.8768824294 0 0 1 2 5 4 0 0 0 6 
2 2 17.0464 1.93171 17.1143 8.77455e-04 3.06632e-04 0.00113312 0.0014655754 0.0 14 16.0851849392 2.2105269693 0 0 2 1 7 1 3 0 0 7 
569 2 10.2976 1.89476 10.9614 0.00435326 7.55922e-05 -0.00230478 0.0049263168 0.0 14 18.360283564 2.147612825 0 0 1 2 6 4 1 0 0 7 
885 1 10.6897 0.333377 13.3541 -0.00187237 0.00199644 -0.00186393 0.0033114615 0.0 15 20.5580797674 2.1583483098 0 0 0 4 4 7 0 0 0 6 
973 2 16.0899 2.03622 9.60364 0.00175729 -5.63329e-04 0.00194908 0.0026840865 0.0 14 14.6585270078 2.123520111 0 0 2 3 4 3 0 2 0 8 
880 2 17.5378 7.34419 11.928 -0.00103 -0.00173068 -0.00196005 0.002810329 0.0 13 12.3740493232 2.1091336347 0 0 0 3 6 4 0 0 0 6 
329 2 16.8331 26.5422 13.3928 -0.00121552 -0.00107927 -1.64614e-04 0.001633833 0.0 12 16.5525581821 2.2335592959 0 0 0 3 6 3 0 0 0 6 
115 2 9.40588 7.41861 15.3877 -0.00282507 -6.27114e-04 0.00247846 0.0038101255 0.0 13 17.7821760668 2.2904822304 0 0 1 2 6 3 1 0 0 7 
212 2 16.1021 4.72279 9.61169 -2.87354e-04 0.0021731 -4.01187e-04 0.002228427 0.0 13 16.8021381874 2.1475197401 0 0 0 3 6 4 0 0 0 6 
334 2 13.8842 2.72365 13.5778 2.46512e-04 -8.89937e-04 6.1486e-04 0.0011094182 0.0 15 15.5142001657 2.1434170977 0 0 1 4 3 5 2 0 0 7 
498 2 11.5603 3.65197 13.041 -0.00215108 -0.00400837 -0.00253217 0.0052063481 0.0 14 17.7778439418 2.2664031364 0 0 1 3 4 5 1 0 0 7 
565 2 13.7725 7.4002 13.4806 0.00159908 -0.0031945 -0.00266842 0.0044589632 0.0 14 13.8092756649 2.0039600425 0 0 0 3 7 3 1 0 0 7 
82 1 12.8114 1.99425 17.4523 -0.00390667 -5.39482e-04 9.96307e-04 0.0040676454 0.0 16 22.2040969292 2.2829708239 0 0 1 4 5 3 2 1 0 8 
826 2 16.5504 3.63634 13.7778 0.00112351 0.00368929 -0.00517025 0.0064501644 0.0 15 13.049111993 1.879339718 0 0 1 4 3 5 2 0 0 7 
995 2 14.1421 0.649375 9.18263 0.00121786 5.64161e-04 -4.49317e-04 0.0014153962 0.0 12 12.262405438 2.0872092884 0 0 0 0 12 0 0 0 0 5 
991 1 10.58 2.59278 15.7503 0.00202291 -0.0021332 -3.87099e-04 0.0029652239 0.0 15 21.4759081188 2.1615344676 0 0 1 6 1 3 4 0 0 7 
391 2 15.7376 7.92751 18.6152 -0.00145445 -0.00106309 1.92732e-04 0.0018118308 0.0 16 16.9480019206 2.3039292143 0 0 2 3 4 4 2 1 0 8 
54 2 15.0912 3.51711 16.3076 -7.33601e-04 0.00103663 -0.00226075 0.0025930219 0.0 12 15.0625037209 2.181432243 0 0 1 1 8 1 1 0 0 7 
496 2 18.0342 1.80011 12.7366 1.08793e-04 0.00155096 0.00365065 0.0039679413 0.0 16 12.5259945718 1.893615978 0 0 2 3 4 4 2 1 0 8 
819 2 13.5954 4.78094 12.4667 -0.0010137 0.00461056 -0.00300165 0.0055941714 0.0 15 14.0209435698 2.2088538911 0 0 0 3 6 6 0 0 0 6 
146 2 15.4596 1.10503 12.0261 0.00197519 0.00235218 -0.00127977 0.0033274521 0.0 17 16.3738692708 2.1294464721 0 0 2 2 7 3 1 2 0 8 
848 2 17.5283 3.93328 11.7306 -0.00347696 0.00363581 -0.00175838 0.0053291899 0.0 14 12.4572666163 1.979454761 0 0 1 1 8 3 1 0 0 7 
330 2 17.851 0.834519 15.1334 0.00162791 0.00112057 -4.34038e-04 0.0020234024 0.0 13 14.8985288025 2.2351405566 0 0 2 3 2 4 2 0 0 7 
684 1 26.0069 3.26506 17.1448 0.00223511 -0.00211541 -4.66675e-04 0.0031126294 0.0 14 23.6201450749 2.3633200098 0 0 1 6 1 2 4 0 0 7 
346 2 18.837 8.48564 10.1895 -7.40901e-04 -0.00117542 7.16756e-04 0.0015634211 0.0 15 17.89906683 2.3968103361 0 0 0 3 6 6 0 0 0 6 
726 2 23.6882 3.62254 12.8105 0.00175984 7.18411e-04 -0.00279733 0.0033820417 0.0 13 16.9379507673 2.497198317 0 0 0 1 10 2 0 0 0 6 
314 2 20.8429 6.67912 10.0817 -0.00194121 4.39539e-04 -1.36089e-04 0.0019949965 0.0 13 17.2310791587 2.2340863595 0 0 1 2 5 5 0 0 0 6 
15 2 22.4748 4.90868 10.8554 -7.78158e-04 -0.00165572 -0.00203439 0.0027359973 0.0 14 15.6413348127 2.3223689694 0 0 0 3 6 5 0 0 0 6 
211 2 25.2028 3.5561 10.1655 0.00261853 7.7448e-04 -0.00327845 0.0042667028 0.0 14 17.2613537632 2.4076640593 0 0 1 2 5 6 0 0 0 6 
159 2 23.3868 4.31466 15.1077 -5.03623e-04 0.00288882 3.6493e-04 0.0029550112 0.0 11 15.4364602331 2.1129100602 0 0 0 3 6 2 0 0 0 6 
477 2 18.0285 26.6051 11.0399 -0.00233451 -0.00237019 -9.42568e-04 0.0034577698 0.0 13 17.5170635814 2.2026290078 0 0 2 2 5 1 3 0 0 7 
964 2 22.3014 6.189 16.1912 0.00254772 0.00193567 7.70767e-04 0.0032911666 0.0 13 14.6933892393 2.1137024976 0 0 1 4 2 5 1 0 0 7 
303 2 24.6747 5.41383 8.67708 -0.0034639 -0.00190246 -0.00281862 0.0048541298 0.0 13 15.3960303456 2.109840257 0 0 0 4 5 3 1 0 0 7 
404 1 26.4173 8.6439 12.2033 0.00132854 0.00361797 -4.26923e-04 0.0038777556 0.0 14 22.2432814928 2.2944278723 0 0 0 2 8 4 0 0 0 6 
665 2 21.3159 2.16391 9.19148 -0.0010293 0.00211693 0.00254657 0.0034678336 0.0 14 15.9238572721 2.2916436346 0 0 2 2 4 4 2 0 0 7 
179 2 19.4449 5.77407 16.1757 4.89757e-06 -0.0032949 4.78506e-04 0.0033294681 0.0 15 12.636637656 1.8436754823 0 0 0 4 4 7 0 0 0 6 
717 2 18.3973 2.19016 10.2048 -0.00364979 -0.00321515 2.49709e-04 0.0048703707 0.0 17 17.3164166865 2.2916436346 0 0 2 5 3 2 3 2 0 8 
305 2 19.0168 3.96382 13.6617 1.63079e-04 -8.3765e-04 0.00177607 0.0019704509 0.0 13 12.0829108735 1.8436754823 0 0 0 3 6 4 0 0 0 6 
138 2 20.3811 1.8788 11.895 -0.00213359 -0.00157621 -0.00281508 0.0038679865 0.0 13 13.3208273029 2.0117055069 0 0 0 4 4 5 0 0 0 6 
606 2 23.5639 8.41107 15.7294 -0.00153463 -0.00195591 6.22849e-04 0.0025629308 0.0 17 19.5422390513 2.1704374336 0 0 2 3 5 4 2 0 1 9 
484 2 22.6352 3.0663 16.8824 0.00188086 -8.98409e-04 0.00657015 0.0068928691 0.0 16 18.1520447744 2.1389850562 0 0 1 5 1 7 2 0 0 7 
698 1 24.1028 7.47311 10.8557 -0.00112944 0.0048539 -0.00117091 0.0051192783 0.0 18 24.4269627994 2.497198317 0 0 0 3 7 7 1 0 0 7 
529 2 21.0832 4.32138 15.2319 -0.00305859 2.02164e-04 -0.00134279 0.0033464799 0.0 13 12.2068843569 1.8367860726 0 0 0 4 4 5 0 0 0 6 
206 2 24.4838 0.89143 11.5654 0.00150885 -1.57109e-04 6.7446e-04 0.0016601831 0.0 16 15.5310564624 2.2025698167 0 0 0 4 6 4 2 0 0 7 
564 2 21.3599 3.94889 12.7334 -0.00586324 -0.00119559 -0.00259621 0.0065228311 0.0 13 11.9753043403 1.7536566322 0 0 0 3 6 4 0 0 0 6 
762 1 25.7239 2.07116 14.3943 -2.90335e-04 -0.00191023 0.00603591 0.0063376244 0.0 15 21.576054976 2.1937301128 0 0 2 3 4 3 2 1 0 8 
974 1 25.8107 5.98335 14.6121 -1.75141e-04 5.63328e-04 0.00101881 0.0011772793 0.0 17 25.884572074 2.497198317 0 0 0 3 7 6 1 0 0 7 
838 1 0.326072 5.95518 10.8446 0.0035258 5.94577e-04 0.00246919 0.0043453063 0.0 16 24.0422877341 2.497198317 0 0 1 3 4 7 1 0 0 7 
21 2 16.5051 7.70826 9.80279 -0.00117757 0.00469992 3.42775e-04 0.0048573052 0.0 13 16.3456239021 2.0691741532 0 0 0 1 10 2 0 0 0 6 
205 2 20.5963 7.7564 16.8572 1.27257e-04 0.00215349 -1.20373e-04 0.0021606025 0.0 13 13.5588300727 2.0978993006 0 0 0 4 4 5 0 0 0 6 
969 2 18.1572 3.35835 15.6877 -0.00491984 8.97195e-04 0.00251168 0.0055962774 0.0 16 13.4282516188 1.879339718 0 0 0 6 2 6 2 0 0 7 
361 2 22.1579 26.4267 13.3527 6.93772e-04 0.00559022 0.00146959 0.005821647 0.0 15 16.7531864368 1.994006268 0 0 0 5 3 6 1 0 0 7 
318 2 19.573 26.6244 13.2377 -0.00104453 1.84123e-04 -0.00553831 0.0056389557 0.0 14 16.8614984257 2.1980757804 0 0 0 4 5 4 1 0 0 7 
972 2 19.6639 6.02082 12.3107 1.35199e-04 -0.00360463 -0.00190673 0.0040801048 0.0 14 12.9857631311 2.0976016862 0 0 0 3 6 5 0 0 0 6 
741 2 22.6194 5.98015 13.0614 9.37321e-04 -1.62605e-04 -9.618e-04 0.0013528009 0.0 14 17.1450148456 2.4651455867 0 0 0 3 7 3 1 0 0 7 
89 2 20.6867 6.52138 14.2134 -1.44013e-04 0.00271506 -0.00392074 0.004771215 0.0 14 12.3624381262 2.0464072958 0 0 0 5 3 5 1 0 0 7 
876 2 18.3898 5.97745 10.1746 -0.00219984 0.00100825 -0.00210405 0.0032066946 0.0 14 15.2504265068 2.2131205315 0 0 1 3 4 5 1 0 0 7 
416 2 20.0065 1.92576 14.5923 3.06696e-05 0.0018192 -0.00156707 0.0024012783 0.0 14 14.2286579858 2.072691088 0 0 1 3 4 5 1 0 0 7 
793 2 19.7806 4.11092 10.8501 -0.00331262 7.50365e-04 5.57837e-04 0.0034420461 0.0 14 13.8686462709 2.1304967308 0 0 1 3 4 5 1 0 0 7 
87 2 19.0287 0.782806 17.4609 -3.16021e-04 -1.53228e-04 0.00171962 0.0017551185 0.0 15 18.546829661 2.2880588118 0 0 2 5 1 4 1 2 0 8 
213 2 22.6914 6.49477 8.05612 -0.00249051 -0.00243051 -0.00112412 0.0036570021 0.0 15 18.4682007291 2.3838746041 0 0 1 5 3 2 4 0 0 7 
888 2 17.3695 5.78235 13.6565 -5.51795e-04 -0.00220611 -0.00245128 0.0033436765 0.0 14 12.4434543897 1.8436754823 0 0 1 2 7 3 0 1 0 8 
636 2 22.6114 2.2418 11.2012 -0.00449213 0.00362681 -5.09444e-04 0.0057959051 0.0 14 13.5106249521 1.8901643508 0 0 0 3 7 3 1 0 0 7 
474 2 20.9406 8.31561 12.2524 0.00204367 -0.00164068 6.55694e-04 0.0027015463 0.0 14 16.6333323884 2.2985213137 0 0 1 2 6 4 1 0 0 7 
635 2 20.1478 2.68138 17.1738 -9.21242e-04 -0.00307191 -9.63562e-04 0.0033486967 0.0 14 15.2314902612 2.0507306799 0 0 3 2 3 3 2 1 0 8 
894 2 18.1928 7.44343 15.0332 0.00447684 0.00476431 -1.46513e-04 0.0065392822 0.0 15 13.1460323502 2.1091336347 0 0 1 2 7 4 0 1 0 8 
523 2 22.5214 1.99045 14.3664 -0.00260741 -0.00174229 0.00175113 0.003591743 0.0 15 16.8131077515 2.0988489991 0 0 1 3 6 2 3 0 0 7 
759 1 2.60939 12.7407 18.2103 -0.0017978 -0.00429843 0.00137968 0.0048592286 0.0 14 21.8573275069 2.3076062557 0 0 1 2 7 2 2 0 0 7 
970 2 7.86765 11.0045 9.82532 -9.14635e-04 -0.0013268 -0.00206366 0.0026183292 0.0 14 17.2078641399 2.187471181 0 0 2 4 1 5 1 1 0 8 
580 1 3.42005 8.41331 15.6126 -0.00127665 6.56738e-04 -0.00114626 0.0018371315 0.0 14 22.5694492332 2.1902570899 0 0 0 2 8 4 0 0 0 6 
640 2 1.40423 14.5091 9.77271 -0.00216726 -0.00326816 -0.00344313 0.0052185276 0.0 15 18.9753132558 2.265299146 0 0 0 1 10 4 0 0 0 6 
73 1 8.16316 15.0336 16.4343 0.00332643 -0.00196312 2.10548e-04 0.0038682434 0.0 15 22.8761679687 2.2494599322 0 0 0 4 4 7 0 0 0 6 
677 1 9.07253 17.7256 10.7699 -0.00209799 0.00221553 -6.05641e-05 0.0030518524 0.0 14 22.8464886165 2.2702284992 0 0 0 6 2 4 2 0 0 7 
117 1 8.62085 16.2254 13.3647 -2.17464e-04 3.835e-04 -0.00132757 0.0013988584 0.0 13 22.859293172 2.2958754997 0 0 1 2 5 5 0 0 0 6 
541 1 7.07384 12.0286 12.66 -1.0456e-04 -6.25596e-04 0.00193188 0.002033338 0.0 14 22.6916339682 2.1818601523 0 0 0 2 8 4 0 0 0 6 
101 1 0.556453 14.0409 16.8863 -0.00112998 -0.00256865 -0.00123566 0.0030662148 0.0 14 22.1102647521 2.337251808 0 0 0 3 7 3 1 0 0 7 
397 1 5.95317 17.1325 12.31 0.00249245 0.00278959 8.75571e-04 0.0038419714 0.0 14 21.4380323625 2.3077951228 0 0 0 4 5 4 1 0 0 7 
174 1 0.342946 16.3601 15.4228 -0.00127766 -0.00385785 8.14147e-04 0.0041446661 0.0 17 23.2011631237 2.2691076941 0 0 0 4 6 5 2 0 0 7 
75 2 5.74378 12.6844 9.50575 -1.86826e-04 -0.00120889 0.00415347 0.0043298536 0.0 14 18.0092448781 2.1876016695 0 0 2 4 2 3 2 1 0 8 
627 1 5.01428 16.8142 15.5221 -0.00177065 0.00207149 -7.9043e-04 0.0028374375 0.0 14 20.9210701243 2.3077951228 0 0 1 3 5 3 2 0 0 7 
165 1 5.87072 9.83796 14.3641 0.00182898 -7.40298e-04 -0.00275736 0.003390611 0.0 15 22.9494586035 2.2904822304 0 0 2 2 5 4 1 1 0 8 
611 1 0.472316 17.6147 10.4911 0.00167902 -2.05616e-04 -0.00202976 0.0026422172 0.0 15 23.2112047774 2.226511806 0 0 1 2 6 5 1 0 0 7 
349 1 26.7057 8.87126 15.6302 -1.30528e-04 -0.00204274 2.28856e-04 0.00205966 0.0 16 24.2054503055 2.2993708672 0 0 0 3 7 5 1 0 0 7 
114 1 4.19526 12.0124 14.5718 -1.71655e-05 -0.00290002 6.74407e-04 0.0029774545 0.0 14 21.3506619415 2.1704795538 0 0 0 2 8 4 0 0 0 6 
716 1 1.77832 11.4623 15.774 -2.22259e-04 -8.84683e-04 9.01353e-04 0.0012823807 0.0 14 22.5875665806 2.2993708672 0 0 0 3 6 5 0 0 0 6 
709 1 6.45976 14.5498 14.0302 0.00388436 6.26623e-04 0.00304422 0.0049747547 0.0 13 20.7715322308 2.1794502067 0 0 1 2 6 3 1 0 0 7 
431 1 4.10791 11.1402 11.5691 0.00313732 -0.00117149 0.00112205 0.0035318779 0.0 15 22.9217580438 2.1752168744 0 0 0 1 10 4 0 0 0 6 
883 1 1.81172 9.95291 13.3621 0.00320352 0.00272528 -2.47813e-05 0.0042059845 0.0 15 22.3301139755 2.2334878909 0 0 0 2 8 5 0 0 0 6 
773 1 6.72937 12.489 15.7738 -7.56258e-04 -9.04714e-04 0.00152917 0.0019310087 0.0 12 20.2292415827 2.2378400272 0 0 0 0 12 0 0 0 0 5 
954 1 2.75622 17.6608 14.275 0.00560245 1.94811e-04 6.4817e-04 0.0056431836 0.0 14 21.0887160273 2.3077951228 0 0 0 6 1 6 1 0 0 7 
981 1 4.56268 14.278 12.0806 3.36906e-04 0.00274286 2.58343e-04 0.002775523 0.0 16 22.3825762869 2.3077951228 0 0 0 3 7 5 1 0 0 7 
587 1 2.97668 14.5965 14.9358 -0.00184639 -0.00269803 -0.0020299 0.0038482484 0.0 15 22.4884777634 2.2967238572 0 0 1 1 8 4 1 0 0 7 
589 1 7.60501 9.52603 16.9526 0.00368339 -0.0016701 -0.00133676 0.0042595215 0.0 16 22.296632933 2.2724725573 0 0 2 2 4 7 0 1 0 8 
763 1 2.10334 12.7261 12.3879 -9.74159e-04 0.00274167 0.00230735 0.0037134356 0.0 12 20.0269869926 2.1824301515 0 0 0 2 8 2 0 0 0 6 
844 1 3.04178 15.8664 17.7701 -5.1454e-04 -0.00360376 4.49865e-04 0.0036679989 0.0 14 22.2224043488 2.1791445484 0 0 0 2 8 4 0 0 0 6 
706 1 4.55201 10.3614 17.3456 8.06068e-04 -0.00421793 -2.73167e-05 0.0042943481 0.0 16 24.0641702 2.3077521348 0 0 1 2 6 6 1 0 0 7 
48 1 5.11645 14.2561 17.2405 -8.92335e-04 0.00419938 0.00170513 0.0046193639 0.0 13 21.5238921218 2.2567557197 0 0 0 1 10 2 0 0 0 6 
238 1 7.28226 14.6865 10.9558 -0.00183832 -0.00169546 -0.0014681 0.0028998832 0.0 17 22.5650872643 2.2017610734 0 0 1 3 7 3 2 1 0 8 
672 1 1.39393 15.6345 12.7365 0.00192149 4.50866e-04 -0.00118257 0.0023008424 0.0 14 22.6385333998 2.2625455159 0 0 0 4 4 6 0 0 0 6 
80 1 3.38161 17.3215 11.577 0.00304271 -0.00408692 0.00273444 0.0057825739 0.0 14 21.6809956647 2.2836932688 0 0 1 2 6 4 1 0 0 7 
108 2 1.42681 11.7323 9.845 -0.00194285 4.06984e-05 0.00367325 0.0041556092 0.0 14 16.7467483198 2.2334878909 0 0 1 1 8 3 1 0 0 7 
296 1 5.29337 16.3176 9.70537 0.00118951 -0.00130749 -2.12248e-04 0.0017803127 0.0 16 21.6883469679 2.265299146 0 0 1 3 6 3 3 0 0 7 
453 2 3.37773 13.3652 9.23642 -0.00204032 1.38015e-04 0.00477579 0.005195202 0.0 13 16.6187850606 2.2545053161 0 0 0 2 8 3 0 0 0 6 
327 1 13.0006 15.5807 13.1325 -3.9416e-04 0.00282065 -6.53786e-04 0.0029221336 0.0 16 24.0233020959 2.2776637127 0 0 0 1 10 5 0 0 0 6 
862 2 14.8795 13.7618 15.9224 -0.00180451 -0.00242984 -0.00390039 0.0049369445 0.0 12 14.1198234163 2.0445277183 0 0 0 2 8 2 0 0 0 6 
376 2 13.1029 10.2602 10.8632 2.27719e-04 3.04726e-04 0.00222575 0.002258025 0.0 14 13.7612580108 2.168038285 0 0 1 3 5 3 2 0 0 7 
938 1 17.2143 16.0161 9.37904 0.00170921 1.1261e-04 -0.00286759 0.0033402324 0.0 15 21.7786653831 2.2853248328 0 0 0 4 5 5 1 0 0 7 
546 2 15.5419 9.07546 11.902 -6.65655e-05 0.00129753 -0.00245913 0.0027812471 0.0 13 13.7578946526 2.0653434527 0 0 0 4 5 3 1 0 0 7 
650 2 12.2925 11.0805 15.603 -0.00233881 -3.22458e-04 0.00358227 0.0042902995 0.0 14 16.3461797196 2.1344305401 0 0 0 2 8 4 0 0 0 6 
438 2 15.9967 10.3933 17.395 0.00148887 0.00383108 -7.54146e-04 0.0041788329 0.0 15 14.1025758839 2.0820928493 0 0 2 4 2 4 2 1 0 8 
185 1 10.9138 14.6896 18.4236 -8.45298e-04 -0.00267858 -0.00130695 0.0030979732 0.0 15 22.1650478294 2.2271130651 0 0 0 5 4 4 2 0 0 7 
788 2 13.9168 9.43198 8.62698 0.00221729 0.00417061 -0.00105526 0.0048398281 0.0 17 20.4754893623 2.2782382811 0 0 2 4 2 6 2 1 0 8 
180 2 12.3272 13.5382 16.0065 0.00350181 -0.00346965 -4.05027e-05 0.0049297855 0.0 14 18.7205387419 2.2494599322 0 0 1 3 5 3 2 0 0 7 
816 2 10.0674 10.1047 11.2456 0.00125575 0.00193509 0.00136981 0.0026828829 0.0 15 14.951280203 2.179265084 0 0 2 3 4 4 0 2 0 8 
409 1 10.8352 15.3331 11.0937 -3.68474e-04 0.0011655 -5.31277e-05 0.0012235137 0.0 13 22.0503721327 2.277637651 0 0 0 1 10 2 0 0 0 6 
743 1 10.645 16.3587 15.4353 0.0033582 5.04668e-04 0.00123355 0.0036130102 0.0 13 22.897727662 2.2776637127 0 0 0 3 6 4 0 0 0 6 
465 2 9.8225 12.6088 10.6282 1.94583e-04 -0.00203499 -0.00210727 0.0029359213 0.0 14 18.6896696766 2.2000819369 0 0 2 2 5 3 1 1 0 8 
310 1 13.4333 17.7103 10.6157 0.00112646 0.00218483 -2.71608e-04 0.0024730882 0.0 13 21.3627916207 2.2853248328 0 0 0 4 4 5 0 0 0 6 
380 1 13.3074 16.5524 16.0766 7.65161e-04 0.00110508 -0.0025213 0.0028572061 0.0 15 22.0892145474 2.1982550336 0 0 0 4 4 7 0 0 0 6 
939 1 9.57508 17.3103 18.2221 0.00248351 7.08587e-04 5.89164e-04 0.002648968 0.0 14 20.7578287819 2.2374798714 0 0 1 2 6 4 1 0 0 7 
960 2 12.4982 12.4476 11.3456 -0.00210218 -5.33101e-04 -5.74736e-04 0.0022435862 0.0 14 17.1498953577 2.1757267221 0 0 1 1 7 5 0 0 0 6 
208 1 8.76312 10.5509 14.3126 0.00377588 -3.71982e-04 0.00134528 0.0040255954 0.0 16 21.4769171297 2.2904822304 0 0 2 1 7 3 3 0 0 7 
142 2 13.9903 9.34049 16.3551 -0.001902 -1.58374e-04 -0.00229708 0.0029865135 0.0 14 12.6691019959 1.9395835509 0 0 2 3 4 2 2 1 0 8 
260 2 13.2319 12.3807 13.7207 4.98827e-04 0.00567406 8.54277e-04 0.0057596505 0.0 13 15.2584176714 2.154550735 0 0 0 3 6 4 0 0 0 6 
209 2 15.0282 11.9775 11.7481 -3.63843e-04 4.62389e-04 0.00324893 0.003301777 0.0 13 16.6277080364 2.1788777403 0 0 1 3 5 2 2 0 0 7 
753 2 14.2044 9.76732 13.607 0.00316251 -0.0033099 2.01842e-04 0.004582319 0.0 15 14.4259351281 1.9417015655 0 0 1 2 6 5 1 0 0 7 
941 2 17.0496 10.5719 10.5126 0.00157473 -0.00109806 0.00228238 0.0029824099 0.0 15 19.0847991985 2.1869989804 0 0 1 4 3 5 2 0 0 7 
323 2 15.2986 13.3943 13.6415 0.00104136 3.67049e-04 0.00121122 0.001638966 0.0 13 15.1791756021 2.140733384 0 0 1 3 4 4 1 0 0 7 
686 2 16.8807 12.8505 15.9389 -0.00364847 -3.92523e-04 -2.99871e-04 0.0036817564 0.0 15 14.0028219758 1.9784054407 0 0 1 3 5 5 0 1 0 8 
355 2 15.9289 12.7027 18.3334 0.00388409 5.42475e-04 -0.00103016 0.0040548322 0.0 15 16.0311312286 2.1014123264 0 0 0 4 5 5 1 0 0 7 
568 2 17.2548 13.2854 12.23 0.00147012 0.00176528 0.00147052 0.0027276172 0.0 15 16.6621695474 2.140733384 0 0 3 2 4 2 3 1 0 8 
317 2 14.8393 11.2636 15.6348 -9.37687e-04 -0.00178049 -0.00572239 0.0060659005 0.0 16 13.1056075281 2.0820928493 0 0 2 4 2 5 2 1 0 8 
398 2 18.7267 15.6675 16.1856 -0.00341304 7.64856e-04 -1.91369e-04 0.0035029229 0.0 14 15.0976146867 2.1741350604 0 0 0 5 3 5 1 0 0 7 
727 1 14.583 14.9583 10.5761 -0.00115877 0.00331435 8.46109e-04 0.0036115875 0.0 14 22.8863656192 2.2163920343 0 0 0 1 10 3 0 0 0 6 
721 1 15.9373 16.9213 11.8707 0.00151694 0.00157441 -9.73851e-04 0.0023933783 0.0 14 21.5295017004 2.2050880436 0 0 0 3 7 3 1 0 0 7 
113 2 16.5312 14.9473 17.3582 0.00222775 -0.00135986 -0.00161009 0.0030666723 0.0 13 15.4149739647 2.1667334922 0 0 1 4 2 5 1 0 0 7 
306 2 11.6558 10.5352 12.8625 -0.00276079 -0.00341005 -0.00432046 0.00615766 0.0 13 15.5853017103 2.0949361813 0 0 2 1 6 3 0 1 0 8 
195 2 10.8665 9.02218 17.1911 -0.00170899 0.00290777 -5.07393e-04 0.0034107508 0.0 16 19.1002949921 2.2511495846 0 0 0 2 8 6 0 0 0 6 
304 1 9.95036 13.3139 13.8364 -2.56257e-04 0.00269909 -0.00200693 0.0033732066 0.0 18 25.8976508265 2.2776637127 0 0 1 1 9 5 2 0 0 7 
761 1 9.56776 12.1085 16.4499 3.43563e-04 0.00575041 -5.13124e-05 0.0057608926 0.0 12 20.7232466415 2.2493598458 0 0 1 2 6 2 1 0 0 7 
273 1 11.9313 14.1337 8.58156 -6.11883e-04 0.00191928 0.00291341 0.0035420325 0.0 14 21.87480619 2.3448924004 0 0 0 1 10 3 0 0 0 6 
824 2 11.6135 8.85627 9.48229 0.00267918 -0.00251811 0.00538666 0.0065218854 0.0 12 13.3223145791 2.212189013 0 0 0 2 8 2 0 0 0 6 
353 1 17.2145 13.2196 8.97453 -0.00204666 0.00132833 -0.00138287 0.002804569 0.0 15 21.771976156 2.154569424 0 0 0 4 6 3 2 0 0 7 
451 2 16.4605 8.43359 13.8751 6.55302e-04 0.0014579 4.9737e-04 0.0016739982 0.0 15 13.9492767997 2.0820928493 0 0 2 1 7 4 0 0 1 9 
658 2 16.6846 11.425 13.794 7.98942e-04 0.00258513 -0.00313578 0.0041417776 0.0 15 15.4297565997 2.0256541008 0 0 1 3 6 3 1 1 0 8 
427 1 0.160911 11.4651 19.2001 -4.55343e-04 0.00125555 -0.00274843 0.0030557504 0.0 16 22.8654354275 2.337251808 0 0 0 1 10 5 0 0 0 6 
959 2 16.2041 15.7704 14.9494 -0.0039272 -0.00242729 0.00118291 0.0047659115 0.0 16 19.835299087 2.1982550336 0 0 1 3 5 5 2 0 0 7 
107 2 21.9956 10.3933 12.4163 5.3586e-04 0.00248379 -0.0019456 0.0032002684 0.0 15 14.2661792539 2.3968103361 0 0 2 4 2 4 2 1 0 8 
92 1 22.0679 9.6838 9.03584 0.00267568 -3.8867e-04 2.70338e-05 0.0027038969 0.0 18 25.1424872133 2.3968103361 0 0 1 5 2 7 3 0 0 7 
977 2 20.6619 10.1103 16.5718 -0.00387155 -6.54287e-04 6.6209e-04 0.0039818782 0.0 14 13.2118260865 1.9803447257 0 0 0 2 8 4 0 0 0 6 
356 2 25.0324 14.6013 12.503 8.43255e-04 -7.94598e-04 -0.00207195 0.0023739085 0.0 13 16.789211506 2.226511806 0 0 1 4 3 3 2 0 0 7 
548 2 20.8755 16.0917 14.4799 0.00207644 -3.39988e-05 0.00370018 0.0042431228 0.0 14 15.643796718 2.1829698807 0 0 0 3 7 3 1 0 0 7 
550 2 24.9223 11.8462 16.3636 -0.00195441 0.00128683 0.00109835 0.0025849609 0.0 13 16.590764766 2.2993708672 0 0 1 3 5 2 2 0 0 7 
649 2 24.0748 10.7675 11.4805 -0.00177055 -1.00077e-04 -0.00289707 0.0033967451 0.0 13 15.0333114576 2.127163381 0 0 2 2 3 5 1 0 0 7 
755 2 21.5294 12.4576 10.9972 -1.86922e-04 0.00535535 -4.11458e-04 0.0053743847 0.0 13 13.9197726913 2.3455883675 0 0 2 2 3 5 1 0 0 7 
370 2 18.5524 9.80893 12.2679 -8.7804e-04 6.26743e-04 6.6184e-04 0.0012656197 0.0 14 16.0312202142 2.3593244135 0 0 1 3 4 5 1 0 0 7 
57 2 20.358 14.1129 10.0043 6.57272e-04 -0.00417691 -3.7828e-04 0.0042451949 0.0 13 17.1379356397 2.2121028816 0 0 0 2 8 3 0 0 0 6 
503 2 25.4888 15.013 10.3479 -9.63464e-04 8.80785e-04 0.00169782 0.0021416437 0.0 13 17.049846739 2.2069821425 0 0 1 1 9 0 2 0 0 7 
891 2 18.3589 10.0633 15.0331 -0.00351606 -4.27856e-05 -0.00457045 0.0057665867 0.0 15 15.0461669216 2.0820928493 0 0 0 3 6 6 0 0 0 6 
682 2 22.7602 15.3832 12.9791 0.00252138 -0.00171995 -5.61352e-04 0.0031033371 0.0 13 15.5400465767 2.2187754029 0 0 0 1 10 2 0 0 0 6 
118 2 22.7097 11.108 14.7059 -3.57938e-04 2.23969e-04 -0.00210779 0.0021496652 0.0 15 14.2969053197 1.9558339785 0 0 1 3 4 6 1 0 0 7 
783 2 22.9056 15.529 15.622 1.11706e-04 -9.94945e-04 0.0041065 0.0042267879 0.0 13 15.2476355692 2.2691076941 0 0 0 1 10 2 0 0 0 6 
714 2 21.7251 13.4216 15.1494 0.00133269 3.17347e-04 -0.00110894 0.0017625322 0.0 13 12.5578609806 1.8114568315 0 0 0 1 10 2 0 0 0 6 
277 2 25.8453 10.3862 9.68348 -6.75629e-04 -8.47834e-04 -5.44976e-04 0.001213382 0.0 13 16.3493243898 2.2408405352 0 0 0 3 6 4 0 0 0 6 
375 2 19.8743 12.2109 16.1243 -4.6813e-04 6.80181e-05 -5.6956e-04 7.403855431e-04 0.0 12 12.3991857478 1.9718108202 0 0 0 2 8 2 0 0 0 6 
261 2 23.874 12.7739 10.5312 0.00290785 -6.79899e-04 -6.90522e-04 0.0030650734 0.0 13 12.6176761506 2.0211239447 0 0 0 3 6 4 0 0 0 6 
577 2 23.1373 12.8263 12.8329 0.00101971 -0.00253233 0.00337811 0.0043432857 0.0 14 12.778419586 1.8947013074 0 0 0 2 8 4 0 0 0 6 
799 2 25.961 12.2187 11.9494 0.00131024 2.25284e-04 -0.00421875 0.0044232718 0.0 16 16.5282005436 2.2334878909 0 0 0 1 10 5 0 0 0 6 
756 2 18.4986 13.5753 17.6586 -0.00214957 -0.00248178 -0.00356064 0.0048433501 0.0 13 13.1142232924 1.9263669461 0 0 0 3 6 4 0 0 0 6 
65 2 25.0664 10.9174 13.8743 0.00335134 -0.00369536 -0.00367092 0.0061937726 0.0 15 16.472814268 2.1018200331 0 0 2 2 5 3 3 0 0 7 
331 2 20.9887 15.8805 11.4806 -7.59055e-04 0.00178805 9.3833e-07 0.0019424953 0.0 14 17.767530562 2.2508083446 0 0 2 2 5 2 3 0 0 7 
736 2 22.4259 11.9687 17.0443 -0.00131374 0.00149739 -0.00310265 0.0036870756 0.0 13 12.5720815786 1.9336560657 0 0 0 1 10 2 0 0 0 6 
955 2 18.9702 13.8472 14.4608 0.00227048 -9.19961e-04 -0.00103345 0.0026588393 0.0 17 15.8391544564 2.0224898854 0 0 1 5 3 5 2 1 0 8 
643 2 19.2647 12.2598 11.3328 -0.00319 -0.00122015 0.00124522 0.0036353045 0.0 15 16.8899871871 2.3968103361 0 0 1 2 7 3 2 0 0 7 
742 2 18.3622 16.6728 13.9381 -0.0018665 -0.00142387 0.00211271 0.0031582862 0.0 13 18.7652055805 2.2369437058 0 0 2 4 0 5 2 0 0 7 
945 2 23.508 8.87583 13.4936 -0.0010346 -0.00192766 7.15754e-04 0.0023018632 0.0 13 17.0353160987 2.2505757591 0 0 0 4 5 3 1 0 0 7 
655 2 18.5894 15.134 12.1011 0.0036391 6.84351e-04 6.97092e-04 0.0037679334 0.0 14 17.4131734897 2.2121485179 0 0 1 3 5 3 2 0 0 7 
106 2 25.9452 12.8702 9.3032 -1.83022e-05 0.00164871 -0.00220544 0.0027536422 0.0 12 12.647386515 1.9664637994 0 0 0 0 12 0 0 0 0 5 
96 2 18.434 8.59286 17.2453 -0.00105948 0.00445918 -0.00201544 0.0050068735 0.0 15 13.4340963367 1.9548239452 0 0 0 4 5 5 1 0 0 7 
443 2 24.3457 13.6872 14.8119 2.11997e-04 -0.00162101 0.00297818 0.0033973773 0.0 15 14.6132097472 2.2526474556 0 0 0 4 4 7 0 0 0 6 
916 2 20.7029 8.73697 14.588 -0.00138798 0.00120082 0.00451221 0.0048711904 0.0 14 14.1435430689 2.0813864723 0 0 1 3 3 7 0 0 0 6 
163 2 20.2131 11.2073 13.7435 8.37655e-04 0.00168127 0.00291418 0.0034670996 0.0 16 14.6129820797 2.0152132116 0 0 3 2 3 5 2 1 0 8 
203 2 22.6502 14.9246 10.0645 0.00575351 -0.00164637 -2.63978e-04 0.0059902501 0.0 16 17.1851953216 2.3470510172 0 0 0 2 9 4 1 0 0 7 
227 2 26.5034 13.0262 14.2569 0.00153106 -2.95698e-04 -0.00173471 0.0023325524 0.0 12 18.1505619395 2.0927299063 0 0 0 3 6 3 0 0 0 6 
633 2 20.8801 13.6923 12.9565 0.0040171 0.0018792 -0.00138967 0.0046475443 0.0 13 12.8655382693 1.8947013074 0 0 1 2 6 3 1 0 0 7 
596 2 24.1445 9.98 17.5161 -2.58737e-05 -0.00167968 -0.00315589 0.0035751414 0.0 14 17.0611960602 2.2662200905 0 0 2 2 6 2 1 0 1 9 
149 2 21.1191 16.7436 16.6798 -0.00411805 0.00181586 5.75181e-04 0.0045372367 0.0 14 15.9151171414 2.1601431346 0 0 1 3 4 5 1 0 0 7 
778 2 24.1265 13.8115 17.1743 0.0023459 -3.949e-04 0.00100747 0.0025834451 0.0 14 15.5208247768 2.337251808 0 0 0 3 6 5 0 0 0 6 
229 2 20.7779 14.3748 17.0553 -0.00107699 0.00315253 -5.48123e-04 0.0033762097 0.0 15 13.3519820603 1.9263669461 0 0 1 0 10 3 1 0 0 7 
56 2 24.2893 11.6522 7.83168 0.00134201 0.00198446 -7.33875e-04 0.0025055229 0.0 14 14.8191262148 2.1125797111 0 0 1 1 7 5 0 0 0 6 
31 1 7.01263 22.6781 18.4078 0.00262437 0.00219861 -8.51685e-04 0.0035279698 0.0 15 22.8687643927 2.5081008552 0 0 0 3 7 4 1 0 0 7 
863 1 5.91517 19.29 10.5058 0.00208378 -0.00598925 4.86657e-04 0.0063600385 0.0 17 24.5935395202 2.257324728 0 0 3 2 4 5 2 0 1 9 
899 1 3.32372 18.6505 16.8981 0.00106866 -0.00551631 -0.00298269 0.0063614582 0.0 13 21.5890517112 2.260545322 0 0 1 3 4 4 1 0 0 7 
405 1 0.698667 17.6569 18.3142 -0.00119176 -0.00575005 2.89772e-04 0.0058793992 0.0 15 22.3579070816 2.1791445484 0 0 1 4 4 4 1 1 0 8 
904 1 1.82043 20.5295 9.45747 0.00195351 0.00227592 -0.00355789 0.0046534497 0.0 15 21.1941918162 2.257324728 0 0 1 2 7 3 2 0 0 7 
373 2 26.4869 24.8986 12.3151 -1.73257e-05 1.57059e-04 0.00120818 0.001218469 0.0 15 17.6623023111 2.184696518 0 0 0 1 10 4 0 0 0 6 
67 1 0.629999 22.5375 14.2651 -3.44063e-04 -0.002424 0.00124746 0.0027477831 0.0 13 20.6146692864 2.143883617 0 0 0 1 10 2 0 0 0 6 
782 1 8.75219 22.7081 13.4401 4.06813e-04 -0.00271106 -0.00344447 0.00440224 0.0 15 22.285779964 2.2634800269 0 0 1 3 4 6 1 0 0 7 
570 1 8.3575 25.7111 13.4916 0.00241871 -0.00217109 -0.00189144 0.0037604967 0.0 13 21.8812553561 2.2580990671 0 0 0 2 8 3 0 0 0 6 
286 2 1.06337 24.9907 10.5402 0.00313179 -0.00239726 0.00156224 0.0042421172 0.0 13 17.0800755888 2.0981188269 0 0 0 3 6 4 0 0 0 6 
902 1 5.44963 19.9754 18.0625 -3.32937e-04 0.00159453 -0.0017631 0.0024003947 0.0 14 24.0176825654 2.4988837863 0 0 0 4 5 4 1 0 0 7 
178 1 5.59114 24.714 13.2762 3.07104e-04 0.00188932 0.00238694 0.0030596283 0.0 15 21.4296485163 2.2818012336 0 0 2 3 3 5 1 1 0 8 
421 1 5.79767 21.8638 13.1443 -0.00416798 3.29945e-04 0.00308001 0.0051930129 0.0 14 21.1755855561 2.1517578696 0 0 0 4 4 6 0 0 0 6 
439 1 7.56522 17.9761 16.2817 0.00142598 0.00344115 -0.00124343 0.0039269645 0.0 15 23.0261903784 2.2958754997 0 0 1 4 3 5 2 0 0 7 
130 1 7.08811 21.4669 15.6522 0.00174476 8.29651e-05 -3.42499e-04 0.0017799933 0.0 13 22.231234365 2.2060203007 0 0 0 3 6 4 0 0 0 6 
526 1 3.26978 26.2669 12.732 0.00398481 7.93959e-04 -0.00122254 0.004243075 0.0 12 20.7041344298 2.184696518 0 0 0 0 12 0 0 0 0 5 
24 1 0.97005 19.6088 12.6279 7.24518e-04 -1.92725e-04 4.69583e-04 8.8463407793e-04 0.0 14 22.0674114657 2.2625455159 0 0 0 2 8 4 0 0 0 6 
458 1 5.30834 19.2002 14.1002 -4.00411e-04 4.66771e-04 -2.34341e-04 6.5811840853e-04 0.0 14 23.5802167398 2.2955838786 0 0 0 3 7 3 1 0 0 7 
800 1 7.7554 24.3429 15.9778 1.06503e-04 6.13247e-04 0.00262867 0.0027013554 0.0 16 20.4574882654 2.2818012336 0 0 1 4 2 8 1 0 0 7 
25 1 2.97926 23.3889 12.6424 -0.00206374 -2.30268e-04 8.31018e-04 0.0022366576 0.0 14 21.2684267408 2.1252164729 0 0 0 1 10 3 0 0 0 6 
875 1 0.920995 22.4979 17.0236 0.00317715 0.0014252 -5.37209e-05 0.0034825799 0.0 13 22.3415740945 2.2629218243 0 0 0 1 10 2 0 0 0 6 
220 1 3.84284 22.5842 18.016 8.96008e-04 -2.20527e-04 -9.19057e-07 9.2274771116e-04 0.0 15 22.2317340693 2.2131869335 0 0 2 3 3 4 3 0 0 7 
827 1 8.21676 20.479 11.6241 -6.05372e-04 0.00129518 -0.00330348 0.0035995759 0.0 17 23.1169396945 2.2702284992 0 0 3 5 1 3 3 1 1 9 
669 2 7.76216 24.3659 10.9516 0.00455583 -0.00292146 0.00185475 0.0057210675 0.0 15 16.6958551934 2.1436917922 0 0 0 5 4 4 2 0 0 7 
13 1 2.21616 24.85 15.2408 -0.00165981 -0.0050658 1.75164e-04 0.0053336649 0.0 15 22.666102784 2.184696518 0 0 0 3 7 4 1 0 0 7 
251 1 4.59871 26.3342 16.8267 -0.00209628 0.00156372 -0.00399796 0.0047773732 0.0 15 21.9413499495 2.2818012336 0 0 2 3 4 3 2 1 0 8 
935 2 5.83435 23.232 10.4847 2.05469e-04 -0.00143103 3.11518e-04 0.0014788874 0.0 14 17.2631716461 2.1831621731 0 0 2 2 3 6 1 0 0 7 
710 1 3.46793 20.7318 11.8589 -7.9736e-04 6.63668e-04 -0.00162447 0.0019274701 0.0 15 23.0708728126 2.2340633314 0 0 1 3 5 4 2 0 0 7 
225 1 3.38003 21.4886 15.1581 -3.09584e-05 0.00125532 5.04439e-05 0.0012567145 0.0 16 24.098684187 2.2629218243 0 0 0 3 7 5 1 0 0 7 
40 1 4.94235 23.7503 15.7749 -1.45854e-04 -0.0029169 -0.00125275 0.0031778863 0.0 13 20.6726815084 2.245526073 0 0 2 3 3 2 3 0 0 7 
592 2 9.42422 20.227 8.40037 -9.79399e-04 -5.80812e-04 -0.00166957 0.0020208981 0.0 13 18.4041269035 2.2223734463 0 0 1 4 3 3 2 0 0 7 
579 2 4.59853 25.1756 9.84959 3.55321e-04 0.00309485 -4.86866e-04 0.0031529967 0.0 14 17.2049969718 2.1314712943 0 0 0 2 8 4 0 0 0 6 
572 1 12.6483 0.228175 15.3574 -0.00199982 -0.00236345 1.67986e-04 0.0031005476 0.0 15 20.3679345892 2.1476282929 0 0 2 1 7 2 3 0 0 7 
678 1 15.5796 19.4109 9.74546 -0.00209031 9.24074e-04 0.00319268 0.0039263869 0.0 15 22.5696133812 2.2853248328 0 0 0 4 4 7 0 0 0 6 
248 1 16.5171 23.1275 8.95633 5.50007e-04 -0.00238943 -0.00235168 0.0033973934 0.0 16 23.010374158 2.2935787461 0 0 1 3 4 7 1 0 0 7 
403 1 17.1032 19.3789 13.1772 -0.00158209 9.44377e-04 -0.00327876 0.0037610004 0.0 14 21.1122287656 2.2369437058 0 0 0 4 4 6 0 0 0 6 
728 2 8.62738 26.6008 10.1465 0.00157115 0.00255634 -0.00203781 0.0036271278 0.0 15 17.4754397186 2.176252999 0 0 2 3 5 0 5 0 0 7 
536 1 14.6049 25.9353 17.6142 -0.0010457 -0.00267751 0.00113491 0.0030903995 0.0 15 21.8608318091 2.2480820604 0 0 1 2 6 5 1 0 0 7 
950 1 14.43 18.3174 14.1206 0.00265792 9.58903e-04 -0.00365187 0.0046173789 0.0 14 22.6749557055 2.2788567853 0 0 0 2 9 2 1 0 0 7 
289 1 13.5055 21.9036 9.45701 -6.73941e-04 -9.04211e-04 -5.28174e-04 0.0012452959 0.0 16 23.8483643575 2.2617525891 0 0 0 4 6 4 2 0 0 7 
191 1 16.8834 21.5962 11.5574 0.00147854 6.48811e-04 0.00209477 0.0026448247 0.0 14 22.1739542163 2.2336993717 0 0 1 2 6 4 1 0 0 7 
620 2 13.8515 25.2334 9.57441 -0.00101289 -0.00168448 -0.00340779 0.0039340122 0.0 14 17.078694842 2.1666424423 0 0 1 1 8 3 1 0 0 7 
444 1 9.96768 22.4786 16.0412 -0.00321049 -0.00178361 0.00101473 0.003810274 0.0 14 20.5945370871 2.0939532825 0 0 0 2 8 4 0 0 0 6 
32 2 12.0907 26.7424 10.4031 -0.00152822 1.37779e-04 4.13987e-04 0.0015892843 0.0 14 14.4792226555 2.1552786824 0 0 2 3 3 4 1 1 0 8 
544 1 11.4604 20.0044 10.709 0.00416954 0.00351534 -0.00103844 0.0055516697 0.0 16 23.3567297737 2.2617525891 0 0 1 4 3 6 2 0 0 7 
140 1 11.4077 24.299 14.1595 5.83969e-04 0.00132597 0.00132679 0.0019645834 0.0 14 20.7596275284 2.2615050704 0 0 0 2 8 4 0 0 0 6 
802 1 12.8717 22.9059 12.1632 -0.00417512 -0.00350755 -0.00313621 0.0062904966 0.0 17 23.0776846405 2.2634800269 0 0 2 4 2 5 4 0 0 7 
830 1 18.2854 18.4131 10.8038 0.00208394 4.42822e-04 -0.00146506 0.0025855943 0.0 15 22.6835845359 2.2880978065 0 0 0 3 7 4 1 0 0 7 
626 1 14.22 19.9373 16.8978 2.66667e-04 -0.00146836 -2.92421e-04 0.0015207572 0.0 13 21.4339910449 2.2259378461 0 0 1 0 9 3 0 0 0 6 
481 1 15.7428 22.8577 17.5711 9.84374e-04 2.44596e-04 0.00115009 0.0015334687 0.0 16 22.0201355734 2.1878404136 0 0 1 4 2 8 1 0 0 7 
724 2 10.3412 22.786 10.0867 0.00160417 0.00275654 0.00283016 0.0042639981 0.0 13 18.3296273991 2.2634800269 0 0 0 4 4 5 0 0 0 6 
522 1 8.98962 19.4633 14.1527 0.00514502 -0.00561413 0.00271137 0.0080833912 0.0 16 22.825486606 2.2958754997 0 0 1 4 5 3 2 1 0 8 
731 1 10.0527 25.8151 16.154 4.08131e-04 7.96533e-04 0.00161064 0.001842606 0.0 13 20.1525943501 2.1442823665 0 0 0 3 6 4 0 0 0 6 
166 1 11.2602 17.8823 12.9205 0.00160603 5.07972e-04 9.4024e-04 0.001929098 0.0 15 22.4225206105 2.2230256829 0 0 1 3 5 4 2 0 0 7 
204 1 13.3932 25.9901 13.0354 0.00361715 0.00173021 0.0015385 0.0042946924 0.0 14 20.4518212193 2.1552786824 0 0 0 4 5 4 1 0 0 7 
189 1 13.0415 21.9963 15.5821 4.79705e-04 4.0324e-04 -0.0034501 0.0035065524 0.0 14 20.7181695234 2.2788567853 0 0 1 1 7 5 0 0 0 6 
663 1 16.7939 18.7744 16.152 0.00292592 9.25897e-04 0.00124103 0.0033103547 0.0 14 23.4244539542 2.2326587092 0 0 0 4 5 4 1 0 0 7 
389 1 12.3865 24.2572 17.072 0.00151552 -0.0047295 0.00361639 0.0061435533 0.0 13 19.5658497814 2.1449820671 0 0 1 2 6 3 1 0 0 7 
812 2 10.5103 25.0289 10.9369 -7.03115e-05 -0.00192436 -0.00243495 0.0031043657 0.0 15 17.6376231032 2.2634800269 0 0 2 2 6 2 2 1 0 8 
448 2 16.4077 26.0536 9.19041 -0.00413255 5.57179e-04 5.93e-05 0.0041703638 0.0 14 18.3694938752 2.1663609948 0 0 0 2 9 2 1 0 0 7 
267 1 15.6377 21.3541 14.8192 0.001868 -0.0015243 -6.24319e-04 0.0024905198 0.0 15 21.78394338 2.2360784691 0 0 0 3 6 6 0 0 0 6 
121 1 15.5441 24.2649 12.1292 -0.00715731 -0.002669 0.00389956 0.0085765503 0.0 15 22.5350772252 2.2360784691 0 0 1 2 7 3 2 0 0 7 
524 1 11.1352 19.44 16.0112 1.44201e-04 0.00194315 8.90924e-04 0.0021425152 0.0 15 23.2871278014 2.2788567853 0 0 1 1 8 4 1 0 0 7 
887 1 11.202 20.9306 13.5167 -0.00144375 0.0035604 -0.0016753 0.0041913592 0.0 13 21.1573638739 2.2788567853 0 0 0 4 4 5 0 0 0 6 
78 1 14.0372 20.2894 12.3904 -0.00500657 -0.00199031 -0.00427434 0.0068772858 0.0 14 22.4762180259 2.2433437378 0 0 1 4 3 4 2 0 0 7 
86 1 14.6993 24.4282 15.1157 0.00183088 0.0010179 9.72118e-04 0.0023093842 0.0 14 21.8280186941 2.2480820604 0 0 0 0 12 2 0 0 0 6 
109 1 25.0453 17.5567 13.6359 -0.00241833 -1.47801e-04 -0.00211315 0.0032148978 0.0 15 23.4637750156 2.2625455159 0 0 1 4 4 3 3 0 0 7 
937 1 19.1872 21.488 13.5039 0.00221075 -0.00274353 0.00166483 0.0038969259 0.0 14 21.2659742493 2.2306850495 0 0 0 6 0 8 0 0 0 6 
298 1 25.663 19.8192 10.3697 -2.91972e-04 -0.00315315 0.0013374 0.003437476 0.0 13 20.2415586377 2.1820093522 0 0 0 3 6 4 0 0 0 6 
912 1 24.6948 21.5421 15.5631 -0.00176861 -0.00547257 0.00278037 0.0063880718 0.0 14 22.1871693955 2.2204320072 0 0 1 2 7 2 2 0 0 7 
586 1 22.431 21.0034 12.0276 -0.00290132 9.78468e-05 -0.00103298 0.0030812789 0.0 14 23.4306050395 2.2162866807 0 0 0 4 4 6 0 0 0 6 
343 1 24.878 22.6787 10.2226 -8.60921e-04 2.93989e-04 0.00104194 0.0013832041 0.0 15 21.7681734197 2.1416253365 0 0 0 2 9 3 1 0 0 7 
344 1 21.8336 21.5166 15.0287 0.00225185 9.8443e-04 5.844e-04 0.002526154 0.0 15 20.9234082441 2.1762246928 0 0 1 4 3 5 2 0 0 7 
936 1 0.488641 22.0858 11.3999 0.00124922 -0.00370397 0.00225117 0.0045108437 0.0 14 19.8299520093 2.1753431918 0 0 0 2 9 2 1 0 0 7 
861 2 24.6049 26.1277 13.5913 -0.00138116 -3.86326e-04 0.00177144 0.0022792214 0.0 12 16.6418303143 2.1425284183 0 0 0 5 2 5 0 0 0 6 
958 1 21.0075 22.5017 17.6001 -0.00211638 0.00303447 -9.17743e-04 0.0038117351 0.0 15 21.8152301563 2.2836422473 0 0 2 3 3 4 3 0 0 7 
556 1 26.2179 24.8964 15.8131 -1.8015e-04 0.00190778 5.0304e-04 0.0019811935 0.0 15 22.4090413154 2.1701094742 0 0 1 1 8 4 1 0 0 7 
525 1 21.8818 23.4294 9.86732 3.77495e-04 -5.61053e-04 3.54055e-04 7.6330720346e-04 0.0 16 21.9199795066 2.2259583453 0 0 1 3 5 5 2 0 0 7 
679 1 21.0351 18.5216 9.58905 0.00139498 -0.00393381 -4.11664e-04 0.0041940789 0.0 14 22.340420892 2.3470510172 0 0 0 3 6 5 0 0 0 6 
857 2 21.0254 26.3683 11.1967 3.2746e-04 8.05193e-04 -6.2523e-04 0.0010707373 0.0 16 16.9617741013 2.2280898685 0 0 2 2 6 3 2 1 0 8 
362 2 25.8775 26.1907 10.2136 7.85513e-04 0.00370393 0.0011111 0.003945969 0.0 13 13.4387118012 2.0456001794 0 0 0 3 6 4 0 0 0 6 
847 1 22.7049 19.9374 17.4098 0.00380297 8.98967e-04 9.98126e-04 0.0040332342 0.0 14 21.8877677798 2.1785407357 0 0 0 3 6 5 0 0 0 6 
868 1 19.8894 21.1077 10.3518 0.00422059 0.00281502 0.00143378 0.0052719487 0.0 14 21.9482615072 2.1835152743 0 0 0 4 4 6 0 0 0 6 
654 1 21.5296 26.3786 16.2719 8.14592e-04 0.00227821 0.00172336 0.0029704832 0.0 17 22.0005615958 2.2880588118 0 0 1 5 3 6 0 2 0 8 
908 1 25.2269 20.6842 13.0283 -7.67919e-04 -3.65555e-04 -0.00194906 0.0021265383 0.0 14 21.3835189116 2.2204320072 0 0 0 4 4 6 0 0 0 6 
917 1 22.5195 18.5144 14.7026 -4.41035e-04 -0.00108165 0.0015303 0.0019251745 0.0 14 22.2624867667 2.2204320072 0 0 0 2 8 4 0 0 0 6 
284 1 18.4081 21.9059 16.3608 -0.00323129 1.75542e-04 0.00401345 0.0051555631 0.0 14 21.0371025449 2.2517058955 0 0 1 4 3 4 2 0 0 7 
94 2 24.4011 23.6415 13.0572 0.00104482 -0.0021804 -7.0506e-04 0.002518512 0.0 15 19.3384563522 2.1523656784 0 0 0 3 6 6 0 0 0 6 
996 1 22.9801 24.0852 15.5662 0.00499385 -0.0014257 -0.00354829 0.0062897949 0.0 13 21.0101977803 2.1647699684 0 0 0 4 4 5 0 0 0 6 
486 1 24.823 17.9219 16.3054 4.5824e-04 -0.00321489 0.00101478 0.0034022463 0.0 14 21.5626328701 2.2583537083 0 0 0 2 8 4 0 0 0 6 
182 1 21.3095 23.618 12.6152 0.00133004 0.00126159 2.55653e-04 0.0018509387 0.0 14 20.4821353154 2.1659829405 0 0 1 4 3 4 2 0 0 7 
855 1 24.3239 0.119793 16.3661 0.00134907 7.68128e-04 -0.00351165 0.0038394917 0.0 16 22.3642755036 2.1621835473 0 0 1 3 5 5 2 0 0 7 
510 1 25.7479 20.1993 18.1796 -0.00206575 -0.00265099 0.00118243 0.0035627534 0.0 13 21.5963791016 2.2241337446 0 0 0 1 10 2 0 0 0 6 
365 1 19.8863 19.5595 16.2389 -0.00170283 0.00147872 -0.00544795 0.0058963041 0.0 16 23.9573976162 2.2369437058 0 0 0 5 4 5 2 0 0 7 
641 1 20.0787 24.0858 15.1181 -4.12423e-04 -9.94745e-04 6.38718e-04 0.0012520268 0.0 15 21.4440409901 2.2850404361 0 0 2 4 3 2 3 1 0 8 
419 1 23.6993 17.8115 11.2223 -0.00178192 0.00348566 -0.00135157 0.0041414739 0.0 15 23.535870789 2.2187754029 0 0 0 5 3 6 1 0 0 7 
181 1 20.3971 18.8792 12.7262 0.00182727 -0.00208918 0.00179009 0.0033027278 0.0 15 23.3336731947 2.2369437058 0 0 1 4 3 5 2 0 0 7 
931 2 23.6478 25.2818 11.3952 -0.00355435 0.00144631 -2.63363e-04 0.0038463719 0.0 12 15.3681767526 2.0717977819 0 0 0 3 6 3 0 0 0 6 
836 2 22.6591 26.7482 9.70524 -0.00158985 -7.91464e-06 -3.41814e-04 0.0016261988 0.0 13 15.1730220778 2.1325544606 0 0 1 3 5 2 2 0 0 7 
952 1 0.706953 19.6832 15.6535 -4.69688e-04 -0.00199799 0.00209161 0.0029304271 0.0 14 23.782277637 2.2629218243 0 0 0 2 8 4 0 0 0 6 
670 1 17.3628 23.5042 13.951 -3.44545e-04 9.46741e-04 3.61747e-04 0.0010704628 0.0 13 19.6205873555 2.181845582 0 0 1 3 4 4 1 0 0 7 
308 1 17.4872 24.8223 16.4426 -7.58326e-04 -0.00333944 -0.00317137 0.0046673874 0.0 15 21.7655716731 2.2880588118 0 0 1 4 3 5 2 0 0 7 
135 1 18.7043 23.7148 11.1906 -7.33281e-04 -0.0017586 0.00325522 0.0037718473 0.0 16 21.9890917155 2.2280898685 0 0 2 4 2 4 4 0 0 7 
651 1 0.143952 3.63243 20.3233 -0.00237209 -0.00143227 0.00404526 0.0049032986 0.0 13 20.8529935459 2.3633200098 0 0 0 3 6 4 0 0 0 6 
630 2 2.23877 0.775652 26.1452 0.00123616 -0.00227097 -4.71319e-04 0.0026282195 0.0 18 21.0819640593 2.352452996 0 0 1 4 5 5 2 1 0 8 
957 2 8.41896 9.39669 23.6026 8.58601e-04 -9.70489e-04 0.00200856 0.0023902631 0.0 14 18.4938251718 2.2026125975 0 0 3 3 2 2 3 1 0 8 
605 2 4.26658 1.99141 26.2029 -4.66516e-04 9.68854e-04 0.00262425 0.0028360189 0.0 13 13.4463607935 2.2948535413 0 0 2 1 7 1 1 1 0 8 
388 1 26.3936 4.89521 22.7124 -1.10873e-04 -4.28469e-05 0.00129079 0.0012962513 0.0 15 22.0245509364 2.2784842673 0 0 1 3 4 6 1 0 0 7 
520 1 8.25785 2.5434 20.265 -4.44705e-04 -0.00131812 0.00200303 0.0024387152 0.0 16 24.4021505387 2.3439827447 0 0 1 4 3 6 2 0 0 7 
426 1 1.15112 3.78059 25.2839 0.00182623 0.00279351 -0.00305643 0.0045255473 0.0 15 22.8238269208 2.352452996 0 0 1 5 3 3 2 1 0 8 
49 1 3.53365 1.045 19.6572 3.27421e-04 -2.94999e-04 -1.88233e-04 4.7922915555e-04 0.0 13 21.6576282362 2.2194152649 0 0 0 4 4 5 0 0 0 6 
224 2 6.5187 5.65664 26.3702 -6.86842e-04 8.8781e-04 -0.00609392 0.006196436 0.0 13 14.7452620246 2.2195791796 0 0 0 5 3 4 1 0 0 7 
294 1 5.19261 4.67248 18.0274 0.00310996 -0.00240761 0.00333977 0.0051596997 0.0 15 22.6525647402 2.3209175045 0 0 1 3 5 4 2 0 0 7 
575 1 5.78294 1.81858 18.3313 5.08485e-04 0.00233122 0.00242453 0.0034016892 0.0 16 21.845829758 2.2514112521 0 0 1 4 3 6 2 0 0 7 
849 1 1.63342 9.57769 25.5151 -8.20611e-04 -0.00492068 -0.00280329 0.0057223185 0.0 13 20.228800703 2.4736409142 0 0 0 2 8 3 0 0 0 6 
457 1 1.56657 6.87789 26.1349 -3.21883e-04 0.00118849 4.07145e-05 0.00123198 0.0 14 20.3823115948 2.227950447 0 0 0 6 0 8 0 0 0 6 
157 2 5.06548 2.71787 23.6968 -0.00174535 0.00154472 -2.50767e-04 0.0023442036 0.0 15 16.775408793 2.2960134599 0 0 3 2 2 5 3 0 0 7 
297 2 7.03877 7.88393 25.2963 0.00171796 3.78301e-05 6.73002e-04 0.0018454672 0.0 14 16.6299046457 2.1994487214 0 0 3 3 2 2 3 1 0 8 
177 1 6.18575 0.44984 21.2881 3.74066e-05 0.00497684 -2.23924e-04 0.0049820154 0.0 17 25.1105701057 2.4215757087 0 0 0 4 6 6 0 1 0 8 
441 1 0.905873 0.389133 20.6006 -0.0029406 0.00136303 -0.00327043 0.0046044209 0.0 14 22.8228732296 2.2705429971 0 0 0 2 8 4 0 0 0 6 
1000 2 4.27829 4.39366 25.6213 0.00279847 -7.15553e-04 0.00188564 0.0034495056 0.0 13 15.346191608 2.2122175292 0 0 1 2 6 3 1 0 0 7 
45 1 2.94045 8.68734 23.1811 -6.26678e-04 6.48693e-04 9.85631e-04 0.0013360376 0.0 14 22.1995414133 2.3052169277 0 0 0 4 4 6 0 0 0 6 
720 2 6.01033 5.14144 24.138 4.94529e-04 0.00548801 0.00100717 0.0056015359 0.0 14 13.1016395033 1.9103331588 0 0 0 4 4 6 0 0 0 6 
275 1 4.10748 7.23522 18.4549 0.00410088 -0.00174481 8.84942e-04 0.004543644 0.0 14 21.3315012125 2.2434632427 0 0 1 2 6 4 1 0 0 7 
392 1 6.64738 9.98196 19.4807 0.00286213 0.00281205 0.00309272 0.0050659975 0.0 13 21.8400423571 2.2505877574 0 0 2 0 6 5 0 0 0 6 
232 1 2.37373 3.56398 18.9614 0.00232046 0.00249339 1.85085e-04 0.0034111266 0.0 15 24.2456450897 2.3550918068 0 0 0 5 3 6 1 0 0 7 
944 1 1.61496 6.10951 20.121 2.78248e-04 0.00127627 -0.00345764 0.003696155 0.0 17 25.8608660689 2.3487014094 0 0 1 1 8 6 1 0 0 7 
881 2 7.73796 1.55579 23.8834 0.00389341 -0.0023414 -0.00313247 0.0055184385 0.0 15 16.1919893043 2.4215757087 0 0 2 2 5 4 1 1 0 8 
461 1 0.188232 0.679727 24.0333 -0.00215862 0.00175146 -0.00255477 0.0037754605 0.0 14 22.7682607336 2.2539317242 0 0 1 3 4 5 1 0 0 7 
291 2 4.60979 6.8463 25.3506 -0.00170317 -0.00312815 -5.10782e-04 0.0035981952 0.0 14 16.9626998243 2.2002746075 0 0 0 2 8 4 0 0 0 6 
279 2 5.59067 7.25469 23.0065 0.00171095 -3.77507e-04 4.57259e-04 0.0018107864 0.0 14 16.1415297165 2.2390268716 0 0 1 4 3 4 2 0 0 7 
197 2 8.75403 1.07796 26.1772 0.00192389 -0.00292092 0.00399358 0.005308654 0.0 14 12.7381159152 1.9047207428 0 0 1 3 5 3 2 0 0 7 
585 1 1.78679 2.87477 22.6265 -2.34477e-04 -0.00212582 0.00451451 0.004995487 0.0 18 23.6263481344 2.2960134599 0 0 4 2 3 3 5 1 0 8 
64 1 3.39646 0.382378 22.5527 7.23876e-04 -0.00241287 0.00108756 0.0027438522 0.0 15 23.0327580402 2.2960134599 0 0 1 3 3 8 0 0 0 6 
144 2 5.67197 0.54606 24.9991 0.00126684 -0.00441709 -0.00211014 0.0050565065 0.0 14 16.1069114842 2.3429607688 0 0 0 3 7 3 1 0 0 7 
228 2 4.39185 6.0209 21.3149 4.1165e-04 0.00119495 -0.00177217 0.0021766827 0.0 13 19.144960226 2.2696596421 0 0 1 3 5 2 2 0 0 7 
433 2 9.18708 6.0888 20.2069 0.0033413 -0.00233568 -0.00129035 0.0042760601 0.0 12 17.1971545101 2.3331214106 0 0 1 2 6 2 1 0 0 7 
765 2 3.07565 5.66658 23.8434 -7.43173e-04 -0.00269613 -0.00397193 0.0048577413 0.0 14 20.7486373303 2.3052169277 0 0 0 5 3 5 1 0 0 7 
971 2 4.57738 3.5744 21.5815 0.0022328 3.34925e-04 0.00108512 0.0025050062 0.0 15 21.2856336256 2.2541662108 0 0 1 6 1 3 4 0 0 7 
70 2 7.65801 7.68953 21.9885 0.00325305 -4.21073e-04 4.78487e-04 0.0033149037 0.0 15 15.9244257709 2.2505877574 0 0 2 2 6 1 4 0 0 7 
61 2 6.64515 5.0139 21.3179 -0.00150334 0.00218446 -0.00365855 0.0045185047 0.0 15 18.3489937374 2.2514112521 0 0 2 1 6 4 2 0 0 7 
1 2 7.85264 3.67053 23.3382 0.0012124 -5.17345e-04 -0.00153378 0.0020223849 0.0 13 15.1835140231 2.2541662108 0 0 1 4 3 3 2 0 0 7 
820 2 6.90748 6.88464 19.522 -0.00194999 -0.00370316 -0.00253471 0.0048929142 0.0 14 19.2279282515 2.2505877574 0 0 0 2 8 4 0 0 0 6 
921 2 8.26167 6.44393 23.9396 0.00301196 0.0018463 -0.00413333 0.0054373839 0.0 15 13.8207991841 1.9616953341 0 0 1 6 1 3 4 0 0 7 
906 2 8.61658 4.45751 25.7872 -0.00235478 0.00212658 8.57067e-04 0.0032866237 0.0 15 13.1084129593 2.1547085746 0 0 4 2 3 2 2 1 1 9 
16 2 13.2075 7.77981 18.1716 -2.79634e-04 -0.00537536 3.24281e-04 0.005392388 0.0 12 14.8123489941 2.2362410785 0 0 0 3 7 1 1 0 0 7 
696 2 9.01506 6.56504 17.5553 5.07711e-04 -9.37493e-04 -0.00155216 0.0018830465 0.0 12 16.7910794459 2.1357993387 0 0 0 0 12 0 0 0 0 5 
488 2 17.3187 9.49292 19.4034 0.0012533 -0.00205799 -1.15438e-04 0.0024123453 0.0 14 16.666893091 2.3969117782 0 0 2 1 6 3 2 0 0 7 
518 1 9.81916 0.131957 21.0412 0.00197255 2.77359e-05 -0.00376403 0.0042496641 0.0 14 21.6419995457 2.3260266467 0 0 0 3 6 5 0 0 0 6 
125 1 12.3698 26.6683 22.4573 -4.64438e-04 2.41579e-05 3.44783e-04 5.7893140964e-04 0.0 15 21.0748182853 2.3590180174 0 0 1 3 5 4 2 0 0 7 
464 1 15.4092 8.29135 0.555381 -0.00147395 9.07716e-04 -0.00175491 0.0024649921 0.0 13 20.9075975566 2.188130045 0 0 0 3 6 4 0 0 0 6 
36 2 10.0892 2.58012 23.1471 -0.00415663 -0.00190446 1.99236e-04 0.0045764873 0.0 13 18.0893049185 2.2753530431 0 0 2 1 7 1 1 1 0 8 
387 1 16.727 0.730526 24.5476 -0.00146248 0.00153561 0.00405858 0.004579194 0.0 13 19.3929292787 2.1303184375 0 0 0 3 6 4 0 0 0 6 
28 1 12.5954 8.52791 26.4692 -4.76813e-04 -8.22624e-05 9.59545e-04 0.0010746368 0.0 15 22.7554746591 2.3172130853 0 0 1 2 7 3 2 0 0 7 
922 1 17.959 1.78899 20.1821 -0.00254521 -0.00160779 5.03781e-04 0.0030523561 0.0 15 22.1475903993 2.2152949237 0 0 1 2 6 5 1 0 0 7 
377 2 11.0178 7.02641 19.0852 -9.16369e-04 8.08863e-04 -5.4681e-04 0.0013390268 0.0 12 14.9102068671 2.281739147 0 0 0 2 8 2 0 0 0 6 
423 2 10.0969 8.10457 21.6668 -0.00154264 0.00138685 1.21844e-04 0.0020779646 0.0 13 17.1716243826 2.1840003481 0 0 2 2 4 3 2 0 0 7 
134 1 17.5586 6.13337 23.8169 0.00292013 0.00239678 -0.00438924 0.0057911261 0.0 14 21.457954992 2.2040128142 0 0 1 2 7 2 2 0 0 7 
241 1 17.8239 3.29317 23.1621 -0.00426739 -0.00115357 -0.00167131 0.0047259516 0.0 16 20.704765898 2.2627365456 0 0 2 3 3 5 3 0 0 7 
69 2 16.0467 3.99544 18.3815 -9.17386e-04 0.00121243 -0.00116546 0.0019156932 0.0 13 17.6813750431 2.2191728899 0 0 0 3 6 4 0 0 0 6 
735 1 9.85478 1.40977 18.1392 0.00125047 0.0024677 2.84412e-04 0.0027810266 0.0 13 19.861683909 2.1442823665 0 0 0 3 6 4 0 0 0 6 
664 1 14.9672 1.68852 22.3391 -5.88258e-04 9.65193e-04 -0.00107023 0.0015566108 0.0 14 22.2313191035 2.2307272169 0 0 0 3 6 5 0 0 0 6 
673 1 12.0438 2.3641 20.6882 0.0026961 0.00196787 4.03621e-04 0.0033621983 0.0 15 24.4307069798 2.3439827447 0 0 1 1 8 4 1 0 0 7 
693 2 10.4578 7.44684 24.1264 0.00203452 -0.00141832 -9.27745e-04 0.0026479452 0.0 15 19.0236088229 2.3172130853 0 0 2 2 5 3 3 0 0 7 
46 2 10.0592 5.23491 22.5957 0.00369293 -0.00275131 0.00258236 0.0052797748 0.0 18 20.9805940123 2.3439827447 0 0 1 3 6 5 3 0 0 7 
734 1 14.9861 1.41217 19.2963 0.00278449 -0.00401392 -0.00650752 0.008137122 0.0 15 22.1184244276 2.2307272169 0 0 2 3 3 5 1 1 0 8 
803 1 14.3051 6.2056 24.4299 0.00231584 0.00339348 6.38697e-05 0.0041088807 0.0 15 23.2718467668 2.3496339181 0 0 1 1 9 2 2 0 0 7 
169 1 15.4034 3.58835 24.975 0.00178743 -3.31647e-04 -0.00296728 0.0034798917 0.0 14 21.6752693025 2.3473120508 0 0 2 2 5 2 3 0 0 7 
739 1 16.2266 7.98661 21.6848 0.00114154 0.00415603 -0.00136794 0.0045218314 0.0 14 23.6681225303 2.3039292143 0 0 1 3 4 5 1 0 0 7 
156 1 13.2093 7.05614 21.8198 1.70456e-04 0.0016532 0.00391597 0.0042540506 0.0 15 23.0991689543 2.2884154872 0 0 1 3 6 2 3 0 0 7 
450 2 10.1962 2.96631 25.6296 0.00198953 -7.71949e-04 -0.00292618 0.0036216936 0.0 16 14.5238800795 2.3179599651 0 0 3 2 5 3 1 1 1 9 
434 2 17.393 6.19416 18.7447 9.75144e-04 5.90215e-04 -0.00327263 0.0034654533 0.0 16 16.405926757 2.2861470758 0 0 1 4 5 3 2 1 0 8 
602 2 8.63348 6.74413 26.7342 -0.00169274 -2.32851e-04 6.8859e-05 0.0017100672 0.0 16 17.6612968609 2.2195791796 0 0 1 4 4 5 1 1 0 8 
927 1 15.8266 4.70465 21.7381 0.00347632 4.59879e-04 0.0017211 0.0039062098 0.0 15 23.9153407657 2.3039292143 0 0 1 2 8 2 1 1 0 8 
552 2 10.7969 5.2872 25.5375 -0.00153052 5.37216e-04 0.00199816 0.002573662 0.0 14 19.0920958018 2.3576552059 0 0 1 4 2 6 1 0 0 7 
889 1 12.9981 4.05552 23.1539 0.00453385 -0.00475648 0.00100723 0.0066478876 0.0 16 23.5415107916 2.3576552059 0 0 2 2 5 4 3 0 0 7 
386 2 9.87298 0.771211 24.2992 -0.0033917 8.46147e-04 9.45034e-04 0.0036211439 0.0 12 12.6904379594 2.0384233384 0 0 0 2 8 2 0 0 0 6 
873 1 13.4879 4.97387 20.1771 -0.00265867 -5.27353e-04 0.00158688 0.0031408304 0.0 18 24.6716710778 2.3348305367 0 0 2 3 5 4 3 1 0 8 
789 1 13.4391 1.45387 24.5935 -0.00216186 0.00262656 0.00371954 0.0050405787 0.0 14 20.816279856 2.3135499741 0 0 1 2 7 2 2 0 0 7 
27 1 13.4309 5.89249 0.501711 8.82985e-05 -5.44241e-04 -6.14834e-04 8.2584244184e-04 0.0 15 23.1329837596 2.3576552059 0 0 2 3 4 4 1 0 1 9 
542 1 25.1081 1.94565 22.0111 8.40765e-04 -5.71164e-04 -0.00290981 0.0030822246 0.0 12 20.6154489013 2.2425858927 0 0 0 3 6 3 0 0 0 6 
393 1 22.3386 0.758616 18.7445 4.82989e-04 -4.86455e-04 3.5017e-04 7.6976351566e-04 0.0 14 21.295214506 2.1694407144 0 0 0 5 2 7 0 0 0 6 
246 1 19.2103 7.56275 21.8221 0.00144497 -0.00175871 -0.00213892 0.0031234561 0.0 14 22.3717056477 2.3969117782 0 0 0 2 8 4 0 0 0 6 
153 1 0.15281 7.73911 23.5605 0.00113649 0.00373724 -0.00177512 0.0042906437 0.0 13 23.0448274859 2.3052169277 0 0 0 3 6 4 0 0 0 6 
68 1 25.2182 6.3066 20.6912 0.00250973 -0.00492541 -0.00367378 0.0066373992 0.0 14 23.246196993 2.2389395741 0 0 0 4 4 6 0 0 0 6 
794 1 19.325 1.75959 25.1136 -3.37048e-04 0.00231161 0.00439603 0.0049781746 0.0 13 20.262828821 2.2423875271 0 0 0 3 6 4 0 0 0 6 
929 1 22.5248 4.47336 25.6647 -0.00184313 0.00246995 -0.00133074 0.003356881 0.0 13 21.5295305441 2.137940805 0 0 0 3 6 4 0 0 0 6 
907 1 25.0349 5.79449 17.6359 0.00181258 0.00292999 -0.00388732 0.0051943762 0.0 17 22.9549354929 2.3633200098 0 0 2 4 3 3 5 0 0 7 
903 1 22.3768 1.06141 21.9487 -0.00221311 2.46732e-04 0.00200573 0.002996946 0.0 15 22.3789825547 2.2680669162 0 0 0 5 2 8 0 0 0 6 
4 1 20.9103 2.66223 20.3993 -0.00127703 0.00190411 -0.00231177 0.0032558749 0.0 16 21.2433624616 2.1354856676 0 0 0 4 5 6 1 0 0 7 
325 1 21.5282 5.3527 21.0533 0.00239392 -6.86437e-04 -6.22204e-04 0.0025669411 0.0 14 19.4511798369 2.2389395741 0 0 0 4 4 6 0 0 0 6 
480 1 23.9335 7.04104 23.9371 -0.00147712 0.00150414 0.00136095 0.0025092839 0.0 14 22.0861734151 2.2389395741 0 0 0 4 4 6 0 0 0 6 
199 2 18.765 4.35326 18.1536 -0.00403455 0.00571435 -0.0032861 0.0077285084 0.0 14 15.053988211 2.1012319409 0 0 1 2 6 4 1 0 0 7 
307 1 23.4531 4.24236 22.7697 7.94232e-04 0.00275588 0.00369446 0.0046770411 0.0 14 21.524451686 2.2680669162 0 0 0 6 0 8 0 0 0 6 
878 1 19.6019 4.45828 25.7907 -2.86465e-04 0.0042001 -4.68134e-04 0.0042358059 0.0 14 20.8045093476 2.2627365456 0 0 1 2 5 6 0 0 0 6 
463 1 20.7553 6.1851 23.8268 2.45941e-04 -0.00111507 -9.35233e-04 0.001475984 0.0 15 20.0348868374 2.1178074075 0 0 2 2 5 3 3 0 0 7 
527 2 21.4238 4.94255 17.8441 0.00249331 0.00205041 -0.00171293 0.0036544364 0.0 13 15.4307031099 2.1012319409 0 0 0 3 6 4 0 0 0 6 
447 1 25.39 5.55915 25.6437 1.29743e-04 0.00344709 7.76702e-04 0.0035358915 0.0 14 20.2646036827 2.2092439747 0 0 0 6 0 8 0 0 0 6 
51 1 24.9239 2.87905 25.1273 3.39992e-04 -0.00216249 -9.95123e-04 0.0024046262 0.0 14 22.2610877457 2.2680669162 0 0 1 3 3 7 0 0 0 6 
653 1 19.0288 7.33258 26.1982 0.00212663 2.30732e-04 0.00154441 0.0026383697 0.0 15 22.0067904596 2.1428862354 0 0 1 4 3 5 2 0 0 7 
582 2 19.7585 6.39816 18.8193 9.5346e-04 7.99623e-04 -0.00273394 0.003003816 0.0 12 15.2625415352 2.1613985502 0 0 0 3 6 3 0 0 0 6 
85 1 22.4818 1.34575 25.624 -1.09371e-04 -0.00139014 -3.6645e-04 0.0014417825 0.0 15 23.654965244 2.2680669162 0 0 0 2 8 5 0 0 0 6 
154 1 22.8668 7.09969 19.2007 -0.00253691 -0.00288784 0.00149404 0.0041240378 0.0 15 22.177142083 2.1704374336 0 0 0 4 5 5 1 0 0 7 
12 1 24.6164 26.137 21.2066 7.45042e-04 -0.00162098 0.00102127 0.0020556401 0.0 13 19.7207609507 2.1090105356 0 0 0 3 6 4 0 0 0 6 
287 1 19.8088 26.4166 20.0741 7.21355e-04 -0.00153258 -9.33733e-04 0.0019341695 0.0 14 20.895712475 2.2856223737 0 0 0 4 4 6 0 0 0 6 
993 1 23.7716 3.86098 19.7999 -6.43595e-04 0.00179642 4.98813e-05 0.0019088812 0.0 15 22.0933352744 2.1224203806 0 0 0 4 4 7 0 0 0 6 
168 1 18.79 4.8393 21.1135 -0.00150175 0.0015134 0.0027345 0.0034674375 0.0 14 20.439807348 2.165660268 0 0 0 4 4 6 0 0 0 6 
599 1 25.1803 1.34691 19.2036 0.00214007 -7.83718e-04 8.39552e-04 0.0024287777 0.0 12 19.8931255033 2.1224203806 0 0 0 2 8 2 0 0 0 6 
34 1 20.7263 3.44989 23.3981 5.9158e-04 7.37792e-04 -0.00103544 0.0014022981 0.0 14 20.0418039611 2.2246960724 0 0 1 4 3 4 2 0 0 7 
18 1 19.3953 0.694508 22.6533 -0.00269783 -9.12036e-04 9.1799e-04 0.0029921233 0.0 14 20.2940403877 2.2252432869 0 0 0 4 4 6 0 0 0 6 
767 1 3.7265 9.03672 20.4918 0.00131133 -7.92424e-04 -5.70747e-05 0.0015332253 0.0 15 22.2759916539 2.3077521348 0 0 1 3 4 6 1 0 0 7 
648 1 3.72203 17.3088 23.0644 -0.0028635 0.00365222 0.00132338 0.004825938 0.0 14 23.3310634861 2.3206306223 0 0 0 4 5 4 1 0 0 7 
97 1 6.92277 12.0974 24.6064 0.00127579 0.00203246 -0.0034447 0.0041981534 0.0 15 20.6310968134 2.2619463199 0 0 1 4 3 5 2 0 0 7 
316 2 25.6804 16.9393 23.2041 -0.00152997 0.00320814 -5.35098e-04 0.0035943428 0.0 12 18.3629699835 2.1991709781 0 0 1 3 3 5 0 0 0 6 
511 1 4.43125 17.9669 20.169 -3.72132e-04 8.61966e-04 -0.00294847 0.0030943405 0.0 14 21.7227948251 2.179107404 0 0 0 1 10 3 0 0 0 6 
472 1 1.58779 13.7643 26.0555 5.90683e-04 0.00165216 -1.11877e-04 0.0017581398 0.0 14 21.8545071183 2.200463406 0 0 1 1 7 5 0 0 0 6 
200 1 4.61602 10.1788 24.8682 -0.00223054 -0.00241394 -0.00107611 0.0034583851 0.0 15 21.6899274566 2.1896283604 0 0 1 3 4 6 1 0 0 7 
583 1 1.92917 9.44131 18.5231 -0.00217423 -5.91648e-04 -1.58876e-04 0.0022588858 0.0 13 21.3730814809 2.2689127247 0 0 0 1 10 2 0 0 0 6 
506 1 6.97867 17.5282 23.7597 -0.00375883 -9.29479e-04 3.73482e-04 0.0038900158 0.0 14 23.0754272866 2.387961852 0 0 0 4 5 4 1 0 0 7 
597 1 1.8118 11.9605 24.0802 -0.00255355 9.09696e-04 -5.58801e-04 0.0027677469 0.0 14 21.7002045649 2.2336371925 0 0 0 2 8 4 0 0 0 6 
402 1 2.69645 11.7461 21.3359 6.36449e-04 -0.00555472 0.00207335 0.0059631168 0.0 16 23.2005763831 2.3077521348 0 0 1 2 7 4 2 0 0 7 
632 1 5.85712 10.2791 22.2705 -0.00158537 -6.47897e-04 -9.87101e-04 0.0019767491 0.0 14 22.57109296 2.2379659987 0 0 1 1 8 3 1 0 0 7 
810 1 4.56674 12.6316 26.0594 -2.00648e-04 -0.00381907 0.00216118 0.0043927502 0.0 12 20.3201296614 2.1795217419 0 0 1 2 6 2 1 0 0 7 
543 1 6.60047 14.9379 26.0294 1.67505e-04 -0.0014854 -0.0010067 0.0018021975 0.0 16 23.7664349186 2.4223073058 0 0 0 3 7 5 1 0 0 7 
814 1 3.44202 15.133 20.6366 -0.00505134 0.00213127 -0.0026204 0.0060765816 0.0 13 21.3232928247 2.2559476679 0 0 0 1 10 2 0 0 0 6 
604 1 1.15222 16.9093 21.06 0.00126994 5.37386e-04 -0.00191092 0.0023565115 0.0 16 21.5692576656 2.1999890144 0 0 2 3 4 4 2 1 0 8 
932 1 5.12584 12.7917 19.8575 1.18611e-04 5.38269e-04 0.00310902 0.0031575002 0.0 15 24.406100384 2.3077521348 0 0 1 3 5 4 2 0 0 7 
417 1 1.7979 14.4903 22.8832 -4.33641e-04 0.00129149 3.00822e-04 0.0013951648 0.0 14 22.785574459 2.2597083231 0 0 0 4 5 4 1 0 0 7 
631 1 0.746522 14.3242 20.2559 4.65398e-04 -0.00165542 0.00188706 0.0025530386 0.0 14 22.0720433285 2.3327992514 0 0 1 1 7 5 0 0 0 6 
335 1 3.91313 15.6063 25.5918 -0.00188882 -4.45394e-04 8.55586e-04 0.0021208593 0.0 15 24.3655070536 2.4223073058 0 0 0 5 3 6 1 0 0 7 
769 1 0.47273 9.59714 21.3013 0.00371944 3.62227e-04 0.00316957 0.0049001649 0.0 14 23.010268864 2.2571087365 0 0 0 3 6 5 0 0 0 6 
99 2 9.26099 8.3727 19.2508 0.00121152 -0.00307577 -0.00133057 0.0035635037 0.0 13 16.6999038292 2.2724725573 0 0 0 1 10 2 0 0 0 6 
645 1 7.5031 13.4395 22.0746 0.00223312 3.16143e-04 3.2916e-04 0.0022792801 0.0 14 21.4264690373 2.388347173 0 0 2 3 3 4 1 1 0 8 
424 1 4.65105 12.9555 23.1751 -0.00125873 0.00179734 6.0779e-05 0.0021951142 0.0 15 23.617235166 2.4223073058 0 0 0 2 8 5 0 0 0 6 
237 1 6.01757 15.7974 21.5917 -0.00257241 4.1104e-04 0.0036934 0.0045196737 0.0 15 23.4874899871 2.4223073058 0 0 0 3 7 4 1 0 0 7 
615 1 8.98943 11.2203 21.1098 -0.00459259 -0.00338541 6.31986e-04 0.0057404085 0.0 16 21.8160905709 2.2182138796 0 0 2 2 5 5 1 1 0 8 
963 1 7.8504 12.4117 18.5819 -0.00264467 2.53822e-04 -0.00108415 0.0028695098 0.0 16 23.0193584994 2.2790157876 0 0 2 3 5 2 3 1 0 8 
832 1 6.28185 16.4232 18.4332 -6.61689e-04 -0.00335944 0.0019471 0.0039388917 0.0 15 22.0342574368 2.2790157876 0 0 0 3 6 6 0 0 0 6 
934 1 8.73068 14.9209 24.0217 0.00167031 0.00314511 3.65028e-04 0.0035797902 0.0 13 20.4400285781 2.3611459045 0 0 0 5 3 4 1 0 0 7 
468 1 26.3316 8.12564 18.6567 0.00109402 -1.91797e-04 0.00193411 0.0022303469 0.0 12 21.8825522987 2.2529303976 0 0 1 2 6 2 1 0 0 7 
634 2 13.2952 16.7061 0.218262 4.85103e-04 0.00249136 -0.00122398 0.0028178585 0.0 14 19.657066064 2.3920449462 0 0 2 1 6 3 2 0 0 7 
288 2 13.5682 10.0806 18.4806 0.00235606 -0.00160622 4.89675e-04 0.0028932236 0.0 14 15.4453367945 2.1880825224 0 0 2 3 3 3 3 0 0 7 
897 1 8.56022 15.2883 19.9439 5.19185e-04 5.52042e-04 -1.74019e-04 7.7755131429e-04 0.0 14 21.584820646 2.2790157876 0 0 2 4 1 5 1 1 0 8 
956 1 9.60427 16.8743 21.9518 -0.001807 -7.13127e-04 -0.00167324 0.0025638899 0.0 14 20.9586714657 2.3426998218 0 0 0 3 6 5 0 0 0 6 
608 1 9.75501 17.3263 24.7051 0.00123091 0.00107941 -0.00357557 0.0039325521 0.0 15 22.1939009559 2.3426998218 0 0 0 1 10 4 0 0 0 6 
280 1 10.7827 11.8011 19.0546 -0.0022123 0.00477443 5.57633e-04 0.0052915411 0.0 16 21.6632483076 2.2724725573 0 0 2 3 3 5 3 0 0 7 
194 1 16.6901 8.71742 24.7232 -0.00115267 -0.00102646 -8.64522e-05 0.0015458791 0.0 15 22.4121824831 2.2363055244 0 0 0 4 4 7 0 0 0 6 
218 1 9.66004 12.3336 24.328 0.00367847 0.00261287 -0.00144013 0.0047362649 0.0 14 20.6060594924 2.1301587305 0 0 2 3 2 5 2 0 0 7 
345 2 9.4739 9.11087 25.6977 -0.00272559 0.00347267 -9.86299e-04 0.0045233907 0.0 15 20.258764498 2.3046677781 0 0 2 4 3 2 3 1 0 8 
949 2 13.322 12.2425 17.7206 -5.68349e-04 0.00190778 0.00289133 0.0035103325 0.0 13 15.9095697402 2.0851676756 0 0 3 2 2 3 3 0 0 7 
595 1 11.9065 15.8651 20.8224 -0.00101205 -0.00229241 0.001494 0.0029174346 0.0 14 20.8058596652 2.2724286077 0 0 1 2 6 4 1 0 0 7 
540 1 15.0521 10.8585 26.1851 0.00289382 -0.00226599 0.00161302 0.0040138184 0.0 12 20.8767841468 2.1661385584 0 0 0 4 4 4 0 0 0 6 
47 1 10.5401 13.4658 21.761 0.00189487 0.00190783 -2.93676e-04 0.0027049202 0.0 15 20.8315065127 2.2904537777 0 0 1 2 6 5 1 0 0 7 
877 1 13.8556 15.1963 18.6037 9.04189e-04 0.00119277 9.83241e-04 0.0017908157 0.0 14 20.7662284575 2.2164791423 0 0 0 2 8 4 0 0 0 6 
263 1 14.5167 16.977 21.1063 -3.92138e-04 0.00166489 -0.00190906 0.0025632286 0.0 16 23.0287646691 2.2724286077 0 0 1 2 7 4 2 0 0 7 
268 1 13.1051 12.7592 20.6549 0.00172034 9.14629e-04 5.67423e-04 0.0020293065 0.0 14 21.6005927653 2.2483729915 0 0 1 1 8 3 1 0 0 7 
492 2 12.0816 9.08704 20.0879 0.00216006 0.00469966 0.00148701 0.0053818084 0.0 14 18.5330116083 2.2884154872 0 0 1 3 5 3 2 0 0 7 
311 1 11.1823 14.7831 25.4017 -8.1889e-04 -3.7614e-04 -0.00311012 0.0032380408 0.0 16 21.8667067273 2.3984786331 0 0 1 5 4 1 5 0 0 7 
840 1 12.6103 16.6326 23.5357 0.00190281 -0.00343302 -0.00263559 0.0047278586 0.0 14 22.0497824893 2.2904537777 0 0 1 2 7 2 2 0 0 7 
302 1 14.892 10.4436 21.1074 8.71719e-05 0.00109563 0.00151491 0.0018716186 0.0 17 23.1918917861 2.2884154872 0 0 1 3 5 6 2 0 0 7 
186 1 17.7887 10.9747 22.8674 -0.00299324 -0.00255948 -0.0038362 0.0054978954 0.0 14 23.0053921747 2.3969117782 0 0 1 3 5 3 2 0 0 7 
478 1 13.6708 13.5469 26.5535 -3.95161e-04 -0.00328605 -0.00349859 0.0048160574 0.0 14 21.2651332015 2.2204762607 0 0 0 4 5 4 1 0 0 7 
455 1 15.7611 13.8765 21.1353 2.95272e-04 -0.0044589 7.39143e-04 0.0045293826 0.0 16 23.5637654318 2.2724286077 0 0 1 3 4 7 1 0 0 7 
29 1 15.3947 12.0468 23.7982 0.00397028 -0.00345183 -5.97199e-04 0.0052947994 0.0 15 22.6200406325 2.2754144909 0 0 1 1 9 2 2 0 0 7 
500 1 12.9439 13.5589 23.2731 0.00222391 0.00137842 6.98505e-04 0.0027080854 0.0 14 21.6684199537 2.2724286077 0 0 1 3 4 5 1 0 0 7 
530 1 11.5589 10.6839 22.6447 0.00232457 0.0013207 0.00332558 0.0042670079 0.0 17 23.2678447082 2.3172130853 0 0 2 3 4 5 2 1 0 8 
262 1 13.7395 9.00447 23.6585 0.00285857 0.00108241 0.00283033 0.0041657895 0.0 14 23.2788808672 2.3077845973 0 0 2 3 3 4 1 1 0 8 
253 1 12.1295 11.479 25.4997 0.0038659 -0.00114182 0.00174369 0.0043919689 0.0 15 22.1480034803 2.3172130853 0 0 1 3 5 4 2 0 0 7 
63 1 15.1516 15.0095 24.4698 8.87664e-04 0.00104803 -0.00189096 0.0023371016 0.0 15 23.5965395855 2.2754144909 0 0 0 3 7 4 1 0 0 7 
266 1 17.1052 16.2924 22.3268 -0.00318649 0.00101294 -0.00156697 0.0036925819 0.0 13 21.2884040265 2.2371432094 0 0 1 2 6 3 1 0 0 7 
381 2 17.3218 11.7563 19.8801 0.00150177 0.00253411 -7.92327e-05 0.0029467447 0.0 14 16.1729351046 2.3318863997 0 0 2 2 4 4 2 0 0 7 
538 2 17.8315 15.3304 19.3424 -0.00168149 -2.53145e-04 3.90471e-04 0.0017446944 0.0 16 18.0959949929 2.2371432094 0 0 0 5 4 5 2 0 0 7 
594 1 17.9833 11.2503 25.5436 -0.00158029 0.00138383 5.86503e-04 0.0021808915 0.0 14 21.5784935898 2.2968684139 0 0 2 2 4 4 2 0 0 7 
164 1 20.9277 11.0281 21.7982 -0.0050461 -2.00744e-04 -0.00147608 0.005261391 0.0 18 25.3691424804 2.3969117782 0 0 0 3 7 7 1 0 0 7 
436 2 22.1925 10.0532 18.6783 -0.00211754 -0.00237854 0.0026198 0.0041236853 0.0 13 16.3335160245 2.157868188 0 0 0 4 4 5 0 0 0 6 
77 1 25.8146 13.7455 24.0591 -9.72504e-04 1.482e-06 6.0799e-04 0.0011469168 0.0 15 23.2067618123 2.2184708576 0 0 1 2 7 3 2 0 0 7 
35 2 24.4242 13.8768 20.4338 0.00113689 0.00341585 -0.00238301 0.004317324 0.0 14 17.7406776131 2.337251808 0 0 0 4 4 6 0 0 0 6 
747 2 21.9187 13.2785 19.3911 0.00206218 -1.30593e-04 0.00237782 0.0031501855 0.0 14 16.8785502794 2.2248613777 0 0 0 2 8 4 0 0 0 6 
644 2 22.5399 15.3542 20.54 -0.0019377 -9.41836e-04 -2.76569e-04 0.002172148 0.0 13 15.4938682387 2.2226034604 0 0 0 2 8 3 0 0 0 6 
493 1 21.5397 14.7292 25.6695 0.00459535 0.00101477 7.36787e-04 0.0047633869 0.0 14 21.0331698181 2.2797383323 0 0 0 4 5 4 1 0 0 7 
581 1 25.0794 15.4294 26.6463 4.13189e-06 0.00191264 0.00595911 0.0062585302 0.0 15 23.9654832475 2.2797383323 0 0 0 3 6 6 0 0 0 6 
379 1 20.8777 12.0835 24.6629 0.00245013 -3.68742e-06 -4.52648e-04 0.002491594 0.0 15 21.7207834135 2.2968684139 0 0 1 2 6 5 1 0 0 7 
93 1 22.984 15.1854 23.4719 -0.00270131 -0.00155449 -0.00256967 0.0040393958 0.0 15 21.6734250684 2.2797383323 0 0 0 4 4 7 0 0 0 6 
628 1 23.4106 12.1211 22.8627 -8.90905e-04 7.72931e-04 -0.0030178 0.0032401004 0.0 14 21.1571066694 2.2248613777 0 0 0 1 10 3 0 0 0 6 
758 2 18.308 10.8847 17.5319 -3.35589e-04 -6.74308e-04 0.0012007 0.0014173891 0.0 12 12.5544804517 1.9378695567 0 0 0 2 8 2 0 0 0 6 
347 2 19.9361 9.01268 19.0777 0.00246401 -0.00231071 -0.00353966 0.0048928436 0.0 14 17.8658144657 2.3959079098 0 0 1 3 4 5 1 0 0 7 
784 1 24.5609 18.0338 25.9126 9.13203e-04 3.35427e-04 7.34984e-04 0.0012192836 0.0 15 22.0650308177 2.3401485056 0 0 1 4 3 5 2 0 0 7 
504 1 21.8099 17.5488 24.3619 0.00136477 0.00117354 0.00138602 0.0022717493 0.0 15 22.0023576773 2.2791680539 0 0 1 3 4 6 1 0 0 7 
216 1 26.3659 11.7316 26.6625 0.00129508 -0.00213019 6.59478e-04 0.0025787309 0.0 15 22.8657924895 2.488620469 0 0 0 1 11 2 1 0 0 7 
558 2 20.3442 15.4287 19.2562 2.66641e-04 0.00126428 8.10207e-04 0.0015251022 0.0 14 15.2675539897 2.1962948393 0 0 0 3 7 3 1 0 0 7 
603 1 23.4899 12.533 25.6739 0.00292095 0.0014458 -9.88255e-04 0.0034057208 0.0 13 20.4202599356 2.2514159652 0 0 0 1 10 2 0 0 0 6 
806 1 24.1457 9.57059 21.1806 -0.00146971 -0.00240879 6.58848e-04 0.0028976538 0.0 16 24.9320152185 2.2243036363 0 0 0 1 10 5 0 0 0 6 
383 1 18.8008 14.4989 26.1789 -0.00249324 -0.00343335 1.00033e-04 0.0042443073 0.0 14 22.7582805026 2.2968684139 0 0 0 4 4 6 0 0 0 6 
925 1 18.0705 13.6855 23.5201 -0.00197607 -1.9341e-04 -0.00214855 0.0029254961 0.0 14 22.1066871043 2.2754144909 0 0 1 3 4 5 1 0 0 7 
62 1 21.8809 8.10801 22.0816 9.2266e-04 -0.0071403 0.00203741 0.0074823943 0.0 14 20.965928032 2.2389395741 0 0 1 4 1 8 0 0 0 6 
601 2 23.8987 11.7683 18.9234 -1.11574e-04 -0.00350006 8.79433e-04 0.0036105777 0.0 12 16.2171925311 2.214423991 0 0 0 3 6 3 0 0 0 6 
989 2 22.8446 15.8766 18.2218 -0.00230844 0.00117477 0.00489657 0.0055394384 0.0 13 13.659268957 2.1509679472 0 0 0 2 8 3 0 0 0 6 
408 1 26.0065 12.0665 21.8661 -0.00216458 0.00103775 0.00325658 0.0040456946 0.0 13 20.0688427784 2.1970273928 0 0 1 2 6 3 1 0 0 7 
555 1 25.5784 10.336 24.1916 5.71169e-04 -4.08978e-04 0.00105098 0.0012641424 0.0 14 21.7125382172 2.2336371925 0 0 0 2 8 4 0 0 0 6 
81 2 24.9405 15.9381 21.1309 -0.00329175 1.45033e-04 -0.00411752 0.0052735779 0.0 14 16.2466232053 2.2184708576 0 0 2 2 3 6 1 0 0 7 
74 1 20.4763 14.5061 22.6031 0.00157145 -0.00329442 -0.00106791 0.0038030369 0.0 16 22.4881954667 2.2371432094 0 0 0 3 7 5 1 0 0 7 
133 1 19.8489 9.31416 24.3072 0.00115759 0.00422077 -0.0053198 0.0068887725 0.0 14 20.7905287053 2.1460443328 0 0 1 3 4 5 1 0 0 7 
619 1 22.7441 9.7964 24.2847 -0.00161776 -1.85205e-04 0.00204346 0.0026128867 0.0 14 20.6595275144 2.1311980358 0 0 1 1 8 3 1 0 0 7 
120 1 20.0136 17.2833 21.8235 0.00287968 -7.85281e-04 -0.00128804 0.0032508876 0.0 15 22.633992945 2.2443944426 0 0 0 3 7 4 1 0 0 7 
245 1 18.9147 16.8095 24.4276 -2.50649e-04 0.00120541 7.48635e-04 0.0014409346 0.0 14 22.049477694 2.2659667309 0 0 0 6 1 6 1 0 0 7 
103 2 20.3254 11.6852 18.6256 0.00615447 0.00103224 4.54293e-04 0.0062569483 0.0 14 14.41289269 2.2376859764 0 0 1 1 7 5 0 0 0 6 
184 2 18.9216 13.2245 20.3046 -0.00427162 -0.00284863 -0.00348158 0.006203453 0.0 12 18.342630139 2.2228933359 0 0 1 4 2 4 1 0 0 7 
563 2 25.0993 15.8129 18.434 -0.00330071 8.87035e-04 6.45903e-04 0.0034783197 0.0 13 17.9689503498 2.311368518 0 0 1 2 6 3 1 0 0 7 
692 2 0.712786 16.7764 25.0932 -5.09826e-04 0.00144687 0.00273684 0.0031374589 0.0 15 21.0101875631 2.1999890144 0 0 0 4 4 7 0 0 0 6 
399 1 6.74654 22.3246 21.8917 0.00366934 -0.00314353 -5.4687e-04 0.0048626026 0.0 14 21.6159553897 2.5081008552 0 0 1 2 7 2 2 0 0 7 
38 1 0.544699 22.0966 22.5576 0.00172937 -0.00317428 0.00151386 0.0039189981 0.0 15 21.2414693441 2.3569740871 0 0 1 5 3 3 2 1 0 8 
671 1 2.64611 24.1479 21.0786 7.41605e-04 0.00342472 0.00298824 0.004605243 0.0 14 23.0502144742 2.3568832338 0 0 0 4 4 6 0 0 0 6 
953 1 0.566222 22.5342 19.7275 -1.12098e-04 -3.29985e-04 -0.00376872 0.0037847994 0.0 15 22.4812370003 2.3569740871 0 0 1 4 3 5 2 0 0 7 
845 2 8.60147 21.5386 25.5453 0.00283263 1.59006e-04 -0.00194171 0.0034379228 0.0 12 13.1527858751 2.1304295652 0 0 0 4 4 4 0 0 0 6 
707 1 2.69788 19.5668 21.749 -9.71652e-04 0.00264598 -0.00211164 0.0035219797 0.0 12 20.2342731744 2.3569740871 0 0 0 2 8 2 0 0 0 6 
685 1 5.08508 24.665 22.4888 -2.96079e-04 -0.00241007 -4.48758e-04 0.0024693084 0.0 14 21.1292425562 2.3750230855 0 0 1 3 5 3 2 0 0 7 
274 1 8.08198 24.543 21.0281 8.55735e-04 -0.00196457 -0.00262225 0.0033864454 0.0 13 21.9655014779 2.4079253487 0 0 0 1 10 2 0 0 0 6 
748 2 4.75987 19.4824 25.4625 0.00122655 -6.34229e-06 0.00173639 0.0021259152 0.0 13 15.4678732772 2.2223303725 0 0 1 4 3 3 2 0 0 7 
900 2 5.20606 26.0004 0.0316759 -0.00203427 -0.00420409 -3.70299e-04 0.0046850559 0.0 14 14.7486145293 2.2090632625 0 0 0 3 6 5 0 0 0 6 
158 2 2.51879 19.4314 25.0175 4.30987e-04 5.57401e-04 -0.00199833 0.0021189074 0.0 14 18.3737382271 2.2118931695 0 0 0 4 5 4 1 0 0 7 
517 2 7.76336 24.0707 24.3033 0.00317225 -0.00270555 0.00169009 0.0044988415 0.0 13 14.2646988815 2.4215757087 0 0 1 1 8 2 1 0 0 7 
295 2 4.21999 21.5245 26.1016 -0.00215432 3.6136e-04 -0.00119642 0.0024906016 0.0 14 13.4536795194 2.2118931695 0 0 1 6 0 4 3 0 0 7 
112 1 2.89148 24.9424 24.2681 0.00173623 0.0012142 3.27741e-04 0.0021438728 0.0 15 22.6330305233 2.2672893752 0 0 1 2 7 3 2 0 0 7 
374 1 5.49935 19.5397 22.4927 0.00235715 6.21537e-04 0.00243717 0.0034470657 0.0 14 21.3236184994 2.3178107287 0 0 0 3 6 5 0 0 0 6 
333 2 6.20901 21.8568 24.8797 -8.47516e-04 -0.00103792 0.00261706 0.002940164 0.0 15 16.1316440402 2.1669126629 0 0 1 3 5 4 2 0 0 7 
549 2 7.51395 25.8971 25.4854 -0.00167965 0.00148852 0.00242717 0.0033057632 0.0 15 13.7875474903 2.3999774174 0 0 0 5 4 4 2 0 0 7 
733 1 5.33602 24.8115 19.4699 7.13893e-04 2.74856e-04 -0.00527954 0.0053346726 0.0 16 22.5207787414 2.2220962763 0 0 0 6 2 6 2 0 0 7 
933 2 7.25256 19.6413 25.6995 0.00368829 0.00100952 -0.00231296 0.0044690489 0.0 15 16.3257200988 2.193833513 0 0 1 4 3 6 0 1 0 8 
407 2 9.70661 25.4719 23.7561 0.00167133 -0.00252149 -0.00203408 0.003645372 0.0 14 16.8666169921 2.4215757087 0 0 0 2 8 4 0 0 0 6 
825 2 2.28608 20.797 0.491809 -2.61166e-04 -0.00199823 -2.8915e-05 0.0020154322 0.0 13 14.2935596654 2.1511857635 0 0 1 4 3 3 2 0 0 7 
173 1 7.71657 26.0016 18.3285 2.77313e-04 2.83958e-04 0.00276776 0.002796074 0.0 14 22.0445215726 2.2195120745 0 0 0 4 4 6 0 0 0 6 
456 1 7.61598 18.3082 20.1732 -6.56592e-04 -4.55577e-04 -8.90017e-04 0.0011961579 0.0 17 23.1011567666 2.5081008552 0 0 0 3 6 8 0 0 0 6 
930 1 3.62906 22.0918 23.2948 0.00211887 0.00134137 -0.0018669 0.0031263716 0.0 15 22.8155830012 2.3239926594 0 0 0 5 2 8 0 0 0 6 
414 1 4.56326 21.3194 20.4104 -0.00225014 0.00110822 0.00114761 0.0027583129 0.0 15 21.7761140779 2.5081008552 0 0 0 2 8 5 0 0 0 6 
573 2 2.60715 23.289 26.6076 4.75349e-04 0.00299137 0.00323712 0.0044331926 0.0 15 18.2824268137 2.2518530766 0 0 0 5 4 4 2 0 0 7 
435 1 2.28138 20.0394 19.1251 0.00202183 0.00435768 -5.80832e-04 0.004838857 0.0 14 21.4952868066 2.270012416 0 0 0 3 6 5 0 0 0 6 
711 1 2.45687 25.405 18.5668 -0.00133468 0.00442805 -0.00163411 0.0049050294 0.0 13 22.3421573571 2.2407723374 0 0 1 4 2 5 1 0 0 7 
507 1 8.7703 19.7554 22.3386 0.00159076 -7.55165e-04 -5.03768e-04 0.0018315495 0.0 15 22.9664749849 2.3426998218 0 0 0 1 10 4 0 0 0 6 
699 1 9.35809 21.6718 20.3674 0.00122675 0.0012831 0.002482 0.003051489 0.0 12 20.7552882526 2.4996039234 0 0 0 2 8 2 0 0 0 6 
987 2 5.46039 23.9678 25.2387 1.31562e-05 6.6812e-04 4.48119e-04 8.0459185812e-04 0.0 13 15.2608062199 2.0527556043 0 0 1 2 7 1 2 0 0 7 
676 2 13.3345 23.4697 26.0629 -0.00291036 5.2515e-04 0.00380261 0.004817242 0.0 12 18.4091036891 2.3250650873 0 0 0 3 6 3 0 0 0 6 
415 1 14.2097 25.6175 20.714 -0.00302599 0.00217883 1.02966e-04 0.0037302168 0.0 14 20.3867613418 2.1666064917 0 0 0 4 4 6 0 0 0 6 
839 1 16.7829 23.2449 23.1621 0.00142155 -7.92159e-04 -0.00162162 0.0022973837 0.0 14 19.6457166364 2.3411948239 0 0 0 3 6 5 0 0 0 6 
545 2 16.2576 16.7633 26.4439 0.00298364 -0.00104919 0.00321169 0.0045075337 0.0 15 18.6081021379 2.2552814676 0 0 2 2 5 3 3 0 0 7 
961 1 16.5776 23.9127 25.8772 -0.00324719 5.8626e-04 -0.00402715 0.0052063308 0.0 17 23.6535430671 2.472319715 0 0 0 4 4 9 0 0 0 6 
874 2 11.4507 25.6977 25.1888 0.00159429 -0.00382965 0.00122321 0.0043248379 0.0 13 16.5390007769 2.3397366842 0 0 0 2 8 3 0 0 0 6 
71 1 11.829 21.563 21.2997 0.00113187 0.0033573 -1.79584e-04 0.0035475123 0.0 15 20.6643120864 2.1623795616 0 0 2 2 5 3 3 0 0 7 
657 2 9.26309 22.6335 23.4473 -0.0026494 0.00103061 -0.00442422 0.0052588212 0.0 13 17.1463826284 2.1383785945 0 0 0 3 6 4 0 0 0 6 
460 1 13.3775 23.1976 19.6043 0.0014648 -0.00302906 3.57386e-05 0.0033648359 0.0 14 19.9342985251 2.1878404136 0 0 3 2 4 1 3 1 0 8 
202 2 10.033 22.0915 0.596951 -5.11182e-04 -8.74963e-04 6.04189e-05 0.0010151442 0.0 15 13.2773943501 1.985315783 0 0 0 5 3 6 1 0 0 7 
557 2 9.51346 23.7246 25.9524 0.00288205 -0.00202409 0.00117318 0.0037120754 0.0 12 12.2557066281 1.9754005661 0 0 0 4 4 4 0 0 0 6 
340 1 14.9114 25.5515 23.8846 -7.33212e-05 2.544e-04 0.00119626 0.0012252075 0.0 13 20.9115965981 2.2261637733 0 0 0 2 8 3 0 0 0 6 
192 1 14.1881 20.2464 19.8458 6.17554e-04 -0.00239232 -0.00152948 0.002905835 0.0 15 22.3562542411 2.2140013979 0 0 0 4 5 5 1 0 0 7 
854 1 15.3385 18.0322 23.7527 -0.00203016 -0.001215 0.00447284 0.0050600467 0.0 16 22.7175352066 2.2659667309 0 0 0 2 8 6 0 0 0 6 
833 1 14.0788 23.291 22.6764 0.00311834 -0.00190895 -7.71335e-05 0.0036570595 0.0 16 22.9138457822 2.3590180174 0 0 1 3 5 5 2 0 0 7 
578 1 11.8305 21.1646 18.2728 -0.00294636 7.97469e-04 6.25872e-04 0.0031158803 0.0 16 21.5508593019 2.2374798714 0 0 3 3 2 4 3 1 0 8 
59 1 17.1582 20.5954 18.6791 0.00155755 0.00291199 -0.00259305 0.0041987565 0.0 16 22.2273876556 2.2836422473 0 0 1 3 5 5 2 0 0 7 
976 1 16.8741 21.0013 25.2836 -0.00459161 0.00102694 0.00147189 0.0049299035 0.0 13 22.5252919908 2.339462467 0 0 0 3 6 4 0 0 0 6 
865 2 10.9541 20.4817 24.7122 4.6549e-04 4.57486e-04 -0.00124273 0.0014036924 0.0 13 16.8824172728 2.3316375078 0 0 0 3 6 4 0 0 0 6 
430 2 12.3286 18.7656 25.5828 0.00334953 -0.00130845 -1.03822e-04 0.003597523 0.0 13 16.189928152 2.170789438 0 0 1 2 6 3 1 0 0 7 
834 1 12.5457 17.5695 18.5487 0.00430572 -0.00119075 0.00213058 0.004949392 0.0 14 21.350214643 2.2374264818 0 0 1 2 6 4 1 0 0 7 
639 1 12.9081 19.32 22.5567 9.68786e-04 0.0026979 -0.00158834 0.0032771992 0.0 16 21.4725047198 2.3426998218 0 0 3 1 6 2 3 1 0 8 
642 1 9.84707 23.8897 18.4708 -0.00268535 -0.00150414 7.49345e-04 0.0031678162 0.0 15 20.5933881555 2.1451804878 0 0 2 3 3 5 1 1 0 8 
796 1 15.5611 17.8105 18.5662 -5.75152e-04 -0.00105445 -1.19914e-04 0.0012070808 0.0 13 21.9693917228 2.2096520727 0 0 1 0 9 3 0 0 0 6 
554 1 8.80562 20.1785 17.9264 -1.27669e-04 0.00237841 4.154e-04 0.0024177863 0.0 13 22.4592875614 2.4212052699 0 0 0 4 4 5 0 0 0 6 
39 1 15.5787 20.5602 22.2621 0.00311659 0.00269198 0.00485307 0.0063649178 0.0 14 21.336446845 2.2419161645 0 0 1 3 4 5 1 0 0 7 
66 1 10.7738 19.0253 20.4422 0.00281025 7.82387e-04 0.00209222 0.0035898494 0.0 15 21.335489249 2.2625305384 0 0 3 2 4 2 3 1 0 8 
499 2 13.2675 21.1271 24.8095 -6.54091e-04 0.00178893 -0.00281855 0.0034018127 0.0 15 18.3279241601 2.3411948239 0 0 0 2 9 3 1 0 0 7 
948 1 11.8166 26.2931 19.0496 0.00109435 -0.00100577 0.00157774 0.0021675882 0.0 15 20.8907946951 2.1451804878 0 0 0 4 4 7 0 0 0 6 
490 1 17.5015 18.7217 20.7293 -8.55404e-04 -0.00200714 -0.00184845 0.0028595619 0.0 14 20.5938782174 2.1853903136 0 0 0 3 6 5 0 0 0 6 
809 1 11.1922 24.3917 20.9195 0.00164227 0.0033595 0.00119396 0.0039254084 0.0 15 20.8999451481 2.3590180174 0 0 2 2 6 2 2 1 0 8 
10 2 11.2405 22.7895 24.6062 7.7392e-04 -0.00206959 -8.54033e-05 0.0022112098 0.0 15 16.9257258243 2.3590180174 0 0 0 4 4 7 0 0 0 6 
980 1 16.1492 23.0606 20.2561 -0.00285329 0.00319756 3.5663e-05 0.0042856651 0.0 14 21.3084765695 2.1666064917 0 0 0 2 8 4 0 0 0 6 
145 2 9.77383 25.9594 0.408605 -0.00104693 0.00174397 0.00554857 0.0059096635 0.0 15 12.2519237587 1.8345525918 0 0 0 4 4 7 0 0 0 6 
622 1 16.8522 25.9392 19.324 3.01367e-04 -0.0048375 -0.00271196 0.0055540035 0.0 13 20.0111657238 2.1480445107 0 0 0 3 6 4 0 0 0 6 
508 1 26.8287 24.6705 22.4675 0.00337558 -1.93148e-04 -6.23718e-04 0.0034381493 0.0 14 21.8119255383 2.2705429971 0 0 1 3 4 5 1 0 0 7 
705 1 26.6916 19.3698 20.8173 8.16901e-04 2.55189e-04 0.00113553 0.0014219272 0.0 15 20.4897525308 2.2241337446 0 0 0 5 3 6 1 0 0 7 
440 1 22.0514 24.8814 21.6586 -0.00233415 9.60578e-04 0.00104729 0.0027327244 0.0 13 21.593620997 2.1619899865 0 0 0 3 6 4 0 0 0 6 
259 1 21.4433 25.424 24.576 0.00107408 -0.00449987 -8.88018e-04 0.0047107381 0.0 15 22.1906827449 2.2252432869 0 0 0 4 4 7 0 0 0 6 
946 2 0.10693 18.9697 23.8577 -0.0025146 0.00108165 -0.00389946 0.0047643434 0.0 15 20.0388550057 2.229008843 0 0 0 2 8 5 0 0 0 6 
167 1 23.1268 20.6414 20.1839 -2.00528e-04 -4.37679e-04 -0.00142758 0.001506572 0.0 15 22.0591507772 2.2241337446 0 0 0 2 9 3 1 0 0 7 
821 1 24.5414 22.9679 18.0231 1.32707e-04 -0.00213152 0.00147953 0.0025980758 0.0 14 21.1330000453 2.220988463 0 0 1 3 4 5 1 0 0 7 
694 1 20.2114 23.4119 26.204 0.00258414 0.00188799 -0.00451482 0.0055340659 0.0 14 19.6656501884 2.112484463 0 0 0 3 6 5 0 0 0 6 
170 1 18.3672 21.3617 21.1391 9.63683e-04 -0.00456012 3.40498e-04 0.0046732556 0.0 12 19.0638020511 2.2636601562 0 0 0 0 12 0 0 0 0 5 
571 1 24.7579 23.0707 20.8272 -0.00642245 0.00294313 5.07035e-04 0.007082864 0.0 15 21.3882245014 2.2241337446 0 0 0 4 6 3 2 0 0 7 
475 1 0.113361 21.8151 25.2622 0.00280018 0.00126576 -0.0019515 0.0036402622 0.0 18 22.9914958578 2.2769995427 0 0 3 3 4 4 1 3 0 8 
864 1 22.6886 24.7305 18.9088 3.53003e-04 -2.05903e-04 -6.54252e-04 7.7139668325e-04 0.0 14 22.5716434511 2.2856223737 0 0 0 4 4 6 0 0 0 6 
348 1 19.0177 23.9754 18.7501 0.00362312 -0.00259534 0.00270103 0.0052113675 0.0 16 23.1916782581 2.2880588118 0 0 0 4 5 6 1 0 0 7 
745 1 19.0516 24.0655 21.8354 3.81018e-04 3.81135e-04 -4.19516e-04 6.8295847517e-04 0.0 14 20.386691068 2.1742904709 0 0 0 2 8 4 0 0 0 6 
272 1 21.0577 20.1199 22.2954 4.61469e-04 1.01254e-04 -0.00300049 0.0030374572 0.0 15 21.4252078424 2.2466216536 0 0 0 3 6 6 0 0 0 6 
730 1 21.9089 22.4568 23.4007 -0.00247492 -3.05355e-04 -0.00118376 0.002760391 0.0 14 21.1742350303 2.1742904709 0 0 0 3 6 5 0 0 0 6 
612 1 24.5614 23.5252 23.8484 -0.00242919 -0.00208879 -0.00172519 0.0036387207 0.0 16 23.0085793716 2.3011912864 0 0 1 3 6 4 1 1 0 8 
91 1 23.1022 20.1015 24.4455 2.96945e-04 -1.08854e-04 0.00117692 0.001218674 0.0 13 20.6973935007 2.2290038074 0 0 1 1 9 0 2 0 0 7 
618 1 19.1944 22.0046 23.9916 -8.93296e-04 -0.00382996 6.49312e-04 0.0039859977 0.0 14 19.2792017402 2.1742904709 0 0 0 3 6 5 0 0 0 6 
928 1 20.9257 22.4314 20.5513 0.00533577 0.00233998 -0.00238461 0.00629542 0.0 13 19.8884705289 2.2214494439 0 0 0 4 4 5 0 0 0 6 
738 1 20.4004 20.0161 25.4796 -0.00249397 -9.27731e-04 3.60499e-04 0.0026852431 0.0 16 22.9268637838 2.3231863844 0 0 0 2 8 6 0 0 0 6 
105 1 24.9686 20.7728 22.4839 -0.00247755 -0.00211216 1.01218e-04 0.0032572564 0.0 13 19.9777729237 2.229008843 0 0 2 1 5 4 1 0 0 7 
172 1 18.7554 25.3211 24.4753 -0.00170615 0.00113141 0.00156877 0.0025791618 0.0 13 19.9398417522 2.1674432136 0 0 0 2 8 3 0 0 0 6 
723 1 20.2225 19.803 19.3745 4.32077e-04 -0.00388203 0.00173453 0.0042738088 0.0 15 22.006345733 2.2836422473 0 0 1 3 5 4 2 0 0 7 
751 2 22.0151 17.5705 19.559 0.00141044 0.00114822 2.07014e-04 0.0018304658 0.0 12 17.4395842046 2.1581139621 0 0 0 2 8 2 0 0 0 6 
300 1 0.095054 25.0284 25.608 0.00242355 5.57503e-04 -6.57658e-04 0.0025723371 0.0 14 23.0956418837 2.2968118255 0 0 1 1 7 5 0 0 0 6 
283 1 25.8196 25.327 18.736 -0.00104602 -0.00163105 -0.00259423 0.0032379795 0.0 15 22.0148305564 2.2705429971 0 0 0 3 6 6 0 0 0 6 
984 2 23.9569 18.0151 22.0745 -3.58218e-04 0.0024998 2.25889e-04 0.0025354183 0.0 15 19.8051308778 2.2107116525 0 0 0 1 10 4 0 0 0 6 
997 1 17.006 26.3565 21.9049 -0.00187065 -0.00259966 0.00179632 0.0036721015 0.0 14 19.8511770312 2.1666064917 0 0 0 4 4 6 0 0 0 6 
785 1 17.9504 19.4349 23.1515 7.931e-04 0.00377986 -0.00324834 0.0050465891 0.0 14 20.2105158066 2.2659667309 0 0 0 4 4 6 0 0 0 6 
240 1 24.3337 26.4607 24.0815 0.00203942 6.62248e-04 -3.37558e-04 0.002170657 0.0 13 21.558310897 2.2462672772 0 0 0 3 6 4 0 0 0 6 
193 2 24.2936 17.9292 19.5192 0.0020997 6.18567e-04 -0.00266188 0.0034462981 0.0 13 17.093361555 2.1219807529 0 0 1 0 9 3 0 0 0 6 
151 2 18.9379 17.1876 18.2666 -0.00102555 0.00197844 -0.00224733 0.0031648807 0.0 14 19.5402122339 2.1414743399 0 0 1 2 6 4 1 0 0 7 
