# Particles (1000 particles):
# "Particle Identifier" "Particle Type" Position.X Position.Y Position.Z Velocity.X Velocity.Y Velocity.Z "Velocity Magnitude" Centrosymmetry Coordination "Atomic Volume" "Cavity Radius" "Voronoi Index.1" "Voronoi Index.2" "Voronoi Index.3" "Voronoi Index.4" "Voronoi Index.5" "Voronoi Index.6" "Voronoi Index.7" "Voronoi Index.8" "Voronoi Index.9" "Max Face Order"
966 2 1.716 8.8277 8.39081 -0.00136114 -1.11206e-04 9.32287e-04 0.0016535501 0.0 15 17.683452466 2.3499464727 0 0 2 2 3 7 1 0 0 7 
390 2 6.56914 0.149185 2.0757 2.70804e-05 0.00158752 0.00221127 0.0027222542 0.0 14 14.0742891523 2.1982621281 0 0 1 3 5 3 2 0 0 7 
131 1 3.73835 7.51742 5.32773 -3.79769e-04 -1.03611e-04 -0.00139322 0.0014477644 0.0 15 21.8334764223 2.3300034578 0 0 2 2 5 4 1 1 0 8 
37 1 5.63844 5.13276 6.93914 -6.59465e-04 -0.00133692 -0.0018735 0.0023942121 0.0 15 22.0365452653 2.2483167029 0 0 0 1 10 4 0 0 0 6 
222 1 2.5205 3.98126 2.22517 0.00145455 -1.95588e-04 -0.00297361 0.003316071 0.0 15 21.8051259377 2.2196239353 0 0 0 1 10 4 0 0 0 6 
533 1 7.19492 5.3965 4.2783 -8.14381e-04 -0.00279028 -0.002204 0.0036478069 0.0 14 20.8549344562 2.2126790662 0 0 0 3 6 5 0 0 0 6 
667 1 4.35082 7.44633 8.2977 0.00276341 -5.47582e-04 9.26123e-04 0.0029654653 0.0 15 22.8701094439 2.3866800654 0 0 2 1 5 6 1 0 0 7 
719 1 4.21739 4.59097 4.79062 0.00112868 -3.52091e-04 -2.81617e-04 0.001215399 0.0 13 20.9916811535 2.1893800463 0 0 0 3 6 4 0 0 0 6 
766 1 4.77014 7.00202 2.52964 0.00284802 0.00338956 5.96953e-04 0.0044672909 0.0 16 22.0514846479 2.4296289131 0 0 2 2 6 4 0 2 0 8 
51 1 1.72903 1.11529 1.33802 1.38027e-04 8.95807e-04 -0.00270712 0.002854824 0.0 17 21.6467610868 2.1673063833 0 0 2 2 6 4 2 1 0 8 
447 1 1.17959 4.49061 4.84057 -5.38574e-04 0.00238737 0.00102499 0.0026533379 0.0 16 22.6032682653 2.3364484418 0 0 1 2 8 3 1 1 0 8 
801 1 6.14962 2.159 8.90689 0.0021221 -4.97064e-06 7.82859e-04 0.0022619021 0.0 16 21.1002095124 2.1646566146 0 0 1 4 5 3 2 1 0 8 
817 1 2.44271 5.67228 7.08484 -0.00168255 7.89428e-04 0.00103596 0.0021277651 0.0 16 22.0664674202 2.3008320535 0 0 3 2 4 4 1 2 0 8 
856 1 7.0484 7.71951 6.17242 8.0035e-04 2.79699e-04 -0.00408403 0.0041711021 0.0 15 22.8988406224 2.3866800654 0 0 1 2 6 5 1 0 0 7 
148 2 1.81844 1.30891 6.91239 0.00226181 0.00177837 -5.34984e-04 0.0029265325 0.0 14 15.7561069019 2.3364484418 0 0 2 3 3 4 1 1 0 8 
708 1 7.86642 3.12005 7.05454 -5.37646e-04 -3.06096e-04 2.69368e-04 6.7477188883e-04 0.0 13 21.5926783944 2.2725476069 0 0 0 3 6 4 0 0 0 6 
962 1 5.79966 3.82943 2.10821 -0.0029475 -0.00171133 -1.38433e-04 0.0034110952 0.0 14 21.3902553814 2.2196239353 0 0 1 1 8 3 1 0 0 7 
896 1 1.85026 6.95915 3.20514 1.5866e-04 -1.57412e-04 4.75016e-04 5.2496831676e-04 0.0 15 21.0514120864 2.1833901594 0 0 1 4 3 5 2 0 0 7 
903 1 0.161594 3.31735 0.742221 0.00204574 0.00126843 3.53805e-04 0.0024329293 0.0 12 19.0499173866 2.0883271537 0 0 0 3 6 3 0 0 0 6 
20 1 4.54526 2.47149 6.29858 0.0025012 7.4052e-04 -2.62311e-04 0.0026216747 0.0 16 22.0745236263 2.3008320535 0 0 1 4 3 7 0 1 0 8 
137 2 0.91903 0.0437709 5.15281 0.00381451 0.00109717 -0.00124372 0.0041594601 0.0 14 15.959893318 2.3319015589 0 0 1 4 3 4 2 0 0 7 
129 2 0.511696 3.14755 7.83707 1.92489e-04 0.00393054 -6.79062e-04 0.0039934098 0.0 14 17.4188288283 2.2711393321 0 0 1 3 4 5 1 0 0 7 
895 2 2.41643 1.56635 4.33103 0.00169616 -0.00199099 0.00153486 0.0030326218 0.0 11 17.8265142009 2.3326379637 0 0 0 2 8 1 0 0 0 6 
807 1 7.08219 6.24846 1.0374 -3.21629e-04 8.27827e-04 -0.00494271 0.0050218647 0.0 14 20.5689067285 2.3524515827 0 0 0 3 6 5 0 0 0 6 
967 1 7.06367 2.50251 4.46568 1.39166e-05 2.49216e-04 0.00192903 0.0019451116 0.0 18 22.9010696459 2.2771172628 0 0 0 4 5 8 1 0 0 7 
457 1 2.65613 8.29257 1.01972 -3.97629e-04 0.00181641 0.00335418 0.0038350981 0.0 12 20.2241598586 2.4130758438 0 0 0 3 7 1 1 0 0 7 
23 2 4.31528 1.60947 2.84955 -6.62869e-04 3.45316e-04 -0.0031019 0.0031906774 0.0 13 16.9255171381 2.1205090931 0 0 1 2 5 5 0 0 0 6 
680 1 7.65858 8.11208 3.06258 -8.33441e-04 0.00124273 0.00170438 0.0022680196 0.0 14 21.0526604366 2.1862448184 0 0 0 2 8 4 0 0 0 6 
153 1 0.91374 5.83574 0.371667 4.20025e-04 -7.6042e-04 0.0036188 0.0037216089 0.0 14 19.5590352829 2.0979210812 0 0 1 1 9 1 2 0 0 7 
285 2 4.715 1.34289 0.495475 -0.00273073 -0.0015445 -0.00156174 0.0035044826 0.0 13 15.0776656114 2.2196239353 0 0 0 3 6 4 0 0 0 6 
605 2 7.12374 1.75022 0.602991 0.00154756 -5.58784e-05 -7.33423e-04 0.0017134683 0.0 14 15.2006109112 2.126657912 0 0 1 2 7 2 2 0 0 7 
647 2 8.76955 0.726415 2.49484 0.00202651 -0.00171738 0.00342099 0.0043312018 0.0 13 16.9207877419 2.1929402481 0 0 0 2 8 3 0 0 0 6 
42 1 8.96558 5.88265 6.90726 4.45465e-04 -0.00152722 0.00315321 0.0035317946 0.0 16 22.3532619513 2.2483167029 0 0 1 1 8 5 1 0 0 7 
322 2 11.4762 6.76202 8.31835 0.00207977 0.00296115 3.71855e-04 0.0036375993 0.0 13 17.5789771334 2.3236134698 0 0 1 2 6 3 1 0 0 7 
290 2 10.0162 1.38758 0.348699 0.00184101 0.00287885 -2.49103e-04 0.0034262439 0.0 12 16.7098951398 2.1107013837 0 0 0 2 8 2 0 0 0 6 
753 2 11.7037 8.76384 7.17491 -9.2303e-04 -7.65453e-04 -0.00126599 0.0017437412 0.0 14 15.6514174643 2.2244280205 0 0 0 1 10 3 0 0 0 6 
927 1 14.356 3.59574 1.41611 0.00347811 4.50583e-04 6.10955e-04 0.0035599916 0.0 16 22.710875478 2.4190173196 0 0 2 4 2 4 4 0 0 7 
219 1 12.3054 5.59744 2.48274 -0.00278739 -0.00269756 -0.00419738 0.0057152753 0.0 17 22.9046429053 2.4234482969 0 0 4 2 3 3 3 2 0 8 
366 1 14.8027 7.15955 5.84391 0.00144101 0.00208797 0.00260316 0.00363491 0.0 14 23.4299014903 2.3236134698 0 0 0 1 10 3 0 0 0 6 
656 1 16.9539 8.91481 6.9041 -0.00322768 -0.0019695 -9.41347e-04 0.0038965347 0.0 14 21.4109088944 2.2147390988 0 0 0 1 10 3 0 0 0 6 
882 1 13.1719 1.04381 7.25209 -9.73012e-04 0.00123906 -0.00105554 0.0018963614 0.0 16 22.329269713 2.5279834892 0 0 1 2 6 6 1 0 0 7 
14 1 11.2301 3.63965 7.54891 -0.00164736 -0.00119511 -0.00149969 0.002528073 0.0 15 22.4138569028 2.5279834892 0 0 2 2 5 3 3 0 0 7 
309 1 13.2955 2.58435 5.18939 0.00202844 0.00278335 -0.00237171 0.0041816999 0.0 16 20.7956436752 2.2063635448 0 0 1 5 3 3 4 0 0 7 
637 2 10.8585 0.377758 4.61588 -0.00237261 4.9198e-04 0.00194874 0.0031094871 0.0 14 19.58217821 2.2842754781 0 0 2 2 5 3 1 1 0 8 
235 1 8.95555 4.33137 2.26616 -0.00156269 4.54193e-04 0.00116288 0.0020001453 0.0 15 21.135277902 2.126657912 0 0 0 1 10 4 0 0 0 6 
732 1 16.9432 3.69277 8.34974 0.00238528 -3.78184e-04 -0.00282692 0.0037180721 0.0 13 21.0732148244 2.1334688164 0 0 0 3 6 4 0 0 0 6 
824 2 12.4453 8.66863 4.6111 -9.48393e-04 0.00119172 0.00358819 0.0038980448 0.0 13 17.8350455548 2.216872578 0 0 1 3 5 2 2 0 0 7 
495 1 14.8675 4.753 4.08542 0.00152588 -3.64263e-04 0.00168605 0.0023029898 0.0 13 20.9364318296 2.269454003 0 0 1 2 6 3 1 0 0 7 
574 1 9.99841 6.55284 4.17371 0.00278582 0.00101938 -3.91348e-04 0.0029921701 0.0 13 21.8707762116 2.2244280205 0 0 0 3 6 4 0 0 0 6 
770 1 15.9038 2.94176 5.81279 5.45725e-04 0.00337309 -9.84037e-04 0.0035558235 0.0 13 20.4259394528 2.2677195521 0 0 1 4 2 5 1 0 0 7 
509 1 11.8843 2.73599 2.90448 6.91441e-04 -0.0011372 0.00123168 0.0018133809 0.0 14 22.3779938165 2.1232162875 0 0 2 0 8 2 2 0 0 7 
312 1 16.7673 5.39211 1.82506 0.00401257 -1.49924e-04 0.00323229 0.0051546963 0.0 14 22.9041900697 2.3323167785 0 0 1 1 7 5 0 0 0 6 
358 1 10.8358 4.27363 0.0854272 0.00214796 0.00136209 0.00114118 0.0027877075 0.0 13 21.051230938 2.2605812892 0 0 0 3 6 4 0 0 0 6 
780 1 9.68365 3.50845 4.81069 -0.00286559 -0.00459163 -0.00181657 0.0057091679 0.0 14 21.8230636208 2.2577261185 0 0 0 2 8 4 0 0 0 6 
926 1 16.0223 6.43157 8.28053 0.00109614 0.00272497 -0.00483868 0.0056603718 0.0 14 21.0492634849 2.3236134698 0 0 3 1 5 3 1 0 1 9 
394 2 10.2092 0.731883 6.86627 0.00102791 0.00194409 -0.00118953 0.0025002133 0.0 16 18.5211889048 2.2771172628 0 0 1 4 4 5 1 1 0 8 
746 1 16.6146 0.320122 4.89064 7.91811e-04 0.00108291 -0.00152642 0.0020321458 0.0 15 21.8118115988 2.2063635448 0 0 1 5 3 2 4 0 0 7 
535 1 9.69385 6.78975 1.17695 -0.00113898 -0.00143996 6.7179e-04 0.0019550095 0.0 13 21.1387204992 2.403322853 0 0 0 3 6 4 0 0 0 6 
901 1 13.9882 0.591403 3.04805 -0.00361149 -6.19784e-04 -4.59191e-04 0.0036929458 0.0 17 23.6456154922 2.2865486653 0 0 3 1 6 3 3 1 0 8 
951 1 16.592 2.56045 2.83527 8.56623e-04 -0.00145462 -0.00176086 0.002439334 0.0 15 22.4505370226 2.2773008943 0 0 2 3 3 5 1 1 0 8 
970 2 9.2182 8.86116 7.82848 4.07416e-04 -7.51611e-04 -6.34855e-04 0.0010648698 0.0 12 16.7191242452 2.2029648361 0 0 0 2 8 2 0 0 0 6 
357 1 12.1859 5.35578 5.69958 -0.00255061 9.63771e-05 0.00223427 0.0033921766 0.0 14 22.4630862319 2.2244280205 0 0 1 1 8 3 1 0 0 7 
553 1 13.8134 4.34857 8.21244 -0.00172209 -0.00380434 1.98502e-04 0.0041806698 0.0 17 23.9176316638 2.4945459216 0 0 1 1 9 4 2 0 0 7 
787 2 12.9348 1.16526 0.042509 -0.00463006 -0.00170781 9.61373e-04 0.0050277538 0.0 14 18.0897636003 2.2572633314 0 0 1 1 8 3 1 0 0 7 
924 1 17.1138 5.35652 5.78185 0.00431825 0.00175822 2.91585e-04 0.0046715782 0.0 16 22.4454368519 2.3323167785 0 0 0 3 7 5 1 0 0 7 
512 1 17.1264 8.03248 3.48198 0.00117156 -0.00342075 0.00289672 0.0046330411 0.0 13 22.8776938806 2.4180561724 0 0 0 3 6 4 0 0 0 6 
28 1 14.3046 7.52266 2.51432 -8.86461e-04 0.00390555 0.00322356 0.0051410576 0.0 17 23.0611023141 2.4234482969 0 0 1 5 3 5 2 1 0 8 
122 1 18.1426 1.58415 6.85611 0.00152671 5.01524e-04 0.00221404 0.0027357527 0.0 14 20.0316782761 2.1990883566 0 0 0 4 4 6 0 0 0 6 
2 2 17.8751 0.16316 1.19123 -0.002136 -5.6705e-05 -1.19967e-05 0.0021367862 0.0 14 20.8020078528 2.339519061 0 0 3 2 3 3 2 1 0 8 
464 1 17.9065 7.55945 0.54137 -0.00425096 0.00118175 5.47927e-04 0.0044460565 0.0 13 20.5153040431 2.3577710077 0 0 0 3 6 4 0 0 0 6 
997 1 20.8147 0.577092 0.741734 -0.00109483 0.00254847 8.58907e-04 0.0029036311 0.0 13 22.7950783773 2.3769046905 0 0 0 2 8 3 0 0 0 6 
919 2 25.8084 1.15856 6.80887 0.0029924 -0.00202946 -5.02276e-04 0.0036504037 0.0 15 15.749235304 2.3364484418 0 0 1 4 3 5 2 0 0 7 
213 2 24.6008 8.5315 6.36364 -7.45774e-04 -0.00152318 -4.39856e-04 0.0017520643 0.0 16 14.5592627341 2.1608317325 0 0 3 4 1 2 6 0 0 7 
258 2 24.6624 3.00343 5.84496 0.00395381 0.00254677 -0.0012675 0.0048708528 0.0 13 17.9941837013 2.2710609427 0 0 0 4 5 3 1 0 0 7 
11 2 19.2789 0.231573 3.6066 -0.00379607 -8.5572e-04 0.00120546 0.0040737621 0.0 14 21.1781459732 2.2627027884 0 0 1 3 5 3 2 0 0 7 
623 1 24.9675 1.33213 0.900501 -0.00147352 0.00282787 -0.00157614 0.003557011 0.0 14 21.25429407 2.1492309917 0 0 0 4 4 6 0 0 0 6 
254 2 25.9332 5.05376 7.21557 -0.00235239 2.37081e-04 -0.00348283 0.0042095191 0.0 12 15.966925508 2.2072204502 0 0 1 3 5 1 2 0 0 7 
772 2 20.947 0.963304 7.77514 -0.00209002 -0.00305978 0.00235445 0.0043902018 0.0 12 16.7457393184 2.1947045665 0 0 1 2 5 4 0 0 0 6 
411 1 26.2089 5.77881 2.6315 -8.43599e-04 0.00139072 -8.57485e-04 0.001838761 0.0 15 20.290748106 2.1442281226 0 0 1 2 7 3 2 0 0 7 
704 1 26.0806 2.34071 3.28358 0.00281184 4.41132e-04 0.00240751 0.0037278876 0.0 16 23.3203126687 2.3364484418 0 0 0 4 5 6 1 0 0 7 
371 2 26.1915 7.77568 7.84861 -7.31893e-04 -8.57429e-04 8.75851e-05 0.0011307179 0.0 14 16.2425940788 2.2548177569 0 0 3 3 1 3 4 0 0 7 
395 2 20.784 0.989972 5.33958 -0.00513598 0.00303106 -0.00179766 0.0062287396 0.0 12 19.8055965558 2.2591555538 0 0 0 2 8 2 0 0 0 6 
653 1 21.1666 8.06073 0.921628 -6.21103e-04 0.00194981 7.24196e-04 0.0021707114 0.0 16 22.4525320831 2.4386190219 0 0 1 4 4 4 3 0 0 7 
5 2 24.7312 5.62832 5.33656 0.00224442 6.5327e-04 -6.88636e-04 0.0024368837 0.0 15 18.4967126643 2.1442281226 0 0 1 3 5 4 2 0 0 7 
994 2 26.484 7.12611 5.44593 -9.98127e-04 -0.00316295 0.00234444 0.0040616387 0.0 14 16.938833631 2.1833901594 0 0 2 4 2 3 2 1 0 8 
947 1 21.1562 8.40943 8.78798 8.96777e-04 -5.58616e-04 -3.51227e-05 0.0010571161 0.0 17 21.6395280915 2.3278771894 0 0 4 2 3 3 4 0 1 9 
198 1 20.0397 4.05034 7.08798 0.00269633 -0.00195991 9.77484e-04 0.0034737469 0.0 16 21.229934631 2.1994657223 0 0 0 3 6 7 0 0 0 6 
588 2 23.2884 1.23175 6.77693 0.00476741 -0.00173326 -0.00180502 0.0053842813 0.0 14 15.4743375968 2.2710609427 0 0 0 3 7 3 1 0 0 7 
638 2 23.6425 3.79639 7.6745 0.00413569 0.00202989 -5.54117e-04 0.0046401973 0.0 15 17.4586424981 2.1970629255 0 0 1 4 4 3 3 0 0 7 
666 1 22.602 1.48444 2.6092 -0.00157207 0.00281732 -0.00289117 0.0043321542 0.0 16 24.2981490187 2.3729718701 0 0 1 3 6 3 3 0 0 7 
555 1 26.2805 8.38895 1.4266 0.00131322 0.00131979 -0.00228899 0.0029505707 0.0 15 20.9208345218 2.1833901594 0 0 0 3 6 6 0 0 0 6 
918 1 18.9732 6.49466 7.71389 0.00136307 -0.00115234 -9.67717e-04 0.0020303506 0.0 13 19.9219661833 2.2512627518 0 0 1 4 3 3 2 0 0 7 
169 1 19.339 3.04043 1.58116 6.10097e-04 0.00401029 -0.00246952 0.0047490181 0.0 15 23.9121125607 2.3784163541 0 0 0 3 7 4 1 0 0 7 
85 1 23.6999 4.17957 2.7627 -0.00153136 -0.00172286 0.00102913 0.002524365 0.0 15 22.4288711336 2.3784163541 0 0 0 6 2 5 2 0 0 7 
147 1 20.0486 5.84028 2.52596 5.55763e-04 0.00484425 -8.13402e-04 0.004943405 0.0 15 23.9110308609 2.4386190219 0 0 1 3 6 3 1 1 0 8 
210 1 21.7205 4.14274 4.88203 -0.00174863 3.96326e-04 -6.245e-05 0.0017940683 0.0 14 22.7982014983 2.3784163541 0 0 0 2 8 4 0 0 0 6 
872 2 24.5598 8.63649 4.1655 0.00164828 6.86438e-04 -0.00266153 0.0032049596 0.0 15 16.6308324974 2.1544986551 0 0 1 5 2 4 3 0 0 7 
241 1 21.6438 5.07243 0.504116 -0.00232594 0.0015188 -0.00228444 0.003596584 0.0 14 20.9547469793 2.3750748913 0 0 1 3 4 5 1 0 0 7 
841 1 21.8032 6.38035 6.71271 6.9558e-04 0.00137024 7.07663e-04 0.0016917967 0.0 12 20.193677341 2.1471554735 0 0 0 2 8 2 0 0 0 6 
878 1 19.0445 3.24732 4.52527 -0.00209946 0.0032046 -9.79079e-04 0.0039542116 0.0 14 22.5539245726 2.3258470013 0 0 0 5 3 5 1 0 0 7 
603 1 22.3649 6.78908 3.83638 -0.00119183 -7.33958e-05 0.00152725 0.0019386434 0.0 15 19.998748413 2.2604027267 0 0 0 4 5 5 1 0 0 7 
299 1 19.5625 7.36841 5.21017 0.00170966 0.00269824 -7.68026e-04 0.0032853159 0.0 17 23.4551070053 2.4386190219 0 0 1 2 8 4 1 1 0 8 
929 1 23.8477 6.68352 1.38902 0.0013819 7.02816e-04 7.95794e-04 0.0017426664 0.0 13 19.8314057089 2.1230735843 0 0 1 2 6 3 1 0 0 7 
718 2 3.92607 17.2464 2.72926 0.00153323 0.00241938 0.00128708 0.0031401861 0.0 11 14.3915482549 2.0463407142 0 0 1 2 5 3 0 0 0 6 
321 2 3.0409 10.0392 6.86964 0.00128432 -0.00246437 0.00240158 0.0036728986 0.0 14 16.6950781761 2.3866800654 0 0 1 1 8 3 1 0 0 7 
200 1 5.57597 9.61517 1.50977 -0.00311225 -0.00277683 1.98025e-04 0.0041756555 0.0 15 21.4979809084 2.429981693 0 0 1 2 7 4 0 1 0 8 
672 1 0.894513 15.6481 7.98096 8.07572e-04 1.96539e-04 0.00161572 0.0018169621 0.0 15 21.8720021014 2.3226819788 0 0 0 3 6 6 0 0 0 6 
769 1 1.14974 10.8031 0.945901 0.00215531 0.0036243 9.95808e-04 0.0043327295 0.0 13 19.7655705962 2.1235733574 0 0 0 4 4 5 0 0 0 6 
215 2 8.23602 10.6345 5.66857 0.00171714 -0.00123218 -0.00313145 0.0037779381 0.0 12 15.2972939413 2.0859748871 0 0 0 3 6 3 0 0 0 6 
630 2 5.55647 17.541 1.04901 0.00207336 -1.83219e-04 -1.3966e-04 0.0020861198 0.0 14 18.1028842996 2.241339796 0 0 1 3 3 7 0 0 0 6 
687 2 2.83099 17.4396 0.44672 8.86014e-04 -0.00282244 -8.55543e-04 0.0030794711 0.0 15 16.3524611236 2.2247704003 0 0 1 2 5 7 0 0 0 6 
757 1 6.75008 14.9166 2.90104 -0.00272772 -0.00122642 -0.00154483 0.0033661643 0.0 14 20.5950100704 2.2092494769 0 0 0 4 4 6 0 0 0 6 
798 1 2.81217 9.95122 3.45842 0.00181192 -0.00214757 -0.00127539 0.0030857302 0.0 17 21.8576009022 2.1465449209 0 0 1 1 9 4 2 0 0 7 
296 1 3.49381 15.1979 7.27058 -0.00348574 0.00395394 0.00104537 0.005373716 0.0 15 21.4426987094 2.232201312 0 0 0 1 10 4 0 0 0 6 
412 2 6.51508 12.5015 5.86307 -1.12563e-04 -6.06092e-04 -0.00443809 0.0044806987 0.0 14 18.2330172948 2.2957282563 0 0 0 2 8 4 0 0 0 6 
869 1 1.42308 14.5866 5.1285 -0.00144524 0.00484737 0.00302734 0.0058949556 0.0 14 20.7865921418 2.1332373543 0 0 0 1 10 3 0 0 0 6 
799 2 2.0076 12.1053 7.62744 -0.00335867 0.00121313 -0.0017846 0.0039921355 0.0 13 14.1419312516 2.1847524545 0 0 1 1 7 4 0 0 0 6 
233 2 8.29295 11.0599 3.07572 -0.00279878 -0.00361725 8.61437e-04 0.0046540027 0.0 15 18.7962269766 2.1056204404 0 0 0 3 6 6 0 0 0 6 
853 2 8.54936 13.0085 4.63044 -0.00197601 0.00596104 5.51696e-04 0.0063042035 0.0 14 17.1520284727 2.1532608383 0 0 1 4 3 4 2 0 0 7 
870 1 7.89006 15.6248 0.0362228 -0.00271492 0.00253304 -5.8637e-04 0.0037591105 0.0 17 23.1254605866 2.3872250418 0 0 1 4 4 6 1 1 0 8 
537 1 6.77085 13.0488 0.961101 -0.00197173 0.00431423 0.00219132 0.0052251491 0.0 14 19.1587643969 2.3802519598 0 0 1 2 6 4 1 0 0 7 
100 2 8.74872 12.3947 7.02525 0.00378585 -5.49831e-04 0.00106499 0.0039710424 0.0 13 13.715606812 2.0688024632 0 0 1 2 6 3 1 0 0 7 
693 2 8.42466 9.93742 0.824541 0.00267488 -2.55696e-04 0.00288446 0.0039421407 0.0 13 16.2109384386 2.0845639923 0 0 0 3 6 4 0 0 0 6 
351 2 0.49072 17.7229 0.426197 6.95496e-04 -0.00274783 0.00200513 0.0034720067 0.0 14 14.296140906 2.2527609909 0 0 0 1 10 3 0 0 0 6 
119 2 6.04422 17.5886 3.93114 2.92173e-04 2.78625e-04 0.00369863 0.0037205995 0.0 14 18.0029112863 2.2516505496 0 0 0 5 3 5 1 0 0 7 
629 1 5.25246 12.0903 3.06328 0.00479436 -0.0016958 0.00154104 0.0053137962 0.0 13 19.9901774705 2.1056259953 0 0 0 1 10 2 0 0 0 6 
859 1 4.2231 14.6882 4.11519 -0.00398817 -0.00371977 0.00105301 0.0055543693 0.0 13 20.4839926193 2.2516505496 0 0 0 1 10 2 0 0 0 6 
350 1 2.48713 17.2572 5.19727 1.395e-04 0.00361471 0.00199077 0.0041290137 0.0 17 22.2386068514 2.2516505496 0 0 0 4 4 9 0 0 0 6 
397 1 6.29664 15.6949 8.88151 0.00224441 0.00297231 0.00237365 0.0044165843 0.0 13 20.3335063396 2.140184319 0 0 0 1 10 2 0 0 0 6 
576 1 1.08544 13.6858 0.735799 -0.00106752 -0.00271827 0.00185852 0.0034616018 0.0 16 20.7136428645 2.2527609909 0 0 1 2 7 4 2 0 0 7 
795 2 0.170586 10.6696 7.92733 -0.00534132 0.00205901 3.60696e-06 0.0057244419 0.0 16 14.8490959383 2.2544136927 0 0 1 3 6 3 3 0 0 7 
58 2 0.684519 9.32351 6.07825 -8.70009e-04 -7.94082e-05 0.00179482 0.0019961463 0.0 14 15.2646718293 2.148227951 0 0 2 3 3 4 1 1 0 8 
597 1 2.60601 12.8092 2.85276 -0.00514898 -8.2447e-04 -0.00218781 0.0056549322 0.0 14 19.4062004124 2.0783820321 0 0 1 2 7 2 2 0 0 7 
677 1 6.54034 15.5695 5.98124 2.45923e-04 3.17292e-04 -0.00183746 0.0018808008 0.0 14 22.6711361536 2.2516505496 0 0 0 2 8 4 0 0 0 6 
818 2 6.97197 10.3873 7.91844 -3.50619e-04 -0.00348301 -9.30937e-04 0.0036222833 0.0 16 18.6599098394 2.3866800654 0 0 0 1 11 3 1 0 0 7 
849 1 4.02796 11.7426 0.0775022 -0.00290361 0.00373972 0.0010587 0.0048515258 0.0 15 21.5120120949 2.1354899287 0 0 0 1 10 4 0 0 0 6 
270 2 1.09498 11.6556 5.51085 -1.21404e-04 -0.00148001 1.69093e-04 0.0014945772 0.0 13 14.6970027575 2.000383691 0 0 0 1 10 2 0 0 0 6 
465 2 6.68791 12.9409 8.08663 0.00228677 -0.00140952 0.00660405 0.0071294839 0.0 13 16.2684325992 2.1809310171 0 0 0 1 10 2 0 0 0 6 
429 2 3.43606 12.2109 5.77888 0.00108565 2.43475e-04 -0.00323613 0.003422054 0.0 12 17.2912565715 2.2600039894 0 0 0 0 12 0 0 0 0 5 
543 1 4.33244 14.5911 1.22551 -0.00399317 4.30028e-04 0.00260469 0.0047869344 0.0 15 20.6143691316 2.1962369427 0 0 0 3 6 6 0 0 0 6 
453 2 4.10968 12.0079 7.93904 1.42389e-04 -0.00121105 -3.59249e-04 0.0012712107 0.0 12 14.8795790531 2.2958086032 0 0 1 2 5 4 0 0 0 6 
914 1 5.44687 9.58474 4.43711 0.00232917 -0.0017021 0.00106042 0.0030735432 0.0 15 21.6729950472 2.3842575108 0 0 1 1 9 2 2 0 0 7 
913 2 1.37966 16.1952 2.26535 -0.0013689 -0.00253642 0.00150697 0.0032524256 0.0 15 17.5387879223 2.2010205449 0 0 1 2 6 5 1 0 0 7 
306 2 10.7084 11.7112 4.07115 -0.00197289 7.66551e-04 -9.11942e-04 0.0023046765 0.0 14 15.4706427134 2.1618656567 0 0 1 3 5 3 2 0 0 7 
336 2 12.771 17.0522 4.88486 -3.99432e-04 0.00348978 9.05853e-05 0.0035137325 0.0 14 16.863365541 2.4781168744 0 0 0 4 5 4 1 0 0 7 
590 2 12.0415 11.5048 5.93317 -3.59589e-04 0.00216088 3.50434e-04 0.0022184478 0.0 14 16.4216039841 2.1832352398 0 0 1 3 5 3 2 0 0 7 
44 2 12.9466 10.7499 3.92724 -2.51659e-04 0.00297064 -3.67572e-04 0.0030038548 0.0 14 16.5637517045 2.1956775661 0 0 0 4 5 4 1 0 0 7 
110 1 15.6413 16.0682 6.78967 0.00238196 -0.00128584 9.31397e-05 0.0027084669 0.0 15 23.037547872 2.4613302573 0 0 0 2 8 5 0 0 0 6 
234 1 9.42144 15.6798 4.05911 -9.56034e-04 -0.00103111 1.52355e-04 0.0014143553 0.0 17 22.1876477833 2.2092494769 0 0 1 2 7 5 2 0 0 7 
265 2 13.5953 16.8923 2.00353 -0.001698 0.00261224 -3.56634e-04 0.0031359512 0.0 14 17.1378125156 2.1345482124 0 0 0 3 6 5 0 0 0 6 
33 1 12.31 14.6154 3.54314 -0.00406828 5.58119e-04 -0.00561491 0.0069562643 0.0 18 23.2647970445 2.4781168744 0 0 2 3 6 2 4 1 0 8 
382 1 16.2696 9.93953 1.58495 -5.8687e-04 -0.00243566 -7.60978e-04 0.0026183857 0.0 13 18.6795175933 2.1956775661 0 0 0 3 6 4 0 0 0 6 
171 2 11.3149 11.475 1.65333 -0.00262517 -0.00134756 0.00368251 0.0047189316 0.0 13 16.4569930087 2.1159572131 0 0 0 1 10 2 0 0 0 6 
983 1 12.7427 15.7644 7.92054 0.00218425 0.00105546 -0.00459551 0.0051965042 0.0 15 23.224961758 2.4781168744 0 0 1 2 6 5 1 0 0 7 
591 2 15.8322 14.8524 1.87009 -0.00309449 3.48181e-04 0.00486457 0.0057759103 0.0 15 19.7600185776 2.2049563919 0 0 0 2 8 5 0 0 0 6 
128 1 14.2402 12.2756 1.75026 0.0011765 0.00113052 -0.00283996 0.0032753016 0.0 14 21.4731551923 2.139107417 0 0 0 1 10 3 0 0 0 6 
102 2 14.8464 16.1842 3.99121 -8.08946e-05 -0.00340565 -9.1544e-04 0.0035274674 0.0 12 17.4408884027 2.4549902602 0 0 1 2 5 4 0 0 0 6 
923 1 14.1959 13.0597 7.43361 0.00395092 0.00169638 0.00270113 0.0050777532 0.0 13 22.9430306037 2.4544710696 0 0 0 2 8 3 0 0 0 6 
886 2 16.6266 17.1429 1.92772 0.00283783 -4.69234e-05 -0.00160952 0.0032628263 0.0 14 13.2530035858 2.0387656921 0 0 1 3 5 4 0 1 0 8 
811 2 15.147 16.6001 0.0198057 -0.0018059 -6.16629e-04 1.75347e-04 0.0019163123 0.0 12 16.1372381503 2.1098199534 0 0 0 3 6 3 0 0 0 6 
615 1 9.37303 13.7761 1.619 -9.14951e-05 -0.00114301 1.75344e-04 0.0011599951 0.0 13 20.4167475064 2.1618656567 0 0 0 2 8 3 0 0 0 6 
218 1 12.1999 14.1572 0.537562 0.00156094 -0.00373846 -0.00148269 0.0043140453 0.0 14 20.6376099133 2.139107417 0 0 0 3 6 5 0 0 0 6 
491 2 17.8314 15.449 0.380808 -0.00345431 -0.00108952 -0.00324521 0.0048631985 0.0 15 15.8808165267 2.2766057561 0 0 2 2 6 2 2 1 0 8 
111 2 10.7059 17.3667 6.32365 -0.00136664 -7.81747e-05 -0.0050969 0.0052775189 0.0 13 18.7374991488 2.2357223632 0 0 0 4 4 5 0 0 0 6 
765 2 10.606 9.64173 0.201334 -9.78769e-04 0.00263841 -7.38584e-04 0.0029094162 0.0 11 14.6090273287 2.0386564097 0 0 0 2 8 1 0 0 0 6 
53 1 16.8685 17.5512 8.88823 9.29108e-04 0.0028695 0.00148037 0.0033598761 0.0 13 20.6613157228 2.2793275877 0 0 0 3 6 4 0 0 0 6 
768 1 16.9334 12.0441 6.43168 6.42818e-04 -0.00327016 -0.00564058 0.0065515879 0.0 14 20.6256155323 2.331878453 0 0 0 2 8 4 0 0 0 6 
452 1 17.1277 12.2239 0.408437 -0.00176469 0.00210205 0.00169176 0.0032240963 0.0 16 20.54719683 2.2766057561 0 0 2 3 5 2 3 1 0 8 
822 1 14.9404 13.1473 4.69502 0.00236136 0.00395071 -9.52489e-04 0.0047001453 0.0 16 22.4278805368 2.4781168744 0 0 0 2 10 3 0 1 0 8 
850 1 11.0177 14.2735 6.04216 -0.00304988 -0.00427665 -5.66869e-04 0.0052832607 0.0 14 20.8764192253 2.4747704966 0 0 1 5 2 3 3 0 0 7 
498 2 12.3704 10.9793 8.87486 0.0040112 4.24389e-04 0.00204849 0.0045239521 0.0 13 14.3528185528 2.0915378104 0 0 1 0 9 3 0 0 0 6 
90 2 13.8907 10.0148 7.0167 -0.00357521 0.001222 -8.89443e-04 0.0038815615 0.0 14 19.8605821482 2.1904167956 0 0 1 1 7 5 0 0 0 6 
905 2 10.2983 10.8504 7.64666 0.00267733 0.00399836 4.25769e-04 0.0048307616 0.0 15 13.0998309954 2.0131576606 0 0 2 3 4 2 4 0 0 7 
326 1 8.9662 15.4597 7.60766 0.00127115 -0.00288116 1.16103e-04 0.0031512514 0.0 16 21.6754072628 2.3016066676 0 0 0 3 6 7 0 0 0 6 
104 2 11.1808 9.44853 2.63569 -7.33624e-04 0.00280875 0.00104619 0.0030857405 0.0 15 16.4367307793 2.212362105 0 0 1 2 6 5 1 0 0 7 
180 2 10.7142 13.1001 8.8503 0.00330708 0.00144603 -0.00291397 0.0046388578 0.0 15 17.3226841776 2.1983247934 0 0 1 3 5 4 2 0 0 7 
273 1 15.7047 10.1697 4.41429 -0.0034051 -0.00134762 0.00129672 0.0038848769 0.0 14 20.5876610616 2.1815864509 0 0 0 3 6 5 0 0 0 6 
332 2 10.2927 9.55757 5.1181 -0.00430065 -0.00222365 0.00172099 0.0051382892 0.0 14 16.116840914 2.21612459 0 0 0 3 6 5 0 0 0 6 
255 1 10.482 16.4223 1.2434 4.54144e-04 -0.00227368 -0.00378797 0.0044412368 0.0 14 20.970565414 2.2082263069 0 0 0 2 8 4 0 0 0 6 
345 2 12.7708 9.65564 0.984141 0.00372726 0.00521168 -6.10349e-06 0.0064073483 0.0 14 17.8422010319 2.212362105 0 0 2 0 8 2 2 0 0 7 
467 2 17.4167 17.3953 4.40075 0.00316762 -6.72133e-04 9.51922e-05 0.0032395433 0.0 15 17.9151422258 2.1579303244 0 0 1 3 4 6 1 0 0 7 
55 1 17.7579 14.4723 5.37693 -8.27668e-04 -0.00182254 -0.00468583 0.0050954577 0.0 14 21.9326674478 2.2910478364 0 0 0 3 6 5 0 0 0 6 
293 1 17.2097 12.2489 3.29853 0.00199714 -0.0017968 0.00339958 0.0043329208 0.0 14 20.9940579722 2.2365520146 0 0 1 3 4 5 1 0 0 7 
868 1 22.424 17.8097 8.49288 -0.00234985 0.00144366 -2.48023e-04 0.0027690187 0.0 16 24.0600849282 2.2812667493 0 0 0 5 4 5 2 0 0 7 
26 2 18.8709 15.5822 2.71378 -0.00215296 -0.0022672 5.78807e-04 0.0031796934 0.0 15 19.2812942843 2.2365520146 0 0 1 2 6 5 1 0 0 7 
24 1 25.6846 17.7558 7.89636 -0.0026186 -0.00111117 2.14407e-05 0.0028446835 0.0 13 20.4232357111 2.1700614226 0 0 1 2 5 5 0 0 0 6 
975 2 24.719 9.97321 8.46331 -0.00126491 0.00216765 1.66423e-04 0.0025152337 0.0 13 16.9576656742 2.1608317325 0 0 2 2 4 3 2 0 0 7 
127 2 26.4782 12.4451 3.43479 0.00167298 0.00148398 -0.0052997 0.0057522064 0.0 13 15.0008297491 2.050832276 0 0 1 3 5 2 2 0 0 7 
141 2 20.8844 16.6299 2.69314 -0.00110132 -2.43647e-04 0.00160723 0.001963532 0.0 13 16.6713792028 2.165943977 0 0 2 4 1 3 3 0 0 7 
634 2 20.1271 16.18 0.284522 4.06459e-04 -0.00141883 0.00315426 0.0034824767 0.0 12 15.5370792056 2.159581981 0 0 0 4 4 4 0 0 0 6 
697 1 19.8203 13.1193 0.696614 -0.00230316 -0.00168618 -0.00445761 0.0052932066 0.0 14 22.5029490362 2.2676452035 0 0 1 3 5 3 2 0 0 7 
470 2 25.734 15.9073 0.72782 -0.00284391 6.42019e-04 0.00195576 0.0035106993 0.0 12 15.7515868616 2.2487198352 0 0 0 3 6 3 0 0 0 6 
428 2 22.0594 17.4979 0.928119 8.80422e-04 -0.00114725 -0.00161774 0.0021698867 0.0 13 17.9591536213 2.1644087023 0 0 1 4 2 5 1 0 0 7 
207 1 20.2361 17.6073 5.44236 0.00138715 0.00190604 5.31904e-04 0.0024166289 0.0 14 21.3090030417 2.2812667493 0 0 2 3 2 5 2 0 0 7 
360 2 23.3983 9.79908 1.86688 0.00199996 8.15245e-04 0.00296531 0.0036684503 0.0 11 14.554894508 2.0500017923 0 0 1 3 3 4 0 0 0 6 
277 2 22.5912 12.1672 5.58583 -7.08797e-04 -0.00179093 0.00102435 0.0021815399 0.0 14 16.8065995627 2.211786719 0 0 2 0 8 2 2 0 0 7 
879 2 22.0975 14.4039 2.16329 -0.00379857 0.00112408 0.00223508 0.0045484363 0.0 14 16.8737694487 2.2676452035 0 0 1 3 4 5 1 0 0 7 
356 2 22.2931 9.34407 5.74451 7.62564e-04 0.00328666 0.00113592 0.0035600494 0.0 16 18.2361336024 2.3278771894 0 0 4 2 4 0 4 2 0 8 
640 2 22.218 10.9914 7.68839 0.00351013 0.00226848 -0.00218113 0.0047142701 0.0 14 18.3649758224 2.2228678668 0 0 3 1 5 2 2 1 0 8 
722 2 22.3527 11.709 1.52102 0.00140802 -2.93747e-04 -0.00286784 0.0032083195 0.0 16 18.7823944939 2.2659999394 0 0 1 3 5 5 2 0 0 7 
691 2 25.2054 12.9897 5.55576 -0.00127585 -0.00428358 -0.00130582 0.0046563952 0.0 13 16.4235116852 2.1765488203 0 0 0 3 6 4 0 0 0 6 
551 2 24.65 10.7378 6.00109 0.00311296 -0.00268238 4.73079e-05 0.0041094915 0.0 14 13.46110979 1.8946647311 0 0 0 4 5 4 1 0 0 7 
985 1 19.052 10.3726 2.05873 -3.20385e-04 4.76126e-05 -0.00397859 0.003991753 0.0 16 23.1192573878 2.4386190219 0 0 0 2 9 4 1 0 0 7 
679 1 19.6899 12.5703 6.87437 -0.00249204 2.442e-04 -0.00331513 0.0041545137 0.0 13 20.6504283485 2.211786719 0 0 1 2 5 5 0 0 0 6 
678 1 18.888 15.9112 7.33837 0.0042123 0.00276195 -0.00189066 0.0053801891 0.0 14 21.4979018176 2.2812667493 0 0 0 4 4 6 0 0 0 6 
132 2 23.9056 11.2517 3.70313 0.00664248 -2.95905e-04 0.00356796 0.0075458889 0.0 14 13.3942791079 2.0454568573 0 0 0 4 4 6 0 0 0 6 
150 1 21.1618 14.8961 5.55805 -0.00158372 -0.00305645 -3.31974e-04 0.0034583612 0.0 14 21.6205098734 2.2812667493 0 0 0 2 9 2 1 0 0 7 
419 1 21.4516 14.5487 8.59308 0.00324936 -3.76657e-04 -0.00257244 0.0041614491 0.0 16 23.2876655857 2.2799054785 0 0 0 4 5 6 1 0 0 7 
466 2 23.58 13.7855 3.8863 -0.00183844 0.0030216 -0.00242392 0.0042878102 0.0 14 16.4600752047 2.1227362341 0 0 0 2 8 4 0 0 0 6 
701 2 24.2432 13.6448 1.27488 -0.00282437 0.00157369 -0.00281021 0.0042837888 0.0 13 16.1546092626 2.2466081319 0 0 1 2 6 3 1 0 0 7 
749 2 23.7728 15.9325 2.10555 -1.69523e-04 -0.00204849 0.00260715 0.003319982 0.0 13 15.3572122312 2.1227362341 0 0 1 2 6 3 1 0 0 7 
750 1 23.6032 15.4076 6.99753 -0.00213682 4.36172e-04 -0.00545835 0.0058779104 0.0 15 21.3945976989 2.2143786737 0 0 2 1 6 4 2 0 0 7 
992 1 19.0465 10.2845 8.43084 6.82666e-05 -0.0012148 2.17527e-04 0.0012360086 0.0 16 22.0019543563 2.3186872274 0 0 2 2 7 2 2 0 1 9 
621 2 24.0088 12.5279 8.14548 0.0021117 7.43646e-04 -4.36896e-04 0.0022810446 0.0 14 17.3045927424 2.0865042789 0 0 2 2 4 4 2 0 0 7 
56 2 21.9407 9.65724 3.55309 -0.00226746 -0.00288574 -0.00322041 0.0048826131 0.0 13 18.1307419846 2.4303847187 0 0 2 2 3 5 1 0 0 7 
80 1 25.97 16.3558 5.4436 4.10959e-04 -0.00483856 2.17842e-04 0.0048608647 0.0 16 21.5890783951 2.2111515037 0 0 1 4 2 8 1 0 0 7 
106 2 26.453 12.957 7.85033 0.00245552 -6.51024e-04 0.00258189 0.0036220942 0.0 14 17.7291550651 2.2492367564 0 0 1 2 7 2 2 0 0 7 
567 2 25.8848 14.5562 2.87528 0.00436701 0.0013482 0.00522116 0.0069389431 0.0 12 15.6409217148 2.1129874976 0 0 0 3 6 3 0 0 0 6 
217 1 20.2213 12.6164 3.92844 0.00113236 -3.48039e-04 -9.28392e-04 0.0015050854 0.0 16 22.5442694143 2.1820677578 0 0 1 2 7 4 2 0 0 7 
607 2 25.2163 11.2375 1.6141 -6.2714e-04 0.00244762 -0.00104353 0.0027336977 0.0 13 15.1543440691 2.1386575968 0 0 0 3 6 4 0 0 0 6 
911 1 18.9127 9.99275 5.09003 7.44388e-04 -9.78664e-04 -0.00250863 0.0027937647 0.0 15 22.5733680667 2.3278771894 0 0 3 3 2 3 3 1 0 8 
396 1 23.1974 17.2897 4.73545 1.10103e-04 -0.00199527 0.00137415 0.0024251831 0.0 18 23.7723200307 2.3281043843 0 0 3 4 4 1 4 1 1 9 
413 2 26.1732 17.3451 2.67072 9.3478e-04 0.00186254 -0.00331167 0.003912803 0.0 14 16.4511516252 2.3281043843 0 0 1 3 4 5 1 0 0 7 
341 2 26.5802 10.2461 4.01512 0.00107873 -8.64837e-04 -0.00372334 0.0039717581 0.0 15 16.3884438552 2.1833901594 0 0 2 4 2 3 4 0 0 7 
728 2 8.36875 25.8393 4.52178 -0.00379663 -0.00316006 0.00115005 0.0050717841 0.0 13 13.9932499867 2.2771172628 0 0 1 2 6 3 1 0 0 7 
668 2 4.1982 26.5099 4.68156 9.96324e-04 0.00275869 -0.00412865 0.0050644627 0.0 15 15.2566280988 2.1982621281 0 0 1 4 4 4 1 1 0 8 
689 2 6.59071 26.3515 6.24743 -0.00588624 3.52393e-04 -6.76215e-04 0.0059354249 0.0 14 17.5003833381 2.2771172628 0 0 1 1 8 3 1 0 0 7 
373 2 0.491413 25.7644 8.05791 0.00170509 -0.00162213 0.00316886 0.0039471903 0.0 17 14.3850002724 1.9254563218 0 0 1 2 8 4 1 1 0 8 
812 2 8.11151 26.6353 7.88261 0.00355374 -0.00107133 -9.75382e-05 0.0037129947 0.0 15 16.3139422265 2.2312822709 0 0 1 4 4 3 3 0 0 7 
249 2 2.13771 24.3343 6.3393 -7.55902e-04 -7.28859e-04 7.55476e-04 0.001293587 0.0 15 14.1511746755 1.9745871525 0 0 2 3 2 6 2 0 0 7 
557 2 6.14932 24.6049 0.970338 8.9735e-04 0.00207526 -7.06597e-05 0.0022620641 0.0 14 13.3282180511 1.9357148622 0 0 0 4 4 6 0 0 0 6 
494 2 6.01661 19.9881 2.30161 0.00190836 0.00322159 0.00255018 0.0045303309 0.0 13 12.9435873118 1.9384667365 0 0 2 0 8 2 0 1 0 8 
863 1 1.62413 18.7327 7.71849 0.00307907 -0.00221439 -0.00379711 0.0053667718 0.0 15 20.8615699029 2.3254805187 0 0 1 4 2 7 1 0 0 7 
616 2 2.02058 24.6492 1.48779 0.00178541 4.70501e-04 8.75827e-04 0.0020435589 0.0 12 16.0348702231 2.1673063833 0 0 1 2 6 2 1 0 0 7 
786 2 3.84882 19.3438 3.3424 -0.00346056 -9.02726e-04 -0.00170261 0.0039609684 0.0 15 15.2153666609 2.2038587188 0 0 1 4 3 6 0 1 0 8 
175 2 3.55872 21.2923 1.45303 -0.00695846 -6.27977e-04 -1.28124e-04 0.0069879136 0.0 16 15.3785092202 2.1171324207 0 0 1 4 4 5 1 1 0 8 
3 2 3.54179 26.2925 7.20974 0.00215689 7.43317e-04 -0.00494151 0.0054427214 0.0 14 15.7618596781 2.1646566146 0 0 1 1 8 3 1 0 0 7 
517 2 1.58984 19.7883 0.373476 0.00214167 -0.00251156 0.00234723 0.0040502065 0.0 14 13.2954754016 2.0541600768 0 0 1 2 6 4 1 0 0 7 
214 2 7.66819 21.3864 5.56604 -0.00192595 -0.00332598 8.72373e-04 0.0039411243 0.0 13 12.4782526475 2.0259048604 0 0 0 1 10 2 0 0 0 6 
471 2 0.912523 23.2747 3.20854 -0.00123617 2.43478e-04 -0.00240098 0.0027114761 0.0 14 16.6622107802 2.0714221183 0 0 0 4 4 6 0 0 0 6 
764 1 4.60193 17.932 7.15652 -0.00281762 -0.00304462 0.00213461 0.0046653246 0.0 13 21.0949892903 2.2508208291 0 0 0 1 10 2 0 0 0 6 
489 2 1.68807 20.828 3.00289 0.00137262 1.4081e-04 0.0011598 0.0018025119 0.0 13 15.3914462207 2.1996882083 0 0 0 3 6 4 0 0 0 6 
79 2 5.70258 20.7838 7.41536 -1.94305e-04 -0.00128069 0.0026253 0.002927477 0.0 12 16.5733083151 2.0446296995 0 0 0 0 12 0 0 0 0 5 
669 2 6.76494 23.1056 7.93156 0.00559197 0.00178803 0.0036682 0.0069226347 0.0 15 15.2611647825 2.1336004192 0 0 1 3 6 3 1 1 0 8 
659 2 8.41628 23.2269 3.94308 -0.00109486 -0.00344604 -4.25763e-04 0.003640767 0.0 14 13.1345670636 2.0568116457 0 0 1 1 7 5 0 0 0 6 
72 1 0.0135677 19.1448 5.2375 -0.00108133 0.00133166 4.19316e-04 0.0017659045 0.0 17 22.8330324216 2.3281043843 0 0 2 3 4 5 2 1 0 8 
935 2 3.18948 24.4962 8.6571 0.00293895 0.00376416 -0.00274804 0.0055098141 0.0 13 15.6604136646 2.1928075359 0 0 1 3 4 4 1 0 0 7 
401 2 4.01611 23.5604 0.118056 -0.00278061 -0.00224998 0.00368828 0.0051378606 0.0 12 13.0865319472 1.9357148622 0 0 0 2 8 2 0 0 0 6 
933 2 1.81824 18.5336 2.2211 -0.00112635 -2.42925e-05 9.47435e-04 0.0014720352 0.0 12 12.7601261952 2.1450823834 0 0 0 2 8 2 0 0 0 6 
257 2 8.62061 22.6971 0.227883 -6.92666e-04 0.00105212 -4.94723e-04 0.0013533268 0.0 14 17.4970349733 2.1393776311 0 0 1 4 3 4 2 0 0 7 
513 2 7.82522 20.3427 0.641468 -0.00291218 3.95591e-04 -0.00322842 0.0043657737 0.0 13 16.1826805648 2.1237113154 0 0 0 3 6 4 0 0 0 6 
892 2 4.35909 23.5731 2.57648 0.00354314 -5.13256e-04 -3.1348e-04 0.00359382 0.0 14 13.2902090506 1.9093825634 0 0 0 3 6 5 0 0 0 6 
202 2 8.33008 25.0188 2.35647 -0.00287899 -7.74427e-04 0.00133172 0.003265241 0.0 14 13.9690887785 1.9400747747 0 0 0 2 8 4 0 0 0 6 
459 2 5.95291 22.1401 4.18648 9.18913e-04 -0.00148303 -0.00196199 0.0026254874 0.0 17 14.1132618659 2.0446296995 0 0 1 3 6 5 1 1 0 8 
462 2 5.41959 25.1205 8.18682 -0.0039458 -0.00134063 0.00344903 0.0054094763 0.0 12 15.4978777396 2.1548826939 0 0 0 4 4 4 0 0 0 6 
143 2 8.34273 20.8586 8.00482 0.00274311 0.00305689 -0.00309255 0.0051413125 0.0 13 15.2654162606 2.104858634 0 0 0 1 10 2 0 0 0 6 
190 2 7.69405 18.5975 6.31078 8.5463e-05 -0.00128569 0.00107654 0.0016790596 0.0 15 19.2813660423 2.194732182 0 0 0 0 12 3 0 0 0 6 
76 2 4.27027 22.7046 7.41767 0.00116772 -0.00437945 -1.35992e-04 0.0045344951 0.0 16 16.1036166185 2.2099130598 0 0 2 4 1 6 3 0 0 7 
313 2 4.61208 24.1465 5.46165 1.93558e-04 9.61301e-04 0.00150082 0.0017927702 0.0 14 14.3633062336 1.9904403932 0 0 1 2 6 4 1 0 0 7 
999 2 3.36156 22.1451 4.06404 0.0029668 0.00304627 0.00121191 0.0044215822 0.0 15 15.0086571416 1.9829284443 0 0 2 4 1 6 1 1 0 8 
893 2 7.17192 24.047 5.93511 0.00231944 0.00331207 3.05899e-04 0.0040550196 0.0 14 12.9725668312 2.0404037047 0 0 1 4 3 5 0 1 0 8 
600 2 5.34878 19.8112 0.0333238 1.81851e-04 -0.00319144 6.81945e-04 0.0032685483 0.0 15 16.0112094774 2.1171324207 0 0 2 3 4 3 2 1 0 8 
592 2 1.5096 22.3188 8.04854 0.00100525 -0.00104855 2.97935e-04 0.0014828182 0.0 15 19.0011077413 2.3254805187 0 0 1 2 6 5 1 0 0 7 
196 2 6.16712 25.0844 3.86085 -0.00251338 0.00278062 -0.00387524 0.0053913274 0.0 14 13.6815177806 2.1982621281 0 0 0 2 8 4 0 0 0 6 
740 2 7.98402 20.8112 3.07098 -1.39245e-04 8.34942e-04 -0.00163994 0.0018455136 0.0 13 12.4402593408 2.0054425291 0 0 0 1 10 2 0 0 0 6 
487 2 6.51256 22.3553 1.85516 -0.00368012 0.00204999 0.0030975 0.0052287903 0.0 15 14.0516725724 1.924205644 0 0 1 3 4 6 1 0 0 7 
610 2 2.37279 25.3914 3.91954 0.0021393 0.00161192 -0.0020679 0.0033839475 0.0 15 15.358316596 2.0830580407 0 0 1 5 3 3 2 1 0 8 
442 2 3.22025 20.6413 6.2028 0.00199294 -0.00111874 -0.00152151 0.0027456114 0.0 15 19.3401756267 2.2038587188 0 0 1 3 6 2 3 0 0 7 
126 2 4.26457 25.8493 1.93792 -0.00153359 -0.00430736 9.63164e-04 0.0046725725 0.0 13 14.4330511855 2.0212259296 0 0 0 3 6 4 0 0 0 6 
230 2 0.966286 22.3713 5.61729 0.00159839 0.00159489 0.00199657 0.0030141029 0.0 14 17.8285734015 2.3503662081 0 0 3 2 3 2 4 0 0 7 
9 2 5.68381 19.7916 4.97953 3.86913e-04 5.44332e-04 0.00167877 0.0018067285 0.0 14 15.1077538691 2.097822537 0 0 1 2 7 2 2 0 0 7 
987 2 1.40988 22.3643 1.0342 7.96304e-05 8.81705e-04 2.86484e-04 9.3049330459e-04 0.0 15 14.895831216 2.014907416 0 0 0 3 6 6 0 0 0 6 
744 2 7.95042 18.2378 2.35732 0.00253272 0.00727105 -0.0012861 0.0078062085 0.0 15 19.5202826873 2.2092494769 0 0 0 4 4 7 0 0 0 6 
418 2 10.256 20.4191 2.05668 -0.00474933 0.00199442 0.00116113 0.0052803475 0.0 13 15.6536145833 2.1721666324 0 0 0 3 6 4 0 0 0 6 
483 2 17.4689 20.156 0.85351 4.13972e-04 0.00358129 -0.00180509 0.0040317937 0.0 13 16.5960729981 2.1044051471 0 0 0 2 8 3 0 0 0 6 
539 2 12.3447 19.048 1.7075 0.00114503 3.93995e-04 0.00261749 0.0028840214 0.0 12 16.4635727765 2.153557743 0 0 0 3 6 3 0 0 0 6 
760 2 12.0761 19.5228 5.49109 -0.00328755 -4.15823e-04 -9.1422e-04 0.0034375416 0.0 15 17.3068669305 2.2403569858 0 0 0 3 6 6 0 0 0 6 
937 1 16.2064 20.3396 8.43841 0.0016635 -0.00159694 -1.09113e-04 0.0023085396 0.0 14 20.645952397 2.2793275877 0 0 0 2 8 4 0 0 0 6 
789 1 15.6728 25.2498 2.54203 0.001687 0.00405339 0.0015272 0.0046484706 0.0 15 21.7650811781 2.2869909421 0 0 4 3 2 0 4 2 0 8 
10 2 12.411 20.8592 3.11276 0.00214552 -0.00512893 -0.00534856 0.0077146791 0.0 14 17.7575296906 2.2713842133 0 0 0 2 8 4 0 0 0 6 
961 1 13.3018 23.7904 2.96893 -1.31428e-04 -8.54543e-04 0.00180097 0.0019977512 0.0 15 22.8367149642 2.2865486653 0 0 1 2 7 3 2 0 0 7 
664 1 16.7868 23.4128 0.600242 -0.0010733 -0.00236745 0.00417919 0.0049216279 0.0 15 23.0415986809 2.3681933094 0 0 1 4 4 4 1 1 0 8 
162 2 13.6661 18.9966 3.51171 -0.00278415 0.00166081 -3.67891e-04 0.0032626868 0.0 12 13.7247734002 2.1224981325 0 0 1 3 5 1 2 0 0 7 
660 2 12.8829 25.4969 0.270002 -0.0030056 -0.00127258 -7.5505e-04 0.0033501032 0.0 13 18.6273599207 2.3681933094 0 0 0 3 7 2 1 0 0 7 
724 2 8.9974 22.6505 6.62451 -0.00148851 0.00323232 0.00357787 0.0050462569 0.0 13 13.7244265422 2.1202090351 0 0 0 2 8 3 0 0 0 6 
269 2 9.21687 18.9722 4.67934 -0.00291489 4.44855e-04 6.21911e-04 0.0030135117 0.0 13 14.1377191453 2.1588235997 0 0 0 3 6 4 0 0 0 6 
514 2 11.1578 18.0831 3.61304 -0.00436572 -5.84384e-04 0.0012662 0.0045830425 0.0 14 15.2236925917 2.0932813519 0 0 0 4 4 6 0 0 0 6 
289 1 13.8839 18.4532 7.74714 0.00183116 -0.00330053 -7.41341e-04 0.003846587 0.0 13 20.8156483171 2.2283705235 0 0 0 3 6 4 0 0 0 6 
865 2 15.6378 18.7113 4.90785 -1.12785e-04 4.72099e-04 0.00197217 0.0020310225 0.0 16 18.9818558946 2.2283705235 0 0 0 3 7 5 1 0 0 7 
516 2 9.61025 24.4881 8.37054 0.00105538 -2.46001e-04 -2.82728e-04 0.0011199458 0.0 15 13.8472716191 2.0759435211 0 0 0 4 5 5 1 0 0 7 
625 2 11.9055 25.1842 7.95255 -7.75687e-04 -0.00105547 0.00337946 0.0036244251 0.0 13 17.4249837422 2.2042342107 0 0 2 1 5 4 1 0 0 7 
19 1 15.7987 21.9474 3.20743 -0.00150303 0.00326737 -0.0039105 0.0053128915 0.0 15 22.7345783072 2.2713842133 0 0 0 2 8 5 0 0 0 6 
432 2 15.2913 19.1893 1.60482 9.01217e-04 0.00232807 -8.66366e-04 0.0026424784 0.0 15 17.1951818565 2.1125785199 0 0 1 5 2 5 1 1 0 8 
60 1 12.3113 22.7072 5.9315 -1.75424e-04 0.0039369 8.92893e-04 0.0040406946 0.0 18 23.9625715516 2.2705626096 0 0 1 5 2 8 1 1 0 8 
135 1 14.5033 21.0911 6.30228 0.00140559 6.97476e-04 6.39917e-04 0.0016945943 0.0 14 21.0337971004 2.2713842133 0 0 0 4 4 6 0 0 0 6 
315 1 15.3339 23.586 5.24217 0.00234524 -2.49878e-04 7.71071e-04 0.0024813585 0.0 13 19.9822701464 2.2691001679 0 0 1 3 4 4 1 0 0 7 
340 1 13.9521 21.9688 0.560968 0.00103117 -0.00465916 -7.44338e-04 0.0048296089 0.0 17 25.9948865108 2.3681933094 0 0 1 3 6 4 3 0 0 7 
278 2 9.89685 25.1958 6.09 3.46063e-04 -4.26868e-04 0.00148717 0.0015854496 0.0 13 14.7571184269 2.0905541003 0 0 1 2 6 3 1 0 0 7 
324 2 9.87813 21.2046 4.23607 -0.00149959 -0.00228332 0.00118881 0.0029791928 0.0 13 14.1506349741 2.1427033716 0 0 0 2 8 3 0 0 0 6 
454 1 14.4032 23.4621 8.28268 -6.29917e-04 -0.00497579 8.12934e-04 0.0050809589 0.0 15 22.4420125762 2.2297239519 0 0 1 2 7 3 2 0 0 7 
52 1 17.229 23.1866 7.8218 -0.00143193 -0.00427385 0.00120428 0.004665459 0.0 14 21.5129455828 2.1853391597 0 0 0 4 4 6 0 0 0 6 
354 2 17.2178 19.2944 2.93864 0.00395043 0.00103088 -0.00300138 0.0050672372 0.0 11 15.461802256 2.09242994 0 0 0 2 8 1 0 0 0 6 
688 2 10.4618 21.5397 8.33237 -0.00229449 -0.00151825 -3.31389e-04 0.0027712066 0.0 14 18.2139973141 2.2403569858 0 0 2 2 5 3 1 1 0 8 
50 1 13.5986 25.6197 5.3764 -0.00224041 -3.16109e-04 0.00329357 0.0039958685 0.0 15 21.7779024053 2.2865486653 0 0 1 4 3 5 2 0 0 7 
292 2 10.3606 24.7336 3.77321 0.0034636 -0.00242093 2.30709e-04 0.004232098 0.0 14 15.8432449265 2.2865486653 0 0 0 4 4 6 0 0 0 6 
30 1 15.6291 26.0736 7.45485 -0.00411478 -0.00190148 0.00302325 0.0054485852 0.0 16 23.4277692047 2.1990883566 0 0 1 3 5 5 2 0 0 7 
183 2 9.87833 19.9385 6.57477 0.00180857 -4.59293e-04 0.00178719 0.0025837809 0.0 12 14.5403718869 2.2251468462 0 0 0 2 8 2 0 0 0 6 
843 2 10.6759 24.5837 0.171409 0.00138289 -0.0016606 0.00291916 0.0036320066 0.0 14 16.6337159008 2.2331788595 0 0 0 2 8 4 0 0 0 6 
145 2 10.8115 26.2113 1.72663 0.00227272 0.00352978 5.83862e-05 0.0041985726 0.0 14 16.527170684 2.2838364898 0 0 0 2 8 4 0 0 0 6 
725 2 10.2976 22.8178 2.18757 0.00267162 0.00187251 0.00214268 0.0039031942 0.0 15 16.8883911906 2.2331788595 0 0 1 3 4 6 1 0 0 7 
384 1 23.2681 20.5842 0.0719106 0.00275905 -0.00188842 -0.0036322 0.0049367362 0.0 12 19.505255873 2.1496057023 0 0 0 2 8 2 0 0 0 6 
94 2 24.4052 23.9604 8.81371 -0.00189289 0.00144537 4.72681e-05 0.0023820918 0.0 14 16.0557370186 2.1003646209 0 0 0 4 4 6 0 0 0 6 
976 1 22.1861 22.9032 1.43845 4.52137e-04 0.00261754 0.00145039 0.0030264789 0.0 14 20.9221668571 2.134859444 0 0 0 2 8 4 0 0 0 6 
837 1 21.9375 21.9157 4.17559 0.00519144 -0.00284529 0.00203274 0.0062592936 0.0 13 20.2292039298 2.2573578405 0 0 0 3 6 4 0 0 0 6 
531 1 23.303 25.5671 1.39449 -0.00239172 -0.00279289 -5.45546e-04 0.0037172812 0.0 15 21.8790931061 2.1619458053 0 0 0 4 4 7 0 0 0 6 
846 1 19.6163 24.6193 1.52214 -8.93353e-04 0.0018326 -3.80384e-04 0.0020739321 0.0 13 21.9717628531 2.1355223268 0 0 1 2 5 5 0 0 0 6 
338 1 25.885 24.8576 0.151225 0.00414872 -3.90518e-04 0.00174244 0.004516689 0.0 15 20.4968157945 2.1673063833 0 0 2 2 6 2 2 1 0 8 
609 1 20.2082 19.8605 4.05691 -4.18406e-05 -3.95687e-04 -0.00289805 0.0029252372 0.0 15 21.3429624403 2.2870868364 0 0 0 3 7 4 1 0 0 7 
271 1 24.1045 23.7187 3.6095 0.00309297 0.00266749 4.93634e-04 0.0041140784 0.0 14 20.6156626026 2.3048055226 0 0 1 4 2 6 1 0 0 7 
920 1 24.0629 19.6339 6.24316 5.91972e-04 -0.0020703 0.00344688 0.0040641795 0.0 14 21.3748328306 2.2870868364 0 0 2 3 3 5 0 0 1 9 
342 2 22.3788 25.5624 6.85486 1.44316e-04 -0.00237374 -6.86338e-04 0.0024751825 0.0 15 19.3380190163 2.3048055226 0 0 1 3 5 4 2 0 0 7 
41 1 20.1809 23.1063 5.849 -0.00275274 0.00163305 0.00267875 0.0041737431 0.0 13 21.3612812353 2.1184085889 0 0 0 3 6 4 0 0 0 6 
368 1 25.0703 22.3967 1.51164 -6.39386e-04 0.00186693 -2.88306e-04 0.0019943326 0.0 16 20.4763516186 2.1257375018 0 0 1 4 3 6 2 0 0 7 
123 1 23.3691 22.4098 6.61087 6.88722e-04 -0.00117993 8.75929e-05 0.0013690308 0.0 16 23.1631145237 2.3503662081 0 0 1 2 6 6 1 0 0 7 
713 1 25.2169 21.0498 4.05219 0.00251121 0.00388003 5.89773e-04 0.0046592532 0.0 16 21.4816669957 2.3503662081 0 0 3 1 6 2 3 1 0 8 
505 1 26.1076 26.0316 2.62536 0.00496978 0.00348229 -0.00295892 0.0067513158 0.0 14 20.7827442762 2.1493388052 0 0 2 3 3 4 1 1 0 8 
940 2 24.8311 25.9206 7.40407 0.00317881 -0.00101762 -0.00365601 0.0049504336 0.0 15 14.0546605909 2.3048055226 0 0 2 2 5 4 1 1 0 8 
702 1 17.9615 21.2058 5.39291 0.00139303 -0.00177327 -0.00141762 0.0026635813 0.0 15 22.2072861133 2.1307075 0 0 0 3 6 6 0 0 0 6 
890 1 18.2602 18.8188 6.9704 -0.00462762 -0.00119898 7.55727e-04 0.0048397875 0.0 13 19.7855711668 2.2251982214 0 0 0 3 6 4 0 0 0 6 
573 2 26.3168 19.5489 1.73997 -0.00144976 -0.00111204 4.62822e-04 0.0018848451 0.0 13 15.4928305654 2.1373764766 0 0 0 3 6 4 0 0 0 6 
982 1 18.9803 21.0775 8.44241 -0.00191361 -0.00198099 3.25395e-04 0.0027734647 0.0 13 18.9268847899 2.1408953432 0 0 1 2 6 3 1 0 0 7 
243 1 25.1897 20.6195 8.34144 9.63619e-04 -0.00423796 -9.16857e-04 0.0044417894 0.0 16 23.040457186 2.3503662081 0 0 0 3 6 7 0 0 0 6 
400 1 23.1315 19.6088 2.68249 -0.00304743 -0.00202387 -0.00253093 0.0044484251 0.0 16 22.5220916237 2.3281043843 0 0 1 4 4 5 1 1 0 8 
866 2 26.3007 23.668 7.54595 -7.91092e-05 -6.89721e-04 5.78415e-04 9.0362449922e-04 0.0 11 15.0372396335 2.3308315308 0 0 1 3 3 4 0 0 0 6 
694 1 21.4859 25.1098 4.10269 -0.00173484 -3.33667e-04 0.00504553 0.0053458747 0.0 16 22.4792220619 2.1536632083 0 0 0 2 8 6 0 0 0 6 
965 1 19.089 22.1765 2.9105 -7.4609e-04 -0.00219518 1.86557e-04 0.0023259985 0.0 14 21.19771562 2.134859444 0 0 0 0 12 2 0 0 0 6 
943 2 26.6338 24.5763 5.39358 -9.93458e-05 -0.00190621 -0.00108177 0.002194022 0.0 14 16.9874903956 2.3020494842 0 0 1 4 3 4 2 0 0 7 
781 1 24.0382 26.4092 4.4252 -0.00232245 0.00105186 0.0024685 0.0035487569 0.0 15 21.2482811232 2.2840284516 0 0 0 4 5 5 1 0 0 7 
339 1 17.859 24.3382 4.39876 -0.00249892 -7.40491e-04 0.00271423 0.0037629739 0.0 15 21.738592251 2.1672510223 0 0 2 2 5 3 3 0 0 7 
617 1 20.5858 23.6453 8.80579 -0.00146705 -1.24685e-04 0.00212864 0.0025882215 0.0 16 21.8817770345 2.3731614547 0 0 2 4 4 1 4 1 0 8 
968 1 18.8186 25.387 6.9204 -0.0043285 4.16851e-05 0.00109721 0.0044655929 0.0 16 22.7789028435 2.1853391597 0 0 1 1 9 3 2 0 0 7 
752 2 23.1754 26.5489 8.8561 -0.00200759 0.00200406 0.0025234 0.0037966066 0.0 12 11.2288529055 1.9646273878 0 0 1 2 6 2 1 0 0 7 
624 1 21.2309 20.2069 7.12287 0.00178103 -0.00370253 -2.01706e-04 0.0041135728 0.0 14 22.2771382291 2.2870868364 0 0 0 4 5 4 1 0 0 7 
828 1 20.579 20.4606 1.22381 -6.33977e-04 0.00375114 -0.00279959 0.0047234185 0.0 15 19.9609858827 2.165943977 0 0 0 4 4 7 0 0 0 6 
712 2 19.0925 17.9412 1.39866 8.88039e-04 0.0013181 -7.43193e-04 0.0017545189 0.0 15 15.7681828909 2.1519748597 0 0 1 2 6 5 1 0 0 7 
485 2 24.8201 17.9704 0.401052 0.00128503 -0.00264359 -2.37952e-04 0.0029489814 0.0 13 17.2940531819 2.1759064485 0 0 0 1 10 2 0 0 0 6 
250 2 8.50985 0.264285 10.274 -4.04919e-04 -8.78995e-04 0.00154006 0.0018188943 0.0 12 14.8274471767 2.1520886545 0 0 1 2 5 4 0 0 0 6 
762 1 3.80554 3.60351 9.09002 -4.1753e-04 0.00112775 -2.27682e-04 0.0012239242 0.0 15 22.127537213 2.2711393321 0 0 3 2 3 3 4 0 0 7 
541 1 8.39169 4.757 12.4991 1.34302e-05 0.00256851 -7.49827e-04 0.0026757549 0.0 17 21.4006297397 2.2614906387 0 0 0 4 5 7 1 0 0 7 
829 1 7.90566 4.65443 9.53586 2.75908e-04 0.00117229 -0.0022083 0.0025153485 0.0 12 22.4747540973 2.2550778466 0 0 0 3 6 3 0 0 0 6 
446 1 8.05999 1.94557 14.1335 -8.96691e-04 8.06633e-04 0.00242613 0.0027093945 0.0 16 22.0459730218 2.2045073642 0 0 3 3 1 6 2 1 0 8 
779 1 1.26499 5.98365 9.64133 -2.15169e-04 -0.00469932 -0.00108036 0.0048267053 0.0 17 23.1841965247 2.321630338 0 0 2 3 4 5 2 1 0 8 
226 1 2.91365 5.11819 11.897 0.00170071 -0.00254517 2.45286e-04 0.003070907 0.0 13 20.1092044048 2.2355742861 0 0 1 5 1 4 2 0 0 7 
15 2 0.125903 0.607427 9.90314 0.00238518 0.00168645 -0.00114487 0.0031375029 0.0 14 14.021512194 2.1187075348 0 0 1 4 4 2 3 0 0 7 
208 1 5.84521 8.44961 15.1257 0.00138388 0.00300381 -4.58981e-04 0.0033389612 0.0 15 21.3413108147 2.3201357185 0 0 1 3 4 6 1 0 0 7 
282 1 0.152137 0.535978 17.7541 0.00103353 -1.27102e-04 0.00205883 0.0023071888 0.0 13 21.6118264086 2.2423001697 0 0 0 5 3 4 1 0 0 7 
49 1 5.80076 0.0722015 16.5699 8.13508e-05 -6.12747e-04 -9.02815e-04 0.0010941443 0.0 14 22.5821353604 2.2209217111 0 0 0 2 8 4 0 0 0 6 
410 1 5.07033 0.276497 10.4484 0.00151868 -5.85615e-04 0.00132924 0.0021014787 0.0 16 20.8885556343 2.1893557074 0 0 2 3 4 4 2 1 0 8 
7 1 8.1526 2.32726 17.0669 -0.00479777 2.9251e-04 -7.06931e-04 0.0048583856 0.0 15 22.5768637282 2.3776490327 0 0 1 3 4 6 1 0 0 7 
534 2 2.42243 0.879108 9.05559 -0.00154821 0.00428175 6.63192e-04 0.0046011043 0.0 15 17.94051282 2.1606497956 0 0 0 5 4 4 2 0 0 7 
8 1 4.02759 7.95614 11.2937 -3.34938e-05 -1.43574e-04 0.00412101 0.0041236463 0.0 16 22.5772660703 2.3499464727 0 0 2 2 5 5 1 1 0 8 
711 1 3.05226 0.402322 15.2184 0.00581053 0.00486654 -3.1182e-04 0.0075856906 0.0 15 21.4606751374 2.200210677 0 0 1 4 4 4 1 1 0 8 
95 1 6.97566 2.51097 11.5223 0.00245949 0.00376736 -5.2446e-04 0.0045295862 0.0 15 20.5902936168 2.0977050573 0 0 1 2 6 5 1 0 0 7 
420 1 5.47867 4.23735 13.4026 0.00111412 -0.00202012 -0.00201143 0.0030607187 0.0 13 19.387072707 2.2040034004 0 0 1 2 5 5 0 0 0 6 
223 1 6.74814 7.79282 9.76927 0.00277049 7.70241e-04 0.00160012 0.0032907856 0.0 17 23.5468820362 2.2614906387 0 0 1 0 10 5 1 0 0 7 
294 1 6.78296 5.7874 15.7623 0.00213545 3.45255e-04 6.76324e-05 0.002164237 0.0 16 21.4459462828 2.2719833803 0 0 1 4 3 6 2 0 0 7 
232 1 5.54131 3.1663 16.074 -8.22991e-04 0.00267563 -0.00400145 0.0048834324 0.0 15 22.45042386 2.2719833803 0 0 2 3 3 4 3 0 0 7 
319 1 6.64264 6.69846 13.098 -2.04139e-04 6.18112e-04 0.00163145 0.0017565205 0.0 11 19.0699592007 2.2382120163 0 0 0 3 6 2 0 0 0 6 
944 1 3.24518 7.93283 16.6662 6.07459e-04 -7.12295e-04 -0.00396299 0.0040720585 0.0 15 21.3192070056 2.1623682944 0 0 0 3 6 6 0 0 0 6 
614 1 5.43715 5.42689 10.7032 -3.46597e-04 -0.00198928 3.7653e-04 0.0020540543 0.0 15 20.9958083669 2.2573610503 0 0 0 4 5 5 1 0 0 7 
479 1 3.72725 2.45679 11.4454 -0.00293881 -0.00133312 -0.003012 0.0044142901 0.0 14 20.7334412782 2.1580784653 0 0 1 3 4 5 1 0 0 7 
813 1 1.56028 5.79576 15.5211 -0.00192033 0.0023589 7.67766e-04 0.0031371231 0.0 15 21.3509673204 2.1443007331 0 0 0 4 4 7 0 0 0 6 
589 1 4.21076 5.01738 17.6294 -0.00154174 -0.00412949 4.13291e-04 0.0044272406 0.0 14 22.2714116106 2.204968833 0 0 0 3 7 3 1 0 0 7 
303 2 0.470242 2.93145 10.3651 8.74536e-05 -0.00278875 0.00170263 0.0032685966 0.0 13 18.418920611 2.1552181988 0 0 0 3 6 4 0 0 0 6 
165 1 4.0633 6.42225 14.1172 0.00250853 0.00196827 -0.00629525 0.0070566977 0.0 14 19.9781694189 2.1623682944 0 0 0 3 6 5 0 0 0 6 
519 1 1.49829 3.48703 17.5567 -7.40948e-04 -0.00333477 -9.32183e-04 0.003540997 0.0 14 23.1167501851 2.2580564444 0 0 2 4 2 3 2 1 0 8 
910 1 1.35416 7.39254 12.7516 9.40547e-05 -9.77118e-04 -7.34578e-04 0.0012260549 0.0 14 21.4093932334 2.3499464727 0 0 0 4 4 6 0 0 0 6 
675 1 0.549244 4.30963 13.3936 -0.00185579 0.00119342 -0.00191605 0.0029222347 0.0 14 21.5784575163 2.1556093971 0 0 1 4 4 3 1 1 0 8 
823 1 3.1185 3.17512 14.4848 -1.73642e-04 -2.2002e-05 0.00190469 0.0019127153 0.0 14 22.2694031946 2.2323317715 0 0 1 1 8 3 1 0 0 7 
252 1 5.40197 0.709299 13.4944 6.86449e-04 2.5497e-06 0.00281874 0.0029011229 0.0 14 22.0009015946 2.1860840808 0 0 0 3 6 5 0 0 0 6 
13 1 1.3724 1.2068 12.919 -0.00424479 6.2178e-04 -0.00222195 0.004831347 0.0 15 22.3512489357 2.1586461874 0 0 0 2 9 3 1 0 0 7 
54 2 8.33074 8.89696 17.3758 4.82456e-04 -2.79914e-04 -0.0040247 0.004063167 0.0 15 19.4885880286 2.1811597131 0 0 0 3 6 6 0 0 0 6 
247 2 11.714 6.79756 14.6454 0.00340087 1.6471e-04 -0.00136149 0.0036669744 0.0 13 14.3986627029 2.3021863582 0 0 0 3 6 4 0 0 0 6 
221 2 9.98507 2.28126 10.0132 -0.00275726 5.58883e-04 0.00124887 0.0030780691 0.0 16 19.0923447021 2.5279834892 0 0 0 4 7 2 3 0 0 7 
142 2 17.1101 8.41431 12.6087 0.00531066 -0.00247991 0.00170049 0.006102846 0.0 13 14.3897515754 2.0718781764 0 0 0 2 8 3 0 0 0 6 
995 2 14.4047 1.50987 12.5741 -0.00226437 0.00531203 -0.00130692 0.0059205637 0.0 15 16.9282326921 2.1558324116 0 0 0 5 3 6 1 0 0 7 
16 2 16.7153 8.3185 15.1307 7.48167e-04 -0.00342547 0.00133234 0.0037508304 0.0 17 14.2454751953 1.9494232085 0 0 0 3 7 6 1 0 0 7 
990 2 12.5836 2.37469 13.6902 0.00198701 9.74695e-04 -0.00219946 0.0031202345 0.0 13 14.6947446905 2.2809858624 0 0 2 2 4 3 2 0 0 7 
87 2 14.8634 3.72358 13.3779 4.95687e-04 -0.0012572 8.67709e-04 0.0016059814 0.0 13 15.8405601628 2.1454486851 0 0 1 2 5 5 0 0 0 6 
670 1 16.724 1.78338 15.1489 6.08767e-04 0.0029795 0.00100845 0.0032039021 0.0 14 20.6884709789 2.2186152711 0 0 0 2 10 0 2 0 0 7 
674 2 12.2558 1.02366 11.541 -0.00111987 6.58178e-04 0.00184538 0.0022567088 0.0 13 14.1638458615 2.5268134595 0 0 0 3 6 4 0 0 0 6 
21 2 14.8977 5.14923 11.1632 -0.00311937 0.00225552 0.00119415 0.004030364 0.0 15 17.6845353671 2.1701344191 0 0 1 2 6 5 1 0 0 7 
212 2 12.8293 6.35026 10.5239 -0.00445993 0.0011084 5.29847e-04 0.0046260419 0.0 13 14.9732730327 2.1564021907 0 0 1 3 4 4 1 0 0 7 
831 1 8.96792 5.57256 17.8199 -0.00202797 -0.00147084 -9.79579e-04 0.0026899085 0.0 15 21.768891111 2.2706896065 0 0 1 4 3 5 2 0 0 7 
880 2 15.3081 7.1036 16.6419 -1.73819e-04 2.34605e-04 -8.81165e-04 9.2828029604e-04 0.0 14 11.9389164919 1.9494232085 0 0 2 2 6 1 2 1 0 8 
334 2 11.4085 4.18325 13.0282 -1.43353e-04 0.00277861 -2.56274e-04 0.002794083 0.0 13 14.6837711878 2.3031362422 0 0 1 4 4 1 3 0 0 7 
884 2 9.28611 7.49109 14.5365 -4.74438e-04 -4.88457e-04 -7.84875e-04 0.0010390912 0.0 13 17.7597750102 2.2827876726 0 0 0 3 6 4 0 0 0 6 
146 2 13.1276 5.78983 13.0191 -0.00220657 0.00227266 0.00271131 0.0041695487 0.0 13 12.1153858364 1.87063469 0 0 1 2 6 3 1 0 0 7 
488 2 12.7598 8.23776 12.4888 4.30732e-04 -5.52213e-04 0.00373612 0.0038011922 0.0 15 13.2496917979 2.0265673562 0 0 0 2 8 5 0 0 0 6 
496 2 10.8043 6.63418 12.5239 3.43026e-04 -0.00102947 0.00264284 0.0028569352 0.0 13 13.7988650423 2.0255781505 0 0 0 3 6 4 0 0 0 6 
560 1 9.27897 4.32748 15.3524 -0.00335414 0.0040234 0.00188706 0.0055676744 0.0 16 21.6910989677 2.3031362422 0 0 3 3 2 3 5 0 0 7 
991 1 10.57 1.7882 15.8544 -0.0045845 0.00489402 1.96867e-04 0.0067087874 0.0 16 21.5631585017 2.2805565801 0 0 2 2 4 6 2 0 0 7 
790 2 10.7613 7.90124 16.8176 -0.00125582 0.00220364 0.00109748 0.0027636164 0.0 16 15.7708071641 2.2765978335 0 0 0 6 3 4 3 0 0 7 
888 2 13.1908 8.39345 15.3889 0.00254586 8.60464e-04 0.00125114 0.0029643132 0.0 14 12.4458215037 1.9494232085 0 0 0 4 5 4 1 0 0 7 
231 2 14.7729 6.70536 14.1841 0.00341603 -0.00360314 -0.00180829 0.0052841075 0.0 15 13.0254498903 1.857712431 0 0 0 3 6 6 0 0 0 6 
492 2 12.98 6.6144 17.0907 -7.64495e-04 7.90437e-04 0.00116701 0.0016034823 0.0 14 15.3307054089 2.2137537756 0 0 1 4 4 2 3 0 0 7 
22 2 11.063 4.45896 10.5981 0.00158991 -0.00120946 7.5254e-04 0.0021346952 0.0 14 16.5838214344 2.2814665833 0 0 1 4 4 2 3 0 0 7 
176 2 10.0471 6.84469 10.0937 2.82338e-04 1.32881e-04 -9.92875e-04 0.0010407559 0.0 13 17.2608011767 2.2614906387 0 0 1 3 4 4 1 0 0 7 
805 1 15.067 1.97329 9.35974 -0.00244425 -0.00195606 0.00176728 0.0035949697 0.0 15 23.9562786275 2.4903868438 0 0 0 3 7 4 1 0 0 7 
329 2 16.7032 5.7565 12.7498 0.00487096 -0.00109999 0.00145141 0.0052002712 0.0 13 15.8579477788 2.1741563203 0 0 2 2 4 4 0 1 0 8 
665 2 16.5673 4.81572 14.8514 -0.00247228 8.86948e-04 -0.00209826 0.0033617763 0.0 15 17.0465604718 2.2190808017 0 0 1 2 6 5 1 0 0 7 
898 1 17.2903 2.69339 11.5386 7.11035e-04 -3.85705e-04 1.03856e-04 8.1555207497e-04 0.0 15 22.4467391214 2.1664821929 0 0 1 2 7 4 0 1 0 8 
160 2 10.6234 2.21604 12.3004 -6.45333e-04 -6.05432e-04 -0.00200084 0.0021877759 0.0 14 14.5017116492 2.0608382659 0 0 1 3 5 3 2 0 0 7 
391 2 13.8507 4.82855 15.4289 -5.47476e-04 0.00262009 -0.00398713 0.004802271 0.0 14 17.2019694928 2.3031362422 0 0 1 2 6 4 1 0 0 7 
201 2 11.4342 8.85829 9.76594 -0.00303586 -0.00247801 -8.55351e-04 0.0040110603 0.0 14 13.8604817979 2.0265673562 0 0 0 3 6 5 0 0 0 6 
536 1 13.6213 1.89695 16.5262 0.00164104 0.00243043 -2.07291e-04 0.0029398932 0.0 16 22.6110242166 2.2186152711 0 0 0 4 7 2 3 0 0 7 
448 2 9.74932 0.0266031 12.526 -4.86792e-04 0.00458413 -6.86118e-04 0.0046606837 0.0 14 14.9267193112 2.1402034005 0 0 1 3 5 3 2 0 0 7 
729 2 17.2347 5.88153 16.5931 -0.00473249 9.87698e-04 -0.00344121 0.0059341331 0.0 13 13.7058133439 2.211051579 0 0 0 3 6 4 0 0 0 6 
715 1 17.267 8.39709 9.70551 -0.00209562 0.00285938 -6.0843e-04 0.0035969243 0.0 14 21.2917063704 2.1928041882 0 0 2 0 6 6 0 0 0 6 
179 2 17.1547 8.3233 17.5233 -0.00304139 0.00387054 0.00138883 0.005114683 0.0 13 11.7542980011 1.8591312893 0 0 1 2 5 5 0 0 0 6 
32 2 12.9669 3.48989 11.4741 0.00267326 -0.00393709 0.00298561 0.0056179056 0.0 15 15.3744533842 2.5279834892 0 0 0 2 9 3 1 0 0 7 
521 1 11.6709 3.89208 17.5262 0.00332395 0.00369513 0.00161962 0.0052274084 0.0 17 21.6076087118 2.3031362422 0 0 0 7 2 4 4 0 0 7 
860 2 15.1087 7.5238 11.6808 -9.70787e-04 -6.84518e-04 -0.00309785 0.0033177804 0.0 14 15.1488539172 2.1701344191 0 0 0 5 4 3 2 0 0 7 
330 2 15.2662 4.71563 17.675 0.00312335 -0.00162641 -0.00216911 0.0041358872 0.0 15 16.5045890088 2.2190808017 0 0 0 3 7 4 1 0 0 7 
528 2 11.2606 8.88585 13.8783 -0.00205025 0.00237704 -0.00275548 0.0041769025 0.0 13 12.7664221556 2.0297609418 0 0 1 2 5 5 0 0 0 6 
497 2 9.01294 8.22247 12.1555 -2.20297e-04 3.88475e-04 -0.0038472 0.0038730339 0.0 16 19.2564638686 2.3201357185 0 0 0 3 6 7 0 0 0 6 
754 2 10.7764 0.0014338 9.31895 -0.00176446 -0.0024797 0.00257641 0.0039874954 0.0 14 15.1666659265 2.4051542041 0 0 1 3 4 5 1 0 0 7 
546 2 13.6971 8.39639 9.48646 -8.67335e-04 0.00216739 1.84752e-04 0.0023417905 0.0 17 18.4050871143 2.3226612245 0 0 2 4 3 5 2 0 1 9 
651 1 26.3688 6.95181 16.921 -1.26335e-04 0.0017291 -0.00134859 0.0021964613 0.0 15 22.8646627785 2.24766588 0 0 0 4 6 3 2 0 0 7 
362 2 23.1892 0.142278 11.2445 0.00130399 0.00406907 0.0021111 0.0047659693 0.0 14 12.5795141973 1.9247792064 0 0 1 4 2 6 1 0 0 7 
344 1 18.6489 0.154175 14.9553 0.00162276 -3.52354e-04 0.00333905 0.0037291766 0.0 14 21.6456850623 2.2972605952 0 0 0 3 6 5 0 0 0 6 
352 1 17.8692 0.5321 9.40912 -5.37163e-04 0.00108718 -4.70373e-04 0.0013006749 0.0 13 21.3164013178 2.1817186162 0 0 0 3 6 4 0 0 0 6 
346 2 18.5576 6.91665 13.7318 -1.99498e-04 6.05549e-05 -0.00186483 0.001876448 0.0 13 16.5989008157 2.143493323 0 0 0 3 6 4 0 0 0 6 
848 2 19.3716 0.289258 12.0716 0.00158245 -9.54494e-04 -0.00275758 0.0033195563 0.0 11 18.5537052067 2.3129769609 0 0 0 4 4 3 0 0 0 6 
838 1 23.0275 6.91549 11.9071 0.00224642 -5.32051e-04 -0.00131309 0.0026558777 0.0 15 23.0754771925 2.2072333012 0 0 0 3 7 4 1 0 0 7 
369 2 23.6264 3.86074 10.79 -4.12264e-04 0.00295776 -0.00203507 0.0036138367 0.0 14 17.4888030745 2.1195987459 0 0 2 2 5 3 1 1 0 8 
348 1 21.6965 2.69823 15.5886 -0.00153087 9.06676e-04 -0.00109597 0.0020896829 0.0 17 23.5367024986 2.2972605952 0 0 0 2 8 7 0 0 0 6 
941 2 21.2076 7.5391 14.4795 -0.00224991 0.0039508 -0.00153446 0.0047984876 0.0 13 15.0675269475 2.0588102539 0 0 0 1 10 2 0 0 0 6 
876 2 22.6168 5.57209 14.8472 0.00489851 0.00212353 -0.00197953 0.0056941478 0.0 12 19.2234702118 2.1677966315 0 0 0 2 8 2 0 0 0 6 
276 1 20.665 4.78245 12.1089 0.0022609 -0.00225688 0.00129606 0.0034474552 0.0 16 22.602298592 2.1741563203 0 0 2 0 9 3 1 1 0 8 
690 1 25.7652 5.72373 11.5732 -0.00423236 0.00158725 -3.07696e-04 0.0045306634 0.0 15 20.9396848741 2.2545429951 0 0 3 1 5 4 0 2 0 8 
858 1 18.4755 5.58073 10.3855 -0.00155195 0.00423347 -0.00254368 0.0051769803 0.0 17 21.9609639583 2.1903560254 0 0 2 4 3 4 3 1 0 8 
654 1 19.1069 2.96808 13.6174 -3.66857e-04 -0.00345617 -0.00267144 0.0043836385 0.0 16 23.1907703418 2.2972605952 0 0 1 4 5 4 0 2 0 8 
972 2 23.3232 7.99541 16.2483 1.50387e-04 3.01192e-04 0.00236661 0.0023904342 0.0 14 18.5738918204 2.2569638714 0 0 2 2 4 4 2 0 0 7 
353 1 20.2396 8.23424 11.4558 -0.00334881 -0.00218224 -3.13607e-04 0.0040093702 0.0 17 23.3905790951 2.2190345108 0 0 1 2 7 5 2 0 0 7 
84 1 21.2546 5.55074 9.3237 0.00310502 0.00118003 6.03092e-04 0.0033759947 0.0 13 20.0168956089 2.1195987459 0 0 0 3 6 4 0 0 0 6 
698 1 26.1639 8.34002 10.7185 -0.00306139 -0.0012549 -0.00174793 0.0037419436 0.0 14 22.6317132083 2.3441107958 0 0 0 2 8 4 0 0 0 6 
564 2 20.3483 5.59968 15.3786 0.00166347 0.001469 -0.00151172 0.0026852171 0.0 12 16.7668301227 2.1428720108 0 0 0 2 8 2 0 0 0 6 
152 1 25.3299 4.52991 15.5585 7.09849e-04 9.08409e-04 0.00281476 0.0030417045 0.0 14 21.6615280265 2.1748772509 0 0 1 3 5 3 2 0 0 7 
361 2 25.2555 1.92967 11.6663 0.00305338 -0.00117571 -8.01541e-04 0.0033686631 0.0 16 16.8537758893 2.1556093971 0 0 1 3 6 3 3 0 0 7 
808 2 24.8351 1.34199 9.23794 0.00296581 -2.49801e-04 -0.00227625 0.0037469646 0.0 15 13.1284940842 1.9171936338 0 0 2 4 3 1 5 0 0 7 
88 1 24.215 1.87161 16.5983 0.00138434 -7.55345e-04 -3.23746e-04 0.0016098928 0.0 14 21.3213853555 2.3909626078 0 0 1 4 4 3 1 1 0 8 
974 1 25.032 7.2008 14.0503 -6.65421e-04 -2.27371e-04 -0.00185706 0.0019857378 0.0 16 22.2926879651 2.1892006111 0 0 0 4 6 4 2 0 0 7 
206 2 21.9617 2.11606 11.9693 0.00655828 0.0017537 9.32006e-04 0.0068523817 0.0 13 17.7132228432 2.2396102399 0 0 0 3 6 4 0 0 0 6 
138 2 23.6842 1.09247 13.6545 4.49301e-04 7.0402e-04 0.00267718 0.0028044266 0.0 12 16.556961867 2.3656005109 0 0 0 4 5 2 1 0 0 7 
855 1 26.7616 1.98628 15.3084 0.00265859 -0.00195703 0.00302861 0.0044800163 0.0 17 22.6112862249 2.3900204165 0 0 2 3 4 5 2 1 0 8 
264 2 25.4945 3.8752 9.09888 0.00305742 -4.38045e-05 -6.21933e-04 0.0031203424 0.0 14 14.3446589879 2.2548177569 0 0 2 3 2 5 2 0 0 7 
861 2 23.7467 3.40435 13.2127 -0.00177702 0.00195074 0.00224127 0.0034621493 0.0 14 19.2221645602 2.1677966315 0 0 0 3 7 3 1 0 0 7 
978 1 19.613 3.0503 9.94047 -3.3145e-04 -0.00303882 0.00375802 0.004844275 0.0 15 20.9653831106 2.1195987459 0 0 0 3 6 6 0 0 0 6 
916 2 19.0375 7.58528 16.1754 -0.00136283 -0.00184283 -3.23688e-04 0.0023147574 0.0 13 12.728123833 1.8894385089 0 0 0 1 10 2 0 0 0 6 
481 1 19.0277 2.87841 16.6879 0.00177678 8.70705e-04 -0.0013021 0.0023686576 0.0 16 22.410655472 2.2190808017 0 0 0 3 7 5 1 0 0 7 
871 2 22.3658 2.21567 9.23531 0.00238344 4.95955e-04 0.00164401 0.0029376056 0.0 14 15.7962437294 2.120846485 0 0 2 4 2 3 2 1 0 8 
826 2 20.4367 5.42735 17.6846 0.00198082 0.00153597 -0.0036041 0.0043900329 0.0 13 17.13431731 2.1334559739 0 0 0 5 2 6 0 0 0 6 
449 1 23.6936 6.87893 9.11939 0.00558536 -9.02374e-04 0.00332954 0.0065647819 0.0 16 22.5419266599 2.2548177569 0 0 1 2 6 6 1 0 0 7 
199 2 21.1177 7.834 17.42 -8.90719e-05 -3.55494e-04 6.94668e-04 7.8541289627e-04 0.0 14 15.1375520689 2.1927199004 0 0 0 3 7 3 1 0 0 7 
337 2 8.81338 10.1253 9.87212 0.00466378 -4.8012e-04 -4.7774e-04 0.0047127057 0.0 15 16.5860019014 2.0456801164 0 0 3 2 3 4 2 1 0 8 
304 1 8.68161 15.3457 10.6099 0.00103391 -8.6049e-06 -0.00399487 0.0041265034 0.0 14 21.6500697939 2.264203957 0 0 1 5 2 3 3 0 0 7 
532 1 8.71432 17.7293 9.19541 -0.00126873 8.56593e-05 0.00398839 0.0041861997 0.0 14 21.4338658414 2.2830883083 0 0 0 4 5 4 1 0 0 7 
163 2 0.757028 13.5113 17.3162 -6.21141e-05 -1.02847e-04 -0.00466617 0.0046677166 0.0 14 16.9627381615 2.1228489436 0 0 1 3 4 5 1 0 0 7 
584 2 8.67267 12.4673 9.47176 -1.136e-04 9.60206e-04 -0.00156559 0.0018401012 0.0 13 14.9019812339 2.0643470764 0 0 1 3 5 2 2 0 0 7 
174 1 0.500676 17.061 10.3484 -0.00211837 2.39444e-04 0.00121072 0.0024516663 0.0 12 21.5070813392 2.3446405643 0 0 1 2 5 4 0 0 0 6 
684 1 0.676426 8.99304 15.036 -0.00173075 -0.00284749 0.00396107 0.0051762699 0.0 13 21.4598231315 2.2231130044 0 0 0 1 10 2 0 0 0 6 
954 1 3.06978 17.1592 9.43737 -0.00190318 -9.8803e-04 -7.70571e-04 0.002278613 0.0 14 20.1907667406 2.2359383277 0 0 0 1 10 3 0 0 0 6 
883 1 1.76217 10.497 11.8906 0.00212011 -0.0012976 0.00640533 0.0068707266 0.0 15 22.3620682881 2.3499464727 0 0 1 2 5 7 0 0 0 6 
431 1 6.08993 9.67771 12.1001 0.00120725 0.0035857 -4.39093e-04 0.0038088712 0.0 15 21.9866779811 2.3201357185 0 0 2 4 2 4 2 1 0 8 
932 1 5.3325 10.2878 17.383 0.00189871 -0.00464904 0.00183147 0.0053453676 0.0 16 23.3585901669 2.2024543104 0 0 0 4 5 6 1 0 0 7 
627 1 6.05311 14.2232 16.0813 2.8436e-04 6.31843e-04 0.00137706 0.0015415513 0.0 15 21.0252974498 2.1768851309 0 0 0 4 5 5 1 0 0 7 
706 1 4.01953 12.3899 14.8849 7.51642e-04 -4.13871e-04 0.00161921 0.0018325108 0.0 12 19.8841832348 2.2024543104 0 0 2 2 3 4 1 0 0 7 
773 1 5.17997 14.8003 13.4681 -5.12459e-04 0.00354815 0.00346092 0.004982966 0.0 14 20.556668757 2.2827939241 0 0 1 4 3 4 2 0 0 7 
225 1 2.61544 17.5573 14.6061 0.0017201 0.00127121 0.00182946 0.0028145413 0.0 18 22.9459803763 2.3035003654 0 0 4 3 2 4 3 1 1 9 
981 1 5.52585 16.6952 11.4803 0.00402003 -3.67405e-04 -0.00182024 0.0044281939 0.0 14 21.2524606313 2.2403885427 0 0 0 4 5 4 1 0 0 7 
580 1 3.28777 9.25025 13.9949 -0.00128767 -0.004355 -8.50546e-04 0.0046203406 0.0 15 21.3751438763 2.2057906694 0 0 0 3 7 4 1 0 0 7 
759 1 3.83852 12.8335 17.6546 -0.00272704 -0.00157238 -0.00182192 0.003637103 0.0 14 20.7598635547 2.1597565563 0 0 1 2 7 2 2 0 0 7 
587 1 2.59607 15.5396 12.0132 -0.00417554 0.00187963 -1.33112e-04 0.0045810329 0.0 14 23.5302430143 2.3035003654 0 0 0 3 6 5 0 0 0 6 
114 1 3.65058 15.8915 16.9382 9.11422e-04 1.52333e-04 8.06908e-04 0.0012267828 0.0 16 22.7464523761 2.2955654665 0 0 2 1 6 5 2 0 0 7 
814 1 6.71079 16.7711 17.6696 -0.00100898 0.00508772 -0.00348791 0.0062504761 0.0 13 19.6752427478 2.1444803444 0 0 1 2 5 5 0 0 0 6 
716 1 1.61119 12.9431 10.4417 0.00554541 0.00331384 0.00121761 0.0065738635 0.0 16 24.3233576891 2.3446405643 0 0 1 2 5 8 0 0 0 6 
899 1 5.97702 16.8602 14.9635 0.00123341 -7.17138e-04 -8.59808e-04 0.0016657902 0.0 15 21.2869888868 2.2403885427 0 0 2 2 5 3 3 0 0 7 
349 1 1.06091 12.105 14.0124 3.84269e-04 0.00412417 0.00439907 0.0060422064 0.0 16 22.2303833458 2.2458185584 0 0 0 4 5 6 1 0 0 7 
458 1 8.36702 17.0505 12.8085 -0.00394997 -0.00541632 -2.16558e-04 0.0067071367 0.0 15 23.7897687169 2.350081874 0 0 1 3 6 2 3 0 0 7 
763 1 4.00687 14.2393 9.86004 -0.00535564 -0.00153628 0.00163856 0.0058075739 0.0 15 19.8314912026 2.2518130602 0 0 0 3 6 6 0 0 0 6 
761 1 6.57939 11.3095 14.3537 -0.0036543 3.48868e-04 -0.00298419 0.0047308569 0.0 15 23.1763088818 2.2885863267 0 0 1 2 7 3 2 0 0 7 
48 1 2.59116 14.546 14.7482 8.55451e-04 -0.00152401 0.00111091 0.0020708752 0.0 16 21.299924033 2.2810776811 0 0 3 4 2 1 5 1 0 8 
359 1 4.05097 12.2584 12.0563 5.47935e-04 0.00197142 -0.00156693 0.0025772076 0.0 15 21.6057005109 2.2458185584 0 0 1 2 6 5 1 0 0 7 
427 1 2.08078 10.7875 16.4858 -8.17418e-04 6.02326e-04 0.00142951 0.001753416 0.0 13 19.8917073642 2.1539426581 0 0 1 0 9 3 0 0 0 6 
392 1 8.01786 12.247 16.8202 7.83199e-04 0.00148208 -8.81133e-04 0.001893768 0.0 15 22.0315876544 2.1811597131 0 0 2 0 7 5 1 0 0 7 
238 1 6.33077 13.5235 11.3007 -9.53896e-04 -0.00199405 3.55522e-04 0.0022388722 0.0 15 21.829072685 2.2827939241 0 0 0 4 5 5 1 0 0 7 
117 1 8.40737 13.9519 14.4048 -5.44312e-04 -0.00203622 5.96602e-04 0.0021905254 0.0 17 22.507640353 2.2827939241 0 0 2 4 2 6 2 1 0 8 
75 2 5.4573 11.1172 9.7072 -0.00156851 -0.00118304 -0.00315274 0.0037147782 0.0 14 17.86610395 2.1658861341 0 0 2 3 4 2 2 1 0 8 
115 2 8.5618 11.3351 12.1491 0.00118944 -0.00110131 0.00235702 0.0028606283 0.0 12 18.4550628566 2.2475331128 0 0 0 5 2 5 0 0 0 6 
593 2 3.28294 10.294 9.31608 8.49153e-04 9.45548e-05 0.00611665 0.006176035 0.0 15 17.3001261336 2.2211527621 0 0 2 3 3 5 1 1 0 8 
554 1 8.86596 16.3863 15.7692 6.2669e-04 -0.00153907 -0.00107792 0.0019807545 0.0 15 22.3190280049 2.439524413 0 0 1 4 2 7 1 0 0 7 
314 2 15.8476 10.4434 12.1425 7.97738e-05 -1.6589e-04 0.00204958 0.0020578293 0.0 13 13.0543637068 2.1779664192 0 0 1 3 4 4 1 0 0 7 
523 2 14.7357 9.28507 13.6887 -0.0013126 2.69085e-04 -0.00177069 0.0022205109 0.0 13 12.4784712107 1.89950148 0 0 0 2 8 3 0 0 0 6 
166 1 13.8293 17.7319 10.5146 0.00116348 -0.00157038 -7.33182e-04 0.002087423 0.0 14 22.0195807485 2.2793275877 0 0 0 4 5 4 1 0 0 7 
317 2 17.3622 13.5446 14.3825 -0.00211102 -0.00229247 -0.00218237 0.003804545 0.0 13 14.5031801056 2.1224201217 0 0 0 3 6 4 0 0 0 6 
816 2 13.571 10.2958 10.9901 0.00133294 0.00176619 -5.56783e-05 0.0022134264 0.0 13 14.1587329108 2.1765964144 0 0 0 4 4 5 0 0 0 6 
139 1 16.2835 11.1276 9.12722 0.00182197 6.87377e-04 -2.6109e-04 0.0019647468 0.0 16 22.5232111645 2.1928041882 0 0 1 1 9 3 2 0 0 7 
288 2 10.3799 11.7498 13.4804 0.00215657 5.36902e-04 0.0017348 0.0028193242 0.0 15 15.0400740893 2.1418493718 0 0 2 2 6 2 2 1 0 8 
633 2 15.3345 13.5658 15.6542 2.76309e-04 -0.00581825 -4.85557e-04 0.0058450103 0.0 13 18.7257042632 2.1261398433 0 0 0 2 8 3 0 0 0 6 
409 1 14.3023 15.4355 12.5215 2.1401e-04 0.00274261 0.00151102 0.003138613 0.0 17 22.6605702422 2.2062802839 0 0 0 2 8 7 0 0 0 6 
310 1 15.3853 14.9258 9.52451 -5.86273e-04 0.00200598 0.00177712 0.0027433241 0.0 16 23.7207062966 2.3261583987 0 0 0 4 5 6 1 0 0 7 
949 2 15.9452 11.1092 16.5336 0.00365223 -0.00137435 0.00214888 0.0044548072 0.0 15 15.7849893802 2.1499978766 0 0 0 4 4 7 0 0 0 6 
565 2 12.7999 10.7165 13.4708 -0.00279454 -1.42006e-04 -0.00103853 0.0029846548 0.0 14 12.049425604 1.8184036292 0 0 0 2 8 4 0 0 0 6 
891 2 10.1162 10.4629 17.5122 6.98491e-04 7.19151e-04 -0.002795 0.002969359 0.0 12 15.8539033735 2.2841080966 0 0 2 2 4 2 2 0 0 7 
403 1 16.7283 17.2319 11.7857 -8.54416e-04 -1.59265e-04 0.00238071 0.0025343978 0.0 14 21.0345901791 2.2758809842 0 0 0 1 10 3 0 0 0 6 
568 2 17.0285 14.0262 12.0699 3.83923e-05 -0.00156237 6.42612e-04 0.0016898 0.0 15 18.4380585622 2.1704259504 0 0 2 2 4 6 0 1 0 8 
696 2 11.298 11.3059 15.6593 -0.00326256 -7.72454e-04 -5.95097e-07 0.0033527576 0.0 15 14.8678967764 2.1211525981 0 0 2 2 5 3 3 0 0 7 
355 2 14.9019 12.4658 11.6355 -4.91116e-04 0.0041417 -0.00268801 0.0049618819 0.0 13 15.7184054961 2.1662503283 0 0 3 1 5 1 2 1 0 8 
323 2 14.9191 11.9636 13.8695 0.00251135 2.79017e-04 0.0022727 0.0033985136 0.0 13 13.379247293 2.1224201217 0 0 0 3 6 4 0 0 0 6 
502 2 13.0431 12.7724 10.1687 0.00181731 -2.49513e-05 0.00147964 0.0023436238 0.0 13 16.2952245154 2.1320452636 0 0 0 3 6 4 0 0 0 6 
758 2 9.41208 9.87372 15.0073 0.00396141 4.78289e-04 -5.05345e-04 0.0040220521 0.0 14 17.2478281223 2.3201357185 0 0 1 3 5 3 2 0 0 7 
796 1 15.1729 16.1972 17.5796 0.00341141 0.00416088 -0.00166994 0.0056337678 0.0 15 22.699860008 2.2444771814 0 0 0 2 8 5 0 0 0 6 
381 2 14.865 9.10149 17.8388 -0.00167371 -0.00171454 3.24868e-05 0.0023962487 0.0 16 16.3059503547 2.2641548563 0 0 0 6 3 5 1 1 0 8 
832 1 10.6528 14.1761 16.1707 -0.00116392 3.94735e-04 -0.00130673 0.0017938977 0.0 14 20.7866173382 2.2597293019 0 0 2 1 5 5 1 0 0 7 
819 2 12.4835 9.66472 17.2644 0.00454149 -0.00719837 -0.00202083 0.0087478807 0.0 14 14.8658718767 2.344383485 0 0 1 4 2 6 1 0 0 7 
877 1 13.149 13.025 17.7348 7.1657e-04 0.00312712 -0.00293757 0.0043499045 0.0 16 22.002699485 2.3287081029 0 0 1 1 8 5 1 0 0 7 
960 2 10.2979 12.922 11.1883 8.05038e-04 7.06488e-04 0.00370964 0.0038611709 0.0 13 14.8338749111 2.2612302147 0 0 1 2 6 3 1 0 0 7 
804 1 11.7377 15.7253 10.7585 9.86418e-04 -2.6573e-04 -0.00310203 0.0032659184 0.0 15 22.1171185533 2.3016066676 0 0 1 3 5 4 2 0 0 7 
862 2 12.3698 12.8651 12.2681 0.00232403 -0.00293483 0.00181473 0.0041602389 0.0 12 14.0389610132 2.093107669 0 0 0 3 6 3 0 0 0 6 
376 2 13.9873 10.5252 15.6887 0.00168502 -0.00313851 7.92455e-04 0.0036493181 0.0 13 13.085645459 2.1494376356 0 0 1 2 6 3 1 0 0 7 
305 2 17.2103 10.9232 13.8845 -0.00243127 0.00140339 -7.14682e-04 0.0028967823 0.0 15 13.4083281078 1.9537014877 0 0 1 2 5 7 0 0 0 6 
788 2 11.311 10.6389 11.3298 -6.47913e-04 5.71346e-05 1.25083e-04 6.6234535929e-04 0.0 16 14.3192967253 2.0297609418 0 0 2 2 5 5 1 1 0 8 
897 1 16.0933 16.4058 14.7142 -1.18332e-04 5.17684e-04 -0.00334252 0.0033844407 0.0 14 20.46314815 2.0817304131 0 0 1 1 8 3 1 0 0 7 
460 1 13.1954 15.9652 15.1329 -0.00226856 0.00138371 6.83817e-04 0.0027438337 0.0 14 24.2391197772 2.3602191211 0 0 1 3 5 4 0 1 0 8 
743 1 10.6845 15.0014 13.2682 -0.00484894 -0.00132486 -0.0010622 0.0051376787 0.0 14 22.0388082767 2.439524413 0 0 1 1 7 5 0 0 0 6 
195 2 12.7998 12.8147 14.7307 -0.00776439 9.53764e-04 0.00488619 0.0092233546 0.0 12 15.8758285904 2.1016447453 0 0 0 0 12 0 0 0 0 5 
649 2 18.233 10.2605 16.2839 0.00240399 -3.5245e-04 0.00174805 0.0029931702 0.0 12 11.4585524402 1.7976034581 0 0 0 0 12 0 0 0 0 5 
655 2 18.1862 10.7616 11.8843 -0.00385748 0.00260395 5.67097e-04 0.0046885293 0.0 15 18.8679966828 2.2170154333 0 0 1 1 7 6 0 0 0 6 
451 2 18.1262 15.1291 17.3252 -0.00154159 0.00130812 0.0020866 0.0029054392 0.0 15 17.0186862986 2.0817304131 0 0 1 1 7 6 0 0 0 6 
375 2 22.9437 17.3497 13.5467 0.00355151 0.00245144 -0.00135816 0.0045240889 0.0 13 14.9647145895 2.0357777478 0 0 1 1 9 0 2 0 0 7 
404 1 25.6471 9.89777 12.8099 0.00180199 5.97328e-05 0.00177922 0.0025330534 0.0 15 22.7126355783 2.2072333012 0 0 0 3 6 6 0 0 0 6 
601 2 25.5172 17.3063 13.7219 -0.00347106 -0.00116061 -1.8462e-05 0.0036600019 0.0 13 16.6542467293 2.3002997157 0 0 3 2 3 2 2 1 0 8 
778 2 24.5039 16.7405 17.6568 -0.00106505 -0.00106427 0.00324421 0.0035765767 0.0 14 11.9708195523 1.7953641617 0 0 0 2 8 4 0 0 0 6 
370 2 19.8309 16.1507 16.164 -0.00139728 8.0968e-04 4.85062e-04 0.0016861964 0.0 13 12.3480658508 2.1748016515 0 0 2 2 3 5 1 0 0 7 
658 2 19.1834 9.37823 14.1811 -0.00165973 0.00242729 0.00294318 0.0041603785 0.0 13 13.5611283574 1.9559051107 0 0 0 1 10 2 0 0 0 6 
529 2 22.5017 9.39895 13.9916 -5.384e-04 5.96934e-04 0.00162597 0.0018138311 0.0 14 16.6473345924 2.1816471556 0 0 0 2 8 4 0 0 0 6 
57 2 23.9832 15.5991 15.1346 -6.12574e-04 0.00275592 -0.00202199 0.0034725762 0.0 15 12.7139287746 1.9409706877 0 0 1 4 3 5 2 0 0 7 
945 2 21.6597 11.7346 15.2035 0.00298999 -0.00182873 -0.00208487 0.0040781094 0.0 14 12.0170950034 1.8181408544 0 0 0 2 8 4 0 0 0 6 
825 2 24.0229 17.7492 15.6293 -8.28453e-04 -2.50961e-04 0.00213038 0.0022995292 0.0 13 11.0888237953 1.8190284646 0 0 1 0 9 3 0 0 0 6 
582 2 24.0086 10.2082 15.7283 0.00106543 -0.00185356 -0.00133234 0.002519118 0.0 15 17.6451681303 2.2569638714 0 0 0 3 6 6 0 0 0 6 
92 1 22.5132 9.97984 10.8218 -0.00194401 -3.81231e-04 0.00170553 0.0026140667 0.0 16 23.4713335204 2.2190345108 0 0 1 2 6 6 1 0 0 7 
6 2 20.9134 11.1322 13.033 -0.00180095 -5.85014e-04 1.10889e-04 0.0018968286 0.0 14 15.6551414243 2.1858939038 0 0 0 3 6 5 0 0 0 6 
107 2 23.1109 12.1788 17.0842 1.24632e-04 -0.00559896 0.00198405 0.005941409 0.0 13 13.0224317587 2.1032475266 0 0 0 3 6 4 0 0 0 6 
611 1 24.8086 15.3398 9.53304 -0.0033857 0.00173843 0.00141911 0.0040618932 0.0 16 24.3246814083 2.3446405643 0 0 0 1 10 5 0 0 0 6 
681 2 21.259 15.8519 14.3293 0.00221343 0.00170104 -9.06204e-04 0.0029349642 0.0 13 13.7443022625 2.0468383059 0 0 1 2 6 3 1 0 0 7 
644 2 26.5008 17.202 15.7073 -7.99629e-05 0.00240968 0.00225319 0.0032999723 0.0 14 14.5766547827 2.2799676082 0 0 4 1 4 2 1 1 1 9 
298 1 21.7889 16.5314 11.0647 -0.00138388 -4.06716e-04 -0.00147674 0.0020642923 0.0 14 21.8164353339 2.2056074037 0 0 0 2 8 4 0 0 0 6 
726 2 20.0372 11.3987 17.6761 -0.00102712 0.00121674 1.46455e-04 0.0015990249 0.0 14 12.8242565759 2.0275649433 0 0 0 2 8 4 0 0 0 6 
229 2 24.8676 13.973 17.1826 -0.00121721 -0.00149016 -0.00405951 0.0044924157 0.0 13 11.9727728049 1.9531698648 0 0 0 3 6 4 0 0 0 6 
998 2 20.8778 13.5239 17.1952 0.00643036 -0.00104889 -0.00308945 0.0072107143 0.0 15 13.7034976899 1.9328490067 0 0 0 3 6 6 0 0 0 6 
955 2 22.0194 16.3078 16.5505 0.00558986 -0.00105274 0.00122504 0.0058185496 0.0 15 12.2511787512 1.9111539901 0 0 1 2 7 4 0 1 0 8 
108 2 23.2423 12.9574 11.1065 -0.0034009 -0.00255305 6.83185e-05 0.0042530992 0.0 13 18.1059763283 2.1456036052 0 0 1 3 3 6 0 0 0 6 
261 2 21.3984 13.748 12.7001 0.00186682 0.00204891 -0.00252411 0.0037488906 0.0 14 15.4450546697 2.2134686894 0 0 0 2 8 4 0 0 0 6 
577 2 23.8203 14.8331 12.7343 -0.002393 2.20441e-04 -0.00116278 0.002669663 0.0 15 16.2466273586 2.1735371981 0 0 0 2 9 3 1 0 0 7 
65 2 19.1228 13.3373 12.5273 0.0021353 -9.70366e-04 0.00188656 0.0030100207 0.0 12 15.0555857637 2.1206019155 0 0 0 2 8 2 0 0 0 6 
281 2 25.4578 11.832 10.233 -0.00362331 -0.00209078 0.0012956 0.0043793054 0.0 14 19.9445663645 2.318751209 0 0 1 1 8 3 1 0 0 7 
89 2 26.7598 15.7024 17.3196 3.25857e-04 0.00200815 0.00296044 0.0035920822 0.0 15 14.9074004659 2.2955654665 0 0 1 3 6 3 1 1 0 8 
596 2 25.3168 12.8316 12.5827 -0.00216962 0.00111314 2.75514e-04 0.0024540252 0.0 12 16.3675739512 2.238279938 0 0 0 5 3 3 1 0 0 7 
830 1 20.4655 12.254 9.99419 2.42733e-05 0.00193011 0.00253671 0.0031876028 0.0 15 21.7732808293 2.2190345108 0 0 2 3 3 4 3 0 0 7 
755 2 22.2727 13.9025 14.8365 -9.76796e-04 0.00272459 0.00249783 0.0038231761 0.0 14 12.1636706517 1.9531698648 0 0 0 3 6 5 0 0 0 6 
527 2 23.1584 11.9001 13.387 1.64014e-04 -0.00113791 -7.80608e-04 0.0013896361 0.0 13 13.8604263963 2.1417769518 0 0 0 3 6 4 0 0 0 6 
118 2 26.2863 15.0063 12.7123 6.05148e-04 -2.93438e-04 6.46226e-04 9.3269395025e-04 0.0 16 20.730871327 2.3446405643 0 0 3 3 1 7 0 2 0 8 
203 2 24.4916 12.8313 15.1221 0.00266183 5.12987e-04 -8.73313e-05 0.0027122171 0.0 13 13.1967628174 2.1440476311 0 0 0 3 6 4 0 0 0 6 
741 2 19.7596 13.9493 14.8727 0.00267895 -2.50854e-04 -0.00176697 0.003218988 0.0 13 12.0400324727 2.0085513622 0 0 0 3 6 4 0 0 0 6 
783 2 18.0866 12.8437 16.6305 -0.00330047 -0.00271967 0.00193213 0.0046928492 0.0 13 13.6057119092 2.0295560273 0 0 0 3 6 4 0 0 0 6 
436 2 26.2693 14.671 15.2076 -4.29517e-04 -0.00159203 -4.47919e-04 0.0017087059 0.0 14 15.1782168687 2.2810776811 0 0 2 3 3 4 1 1 0 8 
209 2 19.3411 11.7918 14.9774 0.00110869 6.38695e-04 0.00107233 0.001669436 0.0 13 11.6918923981 1.8272440488 0 0 0 3 6 4 0 0 0 6 
727 1 17.9586 13.3375 9.11678 -5.00654e-04 -1.60701e-04 2.95687e-04 6.0324956783e-04 0.0 16 22.2322439987 2.331878453 0 0 1 4 3 6 2 0 0 7 
503 2 18.8271 15.655 13.4905 -0.00301212 -0.00172853 -0.00298689 0.0045806326 0.0 15 18.0954550791 2.1748016515 0 0 0 4 6 3 2 0 0 7 
474 2 20.5718 9.57945 15.9983 0.002634 -0.00112056 -0.00429513 0.0051615649 0.0 13 11.3417474043 1.7566725717 0 0 0 2 8 3 0 0 0 6 
938 1 19.0552 15.7199 10.2299 -0.00360829 -2.78876e-04 -9.76471e-04 0.0037484696 0.0 14 22.0699990909 2.2134686894 0 0 0 3 6 5 0 0 0 6 
650 2 26.1501 11.9698 16.4042 0.00282452 -0.00140314 0.00148488 0.0034859122 0.0 13 15.1917629808 2.1452465828 0 0 0 4 4 5 0 0 0 6 
484 2 22.2844 9.91207 17.3157 0.00177985 -2.76627e-04 0.00134286 0.0022467001 0.0 14 15.45010192 2.2997953705 0 0 1 3 4 5 1 0 0 7 
946 2 0.0263911 21.0861 17.3094 -6.75972e-04 0.00112448 8.3e-04 0.001552512 0.0 16 21.0275020981 2.4681243023 0 0 1 3 5 6 0 1 0 8 
25 1 0.0770882 21.5677 12.653 0.00225657 -0.00157752 0.00132415 0.0030551679 0.0 13 21.2857630133 2.2479703164 0 0 0 4 5 3 1 0 0 7 
101 1 1.10759 18.8763 12.4431 -6.50353e-04 0.0020955 -0.00177277 0.0028207787 0.0 16 21.3519976547 2.3035003654 0 0 1 4 4 4 3 0 0 7 
800 1 7.1407 19.3832 16.4877 0.0023998 6.09326e-04 4.15887e-04 0.0025106334 0.0 14 21.1980283751 2.2303437618 0 0 0 4 5 4 1 0 0 7 
579 2 7.78054e-04 24.9119 12.1849 -0.00105444 2.88103e-04 0.00143268 0.0018020597 0.0 14 17.5477070566 2.1835842119 0 0 1 1 8 3 1 0 0 7 
40 1 2.01819 23.4841 14.365 0.00244316 0.00146713 0.00125749 0.0031149289 0.0 16 23.5370322134 2.308412603 0 0 1 4 3 6 2 0 0 7 
902 1 4.31936 18.7907 16.38 -5.26681e-05 -0.00187551 -0.00207698 0.0027989565 0.0 14 21.6575098762 2.2632113916 0 0 1 2 5 6 0 0 0 6 
178 1 3.3454 25.8268 12.4157 0.00182978 -1.08042e-04 0.00144472 0.0023338774 0.0 15 22.2511316505 2.2431653822 0 0 1 5 3 2 4 0 0 7 
904 1 2.47868 22.2154 11.2539 1.11325e-04 -0.00122887 -0.00165109 0.0020612164 0.0 17 22.4541643458 2.2406172012 0 0 1 4 4 6 1 1 0 8 
421 1 6.12784 21.0359 10.5412 0.0023325 0.00432445 0.00369096 0.0061452917 0.0 15 20.47994133 2.1865133009 0 0 2 2 5 4 1 1 0 8 
248 1 8.89417 19.8563 11.0345 4.55593e-04 -3.03135e-04 -0.00155401 0.0016475445 0.0 14 22.6186257432 2.2334772111 0 0 0 1 10 3 0 0 0 6 
526 1 3.82627 24.735 16.6121 0.00290404 8.74841e-04 0.0032236 0.0044261035 0.0 14 19.8340465838 2.1463990835 0 0 3 1 4 3 3 0 0 7 
695 2 7.68774 25.6352 12.0251 -0.00210259 -0.00128765 -1.04275e-04 0.0024677521 0.0 14 17.1067640061 2.1914503178 0 0 0 3 6 5 0 0 0 6 
952 1 0.513305 25.6535 15.2993 -8.53916e-04 2.05206e-04 -0.00320512 0.0033232629 0.0 14 21.3841121317 2.3909626078 0 0 3 2 2 4 3 0 0 7 
936 1 0.616941 20.1227 10.1207 -0.00133211 2.02785e-04 3.01731e-04 0.001380826 0.0 14 21.1911618162 2.2279805732 0 0 0 3 7 3 1 0 0 7 
473 2 1.43537 25.2409 10.2105 0.00184808 -8.17429e-04 -7.78513e-04 0.0021655651 0.0 13 15.9347616665 2.1586461874 0 0 2 3 2 4 2 0 0 7 
731 1 8.37838 22.583 15.7015 0.00169816 0.00135452 0.00369532 0.0042864743 0.0 14 20.1920477647 2.1964135003 0 0 0 2 8 4 0 0 0 6 
771 2 7.61212 24.8939 9.63488 0.00105936 0.00472878 -0.00285009 0.0056219762 0.0 12 14.6094942032 2.1634094074 0 0 1 2 6 2 1 0 0 7 
283 1 1.46175 24.2615 17.5586 -0.00310637 0.00169327 7.237e-04 0.0036111549 0.0 15 23.2322217951 2.4681243023 0 0 0 5 3 6 1 0 0 7 
486 1 6.35246 19.4774 13.2101 0.0024062 -7.76027e-04 -9.62218e-05 0.0025300741 0.0 15 22.5564837539 2.2632113916 0 0 1 3 6 3 1 1 0 8 
435 1 2.42974 20.5329 14.2535 8.49612e-04 -6.67975e-04 -9.21447e-04 0.001420245 0.0 15 21.4953273393 2.308412603 0 0 0 3 6 6 0 0 0 6 
570 1 5.84478 21.6475 15.3979 -0.00138832 6.5375e-04 -0.00215475 0.0026453297 0.0 14 20.1240513684 2.2462935854 0 0 2 2 5 3 1 1 0 8 
251 1 6.48356 24.096 17.1268 2.05608e-04 -0.00353271 0.00116775 0.0037263863 0.0 14 20.1266618911 2.1042314596 0 0 1 2 7 2 2 0 0 7 
510 1 3.22987 21.8603 16.6242 -0.00237999 -0.00397769 -0.00218744 0.0051255501 0.0 15 21.5215051049 2.2161385398 0 0 3 2 3 4 2 1 0 8 
569 2 7.98391 25.6234 14.4238 -0.00147725 0.00237688 -0.00202544 0.003454596 0.0 13 18.9755554434 2.2209217111 0 0 3 3 1 3 2 1 0 8 
405 1 1.84671 18.4101 17.5041 -5.09971e-05 -8.3966e-04 -0.00115443 0.0014284041 0.0 15 20.635121917 2.2801570626 0 0 0 3 6 6 0 0 0 6 
522 1 4.67308 21.6013 12.875 -0.00126562 -0.00190463 4.77503e-04 0.0023361118 0.0 12 18.9832334857 2.2450191297 0 0 2 1 4 5 0 0 0 6 
709 1 4.00402 18.9343 11.955 -1.56848e-04 -0.0029001 0.00185883 0.0034482503 0.0 15 21.1449986288 2.2632113916 0 0 2 3 3 5 1 1 0 8 
875 1 4.95018 23.8039 11.0019 3.78474e-04 -0.00151831 -0.00159468 0.0022341692 0.0 17 22.4252003221 2.2450191297 0 0 3 2 5 3 2 2 0 8 
782 1 7.55181 22.6928 12.8265 -0.00126884 -0.00101871 -7.8419e-04 0.0018062887 0.0 16 22.6694061353 2.1979716097 0 0 0 2 8 6 0 0 0 6 
733 1 5.3023 24.3643 14.078 -0.00345488 -0.00401939 -0.0042808 0.0068129979 0.0 15 22.2274055407 2.2450191297 0 0 1 2 7 3 2 0 0 7 
827 1 6.03953 18.5725 9.5737 -0.002062 -8.05499e-04 0.00356132 0.004193289 0.0 14 20.1426627284 2.2334772111 0 0 0 1 10 3 0 0 0 6 
710 1 3.60901 20.2811 9.50589 -0.00322578 -9.82011e-04 -3.05931e-04 0.0033857933 0.0 14 20.5798396669 2.2099130598 0 0 2 0 8 2 2 0 0 7 
663 1 15.8278 21.3578 17.8255 -0.00122061 0.00255873 -0.00101659 0.0030117177 0.0 15 20.6617170707 2.2807038539 0 0 0 5 3 6 1 0 0 7 
189 1 11.5381 20.8593 11.2432 0.00112804 4.63359e-04 0.00185619 0.0022209496 0.0 13 21.267494204 2.2235458659 0 0 1 3 4 4 1 0 0 7 
121 1 12.9402 20.6121 14.1882 -0.0039515 -0.00153878 7.84211e-04 0.0043124451 0.0 15 23.9815690679 2.2462300564 0 0 0 4 6 3 2 0 0 7 
524 1 15.0086 20.4797 11.7949 3.79012e-04 0.0011964 -0.00290321 0.0031628549 0.0 16 23.2579019949 2.2793275877 0 0 0 3 7 5 1 0 0 7 
887 1 10.1555 21.8527 13.4525 3.37531e-05 -0.00328907 -0.00101655 0.0034427452 0.0 16 22.6857307963 2.2462300564 0 0 0 4 6 4 2 0 0 7 
620 2 12.1583 26.7383 13.7204 0.00253054 -0.0021783 -0.00313005 0.0045766622 0.0 13 15.1652204447 2.0945168762 0 0 0 3 6 4 0 0 0 6 
220 1 11.2312 22.8717 15.954 -7.21883e-04 -0.00138467 -8.00048e-04 0.0017545663 0.0 13 22.5696739495 2.4564153929 0 0 0 2 8 3 0 0 0 6 
284 1 16.7687 26.2199 16.9807 -0.00106908 -0.0023917 -6.94716e-04 0.002710312 0.0 16 21.2650369662 2.3155577374 0 0 2 4 3 3 3 1 0 8 
578 1 13.1154 21.1464 17.4719 1.61861e-06 -0.00123658 0.00129259 0.0017888325 0.0 13 20.8704991626 2.2090578742 0 0 0 3 6 4 0 0 0 6 
802 1 9.07659 19.3968 14.4365 0.00661062 0.00501936 0.00220515 0.0085881871 0.0 15 23.6398680479 2.4029672059 0 0 0 4 5 5 1 0 0 7 
406 2 9.39071 25.5395 16.6556 -5.60122e-04 0.00121561 -0.00204424 0.0024434323 0.0 15 21.2020815202 2.4633275634 0 0 2 2 5 3 3 0 0 7 
544 1 11.4155 18.4954 9.34313 0.00172646 -0.00386403 -3.75804e-05 0.0042323521 0.0 15 21.4644877133 2.3016066676 0 0 0 2 9 3 1 0 0 7 
717 2 16.9926 26.5228 12.4585 2.65133e-04 0.00500143 -0.00356578 0.0061481204 0.0 15 19.1747610002 2.1855662399 0 0 0 4 4 7 0 0 0 6 
641 1 15.0516 26.4464 14.7893 -0.00306617 -0.0011226 0.00523745 0.0061719131 0.0 15 20.4655402078 2.1855662399 0 0 2 1 6 4 2 0 0 7 
78 1 14.5831 18.3744 13.4693 -0.00185761 0.00133624 0.00300614 0.0037779796 0.0 12 20.0700787071 2.1890952701 0 0 0 3 6 3 0 0 0 6 
797 2 8.93113 22.598 9.97945 0.00290044 -0.00247128 -6.0452e-04 0.003858137 0.0 14 17.3866937773 2.1669759852 0 0 1 2 5 6 0 0 0 6 
425 2 12.8541 26.0291 10.2259 -0.00444767 -0.00415941 -0.00193603 0.0063898883 0.0 14 15.6433288247 2.2266555987 0 0 1 1 7 5 0 0 0 6 
191 1 17.4977 21.8409 12.9511 -4.71206e-04 -0.00195305 0.00461717 0.0050353449 0.0 13 18.9388635593 2.1371569819 0 0 1 2 5 5 0 0 0 6 
86 1 12.5777 25.716 16.8835 0.00255155 8.48813e-06 -0.00154981 0.0029853627 0.0 16 22.9327038873 2.4633275634 0 0 2 2 5 4 3 0 0 7 
161 2 11.7619 24.6801 12.1804 0.00258644 -0.00100052 0.00111488 0.0029889245 0.0 13 13.6670576979 2.1916062981 0 0 1 1 7 4 0 0 0 6 
327 1 17.3528 18.8221 13.9391 0.00125882 -8.85344e-04 -4.29978e-04 0.0015979183 0.0 14 21.679529763 2.3130426741 0 0 0 4 5 4 1 0 0 7 
439 1 11.8902 18.4726 16.0925 0.00142383 -0.0021985 0.00148899 0.0030129363 0.0 15 24.4841837661 2.439524413 0 0 2 3 3 5 1 1 0 8 
950 1 11.4315 18.1838 12.2936 0.00226884 0.00279188 -0.00280941 0.0045645387 0.0 18 25.3050233091 2.439524413 0 0 1 4 3 8 2 0 0 7 
721 1 15.4482 21.4642 14.9738 -9.74808e-04 -0.00170335 0.00228019 0.0030084744 0.0 14 20.9183434725 2.2289591203 0 0 0 4 5 4 1 0 0 7 
263 1 14.825 18.8231 16.389 -0.00168121 0.00164311 3.8571e-04 0.0023822363 0.0 14 21.2888363258 2.2807038539 0 0 0 4 4 6 0 0 0 6 
182 1 16.9626 22.3276 10.3994 7.63316e-04 -0.0046108 -3.32474e-04 0.0046853673 0.0 14 19.4457046065 2.1932770174 0 0 1 1 8 3 1 0 0 7 
792 1 13.4552 20.7496 9.04965 0.00160252 -0.00169483 -0.00396033 0.004596165 0.0 14 21.6113455984 2.2403569858 0 0 0 3 7 3 1 0 0 7 
774 2 13.8288 25.7505 12.412 -0.00169856 -0.00235859 2.34328e-04 0.002915984 0.0 11 11.8851897451 1.9355642585 0 0 0 2 8 1 0 0 0 6 
204 1 14.5521 23.6078 16.572 9.55126e-04 -5.15752e-04 -1.8124e-04 0.0011005061 0.0 14 20.9422171526 2.1703732783 0 0 0 3 6 5 0 0 0 6 
477 2 13.644 23.3258 11.4795 -0.00112651 -1.59588e-04 4.36438e-04 0.001218594 0.0 15 18.7178359924 2.2462300564 0 0 0 2 8 5 0 0 0 6 
364 2 15.6049 24.0136 12.9054 0.00239767 -0.00172479 0.00205693 0.0035992615 0.0 14 19.3418153045 2.2164322441 0 0 0 3 6 5 0 0 0 6 
793 2 15.342 25.5474 10.5789 6.49283e-04 0.00126267 -0.00378426 0.0040418471 0.0 13 19.516656689 2.1723459422 0 0 0 3 6 4 0 0 0 6 
917 1 17.4067 23.7713 15.6102 -4.62352e-04 -0.00631312 8.80876e-05 0.0063306408 0.0 15 21.3757692198 2.1855662399 0 0 0 4 4 7 0 0 0 6 
700 2 10.3012 25.2491 14.2077 0.00182018 0.00119768 6.09062e-04 0.002262399 0.0 15 17.2525388035 2.1673559754 0 0 1 1 9 2 2 0 0 7 
482 2 9.61482 24.7454 10.9202 -4.90306e-04 -0.00491557 -0.00164597 0.0052069613 0.0 13 14.2127813741 2.1673559754 0 0 1 0 9 3 0 0 0 6 
140 1 10.0418 20.4419 17.1539 -2.64204e-04 -0.0016992 3.60395e-04 0.0017569772 0.0 14 21.6694311347 2.2359206408 0 0 0 2 8 4 0 0 0 6 
973 2 13.1044 24.2539 14.0213 0.00154966 -0.00256885 -5.80196e-05 0.0030006337 0.0 13 18.1709790219 2.2462300564 0 0 0 1 10 2 0 0 0 6 
842 2 11.7175 23.6962 10.1401 3.1682e-04 0.00128602 0.00153127 0.0020246012 0.0 14 16.1650497789 2.2297239519 0 0 1 3 4 5 1 0 0 7 
116 1 19.9017 18.3119 9.42871 0.00294942 9.84591e-04 0.00453812 0.0055011845 0.0 16 21.4017792059 2.1732719371 0 0 0 4 6 4 2 0 0 7 
703 1 22.2756 21.5696 9.32873 0.0017537 -0.00175669 -0.00176814 0.0030475798 0.0 16 21.3420316678 2.2370132658 0 0 0 5 3 7 1 0 0 7 
331 2 18.3016 17.8577 16.6649 -0.00319986 -0.00398966 0.00151796 0.0053348565 0.0 16 20.3097382148 2.2807038539 0 0 1 4 3 6 2 0 0 7 
538 2 22.4004 19.302 14.8434 0.00203766 0.00132234 -0.00115698 0.0026905843 0.0 13 15.5812420902 2.1055146311 0 0 2 1 7 1 1 1 0 8 
67 1 25.7528 23.2546 14.9579 -0.00105837 -8.64701e-04 6.70162e-04 0.0015221603 0.0 17 23.6472394871 2.4605383009 0 0 2 4 2 6 2 1 0 8 
912 1 23.0622 23.6845 16.8624 0.00643154 0.00296219 2.20385e-04 0.0070843381 0.0 14 22.4252434369 2.3978699576 0 0 0 3 6 5 0 0 0 6 
170 1 19.825 26.5204 17.6027 -0.00163544 0.00168247 -0.0013819 0.0027230529 0.0 15 23.0142707781 2.3103107009 0 0 2 3 3 5 1 1 0 8 
547 1 19.7239 21.7954 10.9961 0.00281974 -0.00322582 -0.00187179 0.0046755156 0.0 13 20.1956827046 2.3386542143 0 0 1 2 6 3 1 0 0 7 
113 2 22.7842 18.6944 17.3656 -0.00133625 0.00194257 -0.00146109 0.0027737928 0.0 13 13.8540285429 2.0626004697 0 0 0 1 10 2 0 0 0 6 
211 2 22.7424 24.9111 10.4948 -0.00109941 0.00182858 -1.52319e-04 0.0021390671 0.0 13 14.4131406207 2.4219991125 0 0 2 4 0 5 2 0 0 7 
836 2 22.3334 23.163 12.14 -4.43651e-04 -0.00467992 -4.17607e-04 0.0047194145 0.0 15 18.9791402323 2.4382381446 0 0 0 3 7 4 1 0 0 7 
586 1 20.1744 21.3377 13.7511 5.66004e-04 5.15342e-04 0.00348115 0.0035643153 0.0 14 22.4460201129 2.3130426741 0 0 1 1 8 3 1 0 0 7 
821 1 22.2977 26.5777 16.1856 -0.00292853 7.60185e-04 -0.00213478 0.0037028982 0.0 13 20.8730453022 2.2828532659 0 0 0 3 6 4 0 0 0 6 
636 2 21.6709 26.4046 13.0786 6.41325e-04 -0.00356981 0.00188012 0.004085302 0.0 15 19.244290711 2.4145804562 0 0 1 2 6 5 1 0 0 7 
931 2 20.8896 26.4914 9.95631 -0.00194649 -8.16216e-04 -6.88153e-04 0.002220042 0.0 16 18.1164797133 2.4382381446 0 0 0 3 7 5 1 0 0 7 
742 2 25.1961 26.3104 12.991 -0.00394064 -0.00128161 -0.00244087 0.0048092634 0.0 15 16.7507026845 2.3909626078 0 0 2 4 3 2 3 1 0 8 
857 2 23.4989 24.5839 13.723 3.56139e-04 0.00152828 -0.0013209 0.0020511586 0.0 15 17.3821137671 2.2870169098 0 0 2 3 5 1 3 1 0 8 
286 2 26.5122 23.6799 10.1147 -9.69609e-04 4.48896e-04 -0.00193245 0.0022081694 0.0 13 16.1910206939 2.0693549263 0 0 0 1 10 2 0 0 0 6 
343 1 18.903 24.3472 13.2868 0.00274253 -9.43707e-04 -0.00283548 0.0040561066 0.0 14 21.4806352307 2.4382381446 0 0 0 4 5 4 1 0 0 7 
815 1 19.9179 18.3259 12.8518 0.00160371 -6.54907e-04 8.17046e-04 0.0019152945 0.0 17 22.4569053329 2.3079422475 0 0 2 4 3 3 5 0 0 7 
683 1 24.5243 21.0828 11.0805 5.34952e-04 -0.00263557 -9.07103e-04 0.0028381752 0.0 13 20.6596194512 2.2608971277 0 0 0 3 6 4 0 0 0 6 
682 2 25.6002 18.8092 17.486 1.57583e-04 -9.86252e-04 0.00176617 0.0020290101 0.0 13 12.7258214972 1.8632638957 0 0 0 1 10 2 0 0 0 6 
958 1 20.6734 24.2462 15.3335 0.00389913 0.00215866 0.00153246 0.0047129037 0.0 15 23.5827912476 2.318247375 0 0 0 1 10 4 0 0 0 6 
151 2 20.6792 18.262 16.3278 -0.00298928 -8.25411e-04 -9.73666e-04 0.0032504036 0.0 16 15.9884947117 2.3130426741 0 0 3 2 4 4 1 2 0 8 
181 1 21.9294 19.7098 11.5345 -0.00335484 0.00182377 -4.57112e-04 0.0038457821 0.0 15 21.4704466404 2.1714632812 0 0 1 1 8 4 1 0 0 7 
193 2 24.631 24.0399 11.7175 0.00214255 -2.81146e-04 0.00396587 0.00451638 0.0 14 14.4429173944 2.0934947537 0 0 0 4 5 4 1 0 0 7 
996 1 24.8038 25.5716 17.2487 8.01834e-04 0.00197545 -0.00121847 0.0024556078 0.0 16 23.6954689278 2.4681243023 0 0 2 2 4 6 2 0 0 7 
98 2 25.1759 25.9066 10.1243 0.00119456 4.57788e-04 -1.95397e-04 0.0012941111 0.0 14 12.230063715 1.8721798236 0 0 0 3 7 3 1 0 0 7 
266 1 21.0144 21.2061 17.0205 1.89939e-04 0.00164439 0.00168308 0.0023606892 0.0 15 23.2731584623 2.1767578702 0 0 0 1 10 4 0 0 0 6 
984 2 24.2875 20.6862 15.8819 8.78098e-04 0.00479276 -6.03654e-05 0.0048729097 0.0 12 15.714976326 2.2913962573 0 0 0 0 12 0 0 0 0 5 
751 2 23.2249 21.9748 13.9023 0.00347748 -0.00194491 -0.00139965 0.0042230986 0.0 14 18.9145252825 2.1650867542 0 0 0 1 10 3 0 0 0 6 
443 2 26.4978 19.6335 15.2521 0.00234677 0.00302614 8.58793e-04 0.0039245864 0.0 13 17.3894408317 2.3053660693 0 0 0 3 6 4 0 0 0 6 
908 1 18.2673 21.2719 15.8611 -0.00170774 0.00243402 -0.002558 0.0039222689 0.0 14 21.1189342417 2.3130426741 0 0 0 2 8 4 0 0 0 6 
525 1 18.2898 24.7036 10.422 2.94139e-04 -0.00122602 9.92964e-04 0.0016048739 0.0 17 21.3968214428 2.4382381446 0 0 2 3 5 3 3 1 0 8 
109 1 24.2656 18.1284 10.7047 1.2897e-04 0.00210819 0.00174145 0.0027374708 0.0 16 22.9977582807 2.2608971277 0 0 0 2 8 6 0 0 0 6 
558 2 24.408 19.5841 13.7386 -0.00108598 0.00423396 0.00146398 0.0046096646 0.0 13 16.1776390692 2.2608971277 0 0 0 1 10 2 0 0 0 6 
365 1 17.9035 19.6963 10.8609 5.84886e-04 4.2481e-04 7.46529e-05 7.2672431126e-04 0.0 14 19.7894884643 2.2745049125 0 0 2 2 5 2 3 0 0 7 
188 2 7.8663 3.99582 26.0132 0.00255502 -6.60736e-04 0.00134863 0.0029636974 0.0 15 18.516496228 2.403322853 0 0 0 4 4 7 0 0 0 6 
561 2 6.8344 0.710855 21.3447 -0.00521515 -0.00323864 9.90584e-04 0.0062183467 0.0 15 18.2716455086 2.3795063165 0 0 0 3 7 4 1 0 0 7 
988 2 6.51576 7.63411 21.6287 0.00178198 -3.37417e-04 0.00133591 0.0022525449 0.0 12 13.139917758 2.0103152029 0 0 0 4 4 4 0 0 0 6 
915 1 1.58274 6.28756 18.7889 2.73249e-04 -0.00212458 2.13952e-05 0.0021421865 0.0 14 22.1385743875 2.3303868699 0 0 0 4 5 4 1 0 0 7 
508 1 0.380813 5.17732 24.2721 0.00157925 -9.06692e-04 -2.55825e-04 0.0018389039 0.0 13 19.8826530932 2.1163961486 0 0 0 2 8 3 0 0 0 6 
68 1 0.58832 8.10725 20.6047 -0.00214699 2.25293e-04 -5.52539e-04 0.0022283676 0.0 13 20.4052280382 2.303540116 0 0 1 3 3 6 0 0 0 6 
575 1 5.4507 2.48638 19.1697 0.00172968 0.00227732 -0.00434442 0.0052011503 0.0 15 23.3067746204 2.3795063165 0 0 1 1 9 3 0 1 0 8 
671 1 3.17848 1.00102 17.9762 -0.00118907 -5.45529e-04 -0.00202345 0.0024095309 0.0 16 22.5074040416 2.2323317715 0 0 2 2 6 4 0 2 0 8 
1000 2 6.80438 8.36286 25.6064 0.00387413 0.00366188 -0.00328362 0.006261023 0.0 12 17.5283791347 2.429981693 0 0 1 3 3 5 0 0 0 6 
867 1 6.91769 5.01969 19.5636 -0.00199904 -2.98791e-04 0.00111616 0.00230895 0.0 16 20.985410019 2.3084059342 0 0 0 4 6 5 0 1 0 8 
602 2 8.71442 5.88652 21.5878 -0.00148345 6.19045e-04 0.00129597 0.0020647951 0.0 13 18.632237369 2.2603031164 0 0 0 3 6 4 0 0 0 6 
38 1 3.90363 0.934348 21.2433 -0.00315005 0.00151816 -0.00111949 0.0036716322 0.0 13 19.870557788 2.0644341403 0 0 1 0 9 3 0 0 0 6 
461 1 3.82588 5.51827 26.7247 9.72935e-05 -0.00556502 7.06674e-04 0.0056105527 0.0 17 22.4503949436 2.429981693 0 0 1 3 6 5 1 1 0 8 
301 1 0.46247 0.680972 25.4935 1.85436e-04 -0.00298608 3.78719e-04 0.0030157069 0.0 15 22.4152222783 2.2127929999 0 0 2 1 7 3 1 1 0 8 
112 1 2.43875 3.35308 25.9031 0.0023485 -0.0027801 -1.27165e-04 0.0036415078 0.0 16 21.9559134287 2.2141595365 0 0 1 3 5 5 2 0 0 7 
197 2 4.97477 7.23833 23.3326 -0.00230977 8.30639e-04 7.31726e-04 0.002561332 0.0 14 16.0042720236 2.2594448569 0 0 1 2 6 4 1 0 0 7 
426 1 2.27663 7.07117 24.5792 -0.0013621 -0.00257567 0.00107855 0.0031068734 0.0 14 20.3178209014 2.2070227618 0 0 1 3 3 7 0 0 0 6 
585 1 1.81331 5.94493 21.9125 9.12048e-04 8.0089e-04 -0.00226465 0.0025694155 0.0 14 21.784008389 2.303540116 0 0 1 2 6 4 1 0 0 7 
613 2 5.40241 3.02115 22.8335 -1.41194e-04 -0.00337371 0.00109442 0.0035495929 0.0 15 17.0454649376 2.3084059342 0 0 1 2 7 3 2 0 0 7 
64 1 1.97595 2.67794 23.0276 5.92962e-04 -0.00114005 4.27252e-04 0.0013542017 0.0 15 22.6179534908 2.2127929999 0 0 0 2 9 3 1 0 0 7 
144 2 6.3888 5.33845 22.4667 0.00136277 -0.0029891 -3.322e-04 0.0033018507 0.0 12 14.1182267948 2.3084059342 0 0 0 2 8 2 0 0 0 6 
157 2 4.57769 1.02124 24.3297 0.00118462 7.21863e-05 2.73236e-06 0.0011868205 0.0 15 17.3629697908 2.2207383792 0 0 1 3 4 6 1 0 0 7 
275 1 5.78766 7.2349 18.043 0.00445938 0.00129367 0.00273964 0.0053912224 0.0 13 20.4302956057 2.1493382808 0 0 0 5 2 6 0 0 0 6 
228 2 4.20879 5.02937 23.606 -0.00367507 9.65669e-04 -0.00121369 0.0039889472 0.0 14 17.9233966753 2.1910142779 0 0 1 2 7 2 2 0 0 7 
441 1 3.04103 3.57701 20.2938 3.49049e-04 0.0023067 -9.29359e-04 0.0025112563 0.0 16 22.829453645 2.3303868699 0 0 0 3 7 5 1 0 0 7 
468 1 4.20869 6.32824 20.2537 -0.0012617 -0.00161638 0.00313347 0.0037447571 0.0 17 21.8032278785 2.303540116 0 0 1 5 2 6 3 0 0 7 
881 2 5.57816 3.06165 25.4764 -0.00240788 -0.00221532 -0.00122038 0.0034921134 0.0 14 16.4736703069 2.1796609126 0 0 0 4 4 6 0 0 0 6 
921 2 7.79825 3.81578 23.6003 -7.34542e-04 1.82478e-04 0.00128226 0.0014889731 0.0 13 13.8400817431 2.2406926741 0 0 0 2 8 3 0 0 0 6 
845 2 7.13462 1.26666 24.3049 -0.00407891 5.29457e-04 -9.2605e-04 0.0042160882 0.0 14 14.0507176294 1.9163915003 0 0 0 3 6 5 0 0 0 6 
515 2 6.22412 5.70913 24.9545 -0.00457154 -9.30396e-04 -0.00179973 0.0050003643 0.0 13 16.8407698099 2.3605612818 0 0 1 2 5 5 0 0 0 6 
571 1 1.03729 1.37989 20.3957 -5.62797e-04 0.00212739 -5.82071e-04 0.0022762547 0.0 13 21.9976109716 2.1806222705 0 0 0 1 10 2 0 0 0 6 
423 2 8.40274 8.07561 20.4406 0.00114205 -0.00192085 -0.00266196 0.0034756257 0.0 13 15.6207694048 2.1266616941 0 0 0 4 4 5 0 0 0 6 
942 2 8.05526 7.54473 23.5538 -0.00190107 -7.41698e-04 0.00303503 0.0036572654 0.0 15 16.5259575775 2.3906752292 0 0 0 4 5 5 1 0 0 7 
422 2 7.59183 2.99965 21.4609 0.00121379 -0.00103671 5.81264e-04 0.0016988001 0.0 12 15.4976399114 2.2731647615 0 0 0 4 4 4 0 0 0 6 
83 2 8.91363 1.08464 22.791 0.00107341 -0.00281819 0.00247953 0.003904161 0.0 13 12.3167318688 1.8905283476 0 0 0 4 4 5 0 0 0 6 
224 2 9.0192 8.50279 25.4873 0.00160171 0.001452 3.08814e-04 0.0021838372 0.0 16 17.5193883329 2.403322853 0 0 0 5 4 5 2 0 0 7 
900 2 9.3836 0.308618 20.6501 0.00329232 -9.1626e-04 -6.81141e-04 0.0034846602 0.0 12 15.4028025624 2.3071214662 0 0 0 3 6 3 0 0 0 6 
820 2 10.3566 8.55488 19.0758 6.23916e-04 -7.52091e-04 0.00137114 0.0016837271 0.0 12 16.6755753238 2.1344091041 0 0 0 3 6 3 0 0 0 6 
501 2 9.44238 2.49969 24.6408 0.00149679 -0.00412901 0.00229609 0.004955919 0.0 14 15.236765604 2.0340178208 0 0 0 4 5 4 1 0 0 7 
851 1 9.37239 3.21833 19.2461 -0.00289373 -0.00253585 0.00104148 0.0039860869 0.0 16 21.2325916099 2.3795063165 0 0 1 2 7 4 2 0 0 7 
894 2 17.253 8.6606 19.9225 -0.00122573 -0.00228717 -2.09413e-04 0.0026033468 0.0 15 19.3144394046 2.2614062871 0 0 0 4 5 5 1 0 0 7 
377 2 12.8748 8.14599 18.8997 -0.00280301 -0.00195968 -0.00344349 0.0048533323 0.0 12 17.097723428 2.2416305868 0 0 1 2 5 4 0 0 0 6 
433 2 9.94901 3.14357 22.4173 -0.00159056 4.02222e-04 -0.0015763 0.0022751671 0.0 12 17.542822382 2.350701258 0 0 0 3 6 3 0 0 0 6 
267 1 16.4617 1.99963 18.1083 3.46608e-04 -0.00238885 0.0012943 0.0027389695 0.0 15 21.8424586929 2.2190808017 0 0 2 2 6 1 4 0 0 7 
622 1 16.962 0.0465093 20.471 -0.00306732 -7.41307e-04 -0.0018142 0.0036399601 0.0 13 21.4308529859 2.3155577374 0 0 1 2 5 5 0 0 0 6 
318 2 16.2917 6.47998 18.7155 3.34857e-04 0.00239299 -0.0011359 0.0026699811 0.0 13 12.0259395229 2.2641548563 0 0 0 3 6 4 0 0 0 6 
445 2 11.8456 1.63147 21.9653 -0.0010812 -0.00444852 0.00288738 0.0054125121 0.0 14 18.628891434 2.365287262 0 0 2 3 2 5 2 0 0 7 
873 1 13.161 4.56533 22.2773 9.16754e-04 0.0029038 0.0026955 0.0040667201 0.0 15 24.7500637654 2.3181201765 0 0 0 2 8 5 0 0 0 6 
82 1 11.1995 5.65283 19.801 0.00465246 0.00110273 -0.00182566 0.0051180496 0.0 16 23.0904616633 2.365287262 0 0 0 4 6 4 2 0 0 7 
775 2 15.9802 4.22759 20.1725 5.76679e-04 -0.00179271 0.00316452 0.0036824658 0.0 13 15.6810364583 2.1461947642 0 0 1 0 9 3 0 0 0 6 
416 2 16.9253 2.59096 24.2458 -0.00237866 0.00504225 0.00494591 0.0074528071 0.0 13 18.6278966446 2.3517077216 0 0 0 3 6 4 0 0 0 6 
803 1 10.7195 5.52506 24.2109 4.66769e-04 0.0022592 0.00143143 0.0027149309 0.0 17 24.4035894149 2.403322853 0 0 0 3 7 6 1 0 0 7 
979 2 14.2598 5.87951 19.5454 -0.00407814 -5.23034e-04 0.00113885 0.0042663532 0.0 14 17.1536331956 2.2641548563 0 0 0 2 8 4 0 0 0 6 
739 1 16.8749 7.38563 24.3111 -0.00418449 0.00103509 0.00482414 0.0064694431 0.0 14 19.2596457053 2.1400032283 0 0 2 2 4 4 2 0 0 7 
646 2 17.5043 3.06303 21.6733 0.0011611 1.68048e-04 0.00236112 0.0026365282 0.0 13 16.516920319 2.1792955302 0 0 0 5 3 4 1 0 0 7 
156 1 11.5688 7.51101 22.192 0.00262753 -8.97404e-04 -0.00155898 0.0031842843 0.0 17 24.5492212744 2.2686295049 0 0 0 3 8 4 2 0 0 7 
572 1 13.5083 2.75134 19.5554 0.00135765 0.00162354 0.00556777 0.0059564384 0.0 14 21.9344992662 2.365287262 0 0 0 2 8 4 0 0 0 6 
450 2 12.0361 1.88978 24.584 0.00155158 0.0013848 -0.00221211 0.0030361986 0.0 15 17.4050048612 2.2268258025 0 0 0 3 7 4 1 0 0 7 
735 1 14.8485 1.43832 21.7426 -0.00129249 0.00450975 6.44728e-04 0.0047354039 0.0 18 22.8156825051 2.2268258025 0 0 1 3 5 7 2 0 0 7 
885 1 11.3367 1.17295 18.5018 5.66306e-04 2.12755e-05 -5.48971e-04 7.8900208579e-04 0.0 14 21.2881457392 2.2745168351 0 0 0 4 5 4 1 0 0 7 
434 2 16.1744 4.62442 22.8195 -0.00471791 0.00157994 -0.0011652 0.0051100466 0.0 13 16.766604124 2.2174263425 0 0 0 3 6 4 0 0 0 6 
186 1 14.056 6.70991 23.8456 0.00429297 0.00272203 0.00416841 0.0065737874 0.0 13 20.2936358231 2.2513501326 0 0 0 1 10 2 0 0 0 6 
889 1 13.2421 4.45728 25.5903 -0.00494562 -0.00102136 5.31172e-04 0.0050778418 0.0 12 20.7586314066 2.4021223833 0 0 1 2 5 4 0 0 0 6 
662 1 15.7377 5.37562 25.946 -0.00235325 -0.00116645 -0.00366439 0.0045084526 0.0 16 21.3831745162 2.4234482969 0 0 1 2 6 6 1 0 0 7 
70 2 14.7622 1.84292 24.9729 0.00112529 -1.96651e-04 5.59053e-04 0.0012718056 0.0 13 16.6843686752 2.2268258025 0 0 0 3 6 4 0 0 0 6 
977 2 15.8121 6.42624 21.3964 -0.00155927 -0.00487777 -0.00344588 0.006172362 0.0 14 16.8386066487 2.2624406658 0 0 1 3 6 1 3 0 0 7 
909 1 15.1034 8.06948 26.6035 0.00499619 -0.00139369 0.00268111 0.0058388901 0.0 13 20.4844776743 2.3499443981 0 0 1 0 9 3 0 0 0 6 
69 2 16.7342 1.74845 26.4379 -0.00454898 7.82538e-04 -3.21294e-04 0.004626966 0.0 15 19.925849096 2.3495738985 0 0 2 1 7 3 1 1 0 8 
27 1 12.2254 7.15155 26.3449 0.00171352 -8.68526e-04 -0.00331709 0.0038332198 0.0 15 21.9061248883 2.4234482969 0 0 1 4 3 6 0 1 0 8 
922 1 18.6956 4.86801 26.3074 -0.00107034 3.52367e-05 -3.86136e-04 0.0011384069 0.0 14 21.9827589117 2.2047320082 0 0 0 4 4 6 0 0 0 6 
993 1 22.5422 6.25091 20.1182 -3.25208e-04 -0.00114258 -0.00399362 0.0041665633 0.0 13 21.1743842417 2.3106907828 0 0 1 2 6 3 1 0 0 7 
393 1 21.9126 0.674797 21.1275 0.00254776 0.0023834 3.01179e-04 0.0035017689 0.0 14 21.6523493744 2.2025631794 0 0 1 3 5 3 2 0 0 7 
259 1 22.4527 2.3743 26.1674 -0.00102266 -4.2422e-04 -0.00297577 0.0031750596 0.0 14 21.449033236 2.2333424622 0 0 0 6 0 8 0 0 0 6 
864 1 25.1167 0.750675 22.4094 0.00464342 -6.64849e-04 -0.00400485 0.0061678357 0.0 15 23.3587129034 2.2127929999 0 0 0 2 8 5 0 0 0 6 
287 1 18.8802 0.408172 22.5712 0.00153816 0.00163474 -0.00280272 0.003590759 0.0 14 22.9331475988 2.3517077216 0 0 0 4 4 6 0 0 0 6 
205 2 18.4987 4.98969 23.1715 0.00255365 -0.00132656 -0.00520858 0.0059506466 0.0 15 17.5092252975 2.0828939859 0 0 2 4 2 4 2 1 0 8 
154 1 24.368 8.64565 19.6455 4.03245e-04 8.11196e-04 -0.0056834 0.0057551439 0.0 18 25.3689725606 2.2997953705 0 0 2 4 3 4 5 0 0 7 
34 1 26.338 3.79546 21.7602 0.00158025 -0.00146058 1.60642e-04 0.0021578438 0.0 15 22.0968551856 2.3303868699 0 0 0 4 4 7 0 0 0 6 
969 2 17.9465 5.02865 18.6712 0.00232598 -0.00262977 5.52334e-04 0.0035540042 0.0 13 14.8352069968 2.1517886308 0 0 1 3 3 6 0 0 0 6 
18 1 23.4608 3.45797 20.595 0.00283627 0.00108081 -1.31516e-04 0.0030380708 0.0 15 22.4866037631 2.3880596831 0 0 0 2 8 5 0 0 0 6 
619 1 23.6427 7.9751 22.556 -0.00432723 -0.00216444 0.00558001 0.0073855421 0.0 15 21.1847987245 2.272448568 0 0 1 2 7 3 2 0 0 7 
320 1 25.4242 7.17495 25.6415 0.0014815 -5.58398e-04 0.00256228 0.0030119644 0.0 14 19.3348788942 2.1117501368 0 0 1 2 6 4 1 0 0 7 
635 2 20.0906 4.55063 20.0348 8.06544e-04 0.00112741 -0.00327563 0.0035568692 0.0 14 17.7238641386 2.3121672347 0 0 1 3 4 5 1 0 0 7 
159 2 19.9266 3.35053 22.0903 0.00351344 -0.00167192 -0.00103271 0.004025676 0.0 15 19.0082023697 2.3880596831 0 0 1 4 3 5 2 0 0 7 
347 2 19.4402 7.03369 19.2019 0.00259058 0.00296953 9.57466e-04 0.0040553612 0.0 15 16.0242486484 2.1125585999 0 0 0 3 6 6 0 0 0 6 
4 1 19.9381 2.38777 24.9947 -7.82422e-04 -4.80925e-04 0.00231386 0.002489462 0.0 15 23.4723215829 2.3769046905 0 0 0 5 2 8 0 0 0 6 
325 1 24.486 4.43004 26.2589 0.00406229 -0.00348025 0.00674093 0.0086054911 0.0 15 20.7228548155 2.1270559223 0 0 0 3 6 6 0 0 0 6 
134 1 21.5292 4.74468 24.4795 0.00283222 4.56346e-05 -0.00148124 0.0031965019 0.0 13 19.6637814601 2.3880596831 0 0 0 3 6 4 0 0 0 6 
907 1 25.38 5.94446 20.1896 2.07791e-04 -2.46485e-04 0.00286897 0.0028870263 0.0 13 22.1807192284 2.232433473 0 0 0 1 10 2 0 0 0 6 
244 1 25.4475 2.72026 24.5296 -7.35902e-04 -0.00153924 -0.00364752 0.0040268119 0.0 13 21.352060642 2.2127515027 0 0 0 3 6 4 0 0 0 6 
307 1 24.1917 5.23041 23.4804 2.90515e-04 -0.00224998 0.00443182 0.0049787385 0.0 14 21.889940547 2.3672305761 0 0 0 2 8 4 0 0 0 6 
463 1 21.0695 6.71797 22.4066 4.07794e-04 -4.08007e-04 0.00159924 0.0017000983 0.0 15 21.095381081 2.3880596831 0 0 0 2 8 5 0 0 0 6 
240 1 25.8341 3.41326 18.8143 0.00202411 0.00254735 -0.00229395 0.0039809823 0.0 15 21.9397175047 2.3303868699 0 0 0 3 7 4 1 0 0 7 
246 1 18.6819 8.62284 22.4744 -0.00441474 -9.8223e-04 -2.91079e-04 0.004532045 0.0 15 21.9899549422 2.1961914936 0 0 0 5 3 6 1 0 0 7 
599 1 23.5982 5.01693 17.8491 -0.00194845 9.49796e-04 1.60471e-05 0.0021676779 0.0 15 23.1716741724 2.24766588 0 0 0 4 5 5 1 0 0 7 
542 1 26.3822 7.71778 23.1977 -0.00211934 0.00132837 -0.00229468 0.0033943667 0.0 14 20.0986478175 2.272448568 0 0 1 2 6 4 1 0 0 7 
12 1 21.7928 2.20639 18.5403 -9.88858e-04 -0.00260543 0.00115161 0.003015346 0.0 15 22.1657325225 2.1778948799 0 0 0 4 4 7 0 0 0 6 
964 2 18.0445 5.89465 21.0511 7.99688e-05 0.00295333 -0.00135395 0.0032498821 0.0 14 15.1225103876 2.0289802261 0 0 2 3 3 4 1 1 0 8 
328 1 22.6253 2.44801 23.2567 -0.00372939 0.00294136 0.0022392 0.0052510918 0.0 13 20.9689877635 2.3691366475 0 0 0 5 2 6 0 0 0 6 
562 1 22.5594 7.2162 25.2856 0.00178653 -0.00118641 -6.14826e-04 0.0022309794 0.0 13 20.0237477949 2.1045824186 0 0 0 1 10 2 0 0 0 6 
415 1 19.1646 1.83986 19.6109 0.0010288 0.00294074 -0.00252733 0.0040117051 0.0 14 21.0785312778 2.177424471 0 0 2 1 7 1 3 0 0 7 
363 1 19.738 7.3959 24.9922 0.00212294 -0.00134562 0.00477538 0.0053964638 0.0 14 20.5129681983 2.1413950517 0 0 1 3 4 5 1 0 0 7 
556 1 24.342 0.871134 19.5781 -0.0027104 0.00246031 -0.00374088 0.0052338873 0.0 14 21.1160039654 2.1538249689 0 0 0 3 6 5 0 0 0 6 
595 1 7.75122 16.6782 20.3023 -9.98843e-04 7.68493e-04 -0.00115289 0.0017080469 0.0 15 20.6906474053 2.2325884039 0 0 2 3 2 6 2 0 0 7 
97 1 5.60649 14.1654 25.3401 0.00167991 -0.00296577 0.00370589 0.0050350283 0.0 16 23.0535676706 2.4118273095 0 0 3 2 4 4 1 2 0 8 
268 1 8.73314 14.8337 18.4072 0.00125378 -0.00274427 -0.00200121 0.0036204728 0.0 14 19.9518303412 2.1444803444 0 0 1 2 6 4 1 0 0 7 
806 1 0.60515 9.18441 25.4221 7.48941e-04 -2.53228e-04 0.00158114 0.0017677785 0.0 15 20.0252084769 2.1386575968 0 0 0 3 6 6 0 0 0 6 
388 1 3.23475 9.21667 19.2877 0.00130534 -0.00354262 -0.00439723 0.0057956622 0.0 14 22.0793632024 2.3019846521 0 0 0 4 5 4 1 0 0 7 
297 2 4.49885 9.44181 22.192 -0.00131311 0.00373981 0.00367434 0.0054047397 0.0 13 16.7541161344 2.2840853628 0 0 2 3 3 3 1 1 0 8 
844 1 2.65122 17.6022 20.1024 3.79765e-04 -0.00222121 0.00462388 0.0051437595 0.0 16 22.3961652632 2.2955654665 0 0 0 4 5 6 1 0 0 7 
46 2 6.70467 11.1881 21.7696 -0.00410357 -0.00556347 0.00302605 0.0075464206 0.0 11 16.1645235483 2.2900101081 0 0 0 2 8 1 0 0 0 6 
402 1 4.14278 11.9183 23.7649 -0.0011097 6.60647e-04 -3.45018e-04 0.0013367595 0.0 15 22.096568922 2.2301677063 0 0 0 1 10 4 0 0 0 6 
408 1 1.64696 13.1645 22.5886 4.78962e-04 -0.00132076 0.00327878 0.003567101 0.0 14 22.2902428433 2.2940133106 0 0 1 2 6 4 1 0 0 7 
608 1 5.61518 17.2749 22.0454 -0.00318204 -7.76828e-04 -0.00189165 0.0037824833 0.0 15 22.4284051096 2.4118273095 0 0 1 4 3 5 2 0 0 7 
472 1 2.87122 14.6757 25.4492 4.89008e-04 0.00219764 0.00288319 0.003658078 0.0 14 22.7389922227 2.314617006 0 0 1 2 6 4 1 0 0 7 
604 1 2.11153 14.378 19.8446 4.77988e-04 9.69217e-04 0.00228892 0.002531207 0.0 15 21.7819157038 2.2955654665 0 0 1 2 5 7 0 0 0 6 
631 1 4.29346 12.0237 20.4651 -0.00117569 4.07698e-04 0.0034494 0.0036669913 0.0 15 21.3575567352 2.1943805902 0 0 1 2 6 5 1 0 0 7 
632 1 6.56037 12.8337 19.2029 7.39629e-04 -0.00364917 -3.96673e-04 0.0037444415 0.0 15 20.7491204911 2.1587240423 0 0 2 3 4 3 2 1 0 8 
45 1 3.81958 9.33754 25.5521 0.00221662 -0.00708073 -8.0067e-05 0.0074200103 0.0 17 21.9871558215 2.429981693 0 0 2 1 6 6 2 0 0 7 
767 1 1.61719 11.5554 19.3676 -0.00135178 0.00130508 0.00229674 0.002967416 0.0 15 20.5337912409 2.156766616 0 0 0 3 7 4 1 0 0 7 
906 2 7.05846 11.0801 25.7004 -0.00447768 0.00179285 8.13458e-04 0.0048913846 0.0 13 17.5732177161 2.2572237518 0 0 0 2 8 3 0 0 0 6 
417 1 3.08875 15.7017 22.4582 0.00477758 0.00207841 6.05718e-04 0.0052451838 0.0 15 23.0262121522 2.4118273095 0 0 1 4 3 5 2 0 0 7 
583 1 0.169118 9.47264 18.3043 3.92614e-04 0.00189938 0.00341196 0.0039246989 0.0 15 21.4975963007 2.2658684751 0 0 1 3 6 2 3 0 0 7 
237 1 5.67079 14.1752 22.0044 -0.00230764 0.00273788 -0.00179334 0.0040046545 0.0 14 21.7759275869 2.3272854729 0 0 2 2 5 2 3 0 0 7 
279 2 6.43847 9.31886 23.4106 -0.00152151 -0.00163848 -9.24008e-05 0.002237889 0.0 14 13.9744467819 2.0780958391 0 0 0 2 8 4 0 0 0 6 
291 2 6.27807 9.3614 20.1041 4.6923e-04 0.00139009 -0.00157763 0.0021544009 0.0 14 16.1646658936 2.0326986697 0 0 0 4 4 6 0 0 0 6 
645 1 4.99062 15.2771 19.4553 -0.0022865 -0.00312152 0.00248699 0.0045996835 0.0 15 21.8967156846 2.1434082164 0 0 2 3 4 3 2 1 0 8 
280 1 8.56375 14.0086 21.0493 0.00153035 -0.00109112 -6.16756e-04 0.0019781056 0.0 15 22.0396407302 2.3883981326 0 0 2 2 4 5 2 0 0 7 
810 1 1.71993 11.7133 25.0038 -6.00433e-04 1.46089e-04 -4.22484e-04 7.4856830929e-04 0.0 13 20.1180737428 2.3165587913 0 0 1 0 9 3 0 0 0 6 
784 1 1.31078 17.5198 24.0865 4.7464e-05 -0.00204627 0.00413225 0.004611395 0.0 16 23.0919376696 2.2314467085 0 0 1 1 9 3 2 0 0 7 
424 1 7.60565 15.3104 23.771 2.63788e-04 0.00290408 1.9646e-04 0.0029226463 0.0 14 23.1260859926 2.3679198497 0 0 2 3 2 6 0 1 0 8 
35 2 2.21946 9.78288 22.3758 6.96588e-04 8.48273e-04 7.43746e-04 0.0013258809 0.0 16 21.71732938 2.303540116 0 0 1 1 9 4 0 1 0 8 
957 2 7.61221 12.1615 23.709 -0.00122702 0.00139582 -1.63301e-04 0.0018656256 0.0 15 19.5905421189 2.3872250418 0 0 1 1 8 4 1 0 0 7 
77 1 0.282816 15.6274 21.5392 0.00227075 -3.26174e-04 0.00264547 0.0035016006 0.0 13 21.0354142161 2.2032250601 0 0 0 1 10 2 0 0 0 6 
552 2 8.61065 9.64775 22.1615 0.00212667 -0.00321456 7.5765e-04 0.0039281236 0.0 14 16.5008633612 2.3883981326 0 0 0 3 6 5 0 0 0 6 
99 2 8.25429 10.3287 19.6192 0.00133095 -1.67795e-04 -0.00489399 0.0050745168 0.0 13 17.8529454194 2.3883981326 0 0 0 3 6 4 0 0 0 6 
216 1 0.124221 14.6536 24.742 -4.59044e-04 2.54426e-04 -6.92084e-05 5.2938056825e-04 0.0 14 23.2957609266 2.32465435 0 0 0 3 6 5 0 0 0 6 
311 1 12.1282 16.8327 25.7496 -4.23604e-05 6.53309e-04 0.0030215 0.0030916127 0.0 13 20.1619715038 2.1520500667 0 0 0 3 6 4 0 0 0 6 
642 1 12.5715 17.8146 22.8793 -0.0016116 -0.00274658 0.00134262 0.0034559492 0.0 15 21.7537541937 2.2548298591 0 0 3 2 2 6 1 1 0 8 
29 1 14.1719 9.03732 21.635 0.0020398 0.00211133 -0.00254782 0.0038871436 0.0 15 22.6370237733 2.2641548563 0 0 1 2 7 3 2 0 0 7 
103 2 17.4289 10.9305 18.5364 0.00176652 5.9e-04 -0.00526114 0.005581065 0.0 13 16.3984848699 2.0723748001 0 0 0 1 10 2 0 0 0 6 
720 2 9.31814 11.7388 26.2891 0.00110977 0.0039272 -9.76535e-04 0.0041962018 0.0 15 16.9033974064 2.3872250418 0 0 1 3 4 6 1 0 0 7 
253 1 15.0203 11.0595 26.1227 -0.00174492 0.00433295 0.0015752 0.0049295493 0.0 12 19.7113249268 2.0816108466 0 0 0 0 12 0 0 0 0 5 
66 1 10.2494 14.3614 25.149 0.00211788 -3.33845e-04 0.00268275 0.0034342417 0.0 13 22.4100381424 2.379146144 0 0 0 4 4 5 0 0 0 6 
545 2 17.1114 15.751 25.0196 6.78026e-04 -0.00115088 -4.41014e-04 0.001406676 0.0 13 16.5913981861 2.2166350532 0 0 1 3 4 4 1 0 0 7 
986 2 15.4552 17.1476 24.1134 -0.00145018 9.16076e-04 3.3625e-04 0.0017479363 0.0 14 18.5856314914 2.2111950241 0 0 0 1 10 3 0 0 0 6 
385 2 17.3667 16.6976 22.3806 -8.22061e-04 -6.16185e-04 -7.96992e-06 0.0010273908 0.0 11 18.6703237966 2.2563463897 0 0 0 3 6 2 0 0 0 6 
185 1 10.6446 16.2171 20.758 0.0011489 -0.00245228 -0.00614645 0.0067165837 0.0 16 23.7881353456 2.2924887649 0 0 2 2 5 5 1 1 0 8 
840 1 13.0351 15.0211 23.4228 3.02334e-04 -0.00253515 -1.08752e-05 0.0025531372 0.0 14 22.0016490325 2.230080894 0 0 0 3 6 5 0 0 0 6 
194 1 12.1911 11.9627 25.3001 -0.00175042 0.00315315 9.19385e-04 0.0037217729 0.0 15 21.3727062179 2.2511081263 0 0 0 1 10 4 0 0 0 6 
302 1 14.2898 11.4038 19.8863 5.69804e-04 0.00106629 0.00215392 0.0024700248 0.0 15 21.9796370609 2.344383485 0 0 0 5 3 6 1 0 0 7 
469 1 14.4224 14.0502 25.6949 -0.0049282 0.00128619 -0.0031178 0.0059717767 0.0 15 21.5299910754 2.1722645841 0 0 0 2 8 5 0 0 0 6 
478 1 15.2322 14.1183 21.9869 -0.00279062 0.00316536 0.00261315 0.0049634279 0.0 14 19.8297820023 2.1761969766 0 0 0 2 8 4 0 0 0 6 
455 1 12.9985 14.1369 20.5331 -0.00146771 0.00188431 0.00155966 0.0028526016 0.0 14 20.1217669427 2.2074113136 0 0 1 2 6 4 1 0 0 7 
500 1 13.8198 11.9019 22.9322 -0.00155121 0.00217703 0.00234746 0.0035575667 0.0 14 21.5239252298 2.2248527688 0 0 0 1 10 3 0 0 0 6 
47 1 10.0594 16.9759 23.843 5.83634e-04 0.00199772 1.83528e-04 0.0020893052 0.0 17 22.4298334412 2.3017607937 0 0 2 3 6 2 2 2 0 8 
530 1 11.4188 10.654 21.1785 0.00127787 0.00207037 -7.35907e-04 0.0025418385 0.0 17 24.928563154 2.3883981326 0 0 0 4 6 5 2 0 0 7 
956 1 10.9137 13.0107 22.648 0.00293635 0.00118698 6.14682e-04 0.0032262837 0.0 14 23.3791978983 2.3811471495 0 0 0 4 6 2 2 0 0 7 
939 1 14.7363 16.3763 20.6159 -9.8577e-04 0.00119505 5.90592e-04 0.0016579161 0.0 14 21.986021826 2.2350800367 0 0 0 6 1 6 1 0 0 7 
36 2 9.53636 10.4663 24.2449 -0.00251498 0.00141768 0.00457294 0.0054080238 0.0 14 18.195368828 2.2511081263 0 0 0 4 5 4 1 0 0 7 
963 1 10.6248 12.9604 19.3351 -0.00313614 -0.00164703 0.00290542 0.0045814351 0.0 16 22.4769312791 2.344383485 0 0 1 4 4 4 3 0 0 7 
168 1 15.982 9.82823 23.5636 -7.64429e-04 0.00259518 5.16362e-04 0.0027542586 0.0 14 20.9516345452 2.1961914936 0 0 0 4 5 4 1 0 0 7 
262 1 12.6489 9.14083 24.315 -1.75411e-04 2.62482e-04 6.10768e-04 6.8753426756e-04 0.0 15 23.2234274217 2.2686295049 0 0 0 1 10 4 0 0 0 6 
380 1 11.7243 15.5655 18.3504 0.00235686 0.00233111 0.00136663 0.0035856018 0.0 13 21.7923175304 2.2597293019 0 0 0 3 6 4 0 0 0 6 
925 1 15.6235 13.6048 19.0858 7.51571e-04 0.00377135 0.00278168 0.004746123 0.0 15 21.8363399014 2.1761969766 0 0 0 2 8 5 0 0 0 6 
133 1 16.6275 11.6169 21.4492 0.00118298 -0.00227894 5.38861e-04 0.0026236197 0.0 14 20.8172531064 2.1114319459 0 0 0 3 6 5 0 0 0 6 
540 1 16.6608 12.9101 24.2793 4.29375e-04 7.37135e-04 -9.12969e-04 0.0012494972 0.0 13 21.3760344898 2.2766057561 0 0 1 1 8 2 1 0 0 7 
643 2 17.7082 16.3439 19.8689 -0.0021869 0.00147211 -7.50934e-04 0.002741084 0.0 16 21.2395132455 2.216767852 0 0 0 4 4 8 0 0 0 6 
989 2 22.3741 17.1028 19.406 -0.00236695 0.00192303 0.00178449 0.003533398 0.0 13 15.2228463276 2.1146465472 0 0 0 1 10 2 0 0 0 6 
155 1 24.6696 16.7488 24.3612 -3.86606e-04 6.14383e-04 -8.48828e-04 0.0011168884 0.0 15 22.8454741138 2.226549854 0 0 0 1 10 4 0 0 0 6 
480 1 21.3476 9.18647 20.6645 -9.41807e-04 8.4149e-04 -9.34693e-04 0.0015712278 0.0 16 21.4921933372 2.2300101376 0 0 1 3 6 4 1 1 0 8 
96 2 19.272 9.27533 18.2995 -0.0011256 2.93714e-04 0.0014424 0.001853041 0.0 12 13.6844590901 2.1335472128 0 0 0 2 8 2 0 0 0 6 
17 1 17.9323 9.72147 25.6901 -0.00256327 -0.00240847 -4.88032e-04 0.0035509514 0.0 15 19.737980291 2.1438391675 0 0 1 3 5 4 2 0 0 7 
398 2 20.4555 15.687 18.3537 -0.00171759 0.00330745 0.00271742 0.0046123435 0.0 13 12.9528257996 2.1648702284 0 0 2 3 2 5 0 1 0 8 
367 1 20.6963 10.5703 26.015 -0.00361472 -4.27941e-04 4.56761e-04 0.0036685099 0.0 15 21.1935615335 2.1623654841 0 0 3 3 1 4 4 0 0 7 
736 2 25.2302 11.739 18.3649 -0.00578118 -1.19506e-04 -2.68964e-04 0.005788667 0.0 14 16.387397773 2.2997953705 0 0 0 3 6 5 0 0 0 6 
747 2 26.5923 10.8442 22.3527 0.00337436 -0.00248856 4.37569e-04 0.0042155312 0.0 16 20.0452343724 2.32465435 0 0 0 5 3 7 1 0 0 7 
236 2 25.5649 12.1026 26.04 0.00251421 -0.00667928 5.61415e-04 0.0071588561 0.0 15 20.5769743637 2.32465435 0 0 0 4 4 7 0 0 0 6 
74 1 20.1782 17.0978 21.724 -0.00208054 0.0020558 8.67671e-04 0.0030508709 0.0 16 23.2081805346 2.2641600483 0 0 1 3 5 5 2 0 0 7 
594 1 21.5105 9.58039 23.5049 -0.00137557 -0.00549848 -0.00328977 0.0065534771 0.0 15 20.6671815838 2.1327485035 0 0 1 2 6 5 1 0 0 7 
372 2 19.2216 16.9051 25.0319 4.72184e-04 -6.02902e-04 -0.00114688 0.0013790512 0.0 15 17.6815230144 2.2641600483 0 0 0 6 2 5 2 0 0 7 
136 2 23.9398 9.86775 26.0745 0.00276244 0.00330678 -0.00242733 0.0049454828 0.0 15 20.2332702975 2.1386575968 0 0 0 2 8 5 0 0 0 6 
756 2 21.3624 14.2477 19.9666 -0.00253006 -9.75769e-05 -0.00252368 0.0035748686 0.0 16 17.4174426493 2.2458358232 0 0 2 4 2 4 4 0 0 7 
548 2 22.9511 15.098 18.3085 9.54816e-04 0.0019452 0.00171528 0.0027636321 0.0 14 11.6207473298 1.9531698648 0 0 0 4 4 6 0 0 0 6 
606 2 25.8058 12.2403 20.6798 -0.00133112 -1.71084e-04 -0.00185279 0.0022877895 0.0 12 18.0245162054 2.2658684751 0 0 0 5 2 5 0 0 0 6 
227 2 26.2488 17.0678 19.2071 -0.00239853 0.00145322 0.00801641 0.0084927984 0.0 12 15.8899450774 2.1957834245 0 0 0 2 8 2 0 0 0 6 
63 1 18.5011 13.8715 21.9617 -0.00233033 -0.00223879 0.00104166 0.0033952429 0.0 16 23.3094657143 2.2641600483 0 0 0 3 7 5 1 0 0 7 
242 1 20.1397 14.1185 24.6712 -0.00258328 -0.00148808 -0.00154553 0.0033580323 0.0 15 21.9830309276 2.2766057561 0 0 2 4 2 3 4 0 0 7 
686 2 23.6703 13.466 19.4266 -9.05647e-04 -0.00137815 0.00240498 0.0029160629 0.0 13 13.9156630027 2.2458358232 0 0 2 3 2 4 2 0 0 7 
559 2 25.0477 10.483 24.0562 0.0032906 0.00128342 0.00451407 0.0057316702 0.0 12 19.1889590409 2.262662906 0 0 1 4 2 4 1 0 0 7 
563 2 24.1579 15.7854 20.3686 0.00213983 8.0822e-04 -0.00361934 0.0042815551 0.0 14 18.1782438486 2.1954371605 0 0 0 1 10 3 0 0 0 6 
581 1 22.0304 15.2661 22.8845 -5.91784e-04 -0.00178887 0.00274354 0.0033282542 0.0 15 22.9314894839 2.2395636006 0 0 1 4 4 3 3 0 0 7 
379 1 23.2976 11.0059 21.5003 -6.15313e-05 0.00162102 -0.00259522 0.0030604998 0.0 16 21.7961135069 2.2996355251 0 0 3 2 5 2 2 2 0 8 
93 1 21.2617 12.4926 22.6378 -0.00255683 -0.00112974 8.57146e-05 0.0027966121 0.0 14 18.74495565 2.2458358232 0 0 4 1 3 2 3 1 0 8 
184 2 25.8936 14.3002 19.2521 -4.97542e-04 0.0016424 -9.73583e-04 0.0019730407 0.0 14 14.3176340255 2.0345346752 0 0 0 3 6 5 0 0 0 6 
383 1 23.0386 15.1779 25.7998 0.00158376 -0.00327633 -0.00159283 0.0039723723 0.0 18 22.7480922917 2.2676452035 0 0 1 3 6 6 1 1 0 8 
438 2 21.6091 12.1463 19.1962 -0.00328407 -2.05727e-05 -0.00442922 0.0055139395 0.0 14 15.7299526271 2.2997953705 0 0 2 3 3 4 1 1 0 8 
598 1 22.552 12.4906 24.9006 -0.00256147 4.5021e-04 -0.00207159 0.0033249515 0.0 16 21.8056899555 2.2676452035 0 0 3 2 4 3 3 1 0 8 
628 1 24.6012 13.7907 22.9177 0.00224842 6.43957e-04 0.00150099 0.0027790365 0.0 17 24.7662634587 2.32465435 0 0 1 3 5 6 2 0 0 7 
959 2 18.7855 13.3707 18.9103 -9.92611e-05 0.00410347 -4.86921e-04 0.0041334502 0.0 13 17.1321156292 2.1725227482 0 0 0 3 6 4 0 0 0 6 
164 1 19.0622 11.4392 23.895 0.00304902 0.0022726 -0.00193661 0.0042675159 0.0 15 20.013653725 2.2346855847 0 0 3 1 4 4 3 0 0 7 
62 1 19.4365 11.3347 20.9806 -0.00154958 -0.00173552 -0.00252676 0.0034347844 0.0 15 19.718560883 2.136736495 0 0 1 3 6 3 1 1 0 8 
511 1 5.16626 18.6409 19.5077 0.0013574 -0.00209563 -0.00117106 0.0027578219 0.0 15 20.750200306 2.167886286 0 0 1 4 3 5 2 0 0 7 
934 1 7.62196 18.19 25.0126 0.00431758 -0.00266745 -1.58232e-04 0.0050775805 0.0 14 21.7725516322 2.3164294585 0 0 1 2 7 2 2 0 0 7 
707 1 3.94492 22.1421 22.8279 0.00129461 -0.00109002 0.00383381 0.0041907348 0.0 16 22.5343580025 2.2796142374 0 0 0 3 6 7 0 0 0 6 
648 1 2.92731 20.2917 19.1248 -0.00131531 1.20133e-04 0.00249532 0.0028233126 0.0 14 20.74544438 2.2050253796 0 0 0 3 6 5 0 0 0 6 
167 1 1.86122 25.5014 20.0814 -0.00297279 -0.00131252 -0.00597582 0.0068022506 0.0 13 20.7717026363 2.1864167429 0 0 0 3 6 4 0 0 0 6 
414 1 5.82699 21.4238 18.2048 -7.57764e-05 2.5323e-04 0.00182886 0.0018478627 0.0 15 20.9808592917 2.2303437618 0 0 1 2 6 5 1 0 0 7 
73 1 8.91567 22.936 18.2936 4.02248e-04 0.00256516 -0.00653628 0.007033122 0.0 15 20.7880888096 2.4633275634 0 0 1 2 6 5 1 0 0 7 
685 1 6.53657 23.8574 20.2161 0.00277068 5.28728e-04 -0.00159372 0.0032397784 0.0 15 20.8646864662 2.1301553551 0 0 0 3 6 6 0 0 0 6 
295 2 0.157177 22.2369 19.7363 -0.00155767 9.82347e-04 -6.58375e-05 0.001842736 0.0 14 18.8929767524 2.3232627163 0 0 0 3 6 5 0 0 0 6 
566 2 5.04576 24.6016 25.0968 0.00190856 0.00402331 -0.00159288 0.0047293648 0.0 14 16.8937011915 2.2796142374 0 0 0 2 8 4 0 0 0 6 
475 1 1.40075 23.7193 22.4291 0.00212024 -0.00118973 -0.00509573 0.0056460021 0.0 14 21.8898868279 2.2784869242 0 0 0 1 10 3 0 0 0 6 
31 1 5.83451 20.9616 20.9863 -5.23693e-05 4.61489e-04 -4.19164e-04 6.25630162e-04 0.0 13 20.400230499 2.2050109662 0 0 0 4 4 5 0 0 0 6 
971 2 8.30124 26.1406 18.6619 2.696e-04 0.00221163 0.00215826 0.0031019474 0.0 14 20.6909066185 2.3795063165 0 0 0 2 8 4 0 0 0 6 
333 2 2.61003 22.2163 25.4348 -1.62424e-04 5.34631e-04 0.00397457 0.004013654 0.0 13 16.0535746702 2.1491679061 0 0 1 2 5 5 0 0 0 6 
507 1 8.62707 20.6867 24.4551 -0.00590336 0.00146277 0.00246373 0.0065619601 0.0 15 21.4015248934 2.157719554 0 0 0 4 4 7 0 0 0 6 
874 2 8.28627 25.3407 22.0901 0.00114819 -4.85905e-05 0.00104397 0.0015526025 0.0 13 16.0165950609 2.0952218413 0 0 0 3 6 4 0 0 0 6 
930 1 4.19533 24.7934 21.7743 0.00275119 -0.0021365 -0.0025626 0.0043244187 0.0 14 21.580722878 2.2796142374 0 0 0 4 4 6 0 0 0 6 
692 2 0.770714 20.6695 24.0583 -0.00200933 -0.0010749 -1.24413e-04 0.0022821691 0.0 14 17.7532275719 2.1938761182 0 0 0 2 9 2 1 0 0 7 
158 2 1.11265 20.7624 21.6944 0.00321452 -0.00126291 0.00623181 0.0071248534 0.0 13 19.7568417416 2.2530002987 0 0 1 3 4 4 1 0 0 7 
506 1 3.51086 18.8991 22.3863 1.95052e-05 -6.46556e-04 0.00128267 0.0014365436 0.0 14 21.1060551311 2.2530002987 0 0 1 3 5 3 2 0 0 7 
748 2 3.00512 19.8078 25.0635 -0.00355514 0.00445781 -0.00104398 0.0057966356 0.0 12 16.7744134187 2.1025111934 0 0 1 2 6 2 1 0 0 7 
737 2 6.53637 25.8415 23.4669 0.00162592 -0.00208814 9.41386e-04 0.0028089415 0.0 14 15.8025838126 2.0920789015 0 0 1 3 4 5 1 0 0 7 
705 1 3.54458 22.9997 19.3537 0.00104882 6.59723e-04 0.00169175 0.0020969683 0.0 15 22.6504679039 2.2050253796 0 0 0 4 4 7 0 0 0 6 
549 2 3.45491 26.5749 25.848 -0.00356422 -0.00188007 -0.00181557 0.0044197988 0.0 14 16.3471412191 2.2033262828 0 0 0 3 6 5 0 0 0 6 
852 2 0.163037 22.6047 25.4628 -5.31218e-04 0.00288488 -3.76695e-04 0.0029574692 0.0 13 17.6947707485 2.1106308537 0 0 0 3 6 4 0 0 0 6 
177 1 4.90663 25.9244 19.2544 -0.00155871 -0.00342927 -0.00139095 0.0040154964 0.0 12 20.3536363455 2.210817762 0 0 0 0 12 0 0 0 0 5 
374 1 5.88562 19.9893 23.635 0.00371535 -0.00331528 0.00158411 0.0052253528 0.0 13 19.7936636719 2.1720486769 0 0 1 0 9 3 0 0 0 6 
399 1 6.8228 22.7767 23.0649 0.00172708 -0.00157665 5.1561e-04 0.0023946783 0.0 14 20.7276827358 2.1720486769 0 0 1 3 4 5 1 0 0 7 
456 1 8.43 18.8682 22.2167 0.00385726 -6.62623e-04 -0.00345688 0.0052218333 0.0 15 22.3815633762 2.1782637908 0 0 3 2 2 5 3 0 0 7 
316 2 0.08879 19.7051 19.8162 0.00249818 2.83549e-05 -0.00685801 0.0072989046 0.0 12 16.169231149 2.2016702993 0 0 0 0 12 0 0 0 0 5 
430 2 6.17533 26.5577 26.183 0.00179637 -0.00297393 8.89523e-04 0.0035864266 0.0 13 12.4268343486 1.9229809854 0 0 0 3 6 4 0 0 0 6 
657 2 8.49553 26.5787 26.5447 0.00103054 -0.00150212 0.00366719 0.0040947112 0.0 15 13.5482213881 1.9376422988 0 0 0 2 8 5 0 0 0 6 
676 2 4.43593 17.8969 25.4681 -0.00210978 3.69108e-04 0.0021279 0.0030191672 0.0 15 20.8913797834 2.4118273095 0 0 2 1 7 3 1 1 0 8 
661 2 2.07731 24.6397 25.6155 -0.00201639 -0.00524572 0.00103444 0.0057143218 0.0 15 17.9396065442 2.2796142374 0 0 1 2 5 7 0 0 0 6 
130 1 8.00628 19.6086 19.5774 -0.00239147 1.69715e-04 9.19889e-04 0.0025679034 0.0 14 21.2068136499 2.2303437618 0 0 1 3 4 5 1 0 0 7 
953 1 1.79079 26.5825 23.147 -1.79519e-04 0.00372208 -0.00252047 0.0044987638 0.0 14 21.8955969606 2.2305637547 0 0 0 1 10 3 0 0 0 6 
124 2 7.68964 24.5536 25.6602 0.00107924 0.00430764 0.00216247 0.0049393115 0.0 14 16.1561446594 2.1559902238 0 0 0 4 4 6 0 0 0 6 
476 2 5.87173 22.1479 25.9305 -0.00237713 -0.00152387 -0.00184336 0.0033720769 0.0 15 18.3196477561 2.1257557648 0 0 0 3 7 4 1 0 0 7 
274 1 8.64083 22.0488 21.0546 -8.73707e-04 0.00422315 -0.00110605 0.0044521575 0.0 15 21.4488095267 2.1785137273 0 0 1 4 3 5 2 0 0 7 
239 2 9.32797 26.0182 24.2254 -4.79683e-04 0.00259326 -0.00244421 0.0035957274 0.0 11 13.9280795808 2.0591432336 0 0 0 2 8 1 0 0 0 6 
835 2 10.9971 26.3184 25.7061 -0.00141718 -0.00364219 -0.001428 0.0041609051 0.0 13 12.8846561451 2.0667356878 0 0 0 1 10 2 0 0 0 6 
1 2 9.90378 24.8923 20.2702 2.69166e-04 -0.00325966 0.00237061 0.0040395081 0.0 15 19.0852050802 2.4629156715 0 0 0 2 8 5 0 0 0 6 
444 1 11.1074 19.2338 20.5426 -0.0023545 0.00218177 -1.98959e-04 0.0032161118 0.0 15 22.5706096388 2.2548298591 0 0 1 4 2 7 1 0 0 7 
520 1 13.1294 23.9408 19.2002 -0.00523392 0.00336441 9.75897e-04 0.0062980591 0.0 16 22.0297980267 2.4633275634 0 0 1 2 6 6 1 0 0 7 
948 1 14.1273 21.4379 23.449 -3.60362e-04 -7.47514e-04 0.00183067 0.0020099728 0.0 13 21.4274311327 2.2299768584 0 0 2 2 3 5 1 0 0 7 
734 1 12.928 23.5036 24.822 -0.00240642 -0.00256075 -0.0017332 0.0039181986 0.0 14 21.0333549507 2.3390570061 0 0 2 2 5 2 3 0 0 7 
256 2 16.559 20.3508 25.3676 -0.00343285 0.00175754 -0.00492798 0.0062576667 0.0 15 20.2211346038 2.2831712332 0 0 0 3 6 6 0 0 0 6 
125 1 11.3163 21.6505 25.8252 -0.00269579 0.00308652 -1.26275e-04 0.0040999799 0.0 15 21.9815726813 2.2011214167 0 0 0 3 7 4 1 0 0 7 
407 2 15.8294 26.7038 24.1637 0.00184479 -0.00158269 -3.44855e-05 0.0024309149 0.0 12 18.0354260489 2.2583712839 0 0 0 2 8 2 0 0 0 6 
61 2 11.8119 26.1661 20.8598 -0.00165622 0.00440296 0.00217127 0.0051810747 0.0 12 17.7040165433 2.2393078033 0 0 0 5 2 5 0 0 0 6 
71 1 16.1719 18.7156 18.8901 -0.00319075 0.00171115 7.24334e-04 0.0036923678 0.0 13 20.3571135601 2.250296175 0 0 0 4 4 5 0 0 0 6 
639 1 11.5409 20.2975 23.1474 0.003266 -0.00484845 0.00176031 0.0061051548 0.0 16 23.1847201589 2.2548298591 0 0 1 3 5 5 2 0 0 7 
723 1 16.1874 24.0238 19.0751 -3.85574e-04 0.00363151 0.004435 0.0057450637 0.0 15 23.409993955 2.3155577374 0 0 1 2 7 3 2 0 0 7 
499 2 17.3955 18.5422 24.0432 0.00230713 -2.25187e-04 0.00122293 0.0026208998 0.0 13 16.2839476536 2.2831712332 0 0 1 2 5 5 0 0 0 6 
980 1 14.5204 25.1664 21.7161 2.21725e-04 3.22109e-04 -0.00217963 0.0022144307 0.0 16 22.5789511767 2.2140418656 0 0 3 0 7 3 2 1 0 8 
389 1 11.1074 21.9169 19.7359 0.00566528 4.14159e-04 -0.00495289 0.0075364477 0.0 13 21.4360281509 2.3003416316 0 0 0 3 6 4 0 0 0 6 
437 1 13.491 19.1377 25.3294 -0.00155304 -4.94251e-06 0.00225281 0.0027362585 0.0 15 23.0774302082 2.2111950241 0 0 0 4 4 7 0 0 0 6 
854 1 16.2377 22.0403 21.4845 0.00143307 -0.00106727 -0.00206859 0.0027334629 0.0 17 23.8963389329 2.2831712332 0 0 1 3 7 2 4 0 0 7 
192 1 15.8989 23.3777 24.5715 0.00268644 -0.00234696 -0.00319604 0.0047895566 0.0 16 23.3582107127 2.3681933094 0 0 1 3 5 5 2 0 0 7 
308 1 17.4597 24.7138 22.3613 0.00441993 -5.5229e-04 -0.0019919 0.0048793925 0.0 12 21.216862971 2.2133818197 0 0 0 0 12 0 0 0 0 5 
490 1 13.9412 21.0247 20.0936 -0.00120194 -0.00240133 0.00222819 0.0034893948 0.0 14 21.4588579604 2.2548298591 0 0 2 2 4 4 2 0 0 7 
809 1 10.2202 18.8082 26.2942 -8.09057e-04 -0.00167922 0.00228402 0.0029480672 0.0 14 21.6318943511 2.2059698506 0 0 0 2 9 2 1 0 0 7 
777 2 13.3612 26.6711 24.6074 4.15557e-04 -0.00264628 -0.00273688 0.0038296211 0.0 14 15.9295846694 2.2079341228 0 0 2 2 4 4 2 0 0 7 
386 2 11.3532 26.3429 23.2676 4.84677e-04 -3.3489e-04 -0.00458976 0.004627414 0.0 16 16.081538431 2.1782961563 0 0 1 2 7 4 2 0 0 7 
518 1 15.2778 19.1549 21.7422 5.21565e-04 -2.32837e-04 0.00105471 0.00119944 0.0 17 22.5943690613 2.2831712332 0 0 3 2 3 6 2 1 0 8 
791 2 16.8849 18.0212 26.274 0.00205343 0.00417256 -4.10425e-04 0.0046685416 0.0 13 13.3164740486 2.0199351546 0 0 0 1 10 2 0 0 0 6 
173 1 12.6109 23.4109 21.9859 -0.00136043 -4.48218e-04 -0.00232335 0.0027294 0.0 14 20.8569118554 2.2140418656 0 0 2 2 5 3 1 1 0 8 
699 1 9.79962 17.8569 18.0669 -0.00310801 0.00300645 -0.00160755 0.004613316 0.0 13 21.1930811326 2.1905896025 0 0 0 1 10 2 0 0 0 6 
673 1 10.2317 23.1527 23.5315 0.00143904 -0.00110298 4.68787e-04 0.0018727419 0.0 16 23.124586097 2.1785137273 0 0 0 4 4 8 0 0 0 6 
834 1 13.2845 18.3499 18.9317 -6.33469e-04 0.00209771 0.00218984 0.0030979137 0.0 15 22.5142027314 2.2443431176 0 0 0 3 7 4 1 0 0 7 
59 1 14.4011 26.6597 18.8212 -0.00222338 -3.28787e-04 8.02505e-05 0.0022489908 0.0 14 21.5268183112 2.1286851988 0 0 1 2 7 2 2 0 0 7 
378 2 15.4927 26.5454 26.4792 0.00217531 0.00269799 3.20188e-04 0.0034804661 0.0 15 18.5429062016 2.3494762025 0 0 3 2 3 4 2 1 0 8 
745 1 21.5234 26.5357 23.8658 0.00258684 -1.8455e-04 -0.00206213 0.0033133337 0.0 15 22.2355089909 2.3769046905 0 0 2 3 2 6 2 0 0 7 
300 1 25.9684 25.0691 23.7348 -0.00296254 0.0014435 -0.00116616 0.0034957495 0.0 12 19.6440766309 2.0542076446 0 0 0 0 12 0 0 0 0 5 
714 2 24.1202 20.6562 18.205 0.00272551 -0.0024594 -0.00316677 0.0048482456 0.0 13 15.6098098117 2.2971129808 0 0 0 2 8 3 0 0 0 6 
440 1 24.0154 26.3775 25.2332 4.20273e-04 0.0013076 -0.00606916 0.0062226321 0.0 14 22.5719211164 2.1984365094 0 0 0 4 5 4 1 0 0 7 
120 1 21.7434 20.1445 20.1117 -0.00162881 0.00177035 -0.00136705 0.0027669454 0.0 16 21.9396148117 2.1357554918 0 0 0 1 10 5 0 0 0 6 
272 1 21.6375 23.0545 19.5771 -0.00364553 -3.13511e-04 8.91458e-04 0.0037660159 0.0 13 22.328379278 2.2898893932 0 0 0 3 6 4 0 0 0 6 
81 2 24.7733 22.5649 19.5457 -0.00327543 -0.00259315 -0.00187888 0.0045807269 0.0 15 20.2942044168 2.4681243023 0 0 1 2 5 7 0 0 0 6 
550 2 24.2987 18.5576 19.5515 0.00153793 0.00163268 -0.00140334 0.0026457959 0.0 12 14.0068638287 2.0235411108 0 0 0 0 12 0 0 0 0 5 
387 1 20.3546 23.7383 22.9175 0.00200707 -7.82312e-04 -0.00517572 0.0056061056 0.0 16 21.4526625353 2.24520083 0 0 2 4 2 4 4 0 0 7 
149 2 24.8984 20.6516 20.7507 0.0016901 1.51298e-04 -0.00229279 0.0028524051 0.0 13 16.7584845585 2.1938761182 0 0 0 1 10 2 0 0 0 6 
730 1 19.6371 25.2045 20.3978 0.00208832 5.8401e-04 -9.51539e-05 0.0021705304 0.0 15 22.4803387261 2.3155577374 0 0 1 3 5 4 2 0 0 7 
612 1 23.273 24.8099 22.1918 1.33157e-04 0.00369404 2.37357e-04 0.0037040519 0.0 16 23.9560690554 2.24520083 0 0 1 3 5 5 2 0 0 7 
91 1 24.2818 20.3594 24.1757 -0.00195295 -5.82437e-04 -0.00275515 0.0034269663 0.0 15 21.3898390425 2.1987684588 0 0 0 3 7 4 1 0 0 7 
493 1 22.0445 18.2583 24.7089 0.00383047 3.58936e-04 -5.03248e-04 0.003880025 0.0 15 22.8518511548 2.2284567396 0 0 0 3 6 6 0 0 0 6 
847 1 18.9463 23.4648 18.1362 -0.00139896 -0.00305188 0.00126019 0.0035859642 0.0 14 22.8931928405 2.318247375 0 0 0 4 4 6 0 0 0 6 
504 1 23.1408 18.621 22.2523 -0.00275688 8.05671e-04 0.0016169 0.0032960368 0.0 13 20.8701018753 2.1882811836 0 0 0 1 10 2 0 0 0 6 
618 1 22.3912 22.0309 22.5516 -0.00128143 3.27124e-04 0.00205526 0.0024440063 0.0 14 20.8844533332 2.2261933778 0 0 1 2 7 2 2 0 0 7 
794 1 19.0666 22.5001 26.0598 8.77262e-04 -0.00134774 -0.00317263 0.003556905 0.0 14 20.0439070864 2.112704767 0 0 0 2 8 4 0 0 0 6 
928 1 22.4109 25.7117 18.9248 0.00313537 0.00119236 3.9565e-06 0.0033544423 0.0 14 21.3466544318 2.318247375 0 0 0 3 6 5 0 0 0 6 
43 1 21.3464 21.5902 25.0818 4.38087e-04 2.20717e-04 -6.80899e-04 8.3920180044e-04 0.0 13 19.8931972261 2.166905984 0 0 0 1 10 2 0 0 0 6 
738 1 25.2712 22.6217 22.8108 -0.00144887 -0.00122104 0.0018258 0.0026312941 0.0 13 20.2094883982 2.1681620354 0 0 0 1 10 2 0 0 0 6 
652 1 23.7261 23.2557 25.5883 -0.00209454 0.00374864 -0.00185127 0.0046761737 0.0 17 22.5407864458 2.24520083 0 0 1 2 7 5 2 0 0 7 
785 1 20.4278 19.7949 22.7464 -9.61087e-04 4.36883e-04 8.82495e-04 0.0013759914 0.0 14 20.2838701072 2.1087680847 0 0 1 2 7 2 2 0 0 7 
172 1 20.8576 24.5832 25.6697 1.59253e-04 -0.00558642 0.00122557 0.0057214921 0.0 12 21.5451957921 2.3425727128 0 0 1 2 6 2 1 0 0 7 
105 1 25.9414 25.1087 20.7924 -0.00263529 -0.00218864 0.00114907 0.0036132064 0.0 15 23.3879767389 2.3428057565 0 0 0 1 10 4 0 0 0 6 
39 1 19.2449 22.0456 20.8079 0.00122187 6.69428e-04 -3.49672e-04 0.0014364438 0.0 13 20.9744051386 2.2805001804 0 0 0 2 8 3 0 0 0 6 
839 1 18.01 25.2218 25.3077 0.00243602 -0.0019346 -6.53657e-04 0.0031787007 0.0 17 23.2507100421 2.3769046905 0 0 0 2 8 7 0 0 0 6 
187 2 19.2587 19.2442 25.8807 4.55515e-04 0.00155513 0.00190967 0.0025045484 0.0 14 17.7090103562 2.1473599775 0 0 0 2 8 4 0 0 0 6 
776 2 26.3102 20.0748 26.157 0.00534827 -0.00411767 -0.00566875 0.0088144157 0.0 14 17.0996688639 2.226549854 0 0 0 3 7 3 1 0 0 7 
335 1 26.082 18.0891 22.4967 -2.86102e-04 -9.18554e-04 5.42228e-04 0.0011043582 0.0 15 22.01352033 2.2530002987 0 0 1 1 8 4 1 0 0 7 
245 1 18.5669 20.497 18.4469 7.5676e-04 4.8108e-04 -0.00110245 0.001421098 0.0 14 20.4601558388 2.2805001804 0 0 0 3 6 5 0 0 0 6 
626 1 18.1972 19.253 20.8863 -0.001914 0.0012448 -1.51534e-05 0.0022832329 0.0 13 21.0241833207 2.2396710072 0 0 0 1 10 2 0 0 0 6 
833 1 18.5483 21.5703 23.5064 9.29804e-04 0.00285718 0.00241933 0.003857612 0.0 15 20.8640892968 2.282577924 0 0 2 1 7 2 3 0 0 7 
260 2 20.0415 17.8501 18.7042 0.00317802 -0.00465997 4.56589e-04 0.0056589403 0.0 15 17.1784039352 2.081899809 0 0 2 3 4 3 2 1 0 8 
