# Particles (1000 particles):
# "Particle Identifier" "Particle Type" Position.X Position.Y Position.Z Velocity.X Velocity.Y Velocity.Z "Velocity Magnitude" Centrosymmetry Coordination "Atomic Volume" "Cavity Radius" "Voronoi Index.1" "Voronoi Index.2" "Voronoi Index.3" "Voronoi Index.4" "Voronoi Index.5" "Voronoi Index.6" "Voronoi Index.7" "Voronoi Index.8" "Voronoi Index.9" "Max Face Order"
962 1 5.257 8.32575 2.75628 5.79951e-04 -0.00320846 0.00150668 0.0035917466 0.0 14 20.9332551127 2.1844750062 0 0 1 4 2 6 1 0 0 7 
515 2 3.2188 1.09304 2.30453 -0.00196171 -0.00167247 -0.00203174 0.0032822903 0.0 15 13.802058528 1.9065358679 0 0 0 4 4 7 0 0 0 6 
895 2 3.20405 5.37835 5.13386 -0.00154821 -8.74033e-04 0.00199579 0.0026728385 0.0 13 16.6201890469 2.2780229626 0 0 1 3 4 4 1 0 0 7 
967 1 5.90973 8.58535 7.13778 -9.02669e-04 0.00443026 -0.0021002 0.0049852638 0.0 13 22.6430895569 2.4207967881 0 0 0 1 10 2 0 0 0 6 
286 2 7.92834 4.42755 5.77916 0.00109354 -2.57145e-04 -0.00237765 0.0026296716 0.0 15 16.1546309742 2.3387414917 0 0 3 4 1 3 2 2 0 8 
378 2 0.801449 1.3866 2.93583 -0.00143713 6.16832e-04 -0.00133017 0.0020530895 0.0 14 16.4570252647 2.3250352202 0 0 3 2 3 3 2 1 0 8 
291 2 5.56006 6.5809 4.99509 -7.35622e-05 7.47299e-04 -0.00166956 0.001830655 0.0 13 17.2478355606 2.4313806313 0 0 1 2 6 3 1 0 0 7 
737 2 1.81114 2.26147 5.72844 -0.00212942 0.00162741 -6.82246e-04 0.0027655655 0.0 15 14.0258917393 2.2173354646 0 0 5 2 1 2 2 3 0 8 
749 2 3.47836 6.02025 7.42719 0.00119896 -0.00437847 -5.77929e-04 0.0045762983 0.0 13 15.0289710057 2.4313806313 0 0 0 2 8 3 0 0 0 6 
145 2 5.3008 4.1661 4.90905 3.49587e-04 0.00166403 0.0015187 0.002279837 0.0 13 13.341478101 1.9193704758 0 0 0 1 10 2 0 0 0 6 
787 2 3.17102 3.52025 3.71399 8.92889e-04 0.00272341 6.82412e-04 0.0029461668 0.0 16 16.4508402837 2.2173354646 0 0 1 3 6 4 1 1 0 8 
729 2 7.32972 1.55199 5.11829 6.10764e-04 8.04051e-04 -0.0035331 0.0036745512 0.0 15 14.904214971 2.0692081008 0 0 0 2 8 5 0 0 0 6 
254 2 3.86141 3.48332 6.95892 -0.00155717 0.00108327 1.71624e-04 0.0019046541 0.0 15 13.8731770773 2.0703716512 0 0 0 6 2 5 2 0 0 7 
807 1 7.05745 9.59347 4.26535 0.00133167 -3.83716e-04 -2.11381e-04 0.0014018791 0.0 16 23.3098798338 2.2964029506 0 0 1 4 3 7 0 1 0 8 
695 2 9.96013 5.42211 6.98811 0.0031527 -1.60933e-04 0.00157285 0.0035269355 0.0 14 15.0734614086 2.3391004946 0 0 2 4 2 3 2 1 0 8 
342 2 0.58036 0.244108 5.61195 2.20507e-04 0.00116525 0.00164784 0.0020302235 0.0 13 13.6776669138 2.3250352202 0 0 1 4 1 7 0 0 0 6 
534 2 8.43919 4.32985 8.63004 -0.00172298 0.00129347 -0.00305509 0.0037383552 0.0 14 18.3033165496 2.4918529776 0 0 0 3 6 5 0 0 0 6 
798 1 2.56007 7.91901 3.75688 0.00134923 -0.00105685 0.00248348 0.0030174536 0.0 14 21.3087486719 2.4313806313 0 0 0 2 9 2 1 0 0 7 
14 1 8.30054 7.54259 8.89422 0.00208497 -0.00200585 -4.30133e-05 0.0028935073 0.0 14 22.7356403779 2.3391004946 0 0 0 3 6 5 0 0 0 6 
175 2 0.711782 0.857639 0.166821 0.00472933 -0.00269812 2.11394e-04 0.0054489541 0.0 18 19.4040207365 2.2983013662 0 0 2 6 2 2 4 2 0 8 
442 2 6.06184 3.16196 7.61079 1.75428e-04 6.33011e-04 0.00460766 0.0046542463 0.0 13 14.2979576502 2.4245081614 0 0 0 3 6 4 0 0 0 6 
849 1 0.883479 8.65235 1.72411 -5.30352e-04 -0.00184892 1.81009e-04 0.001931979 0.0 15 21.3553114619 2.3542481412 0 0 0 1 11 2 1 0 0 7 
137 2 1.89854 3.17512 1.54401 -6.10878e-04 -0.00525006 0.00301237 0.0060836399 0.0 13 16.6619980187 2.1260526994 0 0 0 3 6 4 0 0 0 6 
669 2 8.09294 1.85155 0.938322 -0.00116747 -0.00203106 -0.00191494 0.0030257538 0.0 14 12.1471558873 1.7923402045 0 0 1 2 7 2 2 0 0 7 
297 2 5.47823 4.76555 2.64031 -0.00211107 4.13121e-04 -4.88404e-04 0.0022058613 0.0 14 16.7651063178 2.1838675591 0 0 0 2 9 2 1 0 0 7 
610 2 3.61148 1.74871 9.02365 -0.00140619 0.00128216 7.83134e-04 0.0020578152 0.0 14 15.8141073361 2.1366397399 0 0 2 3 4 1 4 0 0 7 
501 2 4.12126 3.13662 1.18283 -3.43174e-04 3.96865e-04 -5.9914e-04 7.9639121172e-04 0.0 12 12.7997361017 1.8988037193 0 0 0 0 12 0 0 0 0 5 
423 2 6.90287 6.85657 0.357842 0.00567119 5.99091e-04 0.00199559 0.006041828 0.0 16 20.5071095608 2.2906446226 0 0 1 5 3 3 4 0 0 7 
188 2 7.45475 3.70545 3.30294 9.65704e-04 3.50293e-04 0.00191182 0.002170333 0.0 12 12.2817752023 1.859010463 0 0 0 2 8 2 0 0 0 6 
221 2 8.4102 2.25391 7.7297 0.00249509 3.28311e-04 -0.00283195 0.0037885621 0.0 15 13.9196175957 1.9350651688 0 0 1 2 7 3 2 0 0 7 
457 1 0.361255 5.39668 3.16259 0.00366099 0.00180939 -3.48544e-04 0.0040985635 0.0 16 23.5298251287 2.2173354646 0 0 1 1 8 5 1 0 0 7 
940 2 26.3503 2.74976 4.5987 -0.00476197 0.00443862 0.00244178 0.006952697 0.0 15 17.4437336319 2.2846066122 0 0 2 5 2 1 4 1 0 8 
11 2 3.01642 8.45451 8.25074 -0.00185278 -8.40516e-04 0.00263762 0.0033311109 0.0 14 17.9891064581 2.41857524 0 0 0 3 6 5 0 0 0 6 
717 2 2.88339 0.280135 7.17412 -0.00420878 -8.10026e-04 -6.18767e-05 0.0042864671 0.0 17 14.8996989437 1.993290562 0 0 0 5 5 4 3 0 0 7 
766 1 2.89356 6.2495 1.57123 -1.77565e-04 -4.38771e-04 -0.00219759 0.0022479882 0.0 17 22.1300315132 2.18483067 0 0 0 3 7 6 1 0 0 7 
292 2 4.64606 1.69969 5.22076 5.25383e-04 0.00216442 -0.00521892 0.0056743165 0.0 13 14.1126505619 1.9111098546 0 0 0 4 4 5 0 0 0 6 
994 2 1.51321 4.49264 6.94236 -0.0013066 -0.0036788 -0.00163661 0.0042331153 0.0 15 14.6464833627 2.2173354646 0 0 1 3 4 6 1 0 0 7 
23 2 2.6505 0.420416 4.5968 0.00385967 -0.00287578 1.7649e-04 0.0048164626 0.0 12 12.6010836675 1.8615060749 0 0 0 2 8 2 0 0 0 6 
602 2 7.6981 6.64185 4.1678 0.00466279 -7.01647e-04 5.54633e-04 0.0047477928 0.0 18 18.7533702517 2.304483472 0 0 3 5 2 2 3 3 0 8 
279 2 6.12219 1.67961 2.64148 0.00239915 -0.0023654 2.00509e-04 0.0033750914 0.0 15 14.4641390163 1.9193704758 0 0 0 2 8 5 0 0 0 6 
494 2 5.83821 5.52038 7.01473 -0.0025363 -0.00235033 2.84532e-04 0.0034695572 0.0 15 17.1778501649 2.3391004946 0 0 0 4 5 5 1 0 0 7 
345 2 8.21431 5.55156 1.99348 -9.29799e-04 -7.62471e-04 1.52093e-05 0.0012025471 0.0 13 14.3420448208 2.1968161765 0 0 2 2 5 2 1 1 0 8 
247 2 19.084 6.74639 6.81161 2.19608e-04 0.00277191 0.00381844 0.0047235788 0.0 13 12.5884500602 1.8934459639 0 0 1 2 6 3 1 0 0 7 
432 2 14.4063 26.5175 5.29488 2.61565e-04 -7.30342e-04 -0.0010997 0.0013457919 0.0 14 15.4559864045 2.2097986042 0 0 1 3 4 5 1 0 0 7 
471 2 11.2427 6.0965 8.93345 -0.00148595 -0.00475411 -9.59008e-05 0.0049818477 0.0 13 14.2815366051 2.1346817473 0 0 0 3 6 4 0 0 0 6 
161 2 12.8216 5.14072 6.62303 0.00152589 0.00436766 -5.43855e-04 0.0046583873 0.0 16 15.5362666885 2.0043471345 0 0 1 3 6 3 3 0 0 7 
842 2 14.4619 7.186 6.70237 5.31992e-04 0.00218967 -4.30983e-04 0.0022942137 0.0 14 15.6067561606 2.2020995768 0 0 2 4 2 2 4 0 0 7 
309 1 14.0504 6.59362 1.44981 -0.00203476 -1.46679e-04 0.00380587 0.0043181488 0.0 15 21.2351058145 2.2191632938 0 0 0 3 6 6 0 0 0 6 
637 2 15.5459 6.08657 8.48693 -0.00180267 -4.48326e-04 -0.00145536 0.0023598068 0.0 14 13.8536517477 2.093922671 0 0 1 2 7 2 2 0 0 7 
146 2 11.7103 1.32621 6.46517 -0.00178264 0.00115923 0.00241815 0.0032201039 0.0 14 13.2385126988 1.9472295868 0 0 1 5 1 5 2 0 0 7 
549 2 10.8921 1.75604 1.00689 0.00122273 5.41469e-04 0.00135642 0.0019047657 0.0 15 13.0653257548 2.0453379883 0 0 0 3 6 6 0 0 0 6 
230 2 10.3586 0.54317 8.49463 -0.00245719 -0.00117683 -9.1028e-04 0.0028725113 0.0 14 13.0739999718 1.8625122434 0 0 0 3 6 5 0 0 0 6 
394 2 12.0384 0.0969552 4.39232 -6.84843e-04 0.00182546 -0.0010771 0.0022274332 0.0 13 13.3764265808 1.9684145532 0 0 0 3 6 4 0 0 0 6 
219 1 15.9968 7.48226 3.24889 0.00289717 -0.00169709 0.00173459 0.0037792209 0.0 15 21.2853249189 2.2065366437 0 0 0 2 8 5 0 0 0 6 
765 2 8.93827 1.89386 3.1705 0.00141218 0.00288538 -0.00375396 0.0049408386 0.0 13 12.3142805881 1.9252210812 0 0 0 3 6 4 0 0 0 6 
42 1 8.99393 8.57873 6.31043 0.00262226 9.94419e-04 -0.0030305 0.0041290492 0.0 15 22.0203044314 2.3391004946 0 0 2 2 4 5 2 0 0 7 
459 2 12.0918 7.3738 6.91651 2.66132e-04 3.91474e-04 -0.00114323 0.0012373573 0.0 15 17.8100583885 2.1869531122 0 0 2 2 5 3 3 0 0 7 
898 1 16.6319 0.546958 2.7154 -0.00126878 0.00382609 0.00291879 0.0049767562 0.0 15 22.7428873945 2.2160787596 0 0 0 5 2 8 0 0 0 6 
422 2 12.379 5.02015 4.32986 0.00317672 0.00157001 0.00145313 0.0038298914 0.0 13 12.889640876 1.9730017589 0 0 2 2 4 3 2 0 0 7 
566 2 9.82822 1.60432 5.2474 0.00380857 0.00103039 -3.90753e-04 0.0039647947 0.0 14 12.8858295803 1.9283311075 0 0 1 4 3 4 2 0 0 7 
973 2 16.4222 3.32454 4.97251 -7.40248e-04 0.00140999 -0.00323756 0.0036080235 0.0 13 15.1397604034 2.2097986042 0 0 0 2 8 3 0 0 0 6 
592 2 10.6811 3.49145 8.3643 -0.00332043 3.21236e-04 -7.15341e-04 0.003411768 0.0 14 13.7994105857 1.911418573 0 0 1 1 8 3 1 0 0 7 
83 2 15.4497 4.0983 7.11133 7.71042e-04 -0.00117842 0.00526657 0.0054515997 0.0 13 13.0103177995 2.0043471345 0 0 0 3 6 4 0 0 0 6 
700 2 16.5951 5.85861 6.18441 -0.00302218 -8.34235e-05 -0.00236536 0.0038386794 0.0 14 13.7499046636 1.9752628831 0 0 0 3 6 5 0 0 0 6 
986 2 11.1225 3.59522 5.86873 -3.46608e-04 0.0044063 -0.00375721 0.0058010554 0.0 13 12.8911232987 1.9496534776 0 0 0 4 4 5 0 0 0 6 
224 2 11.2762 2.35552 3.49821 -2.41142e-04 0.00236022 0.00356807 0.0042848467 0.0 15 12.412251342 1.9252210812 0 0 0 3 6 6 0 0 0 6 
539 2 12.7697 3.86761 2.28031 -0.00336461 0.00107769 0.00198887 0.0040543335 0.0 14 14.2290717127 2.1375710246 0 0 1 3 4 5 1 0 0 7 
660 2 15.4341 3.52632 2.73264 -9.22897e-04 9.80834e-04 0.00247678 0.0028192576 0.0 15 19.3314905026 2.1421058375 0 0 1 3 4 6 1 0 0 7 
336 2 9.61955 3.82419 1.53194 0.00187645 -0.0015069 -0.00232859 0.0033487525 0.0 15 12.4172995179 1.8029345058 0 0 1 2 6 5 1 0 0 7 
448 2 16.2263 0.314771 8.19395 0.00382065 0.00155644 0.00235282 0.0047492772 0.0 13 15.993049994 2.3005521924 0 0 2 1 6 2 2 0 0 7 
720 2 9.64381 3.91411 3.99205 -0.00217557 -0.00297846 -0.00264652 0.0045396472 0.0 14 11.5482799825 1.8197754127 0 0 1 3 5 3 2 0 0 7 
978 1 16.1158 8.58397 0.159952 0.00318647 5.0158e-04 4.27367e-04 0.0032538925 0.0 13 20.1362079077 2.2198350425 0 0 0 2 8 3 0 0 0 6 
941 2 16.7774 8.67282 6.21925 -0.00198608 -0.00132034 -3.08452e-05 0.0023851128 0.0 16 17.8118483808 2.2162831102 0 0 3 3 3 3 2 2 0 8 
829 1 13.2015 7.8517 3.92853 -0.00190618 5.823e-04 6.02565e-04 0.0020822296 0.0 16 22.3097523396 2.424018924 0 0 2 5 1 3 5 0 0 7 
285 2 14.8277 4.9861 4.42464 -1.65032e-04 -9.34704e-04 -5.70056e-04 0.0011071906 0.0 13 15.1341996413 2.0748645563 0 0 0 4 4 5 0 0 0 6 
906 2 10.9988 5.57756 2.52063 -1.39576e-04 -1.03966e-04 5.67673e-04 5.9375333587e-04 0.0 15 15.7320413447 2.2306854339 0 0 1 2 6 5 1 0 0 7 
843 2 13.7187 2.81816 4.66695 -0.00334368 -9.12921e-04 7.80444e-04 0.0035528458 0.0 16 16.1358557634 2.2097986042 0 0 0 2 8 6 0 0 0 6 
239 2 13.0751 1.38357 2.27993 -4.8382e-04 -0.00182215 8.49533e-04 0.0020678537 0.0 14 16.090748654 2.1901560323 0 0 0 4 5 4 1 0 0 7 
662 1 16.8444 5.74712 0.983081 2.30157e-05 -0.00232504 -7.97586e-04 0.0024581465 0.0 13 20.6042736973 2.2252581701 0 0 0 4 4 5 0 0 0 6 
495 1 15.3166 1.69494 26.5812 8.20283e-04 0.00260464 -0.00331405 0.0042941753 0.0 16 23.3545614384 2.2207041291 0 0 1 3 4 7 1 0 0 7 
668 2 10.3562 6.04071 4.70547 -4.0097e-04 -4.08683e-04 -0.00421985 0.004258513 0.0 14 15.9351391421 2.2044808806 0 0 3 4 0 3 3 1 0 8 
968 1 18.0426 2.88791 1.1574 0.00157214 -0.00536426 -2.66109e-04 0.005596224 0.0 14 21.8860781545 2.2163807673 0 0 0 6 0 8 0 0 0 6 
886 2 12.9686 26.6981 7.74859 4.36289e-04 6.73175e-04 -0.00307105 0.0031740921 0.0 16 13.7670679955 2.0720176349 0 0 0 4 5 6 1 0 0 7 
206 2 17.9058 4.65543 8.20037 0.0023614 -0.00121317 3.76931e-04 0.0026814303 0.0 14 12.5828125337 1.9796087163 0 0 1 3 5 3 2 0 0 7 
537 1 10.7646 9.19818 3.8213 -0.00299297 3.28343e-04 0.00156469 0.0033932187 0.0 15 23.1919795353 2.424018924 0 0 1 4 4 4 1 1 0 8 
58 2 0.386316 1.82453 7.84915 3.43403e-06 -2.72506e-04 6.41623e-04 6.9710213508e-04 0.0 16 14.3554870829 2.0703716512 0 0 1 4 4 5 1 1 0 8 
861 2 17.6331 5.21147 4.11053 -6.08331e-04 9.21949e-04 0.00251614 0.0027479114 0.0 15 18.1316916493 2.1088129107 0 0 0 4 4 7 0 0 0 6 
233 2 25.1805 7.92738 6.7392 -0.001737 -8.88826e-04 -0.00193918 0.0027509271 0.0 14 12.530151876 1.9089585401 0 0 0 3 7 3 1 0 0 7 
216 1 26.661 6.08108 0.0473103 -0.00338209 0.00275481 0.00150963 0.0046158958 0.0 13 21.4716520612 2.1812568102 0 0 1 2 5 5 0 0 0 6 
550 2 26.2784 6.45955 8.40111 -0.00266955 -1.36636e-04 -0.00357185 0.0044613091 0.0 15 13.9751997909 1.924527671 0 0 1 1 8 4 1 0 0 7 
781 1 24.2553 1.30718 2.43682 -0.00419945 0.00220307 -0.00104985 0.0048570652 0.0 16 23.8916875143 2.3250352202 0 0 1 2 8 2 3 0 0 7 
846 1 22.7565 3.56425 0.741419 9.5385e-04 0.00339372 -5.97839e-04 0.0035755526 0.0 15 22.6235143463 2.2927524325 0 0 2 2 5 3 3 0 0 7 
623 1 24.3953 1.76515 26.1421 -0.00544222 9.42417e-04 6.36738e-04 0.0055597971 0.0 15 22.7661502 2.2983013662 0 0 2 2 5 3 3 0 0 7 
487 2 0.828742 6.84996 6.54237 0.00292212 0.00235605 -0.00151725 0.0040486793 0.0 13 16.1519328525 2.3134048554 0 0 0 3 6 4 0 0 0 6 
826 2 21.7372 6.05318 9.82898 0.0013448 7.84313e-04 0.00339852 0.0037381241 0.0 14 12.9255091321 1.9270614149 0 0 0 4 4 6 0 0 0 6 
857 2 17.6134 2.58667 7.09732 -0.0038739 6.27631e-04 4.2431e-04 0.0039472853 0.0 16 17.1373224113 2.3066604718 0 0 1 2 7 4 2 0 0 7 
65 2 21.5382 7.21376 7.07452 -0.00167943 -0.00265816 0.00233591 0.0039169855 0.0 14 12.855050885 1.9091630822 0 0 2 2 3 6 1 0 0 7 
872 2 24.3524 5.1867 7.93708 0.00169017 -0.00171362 -0.00544184 0.0059503606 0.0 12 12.1182531803 1.8196254262 0 0 0 3 6 3 0 0 0 6 
666 1 21.7747 6.64219 0.630866 -0.00351066 -5.18913e-04 0.00148509 0.0038470114 0.0 12 20.2191584796 2.3487933327 0 0 1 2 5 4 0 0 0 6 
15 2 21.6467 8.50817 4.13442 6.03025e-04 -0.00144523 -0.00324709 0.0036049858 0.0 16 16.8705088799 2.4029579566 0 0 2 4 3 3 3 1 0 8 
261 2 23.9837 7.89868 4.72973 -0.00161255 3.69747e-04 -0.0013664 0.0021457118 0.0 13 15.3319797844 2.2926640214 0 0 2 1 5 4 1 0 0 7 
564 2 23.4781 7.2513 8.47572 9.42327e-04 -8.59763e-04 0.00251057 0.0028160494 0.0 13 11.6850504665 1.8336039061 0 0 0 3 6 4 0 0 0 6 
259 1 21.0452 9.41924 1.36806 -0.00192572 0.00112672 0.00582185 0.006234728 0.0 16 23.3618964972 2.4029579566 0 0 2 3 4 4 2 1 0 8 
30 1 19.0176 0.180081 1.04866 -7.54819e-04 -0.0035544 0.00472679 0.0059620512 0.0 14 19.9271803886 2.2007314488 0 0 1 3 5 3 2 0 0 7 
318 2 18.8244 4.67838 5.97418 2.81872e-04 -0.00323159 0.00324816 0.0045905522 0.0 12 13.9310099265 2.0692320072 0 0 1 2 5 4 0 0 0 6 
793 2 22.9347 5.9138 5.91525 0.00134002 -0.00277551 -6.02862e-05 0.0030826521 0.0 14 13.335003556 1.9522211836 0 0 0 3 6 5 0 0 0 6 
370 2 19.3005 8.97834 7.73356 -0.00196714 0.00207587 0.0030305 0.0041668701 0.0 12 12.2820572441 1.9726279401 0 0 1 4 2 4 1 0 0 7 
107 2 22.5613 3.84499 9.48452 -3.10489e-04 6.84489e-04 7.49587e-04 0.0010615127 0.0 14 13.1021395068 1.9270614149 0 0 0 4 5 4 1 0 0 7 
880 2 21.2893 4.92961 7.29895 -0.00192893 9.33902e-04 -9.66288e-04 0.0023508842 0.0 15 13.5498719755 1.881494371 0 0 0 2 8 5 0 0 0 6 
523 2 20.8765 2.61622 6.63465 -0.00136213 2.87634e-04 -0.00254347 0.0028995467 0.0 15 17.5783447327 2.2463569669 0 0 3 1 4 5 1 1 0 8 
56 2 25.4606 5.47984 5.69644 0.00212334 -6.53123e-04 0.00281942 0.0035894667 0.0 15 15.919601528 2.1173413843 0 0 1 3 5 5 0 1 0 8 
638 2 23.5388 3.18091 6.56482 0.00233776 -0.00123146 0.00385648 0.0046748319 0.0 15 15.9168316336 2.1854810557 0 0 1 2 7 3 2 0 0 7 
244 1 25.4523 3.63526 1.24249 0.00157897 0.00334583 0.00378427 0.0052922986 0.0 13 21.1450256723 2.1260526994 0 0 0 1 10 2 0 0 0 6 
966 2 26.2755 8.2646 4.71446 -8.33186e-04 0.00188823 0.00110713 0.002342082 0.0 12 16.6502365991 2.1171035837 0 0 0 0 12 0 0 0 0 5 
85 1 19.2168 7.36502 1.73532 0.00221169 0.00353991 -0.0026682 0.0049539708 0.0 16 22.8719444319 2.2214257173 0 0 0 4 4 8 0 0 0 6 
636 2 25.2632 1.41011 6.16031 -0.00141306 -0.00149694 7.56589e-04 0.00219317 0.0 14 15.1794568214 2.3218876882 0 0 2 3 3 3 3 0 0 7 
5 2 21.3281 4.20346 4.6837 5.67856e-04 -9.17879e-04 -0.00192408 0.0022061383 0.0 14 17.5964334623 2.2487808741 0 0 1 3 5 3 2 0 0 7 
836 2 20.2749 6.3783 4.58283 6.39303e-04 1.56408e-04 1.71964e-04 6.8025245723e-04 0.0 13 15.5899389159 2.0385040064 0 0 1 2 5 5 0 0 0 6 
593 2 22.4801 6.24974 3.34629 1.52516e-04 0.00233073 2.89127e-04 0.0023535416 0.0 13 16.9243269172 2.3806878089 0 0 2 3 2 4 2 0 0 7 
437 1 22.6136 0.444112 5.08104 -0.00318114 4.74831e-04 -6.88783e-04 0.0032893066 0.0 16 23.3800792256 2.2487808741 0 0 1 2 7 4 2 0 0 7 
896 1 20.1274 4.2418 1.95777 -0.00257962 0.00256162 0.00191974 0.0041111723 0.0 15 22.3048144452 2.2353520402 0 0 1 4 3 5 2 0 0 7 
19 1 21.296 1.05069 2.62371 8.14353e-06 -3.04638e-04 -0.00238617 0.0024055515 0.0 15 22.8371001373 2.2927524325 0 0 2 2 5 3 3 0 0 7 
691 2 23.8615 4.15216 3.72181 -4.33174e-04 -0.00105559 0.00586435 0.005974321 0.0 17 20.5885768537 2.2487808741 0 0 3 4 2 2 5 1 0 8 
339 1 18.9859 2.04128 3.86895 -2.73262e-04 0.00152685 0.00176674 0.0023510239 0.0 16 22.4688020924 2.2463569669 0 0 0 4 5 6 1 0 0 7 
704 1 24.8356 6.82261 1.84969 0.00233849 0.00437359 -4.21354e-04 0.0049773853 0.0 17 22.4192963412 2.4029579566 0 0 0 3 7 6 1 0 0 7 
371 2 22.4613 1.56134 8.198 -0.0012383 0.00143488 -0.0032566 0.003767985 0.0 13 16.4787062007 2.2321113193 0 0 2 2 3 5 1 0 0 7 
395 2 25.8761 3.56536 6.83669 0.00228616 -2.5997e-04 0.00702664 0.0073937664 0.0 13 11.9566364803 1.9384578762 0 0 2 4 1 3 3 0 0 7 
3 2 0.773436 9.04378 9.34419 2.21849e-04 0.0022011 3.24615e-04 0.0022359412 0.0 15 13.4127171061 1.9089585401 0 0 0 3 6 6 0 0 0 6 
856 1 5.25769 11.5174 7.39987 8.0167e-06 -6.94907e-04 -0.0016143 0.0017575336 0.0 14 22.9222803813 2.2752771771 0 0 0 3 7 3 1 0 0 7 
859 1 3.59329 10.2207 5.20776 4.60251e-04 0.00177764 -6.82637e-04 0.0019590376 0.0 17 23.7291899099 2.4313806313 0 0 0 2 10 3 2 0 0 7 
576 1 2.4707 17.2067 0.928711 -2.65388e-04 -0.00201839 2.05283e-04 0.0020460865 0.0 16 22.3229940077 2.2776163802 0 0 1 4 5 4 1 0 1 9 
598 1 0.62744 11.3482 0.330134 0.00203956 -9.72458e-04 0.00322561 0.0039382787 0.0 16 23.8504415674 2.4034747635 0 0 2 2 6 2 4 0 0 7 
914 1 5.24536 11.72 3.35214 0.00117648 2.67112e-04 0.00282645 0.0030731537 0.0 14 20.8652126948 2.2520661379 0 0 0 4 4 6 0 0 0 6 
104 2 2.50166 10.8493 8.0705 6.80745e-05 0.0052153 0.00185046 0.0055342742 0.0 12 16.4861508497 2.2368253953 0 0 1 2 6 2 1 0 0 7 
757 1 3.38399 15.499 3.14494 -0.00588789 0.00112137 0.00600365 0.0084834269 0.0 16 21.9565028841 2.1937998481 0 0 1 3 4 7 1 0 0 7 
472 1 2.39173 12.8721 3.87722 -9.81617e-04 0.00286781 0.00269411 0.0040553834 0.0 15 22.8821019216 2.3273199771 0 0 1 3 4 6 1 0 0 7 
764 1 5.24374 14.9073 8.00382 -0.00293372 -0.0012723 -0.00186327 0.0037009776 0.0 14 22.8082215416 2.2649740848 0 0 0 1 10 3 0 0 0 6 
530 1 6.71048 12.9775 26.3549 0.0031375 -9.69303e-04 -9.65244e-04 0.0034227402 0.0 15 21.7270776279 2.1581327734 0 0 0 4 5 5 1 0 0 7 
234 1 4.06308 13.0898 0.972296 -5.3674e-05 0.00145389 0.00386268 0.0041275869 0.0 13 22.4039134247 2.3177034162 0 0 1 4 2 5 1 0 0 7 
680 1 4.94912 13.7456 5.43532 0.00293358 -9.55485e-04 0.00308628 0.0043639394 0.0 13 21.1706407883 2.197696198 0 0 0 2 8 3 0 0 0 6 
106 2 0.326971 16.5842 7.01418 3.94858e-04 -0.00188193 1.99286e-04 0.0019332067 0.0 13 12.9799467214 2.0917754139 0 0 1 2 6 3 1 0 0 7 
28 1 8.72254 8.92379 1.98017 0.00206053 9.37214e-05 -0.00321478 0.0038196044 0.0 16 23.7747828692 2.3185284946 0 0 1 4 2 8 1 0 0 7 
235 1 6.25476 10.3475 0.851744 1.32945e-04 0.00126378 -0.00326942 0.0035076946 0.0 15 22.0680119241 2.3185284946 0 0 1 3 5 4 2 0 0 7 
136 2 0.8003 14.0862 8.18371 -0.00166679 -7.8104e-04 -0.00203645 0.0027450576 0.0 13 14.3266378137 2.1418067561 0 0 0 4 4 5 0 0 0 6 
110 1 7.61782 15.0025 5.74504 -0.0010573 0.00265637 -8.6194e-04 0.0029861556 0.0 12 20.4062158477 2.1810263674 0 0 0 0 12 0 0 0 0 5 
255 1 8.39405 16.6214 8.19314 -8.96366e-04 -0.00329687 7.67563e-04 0.0035017105 0.0 12 21.5388036169 2.2600208505 0 0 0 2 8 2 0 0 0 6 
567 2 2.24806 15.4386 6.48684 -0.00349379 -1.04816e-04 8.72441e-04 0.0036025974 0.0 14 16.7620395992 2.1763207014 0 0 0 4 4 6 0 0 0 6 
335 1 1.73321 14.353 26.6432 6.20306e-04 0.00266952 0.0011125 0.0029578325 0.0 15 21.0964713486 2.3273199771 0 0 2 3 4 3 2 1 0 8 
269 2 4.55944 18.4796 7.33462 -0.00151795 -0.00116038 -0.00303843 0.0035892493 0.0 14 17.5233901108 2.2649740848 0 0 1 4 4 2 3 0 0 7 
983 1 7.51494 13.1691 8.43141 7.3426e-04 -6.95543e-05 4.1709e-04 8.4731317489e-04 0.0 16 23.4580647861 2.4930382184 0 0 1 2 6 6 1 0 0 7 
719 1 0.955449 10.6103 3.8159 8.96684e-04 0.00847233 -0.00280549 0.0089696818 0.0 13 20.5641222424 2.2314915397 0 0 1 0 9 3 0 0 0 6 
603 1 0.594078 15.0945 2.27077 0.00389665 0.00187113 -0.00100454 0.0044378046 0.0 15 20.9762851224 2.3273199771 0 0 3 1 4 5 1 1 0 8 
640 2 2.66165 13.1361 7.29817 -3.92016e-04 0.00556988 0.00322904 0.0064501116 0.0 13 18.3381172703 2.2558331636 0 0 0 3 6 4 0 0 0 6 
692 2 0.405472 14.2555 5.35086 -0.00154288 0.00239981 -0.00131027 0.0031394863 0.0 15 16.2224525378 2.1265298261 0 0 2 3 3 4 3 0 0 7 
218 1 5.55264 17.0577 2.16002 5.54281e-04 0.00133317 0.00111859 0.0018264209 0.0 13 20.721082913 2.2053558138 0 0 1 0 9 3 0 0 0 6 
360 2 0.95263 9.30201 6.60061 -0.00230633 -0.00234134 -0.00147258 0.0036013224 0.0 14 16.6574963334 2.2830849885 0 0 2 0 6 6 0 0 0 6 
452 1 6.37816 14.4957 2.85795 6.3481e-04 -0.00200528 -0.00203405 0.0029260026 0.0 14 21.4780570321 2.1691293686 0 0 0 1 10 3 0 0 0 6 
97 1 3.40081 10.3 1.89628 0.00229084 -0.00182453 -4.3338e-04 0.0029605195 0.0 13 20.4421793139 2.2492192871 0 0 0 1 10 2 0 0 0 6 
535 1 8.11132 10.3867 7.99723 0.00133646 7.0058e-04 -0.00144228 0.002087369 0.0 13 21.4461353944 2.2789476651 0 0 1 2 5 5 0 0 0 6 
281 2 4.85848 16.7534 5.4729 -7.30696e-04 0.00207601 8.86548e-04 0.0023726992 0.0 14 19.5660416656 2.1677671637 0 0 1 1 8 3 1 0 0 7 
850 1 7.82474 16.8331 3.5939 -5.35978e-04 -4.56729e-04 0.00234367 0.0024471745 0.0 14 20.3355172327 2.0986920143 0 0 1 1 8 3 1 0 0 7 
840 1 7.49622 16.0969 0.410317 3.36576e-05 0.0013429 0.00251689 0.0028529368 0.0 16 22.0046959587 2.4618067126 0 0 1 2 7 4 2 0 0 7 
574 1 8.19001 12.4165 5.26615 -8.39173e-04 8.56397e-04 0.00350743 0.0037067091 0.0 16 24.5302593672 2.295178913 0 0 2 1 7 4 1 1 0 8 
332 2 0.217 11.9961 8.73675 -5.875e-04 -0.00461247 0.00160908 0.0049202819 0.0 15 13.0771741186 2.1418067561 0 0 2 3 3 4 3 0 0 7 
270 2 26.5705 12.1773 6.23163 0.00257081 0.00516167 0.00148694 0.0059550728 0.0 15 16.4699540538 2.2558331636 0 0 0 5 4 4 2 0 0 7 
532 1 10.1177 14.2199 7.13436 0.00275254 -0.00450033 -7.62593e-04 0.0053301965 0.0 15 23.3357005223 2.3355118551 0 0 1 2 7 3 2 0 0 7 
985 1 11.9432 12.1945 0.734203 0.00218091 -0.00482878 -0.00422505 0.0067767641 0.0 15 22.0531903072 2.3618352146 0 0 1 4 4 3 3 0 0 7 
841 1 14.3712 15.1452 7.32975 0.00225403 -0.00375682 -6.15465e-04 0.0044241547 0.0 14 22.3030562873 2.2688564425 0 0 2 2 4 4 2 0 0 7 
990 2 16.0677 10.5452 8.6519 -0.00215531 -1.40653e-04 9.62657e-04 0.0023647099 0.0 16 17.7005825917 2.3712471142 0 0 3 2 4 4 1 2 0 8 
382 1 12.2516 14.9996 5.33283 -0.00156194 -0.00511944 0.0012331 0.0054926185 0.0 13 20.8849103524 2.3355118551 0 0 0 3 7 2 1 0 0 7 
128 1 9.6615 14.5075 3.39684 -3.72139e-05 0.00101763 0.00334984 0.0035011975 0.0 15 21.3609980672 2.3132185066 0 0 0 2 8 5 0 0 0 6 
804 1 10.161 16.7647 5.34291 4.69382e-04 -0.00367423 0.0023767 0.0044010213 0.0 15 21.4159651342 2.1757479863 0 0 0 3 6 6 0 0 0 6 
55 1 13.0891 12.6845 7.51791 -0.00304349 7.58273e-04 -9.55168e-05 0.0031379823 0.0 13 23.0648810767 2.3161167164 0 0 0 3 6 4 0 0 0 6 
353 1 15.89 12.8268 6.66206 -0.00255116 9.27429e-04 0.00141221 0.0030598822 0.0 15 22.5310113297 2.1571348934 0 0 1 2 6 5 1 0 0 7 
656 1 13.6954 12.4898 4.36231 0.00306031 0.00280158 0.00112146 0.0042979088 0.0 16 22.2021589916 2.424018924 0 0 1 5 3 4 2 1 0 8 
918 1 10.1366 16.3074 1.62541 0.00201964 -0.00169812 0.00360757 0.004469577 0.0 12 20.1277890594 2.1703128676 0 0 0 2 8 2 0 0 0 6 
697 1 12.597 17.2673 3.55012 0.00208488 -0.00302257 0.0037177 0.0052253179 0.0 16 23.4712852058 2.230533638 0 0 0 1 10 5 0 0 0 6 
911 1 15.0342 15.1746 4.17636 0.00248481 -9.71011e-04 0.0010312 0.0028601602 0.0 14 21.7795860447 2.2378652899 0 0 0 2 8 4 0 0 0 6 
367 1 8.15522 12.4465 2.19531 -2.26601e-04 -0.00157957 0.00139191 0.0021174992 0.0 13 22.0808424679 2.2964029506 0 0 0 3 6 4 0 0 0 6 
357 1 12.5486 14.3953 2.35054 0.00323583 0.00120584 -0.00328636 0.0047670544 0.0 13 21.4968141521 2.2026675412 0 0 0 4 5 3 1 0 0 7 
509 1 10.9287 11.7707 3.37594 9.2091e-04 -0.00342958 3.70383e-04 0.003570333 0.0 16 23.8045789167 2.3979563118 0 0 1 5 3 4 2 1 0 8 
366 1 14.4345 9.78434 1.93496 -3.48428e-04 3.74322e-04 6.94507e-04 8.6247261053e-04 0.0 15 21.1423123598 2.424018924 0 0 1 3 5 4 2 0 0 7 
924 1 12.3093 16.4055 26.6798 0.00338411 1.01219e-04 -0.00325103 0.0046937876 0.0 13 22.6253523216 2.431387266 0 0 1 0 9 3 0 0 0 6 
84 1 14.9758 15.8403 1.25147 -8.87413e-04 1.53528e-04 -9.74841e-04 0.0013271728 0.0 13 21.2967590004 2.1989034499 0 0 0 1 10 2 0 0 0 6 
553 1 13.7683 10.1712 6.27451 0.00255765 0.00640677 -0.00471584 0.0083562804 0.0 16 22.9248207434 2.4044221435 0 0 3 2 4 3 3 1 0 8 
276 1 15.0971 12.6983 1.98789 -0.002658 0.0020938 -1.75603e-04 0.0033881852 0.0 14 21.7719226677 2.2050438959 0 0 0 3 6 5 0 0 0 6 
926 1 10.7594 10.9072 6.32491 0.00133749 9.86549e-04 0.00240293 0.0029216829 0.0 15 23.9037342064 2.3355118551 0 0 1 5 1 6 2 0 0 7 
805 1 15.8542 10.6332 4.37346 -0.00312499 -5.9225e-04 5.60876e-04 0.0032296911 0.0 14 21.2214299702 2.2680830365 0 0 1 3 4 5 1 0 0 7 
312 1 11.9162 9.10131 0.953489 0.0019491 -0.00244739 0.00115854 0.0033363039 0.0 14 22.7128866074 2.2306854339 0 0 0 3 6 5 0 0 0 6 
198 1 17.5011 10.1058 2.09388 0.00883444 0.00242455 0.00242981 0.0094778557 0.0 14 22.4819555704 2.109175313 0 0 0 3 6 5 0 0 0 6 
788 2 18.5816 11.0713 6.32075 -4.88709e-04 -0.00106446 -1.81366e-04 0.0011852448 0.0 15 17.4534638813 2.1432774367 0 0 0 2 8 5 0 0 0 6 
923 1 17.6378 15.9057 5.66838 -9.04752e-04 -1.46348e-04 6.89033e-04 0.00114663 0.0 15 23.5118057152 2.2291867306 0 0 2 3 3 4 3 0 0 7 
187 2 25.1785 14.106 6.93462 -0.00391782 0.0027381 0.00139957 0.0049804921 0.0 16 14.0130550603 2.0912954536 0 0 2 3 4 5 0 2 0 8 
213 2 21.8965 12.0146 6.47436 -0.00159674 -0.00113937 -0.00231207 0.0030320637 0.0 16 14.3146449511 2.0912954536 0 0 2 3 5 3 1 2 0 8 
127 2 24.3598 11.7168 7.72726 0.00182264 -0.00142791 0.00293598 0.0037391071 0.0 14 13.2802661888 1.9957312791 0 0 0 3 6 5 0 0 0 6 
217 1 20.1714 16.479 4.42832 -0.0030261 -4.27585e-04 0.00257475 0.0039961791 0.0 15 21.9783507182 2.2402245502 0 0 1 2 6 5 1 0 0 7 
853 2 25.789 10.0904 7.95628 0.00157695 -4.68321e-04 1.67109e-04 0.0016534876 0.0 12 12.2009597006 1.8738884511 0 0 1 2 5 4 0 0 0 6 
621 2 21.1691 15.1912 7.58611 -9.28908e-04 -5.60591e-04 0.00213531 0.002395137 0.0 13 18.4243644127 2.4618982744 0 0 0 4 6 1 2 0 0 7 
503 2 23.1847 9.3061 7.03852 0.00293497 -0.00194951 -0.0017876 0.0039509685 0.0 16 13.7389956992 2.0119234633 0 0 0 4 5 6 1 0 0 7 
828 1 22.2833 16.8849 0.286796 -0.00402232 -0.00280521 0.00254107 0.0055231602 0.0 12 19.7654308935 2.1287864041 0 0 0 3 6 3 0 0 0 6 
890 1 22.7689 17.2034 3.03297 3.97569e-04 -0.00310261 -0.00300145 0.0043350839 0.0 14 20.9206280991 2.1408786186 0 0 0 0 12 2 0 0 0 6 
551 2 20.8637 9.68179 6.12622 0.00178218 -0.00215871 -1.90877e-04 0.0028058205 0.0 14 12.619424149 1.9333898926 0 0 3 2 1 6 2 0 0 7 
363 1 24.4735 15.363 1.18436 -0.00149803 -0.0012792 6.23703e-04 0.0020662652 0.0 14 20.7676353091 2.2530004343 0 0 0 2 8 4 0 0 0 6 
951 1 19.6706 11.9436 1.47694 0.00120145 0.00396635 -0.00143426 0.0043854893 0.0 15 23.137372726 2.3303410901 0 0 0 4 4 7 0 0 0 6 
139 1 20.7614 14.7999 2.22007 -6.46247e-04 0.00130948 -8.09303e-04 0.0016695342 0.0 14 23.1998377192 2.2492818664 0 0 0 1 10 3 0 0 0 6 
738 1 17.6322 15.9815 2.87193 -0.00205355 -6.83832e-04 0.00139998 0.0025777195 0.0 14 21.577375276 2.2300487504 0 0 0 3 6 5 0 0 0 6 
314 2 19.7977 10.4358 4.23411 0.00353343 -0.00165802 -5.64695e-04 0.0039437341 0.0 14 17.4975717215 2.127814318 0 0 1 3 4 5 1 0 0 7 
210 1 25.7298 12.6927 2.35897 -3.53589e-04 0.00251194 0.00240415 0.0034949685 0.0 17 24.1997135282 2.296631476 0 0 2 4 3 4 3 1 0 8 
681 2 24.9378 10.3096 5.03424 -0.00155557 -1.45165e-04 0.00112644 0.001926068 0.0 14 16.1761431575 2.1550628376 0 0 0 1 10 3 0 0 0 6 
485 2 23.2646 15.6796 6.53628 -0.0014335 0.00135607 0.00191356 0.0027487379 0.0 16 16.6810852455 2.098585512 0 0 1 4 5 3 2 1 0 8 
562 1 24.9875 9.80289 1.86028 0.00173091 -2.49432e-05 -2.52626e-04 0.001749426 0.0 15 23.7061537502 2.4029579566 0 0 0 2 10 1 2 0 0 7 
372 2 24.8865 15.3086 4.55563 0.00248813 0.00222198 -4.08973e-04 0.0033608399 0.0 13 17.4738966458 2.1785566891 0 0 1 3 5 2 2 0 0 7 
92 1 17.4463 13.2062 4.03551 -4.81181e-04 -0.0017054 -9.44182e-05 0.0017744969 0.0 16 24.0879139575 2.2402245502 0 0 0 3 7 5 1 0 0 7 
411 1 22.7023 11.9313 1.97113 0.00105956 2.67222e-05 -0.00390197 0.0040433589 0.0 17 24.8578579193 2.3209569818 0 0 3 3 3 3 4 1 0 8 
568 2 18.6568 8.37665 4.98706 0.00345955 -0.00264862 -1.12888e-04 0.004358488 0.0 15 17.0914021579 2.0815875637 0 0 1 4 3 5 2 0 0 7 
466 2 24.0332 12.5238 5.37706 -0.00155471 1.21565e-04 -0.00348929 0.0038219165 0.0 14 15.7631365896 2.1550628376 0 0 2 3 4 2 2 1 0 8 
236 2 22.6832 14.5187 4.4693 0.00125401 5.48951e-04 -5.49958e-04 0.0014752431 0.0 13 18.928187726 2.2530004343 0 0 1 3 5 2 2 0 0 7 
129 2 19.5858 13.3234 7.09085 0.00554594 -7.7258e-04 0.00325405 0.0064763548 0.0 13 17.8999040092 2.1906683523 0 0 1 2 6 3 1 0 0 7 
559 2 20.5145 12.8763 4.70337 -6.77153e-05 0.00443014 0.00181613 0.0047884292 0.0 15 19.794549368 2.2402245502 0 0 2 4 2 4 2 1 0 8 
354 2 25.0003 16.134 8.05924 0.00167 -6.86595e-05 2.26978e-04 0.0016867522 0.0 12 15.2499539908 2.0961380044 0 0 0 3 6 3 0 0 0 6 
108 2 25.3052 17.3145 5.80446 -0.00170158 0.00226485 -0.00416744 0.0050390948 0.0 14 16.9583150725 2.1408786186 0 0 1 3 5 3 2 0 0 7 
449 1 17.4541 13.7277 0.869798 0.00421753 -0.00196459 -0.00166792 0.0049425834 0.0 13 22.2804465584 2.1989034499 0 0 0 5 2 6 0 0 0 6 
132 2 22.6423 10.5907 4.96314 -3.3191e-04 -0.00199805 0.00106675 0.0022891753 0.0 13 14.6258675499 2.269108225 0 0 1 5 1 4 2 0 0 7 
413 2 2.27696 21.3554 0.761775 3.03458e-04 -0.00114152 1.02565e-04 0.0011856113 0.0 14 20.98947493 2.271965099 0 0 0 2 8 4 0 0 0 6 
919 2 5.44576 26.4583 4.14214 3.97346e-04 2.48951e-04 -0.00116917 0.00125969 0.0 16 15.9385195633 2.093716783 0 0 0 3 6 7 0 0 0 6 
561 2 0.683884 18.486 8.42526 -0.00325419 -0.00114684 8.69816e-04 0.0035583106 0.0 16 20.2962139295 2.261509939 0 0 1 3 4 7 1 0 0 7 
462 2 26.7707 22.1531 4.54633 0.00199529 0.00103737 7.50612e-04 0.0023708094 0.0 14 19.4726426126 2.3823717735 0 0 1 3 5 3 2 0 0 7 
401 2 5.86079 22.6126 9.11138 -9.16477e-04 -0.00542804 0.0025419 0.0060633987 0.0 14 18.5789788356 2.2210748606 0 0 0 6 2 4 2 0 0 7 
373 2 5.13531 26.6767 9.30234 0.00119564 -5.00312e-04 -0.00257277 0.0028808007 0.0 14 16.4786822569 2.2210748606 0 0 0 2 8 4 0 0 0 6 
605 2 4.76294 25.8984 0.939878 -3.76229e-04 3.07292e-04 0.00656 0.0065779614 0.0 16 12.9199373049 1.8968384355 0 0 4 2 1 5 3 1 0 8 
852 2 3.64804 22.9157 2.16978 -0.00315223 -0.00166729 -2.40803e-04 0.0035741287 0.0 13 12.3475452469 1.84188467 0 0 1 0 9 3 0 0 0 6 
196 2 0.881563 25.8249 3.05877 0.00300503 0.00386753 0.0014146 0.0050979493 0.0 13 14.9233770558 2.2721710749 0 0 3 2 3 2 2 1 0 8 
722 2 4.69949 22.4471 6.50937 0.00211438 -0.00215159 0.00670909 0.0073560744 0.0 15 14.5193047665 2.0255965775 0 0 1 2 5 7 0 0 0 6 
126 2 1.10952 24.6657 4.9847 -0.00177278 -0.00242719 -0.00310739 0.0043231786 0.0 13 14.0612664547 2.0014956952 0 0 0 3 6 4 0 0 0 6 
943 2 3.82115 25.1559 6.05941 -0.00431725 -0.00101118 7.99978e-04 0.0045056739 0.0 15 13.9599516602 1.9734267787 0 0 0 5 4 4 2 0 0 7 
124 2 6.24649 19.828 3.60361 -0.00105466 -0.00457409 0.00111433 0.0048245558 0.0 15 14.2382289232 2.0986920143 0 0 0 3 7 4 1 0 0 7 
744 2 6.17809 23.9544 1.6602 3.26001e-04 -0.00295563 -3.71337e-04 0.0029966509 0.0 15 13.2134405048 1.9330625645 0 0 2 4 1 5 3 0 0 7 
786 2 6.41024 24.6548 5.9818 -4.11095e-04 -0.00319247 0.00323534 0.004563802 0.0 14 15.3140975445 2.093716783 0 0 0 4 5 4 1 0 0 7 
725 2 6.90704 21.8113 4.72238 0.00368664 0.00165733 -0.0068238 0.0079310973 0.0 15 13.597056971 2.0255965775 0 0 0 0 12 3 0 0 0 6 
214 2 2.80217 23.1148 5.15869 -2.38802e-04 -5.66854e-04 0.00276377 0.0028313909 0.0 16 14.2176672029 2.010005523 0 0 0 2 8 6 0 0 0 6 
295 2 0.776126 16.7906 4.54865 1.49133e-05 0.00141314 0.00285432 0.0031850164 0.0 13 16.6021156588 2.090096394 0 0 1 2 6 3 1 0 0 7 
616 2 3.31412 25.1462 3.16093 -0.00164537 9.69182e-04 0.00172188 0.0025712695 0.0 14 13.1012661118 1.8819845041 0 0 1 1 8 3 1 0 0 7 
647 2 7.63444 22.4615 0.553115 -8.93459e-05 -0.00258652 3.50107e-04 0.0026116361 0.0 17 13.7916413354 2.03053967 0 0 2 3 3 6 3 0 0 7 
776 2 2.66402 19.8562 8.06528 -1.14074e-05 3.91598e-04 0.00154399 0.0015929169 0.0 13 14.4585292482 2.2893853859 0 0 3 2 2 3 3 0 0 7 
278 2 6.56101 19.9343 1.10284 0.00410796 0.0034909 -0.00132174 0.0055505599 0.0 13 15.0270294108 2.4618067126 0 0 2 1 5 4 1 0 0 7 
748 2 2.6581 20.3627 5.70897 -0.00104222 -0.00127776 0.00143286 0.0021844864 0.0 15 14.2399043161 1.9689246799 0 0 1 4 2 7 1 0 0 7 
999 2 8.12863 23.3761 7.80554 -2.57492e-04 0.00394929 -9.26089e-04 0.0040645829 0.0 15 16.4535274955 2.2589243278 0 0 2 3 3 4 3 0 0 7 
489 2 2.55718 22.2853 8.12704 -1.5781e-04 -0.00370918 -1.06923e-04 0.003714075 0.0 14 18.0281737719 2.1621809823 0 0 0 6 1 6 1 0 0 7 
98 2 1.65679 24.7433 7.38279 0.00183142 -0.00182788 6.63325e-04 0.0026711879 0.0 12 14.5718349053 2.0503140449 0 0 1 2 6 2 1 0 0 7 
772 2 5.14645 20.4913 8.41144 5.31884e-04 -0.00148894 -0.00283406 0.0032452641 0.0 14 16.7214232726 2.2893853859 0 0 1 3 4 5 1 0 0 7 
190 2 2.04731 17.9253 6.29766 0.00125123 -0.00332434 -0.00500436 0.0061368096 0.0 13 14.5904556999 2.2609960814 0 0 1 4 2 5 1 0 0 7 
866 2 2.27284 26.052 1.1293 -2.83532e-04 3.56379e-05 -2.64926e-04 3.8967453139e-04 0.0 13 13.1864998961 2.0802878314 0 0 2 3 3 3 1 1 0 8 
94 2 6.72866 25.4651 8.05441 -0.00366842 0.00304424 7.15006e-04 0.0048203668 0.0 12 14.1193251569 2.1860557869 0 0 1 3 4 3 1 0 0 7 
607 2 3.97361 19.8527 2.38664 0.00248905 -0.00400039 2.67747e-04 0.004719129 0.0 13 16.0117709148 2.1758237681 0 0 0 1 10 2 0 0 0 6 
76 2 5.86167 0.937064 7.09891 -0.00532998 -4.53181e-04 0.00256235 0.0059312475 0.0 15 14.4848650256 1.9734267787 0 0 0 2 8 5 0 0 0 6 
257 2 7.00113 18.3374 6.21565 0.00224513 7.57805e-04 -0.00233029 0.0033234212 0.0 14 18.9096765944 2.2606197632 0 0 0 2 8 4 0 0 0 6 
428 2 5.02654 23.8703 3.90085 -0.00270479 -2.95935e-04 -4.37602e-04 0.0027558959 0.0 13 12.5572391228 1.8968384355 0 0 1 0 9 3 0 0 0 6 
825 2 6.06427 21.7406 2.39276 -0.00511917 -3.41583e-04 5.52756e-04 0.0051602441 0.0 12 11.3118601151 1.8759536565 0 0 0 0 12 0 0 0 0 5 
687 2 4.27669 21.5514 4.00423 -0.00118566 8.98102e-04 -5.82404e-04 0.0015973638 0.0 12 11.1778907499 1.7370229704 0 0 0 0 12 0 0 0 0 5 
313 2 2.02165 21.0916 3.35087 0.0011113 4.48212e-04 3.83736e-04 0.0012582269 0.0 13 13.7991318566 2.34314609 0 0 2 1 6 2 2 0 0 7 
491 2 7.51327 20.5786 25.7506 -0.00258564 1.72007e-04 0.00143099 0.0029602116 0.0 15 18.3253580335 2.4612935169 0 0 2 2 4 6 0 1 0 8 
634 2 8.35283 19.8977 5.10579 0.00388192 0.00242975 9.38564e-04 0.0046748145 0.0 13 13.7777731585 2.0286436527 0 0 0 3 6 4 0 0 0 6 
158 2 1.42557 18.9729 3.15619 -0.00270776 0.00481063 -0.0017804 0.0058003405 0.0 16 18.0733384203 2.3803932753 0 0 5 3 1 1 3 2 1 9 
303 2 4.16534 24.2953 8.20444 0.00281242 0.00216427 -8.50505e-04 0.0036492643 0.0 13 14.9554227677 2.2053873649 0 0 0 6 2 3 2 0 0 7 
183 2 7.56939 24.0625 3.54204 -0.00250301 -0.00191697 0.00204674 0.0037588532 0.0 13 13.352048597 2.0375686399 0 0 0 3 7 2 1 0 0 7 
111 2 7.13213 20.9278 7.39614 0.00226504 0.00322609 -4.10415e-04 0.0039631431 0.0 13 16.3221328387 2.2109882893 0 0 0 3 6 4 0 0 0 6 
600 2 0.564166 20.9183 7.35023 0.00103036 0.0020086 0.00140499 0.0026589683 0.0 14 17.8955708734 2.2045597146 0 0 0 4 4 6 0 0 0 6 
718 2 3.57559 18.4628 4.29087 0.00132847 0.00198962 -0.0024487 0.0034233831 0.0 15 15.7333206063 2.090096394 0 0 0 5 4 4 2 0 0 7 
573 2 1.34121 23.4207 2.4039 1.52766e-04 -0.00219114 -6.87991e-04 0.0023016871 0.0 15 17.3583910377 2.3138079256 0 0 0 3 7 4 1 0 0 7 
797 2 5.33635 20.2941 5.69424 0.00305968 4.76704e-04 -7.69895e-04 0.0031908661 0.0 13 12.4367788137 1.9720582467 0 0 1 2 5 5 0 0 0 6 
390 2 8.29371 0.0182264 6.57209 0.00125987 -0.00151586 -3.38376e-04 0.0019999006 0.0 14 13.8410420776 2.093716783 0 0 1 1 7 5 0 0 0 6 
476 2 7.17648 26.3856 1.97479 5.2872e-05 0.00486553 0.00135099 0.0050498863 0.0 15 14.2634312379 1.9470968799 0 0 0 4 4 7 0 0 0 6 
740 2 9.31529 23.7651 2.3204 0.00165106 -0.00216694 -0.00257889 0.0037513067 0.0 15 13.028978516 1.9747397934 0 0 0 3 7 4 1 0 0 7 
516 2 14.2816 23.419 8.37344 0.00256047 -6.6583e-04 -0.00266449 0.0037548426 0.0 14 18.039287871 2.1807193696 0 0 2 2 5 3 1 1 0 8 
754 2 10.9172 25.9885 6.31748 -0.00210835 8.7438e-05 -0.00187268 0.0028212968 0.0 13 13.2248675346 1.8924357468 0 0 0 1 10 2 0 0 0 6 
609 1 16.6078 25.5752 0.370334 0.00357505 -9.11249e-04 -0.00195006 0.0041730194 0.0 14 20.7940150312 2.2207041291 0 0 0 3 6 5 0 0 0 6 
482 2 9.10655 26.0518 3.60986 -4.99539e-04 -0.001055 -0.00408061 0.0042442835 0.0 16 15.0317304897 2.093716783 0 0 0 3 6 7 0 0 0 6 
947 1 17.1422 19.7971 1.88173 -0.00127203 -7.40663e-05 1.33624e-04 0.0012811719 0.0 14 23.3499494796 2.3173333195 0 0 0 3 6 5 0 0 0 6 
935 2 9.14227 21.5605 6.1676 -0.00463415 3.67849e-04 0.00153037 0.0048941487 0.0 11 14.1118548436 2.0922948251 0 0 1 2 5 3 0 0 0 6 
290 2 10.4486 21.7572 1.51493 -5.78441e-04 0.00160972 -0.00150402 0.0022776893 0.0 14 12.7683436539 2.03053967 0 0 1 2 6 4 1 0 0 7 
724 2 11.0358 23.0339 6.20951 -0.00478113 0.00231074 -6.72702e-04 0.0053526864 0.0 14 14.6235626233 2.0668247406 0 0 1 2 6 4 1 0 0 7 
385 2 9.92349 19.206 3.26948 -0.00278503 0.00325873 -0.00305618 0.005264594 0.0 13 15.7473008814 2.0809335245 0 0 0 1 10 2 0 0 0 6 
79 2 8.95447 24.477 5.50346 -0.0020037 -8.37975e-04 -7.23813e-04 0.0022893058 0.0 14 13.9762608166 2.0000160426 0 0 1 3 4 5 1 0 0 7 
988 2 8.19127 24.5509 26.6448 8.42487e-04 0.00297998 1.83712e-04 0.0031022275 0.0 12 12.2339875496 2.0064555764 0 0 0 2 8 2 0 0 0 6 
407 2 12.5596 0.596205 25.5467 -0.00135161 0.00172958 0.00277783 0.0035404288 0.0 15 17.7317257273 2.0766810967 0 0 1 2 6 5 1 0 0 7 
72 1 17.6541 22.3559 0.624751 -0.00154037 3.42592e-04 9.3874e-04 0.0018361214 0.0 16 21.737709202 2.3290986727 0 0 1 3 5 5 2 0 0 7 
207 1 17.4876 24.192 2.66585 0.00124239 0.00128319 0.00127629 0.0021952279 0.0 14 20.8690667171 2.2666155592 0 0 0 4 5 4 1 0 0 7 
496 2 15.1625 25.2181 7.13348 -0.00102444 0.00183868 0.0020964 0.0029707094 0.0 13 15.4844399265 2.2324937464 0 0 1 0 9 3 0 0 0 6 
52 1 17.3501 26.5683 5.40135 4.84037e-04 0.00179386 0.00379668 0.004226938 0.0 14 22.073530388 2.3066604718 0 0 0 2 8 4 0 0 0 6 
513 2 13.7438 23.3505 26.4964 0.00471949 -9.31365e-04 -2.29892e-04 0.0048160022 0.0 13 16.963523709 2.2238845178 0 0 1 2 6 3 1 0 0 7 
812 2 11.9596 26.497 9.98297 3.69545e-05 3.33924e-04 0.00310015 0.003118301 0.0 12 14.5860525143 2.3083092321 0 0 0 3 6 3 0 0 0 6 
467 2 14.9113 24.2338 4.37562 -9.12783e-04 -3.12077e-04 3.17466e-04 0.0010155538 0.0 15 17.1110561199 2.1111514055 0 0 2 2 6 2 2 1 0 8 
386 2 13.0746 25.6777 0.35289 -0.00238643 0.00118698 4.93405e-05 0.002665784 0.0 13 17.3248862561 2.2207041291 0 0 0 3 6 4 0 0 0 6 
43 1 14.3332 18.6521 1.12548 0.00132994 -3.67712e-04 1.47291e-04 0.0013876769 0.0 14 23.4669387001 2.2622721294 0 0 0 2 8 4 0 0 0 6 
712 2 11.099 24.3753 4.1663 4.64117e-04 -1.65885e-04 0.00100693 0.0011210845 0.0 13 12.9165376779 1.9913478522 0 0 1 0 9 3 0 0 0 6 
160 2 8.62901 18.9235 0.959346 -1.03117e-04 4.83129e-04 -8.46267e-04 9.7990539422e-04 0.0 15 17.4685982513 2.4536859758 0 0 2 3 2 6 2 0 0 7 
32 2 11.366 26.0973 2.21437 -7.25071e-04 -0.00132047 -0.00166158 0.0022428145 0.0 13 13.3359790771 2.0407106202 0 0 0 1 10 2 0 0 0 6 
293 1 15.6656 17.955 3.69848 -0.00230187 -1.05504e-04 -1.5995e-04 0.0023098313 0.0 14 20.3699739533 2.2378652899 0 0 0 4 4 6 0 0 0 6 
791 2 11.2011 19.4008 1.18676 -0.00248079 -7.5944e-05 -0.0031597 0.0040179336 0.0 13 17.9201374134 2.1509866391 0 0 0 1 10 2 0 0 0 6 
430 2 12.974 21.4546 0.939303 -0.00128985 0.00143004 -0.00135274 0.00235343 0.0 12 15.8649840953 2.2681312142 0 0 0 3 6 3 0 0 0 6 
893 2 12.8263 21.2023 6.84422 0.0020571 -2.20089e-04 9.90309e-04 0.0022936459 0.0 16 17.3814903911 2.2218474056 0 0 3 3 3 2 4 1 0 8 
273 1 9.97197 18.8238 7.80759 -4.90129e-04 3.08871e-04 0.00186468 0.0019526032 0.0 15 22.0737456288 2.2109882893 0 0 0 3 7 4 1 0 0 7 
324 2 16.0771 20.9126 4.48317 -0.00111792 0.00416766 3.0029e-04 0.0043254259 0.0 13 18.256338533 2.2666155592 0 0 0 3 7 2 1 0 0 7 
256 2 14.6039 23.6025 1.73244 7.03538e-04 0.0011054 -0.00226226 0.002614325 0.0 13 17.1516236741 2.3290986727 0 0 2 3 3 2 3 0 0 7 
483 2 14.8444 22.0557 6.12572 0.00221283 3.93164e-04 5.45954e-04 0.0023128468 0.0 14 15.9608040378 2.1300571099 0 0 0 2 8 4 0 0 0 6 
811 2 13.8104 25.9704 2.93447 0.00206133 0.00195258 0.00156452 0.0032418163 0.0 15 16.1796768391 2.2207041291 0 0 1 3 5 5 0 1 0 8 
26 2 11.2027 19.7809 5.35459 -0.00159211 -0.00211657 -6.26946e-04 0.0027217171 0.0 14 16.6043175749 2.1144688074 0 0 1 1 8 3 1 0 0 7 
202 2 10.0485 22.2714 4.06585 2.58096e-04 -0.00103564 0.00160314 0.001925934 0.0 15 13.2030056102 1.8671569494 0 0 0 1 10 4 0 0 0 6 
676 2 13.6754 20.1289 4.98453 0.00240361 -9.55092e-05 -0.00197826 0.0031144784 0.0 13 15.7484389105 2.173436125 0 0 1 2 5 5 0 0 0 6 
102 2 14.4643 21.5916 3.07292 -0.0013715 -0.00124056 -6.79727e-04 0.0019702868 0.0 15 16.4736442032 2.3290986727 0 0 0 4 6 3 2 0 0 7 
760 2 12.973 22.5954 4.5857 0.00271069 -0.00275974 0.00192912 0.0043226738 0.0 14 13.1198385419 1.9913478522 0 0 2 0 8 2 2 0 0 7 
53 1 12.7961 17.4482 6.77936 8.21862e-04 -0.00259024 -3.28494e-04 0.0027372813 0.0 16 21.9340842273 2.2378652899 0 0 1 2 7 4 2 0 0 7 
141 2 12.0852 20.6311 3.35546 2.8666e-04 -0.00313685 0.00194381 0.003701405 0.0 12 14.1315239996 2.1502930773 0 0 0 0 12 0 0 0 0 5 
689 2 13.0604 24.5126 6.32388 -0.00190239 -0.00101538 -0.00220251 0.003082391 0.0 14 13.5807110741 1.9920051761 0 0 0 3 6 5 0 0 0 6 
830 1 15.7676 18.3426 6.47432 -0.00291443 -0.0025217 -0.00273356 0.0047249575 0.0 16 23.3699960506 2.2615854834 0 0 2 3 4 3 4 0 0 7 
162 2 8.37218 20.8737 2.93206 -0.00269175 0.00122949 2.49003e-04 0.0029697081 0.0 13 13.0859912946 2.0621099024 0 0 1 3 4 4 1 0 0 7 
545 2 11.8465 23.4277 2.05494 -0.0039497 0.0016998 0.00151728 0.0045597795 0.0 16 13.8891600412 1.9913478522 0 0 1 2 7 4 2 0 0 7 
659 2 9.37541 24.9166 8.71921 -0.0038763 -0.00227043 -0.00234268 0.0050664291 0.0 14 16.3225838403 2.1556127886 0 0 0 4 5 4 1 0 0 7 
384 1 20.2991 20.9705 0.777578 -0.00346651 0.00300063 0.00123823 0.0047490721 0.0 13 20.9468508411 2.1021043127 0 0 0 1 10 2 0 0 0 6 
547 1 20.1586 17.873 6.812 7.13674e-04 4.69514e-04 -4.76936e-04 9.7838740924e-04 0.0 15 23.0874167899 2.4629306615 0 0 1 4 4 3 3 0 0 7 
815 1 20.0588 23.4924 7.41299 -0.00148079 0.00151171 -2.58134e-04 0.002131816 0.0 13 21.7773825069 2.1437230773 0 0 0 1 10 2 0 0 0 6 
683 1 24.7752 22.5603 1.862 6.6575e-04 -6.0636e-04 -0.00242878 0.0025903413 0.0 15 22.5227468547 2.3145173098 0 0 1 3 4 6 1 0 0 7 
505 1 23.9539 21.9825 5.92589 -0.00247848 2.54523e-04 7.4908e-04 0.0026016852 0.0 15 22.6378847283 2.2558869107 0 0 1 4 4 3 3 0 0 7 
182 1 22.7874 22.5972 8.49108 -0.00368887 0.00175626 -8.4918e-04 0.0041729268 0.0 14 22.5321638993 2.2372553299 0 0 1 3 5 3 2 0 0 7 
965 1 19.6001 25.8285 3.71747 -0.00110613 -0.00236035 -0.00295197 0.0039381344 0.0 13 19.5903058307 2.1597987866 0 0 0 3 6 4 0 0 0 6 
245 1 19.72 17.8373 1.39 -0.00241421 8.66773e-04 -0.00116045 0.0028153773 0.0 14 22.2005456344 2.1268939523 0 0 0 2 8 4 0 0 0 6 
419 1 21.2055 21.1606 6.24095 -0.00118606 0.00354589 -0.00318531 0.0049118504 0.0 16 22.5073436176 2.2198612743 0 0 0 4 5 6 1 0 0 7 
298 1 24.0662 20.258 3.73359 1.06734e-04 5.82384e-04 0.00214538 0.0022255828 0.0 15 22.3142679286 2.3823717735 0 0 1 3 5 4 2 0 0 7 
785 1 22.0515 22.2223 2.78429 0.00155704 -2.29368e-04 -9.78976e-04 0.0018534771 0.0 13 20.0464197466 2.2558869107 0 0 0 1 10 2 0 0 0 6 
624 1 24.071 19.4322 7.49894 -0.00173139 0.00109142 0.00222527 0.0030233649 0.0 16 23.9304633836 2.2372553299 0 0 0 4 6 4 2 0 0 7 
41 1 20.83 19.5876 3.33025 1.35083e-04 -0.00157425 -0.00282848 0.003239878 0.0 13 21.4363733997 2.2037630199 0 0 0 2 8 3 0 0 0 6 
400 1 22.603 25.2422 2.27599 0.0021642 -0.00257543 0.00265922 0.0042881292 0.0 14 21.3532148231 2.1801555879 0 0 2 2 4 4 2 0 0 7 
60 1 19.0319 21.8049 3.87055 0.00418636 -0.00258187 -0.00104532 0.0050283553 0.0 15 23.3219179622 2.2525341261 0 0 0 2 8 5 0 0 0 6 
338 1 25.0981 25.5136 1.2719 4.081e-04 -0.00126407 -0.00131077 0.0018661556 0.0 15 21.4564650448 2.2944455198 0 0 4 3 1 2 3 2 0 8 
713 1 19.9018 24.099 1.48278 0.0027484 -0.00200599 -0.0013216 0.00365025 0.0 15 19.8421486648 2.112445614 0 0 1 4 3 5 2 0 0 7 
982 1 21.2143 23.8111 4.74226 -0.0026733 -4.33093e-04 0.00148758 0.0030898215 0.0 13 21.2183938873 2.24761386 0 0 0 3 6 4 0 0 0 6 
301 1 22.0889 23.209 0.219074 -9.15107e-04 -0.00149447 -0.00139114 0.0022374387 0.0 14 20.1530776298 2.0899750279 0 0 1 1 7 5 0 0 0 6 
9 2 26.4172 23.1567 7.16637 9.88967e-04 0.00112046 -6.18854e-04 0.0016175496 0.0 15 20.3366664558 2.203207019 0 0 0 3 6 6 0 0 0 6 
882 1 21.8 26.3867 26.2149 -5.04712e-04 9.00378e-04 -3.07367e-04 0.0010769815 0.0 16 23.191161154 2.2927524325 0 0 0 4 7 2 3 0 0 7 
271 1 23.0253 19.9512 0.884864 -0.00100165 -6.2361e-04 1.36403e-04 0.0011877702 0.0 15 22.1641113255 2.1287864041 0 0 0 0 12 3 0 0 0 6 
617 1 24.9545 24.9148 4.18273 0.00231156 0.00211641 5.44425e-04 0.0031810218 0.0 18 24.6724043957 2.3250352202 0 0 1 1 8 7 1 0 0 7 
116 1 17.5599 23.5915 5.79797 3.21207e-04 -0.00402098 0.0018791 0.0044499967 0.0 14 22.8380094554 2.2324937464 0 0 0 1 10 3 0 0 0 6 
123 1 25.9227 20.1448 0.584675 0.00135397 -2.4312e-05 -0.00168995 0.0021655846 0.0 18 23.8905824225 2.3823717735 0 0 1 4 5 5 2 1 0 8 
879 2 26.031 25.7851 7.03763 -5.03241e-04 6.66142e-04 0.00153079 0.0017436498 0.0 12 16.2191577771 2.1298852425 0 0 0 3 6 3 0 0 0 6 
702 1 20.2352 26.1912 6.38136 7.74375e-04 -0.00127693 -3.82149e-04 0.0015415073 0.0 14 22.9671869178 2.3066604718 0 0 0 0 12 2 0 0 0 6 
808 2 0.0339842 19.6839 5.09917 0.00142221 -0.00122244 0.00316757 0.0036811059 0.0 15 18.5428845752 2.3823717735 0 0 2 3 4 3 2 1 0 8 
703 1 23.1447 24.834 6.67319 0.00134644 -0.00441271 0.00257976 0.0052858369 0.0 15 22.9743600532 2.2321113193 0 0 0 3 6 6 0 0 0 6 
768 1 18.068 18.7842 4.62269 8.21929e-04 -0.00114432 -6.48149e-04 0.001550849 0.0 14 21.2281314485 2.2263325916 0 0 1 2 6 4 1 0 0 7 
792 1 18.1427 20.6137 7.01522 -0.00386834 0.00487981 0.00315146 0.0069791332 0.0 14 23.2774533529 2.1790579792 0 0 0 2 8 4 0 0 0 6 
715 1 22.5941 18.5566 5.37881 9.0238e-05 -8.781e-04 0.0010841 0.0013980255 0.0 11 20.0214683037 2.2198612743 0 0 1 3 3 4 0 0 0 6 
920 1 25.4889 17.7973 2.28996 0.00212362 -7.44017e-04 0.0020316 0.0030316203 0.0 15 22.9850987867 2.2794306681 0 0 0 3 6 6 0 0 0 6 
614 1 8.70156 8.16623 13.6839 0.00149315 0.00223225 -0.00116653 0.0029280077 0.0 14 22.4280126694 2.2113165554 0 0 2 2 6 1 2 1 0 8 
867 1 7.92492 0.696319 15.3876 0.00273865 -0.00155464 -0.00116915 0.0033591697 0.0 13 22.7143854405 2.192664752 0 0 0 3 6 4 0 0 0 6 
7 1 9.12753 3.2767 15.545 -0.00291742 0.0020989 -0.00393189 0.0053269578 0.0 15 21.3498534406 2.2609690095 0 0 1 3 7 0 4 0 0 7 
232 1 3.98643 4.42715 18.2054 -0.00145279 -6.41294e-04 -0.00322859 0.0035980064 0.0 13 22.5419517628 2.2931173727 0 0 1 3 4 4 1 0 0 7 
779 1 3.87644 1.36224 12.4186 -0.00281253 0.00135698 0.00381418 0.0049294715 0.0 17 24.0123699956 2.3376670218 0 0 0 4 6 5 2 0 0 7 
813 1 6.8869 3.81524 17.1816 -6.26829e-04 0.0020275 0.00190383 0.0028510068 0.0 14 21.3289691438 2.2069087004 0 0 1 3 5 3 2 0 0 7 
974 1 1.34758 8.468 17.2637 -0.00346224 1.19949e-04 0.00274473 0.0044198457 0.0 16 21.5864632137 2.3547410906 0 0 0 3 6 7 0 0 0 6 
264 2 6.13798 2.28353 9.92959 -0.00166575 7.75028e-04 -3.35042e-04 0.0018675237 0.0 14 20.690204443 2.4918529776 0 0 0 1 10 3 0 0 0 6 
249 2 2.17644 6.3062 9.35122 -0.00761802 -0.00147255 -0.0018799 0.007983524 0.0 13 15.664847704 2.1596266383 0 0 0 1 10 2 0 0 0 6 
470 2 2.75374 7.9623 11.1381 5.44334e-04 0.00125878 -0.00284157 0.0031552094 0.0 14 20.0992857539 2.2193296306 0 0 0 1 10 3 0 0 0 6 
441 1 26.2543 1.37338 15.7354 -0.00149881 -0.0018686 -0.0041445 0.0047869591 0.0 16 22.6497009377 2.2569710556 0 0 1 4 5 2 4 0 0 7 
588 2 2.79898 25.7515 9.38816 0.00138099 -0.00500964 -0.00140407 0.0053828467 0.0 13 16.9100903769 2.1621809823 0 0 0 2 8 3 0 0 0 6 
479 1 6.93358 6.65792 18.2656 0.00130093 0.00298675 0.00185278 0.0037477844 0.0 14 22.5795412761 2.1525863111 0 0 0 2 8 4 0 0 0 6 
780 1 7.71522 6.63553 11.6547 -8.06845e-04 -0.00136015 -0.00158554 0.0022394071 0.0 12 21.1644675075 2.4411864681 0 0 0 2 8 2 0 0 0 6 
591 2 9.04027 2.26964 10.521 0.00142151 0.0011001 -0.00564514 0.0059244001 0.0 14 15.7585583441 2.0494606777 0 0 2 0 8 2 2 0 0 7 
341 2 1.47546 1.62374 10.0855 0.00145297 -0.00347346 0.00330107 0.0050073056 0.0 15 18.002408812 2.2029429695 0 0 2 3 3 4 3 0 0 7 
831 1 9.66189 5.5617 16.791 -0.00144911 1.18959e-04 -0.00245856 0.0028563243 0.0 17 23.2391117134 2.2137438102 0 0 1 6 3 2 4 1 0 8 
282 1 2.6109 0.363396 14.7834 6.72975e-04 0.00331392 -8.26024e-04 0.0034809879 0.0 13 20.7454874376 2.2557664163 0 0 1 3 4 4 1 0 0 7 
910 1 7.60132 5.65417 14.9841 0.00257732 -7.10622e-04 0.0034479 0.0043629779 0.0 15 21.9610701334 2.2538960299 0 0 1 3 6 2 3 0 0 7 
907 1 1.62462 6.3316 13.6482 0.00324495 0.0017154 -0.00129099 0.0038908807 0.0 16 23.0800708779 2.2094746878 0 0 0 3 7 5 1 0 0 7 
349 1 4.08229 7.13344 17.5643 5.53204e-04 -1.58186e-04 -7.53398e-04 9.4797996952e-04 0.0 13 20.0445813396 2.1456739956 0 0 1 2 6 3 1 0 0 7 
223 1 7.31475 3.90212 12.3914 -0.00432684 0.00337496 0.00141552 0.0056670624 0.0 15 23.049630389 2.4918529776 0 0 1 4 3 5 2 0 0 7 
698 1 4.92141 5.42971 15.0762 -0.00326728 0.00130445 0.00156501 0.0038504499 0.0 15 22.4932710944 2.2538960299 0 0 1 3 5 4 2 0 0 7 
975 2 0.921426 4.04915 9.09484 0.00179676 -1.16571e-04 0.00292101 0.0034313605 0.0 14 16.0221503042 2.1030999442 0 0 1 3 5 3 2 0 0 7 
579 2 3.76854 4.29978 9.45107 0.00189835 0.00209532 -7.71718e-04 0.00293081 0.0 14 19.4725327968 2.4166165983 0 0 1 3 4 5 1 0 0 7 
708 1 4.85251 25.288 11.9837 -7.70412e-05 -0.00125737 -0.00155555 0.0020016619 0.0 13 21.1094861022 2.3890074646 0 0 2 2 3 5 1 0 0 7 
580 1 1.86437 5.88353 16.6852 -9.35758e-04 0.00135695 -0.00203927 0.0026221324 0.0 14 21.85121865 2.3022969023 0 0 0 2 8 4 0 0 0 6 
560 1 5.70545 2.70888 14.4772 -0.00195525 -0.00179846 0.00176347 0.0031886184 0.0 15 23.0327244603 2.2711701874 0 0 1 3 5 4 2 0 0 7 
533 1 5.7149 8.62019 12.5751 -1.12451e-04 -6.78853e-04 -9.55744e-04 0.0011776813 0.0 14 22.6108704023 2.2858820163 0 0 0 2 8 4 0 0 0 6 
575 1 4.75351 1.61123 17.0108 0.00303187 0.00115077 4.77364e-04 0.0032778627 0.0 14 22.1492875493 2.1804898638 0 0 0 3 6 5 0 0 0 6 
49 1 1.72044 2.18576 17.4871 -0.00507504 0.00115334 0.00130485 0.0053655249 0.0 14 23.7627803213 2.3022969023 0 0 0 5 3 5 1 0 0 7 
95 1 5.39299 6.92723 9.8568 0.00174127 0.00139671 -0.00365152 0.0042797685 0.0 17 22.4319007477 2.4918529776 0 0 0 3 7 6 1 0 0 7 
359 1 2.27846 3.93393 12.2557 7.21641e-04 -0.00170689 -0.0046081 0.0049667721 0.0 15 22.4245376197 2.2854673959 0 0 2 2 4 5 2 0 0 7 
838 1 26.55 4.11944 15.143 0.0022078 -4.45447e-04 0.00201787 0.0030240045 0.0 14 22.9218154441 2.2448721692 0 0 0 5 3 5 1 0 0 7 
801 1 5.99653 8.53174 15.7803 0.00314389 0.00230078 9.27851e-04 0.0040048147 0.0 14 22.9509398345 2.2900960092 0 0 0 2 8 4 0 0 0 6 
152 1 2.70556 3.5282 15.0026 -0.0023268 -0.0014261 1.51433e-04 0.0027332566 0.0 14 21.7729773379 2.1804898638 0 0 0 4 4 6 0 0 0 6 
690 1 4.76337 5.48572 12.2577 1.91678e-04 0.00195859 0.00136344 0.0023941144 0.0 16 24.5090181816 2.4355713754 0 0 0 6 4 2 4 0 0 7 
319 1 8.59527 9.14901 16.7477 0.00414457 0.00275834 -0.00189604 0.0053273697 0.0 14 23.1459153073 2.2137438102 0 0 1 2 7 2 2 0 0 7 
122 1 7.75216 9.79173 11.0481 5.25447e-04 4.4831e-04 0.00154115 0.0016888516 0.0 15 23.115185554 2.4145592836 0 0 1 3 5 4 2 0 0 7 
148 2 8.0858 0.416094 9.11749 -0.00255729 -0.00151598 -2.86504e-04 0.0029866389 0.0 12 14.2915756912 2.1462282569 0 0 0 0 12 0 0 0 0 5 
115 2 9.60033 1.79268 12.8973 0.00290479 0.00133934 0.0017674 0.0036544958 0.0 17 19.8004856387 2.2414596116 0 0 1 4 4 5 3 0 0 7 
528 2 11.8705 3.42553 12.0187 -2.8503e-04 3.50511e-04 -1.03611e-04 4.6350329162e-04 0.0 12 13.2719754596 1.9016220079 0 0 1 2 6 2 1 0 0 7 
355 2 14.1579 4.54625 13.3768 5.78072e-04 6.55666e-05 -0.00145336 0.001565478 0.0 16 15.9268602482 2.0053974801 0 0 0 4 5 6 1 0 0 7 
288 2 13.8883 2.81413 15.6343 2.02088e-04 6.92979e-04 -0.00267174 0.0027675357 0.0 11 12.7779802088 2.1092919904 0 0 0 4 4 3 0 0 0 6 
488 2 10.6732 7.52418 10.9335 -2.2368e-04 5.91024e-04 7.84926e-04 0.0010076959 0.0 13 18.3859194591 2.2361100746 0 0 0 1 10 2 0 0 0 6 
497 2 13.058 4.60493 9.99842 -1.48031e-04 0.00204866 -0.00260817 0.0033198602 0.0 16 14.8503552027 2.0043471345 0 0 1 2 7 4 2 0 0 7 
790 2 14.1581 1.28799 13.7762 -0.00394165 0.00216642 3.00488e-04 0.0045078014 0.0 12 14.3882445233 2.2475062646 0 0 1 4 3 2 2 0 0 7 
391 2 15.163 5.05879 11.0634 -0.00138206 -0.00156858 -0.00128659 0.00245476 0.0 11 12.4269406295 2.0250198701 0 0 2 2 4 1 2 0 0 7 
969 2 15.7708 3.04684 9.32641 -0.00234294 -0.00301146 0.00230069 0.0044554948 0.0 15 13.4654363147 1.9328389021 0 0 0 0 12 3 0 0 0 6 
406 2 14.1608 0.991046 9.58529 0.00202836 -0.00213143 -0.0014187 0.0032664886 0.0 12 12.6551681589 1.9107258095 0 0 0 2 8 2 0 0 0 6 
473 2 14.7749 0.212272 11.9221 -0.00156123 0.00226981 7.30852e-04 0.0028501967 0.0 12 13.9729415051 2.1079956136 0 0 0 2 8 2 0 0 0 6 
330 2 13.4347 1.35626 17.5546 0.00267746 3.13983e-04 -0.00102389 0.0028837004 0.0 15 20.3897356183 2.3816189254 0 0 1 1 9 2 2 0 0 7 
376 2 16.0408 8.59022 12.9654 0.00426577 0.00151232 0.00311342 0.005493386 0.0 14 14.4582096079 2.0575544394 0 0 0 2 8 4 0 0 0 6 
728 2 16.486 1.32793 10.6735 -0.00133624 0.0024544 -2.01309e-05 0.0027946416 0.0 12 11.9861377149 2.0501701022 0 0 0 0 12 0 0 0 0 5 
90 2 9.94824 4.9063 13.0028 -0.00393242 -0.00203661 8.35305e-04 0.0045065998 0.0 14 16.8344900307 2.0471045258 0 0 1 3 4 5 1 0 0 7 
970 2 12.9471 8.7973 14.1562 -0.00312389 -5.13395e-04 -0.00126983 0.0034109722 0.0 15 14.2673246829 2.0623886877 0 0 0 3 7 4 1 0 0 7 
199 2 15.2243 1.02706 15.9252 -0.00126234 -6.7231e-04 0.00181048 0.0023072366 0.0 14 17.7901496156 2.3784981579 0 0 1 3 5 3 2 0 0 7 
306 2 11.2764 7.05357 14.4652 -0.00118482 8.6808e-04 7.04328e-04 0.0016289381 0.0 15 17.523685441 2.2113165554 0 0 3 3 2 4 1 2 0 8 
650 2 13.3607 6.45624 15.4793 -7.69045e-04 0.00245281 -0.00126507 0.0028649798 0.0 16 15.234670484 2.0601157213 0 0 0 5 2 9 0 0 0 6 
334 2 12.1834 5.88301 12.385 -0.00105954 0.00198749 -2.99276e-04 0.0022720712 0.0 15 14.8631605087 2.0444471049 0 0 1 2 7 3 2 0 0 7 
100 2 13.1125 8.53584 11.7703 -0.00264829 0.00199752 -2.96546e-07 0.0033171563 0.0 13 15.2232793218 2.1187723814 0 0 0 4 5 3 1 0 0 7 
590 2 11.409 8.76273 8.82531 -0.0015099 -0.00536633 -5.90042e-04 0.0056058403 0.0 15 18.9372176741 2.2895509155 0 0 2 1 7 3 1 1 0 8 
329 2 18.7186 1.13249 11.2579 -3.83632e-04 1.30924e-04 0.00396487 0.0039855374 0.0 13 16.1063686743 2.4256456225 0 0 1 3 4 4 1 0 0 7 
416 2 16.7079 1.21761 13.2261 0.00122737 -9.06697e-04 -0.00237278 0.0028211029 0.0 15 15.5301079179 2.2696127962 0 0 1 1 10 1 1 1 0 8 
819 2 12.3141 0.94491 11.8026 5.32202e-04 0.00532689 -0.00394531 0.0066501479 0.0 13 14.9243524366 2.3194940363 0 0 1 4 2 5 1 0 0 7 
337 2 14.1309 2.727 11.5525 0.00185567 -0.00214002 0.00115574 0.0030592371 0.0 16 13.8026194284 1.9817278273 0 0 0 4 5 6 1 0 0 7 
176 2 13.5142 7.07803 9.80631 8.24565e-05 0.00203197 -0.0030563 0.0036710585 0.0 15 14.1544843528 1.9996626399 0 0 1 4 3 5 2 0 0 7 
546 2 15.8565 6.90082 14.7427 0.0027305 -0.00455951 0.00160061 0.0055503796 0.0 13 13.7780253287 2.025140501 0 0 0 3 6 4 0 0 0 6 
949 2 16.0724 7.5353 16.8652 -0.00270087 7.93847e-04 2.49912e-04 0.0028261896 0.0 15 14.8449277991 2.1264786336 0 0 0 4 4 7 0 0 0 6 
82 1 10.6536 0.177793 16.2241 0.00364407 -3.30379e-04 0.0030193 0.0047438981 0.0 14 24.5482835027 2.2744182861 0 0 0 1 10 3 0 0 0 6 
894 2 12.625 4.20014 17.2031 -0.00170447 0.00354366 -2.38168e-05 0.0039323417 0.0 15 16.9201174085 2.2609690095 0 0 1 4 3 5 2 0 0 7 
69 2 16.7019 5.28835 12.8353 -0.00387613 0.00218306 0.00329092 0.0055335603 0.0 14 13.732707412 1.9192198382 0 0 1 4 3 4 2 0 0 7 
498 2 17.3603 7.61076 8.74955 6.24735e-04 -0.00138791 0.00159303 0.002203255 0.0 15 13.055160429 2.093922671 0 0 2 3 5 1 3 1 0 8 
584 2 11.7305 4.38301 14.5856 1.45409e-05 6.97924e-04 -4.03615e-04 8.0635873888e-04 0.0 12 15.3446029666 2.1925682291 0 0 0 3 6 3 0 0 0 6 
381 2 15.6537 5.05301 16.1173 -4.40677e-04 -0.00226829 0.00240226 0.003333195 0.0 14 12.5254591994 1.9013772766 0 0 0 3 6 5 0 0 0 6 
884 2 12.1043 2.05775 14.3202 -0.00223512 -0.00165242 0.00170825 0.0032625713 0.0 15 17.017286843 2.2609690095 0 0 1 2 7 3 2 0 0 7 
569 2 11.633 2.2397 9.91805 -0.00306607 -2.77313e-04 0.00460892 0.0055425474 0.0 15 12.8714157554 1.8668912849 0 0 0 3 6 6 0 0 0 6 
433 2 12.1096 4.43374 19.904 -0.00464469 0.0033966 0.00132194 0.0059040293 0.0 14 15.3945318535 2.1610799116 0 0 2 2 5 2 3 0 0 7 
195 2 11.6389 8.83749 16.4769 2.11217e-04 6.25882e-05 -1.60653e-04 2.7265232491e-04 0.0 15 19.3495095631 2.2389185848 0 0 1 2 7 3 2 0 0 7 
21 2 17.6327 5.48741 10.2273 0.0019027 5.25852e-04 -0.00178736 0.0026629764 0.0 15 13.661548496 2.093922671 0 0 2 1 7 3 1 1 0 8 
179 2 14.2358 5.98971 17.5926 0.00248286 -4.07696e-04 0.00277006 0.0037421975 0.0 11 12.3932028653 2.1795028764 0 0 1 2 5 3 0 0 0 6 
646 2 17.5392 5.23207 15.0017 0.00131978 6.55154e-04 -0.00226242 0.0026999241 0.0 12 11.5814924222 1.8588556646 0 0 0 2 8 2 0 0 0 6 
54 2 16.9114 3.39349 11.4044 1.85225e-04 -0.00166532 -4.91615e-04 0.00174622 0.0 13 12.7264722383 1.9817278273 0 0 1 2 6 3 1 0 0 7 
824 2 14.6788 6.99897 11.8153 -0.00490989 3.51592e-04 0.0040861 0.0063974096 0.0 17 13.9892297411 2.093922671 0 0 1 2 8 3 3 0 0 7 
625 2 10.0935 4.84117 10.7017 -1.96882e-04 -0.00163304 0.00265671 0.0031246904 0.0 14 15.5555061747 2.1033122945 0 0 1 3 5 3 2 0 0 7 
250 2 13.4841 2.82607 8.25406 -0.00264181 0.0019521 0.00218266 0.0039438381 0.0 13 14.4297985547 1.988629554 0 0 0 3 6 4 0 0 0 6 
674 2 14.9887 1.77621 6.60953 7.42483e-06 -0.00244 -1.80145e-04 0.0024466523 0.0 13 14.5973428157 2.1723211488 0 0 1 3 5 2 2 0 0 7 
762 1 23.9433 2.19841 17.856 0.00170538 3.34561e-04 -0.00221292 0.0028137638 0.0 14 22.2873111674 2.3555798918 0 0 1 1 8 3 1 0 0 7 
649 2 23.1148 3.69971 11.9202 5.94033e-04 -5.66764e-04 0.00282195 0.0029389621 0.0 15 13.5250081345 1.9270614149 0 0 0 4 4 7 0 0 0 6 
736 2 25.412 8.0901 12.6696 -0.00167411 -0.00529259 -1.88307e-04 0.0055542428 0.0 16 14.4228312403 1.9586050656 0 0 1 3 6 4 1 1 0 8 
474 2 23.7702 9.89205 15.6267 -0.00339743 3.85739e-04 -0.00135243 0.0036770086 0.0 16 14.39129087 2.3478360766 0 0 3 3 4 2 2 1 1 9 
778 2 25.9498 7.13657 15.6483 9.66583e-04 -1.41313e-04 -3.78548e-04 0.0010476405 0.0 13 18.7162829234 2.3547410906 0 0 0 5 2 6 0 0 0 6 
484 2 20.7246 2.84549 11.334 0.00112768 -9.93583e-04 0.00251542 0.0029302231 0.0 14 14.3807703046 2.4313945285 0 0 1 2 7 2 2 0 0 7 
741 2 19.876 5.30576 11.2336 -0.0037135 -6.14257e-04 3.12115e-04 0.0037768783 0.0 16 13.663467063 1.9530050725 0 0 2 2 6 3 2 1 0 8 
635 2 24.5445 2.02188 12.6226 1.96112e-04 0.00318287 -0.00178222 0.0036531397 0.0 12 17.3353210252 2.1165668228 0 0 0 2 8 2 0 0 0 6 
977 2 21.0016 7.89992 14.1288 0.00196017 -4.72933e-05 -0.00109346 0.0022450296 0.0 15 13.5526878486 1.9693415945 0 0 0 3 7 4 1 0 0 7 
651 1 23.7895 0.0478665 15.1801 -0.00239984 -0.00341622 -0.00306815 0.0051810554 0.0 15 22.685947161 2.1643510154 0 0 1 2 7 3 2 0 0 7 
916 2 20.8426 10.3023 13.6058 -0.00405373 -0.00374429 -0.00314552 0.0063519076 0.0 14 12.0571753348 1.8242870405 0 0 1 4 2 6 1 0 0 7 
752 2 23.5009 3.45464 14.4316 0.00282552 -5.53975e-05 0.00104414 0.0030127828 0.0 14 19.5077179945 2.1865862983 0 0 0 3 6 5 0 0 0 6 
258 2 25.2718 8.25322 9.51798 -0.00146605 -0.0019846 -0.00103873 0.0026771066 0.0 14 12.8520363058 1.8722945778 0 0 0 3 6 5 0 0 0 6 
361 2 18.3587 2.71172 9.3636 1.14853e-05 0.00112303 1.49602e-04 0.0011330088 0.0 15 13.0379348236 2.1628927215 0 0 1 3 5 4 2 0 0 7 
726 2 23.1223 8.1824 10.6357 0.00218954 0.00302467 0.0027417 0.0046324543 0.0 12 12.2820426177 1.9203803176 0 0 0 2 8 2 0 0 0 6 
855 1 0.863381 1.69996 13.2151 0.00222735 0.00275551 -0.00160928 0.0038914914 0.0 13 21.6078133957 2.2029429695 0 0 0 2 8 3 0 0 0 6 
477 2 19.5871 6.98201 9.05559 8.56018e-04 0.00424127 0.00120605 0.0044917363 0.0 14 12.7739810637 1.9624230845 0 0 0 0 12 2 0 0 0 6 
211 2 25.6225 4.18215 11.665 4.81534e-04 0.00326051 -0.00276641 0.0043030018 0.0 15 16.9387825318 2.1702079406 0 0 0 5 2 8 0 0 0 6 
118 2 21.7879 7.59195 16.3571 0.00314232 0.00147009 -0.00170698 0.0038664092 0.0 15 14.6265970029 2.1992641916 0 0 0 5 5 2 3 0 0 7 
876 2 17.7846 1.00194 15.5966 0.00297802 -0.00162716 0.00414483 0.0053568525 0.0 13 19.5082786143 2.2447393329 0 0 0 3 6 4 0 0 0 6 
527 2 18.9077 3.13922 15.3799 -0.00311103 8.36815e-04 0.0038152 0.0049934475 0.0 13 15.6721595606 2.1281051222 0 0 2 1 5 4 1 0 0 7 
888 2 19.0244 6.61765 13.3242 -0.00159037 8.99669e-05 6.34741e-04 0.0017147207 0.0 16 13.7355742082 1.928749312 0 0 1 2 7 4 2 0 0 7 
972 2 20.0907 7.10726 17.8538 0.00115823 3.45379e-04 -5.93502e-04 0.0013464873 0.0 15 17.5368414426 2.3192853128 0 0 0 3 7 4 1 0 0 7 
783 2 17.7588 7.91664 11.222 0.00184986 -0.00192487 -0.00117497 0.0029167895 0.0 14 14.2754675334 2.093248726 0 0 0 3 6 5 0 0 0 6 
277 2 25.6283 1.20182 10.4747 -0.00418451 0.00134258 0.00431362 0.0061579187 0.0 13 16.6171895177 2.2384636557 0 0 1 3 4 4 1 0 0 7 
799 2 24.2262 5.66991 10.4698 0.0010201 0.0015048 0.00286912 0.0033965978 0.0 14 13.9121590375 1.9204745941 0 0 0 2 8 4 0 0 0 6 
931 2 21.7247 1.6564 13.2257 -0.00173577 5.07289e-04 -7.85609e-04 0.0019716544 0.0 14 17.0664349058 2.4313945285 0 0 1 1 8 3 1 0 0 7 
305 2 19.3355 1.44003 13.5124 3.59006e-04 -0.00112543 -0.00120656 0.0016885689 0.0 14 16.3578644645 2.1784696086 0 0 1 2 6 4 1 0 0 7 
596 2 24.0302 8.0752 17.1359 2.06158e-04 -0.00148801 6.82282e-04 0.0016499041 0.0 15 17.716818309 2.3547410906 0 0 2 3 3 5 1 1 0 8 
205 2 24.9509 5.89103 13.2806 0.00168287 0.00250992 0.00333625 0.004501368 0.0 13 15.7932060558 2.1453977764 0 0 0 1 10 2 0 0 0 6 
606 2 19.986 5.82717 15.7311 0.00396038 -0.00208626 2.24004e-04 0.0044818822 0.0 13 14.5738841359 2.1046772743 0 0 1 3 4 4 1 0 0 7 
159 2 18.7018 3.81561 12.9221 0.00340754 -8.58573e-05 0.00143747 0.003699327 0.0 15 13.5840476006 1.9530050725 0 0 1 3 5 4 2 0 0 7 
369 2 24.7884 0.758881 8.32023 1.12861e-05 0.00237668 4.361e-04 0.0024163854 0.0 14 15.9947036402 2.2321113193 0 0 1 4 3 4 2 0 0 7 
599 1 21.5748 1.68454 16.2597 0.0020385 0.00288079 0.00123516 0.003738991 0.0 14 22.7769772582 2.2620650028 0 0 1 1 7 5 0 0 0 6 
138 2 22.2275 5.62164 14.7303 0.00155295 0.0025451 0.00200376 0.0035922475 0.0 14 15.0786961323 2.187771329 0 0 2 2 3 6 1 0 0 7 
89 2 22.3577 6.38476 12.4624 -4.16359e-04 1.86413e-04 0.0013553 0.0014300149 0.0 15 15.1669313026 1.928749312 0 0 0 2 8 5 0 0 0 6 
87 2 20.9487 3.95464 13.701 -0.00150981 0.0029923 -0.00540139 0.0063567601 0.0 14 15.0967131685 2.1647117852 0 0 0 3 7 3 1 0 0 7 
362 2 23.0487 1.79408 10.5381 0.00142203 0.00214203 -0.00168405 0.0030735137 0.0 14 16.6056243174 2.4249307853 0 0 0 3 7 3 1 0 0 7 
665 2 20.2504 1.60196 8.85673 -4.59918e-04 -8.50452e-04 1.73799e-04 9.8234376031e-04 0.0 13 17.2460085439 2.3640725733 0 0 1 3 4 4 1 0 0 7 
964 2 17.9941 7.59693 15.4577 2.53685e-04 -2.25685e-04 -6.45371e-04 7.2924174736e-04 0.0 16 13.5247811233 1.9814969685 0 0 0 1 11 3 1 0 0 7 
96 2 16.2369 3.03665 14.6835 -0.00309003 -3.05442e-04 -0.00118002 0.0033217507 0.0 16 14.7148676054 1.9817278273 0 0 1 3 5 6 0 1 0 8 
451 2 17.7394 3.43701 17.4952 -5.20806e-04 6.11293e-04 -0.00249633 0.0026223237 0.0 15 18.2765853127 2.2101711562 0 0 1 2 7 3 2 0 0 7 
945 2 20.2265 7.70742 11.5641 -0.00263904 0.00215092 0.0012002 0.0036099126 0.0 14 13.3911566768 1.9906955968 0 0 0 3 6 5 0 0 0 6 
848 2 23.8358 7.33472 14.5813 -0.0018955 4.59982e-04 0.00351298 0.0040181503 0.0 12 13.0715283369 2.1428057492 0 0 0 3 6 3 0 0 0 6 
364 2 26.7668 6.21824 11.1024 0.00321832 -6.6692e-04 -7.65966e-04 0.0033747696 0.0 14 17.0944204272 2.1547872819 0 0 0 2 8 4 0 0 0 6 
201 2 20.2233 4.07138 9.21619 0.00168434 0.00292888 -0.00145934 0.0036803549 0.0 14 12.4687869085 1.9796087163 0 0 3 3 2 2 3 1 0 8 
425 2 25.215 3.45106 9.18177 -0.0011698 -0.00122214 -8.57978e-05 0.0016939361 0.0 16 14.3634557699 2.0323938272 0 0 1 3 4 7 1 0 0 7 
412 2 0.659431 8.87935 11.7497 -8.80331e-04 -0.00327435 -0.00749151 0.0082230817 0.0 13 14.4732116335 2.2531611761 0 0 0 2 8 3 0 0 0 6 
817 1 5.26867 9.88187 9.92118 0.00252714 -6.9628e-04 -0.00275398 0.0038020584 0.0 16 22.9002054256 2.4930382184 0 0 1 2 6 6 1 0 0 7 
709 1 7.65268 17.0745 16.0588 -5.65337e-04 -0.00537068 -0.00175171 0.0056773495 0.0 14 22.7097312182 2.3393408775 0 0 0 2 8 4 0 0 0 6 
981 1 3.42932 13.5054 13.4974 0.0039744 -0.00264792 5.41142e-04 0.0048062637 0.0 15 22.5207843896 2.280680936 0 0 3 1 5 3 2 1 0 8 
446 1 4.022 9.98504 17.4408 -3.12044e-04 0.00125172 5.33358e-04 0.0013959388 0.0 14 21.5053486522 2.1725492685 0 0 0 2 8 4 0 0 0 6 
238 1 6.0144 12.2692 12.8109 -4.53054e-04 -0.00216825 -0.00268318 0.0034793708 0.0 14 22.1663606472 2.4930382184 0 0 0 4 5 4 1 0 0 7 
80 1 5.20793 16.9022 12.1418 -0.00427972 0.00146597 -0.00293919 0.0053948039 0.0 13 21.8491018442 2.2863165347 0 0 3 2 3 2 2 1 0 8 
404 1 0.0603643 11.4774 16.7214 0.00186459 0.00151203 3.61687e-04 0.0024277043 0.0 16 21.1951551289 2.3547410906 0 0 0 5 3 7 1 0 0 7 
114 1 7.345 13.9139 15.4807 -0.00423702 0.00240563 -0.00121575 0.0050216971 0.0 14 23.1043793421 2.2891163185 0 0 0 4 4 6 0 0 0 6 
350 1 6.0849 14.9249 10.7821 -0.00141089 -0.00194388 0.0018051 0.0030046075 0.0 17 24.1458823635 2.4102347784 0 0 3 4 2 5 0 2 1 9 
208 1 8.24854 15.1626 13.0042 8.03952e-04 -6.82736e-04 0.00264806 0.002850384 0.0 15 25.2828854875 2.333956307 0 0 2 3 3 5 1 1 0 8 
952 1 2.55334 17.3587 15.0083 -0.00164901 -8.68287e-05 2.73984e-04 0.0016738699 0.0 15 22.3724557625 2.516261523 0 0 1 4 3 6 0 1 0 8 
226 1 7.23468 11.9629 17.7398 0.00103097 0.00245792 0.00412808 0.0049137882 0.0 15 23.3685051861 2.3050520788 0 0 0 1 10 4 0 0 0 6 
215 2 0.146314 11.0995 12.6261 -0.00172314 0.00174856 8.12346e-04 0.0025858421 0.0 13 14.7287804066 2.2057930587 0 0 0 3 6 4 0 0 0 6 
821 1 25.9386 16.9515 14.9139 -3.45748e-04 0.00368319 6.21646e-04 0.0037512497 0.0 15 24.0829704908 2.5141633989 0 0 1 3 5 4 2 0 0 7 
351 2 26.6164 15.8565 9.86313 2.85638e-04 -7.95174e-04 -0.00298702 0.0031042196 0.0 12 16.7564041855 2.2499957584 0 0 0 3 6 3 0 0 0 6 
296 1 2.99015 15.6409 9.49287 -0.00115581 -6.14408e-04 -7.6454e-04 0.0015158876 0.0 18 24.0943178021 2.2698607374 0 0 2 5 1 6 3 1 0 8 
583 1 6.93554 9.43009 18.9194 -1.74309e-04 0.00427142 -9.69909e-05 0.0042760753 0.0 13 21.4484416515 2.246502288 0 0 0 3 6 4 0 0 0 6 
431 1 5.08066 12.0675 15.5397 -0.00190222 0.0016097 0.0010619 0.0027087279 0.0 13 22.0372167208 2.2900960092 0 0 0 1 10 2 0 0 0 6 
405 1 4.93782 15.4446 14.7755 -0.00113211 -0.00399186 4.64991e-04 0.0041752648 0.0 17 23.95508048 2.3032898501 0 0 1 3 5 6 2 0 0 7 
131 1 8.58487 12.4223 11.6102 0.00602514 0.00478809 1.19463e-04 0.0076969078 0.0 15 22.6948755664 2.4902772688 0 0 2 3 3 4 3 0 0 7 
954 1 2.27006 10.8667 15.1184 -0.00373956 9.97058e-04 -3.37997e-04 0.0038849293 0.0 14 20.9392583298 2.2531611761 0 0 0 3 6 5 0 0 0 6 
611 1 0.408025 17.9848 11.8924 -0.00249358 0.00214738 0.00227033 0.003997947 0.0 14 22.4354023301 2.2589077381 0 0 0 4 5 4 1 0 0 7 
541 1 2.15921 15.7795 12.5445 5.08265e-05 6.37733e-04 -6.83925e-05 6.4340053345e-04 0.0 17 25.452305443 2.516261523 0 0 1 7 2 2 3 2 0 8 
174 1 2.15322 13.4865 16.1532 0.0032014 0.00581959 0.00435864 0.0079444529 0.0 15 22.9265719908 2.516261523 0 0 0 3 6 6 0 0 0 6 
667 1 7.69658 10.934 14.3903 0.00163819 0.00101441 -0.00180908 0.0026430029 0.0 15 22.5994094337 2.2900960092 0 0 0 1 10 4 0 0 0 6 
220 1 0.689009 17.1606 17.4406 -0.00338796 9.0148e-04 0.0012048 0.0037070854 0.0 14 22.7680084363 2.3198872552 0 0 0 3 6 5 0 0 0 6 
75 2 1.88874 10.778 10.5298 4.71477e-04 0.00130306 -0.00236455 0.0027406847 0.0 13 15.7534619306 2.1643603503 0 0 1 2 6 3 1 0 0 7 
453 2 0.744026 12.8837 11.0594 0.00127555 -0.00207016 -0.00253147 0.0035101183 0.0 15 17.8002734706 2.2057930587 0 0 1 1 7 6 0 0 0 6 
20 1 3.8828 10.6528 12.759 -7.67352e-04 8.32033e-04 -0.00283358 0.0030512757 0.0 15 21.4906375994 2.2900960092 0 0 1 3 5 4 2 0 0 7 
37 1 3.93666 12.8235 10.4331 -2.83476e-04 -0.00303935 0.00228266 0.0038116327 0.0 16 24.5607115053 2.4930382184 0 0 0 3 6 7 0 0 0 6 
627 1 4.47342 13.0316 18.3305 -0.00170579 -8.41791e-04 -0.00117462 0.002235635 0.0 14 21.9502100929 2.2891163185 0 0 0 3 6 5 0 0 0 6 
439 1 3.47198 15.8966 17.1954 -1.80609e-04 6.5484e-04 0.00191752 0.0020342856 0.0 11 21.5449620779 2.2608575642 0 0 0 3 6 2 0 0 0 6 
8 1 3.37747 8.34455 14.8996 -0.00104294 -0.00196057 0.00197447 0.0029715468 0.0 15 22.575146506 2.2531611761 0 0 0 4 5 5 1 0 0 7 
142 2 13.7503 8.21934 17.1276 -9.52222e-04 6.35333e-04 0.00659668 0.0066952641 0.0 13 15.3883085914 2.2156142505 0 0 0 3 6 4 0 0 0 6 
696 2 15.6635 9.32729 10.8505 -9.30455e-04 0.00688155 -0.00206481 0.0072446475 0.0 12 14.6957432141 2.342049819 0 0 0 2 8 2 0 0 0 6 
860 2 18.7375 8.85722 13.1992 0.00373817 -0.0021704 0.00211832 0.0048137128 0.0 11 11.6100547418 1.9410745296 0 0 0 2 8 1 0 0 0 6 
727 1 15.3906 13.7569 9.74744 -0.00357725 0.0032182 9.90027e-04 0.0049126044 0.0 16 23.1469648024 2.3712471142 0 0 1 2 7 4 2 0 0 7 
686 2 15.0448 10.006 14.9665 0.00196422 -0.00209057 0.00143901 0.0032092667 0.0 13 14.4489014181 2.0343236557 0 0 0 1 10 2 0 0 0 6 
304 1 10.022 15.5675 16.0581 -5.81812e-04 -0.00198319 0.00231691 0.0031047737 0.0 14 22.3324992794 2.2803276363 0 0 0 3 6 5 0 0 0 6 
959 2 15.5537 12.4413 15.0094 8.09445e-04 -0.00210174 0.00266966 0.0034927921 0.0 13 13.9088120821 2.249835897 0 0 1 3 4 4 1 0 0 7 
950 1 15.2146 16.9519 13.4807 0.0011507 -4.73254e-04 -2.16474e-04 0.0012629097 0.0 15 23.9719817105 2.3817715486 0 0 0 2 8 5 0 0 0 6 
171 2 12.7493 11.0302 13.2682 0.00125012 2.94299e-04 0.00132914 0.0018482492 0.0 13 13.1948082243 2.1187723814 0 0 0 5 3 4 1 0 0 7 
678 1 14.622 17.4719 9.37544 -0.00376184 -0.00162598 -0.00645449 0.0076456322 0.0 14 22.6549089531 2.2615854834 0 0 0 2 8 4 0 0 0 6 
180 2 15.0479 10.7635 17.5594 4.14273e-04 -0.00302608 -0.00162171 0.003458139 0.0 13 17.9497117013 2.2109922724 0 0 0 3 6 4 0 0 0 6 
529 2 13.5185 13.2693 13.8737 -0.00294244 -7.90791e-04 0.00294399 0.004236789 0.0 14 18.9398454858 2.4248734729 0 0 1 3 5 3 2 0 0 7 
905 2 13.0954 10.1498 9.40531 0.00131918 0.00156438 -2.88927e-04 0.0020666397 0.0 16 20.1188322327 2.3712471142 0 0 1 4 3 7 0 1 0 8 
327 1 12.5199 16.0629 14.6681 8.3466e-04 -0.00302739 0.00105021 0.0033112971 0.0 15 22.3801088507 2.4248734729 0 0 0 3 7 4 1 0 0 7 
753 2 16.9209 14.0317 18.1658 1.00047e-04 0.00277432 0.00500136 0.0057201803 0.0 14 16.5017435222 2.2675362915 0 0 0 6 0 8 0 0 0 6 
538 2 16.8059 14.396 15.7016 0.00285285 -0.00122381 -0.00162466 0.0035037101 0.0 15 17.1700085653 2.4248734729 0 0 0 3 6 6 0 0 0 6 
502 2 11.0249 10.1414 14.3714 -0.0023561 0.00143491 -0.00175985 0.0032721928 0.0 12 14.4986927215 2.102289049 0 0 0 3 6 3 0 0 0 6 
22 2 9.92321 11.9295 16.036 -0.00175776 8.58922e-04 0.00209611 0.0028672538 0.0 13 20.4514088817 2.2409710917 0 0 0 2 8 3 0 0 0 6 
310 1 11.0582 15.3064 12.365 7.6616e-04 -0.0011408 -0.00186073 0.0023131671 0.0 13 21.1311748413 2.2456743185 0 0 0 3 6 4 0 0 0 6 
960 2 12.0659 12.9472 15.9227 -0.00140539 -0.00100588 4.34417e-04 0.0017820308 0.0 13 18.4052423828 2.2991750836 0 0 1 3 4 4 1 0 0 7 
858 1 11.8982 16.2008 9.03867 0.00364249 -0.00259792 8.51389e-04 0.004554315 0.0 17 24.0481815246 2.3217839685 0 0 1 3 7 2 4 0 0 7 
321 2 10.7301 12.319 13.6628 -0.00134291 8.53041e-04 6.33678e-04 0.0017124935 0.0 14 19.3381960905 2.2803276363 0 0 0 2 8 4 0 0 0 6 
629 1 9.43288 14.833 10.2368 4.15446e-04 -0.00122281 -3.76632e-04 0.0013452551 0.0 12 21.2793366584 2.3217839685 0 0 1 2 5 4 0 0 0 6 
747 2 18.2331 8.72425 17.8486 -5.43269e-04 -0.00444026 -0.00216483 0.0049696619 0.0 13 15.8595073674 2.1236786045 0 0 0 4 4 5 0 0 0 6 
326 1 9.65187 17.7171 10.609 9.57542e-04 -0.00261516 2.05681e-04 0.0027925353 0.0 15 21.8513789589 2.333956307 0 0 1 2 6 5 1 0 0 7 
209 2 14.9753 8.36856 8.61687 7.70604e-04 7.78032e-05 -6.21199e-04 9.9286054426e-04 0.0 13 13.4973639775 2.0700368317 0 0 2 3 2 4 2 0 0 7 
352 1 10.1432 11.939 9.13754 6.69823e-05 8.57487e-04 0.00146482 0.0016986666 0.0 13 22.6966952812 2.3216520234 0 0 0 4 4 5 0 0 0 6 
438 2 14.9437 13.2098 17.242 0.00196053 -0.00166382 4.37087e-05 0.0025717475 0.0 15 19.5598964709 2.4248734729 0 0 0 3 6 6 0 0 0 6 
398 2 17.101 10.8746 16.0175 6.04144e-04 0.00147529 0.00166108 0.0023023156 0.0 15 13.4810481557 1.9826928764 0 0 0 3 6 6 0 0 0 6 
322 2 17.3376 10.5282 13.8229 0.00321702 -0.00217493 0.00149298 0.0041603518 0.0 14 13.5838663036 1.9763274903 0 0 0 2 8 4 0 0 0 6 
346 2 16.8653 13.5382 12.3509 8.37337e-04 0.00151156 -8.36951e-04 0.0019200088 0.0 15 18.7544459008 2.344367251 0 0 1 0 10 3 1 0 0 7 
465 2 13.1138 10.8189 15.8539 0.00469741 0.00244866 6.63486e-04 0.0053387087 0.0 13 14.7060834479 2.2043634469 0 0 1 2 6 3 1 0 0 7 
512 1 12.606 12.8367 10.6639 -0.00102303 5.35922e-05 -0.00241093 0.0026195507 0.0 16 24.4927396048 2.3418030147 0 0 1 1 8 5 1 0 0 7 
181 1 16.8182 16.4638 10.987 -0.00254176 -3.78218e-04 1.02302e-04 0.0025717812 0.0 14 23.0600015457 2.2509159257 0 0 1 4 2 6 1 0 0 7 
758 2 18.0636 12.7369 14.7866 0.00213333 -9.5155e-04 0.00406047 0.0046844382 0.0 12 12.3560719528 1.9018822989 0 0 0 3 6 3 0 0 0 6 
578 1 10.9164 18.2315 16.772 -0.00358329 0.00102928 0.00165076 0.0040773022 0.0 14 21.7883413755 2.1246902997 0 0 0 2 8 4 0 0 0 6 
165 1 9.71704 10.2742 19.528 -0.00352907 0.00134959 -9.91714e-04 0.0039063058 0.0 14 24.3409290588 2.3051719165 0 0 1 0 10 2 1 0 0 7 
380 1 14.6567 17.0106 16.6555 0.00140256 -4.43076e-04 -1.68358e-04 0.0014804848 0.0 16 25.0870907676 2.4229841826 0 0 1 2 7 4 2 0 0 7 
721 1 13.7893 15.3402 11.6284 -0.00230123 5.85023e-04 9.02287e-04 0.0025400853 0.0 13 21.1558593928 2.2606729086 0 0 1 3 4 4 1 0 0 7 
818 2 10.9556 10.1791 11.9874 -0.00285252 0.00415357 -9.16658e-04 0.0051214525 0.0 15 19.901628322 2.2895509155 0 0 0 1 10 4 0 0 0 6 
775 2 14.8681 11.6936 12.7155 -0.00232654 0.00299841 -0.0024813 0.0045343247 0.0 16 16.760086967 2.3712471142 0 0 0 3 7 5 1 0 0 7 
979 2 16.9169 11.3908 11.356 0.00249778 -3.67171e-04 -0.00205949 0.0032581004 0.0 14 14.6069781568 2.3636530459 0 0 0 2 9 2 1 0 0 7 
643 2 21.6699 9.72323 11.285 0.00122607 -0.00302915 6.41971e-04 0.0033303339 0.0 14 12.4358170254 1.9119397908 0 0 1 4 2 6 1 0 0 7 
989 2 17.9832 9.73293 9.54511 -2.85598e-04 0.00502571 0.00106878 0.0051460293 0.0 15 13.1825782619 1.9906955968 0 0 2 2 6 2 2 1 0 8 
316 2 23.7722 10.9811 17.7838 -9.96174e-04 0.00137367 -0.00363913 0.0040152956 0.0 13 17.8552698323 2.1827389041 0 0 0 4 4 5 0 0 0 6 
577 2 25.0972 11.5423 14.2126 0.0019302 -0.00156015 9.57795e-04 0.0026602841 0.0 14 14.5960508752 2.1046202421 0 0 1 2 6 4 1 0 0 7 
203 2 20.6466 14.394 9.74597 -0.00100212 7.66642e-04 -1.63544e-04 0.0012722936 0.0 15 16.8188291898 2.465169553 0 0 1 2 7 3 2 0 0 7 
633 2 23.4578 14.0525 11.64 0.00216239 0.00303939 8.38042e-04 0.0038231056 0.0 14 14.3139681038 2.0866499129 0 0 2 2 4 4 2 0 0 7 
751 2 23.3633 12.4481 16.0432 -0.004123 -0.00285222 8.68148e-04 0.0050880221 0.0 15 16.7607101619 2.1246148614 0 0 0 1 10 4 0 0 0 6 
356 2 23.8633 12.1678 10.087 -0.00308101 7.72418e-04 -6.17238e-04 0.0032357742 0.0 13 11.6101417104 1.8865307249 0 0 3 1 2 6 1 0 0 7 
193 2 20.5143 12.2687 15.1924 -0.00465123 0.00117838 -0.00117175 0.0049391819 0.0 13 12.90359198 1.8944216067 0 0 0 3 6 4 0 0 0 6 
227 2 25.9566 10.5667 10.3733 0.00166034 -0.00176671 0.00130797 0.0027547738 0.0 15 11.8922336162 1.8372899514 0 0 0 3 7 4 1 0 0 7 
984 2 23.2902 9.21737 13.3254 -0.00204863 -0.00366128 7.24412e-04 0.0042575379 0.0 13 13.0555271814 1.9254793126 0 0 1 2 6 3 1 0 0 7 
81 2 19.5399 10.4984 17.3946 -9.00724e-04 -0.00284886 -0.00106915 0.0031733876 0.0 14 12.2789772184 1.9774925868 0 0 0 3 7 3 1 0 0 7 
891 2 19.3814 9.65464 15.241 2.52566e-05 -2.72983e-04 0.00343949 0.0034503984 0.0 15 13.066149859 1.9814969685 0 0 0 5 4 4 2 0 0 7 
35 2 21.3224 8.67766 9.0721 0.00122357 -0.00191484 1.02001e-04 0.0022746736 0.0 14 13.2794270052 1.9906955968 0 0 0 2 9 2 1 0 0 7 
44 2 19.7186 15.2181 11.7438 -0.00184571 -9.07898e-04 0.00294572 0.003592797 0.0 14 19.4017213269 2.2645363305 0 0 2 4 2 2 4 0 0 7 
658 2 20.181 11.1539 8.5113 0.00292524 5.41868e-04 -0.0016913 0.0034221551 0.0 16 15.3594665268 2.0119234633 0 0 0 4 5 6 1 0 0 7 
862 2 21.0408 12.0117 10.8318 6.02796e-06 -0.00146016 0.00291731 0.0032623306 0.0 15 14.8943144876 2.0740801133 0 0 1 3 5 4 2 0 0 7 
443 2 21.0653 14.6464 15.7067 -0.00172499 -6.82783e-04 -0.00182611 0.0026031636 0.0 14 16.2610709408 2.2861651441 0 0 0 5 3 5 1 0 0 7 
558 2 24.178 14.0406 13.8764 -9.7809e-04 0.00250132 3.68359e-04 0.0027108947 0.0 12 14.5464730053 2.1604202952 0 0 1 2 6 2 1 0 0 7 
57 2 24.1365 10.3865 11.57 -0.00227765 0.0036123 -0.0034514 0.0054907707 0.0 14 12.0050304396 1.9255895046 0 0 2 1 5 5 1 0 0 7 
682 2 22.2455 12.9623 8.70197 -0.00217193 0.00135385 -0.0025629 0.0036219672 0.0 15 14.0498363979 2.0912954536 0 0 1 4 4 4 1 1 0 8 
714 2 23.0574 15.8419 14.9426 0.00396933 -0.00132095 1.97196e-05 0.0041834051 0.0 15 20.7272529507 2.2450285507 0 0 1 2 6 5 1 0 0 7 
6 2 26.6566 9.26813 14.1062 -7.3079e-04 -0.00108658 0.00147013 0.001968754 0.0 14 18.238704679 2.3276223876 0 0 1 3 6 2 1 1 0 8 
375 2 19.7026 12.3533 13.06 0.00145794 -3.51662e-04 -0.00218935 0.0026537725 0.0 14 13.5580064792 1.9589832016 0 0 0 4 4 6 0 0 0 6 
149 2 18.7588 12.74 17.0562 -2.35908e-04 0.00118231 0.00435016 0.0045141335 0.0 14 12.2813490441 1.9740923299 0 0 1 4 3 4 2 0 0 7 
163 2 19.4366 10.5674 11.5096 -0.00146488 -0.00230244 -0.00408774 0.0049149488 0.0 14 13.3651990329 1.9906955968 0 0 0 4 5 4 1 0 0 7 
229 2 25.1986 12.6361 11.9391 -0.00100929 -0.0017471 -0.00437417 0.0048170933 0.0 12 11.0452024939 1.7866390555 0 0 0 0 12 0 0 0 0 5 
742 2 18.7398 15.1815 16.8684 0.00465579 -0.00235633 -0.00125007 0.0053657569 0.0 13 14.9470942899 2.2386397443 0 0 1 4 3 3 2 0 0 7 
795 2 23.2441 14.9775 9.62551 0.00150079 7.16156e-04 -0.00261613 0.003099901 0.0 14 15.9950103196 2.062272925 0 0 1 3 5 3 2 0 0 7 
429 2 25.4237 13.8301 9.82253 2.4566e-04 1.89608e-04 -5.15249e-04 6.0148280214e-04 0.0 14 12.6565181749 1.9469334695 0 0 0 5 4 3 2 0 0 7 
184 2 21.0076 15.4537 18.1281 -2.89735e-04 -0.00485855 -0.00243517 0.0054423807 0.0 15 19.4253009578 2.3082123835 0 0 1 3 4 6 1 0 0 7 
847 1 26.0132 14.5751 16.3142 0.00430131 -7.26561e-05 0.00152907 0.0045655889 0.0 16 23.7584249167 2.516261523 0 0 0 3 7 5 1 0 0 7 
548 2 22.943 14.0849 18.2069 3.01502e-05 8.21857e-04 0.00116224 0.0014237836 0.0 15 20.5707459596 2.2726565584 0 0 0 2 8 5 0 0 0 6 
732 1 17.8052 15.3467 8.56032 -0.00294308 -2.51453e-04 8.79142e-04 0.0030818564 0.0 17 23.9580149455 2.465169553 0 0 0 3 8 4 2 0 0 7 
260 2 18.6384 13.1097 10.8821 4.69628e-04 -2.59049e-04 -7.00155e-04 8.8197157937e-04 0.0 13 14.4139022091 2.0730265439 0 0 1 2 6 3 1 0 0 7 
323 2 18.5184 14.998 13.9922 -7.24509e-05 -0.00380858 -0.00331324 0.0050485731 0.0 15 18.3450436288 2.2509159257 0 0 1 2 7 3 2 0 0 7 
403 1 20.4385 17.2606 13.9957 0.00450765 0.00187492 -4.15918e-04 0.0048997165 0.0 15 21.7225617237 2.2861651441 0 0 0 3 6 6 0 0 0 6 
701 2 25.632 15.3264 11.804 0.00148363 0.00397524 0.00212236 0.0047442705 0.0 15 18.5264669591 2.2129207741 0 0 0 1 10 4 0 0 0 6 
755 2 26.5287 13.4455 13.6825 4.4959e-04 -1.55829e-04 5.35789e-04 7.1657776819e-04 0.0 13 19.029500546 2.510199145 0 0 0 2 8 3 0 0 0 6 
955 2 22.8039 11.5801 13.3351 0.00228341 0.00427765 -0.00293124 0.0056660761 0.0 16 13.919914992 1.8865307249 0 0 0 4 6 4 2 0 0 7 
655 2 21.77 13.7341 13.6503 4.26775e-04 -0.00174085 -0.00285238 0.0033687932 0.0 14 15.4756726787 2.0766735504 0 0 1 2 7 2 2 0 0 7 
331 2 21.6788 10.159 16.1751 3.91707e-04 4.0973e-04 7.67976e-04 9.5451567998e-04 0.0 15 13.1229060016 1.9504833904 0 0 2 2 5 5 0 0 1 9 
510 1 24.3785 17.305 17.7575 0.00249212 0.0010571 -0.00272072 0.0038380255 0.0 13 23.0700522187 2.2849231921 0 0 0 1 10 2 0 0 0 6 
796 1 19.3608 18.3406 17.3654 -0.00247623 0.00207901 0.00270895 0.0042181048 0.0 15 23.6289182964 2.3331787659 0 0 1 3 4 6 1 0 0 7 
565 2 17.8797 12.2041 8.79616 4.9576e-04 8.21938e-04 -5.53535e-04 0.0011080438 0.0 12 15.5797509865 2.0443063267 0 0 0 2 8 2 0 0 0 6 
212 2 23.3955 10.0807 9.35847 -0.00168145 7.17833e-04 -0.00128696 0.0022358051 0.0 15 12.6020567113 2.0119234633 0 0 0 4 5 5 1 0 0 7 
869 1 6.59964 17.9995 9.76398 -5.19313e-04 -0.00169564 -0.0016112 0.0023960064 0.0 17 23.3192085464 2.333956307 0 0 2 3 4 6 1 0 1 9 
231 2 0.386565 26.2431 9.41842 8.43528e-04 -0.0011106 -9.30877e-05 0.0013977257 0.0 13 17.2630450803 2.1959037623 0 0 0 3 6 4 0 0 0 6 
397 1 5.05923 18.4637 14.6266 0.0017665 9.79023e-04 -7.43205e-04 0.0021520599 0.0 14 22.4858077337 2.3174892597 0 0 1 3 5 3 2 0 0 7 
508 1 1.31024 22.4308 16.8258 0.00257304 -0.00101666 7.0375e-04 0.0028547148 0.0 15 23.1089482107 2.169802192 0 0 0 4 5 5 1 0 0 7 
109 1 25.84 20.3837 12.6868 6.50117e-04 -0.00189473 0.00119023 0.0023300861 0.0 15 20.823205722 2.1254916806 0 0 1 3 5 4 2 0 0 7 
823 1 3.72929 22.5757 11.162 -3.91299e-04 -0.00144618 -0.00105988 0.0018351831 0.0 17 24.8364265499 2.2893853859 0 0 1 3 5 6 2 0 0 7 
711 1 0.0687189 20.0017 18.29 -0.00388172 -0.00179577 -0.00203754 0.0047375214 0.0 15 23.4804164019 2.2643065169 0 0 1 4 4 4 1 1 0 8 
67 1 3.00133 19.805 12.909 0.00117512 0.00152318 -0.00448946 0.0048842845 0.0 14 21.8787169904 2.2826788929 0 0 0 4 4 6 0 0 0 6 
130 1 8.29645 19.5209 17.4368 0.0041547 0.00196903 0.00397459 0.0060774976 0.0 13 19.7390755794 2.2867835407 0 0 1 2 5 5 0 0 0 6 
420 1 5.34576 23.0335 13.9387 0.00229391 0.00607231 -0.0015253 0.0066679466 0.0 16 21.6664794031 2.400987194 0 0 1 3 5 5 2 0 0 7 
570 1 8.22671 22.4074 13.5007 -0.00206512 -6.01394e-04 -0.00140517 0.0025692213 0.0 14 23.5611949917 2.3102542237 0 0 0 1 10 3 0 0 0 6 
863 1 3.67253 18.33 10.4289 -3.53602e-04 -0.00117589 0.00216378 0.0024879099 0.0 14 23.1798151515 2.2893853859 0 0 1 3 5 4 0 1 0 8 
178 1 8.06291 20.4306 10.3478 0.00162896 -6.04976e-04 -0.00651215 0.0067400003 0.0 14 23.8404370419 2.2589243278 0 0 0 4 5 4 1 0 0 7 
875 1 25.5937 22.3118 15.0185 0.00320363 0.00163235 -3.73944e-05 0.0035957211 0.0 13 20.357574302 2.1858828642 0 0 0 3 6 4 0 0 0 6 
173 1 4.90501 23.6353 17.2213 -0.00161078 0.00315431 2.72542e-04 0.0035522617 0.0 15 22.9016160257 2.2010791637 0 0 1 3 5 4 2 0 0 7 
991 1 6.91 0.248931 12.3473 0.00156034 -0.00142292 -0.00143409 0.0025526411 0.0 16 23.1812312674 2.400987194 0 0 0 1 10 5 0 0 0 6 
526 1 1.06272 19.8753 14.8713 -0.00265387 -0.00370381 -0.00569831 0.0072960244 0.0 14 22.894428997 2.195395546 0 0 1 1 8 3 1 0 0 7 
458 1 3.0883 19.1467 17.3393 7.52124e-04 -0.00124207 0.00278521 0.0031409908 0.0 14 22.4577252013 2.2643065169 0 0 0 1 10 3 0 0 0 6 
25 1 3.67038 21.0631 15.4607 0.00192392 -9.12681e-04 0.00219131 0.003055535 0.0 14 21.2941646542 2.2808533146 0 0 0 4 4 6 0 0 0 6 
251 1 3.09763 24.1084 15.0986 -6.46198e-04 -5.20803e-04 4.18644e-04 9.2955388157e-04 0.0 12 19.7509359076 2.1852437238 0 0 2 2 4 2 2 0 0 7 
710 1 6.61702 21.2763 15.4897 5.23802e-04 1.42249e-04 -0.00197092 0.0020442918 0.0 14 21.6402258092 2.3393408775 0 0 1 2 6 4 1 0 0 7 
252 1 7.48359 24.6514 15.6944 1.44073e-04 0.00454162 -0.0012226 0.0047055095 0.0 14 22.6935844825 2.400987194 0 0 1 4 3 4 2 0 0 7 
40 1 8.08267 22.1704 17.6764 -0.00181747 -2.9636e-04 -0.00275149 0.0033108494 0.0 14 20.1356020043 2.3102542237 0 0 0 4 4 6 0 0 0 6 
410 1 7.47857 24.1043 11.1252 -0.00231199 0.00202399 -5.44624e-04 0.0031206487 0.0 17 24.5919980952 2.4001447913 0 0 1 1 9 4 2 0 0 7 
750 1 1.20465 22.6612 13.3174 -0.00393359 -5.56071e-04 -0.00136264 0.0041998968 0.0 15 22.8977964382 2.2826788929 0 0 0 3 6 6 0 0 0 6 
24 1 0.437045 23.4874 10.5669 0.0015737 -0.00302592 -6.22243e-04 0.0034669742 0.0 15 23.0851969185 2.1634804304 0 0 0 3 6 6 0 0 0 6 
13 1 2.23624 25.4445 12.4302 0.00267153 0.00213792 -0.00159754 0.0037762294 0.0 15 22.2692227481 2.2029429695 0 0 2 1 6 4 2 0 0 7 
243 1 1.24021 20.5274 10.6894 -7.00617e-04 0.00181213 0.00229027 0.0030033341 0.0 13 22.3771227669 2.2854428634 0 0 0 3 6 4 0 0 0 6 
519 1 5.2064 26.2125 14.9362 -0.00149418 0.0012889 2.1764e-05 0.0019734008 0.0 14 21.8987641965 2.3649570162 0 0 1 1 8 3 1 0 0 7 
409 1 7.64976 18.3999 12.8342 7.73166e-05 -0.00185257 0.00490022 0.005239289 0.0 15 24.796327586 2.3393408775 0 0 1 1 8 4 1 0 0 7 
904 1 5.66858 20.655 12.1222 -0.00211606 -0.00174217 0.00126213 0.0030175882 0.0 15 24.4225015879 2.2398733658 0 0 0 2 8 5 0 0 0 6 
827 1 10.4391 17.7361 13.8224 4.87551e-04 -6.52819e-05 0.00323198 0.003269199 0.0 12 20.6365876119 2.1181428061 0 0 0 0 12 0 0 0 0 5 
885 1 9.17671 25.2687 13.4925 7.34723e-04 0.00167924 0.00496025 0.0052880757 0.0 14 23.4961392519 2.400987194 0 0 1 3 4 5 1 0 0 7 
995 2 15.4595 25.6176 9.85279 -8.78613e-04 0.00311402 -0.00232139 0.003982202 0.0 14 17.1600144019 2.1742326756 0 0 0 2 8 4 0 0 0 6 
444 1 10.6772 20.223 12.0627 -0.00407386 -0.00154296 -6.77907e-04 0.0044086981 0.0 15 23.0042899078 2.2498494805 0 0 0 3 7 4 1 0 0 7 
777 2 9.81946 0.0058887 11.0829 5.19183e-04 -0.00403386 0.00139873 0.0043009328 0.0 14 17.4676868337 2.3819605104 0 0 0 2 8 4 0 0 0 6 
774 2 16.8972 25.8239 11.7855 6.72038e-04 0.00117339 -0.00564471 0.0058044147 0.0 15 20.2427893197 2.3317781971 0 0 0 3 6 6 0 0 0 6 
267 1 17.4941 21.8152 13.1976 -8.87163e-04 0.00231791 -0.00225334 0.0033522091 0.0 15 24.0723532087 2.3317781971 0 0 0 1 10 4 0 0 0 6 
121 1 14.9731 24.3871 14.2581 0.00110065 7.94819e-04 0.00269474 0.0030174147 0.0 16 23.8580186732 2.3650702166 0 0 2 2 6 4 1 0 1 9 
887 1 10.3033 23.1481 11.4285 0.0015722 8.45682e-05 1.97443e-04 0.0015868044 0.0 15 24.0002993792 2.3819605104 0 0 1 3 5 4 2 0 0 7 
78 1 14.9587 19.6614 11.8105 -0.0018648 0.00115298 -0.00316542 0.0038505488 0.0 16 23.1681659864 2.2498494805 0 0 0 3 6 7 0 0 0 6 
735 1 10.5792 23.9655 16.4272 0.00271363 0.00122266 0.00199747 0.0035844904 0.0 13 22.9550205386 2.332191651 0 0 0 3 6 4 0 0 0 6 
677 1 12.5371 17.7728 11.8387 -0.00129415 -7.37456e-04 0.00239041 0.0028165095 0.0 13 20.6390858104 2.2272016917 0 0 1 0 9 3 0 0 0 6 
140 1 12.3718 25.4934 14.2429 -0.00153662 -0.00109576 0.00172272 0.002555319 0.0 19 25.7387505922 2.3819605104 0 0 1 7 2 4 4 0 1 9 
802 1 15.9809 22.5964 11.0546 2.14725e-04 5.95865e-04 -0.00356066 0.0036165538 0.0 13 20.7651312947 2.2737671429 0 0 0 3 6 4 0 0 0 6 
544 1 12.3367 19.4289 9.35704 0.00220026 -0.00224565 6.9109e-04 0.0032189584 0.0 12 20.5981003082 2.1888718571 0 0 0 2 8 2 0 0 0 6 
289 1 15.0014 20.6141 8.67648 8.4061e-04 -0.00285214 -0.00204576 0.003609219 0.0 15 21.8659966137 2.2218474056 0 0 1 1 9 2 2 0 0 7 
166 1 13.0335 21.7402 10.5346 -0.00386875 -0.00433996 0.00238419 0.0062838556 0.0 14 20.4314987523 2.2151351675 0 0 1 3 4 5 1 0 0 7 
204 1 13.4232 24.239 11.9083 5.6434e-04 -0.00415073 0.00211381 0.0046920392 0.0 15 22.1714715289 2.3819605104 0 0 0 5 3 6 1 0 0 7 
822 1 10.418 21.5592 9.05436 -0.00116438 -6.50722e-04 0.00105184 0.0016987016 0.0 17 21.7283019076 2.2589243278 0 0 3 3 3 3 4 1 0 8 
389 1 15.4226 24.9594 17.003 0.00210241 -0.00325969 0.00212407 0.0044223727 0.0 14 23.5536860716 2.3816189254 0 0 0 3 6 5 0 0 0 6 
481 1 17.0947 22.6685 16.4787 3.0954e-05 -0.00201398 -0.00335016 0.0039090466 0.0 14 22.89233127 2.2954756879 0 0 0 2 8 4 0 0 0 6 
460 1 13.8458 21.9151 16.3115 -0.00147964 -0.00176418 0.00461036 0.0051533567 0.0 15 24.2358903013 2.3650702166 0 0 0 5 3 6 1 0 0 7 
308 1 17.9194 24.7358 14.798 -1.88508e-04 -0.00148485 -0.00164148 0.0022214345 0.0 13 23.5997615855 2.3267958898 0 0 0 1 10 2 0 0 0 6 
800 1 10.9646 21.3212 17.2571 0.00438448 -0.00203447 -6.26741e-04 0.0048739653 0.0 13 20.8533529351 2.2221679516 0 0 0 3 6 4 0 0 0 6 
189 1 14.0972 21.9472 13.1096 0.00215525 -1.8928e-05 -3.43021e-04 0.0021824583 0.0 13 19.9013088248 2.2954756879 0 0 1 2 7 1 2 0 0 7 
731 1 11.4751 22.1104 14.2792 7.4157e-04 -0.00196686 -8.29902e-04 0.0022599119 0.0 14 22.8953844557 2.2612607077 0 0 1 4 3 4 2 0 0 7 
117 1 13.2187 19.3577 14.5952 0.00327911 -0.00181398 -0.00108981 0.0039026621 0.0 15 23.5041961849 2.2498494805 0 0 0 0 12 3 0 0 0 6 
938 1 17.5824 18.1511 8.88146 -8.05909e-04 -6.84892e-04 0.0039938 0.0041314652 0.0 14 22.5309519457 2.4334977447 0 0 3 2 2 4 3 0 0 7 
248 1 17.2551 22.8823 8.68628 0.00128659 -0.00295287 4.33453e-04 0.003250021 0.0 14 21.1399934969 2.2293253998 0 0 0 2 8 4 0 0 0 6 
782 1 9.64829 20.1982 14.9748 9.62784e-04 -3.97159e-04 -2.77256e-04 0.0010777566 0.0 13 21.621985003 2.3393408775 0 0 0 1 10 2 0 0 0 6 
626 1 13.5725 19.4479 17.7856 6.61739e-04 -0.00311039 0.00205114 0.0037841247 0.0 15 23.0807212082 2.2715426902 0 0 2 4 2 4 2 1 0 8 
834 1 15.8268 19.9964 15.1489 -0.00184587 5.85275e-04 -0.00124739 0.0023034246 0.0 13 21.8277609951 2.2954756879 0 0 0 1 10 2 0 0 0 6 
620 2 11.7008 24.6024 8.52344 0.00124651 -0.00351876 1.86275e-04 0.0037376674 0.0 14 17.4076958672 2.1807193696 0 0 1 4 3 5 0 1 0 8 
654 1 19.0323 25.2952 17.4762 -0.00268842 -9.24985e-04 -0.00186117 0.0033981102 0.0 15 23.9134266195 2.2946445728 0 0 0 2 8 5 0 0 0 6 
746 1 18.7031 25.619 9.01027 -0.00301832 -5.28397e-04 0.00159528 0.0034546168 0.0 17 23.5700020005 2.3066604718 0 0 0 3 7 6 1 0 0 7 
150 1 21.9875 17.8257 8.94483 -0.00453591 -6.37747e-04 -0.00253036 0.005232965 0.0 15 22.4347327277 2.465169553 0 0 0 4 6 3 2 0 0 7 
980 1 16.8066 19.6435 17.9784 0.00151171 -3.97432e-04 0.00137327 0.0020806465 0.0 16 25.1829376251 2.3192939064 0 0 0 1 10 5 0 0 0 6 
348 1 19.4463 22.5593 18.3754 0.00186934 -0.00534599 -0.00202651 0.0060150465 0.0 14 23.8611218395 2.3192939064 0 0 0 1 10 3 0 0 0 6 
191 1 17.7137 20.5045 10.4889 0.00355406 0.00146279 5.62317e-04 0.0038842371 0.0 13 21.1936882085 2.3289811677 0 0 1 2 6 3 1 0 0 7 
936 1 24.8885 21.1615 9.81647 -0.00207059 6.90505e-04 3.73587e-04 0.0022144316 0.0 14 22.7103832834 2.2045597146 0 0 1 3 4 5 1 0 0 7 
12 1 24.8149 24.8224 17.0514 -3.70963e-04 9.39785e-04 0.00273018 0.0029111325 0.0 13 20.2608205058 2.1643510154 0 0 2 2 5 1 3 0 0 7 
525 1 21.5759 25.2373 9.87921 3.97764e-04 -0.00471742 -4.04459e-04 0.0047514056 0.0 17 24.2752838265 2.4313945285 0 0 0 3 8 4 2 0 0 7 
486 1 24.1081 18.4987 13.5355 -9.99184e-04 9.92928e-04 1.68457e-04 0.0014186798 0.0 14 20.9526858715 2.2129207741 0 0 1 2 7 2 2 0 0 7 
679 1 17.7615 18.8992 13.0608 0.0027519 -0.00117223 -0.00385953 0.0048829344 0.0 14 21.5945694941 2.2509159257 0 0 1 1 8 3 1 0 0 7 
283 1 24.7296 22.0892 17.832 0.00376098 -0.00301819 -0.00167777 0.0051058157 0.0 14 22.1595062317 2.2146269286 0 0 0 4 4 6 0 0 0 6 
284 1 19.9696 25.2605 12.1569 0.0022103 -0.00312645 0.00389614 0.0054626022 0.0 14 22.6362887533 2.4313945285 0 0 1 3 4 5 1 0 0 7 
670 1 19.4057 22.8909 10.6766 8.75107e-04 -0.00135185 7.41639e-04 0.0017729464 0.0 15 24.2891664283 2.3317781971 0 0 1 3 5 4 2 0 0 7 
663 1 18.9153 20.5837 15.6788 -3.04069e-04 -0.00204154 2.80919e-04 0.0020830888 0.0 14 22.2593038341 2.2417383951 0 0 0 2 8 4 0 0 0 6 
135 1 21.9823 22.7521 11.9289 -0.00177896 8.25155e-04 2.19103e-04 0.0019732171 0.0 15 21.74794489 2.2431961917 0 0 3 3 3 0 6 0 0 7 
937 1 20.39 22.7172 14.3514 2.73662e-04 -0.00317465 0.00156923 0.0035518694 0.0 16 22.492503714 2.2946445728 0 0 1 2 7 4 2 0 0 7 
723 1 22.0022 18.612 15.7436 -0.00370074 0.00205781 0.00139245 0.0044574629 0.0 14 21.7098822364 2.2861651441 0 0 0 4 4 6 0 0 0 6 
556 1 24.8984 23.1447 12.0172 1.5127e-04 0.00382893 -0.00257426 0.0046163191 0.0 14 20.7505980007 2.1899540661 0 0 1 3 4 5 1 0 0 7 
864 1 20.7693 25.5365 15.0976 4.44594e-04 0.00148117 -0.00412671 0.0044069563 0.0 14 22.8374719845 2.2508133581 0 0 1 3 4 5 1 0 0 7 
912 1 25.9032 25.8782 12.5383 -0.00277958 -9.52637e-04 0.00219236 0.0036660639 0.0 15 23.4301142007 2.2029429695 0 0 0 4 5 5 1 0 0 7 
908 1 24.6238 19.7895 16.1849 0.00429132 1.21577e-04 -0.00322391 0.0053687805 0.0 14 21.698011944 2.207662351 0 0 1 3 4 5 1 0 0 7 
586 1 22.5692 20.0659 11.0433 0.00417508 0.0019893 -4.25226e-04 0.0046442895 0.0 15 21.9842746106 2.3135533338 0 0 1 3 6 2 3 0 0 7 
343 1 24.3698 24.5059 9.71618 0.00488059 -0.00122951 -0.00202746 0.0054260895 0.0 15 23.0497237912 2.2384636557 0 0 0 4 4 7 0 0 0 6 
344 1 21.7547 21.3923 16.5204 -0.00123984 0.00345375 6.78486e-04 0.003731747 0.0 15 21.034512532 2.2417383951 0 0 0 3 6 6 0 0 0 6 
868 1 20.32 20.3026 8.8592 0.00470117 1.9695e-04 -1.86052e-04 0.0047089706 0.0 15 23.2132861526 2.3289811677 0 0 1 4 3 5 2 0 0 7 
917 1 20.6891 19.8661 13.1839 6.87073e-04 0.00393408 0.00456875 0.0060681572 0.0 16 21.7336448532 2.3289811677 0 0 0 4 5 6 1 0 0 7 
996 1 23.4361 23.8218 14.8223 -0.00123929 -2.2202e-04 -0.00730842 0.0074160728 0.0 14 20.9535433114 2.219158873 0 0 0 4 4 6 0 0 0 6 
365 1 22.8663 21.2092 13.944 9.55555e-04 -0.00244045 -0.00291789 0.0039221121 0.0 12 18.94699035 2.1254916806 0 0 0 2 8 2 0 0 0 6 
641 1 22.8525 25.8937 12.4864 0.00410635 -0.00243244 -0.00109206 0.0048960668 0.0 14 22.5848418432 2.3882487703 0 0 1 3 4 5 1 0 0 7 
88 1 0.20944 25.0016 15.1328 0.00345614 -0.00225129 -0.00390821 0.0056821929 0.0 16 23.5143418865 2.2569710556 0 0 0 5 5 3 3 0 0 7 
672 1 24.7966 18.295 10.5184 0.00392438 0.00258125 -0.00388291 0.0060943088 0.0 14 21.551032887 2.1154816337 0 0 0 1 10 3 0 0 0 6 
225 1 22.4007 16.9611 11.8207 -9.87024e-04 0.0022923 0.00443504 0.0050890505 0.0 15 21.9788920692 2.2129207741 0 0 1 2 6 5 1 0 0 7 
396 1 19.7731 18.18 11.0242 0.00158461 -2.66758e-04 -0.00297377 0.0033801563 0.0 14 22.4588135899 2.465169553 0 0 0 6 0 8 0 0 0 6 
881 2 7.58247 2.57109 25.6627 0.00108375 0.00203506 -2.02057e-04 0.0023144784 0.0 14 12.142153756 1.8444172913 0 0 1 1 8 3 1 0 0 7 
358 1 4.19803 8.15414 26.6849 8.11969e-04 9.78043e-04 -1.72489e-04 0.001282815 0.0 12 21.9739587952 2.3542481412 0 0 0 2 8 2 0 0 0 6 
615 1 8.23341 7.86603 24.6794 1.25264e-04 -5.30832e-05 -0.00169663 0.0017020759 0.0 16 24.4110741875 2.3185284946 0 0 0 3 8 3 2 0 0 7 
865 2 5.28837 0.637409 24.6382 -0.00543234 -3.97508e-05 0.00275108 0.0060893628 0.0 15 12.2804528963 1.8029169649 0 0 1 1 9 2 2 0 0 7 
933 2 1.3168 1.36185 24.5511 0.00201309 0.00355111 -0.00134339 0.0042973958 0.0 13 17.0475821622 2.106249442 0 0 1 3 4 4 1 0 0 7 
468 1 26.4106 3.46143 19.1626 0.0028525 -0.00165605 8.90668e-04 0.003416511 0.0 16 24.06637603 2.3022969023 0 0 0 5 5 3 3 0 0 7 
585 1 2.40518 0.674592 19.896 -9.7695e-04 0.00301351 -0.00116485 0.0033752851 0.0 14 22.9008886726 2.220633034 0 0 1 4 3 4 2 0 0 7 
144 2 3.07788 1.40015 26.5309 -0.00175588 -0.00491394 -0.00310419 0.0060717309 0.0 13 12.4359833109 1.8805314869 0 0 0 5 3 4 1 0 0 7 
957 2 5.4238 1.28885 0.166552 -3.58181e-04 0.00116551 4.58852e-04 0.0013027864 0.0 14 11.9996321647 1.7907242974 0 0 2 2 5 3 1 1 0 8 
942 2 5.77989 26.6603 22.2795 0.00150918 -2.23398e-04 -0.00100453 0.0018266394 0.0 15 17.9246761808 2.3224944269 0 0 2 2 5 3 3 0 0 7 
835 2 3.40566 2.3079 23.8525 -0.00276252 -0.00486062 -8.68932e-04 0.0056579313 0.0 12 14.3759183886 2.2131124117 0 0 0 2 8 2 0 0 0 6 
177 1 5.10361 2.08224 19.8479 -0.00159898 2.99616e-04 -8.81181e-04 0.0018501315 0.0 16 23.0610559897 2.2588281653 0 0 1 4 3 6 2 0 0 7 
767 1 2.95758 7.1807 22.2569 0.00262366 9.35915e-04 -0.00374267 0.0046655233 0.0 13 20.116659758 2.161038907 0 0 0 3 6 4 0 0 0 6 
613 2 4.96572 3.03386 25.3242 -0.0015801 -0.00243258 -0.00197781 0.0035108252 0.0 12 11.3858672223 1.8759227864 0 0 0 0 12 0 0 0 0 5 
759 1 5.09662 7.81606 20.3971 0.00343225 8.0403e-04 0.00287574 0.0045493609 0.0 14 21.5262868055 2.1331267529 0 0 1 2 7 2 2 0 0 7 
392 1 5.40923 7.38029 23.7058 0.00204703 -1.11472e-04 -0.00154631 0.0025678459 0.0 15 23.6941385411 2.2183241271 0 0 0 0 12 3 0 0 0 6 
521 1 5.76655 4.95859 20.7644 -0.00161433 -0.0011512 -3.51157e-04 0.0020136122 0.0 16 25.550385341 2.4588694365 0 0 1 3 5 5 2 0 0 7 
294 1 7.80798 1.71451 18.5288 0.00130388 -4.16477e-04 4.93611e-04 0.0014550629 0.0 13 22.5566620191 2.2257737197 0 0 0 3 6 4 0 0 0 6 
769 1 2.22787 5.80346 20.0064 -0.00183446 -3.1611e-04 0.00184898 0.002623718 0.0 15 22.6193183802 2.3022969023 0 0 0 3 6 6 0 0 0 6 
589 1 7.87868 6.90396 21.8019 -0.00272608 3.40307e-04 -0.00436824 0.0051603141 0.0 15 24.6567033569 2.4764726682 0 0 1 2 8 2 1 1 0 8 
45 1 2.13874 6.74017 25.0272 8.25141e-04 2.89024e-04 -0.00356585 0.0036714682 0.0 14 21.1526914709 2.3324376403 0 0 0 2 8 4 0 0 0 6 
275 1 3.09125 3.50337 21.1993 2.51851e-04 -0.00116465 0.00230883 0.0025981791 0.0 14 22.0060889907 2.2940707427 0 0 0 2 8 4 0 0 0 6 
555 1 1.00364 4.81833 22.7575 0.00120079 -0.00101801 -8.63483e-04 0.0017955066 0.0 15 20.4228675328 2.180025252 0 0 0 4 5 5 1 0 0 7 
228 2 2.60773 3.88117 25.9759 -0.00330607 0.00380122 -0.0019953 0.0054185417 0.0 14 16.8153450539 2.115108503 0 0 0 2 8 4 0 0 0 6 
61 2 6.88192 4.50106 24.1701 0.00183573 -3.38852e-04 -0.00390529 0.0043285119 0.0 18 19.4948650296 2.4788734228 0 0 1 3 6 5 3 0 0 7 
820 2 4.80066 5.24425 26.2383 1.42763e-04 5.37557e-04 7.28365e-04 9.1644114685e-04 0.0 13 17.1012913863 2.1520120599 0 0 1 2 6 3 1 0 0 7 
377 2 9.31867 3.09638 23.9059 0.00271218 0.00415426 -0.00118855 0.0051016123 0.0 13 14.1355761553 2.4335172605 0 0 1 2 6 3 1 0 0 7 
661 2 3.97992 4.5524 23.9812 -0.00162662 -0.00232779 -4.24105e-04 0.0028713 0.0 12 17.0924940105 2.161038907 0 0 0 0 12 0 0 0 0 5 
157 2 5.85554 2.46648 23.1197 0.00231784 0.00311784 0.00231162 0.0045207185 0.0 14 17.0325770418 2.2837219151 0 0 1 1 8 3 1 0 0 7 
871 2 6.57259 3.49103 0.89235 -2.1482e-04 -0.00277624 5.28811e-04 0.0028343072 0.0 14 12.6485377452 1.8834796917 0 0 0 3 7 3 1 0 0 7 
197 2 8.48765 1.91521 21.697 -0.00201099 -0.00404803 9.40887e-04 0.0046169141 0.0 15 20.5939762904 2.4788734228 0 0 0 4 5 5 1 0 0 7 
963 1 9.50631 7.39692 19.582 0.00210919 -7.8026e-04 -0.00142662 0.0026632185 0.0 16 24.050370961 2.3037705296 0 0 1 2 8 3 1 1 0 8 
851 1 8.74134 4.31553 19.6293 -0.00292999 0.00347104 5.37139e-05 0.0045426694 0.0 16 23.9326874435 2.4788734228 0 0 2 4 2 4 4 0 0 7 
664 1 17.4873 0.500464 24.7742 -2.04862e-04 9.03248e-04 -0.0010186 0.0013767249 0.0 16 21.7214584951 2.2149992183 0 0 0 3 6 7 0 0 0 6 
50 1 15.0605 1.93162 23.5423 4.40367e-04 -5.20211e-04 6.69837e-04 9.5562763971e-04 0.0 16 24.1059574606 2.3210337961 0 0 0 3 8 3 2 0 0 7 
693 2 11.6866 2.63998 24.1735 -0.00387355 0.00414139 -0.00167386 0.0059124706 0.0 13 14.260599682 2.1220635889 0 0 0 3 6 4 0 0 0 6 
739 1 18.2272 6.72158 20.387 -0.00438091 0.00182776 -6.43864e-04 0.0047903695 0.0 16 23.0725270206 2.3154723992 0 0 2 2 5 4 3 0 0 7 
794 1 19.7887 2.66593 22.8364 -0.00110743 -0.00462982 -0.0020039 0.0051650024 0.0 13 21.1457777081 2.2149992183 0 0 0 1 10 2 0 0 0 6 
673 1 10.5731 2.33337 18.422 0.00115209 -0.00184698 4.43093e-05 0.0021772941 0.0 14 22.1159867908 2.2609690095 0 0 1 3 5 3 2 0 0 7 
921 2 9.89367 6.42873 0.249327 2.04069e-04 4.59624e-04 -1.57772e-04 5.2705823409e-04 0.0 13 18.647082134 2.2157900567 0 0 0 3 6 4 0 0 0 6 
70 2 11.622 2.47429 21.7261 -3.71697e-05 -1.81115e-04 -0.00493727 0.0049407306 0.0 13 17.2683292899 2.1299098462 0 0 0 3 6 4 0 0 0 6 
46 2 12.1076 6.63191 18.3477 4.68199e-04 -0.0034639 -0.00212409 0.0040901799 0.0 14 18.5288343015 2.2140315327 0 0 2 2 4 4 2 0 0 7 
734 1 16.812 0.486947 18.8402 6.95597e-04 9.62155e-04 -0.00255289 0.0028154653 0.0 14 23.6534194187 2.2353299784 0 0 0 2 9 2 1 0 0 7 
499 2 11.9671 4.95648 0.375359 -0.00238086 -0.00353197 -0.00147026 0.0045061037 0.0 13 15.185387463 2.1534403882 0 0 0 3 6 4 0 0 0 6 
889 1 15.4571 8.27209 19.9034 -4.68676e-04 -0.00113489 0.00133531 0.0018140246 0.0 17 24.6789446695 2.2701329924 0 0 1 4 5 3 4 0 0 7 
552 2 8.15232 4.93668 26.0775 -0.0026779 0.00222357 0.00170924 0.0038777459 0.0 13 14.2451961009 2.1152016319 0 0 2 3 2 4 2 0 0 7 
971 2 10.2223 3.30951 26.0782 3.17193e-04 3.22272e-04 -0.00195201 0.0020037 0.0 13 11.3699029881 1.7927328876 0 0 0 3 6 4 0 0 0 6 
169 1 16.707 4.78481 22.2376 -1.832e-05 -3.44797e-04 0.00415347 0.0041677972 0.0 16 22.6858703806 2.3210337961 0 0 1 4 5 3 2 1 0 8 
873 1 16.9183 2.11216 21.2603 -5.66731e-04 -0.00305959 -4.87506e-04 0.0031495932 0.0 18 24.0385225809 2.3490407609 0 0 0 5 6 3 4 0 0 7 
450 2 12.5215 2.75819 26.679 -2.94356e-04 -0.00467471 -0.00156934 0.0049398772 0.0 13 14.3029452541 2.148276878 0 0 1 2 5 5 0 0 0 6 
582 2 16.3918 5.12857 18.4425 -1.55763e-04 0.00238695 0.00243456 0.0034130448 0.0 12 15.3498298496 2.2101711562 0 0 0 2 8 2 0 0 0 6 
317 2 14.849 3.22907 17.9067 -3.92141e-04 0.00298424 0.00262476 0.0039935984 0.0 14 15.5036849504 2.2101711562 0 0 1 2 6 4 1 0 0 7 
2 2 13.55 2.48209 20.08 -0.00182912 -0.00537725 3.03918e-04 0.0056879578 0.0 14 19.9407125303 2.3490407609 0 0 0 4 5 4 1 0 0 7 
1 2 10.1686 1.129 25.4218 0.00258456 -3.63978e-04 0.00120858 0.002876299 0.0 14 12.9511917166 1.9965487947 0 0 1 1 8 3 1 0 0 7 
445 2 9.33027 26.4122 0.849542 -7.24669e-04 9.40482e-04 0.00424139 0.0044044342 0.0 13 12.7270582544 2.0427647798 0 0 1 2 6 3 1 0 0 7 
901 1 15.0582 4.45809 26.025 -9.16943e-04 -6.65267e-04 4.31239e-04 0.0012121599 0.0 16 22.6075403987 2.3210337961 0 0 0 4 4 8 0 0 0 6 
27 1 16.9286 6.23165 24.8479 -0.00399896 0.00226024 0.00356839 0.0058166806 0.0 13 21.6382487993 2.2649170168 0 0 0 2 8 3 0 0 0 6 
454 1 17.7967 3.22157 24.7309 0.00103349 -0.00189232 -0.00234761 0.0031875146 0.0 14 21.1103864141 2.1903877829 0 0 0 4 4 6 0 0 0 6 
948 1 10.905 0.00973371 19.8058 -0.00231793 -7.94154e-04 0.0018869 0.003092551 0.0 16 24.2913128457 2.2255214962 0 0 0 1 10 5 0 0 0 6 
998 2 14.5694 4.74574 19.9303 0.00286359 0.00418347 0.00125167 0.0052219007 0.0 14 17.1651288318 2.2420916009 0 0 2 3 2 5 2 0 0 7 
134 1 14.9252 7.01806 22.6088 0.0061467 -7.44056e-04 -6.30632e-04 0.0062236032 0.0 15 23.2981175632 2.3122047224 0 0 1 4 5 2 2 1 0 8 
492 2 12.79 4.63185 24.3107 -0.0047732 0.00336155 0.00262123 0.0063995549 0.0 14 17.5012816114 2.3210337961 0 0 0 3 6 5 0 0 0 6 
464 1 13.3102 7.249 25.3281 -7.68423e-04 -0.00161502 0.00388334 0.0042754056 0.0 16 23.9391660767 2.2198350425 0 0 0 3 6 7 0 0 0 6 
16 2 10.477 5.08865 24.5606 0.00217741 7.03587e-04 0.00291751 0.0037078314 0.0 14 15.1978562618 2.2446688956 0 0 0 4 4 6 0 0 0 6 
874 2 13.33 4.33727 21.9135 -0.00130495 0.00163428 -1.42646e-04 0.0020962141 0.0 12 15.701735609 2.2947482658 0 0 0 3 6 3 0 0 0 6 
816 2 10.7868 6.89993 22.9827 -0.00188749 -0.00112853 0.00759835 0.007910191 0.0 12 19.2414910465 2.2677259797 0 0 0 3 6 3 0 0 0 6 
927 1 18.9026 4.0382 20.2489 -0.00200824 -0.00395166 4.47952e-04 0.004455256 0.0 15 22.6852439339 2.3213736195 0 0 1 2 7 3 2 0 0 7 
99 2 10.5687 4.7362 22.0935 -0.00118544 -0.00102619 0.00112576 0.0019301993 0.0 14 17.2068012814 2.4788734228 0 0 0 1 10 3 0 0 0 6 
36 2 12.3256 6.36571 21.3607 -1.74415e-04 -9.34989e-04 -0.00179147 0.0020282973 0.0 13 17.5766885431 2.2140315327 0 0 0 3 7 2 1 0 0 7 
480 1 23.1397 7.30154 23.0818 0.00232793 0.00404429 0.00111645 0.0047981247 0.0 15 24.5521406523 2.2288333194 0 0 1 3 4 6 1 0 0 7 
426 1 25.162 0.368863 23.8286 0.00266318 0.00260807 -0.00106079 0.0038755428 0.0 13 21.7768878833 2.2983013662 0 0 0 3 6 4 0 0 0 6 
447 1 21.4927 4.7597 21.4542 0.00185997 0.0013846 -0.00294652 0.0037494781 0.0 15 22.492876396 2.3213736195 0 0 1 3 4 6 1 0 0 7 
51 1 24.2342 3.72391 23.0918 -6.17338e-04 0.00208869 0.00109455 0.002437575 0.0 15 24.4278808485 2.2288333194 0 0 0 2 8 5 0 0 0 6 
387 1 21.553 4.32116 24.9543 0.00313648 1.88854e-04 0.00334712 0.0045909024 0.0 15 21.8383128676 2.2073087676 0 0 0 3 6 6 0 0 0 6 
461 1 23.7871 3.49444 20.3517 0.00110285 -6.60411e-04 0.00441515 0.0045984748 0.0 11 20.3481191941 2.3016163573 0 0 0 2 8 1 0 0 0 6 
62 1 24.509 8.42825 20.6501 0.00251569 5.63668e-04 1.89108e-04 0.0025849912 0.0 16 21.7377364593 2.203103548 0 0 1 4 3 6 2 0 0 7 
770 1 20.1691 1.9148 25.6759 3.57944e-04 -0.00192131 0.00550489 0.0058415212 0.0 15 21.8497524698 2.2364770629 0 0 1 2 6 5 1 0 0 7 
320 1 23.4599 8.60654 26.1848 -0.00148365 -0.00137918 0.00256349 0.0032672367 0.0 15 22.9273289181 2.3370032715 0 0 3 2 2 5 3 0 0 7 
222 1 23.9109 5.62945 25.7196 -0.00217928 -0.00120609 6.13609e-04 0.002565235 0.0 14 22.4028796442 2.1922208453 0 0 1 1 8 3 1 0 0 7 
154 1 25.6772 5.48281 21.1823 3.27894e-05 5.45195e-04 -0.00379551 0.0038346067 0.0 14 20.928742564 2.2288333194 0 0 0 4 4 6 0 0 0 6 
993 1 22.6657 26.52 18.5483 -4.25496e-04 -0.00168802 0.00142018 0.0022466352 0.0 14 22.9940684141 2.3171572284 0 0 0 3 7 3 1 0 0 7 
168 1 19.4093 5.37506 23.194 -4.8591e-04 0.00413122 -0.00457614 0.006184185 0.0 13 19.4616159439 2.1898325465 0 0 0 3 6 4 0 0 0 6 
34 1 20.5458 7.38641 24.9007 -0.00349199 0.00354277 0.00366374 0.0061780421 0.0 15 20.5497111381 2.2115937408 0 0 0 5 3 6 1 0 0 7 
241 1 22.6002 1.4098 23.9731 -2.97795e-04 -1.67767e-04 -0.00180828 0.0018403 0.0 14 21.271606421 2.2209556193 0 0 1 3 4 5 1 0 0 7 
103 2 21.9795 9.15017 18.3846 0.00382186 0.00105328 0.00263757 0.0047615951 0.0 14 16.8615993731 2.1920811876 0 0 3 1 4 4 1 1 0 8 
68 1 26.3295 0.103633 18.2806 9.92168e-04 0.00139605 -0.00520533 0.0054798552 0.0 15 22.8967526525 2.2569710556 0 0 1 4 3 5 2 0 0 7 
287 1 21.6263 1.25578 21.0235 -0.00261207 -0.00379967 -1.19613e-04 0.0046124515 0.0 15 23.5238074371 2.3555798918 0 0 0 1 10 4 0 0 0 6 
4 1 19.586 1.52639 18.521 0.00160399 -0.0037691 0.00272934 0.0049222145 0.0 14 23.8327824561 2.3555798918 0 0 0 4 4 6 0 0 0 6 
716 1 0.592567 7.9823 21.1891 0.00493087 -0.00212224 0.00192422 0.0057026313 0.0 13 19.890317856 2.1700351422 0 0 0 3 6 4 0 0 0 6 
328 1 19.2679 5.38582 26.2178 -4.6694e-04 -0.00331211 0.00143885 0.0036412079 0.0 12 19.4126988796 2.2252581701 0 0 0 5 2 5 0 0 0 6 
434 2 18.1156 5.99716 17.2074 0.00498052 0.00372554 -8.79078e-04 0.0062815608 0.0 13 13.6201612984 2.1355940341 0 0 1 3 4 4 1 0 0 7 
542 1 24.7891 0.860022 20.8796 0.00473045 7.10991e-04 -0.00253007 0.0054114619 0.0 13 22.2513237218 2.1697815595 0 0 0 3 6 4 0 0 0 6 
922 1 19.0927 0.0187725 21.0718 -0.00119833 -0.00354148 -0.00304621 0.0048226 0.0 13 20.5019586342 2.2149992183 0 0 0 4 4 5 0 0 0 6 
675 1 26.3031 6.77204 18.706 -0.00250373 -3.90795e-04 -0.00215776 0.0033282597 0.0 12 20.5171038219 2.2025519667 0 0 0 4 4 4 0 0 0 6 
325 1 21.043 7.52242 21.1775 6.5581e-04 8.33215e-04 -0.0023254 0.0025557424 0.0 15 22.1371465625 2.3192853128 0 0 3 2 2 6 1 1 0 8 
915 1 22.9477 6.17621 19.5188 -0.00193027 -0.00154736 3.33683e-04 0.0024963192 0.0 13 21.8806118617 2.2833115942 0 0 0 3 6 4 0 0 0 6 
393 1 21.3293 4.24212 17.8155 0.00313604 -0.00154161 -5.03057e-04 0.0035304921 0.0 18 25.8910878659 2.3555798918 0 0 0 3 7 7 1 0 0 7 
806 1 26.3891 7.01075 23.6919 -1.11374e-04 -9.27408e-05 0.00289526 0.0028988852 0.0 15 22.2233340669 2.1922208453 0 0 0 4 4 7 0 0 0 6 
944 1 26.4658 3.76213 25.0151 0.00330934 -0.00104266 5.00132e-04 0.0035055674 0.0 14 22.3380025046 2.149705162 0 0 0 4 4 6 0 0 0 6 
684 1 24.6765 4.8479 17.2925 -0.00116953 0.00448712 -7.88179e-04 0.0047035383 0.0 17 22.9066291718 2.237538308 0 0 0 5 3 8 1 0 0 7 
153 1 0.322079 2.16621 21.7362 0.00136481 -0.00177297 -0.00369939 0.0043233801 0.0 15 23.0287758049 2.1785565456 0 0 0 5 4 4 2 0 0 7 
463 1 18.7402 8.24645 23.11 -0.0015416 0.00323818 0.00262133 0.0044422642 0.0 14 22.3812702303 2.4178629879 0 0 0 4 5 4 1 0 0 7 
506 1 5.7305 18.0291 17.7422 0.00282843 0.0027578 1.78035e-04 0.0039543866 0.0 13 21.2147589473 2.2129347767 0 0 1 3 4 4 1 0 0 7 
705 1 1.57805 14.2871 18.9007 0.00344785 1.06389e-04 -4.19191e-04 0.0034748682 0.0 15 21.712322174 2.2053565776 0 0 1 3 4 6 1 0 0 7 
435 1 4.04975 16.7848 19.7824 -0.00213408 0.00199474 -0.00164336 0.0033517036 0.0 15 22.043765888 2.2372026858 0 0 1 3 5 4 2 0 0 7 
932 1 6.93266 9.95659 22.1341 2.11274e-04 0.00481453 -0.0015602 0.0050654279 0.0 14 21.7207318852 2.3051719165 0 0 1 0 10 2 1 0 0 7 
883 1 2.86018 9.33129 20.1004 -9.46274e-04 -4.51756e-04 7.22809e-04 0.0012735662 0.0 14 20.244221637 2.1665264278 0 0 0 4 4 6 0 0 0 6 
73 1 6.76783 15.0885 18.3913 6.29337e-04 0.00227336 -8.92454e-04 0.0025220438 0.0 15 22.3926802544 2.3044359034 0 0 0 3 6 6 0 0 0 6 
511 1 5.04908 16.4704 22.8306 -0.00123978 -3.43729e-05 0.00323841 0.0034677854 0.0 16 23.7291161933 2.3016214126 0 0 2 2 5 5 1 1 0 8 
870 1 3.24533 11.0472 25.7763 -0.00150732 0.00197378 6.40939e-05 0.0024843368 0.0 14 21.0673156364 2.3542481412 0 0 1 3 5 3 2 0 0 7 
648 1 2.56063 16.3452 24.7278 -9.4926e-05 0.00112739 -0.00411949 0.0042720273 0.0 13 20.333273758 2.1861005525 0 0 0 3 6 4 0 0 0 6 
597 1 5.05128 15.3952 26.2687 -0.00115006 0.00295117 -0.00581811 0.0066243827 0.0 14 22.343376133 2.2851089837 0 0 0 1 10 3 0 0 0 6 
402 1 1.09349 12.7975 23.8901 0.00220806 0.00113306 -0.00293937 0.0038469793 0.0 16 22.4050375822 2.4034747635 0 0 0 4 5 6 1 0 0 7 
814 1 3.84593 13.4534 24.2532 5.67216e-04 -0.00393043 -7.60417e-04 0.0040432967 0.0 15 22.6806652442 2.1861005525 0 0 1 4 3 5 2 0 0 7 
587 1 5.10725 11.464 20.5101 -8.27049e-04 -0.00308758 -0.00101044 0.0033523349 0.0 13 20.580216781 2.3050520788 0 0 0 1 10 2 0 0 0 6 
48 1 0.976002 11.0631 21.8371 1.13459e-04 -0.00341239 0.00248996 0.0042257756 0.0 14 22.3168127904 2.203103548 0 0 0 4 4 6 0 0 0 6 
645 1 3.97142 10.2363 22.5774 -0.00257917 -0.00451699 -9.10469e-05 0.0052022693 0.0 14 20.708578203 2.1861885885 0 0 0 3 7 3 1 0 0 7 
424 1 5.95074 12.4492 23.112 0.0036233 -0.00222328 8.90286e-04 0.0043432575 0.0 14 19.3480373791 2.1236542462 0 0 3 2 4 1 3 1 0 8 
832 1 5.43115 14.558 20.8728 -3.67547e-04 0.00197309 4.11274e-04 0.0020487365 0.0 15 20.8922021576 2.3050520788 0 0 4 2 2 3 2 2 0 8 
844 1 2.99838 13.2231 21.247 2.426e-04 -0.00121653 -0.00321035 0.003441678 0.0 15 21.0569238494 2.1910885262 0 0 2 3 3 5 1 1 0 8 
417 1 2.15904 15.9902 21.718 7.88103e-04 3.52577e-04 0.0011123 0.0014080583 0.0 14 21.7292086911 2.2468408622 0 0 1 1 8 3 1 0 0 7 
47 1 5.58344 10.1728 24.9188 -0.00104994 0.00228288 -5.28858e-04 0.0025678018 0.0 14 20.5500123643 2.3181039529 0 0 1 3 4 5 1 0 0 7 
628 1 26.6343 13.8988 21.4502 -0.00106689 0.00220072 -0.0020776 0.0032090255 0.0 12 20.4384700918 2.2100731082 0 0 0 2 8 2 0 0 0 6 
237 1 7.43254 15.0278 24.2142 5.09848e-04 -0.00136512 -4.85646e-05 0.0014580316 0.0 15 22.6255516401 2.2533678122 0 0 2 3 4 3 2 1 0 8 
427 1 26.3486 9.14066 26.0893 3.19328e-04 0.00111291 -0.00119011 0.0016603918 0.0 15 21.9264043111 2.4034747635 0 0 2 4 2 3 4 0 0 7 
200 1 1.79337 9.31537 24.1823 6.93714e-04 -0.00273401 -1.65392e-05 0.0028206955 0.0 16 22.3159173399 2.3542481412 0 0 1 3 6 3 3 0 0 7 
763 1 1.92677 11.5654 18.8654 -0.00221089 3.66407e-04 -0.00470355 0.0052101508 0.0 14 19.9961674956 2.1217833967 0 0 0 3 6 5 0 0 0 6 
934 1 7.32723 18.1921 20.5206 0.00175956 -0.00135228 3.33556e-05 0.00221942 0.0 16 24.2547100232 2.3016214126 0 0 0 2 8 6 0 0 0 6 
761 1 8.05776 15.2467 21.0823 -4.02975e-04 -0.00265936 0.00687516 0.0073825747 0.0 13 21.8181080524 2.1479371797 0 0 1 4 3 3 2 0 0 7 
101 1 26.3176 9.75522 19.0193 0.0039203 1.6725e-04 -0.00238355 0.0045910821 0.0 13 20.9819753802 2.3369827555 0 0 1 3 3 6 0 0 0 6 
899 1 8.30673 12.3694 21.2189 -4.47199e-04 -9.08358e-04 0.00480994 0.0049153458 0.0 16 23.228807183 2.3050520788 0 0 1 4 4 4 3 0 0 7 
311 1 10.0277 17.3141 22.0539 -0.00128398 -6.14069e-04 -0.00304152 0.0033580544 0.0 15 22.8942670688 2.3863161313 0 0 0 3 6 6 0 0 0 6 
773 1 9.53934 13.737 18.5905 0.00105344 -0.00276129 3.40512e-04 0.0029749633 0.0 14 23.2830386868 2.2271176358 0 0 0 4 4 6 0 0 0 6 
897 1 10.0929 9.96063 22.6834 6.95697e-04 0.0029538 -5.63585e-04 0.0030865121 0.0 14 22.9902860224 2.3051719165 0 0 0 2 8 4 0 0 0 6 
632 1 9.38701 11.0008 26.8109 -0.00283209 0.00180945 0.00240221 0.0041310357 0.0 13 21.5800787786 2.3185284946 0 0 1 4 2 5 1 0 0 7 
540 1 8.0942 11.5378 24.313 0.00159835 0.00219958 -6.46581e-04 0.0027948062 0.0 14 20.2034114694 2.3083000343 0 0 1 3 4 5 1 0 0 7 
594 1 13.9054 13.8683 22.8437 5.5703e-04 0.00249677 0.00222159 0.0033881566 0.0 13 21.9218585433 2.1870386097 0 0 0 3 6 4 0 0 0 6 
789 1 13.0178 9.33343 23.0575 -0.00169691 5.39082e-04 -0.00154011 0.0023541563 0.0 15 23.1968921778 2.2701329924 0 0 0 2 9 3 1 0 0 7 
639 1 14.6482 16.0926 25.0994 -2.03037e-05 -5.33099e-04 -8.27208e-04 9.8431695063e-04 0.0 14 21.7915002729 2.2622721294 0 0 1 2 7 2 2 0 0 7 
706 1 12.5311 9.13317 20.0885 0.0050406 -0.00205975 -7.8575e-04 0.0055016017 0.0 15 24.143519316 2.2677259797 0 0 1 2 7 3 2 0 0 7 
63 1 11.708 15.7602 23.7911 0.00156795 -8.26108e-04 -8.66998e-04 0.0019729691 0.0 14 22.5750495585 2.431387266 0 0 1 1 7 5 0 0 0 6 
185 1 8.68228 16.7947 18.57 -0.00444648 -0.00485248 -3.60917e-04 0.0065915103 0.0 14 20.5663426448 2.1386238404 0 0 0 1 10 3 0 0 0 6 
262 1 16.2761 9.10695 24.0423 -0.00253871 5.9241e-04 0.00143304 0.002974828 0.0 13 20.982922687 2.5376889849 0 0 0 1 10 2 0 0 0 6 
156 1 16.8629 12.9356 21.9271 -0.00108298 -0.00119146 -5.18886e-04 0.0016916457 0.0 16 24.1901791559 2.5376889849 0 0 0 5 2 9 0 0 0 6 
803 1 13.9674 10.2899 26.0845 0.00244794 8.61497e-04 -0.0048828 0.0055295862 0.0 14 20.6422035944 2.1427203722 0 0 0 2 8 4 0 0 0 6 
263 1 17.3961 17.4708 15.3317 0.00206733 -1.74969e-04 -0.00102928 0.0023160062 0.0 12 21.0339132573 2.1999291141 0 0 0 0 12 0 0 0 0 5 
956 1 11.7166 11.9573 24.5721 0.00289493 -0.00295684 0.0032189 0.0052425986 0.0 14 22.5322724919 2.4284732612 0 0 0 2 8 4 0 0 0 6 
280 1 11.7586 12.1567 21.8063 -2.80466e-04 0.00200556 -0.00223536 0.0030162504 0.0 15 21.4784579298 2.2271176358 0 0 0 4 5 5 1 0 0 7 
595 1 12.1304 11.9708 18.7557 0.00130007 0.00231844 -0.00181365 0.0032178677 0.0 15 24.3226510704 2.2389185848 0 0 0 2 8 5 0 0 0 6 
877 1 14.2809 14.6119 19.7874 3.42141e-04 -0.00289452 0.00429271 0.0051887056 0.0 15 23.7400317456 2.2675362915 0 0 0 4 4 7 0 0 0 6 
268 1 14.4554 11.4505 20.7518 -5.8731e-04 -0.00327895 -0.00135752 0.0035971248 0.0 14 23.3935642934 2.2675362915 0 0 0 2 8 4 0 0 0 6 
302 1 9.67066 13.6329 23.4545 0.00320031 0.00163954 -3.22504e-04 0.0036102748 0.0 13 20.5523723358 2.2533678122 0 0 1 3 5 2 2 0 0 7 
478 1 11.2571 14.7314 20.7957 -0.00202341 -0.00141914 0.0025778 0.0035711622 0.0 14 22.6031486997 2.1580417479 0 0 0 3 7 3 1 0 0 7 
455 1 16.6511 15.8785 21.606 -0.00219137 2.62136e-04 0.00417837 0.0047254199 0.0 15 23.1550965806 2.1744177881 0 0 0 3 6 6 0 0 0 6 
29 1 15.0798 11.5506 23.7003 -0.00244742 1.35856e-04 0.00142814 0.002836883 0.0 12 20.3173683402 2.5060632521 0 0 0 3 6 3 0 0 0 6 
500 1 13.7095 16.6716 21.9855 0.00473649 -0.00231755 -0.00316662 0.006150842 0.0 14 21.4822031216 2.2096343854 0 0 2 2 5 2 3 0 0 7 
253 1 10.6752 9.06694 25.3068 -9.30808e-04 0.00397622 0.00346721 0.005357077 0.0 14 21.0784523568 2.2069735685 0 0 0 4 5 4 1 0 0 7 
186 1 17.0211 10.0091 21.3719 1.18925e-04 0.00379901 -0.00136644 0.0040390319 0.0 14 22.5653360275 2.5118758224 0 0 0 3 6 5 0 0 0 6 
644 2 17.5424 16.2667 18.4574 -0.00127884 0.00350438 0.00199607 0.0042308872 0.0 14 19.8827905768 2.2593975913 0 0 0 3 6 5 0 0 0 6 
756 2 17.1906 11.3372 18.4237 -0.00293191 0.00145161 -1.85913e-04 0.0032768631 0.0 13 16.8715812205 2.2651232623 0 0 0 5 2 6 0 0 0 6 
909 1 9.68857 14.0252 26.3413 9.9839e-05 -5.8274e-04 0.00320274 0.0032568539 0.0 16 24.0513509626 2.431387266 0 0 0 2 9 4 1 0 0 7 
17 1 14.2344 13.2771 25.9236 0.00392647 0.00460858 5.69322e-04 0.0060811433 0.0 15 23.10584151 2.431387266 0 0 0 3 6 6 0 0 0 6 
743 1 12.2243 15.516 17.9489 -5.00831e-04 -0.00253779 0.00486273 0.0055079354 0.0 14 22.5514917952 2.3138683028 0 0 2 0 8 2 2 0 0 7 
242 1 9.7529 17.0594 25.5688 -0.00131732 0.0021374 0.00209927 0.0032727275 0.0 15 23.1406232149 2.3971691537 0 0 1 2 6 5 1 0 0 7 
147 1 16.9551 11.456 26.0286 -8.07023e-04 0.00217862 -0.00236092 0.0033123427 0.0 15 22.4070800751 2.5376889849 0 0 0 3 6 6 0 0 0 6 
878 1 18.6204 9.24984 25.9177 0.00368875 0.00573374 -0.00208353 0.0071290777 0.0 15 21.7380548136 2.4783210123 0 0 0 3 6 6 0 0 0 6 
929 1 22.3753 13.7813 26.5826 0.00118129 -7.02232e-04 0.0017878 0.0022549511 0.0 15 21.3246192246 2.3303410901 0 0 3 2 2 5 3 0 0 7 
563 2 21.5797 13.6465 20.1029 -0.00273679 -0.00227292 3.35503e-05 0.0035577114 0.0 15 20.3912289709 2.246403946 0 0 0 2 8 5 0 0 0 6 
925 1 18.3101 17.1653 23.839 0.00600419 -5.36553e-04 0.00329857 0.0068715901 0.0 13 21.2050959796 2.1768454313 0 0 1 2 6 3 1 0 0 7 
653 1 21.8124 13.1978 23.5885 -0.00243427 1.37053e-04 0.00295118 0.0038280435 0.0 14 23.3821512572 2.2447615331 0 0 0 4 4 6 0 0 0 6 
93 1 25.8134 16.3409 19.8181 0.00103271 0.00504483 0.00366262 0.0063191443 0.0 16 24.0941661308 2.2726565584 0 0 0 1 10 5 0 0 0 6 
368 1 26.5721 16.6124 26.3993 -3.95894e-04 0.00247766 1.9416e-04 0.0025165908 0.0 13 20.1510261961 2.2776163802 0 0 1 3 5 2 2 0 0 7 
408 1 25.1463 9.80332 23.3059 2.26883e-04 0.00113803 -0.00282392 0.0030530497 0.0 14 23.4022054557 2.3981671371 0 0 1 4 2 6 1 0 0 7 
581 1 26.737 15.3996 23.9219 0.00113373 -0.00263912 -0.00126308 0.0031377809 0.0 15 21.1744240252 2.2557047941 0 0 1 2 7 3 2 0 0 7 
155 1 20.5146 18.2856 25.4294 5.16587e-04 -7.97799e-05 3.45619e-05 5.2385254218e-04 0.0 14 21.2542953249 2.3338480804 0 0 1 3 5 3 2 0 0 7 
631 1 24.3098 11.5844 21.0465 0.0015111 -0.00101261 -5.46312e-04 0.0018992786 0.0 15 23.3193932567 2.2507153159 0 0 1 4 2 7 1 0 0 7 
436 2 21.3621 11.1557 19.4552 -0.00226439 -0.00349389 0.00363669 0.005528132 0.0 14 15.9285991453 2.1920811876 0 0 2 3 3 4 1 1 0 8 
299 1 21.4005 16.5152 23.3874 -0.00222437 -1.83165e-04 0.00215589 0.0031031005 0.0 17 22.706957959 2.3424065446 0 0 2 2 6 3 4 0 0 7 
133 1 23.7148 15.7485 24.9405 0.00175666 6.16223e-04 2.12344e-04 0.0018736796 0.0 13 20.7204239962 2.1792436827 0 0 1 3 5 2 2 0 0 7 
272 1 22.7165 16.8679 20.0863 -9.97772e-04 0.00216759 4.14449e-04 0.0024219338 0.0 14 22.1817458946 2.3331787659 0 0 2 0 8 2 2 0 0 7 
246 1 21.108 10.186 24.8689 0.00177234 -4.00017e-04 -6.34063e-04 0.00192438 0.0 14 22.713610463 2.3303410901 0 0 3 2 3 4 0 2 0 8 
194 1 19.5345 12.734 25.3356 2.12959e-04 -0.00309666 0.00278712 0.0041716535 0.0 13 22.2109178866 2.4460304458 0 0 1 3 3 6 0 0 0 6 
77 1 24.9164 12.678 23.6312 -5.504e-04 -0.00116926 0.00259988 0.0029033576 0.0 15 21.6070850016 2.4034747635 0 0 0 5 4 4 2 0 0 7 
347 2 21.0916 12.5623 17.5878 -1.23506e-04 -0.00153841 0.00236646 0.0028252596 0.0 14 13.2520783872 1.9079998419 0 0 1 2 6 4 1 0 0 7 
167 1 24.3142 17.6058 22.7152 -2.46569e-04 6.7198e-04 0.00181602 0.0019519944 0.0 11 20.6749412109 2.3118667725 0 0 0 2 8 1 0 0 0 6 
113 2 19.1765 14.6102 19.713 9.50604e-04 2.9737e-04 -0.00138499 0.0017059526 0.0 13 17.911465112 2.1656243429 0 0 1 3 4 4 1 0 0 7 
164 1 19.794 11.4372 22.27 -7.21122e-04 -0.00255508 -0.00349897 0.0043921796 0.0 17 24.7935533462 2.5376889849 0 0 2 2 5 5 3 0 0 7 
490 1 20.0358 17.1361 21.1153 0.00249909 8.56422e-04 -0.00161894 0.0030983667 0.0 15 23.7500180766 2.3331787659 0 0 1 1 8 4 1 0 0 7 
379 1 23.9595 14.8072 21.9623 -0.00349384 1.2561e-04 -0.00248947 0.004291871 0.0 13 22.7474044012 2.2726565584 0 0 0 1 10 2 0 0 0 6 
151 2 19.2138 12.3777 19.3834 -4.97068e-04 -0.00340838 -0.00232286 0.0041544927 0.0 13 14.8909002263 2.1668414802 0 0 1 3 5 2 2 0 0 7 
810 1 23.5218 11.4818 25.8489 -0.00124325 -5.61571e-04 -0.00193759 0.0023696598 0.0 16 23.4826483275 2.3604319359 0 0 1 4 6 1 3 1 0 8 
383 1 16.95 14.4617 24.4891 0.00148944 -0.00368951 0.00118684 0.0041520483 0.0 15 22.5462470392 2.3175018864 0 0 1 2 6 5 1 0 0 7 
504 1 19.3579 14.5587 23.0078 0.00288149 0.00186193 4.8198e-04 0.0034644008 0.0 13 21.3753858257 2.2402327559 0 0 1 0 9 3 0 0 0 6 
992 1 19.7533 15.3777 26.1309 -0.00121014 0.00191227 -0.0016479 0.0027994267 0.0 16 21.9334774687 2.1998382946 0 0 1 3 5 5 2 0 0 7 
601 2 19.4153 9.77185 19.6358 0.00241238 -6.6901e-04 -4.14146e-04 0.0025374532 0.0 13 17.3826097879 2.1760782914 0 0 1 3 4 4 1 0 0 7 
493 1 17.225 16.9339 26.6149 -0.00303591 0.00218249 -0.00337711 0.0050383414 0.0 15 22.8278928022 2.2622721294 0 0 0 4 4 7 0 0 0 6 
604 1 25.8791 12.8843 18.8712 -0.00195742 0.00122351 -0.00111503 0.0025635447 0.0 13 21.6614291164 2.2726565584 0 0 0 3 6 4 0 0 0 6 
74 1 22.4143 9.98688 22.22 -0.00149073 -0.00159351 -2.72345e-04 0.0021990275 0.0 17 22.3872850301 2.2447615331 0 0 3 5 0 4 3 2 0 8 
619 1 25.8217 13.7727 26.3855 0.00106392 0.00271035 -0.00177872 0.0034120035 0.0 13 20.4020983937 2.2912441899 0 0 1 2 6 3 1 0 0 7 
657 2 5.76639 24.9824 25.9907 0.00247538 7.09552e-04 3.71066e-04 0.0026016649 0.0 14 12.2056386754 2.0066215614 0 0 3 2 2 4 3 0 0 7 
685 1 3.66204 21.3216 24.3839 -6.30092e-04 0.00162361 9.58099e-04 0.0019877321 0.0 14 23.5376574457 2.3804921227 0 0 0 2 8 4 0 0 0 6 
946 2 3.21922 24.1183 0.16514 0.00240522 1.75438e-04 -5.96836e-04 0.0024843661 0.0 17 18.0593723843 2.4095972535 0 0 0 3 6 8 0 0 0 6 
119 2 4.83855 24.7868 23.9482 -0.00360898 -0.00214502 0.00294824 0.005130104 0.0 13 17.053510645 2.3213171638 0 0 1 2 6 3 1 0 0 7 
1000 2 3.34183 26.8212 23.0818 5.17192e-04 0.00317956 -0.00501425 0.0059598484 0.0 15 18.1896799744 2.2236872481 0 0 0 2 8 5 0 0 0 6 
630 2 0.90268 25.8184 24.7721 6.7703e-04 0.0030364 -0.0010733 0.0032909068 0.0 14 20.1393190455 2.4095972535 0 0 1 3 5 3 2 0 0 7 
892 2 7.90312 1.05958 23.8451 0.00458358 0.00252616 -3.81081e-05 0.0052337503 0.0 14 12.6696123988 1.8456227269 0 0 1 1 7 5 0 0 0 6 
517 2 8.0582 26.3192 21.2024 0.00450355 0.00597006 7.49751e-04 0.0075156973 0.0 13 18.5195543222 2.2206752143 0 0 1 2 6 3 1 0 0 7 
930 1 2.04756 23.6682 22.5905 1.71819e-04 1.60693e-04 0.00252243 0.0025333766 0.0 15 23.4980260666 2.4095972535 0 0 0 2 8 5 0 0 0 6 
913 2 4.98581 21.5325 0.138285 0.00258186 0.00168506 -0.00177481 0.0035574399 0.0 13 16.6915252516 2.1930579981 0 0 1 0 9 3 0 0 0 6 
414 1 1.86842 20.8292 21.8071 0.00170715 -0.00317651 4.86372e-04 0.003638837 0.0 15 22.9200209028 2.2834269013 0 0 0 4 4 7 0 0 0 6 
902 1 4.23155 19.7835 20.2529 -9.46041e-04 -0.00155846 0.00111698 0.0021380915 0.0 13 22.07997524 2.3016214126 0 0 0 4 4 5 0 0 0 6 
64 1 3.64755 25.1186 20.5958 -0.00247794 1.53427e-04 -0.00430493 0.004969522 0.0 14 22.2667770488 2.2114775495 0 0 1 3 5 3 2 0 0 7 
475 1 1.29252 18.7033 25.4994 0.0019597 0.00252847 -0.00230246 0.0039414346 0.0 15 22.093412187 2.271965099 0 0 2 3 3 5 1 1 0 8 
642 1 6.79902 23.7206 19.7303 8.02154e-04 -0.00160512 -1.82955e-04 0.0018037 0.0 16 21.9032292126 2.3224944269 0 0 2 2 5 4 3 0 0 7 
399 1 4.58531 22.7185 21.5955 -0.0027692 -0.00361434 4.9549e-04 0.0045801127 0.0 16 22.6372583505 2.3224944269 0 0 1 3 5 5 2 0 0 7 
31 1 2.77168 22.3735 19.3028 0.00169792 -5.82963e-04 0.00400793 0.0043916149 0.0 16 24.2918461012 2.2643065169 0 0 0 4 5 6 1 0 0 7 
652 1 0.604832 21.5794 24.8317 0.00227671 6.47745e-04 -0.00262717 0.0035362415 0.0 13 23.6512830269 2.4095972535 0 0 1 2 5 5 0 0 0 6 
543 1 5.94252 20.3094 23.0076 0.00194565 -0.00267177 -2.03494e-04 0.0033113923 0.0 13 22.7954729909 2.3016214126 0 0 0 1 10 2 0 0 0 6 
784 1 3.3698 18.7858 22.8068 -0.0010711 0.00309318 -3.62056e-04 0.0032933421 0.0 13 20.5893607759 2.2992101058 0 0 0 2 8 3 0 0 0 6 
845 2 7.86471 23.0968 22.7242 -0.00333472 -5.23063e-05 5.94607e-04 0.0033877206 0.0 15 19.7558771792 2.3224944269 0 0 3 2 3 4 2 1 0 8 
554 1 7.56917 21.1448 20.41 0.00390937 -0.00197632 0.00122901 0.0045496681 0.0 13 21.1015302855 2.1125866741 0 0 0 3 6 4 0 0 0 6 
421 1 5.58253 20.9131 18.119 0.00101213 -0.00128322 -0.00171363 0.0023680347 0.0 14 20.8933156949 2.1976388898 0 0 0 3 6 5 0 0 0 6 
707 1 1.61161 18.2961 20.2136 -0.00167894 1.2081e-04 9.18144e-04 0.0019174001 0.0 13 21.4662326575 2.2643065169 0 0 0 3 6 4 0 0 0 6 
671 1 0.659183 24.4494 18.888 -0.00336781 -2.11211e-04 -3.32528e-04 0.0033907712 0.0 13 22.2483177146 2.1928314678 0 0 0 4 4 5 0 0 0 6 
374 1 4.42466 18.4812 25.9406 0.00358951 -0.00151914 -8.97021e-04 0.0039996269 0.0 16 25.8894199629 2.4618067126 0 0 0 1 10 5 0 0 0 6 
469 1 7.43041 17.91 23.7412 -0.0016015 0.00427424 0.00102851 0.0046788634 0.0 15 24.031524727 2.4618067126 0 0 3 2 3 4 2 1 0 8 
388 1 0.460806 25.8474 21.7035 -5.09202e-04 -0.00140317 6.86297e-05 0.0014942834 0.0 15 23.106651455 2.1752683334 0 0 0 4 4 7 0 0 0 6 
733 1 2.76125 25.6723 17.5036 -0.0019858 -0.00354992 -0.00261448 0.0048353738 0.0 15 22.9669116617 2.2569710556 0 0 0 2 8 5 0 0 0 6 
265 2 6.313 22.8397 25.0733 -0.00221831 0.00590895 -0.00336947 0.007154713 0.0 14 16.4229482949 2.1461223275 0 0 1 4 2 6 1 0 0 7 
688 2 7.07788 25.3168 23.8068 -0.00268146 0.00394761 4.51237e-04 0.0047934817 0.0 15 13.7470384634 2.3162563464 0 0 2 0 9 2 1 1 0 8 
418 2 7.27816 26.7936 25.8844 0.0027999 0.00340196 0.00193858 0.0048136124 0.0 13 12.0212874578 1.7631213659 0 0 1 0 9 3 0 0 0 6 
900 2 3.34914 25.9831 25.6762 -0.00169445 -0.00111511 7.64632e-04 0.0021677853 0.0 14 13.3644902923 2.2794268198 0 0 1 4 3 4 2 0 0 7 
274 1 5.90544 26.2827 18.5533 -0.00395163 -0.00354867 9.96682e-04 0.0054038702 0.0 14 23.0406975272 2.167745849 0 0 0 3 6 5 0 0 0 6 
524 1 11.8152 17.4748 19.5994 -9.2943e-04 7.88912e-04 0.00283793 0.0030887002 0.0 14 21.8167734227 2.2715426902 0 0 3 2 4 1 3 1 0 8 
315 1 15.136 20.2994 25.8308 -0.00114029 -0.00186506 3.04271e-04 0.0022071001 0.0 15 22.5068447632 2.3290986727 0 0 0 3 7 4 1 0 0 7 
699 1 12.3405 24.2976 21.1484 9.49763e-04 -0.001414 6.82256e-04 0.0018349166 0.0 13 21.317428809 2.1824071321 0 0 0 3 6 4 0 0 0 6 
608 1 12.7076 18.8102 24.6243 0.00335464 -5.68037e-04 -0.00328769 0.004731298 0.0 18 25.9230718817 2.3971691537 0 0 1 2 8 5 1 1 0 8 
557 2 9.4737 24.9077 22.423 -1.96685e-04 0.00147243 -0.00416034 0.0044175971 0.0 14 16.9377747349 2.1459107695 0 0 0 3 7 3 1 0 0 7 
518 1 10.3035 23.0523 19.7796 4.16274e-05 -0.00103321 0.0048169 0.00492664 0.0 14 21.6038212066 2.1459107695 0 0 0 3 6 5 0 0 0 6 
33 1 8.95839 20.0361 22.6349 -0.00161193 -1.149e-04 -0.00561467 0.0058426055 0.0 14 22.5287664221 2.3971691537 0 0 0 3 7 3 1 0 0 7 
987 2 9.38799 25.7569 24.8658 -0.00265232 -0.00365465 -7.98992e-04 0.0045858103 0.0 12 13.6437079933 2.0280448866 0 0 0 2 8 2 0 0 0 6 
507 1 12.6416 21.6394 19.9006 0.00104344 -0.00256856 2.17668e-04 0.0027809435 0.0 14 21.7984265457 2.2706745238 0 0 1 2 6 4 1 0 0 7 
536 1 13.3098 26.7229 22.5088 0.00159953 0.00292212 0.00235206 0.0040779244 0.0 14 21.9628788101 2.3490407609 0 0 0 2 9 2 1 0 0 7 
939 1 11.8626 19.3825 21.9522 -2.23081e-04 -0.00197853 -0.00132789 0.0023932484 0.0 14 21.724032414 2.3649974772 0 0 4 2 2 2 2 2 0 8 
520 1 8.65091 25.0556 18.5079 -0.00387966 -0.00130865 -0.00345765 0.0053590736 0.0 14 21.8766901792 2.2255214962 0 0 1 4 3 4 2 0 0 7 
514 2 9.82412 20.3755 26.2017 -3.87846e-05 -0.00115928 -0.00117017 0.0016476444 0.0 13 18.1264805391 2.3971691537 0 0 2 1 4 6 0 0 0 6 
10 2 8.99085 23.1236 25.0059 9.06562e-04 -9.24282e-04 0.00155842 0.0020260367 0.0 15 17.0724570028 2.1651699207 0 0 1 1 8 4 1 0 0 7 
66 1 14.7548 20.2666 21.1034 -0.00205974 0.00220461 -0.0029571 0.0042246035 0.0 15 23.307137949 2.2715426902 0 0 3 0 7 2 2 1 0 8 
415 1 15.4293 23.2942 21.9151 -0.00116167 0.00370053 -0.00157074 0.0041845697 0.0 15 22.9260024172 2.1824071321 0 0 0 2 9 3 1 0 0 7 
572 1 12.6172 24.9158 18.0993 -3.07846e-04 3.93234e-04 9.48267e-04 0.0010717334 0.0 15 24.5153615632 2.3816189254 0 0 1 2 6 5 1 0 0 7 
839 1 16.2855 23.4273 25.2609 -0.00108253 -1.04285e-04 -0.00140851 0.0017795075 0.0 14 20.0280813571 2.1828306586 0 0 2 3 3 3 3 0 0 7 
976 1 15.3699 18.3413 23.5839 3.51978e-04 1.70133e-04 -7.8221e-04 8.744633979e-04 0.0 16 22.8773127915 2.2518470746 0 0 3 3 2 3 5 0 0 7 
125 1 16.5771 26.0371 22.1335 -0.00371267 -0.00410832 -2.03322e-05 0.0055373843 0.0 13 21.0095524753 2.3222802799 0 0 2 2 3 5 1 0 0 7 
18 1 13.53 21.7502 23.6813 -0.00110916 -0.00148361 -0.00197805 0.0027099846 0.0 16 24.0185875177 2.319477757 0 0 0 5 4 5 2 0 0 7 
340 1 14.9801 25.5294 24.3949 -0.00390884 -0.00242243 -0.00241576 0.0051945254 0.0 14 20.9380505294 2.1818425676 0 0 1 1 8 3 1 0 0 7 
71 1 16.7775 21.2612 23.786 -0.00180581 -9.54248e-05 0.00190539 0.002626893 0.0 13 19.9751385694 2.1766869237 0 0 0 3 6 4 0 0 0 6 
333 2 10.3249 0.236495 22.9711 0.00474839 5.65588e-05 1.31649e-04 0.0047505513 0.0 14 16.5222970876 2.0380689495 0 0 0 2 8 4 0 0 0 6 
192 1 17.6717 24.2446 19.9215 -0.00198847 0.00138975 -7.64284e-04 0.0025435306 0.0 14 22.8828139561 2.2161453086 0 0 0 2 8 4 0 0 0 6 
522 1 10.1636 19.9773 19.5886 -5.95386e-04 -0.0025426 -0.00188443 0.0032203068 0.0 15 21.5332020299 2.1452317655 0 0 0 2 8 5 0 0 0 6 
833 1 10.8398 22.084 22.5339 -4.88516e-04 -0.0015775 0.00107671 0.0019714103 0.0 15 22.0613361899 2.3928424014 0 0 0 2 9 3 1 0 0 7 
456 1 15.2599 22.486 18.9713 -3.19202e-04 -0.00176873 6.88878e-04 0.0019247983 0.0 14 23.9840954419 2.3192939064 0 0 0 3 6 5 0 0 0 6 
39 1 15.0989 17.5447 19.5719 -0.00456083 -7.12235e-04 0.00350576 0.0057964474 0.0 13 21.1620737235 2.2132969965 0 0 3 2 2 3 3 0 0 7 
771 2 11.2384 22.125 26.1979 7.90696e-04 8.26362e-04 0.00362779 0.0038038053 0.0 13 17.2612539358 2.3563187092 0 0 1 2 6 3 1 0 0 7 
809 1 12.2205 24.5147 24.0976 -0.00409647 -0.0045667 5.98613e-05 0.0061350957 0.0 15 21.7822870515 2.1824071321 0 0 0 2 8 5 0 0 0 6 
143 2 10.6199 24.7369 0.285298 -0.00257191 -6.98832e-04 -0.00202083 0.0033446735 0.0 16 14.6026192541 2.0453379883 0 0 1 3 4 7 1 0 0 7 
86 1 14.6226 25.6827 19.7993 0.00268872 3.82759e-04 -0.00163877 0.0031719532 0.0 13 23.0104475314 2.3490407609 0 0 0 1 10 2 0 0 0 6 
172 1 20.2778 26.3195 23.5332 -1.65112e-04 7.02989e-04 0.00407257 0.004136095 0.0 13 20.4752246953 2.1662152088 0 0 1 0 9 3 0 0 0 6 
997 1 21.9271 24.1187 17.3526 -0.00144608 -3.28108e-04 -0.00341623 0.0037241683 0.0 13 21.1170419858 2.2562275344 0 0 0 1 10 2 0 0 0 6 
112 1 25.8618 23.6012 23.3014 -0.00127664 -0.0015209 -0.00120397 0.0023221736 0.0 14 22.9417311059 2.2834269013 0 0 0 4 4 6 0 0 0 6 
953 1 26.0837 22.1445 20.4065 -0.00276726 6.79185e-04 1.14907e-04 0.0028517054 0.0 14 24.5472427662 2.2834269013 0 0 0 4 4 6 0 0 0 6 
38 1 24.9616 20.2454 23.4127 -0.00339032 0.00168685 1.97801e-04 0.0037919464 0.0 14 22.5050942838 2.2834269013 0 0 0 5 3 5 1 0 0 7 
837 1 24.186 24.8954 25.4676 0.00268303 -0.00596212 -0.00285576 0.007134486 0.0 16 21.768894665 2.2983013662 0 0 1 4 4 5 1 1 0 8 
307 1 23.0735 25.5002 22.3367 1.37376e-04 0.00132401 -0.00152535 0.0020244919 0.0 15 21.2397433705 2.1610652795 0 0 1 3 4 6 1 0 0 7 
240 1 23.4658 22.6104 22.2452 0.00186501 0.0011744 -9.71586e-04 0.0024086214 0.0 14 20.6712495545 2.2459803003 0 0 0 3 6 5 0 0 0 6 
961 1 19.0549 25.1624 25.6742 7.2481e-04 -0.00101192 -2.65007e-04 0.0012726195 0.0 13 19.728001364 2.1513566173 0 0 0 3 6 4 0 0 0 6 
903 1 20.4579 22.3785 21.8461 0.00117589 0.00270972 7.67111e-04 0.0030518452 0.0 14 20.9468227545 2.1653431021 0 0 1 2 6 4 1 0 0 7 
958 1 22.4672 19.5121 18.5092 3.53319e-04 6.34806e-04 -7.69808e-04 0.0010584977 0.0 14 22.7063883838 2.3331787659 0 0 2 2 4 4 2 0 0 7 
531 1 21.6038 23.7245 24.0572 0.0048697 0.00131017 -0.00171588 0.0053267971 0.0 13 20.3558410472 2.1662152088 0 0 0 2 8 3 0 0 0 6 
440 1 22.3349 22.2453 19.7162 -6.19908e-04 7.65646e-04 -0.00115772 0.0015201366 0.0 13 21.9118806965 2.2459803003 0 0 0 1 10 2 0 0 0 6 
571 1 24.3844 24.4589 20.1359 -0.00316563 -8.89799e-04 0.00138502 0.0035680858 0.0 14 22.2197087751 2.1610652795 0 0 0 2 8 4 0 0 0 6 
730 1 25.05 19.1554 20.4044 -0.00130574 0.00236741 0.00388001 0.0047290659 0.0 16 23.5692794847 2.2499186377 0 0 1 3 6 4 1 1 0 8 
612 1 22.3298 19.4275 21.8109 3.1965e-04 -7.67464e-04 -0.00120474 0.0014637539 0.0 15 23.2512520444 2.3424065446 0 0 1 3 5 4 2 0 0 7 
91 1 24.2109 18.457 25.4891 0.00291764 -0.00172642 -0.00289003 0.0044548202 0.0 17 22.583012407 2.3424065446 0 0 0 6 2 7 2 0 0 7 
618 1 24.3364 21.8713 25.8009 5.38136e-04 -9.25963e-04 -0.00210967 0.002365947 0.0 13 20.3896358693 2.1311406595 0 0 0 3 6 4 0 0 0 6 
928 1 21.9848 20.8164 24.2949 3.76237e-04 -0.00344646 -0.00376531 0.0051183201 0.0 14 22.0169617613 2.3424065446 0 0 1 3 5 3 2 0 0 7 
854 1 18.0517 19.6338 25.8877 0.00317533 -0.00257187 -9.52049e-04 0.0041956684 0.0 12 20.1809736026 2.1768454313 0 0 0 2 8 2 0 0 0 6 
105 1 0.550965 18.2494 22.8876 0.00137347 -4.92712e-04 -4.03525e-04 0.001513941 0.0 14 22.0974867221 2.2557047941 0 0 2 1 7 2 1 1 0 8 
170 1 19.732 19.9369 19.7754 8.8088e-04 -0.00145853 0.00251871 0.0030409142 0.0 14 22.9568367971 2.3119111554 0 0 1 1 7 5 0 0 0 6 
120 1 19.2766 19.8272 23.0774 -0.00102827 0.00175293 9.87187e-04 0.0022593452 0.0 15 21.0986602292 2.1768454313 0 0 1 3 4 6 1 0 0 7 
694 1 19.4845 22.0108 25.076 0.0029689 3.99491e-04 -0.00635628 0.007026824 0.0 15 20.0363473268 2.1018411059 0 0 1 4 3 5 2 0 0 7 
745 1 18.4607 23.9401 23.1035 0.00161245 0.00282995 0.00219795 0.0039293252 0.0 16 21.4823841851 2.1726909005 0 0 2 2 5 4 3 0 0 7 
622 1 20.9686 24.9796 20.3577 9.14496e-05 0.00246755 9.69629e-04 0.0026527997 0.0 16 22.6464517885 2.177343502 0 0 0 3 8 3 2 0 0 7 
266 1 17.2117 18.712 20.999 0.00179299 6.10899e-04 -6.17856e-04 0.0019924248 0.0 14 21.5076984043 2.2593975913 0 0 1 3 4 5 1 0 0 7 
59 1 17.7936 21.4373 21.2852 0.00406886 -0.00177242 -0.00316548 0.0054513629 0.0 13 20.6780969988 2.3192939064 0 0 1 0 9 3 0 0 0 6 
300 1 26.5891 23.7543 26.607 -0.00112991 4.9888e-05 0.00630497 0.0064056094 0.0 14 21.596628382 2.3598446696 0 0 2 2 5 2 3 0 0 7 
