# Particles (1000 particles):
# "Particle Identifier" "Particle Type" Position.X Position.Y Position.Z Velocity.X Velocity.Y Velocity.Z "Velocity Magnitude" Centrosymmetry Coordination "Atomic Volume" "Cavity Radius" "Voronoi Index.1" "Voronoi Index.2" "Voronoi Index.3" "Voronoi Index.4" "Voronoi Index.5" "Voronoi Index.6" "Voronoi Index.7" "Voronoi Index.8" "Voronoi Index.9" "Max Face Order"
457 1 0.312263 7.47789 1.90761 0.00287825 0.00183612 -8.8397e-04 0.003526622 0.0 13 22.6866906237 2.4705719283 0 0 0 3 6 4 0 0 0 6 
737 2 1.00064 2.4883 7.60809 -4.93964e-04 0.00224715 -9.50767e-04 0.0024895063 0.0 15 13.6262591836 1.9857141065 0 0 0 3 6 6 0 0 0 6 
914 1 5.2215 7.60509 2.61125 -0.00561618 -8.19853e-04 -0.00161835 0.0059019229 0.0 14 22.3056601733 2.3904676517 0 0 1 1 8 3 1 0 0 7 
297 2 4.73394 6.97226 5.44216 -9.83125e-04 8.33866e-04 0.00137393 0.0018840252 0.0 14 16.4614713394 2.0787714258 0 0 1 3 5 3 2 0 0 7 
145 2 3.47928 2.36559 7.66416 -0.00177407 -0.0011086 -0.00269561 0.0034121301 0.0 11 12.451789297 2.1653895365 0 0 0 2 8 1 0 0 0 6 
573 2 3.22736 0.558739 6.26315 0.0022127 0.00232526 5.36397e-04 0.0032543198 0.0 16 13.4899697454 2.017400431 0 0 0 3 7 5 1 0 0 7 
470 2 3.81845 8.11436 7.52007 -0.00105656 -5.75194e-04 -0.00206579 0.0023905346 0.0 13 13.4392980186 2.1537440928 0 0 1 2 6 3 1 0 0 7 
635 2 2.70559 3.70307 5.91547 -1.23336e-04 -9.17453e-04 -0.0017107 0.0019451032 0.0 14 12.5573482681 1.9028130434 0 0 0 3 6 5 0 0 0 6 
749 2 25.8687 6.45861 6.75162 -0.00332575 -3.06238e-05 0.00138952 0.0036044856 0.0 12 12.5012538502 1.9275237676 0 0 1 3 3 5 0 0 0 6 
579 2 4.3884 0.480323 3.61516 0.00177708 0.00140575 -0.0028511 0.0036418289 0.0 14 13.3133485452 2.1225704831 0 0 1 3 5 4 0 1 0 8 
104 2 5.0671 4.74161 6.69365 0.00198522 0.00217263 0.00238276 0.0037866826 0.0 14 12.8275792793 1.832230868 0 0 1 2 6 4 1 0 0 7 
291 2 3.11833 6.0735 6.98715 -0.00196207 -8.435e-04 0.00254282 0.0033207145 0.0 12 11.7999958435 1.8176661502 0 0 0 0 12 0 0 0 0 5 
729 2 7.18136 1.91345 5.2729 0.00120116 0.00409203 -6.96776e-04 0.0043212257 0.0 16 14.5287408337 2.1225704831 0 0 3 3 3 3 2 2 0 8 
487 2 0.853789 1.54691 2.68661 2.10332e-04 -4.60596e-05 -0.00106117 0.001082794 0.0 13 14.4800157755 2.2384450684 0 0 1 0 9 3 0 0 0 6 
188 2 4.84505 2.53617 5.53913 0.00223324 5.48597e-04 0.00225104 0.0032179964 0.0 14 13.4338391777 2.1201776644 0 0 2 2 5 2 3 0 0 7 
144 2 7.49819 4.28193 6.27099 -0.00182477 -2.35484e-05 -0.00243646 0.0030441218 0.0 15 13.3261605077 1.8813053207 0 0 0 4 4 7 0 0 0 6 
740 2 5.22503 6.71561 8.49039 -0.00102066 -0.00433473 1.91174e-04 0.0044573735 0.0 14 13.6753563929 2.1831263133 0 0 0 2 8 4 0 0 0 6 
501 2 5.00831 2.44188 2.23593 -5.42786e-05 -8.30664e-04 -4.63434e-04 9.5274336506e-04 0.0 15 13.4850193915 1.9553328618 0 0 1 2 7 4 0 1 0 8 
148 2 5.95789 2.52818 7.56115 1.85143e-06 0.0013593 0.00111062 0.0017553281 0.0 13 12.8037927789 1.968433492 0 0 0 4 4 5 0 0 0 6 
324 2 7.69068 1.1513 8.26195 -0.00176179 0.00347893 8.42469e-04 0.0039895629 0.0 13 12.7427783499 1.9385503656 0 0 0 4 4 5 0 0 0 6 
966 2 1.23928 4.3619 3.18338 -8.65529e-04 0.00100841 0.00382071 0.0040452263 0.0 16 18.0291854478 2.4182412477 0 0 1 4 5 3 2 1 0 8 
221 2 6.8468 5.37529 1.06021 -0.00270608 0.00249812 -0.0016753 0.0040459983 0.0 15 18.9405220906 2.1718728629 0 0 1 3 5 4 2 0 0 7 
279 2 3.03393 0.786992 1.71243 -0.00257283 -5.35836e-05 0.00148588 0.0029715593 0.0 15 13.298110936 1.9205696408 0 0 0 1 10 4 0 0 0 6 
286 2 8.98816 2.41123 6.81833 -0.00210309 -0.00112327 0.00157663 0.0028584061 0.0 13 11.6452606078 1.7902403635 0 0 0 2 8 3 0 0 0 6 
395 2 25.6087 4.404 4.76937 0.00327412 -0.00279966 5.51893e-04 0.004343103 0.0 14 16.2153079394 2.2969751399 0 0 0 4 5 4 1 0 0 7 
476 2 8.42262 3.22499 0.865882 -6.30068e-04 0.00149163 0.00156017 0.002248572 0.0 16 14.1005452386 1.9967924417 0 0 1 5 3 4 2 1 0 8 
895 2 0.88286 5.10023 5.79142 7.56576e-04 -0.00161762 -5.99328e-04 0.0018836921 0.0 14 13.7188843795 2.230099658 0 0 0 3 7 3 1 0 0 7 
931 2 0.61331 0.188885 6.09098 -0.00179784 5.10229e-04 -0.00111726 0.0021773452 0.0 14 13.0952728491 1.8185482539 0 0 0 2 8 4 0 0 0 6 
216 1 2.06226 6.27305 26.3632 -0.00143387 3.91545e-04 8.51863e-04 0.0017131729 0.0 16 23.9325195945 2.4705719283 0 0 2 2 7 1 3 1 0 8 
588 2 4.56546 0.859345 8.92033 0.00186616 -0.00193865 -0.00124754 0.0029660197 0.0 13 14.8341366279 2.3044810406 0 0 1 2 6 3 1 0 0 7 
591 2 8.10531 3.38898 9.31303 -1.138e-04 0.00205844 0.00100877 0.0022951563 0.0 15 13.9245210195 2.1734038086 0 0 1 1 9 2 2 0 0 7 
249 2 6.57792 1.72351 10.4468 0.0024398 -3.47869e-04 0.00273005 0.0036778812 0.0 14 17.5595751841 2.3504974639 0 0 2 2 5 2 3 0 0 7 
202 2 7.3536 3.09821 2.89217 -4.01868e-04 -0.00215224 -0.00153429 0.0026735147 0.0 16 15.1689092023 1.9370789755 0 0 2 3 5 2 3 1 0 8 
615 1 8.21146 8.23537 1.2395 -9.84307e-05 8.36155e-04 -0.00258256 0.0027163321 0.0 16 24.6195169888 2.3196780695 0 0 0 3 7 5 1 0 0 7 
336 2 6.90623 6.56106 6.5043 -6.78033e-04 -0.00335837 -7.55063e-04 0.0035083469 0.0 14 14.4014602737 2.0878785011 0 0 2 2 3 6 1 0 0 7 
724 2 7.42362 1.04818 1.25426 0.0010961 0.0016407 2.33249e-04 0.0019868912 0.0 16 15.6896781968 1.9906199437 0 0 0 4 5 6 1 0 0 7 
975 2 0.92118 5.0039 8.49247 0.00271658 0.00302 -0.00194756 0.0045047971 0.0 15 14.0295877664 2.0664368743 0 0 2 3 3 5 1 1 0 8 
157 2 5.30718 4.46699 3.99137 0.0027342 0.00333933 -0.00510094 0.0066818084 0.0 16 15.4976552168 1.998011843 0 0 2 3 5 1 5 0 0 7 
826 2 0.832089 2.56868 5.017 0.00102507 6.92741e-04 9.70972e-04 0.0015727191 0.0 14 12.8664732659 1.8599626015 0 0 0 2 8 4 0 0 0 6 
592 2 7.55137 5.49931 4.28601 5.16374e-04 0.00112118 -0.00128996 0.0017854085 0.0 13 15.5614541914 2.1718728629 0 0 1 3 4 4 1 0 0 7 
754 2 2.71657 3.38017 1.69476 0.0015478 0.00162963 0.00315179 0.0038710669 0.0 13 14.3851845903 2.2402458324 0 0 0 4 5 3 1 0 0 7 
602 2 6.0061 4.33033 9.03438 9.94169e-04 0.00491609 0.00478421 0.0069314485 0.0 17 16.1612438528 2.3504974639 0 0 1 4 3 8 0 1 0 8 
994 2 3.14202 5.40958 4.15352 0.00144359 -0.00213985 0.00568758 0.0062459168 0.0 15 16.4215008028 2.4705719283 0 0 0 6 4 2 2 1 0 8 
58 2 3.11472 2.54081 3.63862 -0.00121462 0.00240846 0.00209891 0.003417807 0.0 13 12.2425037477 1.8453510537 0 0 0 1 10 2 0 0 0 6 
183 2 4.38439 4.71399 1.19645 0.001046 -0.00288561 0.0013041 0.003334897 0.0 15 18.7063229383 2.4687992621 0 0 3 3 1 5 2 1 0 8 
824 2 17.8288 3.89259 3.36262 0.00228955 -5.2114e-05 0.00139043 0.0026791884 0.0 12 17.1200382856 2.1962906718 0 0 1 3 4 3 1 0 0 7 
161 2 9.08798 7.53546 6.92477 -0.00242639 -7.39615e-04 5.16965e-04 0.0025887548 0.0 13 16.7638785109 2.2378848683 0 0 1 0 9 3 0 0 0 6 
459 2 9.68103 4.85683 9.87622 -0.00249512 -3.37449e-04 -0.00154213 0.0029525685 0.0 12 11.8541205242 1.8886612049 0 0 1 1 8 1 1 0 0 7 
471 2 10.4934 6.90782 8.53524 -0.00131019 0.00157205 -0.00209351 0.0029275797 0.0 13 12.3428182336 2.1096163251 0 0 1 3 4 4 1 0 0 7 
27 1 16.4516 6.12078 1.13185 -0.00236095 4.80931e-04 9.07909e-04 0.0025748162 0.0 16 22.8121548423 2.3563173803 0 0 0 2 8 6 0 0 0 6 
224 2 13.8013 5.96246 8.35639 0.00414581 0.00251366 -0.00240517 0.0054121225 0.0 14 12.6609632166 1.9158178814 0 0 1 3 5 3 2 0 0 7 
842 2 16.5363 7.62944 4.6821 -0.0014176 -0.00264582 -0.00217129 0.003704653 0.0 14 17.4616853056 2.1173984523 0 0 0 4 5 4 1 0 0 7 
720 2 10.2669 2.99052 2.53776 -0.00188366 -1.33327e-04 0.00397921 0.0044045503 0.0 16 14.7164940558 2.2376962279 0 0 3 4 2 2 3 2 0 8 
660 2 11.8704 9.15122 7.76206 -0.0016009 -7.86304e-04 1.64942e-04 0.0017911897 0.0 13 17.7150644726 2.2378848683 0 0 1 3 4 4 1 0 0 7 
921 2 11.6568 6.9877 6.47547 -3.56893e-04 -8.23662e-04 0.00178385 0.0019969758 0.0 15 15.9418903754 2.2135559482 0 0 0 2 8 5 0 0 0 6 
428 2 10.1095 1.35597 -0.293052 0.00116931 -0.00302846 -0.00255618 0.004131938 0.0 14 13.9821330787 1.9889625343 0 0 3 4 1 1 4 1 0 8 
686 2 15.714 5.75274 6.53806 0.00252846 8.69108e-04 -0.00332984 0.0042703973 0.0 15 14.6323057052 2.1031472394 0 0 2 3 3 4 3 0 0 7 
662 1 11.5484 7.59331 2.22398 0.00205781 -0.00152541 -0.00265018 0.0036857715 0.0 17 23.9114448201 2.2315223272 0 0 0 3 6 8 0 0 0 6 
857 2 15.1227 1.43312 3.47961 -0.00101435 -0.00389948 3.64631e-04 0.0040457145 0.0 15 15.6154284903 2.1635113579 0 0 2 3 4 3 2 1 0 8 
843 2 11.9363 4.8129 4.46482 1.40366e-04 0.00355259 0.00435897 0.0056250527 0.0 16 15.324192864 2.1523451208 0 0 1 2 7 4 2 0 0 7 
407 2 14.1527 3.6351 4.83735 0.0018005 1.72984e-04 -3.68658e-04 0.0018459774 0.0 14 13.2080596068 1.9332770882 0 0 0 3 7 3 1 0 0 7 
886 2 16.3497 3.17495 5.75184 8.81574e-04 -0.00146819 -0.00337882 0.003788031 0.0 19 15.3338877247 2.1369870724 0 0 1 6 2 6 3 1 0 8 
593 2 17.3838 1.31103 4.07049 -7.28386e-05 0.00190839 0.00101634 0.0021633781 0.0 14 16.1852028628 2.2013588001 0 0 2 2 5 3 1 1 0 8 
54 2 18.2081 1.623 6.40193 0.00461069 -0.00341701 -0.00242732 0.0062310755 0.0 13 13.8397893077 1.9235275974 0 0 1 3 4 4 1 0 0 7 
473 2 15.5027 3.26353 1.99373 9.19746e-04 0.00257482 0.00288952 0.0039780594 0.0 14 16.3404310327 2.2013588001 0 0 0 4 5 4 1 0 0 7 
906 2 9.2242 1.4127 4.29285 -6.61931e-05 0.00307437 0.00153746 0.0034380104 0.0 16 14.556325639 2.2410741275 0 0 0 2 9 4 1 0 0 7 
230 2 10.9574 0.598937 5.96558 -0.00218443 -0.00346756 -6.56818e-04 0.0041505562 0.0 12 12.836194479 2.2236267565 0 0 0 2 8 2 0 0 0 6 
163 2 15.0216 7.82438 9.4702 -0.00602848 0.00121892 -1.36631e-04 0.006151992 0.0 14 13.0697948245 1.9803968579 0 0 1 2 7 2 2 0 0 7 
765 2 11.8991 4.47791 1.29695 -0.00413295 -0.00110998 -6.5144e-04 0.0043287071 0.0 14 15.0567560238 2.0961883997 0 0 0 4 6 2 2 0 0 7 
880 2 13.2088 4.8732 6.50646 -8.38858e-04 -0.00102268 -0.00178775 0.0022238721 0.0 12 11.710183454 1.9545104369 0 0 0 4 4 4 0 0 0 6 
565 2 14.1909 7.99135 6.93011 -0.00298814 -0.00248647 -0.00112548 0.0040470012 0.0 16 17.0951428605 2.1619520446 0 0 1 1 9 3 2 0 0 7 
637 2 11.4253 2.97753 6.38544 6.87003e-04 0.00162435 -8.66044e-04 0.0019648202 0.0 15 12.9141654741 2.2410741275 0 0 1 3 5 4 2 0 0 7 
423 2 9.50894 5.30391 2.90587 0.00150077 -3.96529e-04 0.00202797 0.0025538614 0.0 13 15.4471125896 2.2315223272 0 0 0 3 6 4 0 0 0 6 
450 2 12.9248 2.63573 2.81025 -1.80852e-04 -0.00388655 -0.00241733 0.0045805527 0.0 17 14.7892625553 2.2410741275 0 0 2 2 7 2 3 1 0 8 
256 2 11.8394 -0.0330095 3.85458 9.1956e-04 -0.00538721 0.00481987 0.0072868902 0.0 15 14.1111181869 2.2396170908 0 0 2 5 1 3 3 1 0 8 
376 2 13.7896 5.0072 2.65627 -7.94761e-04 -0.00163066 -4.66506e-04 0.0018730523 0.0 12 14.9648148364 2.0734111229 0 0 0 0 12 0 0 0 0 5 
406 2 11.7701 4.80384 8.12441 0.00107578 0.00314769 0.0039497 0.0051638537 0.0 13 11.982191603 1.9638316635 0 0 1 1 8 2 1 0 0 7 
494 2 9.61295 4.65988 7.33514 -0.005563 0.00207256 5.49612e-04 0.0059619248 0.0 15 12.8940343778 1.9638316635 0 0 0 1 10 4 0 0 0 6 
448 2 14.9646 1.06026 9.0478 -0.00181628 0.0021871 0.00176979 0.0033487962 0.0 14 13.1808723639 2.0977368095 0 0 1 2 6 4 1 0 0 7 
689 2 13.4218 2.79392 7.63041 6.91953e-04 -0.00132079 0.0012718 0.0019597858 0.0 14 12.561779145 1.9531599564 0 0 0 4 4 6 0 0 0 6 
209 2 13.9112 6.74542 4.60291 6.63813e-04 -0.00436178 -2.83866e-04 0.0044211257 0.0 13 17.1194999951 2.2020139722 0 0 1 0 9 3 0 0 0 6 
432 2 12.7944 0.513455 7.77121 8.57763e-04 -0.00179493 6.41622e-05 0.0019903889 0.0 15 12.3009336126 1.7961552197 0 0 1 3 5 4 2 0 0 7 
94 2 15.2847 1.47836 6.91549 0.00105598 0.00133999 0.00177341 0.002460823 0.0 14 12.0586083069 2.0370154173 0 0 2 4 1 5 1 1 0 8 
337 2 17.6266 1.68028 8.59961 -0.00369408 3.3081e-04 0.00238037 0.0044070198 0.0 17 15.509471583 2.2919670993 0 0 2 5 1 5 3 1 0 8 
793 2 15.9434 5.25149 4.08398 -0.00124448 -0.00138792 -0.0011735 0.0022027607 0.0 12 14.5904712744 2.1351225362 0 0 1 2 5 4 0 0 0 6 
712 2 12.3165 1.24237 0.89354 0.00510985 -0.00150458 -0.00113261 0.0054458363 0.0 14 13.1011583051 1.8850277306 0 0 0 2 9 2 1 0 0 7 
341 2 10.4955 2.65849 8.53827 -9.86454e-05 0.00504597 5.62232e-04 0.0050781541 0.0 15 12.4035633187 1.7961552197 0 0 0 2 8 5 0 0 0 6 
566 2 12.592 3.6717 10.2039 -0.00212523 5.68829e-04 -0.00427273 0.0048058704 0.0 14 12.8410595378 1.9158178814 0 0 0 3 6 5 0 0 0 6 
1 2 9.81642 6.45155 4.9453 -0.0021708 0.00469241 -0.00301916 0.0059871873 0.0 13 15.8104852427 2.2280024515 0 0 1 2 5 5 0 0 0 6 
881 2 9.73951 3.81341 4.75612 -0.00179296 0.00234432 6.47988e-05 0.002952074 0.0 13 13.0848428241 2.163305795 0 0 1 2 5 5 0 0 0 6 
666 1 19.8015 26.5769 2.57047 4.5452e-04 2.15933e-04 0.00264354 0.0026910071 0.0 14 20.2110642725 2.3551543279 0 0 1 2 7 2 2 0 0 7 
338 1 24.9355 1.66475 1.12952 0.00446055 -2.46857e-05 -0.00155597 0.0047242098 0.0 17 24.4106669056 2.3932315546 0 0 2 3 4 5 2 1 0 8 
896 1 23.6887 4.5608 1.78342 0.00697797 -3.60065e-04 6.57093e-04 0.0070180826 0.0 15 22.5279479734 2.2969751399 0 0 1 2 7 3 2 0 0 7 
562 1 22.3592 7.67338 1.80949 -0.00212896 -0.00162945 0.00417805 0.0049642401 0.0 16 25.951188917 2.331557553 0 0 0 4 6 4 2 0 0 7 
314 2 19.5996 2.30154 4.1856 0.00213735 -0.00305907 -6.14506e-04 0.0037820354 0.0 14 16.2511011342 2.3013311003 0 0 2 3 3 4 1 1 0 8 
201 2 20.5592 3.34305 7.80877 -0.00197447 -0.00505298 -0.00414619 0.0068280327 0.0 13 12.7305975522 1.8363539108 0 0 0 4 4 5 0 0 0 6 
258 2 22.1921 7.53148 7.22703 0.00112353 -7.33721e-04 -9.81149e-05 0.0013454712 0.0 15 13.301384587 2.0010200555 0 0 3 3 3 3 1 1 1 9 
702 1 19.6888 25.7971 5.29345 -9.89518e-04 -6.04101e-04 0.00401071 0.0041749106 0.0 16 22.4691502662 2.3579555829 0 0 2 3 5 2 3 1 0 8 
219 1 18.3743 8.2057 1.60725 -2.14425e-04 -0.00270019 -0.00169596 0.003195823 0.0 14 23.2391543932 2.331557553 0 0 0 2 8 4 0 0 0 6 
674 2 18.5182 6.31218 4.17809 0.00264454 -0.00415054 -3.7275e-05 0.0049215814 0.0 13 17.2167781434 2.2897787392 0 0 1 3 4 4 1 0 0 7 
65 2 19.6201 4.22995 5.49578 1.98458e-04 -0.00225769 6.60359e-04 0.0023606405 0.0 13 14.1669584355 2.1369870724 0 0 1 3 4 4 1 0 0 7 
497 2 18.3955 6.5067 6.62685 -0.00346424 8.51549e-04 0.0015006 0.0038701285 0.0 15 15.1529572013 2.1369870724 0 0 1 3 5 4 2 0 0 7 
837 1 22.6284 0.593697 2.36224 -0.00219499 -0.00120961 0.00130414 0.0028252289 0.0 19 23.9990275112 2.3579555829 0 0 3 5 2 4 2 2 1 9 
261 2 23.8509 7.88854 5.55809 5.60493e-04 -0.00566248 0.00466208 0.0073561418 0.0 13 13.5811844663 2.2258792427 0 0 0 3 6 4 0 0 0 6 
132 2 20.6627 7.38262 4.96611 0.00102609 -0.00193411 -7.19418e-04 0.0023046051 0.0 16 18.6464391085 2.331557553 0 0 1 4 4 4 3 0 0 7 
3 2 23.2783 2.82041 4.66605 0.00272491 0.00255095 -0.00318652 0.0049077887 0.0 16 17.8212407991 2.2917501459 0 0 5 2 0 4 4 0 1 9 
503 2 25.8286 4.25597 7.27661 0.00110103 -0.00310256 0.00241582 0.0040834216 0.0 13 13.1482491193 1.9857141065 0 0 0 3 6 4 0 0 0 6 
700 2 20.2613 5.98556 8.54124 1.57069e-05 9.78932e-04 0.00170878 0.0019693866 0.0 15 13.2410307956 1.9988567184 0 0 2 3 4 2 4 0 0 7 
354 2 22.8566 8.04728 9.24993 7.26258e-04 0.00126086 0.00271615 0.0030813454 0.0 17 13.97423783 2.0010200555 0 0 4 3 3 2 2 2 1 9 
568 2 22.0791 9.48145 5.29581 0.00240409 0.0043105 0.00153657 0.0051692462 0.0 14 16.520090291 2.2609604752 0 0 3 2 4 1 3 1 0 8 
989 2 19.7412 8.41103 7.7918 -0.00406126 -0.00309244 -9.59991e-04 0.0051940929 0.0 15 13.9153560299 1.9958680913 0 0 3 2 4 3 2 0 1 9 
212 2 25.0908 8.55085 7.64077 0.0010386 0.00205874 0.00106563 0.0025402102 0.0 14 13.1958712323 1.8435246337 0 0 0 3 6 5 0 0 0 6 
106 2 26.3652 8.10244 4.9071 0.00188408 0.00178362 7.46521e-04 0.0026996947 0.0 14 15.8909302654 2.240971701 0 0 0 2 8 4 0 0 0 6 
861 2 22.881 5.84658 4.75404 -0.00558642 0.00339897 3.38994e-04 0.006547977 0.0 12 16.1022883391 2.2927155297 0 0 1 2 6 2 1 0 0 7 
35 2 23.7206 5.68254 6.99953 -1.83983e-05 0.00180829 8.20594e-04 0.0019858564 0.0 15 12.7437994954 1.9236774964 0 0 1 4 3 5 2 0 0 7 
741 2 23.306 0.878258 6.76197 -0.00369812 2.07318e-04 8.36718e-04 0.0037972581 0.0 16 17.1496797313 2.3044272806 0 0 5 2 2 2 2 2 1 9 
138 2 21.2216 2.06335 6.00227 4.22805e-04 0.00203142 0.00125147 0.0024231402 0.0 16 16.5232875401 2.3579555829 0 0 3 2 4 4 1 2 0 8 
564 2 20.0058 1.17267 8.08151 -0.00166653 -9.00325e-04 0.00151604 0.0024261667 0.0 14 16.4084253105 2.2919670993 0 0 1 4 1 8 0 0 0 6 
19 1 21.9083 2.86489 0.742781 -0.00252699 0.0027142 0.0024999 0.0044723663 0.0 14 21.4589649523 2.2406302543 0 0 1 4 4 3 1 1 0 8 
159 2 23.3685 3.30798 7.36877 0.0021586 9.61674e-04 -0.00330268 0.0040610425 0.0 15 14.9624891871 1.9421651203 0 0 1 1 9 2 2 0 0 7 
56 2 25.6434 1.93103 6.22241 0.00166759 -0.00113308 5.08211e-04 0.0020791838 0.0 13 13.1914589767 1.9857141065 0 0 0 3 6 4 0 0 0 6 
361 2 21.2553 3.93775 3.75413 0.00151376 0.00444012 -0.00191746 0.0050678188 0.0 15 18.4995458723 2.2949910801 0 0 2 4 3 3 1 2 0 8 
244 1 26.4918 4.67622 0.645695 0.00315909 -7.27204e-04 -0.00345046 0.0047343795 0.0 17 23.3431661465 2.2969751399 0 0 0 5 5 4 3 0 0 7 
285 2 18.2255 3.88627 7.81952 0.00272565 0.00125445 8.47312e-04 0.0031178118 0.0 16 14.7338144913 2.0427442067 0 0 3 2 4 3 3 1 0 8 
107 2 22.5687 1.4213 8.95679 5.02554e-04 7.3666e-04 -0.00162279 0.0018516684 0.0 13 16.3767588966 2.2666745614 0 0 1 2 6 3 1 0 0 7 
523 2 25.3661 1.87432 3.89119 -0.00166634 -9.29198e-04 0.00293961 0.0035044835 0.0 14 16.155392875 2.2969751399 0 0 1 4 2 6 1 0 0 7 
270 2 24.9596 6.56399 3.73896 7.55061e-04 0.00103905 -0.0011804 0.0017444444 0.0 14 18.0297937644 2.2298564392 0 0 0 2 9 2 1 0 0 7 
665 2 25.2842 -0.0544508 7.98739 0.00219819 -0.00213021 0.00547722 0.0062745337 0.0 13 14.9341440595 2.2389583903 0 0 4 1 3 2 2 0 1 9 
853 2 26.4153 26.3898 3.4763 0.00198063 -0.00376722 -0.00126043 0.0044388653 0.0 14 13.6255321565 2.1792680591 0 0 1 3 4 5 1 0 0 7 
247 2 21.2347 5.36816 6.54091 -3.11413e-04 -0.00416825 0.00312819 0.0052208102 0.0 15 13.1534846722 1.9421651203 0 0 1 4 3 5 2 0 0 7 
85 1 19.9088 5.31043 1.47995 0.00316781 -0.0010614 -0.0029697 0.0044699786 0.0 16 24.3110206534 2.3563173803 0 0 2 4 3 4 1 2 0 8 
97 1 5.91929 12.8064 26.4873 0.00193796 3.78188e-04 -0.00192366 0.0027566616 0.0 12 19.6021187966 2.1445725433 0 0 0 3 6 3 0 0 0 6 
962 1 2.94374 8.90856 1.63757 0.00431713 0.00113746 -0.00347416 0.0056569616 0.0 15 23.0193020243 2.4705719283 0 0 1 1 9 2 2 0 0 7 
764 1 8.0164 11.4159 2.98512 0.00325185 -0.00257304 -0.00337171 0.0053444823 0.0 16 23.8703005115 2.3196780695 0 0 0 3 6 7 0 0 0 6 
680 1 5.40575 13.0029 2.72072 -0.00294416 0.00313485 5.55197e-04 0.0043363125 0.0 14 20.4279553443 2.1166939473 0 0 0 3 6 5 0 0 0 6 
255 1 7.50667 15.4153 6.97353 -0.00316934 -4.9051e-04 -6.76966e-04 0.003277743 0.0 14 22.450470378 2.2735027006 0 0 0 3 6 5 0 0 0 6 
281 2 2.19586 16.9015 4.94394 -0.00124328 -0.0042493 -0.00210567 0.0049026668 0.0 13 15.260501372 2.3130255543 0 0 1 3 5 2 2 0 0 7 
603 1 2.38014 14.4706 3.13303 0.00195427 -0.00384676 0.00469355 0.006375433 0.0 15 23.1447835707 2.3130255543 0 0 1 3 5 4 2 0 0 7 
558 2 1.72275 13.956 7.36716 -0.00215302 -0.0031621 -2.82043e-05 0.0038255937 0.0 16 16.5752581762 2.2248151124 0 0 2 4 3 4 1 2 0 8 
850 1 4.77272 16.1866 2.11542 2.27417e-05 -0.00291953 -3.23936e-05 0.0029197983 0.0 15 22.8190018897 2.2954707799 0 0 0 2 8 5 0 0 0 6 
856 1 4.86088 10.2102 4.23214 0.00349978 0.00121167 -0.00397787 0.0054350763 0.0 17 23.3226423022 2.2005346946 0 0 0 2 8 7 0 0 0 6 
475 1 1.84685 16.5469 0.401585 2.57837e-04 -0.00143611 -7.23447e-04 0.0016285783 0.0 15 24.2422113453 2.3315096632 0 0 1 1 8 4 1 0 0 7 
110 1 6.77677 15.7412 4.09388 6.58073e-04 0.00151776 0.0011583 0.0020194837 0.0 14 22.5902280492 2.2122324786 0 0 1 3 5 3 2 0 0 7 
859 1 2.86926 11.5339 2.62248 0.00434818 1.04315e-04 -0.00387684 0.0058264431 0.0 13 20.4912812431 2.2005346946 0 0 0 3 6 4 0 0 0 6 
42 1 6.57603 9.5208 6.79226 -0.00223145 0.00134102 -0.00339494 0.0042782381 0.0 15 22.7017722374 2.2286800261 0 0 0 3 7 4 1 0 0 7 
210 1 0.597339 10.4664 1.27039 -0.00510734 0.00261193 0.00410756 0.007055434 0.0 13 20.3646437854 2.1027606096 0 0 0 3 6 4 0 0 0 6 
332 2 2.36491 9.64856 6.37182 0.00428153 3.23252e-04 0.00117239 0.0044508976 0.0 12 14.9813175889 2.126427553 0 0 1 2 5 4 0 0 0 6 
37 1 4.34311 14.0091 5.14829 1.62403e-04 3.30264e-04 -0.0036852 0.0037035318 0.0 15 23.1967679756 2.2735027006 0 0 0 3 6 6 0 0 0 6 
690 1 4.34942 11.5682 7.24979 -0.00241734 -0.00294411 -2.66743e-04 0.0038186998 0.0 15 23.0641150497 2.2309858998 0 0 0 2 8 5 0 0 0 6 
472 1 3.79473 14.2287 0.353881 -0.00333954 2.24961e-04 7.07178e-04 0.0034209992 0.0 13 20.276808194 2.1528756495 0 0 0 2 8 3 0 0 0 6 
295 2 26.5476 15.0632 4.95443 -1.09004e-05 -3.42509e-04 6.14887e-04 7.0392986623e-04 0.0 14 16.5886804082 2.2200086212 0 0 1 2 6 4 1 0 0 7 
367 1 5.4415 10.4976 1.48167 -5.47667e-04 7.50096e-04 3.36272e-04 9.8775604786e-04 0.0 13 20.5457876043 2.1165617349 0 0 0 3 6 4 0 0 0 6 
234 1 7.24387 14.6454 1.09901 -0.00240107 -0.0016684 0.00199468 0.0035394129 0.0 14 21.0713454205 2.1904508018 0 0 1 2 6 4 1 0 0 7 
701 2 2.17396 7.72608 4.80093 -0.00135329 -0.00144096 -0.00370088 0.0041957445 0.0 14 18.4889223049 2.2734604295 0 0 0 3 7 3 1 0 0 7 
567 2 2.57939 16.0826 7.06109 -4.97471e-04 -0.00358346 6.93896e-04 0.0036837691 0.0 13 17.6586743008 2.2624758494 0 0 2 3 3 3 1 1 0 8 
537 1 7.41136 12.1688 8.30003 0.00172242 -3.49397e-04 7.64334e-04 0.0019165113 0.0 13 22.698988748 2.2264487312 0 0 0 1 10 2 0 0 0 6 
28 1 6.67658 12.2488 5.37006 -0.00368246 -0.00233717 5.51525e-04 0.0043962547 0.0 14 22.1947172188 2.1926065375 0 0 0 3 6 5 0 0 0 6 
190 2 0.282306 17.3161 6.54641 -0.00229943 -0.00273201 -1.66575e-04 0.0035747733 0.0 16 16.393405259 2.1638116951 0 0 2 3 4 3 4 0 0 7 
235 1 7.7097 8.52701 3.95614 -0.00114361 0.00153955 0.00277935 0.0033768098 0.0 16 22.1501243805 2.2315223272 0 0 0 4 5 6 1 0 0 7 
640 2 1.682 12.2903 5.60958 -3.48918e-04 -0.003341 0.00184505 0.0038325232 0.0 14 18.1334950569 2.2005346946 0 0 1 1 9 1 2 0 0 7 
807 1 9.27101 10.8367 6.55392 5.0561e-04 -0.00390072 0.00244262 0.004630081 0.0 14 22.4337743844 2.2378848683 0 0 1 1 7 5 0 0 0 6 
75 2 1.3156 7.56073 7.07464 -7.37875e-04 -0.00165412 -0.00277227 0.0033115032 0.0 14 12.8505480125 1.9656941213 0 0 0 2 8 4 0 0 0 6 
187 2 1.15136 11.8853 8.33336 -0.00106568 -6.97723e-04 5.30151e-04 0.0013796925 0.0 14 16.4972707521 2.2008577384 0 0 2 2 5 2 3 0 0 7 
127 2 0.950252 10.4268 4.45593 -1.6785e-04 -0.00348753 -0.0022406 0.0041486537 0.0 14 18.3548552082 2.1976255913 0 0 0 1 10 3 0 0 0 6 
355 2 18.5311 9.06095 5.2763 9.35359e-04 0.00269015 -4.98793e-05 0.0028485595 0.0 14 17.5007467825 2.1614574361 0 0 1 1 8 3 1 0 0 7 
293 1 8.80487 17.8735 3.44276 -7.56219e-04 -0.00225212 0.0019986 0.0031045634 0.0 16 22.8081749187 2.2929759179 0 0 1 4 4 4 3 0 0 7 
854 1 16.0388 14.3145 0.752966 8.83761e-04 5.88515e-04 -0.00519398 0.0053013971 0.0 13 20.7383856859 2.2676140351 0 0 0 2 8 3 0 0 0 6 
574 1 9.70932 13.6285 6.25853 0.00489475 -8.39209e-04 4.50437e-04 0.0049865562 0.0 15 21.0538044593 2.3154024509 0 0 2 2 5 4 1 1 0 8 
551 2 15.703 10.3863 8.40478 -0.00191202 -0.0034795 8.33272e-05 0.0039711062 0.0 14 17.7804370977 2.2580910387 0 0 1 2 8 0 3 0 0 7 
14 1 10.8562 12.1483 8.72687 0.00270986 0.00245477 -0.0024627 0.0044084156 0.0 15 21.8142208723 2.2210490501 0 0 0 4 5 5 1 0 0 7 
829 1 13.0411 9.53301 4.13518 8.5865e-04 -0.0024153 -0.00284516 0.0038296069 0.0 14 22.4378642022 2.2135559482 0 0 0 3 6 5 0 0 0 6 
938 1 12.8097 16.3966 4.96451 0.00294851 2.99979e-04 -0.00268562 0.0039995316 0.0 15 21.3944263376 2.3941345715 0 0 1 2 7 3 2 0 0 7 
803 1 11.7282 10.4933 1.64219 0.00367808 -0.0011046 0.00266652 0.0046753334 0.0 15 22.8184600643 2.3337241928 0 0 1 1 8 4 1 0 0 7 
947 1 12.8373 16.7342 0.304395 0.00123564 -3.73458e-04 -0.00166741 0.0021086804 0.0 15 20.5535216183 2.2200578302 0 0 1 5 1 6 2 0 0 7 
312 1 12.618 11.6914 6.62091 0.00581093 0.00322682 1.49675e-04 0.0066484342 0.0 15 22.9549231175 2.1748510819 0 0 0 2 8 5 0 0 0 6 
985 1 11.0923 12.41 3.61531 0.00281803 0.0018977 7.25285e-04 0.0034739886 0.0 14 22.6810505025 2.311736997 0 0 1 3 5 3 2 0 0 7 
840 1 9.66541 16.3218 0.859104 -0.00184745 -0.00291655 0.00421116 0.0054454755 0.0 16 22.9923660654 2.3299821464 0 0 2 3 4 3 4 0 0 7 
353 1 17.4794 15.3534 8.16851 4.52642e-04 0.00154575 5.0307e-04 0.0016873966 0.0 14 23.0846188648 2.3242479423 0 0 2 0 8 2 2 0 0 7 
656 1 13.6976 13.7225 4.52852 0.00237238 -0.00185926 0.00149681 0.0033653343 0.0 14 22.3383931693 2.3154024509 0 0 1 2 6 4 1 0 0 7 
357 1 12.1547 14.5335 7.15971 -0.00218557 0.00445222 0.00226061 0.0054506272 0.0 14 20.9583663969 2.3597926635 0 0 2 1 7 2 1 1 0 8 
553 1 15.5761 13.5138 7.10024 -3.26448e-04 -1.49697e-04 6.19958e-04 7.1646731278e-04 0.0 17 25.9870550173 2.3941345715 0 0 1 3 4 8 1 0 0 7 
276 1 9.61153 16.2717 5.64364 0.00210717 1.86282e-04 0.00235867 0.0031683104 0.0 12 20.8789804849 2.2926093715 0 0 0 4 4 4 0 0 0 6 
805 1 14.4517 11.7538 2.28958 1.42476e-04 -0.00201997 -3.90951e-04 0.0020623823 0.0 13 21.9038246125 2.312554432 0 0 0 4 5 3 1 0 0 7 
923 1 16.299 13.3392 3.85213 -1.60274e-04 -5.73901e-04 -2.7383e-05 5.964896827e-04 0.0 14 21.2925222163 2.2641150083 0 0 0 2 8 4 0 0 0 6 
594 1 13.122 14.0039 1.10161 0.00167387 8.23782e-04 0.00318689 0.0036927937 0.0 16 21.3859379823 2.3337241928 0 0 2 3 4 3 4 0 0 7 
156 1 16.2273 11.519 0.158424 -0.00205401 0.00169807 6.54682e-05 0.0026658366 0.0 14 21.2005750753 2.3035960101 0 0 1 3 3 7 0 0 0 6 
60 1 11.307 15.4358 2.94009 0.00157557 -8.16378e-04 0.00412901 0.0044941759 0.0 14 20.7984493453 2.3154024509 0 0 1 3 4 5 1 0 0 7 
978 1 15.0326 8.40384 2.13851 0.00230402 -0.00111974 0.00174848 0.0031015332 0.0 16 22.7704940428 2.1190491134 0 0 0 5 3 7 1 0 0 7 
383 1 14.3746 16.1956 2.75524 0.00239145 -0.00108542 -3.5037e-04 0.0026495148 0.0 13 20.4733886286 2.1674433999 0 0 0 2 8 3 0 0 0 6 
738 1 8.88893 14.0624 3.44476 -0.00314425 -0.00180324 -0.00153723 0.0039371384 0.0 13 20.2392259549 2.1905205029 0 0 0 4 5 3 1 0 0 7 
84 1 15.2817 10.8038 5.34915 1.62159e-05 0.00126105 -2.48527e-04 0.0012854088 0.0 15 23.4683610038 2.1864505938 0 0 0 1 10 4 0 0 0 6 
992 1 16.4293 16.294 5.38137 3.89492e-04 -0.00255316 -5.81117e-04 0.0026472678 0.0 16 25.3835284643 2.3941345715 0 0 0 2 8 6 0 0 0 6 
452 1 10.3134 13.3071 0.923576 -0.00217218 -0.0013831 -0.00146953 0.0029649368 0.0 13 21.8890823234 2.2200578302 0 0 1 1 9 0 2 0 0 7 
194 1 17.0717 10.5529 2.94174 -7.10421e-04 -0.00139919 -4.42024e-04 0.0016302809 0.0 13 21.4544389573 2.1190491134 0 0 0 3 6 4 0 0 0 6 
713 1 17.299 16.0765 2.41782 -0.00118476 0.00523277 0.0015834 0.0055939873 0.0 12 20.5844125588 2.1600788871 0 0 0 0 12 0 0 0 0 5 
21 2 16.7122 8.25473 7.25957 1.26791e-04 0.00232075 0.00194719 0.0030320794 0.0 12 14.1228805887 2.0013632134 0 0 0 3 6 3 0 0 0 6 
147 1 10.2427 9.50235 4.34386 -2.65418e-04 -0.0034107 -0.00473673 0.0058429387 0.0 13 22.4482472712 2.318549216 0 0 0 3 6 4 0 0 0 6 
714 2 0.26955 10.1223 7.2464 -7.68883e-04 0.00113014 0.00247163 0.0028244207 0.0 14 13.7642941162 1.9033915287 0 0 0 4 5 4 1 0 0 7 
619 1 25.2119 12.3044 0.607315 -0.00550773 -0.00347903 0.00159268 0.0067063678 0.0 13 21.235153729 2.3795323746 0 0 0 2 8 3 0 0 0 6 
384 1 18.5873 13.2162 1.87401 -0.00262488 -8.24649e-04 -0.00133179 0.0030567476 0.0 14 22.7405135936 2.2416237404 0 0 0 0 12 2 0 0 0 6 
493 1 18.3527 13.389 25.3714 -0.00188952 0.0010529 6.20844e-04 0.002250407 0.0 15 22.544441845 2.2899239416 0 0 1 3 5 4 2 0 0 7 
916 2 22.286 12.8376 9.02348 0.00241606 -2.99848e-04 0.0042761 0.0049205981 0.0 15 13.8321168098 2.0251050554 0 0 1 2 6 5 1 0 0 7 
429 2 22.9871 10.5831 7.54889 0.00140511 0.00321782 2.09248e-04 0.0035174542 0.0 16 15.7360569681 2.0390032908 0 0 1 2 7 4 2 0 0 7 
417 1 21.01 13.3264 0.429961 -9.7035e-04 0.00170328 -0.00204003 0.0028292162 0.0 13 22.2657191243 2.341281176 0 0 1 3 4 4 1 0 0 7 
246 1 18.8778 10.4918 0.0882561 -0.00336004 9.99827e-04 -0.00107263 0.0036660685 0.0 14 22.3328711058 2.3273922048 0 0 0 3 7 3 1 0 0 7 
692 2 24.2208 14.0414 4.82269 -0.00301039 0.00102417 -0.00288594 0.0042941847 0.0 14 17.7907264707 2.2979707493 0 0 0 3 6 5 0 0 0 6 
576 1 25.8433 15.3252 1.23948 0.00194941 0.00351524 -0.00280286 0.00490032 0.0 14 21.9446120933 2.1929278464 0 0 0 3 6 5 0 0 0 6 
911 1 18.4733 12.1154 5.04766 0.00221143 -0.00221084 -0.00274178 0.0041587971 0.0 14 22.0340630416 2.3242479423 0 0 1 1 8 3 1 0 0 7 
890 1 21.8989 18.2293 9.04535 -0.00621047 4.49779e-04 -4.12063e-04 0.0062403553 0.0 15 23.7548889383 2.3999333976 0 0 2 2 5 4 1 1 0 8 
313 2 25.0777 16.3518 8.80888 6.1546e-04 0.00182469 -0.00121765 0.002278367 0.0 14 18.6717127111 2.2548043781 0 0 1 2 7 2 2 0 0 7 
719 1 24.9029 9.56632 2.36068 0.00153668 0.00284574 0.00139107 0.0035206104 0.0 17 23.2758698784 2.325640036 0 0 1 1 8 6 1 0 0 7 
158 2 25.9672 14.6379 7.31256 -0.00227993 7.72859e-04 3.36245e-04 0.0024307309 0.0 16 15.1443914507 2.019269822 0 0 2 1 7 4 1 1 0 8 
836 2 21.0098 13.2273 6.60384 -9.57956e-04 0.00245368 -6.47686e-04 0.0027125122 0.0 16 20.2974287279 2.2326389251 0 0 1 3 5 5 2 0 0 7 
474 2 17.9151 10.4016 7.72085 -0.00194076 -6.87504e-04 -0.00311214 0.0037315716 0.0 13 14.8159716077 2.2275707311 0 0 1 1 9 0 2 0 0 7 
213 2 19.1176 12.3506 8.23357 -7.65864e-04 -0.00309659 6.20996e-05 0.0031904974 0.0 15 17.9979752135 2.3141506752 0 0 2 4 2 3 4 0 0 7 
245 1 20.7487 15.974 1.96396 -5.49924e-05 0.00267306 0.00163275 0.0031327538 0.0 14 22.7980357039 2.2416237404 0 0 0 1 10 3 0 0 0 6 
810 1 23.1123 14.3749 2.08963 -6.4294e-04 0.00415731 -0.00290031 0.0051096376 0.0 14 21.3613166392 2.3594760445 0 0 0 3 6 5 0 0 0 6 
123 1 23.6037 17.037 1.0853 0.0022919 -0.00240654 -3.85417e-04 0.0033455622 0.0 15 21.5283730785 2.274038959 0 0 0 3 6 6 0 0 0 6 
108 2 26.5893 12.9802 3.56348 -2.5542e-04 -0.00210546 -0.00117517 0.0024247115 0.0 15 21.0793440676 2.3594760445 0 0 1 1 8 4 1 0 0 7 
929 1 21.7005 16.3348 4.72138 9.48903e-04 0.00275614 -3.24262e-06 0.002914916 0.0 15 24.3047515928 2.3978523748 0 0 1 2 7 4 0 1 0 8 
449 1 19.1725 15.0421 4.98266 -3.68243e-04 -5.94562e-04 2.10139e-04 7.302501477e-04 0.0 15 23.1211056181 2.3242479423 0 0 2 1 7 2 3 0 0 7 
788 2 23.4501 12.861 6.88488 -0.0020521 -8.21725e-04 0.00198312 0.0029696989 0.0 11 13.4338322563 2.0925674714 0 0 0 2 8 1 0 0 0 6 
217 1 19.9336 16.9997 7.25206 0.00135841 -5.27078e-04 -0.00205557 0.0025196144 0.0 15 22.6743838775 2.3999333976 0 0 1 3 4 6 1 0 0 7 
477 2 20.1697 10.3177 6.40726 -0.00165372 6.41916e-04 -8.28027e-04 0.0019576707 0.0 14 15.662895315 2.1377779529 0 0 2 3 3 4 1 1 0 8 
951 1 22.7459 11.0808 1.58998 -0.00180429 -0.0020166 -0.0047811 0.0054937287 0.0 14 22.4632172956 2.3797439122 0 0 0 3 7 3 1 0 0 7 
139 1 20.9717 12.9764 3.46409 -0.00648052 0.00221914 -0.00134575 0.0069808857 0.0 14 21.4095101019 2.185346135 0 0 1 2 7 2 2 0 0 7 
485 2 23.1137 15.4494 7.75502 2.74395e-04 6.2769e-04 0.00276672 0.0028502679 0.0 14 19.1458198337 2.359291172 0 0 1 0 10 2 1 0 0 7 
466 2 24.8515 10.0739 5.60727 -0.00500993 -0.00209645 -0.00276944 0.0060962529 0.0 13 14.507582029 2.1954141731 0 0 1 2 7 1 2 0 0 7 
233 2 24.5502 17.454 6.49792 -0.00136032 0.00122996 0.002277 0.0029236965 0.0 15 18.3843016143 2.3999333976 0 0 2 4 4 1 3 0 1 9 
236 2 24.4662 16.5101 4.11721 -7.74951e-04 -0.00220307 0.00495607 0.0054787495 0.0 14 16.8984769275 2.1291561701 0 0 5 1 2 2 2 1 1 9 
15 2 25.5558 12.2993 5.65443 0.00123786 0.00342603 -0.00276671 0.0045743484 0.0 14 14.4957864329 2.202355549 0 0 2 2 6 0 4 0 0 7 
945 2 23.2501 11.5469 4.62043 -2.64717e-04 1.75102e-06 -0.00381322 0.0038223978 0.0 15 18.6407771537 2.3594760445 0 0 1 2 7 3 2 0 0 7 
92 1 20.3849 10.2272 2.79745 0.00261299 -0.00254725 -1.21183e-04 0.0036511484 0.0 15 23.8536643582 2.2820531858 0 0 1 4 4 3 3 0 0 7 
722 2 8.50961 25.5821 2.59539 0.00161588 -0.00151984 0.00136525 0.002604782 0.0 15 15.2937217625 1.9948848875 0 0 0 4 6 3 2 0 0 7 
215 2 4.59908 17.5858 5.39742 1.12671e-04 -0.00349205 -0.0016455 0.0038619656 0.0 15 20.4661412916 2.2735027006 0 0 0 2 9 3 1 0 0 7 
776 2 6.08395 19.1132 3.6078 0.00116399 0.00265181 -0.0031612 0.0042872082 0.0 14 18.4668103363 2.1543206116 0 0 0 0 12 2 0 0 0 6 
453 2 0.0861418 17.1432 3.65077 -0.00102525 5.60026e-04 -3.74031e-04 0.0012266482 0.0 16 18.8983796469 2.2958364419 0 0 1 4 3 6 2 0 0 7 
791 2 5.63879 21.371 3.78368 0.00205261 0.00123341 5.82189e-04 0.0024644375 0.0 14 13.5790171079 2.0039762917 0 0 1 0 10 2 1 0 0 7 
76 2 26.6377 22.8806 8.0505 0.00227951 0.0047972 5.49285e-04 0.00533957 0.0 14 17.8178314843 2.3562323692 0 0 0 2 8 4 0 0 0 6 
718 2 3.91594 20.8291 2.33655 -0.00243846 2.95243e-04 -0.00324722 0.0040715714 0.0 12 13.2801739613 2.0560377498 0 0 0 3 6 3 0 0 0 6 
342 2 8.32228 20.6573 4.86979 -0.00114044 0.00124407 0.00204656 0.0026526819 0.0 12 16.0558455464 2.1413008184 0 0 0 0 12 0 0 0 0 5 
657 2 5.83836 26.1559 7.13558 -0.00411018 0.00406529 4.20739e-04 0.0057963078 0.0 18 15.8070038122 2.1225704831 0 0 3 3 5 3 1 2 1 9 
545 2 7.90735 22.8438 3.23481 -0.00144799 -0.0020852 -0.001287 0.0028462437 0.0 14 14.2240953837 1.8615754309 0 0 0 3 6 5 0 0 0 6 
514 2 1.84282 19.5629 1.70416 1.64307e-04 0.00431136 1.79006e-04 0.0043182016 0.0 13 17.9768240094 2.2155623792 0 0 0 1 10 2 0 0 0 6 
162 2 2.19711 22.6816 6.96721 -0.00278516 0.00216781 -0.00118004 0.0037214259 0.0 15 13.0549779935 1.8951980982 0 0 1 2 5 7 0 0 0 6 
124 2 7.2015 20.7093 1.89102 -4.9219e-04 0.00150207 3.17399e-04 0.0016122058 0.0 15 16.7412431776 2.1635744813 0 0 2 3 3 5 1 1 0 8 
825 2 7.32132 24.124 1.21724 2.66569e-04 0.00312136 0.0037359 0.0048755406 0.0 15 13.7161841954 1.9906199437 0 0 1 2 7 3 2 0 0 7 
371 2 0.959792 24.0835 3.43692 -0.00155501 -0.00229185 0.00436438 0.0051689888 0.0 15 11.9998746014 1.8099560546 0 0 1 3 5 4 2 0 0 7 
610 2 4.43517 24.8306 8.49996 4.34366e-04 8.65367e-04 0.00228879 0.0024851747 0.0 15 13.7331518499 1.9894144165 0 0 2 4 3 2 3 1 0 8 
605 2 2.79708 23.8223 4.69505 -0.00184592 -0.00496738 0.00166032 0.0055532826 0.0 14 12.0938473917 2.0039762917 0 0 2 2 5 3 1 1 0 8 
638 2 0.400471 24.4254 5.54273 -0.00172144 2.88328e-04 0.00134471 0.002203346 0.0 14 12.7505844207 1.7780980244 0 0 0 1 10 3 0 0 0 6 
491 2 26.7683 20.5362 2.70691 0.00200628 -9.05322e-04 0.00446611 0.0049790467 0.0 13 15.369402008 2.1343571038 0 0 0 3 6 4 0 0 0 6 
918 1 7.14828 17.7413 0.881151 7.91133e-04 -0.00336863 -0.00115038 0.0036464961 0.0 13 21.0674049164 2.1814324828 0 0 1 2 6 3 1 0 0 7 
893 2 6.87273 25.1592 5.28743 -0.00467183 -0.00134808 -4.98668e-04 0.0048879428 0.0 13 13.9256449016 2.0540528668 0 0 1 3 4 4 1 0 0 7 
943 2 3.75929 20.5763 7.55552 3.04217e-05 -2.65737e-04 4.05065e-04 4.8540631148e-04 0.0 14 16.4969755866 2.1797621488 0 0 1 3 4 5 1 0 0 7 
430 2 8.36861 22.3519 0.384243 2.90736e-04 -0.00237276 -2.27499e-04 0.0024013066 0.0 13 15.0925354099 2.1048197965 0 0 1 3 5 2 2 0 0 7 
786 2 1.37248 19.1573 4.59007 0.00627956 3.16924e-04 9.4292e-04 0.0063578623 0.0 13 13.7342524056 1.9478849439 0 0 1 2 6 3 1 0 0 7 
725 2 4.97351 25.0592 1.12116 -1.31978e-04 -0.0014554 0.00148712 0.002084978 0.0 15 14.2616753739 1.9906199437 0 0 0 2 8 5 0 0 0 6 
9 2 3.43946 18.573 3.5599 -0.00413191 7.4994e-04 -0.00211271 0.0047009184 0.0 14 15.7693257972 2.3130255543 0 0 1 3 4 5 1 0 0 7 
137 2 6.62501 26.7226 3.34761 0.0043328 7.39064e-04 0.00437604 0.0062023461 0.0 15 14.979692274 2.1224008184 0 0 1 4 4 4 1 1 0 8 
697 1 7.96619 18.3463 6.68974 -2.74368e-04 -6.87587e-04 9.55001e-04 0.0012083379 0.0 16 23.3040364615 2.2795094792 0 0 0 1 10 5 0 0 0 6 
445 2 8.56979 26.8029 6.25642 0.00101158 -7.94488e-04 0.00140737 0.0019066189 0.0 13 13.7590029043 1.9636766272 0 0 0 4 4 5 0 0 0 6 
489 2 8.55296 21.5227 7.15586 -3.90587e-04 -5.1664e-04 -0.00341931 0.0034801086 0.0 13 16.9903717596 2.2247435351 0 0 1 2 6 3 1 0 0 7 
111 2 9.68445 24.8227 4.98941 -5.85529e-04 -5.15196e-04 -0.0038124 0.0038913577 0.0 17 16.2759807511 1.9758215191 0 0 0 4 7 3 3 0 0 7 
600 2 2.69618 18.702 6.82983 0.00150342 -0.00237674 1.6214e-04 0.0028169938 0.0 14 16.4712524808 2.3343091343 0 0 1 3 5 3 2 0 0 7 
561 2 3.43877 20.3277 5.13877 0.00323548 -8.22281e-04 -8.87238e-04 0.0034542247 0.0 15 13.7865950462 1.9978612764 0 0 1 2 7 4 0 1 0 8 
231 2 0.250187 21.8824 4.94212 9.87242e-04 0.00145007 -0.00212733 0.0027573325 0.0 15 12.5890256548 1.8951980982 0 0 0 3 7 4 1 0 0 7 
278 2 5.52829 22.2636 1.04394 -0.00173918 4.05914e-04 1.21819e-04 0.0017900707 0.0 15 15.0590664668 2.1596960217 0 0 1 4 5 3 0 2 0 8 
879 2 2.2071 23.8221 8.97456 0.00222844 -4.24784e-04 2.75361e-04 0.0022852155 0.0 12 14.8906818531 2.2187632155 0 0 0 5 2 5 0 0 0 6 
98 2 2.55818 25.1426 6.67094 5.77937e-04 0.00102833 -2.3525e-04 0.0012028368 0.0 13 12.064916701 1.8021832617 0 0 1 2 6 3 1 0 0 7 
214 2 6.20371 23.0101 7.61888 -5.28549e-04 -0.00233162 2.4765e-04 0.0024035695 0.0 13 14.2154751619 1.9962236974 0 0 0 4 5 3 1 0 0 7 
462 2 4.55744 22.8938 6.16369 0.00279815 -0.00256785 -1.71756e-04 0.0038017098 0.0 17 14.5528980631 2.0039762917 0 0 2 3 4 5 2 1 0 8 
957 2 0.693141 20.7553 6.96312 8.56639e-04 0.00389859 -5.99062e-04 0.004036299 0.0 13 15.6567746916 2.2844658732 0 0 0 3 6 4 0 0 0 6 
852 2 3.68045 23.0963 2.53411 0.00181747 0.00423023 -7.42222e-04 0.0046635755 0.0 14 12.6275324024 1.9896255082 0 0 1 2 5 6 0 0 0 6 
687 2 2.98011 21.5701 0.341624 0.00102621 2.55955e-04 -0.00107504 0.0015080885 0.0 14 16.9595090595 2.39862854 0 0 1 1 8 3 1 0 0 7 
772 2 1.38367 22.5148 1.68137 0.00326007 0.00353572 8.20783e-04 0.0048788377 0.0 13 12.8514144939 2.1213173981 0 0 2 2 3 5 1 0 0 7 
257 2 2.10089 21.6733 3.7235 -1.35451e-05 0.00171623 -0.00102534 0.0019992376 0.0 15 12.0737814553 2.0039762917 0 0 2 2 6 2 2 1 0 8 
797 2 5.94171 20.6581 5.96446 -9.48523e-04 -0.0014992 -0.00165314 0.0024249058 0.0 13 16.3499740927 2.1419835309 0 0 0 1 10 2 0 0 0 6 
940 2 2.74704 25.422 2.79173 0.00253618 0.0021818 0.00154975 0.0036870293 0.0 14 11.9949709994 1.8041286073 0 0 3 1 4 4 1 1 0 8 
808 2 7.20858 22.7387 5.59627 4.76144e-04 0.00312505 0.00110392 0.0033483264 0.0 13 12.9363649238 1.9758215191 0 0 1 2 5 5 0 0 0 6 
777 2 5.59764 24.341 3.39061 -0.00190259 0.00277946 -1.10417e-04 0.0033700799 0.0 15 14.4425479257 1.9318250009 0 0 0 4 4 7 0 0 0 6 
630 2 4.44652 25.4372 5.32644 2.72608e-04 9.60927e-04 -0.0053415 0.0054340885 0.0 14 12.6450892123 2.1225704831 0 0 3 2 4 3 0 1 1 9 
292 2 2.04759 26.83 4.31412 -7.46876e-04 0.00345544 0.00371952 0.0051315415 0.0 15 12.3221780459 1.819222268 0 0 1 2 8 2 1 1 0 8 
620 2 10.3177 0.390183 8.92019 -0.00114317 0.00186531 -2.49569e-04 0.0022019318 0.0 14 13.1328803413 1.9385503656 0 0 0 3 6 5 0 0 0 6 
785 1 15.9861 23.1774 6.3468 -0.00280453 9.21238e-05 -5.87019e-04 0.0028667868 0.0 17 22.3959237475 2.2624026957 0 0 4 3 3 1 4 1 1 9 
961 1 18.1141 21.4347 1.03888 -4.88895e-04 -9.11034e-04 -0.00194897 0.0022062378 0.0 15 22.3731016458 2.2990079379 0 0 2 1 7 3 1 1 0 8 
768 1 12.6879 20.8643 7.98975 0.00122542 -0.00439748 5.42134e-04 0.0045971071 0.0 16 23.3963702026 2.2638816078 0 0 3 0 7 3 2 1 0 8 
207 1 15.1984 20.8206 1.9391 0.00251078 0.00176523 -0.00303668 0.0043175779 0.0 13 20.5114712165 2.2990079379 0 0 2 2 3 5 1 0 0 7 
513 2 13.3218 22.9313 2.00731 5.15453e-04 -0.00318184 0.001237 0.0034525305 0.0 15 16.4407256049 2.2413881262 0 0 3 2 4 1 5 0 0 7 
760 2 11.485 25.3341 1.33808 -0.00130283 0.00402495 0.00334516 0.0053932999 0.0 15 13.9441738081 1.9948848875 0 0 0 4 4 7 0 0 0 6 
385 2 10.0723 23.4192 2.15777 0.00146643 -0.00236629 -2.67126e-05 0.0027839646 0.0 13 13.3826887638 1.985814652 0 0 0 3 6 4 0 0 0 6 
315 1 16.0099 23.6095 0.90293 3.43447e-04 0.00117675 -2.70914e-04 0.0012554245 0.0 15 21.2974932389 2.2054074485 0 0 0 5 3 6 1 0 0 7 
43 1 13.254 19.4333 0.16074 -0.00154655 0.00410495 -0.00165813 0.0046895444 0.0 14 22.4264381728 2.2569223472 0 0 0 2 8 4 0 0 0 6 
10 2 12.7291 23.6504 26.5308 -0.0015978 0.00212048 -0.00311972 0.0040965904 0.0 13 17.5742212179 2.2413881262 0 0 1 3 4 4 1 0 0 7 
609 1 16.9777 22.0723 3.63198 -0.00105808 -0.00256468 -0.00168447 0.0032456981 0.0 13 20.6669604069 2.2054074485 0 0 1 0 9 3 0 0 0 6 
53 1 11.7946 17.3519 7.78897 0.00443967 9.78845e-04 -0.00228232 0.0050870219 0.0 15 23.2512509374 2.2795094792 0 0 0 1 10 4 0 0 0 6 
732 1 17.238 18.0868 8.0496 -4.12945e-05 -0.00293243 -3.30891e-04 0.0029513285 0.0 14 21.5045553901 2.2383601601 0 0 1 3 4 5 1 0 0 7 
965 1 17.1195 -0.520871 1.3563 0.00128127 -0.00651798 -7.88245e-05 0.0066431867 0.0 14 20.2953754366 2.2013588001 0 0 0 3 6 5 0 0 0 6 
5 2 16.7001 26.6948 5.91605 -0.00110371 8.08396e-04 -9.18584e-04 0.0016478703 0.0 13 14.6156260367 2.2624026957 0 0 2 2 4 3 2 0 0 7 
160 2 11.834 21.5206 3.22953 0.00208087 -0.0037046 -2.65692e-04 0.0042573082 0.0 14 18.0564229477 2.2585537529 0 0 0 2 9 2 1 0 0 7 
206 2 12.7869 25.5394 5.76136 0.00354338 0.00202651 -0.00123711 0.0042652932 0.0 14 11.8100337932 2.0633701713 0 0 2 1 7 2 1 1 0 8 
830 1 14.3439 18.438 6.58893 0.00231732 0.00524689 7.86639e-04 0.0057895274 0.0 12 22.1179357154 2.3415090304 0 0 0 0 12 0 0 0 0 5 
790 2 11.194 25.36 7.29431 -0.00136186 -0.00110193 6.84448e-04 0.0018807928 0.0 12 12.8339949575 1.9737536937 0 0 0 3 6 3 0 0 0 6 
26 2 9.67202 20.8697 2.36248 -0.00293865 3.97334e-04 6.13335e-04 0.0030281542 0.0 13 16.2463813001 2.1814324828 0 0 1 0 9 3 0 0 0 6 
469 1 9.85494 19.0235 26.4982 1.84446e-04 -4.6956e-04 -3.66257e-04 6.2341888852e-04 0.0 15 24.3211437497 2.3254910428 0 0 0 4 4 7 0 0 0 6 
467 2 13.1272 23.9863 7.95634 -0.00173778 0.00208476 0.001205 0.0029695334 0.0 16 17.570816056 2.2617302083 0 0 3 4 2 2 4 0 1 9 
290 2 10.376 23.0013 7.61851 -6.68061e-04 9.58842e-04 5.91977e-04 0.0013100077 0.0 15 16.7731438276 2.2247435351 0 0 2 3 4 2 4 0 0 7 
72 1 15.5836 17.6793 0.329787 0.00451919 5.33452e-04 0.00232171 0.0051086189 0.0 15 21.8079153859 2.2990079379 0 0 1 3 5 4 2 0 0 7 
935 2 13.6558 25.8676 2.19777 0.00505361 -0.00220688 8.36252e-04 0.0055775094 0.0 16 16.9262467206 2.1635113579 0 0 2 2 6 3 2 1 0 8 
301 1 14.5507 20.9403 5.01169 0.00127706 0.00221046 1.85234e-04 0.0025595561 0.0 15 21.8029937937 2.2638816078 0 0 2 2 3 7 1 0 0 7 
41 1 13.9436 18.7136 3.55973 0.0015639 0.0027038 0.00166235 0.0035383224 0.0 14 20.6881267284 2.1790780076 0 0 0 2 8 4 0 0 0 6 
532 1 11.1723 19.1267 5.75253 0.00211285 8.8531e-04 6.70328e-04 0.002386891 0.0 18 25.81700078 2.2929759179 0 0 1 3 6 6 1 1 0 8 
116 1 16.7515 18.7611 3.01044 0.00180935 -8.91614e-04 0.00351054 0.0040487793 0.0 14 20.5362573912 2.2990079379 0 0 1 2 6 4 1 0 0 7 
483 2 14.8327 26.1395 4.95277 -0.0041406 -6.04254e-05 -0.00113772 0.0042944879 0.0 12 13.744528267 2.163358291 0 0 1 3 4 3 1 0 0 7 
973 2 14.2216 23.9308 4.0797 -9.73226e-04 0.00375879 -0.00159583 0.0041978976 0.0 16 17.4616675398 2.1220614737 0 0 4 2 2 4 2 2 0 8 
924 1 11.4895 18.5458 2.24887 -3.03081e-04 -8.15822e-04 0.00405823 0.0041505005 0.0 13 21.5307338717 2.2929759179 0 0 0 3 6 4 0 0 0 6 
141 2 11.203 21.8401 0.805692 -5.56907e-04 0.00204356 0.00239305 0.003195774 0.0 14 17.5311104334 2.3279430687 0 0 0 3 6 5 0 0 0 6 
547 1 17.0022 19.6672 5.79396 -0.00348025 -9.76212e-04 0.00199069 0.0041264969 0.0 15 21.7951756642 2.3321714838 0 0 1 3 4 6 1 0 0 7 
239 2 10.233 0.444213 2.20273 0.00138663 0.00230474 9.14327e-04 0.0028408736 0.0 13 14.0010616286 1.9358565251 0 0 2 3 2 4 2 0 0 7 
774 2 11.7019 24.3848 3.73855 3.2134e-04 0.00228353 -0.00415902 0.0047555458 0.0 13 12.6576928956 1.9346936763 0 0 0 5 3 4 1 0 0 7 
676 2 12.1576 23.2689 5.65404 -0.00264597 -0.0017692 -0.0038003 0.0049571671 0.0 13 15.936385515 2.2638816078 0 0 1 2 6 3 1 0 0 7 
496 2 10.094 22.2038 4.98761 0.00100614 2.62182e-04 -0.00310332 0.003272866 0.0 14 15.7246739648 2.1935371324 0 0 2 2 5 2 3 0 0 7 
569 2 14.8161 25.9595 7.19206 -5.46413e-04 -0.00172785 -9.28169e-04 0.0020360576 0.0 15 13.9933061765 2.0724167403 0 0 2 3 2 6 2 0 0 7 
96 2 13.218 1.39501 5.33533 -0.00144923 -6.80076e-04 -0.00236389 0.0028549513 0.0 14 13.3091874574 2.2410741275 0 0 1 3 4 5 1 0 0 7 
360 2 0.680717 25.959 1.42356 0.00169273 0.00104687 0.00472596 0.0051279596 0.0 14 14.2862081736 2.1845167509 0 0 2 2 2 8 0 0 0 6 
525 1 21.6929 24.6529 7.03475 -3.65653e-05 -0.0030811 -0.00135218 0.0033649524 0.0 16 23.3636963705 2.2666745614 0 0 3 2 4 4 2 0 1 9 
248 1 19.6594 22.8728 8.61764 3.96618e-04 -0.00173258 0.00174158 0.0024884212 0.0 13 22.1810775837 2.2417097138 0 0 0 3 6 4 0 0 0 6 
307 1 23.2883 22.9119 26.6076 -5.49931e-04 -1.65807e-04 6.09824e-04 8.377358635e-04 0.0 14 21.4361581786 2.2851657673 0 0 0 1 10 3 0 0 0 6 
387 1 19.7136 23.6947 3.22614 -0.00132486 0.00169384 8.23042e-04 0.0023025521 0.0 14 21.1464968393 2.2054074485 0 0 0 1 10 3 0 0 0 6 
172 1 22.5218 22.6526 2.74131 0.00335149 -0.00114436 -0.00211294 0.0041239011 0.0 14 21.3387839673 2.1500664224 0 0 0 1 10 3 0 0 0 6 
683 1 22.3694 19.6369 5.34151 -8.11907e-04 -5.24211e-04 -0.00312571 0.0032717049 0.0 17 24.9174406728 2.4077102135 0 0 1 3 5 6 2 0 0 7 
505 1 20.1749 19.9729 7.26768 9.65013e-04 0.00175221 0.00282881 0.0034646293 0.0 15 24.7557821325 2.4077102135 0 0 0 4 6 3 2 0 0 7 
928 1 23.7467 20.4793 0.887685 0.00120269 7.60853e-05 0.00199774 0.0023330704 0.0 14 21.6185519573 2.1421745548 0 0 0 1 10 3 0 0 0 6 
400 1 18.811 22.7271 6.03878 0.00123492 -0.0030105 0.00300292 0.0044278286 0.0 16 23.1103464003 2.3321714838 0 0 0 3 7 5 1 0 0 7 
846 1 21.7671 24.9202 1.05639 0.00246768 1.16521e-04 -3.19853e-04 0.0024910495 0.0 13 19.6897556057 2.2164254179 0 0 1 0 9 3 0 0 0 6 
652 1 25.9835 18.4455 0.0363332 -0.00237335 -8.87272e-04 0.00104312 0.0027400987 0.0 14 23.7176158107 2.2917108204 0 0 0 3 6 5 0 0 0 6 
271 1 19.6581 20.5104 3.82086 -1.13746e-04 0.002156 0.00173857 0.0027719848 0.0 14 23.2373309499 2.1500664224 0 0 0 0 12 2 0 0 0 6 
378 2 25.8957 22.6717 2.34441 7.49677e-04 -0.00214552 -0.00315462 0.0038880457 0.0 13 14.7174925811 2.142534136 0 0 0 1 10 2 0 0 0 6 
191 1 18.1318 20.4293 9.63969 2.99304e-05 -8.41656e-04 -0.00504479 0.0051146052 0.0 16 23.3462663496 2.3321714838 0 0 3 1 4 5 3 0 0 7 
746 1 18.1812 25.5936 8.08643 -0.00541813 -0.00396745 -0.0031246 0.0074067481 0.0 16 22.8225378359 2.2832492093 0 0 2 3 3 6 1 1 0 8 
298 1 22.0236 19.057 2.56039 -9.14892e-04 4.3403e-04 5.32677e-04 0.0011441828 0.0 14 21.561440201 2.1500664224 0 0 1 1 7 5 0 0 0 6 
617 1 21.6851 22.2922 5.52033 -0.00566005 0.00297549 -0.00486223 0.0080331182 0.0 15 23.0589742468 2.3256859034 0 0 0 3 6 6 0 0 0 6 
607 2 25.1865 21.9065 6.23016 4.75916e-04 -4.17676e-04 0.001534 0.0016595497 0.0 12 16.5266908272 2.3265861089 0 0 0 2 8 2 0 0 0 6 
413 2 24.6954 18.6788 3.44942 -0.00262428 -0.00163986 1.76567e-04 0.0030995423 0.0 13 17.354482385 2.1735097682 0 0 3 1 3 4 2 0 0 7 
52 1 17.3239 24.9198 3.5508 7.56682e-04 -3.10822e-04 -5.97548e-04 0.0010130358 0.0 15 20.6155584252 2.2624026957 0 0 0 2 8 5 0 0 0 6 
781 1 22.5563 25.1311 4.17648 0.00316423 0.00224736 5.54783e-04 0.0039205564 0.0 14 22.3648028894 2.3579555829 0 0 1 2 7 2 2 0 0 7 
828 1 20.9619 21.5924 0.441262 0.00284569 -0.00197159 2.78077e-04 0.0034731032 0.0 16 22.7313811692 2.1868386174 0 0 0 3 8 3 2 0 0 7 
419 1 21.2631 20.8184 10.019 -0.001605 -0.00251716 -0.00293137 0.0041839036 0.0 14 23.6193580315 2.3612974848 0 0 1 1 8 3 1 0 0 7 
866 2 24.8449 21.1776 4.0359 0.00279963 -4.24507e-04 -5.41945e-04 0.002883026 0.0 12 15.7789889431 2.11933257 0 0 0 2 8 2 0 0 0 6 
691 2 25.0149 24.7953 2.34673 -7.13806e-04 -0.00230553 -9.86446e-04 0.0026073096 0.0 14 18.1105855953 2.1792680591 0 0 0 2 8 4 0 0 0 6 
71 1 19.2071 18.324 1.7035 -0.00313491 -0.0021227 -0.00192018 0.0042450686 0.0 13 20.9855560895 2.2151135655 0 0 1 2 6 3 1 0 0 7 
799 2 25.1554 23.8925 4.57464 0.00272116 -0.00171667 -0.00460814 0.0056201977 0.0 13 14.1947463699 2.1224250875 0 0 0 1 10 2 0 0 0 6 
425 2 24.804 24.4128 6.84446 8.58769e-05 5.09189e-04 -0.00337227 0.0034115764 0.0 13 16.6622412263 2.189106379 0 0 1 1 9 0 2 0 0 7 
437 1 19.1074 24.7 0.580891 -0.00181814 0.00493345 -0.00302283 0.0060648218 0.0 14 20.1189980355 2.2018633798 0 0 0 2 8 4 0 0 0 6 
715 1 18.9826 17.873 4.43635 -0.0057369 0.00207666 0.00166795 0.0063250767 0.0 14 21.1134351443 2.1841522737 0 0 1 1 8 3 1 0 0 7 
636 2 26.7038 24.065 0.374003 0.00303715 0.00293915 0.00475264 0.0063600684 0.0 15 18.2494197321 2.39862854 0 0 1 2 6 5 1 0 0 7 
748 2 25.7022 19.2638 5.77152 -3.42617e-04 0.0042749 6.79435e-04 0.0043420949 0.0 14 15.6521936669 2.1638116951 0 0 2 1 5 5 1 0 0 7 
362 2 25.1008 26.3619 5.52268 -0.00168831 0.00326353 0.0023651 0.0043697502 0.0 15 14.3288559431 2.264491169 0 0 2 3 3 5 1 1 0 8 
390 2 8.3136 5.40059 11.7726 0.00175981 -0.00202111 -4.70807e-04 0.0027209329 0.0 16 17.2004581803 2.1734038086 0 0 2 3 4 4 2 1 0 8 
851 1 6.80411 3.34305 17.5462 -0.00106014 7.68e-04 -0.00162003 0.0020828389 0.0 14 23.0482374108 2.2687272908 0 0 1 1 8 3 1 0 0 7 
813 1 5.95767 6.15111 16.6924 0.00373659 0.00244895 0.00476687 0.0065331853 0.0 16 23.3897795344 2.4472020081 0 0 1 2 8 3 1 1 0 8 
282 1 4.00695 1.71544 12.2202 0.00227521 7.48055e-04 7.29932e-04 0.0025037906 0.0 15 22.3270608059 2.3504974639 0 0 2 1 7 3 1 1 0 8 
534 2 8.00302 6.2778 8.74448 0.00279365 -5.84779e-05 0.0012424 0.0030580153 0.0 14 15.2072906104 2.1831263133 0 0 0 2 8 4 0 0 0 6 
442 2 6.39353 7.01506 10.8816 -0.00310649 0.00203783 0.00272234 0.0046058839 0.0 12 17.6683673539 2.1134792126 0 0 0 3 6 3 0 0 0 6 
780 1 7.85117 9.44036 12.3248 -6.31712e-04 7.23978e-04 0.00519011 0.0052782995 0.0 16 23.0681993132 2.2354426905 0 0 0 3 6 7 0 0 0 6 
303 2 26.9342 0.94401 9.21649 0.00303365 -9.01063e-04 0.00193393 0.0037087777 0.0 13 16.2961168575 2.3050195941 0 0 1 3 4 4 1 0 0 7 
726 2 26.743 3.44129 9.84231 0.00180273 -0.00140304 -0.00380425 0.0044374176 0.0 14 15.360782266 2.307557524 0 0 1 2 7 2 2 0 0 7 
831 1 7.20947 8.15032 18.6989 0.00166731 0.00307257 0.00390142 0.0052384814 0.0 14 21.7632577682 2.2347502696 0 0 0 4 4 6 0 0 0 6 
907 1 5.27389 3.9177 14.9264 3.13766e-05 0.0012822 -6.41693e-04 0.0014341517 0.0 14 21.9497323953 2.2897894872 0 0 0 3 6 5 0 0 0 6 
991 1 6.42255 6.88892 14.0043 3.99204e-04 3.73979e-04 0.00179216 0.0018737827 0.0 16 22.1670399606 2.4472020081 0 0 2 3 3 6 1 1 0 8 
95 1 5.11028 9.20525 13.0061 8.00631e-04 -0.00227191 0.00526112 0.0057863606 0.0 14 22.0110877243 2.3822784681 0 0 0 3 6 5 0 0 0 6 
57 2 2.75534 9.40139 9.04387 -9.35146e-04 -0.00425326 2.06985e-04 0.0043597662 0.0 14 17.2125359125 2.2309858998 0 0 1 4 4 2 3 0 0 7 
762 1 0.814094 6.34358 14.2535 -0.00279427 5.13808e-04 0.0011211 0.0030543099 0.0 17 24.0064332714 2.2963503079 0 0 1 4 4 6 1 1 0 8 
412 2 4.72543 8.58757 10.0183 -0.00245209 0.00138338 7.18938e-04 0.0029057456 0.0 14 17.3141371732 2.2286800261 0 0 0 3 7 3 1 0 0 7 
223 1 8.17801 4.80137 15.3117 -0.00806265 -0.00291851 7.43446e-04 0.0086067844 0.0 16 21.4023612992 2.3031794829 0 0 0 4 6 4 2 0 0 7 
848 2 4.21351 6.41387 10.6764 -0.00325298 -4.47612e-04 -3.5291e-04 0.0033025416 0.0 13 16.4153249165 2.1367485396 0 0 1 2 5 5 0 0 0 6 
359 1 1.9726 8.11151 12.2824 -0.00253976 0.00376976 -0.00133475 0.0047374074 0.0 15 22.9358258209 2.2197001212 0 0 0 3 7 4 1 0 0 7 
294 1 4.05533 1.72062 17.4496 -0.00391003 -0.00347587 0.00199984 0.0056008363 0.0 14 21.2775409024 2.2626973579 0 0 0 4 4 6 0 0 0 6 
838 1 2.86299 9.24861 15.0693 -0.00267191 0.00130238 -0.00218336 0.0036881374 0.0 16 23.3477623243 2.4472020081 0 0 0 4 5 6 1 0 0 7 
681 2 0.18958 8.73763 9.25793 0.00248468 -0.00117687 -6.63044e-05 0.0027501007 0.0 14 14.9080375061 2.1918609613 0 0 3 1 4 3 3 0 0 7 
867 1 8.11726 2.70366 13.4192 -0.00226184 -0.00115537 -5.485e-06 0.0025398484 0.0 15 22.999273299 2.297560973 0 0 0 4 4 7 0 0 0 6 
11 2 2.33578 2.4687 9.84591 0.00439952 6.33952e-04 0.00382919 0.0058668874 0.0 16 17.940697823 2.3504974639 0 0 2 4 2 5 2 1 0 8 
152 1 2.36771 4.68185 16.1886 -2.26484e-04 0.00235014 -0.00291328 0.0037498871 0.0 14 21.7805725885 2.2332036841 0 0 1 3 4 5 1 0 0 7 
229 2 2.12631 7.13269 9.29386 0.00133004 0.00288876 7.05721e-04 0.0032576039 0.0 14 14.3666302694 2.1034864719 0 0 1 1 8 3 1 0 0 7 
88 1 2.52155 4.35283 12.2069 -5.30686e-04 -1.07842e-04 2.33729e-04 5.8981927147e-04 0.0 16 22.727668249 2.2599147098 0 0 2 2 6 3 2 1 0 8 
410 1 6.12003 1.32125 15.4877 -0.00188652 2.63824e-04 7.0983e-04 0.0020328353 0.0 14 21.3942820655 2.2897894872 0 0 0 3 6 5 0 0 0 6 
122 1 3.72347 6.35603 14.2443 9.59032e-04 0.00194792 0.0011498 0.0024568628 0.0 13 22.3074812233 2.4365036864 0 0 1 2 6 3 1 0 0 7 
684 1 3.35846 7.21586 17.617 0.00101279 -0.00192716 -1.47947e-04 0.0021821039 0.0 14 21.3704834032 2.3689966646 0 0 1 2 7 2 2 0 0 7 
855 1 2.6798 2.18691 14.7842 9.88183e-04 0.00389521 -0.00254794 0.0047582733 0.0 13 22.5381272463 2.3116929301 0 0 0 4 4 5 0 0 0 6 
779 1 5.58011 4.15406 12.0821 7.54975e-04 0.00191324 0.00270322 0.0033967445 0.0 15 22.3147237018 2.3504197914 0 0 1 5 2 5 1 1 0 8 
254 2 3.31138 4.87197 9.02117 1.192e-05 8.01964e-04 4.70493e-04 9.2986666073e-04 0.0 15 15.4297953817 2.2830394607 0 0 2 2 6 2 2 1 0 8 
673 1 9.56289 2.62085 16.3929 -9.72155e-04 -0.00235203 1.3908e-04 0.0025488181 0.0 17 21.4231607973 2.3210904159 0 0 1 3 6 4 3 0 0 7 
196 2 8.89509 1.27358 10.6014 -7.54194e-04 3.04825e-05 -0.00174379 0.0019001425 0.0 14 15.0500401892 2.1987282896 0 0 1 3 5 4 0 1 0 8 
90 2 12.6325 0.936767 13.8451 5.03834e-04 8.24343e-04 -0.00211921 0.002329043 0.0 13 17.1496605835 2.3210904159 0 0 0 1 10 2 0 0 0 6 
199 2 10.8027 8.58421 12.7087 -0.00144967 -1.23889e-04 -0.00120397 0.0018885008 0.0 15 17.0220607746 2.3155719495 0 0 2 2 4 5 2 0 0 7 
650 2 15.2309 6.56606 13.642 0.00241837 -0.00457453 0.00337713 0.0061789842 0.0 14 13.3583974876 2.0009520128 0 0 3 2 4 1 3 1 0 8 
100 2 16.829 4.54072 10.8134 -0.00231114 -0.00212789 -0.00323681 0.0045106788 0.0 14 14.7116807017 1.9753070739 0 0 1 2 6 4 1 0 0 7 
905 2 14.2965 5.587 10.6206 -0.00497601 -4.1108e-04 -0.00152784 0.00522149 0.0 15 13.8320546883 1.9081545012 0 0 1 1 9 2 2 0 0 7 
502 2 12.4913 3.31331 16.9812 -8.10322e-04 -0.00103663 -0.00208744 0.0024675148 0.0 13 14.1258175275 2.2398672469 0 0 1 2 5 5 0 0 0 6 
584 2 13.699 1.55871 15.7692 -0.00280786 5.26278e-04 -0.00218907 0.0035990379 0.0 13 14.7985249397 2.2634588265 0 0 1 2 6 3 1 0 0 7 
381 2 11.0818 5.28722 15.7601 -0.00297904 -0.0036405 -5.04976e-04 0.0047310591 0.0 13 16.4465524178 2.0483038301 0 0 0 1 10 2 0 0 0 6 
488 2 12.5836 7.54098 9.65817 -0.00165173 0.0016962 6.10042e-04 0.002444884 0.0 15 12.4636788244 1.8979458456 0 0 4 2 3 1 3 2 0 8 
99 2 15.0575 3.3607 15.1785 -1.79736e-06 0.0010279 -0.00210662 0.0023440199 0.0 14 11.6230390401 1.9759807202 0 0 1 2 6 4 1 0 0 7 
970 2 10.8971 9.5115 10.0243 0.00271516 -1.27774e-04 6.95598e-04 0.0028057578 0.0 16 17.8950679263 2.3130048457 0 0 5 2 1 2 4 2 0 8 
323 2 15.5848 11.1637 10.7888 -0.00354519 -0.0010644 -0.00487354 0.0061198621 0.0 14 15.1884791489 2.2005683718 0 0 2 3 3 4 1 1 0 8 
659 2 9.89836 7.88427 15.0395 -6.1017e-04 -0.00258034 0.00307162 0.0040577471 0.0 13 18.1564406973 2.3199361832 0 0 1 3 4 4 1 0 0 7 
171 2 14.7874 7.65257 17.0254 0.00145838 0.00113552 2.63254e-04 0.001866971 0.0 15 14.0015046047 2.0783594011 0 0 0 5 4 4 2 0 0 7 
83 2 17.8835 4.44662 14.6853 -9.11377e-04 -0.00105414 3.07089e-04 0.0014269278 0.0 15 12.8783682995 1.9744558207 0 0 3 2 3 4 2 1 0 8 
972 2 16.3986 7.06504 11.1697 -0.00193048 -0.00212635 -0.00133443 0.0031668313 0.0 12 12.3047057602 1.8426137607 0 0 0 3 6 3 0 0 0 6 
528 2 16.8654 3.48191 16.8282 -0.00269785 -0.00274117 -0.0014679 0.0041166902 0.0 14 13.5378953258 2.2080548429 0 0 1 1 7 5 0 0 0 6 
753 2 13.6865 8.00581 11.7796 -0.00101122 0.00232219 0.00249068 0.0035522696 0.0 17 14.4163142034 1.9787778821 0 0 3 2 6 1 3 2 0 8 
949 2 14.7487 4.68288 17.1025 0.00169675 0.0028996 -0.00506466 0.0060776164 0.0 14 12.4716860084 1.8937010888 0 0 3 1 3 6 0 1 0 8 
696 2 17.4452 6.42231 13.0227 -0.00445728 -1.883e-04 0.00137324 0.004667825 0.0 14 13.3548091934 1.9753070739 0 0 2 2 5 3 1 1 0 8 
250 2 12.7095 6.80375 13.5908 0.00194856 0.00129717 0.00105978 0.0025695661 0.0 15 14.190769175 1.9082431528 0 0 1 3 6 2 3 0 0 7 
888 2 16.1464 1.41718 15.8576 7.63402e-05 -0.00147995 -0.00348389 0.0037859701 0.0 13 16.1370479091 2.0994144114 0 0 0 1 10 2 0 0 0 6 
969 2 16.6685 5.94387 8.67239 -3.98906e-04 0.00180367 -0.00165629 0.0024810578 0.0 15 14.284870737 1.9988567184 0 0 2 2 5 3 3 0 0 7 
115 2 14.8293 3.06033 11.2038 -5.32239e-04 0.00166886 0.00237999 0.0029551183 0.0 14 13.7367201438 1.9803475013 0 0 0 2 8 4 0 0 0 6 
401 2 12.8745 3.46659 14.6149 -8.50438e-04 -0.00173047 0.00346137 0.0039621779 0.0 14 14.3807843067 2.2950604565 0 0 1 3 4 5 1 0 0 7 
986 2 13.025 4.58563 12.4692 0.00143473 -0.00200158 -1.70695e-04 0.0024685845 0.0 14 12.2775562373 2.0024444534 0 0 1 4 3 4 2 0 0 7 
195 2 13.6705 6.38433 15.5411 0.00168012 0.00125786 0.00171635 0.0027112492 0.0 16 13.6258208545 2.0024444534 0 0 0 5 4 5 2 0 0 7 
582 2 16.3301 5.84696 15.8477 -0.00155605 -0.00547714 0.00211898 0.0060753955 0.0 15 13.7595851482 2.0046260683 0 0 2 3 3 5 1 1 0 8 
819 2 15.5836 4.22799 13.1078 0.00106568 -5.88914e-04 3.18395e-04 0.0012585185 0.0 15 13.6675587003 2.0024444534 0 0 1 4 4 4 1 1 0 8 
668 2 11.6557 6.12994 11.3174 0.00398904 0.00452921 2.15111e-04 0.006039243 0.0 17 13.4863987552 1.9158178814 0 0 2 3 4 5 2 1 0 8 
334 2 9.64361 7.17023 10.5981 2.77596e-04 1.15967e-04 0.0021865 0.0022070999 0.0 12 14.1600413547 2.055090302 0 0 1 2 5 4 0 0 0 6 
625 2 9.78218 6.4723 12.8874 8.07006e-04 8.52032e-04 0.00177596 0.0021286736 0.0 13 14.7474081984 2.1308179175 0 0 2 2 5 2 1 1 0 8 
146 2 12.6155 2.39503 12.1304 -7.12377e-04 -9.24725e-04 -0.00268942 0.0029318215 0.0 11 11.8383786492 2.1977292083 0 0 0 2 8 1 0 0 0 6 
391 2 16.9437 2.26782 13.6335 0.00186756 0.00149699 0.00161283 0.0028861705 0.0 14 13.9391662073 2.0205257884 0 0 0 2 8 4 0 0 0 6 
451 2 16.0814 6.50147 18.5853 -0.00295611 -0.0034795 0.00276073 0.0053354603 0.0 15 12.7043464941 1.8937010888 0 0 2 3 5 1 3 1 0 8 
22 2 11.8369 8.69757 15.9859 0.00174807 0.00162483 -0.0020441 0.0031423186 0.0 15 17.9113717266 2.1936963379 0 0 0 3 6 6 0 0 0 6 
884 2 14.7705 1.56165 13.5071 0.00113847 0.00199523 7.7762e-04 0.0024252319 0.0 14 14.1946835624 2.2007490628 0 0 0 2 8 4 0 0 0 6 
2 2 10.723 4.22429 13.3758 -9.02616e-04 -0.00241835 -0.00590642 0.0064458459 0.0 15 16.7172200893 2.3210904159 0 0 0 3 7 4 1 0 0 7 
482 2 15.4324 3.4048 8.60857 -0.00104096 -0.00138312 -0.00262752 0.0031465028 0.0 16 15.3745173452 1.9803475013 0 0 0 4 5 6 1 0 0 7 
964 2 17.9905 7.68401 14.926 9.46961e-04 4.08782e-04 -9.62748e-04 0.0014109293 0.0 18 15.627673465 2.0783594011 0 0 4 1 6 3 1 2 1 9 
998 2 14.5818 2.28725 17.7965 -0.0025588 0.00125644 0.00127929 0.0031245291 0.0 15 13.8310271319 2.2068734401 0 0 0 3 7 4 1 0 0 7 
728 2 13.2832 26.5593 11.5918 4.50738e-04 0.00235725 -2.55775e-04 0.0024135478 0.0 15 17.6763789421 2.4599979805 0 0 1 2 7 3 2 0 0 7 
264 2 10.9221 0.404774 11.8387 7.92261e-04 -0.00455867 -0.00184523 0.0049813676 0.0 15 18.7413630359 2.4793903499 0 0 1 2 8 2 1 1 0 8 
731 1 11.0828 0.261488 17.1731 0.00349108 -0.00445369 0.00468815 0.0073485879 0.0 15 22.2752630645 2.3117777346 0 0 1 5 2 4 3 0 0 7 
7 1 9.37124 0.336735 14.7315 0.00200442 -0.00159086 -0.00262953 0.0036691911 0.0 15 24.1312552815 2.3210904159 0 0 1 2 6 5 1 0 0 7 
484 2 18.0568 2.16045 10.9318 0.00437811 0.00147023 0.00285109 0.0054275351 0.0 12 15.260942 2.2709994313 0 0 1 3 5 1 2 0 0 7 
422 2 10.404 3.19808 11.318 0.002151 0.00283349 -0.00284835 0.004557254 0.0 14 14.4284329319 2.2454822026 0 0 1 1 8 3 1 0 0 7 
984 2 12.2507 1.50839 9.98277 0.00413227 0.00126913 2.53174e-05 0.0043228448 0.0 13 12.42564884 1.9387211104 0 0 0 3 6 4 0 0 0 6 
891 2 18.4475 6.95699 17.1308 -5.96201e-04 0.00129344 7.11507e-04 0.0015920694 0.0 15 13.2366941645 2.0269173833 0 0 4 1 3 5 0 1 1 9 
441 1 25.5086 1.01987 17.126 2.87168e-04 0.00288647 -0.0021954 0.0036378504 0.0 12 22.524343717 2.3003066763 0 0 2 2 3 4 1 0 0 7 
351 2 24.6847 4.61267 10.0207 0.00309321 -0.00262007 -6.64837e-04 0.0041078855 0.0 12 13.1049497891 1.9927233778 0 0 0 2 8 2 0 0 0 6 
306 2 18.9455 4.78477 16.7415 -0.00106294 -0.00177635 2.09088e-05 0.0020701927 0.0 14 13.831391129 2.0743783328 0 0 4 2 2 2 2 2 0 8 
348 1 21.7425 0.504201 15.9804 0.00303742 0.00492738 -0.00284418 0.0064493685 0.0 17 23.8462462816 2.3437577908 0 0 2 3 4 6 0 2 0 8 
599 1 23.5113 3.10565 17.0005 0.00170472 -0.00137502 5.76785e-04 0.0022648248 0.0 16 24.3983509136 2.3314104962 0 0 1 2 6 6 1 0 0 7 
876 2 18.4825 2.26026 15.4321 -2.47244e-04 -5.75944e-04 0.00171906 0.0018297564 0.0 13 14.905705433 2.0904752112 0 0 1 4 2 5 1 0 0 7 
416 2 20.2925 1.97341 10.2776 1.48164e-04 0.00111246 -0.00201717 0.0023083532 0.0 14 16.5335810472 2.3548266805 0 0 0 4 4 6 0 0 0 6 
606 2 24.0541 4.02002 12.2769 -0.00396646 2.10633e-04 7.708e-04 0.0040461468 0.0 15 17.4498490376 2.2761961637 0 0 0 2 8 5 0 0 0 6 
89 2 22.148 5.11788 15.4153 -0.00107647 -0.00217347 0.0013561 0.0027788067 0.0 13 13.8256766767 2.2551342367 0 0 2 1 5 4 1 0 0 7 
87 2 22.4176 3.60166 10.3355 -3.34276e-04 2.70543e-05 -0.00241842 0.0024415625 0.0 14 14.7730426822 2.157603628 0 0 0 2 8 4 0 0 0 6 
649 2 22.372 8.40415 12.5361 8.96862e-05 -0.00335343 -0.00185332 0.0038325359 0.0 15 14.4801047596 1.9551291816 0 0 1 5 2 5 1 1 0 8 
875 1 22.3809 0.288466 11.8465 -2.81178e-04 0.00179312 -3.15548e-04 0.001842257 0.0 15 24.3822424956 2.3437577908 0 0 0 2 8 5 0 0 0 6 
651 1 25.4459 0.493305 11.9717 0.00380089 -0.00293127 0.00259887 0.0054583179 0.0 13 22.9168825844 2.3898318859 0 0 1 0 9 3 0 0 0 6 
922 1 0.0960757 3.12521 13.1856 4.86321e-04 0.00182151 0.00335773 0.0038508126 0.0 15 23.7726181397 2.307557524 0 0 0 3 7 4 1 0 0 7 
977 2 25.7632 8.02845 11.3753 -3.43269e-04 0.0023097 0.00126126 0.0026539262 0.0 14 15.2939883159 2.2210629811 0 0 3 1 4 3 3 0 0 7 
498 2 17.6323 8.38341 9.56287 0.00357409 -0.00151657 -2.42525e-04 0.0038901057 0.0 16 14.0573597139 1.9988567184 0 0 0 3 7 5 1 0 0 7 
736 2 20.0034 5.58374 14.4319 0.00451937 0.00299611 0.00206005 0.0058004471 0.0 14 12.6364589046 1.8605467223 0 0 3 2 2 4 3 0 0 7 
643 2 21.0182 5.58886 10.9967 2.07008e-04 -0.00438127 0.00100318 0.0044994165 0.0 15 13.8623559756 1.8760644616 0 0 2 4 2 3 4 0 0 7 
812 2 18.6208 6.18392 10.6159 -0.00225142 -7.32975e-04 0.0012395 0.0026725465 0.0 13 13.4294116752 1.9804689983 0 0 1 0 9 3 0 0 0 6 
68 1 24.0519 1.53939 14.3873 0.00485779 -0.0025719 0.00367408 0.0066114792 0.0 16 23.3704380004 2.3068254756 0 0 3 0 7 3 2 1 0 8 
682 2 20.5155 8.0847 10.1154 -6.5264e-04 0.00109283 -0.00218583 0.0025294405 0.0 16 14.9311937497 1.8760644616 0 0 4 1 4 3 3 0 1 9 
577 2 19.7458 7.25952 12.9983 0.00283368 -6.02687e-04 0.00453886 0.0053846285 0.0 14 13.3825775875 1.9194242091 0 0 0 3 6 5 0 0 0 6 
330 2 20.4468 3.32827 14.9041 0.00178317 0.00293903 0.0031014 0.0046299325 0.0 13 15.8375487771 2.2586516386 0 0 1 3 4 4 1 0 0 7 
317 2 19.2985 1.5081 13.1309 3.58449e-04 0.00516719 4.75459e-04 0.0052013844 0.0 15 19.7208758081 2.3475510573 0 0 1 4 3 5 2 0 0 7 
646 2 21.3112 5.3527 17.662 -0.00116598 -0.00149104 -0.0021733 0.0028820032 0.0 16 17.7536301749 2.2581339529 0 0 3 4 1 5 1 1 1 9 
758 2 18.5491 8.86846 11.8934 -0.00311644 -0.0020527 0.00298217 0.0047769356 0.0 14 13.6346426864 1.8941055541 0 0 2 2 4 4 2 0 0 7 
658 2 22.9349 7.59306 15.0376 8.06504e-04 0.00475696 1.44547e-04 0.0048270085 0.0 14 12.9078296001 1.9194242091 0 0 0 4 4 6 0 0 0 6 
795 2 25.254 6.88704 9.37171 0.00233027 -0.00287641 0.00139062 0.0039544553 0.0 15 13.5900186788 1.9656941213 0 0 0 5 3 6 1 0 0 7 
305 2 21.8661 3.51412 13.0869 -4.4029e-04 -8.89066e-04 0.00203629 0.0022651204 0.0 15 17.0867367848 2.3437577908 0 0 1 5 2 4 3 0 0 7 
783 2 20.6436 7.37431 16.0705 -0.00236833 0.00159723 -2.22985e-04 0.0028652841 0.0 15 13.2881820516 2.0837927861 0 0 2 3 2 6 2 0 0 7 
364 2 0.165418 5.74504 11.0598 -0.00221575 -9.73211e-05 -0.00254925 0.003379008 0.0 17 19.0206904013 2.2963503079 0 0 2 2 5 6 1 1 0 8 
329 2 19.3239 3.86355 12.2549 -0.00217009 0.00279422 0.00176543 0.0039539473 0.0 18 15.4976106045 1.9753070739 0 0 2 3 5 3 5 0 0 7 
325 1 26.3403 3.78656 16.1289 4.09683e-04 -2.00101e-04 3.34077e-05 4.5716150878e-04 0.0 15 23.1023636478 2.3116929301 0 0 0 2 8 5 0 0 0 6 
434 2 22.1549 5.98979 13.2404 -3.08521e-04 -6.6853e-04 -1.1564e-04 7.4531213457e-04 0.0 13 12.8163931548 1.9194242091 0 0 1 2 6 3 1 0 0 7 
675 1 0.624591 8.01428 16.9291 -0.00262647 -0.0020296 6.96934e-04 0.0033916571 0.0 16 23.3965075166 2.4211221941 0 0 2 4 3 4 1 2 0 8 
227 2 23.6396 6.69342 11.2322 0.00105073 0.00464599 2.52359e-04 0.0047700044 0.0 15 13.7239356264 2.0247575646 0 0 2 3 5 1 3 1 0 8 
752 2 24.7739 7.23358 13.3276 0.0030208 0.00404788 7.96764e-05 0.0050514269 0.0 13 15.5669341873 2.2919803965 0 0 2 2 4 3 2 0 0 7 
443 2 24.1274 4.80573 14.4024 0.00274316 0.00214079 0.00228775 0.0041643377 0.0 13 16.3594485207 2.2963503079 0 0 0 4 4 5 0 0 0 6 
527 2 24.9581 6.65355 16.0449 -6.82651e-04 0.00595394 -0.00354632 0.0069636053 0.0 14 19.6961042107 2.283513274 0 0 0 3 7 3 1 0 0 7 
318 2 19.5586 4.0593 9.72421 0.0030318 -0.00396909 0.0020555 0.0054009783 0.0 14 12.0566575052 1.8832333768 0 0 1 3 5 4 0 1 0 8 
872 2 24.4937 2.32194 9.57224 0.00244402 -4.20766e-04 -0.00152227 0.0029099113 0.0 15 16.3486218593 2.1975646064 0 0 0 3 6 6 0 0 0 6 
546 2 22.6125 5.63928 9.07395 -1.03758e-04 -0.00279253 0.00297265 0.0040799066 0.0 14 12.7174409478 1.8363539108 0 0 1 3 5 3 2 0 0 7 
801 1 7.48834 12.0538 16.6273 -0.00156849 0.00291326 -8.0871e-05 0.0033096503 0.0 13 19.6490173042 2.1414919439 0 0 0 1 10 2 0 0 0 6 
832 1 2.27932 12.4025 14.6127 0.00240695 0.00126405 -0.00204918 0.0034044632 0.0 14 22.260372863 2.1974247699 0 0 0 2 8 4 0 0 0 6 
205 2 26.7299 11.4031 10.6364 0.00306777 -1.14155e-04 0.00114204 0.0032754388 0.0 16 17.0473753039 2.1918609613 0 0 1 4 5 3 2 1 0 8 
8 1 2.69477 11.034 11.8956 -3.61516e-04 9.54569e-04 -0.00412834 0.0042526565 0.0 16 22.7048879955 2.1967617542 0 0 2 3 4 4 2 1 0 8 
174 1 3.67349 16.0334 10.0661 -3.56029e-04 -0.00389462 0.00180179 0.0043059574 0.0 15 22.5741242199 2.3343091343 0 0 0 4 4 7 0 0 0 6 
667 1 8.09567 18.8186 17.8349 -0.00174336 -0.00280281 9.93999e-04 0.0034471846 0.0 15 24.0643013326 2.2079690401 0 0 0 2 8 5 0 0 0 6 
404 1 25.8141 16.3515 12.6082 0.00129031 0.00184326 -4.79677e-04 0.0023005646 0.0 15 24.359639263 2.3162021248 0 0 1 2 7 4 0 1 0 8 
614 1 7.94797 9.70847 9.5188 0.00156719 -0.00123845 2.93273e-04 0.0020188739 0.0 16 22.3796747916 2.2378848683 0 0 1 3 6 4 1 1 0 8 
910 1 7.24205 9.43045 15.3098 0.00205598 -0.00112346 -1.36945e-04 0.0023469065 0.0 14 22.637893696 2.4191259562 0 0 0 3 7 3 1 0 0 7 
869 1 7.96229 17.3954 9.4812 0.002127 -5.02398e-04 0.00392923 0.0044961518 0.0 12 21.679833028 2.2795094792 0 0 0 4 4 4 0 0 0 6 
967 1 4.94689 11.2449 14.9081 -0.00144734 -8.21499e-04 -9.10877e-05 0.0016667185 0.0 12 19.6864532054 2.2148746532 0 0 0 2 8 2 0 0 0 6 
587 1 26.7564 11.2143 16.6853 -0.00255795 0.00171552 -9.28563e-04 0.0032168846 0.0 15 23.6194797948 2.2131086873 0 0 0 2 8 5 0 0 0 6 
709 1 2.63302 17.785 17.1143 0.00368083 4.23862e-04 5.82406e-04 0.0037506486 0.0 12 22.1316359397 2.3500360171 0 0 1 4 2 4 1 0 0 7 
238 1 5.03081 14.1908 8.06744 -0.00382183 0.00512668 -9.72662e-04 0.0064680216 0.0 13 22.8531336561 2.2735027006 0 0 0 3 6 4 0 0 0 6 
20 1 1.72656 14.5904 12.3797 -0.00190422 0.00410332 -0.00151815 0.0047715897 0.0 15 23.143906861 2.2278720273 0 0 0 3 6 6 0 0 0 6 
817 1 7.15317 12.3804 13.9557 -1.88519e-04 -0.00267105 -0.00374753 0.0046058689 0.0 15 21.8641776425 2.3044647666 0 0 0 3 7 4 1 0 0 7 
580 1 5.20435 9.58647 17.469 6.97403e-04 -0.00174897 0.0025268 0.0031511879 0.0 14 20.9057508138 2.4472020081 0 0 2 1 5 5 1 0 0 7 
352 1 7.16035 15.3009 13.7381 -0.00139664 0.00239709 0.00266168 0.0038446306 0.0 12 20.1755318471 2.2532397886 0 0 1 1 7 3 0 0 0 6 
509 1 8.70913 12.0801 11.0558 9.41351e-04 0.00157254 -0.00154842 0.0023992974 0.0 15 23.9865726813 2.3155719495 0 0 2 0 7 5 1 0 0 7 
136 2 26.3489 13.6225 9.39742 -0.00205101 -0.00350344 -0.00513437 0.0065454174 0.0 14 14.9108018867 2.2278720273 0 0 1 3 4 5 1 0 0 7 
773 1 8.12801 15.6 16.5195 -0.00324198 0.00119944 0.00219387 0.0040941612 0.0 14 21.2303268183 2.1688968541 0 0 0 2 8 4 0 0 0 6 
974 1 0.33905 10.3954 13.4962 -0.00191451 -8.48946e-04 -0.00479446 0.0052319121 0.0 15 22.3865423142 2.2962256581 0 0 1 2 6 5 1 0 0 7 
226 1 2.6085 15.2152 15.3783 1.83563e-04 0.00176647 -0.00138973 0.0022550967 0.0 14 21.3646822699 2.121283169 0 0 0 2 8 4 0 0 0 6 
550 2 5.41573 11.2802 10.5151 -4.80859e-04 -0.00127777 -0.00253832 0.0028821849 0.0 15 24.4000336999 2.2309858998 0 0 0 4 5 5 1 0 0 7 
633 2 0.809797 15.6264 9.07855 0.0014333 0.00117819 2.27274e-04 0.0018692603 0.0 12 18.7652478242 2.2385535334 0 0 0 3 6 3 0 0 0 6 
80 1 4.26677 16.2121 13.1922 -0.00157099 9.96694e-04 0.00623155 0.0065033548 0.0 13 22.1931292125 2.2736909456 0 0 1 4 2 5 1 0 0 7 
114 1 5.57351 17.0284 15.9676 0.00281257 0.00116399 -9.64424e-04 0.003193045 0.0 14 22.1835778139 2.2079690401 0 0 0 3 6 5 0 0 0 6 
296 1 5.31444 17.5461 8.4997 -0.00390626 0.00221827 -0.00175629 0.0048232918 0.0 14 24.3656692848 2.3149816931 0 0 0 2 9 2 1 0 0 7 
350 1 4.81315 13.316 12.7003 0.00199802 -0.00189152 0.00138053 0.0030782779 0.0 15 21.5101595798 2.2146957149 0 0 1 4 3 5 2 0 0 7 
431 1 6.40697 14.7281 10.8321 -8.91196e-04 -0.00122775 -0.00301507 0.0033752404 0.0 16 24.2201875329 2.2264487312 0 0 0 3 7 5 1 0 0 7 
698 1 2.99977 13.404 10.302 7.51794e-05 9.20388e-04 -0.00213327 0.002324566 0.0 14 21.670276372 2.2309858998 0 0 0 4 4 6 0 0 0 6 
405 1 5.40698 14.107 15.7792 -6.46617e-04 0.00146349 0.00468975 0.0049551662 0.0 14 20.4639883937 2.161875338 0 0 0 3 6 5 0 0 0 6 
310 1 8.87487 17.5442 14.3362 -7.20225e-04 -0.00431019 0.00227337 0.0049259185 0.0 14 22.9319927264 2.2532397886 0 0 0 2 8 4 0 0 0 6 
983 1 9.21065 14.9201 11.8347 -0.00157488 0.00247867 -0.00326922 0.0043945252 0.0 14 22.1826165063 2.3044647666 0 0 0 4 4 6 0 0 0 6 
727 1 13.6791 17.0643 15.6039 -8.20276e-04 -4.25068e-04 3.71597e-04 9.9580111027e-04 0.0 13 23.4681925632 2.2898583682 0 0 0 3 7 2 1 0 0 7 
321 2 12.6097 10.2486 11.6439 0.0012255 0.001135 0.0018002 0.0024557678 0.0 16 16.3058496577 2.3155719495 0 0 3 4 2 3 2 1 1 9 
804 1 11.6022 15.0334 13.8457 5.55133e-04 4.92533e-04 -0.00214912 0.0022736486 0.0 15 23.9199451742 2.2532397886 0 0 1 0 10 3 1 0 0 7 
398 2 17.9713 10.7837 10.1412 -0.00194453 0.00162899 -1.23248e-04 0.0025396841 0.0 15 14.028903463 2.1294522247 0 0 1 4 5 1 4 0 0 7 
78 1 13.6746 17.3894 12.2516 5.63433e-04 0.00195434 0.00353674 0.0040798813 0.0 15 23.7024736513 2.2174231108 0 0 0 4 4 7 0 0 0 6 
176 2 13.0005 9.44543 14.0389 -0.00109082 0.0011364 -4.51371e-04 0.0016386058 0.0 11 15.0618029711 2.1649521888 0 0 0 2 8 1 0 0 0 6 
860 2 14.4538 9.91311 16.2894 -0.00427612 -4.31198e-04 -0.00128983 0.0044871812 0.0 14 17.2376332408 2.2968543306 0 0 0 4 5 4 1 0 0 7 
834 1 16.2711 17.4193 14.0985 0.00344995 -0.00212399 0.00292984 0.0049997451 0.0 13 23.4959140664 2.2609227113 0 0 1 3 4 4 1 0 0 7 
180 2 15.3039 8.73184 14.3699 -0.00214098 -0.00277223 -0.00569216 0.0066835425 0.0 15 14.5393343587 2.0783594011 0 0 1 3 6 2 3 0 0 7 
677 1 9.9473 11.3178 14.3189 4.51324e-04 0.00177969 -0.00401521 0.0044150766 0.0 16 24.2429694207 2.3126232321 0 0 0 5 4 5 2 0 0 7 
960 2 15.8006 11.3015 15.1314 -5.58239e-04 2.55243e-04 -4.01741e-04 7.3360452647e-04 0.0 11 15.0041796652 2.1214531483 0 0 0 2 8 1 0 0 0 6 
438 2 16.7444 12.3382 12.8942 0.0024923 -0.0033585 0.00354711 0.0054838919 0.0 13 13.7405370041 2.1065252471 0 0 1 0 9 3 0 0 0 6 
950 1 15.1318 12.9079 17.5605 0.00207018 -0.00136849 -0.00268872 0.0036589104 0.0 17 25.8288698109 2.3079078799 0 0 0 3 8 5 0 1 0 8 
512 1 12.6238 12.5529 15.0154 -0.0056713 0.00204618 -1.4974e-04 0.0060309965 0.0 15 22.0444280292 2.1936963379 0 0 0 4 5 5 1 0 0 7 
131 1 12.5502 14.5151 17.3561 9.87763e-04 -2.45019e-04 -0.00330351 0.0034567164 0.0 15 22.7024342605 2.2511181843 0 0 1 1 9 2 2 0 0 7 
465 2 14.4505 11.007 13.0865 0.00120398 -5.63919e-04 -0.00196901 0.002375831 0.0 13 15.3590461029 2.055994113 0 0 1 4 3 3 2 0 0 7 
858 1 9.95453 13.8353 15.6376 -0.00385622 8.30777e-04 0.00260924 0.004729562 0.0 15 22.1026804519 2.3044647666 0 0 0 3 8 2 2 0 0 7 
59 1 11.8888 11.7848 17.7594 0.00326633 -0.00231785 0.00216526 0.0045529871 0.0 14 23.0352328712 2.2215610098 0 0 1 3 4 5 1 0 0 7 
721 1 15.514 15.771 17.2911 -0.004095 0.00389231 -0.00214682 0.0060438347 0.0 13 21.6859068762 2.3265732358 0 0 1 2 6 3 1 0 0 7 
841 1 14.7814 14.6007 14.6312 0.00361271 0.00100587 7.63903e-04 0.0038271394 0.0 16 23.586175002 2.2094526103 0 0 0 2 9 4 1 0 0 7 
742 2 16.2536 9.36958 12.2808 -0.00345757 -0.00328597 0.00290739 0.0055861709 0.0 17 14.8483764313 1.9803968579 0 0 2 3 5 4 1 2 0 8 
382 1 14.0395 13.8678 11.8734 -0.00392381 -8.61404e-04 -0.00172012 0.0043700246 0.0 15 22.9271062387 2.1993380302 0 0 1 2 6 5 1 0 0 7 
55 1 14.434 15.5096 8.87803 -0.00169618 -0.00119318 -4.11067e-05 0.0020742215 0.0 15 22.4052285595 2.3941345715 0 0 0 1 10 4 0 0 0 6 
356 2 17.131 12.902 10.6682 6.8276e-04 0.00188152 -0.00286247 0.0034928517 0.0 16 17.8503415963 2.2580910387 0 0 1 3 5 5 2 0 0 7 
535 1 11.3052 12.8345 12.1077 6.19344e-04 -9.73566e-04 -3.47265e-04 0.0012049941 0.0 15 22.1987138085 2.3155719495 0 0 3 3 1 6 1 0 1 9 
380 1 10.5095 16.7516 16.6335 0.00307315 -0.00216569 0.00178852 0.0041633241 0.0 15 23.9186438308 2.18641365 0 0 1 3 5 4 2 0 0 7 
926 1 11.9736 15.3558 10.0492 -5.74457e-04 -3.74231e-05 0.00155423 0.0016574173 0.0 14 21.8320925662 2.2378207329 0 0 0 4 4 6 0 0 0 6 
204 1 10.5137 17.4195 11.618 -0.00160145 -1.71174e-04 0.0024999 0.0029737926 0.0 13 22.7591295874 2.2548817426 0 0 0 4 4 5 0 0 0 6 
533 1 9.41975 10.2907 17.327 0.00258111 -0.00509703 0.00154132 0.0059175595 0.0 15 22.4093331187 2.1603671474 0 0 0 4 4 7 0 0 0 6 
128 1 13.4899 12.6992 9.35009 -0.00102105 0.00134364 -0.00193286 0.0025659032 0.0 13 20.9723379865 2.2232088199 0 0 0 3 6 4 0 0 0 6 
366 1 9.5034 15.1526 8.9468 -0.00129931 -9.08859e-04 0.0035326 0.0038721433 0.0 15 22.5517705117 2.2795094792 0 0 0 3 6 6 0 0 0 6 
181 1 16.3147 15.9369 11.0017 0.0028994 -0.00257653 3.4204e-04 0.0038938437 0.0 15 24.327249011 2.2663506114 0 0 1 2 6 5 1 0 0 7 
590 2 13.5187 9.74323 9.51494 9.68049e-04 -0.00223656 -0.00103372 0.0026472432 0.0 13 14.6935644433 2.1619520446 0 0 1 1 7 4 0 0 0 6 
151 2 17.6488 10.163 16.1675 -1.88853e-04 0.00267721 0.00153972 0.0030941649 0.0 15 16.416960046 2.2968543306 0 0 2 1 8 1 2 1 0 8 
103 2 20.4068 9.24289 14.1546 0.00205095 -0.00210073 -0.00141789 0.0032603488 0.0 14 13.8272009456 2.203791223 0 0 1 3 5 3 2 0 0 7 
624 1 23.8467 18.1712 11.1133 0.00130968 0.00137397 -0.00242566 0.0030800782 0.0 13 23.0997208222 2.3688910603 0 0 1 1 9 0 2 0 0 7 
193 2 21.9173 9.6865 16.2264 0.00101494 0.00154094 -4.35223e-04 0.0018957896 0.0 14 12.9551442185 2.0270848281 0 0 0 4 4 6 0 0 0 6 
263 1 19.1445 17.1069 13.6313 0.00253896 -0.00322236 0.00260327 0.004858697 0.0 15 21.9145181057 2.2663506114 0 0 0 2 8 5 0 0 0 6 
331 2 17.6989 14.2978 13.5546 4.90851e-04 0.00247659 -0.0033654 0.0042071784 0.0 13 17.7027763461 2.190958 0 0 2 2 3 5 1 0 0 7 
821 1 21.2173 16.2776 15.1092 0.00252707 -0.00114825 -0.00394237 0.0048214979 0.0 15 20.9661793899 2.3210313111 0 0 0 2 8 5 0 0 0 6 
705 1 24.2168 15.9382 15.0984 1.2473e-04 0.00175514 0.00322914 0.0036774202 0.0 14 23.7278068808 2.3472591911 0 0 0 4 5 4 1 0 0 7 
439 1 0.322226 17.0132 15.0582 0.00104189 4.93062e-04 -0.0033487 0.0035415303 0.0 15 22.3579465292 2.2959987214 0 0 1 4 3 5 2 0 0 7 
69 2 18.292 10.3713 13.7923 -0.00110737 0.00167805 7.57709e-04 0.0021485444 0.0 14 13.9804952935 2.1890305302 0 0 2 2 4 5 0 1 0 8 
755 2 22.4374 10.4867 10.1964 -0.00401144 0.00108576 0.00331663 0.0053170067 0.0 13 13.2541119646 1.9328405509 0 0 0 4 4 5 0 0 0 6 
559 2 24.4601 10.0471 11.9717 -7.24871e-04 -0.00271155 -8.2938e-04 0.0029267409 0.0 16 14.3501451244 1.9554419891 0 0 1 4 4 5 1 1 0 8 
346 2 21.094 14.1816 12.4855 0.00218157 -0.00199652 6.88437e-04 0.0030363276 0.0 13 15.3305391026 2.2508531398 0 0 1 2 6 3 1 0 0 7 
955 2 19.7558 13.7719 14.4746 -0.00582016 -0.00402397 -0.00423176 0.0082446583 0.0 14 15.3789425757 2.3030222059 0 0 3 2 2 5 1 1 0 8 
316 2 23.7312 11.4905 18.1678 -9.52799e-04 -0.00204561 0.00147515 0.0026959996 0.0 13 18.3454350659 2.1614218229 0 0 0 3 6 4 0 0 0 6 
979 2 18.9031 12.233 12.3867 0.00165879 -0.00333597 0.00195835 0.0042089684 0.0 16 13.6946713629 2.2831563097 0 0 2 4 5 2 0 2 1 9 
113 2 23.8452 14.1774 12.1583 0.00490123 -0.00394182 -2.45531e-04 0.0062944647 0.0 17 17.134518801 2.2548043781 0 0 3 3 3 5 1 1 1 9 
260 2 22.5294 10.4063 13.8769 -0.0012007 -0.00273587 0.00295245 0.0042004317 0.0 13 12.8615602411 2.3019972584 0 0 0 3 6 4 0 0 0 6 
621 2 25.8785 12.8704 12.2502 -0.00106017 -0.00134993 0.00223351 0.0028168845 0.0 13 16.832039235 2.2119426937 0 0 1 4 1 7 0 0 0 6 
655 2 23.6738 11.0678 15.8601 7.21996e-04 -0.00355847 -0.00130565 0.003858589 0.0 12 13.894185544 2.2900774574 0 0 3 1 3 3 2 0 0 7 
644 2 18.1352 14.8829 16.3281 -0.00336987 0.00165113 0.00163074 0.004091646 0.0 14 20.8772149717 2.1841333791 0 0 0 2 8 4 0 0 0 6 
200 1 25.2601 14.1546 17.5547 0.0035851 1.5691e-04 0.00110113 0.0037536715 0.0 16 22.7486732252 2.3472591911 0 0 1 2 8 2 3 0 0 7 
538 2 17.7177 12.4576 15.0917 -0.00247243 -0.00202141 -0.00374796 0.0049240443 0.0 13 14.7367977972 2.1841333791 0 0 0 2 8 3 0 0 0 6 
778 2 24.7006 9.18895 14.6001 -0.00514168 6.20227e-04 -0.00289466 0.0059330103 0.0 15 16.2341064428 2.2962256581 0 0 1 3 5 4 2 0 0 7 
81 2 20.8145 10.3172 12.1324 4.28863e-04 0.00278207 0.00114928 0.0030405068 0.0 17 14.1092526436 2.3030222059 0 0 2 3 5 4 2 0 1 9 
747 2 24.3443 9.1196 17.3024 0.00223163 -0.00143334 6.26337e-04 0.0027252402 0.0 13 17.6976636247 2.3661493353 0 0 0 5 2 6 0 0 0 6 
129 2 22.1608 15.1453 10.6355 -0.00146347 -0.00219925 -0.0010398 0.0028389486 0.0 14 17.2145446986 2.2358012831 0 0 0 3 6 5 0 0 0 6 
372 2 24.109 14.1456 9.61199 0.00252819 4.39761e-05 0.00327976 0.0041413167 0.0 14 13.0586064948 2.2518272381 0 0 4 1 4 1 3 0 1 9 
93 1 22.4338 15.6587 17.8157 -2.79052e-04 0.00348622 -3.21136e-04 0.0035120832 0.0 13 21.7740959676 2.3267131598 0 0 0 3 6 4 0 0 0 6 
6 2 22.5308 12.0154 12.1045 0.00171757 6.52351e-04 -0.00111142 0.002147292 0.0 14 12.7542100753 2.1185707433 0 0 1 3 4 5 1 0 0 7 
751 2 24.4966 11.9446 13.8926 -0.00176172 -0.00126489 -3.4587e-05 0.0021690552 0.0 15 15.8538188792 2.3472591911 0 0 1 3 6 2 3 0 0 7 
118 2 25.0682 11.7372 8.2761 0.00119083 -4.48627e-04 -0.00166477 0.0020954239 0.0 15 13.5886530477 1.9595923141 0 0 0 2 8 5 0 0 0 6 
203 2 24.5054 12.2124 10.6523 0.00110864 0.0015446 0.00414381 0.0045591702 0.0 12 11.163581116 1.8693415497 0 0 0 5 2 5 0 0 0 6 
941 2 20.5428 14.6562 8.99738 0.0020251 0.00256146 0.00152914 0.0036056035 0.0 12 16.6972521294 2.2310000023 0 0 1 2 5 4 0 0 0 6 
862 2 22.3015 13.2486 14.237 -0.00413507 -0.00286955 -0.00267102 0.0056980232 0.0 14 16.5144244735 2.3472591911 0 0 2 2 5 3 1 1 0 8 
763 1 26.611 13.9585 15.1265 -0.00179143 5.35639e-05 0.00304171 0.0035304518 0.0 15 22.5435266321 2.3304323996 0 0 1 3 5 4 2 0 0 7 
375 2 19.869 11.2378 16.0924 -0.00359243 0.00361112 -0.00248034 0.0056654945 0.0 15 16.5711602524 2.3030222059 0 0 0 2 10 1 2 0 0 7 
529 2 19.9342 13.5719 17.1484 1.65213e-04 -0.00439008 -0.00108763 0.0045258189 0.0 12 17.1379056609 2.0903914104 0 0 0 4 4 4 0 0 0 6 
211 2 24.6815 9.9929 9.67793 6.60444e-04 -0.00489914 -0.00464729 0.0067849144 0.0 13 12.4178981835 1.9551702369 0 0 1 4 2 5 1 0 0 7 
44 2 19.1915 14.2368 10.9894 -9.0174e-06 -2.93857e-04 -0.00256526 0.0025820519 0.0 13 16.3448826905 2.2319753286 0 0 1 3 4 4 1 0 0 7 
370 2 20.4334 12.3691 10.4758 -3.33025e-04 -7.03361e-04 -0.00427331 0.0043435931 0.0 13 12.8751760638 1.8729953719 0 0 0 4 4 5 0 0 0 6 
775 2 20.2695 10.3577 9.04498 7.39198e-04 0.00109369 -0.00204416 0.0024333437 0.0 16 13.9047238406 2.0251050554 0 0 2 2 6 2 4 0 0 7 
847 1 0.428145 22.5307 13.3421 -4.06965e-04 -3.67503e-04 0.00323308 0.0032792507 0.0 13 21.8768606815 2.4106001179 0 0 2 3 3 3 1 1 0 8 
126 2 4.55846 25.8417 10.7304 0.00321084 0.00214094 -0.00100357 0.0039875143 0.0 15 19.4916280891 2.1304972483 0 0 1 4 3 5 2 0 0 7 
863 1 3.77759 19.2163 10.8557 -0.00107947 -0.00322782 2.6754e-04 0.0034140379 0.0 16 26.8150124836 2.3863070152 0 0 1 4 3 6 2 0 0 7 
520 1 6.53212 21.7645 16.3994 9.59121e-04 -0.00116948 6.44861e-04 0.0016442148 0.0 15 21.3183698072 2.2337786343 0 0 1 1 9 2 2 0 0 7 
952 1 0.715363 19.7621 14.9719 -0.00264437 -0.00171862 0.00432197 0.0053503058 0.0 15 22.2810130943 2.2959987214 0 0 1 4 4 3 3 0 0 7 
954 1 1.58634 17.4743 12.4044 0.00102066 -1.8192e-05 -0.00195762 0.0022077939 0.0 13 21.8917125476 2.2859030662 0 0 0 3 6 4 0 0 0 6 
208 1 6.09419 19.4253 14.4694 -5.46208e-04 0.00414277 0.00324585 0.0052911652 0.0 15 23.9269364176 2.2872915012 0 0 2 1 7 3 1 1 0 8 
369 2 2.46139 -0.0989686 8.69069 -9.01865e-04 -0.00269994 -0.00155346 0.0032428806 0.0 14 15.2554505892 2.1304972483 0 0 0 2 8 4 0 0 0 6 
672 1 1.27961 20.2947 11.8419 -0.00189146 0.00189888 8.23142e-04 0.0028037348 0.0 13 22.242003961 2.3863070152 0 0 0 3 6 4 0 0 0 6 
79 2 6.33082 23.8051 9.91394 -8.84543e-04 0.00210808 7.99459e-04 0.0024218902 0.0 16 18.782548195 2.2436069737 0 0 0 6 2 6 2 0 0 7 
409 1 8.74251 22.1191 10.2264 -0.00248184 -0.00155119 -0.00103205 0.0031033607 0.0 15 22.2326089343 2.2436069737 0 0 1 3 6 2 3 0 0 7 
912 1 1.84833 24.5191 14.531 4.62498e-04 -6.8028e-04 -0.00340072 0.0034987972 0.0 13 21.3459942498 2.442360052 0 0 1 2 5 5 0 0 0 6 
671 1 1.91589 -0.0841109 16.7892 -0.00238717 -1.69184e-05 4.21596e-04 0.002424172 0.0 15 22.5715368048 2.3116929301 0 0 1 2 6 5 1 0 0 7 
13 1 2.73081 23.7762 11.8817 -0.00141506 3.94266e-04 -7.84081e-05 0.0014710501 0.0 15 22.0502186927 2.3853838419 0 0 1 5 2 5 1 1 0 8 
904 1 3.38743 18.779 14.35 -0.00301264 6.57021e-04 -0.00330095 0.0045170729 0.0 15 21.7129833926 2.2872915012 0 0 2 3 3 5 1 1 0 8 
420 1 7.16162 24.9878 15.5085 -0.00578992 -8.92097e-04 0.00231874 0.0063004417 0.0 14 21.9282446548 2.2722491294 0 0 0 2 8 4 0 0 0 6 
243 1 3.46639 21.6217 13.5427 -0.00251935 -0.00441801 4.27814e-04 0.0051038183 0.0 16 22.4620744412 2.3863070152 0 0 0 3 7 5 1 0 0 7 
343 1 1.7438 -0.0852264 11.9044 0.00375727 -0.00117452 0.00197925 0.0044061327 0.0 15 22.8169693445 2.307557524 0 0 0 4 5 5 1 0 0 7 
508 1 1.12837 22.4617 16.2803 9.04404e-04 0.00319615 -0.00196151 0.0038575696 0.0 17 22.0578337081 2.3615560304 0 0 5 3 2 2 1 2 2 9 
24 1 5.72453 21.3661 11.8705 0.00284578 -9.75891e-04 2.56174e-04 0.0030193463 0.0 13 22.9799791562 2.3255897271 0 0 1 4 2 5 1 0 0 7 
750 1 5.62755 24.0419 13.1915 -0.00107913 -0.00122487 0.00153336 0.0022396475 0.0 13 20.7525887642 2.2265408083 0 0 1 4 2 5 1 0 0 7 
397 1 7.57574 22.0538 13.7571 2.77324e-04 -0.00182787 -6.86726e-04 0.0019722094 0.0 14 19.6773968012 2.2436069737 0 0 1 2 7 2 2 0 0 7 
67 1 8.76138 24.4145 12.8239 0.00126608 4.57347e-04 -8.91249e-04 0.0016144503 0.0 15 24.26072889 2.4096348773 0 0 0 4 6 3 2 0 0 7 
908 1 4.40585 23.5252 15.7705 -0.00392508 -0.00166276 -0.00300858 0.005217526 0.0 14 20.3635872606 2.2337786343 0 0 1 3 5 3 2 0 0 7 
570 1 6.82593 26.5722 13.0455 -8.12534e-04 0.0024708 -1.83416e-04 0.0026074328 0.0 14 21.8592175241 2.2698761219 0 0 1 1 8 3 1 0 0 7 
981 1 6.80685 17.3846 12.0217 -0.00353525 -0.00226707 0.00128356 0.0043914833 0.0 16 24.3964693604 2.2872915012 0 0 1 4 4 4 3 0 0 7 
578 1 3.59905 20.9503 16.4994 -0.0020626 0.00380068 3.9249e-04 0.0043420658 0.0 14 21.7786640727 2.4060114153 0 0 2 3 4 2 2 1 0 8 
611 1 0.749641 18.5888 9.56003 -6.66771e-04 -0.00226782 -0.00367656 0.0043708906 0.0 18 26.304770898 2.3688910603 0 0 2 1 8 3 4 0 0 7 
616 2 4.28051 22.4221 9.23739 8.28677e-04 -0.00397741 0.00222738 0.0046333268 0.0 15 17.564040434 2.3863070152 0 0 1 4 4 4 1 1 0 8 
541 1 6.82876 20.2928 9.27928 -0.00182263 -0.00262317 9.73324e-04 0.0033392156 0.0 15 23.7368241553 2.2460794431 0 0 0 1 10 4 0 0 0 6 
717 2 7.54253 26.1401 9.8821 -0.001166 0.00288295 0.00231796 0.0038786461 0.0 13 16.9101957175 2.1709899286 0 0 0 3 7 2 1 0 0 7 
823 1 3.99941 26.2642 14.2591 0.00337054 -0.00303731 -0.002803 0.0053331605 0.0 15 22.1534894607 2.1163826382 0 0 0 3 6 6 0 0 0 6 
32 2 8.32617 24.4953 7.62417 -0.00404425 0.0038851 -0.00209105 0.0059851859 0.0 16 16.646261247 1.986070137 0 0 1 2 6 6 1 0 0 7 
326 1 9.57098 23.1068 15.578 5.45887e-04 0.0025885 5.60493e-04 0.0027041593 0.0 16 23.3954831158 2.3522209337 0 0 0 3 7 5 1 0 0 7 
175 2 0.349547 25.2149 8.10698 -0.00314629 3.02396e-04 0.00103845 0.003327005 0.0 13 14.3997269297 2.1137294559 0 0 0 4 4 5 0 0 0 6 
277 2 1.89775 21.3697 8.94943 -3.8186e-04 0.00261255 -0.0017712 0.0031793685 0.0 14 18.1086887405 2.3653374837 0 0 1 3 4 5 1 0 0 7 
663 1 18.0296 18.2164 16.2195 0.00129055 8.07398e-04 -2.43824e-04 0.0015417072 0.0 14 23.7259770913 2.3712178521 0 0 1 3 4 5 1 0 0 7 
815 1 16.8246 25.9179 13.5571 0.00324128 -0.00403597 -3.95604e-04 0.0051914788 0.0 17 23.3113361356 2.3359238116 0 0 1 4 4 5 3 0 0 7 
178 1 12.2779 19.5827 10.6668 -0.00286681 3.38452e-04 -4.46911e-04 0.0029211092 0.0 14 22.1035433659 2.2378207329 0 0 1 3 4 5 1 0 0 7 
189 1 13.8834 20.5889 12.7359 0.0019098 0.00285721 7.89436e-04 0.0035262153 0.0 15 21.0602738144 2.1995546991 0 0 1 3 5 4 2 0 0 7 
117 1 11.847 18.8358 13.9207 -1.83442e-04 -0.00110636 -0.00274436 0.0029646577 0.0 14 22.8959354881 2.188731746 0 0 0 1 10 3 0 0 0 6 
444 1 16.4378 22.0586 11.7683 0.00163515 -0.00430271 7.34435e-04 0.0046611612 0.0 15 21.7984462348 2.3514168277 0 0 1 3 4 6 1 0 0 7 
827 1 14.1288 23.6974 12.521 0.00144868 -0.00207984 0.00188754 0.0031602556 0.0 15 23.978171383 2.4188350392 0 0 2 2 5 3 3 0 0 7 
481 1 15.7465 22.3848 14.7385 -1.02022e-04 0.00200958 0.00318909 0.0037708242 0.0 12 19.9898274585 2.2211747124 0 0 0 0 12 0 0 0 0 5 
121 1 17.0287 24.6927 16.7954 0.0023767 0.00167472 -0.00191218 0.003479917 0.0 14 21.1818153049 2.1539370184 0 0 1 1 8 3 1 0 0 7 
269 2 9.83747 25.1016 9.83821 0.00323882 -0.00185376 -0.00224279 0.0043539049 0.0 13 18.1143945199 2.4844752072 0 0 0 4 5 3 1 0 0 7 
25 1 11.8182 19.9287 16.5199 0.00193066 -0.00351446 -0.00234756 0.0046464949 0.0 15 24.2936327176 2.3522209337 0 0 2 4 2 4 2 1 0 8 
708 1 11.592 24.7465 14.1386 0.00230051 -0.00472776 -3.24846e-04 0.0052677876 0.0 15 23.58746516 2.4844752072 0 0 0 3 6 6 0 0 0 6 
267 1 14.841 19.7252 15.6883 -0.00385859 2.07635e-04 -0.00111593 0.0040220802 0.0 18 25.9308294492 2.4231259836 0 0 1 6 2 4 5 0 0 7 
887 1 11.0228 21.8494 12.8102 -0.00297597 0.00153214 -0.00115922 0.003542265 0.0 14 23.2788338672 2.3328396127 0 0 1 3 5 3 2 0 0 7 
995 2 15.9767 0.8038 11.2353 -0.0010655 -7.95327e-04 -0.00110688 0.0017300343 0.0 14 16.9433450033 2.2855395177 0 0 2 3 2 5 2 0 0 7 
679 1 17.7491 20.5936 13.8866 -9.03537e-04 -0.0014975 3.86251e-04 0.00179111 0.0 16 22.9241711296 2.3320002673 0 0 1 4 4 4 3 0 0 7 
822 1 11.5843 22.691 10.2371 0.00105686 0.00103437 -0.00166189 0.0022245792 0.0 16 21.9459593316 2.4844752072 0 0 2 4 2 4 4 0 0 7 
289 1 14.6893 18.1754 9.63489 0.00245401 9.68965e-04 0.00268703 0.0037657919 0.0 14 21.8048241087 2.2378207329 0 0 1 3 4 5 1 0 0 7 
782 1 8.89326 20.1702 15.2321 0.00230799 3.78507e-04 0.00123984 0.0026471284 0.0 13 21.0818711049 2.2660286269 0 0 1 2 6 3 1 0 0 7 
802 1 16.8239 23.249 8.933 0.00229633 0.00200612 0.00158612 0.0034370664 0.0 13 21.4029176534 2.3100405636 0 0 0 3 6 4 0 0 0 6 
273 1 9.95949 19.4816 8.95982 -6.67052e-04 -5.62897e-04 0.00169401 0.0019056446 0.0 13 23.2572403346 2.2529321736 0 0 0 4 4 5 0 0 0 6 
166 1 14.3403 22.1781 10.024 -8.17657e-04 -9.27009e-04 -0.00337413 0.0035934193 0.0 14 21.018676625 2.2503064205 0 0 1 3 5 3 2 0 0 7 
629 1 8.95728 19.9596 12.2127 0.00253009 2.64051e-04 0.00335158 0.004207632 0.0 15 23.5411223064 2.2417483431 0 0 1 1 8 4 1 0 0 7 
516 2 14.9255 25.6801 9.59146 -1.84651e-04 -0.00234065 4.58828e-04 0.0023923339 0.0 15 18.786080791 2.3514168277 0 0 3 3 1 4 4 0 0 7 
140 1 14.41 24.9781 15.1132 6.84277e-04 -3.56997e-04 -4.14383e-04 8.760109254e-04 0.0 14 22.2991332957 2.2634588265 0 0 0 0 12 2 0 0 0 6 
735 1 12.1831 24.553 16.9737 4.09697e-05 -1.01068e-04 -8.45729e-04 8.5273137528e-04 0.0 12 21.1864004368 2.3445425371 0 0 0 3 7 1 1 0 0 7 
86 1 14.7895 26.1833 18.0355 2.73177e-04 0.00383394 -0.00424811 0.0057288882 0.0 14 22.4469324653 2.2533046565 0 0 0 3 7 3 1 0 0 7 
460 1 12.9494 22.1269 14.9225 0.00246123 -5.99961e-04 -0.00333181 0.0041855184 0.0 15 21.6608448088 2.3522209337 0 0 2 2 6 2 2 1 0 8 
903 1 14.5905 23.0057 17.7193 -8.29541e-04 -0.00200855 0.00180661 0.0028259956 0.0 16 23.7388534291 2.3395276735 0 0 1 4 5 2 4 0 0 7 
678 1 16.2217 19.151 11.7537 -0.00172415 0.00265261 8.81077e-04 0.0032841026 0.0 15 23.1539407915 2.2663506114 0 0 1 5 3 2 4 0 0 7 
792 1 15.6692 20.6104 7.97582 -0.00206268 0.00295948 -0.00224462 0.0042487045 0.0 14 20.7267299263 2.3321714838 0 0 1 5 2 3 3 0 0 7 
999 2 12.3741 25.7149 9.5551 0.00166265 8.48346e-04 -0.00270737 0.0032884568 0.0 16 14.8463883253 2.4844752072 0 0 1 5 4 1 5 0 0 7 
4 1 17.4092 21.7232 17.1783 -0.00282842 0.00186178 0.00386412 0.0051378602 0.0 15 23.5774200987 2.4141688575 0 0 1 2 6 5 1 0 0 7 
982 1 22.6275 23.3524 11.8651 4.18419e-04 0.0063981 0.00188492 0.0066830892 0.0 15 24.3973329397 2.2921819607 0 0 1 3 5 4 2 0 0 7 
936 1 23.1603 22.5334 8.71476 5.54562e-04 -0.00268609 0.00400768 0.0048563482 0.0 14 24.8199697885 2.4077102135 0 0 0 2 8 4 0 0 0 6 
703 1 24.0401 25.0814 10.058 -0.00174741 -0.0013266 -0.00185311 0.0028718158 0.0 17 23.2882118511 2.2666745614 0 0 2 4 3 6 0 1 1 9 
996 1 23.2619 26.1757 17.9635 8.08642e-04 0.00250353 4.35534e-04 0.0026666935 0.0 15 21.7629910443 2.3314104962 0 0 2 4 2 4 2 1 0 8 
135 1 21.1428 25.3075 9.91099 0.00361865 0.00130947 -6.64926e-04 0.0039053125 0.0 13 24.1199340049 2.3548266805 0 0 0 3 6 4 0 0 0 6 
308 1 20.0569 25.2395 13.2457 3.86862e-04 0.00120287 0.00205108 0.0024090429 0.0 14 23.3920672109 2.3548266805 0 0 0 4 4 6 0 0 0 6 
937 1 21.8352 24.4301 16.1325 -5.18518e-04 -4.51893e-04 1.74185e-04 7.0951294139e-04 0.0 15 23.6364216266 2.2899654905 0 0 0 3 6 6 0 0 0 6 
220 1 25.5043 20.8987 16.6369 -0.00123054 -0.00163859 7.19898e-04 0.0021719712 0.0 14 21.4823898569 2.2932430939 0 0 3 2 3 3 2 1 0 8 
733 1 0.309085 0.638788 14.2782 -0.00205405 -8.83092e-04 -5.75813e-04 0.0023087948 0.0 13 21.4469091078 2.442360052 0 0 0 3 6 4 0 0 0 6 
556 1 20.7925 21.8518 14.5131 0.00171145 0.00226586 -8.03571e-04 0.0029510861 0.0 14 24.2229162044 2.3320002673 0 0 0 4 4 6 0 0 0 6 
604 1 22.541 21.0735 17.1119 0.00289783 0.00564209 7.36879e-04 0.00638542 0.0 14 23.0869288989 2.1864362464 0 0 0 4 4 6 0 0 0 6 
182 1 22.6972 19.9221 13.1901 6.75096e-04 -0.00113439 7.01594e-04 0.0014949346 0.0 13 20.9439760744 2.3612974848 0 0 0 3 6 4 0 0 0 6 
586 1 23.3998 18.6636 15.5964 1.74357e-04 9.8984e-05 -9.19082e-04 9.4069650708e-04 0.0 16 23.540330847 2.3596170373 0 0 0 4 5 6 1 0 0 7 
641 1 26.7808 24.4407 11.1316 0.00196148 -0.00120142 0.00337367 0.0040831928 0.0 20 24.1510432731 2.442360052 0 0 3 3 5 4 2 3 0 8 
864 1 19.0979 25.9998 15.5363 -0.00152253 -7.13675e-04 -5.04958e-04 0.00175568 0.0 13 19.6237532581 2.1037567887 0 0 0 4 4 5 0 0 0 6 
344 1 23.9123 25.2753 13.7313 2.50703e-04 0.00265827 0.00192411 0.0032911169 0.0 15 24.660430619 2.4419454549 0 0 3 3 2 4 1 2 0 8 
917 1 19.8565 19.5344 12.2447 0.00359764 -0.0027922 0.0022029 0.0050588697 0.0 13 21.2964096677 2.22515446 0 0 2 2 3 5 1 0 0 7 
283 1 25.7202 25.1932 15.7545 -6.15595e-05 0.00123759 -0.00344304 0.0036592271 0.0 18 24.2772236346 2.442360052 0 0 4 2 4 3 3 1 1 9 
365 1 20.5384 18.9403 14.9201 4.00788e-04 -0.00367981 -0.00159118 0.0040290801 0.0 12 19.3762851516 2.3545544919 0 0 0 2 8 2 0 0 0 6 
526 1 24.1425 22.3097 14.0604 0.00104763 1.9512e-04 0.00450357 0.0046279308 0.0 16 24.7228817347 2.2975446209 0 0 3 3 1 7 0 2 0 8 
486 1 25.3158 19.4211 13.1924 -0.00194383 -0.00143161 -4.14743e-04 0.0024494885 0.0 15 22.8435388673 2.3688910603 0 0 1 2 7 3 2 0 0 7 
868 1 18.1057 25.2528 11.1256 -3.13642e-04 -9.81818e-05 -0.00399149 0.0040049973 0.0 17 25.294149344 2.3548266805 0 0 1 4 3 7 2 0 0 7 
272 1 22.9359 18.8653 18.8378 -0.00207972 -4.89179e-05 -1.39504e-04 0.0020849675 0.0 13 22.1645214125 2.3596170373 0 0 0 3 6 4 0 0 0 6 
284 1 19.4252 22.5216 11.8654 0.00450073 0.00334218 -0.00127234 0.0057485291 0.0 14 22.9811356655 2.2606796976 0 0 0 4 4 6 0 0 0 6 
150 1 24.4653 19.7152 8.71675 -0.0012248 2.02764e-04 0.00185817 0.0022347358 0.0 16 26.3639508687 2.4077102135 0 0 0 3 7 5 1 0 0 7 
670 1 18.3082 23.4865 14.5837 0.00482924 0.00111157 -0.00224865 0.0054418355 0.0 13 20.5539843412 2.2229085291 0 0 0 2 8 3 0 0 0 6 
109 1 25.3165 21.8163 11.2586 0.00117085 -0.00253548 0.00278614 0.0039448859 0.0 16 26.2863242138 2.3688910603 0 0 1 2 8 3 1 1 0 8 
225 1 21.8084 17.3594 12.6969 8.03736e-04 0.00491654 6.88108e-04 0.0050291003 0.0 16 21.540226886 2.3162021248 0 0 0 2 9 4 1 0 0 7 
730 1 25.3492 17.2842 17.6803 -1.36531e-05 4.47567e-04 -5.4922e-04 7.0862206784e-04 0.0 16 24.741539192 2.2959987214 0 0 2 4 3 3 3 1 0 8 
396 1 19.187 17.2093 10.1821 -6.49835e-04 0.0017395 -9.24786e-04 0.0020744577 0.0 16 24.634811982 2.2663506114 0 0 1 2 7 5 0 1 0 8 
944 1 -0.312324 2.72515 23.9134 -0.00313952 0.00251242 0.00179789 0.0044046848 0.0 14 23.7977319139 2.3829866368 0 0 3 2 3 2 4 0 0 7 
806 1 26.2014 5.82987 24.5376 -0.00119398 -3.7923e-04 -4.68032e-04 0.0013373323 0.0 13 22.4514426599 2.1863274373 0 0 0 3 6 4 0 0 0 6 
787 2 5.19571 0.543005 0.342771 9.18211e-04 -0.00345426 6.12587e-04 0.0036263324 0.0 12 12.8928124175 1.9630450355 0 0 0 4 4 4 0 0 0 6 
589 1 8.04169 9.1461 21.7998 -0.00132566 -4.97484e-04 -0.00116957 0.0018365072 0.0 16 24.4066872388 2.3490124775 0 0 0 5 2 9 0 0 0 6 
704 1 26.7821 8.52256 25.886 0.00342716 0.00231679 9.3753e-05 0.0041378414 0.0 14 20.9152865064 2.1816982987 0 0 0 6 0 8 0 0 0 6 
521 1 7.59802 8.73411 24.6302 -0.00130048 6.89493e-04 -0.00391536 0.0041829048 0.0 13 22.1550183033 2.2742107415 0 0 0 3 6 4 0 0 0 6 
392 1 5.50339 8.24579 26.4701 -0.00191357 -8.9322e-04 0.00392986 0.0044613217 0.0 15 22.467356676 2.3184349916 0 0 0 5 3 6 1 0 0 7 
232 1 1.31831 2.6209 18.6292 -6.85982e-04 -1.5776e-04 0.00198717 0.0021081518 0.0 14 21.8166792169 2.3116929301 0 0 0 2 8 4 0 0 0 6 
393 1 0.589388 5.43175 18.333 -0.00102771 0.00271409 -6.90961e-04 0.0029832699 0.0 15 21.664758098 2.4211221941 0 0 0 6 3 4 1 1 0 8 
919 2 3.35013 1.93804 26.2264 0.00297853 -0.00495091 3.527e-04 0.0057885705 0.0 13 14.6123785395 2.1427786478 0 0 0 2 8 3 0 0 0 6 
492 2 7.80676 3.72755 20.7321 0.00455294 0.00351728 0.00129511 0.0058972732 0.0 13 17.3425517318 2.385078582 0 0 1 2 5 5 0 0 0 6 
1000 2 6.85267 0.969608 25.052 4.18762e-04 -0.00176859 -0.00238466 0.0029983121 0.0 15 13.8625007239 1.9889625343 0 0 1 2 6 5 1 0 0 7 
515 2 6.01137 2.9471 -0.00369859 0.00192718 0.00124567 -0.00196356 0.0030201464 0.0 12 14.243867689 2.1044437529 0 0 0 2 8 2 0 0 0 6 
759 1 4.77263 7.93611 23.1317 0.00186798 7.34635e-04 0.00201378 0.0028432987 0.0 14 23.495143845 2.3482643723 0 0 1 3 4 5 1 0 0 7 
61 2 7.20278 3.56591 24.921 -0.00356591 5.95587e-04 0.00435758 0.0056620616 0.0 13 15.0594529847 2.1085717612 0 0 0 3 6 4 0 0 0 6 
468 1 26.5403 6.76382 21.4455 -0.00119452 -0.00376395 -0.00286482 0.004878667 0.0 13 20.7986886871 2.3924209406 0 0 0 2 9 1 1 0 0 7 
153 1 1.10824 4.16594 21.3291 -0.00218686 0.00106583 0.00150822 0.0028623553 0.0 15 22.3137037762 2.2622277296 0 0 0 2 8 5 0 0 0 6 
900 2 2.75962 0.910254 23.8911 0.00225727 0.00219966 0.00299046 0.0043447236 0.0 15 19.8224544528 2.4057904265 0 0 1 4 4 3 3 0 0 7 
623 1 3.37301 2.50282 21.2816 -8.45095e-04 -0.00121442 -0.00411465 0.0043725675 0.0 14 22.7145821863 2.3898055467 0 0 1 2 7 2 2 0 0 7 
645 1 4.67059 5.72756 25.259 -0.00411945 -0.00115741 0.00100331 0.0043950082 0.0 16 22.6011801868 2.2742107415 0 0 0 3 7 5 1 0 0 7 
865 2 4.94744 2.0824 24.4033 -2.26991e-04 -7.91087e-05 -3.98276e-04 4.6519552091e-04 0.0 13 16.0563548793 2.1085717612 0 0 0 1 10 2 0 0 0 6 
228 2 1.11709 2.05269 -0.107191 0.00324576 -7.8776e-04 -0.00110478 0.0035179629 0.0 14 19.4974340381 2.3932315546 0 0 3 2 3 2 4 0 0 7 
23 2 8.09123 5.83808 25.4443 0.00227696 -0.00507321 3.94488e-04 0.0055747311 0.0 13 17.3067667449 2.2735768991 0 0 0 4 4 5 0 0 0 6 
766 1 2.04117 6.48722 23.0359 -0.00459806 0.00104958 -5.91926e-04 0.0047533304 0.0 13 20.8320524529 2.1816982987 0 0 0 1 10 2 0 0 0 6 
669 2 6.91175 2.47112 22.532 2.2763e-04 0.0011943 -0.00121902 0.0017216787 0.0 13 16.4976317875 2.3183142231 0 0 1 3 4 4 1 0 0 7 
575 1 5.72844 1.58741 19.7946 -0.00109251 -8.15476e-04 0.0040076 0.0042331356 0.0 16 23.8517260613 2.3898055467 0 0 0 3 7 5 1 0 0 7 
585 1 3.43618 4.6567 18.8433 -0.00212021 0.00194743 7.5998e-04 0.0029774727 0.0 14 22.7930876656 2.3698307635 0 0 0 3 7 3 1 0 0 7 
177 1 5.94745 5.96274 19.8013 0.00128805 0.00208828 0.00357586 0.0043366763 0.0 16 23.6410854685 2.3898055467 0 0 2 2 6 3 2 1 0 8 
885 1 7.66825 0.436336 17.6361 -7.43766e-04 1.22387e-04 0.00158928 0.0017589705 0.0 13 21.1755351149 2.1992713211 0 0 0 3 6 4 0 0 0 6 
769 1 2.3227 6.93651 20.1717 1.14195e-04 0.00111565 -0.00359471 0.0037655883 0.0 14 21.4652749669 2.2559689284 0 0 0 3 6 5 0 0 0 6 
275 1 4.41719 5.03409 22.4174 1.54058e-04 -0.00324842 0.00635778 0.0071412417 0.0 16 23.6861050247 2.3898055467 0 0 1 4 4 5 1 1 0 8 
555 1 2.38055 4.00492 24.4009 -0.00193981 -0.00276867 0.00138961 0.003655053 0.0 16 22.1541253536 2.2314801718 0 0 0 4 5 6 1 0 0 7 
377 2 7.52247 5.57633 22.7532 -2.92546e-04 0.00351527 0.00699722 0.0078360573 0.0 14 20.2152435132 2.3490124775 0 0 1 1 7 5 0 0 0 6 
197 2 8.83555 1.02588 22.0542 0.00247929 -6.6934e-04 -0.00313043 0.0040490106 0.0 17 18.6845017496 2.3991502298 0 0 3 3 2 5 3 1 0 8 
322 2 9.68209 7.01358 17.2154 0.00189046 -7.15081e-04 -2.88933e-04 0.0020417302 0.0 14 17.0865216909 2.3199361832 0 0 1 2 6 4 1 0 0 7 
816 2 18.2639 7.36495 19.7 9.9446e-04 0.00142633 -2.28367e-04 0.0017537159 0.0 13 16.10065639 2.244107238 0 0 1 0 9 3 0 0 0 6 
968 1 10.5148 8.36878 25.9396 0.00391467 0.00113423 -0.00141776 0.0043152245 0.0 15 23.2448502557 2.2429680045 0 0 0 3 6 6 0 0 0 6 
990 2 17.2483 8.90714 18.1639 -0.00385402 -0.0011932 0.00257397 0.0047856575 0.0 14 16.0008966269 2.3079078799 0 0 1 3 5 3 2 0 0 7 
878 1 16.4372 8.89323 25.9319 -8.8446e-04 0.00147768 -0.00122102 0.0021110892 0.0 16 23.5914057624 2.3041290255 0 0 1 2 7 4 2 0 0 7 
549 2 13.0317 4.16927 21.3982 -0.00262771 4.05981e-04 -0.00209832 0.0033871267 0.0 14 12.9574505261 1.9936763711 0 0 0 4 5 4 1 0 0 7 
288 2 13.8981 4.21288 19.1936 -0.00123013 -0.0025856 -1.88842e-04 0.0028695311 0.0 14 13.7662444618 2.0419150646 0 0 0 3 7 3 1 0 0 7 
386 2 14.6474 1.37012 0.681618 0.00239247 -1.74018e-04 -0.00168023 0.0029287144 0.0 12 15.0303925052 2.1678880854 0 0 0 2 8 2 0 0 0 6 
771 2 9.12135 1.69334 24.4089 -0.00125797 0.00123584 -3.5318e-04 0.0017984786 0.0 14 13.0956700153 1.9889625343 0 0 2 4 2 3 2 1 0 8 
563 2 13.911 6.97386 19.9061 -3.86899e-04 -0.00110828 -0.0012425 0.001709322 0.0 15 15.287085235 2.1369011751 0 0 3 2 2 5 3 0 0 7 
971 2 16.1525 8.18836 20.2791 0.00339371 0.0027895 0.00678153 0.0080800821 0.0 12 16.4337983667 2.326301222 0 0 1 2 6 2 1 0 0 7 
495 1 16.741 0.505471 25.6871 0.00269293 -1.39972e-04 1.06761e-04 0.0026986778 0.0 14 20.9879407972 2.2764410262 0 0 0 3 6 5 0 0 0 6 
988 2 11.6768 1.89313 23.8971 0.00242877 -8.66059e-04 0.00143023 0.0029486505 0.0 15 14.7509728227 2.1312534712 0 0 2 3 4 2 4 0 0 7 
433 2 8.9279 5.71546 19.0465 0.00108704 -0.00142651 0.00315387 0.0036281514 0.0 14 16.563696058 2.1685688304 0 0 2 2 6 2 1 0 1 9 
820 2 12.5049 6.20879 17.5622 7.06191e-04 -0.00115637 9.84104e-04 0.0016746217 0.0 14 14.8480340196 2.0419150646 0 0 1 1 8 3 1 0 0 7 
333 2 14.2275 1.86914 22.9942 -0.00163605 0.00295361 0.00258986 0.0042553315 0.0 14 17.6277904502 2.1872850896 0 0 0 3 6 5 0 0 0 6 
693 2 9.33273 6.28673 21.3161 0.00169964 6.81419e-04 9.62273e-04 0.0020685931 0.0 14 16.7795726377 2.2603293269 0 0 1 2 6 4 1 0 0 7 
894 2 14.308 1.793 20.1705 -0.00140734 0.00198429 0.00239387 0.0034130084 0.0 14 16.7746479673 2.2865567209 0 0 1 3 5 4 0 1 0 8 
499 2 10.4484 3.53316 20.8716 0.00167304 -0.00132696 0.00103558 0.0023732492 0.0 13 13.3443466227 1.9659704013 0 0 1 3 4 4 1 0 0 7 
70 2 9.02647 3.5543 22.8132 -0.0049014 0.00455549 0.00115237 0.006790005 0.0 14 12.6114020491 1.9810800022 0 0 1 1 7 5 0 0 0 6 
874 2 16.2795 3.14369 19.4577 -8.23779e-04 -3.00823e-05 -0.00192104 0.0020904333 0.0 14 16.6470185345 2.2245105167 0 0 1 3 4 5 1 0 0 7 
46 2 10.4063 7.58068 19.2381 4.66205e-04 -2.20511e-04 -5.81419e-04 7.7718740128e-04 0.0 14 16.743300385 2.2603293269 0 0 1 4 3 4 2 0 0 7 
695 2 14.3622 5.82186 22.4923 0.00236172 0.00569401 0.00483332 0.0078332914 0.0 15 19.4818835174 2.326301222 0 0 1 3 4 6 1 0 0 7 
339 1 13.5993 6.80834 0.221131 -0.00230469 0.00508606 -1.51484e-04 0.0055859242 0.0 14 21.0802883953 2.1598526552 0 0 0 2 8 4 0 0 0 6 
16 2 9.60292 3.89169 25.3617 0.00164146 0.00165447 3.2077e-05 0.0023308133 0.0 13 12.6252678414 1.9967924417 0 0 1 3 5 2 2 0 0 7 
756 2 15.8991 5.42824 20.618 -0.00296722 -0.00224863 3.72198e-04 0.0037415589 0.0 14 15.6709376806 2.326301222 0 0 1 3 4 5 1 0 0 7 
811 2 13.7057 3.89803 24.5035 -0.00147892 3.79662e-06 1.26798e-05 0.0014789792 0.0 14 17.4575196341 2.2562652646 0 0 0 4 4 6 0 0 0 6 
901 1 13.1296 7.79675 24.235 0.00204642 -0.00247521 -1.7618e-04 0.0032164482 0.0 15 22.7520301498 2.2308261083 0 0 0 3 7 4 1 0 0 7 
892 2 11.6225 5.12622 25.271 -0.00134859 9.43259e-04 -0.00201 0.0025977938 0.0 12 15.60780453 2.1820467748 0 0 1 2 5 4 0 0 0 6 
517 2 9.26971 1.97692 19.4742 -0.00212483 -5.3167e-04 -0.0013102 0.002552293 0.0 16 20.2525972215 2.3991502298 0 0 1 2 6 6 1 0 0 7 
898 1 16.6478 3.34685 25.5954 6.68907e-04 -0.00178072 0.00138093 0.0023506101 0.0 16 23.6914098419 2.3563173803 0 0 1 1 8 5 1 0 0 7 
539 2 13.4786 1.11889 25.4716 -0.00225292 -0.0025537 -6.76215e-04 0.0034719301 0.0 13 14.9009912274 2.2171498283 0 0 0 1 10 2 0 0 0 6 
770 1 17.7002 1.88496 23.0751 -0.00169301 -5.90249e-04 0.00279784 0.0033230386 0.0 14 23.2775500371 2.2764410262 0 0 1 2 6 4 1 0 0 7 
36 2 11.5525 6.16185 21.1281 -3.841e-04 0.00250673 9.51548e-04 0.0027086291 0.0 16 17.3725288251 2.2308261083 0 0 1 5 3 3 4 0 0 7 
142 2 10.6389 4.38859 18.4555 0.00164796 1.46126e-05 8.0002e-04 0.0018319437 0.0 16 15.8986646346 2.1583725385 0 0 2 3 4 5 1 0 1 9 
818 2 11.9598 2.49748 19.0703 8.22499e-05 8.51788e-05 -0.0034194 0.0034214495 0.0 13 15.0565217529 2.2046210931 0 0 1 2 5 5 0 0 0 6 
688 2 11.4575 3.99185 23.0799 7.55349e-04 -0.00171017 -0.00227763 0.0029466645 0.0 15 13.0149284417 2.2078120393 0 0 0 5 3 6 1 0 0 7 
661 2 10.0608 5.94448 23.7912 0.00232842 0.0038848 0.00208605 0.0049864632 0.0 14 17.3567587102 2.2308261083 0 0 0 3 6 5 0 0 0 6 
613 2 15.3426 3.3803 21.6955 0.00277229 -2.1744e-04 1.69688e-04 0.0027859767 0.0 14 16.240368981 2.2576784456 0 0 0 4 4 6 0 0 0 6 
262 1 15.9681 6.12736 24.9845 8.90091e-04 -9.31896e-04 -0.00479454 0.004964706 0.0 13 22.1644503225 2.274677339 0 0 0 3 6 4 0 0 0 6 
871 2 13.9727 3.65513 27.1118 4.82348e-04 -0.00258708 0.00319282 0.004137601 0.0 14 15.1228366007 2.0648441211 0 0 0 2 8 4 0 0 0 6 
169 1 17.9875 5.10463 23.1023 7.36418e-04 -0.00192506 -0.00207885 0.0029274195 0.0 15 24.6066323136 2.322956612 0 0 2 3 4 2 4 0 0 7 
143 2 11.8452 2.90143 26.0758 0.00354817 0.0034518 -0.0012603 0.0051081102 0.0 14 12.0549618484 1.9967924417 0 0 1 4 4 2 3 0 0 7 
933 2 9.6365 5.57031 0.471391 5.44153e-04 0.00218734 5.60326e-04 0.0023226115 0.0 13 16.1651854741 2.1598526552 0 0 1 3 4 4 1 0 0 7 
51 1 24.4537 5.70238 19.2354 0.00138487 0.00338847 -0.00250591 0.004436122 0.0 16 24.1911879142 2.4206596815 0 0 1 4 4 4 3 0 0 7 
328 1 18.6674 2.44709 0.870078 -0.00133426 0.00380235 0.00399962 0.0056775942 0.0 16 23.8250575162 2.3515152554 0 0 2 2 5 5 1 1 0 8 
461 1 23.2799 2.25304 22.4327 -0.00146197 0.00403846 -0.00476472 0.0064147543 0.0 13 20.8409213152 2.3493530799 0 0 0 2 8 3 0 0 0 6 
222 1 24.1517 3.73274 25.7114 -5.43522e-04 -5.50653e-04 8.68016e-04 0.0011627926 0.0 16 22.8606608754 2.3408812981 0 0 1 2 7 4 2 0 0 7 
408 1 21.6792 5.54906 26.024 0.00301561 -0.00168398 -0.00461375 0.0057633655 0.0 12 20.7655428928 2.1915178913 0 0 0 4 4 4 0 0 0 6 
631 1 24.5439 8.60521 20.3241 -0.00247971 -0.00210096 -0.00373586 0.0049517315 0.0 15 20.7436549397 2.4211221941 0 0 2 4 2 4 2 1 0 8 
34 1 22.6496 1.30487 25.1387 -0.00148874 0.00176636 0.00200796 0.0030607643 0.0 14 22.4272347051 2.3237079313 0 0 1 2 7 2 2 0 0 7 
734 1 25.5698 2.84099 19.4341 -0.00188714 0.0038405 0.00280779 0.0051180487 0.0 16 22.9593939653 2.3493530799 0 0 1 4 3 6 2 0 0 7 
427 1 24.6619 4.75746 21.9891 0.00184813 -3.3172e-04 9.03221e-04 0.00208361 0.0 13 21.692991545 2.3485425622 0 0 1 0 9 3 0 0 0 6 
739 1 20.0868 5.37 21.0342 -0.00109982 0.00507516 -8.12729e-04 0.0052561756 0.0 14 20.6430593135 2.290685486 0 0 1 3 5 3 2 0 0 7 
463 1 22.7684 6.96751 21.4892 -0.00469772 0.00176216 -0.00350608 0.0061209785 0.0 16 21.2571855433 2.2258056266 0 0 1 3 6 3 3 0 0 7 
12 1 24.6199 0.286337 20.4818 4.09144e-04 -0.00150484 0.00300578 0.0033862451 0.0 13 22.0355550014 2.3309309883 0 0 2 2 3 5 1 0 0 7 
794 1 21.8679 1.0364 19.9941 0.00276564 3.0465e-04 3.71881e-04 0.0028071109 0.0 14 22.0278723301 2.3314104962 0 0 0 4 5 4 1 0 0 7 
259 1 24.5872 7.04128 0.3321 -0.00336924 -0.00684936 3.88764e-04 0.0076430784 0.0 13 20.9277351478 2.0852550852 0 0 0 3 6 4 0 0 0 6 
716 1 23.6335 6.98563 24.4037 0.00184114 -0.0032674 -0.00284784 0.0047091286 0.0 14 21.6390481967 2.1780868224 0 0 0 2 8 4 0 0 0 6 
454 1 18.8013 6.61006 25.7999 -0.00221991 0.00130232 0.0025027 0.0035899227 0.0 14 22.9746825334 2.3563173803 0 0 1 2 6 4 1 0 0 7 
873 1 19.3116 2.80014 20.775 0.00174626 0.00270721 3.39055e-04 0.0032393469 0.0 16 23.7636391783 2.322956612 0 0 0 6 4 2 4 0 0 7 
198 1 21.2249 8.78689 26.1327 0.00339395 0.00477228 2.58689e-04 0.0058617807 0.0 16 25.6435428097 2.4073343237 0 0 0 4 6 4 2 0 0 7 
480 1 20.7098 6.78168 23.5463 0.00253613 -0.00154811 -0.00253135 0.0039033745 0.0 13 20.0127012717 2.4073343237 0 0 1 2 6 3 1 0 0 7 
389 1 20.3119 2.28716 18.0123 0.00148155 -0.00235465 -0.00114422 0.0030080902 0.0 17 23.170360887 2.2451732399 0 0 0 4 6 5 2 0 0 7 
134 1 18.1181 8.19756 23.2036 -7.19387e-04 0.00199444 -0.00317592 0.0038186092 0.0 17 23.3913270565 2.3979839769 0 0 1 4 5 4 2 1 0 8 
542 1 20.2419 0.345044 26.4117 2.39173e-04 1.40678e-04 -0.00351331 0.0035242504 0.0 15 21.3543733221 2.2764410262 0 0 1 3 4 6 1 0 0 7 
320 1 0.635265 1.19844 21.4496 5.67727e-04 -2.94681e-04 0.00164557 0.0017655173 0.0 16 22.7917791403 2.3493530799 0 0 1 4 4 4 3 0 0 7 
184 2 22.3359 7.52475 17.4428 -0.00108572 0.00144129 0.00151204 0.0023542238 0.0 13 13.937182801 2.194906275 0 0 0 4 4 5 0 0 0 6 
654 1 17.887 0.56853 18.15 0.00128598 -7.02815e-04 0.00159107 0.0021631452 0.0 14 21.9621711 2.2080548429 0 0 0 2 9 2 1 0 0 7 
959 2 17.8763 4.89316 18.9035 1.16311e-05 -0.00269901 0.00217071 0.0034636357 0.0 15 16.5933967665 2.2451732399 0 0 2 2 4 5 2 0 0 7 
601 2 20.5225 7.09682 18.8298 0.00130069 -6.27696e-04 0.00335318 0.0036509742 0.0 14 15.1018196634 2.2237807746 0 0 3 2 3 4 1 0 1 9 
426 1 25.2782 27.2109 23.5545 -0.00213185 -5.31387e-05 -0.00118547 0.0024398662 0.0 15 23.6942388283 2.3945533777 0 0 1 5 2 5 1 1 0 8 
74 1 19.8305 3.35783 25.1268 -0.00116925 -9.38992e-05 -0.00132794 0.0017718316 0.0 16 23.1174390688 2.322956612 0 0 0 5 3 7 1 0 0 7 
927 1 22.3415 3.82534 20.3395 -3.12718e-04 -3.11956e-04 -1.30302e-04 4.6052980866e-04 0.0 15 21.9147217467 2.2258515931 0 0 2 1 5 6 1 0 0 7 
447 1 21.9862 4.47226 23.3443 3.90794e-04 0.00186732 -0.00184412 0.0026533719 0.0 14 20.8531165695 2.322956612 0 0 0 3 7 3 1 0 0 7 
761 1 5.70589 17.9563 23.2954 -7.50519e-04 -0.0019562 0.00182908 0.0027812822 0.0 13 19.618788212 2.2908509571 0 0 0 3 6 4 0 0 0 6 
883 1 2.25242 9.37371 22.0265 -0.00295031 -0.00396939 1.55351e-04 0.0049481835 0.0 15 21.8829509415 2.2559689284 0 0 0 4 4 7 0 0 0 6 
304 1 6.50678 16.747 19.2362 8.82331e-04 -0.00380796 3.461e-04 0.0039241372 0.0 15 24.438070611 2.3360586156 0 0 0 5 3 6 1 0 0 7 
710 1 1.96337 14.5635 20.9041 0.00194008 0.00151358 -8.68224e-04 0.0026093386 0.0 14 20.792177 2.2194814089 0 0 0 3 6 5 0 0 0 6 
583 1 4.65676 12.2862 17.784 0.00163828 7.4362e-04 0.00134091 0.0022438743 0.0 14 20.4574211086 2.3742322877 0 0 2 1 7 2 1 1 0 8 
849 1 3.02501 11.548 26.3752 -7.37139e-04 -0.0029866 0.00129299 0.0033369112 0.0 15 20.4331952971 2.1216053361 0 0 0 2 8 5 0 0 0 6 
932 1 5.51409 11.3891 21.749 8.975e-04 -0.00661488 -9.45326e-05 0.0066761576 0.0 14 23.1878494286 2.368444475 0 0 2 2 4 4 2 0 0 7 
335 1 0.97404 13.3888 0.236019 -9.89267e-04 -8.91544e-05 7.1666e-04 0.0012248262 0.0 12 20.1242393421 2.2130591959 0 0 0 0 12 0 0 0 0 5 
446 1 1.15614 15.6683 18.3295 3.82343e-04 -0.00317302 -2.66708e-04 0.003207082 0.0 14 20.5998613117 2.2286767175 0 0 2 2 4 4 2 0 0 7 
798 1 2.6805 9.03227 25.071 0.00370562 3.50697e-05 8.34494e-04 0.0037985826 0.0 14 22.5284288482 2.1816982987 0 0 0 4 4 6 0 0 0 6 
627 1 1.84306 13.1521 17.4733 -0.00125392 -0.00135716 0.0011015 0.0021511627 0.0 13 20.888368784 2.2131086873 0 0 0 3 6 4 0 0 0 6 
511 1 3.72383 16.715 25.0267 0.00321793 -0.00101611 -0.00419734 0.0053856491 0.0 14 20.8191394568 2.3361815183 0 0 0 4 4 6 0 0 0 6 
870 1 2.87904 11.8321 23.0544 -1.39601e-04 0.00179755 0.00143846 0.0023064782 0.0 14 20.8770498557 2.2198116149 0 0 0 3 6 5 0 0 0 6 
597 1 6.45704 16.102 25.2849 4.48285e-04 -0.00114117 -0.00154773 0.0019745117 0.0 15 21.4502219662 2.154049714 0 0 0 4 4 7 0 0 0 6 
424 1 3.73691 16.083 22.2999 0.00257606 0.00240164 8.78639e-04 0.0036298714 0.0 15 21.8402134424 2.3360586156 0 0 1 3 5 4 2 0 0 7 
767 1 2.60512 11.9455 20.1236 -5.84785e-05 0.00172083 0.00204848 0.0026759944 0.0 15 22.2619870452 2.3742322877 0 0 2 2 5 4 1 1 0 8 
358 1 5.21284 13.525 23.8406 -0.00338115 0.00119491 -0.00307696 0.0047252162 0.0 15 23.0296262201 2.2655166189 0 0 0 3 6 6 0 0 0 6 
897 1 4.70341 14.0045 20.6128 -0.00402649 0.00500862 -4.73682e-05 0.0064265963 0.0 14 22.1208758153 2.3033371769 0 0 2 2 6 0 4 0 0 7 
165 1 8.32668 13.1391 21.2345 -8.77006e-04 -5.21335e-04 -0.00137848 0.0017149743 0.0 15 23.2667197864 2.2777180208 0 0 0 4 6 3 2 0 0 7 
757 1 2.45703 14.0777 24.5674 -2.60882e-04 -0.00704065 -0.00179344 0.0072701609 0.0 13 21.6084025461 2.2063491471 0 0 0 2 8 3 0 0 0 6 
479 1 4.86221 8.5599 20.4513 0.0020135 -0.00234196 -0.00138704 0.0033856814 0.0 15 23.6821092517 2.3742322877 0 0 3 0 5 5 2 0 0 7 
185 1 4.11022 15.3223 18.0229 -0.00276353 3.71255e-04 -0.00114205 0.0030131722 0.0 16 21.6440351937 2.3360586156 0 0 1 3 6 3 3 0 0 7 
47 1 5.42196 10.6314 24.5716 -0.0029037 -0.00117982 5.18837e-04 0.0031768917 0.0 14 21.3810354935 2.199944633 0 0 0 3 6 5 0 0 0 6 
540 1 7.13034 15.7008 22.4934 0.00141189 -3.5907e-05 -0.00165965 0.0021792569 0.0 14 23.3771346018 2.2655166189 0 0 1 1 8 3 1 0 0 7 
368 1 26.4738 15.2849 25.1424 -0.00200544 -8.93922e-04 8.695e-04 0.0023615496 0.0 17 22.811989782 2.3361815183 0 0 0 3 7 6 1 0 0 7 
789 1 8.23028 11.5561 23.7057 -3.21712e-04 2.19618e-04 2.69005e-04 4.7338606538e-04 0.0 14 21.9290194301 2.2655166189 0 0 1 5 1 5 2 0 0 7 
706 1 6.93383 10.9876 19.2564 -2.31299e-05 0.001801 -9.09854e-04 0.0020179124 0.0 14 21.094930446 2.3742322877 0 0 2 0 8 2 2 0 0 7 
530 1 8.79098 14.0226 25.2067 3.7404e-04 0.00209742 0.00441242 0.0048998497 0.0 15 24.4934682458 2.2965875116 0 0 0 2 9 3 1 0 0 7 
280 1 9.27798 16.1322 19.6019 -0.00355556 -0.00591802 0.002799 0.0074497898 0.0 15 23.8148796218 2.18641365 0 0 1 1 8 4 1 0 0 7 
319 1 6.84659 13.7995 18.8322 -0.00217935 3.2567e-04 5.96471e-04 0.0022828502 0.0 13 19.9031965867 2.1843144282 0 0 1 2 6 3 1 0 0 7 
814 1 0.740145 16.494 22.6598 -0.00337547 0.00295569 0.00102479 0.0046021838 0.0 13 21.0895034304 2.3361815183 0 0 0 1 10 2 0 0 0 6 
253 1 8.20338 11.0652 -0.1163 -0.00130377 6.07581e-04 -0.00135723 0.001977636 0.0 15 23.589981884 2.3196780695 0 0 0 3 6 6 0 0 0 6 
374 1 8.57801 17.6054 24.2741 -0.00198871 4.87866e-04 -0.00338282 0.0039542954 0.0 15 23.2228838719 2.3299821464 0 0 0 4 4 7 0 0 0 6 
349 1 2.45046 10.0284 17.8006 0.00111751 -8.5866e-04 0.00325898 0.0035506445 0.0 15 21.2380415862 2.2990067703 0 0 0 3 7 4 1 0 0 7 
598 1 0.470056 11.2992 25.0224 -0.00317003 5.65097e-05 0.00318054 0.0044908928 0.0 15 21.3581860038 2.2132047285 0 0 0 2 8 5 0 0 0 6 
743 1 9.64409 13.3332 18.7257 0.0020064 0.00230853 -7.28448e-04 0.0031441355 0.0 14 21.3654219577 2.2727192001 0 0 1 1 7 5 0 0 0 6 
500 1 16.4177 15.1305 22.86 0.00105432 7.82748e-04 -0.00179554 0.002224466 0.0 16 24.3143189945 2.3080418474 0 0 0 3 7 5 1 0 0 7 
552 2 12.4746 8.83183 21.2752 0.00513347 0.00121249 -6.05809e-04 0.0053093927 0.0 15 21.8111130597 2.2883544732 0 0 3 2 4 2 3 1 0 8 
899 1 10.1371 15.4698 22.3945 -7.53157e-04 0.00102717 4.33936e-05 0.0012744437 0.0 14 22.631309386 2.1906091579 0 0 0 4 4 6 0 0 0 6 
149 2 12.3798 8.45328 18.5495 -0.00413391 -5.37927e-04 0.00202622 0.0046350992 0.0 14 16.4230937716 2.1010513887 0 0 1 3 4 5 1 0 0 7 
17 1 14.6859 15.8259 24.8527 0.00323946 -0.00194375 1.19492e-04 0.0037797544 0.0 13 20.41530615 2.2899239416 0 0 0 5 2 6 0 0 0 6 
909 1 11.7565 14.9042 24.7003 3.93998e-04 0.00413128 0.00105102 0.0042810457 0.0 14 23.3507439882 2.3299821464 0 0 0 2 8 4 0 0 0 6 
179 2 14.7783 9.24728 18.8365 -9.91868e-04 1.62903e-04 -3.82651e-04 0.0010755284 0.0 14 18.0814499422 2.3079078799 0 0 1 3 4 5 1 0 0 7 
309 1 13.1626 10.8757 23.8457 -0.00372221 -0.00185749 0.00225086 0.0047298506 0.0 15 21.6468734228 2.3041290255 0 0 2 2 6 2 2 1 0 8 
595 1 12.2398 17.2956 19.1858 -1.99432e-05 0.00441263 0.00257033 0.0051066914 0.0 15 23.1667685436 2.2898583682 0 0 0 3 6 6 0 0 0 6 
877 1 18.0167 12.1292 18.9802 -0.00114401 -0.00213769 -4.44166e-04 0.0024649059 0.0 17 24.9032550955 2.3079078799 0 0 2 2 6 4 2 1 0 8 
302 1 16.0609 12.0622 23.7629 0.00158868 -0.00140575 -1.58226e-04 0.0021272218 0.0 13 20.7277534979 2.3041290255 0 0 1 2 6 3 1 0 0 7 
632 1 11.0269 11.3731 25.6792 -0.00217814 -0.00402247 -6.64005e-04 0.0046222788 0.0 13 22.0371686303 2.3337241928 0 0 0 3 6 4 0 0 0 6 
464 1 10.0185 10.6963 20.3076 0.0021139 -0.002897 -9.11371e-04 0.0037002404 0.0 15 23.9849165432 2.2851993538 0 0 0 5 3 6 1 0 0 7 
29 1 15.8723 11.857 20.8401 0.00261133 0.00134753 0.00140949 0.003259071 0.0 15 22.3222662657 2.2807468953 0 0 1 5 1 6 2 0 0 7 
39 1 14.8647 14.6553 20.1846 0.00198047 -0.00642366 0.00536511 0.0086005857 0.0 15 22.6082879665 2.3080418474 0 0 2 1 7 3 1 1 0 8 
164 1 13.3795 9.6083 26.4638 0.00296561 0.00255789 -5.10835e-04 0.0039495058 0.0 15 22.0625357987 2.3336604372 0 0 3 2 3 4 2 1 0 8 
455 1 15.3881 9.29247 22.9498 5.61574e-04 -0.00312663 -9.23812e-04 0.0033082638 0.0 16 23.72499173 2.3094579995 0 0 2 4 2 4 4 0 0 7 
237 1 18.808 17.733 23.7438 -0.00365941 0.00252518 -4.56347e-04 0.0044694595 0.0 13 22.8884633061 2.2689087239 0 0 0 3 6 4 0 0 0 6 
889 1 10.8824 12.7401 23.0418 0.00430759 -9.67365e-04 1.39356e-04 0.0044170745 0.0 14 22.4366414008 2.2883544732 0 0 1 1 7 5 0 0 0 6 
639 1 13.5294 16.4431 21.989 -0.00215506 -0.00131559 0.00463118 0.0052747406 0.0 14 22.3296704299 2.2107694111 0 0 0 4 4 6 0 0 0 6 
63 1 11.8556 14.5912 20.1101 -5.88682e-04 -0.00331885 0.00332078 0.0047316901 0.0 14 22.1409774221 2.2777180208 0 0 2 2 4 4 2 0 0 7 
956 1 13.8286 13.5017 22.7547 4.86171e-04 -2.06263e-04 0.00255174 0.0026058173 0.0 13 20.514976911 2.156197405 0 0 0 3 6 4 0 0 0 6 
242 1 14.2517 13.2247 25.5894 7.67966e-04 0.0010997 -0.00139599 0.0019359494 0.0 15 20.8770815856 2.3337241928 0 0 1 3 4 6 1 0 0 7 
963 1 10.3113 9.42726 23.3307 -0.00127202 0.00103003 0.00454481 0.0048305584 0.0 16 22.5958999461 2.2883544732 0 0 1 3 5 6 0 1 0 8 
796 1 13.0023 11.6332 20.441 4.4586e-04 -0.00151112 1.86875e-04 0.0015865677 0.0 16 24.3602888736 2.2883544732 0 0 2 3 4 3 4 0 0 7 
980 1 17.5951 15.2206 19.2623 0.0011291 -0.00190205 0.00277619 0.0035496326 0.0 16 23.6361518447 2.3080418474 0 0 1 5 2 6 1 1 0 8 
436 2 19.8543 9.21026 17.9829 6.2764e-04 0.0016904 -8.4901e-04 0.0019930384 0.0 16 16.7282298109 2.2604549251 0 0 1 2 7 4 2 0 0 7 
45 1 0.205779 11.2168 22.2484 0.00175958 -0.00140526 2.50644e-04 0.0022657669 0.0 12 18.5655353687 2.1021731291 0 0 1 2 5 4 0 0 0 6 
925 1 21.6116 16.8306 23.0149 6.11327e-04 0.00200826 -0.00201859 0.0029123074 0.0 13 22.3419430172 2.2863702068 0 0 0 2 8 3 0 0 0 6 
915 1 0.310823 9.57213 19.6186 -0.00267624 -0.00343358 -0.00123361 0.004524768 0.0 15 23.6314266415 2.4211221941 0 0 0 5 4 5 0 1 0 8 
548 2 21.2383 11.6333 18.4713 -1.31766e-04 -0.00116659 -2.15517e-05 0.0011742057 0.0 15 18.3788772966 2.2604549251 0 0 1 4 3 5 2 0 0 7 
77 1 18.0893 10.3182 21.1741 0.00139205 -0.00299898 -0.00231562 0.0040365555 0.0 14 20.6833550353 2.2604549251 0 0 0 2 8 4 0 0 0 6 
133 1 18.2694 13.0434 22.1372 -0.00155001 -0.00442678 0.0013027 0.0048678475 0.0 14 21.5159632655 2.2085778861 0 0 2 2 4 4 2 0 0 7 
299 1 17.9348 16.1701 26.2375 -3.59556e-04 -3.65884e-06 0.00102636 0.0010875241 0.0 16 24.7843935684 2.2689087239 0 0 0 3 8 3 2 0 0 7 
91 1 21.2243 15.8779 25.7488 -0.00216177 -0.00170596 -0.00189743 0.0033442173 0.0 16 23.0519581926 2.2683220735 0 0 2 4 3 2 5 0 0 7 
167 1 21.3633 11.9086 24.6614 -6.45996e-04 -8.27878e-04 -0.00148893 0.0018219784 0.0 15 24.4571069799 2.3797439122 0 0 1 2 7 3 2 0 0 7 
101 1 23.5841 13.9804 20.2108 -2.84455e-05 0.00507673 9.86519e-04 0.0051717711 0.0 14 21.4860654307 2.1626177748 0 0 0 2 8 4 0 0 0 6 
62 1 26.331 12.6523 19.8483 -0.00144562 0.00275148 -0.003761 0.0048790963 0.0 14 21.6273216206 2.2131086873 0 0 0 2 8 4 0 0 0 6 
653 1 19.8597 14.7986 23.4807 -0.00198377 -0.00162808 0.00119207 0.0028296676 0.0 14 21.1232106444 2.153483822 0 0 2 2 6 0 4 0 0 7 
347 2 22.0891 13.1032 16.5962 -0.00176942 -0.00151531 -0.00109407 0.0025737134 0.0 16 17.278785418 2.3288367316 0 0 1 6 2 3 3 1 0 8 
504 1 18.7072 10.9467 24.0586 0.00180717 -0.00128495 0.00100687 0.0024353125 0.0 16 22.1705763629 2.4073343237 0 0 2 3 3 6 1 1 0 8 
411 1 24.0529 9.96081 26.0826 2.70273e-04 -0.00149433 0.00283002 0.0032117103 0.0 15 23.1130486336 2.3797439122 0 0 0 3 6 6 0 0 0 6 
402 1 26.2604 13.7302 22.6023 0.00513282 0.00197152 -8.39581e-04 0.0055621604 0.0 15 20.9839484464 2.1626177748 0 0 1 2 7 3 2 0 0 7 
844 1 24.5536 12.2544 24.215 -3.53344e-04 -4.73994e-04 -0.00118711 0.0013261796 0.0 14 21.6151220698 2.342144775 0 0 1 4 3 4 2 0 0 7 
435 1 25.8143 15.661 20.3508 -3.96738e-04 -0.00145949 0.00206169 0.0025569665 0.0 13 19.5375694415 2.1774285477 0 0 0 2 8 3 0 0 0 6 
784 1 24.7254 16.2591 22.9579 -0.00197741 4.79286e-04 -0.00227876 0.0030549325 0.0 15 21.0318753388 2.2683220735 0 0 1 2 7 3 2 0 0 7 
596 2 22.2501 9.47055 18.6599 0.00237193 6.23156e-04 0.00152625 0.0028885661 0.0 13 16.0489012839 2.2607880592 0 0 2 3 3 3 1 1 0 8 
186 1 20.3936 8.80879 21.384 8.73279e-04 -9.25323e-05 0.00457259 0.0046561527 0.0 15 21.7832604086 2.3728029559 0 0 2 3 4 4 0 2 0 8 
170 1 19.9724 16.8507 18.1047 0.00308 -0.00594299 0.00253081 0.0071561533 0.0 15 23.5813936531 2.3639292073 0 0 0 2 8 5 0 0 0 6 
707 1 23.1384 16.7906 20.4904 -4.29107e-04 0.00254374 -0.00510933 0.0057236351 0.0 14 21.3341405178 2.3639292073 0 0 0 3 6 5 0 0 0 6 
403 1 18.6903 16.6764 21.3415 -5.99915e-04 -8.42105e-04 0.00320964 0.0033720658 0.0 13 21.7876695508 2.3639292073 0 0 1 3 4 4 1 0 0 7 
268 1 22.5108 9.45894 23.1631 -0.00162864 0.00144392 1.05953e-04 0.0021791281 0.0 15 23.0734896807 2.4073343237 0 0 2 0 8 4 0 1 0 8 
48 1 25.8976 8.88198 23.1143 0.00246419 -0.00222454 0.00389357 0.0051167077 0.0 16 23.2546001218 2.1816982987 0 0 0 5 3 7 1 0 0 7 
363 1 24.0116 14.3203 25.9197 3.24177e-05 9.69981e-04 -0.00217782 0.0023842848 0.0 15 22.0340524695 2.3797439122 0 0 1 5 2 4 3 0 0 7 
628 1 24.1068 11.0525 21.275 0.00133173 0.00238403 0.00460275 0.0053518606 0.0 15 22.3708203668 2.2607880592 0 0 1 4 2 7 1 0 0 7 
581 1 22.7268 14.0855 23.1516 -0.00396211 0.00118324 3.06704e-04 0.0041463767 0.0 13 22.0373165001 2.2669661211 0 0 0 4 5 3 1 0 0 7 
490 1 20.8868 14.5322 20.0739 -0.00118213 7.33453e-04 -0.00207078 0.0024946973 0.0 15 24.4568940712 2.3522335702 0 0 0 2 8 5 0 0 0 6 
379 1 21.1801 11.8016 21.5784 -0.0022476 0.00319391 5.23862e-04 0.0039404566 0.0 15 24.3650535014 2.2522779195 0 0 1 4 3 5 2 0 0 7 
105 1 23.462 18.1277 24.9955 -8.3807e-04 4.51461e-04 -0.00365014 0.0037722275 0.0 13 22.1093663018 2.274038959 0 0 0 3 6 4 0 0 0 6 
421 1 4.69592 19.4256 20.9602 -0.00125566 -3.03235e-05 -0.0017766 0.0021757548 0.0 13 22.3734800389 2.3697837533 0 0 0 4 4 5 0 0 0 6 
913 2 3.91714 23.4395 25.6033 -0.00173625 0.00123806 0.00277446 0.0034992835 0.0 14 16.4228074656 2.39862854 0 0 1 6 1 2 4 0 0 7 
934 1 2.179 21.2853 20.5705 0.00129272 -5.02725e-04 -5.10015e-04 0.001477827 0.0 15 21.9071758745 2.4171936193 0 0 2 4 3 3 2 0 1 9 
458 1 4.40799 22.0634 22.0695 3.76982e-04 0.00142444 -6.18798e-04 0.0015981413 0.0 14 19.932555564 2.2161741235 0 0 0 4 5 4 1 0 0 7 
130 1 2.39671 18.9121 22.6914 -0.00238757 -0.00199805 -0.00245002 0.0039617284 0.0 14 22.230537401 2.2179683888 0 0 0 3 6 5 0 0 0 6 
902 1 2.2819 17.5066 20.0323 7.65401e-04 0.00209699 -0.00273906 0.0035335047 0.0 16 23.6286113733 2.4171936193 0 0 2 3 4 3 4 0 0 7 
40 1 7.28657 23.4425 21.7761 0.00160518 0.0031226 -0.00206664 0.0040740931 0.0 18 24.9570208354 2.5264999839 0 0 1 4 5 4 4 0 0 7 
82 1 7.66528 25.8139 20.3037 -1.12043e-04 0.00102037 0.00127595 0.0016376071 0.0 13 22.4100027541 2.3954605175 0 0 0 3 7 2 1 0 0 7 
618 1 1.87974 22.1199 23.5376 -0.00243517 0.00247986 0.00260167 0.0043414796 0.0 17 23.2650066145 2.39862854 0 0 1 4 4 5 3 0 0 7 
119 2 7.46738 25.8228 23.699 0.00143799 -8.01689e-04 -0.00255086 0.0030360183 0.0 13 15.6830873153 2.182740015 0 0 2 2 3 5 1 0 0 7 
522 1 7.82223 18.6048 21.5636 -0.00371078 -9.18789e-04 -0.00446232 0.0058759136 0.0 14 23.3489957146 2.2235529808 0 0 0 4 4 6 0 0 0 6 
64 1 4.90815 24.5737 20.3702 -9.04271e-04 0.0010425 0.00131186 0.0019040717 0.0 13 21.4964748649 2.2920754893 0 0 0 3 6 4 0 0 0 6 
274 1 6.79576 23.8882 18.263 0.00520478 6.62175e-04 -0.00212097 0.0056592159 0.0 14 21.0806957457 2.4513264168 0 0 0 3 6 5 0 0 0 6 
506 1 0.57361 19.7344 18.5966 -0.00182579 -0.00163421 -0.00256897 0.0035501772 0.0 16 23.6926887647 2.4171936193 0 0 3 2 4 3 3 1 0 8 
173 1 4.44405 21.8926 18.915 -8.14863e-06 -0.00292325 -0.00209232 0.0035948936 0.0 15 20.8911056733 2.4107425917 0 0 2 4 4 2 1 1 1 9 
845 2 4.5722 24.6046 23.6951 -0.00104138 0.00128991 -3.98021e-04 0.0017049225 0.0 15 18.4785877573 2.3187958891 0 0 3 2 4 2 3 1 0 8 
102 2 8.80663 25.9127 26.133 -0.00132124 0.00170229 -1.29774e-04 0.0021587746 0.0 14 15.7037878256 1.9948848875 0 0 0 3 7 3 1 0 0 7 
112 1 26.6045 25.1324 22.0094 1.02628e-04 4.88007e-04 9.06921e-04 0.0010349826 0.0 15 21.8532145406 2.3549585915 0 0 3 2 3 4 2 1 0 8 
744 2 2.53424 24.8075 0.368331 0.00138082 0.00265213 -0.00306823 0.0042842144 0.0 14 14.3505152943 2.3738282654 0 0 2 1 6 3 2 0 0 7 
946 2 2.1121 25.1168 24.0506 -0.00136148 1.38117e-04 0.0012708 0.0018675215 0.0 14 18.8755520479 2.3736129742 0 0 1 5 2 3 3 0 0 7 
800 1 7.02406 21.0618 19.893 3.57488e-04 -0.0041953 -0.00131082 0.0044098287 0.0 15 23.1275615383 2.4769733283 0 0 0 3 6 6 0 0 0 6 
373 2 8.45106 23.7667 24.9312 -9.47429e-04 -0.0016179 -0.00133874 0.0023037897 0.0 13 16.6284771796 2.2865014715 0 0 2 3 3 3 1 1 0 8 
327 1 5.08715 19.06 18.0289 0.00140262 -0.00324736 0.00122082 0.0037420705 0.0 15 22.7097661637 2.4171936193 0 0 0 3 6 6 0 0 0 6 
543 1 1.98445 19.0471 25.5043 4.57628e-04 0.00459221 -0.00203636 0.0050442619 0.0 13 20.8620589679 2.3361815183 0 0 0 1 10 2 0 0 0 6 
251 1 9.53478 24.7917 18.3235 0.00170878 -7.76144e-04 -0.00161185 0.002473942 0.0 14 22.8832053314 2.5248485611 0 0 0 4 5 4 1 0 0 7 
647 2 3.87791 26.1556 25.5919 0.00228779 2.03798e-04 0.00155385 0.0027730789 0.0 14 13.5154448147 1.9205696408 0 0 0 1 10 3 0 0 0 6 
49 1 2.7357 0.13113 19.6449 -4.37294e-04 -0.00240066 -0.00118277 0.0027117041 0.0 14 22.2702333211 2.4057904265 0 0 1 1 8 3 1 0 0 7 
835 2 5.38645 0.268924 22.7822 -0.00199788 0.00108965 -0.00188095 0.0029524286 0.0 17 20.0693872493 2.4057904265 0 0 1 3 7 3 2 1 0 8 
418 2 0.998957 26.3035 25.8276 -0.00231503 -8.83134e-04 6.30786e-06 0.002477767 0.0 15 19.1716946853 2.3932315546 0 0 2 2 6 2 2 1 0 8 
560 1 4.83473 25.833 17.6129 0.00314856 4.51646e-04 0.00113713 0.00337794 0.0 13 20.6119752915 2.1163826382 0 0 0 2 8 3 0 0 0 6 
345 2 6.33071 25.3179 25.8044 -0.00155909 0.00368722 -0.00167847 0.0043409232 0.0 13 13.9488634095 2.0462405055 0 0 0 4 4 5 0 0 0 6 
265 2 6.40094 22.653 25.6325 1.00211e-04 2.88401e-05 -0.00314344 0.0031451692 0.0 17 16.9504662617 2.2206890506 0 0 4 3 1 4 3 2 0 8 
33 1 6.79035 19.7996 25.5254 4.69557e-04 0.00109529 0.00285358 0.0030924202 0.0 13 20.1724949892 2.1596960217 0 0 0 3 6 4 0 0 0 6 
930 1 2.40082 24.2327 21.1762 -9.37866e-04 -0.00256269 0.00420213 0.0050104759 0.0 16 22.0809769213 2.4057904265 0 0 0 5 4 5 2 0 0 7 
399 1 6.7573 20.8933 22.8988 0.00305958 -0.00423183 -0.00100462 0.0053177699 0.0 14 19.641086505 2.2206890506 0 0 2 2 5 2 3 0 0 7 
31 1 2.77131 24.0742 18.0612 0.00161904 -0.00469151 2.18732e-04 0.0049678366 0.0 15 20.972030062 2.3343029155 0 0 4 1 4 2 2 2 0 8 
554 1 4.24856 20.417 24.4717 1.5222e-04 -0.00157555 0.0014412 0.0021406976 0.0 14 20.4981385186 2.1596960217 0 0 0 4 4 6 0 0 0 6 
218 1 4.62921 18.5692 0.161535 -2.03441e-04 -2.47462e-04 0.00115484 0.0011984495 0.0 16 21.9615557105 2.170357238 0 0 0 1 10 5 0 0 0 6 
519 1 10.7469 24.4331 20.8818 6.37714e-04 0.00331342 3.68181e-04 0.0033942582 0.0 14 23.6098848556 2.5264999839 0 0 1 2 6 4 1 0 0 7 
942 2 9.77267 26.0342 23.7154 6.00615e-04 2.34178e-04 0.00110169 0.0012764398 0.0 15 18.2905401685 2.2992267864 0 0 2 2 4 5 2 0 0 7 
642 1 11.299 23.3298 23.5642 0.00173635 0.00537284 -0.00403602 0.0069405892 0.0 14 22.4810223795 2.3279430687 0 0 0 2 8 4 0 0 0 6 
536 1 13.5287 22.3075 21.6218 0.00255849 0.00133204 -0.00336803 0.0044343915 0.0 15 22.9496858748 2.3337665877 0 0 0 4 6 3 2 0 0 7 
50 1 15.846 26.061 23.2273 0.0014411 -4.23467e-04 0.00310097 0.0034455926 0.0 14 22.0134206299 2.2698801695 0 0 1 3 5 3 2 0 0 7 
634 2 10.3739 23.7576 26.4409 5.89538e-04 4.66256e-04 -8.22133e-04 0.0011139355 0.0 13 14.8648130375 2.2957906187 0 0 0 4 4 5 0 0 0 6 
839 1 16.4101 18.4505 21.6953 0.00214682 1.32037e-04 0.00295685 0.003656396 0.0 15 21.541928453 2.3080418474 0 0 2 3 3 5 1 1 0 8 
456 1 15.3632 24.3116 20.5421 -6.86732e-04 0.00122126 -6.10455e-04 0.0015283102 0.0 14 23.1385872349 2.3395276735 0 0 2 4 0 6 2 0 0 7 
626 1 13.6578 20.2678 18.6451 0.00100758 0.00429836 -0.00344392 0.005599259 0.0 13 22.0037806736 2.396721131 0 0 2 3 3 2 3 0 0 7 
394 2 13.9577 25.7745 26.5074 -0.0010603 0.00134168 -2.06606e-04 0.0017225061 0.0 15 17.5463428124 2.2234561488 0 0 1 2 6 5 1 0 0 7 
987 2 11.6761 26.3937 25.6274 9.21965e-04 -7.77414e-04 -5.21678e-04 0.0013139787 0.0 15 16.3064215394 2.2106204189 0 0 1 3 5 4 2 0 0 7 
340 1 17.1367 23.2611 22.5862 -0.0016243 0.00242456 0.00125621 0.0031772481 0.0 16 23.4999247095 2.2698801695 0 0 0 4 4 8 0 0 0 6 
30 1 16.8965 24.3828 25.1835 1.81571e-04 0.00109156 0.00240278 0.0026453399 0.0 12 19.83765518 2.1209303627 0 0 0 2 8 2 0 0 0 6 
557 2 12.1244 1.95161 21.4607 -0.00360913 0.00209448 0.00126199 0.0043595051 0.0 14 15.8361337021 2.3710614118 0 0 3 2 4 1 3 1 0 8 
507 1 10.5725 19.5097 19.3653 -0.00222684 5.86723e-04 -0.00268375 0.0035363221 0.0 13 22.2598797903 2.2842907108 0 0 0 3 6 4 0 0 0 6 
939 1 12.9295 20.8853 24.1597 0.00525909 -0.00595853 -0.00144324 0.0080774408 0.0 15 24.4576064769 2.3279430687 0 0 0 2 8 5 0 0 0 6 
478 1 10.8444 18.4688 22.0993 -0.0021915 -0.0020038 -0.0011933 0.0032002893 0.0 12 23.2525402683 2.2852774839 0 0 0 4 4 4 0 0 0 6 
572 1 12.868 25.9237 22.3539 7.55979e-04 0.00487239 0.00446635 0.0066528168 0.0 17 24.5609451891 2.3609605932 0 0 2 1 6 6 2 0 0 7 
518 1 14.3147 23.4804 24.044 0.00425281 -0.00419069 -3.65085e-04 0.0059817692 0.0 14 21.2724096366 2.2234561488 0 0 0 4 4 6 0 0 0 6 
544 1 11.6637 22.2889 19.0606 -2.62208e-05 -0.00232287 2.9847e-04 0.0023421138 0.0 15 23.417061132 2.3626828493 0 0 1 2 7 3 2 0 0 7 
809 1 16.7312 -0.115371 20.5823 -9.21448e-04 0.00318948 -0.00209059 0.0039233169 0.0 15 21.8711284824 2.2722745588 0 0 1 5 2 5 1 1 0 8 
266 1 16.0873 21.1705 19.6483 0.00182975 -5.81648e-04 0.00141352 0.002384185 0.0 15 22.9120353836 2.4231259836 0 0 0 3 6 6 0 0 0 6 
976 1 15.217 18.3706 24.5031 -8.53197e-04 6.10581e-04 -0.00429989 0.0044260375 0.0 16 22.2225951098 2.2689087239 0 0 0 2 8 6 0 0 0 6 
18 1 15.5359 21.4299 25.8049 0.00121493 0.00492886 5.82901e-04 0.0051097446 0.0 16 22.9410597133 2.2413881262 0 0 1 3 5 5 2 0 0 7 
608 1 12.1596 17.7301 24.4457 -0.00120183 0.00289784 -7.41083e-04 0.0032235192 0.0 14 22.9801307813 2.3299821464 0 0 0 6 0 8 0 0 0 6 
524 1 13.6912 19.1227 21.4086 6.86823e-04 8.35395e-04 -0.00205358 0.0023209484 0.0 15 21.4836915443 2.2842907108 0 0 0 2 8 5 0 0 0 6 
948 1 12.2629 25.969 19.4749 0.0011057 4.24984e-04 0.00210926 0.0024191241 0.0 16 22.9195204783 2.3991502298 0 0 1 3 4 7 1 0 0 7 
311 1 9.12791 20.9546 24.2077 0.00267192 -2.93361e-04 0.00120756 0.002946764 0.0 16 24.2367909628 2.3279430687 0 0 0 5 3 7 1 0 0 7 
833 1 10.3284 21.3928 21.5499 -0.00102553 0.0015793 0.00127397 0.0022735215 0.0 14 24.8318109729 2.5264999839 0 0 0 1 10 3 0 0 0 6 
252 1 9.01741 21.4973 17.8672 2.38604e-04 -3.64684e-04 -0.00262058 0.0026565703 0.0 13 21.510535646 2.5264999839 0 0 0 2 8 3 0 0 0 6 
664 1 15.4169 20.7394 22.9442 0.00230732 -0.00149718 0.00179504 0.0032844242 0.0 12 19.4787766649 2.2041534934 0 0 2 2 4 2 2 0 0 7 
66 1 15.0511 17.695 19.1284 4.85896e-04 -0.00286109 -8.41012e-04 0.0030214619 0.0 13 22.8994021929 2.4231259836 0 0 1 3 4 4 1 0 0 7 
155 1 21.1201 18.7905 26.5194 0.0031032 0.0020766 0.00100031 0.0038655838 0.0 15 22.2591814985 2.1980380507 0 0 1 4 4 3 3 0 0 7 
711 1 24.6566 23.4664 17.5772 7.65866e-04 -0.00166339 -0.00294092 0.003464452 0.0 13 22.0485783216 2.2732210666 0 0 1 3 4 4 1 0 0 7 
73 1 25.9433 18.4756 20.8887 9.5335e-07 -0.00466597 3.95013e-04 0.0046826608 0.0 15 22.0842494459 2.2286767175 0 0 1 2 7 3 2 0 0 7 
154 1 22.4937 25.7005 22.2718 -7.08604e-04 0.00169851 8.85842e-04 0.0020424916 0.0 16 25.7193985884 2.3945533777 0 0 0 3 7 5 1 0 0 7 
440 1 19.883 19.7239 17.6251 -0.00142595 0.00137231 4.2846e-04 0.0020248818 0.0 14 22.2098378085 2.3596170373 0 0 0 2 8 4 0 0 0 6 
648 1 26.1362 19.1409 23.8488 -0.00100826 -0.00169351 -0.00273548 0.0033715598 0.0 14 22.4166102967 2.3030880339 0 0 1 1 8 3 1 0 0 7 
920 1 -0.0213621 21.1549 26.0709 8.10933e-04 -8.60366e-04 0.00395247 0.0041255134 0.0 15 22.5721329235 2.394205552 0 0 1 0 9 5 0 0 0 6 
953 1 0.148312 22.6128 19.0001 1.25721e-04 0.00446282 7.50251e-04 0.0045271895 0.0 15 19.4248714676 2.3608418907 0 0 3 2 4 3 2 0 1 9 
300 1 24.1604 25.7404 26.0072 0.00417466 -4.82564e-04 -0.00245369 0.0048663383 0.0 15 26.3469639927 2.3945533777 0 0 1 3 4 6 1 0 0 7 
414 1 26.2616 21.555 21.7907 -0.00387045 -0.00226467 0.00309795 0.0054503585 0.0 17 22.880804983 2.2118097197 0 0 1 5 2 6 3 0 0 7 
168 1 19.0884 25.8928 24.1689 0.0011329 -8.3805e-04 -0.00161257 0.002141535 0.0 13 22.4423229784 2.2698801695 0 0 0 1 10 2 0 0 0 6 
388 1 26.8295 25.4553 19.115 0.00273857 0.00175002 0.00432508 0.0054100511 0.0 16 23.3097822718 2.3081423002 0 0 1 3 5 5 2 0 0 7 
993 1 20.0711 25.5819 18.143 -6.05734e-04 0.0018762 2.96691e-04 0.0019937567 0.0 12 19.4663705158 2.1783250896 0 0 0 2 8 2 0 0 0 6 
882 1 18.9589 22.1829 24.9919 -9.46543e-04 -0.00129376 -0.00194701 0.0025220243 0.0 13 21.7762911496 2.2041534934 0 0 1 0 9 3 0 0 0 6 
287 1 25.8884 23.3089 24.1176 0.00151823 -0.00122965 -0.00383767 0.0043063642 0.0 15 24.9427642177 2.3945533777 0 0 2 3 4 3 2 1 0 8 
997 1 20.3603 23.1027 22.0103 -0.00118828 0.0046275 0.00170677 0.005073345 0.0 14 23.9582525162 2.1968884434 0 0 0 2 8 4 0 0 0 6 
510 1 24.6615 23.6185 20.5067 7.82107e-04 0.00137212 -0.00509567 0.0053348156 0.0 13 21.1203572926 2.284171759 0 0 1 3 4 4 1 0 0 7 
38 1 24.9052 20.8295 19.258 0.00416258 -0.00223322 -0.00269846 0.0054402234 0.0 12 18.7862392189 2.1857350306 0 0 0 4 4 4 0 0 0 6 
240 1 23.0238 22.8168 22.7952 -0.001134 9.28831e-04 -0.00278049 0.0031432161 0.0 14 23.1967994177 2.3854242621 0 0 1 3 5 3 2 0 0 7 
622 1 21.0892 20.4915 23.96 9.4037e-04 8.70633e-04 0.00123788 0.0017817532 0.0 16 24.4516526632 2.2311858965 0 0 0 3 6 7 0 0 0 6 
571 1 20.5925 1.37121 23.3294 -0.0044407 0.00234043 -0.00150308 0.0052399121 0.0 13 20.8645356848 2.2889869622 0 0 0 2 8 3 0 0 0 6 
694 1 18.7526 21.3908 20.1032 0.00216826 -0.00102537 0.0020506 0.0031555816 0.0 13 20.8332558757 2.1908273159 0 0 1 2 5 5 0 0 0 6 
745 1 21.908 24.1593 19.6283 0.00289903 0.00145308 0.00252278 0.0041085564 0.0 16 22.3766227762 2.1908273159 0 0 0 4 5 6 1 0 0 7 
685 1 23.9826 20.7883 24.6771 -0.00327432 0.00352565 -0.00205471 0.0052319416 0.0 13 20.7573654952 2.2178052245 0 0 0 4 4 5 0 0 0 6 
241 1 21.2225 24.2383 25.1071 -0.0030234 0.00161791 -0.00401937 0.0052833621 0.0 14 23.568390534 2.3076628814 0 0 0 2 8 4 0 0 0 6 
192 1 19.9031 22.8468 17.5473 -0.00192082 9.86568e-04 -0.00289497 0.0036116087 0.0 13 22.019617714 2.2428699044 0 0 0 2 8 3 0 0 0 6 
120 1 18.3844 20.5059 22.6972 -0.00115599 -0.00262543 5.31506e-04 0.0029174808 0.0 15 20.6323515977 2.1930882576 0 0 3 2 3 4 2 1 0 8 
612 1 22.2471 21.422 20.1834 -1.99086e-04 -3.56127e-04 -0.00286568 0.0028945783 0.0 15 21.9083532555 2.2118097197 0 0 0 4 5 5 1 0 0 7 
125 1 19.5575 26.3493 21.2072 4.29834e-04 0.00227072 -0.00332581 0.0040499307 0.0 15 23.1176247545 2.2698801695 0 0 0 2 8 5 0 0 0 6 
531 1 23.5521 19.4037 22.0547 3.73823e-05 -0.00109899 -0.00296237 0.0031598754 0.0 14 22.5885879291 2.2118097197 0 0 0 2 8 4 0 0 0 6 
958 1 17.7205 18.6521 19.2029 0.00194314 0.00179934 0.00112544 0.0028775046 0.0 14 21.8108802585 2.4231259836 0 0 2 2 4 4 2 0 0 7 
723 1 20.4025 19.2691 20.9293 -2.44811e-04 -0.00143961 7.22704e-04 0.0016293282 0.0 15 23.9837569323 2.3639292073 0 0 1 2 7 3 2 0 0 7 
415 1 18.0408 19.6189 25.649 2.10396e-04 -1.38405e-04 1.10081e-04 2.7484586117e-04 0.0 15 22.9442723195 2.2977156243 0 0 3 1 5 3 2 1 0 8 
699 1 18.0745 24.317 19.6167 9.36041e-04 -0.00100432 -0.0032632 0.0035402409 0.0 15 21.9939062642 2.1908273159 0 0 0 3 7 4 1 0 0 7 
