# Particles (1000 particles):
# "Particle Identifier" "Particle Type" Position.X Position.Y Position.Z Velocity.X Velocity.Y Velocity.Z "Velocity Magnitude" Centrosymmetry Coordination "Atomic Volume" "Cavity Radius" "Voronoi Index.1" "Voronoi Index.2" "Voronoi Index.3" "Voronoi Index.4" "Voronoi Index.5" "Voronoi Index.6" "Voronoi Index.7" "Voronoi Index.8" "Voronoi Index.9" "Max Face Order"
196 2 1.82209 2.57402 2.57501 -0.00113787 0.00310459 5.75613e-04 0.0033562714 0.0 14 17.2326050934 2.1492343483 0 0 2 3 3 4 1 1 0 8 
292 2 6.52225 26.4581 5.00883 -0.0012227 0.00182581 -0.00172951 0.0027963874 0.0 15 13.4977486189 1.9863059035 0 0 1 3 5 4 2 0 0 7 
285 2 6.27452 2.70935 5.3524 -0.00395281 -0.00421105 -0.0012864 0.0059171339 0.0 14 16.7783885098 2.179847369 0 0 1 2 6 4 1 0 0 7 
313 2 1.94049 -0.0329395 3.38762 -5.23581e-04 -0.00430664 -3.8958e-04 0.0043558074 0.0 14 14.7423885345 2.0769718223 0 0 0 4 4 6 0 0 0 6 
533 1 5.54314 4.27545 8.49321 -0.00127308 -0.00171098 0.00131426 0.0025050877 0.0 15 22.1506468694 2.1067787863 0 0 1 2 5 7 0 0 0 6 
719 1 5.3167 6.42563 3.04396 0.00183951 4.23067e-04 8.21241e-04 0.0020584508 0.0 15 22.4132654071 2.213567619 0 0 0 4 5 5 1 0 0 7 
856 1 7.75342 8.92219 4.9704 -0.00113462 -4.17247e-04 -8.18685e-04 0.0014600352 0.0 17 22.8087617359 2.224911423 0 0 2 3 4 4 4 0 0 7 
962 1 4.57531 8.32456 5.26398 6.66036e-04 -2.23604e-04 -0.0010123 0.0012322151 0.0 14 21.2504072527 2.2611066342 0 0 1 2 7 2 2 0 0 7 
895 2 3.39577 4.64533 1.46838 -0.00188594 9.21492e-04 0.00254596 0.0032996711 0.0 14 17.8810927058 2.1371016134 0 0 1 2 5 6 0 0 0 6 
766 1 3.56248 7.70289 1.02056 0.00215446 3.32513e-05 3.41468e-04 0.0021816058 0.0 15 21.1625640466 2.2611066342 0 0 1 2 7 3 2 0 0 7 
967 1 6.79704 5.89196 5.53808 3.48304e-04 -0.00161113 -0.00457135 0.0048594543 0.0 13 21.5294298751 2.2086034492 0 0 0 1 10 2 0 0 0 6 
249 2 2.7517 3.0934 8.53174 -0.00148015 -0.00169822 -0.00101438 0.0024705793 0.0 15 19.2959639556 2.4325631378 0 0 1 5 2 5 1 1 0 8 
817 1 3.89305 5.24217 5.95262 9.91567e-05 -6.26549e-04 5.32844e-04 8.28443377e-04 0.0 17 23.0754120938 2.4325631378 0 0 0 3 7 6 1 0 0 7 
777 2 8.318 1.17425 4.86087 0.00222941 7.4041e-04 0.00211401 0.0031603029 0.0 14 12.5064879704 1.827662382 0 0 0 4 4 6 0 0 0 6 
871 2 5.01322 2.8233 1.27977 0.00374735 0.00143783 -0.00220992 0.0045818919 0.0 12 12.6532572416 2.1409850011 0 0 0 2 8 2 0 0 0 6 
668 2 8.26487 0.0939276 9.05037 6.40969e-04 -0.00367449 -0.00186221 0.004168998 0.0 16 14.7816451033 2.3134550676 0 0 2 3 4 3 4 0 0 7 
131 1 5.08453 7.09392 7.6489 -0.00127108 0.00198915 0.00244898 0.0034014504 0.0 15 21.5815221 2.224911423 0 0 1 3 5 4 2 0 0 7 
494 2 3.80976 1.82729 5.94959 -0.00511443 0.00212527 -0.00121294 0.0056696905 0.0 17 16.4219530558 2.166272408 0 0 1 5 4 3 3 1 0 8 
378 2 6.47466 3.42817 3.00758 0.00260105 1.31317e-04 -0.00381508 0.0046192576 0.0 15 14.7058431167 2.195964453 0 0 0 6 2 5 2 0 0 7 
482 2 7.19136 1.37914 7.22388 0.00234622 -0.00589064 -0.001402 0.0064938426 0.0 13 14.9454039619 2.1688294441 0 0 0 3 7 2 1 0 0 7 
11 2 4.03398 2.87166 3.51039 5.13558e-05 0.00182389 0.00180014 0.0025631458 0.0 15 16.0091561682 2.1882037392 0 0 1 2 8 2 1 1 0 8 
787 2 8.29108 3.66215 6.63704 -0.00210129 -5.68934e-04 -0.00252573 0.0033344291 0.0 13 17.7224661028 2.0934580598 0 0 1 2 6 3 1 0 0 7 
593 2 1.94648 7.2655 3.8242 0.00289807 -0.00172191 -2.52267e-05 0.0033711156 0.0 15 20.1823474497 2.2611066342 0 0 0 5 4 4 2 0 0 7 
487 2 6.04817 1.08381 2.51588 -7.00315e-04 -8.77772e-04 0.00411652 0.0042669265 0.0 15 12.8603776749 1.8656499869 0 0 0 2 8 5 0 0 0 6 
737 2 3.81039 0.762789 1.95822 -0.00235634 -0.00361108 -0.00244201 0.0049553658 0.0 14 14.5067549369 2.2428796328 0 0 0 3 6 5 0 0 0 6 
224 2 7.73909 4.02064 1.22526 -8.74466e-04 -6.13473e-04 -0.00338234 0.0035470077 0.0 14 15.5586391838 2.1720937683 0 0 0 5 4 3 2 0 0 7 
3 2 1.87964 7.46873 6.34481 0.00478618 -0.00139421 -3.45152e-04 0.0049970462 0.0 15 18.2777406524 2.4055217375 0 0 2 2 5 3 3 0 0 7 
579 2 4.71378 1.19905 8.44227 0.00165016 -4.60844e-04 -1.71619e-04 0.0017218764 0.0 17 18.3867373708 2.3134550676 0 0 3 4 1 3 6 0 0 7 
83 2 8.49738 3.61354 4.39627 -8.1341e-05 9.47122e-04 -0.00268882 0.0028519133 0.0 13 15.7650483606 2.1489643348 0 0 0 3 6 4 0 0 0 6 
896 1 0.627155 7.16658 0.855601 -0.00216892 0.00231902 0.00181929 0.0036594923 0.0 15 23.0684362706 2.2205992674 0 0 0 2 9 3 1 0 0 7 
638 2 2.2008 4.98846 3.62745 -0.00115475 0.00163618 0.00145148 0.002473323 0.0 14 16.9603950786 2.1552279792 0 0 1 3 5 3 2 0 0 7 
291 2 5.40759 4.87142 0.167029 0.00156097 -6.18328e-04 0.0032446 0.0036532706 0.0 12 14.4018170745 2.170496228 0 0 0 3 6 3 0 0 0 6 
471 2 8.83045 26.2505 6.54494 0.00104385 5.19764e-04 0.00257311 0.0028250084 0.0 13 12.7056351285 1.8356363551 0 0 0 3 6 4 0 0 0 6 
401 2 4.22259 26.1579 6.40228 4.7737e-04 -0.00179524 9.531e-04 0.0020878622 0.0 13 13.0753251617 2.0957545155 0 0 1 2 6 3 1 0 0 7 
729 2 26.5824 3.84022 3.90967 -0.0036417 0.00421044 -2.00264e-04 0.0055704479 0.0 12 14.8542860152 2.1461136563 0 0 0 2 8 2 0 0 0 6 
126 2 2.20308 0.151112 5.70378 -0.003839 0.00207568 8.03079e-04 0.0044374885 0.0 14 12.8829290005 2.166272408 0 0 2 3 3 4 1 1 0 8 
137 2 0.473042 1.76958 4.83698 0.00121609 -0.00293705 0.00324927 0.0045456455 0.0 17 15.4822272495 2.0844944356 0 0 2 3 4 5 2 1 0 8 
940 2 26.7921 6.09885 7.79712 0.00347235 -0.00107512 -0.00316934 0.0048226355 0.0 15 16.6410975912 2.4325631378 0 0 1 4 3 5 2 0 0 7 
175 2 4.31602 0.0994891 4.14747 5.75919e-04 0.00401857 0.00130268 0.0042635153 0.0 13 12.5928818979 1.9652558441 0 0 1 2 6 3 1 0 0 7 
23 2 1.4693 2.67292 6.52289 0.00194452 0.00233169 2.17202e-04 0.0030438648 0.0 12 13.1817502123 2.1439563781 0 0 2 2 4 3 0 1 0 8 
574 1 8.36456 6.9353 2.59271 -0.00253707 0.00333122 0.00301302 0.0051586859 0.0 17 25.0345128886 2.2536434418 0 0 0 3 7 6 1 0 0 7 
942 2 7.65784 1.52007 0.289295 -0.00447082 -8.89025e-04 1.90613e-04 0.0045623382 0.0 15 13.2794072922 1.9824466421 0 0 1 3 4 6 1 0 0 7 
780 1 7.94741 6.57283 8.23594 3.46067e-04 2.01483e-04 0.00275218 0.0027811603 0.0 15 22.9784714501 2.3188891835 0 0 0 2 8 5 0 0 0 6 
336 2 8.51854 1.80885 2.40547 -3.15435e-04 0.00120242 -4.38326e-04 0.0013181209 0.0 15 13.9772462291 2.0632536568 0 0 0 3 6 6 0 0 0 6 
386 2 9.32465 26.5774 1.12298 -4.06646e-05 1.15941e-04 -0.00321947 0.0032218136 0.0 15 14.0715700134 2.0669197669 0 0 3 2 2 6 1 1 0 8 
906 2 10.0777 5.14644 0.532478 0.00104007 -0.00121281 -0.00149432 0.0021876119 0.0 13 16.3121281303 2.2536434418 0 0 2 3 3 3 1 1 0 8 
625 2 14.7426 0.429984 7.38898 0.00196848 -3.41336e-04 -9.27054e-05 0.0020000045 0.0 13 13.8573038856 2.4092661097 0 0 1 2 5 5 0 0 0 6 
145 2 7.71606 26.2468 2.86244 -0.003326 -0.00307543 0.00328105 0.0055933742 0.0 12 11.3910724746 1.7753090802 0 0 0 3 6 3 0 0 0 6 
312 1 16.8148 5.88276 0.544578 -7.3852e-05 0.00123943 0.00262468 0.0029035471 0.0 17 24.005866176 2.2692243828 0 0 4 2 3 5 1 0 2 9 
660 2 11.5815 0.841773 1.97026 0.0017125 0.00267321 -4.25212e-04 0.0032030475 0.0 14 16.7676354825 2.1242631273 0 0 2 2 4 4 2 0 0 7 
42 1 12.4527 6.99357 6.69148 -6.14621e-04 -0.00640316 0.00276559 0.0070019072 0.0 16 21.9611518188 2.2494330652 0 0 1 2 7 4 2 0 0 7 
221 2 14.3998 1.07719 5.15545 -0.003664 -6.49845e-04 0.00375886 0.0052892554 0.0 15 18.082928307 2.4092661097 0 0 3 2 2 6 1 1 0 8 
357 1 14.5543 9.32261 1.36086 7.54474e-04 5.3908e-04 -0.0015339 0.0017923971 0.0 15 22.8270077046 2.4260635466 0 0 2 4 1 5 3 0 0 7 
843 2 12.4905 0.289994 4.39985 -0.0026081 -9.85936e-04 -4.68284e-04 0.0028272859 0.0 12 13.1843931726 2.174688277 0 0 1 2 6 2 1 0 0 7 
662 1 13.3072 4.59426 25.2139 -0.00107295 0.00114829 -7.27832e-04 0.0017319154 0.0 16 23.3556652756 2.1801338887 0 0 3 3 1 5 4 0 0 7 
829 1 11.6644 4.25383 5.8693 0.00150873 -0.00236874 0.00401839 0.004902515 0.0 15 20.9588758026 2.3205248841 0 0 1 2 6 5 1 0 0 7 
473 2 10.6678 2.24644 9.00068 -0.00147731 9.97726e-04 0.00261762 0.0031669917 0.0 15 17.2867956919 2.1974085346 0 0 1 3 6 2 3 0 0 7 
27 1 13.1289 6.43736 0.916743 0.00278777 -0.00114382 5.73943e-04 0.0030674739 0.0 18 24.8023159282 2.428894324 0 0 4 3 2 3 4 2 0 8 
459 2 9.87627 1.60348 6.95052 -0.00250076 0.00302943 0.00153546 0.0042176871 0.0 15 15.1635714645 2.0319415179 0 0 1 3 5 4 2 0 0 7 
535 1 10.6243 8.54327 4.41314 0.00470436 -0.0027365 7.72731e-04 0.0054969581 0.0 14 22.002938121 2.2494330652 0 0 1 3 4 5 1 0 0 7 
700 2 10.7459 26.4063 8.21303 -8.60694e-04 1.43247e-04 -0.00264812 0.0027881631 0.0 15 13.311018101 1.8484371941 0 0 0 3 6 6 0 0 0 6 
495 1 16.2294 3.45969 3.58901 7.41914e-04 -0.00114876 0.00116623 0.0017972697 0.0 13 20.8002825873 2.2568734665 0 0 0 2 8 3 0 0 0 6 
366 1 15.1541 6.45917 2.93379 4.05208e-04 6.41506e-04 2.69709e-04 8.0527412474e-04 0.0 17 24.9214679175 2.3837398332 0 0 2 3 5 4 2 0 1 9 
14 1 9.69435 6.26654 5.80391 -2.63951e-04 0.00603567 7.30641e-04 0.0060854596 0.0 13 21.0578649022 2.1606579697 0 0 0 1 10 2 0 0 0 6 
309 1 13.4776 3.64901 3.25218 -0.00389231 -0.00153778 -0.00283478 0.0050547821 0.0 15 21.3962025303 2.2375843021 0 0 0 2 8 5 0 0 0 6 
637 2 12.6163 1.15177 6.60921 -5.39424e-04 1.08415e-04 -9.3331e-04 0.0010834203 0.0 16 16.4959817063 2.3999901916 0 0 2 2 6 3 2 1 0 8 
968 1 17.4983 2.76178 0.624423 -0.001872 0.00147291 0.00199701 0.0031083592 0.0 12 19.3989683478 2.1290239039 0 0 0 0 12 0 0 0 0 5 
454 1 15.0001 1.14794 2.32376 0.00207923 0.00235205 0.00264445 0.0041046866 0.0 16 22.2263568145 2.1950643685 0 0 0 3 7 5 1 0 0 7 
219 1 17.9724 5.63334 4.90816 -0.00180558 0.00136023 -0.00189487 0.0029497249 0.0 13 20.3969512884 2.286614806 0 0 1 2 6 3 1 0 0 7 
239 2 10.6528 2.04663 4.05696 0.00118901 0.00121443 -0.00284719 0.0033158824 0.0 13 16.1283736882 2.1850475662 0 0 1 2 5 5 0 0 0 6 
450 2 11.7208 2.9191 0.768838 0.00169627 -0.00111606 -0.00252209 0.0032378789 0.0 15 19.4592520762 2.2249619802 0 0 2 2 5 3 3 0 0 7 
509 1 11.0107 8.58652 1.40035 0.00517376 2.74305e-04 0.00109673 0.0052958335 0.0 14 23.2313162741 2.3452030636 0 0 1 3 5 3 2 0 0 7 
805 1 16.5107 6.80513 6.95415 8.86951e-04 -0.00641697 -7.82936e-04 0.0065251188 0.0 17 24.6781996709 2.3075517985 0 0 0 3 7 6 1 0 0 7 
926 1 13.5661 4.72916 7.95501 0.00370791 0.00147871 0.00283842 0.0048981433 0.0 18 23.0191745259 2.4092661097 0 0 0 2 8 8 0 0 0 6 
352 1 14.4761 5.16097 5.32771 9.79734e-04 -7.65083e-04 -3.9987e-05 0.0012437161 0.0 13 20.6106454763 2.3768883519 0 0 1 2 5 5 0 0 0 6 
553 1 14.0696 8.50514 5.0328 4.96411e-04 6.93817e-04 -7.196e-04 0.001116078 0.0 15 24.8590316768 2.3323045906 0 0 0 7 0 6 2 0 0 7 
988 2 10.3768 4.22937 2.59357 -6.42293e-04 -7.74905e-04 -0.00335005 0.0034979784 0.0 14 18.363593211 2.2276448325 0 0 1 3 4 5 1 0 0 7 
122 1 12.1708 6.21717 3.77193 0.00169412 -0.00304303 3.20257e-04 0.0034975189 0.0 15 21.3622255271 2.3323045906 0 0 0 2 9 3 1 0 0 7 
901 1 14.7786 3.52074 0.594976 -0.00304391 -0.00239212 -6.4502e-04 0.0039247518 0.0 14 22.5812739594 2.2249619802 0 0 1 4 3 4 2 0 0 7 
898 1 16.7196 3.33748 6.30995 0.0053309 -0.0012159 -8.54486e-04 0.0055341715 0.0 16 24.0128293277 2.4092661097 0 0 0 3 7 5 1 0 0 7 
878 1 19.3013 4.74569 26.259 -1.09622e-04 -0.00202134 9.47698e-05 0.0020265275 0.0 14 22.6119032779 2.2227505583 0 0 1 2 5 6 0 0 0 6 
244 1 0.29094 4.11692 0.327238 -0.0025861 3.34307e-04 -0.00224438 0.0034404819 0.0 15 23.0394076583 2.3629764651 0 0 0 3 7 4 1 0 0 7 
609 1 18.0266 1.20618 3.18001 0.00410786 9.8813e-04 -7.96318e-04 0.0042994229 0.0 16 22.7101438395 2.3407734476 0 0 0 4 4 8 0 0 0 6 
254 2 0.428033 3.67143 8.50378 -0.00221424 0.00230331 -0.00209848 0.0038225272 0.0 14 15.2168174547 2.2674135698 0 0 2 3 4 2 2 1 0 8 
341 2 0.854196 4.75383 5.76625 -1.98849e-04 -0.00198404 -0.00395116 0.0044257904 0.0 13 15.0935068102 2.3705761222 0 0 0 5 3 4 1 0 0 7 
617 1 21.1529 0.710508 3.9871 -0.00116495 -1.15998e-04 -0.00368992 0.003871185 0.0 14 23.3169974196 2.2482969665 0 0 0 4 4 6 0 0 0 6 
836 2 22.9049 0.48423 9.35877 0.00283255 0.00417673 -3.88785e-04 0.0050615775 0.0 14 16.1942910603 2.2892006632 0 0 0 2 8 4 0 0 0 6 
92 1 22.8499 9.14654 7.88511 -7.01874e-04 6.3325e-04 0.00320688 0.0033433085 0.0 17 21.2514617877 2.1653537774 0 0 3 2 5 3 2 2 0 8 
85 1 22.1436 3.48714 26.7814 -0.00110051 -0.00308525 0.00203362 0.0038555804 0.0 15 20.5608352081 2.2227505583 0 0 0 3 6 6 0 0 0 6 
665 2 21.052 1.70499 7.8362 0.00183885 0.00295474 -7.44628e-04 0.0035589786 0.0 14 20.9029954723 2.2310284439 0 0 0 3 6 5 0 0 0 6 
653 1 20.0875 7.88246 0.245995 -0.0017775 1.83547e-04 7.54727e-04 0.001939796 0.0 14 22.6052607565 2.2587056726 0 0 0 3 6 5 0 0 0 6 
610 2 25.1026 1.94383 7.99418 0.00188308 0.00124318 0.00313928 0.0038660789 0.0 13 12.2551263182 1.953639213 0 0 1 0 9 3 0 0 0 6 
588 2 23.3511 1.99109 6.30462 0.00235072 -0.00176789 0.00175101 0.0034230623 0.0 15 15.9025645959 2.2157148024 0 0 1 4 4 4 1 1 0 8 
58 2 25.91 8.35284 7.07971 -2.99548e-04 0.00189081 -7.71546e-04 0.0020640191 0.0 16 15.5310383814 2.1298029259 0 0 1 2 5 8 0 0 0 6 
691 2 25.3621 8.9615 2.87144 0.00524678 0.0010057 -0.00128273 0.0054941359 0.0 15 20.6867161647 2.3847334584 0 0 0 3 7 4 1 0 0 7 
303 2 24.7355 4.81115 7.99521 -0.00148186 5.70354e-04 0.00185526 0.0024419669 0.0 15 14.2922004786 2.0790275462 0 0 1 5 2 4 3 0 0 7 
5 2 24.3655 8.70608 5.2368 -0.00179886 3.47902e-04 0.00475247 0.0050934177 0.0 12 14.4384865523 2.0844014105 0 0 0 2 8 2 0 0 0 6 
213 2 22.1269 5.29988 8.61006 -0.00159252 -5.09541e-04 0.00123815 0.002080569 0.0 15 15.9231249457 2.1759964216 0 0 3 1 5 2 4 0 0 7 
147 1 18.8911 7.197 2.76733 3.039e-04 -0.00142962 9.91992e-04 0.0017664135 0.0 14 23.0252028569 2.3837398332 0 0 1 2 6 4 1 0 0 7 
19 1 20.0773 1.66761 1.13016 -0.00501325 -0.00258093 8.75886e-04 0.0057062292 0.0 13 21.5806837363 2.3076542729 0 0 0 3 6 4 0 0 0 6 
364 2 22.5709 4.02357 6.57887 -0.00122651 -0.00421067 -0.00397471 0.0059188165 0.0 14 15.4994152768 2.1798353916 0 0 3 2 4 1 3 1 0 8 
276 1 21.3486 8.80247 5.17259 -0.00230727 0.00318492 -0.00119427 0.0041101692 0.0 14 21.4325675106 2.2793938452 0 0 2 2 3 6 1 0 0 7 
449 1 19.8284 7.12501 7.08882 0.0011801 4.15895e-04 0.00102227 0.0016157477 0.0 15 21.7996973494 2.1798353916 0 0 1 3 6 2 3 0 0 7 
879 2 25.4335 6.55421 5.51852 -9.9568e-04 -0.00154568 0.00371041 0.0041409718 0.0 15 13.6388197858 1.9756279066 0 0 0 4 5 5 1 0 0 7 
559 2 23.6169 6.88887 3.8378 1.51574e-04 -0.00161545 -8.4884e-04 0.0018311698 0.0 13 17.3142553737 2.1698381602 0 0 0 2 8 3 0 0 0 6 
339 1 18.9102 4.09587 2.46545 0.00113924 -0.00287404 4.58482e-04 0.0031254087 0.0 14 20.5582588083 2.2692243828 0 0 1 1 7 5 0 0 0 6 
338 1 25.8599 0.846808 2.06012 2.59496e-04 -0.00144878 -2.21805e-04 0.0014884553 0.0 16 23.2936805674 2.1589815489 0 0 1 1 8 5 1 0 0 7 
994 2 24.0332 4.78049 4.83846 8.21574e-04 -0.00161212 0.00427197 0.004639358 0.0 13 14.8914857198 2.1667937303 0 0 1 3 4 4 1 0 0 7 
371 2 25.9531 6.11826 3.18211 -0.00393848 -0.00163983 0.00220952 0.0048044402 0.0 13 18.0222992148 2.2074292158 0 0 1 4 2 5 1 0 0 7 
919 2 25.6549 3.39001 6.16181 -5.33354e-04 8.55597e-04 -7.20142e-04 0.0012389985 0.0 15 12.948668242 1.9478347635 0 0 1 4 3 5 2 0 0 7 
846 1 21.6726 3.49982 3.23235 6.28152e-05 -7.61004e-04 5.66914e-05 7.6569364122e-04 0.0 15 21.4031280305 2.1698381602 0 0 0 3 6 6 0 0 0 6 
395 2 24.4416 2.32331 4.25648 1.31226e-04 -0.00469926 -0.00220222 0.0051913426 0.0 14 18.8800395512 2.1404339082 0 0 1 2 6 4 1 0 0 7 
222 1 23.7784 7.00245 0.648083 0.00355375 -0.0032326 0.00153587 0.0050435839 0.0 14 22.6335950444 2.2205992674 0 0 0 4 4 6 0 0 0 6 
781 1 19.664 3.31228 5.34751 0.00153517 -0.0016169 -9.04424e-04 0.0024060539 0.0 14 21.296185937 2.2881755126 0 0 0 3 6 5 0 0 0 6 
623 1 22.7127 0.791672 1.23677 9.35853e-06 -0.00153264 4.46305e-04 0.0015963274 0.0 15 21.9830564265 2.1589815489 0 0 2 1 7 3 1 1 0 8 
978 1 18.8387 4.47741 7.70469 -0.0016157 -0.00236686 0.00126033 0.003130646 0.0 16 22.4196476778 2.2820190964 0 0 0 2 9 4 1 0 0 7 
258 2 23.164 6.55633 6.82626 0.00255205 0.0020055 -0.00326843 0.0046062592 0.0 15 17.0935471101 2.1150513243 0 0 2 2 5 3 3 0 0 7 
704 1 24.5534 3.98785 1.5206 0.00274779 0.00257646 -0.00218662 0.0043554337 0.0 15 22.0801794971 2.2205992674 0 0 0 2 8 5 0 0 0 6 
198 1 20.7871 5.8808 4.79522 0.00572739 9.1385e-04 0.00114366 0.0059115206 0.0 16 20.6092839287 2.1819440334 0 0 1 4 3 6 2 0 0 7 
666 1 21.5133 5.79924 1.65343 -3.00223e-04 0.00306823 -0.00356086 0.004709978 0.0 12 20.844241756 2.1819440334 0 0 0 2 8 2 0 0 0 6 
110 1 7.32509 16.7271 4.47009 1.02049e-04 2.35954e-04 0.00120867 0.0012357069 0.0 16 22.5023739156 2.2823593209 0 0 2 2 5 4 3 0 0 7 
321 2 9.26847 10.9299 6.67165 3.4877e-05 0.00104097 8.30386e-05 0.001044859 0.0 14 16.5591819357 2.2178144603 0 0 0 4 4 6 0 0 0 6 
235 1 8.17424 9.76534 1.17475 0.00435011 -4.45217e-05 0.00118886 0.0045098589 0.0 14 20.4972770763 2.2015687319 0 0 0 4 4 6 0 0 0 6 
598 1 1.65592 9.80651 1.18598 0.00259908 0.00115389 9.54546e-04 0.0029996395 0.0 14 21.4107479677 2.3846870476 0 0 1 3 4 5 1 0 0 7 
350 1 2.32436 17.6445 5.2469 -0.0017998 -0.00447141 1.84362e-04 0.0048235647 0.0 14 21.7156912903 2.3068298382 0 0 0 1 10 3 0 0 0 6 
470 2 2.40537 14.6548 7.80463 -3.49399e-04 0.00108561 0.00135984 0.0017747658 0.0 15 18.1101526715 2.3068298382 0 0 1 2 6 5 1 0 0 7 
966 2 0.328392 10.7658 8.55773 -0.0014783 -9.97925e-04 0.00209435 0.0027509139 0.0 12 13.0832460548 2.0592216842 0 0 0 4 4 4 0 0 0 6 
807 1 5.94127 9.25846 2.74301 -4.79343e-05 -6.11476e-04 0.00262601 0.0026966885 0.0 13 20.6373780247 2.2582235325 0 0 1 3 5 2 2 0 0 7 
269 2 3.27048 17.6525 2.21641 -0.00231832 -7.86604e-04 -5.64579e-04 0.0025123899 0.0 15 15.8268612586 2.1499104269 0 0 2 4 2 4 2 1 0 8 
233 2 2.76604 10.2458 6.82966 -6.49667e-04 5.9212e-04 0.00139477 0.001648653 0.0 15 16.3335102478 2.1830189328 0 0 0 5 3 6 1 0 0 7 
629 1 6.58436 13.8053 4.93002 -0.00397428 2.64333e-04 0.00175311 0.0043518006 0.0 15 21.4433489159 2.2413544268 0 0 1 2 7 3 2 0 0 7 
983 1 7.07178 15.8838 7.03001 0.00158288 0.00122473 0.00241308 0.0031350323 0.0 15 21.9634150745 2.285188238 0 0 3 1 4 5 1 1 0 8 
859 1 3.96215 13.3992 3.18877 -0.00225908 -0.00223927 6.03311e-04 0.0032375541 0.0 13 21.6551518109 2.1668112451 0 0 0 3 6 4 0 0 0 6 
798 1 3.21869 10.5073 3.83738 0.00189299 2.769e-04 -0.00121096 0.0022641795 0.0 17 22.3739470871 2.2611066342 0 0 0 2 8 7 0 0 0 6 
485 2 0.312063 15.0031 6.0719 -0.00238543 9.67976e-04 -0.00569434 0.0062492209 0.0 14 16.5964374196 2.27054895 0 0 2 2 6 0 4 0 0 7 
270 2 0.739213 11.1448 5.98231 0.00438893 0.00107734 2.47105e-04 0.0045259727 0.0 12 12.7679277289 2.0561698147 0 0 1 3 4 3 1 0 0 7 
914 1 6.86366 12.168 2.21789 0.0011589 0.00310892 0.00106329 0.0034841094 0.0 15 21.901399748 2.2319086909 0 0 1 2 7 3 2 0 0 7 
757 1 6.16145 15.2432 2.10064 0.00158288 0.00285167 2.1163e-04 0.0032683816 0.0 14 21.9267245219 2.1601140737 0 0 0 2 8 4 0 0 0 6 
100 2 8.87244 12.5944 8.7345 -0.00150344 0.00142945 -0.00164922 0.0026502048 0.0 14 16.2141523954 2.245920018 0 0 3 2 4 2 1 2 0 8 
472 1 1.51631 12.5204 1.52869 0.00134385 0.00273698 -0.00140142 0.0033557369 0.0 15 21.8604891304 2.3187978694 0 0 1 2 6 5 1 0 0 7 
749 2 0.205771 8.83479 4.94115 -0.00664784 -0.00143229 -0.00291932 0.0074005176 0.0 14 15.9755611865 2.1605159795 0 0 1 3 4 5 1 0 0 7 
810 1 4.16193 10.9646 1.08256 0.00170632 -2.36352e-04 -0.00232893 0.002896775 0.0 13 19.7600921283 2.1666632953 0 0 1 2 5 5 0 0 0 6 
764 1 3.90429 15.5915 4.65564 -0.00310482 0.00552627 -0.00177252 0.006581899 0.0 17 23.1598353457 2.1621041103 0 0 0 4 4 9 0 0 0 6 
567 2 2.38391 15.5097 1.41766 -0.00137128 1.9664e-05 -0.00271154 0.0030386255 0.0 14 17.8609001539 2.3243735708 0 0 0 3 6 5 0 0 0 6 
872 2 2.04423 12.3139 9.33155 -0.00370874 -1.19221e-04 -5.09818e-04 0.0037455147 0.0 15 15.6037179013 2.0984502349 0 0 0 4 4 7 0 0 0 6 
905 2 9.42735 11.1825 4.05412 0.00144451 -0.00348926 -0.00260722 0.0045890239 0.0 15 22.1914194464 2.2413544268 0 0 1 2 6 5 1 0 0 7 
187 2 1.22313 13.1204 4.7718 -3.75457e-04 0.00353796 -0.00144438 0.0038398389 0.0 13 14.7310936971 2.1038524443 0 0 1 1 9 0 2 0 0 7 
332 2 5.11928 10.4407 7.88159 -3.31103e-04 -0.00134575 0.00288646 0.003201925 0.0 15 18.2154674347 2.1588828413 0 0 2 3 4 3 2 1 0 8 
104 2 7.63191 9.82344 7.8284 0.00212359 -0.00220274 0.00119155 0.0032835178 0.0 14 17.9083225222 2.224911423 0 0 1 2 7 2 2 0 0 7 
680 1 5.7864 11.3367 5.06735 8.45966e-04 0.00254257 -0.00179633 0.0032260072 0.0 15 22.1453642134 2.2178144603 0 0 0 6 3 3 3 0 0 7 
853 2 2.92604 12.4885 6.32461 -0.00299875 -0.00369423 4.19566e-04 0.0047765963 0.0 15 16.7433238635 2.1621041103 0 0 2 2 4 5 2 0 0 7 
795 2 0.968812 15.1913 3.3955 0.00404928 0.00155692 -0.00198893 0.0047724743 0.0 12 15.3038722968 2.0142069964 0 0 0 2 8 2 0 0 0 6 
234 1 8.98273 14.3412 1.99608 -0.00148185 0.00145254 0.00196487 0.0028577029 0.0 15 22.7345877892 2.2413544268 0 0 0 4 5 5 1 0 0 7 
171 2 6.91743 12.6583 7.69687 -0.00341993 -0.00157731 -0.0015968 0.0040906721 0.0 14 15.954915062 2.1773055936 0 0 2 2 5 3 1 1 0 8 
869 1 4.29702 17.1403 7.02798 -0.00290254 -0.00297348 0.00197972 0.0046027832 0.0 14 22.6343365382 2.285188238 0 0 2 3 4 2 2 1 0 8 
429 2 4.59881 13.7813 7.53252 -0.00255324 -3.09143e-04 -0.00150691 0.0029808357 0.0 14 17.1330745946 2.1560429308 0 0 0 4 5 4 1 0 0 7 
358 1 7.78696 13.0006 26.2524 2.15502e-04 -7.21606e-04 1.63e-04 7.70535743e-04 0.0 14 20.882723646 2.1970124234 0 0 0 3 6 5 0 0 0 6 
382 1 12.5534 15.4555 5.06112 0.00151209 -0.00205613 0.00398372 0.004731185 0.0 16 22.4962310161 2.213983542 0 0 2 3 3 5 3 0 0 7 
128 1 11.6419 13.2523 3.25151 0.00203677 -3.75043e-04 -0.00327358 0.0038736824 0.0 14 22.6160636796 2.2966351252 0 0 2 2 4 4 2 0 0 7 
452 1 12.1462 14.8732 1.05245 4.95872e-04 0.00312006 -1.12655e-04 0.0031612268 0.0 16 22.9677508014 2.3524468816 0 0 0 3 7 5 1 0 0 7 
590 2 9.91379 8.86802 8.02896 0.00125533 -1.57258e-04 -6.32837e-04 0.0014145905 0.0 14 17.8655348584 2.2125328166 0 0 2 2 4 4 2 0 0 7 
841 1 16.9054 14.0944 6.85304 0.00205977 -0.00231033 -4.04626e-04 0.003121538 0.0 13 21.1231435236 2.2701987578 0 0 0 5 2 6 0 0 0 6 
273 1 11.5572 13.8671 7.40385 9.99909e-05 9.06328e-04 6.60632e-04 0.0011259943 0.0 16 22.9016297094 2.2776080327 0 0 2 4 4 1 4 1 0 8 
788 2 13.5463 9.04841 8.70542 0.00494678 -0.00124974 -7.69606e-04 0.0051599201 0.0 14 18.0362795972 2.2765005474 0 0 1 4 3 4 2 0 0 7 
804 1 9.22319 13.8194 5.83568 3.52993e-04 -0.00241696 -4.90224e-04 0.0024913087 0.0 15 22.136804863 2.2413544268 0 0 0 6 2 5 2 0 0 7 
850 1 9.93936 15.8855 4.0251 -4.10422e-04 -0.0013115 -0.00597445 0.0061304593 0.0 14 21.0224106369 2.353040077 0 0 1 3 5 3 2 0 0 7 
28 1 10.2119 11.5947 1.18126 -0.0025982 -0.00315548 1.64102e-04 0.0040907978 0.0 13 21.3827912676 2.2964354849 0 0 1 2 6 3 1 0 0 7 
540 1 14.4666 12.2148 1.78992 0.00181489 -0.00320834 0.00219421 0.0042897353 0.0 14 21.3384210052 2.2966351252 0 0 1 1 8 3 1 0 0 7 
55 1 14.1265 15.0978 7.46111 0.00129096 0.00134188 0.0036972 0.0041396265 0.0 13 20.2621189002 2.2964354721 0 0 0 1 10 2 0 0 0 6 
822 1 12.0425 16.7195 8.70077 0.00153517 0.00136106 -0.00154688 0.0025694492 0.0 14 21.8191986927 2.1973390751 0 0 0 3 6 5 0 0 0 6 
512 1 14.3822 12.7538 5.36998 7.71722e-04 2.65692e-04 -0.0013009 0.0015357369 0.0 17 23.523325266 2.2411158308 0 0 1 3 6 5 1 1 0 8 
858 1 14.4498 12.3118 8.55407 0.0033921 -0.00235452 1.2046e-04 0.0041309342 0.0 14 21.1282122842 2.2411158308 0 0 1 1 8 3 1 0 0 7 
353 1 17.2789 11.981 8.8509 -0.00140428 0.00164695 -0.00248668 0.0032966686 0.0 15 21.5019185337 2.1248792143 0 0 0 3 6 6 0 0 0 6 
469 1 9.71673 15.9374 26.5222 -3.78754e-04 -0.00443006 -0.00296019 0.0053414989 0.0 15 22.2106087647 2.353040077 0 0 0 4 5 5 1 0 0 7 
293 1 15.7481 16.3622 4.78219 0.00105143 -0.00199476 0.00211724 0.0030931016 0.0 16 22.0078427763 2.213983542 0 0 2 1 7 3 3 0 0 7 
242 1 15.7413 14.4758 0.285713 -3.43114e-04 -8.39046e-04 -9.63276e-04 0.0013227343 0.0 15 20.0667268372 2.253876417 0 0 0 3 6 6 0 0 0 6 
768 1 17.0328 17.8329 7.13385 1.78862e-04 8.45863e-04 -0.0036027 0.0037049863 0.0 15 24.0170544842 2.2964354721 0 0 1 3 5 4 2 0 0 7 
656 1 12.6771 10.2506 3.01046 -0.00243141 0.00176373 -0.00227601 0.0037686496 0.0 14 21.8964487324 2.3323045906 0 0 1 2 7 2 2 0 0 7 
428 2 12.6587 17.5768 2.33068 -0.00136046 4.77072e-04 -0.0013582 0.0019806959 0.0 14 16.705806305 2.353040077 0 0 2 2 4 5 0 1 0 8 
322 2 11.5525 11.2698 5.76794 -0.00257835 0.00450367 -2.11554e-04 0.0051938124 0.0 15 20.694980928 2.2640484237 0 0 5 1 2 3 2 1 1 9 
985 1 15.98 10.3801 3.69313 0.00130544 0.00439713 -0.00207018 0.0050323524 0.0 14 22.38213543 2.3837398332 0 0 1 4 2 6 1 0 0 7 
918 1 14.4142 14.84 2.84777 0.00223056 -0.0026255 -0.00226077 0.0041206467 0.0 13 19.9857378029 2.1381812017 0 0 1 3 4 4 1 0 0 7 
911 1 15.6834 10.5238 6.48948 -0.00220352 -0.00135384 0.00130756 0.0028979469 0.0 14 21.6442307753 2.2765005474 0 0 1 4 3 4 2 0 0 7 
17 1 17.4956 9.23083 1.09117 0.0030678 9.40704e-04 0.00191118 0.0037348266 0.0 13 22.5258594219 2.3815542251 0 0 1 2 5 5 0 0 0 6 
141 2 16.1053 17.3636 1.67828 0.00182143 0.0023612 6.61915e-04 0.0030546692 0.0 14 17.5644540504 2.1710311948 0 0 1 5 2 3 3 0 0 7 
732 1 17.8293 9.22315 8.11087 0.00259492 -0.00555368 3.98552e-05 0.0061301354 0.0 16 21.7561975559 2.2765005474 0 0 0 3 7 5 1 0 0 7 
367 1 16.5212 13.4568 3.88499 -0.0026992 -0.00161162 -0.00165985 0.0035550108 0.0 12 18.8887866942 2.2134780031 0 0 0 4 4 4 0 0 0 6 
255 1 9.91766 16.8961 6.67472 -0.00173018 0.00212806 9.60077e-04 0.0029058407 0.0 15 22.5143152259 2.2061382537 0 0 0 3 6 6 0 0 0 6 
909 1 17.5857 12.3395 1.31095 -5.55473e-04 0.00116015 0.00136017 0.0018720472 0.0 15 20.8821968814 2.2306021907 0 0 0 3 6 6 0 0 0 6 
217 1 18.5344 15.4901 5.27063 1.62509e-04 -1.69334e-05 0.00225988 0.0022657788 0.0 14 21.2929400114 2.2243062146 0 0 1 1 7 5 0 0 0 6 
924 1 17.9037 8.83092 5.26825 -0.00176276 -8.94085e-04 0.00289634 0.0035064934 0.0 15 22.7438596189 2.3837398332 0 0 1 3 5 4 2 0 0 7 
464 1 12.662 10.8072 26.5075 -5.09798e-04 -0.00118938 -4.26426e-05 0.0012947344 0.0 15 22.1126692639 2.428894324 0 0 1 3 5 4 2 0 0 7 
277 2 24.7721 11.2747 9.19775 -0.00199308 -0.00158677 -0.00289865 0.0038590645 0.0 15 15.5523375281 2.1298029259 0 0 1 3 7 1 2 1 0 8 
84 1 17.9599 11.6769 5.62028 -0.00234204 -0.00441944 0.00157117 0.0052426307 0.0 16 21.87153418 2.285027361 0 0 1 5 1 7 2 0 0 7 
123 1 23.6784 18.1722 6.06645 -6.59798e-04 0.00183084 -4.57929e-04 0.0019992517 0.0 16 23.2605843639 2.3555674916 0 0 0 3 7 5 1 0 0 7 
607 2 26.247 15.4162 1.31117 -0.00274269 -4.28955e-04 -0.0015929 0.0032005751 0.0 15 18.5188284258 2.2883552405 0 0 2 2 5 4 1 1 0 8 
396 1 22.1519 15.8801 7.97056 4.02427e-04 3.15513e-04 0.00116736 0.001274451 0.0 15 23.4539268106 2.34192573 0 0 0 4 5 5 1 0 0 7 
210 1 24.0724 11.4489 0.705748 0.00329745 -1.42614e-04 6.30713e-04 0.0033602551 0.0 15 23.5818429379 2.3847334584 0 0 1 1 9 2 2 0 0 7 
363 1 19.517 10.8331 26.3996 -0.00333985 -0.00183028 0.00123255 0.0040029617 0.0 14 18.9644029942 2.1887974838 0 0 0 4 4 6 0 0 0 6 
493 1 20.5639 14.8056 1.41615 8.0378e-04 -2.58404e-04 -4.12319e-06 8.4430558231e-04 0.0 15 23.4275014431 2.2695047699 0 0 0 3 6 6 0 0 0 6 
132 2 25.1662 10.6222 6.77399 -0.00253034 0.00171089 0.00128484 0.0033136957 0.0 13 13.9493493863 2.0819029812 0 0 1 3 5 2 2 0 0 7 
923 1 18.3186 15.7755 8.73224 4.42122e-04 -0.00422809 0.00113614 0.0044003444 0.0 17 25.5545202107 2.2964354721 0 0 0 6 3 5 3 0 0 7 
681 2 22.5939 12.489 9.44395 0.00376572 -0.00217745 1.90625e-04 0.00435411 0.0 13 16.5739334911 2.1653537774 0 0 0 3 6 4 0 0 0 6 
621 2 24.4294 14.078 8.70537 0.00248322 -1.49465e-04 0.00229659 0.0033857122 0.0 15 15.793632168 2.2015579108 0 0 2 3 2 6 2 0 0 7 
56 2 23.7305 12.7334 6.90717 -0.0011167 0.00338762 1.11521e-05 0.0035669472 0.0 15 16.9726260676 2.1653537774 0 0 0 3 7 4 1 0 0 7 
992 1 20.4038 10.3902 7.33858 -0.00176693 -0.00117575 0.00217329 0.0030376996 0.0 15 22.6687437156 2.285027361 0 0 1 4 3 5 2 0 0 7 
354 2 23.2231 16.0827 3.55975 -0.00330489 0.00465053 -3.78878e-04 0.0057178034 0.0 12 19.3556794224 2.361010473 0 0 1 1 8 1 1 0 0 7 
360 2 25.7379 12.8059 5.5867 7.30289e-04 -0.0018149 -3.37085e-05 0.0019566094 0.0 12 11.8413070205 1.9766704996 0 0 1 4 2 4 1 0 0 7 
136 2 26.6877 11.2081 3.70457 9.58553e-04 -0.00419617 -0.00318594 0.0053550799 0.0 13 16.36509606 2.3847334584 0 0 1 2 6 3 1 0 0 7 
411 1 19.5441 10.2396 2.90362 3.2299e-04 0.00266216 0.00620431 0.0067590592 0.0 14 22.4478962882 2.285027361 0 0 1 3 4 5 1 0 0 7 
281 2 24.4972 10.9961 4.38569 1.99586e-04 0.00248367 -0.00235896 0.0034312015 0.0 15 16.2882302705 2.2329986087 0 0 2 4 1 5 3 0 0 7 
947 1 19.5454 13.2328 3.75022 0.00483661 0.0020131 -9.4717e-07 0.0052388328 0.0 13 22.377129363 2.2695047699 0 0 0 5 2 6 0 0 0 6 
715 1 20.1413 13.3539 7.92343 -9.49077e-04 0.0017875 0.00105162 0.0022807473 0.0 15 24.3261358812 2.2603807043 0 0 0 3 7 4 1 0 0 7 
466 2 24.1109 14.332 1.98797 9.51981e-05 -0.00128442 0.00296336 0.0032311453 0.0 12 18.660361953 2.2561102631 0 0 1 2 5 4 0 0 0 6 
697 1 17.7513 15.229 2.13904 -4.8483e-05 0.0022926 -0.00264119 0.0034977493 0.0 14 21.3431857468 2.1525403186 0 0 0 2 8 4 0 0 0 6 
127 2 0.368338 12.7928 7.693 -0.00144608 0.00222734 5.79035e-04 0.0027179905 0.0 17 13.2345220511 1.9838830061 0 0 1 4 4 5 3 0 0 7 
351 2 25.9287 13.4458 3.18365 -0.00173887 0.00269473 -0.00368585 0.004885768 0.0 15 15.7572307464 2.2883552405 0 0 0 4 5 5 1 0 0 7 
236 2 22.0162 11.5986 5.17591 -0.00149353 0.00248105 3.35839e-04 0.0029153094 0.0 15 21.8411697181 2.285027361 0 0 0 5 4 4 2 0 0 7 
139 1 21.2167 14.8908 5.56799 5.78434e-04 -0.00153111 0.00604458 0.0062622545 0.0 14 21.4808973954 2.2695047699 0 0 0 3 6 5 0 0 0 6 
299 1 21.3543 11.8785 1.5566 0.00292495 0.00328098 -9.01789e-04 0.0044870241 0.0 14 22.0898550844 2.2329986087 0 0 0 4 4 6 0 0 0 6 
701 2 24.7364 15.0434 5.75778 -8.95347e-04 4.16162e-05 7.53226e-04 0.0011707808 0.0 15 17.6945337252 2.3555674916 0 0 1 3 5 4 2 0 0 7 
129 2 23.4045 13.3397 4.26168 0.00428458 -3.24801e-04 -0.00201448 0.004745656 0.0 14 17.2801144958 2.2695047699 0 0 0 4 4 6 0 0 0 6 
951 1 22.0223 9.0588 2.31991 5.43605e-04 0.00408613 -7.40511e-04 0.0041881167 0.0 17 23.6896193385 2.2329986087 0 0 0 5 3 8 1 0 0 7 
600 2 25.7718 16.3145 4.09887 -0.00171548 0.00183714 0.00344081 0.0042611182 0.0 15 17.8549274323 2.1635922187 0 0 0 3 7 4 1 0 0 7 
630 2 1.81767 25.4954 1.13935 -6.04431e-04 7.6456e-04 0.00208482 0.0023013829 0.0 15 17.0341120611 2.1448761372 0 0 1 3 5 4 2 0 0 7 
852 2 5.29376 22.9179 1.07135 -0.00341157 0.00232378 0.00374607 0.0055742088 0.0 16 13.3359734181 1.9024840888 0 0 0 4 5 6 1 0 0 7 
786 2 3.53425 24.3965 3.76067 0.00136649 0.00130369 0.00229731 0.0029739764 0.0 18 14.1884842652 1.9582981831 0 0 3 2 5 4 2 2 0 8 
718 2 3.21128 22.5283 2.44813 0.00109259 3.40005e-04 0.0026894 0.0029227091 0.0 14 11.9805490354 1.9027978996 0 0 2 3 4 2 2 1 0 8 
904 1 2.25001 19.9821 6.78868 -9.12381e-04 0.00466047 -0.00158958 0.0050079122 0.0 15 24.312154492 2.4092595563 0 0 0 2 8 5 0 0 0 6 
744 2 8.88937 22.2764 0.713757 7.54473e-04 0.00125668 -0.00309035 0.0034203417 0.0 13 12.2882396883 1.9430061859 0 0 0 2 8 3 0 0 0 6 
825 2 3.25996 18.9431 26.6566 -0.00280242 0.00208905 9.74117e-04 0.0036285798 0.0 15 12.8447582472 2.0305074519 0 0 1 3 5 4 2 0 0 7 
445 2 6.75006 25.9035 0.565376 -0.00286533 0.00161271 -0.00251786 0.0041413245 0.0 13 12.7328402489 1.9344589337 0 0 1 2 6 3 1 0 0 7 
515 2 5.62951 25.2493 2.66434 0.0043404 -0.00127988 7.20601e-04 0.0045821862 0.0 13 12.6959136879 1.8922924005 0 0 0 3 6 4 0 0 0 6 
476 2 7.51484 20.5079 4.2123 0.00322762 -3.65545e-04 -4.00415e-04 0.0032728407 0.0 15 15.0573092624 2.0418120199 0 0 1 1 8 4 1 0 0 7 
725 2 2.97307 20.1137 2.74703 0.00122033 -0.00217309 -5.80778e-04 0.0025590679 0.0 16 15.9450481482 2.1589054512 0 0 0 4 5 6 1 0 0 7 
534 2 5.50477 24.2119 5.81839 0.00308634 0.00146003 -4.11477e-04 0.0034389672 0.0 15 13.585184471 1.9450343707 0 0 1 4 4 3 3 0 0 7 
808 2 1.31754 23.8944 3.01776 -0.00318932 6.03109e-04 -0.00213134 0.0038830546 0.0 13 14.9848469175 2.1040707353 0 0 1 3 4 4 1 0 0 7 
866 2 26.3866 24.3769 8.93338 -0.00271624 6.36634e-04 -2.75741e-04 0.0028034435 0.0 17 19.9348314287 2.2495210429 0 0 1 3 6 5 1 1 0 8 
326 1 7.24903 17.9018 9.14212 -7.42161e-04 -0.00125882 0.0027618 0.0031245752 0.0 14 22.2773748211 2.2009462081 0 0 0 6 0 8 0 0 0 6 
659 2 7.6988 24.0617 7.29362 0.00171186 0.00142245 0.00191297 0.0029348395 0.0 13 12.3949138838 1.8593554327 0 0 0 3 6 4 0 0 0 6 
286 2 1.94321 25.3807 7.83589 0.00310014 -4.53235e-04 -1.6364e-04 0.0031373664 0.0 14 15.7637873522 2.2495210429 0 0 1 2 7 2 2 0 0 7 
935 2 5.84187 22.9656 8.20236 -7.82758e-04 0.00137232 0.00231358 0.0028015397 0.0 14 16.853459787 2.199521265 0 0 1 3 4 5 1 0 0 7 
79 2 8.08257 21.4883 8.09718 -0.00127977 0.00342886 -0.00402478 0.0054400134 0.0 14 14.738944556 2.1365005258 0 0 0 3 6 5 0 0 0 6 
616 2 4.32923 25.5666 0.750845 -0.00357803 0.00109975 -3.02174e-04 0.0037554038 0.0 12 12.5947326017 1.9305294776 0 0 1 2 5 4 0 0 0 6 
683 1 0.0565727 19.8936 4.49895 2.11299e-04 0.00275974 0.00285013 0.0039729149 0.0 16 23.2651486981 2.226314728 0 0 1 3 7 2 2 1 0 8 
647 2 7.63594 23.676 2.00521 0.00117793 0.00127292 -0.00133707 0.002189886 0.0 14 12.8727026979 2.0532151839 0 0 0 1 10 3 0 0 0 6 
776 2 1.13152 21.625 2.09828 3.41938e-04 0.0024709 9.36112e-04 0.0026643149 0.0 12 15.3839091081 2.0779782855 0 0 0 2 8 2 0 0 0 6 
190 2 1.08314 19.4993 1.20661 -0.00201381 0.00332803 -0.00195981 0.0043556939 0.0 13 15.5797050957 2.226314728 0 0 0 3 6 4 0 0 0 6 
999 2 5.77529 18.6234 2.66781 -7.09014e-04 -0.00295899 -0.00192499 0.0036005429 0.0 14 15.8063971802 2.1601140737 0 0 1 3 5 4 0 1 0 8 
489 2 0.519257 22.8879 6.74822 0.00197859 0.0036188 -6.17472e-05 0.0041248448 0.0 15 20.3032849825 2.1994085638 0 0 2 3 3 5 1 1 0 8 
188 2 7.06897 20.904 1.87669 -0.00344429 8.26674e-04 -7.02876e-04 0.0036111713 0.0 15 13.128066502 1.9289989361 0 0 0 1 10 4 0 0 0 6 
797 2 4.84649 21.5571 5.5099 0.00345111 0.00255831 -8.74076e-04 0.0043839616 0.0 15 17.5895889079 2.1589054512 0 0 0 2 8 5 0 0 0 6 
278 2 8.15804 24.6279 4.60214 0.00217821 -8.6131e-04 0.00467727 0.005230995 0.0 16 12.8422306625 1.8404315112 0 0 0 4 5 6 1 0 0 7 
143 2 5.99923 23.0654 3.98323 0.00341737 0.00287883 3.08075e-04 0.0044789497 0.0 14 12.726392314 1.9027978996 0 0 1 1 7 5 0 0 0 6 
124 2 5.98557 18.7644 0.0968486 9.54907e-04 -0.00116602 7.93034e-04 0.0017030423 0.0 13 15.6377408615 2.1857801636 0 0 1 0 9 3 0 0 0 6 
561 2 5.12215 19.2473 4.82583 0.00104664 0.0027338 0.0010815 0.0031206986 0.0 14 19.6585626795 2.285188238 0 0 1 3 4 5 1 0 0 7 
76 2 2.14325 22.1927 4.56956 -0.00229958 -0.00160614 -4.98883e-04 0.0028489714 0.0 13 16.8483220775 2.1552359695 0 0 1 2 5 5 0 0 0 6 
9 2 1.91208 24.6262 5.38903 -0.00218097 0.00215587 -0.00202169 0.0036730962 0.0 14 13.2841291467 2.116440155 0 0 3 3 1 4 2 1 0 8 
257 2 2.64318 21.2615 0.270213 -7.90154e-04 -4.82234e-04 0.00222255 0.0024076174 0.0 13 13.0105021441 2.1276605577 0 0 0 3 6 4 0 0 0 6 
413 2 6.63822 21.2392 26.2135 -0.00138808 -9.56838e-06 0.00232448 0.0027074093 0.0 12 12.3775913342 2.1102590817 0 0 0 2 8 2 0 0 0 6 
722 2 0.852522 17.6528 2.46366 0.00136428 0.00111686 -0.00518496 0.005476536 0.0 12 16.788943796 2.2167827453 0 0 0 3 6 3 0 0 0 6 
183 2 5.20523 21.121 3.04339 -0.00475451 -0.00434904 -0.00300639 0.0071104075 0.0 11 11.5715372421 1.8721074144 0 0 1 2 5 3 0 0 0 6 
111 2 7.56375 22.4887 5.59181 -6.13319e-04 -0.00183529 -0.00446796 0.0048689954 0.0 12 12.5174273681 2.0721695713 0 0 0 0 12 0 0 0 0 5 
230 2 3.56916 23.234 7.19869 7.37961e-04 -0.00252825 0.00215734 0.0034045191 0.0 14 17.9085802003 2.2870921293 0 0 1 2 6 4 1 0 0 7 
290 2 7.54475 19.7411 6.68992 -0.00101208 -8.14127e-04 -2.19791e-04 0.0013173522 0.0 15 19.252980042 2.285188238 0 0 0 2 8 5 0 0 0 6 
442 2 6.27309 26.1715 7.84476 0.00238565 4.5035e-05 0.00316519 0.003963809 0.0 12 12.6658209925 2.1417814335 0 0 1 2 5 4 0 0 0 6 
119 2 4.86303 20.5798 0.789321 -0.0038836 -8.29831e-04 -7.30286e-04 0.0040378566 0.0 13 11.3744848843 1.8819203317 0 0 1 2 6 3 1 0 0 7 
943 2 0.538253 1.01251 7.88326 -0.00112483 0.004994 2.33925e-04 0.0051244511 0.0 16 14.5633423283 2.166272408 0 0 0 5 3 7 1 0 0 7 
770 1 17.4651 26.7424 0.340229 0.00105883 -1.24702e-04 0.0018665 0.0021495334 0.0 14 21.3900400183 2.3100698526 0 0 0 2 8 4 0 0 0 6 
724 2 11.7505 21.7657 7.57973 0.00332709 -0.00454059 0.00260656 0.0062032766 0.0 12 13.7393258288 2.0070785912 0 0 1 3 4 3 1 0 0 7 
740 2 7.95916 17.9241 1.9664 -0.00153267 -0.00446656 -0.00487727 0.0067887405 0.0 16 18.6326962163 2.2345074502 0 0 2 3 4 4 2 1 0 8 
893 2 14.1487 21.6409 7.86226 -0.00111896 0.00115736 0.00150839 0.0022060812 0.0 14 18.0506396696 2.2229912955 0 0 0 3 6 5 0 0 0 6 
886 2 13.9725 20.6789 5.32207 0.001556 -0.00151653 -0.00270682 0.0034710047 0.0 15 16.9775914733 2.2328140049 0 0 1 2 6 5 1 0 0 7 
26 2 15.9673 22.0942 1.28905 0.00112315 -0.00194643 0.0040502 0.0046318653 0.0 14 19.0049608239 2.1779675751 0 0 0 3 6 5 0 0 0 6 
248 1 17.8002 22.4589 8.93093 -4.46406e-04 0.0015188 0.00218628 0.0026992317 0.0 17 21.6846681921 2.1254657071 0 0 0 2 8 7 0 0 0 6 
53 1 14.0608 17.7643 6.92 0.00163879 -0.00355394 0.00188594 0.0043442942 0.0 16 23.739272168 2.2328140049 0 0 0 2 8 6 0 0 0 6 
514 2 10.0617 18.6487 2.62552 -0.00421172 0.00334605 9.56809e-04 0.0054635263 0.0 13 14.9384239239 2.353040077 0 0 4 2 1 3 1 2 0 8 
539 2 12.2854 25.216 2.69508 7.65883e-04 0.0017611 -0.0040862 0.004514984 0.0 14 15.4392807323 2.2262981287 0 0 1 3 5 3 2 0 0 7 
160 2 11.6417 19.6814 6.17514 -0.00287921 -0.00162893 0.00110097 0.0034864593 0.0 13 15.89796131 2.1850006679 0 0 1 3 4 4 1 0 0 7 
712 2 9.05507 22.7205 3.67884 0.00196283 0.00335806 -9.32439e-04 0.0039998389 0.0 15 12.412305808 1.8668291503 0 0 0 1 10 4 0 0 0 6 
324 2 14.9862 21.0088 3.34799 -0.00115803 0.00478291 -0.00220332 0.0053918346 0.0 12 13.4367916196 2.1744730104 0 0 1 2 5 4 0 0 0 6 
467 2 13.7684 25.1188 4.52581 -7.46363e-04 0.00139197 0.00258643 0.0030305541 0.0 15 13.5754393666 2.0344904145 0 0 2 2 6 2 2 1 0 8 
432 2 12.9203 22.8483 5.93203 8.46656e-04 -7.11795e-04 0.00265789 0.002878864 0.0 15 12.3639620392 1.833569013 0 0 2 2 4 5 2 0 0 7 
315 1 18.218 24.0401 1.02474 0.00295304 -0.0026535 -3.95859e-04 0.0039897634 0.0 14 23.6913823371 2.3674847274 0 0 0 3 6 5 0 0 0 6 
256 2 16.9031 19.5995 1.80772 -0.0012903 -0.00171545 -0.00132688 0.0025235398 0.0 13 17.4804588151 2.2358408103 0 0 2 1 6 2 2 0 0 7 
634 2 14.1828 20.0145 1.03898 -0.00434196 0.00182795 -8.40642e-04 0.0047854673 0.0 14 13.8151758514 1.9462464746 0 0 0 2 8 4 0 0 0 6 
986 2 15.8259 23.1846 4.28565 -0.00193412 -0.00223119 -9.18016e-04 0.0030922132 0.0 15 18.1573363663 2.2012947062 0 0 2 2 5 3 3 0 0 7 
250 2 11.905 23.9608 8.69541 -8.11128e-04 0.00335206 0.00116949 0.0036416949 0.0 13 13.8072724949 2.0316376951 0 0 1 3 4 4 1 0 0 7 
771 2 12.3696 20.3942 2.75971 0.00499133 0.00207125 0.00148473 0.0056042729 0.0 15 13.8265878902 1.9462464746 0 0 1 0 10 3 1 0 0 7 
202 2 11.1295 24.0158 4.47507 0.00174591 9.98383e-04 -0.00173256 0.0026545686 0.0 13 12.0590777505 1.8404315112 0 0 0 1 10 2 0 0 0 6 
676 2 13.5002 22.9592 3.50803 -0.0040799 -2.55079e-04 -0.00464431 0.0061871047 0.0 14 13.0448157199 2.0083349021 0 0 1 1 8 3 1 0 0 7 
161 2 13.2691 24.9719 7.13008 -9.75697e-04 -0.0036966 0.00464122 0.0060131322 0.0 15 12.3574951522 1.8870801812 0 0 3 2 3 4 2 1 0 8 
513 2 11.4607 22.4546 2.3833 -6.72185e-04 -0.00215363 -0.00239113 0.0032874698 0.0 12 11.31608021 1.7813435254 0 0 0 0 12 0 0 0 0 5 
102 2 16.8701 19.125 4.25147 -9.51204e-04 -0.00109122 -0.00152841 0.0021051336 0.0 15 18.2155821717 2.2328140049 0 0 3 2 3 4 2 1 0 8 
10 2 11.678 23.9275 0.554676 4.70924e-04 -0.00347799 -0.00156526 0.0038429445 0.0 15 14.7089815286 2.2500740585 0 0 2 3 4 3 2 1 0 8 
882 1 15.6176 25.0851 2.11028 -0.00115332 -0.00129138 2.81535e-04 0.0017541583 0.0 15 21.4950882683 2.2500740585 0 0 1 1 7 6 0 0 0 6 
689 2 9.97175 23.7539 6.61387 6.24418e-04 0.00103512 4.71359e-04 0.0012975171 0.0 17 14.2675015015 1.8596293847 0 0 1 1 9 4 2 0 0 7 
815 1 16.7407 20.9576 6.64356 5.48887e-04 -3.1105e-04 -0.00289401 0.0029619796 0.0 14 21.7615030489 2.2328140049 0 0 1 2 6 4 1 0 0 7 
760 2 11.3201 21.6063 4.54037 -0.00497189 0.00173763 -0.00108706 0.0053778014 0.0 15 12.9134240708 1.8883130266 0 0 1 2 7 3 2 0 0 7 
754 2 15.039 23.6082 6.51496 0.00560949 7.03228e-05 -0.00226064 0.0060482904 0.0 13 13.9551579012 2.0918342359 0 0 1 1 9 0 2 0 0 7 
418 2 14.6398 18.7909 3.39417 -0.00240097 -0.00357142 -0.00145837 0.0045438465 0.0 14 15.5682659398 2.2131747344 0 0 3 2 3 3 2 1 0 8 
688 2 11.9088 18.4575 4.33125 0.00193671 0.00213387 -0.00288503 0.0040777009 0.0 13 16.0317759208 2.213983542 0 0 1 2 5 5 0 0 0 6 
811 2 13.5939 22.3797 1.08519 -0.00300701 -0.00293832 -0.0034205 0.0054199312 0.0 14 15.0335629321 2.2500740585 0 0 1 3 4 5 1 0 0 7 
774 2 15.8724 25.2801 8.12499 -0.00166315 0.00199059 -0.00410886 0.0048591406 0.0 13 14.5784816753 2.1478587894 0 0 0 2 8 3 0 0 0 6 
695 2 11.3136 25.8171 6.01122 -0.00254136 0.00164104 -0.00194232 0.0035950146 0.0 14 12.4099308736 1.9262539581 0 0 1 4 3 4 2 0 0 7 
394 2 10.065 26.4054 3.92089 8.44476e-04 -4.86289e-04 -0.00201316 0.0022366113 0.0 14 12.9388837808 1.9078895484 0 0 0 4 4 6 0 0 0 6 
592 2 9.82823 19.4916 8.35383 -0.00393289 0.00225097 -0.00149247 0.0047709492 0.0 15 19.5045779149 2.1349418764 0 0 0 4 4 7 0 0 0 6 
842 2 9.30786 24.6756 8.98742 -0.00252493 -0.00169165 0.00261822 0.0040114869 0.0 13 12.6048373383 2.0062363648 0 0 0 5 2 6 0 0 0 6 
516 2 15.7574 25.8794 5.49469 0.00419502 -0.00201926 0.00199314 0.0050644063 0.0 15 18.1994222191 2.3160964931 0 0 0 4 6 3 2 0 0 7 
50 1 13.7431 26.6282 26.6432 0.00349204 8.50427e-04 -3.25321e-04 0.0036087953 0.0 16 23.5558366002 2.2500740585 0 0 1 4 5 3 2 1 0 8 
30 1 18.7655 21.7979 3.31679 -0.00115879 0.00186307 4.75702e-04 0.0022450204 0.0 17 23.7588435568 2.368921677 0 0 0 3 8 4 2 0 0 7 
591 2 9.54473 21.1911 6.38958 0.00409485 -2.21038e-04 -2.54763e-04 0.0041087174 0.0 12 12.2602048647 1.8626497777 0 0 0 3 6 3 0 0 0 6 
566 2 9.78594 20.899 2.32968 6.48566e-04 0.00151546 -2.87544e-04 0.0016733017 0.0 13 12.8011495564 1.9289989361 0 0 0 3 7 2 1 0 0 7 
162 2 9.56732 19.3303 5.00904 -0.00244364 -7.68541e-04 -8.3863e-04 0.002695428 0.0 15 15.5575928353 2.098217719 0 0 2 4 2 4 2 1 0 8 
422 2 9.84633 24.4664 2.49983 2.14698e-04 0.00659955 -0.00106542 0.0066884434 0.0 13 12.6292655513 2.0508761089 0 0 1 2 6 3 1 0 0 7 
462 2 26.4217 25.7443 4.39273 -0.00130485 -0.00308452 -0.00100083 0.0034955054 0.0 15 19.5422828173 2.1561894765 0 0 1 4 3 5 2 0 0 7 
271 1 24.9455 21.1324 1.30106 0.00118757 3.70268e-04 0.00223415 0.002557117 0.0 14 22.99835878 2.2820793816 0 0 1 2 6 4 1 0 0 7 
342 2 26.5212 25.3623 6.84371 0.00214737 0.00208423 -0.002332 0.0037938683 0.0 12 14.4475788909 2.1561894765 0 0 1 3 4 3 1 0 0 7 
837 1 21.0742 25.2008 2.2328 -0.00146946 0.00449814 1.96082e-04 0.0047361402 0.0 15 22.5712605017 2.368921677 0 0 1 1 7 6 0 0 0 6 
437 1 18.2628 24.9593 3.60957 0.00316476 0.00243483 4.41675e-04 0.0040173598 0.0 12 22.0313513115 2.3100698526 0 0 0 2 8 2 0 0 0 6 
41 1 25.4553 22.4232 3.91466 0.00602967 -3.25105e-05 8.24741e-04 0.0060858997 0.0 16 23.1900829621 2.2463950785 0 0 3 3 2 4 3 1 0 8 
920 1 25.0868 20.9065 6.7315 0.00291613 0.00117606 4.59691e-04 0.0031777739 0.0 14 20.4481072724 2.2348634883 0 0 1 4 3 4 2 0 0 7 
746 1 18.0992 23.929 6.54761 -7.92147e-04 -0.00235595 1.7719e-04 0.0024918655 0.0 14 21.7436692858 2.2012947062 0 0 0 1 10 3 0 0 0 6 
60 1 20.4616 22.3563 7.74785 -2.64613e-04 8.23477e-04 0.00138038 0.0016289823 0.0 13 21.7839186195 2.3523096108 0 0 0 3 6 4 0 0 0 6 
702 1 21.4352 25.2726 6.70509 0.0011004 0.00168131 0.00359454 0.004118058 0.0 15 26.2011317296 2.3894111441 0 0 0 2 8 5 0 0 0 6 
792 1 19.1851 25.4494 8.58084 0.00101348 -0.00487527 0.00125468 0.0051351359 0.0 15 23.2837506429 2.2552707301 0 0 0 3 7 4 1 0 0 7 
368 1 24.8202 17.8652 0.373097 9.87058e-04 6.50793e-04 7.46664e-04 0.0013983283 0.0 17 22.8626186357 2.3160009879 0 0 2 3 7 1 2 1 1 9 
116 1 19.4408 20.7137 5.7843 -2.71299e-04 0.00168888 -0.00255689 0.0030762973 0.0 14 21.2978117308 2.1780257208 0 0 0 4 4 6 0 0 0 6 
828 1 22.5115 19.9688 0.452985 -0.00337698 -0.00315702 0.00158231 0.0048861513 0.0 14 21.5016883109 2.4373646595 0 0 0 2 8 4 0 0 0 6 
694 1 21.3965 23.075 26.6109 3.97392e-04 -0.00117683 0.00125094 0.001762867 0.0 13 23.0660296674 2.368921677 0 0 0 3 6 4 0 0 0 6 
547 1 18.9131 19.857 8.60455 3.97875e-04 0.00141485 -0.00249874 0.002898932 0.0 14 21.0533591471 2.2035641362 0 0 0 4 4 6 0 0 0 6 
713 1 22.5246 22.516 2.45162 0.00608289 -0.00162813 -0.00221428 0.0066749827 0.0 16 23.5271472352 2.368921677 0 0 0 4 4 8 0 0 0 6 
72 1 24.0167 18.929 3.24384 -0.00188986 4.62081e-04 -0.00142617 0.0024122708 0.0 16 23.8803338544 2.4373646595 0 0 2 4 4 1 4 1 0 8 
982 1 23.8624 23.6888 6.40228 2.84468e-04 0.00375952 -7.68844e-04 0.0038478609 0.0 16 25.3027423125 2.3585283946 0 0 0 5 3 7 1 0 0 7 
772 2 24.0874 24.6926 9.9454 -3.65313e-04 0.00417389 0.00215487 0.0047115046 0.0 13 19.1391686845 2.3894111441 0 0 1 2 6 3 1 0 0 7 
890 1 20.1653 17.7198 6.19588 -0.00117463 -3.07995e-04 0.00151711 0.0019432548 0.0 14 23.0465140697 2.3130111731 0 0 1 1 7 5 0 0 0 6 
400 1 23.3521 25.7439 3.81467 -0.00274084 -0.0034966 0.0012406 0.0046127545 0.0 15 24.9035109157 2.2575004201 0 0 1 3 4 6 1 0 0 7 
505 1 25.3272 24.4917 1.62387 -0.00216163 -0.00117115 -0.00329815 0.0041136395 0.0 15 23.1493979938 2.2285389107 0 0 2 3 4 3 2 1 0 8 
965 1 20.5925 23.456 4.60606 -0.00151706 0.0025691 0.00226978 0.0037488194 0.0 14 22.9919991481 2.2575004201 0 0 0 2 8 4 0 0 0 6 
384 1 22.8952 21.0071 4.93991 1.19516e-04 -0.00329413 2.81089e-04 0.0033082605 0.0 14 21.4591972205 2.2907106259 0 0 2 3 2 5 2 0 0 7 
624 1 21.7584 19.6419 7.23453 -0.00186371 -0.00250075 0.00366278 0.00481073 0.0 14 20.5474997661 2.3096113408 0 0 0 4 4 6 0 0 0 6 
207 1 21.2128 20.0772 3.10716 -3.17175e-04 0.0025225 0.00133021 0.0028693318 0.0 14 21.5417741189 2.319420245 0 0 0 3 6 5 0 0 0 6 
483 2 18.7583 18.3112 3.42723 -0.00214684 0.00169141 -0.00132513 0.0030373935 0.0 14 20.2557011594 2.1358667724 0 0 1 3 5 4 0 1 0 8 
231 2 24.6837 0.135066 6.70073 6.80228e-04 0.00255212 -0.00407349 0.0048548272 0.0 14 18.2955108195 2.2936916783 0 0 0 3 6 5 0 0 0 6 
52 1 18.7794 0.392903 5.76593 -0.00337457 4.2514e-04 -0.00215391 0.0040258906 0.0 15 24.8643644603 2.3407734476 0 0 1 2 6 5 1 0 0 7 
150 1 24.5455 19.0735 8.88695 -0.00163027 3.48083e-04 8.42145e-04 0.001867659 0.0 14 21.9443602041 2.2536105835 0 0 2 3 3 3 3 0 0 7 
372 2 20.957 16.948 3.46617 -0.00209817 0.00121957 0.00308454 0.0039248 0.0 14 21.4915812327 2.4373646595 0 0 0 2 8 4 0 0 0 6 
243 1 26.4479 17.9376 6.83266 0.00402449 2.27571e-04 2.5608e-04 0.0040390451 0.0 15 23.4540910225 2.3555674916 0 0 0 3 7 4 1 0 0 7 
37 1 8.10111 8.22952 10.6031 -0.00247978 -0.00174093 1.87491e-04 0.0030356711 0.0 14 21.7576786673 2.3025650976 0 0 0 4 4 6 0 0 0 6 
95 1 7.9781 3.14666 9.94584 0.00338131 1.8958e-04 -0.00238254 0.004140736 0.0 16 23.3570137454 2.2742609016 0 0 0 4 6 4 2 0 0 7 
359 1 2.65225 8.49156 11.627 4.41339e-04 0.00109443 5.60668e-04 0.001306486 0.0 14 20.4729214346 2.2498548034 0 0 2 2 4 4 2 0 0 7 
708 1 5.27625 2.83257 10.9972 0.00247904 -0.00337618 -1.85523e-04 0.00419269 0.0 16 22.3929639403 2.3134550676 0 0 2 4 3 3 3 1 0 8 
349 1 25.3042 6.43619 15.6425 -0.00189212 3.13373e-04 0.00331614 0.00383081 0.0 14 22.1410758495 2.2724432884 0 0 0 1 10 3 0 0 0 6 
675 1 0.261079 3.26332 12.6382 0.00156852 0.00137952 0.00101791 0.0023236762 0.0 16 21.9524788969 2.2208342965 0 0 1 3 6 3 3 0 0 7 
838 1 0.80199 5.95729 10.9327 0.00231261 0.00199386 -0.00352699 0.0046651153 0.0 15 22.5882015071 2.2156054755 0 0 1 2 6 5 1 0 0 7 
98 2 26.4547 1.66595 10.0942 0.00614785 0.00254723 -0.00193004 0.0069288884 0.0 13 14.7166113462 2.1372643481 0 0 0 4 5 3 1 0 0 7 
915 1 1.15368 5.84494 18.0159 -5.8928e-04 -0.00174779 -0.00221805 0.0028847472 0.0 17 24.4720123687 2.2771602255 0 0 0 1 10 6 0 0 0 6 
521 1 4.96608 7.21655 18.2673 0.00342719 -0.00287443 0.00296516 0.0053665774 0.0 12 20.7844035288 2.2320470601 0 0 0 2 8 2 0 0 0 6 
752 2 0.142121 26.3888 11.3421 -0.00243604 8.18936e-04 -0.00194912 0.0032255257 0.0 15 18.4997573843 2.2495210429 0 0 2 4 0 8 0 1 0 8 
20 1 6.19619 6.02309 10.9427 -0.00191428 -0.00123005 9.56478e-04 0.0024682668 0.0 15 22.1906521573 2.2577923458 0 0 1 3 5 4 2 0 0 7 
762 1 26.6485 0.95934 14.7108 -7.6755e-04 0.0012206 0.00115652 0.0018483874 0.0 14 21.1490087974 2.2442855674 0 0 2 1 7 2 1 1 0 8 
801 1 3.22907 5.88156 13.0415 -8.61528e-04 -1.44164e-04 7.89551e-06 8.735422673e-04 0.0 16 22.8702002932 2.2577923458 0 0 2 2 6 3 2 1 0 8 
667 1 5.33582 8.48593 10.2825 -1.56742e-04 8.58523e-04 -0.00104832 0.0013640398 0.0 14 20.6063207841 2.1656108409 0 0 1 3 4 5 1 0 0 7 
282 1 2.99613 0.759433 16.1525 5.80202e-04 0.00202271 -0.00344965 0.0040408013 0.0 15 22.3472962634 2.2737561107 0 0 1 2 6 5 1 0 0 7 
575 1 5.18252 1.85242 17.3595 -0.0015655 4.86108e-04 1.31001e-04 0.0016444612 0.0 14 20.5025348725 2.2350906457 0 0 0 3 6 5 0 0 0 6 
580 1 3.66063 7.64077 15.7038 0.00278962 0.00229327 -2.20743e-04 0.0036179821 0.0 15 22.5456276779 2.326485613 0 0 1 2 5 7 0 0 0 6 
8 1 5.19242 8.18662 13.1315 -0.00176996 0.00166054 2.11845e-04 0.0024361917 0.0 14 20.1920592553 2.1466285705 0 0 0 4 4 6 0 0 0 6 
152 1 1.72486 3.3912 15.656 -7.95347e-04 4.9319e-04 5.13294e-04 0.0010673725 0.0 14 23.1889328831 2.2420448063 0 0 0 2 8 4 0 0 0 6 
264 2 2.31569 0.553606 9.70315 9.91136e-04 7.87659e-04 -0.00197672 0.0023473771 0.0 15 19.381601738 2.2277154958 0 0 1 4 4 3 3 0 0 7 
446 1 7.79208 3.22867 13.2532 -0.00256518 -0.00132306 -0.00247607 0.0038028356 0.0 14 22.4876187278 2.2564494793 0 0 1 3 5 3 2 0 0 7 
690 1 3.58359 6.01605 9.8363 -0.00253924 -0.00121369 1.66548e-04 0.0028193122 0.0 17 22.3199537844 2.4325631378 0 0 2 3 3 6 3 0 0 7 
867 1 7.52469 3.6558 16.3266 -0.00199714 0.00250257 0.00175235 0.0036499528 0.0 14 23.4686009192 2.2777224728 0 0 0 2 8 4 0 0 0 6 
779 1 2.75118 3.80105 11.446 -0.00269716 -0.00133988 3.52601e-04 0.0030322068 0.0 15 20.6600336633 2.2420448063 0 0 3 3 2 3 3 1 0 8 
226 1 6.64597 7.9952 16.1085 6.91018e-06 7.8285e-04 0.00331731 0.0034084377 0.0 14 22.3193524181 2.2777224728 0 0 0 2 8 4 0 0 0 6 
420 1 4.73772 0.0419643 11.3358 0.00328235 -2.83996e-04 -0.00174839 0.0037297913 0.0 14 21.1050440357 2.3059607042 0 0 3 0 6 3 1 1 0 8 
614 1 8.027 8.27704 13.5714 0.00199869 0.005177 0.00213768 0.0059469123 0.0 15 23.4444080522 2.2175042501 0 0 0 4 4 7 0 0 0 6 
479 1 6.19177 5.67524 13.8862 -0.00368082 -0.00119394 0.00214051 0.004422184 0.0 13 22.8444267484 2.2777224728 0 0 0 3 6 4 0 0 0 6 
813 1 4.46972 4.91123 16.4262 -0.0043137 0.00153835 0.00249086 0.0052133398 0.0 15 23.2227372677 2.2777224728 0 0 0 3 6 6 0 0 0 6 
910 1 1.27835 6.22677 15.0157 0.0010767 1.83335e-04 1.48839e-04 0.001102292 0.0 14 22.1947381093 2.2498548034 0 0 1 2 8 1 1 1 0 8 
823 1 2.38413 1.27971 12.7904 2.77156e-04 -1.90861e-04 -6.96262e-04 7.7332020684e-04 0.0 14 22.8210628804 2.2303596228 0 0 0 2 8 4 0 0 0 6 
252 1 6.8351 0.967919 14.8273 -0.00212625 -0.00153198 0.00118836 0.0028775165 0.0 13 24.2633727805 2.3715818076 0 0 2 2 4 3 2 0 0 7 
519 1 4.82197 3.09878 14.0338 -0.00241247 -4.44826e-04 -0.00153603 0.0028943514 0.0 15 24.7704755942 2.2513748605 0 0 0 3 8 2 2 0 0 7 
975 2 1.25944 8.05106 8.73359 0.00263421 0.00307527 0.00333991 0.0052489377 0.0 12 17.3820561661 2.2133768959 0 0 1 4 2 4 1 0 0 7 
410 1 7.50091 0.573547 11.9947 0.00154934 2.33402e-04 0.00187241 0.0024414852 0.0 17 22.5952505139 2.3134550676 0 0 2 4 4 2 4 1 0 8 
565 2 13.7489 6.67183 13.4426 -0.00477149 9.9987e-04 4.67823e-04 0.0048975213 0.0 14 13.4776650036 2.0441757654 0 0 1 3 5 3 2 0 0 7 
142 2 15.3176 8.51173 17.6606 -0.00171506 0.00257087 -0.00290225 0.0042395588 0.0 15 13.545794149 1.9739959067 0 0 2 1 7 2 3 0 0 7 
82 1 12.3731 1.71931 17.1729 -0.00137897 0.00335468 0.00334319 0.0049327838 0.0 15 23.635511435 2.3473983918 0 0 0 2 8 5 0 0 0 6 
826 2 16.9836 3.50641 14.0842 -4.88938e-04 -0.00454916 0.00111485 0.0047092258 0.0 16 14.2885228465 1.8887295291 0 0 0 4 6 4 2 0 0 7 
991 1 10.4658 2.21132 14.8811 0.00345039 1.65184e-04 -8.45314e-04 0.0035562667 0.0 17 23.1159908402 2.3715818076 0 0 2 3 5 4 2 0 1 9 
54 2 15.2409 0.857989 16.8604 -0.00228557 -0.00176688 0.00679022 0.0073792129 0.0 13 18.1663421695 2.1845092643 0 0 1 2 6 3 1 0 0 7 
819 2 12.6592 2.6673 13.0029 9.75801e-04 0.00242371 0.00219385 0.0034116764 0.0 12 14.6107064284 2.1643945782 0 0 0 3 6 3 0 0 0 6 
146 2 15.3829 0.664996 10.6686 -0.0019145 -9.61084e-04 -0.00276167 0.0034951129 0.0 15 14.6035975654 2.1708730628 0 0 0 4 5 5 1 0 0 7 
848 2 16.0687 6.98552 13.2171 -0.00158565 0.0019992 6.38864e-04 0.0026304436 0.0 15 14.5965060481 2.0755317285 0 0 3 1 6 1 3 1 0 8 
7 1 9.38947 5.66255 15.1998 -0.00407645 -0.00142256 8.18439e-04 0.0043944242 0.0 15 25.0259407919 2.2500311651 0 0 0 3 6 6 0 0 0 6 
998 2 17.4303 7.06073 17.0003 0.0023007 6.69945e-04 0.00240731 0.0033966437 0.0 13 12.4406531472 1.8102884398 0 0 0 1 10 2 0 0 0 6 
790 2 14.5789 2.68304 15.1908 0.00107038 4.01066e-04 -0.00358532 0.0037631219 0.0 14 14.7418153421 2.1649975118 0 0 1 2 6 4 1 0 0 7 
247 2 13.2009 1.667 9.03045 9.14468e-04 -9.56805e-04 0.00117671 0.0017709811 0.0 12 15.5362589258 2.2907533297 0 0 1 2 5 4 0 0 0 6 
451 2 17.0055 9.25463 15.8401 -6.06391e-04 8.97138e-04 0.00367265 0.0038289587 0.0 12 12.390816622 1.8594889837 0 0 0 2 8 2 0 0 0 6 
21 2 14.2812 5.30339 11.2505 0.00186118 -9.6029e-04 -0.00171573 0.0027073746 0.0 15 14.2466277385 2.0527962118 0 0 3 2 2 5 3 0 0 7 
176 2 14.0016 2.7908 11.11 -0.00177539 -0.00216985 -0.00200582 0.0034472558 0.0 11 11.7810005523 1.9563538779 0 0 0 2 8 1 0 0 0 6 
979 2 14.46 4.36514 13.4933 1.24859e-04 3.69487e-04 2.71863e-04 4.754155065e-04 0.0 14 12.6302502945 1.8858561332 0 0 0 2 8 4 0 0 0 6 
496 2 16.5086 1.21071 14.693 0.00204353 0.00172575 -0.0023998 0.0035935036 0.0 13 14.6198344428 2.1845092643 0 0 2 2 4 3 2 0 0 7 
793 2 18.5707 3.90875 10.7528 9.90555e-04 -0.00121156 7.0409e-04 0.0017160477 0.0 13 15.7799673211 2.070195864 0 0 0 2 9 1 1 0 0 7 
885 1 10.5199 26.5642 13.6311 0.00239448 -0.00283761 -0.00306857 0.0048168129 0.0 16 22.4536328574 2.371368374 0 0 3 2 4 4 2 0 1 9 
696 2 12.4061 6.68868 15.3786 0.00339564 0.00294126 -0.00261855 0.0051998255 0.0 14 14.7108118998 2.0212358355 0 0 0 3 6 5 0 0 0 6 
860 2 13.1256 8.64333 11.5336 -0.00234975 -0.00102985 -0.00147112 0.0029573823 0.0 15 14.3306040953 2.0672720896 0 0 2 1 6 4 2 0 0 7 
990 2 11.7152 5.13149 13.2222 6.47264e-04 0.00131224 -7.8386e-04 0.001659928 0.0 14 16.3185171233 2.2417616027 0 0 0 3 6 5 0 0 0 6 
584 2 12.0731 4.02184 10.9933 0.00172089 -5.16451e-04 -5.79332e-04 0.0018878055 0.0 13 15.8952868593 2.159758654 0 0 0 3 6 4 0 0 0 6 
502 2 15.7724 5.58152 15.2386 -0.00369333 0.00213319 -0.00177301 0.0046189556 0.0 15 12.8687008226 1.8920738669 0 0 0 3 7 4 1 0 0 7 
674 2 12.6067 4.21143 15.0988 0.00368745 -0.00129469 0.00273315 0.004769027 0.0 12 15.041051514 2.1051442145 0 0 0 4 4 4 0 0 0 6 
318 2 17.2972 1.81309 11.8584 0.00260049 -0.00240832 2.87059e-04 0.0035559747 0.0 14 14.0040690314 2.0686585113 0 0 0 3 6 5 0 0 0 6 
497 2 12.7338 6.5008 10.1439 3.4749e-04 -0.00293885 -0.00381703 0.0048298351 0.0 13 16.7612043209 2.1944172668 0 0 0 2 8 3 0 0 0 6 
406 2 12.2923 0.871034 11.0759 0.00210065 4.58454e-04 -0.00142712 0.0025806166 0.0 15 16.7404079594 2.206018391 0 0 0 1 10 4 0 0 0 6 
90 2 11.4037 7.71884 12.8971 -0.00597716 -0.00259177 -0.0020895 0.0068417632 0.0 13 17.8897335985 2.1911175825 0 0 0 1 10 2 0 0 0 6 
22 2 14.8902 7.51468 9.72739 -0.00501168 -0.00648343 0.00122997 0.0082864122 0.0 14 16.4402657366 2.2683726398 0 0 1 4 4 2 3 0 0 7 
775 2 13.8263 5.23295 17.0059 -8.68465e-04 2.24014e-04 0.00343115 0.0035464354 0.0 14 17.2443972996 2.3444983876 0 0 0 3 6 5 0 0 0 6 
646 2 15.9571 3.72036 11.567 -9.37152e-05 -0.0014724 -0.00151493 0.002114653 0.0 12 11.9507473976 1.9617424111 0 0 1 4 2 4 1 0 0 7 
2 2 15.8465 3.81197 17.0383 -0.00172091 0.00269837 -1.31629e-04 0.0032031325 0.0 15 16.313738533 2.3473983918 0 0 1 3 6 2 3 0 0 7 
569 2 10.0866 0.147786 10.5248 -6.08422e-04 0.00237879 -0.00203759 0.003190704 0.0 11 13.7020632236 1.9986666695 0 0 0 2 8 1 0 0 0 6 
973 2 15.8246 3.08237 9.25029 3.47555e-04 6.38779e-04 -0.00419678 0.0042593187 0.0 14 16.9244091393 2.3461710376 0 0 0 3 6 5 0 0 0 6 
115 2 10.569 7.90072 16.9042 -6.85834e-04 0.00211581 -1.93899e-05 0.0022242743 0.0 14 17.487620062 2.2175042501 0 0 1 3 5 3 2 0 0 7 
212 2 16.4565 5.2529 9.66985 0.00249683 0.00413892 0.00305443 0.0057178983 0.0 13 17.5384076751 2.2120472229 0 0 1 3 4 4 1 0 0 7 
334 2 15.0009 1.54439 12.9243 -0.00210189 0.00220555 7.91156e-04 0.0031477484 0.0 13 14.1822713037 2.206018391 0 0 0 1 10 2 0 0 0 6 
425 2 16.6079 0.861855 8.56039 -2.63856e-04 -0.00481756 -0.00283264 0.0055948506 0.0 13 16.6680494777 2.2817611364 0 0 1 3 4 4 1 0 0 7 
560 1 9.23021 5.46055 11.4739 0.00188673 -0.00107142 1.5957e-04 0.0021755812 0.0 16 25.5378704528 2.3188891835 0 0 0 2 8 6 0 0 0 6 
498 2 10.2691 2.5728 11.9737 -0.00266645 -0.00116412 -3.9931e-04 0.0029367634 0.0 12 18.3191948757 2.2321342636 0 0 0 2 8 2 0 0 0 6 
880 2 16.9039 8.24136 10.7253 0.00364994 7.65327e-04 0.00190214 0.0041863975 0.0 14 15.3721638014 2.091823794 0 0 1 3 5 3 2 0 0 7 
888 2 15.0107 7.74099 15.2631 -0.00133221 -0.00261638 3.00152e-04 0.002951325 0.0 15 13.8340891973 1.9422506761 0 0 0 2 9 3 1 0 0 7 
44 2 11.3055 8.47878 9.97718 5.68294e-04 -0.00356738 0.00236979 0.0043203082 0.0 14 16.19790494 2.3188891835 0 0 0 3 7 3 1 0 0 7 
851 1 10.6385 4.2195 17.524 5.79714e-04 -8.23347e-04 -0.00118924 0.0015582876 0.0 15 22.6217167642 2.1746432039 0 0 0 1 10 4 0 0 0 6 
223 1 10.5479 5.00442 8.32621 -0.0033009 5.94609e-04 0.00108452 0.0035250084 0.0 14 22.3297917173 2.3188891835 0 0 1 3 4 5 1 0 0 7 
330 2 18.7508 0.478789 14.1325 7.88097e-04 0.00395951 0.00344558 0.0053076207 0.0 15 17.7864445559 2.1430413542 0 0 0 3 7 4 1 0 0 7 
654 1 19.6424 26.823 18.1041 -7.64009e-04 0.00351942 0.00312709 0.0047695617 0.0 13 21.2707975507 2.2899871237 0 0 0 3 6 4 0 0 0 6 
726 2 22.3158 6.56867 12.2291 -0.00350509 8.45848e-04 0.00146404 0.0038915971 0.0 14 15.4081283134 2.1891085341 0 0 1 3 4 5 1 0 0 7 
314 2 20.8659 8.02642 9.92451 0.00213009 0.0036548 5.85566e-04 0.004270566 0.0 15 18.3294166193 2.1150513243 0 0 1 2 6 5 1 0 0 7 
15 2 20.6518 5.60636 10.3314 0.00447396 -0.00251036 -0.00235277 0.0056439128 0.0 12 14.0825260991 2.1223676895 0 0 1 2 6 2 1 0 0 7 
211 2 23.0059 4.47678 10.7366 0.00126056 0.00242631 5.80318e-04 0.0027951316 0.0 12 14.1515998093 2.0656024231 0 0 0 5 2 5 0 0 0 6 
159 2 22.4567 5.53188 14.6838 0.0042331 0.00245589 9.64471e-04 0.0049880593 0.0 14 16.1488500686 2.2187466097 0 0 1 3 5 3 2 0 0 7 
369 2 25.4941 3.86437 10.0927 -0.00258582 2.97647e-04 -0.00105562 0.0028088062 0.0 14 15.7389487353 2.135270452 0 0 1 4 3 4 2 0 0 7 
964 2 19.8808 5.90188 16.6989 -1.23648e-05 0.00349501 0.00182726 0.0039438721 0.0 15 12.6415029173 1.7966260462 0 0 0 3 6 6 0 0 0 6 
717 2 18.6789 1.71489 9.29296 7.7349e-04 2.28408e-04 -0.00252207 0.0026478848 0.0 14 18.9011128037 2.2881755126 0 0 0 1 10 3 0 0 0 6 
305 2 17.8328 5.26213 12.5464 -0.00283222 0.0020389 4.75834e-04 0.0035220734 0.0 16 14.494452384 2.071040519 0 0 1 6 3 1 4 1 0 8 
138 2 19.7884 2.67121 12.8964 -3.04973e-04 0.00283876 -4.80167e-04 0.0028951904 0.0 15 14.9033964961 2.0242864705 0 0 1 2 7 4 0 1 0 8 
606 2 22.0108 6.45114 16.9481 -4.1059e-04 2.68683e-04 0.00384103 0.0038722456 0.0 14 14.4727419664 2.1648449922 0 0 1 3 5 3 2 0 0 7 
855 1 24.0612 1.29857 15.845 0.00106997 0.00195891 -2.39429e-05 0.0022322046 0.0 15 23.052201806 2.2765180457 0 0 0 2 8 5 0 0 0 6 
484 2 21.3519 3.85266 15.9073 9.45922e-04 0.0014624 0.00221929 0.0028211044 0.0 15 16.3261994633 2.2466762107 0 0 1 3 5 4 2 0 0 7 
346 2 19.2106 8.92909 11.679 7.77744e-05 4.18457e-04 0.00423829 0.0042596076 0.0 12 13.0414415737 2.0912239488 0 0 0 3 6 3 0 0 0 6 
861 2 24.8788 0.562409 12.4078 -8.04423e-04 2.70935e-04 0.00230813 0.0024592613 0.0 15 17.5658124909 2.2442855674 0 0 2 2 5 4 1 1 0 8 
361 2 21.9124 1.22208 12.963 0.00252251 -0.00326776 7.72139e-04 0.0041997037 0.0 14 16.6078307071 2.064683032 0 0 0 4 5 4 1 0 0 7 
857 2 20.8003 0.478683 10.7099 -0.00102302 8.74742e-04 -0.00431393 0.0045190414 0.0 12 15.4545526256 2.2082758984 0 0 0 4 4 4 0 0 0 6 
370 2 17.6034 9.03343 13.5281 0.00153675 -0.00272968 -9.85231e-04 0.0032838139 0.0 14 13.6699783005 2.1244105097 0 0 0 2 8 4 0 0 0 6 
362 2 24.0333 2.05239 10.8306 1.95775e-04 4.77739e-04 7.03776e-04 8.7284767338e-04 0.0 14 13.3253271976 2.008505629 0 0 0 3 6 5 0 0 0 6 
404 1 26.7649 8.03264 13.0304 0.00454183 -0.0017242 9.27633e-04 0.0049458658 0.0 15 22.0497789224 2.2338179388 0 0 1 4 2 7 1 0 0 7 
528 2 17.5923 1.87665 16.8635 -6.90802e-04 0.00335028 7.58863e-04 0.0035039202 0.0 14 16.8061112961 2.1474312859 0 0 1 4 3 4 2 0 0 7 
596 2 23.1705 8.75996 16.4232 -9.01935e-05 -7.76048e-04 -0.00120389 0.0014351782 0.0 15 15.1517944016 2.1541361312 0 0 2 4 2 3 4 0 0 7 
698 1 24.2351 7.3419 9.78574 4.64713e-04 -0.00278617 0.00286563 0.0040237466 0.0 20 23.6087210368 2.1891085341 0 0 2 5 3 5 3 2 0 8 
894 2 19.0777 8.64705 16.3742 0.00331923 0.00148357 -0.00398305 0.0053928615 0.0 13 13.2054178885 2.1244105097 0 0 0 3 6 4 0 0 0 6 
529 2 19.5696 5.27683 14.2434 -0.00310586 -0.0049214 0.00428565 0.0072272637 0.0 12 12.1448757276 1.8439877988 0 0 0 5 3 3 1 0 0 7 
945 2 23.4417 8.0673 13.9645 0.00120348 0.00246601 0.00265752 0.0038199453 0.0 13 15.4498807422 2.1758963018 0 0 1 2 6 3 1 0 0 7 
206 2 23.3473 3.17317 12.9056 -0.00111395 -0.00262919 0.00282769 0.0040186261 0.0 15 18.3592605444 2.2466762107 0 0 0 4 5 5 1 0 0 7 
564 2 19.8811 6.75176 12.4135 4.93055e-04 -3.89142e-04 0.00438291 0.0044276896 0.0 15 12.9813454132 2.0755317285 0 0 0 4 6 3 2 0 0 7 
974 1 25.2632 5.62718 12.8266 -4.92032e-04 6.8472e-04 -0.00134902 0.0015908463 0.0 14 21.5420409748 2.2076015074 0 0 0 2 8 4 0 0 0 6 
205 2 21.1215 8.70837 17.3503 -0.00205467 -0.00159523 -0.00137905 0.0029441818 0.0 12 11.3405378332 1.91403217 0 0 0 4 4 4 0 0 0 6 
972 2 17.9404 6.7847 14.6262 -8.08793e-04 -0.00161101 -8.04505e-04 0.0019740131 0.0 14 12.9152421337 1.9947158716 0 0 0 2 8 4 0 0 0 6 
741 2 20.8283 7.27764 14.7632 0.00231035 -0.00293858 0.00178491 0.004142327 0.0 17 14.1491884124 2.1244105097 0 0 0 3 7 6 1 0 0 7 
876 2 18.6826 6.84571 10.1988 -5.09526e-04 0.00203802 8.81766e-05 0.0021025978 0.0 12 15.9304113268 2.1108018011 0 0 0 2 8 2 0 0 0 6 
416 2 21.0252 1.54253 15.3631 -0.00163102 -0.00113186 0.00269205 0.0033449165 0.0 16 19.2624056288 2.2899871237 0 0 0 4 7 2 3 0 0 7 
636 2 21.2601 2.7246 10.465 -0.00269168 -0.00221383 9.72623e-04 0.0036183118 0.0 15 15.3234420321 2.1759964216 0 0 0 2 8 5 0 0 0 6 
474 2 21.5054 8.80213 12.4483 3.47004e-04 -6.76336e-04 -0.00235334 0.0024730652 0.0 12 12.7323376692 2.0799271054 0 0 0 3 6 3 0 0 0 6 
635 2 19.2355 2.93287 15.1922 0.00217857 0.00236238 0.00189474 0.0037305557 0.0 12 12.339186358 1.9847429133 0 0 2 1 4 5 0 0 0 6 
523 2 21.181 4.41444 12.6225 9.22121e-04 0.00149692 0.00181901 0.0025297972 0.0 16 13.4383011189 2.0598653601 0 0 1 5 3 4 2 1 0 8 
969 2 17.7468 4.75468 16.2041 -0.00222506 -4.24853e-04 -0.00284706 0.0036382884 0.0 12 12.0332879146 1.9076773741 0 0 0 3 6 3 0 0 0 6 
907 1 25.6031 3.73541 14.9796 3.68291e-05 -0.00296665 -0.00216068 0.0036702734 0.0 14 19.7729328613 2.2771602255 0 0 0 2 8 4 0 0 0 6 
6 2 23.0194 3.13372 8.76713 -0.00234605 0.00392173 0.00293373 0.005430533 0.0 11 12.0993405778 2.0362165507 0 0 0 2 8 1 0 0 0 6 
427 1 25.525 8.3458 18.1466 -0.00205007 0.00337923 -0.00420816 0.0057732654 0.0 15 21.6107294045 2.1648449922 0 0 1 3 4 6 1 0 0 7 
532 1 9.11732 15.5875 9.30634 0.00235553 -0.00169256 6.18418e-04 0.0029657582 0.0 16 22.5242716189 2.1973390751 0 0 1 3 5 6 0 1 0 8 
899 1 3.30962 16.1343 16.9068 -5.48554e-04 0.00224273 -0.00154834 0.0027799471 0.0 14 21.8258045515 2.1970793001 0 0 1 2 6 4 1 0 0 7 
583 1 0.994806 9.00281 16.5168 -0.00227389 0.00457738 0.00187662 0.0054446934 0.0 14 22.3335888574 2.2903008669 0 0 1 3 5 3 2 0 0 7 
412 2 6.2192 14.4286 9.69837 -0.00169957 0.00185383 -0.00160643 0.0029842656 0.0 14 17.0845149158 2.2656523595 0 0 3 2 3 3 2 1 0 8 
970 2 9.92617 10.3626 9.81126 0.00249856 0.0035489 2.09998e-04 0.0043452954 0.0 12 13.3623961427 2.1356552248 0 0 0 3 6 3 0 0 0 6 
640 2 4.00374 14.3034 10.4174 -0.0033779 -0.00392833 8.8346e-04 0.0052557099 0.0 13 18.1139045967 2.3257611736 0 0 1 2 6 3 1 0 0 7 
73 1 9.06949 15.9351 16.5402 9.29571e-05 -2.99164e-04 0.00628058 0.0062883881 0.0 17 23.7994911654 2.3739122351 0 0 2 3 5 3 3 1 0 8 
541 1 5.62797 12.9116 13.8264 0.00106602 -0.00339701 0.00380852 0.0052135305 0.0 14 21.172642933 2.3257611736 0 0 1 4 3 4 2 0 0 7 
319 1 7.06606 10.8244 12.8414 -8.69533e-04 0.00124111 0.00103752 0.0018365428 0.0 15 21.71487269 2.1667689653 0 0 1 3 4 6 1 0 0 7 
75 2 6.95734 11.2798 9.83098 -0.00139799 8.57729e-04 0.00246087 0.0029573563 0.0 13 16.6395538441 2.1843053276 0 0 1 4 2 5 1 0 0 7 
627 1 5.89698 15.4435 16.385 -1.14639e-04 0.00279605 6.61745e-04 0.0028755772 0.0 13 20.3866097644 2.208393116 0 0 0 3 6 4 0 0 0 6 
165 1 8.317 10.4287 15.8718 -6.9362e-04 -0.00288297 0.00103294 0.0031399984 0.0 15 22.2409056979 2.2113563193 0 0 0 3 7 4 1 0 0 7 
611 1 1.87687 18.1495 9.07093 0.00117333 -0.00106579 0.0026407 0.0030799201 0.0 17 24.114604121 2.4092595563 0 0 1 4 3 7 2 0 0 7 
114 1 5.04961 10.3378 15.1751 7.29137e-04 -0.00201345 -0.00124164 0.0024753367 0.0 15 22.7499416384 2.3211683255 0 0 1 3 4 6 1 0 0 7 
716 1 0.796986 12.6389 15.1319 -0.00211978 0.00153238 -0.00271559 0.0037704224 0.0 16 21.4977515196 2.1986085017 0 0 1 3 6 3 3 0 0 7 
709 1 7.91873 14.4332 14.3725 -0.00317915 0.00189893 -0.00189244 0.0041586367 0.0 14 21.1179779754 2.2075657445 0 0 1 2 7 2 2 0 0 7 
431 1 4.29683 10.8735 11.9845 3.67588e-04 -0.00231147 -8.68848e-04 0.0024965799 0.0 16 22.058920893 2.3257611736 0 0 1 1 9 3 2 0 0 7 
883 1 2.1291 9.99729 14.1489 -0.00227973 -0.0030957 0.00128265 0.0040528655 0.0 16 23.319352832 2.277748663 0 0 1 5 3 3 4 0 0 7 
773 1 6.54518 12.618 16.8111 2.19639e-04 -0.0024659 0.00172173 0.003015503 0.0 14 20.7135897628 2.1963036483 0 0 0 4 4 6 0 0 0 6 
174 1 1.85034 15.3036 14.1956 -9.10436e-04 -0.00233327 0.00101584 0.0027027714 0.0 14 22.3997273367 2.2007006579 0 0 0 3 6 5 0 0 0 6 
981 1 4.70269 15.6604 13.2916 1.48637e-04 0.00374 0.00333398 0.0050124959 0.0 17 23.4896081156 2.2727527783 0 0 1 4 5 3 4 0 0 7 
587 1 3.84295 13.3022 16.0559 -0.00183685 -0.00124972 -4.28506e-04 0.0022626169 0.0 14 22.0252785549 2.2213987409 0 0 0 2 8 4 0 0 0 6 
763 1 2.81489 13.0435 12.9863 -0.0027519 9.18268e-04 -0.00306709 0.0042217545 0.0 14 21.1411346023 2.2160432808 0 0 1 3 4 5 1 0 0 7 
238 1 7.58245 16.255 11.7342 0.00136004 0.00313945 -7.7005e-04 0.0035069691 0.0 15 22.6860135399 2.2663582396 0 0 1 2 6 5 1 0 0 7 
672 1 2.39625 17.2605 12.0564 9.03807e-04 0.00260859 -0.00453666 0.0053106396 0.0 14 20.9422423256 2.2160432808 0 0 3 1 3 5 2 0 0 7 
108 2 0.934584 11.0007 11.5263 0.00301953 -8.24149e-04 0.00101296 0.0032898132 0.0 16 18.2527116865 2.054644343 0 0 0 4 5 6 1 0 0 7 
296 1 4.43176 17.0127 9.79585 -2.98366e-04 -6.69879e-04 -1.7374e-05 7.3352709594e-04 0.0 14 21.4647906689 2.212035945 0 0 1 4 3 4 2 0 0 7 
453 2 5.03754 12.4782 9.23457 -7.46118e-04 0.00254331 3.69204e-04 0.0026760847 0.0 12 14.3244731291 2.3237609021 0 0 3 2 2 3 1 1 0 8 
208 1 9.47159 12.1454 14.0749 -4.60522e-04 -0.00193992 -0.0017235 0.0026354928 0.0 15 20.8334291326 2.1963036483 0 0 0 5 5 2 3 0 0 7 
106 2 1.75642 14.5529 10.3335 -6.88606e-04 -0.00314744 -0.00127965 0.0034667075 0.0 15 15.9608610466 2.2160432808 0 0 1 4 3 5 2 0 0 7 
405 1 0.212906 16.7705 16.7684 -0.00268204 0.00239181 -0.00109272 0.0037560792 0.0 15 22.9465947657 2.2778625005 0 0 2 3 3 4 3 0 0 7 
954 1 3.79264 18.4099 14.8253 2.40754e-04 0.0014039 -0.00226443 0.0026751712 0.0 15 22.2036497181 2.2345911926 0 0 1 4 2 7 1 0 0 7 
215 2 2.64817 9.92239 9.11626 0.00244414 0.00204961 -0.0028712 0.0042916793 0.0 14 16.9239864817 2.1830189328 0 0 2 2 3 6 1 0 0 7 
941 2 17.7132 10.7111 11.7582 5.49273e-04 -0.00102162 -3.79402e-04 0.001220391 0.0 14 14.0106092807 2.0552115516 0 0 1 1 8 3 1 0 0 7 
337 2 11.0018 9.0821 15.0207 -0.00145419 -8.78733e-04 1.32903e-04 0.0017042604 0.0 13 16.8620943686 2.1869692165 0 0 1 3 4 4 1 0 0 7 
117 1 10.1556 17.3155 14.0517 0.00122022 -0.00262501 0.00125602 0.0031555032 0.0 15 22.1508614869 2.171144586 0 0 1 2 7 3 2 0 0 7 
818 2 11.8005 10.4656 7.9327 7.98741e-06 0.00122889 5.24765e-04 0.0013362682 0.0 17 17.9737009172 2.2776080327 0 0 3 4 3 1 5 0 1 9 
949 2 14.9416 10.5569 16.2471 1.42551e-04 3.69204e-04 -0.0023345 0.0023678097 0.0 16 13.5104130294 1.9502294645 0 0 2 0 8 4 2 0 0 7 
327 1 13.16 16.4974 14.5787 0.00388013 -0.00173175 4.05743e-04 0.0042683714 0.0 13 20.9096866019 2.2947304598 0 0 1 3 4 4 1 0 0 7 
862 2 14.5551 12.9077 16.2834 0.0024402 0.00381416 -0.00187194 0.0048996481 0.0 16 16.6444081962 2.2721012552 0 0 2 2 6 4 1 0 1 9 
376 2 12.1852 11.8266 12.5143 -0.00141117 -2.89542e-04 -0.0046875 0.004903865 0.0 14 15.3871460937 2.1419826594 0 0 1 3 5 3 2 0 0 7 
938 1 15.7463 14.2923 9.84334 -1.2918e-04 6.10957e-04 -0.00332168 0.0033798689 0.0 14 22.0650666815 2.3829620455 0 0 0 3 6 5 0 0 0 6 
546 2 15.4536 9.63253 12.966 0.00110839 -7.28535e-04 0.0012494 0.0018221668 0.0 16 13.8696404268 2.0672720896 0 0 0 4 4 8 0 0 0 6 
650 2 13.0484 8.66746 16.4568 -1.52112e-04 -0.00156214 -0.00240975 0.0028758155 0.0 14 13.4387431961 1.9739959067 0 0 1 3 4 5 1 0 0 7 
180 2 12.9802 11.618 17.4834 0.0043366 3.51119e-04 -0.00182606 0.0047184615 0.0 12 15.4491718611 2.2753636117 0 0 0 4 4 4 0 0 0 6 
816 2 10.4984 10.2083 11.9886 -0.00157337 -8.04204e-04 -2.91169e-04 0.0017908145 0.0 14 17.0911763614 2.1869692165 0 0 1 1 8 3 1 0 0 7 
409 1 10.0299 15.1826 12.2686 0.00241084 0.00123693 -0.00198905 0.003361319 0.0 15 21.2192221634 2.1973390751 0 0 1 2 7 3 2 0 0 7 
743 1 12.0678 14.5817 17.1084 0.00140361 0.00114203 -3.15577e-04 0.0018368294 0.0 13 20.5674415498 2.2420636489 0 0 1 2 5 5 0 0 0 6 
113 2 16.7147 14.1058 17.4037 0.00428827 -0.00146541 4.95291e-04 0.0045587278 0.0 14 16.8188512089 2.3502051991 0 0 0 3 6 5 0 0 0 6 
310 1 12.7639 16.7137 11.8115 -0.00214463 0.00670249 5.37053e-04 0.0070577076 0.0 14 20.8821393588 2.2340343746 0 0 1 3 4 5 1 0 0 7 
960 2 9.75227 12.3444 10.774 -0.00520186 -8.42313e-04 -0.00263441 0.0058914306 0.0 14 17.169774949 2.2776080327 0 0 0 4 5 4 1 0 0 7 
438 2 17.1245 11.6094 17.089 -7.04842e-04 0.00428864 -6.73527e-04 0.0043980534 0.0 15 14.287670762 1.972502653 0 0 1 2 7 3 2 0 0 7 
686 2 18.0524 13.5214 15.714 -0.00180509 1.66195e-04 0.00114184 0.0021423747 0.0 12 12.6183129435 1.8568467895 0 0 1 3 4 3 1 0 0 7 
260 2 13.7585 13.6634 12.8173 0.0027283 3.24464e-04 0.00102775 0.0029334566 0.0 14 19.9689432093 2.2721012552 0 0 0 2 8 4 0 0 0 6 
568 2 14.3707 11.6246 11.5261 -0.00152813 0.0023144 -0.00189418 0.0033585036 0.0 14 14.7977534956 2.0592155474 0 0 1 2 7 2 2 0 0 7 
209 2 15.3877 9.84022 10.2729 9.96193e-05 0.00187455 0.00345872 0.0039353025 0.0 13 15.8544441457 2.173700619 0 0 1 3 4 4 1 0 0 7 
380 1 14.4121 16.3028 16.9304 -0.00290392 2.10048e-04 0.00155961 0.0033029161 0.0 15 23.6188756753 2.3239616114 0 0 0 3 7 4 1 0 0 7 
317 2 14.4644 11.4867 14.1041 -8.87097e-04 -9.05635e-04 0.00555564 0.0056984429 0.0 11 11.6815126797 1.9642020879 0 0 0 3 6 2 0 0 0 6 
753 2 13.1052 9.65437 13.8191 -0.00267733 0.00131921 -0.00224181 0.0037328438 0.0 14 13.8832951417 1.9677610726 0 0 0 2 8 4 0 0 0 6 
727 1 12.4839 14.145 10.1657 0.00214333 -4.22897e-04 -0.0014285 0.0026102332 0.0 16 23.218648888 2.2677973978 0 0 2 1 6 6 0 1 0 8 
323 2 16.5767 12.7689 12.2761 5.14861e-04 -1.87432e-05 -3.0655e-04 5.9950484516e-04 0.0 14 15.1846784893 2.335056874 0 0 1 2 7 2 2 0 0 7 
721 1 15.3676 16.4956 12.8345 -0.00148077 7.6707e-04 -4.34035e-04 0.0017232129 0.0 16 23.484344914 2.3829620455 0 0 0 4 4 8 0 0 0 6 
398 2 17.3956 16.1383 15.6905 7.69175e-04 0.00173316 -0.00119695 0.0022423566 0.0 14 19.5140840776 2.2986767266 0 0 0 2 8 4 0 0 0 6 
306 2 12.3752 11.5142 15.1787 0.00240245 -0.00407449 0.00152259 0.0049690558 0.0 16 16.5110715069 2.1641265127 0 0 1 3 5 5 2 0 0 7 
304 1 11.0506 14.3317 14.6392 -0.00354392 -0.0012012 -0.0010785 0.0038942795 0.0 14 20.424615148 2.2721012552 0 0 1 3 5 3 2 0 0 7 
761 1 9.81055 12.8748 16.9051 -0.00136491 8.35459e-04 1.75043e-04 0.0016098482 0.0 13 20.4511746304 2.1487237961 0 0 0 3 6 4 0 0 0 6 
465 2 7.67141 13.3689 11.0974 1.55678e-04 -0.00179734 0.00103279 0.0020787789 0.0 16 18.4353504885 2.3257611736 0 0 1 3 6 4 1 1 0 8 
824 2 12.3339 10.8841 10.4708 -0.00646085 -0.0015836 1.24215e-04 0.0066532549 0.0 13 14.6378736588 2.2776080327 0 0 1 2 6 3 1 0 0 7 
959 2 15.9461 13.4431 14.3669 -5.8092e-04 0.0018242 0.0060442 0.006340152 0.0 15 16.0873303451 2.2986767266 0 0 2 3 5 2 2 0 1 9 
989 2 22.8066 13.7078 15.6416 0.00168662 -0.00222885 -0.00118816 0.0030371341 0.0 13 12.9482993779 1.9940370341 0 0 0 3 6 4 0 0 0 6 
679 1 20.9692 17.8936 9.49221 -0.00299555 -0.00120199 5.15536e-05 0.0032281198 0.0 14 23.0647886323 2.2035641362 0 0 0 6 1 6 1 0 0 7 
955 2 18.3381 14.6292 13.6108 9.53221e-05 2.40301e-04 -0.00126708 0.0012931831 0.0 12 15.0416127304 2.3585010043 0 0 0 3 6 3 0 0 0 6 
655 2 18.6419 13.6182 11.3064 -4.54636e-05 0.00162729 -0.00101375 0.0019177666 0.0 14 18.1019246021 2.3829620455 0 0 0 4 4 6 0 0 0 6 
89 2 21.4431 9.77542 15.0152 -9.90164e-04 -0.00221575 7.06829e-04 0.0025277619 0.0 12 12.739799908 2.1108777419 0 0 0 5 2 5 0 0 0 6 
443 2 25.008 14.8018 14.4118 3.51501e-05 0.00278554 0.00212606 0.0035043687 0.0 17 19.8127249001 2.1990111051 0 0 1 3 6 5 1 1 0 8 
916 2 20.169 10.5877 13.1386 0.00733543 5.67479e-04 5.8593e-04 0.0073806422 0.0 15 12.8379176343 2.1244105097 0 0 0 2 8 5 0 0 0 6 
163 2 21.621 12.4964 11.8732 0.00412818 -0.00499544 -6.81333e-04 0.0065161726 0.0 14 13.6150799741 1.9529500084 0 0 0 4 5 4 1 0 0 7 
658 2 16.862 11.1232 14.0834 -0.00124861 9.40647e-04 -0.00227584 0.0027610309 0.0 14 12.2763652597 1.8980506064 0 0 1 3 4 5 1 0 0 7 
203 2 22.5048 16.1448 11.3235 -0.00134496 -0.00332741 -0.0020029 0.0041100101 0.0 12 15.3986028531 2.1851549419 0 0 0 3 6 3 0 0 0 6 
633 2 20.0777 15.5222 12.2173 -0.00205622 -1.9058e-04 0.0029674 0.0036152212 0.0 14 16.4719128042 2.1810123207 0 0 0 4 5 4 1 0 0 7 
149 2 22.0656 16.0053 15.8454 -4.1503e-04 -0.00179625 -0.00178893 0.0025688586 0.0 14 16.2285411592 2.2461185283 0 0 2 3 3 3 3 0 0 7 
229 2 20.2814 14.1709 15.2951 0.00160367 0.00449598 4.31623e-05 0.0047736209 0.0 17 14.1738135235 1.9940370341 0 0 1 4 4 6 1 1 0 8 
227 2 26.5171 13.3303 12.3655 -4.00046e-04 4.37931e-04 6.23457e-04 8.6053413281e-04 0.0 12 16.4932931602 2.0792600857 0 0 0 2 8 2 0 0 0 6 
778 2 23.6382 11.3425 15.9857 -3.07555e-04 -0.00397486 -8.22894e-04 0.0040707808 0.0 14 15.2099557163 2.1414240867 0 0 2 2 6 1 2 1 0 8 
101 1 26.2636 11.352 17.4287 0.00182082 -0.00393065 0.00365394 0.0056671573 0.0 16 22.3097075792 2.2395883535 0 0 2 2 6 3 2 1 0 8 
830 1 17.8907 17.5279 11.1606 -4.79434e-04 0.00176713 -5.72454e-04 0.0019184131 0.0 16 23.474224559 2.3829620455 0 0 0 4 5 6 1 0 0 7 
107 2 22.1555 10.3008 10.6889 -5.72128e-04 -8.48967e-04 0.0018272 0.0020944535 0.0 14 15.4625578499 2.123569598 0 0 0 4 4 6 0 0 0 6 
977 2 21.4191 11.0207 17.2971 1.43579e-04 -0.00179049 5.37166e-04 0.0018748378 0.0 15 14.6916591668 2.0181012478 0 0 0 4 5 5 1 0 0 7 
548 2 21.9345 16.6266 13.6418 0.00120345 -5.98601e-04 0.00157816 0.0020729699 0.0 14 17.496840974 2.2461185283 0 0 2 3 3 3 3 0 0 7 
550 2 24.9837 9.7743 14.8641 0.00329272 0.00238541 -0.00309614 0.0051106036 0.0 14 16.8592853056 2.1837372099 0 0 0 4 4 6 0 0 0 6 
649 2 24.2131 9.59016 11.8231 0.00109908 0.00482261 0.00535308 0.0072884161 0.0 14 15.2560781959 2.1891085341 0 0 1 3 5 4 0 1 0 8 
356 2 26.6365 15.7469 11.319 -5.19041e-04 3.78242e-05 0.00244399 0.002498784 0.0 13 17.0421890129 2.1790333314 0 0 0 1 10 2 0 0 0 6 
755 2 24.0985 14.4339 11.463 -8.35961e-04 3.54125e-04 6.6928e-04 0.0011279056 0.0 14 15.029240838 1.9928166005 0 0 0 3 8 1 2 0 0 7 
57 2 21.2952 14.3198 10.446 5.6838e-04 -2.81149e-04 7.38222e-04 9.7317640019e-04 0.0 13 16.3503692433 2.1810123207 0 0 0 4 4 5 0 0 0 6 
891 2 19.1588 11.1729 15.4386 -0.00301573 -0.00134185 -2.10638e-04 0.0033075001 0.0 14 15.127772458 2.0181012478 0 0 0 2 8 4 0 0 0 6 
682 2 24.7434 16.1734 9.84269 -4.93089e-04 5.56648e-04 -0.00341178 0.0034918815 0.0 15 17.5976805576 2.3555674916 0 0 0 4 5 5 1 0 0 7 
118 2 23.0483 10.6398 13.5165 0.00139027 -3.57668e-04 -7.21269e-04 0.001606551 0.0 14 11.6761512243 1.7855433253 0 0 0 2 8 4 0 0 0 6 
783 2 25.0476 14.2416 16.531 0.00248302 -0.00443789 -4.64528e-04 0.0051064706 0.0 13 17.2616770176 2.2419495668 0 0 2 2 5 2 1 1 0 8 
714 2 22.1059 14.2753 13.3314 -7.57827e-04 0.00226078 -0.0019473 0.0030785395 0.0 16 13.6671941139 2.0002936763 0 0 2 4 3 2 5 0 0 7 
375 2 18.9443 12.4362 13.3653 -0.0021018 6.39895e-04 -6.25958e-04 0.0022844807 0.0 15 12.7544214092 1.9529500084 0 0 0 3 6 6 0 0 0 6 
261 2 26.3909 12.9975 9.8863 -0.00122097 -0.00155544 -0.00246121 0.003157169 0.0 13 13.7258946408 1.9851234363 0 0 0 3 6 4 0 0 0 6 
577 2 24.4266 12.8075 13.8958 9.83692e-04 7.5555e-04 -0.00237254 0.0026772097 0.0 15 13.4062053189 2.141444567 0 0 1 3 5 4 2 0 0 7 
799 2 26.2296 9.2721 10.2907 7.37987e-04 0.00125154 -0.0031363 0.0034564946 0.0 14 17.6400645699 2.1674141507 0 0 1 4 4 2 3 0 0 7 
551 2 24.1339 11.8475 11.6958 -0.00187065 0.00344364 -0.00134929 0.004144704 0.0 15 13.0431576571 1.9940004329 0 0 1 2 7 3 2 0 0 7 
65 2 25.7734 11.0179 13.196 8.82378e-05 -0.00126399 0.00112518 0.0016945462 0.0 11 14.5122243276 2.1490885747 0 0 0 4 4 3 0 0 0 6 
331 2 24.6121 17.043 12.2867 8.16221e-04 0.00171537 -0.00383023 0.0042754383 0.0 14 20.0770596788 2.168844364 0 0 1 2 6 4 1 0 0 7 
503 2 0.113092 15.3785 8.84319 0.00255473 -0.00158497 0.00287563 0.0041602912 0.0 12 16.7125917924 2.2657885008 0 0 0 2 8 2 0 0 0 6 
736 2 21.5613 12.1459 14.3544 0.00185415 9.67145e-04 -0.0032416 0.0038576174 0.0 12 12.4375842454 1.9897556806 0 0 0 0 12 0 0 0 0 5 
643 2 19.7398 11.2118 10.3551 0.00626962 -0.00180908 -9.26532e-04 0.0065908548 0.0 14 18.2359256505 2.0992734996 0 0 0 3 6 5 0 0 0 6 
742 2 19.7304 16.3454 14.4799 -0.00187176 -6.67576e-04 0.00270405 0.0033557458 0.0 14 15.3642870877 2.2214280684 0 0 4 1 4 1 2 2 0 8 
756 2 18.9986 15.0479 17.6995 -0.00179346 0.00148649 3.09617e-04 0.0023498966 0.0 13 12.5942568186 1.875805352 0 0 1 2 5 5 0 0 0 6 
96 2 18.0358 9.77813 18.2179 6.70621e-04 0.00159971 -0.00195893 0.0026165266 0.0 17 14.5210086927 2.0181012478 0 0 2 3 5 3 3 1 0 8 
103 2 20.0176 12.8803 17.9865 -0.00188854 0.00192209 9.30689e-04 0.0028508236 0.0 17 15.5310638942 2.0181012478 0 0 1 4 4 5 3 0 0 7 
733 1 5.72878 25.7688 17.1142 -0.00310549 -4.68803e-04 6.51037e-04 0.0032074435 0.0 14 21.8116502339 2.2957756654 0 0 0 1 10 3 0 0 0 6 
570 1 7.97489 25.2327 14.5118 -0.00123147 2.40093e-04 0.00213317 0.0024747883 0.0 15 22.5056776827 2.3715818076 0 0 1 0 10 3 1 0 0 7 
875 1 0.808393 22.6551 15.8467 7.61327e-04 6.81804e-05 9.09577e-04 0.0011881068 0.0 14 21.0813804609 2.1305600828 0 0 0 3 7 3 1 0 0 7 
88 1 0.5976 25.9839 17.3403 -9.73385e-04 -0.0017329 -5.19872e-04 0.0020544312 0.0 16 23.1917791852 2.2737612651 0 0 2 3 4 4 2 1 0 8 
13 1 1.12928 25.41 14.2014 -0.00164941 -0.00239161 0.00346694 0.0045232759 0.0 15 21.3227004349 2.1664430087 0 0 1 1 8 4 1 0 0 7 
397 1 6.73751 17.1227 14.3969 -0.00245154 -1.2797e-04 -0.00106583 0.0026762695 0.0 13 21.4591222555 2.2663582396 0 0 1 2 6 3 1 0 0 7 
952 1 0.680919 17.8535 14.0688 0.00408494 0.0021841 0.00181921 0.0049766005 0.0 15 21.9962151658 2.1970793001 0 0 1 2 6 5 1 0 0 7 
435 1 2.42311 19.2939 17.0805 0.0022678 -0.00298786 0.00121006 0.0039413791 0.0 15 21.3546622706 2.1960291422 0 0 1 3 6 2 3 0 0 7 
711 1 3.00836 24.4826 16.4874 -4.14252e-04 -0.00254243 -0.00151427 0.0029880711 0.0 13 22.0597219697 2.2411613518 0 0 0 3 6 4 0 0 0 6 
80 1 4.90251 18.7651 11.9352 4.5887e-05 0.00232648 5.10001e-05 0.0023274913 0.0 14 23.010474074 2.2663582396 0 0 1 3 4 5 1 0 0 7 
220 1 3.96561 21.5526 16.2099 0.00235322 0.00191074 -7.80025e-04 0.0031300177 0.0 15 21.4829950102 2.2411613518 0 0 0 3 6 6 0 0 0 6 
936 1 2.23181 22.643 9.98377 -0.00194876 -0.00187229 0.00330404 0.0042684676 0.0 16 23.0799195369 2.4092595563 0 0 2 2 5 4 3 0 0 7 
863 1 7.52226 20.0152 11.0689 4.78915e-04 0.00126331 0.00143143 0.0019683251 0.0 15 23.8437416604 2.2663582396 0 0 1 3 5 4 2 0 0 7 
67 1 0.572744 22.9142 12.556 -3.1415e-04 0.00320397 -0.00116115 0.0034223359 0.0 14 21.1565517415 2.2262588434 0 0 1 3 4 5 1 0 0 7 
782 1 8.3951 22.552 13.2331 -0.00104001 -0.00170895 0.00247777 0.0031845683 0.0 14 21.2694584186 2.1671367673 0 0 0 3 6 5 0 0 0 6 
178 1 5.92925 24.0884 12.5445 -0.00102084 -9.29801e-04 -8.14746e-04 0.0016032639 0.0 14 21.2582932314 2.2881831733 0 0 0 3 7 3 1 0 0 7 
421 1 5.71321 20.9397 13.8343 -0.00343863 -0.00364902 -0.00103 0.0051186349 0.0 15 22.0835374317 2.2345911926 0 0 0 4 4 7 0 0 0 6 
130 1 7.06563 20.9191 16.285 0.00383612 0.00310185 -3.76759e-04 0.0049476497 0.0 13 20.1226196346 2.2352390075 0 0 2 1 7 1 1 1 0 8 
526 1 2.77312 24.6363 11.7661 -0.00157835 0.00308241 -0.0025322 0.0042900439 0.0 14 21.2227359717 2.2881831733 0 0 0 2 8 4 0 0 0 6 
24 1 2.31597 20.471 11.7695 -0.00168636 -0.00275042 -0.00110302 0.0034095855 0.0 16 22.9659375601 2.3977591635 0 0 0 4 5 6 1 0 0 7 
458 1 5.60078 18.6122 16.703 -0.00212058 7.19542e-04 5.06969e-04 0.0022960004 0.0 15 20.2135720643 2.208393116 0 0 0 3 6 6 0 0 0 6 
25 1 3.36857 22.7816 13.6158 0.00229943 0.00136308 -0.00265526 0.0037677276 0.0 14 20.5776898906 2.19284668 0 0 0 1 10 3 0 0 0 6 
669 2 7.75581 23.1776 10.1016 -0.00168108 0.00258704 -0.0020183 0.0036867792 0.0 12 16.5104960006 2.1671367673 0 0 0 4 4 4 0 0 0 6 
251 1 4.15114 25.8415 14.0232 0.00146175 0.00482769 -0.001109 0.0051646089 0.0 14 21.6072114111 2.2513748605 0 0 0 2 8 4 0 0 0 6 
710 1 4.99336 21.6783 10.8292 -0.00227848 -4.73919e-04 -5.94079e-04 0.0024018743 0.0 16 22.8239783565 2.2881831733 0 0 1 5 3 3 4 0 0 7 
225 1 1.53172 20.5314 14.3905 0.00363472 -0.0030462 -5.56934e-05 0.0047427445 0.0 13 19.3111258054 2.2345911926 0 0 1 2 6 3 1 0 0 7 
40 1 5.90748 23.5834 15.1843 0.00149238 0.00194452 0.00252916 0.0035220742 0.0 13 19.7647582208 2.1339532694 0 0 0 1 10 2 0 0 0 6 
750 1 4.93901 19.8612 8.64673 -1.764e-04 -8.63006e-04 -9.14312e-04 0.0012695916 0.0 16 25.6741625332 2.4092595563 0 0 0 4 5 6 1 0 0 7 
522 1 8.64388 18.8492 16.8492 0.00516292 0.00221343 -2.55264e-04 0.0056231819 0.0 15 22.7556849347 2.3425275187 0 0 1 4 4 3 3 0 0 7 
390 2 4.20792 25.059 8.71273 7.37515e-04 0.00324255 -0.00339045 0.004749022 0.0 14 17.1273347686 2.2881831733 0 0 0 3 6 5 0 0 0 6 
148 2 6.7808 25.135 9.83506 0.00181833 -0.00277911 0.00168121 0.0037223975 0.0 13 15.5094317486 2.2598213212 0 0 1 3 4 4 1 0 0 7 
800 1 9.23798 23.1628 16.2327 -0.00245638 -0.00115867 -6.51487e-04 0.002792983 0.0 15 21.7839828528 2.2354816007 0 0 2 1 7 3 1 1 0 8 
572 1 13.2523 26.5654 14.6815 -0.00136796 -3.23034e-04 -0.00263941 0.0029903429 0.0 16 24.4152121407 2.2175780559 0 0 0 3 7 5 1 0 0 7 
32 2 11.208 25.0151 10.8214 -0.00191618 -0.00466491 -0.00112827 0.0051677969 0.0 14 16.308762677 2.2595352768 0 0 0 2 8 4 0 0 0 6 
389 1 12.3892 23.2493 16.1027 0.00165035 -2.59402e-04 0.00595637 0.0061862176 0.0 14 21.6184925131 2.2172039733 0 0 1 1 8 3 1 0 0 7 
812 2 10.0224 21.8338 9.09084 -0.00184981 -9.39738e-04 -0.00370807 0.0042490808 0.0 14 16.7555818349 2.2595352768 0 0 0 4 5 4 1 0 0 7 
448 2 16.0903 25.0611 10.3238 0.00111402 -0.00274289 -8.3043e-04 0.003074752 0.0 12 18.6546159664 2.372044546 0 0 0 2 8 2 0 0 0 6 
267 1 16.7587 21.4045 13.7982 0.00129398 -0.00304111 0.00223736 0.0039910543 0.0 13 21.6215496831 2.396227619 0 0 0 3 6 4 0 0 0 6 
121 1 15.5157 22.1059 11.2872 0.00548726 0.00360193 -0.00448915 0.0079521311 0.0 16 20.9786727604 2.4737425074 0 0 1 2 6 6 1 0 0 7 
887 1 10.3414 20.8898 12.0206 -0.00207318 0.00216598 0.00291591 0.0041823529 0.0 16 20.981453828 2.2595352768 0 0 1 4 3 6 2 0 0 7 
78 1 15.2108 19.3043 11.956 0.00590241 -0.00249685 -0.00172117 0.0066358971 0.0 14 20.3905256272 2.1193796621 0 0 0 2 8 4 0 0 0 6 
86 1 14.9762 24.0858 14.7905 4.30415e-05 -0.00176145 0.00262338 0.0031601711 0.0 14 23.3014815586 2.4737425074 0 0 0 4 5 4 1 0 0 7 
677 1 10.1107 18.0146 11.0776 -0.00365976 -0.00279487 -2.8792e-04 0.0046138963 0.0 13 22.8238456688 2.2118967084 0 0 0 3 6 4 0 0 0 6 
308 1 17.1045 25.3542 16.583 9.79638e-04 -8.64438e-04 -2.4507e-04 0.0013292866 0.0 15 22.6028946626 2.2218437431 0 0 0 3 6 6 0 0 0 6 
536 1 14.3716 24.9274 17.6252 0.00300436 -0.004043 0.00202199 0.0054277501 0.0 15 21.3237760797 2.1969266288 0 0 1 3 7 1 2 1 0 8 
950 1 15.0124 19.055 15.1994 0.00130716 0.0027017 1.24841e-04 0.0030039034 0.0 15 23.9407687037 2.2594598607 0 0 0 2 8 5 0 0 0 6 
524 1 12.0664 17.9059 16.5371 -5.70764e-04 -0.00304774 0.00205547 0.0037201408 0.0 15 22.656138992 2.2484805604 0 0 0 2 8 5 0 0 0 6 
678 1 14.9383 16.9106 9.9563 -7.12087e-04 5.01984e-04 -0.00211402 0.0022865118 0.0 13 22.1903540692 2.2964354721 0 0 0 3 6 4 0 0 0 6 
728 2 9.12052 24.7555 11.4429 -0.00260979 -0.00333178 -4.97674e-04 0.0042613896 0.0 14 17.0669083273 2.2595352768 0 0 0 2 8 4 0 0 0 6 
620 2 14.1781 23.752 9.08984 0.00159133 3.49983e-04 3.10115e-04 0.001658611 0.0 13 14.7021814735 2.1254657071 0 0 0 2 8 3 0 0 0 6 
827 1 8.4002 19.5745 14.0516 0.00146837 7.78175e-05 0.00469495 0.0049198294 0.0 15 21.616069895 2.2613636454 0 0 3 3 1 4 4 0 0 7 
995 2 13.4468 25.9744 9.26645 -0.00528546 -0.00259591 0.00208672 0.0062473384 0.0 13 14.1734903461 2.0330134217 0 0 0 3 6 4 0 0 0 6 
289 1 16.0418 19.7326 9.40109 0.00145727 7.56223e-05 -0.00221178 0.0026497784 0.0 13 21.1514720976 2.2229912955 0 0 1 0 9 3 0 0 0 6 
403 1 17.5813 18.4337 13.7239 4.85656e-04 -0.00330349 -0.00173533 0.0037630145 0.0 14 21.0514806589 2.2214280684 0 0 1 2 7 2 2 0 0 7 
444 1 11.0018 20.5976 14.9659 2.30009e-04 -9.00164e-04 -4.41456e-04 0.0010286315 0.0 14 21.8317992411 2.2354816007 0 0 1 2 7 2 2 0 0 7 
544 1 12.7905 19.4375 9.5988 -0.00437609 -0.00154865 2.92927e-05 0.0046421265 0.0 16 23.4446466315 2.1638403227 0 0 1 1 9 4 0 1 0 8 
140 1 11.0822 23.3047 13.5333 -9.51692e-04 0.00233526 0.00172528 0.0030554456 0.0 15 22.587213439 2.2175780559 0 0 0 2 8 5 0 0 0 6 
802 1 12.6207 21.8445 10.8948 0.00357829 -0.00245492 0.0031665 0.005371919 0.0 15 20.7870775484 2.2403109072 0 0 1 4 4 4 1 1 0 8 
329 2 16.5336 26.3502 12.5842 -7.43979e-04 -0.00433833 -1.51174e-04 0.0044042554 0.0 14 18.3548652573 2.4737425074 0 0 0 3 6 5 0 0 0 6 
626 1 13.2736 20.6943 16.8364 -0.00172399 -0.00201411 -9.03624e-04 0.0028009493 0.0 11 20.689842994 2.2391320828 0 0 0 2 8 1 0 0 0 6 
481 1 16.0276 21.9937 16.7701 0.0018268 -0.00215539 -0.00165114 0.0032724865 0.0 17 23.2734826818 2.2218437431 0 0 0 3 6 8 0 0 0 6 
731 1 10.82 25.8697 16.4465 -0.00170409 0.00279163 -0.0054064 0.0063187247 0.0 14 22.5891642502 2.3633855023 0 0 0 3 7 3 1 0 0 7 
166 1 12.4028 19.1826 13.0387 0.00293407 0.00198652 -2.75857e-04 0.0035540295 0.0 15 20.9737881847 2.1736796212 0 0 1 4 3 5 2 0 0 7 
204 1 13.7645 24.4571 12.1342 -0.00106451 -0.00370438 0.00207034 0.004375148 0.0 15 23.0880569218 2.3981924011 0 0 0 3 6 6 0 0 0 6 
189 1 13.7667 21.6379 13.6585 -0.0024827 0.00150461 0.00389923 0.0048612391 0.0 14 21.3247960785 2.1375133619 0 0 0 2 8 4 0 0 0 6 
670 1 18.3225 24.051 14.296 0.001613 -0.00112023 -0.00290745 0.0035085538 0.0 13 20.8693703471 2.4737425074 0 0 0 3 6 4 0 0 0 6 
703 1 23.3733 21.776 8.60876 -6.81784e-04 -3.35793e-04 -0.00143412 0.0016230485 0.0 15 22.9401824333 2.3894111441 0 0 0 3 6 6 0 0 0 6 
937 1 19.9099 21.735 13.7573 0.00283127 0.00223502 -0.00266694 0.0044859752 0.0 16 20.7250052466 2.1998667958 0 0 1 2 6 6 1 0 0 7 
298 1 0.217664 20.9512 9.11493 -0.00206462 0.00246468 0.00194843 0.003759479 0.0 13 22.3871484163 2.3891489926 0 0 1 4 3 3 2 0 0 7 
912 1 24.9275 22.5082 14.3476 0.00260915 -0.00193756 0.00174502 0.0036887528 0.0 15 21.5737992538 2.3293361463 0 0 0 5 3 6 1 0 0 7 
586 1 22.5399 22.6876 12.6977 -6.1858e-04 5.64526e-04 -0.00113099 0.0014072914 0.0 16 22.0250384546 2.2409068389 0 0 2 1 7 3 3 0 0 7 
343 1 25.0466 22.0137 10.9634 -0.00169961 -0.00116267 -0.00205218 0.0029072183 0.0 15 22.6682354475 2.2266237183 0 0 2 4 2 3 4 0 0 7 
344 1 22.0608 22.583 15.5372 -0.00143379 4.34568e-04 -5.37237e-04 0.0015916114 0.0 14 20.4623281997 2.2170128807 0 0 0 4 4 6 0 0 0 6 
525 1 20.8954 23.9153 10.3239 0.00103209 -3.12608e-04 0.00324226 0.0034168968 0.0 15 22.6345305537 2.3894111441 0 0 1 2 8 1 3 0 0 7 
847 1 23.1432 19.3867 17.4555 0.00100376 1.8933e-04 -0.00321382 0.0033722424 0.0 15 22.0063805564 2.3036309447 0 0 1 3 6 2 3 0 0 7 
821 1 24.2866 22.2429 17.3428 -0.0020282 0.00157566 0.00113173 0.0028066194 0.0 16 22.1328812965 2.3293361463 0 0 0 4 6 4 2 0 0 7 
868 1 20.6462 21.1947 10.5739 -0.00171829 0.0027059 1.28368e-04 0.0032079423 0.0 14 20.9508742652 2.2227855784 0 0 0 3 6 5 0 0 0 6 
908 1 25.8137 20.1185 13.2575 2.27085e-04 -0.00328276 0.00198426 0.0038425732 0.0 13 21.2928337174 2.2266237183 0 0 1 3 5 2 2 0 0 7 
864 1 23.0069 25.1113 17.6904 -0.00772005 4.0648e-04 -0.00126695 0.0078338726 0.0 16 22.1800464862 2.2899871237 0 0 0 2 9 4 1 0 0 7 
917 1 22.7117 20.1077 13.875 0.00181223 0.00263824 2.11664e-04 0.0032076922 0.0 15 22.110068888 2.3293361463 0 0 1 4 4 3 3 0 0 7 
284 1 19.3219 22.424 16.4723 -0.00104649 0.00112267 0.00154488 0.0021776555 0.0 13 20.0468196057 2.2218437431 0 0 0 4 4 5 0 0 0 6 
94 2 25.198 24.8221 12.3407 0.00246591 -0.00111429 0.00124571 0.0029789508 0.0 14 19.7428051479 2.2393058125 0 0 1 2 6 4 1 0 0 7 
996 1 22.9007 25.7582 14.7383 0.00139292 -3.25326e-04 -0.00221788 0.002639139 0.0 14 21.8916782382 2.2442855674 0 0 1 2 6 4 1 0 0 7 
486 1 24.3715 18.394 15.3653 0.00203114 0.00126657 -0.0018612 0.0030321271 0.0 16 23.5259327651 2.3293361463 0 0 1 4 5 2 4 0 0 7 
182 1 20.8302 24.9102 13.073 0.0022197 0.00272324 -3.74242e-04 0.0035331517 0.0 14 19.901019447 2.103973181 0 0 0 3 6 5 0 0 0 6 
365 1 20.7818 19.8438 15.8983 -0.00121337 7.31458e-04 0.00277059 0.0031118269 0.0 15 21.7109003033 2.2461185283 0 0 0 4 5 5 1 0 0 7 
641 1 20.3482 24.9852 15.9007 2.46577e-04 -0.00157628 -0.00377683 0.0040999883 0.0 13 20.7112116122 2.283744743 0 0 0 3 6 4 0 0 0 6 
419 1 22.826 19.4347 11.0271 0.00231507 -2.45174e-04 -0.0023658 0.0033191368 0.0 15 22.7093551679 2.2227855784 0 0 0 6 3 3 3 0 0 7 
181 1 20.1415 19.0533 12.3419 -7.08064e-04 -0.00530356 5.04996e-04 0.0053743952 0.0 14 21.9501047206 2.2214280684 0 0 0 2 8 4 0 0 0 6 
931 2 22.9258 26.2036 11.3741 -3.44752e-04 0.00151366 -0.00225682 0.0027392074 0.0 12 15.2442416763 2.1310797638 0 0 0 0 12 0 0 0 0 5 
135 1 18.4944 23.116 11.655 0.00390405 0.00401198 5.06303e-05 0.0055982277 0.0 14 21.4579899003 2.4684236695 0 0 1 4 3 4 2 0 0 7 
556 1 25.4035 24.7675 16.0406 -0.00152433 -0.00257592 0.0048151 0.0056695797 0.0 14 21.2427029075 2.2442855674 0 0 1 2 6 4 1 0 0 7 
373 2 25.2008 26.4994 9.25291 -9.14145e-04 -0.00231562 2.17029e-04 0.0024989715 0.0 14 13.6804932064 2.1510047377 0 0 0 3 7 3 1 0 0 7 
109 1 26.7184 18.7875 10.9418 -3.0728e-04 5.3013e-05 0.00197555 0.0020000073 0.0 14 21.0487873758 2.2657885008 0 0 0 5 4 3 2 0 0 7 
510 1 26.3842 19.9984 16.6456 -5.24485e-04 -0.00391218 -3.52392e-04 0.0039628799 0.0 14 21.9490904709 2.3044872694 0 0 3 2 4 1 3 1 0 8 
191 1 17.8047 20.371 11.3809 -0.00462955 0.00256857 0.00389227 0.0065711529 0.0 12 18.0175772834 2.0852057748 0 0 0 0 12 0 0 0 0 5 
663 1 17.9719 19.7492 16.326 0.00299803 -0.00335244 0.00301986 0.0054172495 0.0 14 21.8121571626 2.213029682 0 0 1 3 4 5 1 0 0 7 
477 2 18.8652 26.7315 11.8171 1.86618e-04 0.00233929 -0.00310828 0.0038946769 0.0 15 17.6420728248 2.2082696904 0 0 0 4 4 7 0 0 0 6 
173 1 6.65286 0.856564 19.6377 4.06618e-04 4.77682e-04 -0.0039182 0.003968099 0.0 15 22.1520149643 2.2798060856 0 0 3 2 3 5 1 0 1 9 
200 1 4.33398 8.88471 25.0269 0.00132755 -0.00149928 -0.00200718 0.0028353132 0.0 15 20.4416964948 2.2751623923 0 0 3 1 4 4 3 0 0 7 
501 2 3.81149 3.36694 25.8578 -0.0029476 -0.00191125 -4.28656e-04 0.0035390632 0.0 16 18.0718465571 2.3155488129 0 0 2 4 1 7 1 1 0 8 
144 2 6.11468 1.70904 23.5186 0.00192206 -1.38102e-04 6.35898e-04 0.0020292247 0.0 13 14.3162260435 2.2603269217 0 0 1 3 4 4 1 0 0 7 
831 1 7.95095 5.9801 18.1594 -0.00313809 -0.00293236 -0.00129108 0.0044847778 0.0 15 21.9422110554 2.2765104512 0 0 1 4 3 5 2 0 0 7 
769 1 0.237238 7.08256 20.6367 -0.00479348 6.82323e-04 -0.00166602 0.0051204138 0.0 13 21.809883647 2.1602933 0 0 0 1 10 2 0 0 0 6 
45 1 2.60677 8.19912 22.6723 -3.12122e-04 -0.00100446 0.00120813 0.0016018546 0.0 18 23.9986217465 2.4422776363 0 0 3 0 7 4 4 0 0 7 
613 2 6.35819 3.01653 25.7761 -6.93742e-05 -6.26737e-04 0.00114968 0.0013112498 0.0 14 12.9294564686 1.9750009841 0 0 0 3 7 3 1 0 0 7 
835 2 8.02669 0.999183 24.5567 2.6669e-04 -2.33725e-04 -7.60992e-04 8.3955926282e-04 0.0 14 13.2837226199 1.853792759 0 0 1 4 3 4 2 0 0 7 
849 1 1.63885 9.49238 25.153 -0.00316355 -1.04131e-04 0.00231236 0.0039199363 0.0 14 20.645485587 2.4293874682 0 0 2 2 6 0 4 0 0 7 
651 1 26.5325 2.38573 17.3901 7.3106e-04 -0.00236698 -0.00145604 0.0028735162 0.0 13 21.9924913273 2.2771602255 0 0 1 2 5 5 0 0 0 6 
605 2 5.49063 0.824566 26.1093 0.00143313 0.0030863 0.00165175 0.0037825107 0.0 16 14.1271525433 2.2428796328 0 0 1 3 5 5 2 0 0 7 
520 1 8.17939 3.48681 19.3912 0.00230078 0.00239383 0.00265369 0.0042504213 0.0 15 20.7756979047 2.2142706113 0 0 1 2 7 3 2 0 0 7 
426 1 1.12183 1.48175 -0.0195976 -0.00115414 0.00199072 -0.00400641 0.0046202085 0.0 15 21.4121947338 2.2428796328 0 0 2 4 1 6 1 1 0 8 
49 1 3.49591 0.0838116 18.9548 0.00153509 -4.15886e-04 -0.00392061 0.0042309154 0.0 12 20.7174555364 2.2335070783 0 0 0 4 4 4 0 0 0 6 
294 1 5.60691 4.14261 18.7124 2.9942e-04 -8.73484e-04 -9.12167e-05 9.2787236246e-04 0.0 13 19.628734906 2.1512031974 0 0 1 5 1 4 2 0 0 7 
957 2 7.65991 8.33804 25.1171 0.00417377 0.00275245 0.00109343 0.0051178048 0.0 14 15.732866229 2.1851072001 0 0 0 3 6 5 0 0 0 6 
232 1 2.74286 3.05663 18.5026 0.00156842 -7.92663e-04 0.00115556 0.0021032296 0.0 14 21.0223088208 2.2737612651 0 0 1 3 4 5 1 0 0 7 
457 1 2.80199 6.49284 25.445 0.00488392 5.82345e-04 -1.12099e-04 0.0049197933 0.0 16 22.5899873894 2.3629764651 0 0 1 4 5 3 2 1 0 8 
157 2 8.09035 2.15431 22.0929 -0.0011089 0.002807 6.72678e-04 0.003092152 0.0 13 16.7630951926 2.1345829178 0 0 2 1 5 4 1 0 0 7 
589 1 7.49201 8.68056 18.7166 -0.00162527 -0.00122671 2.21994e-04 0.0020483167 0.0 14 22.5239265378 2.2050385558 0 0 1 2 6 4 1 0 0 7 
297 2 6.32465 7.64184 0.221985 -2.80927e-04 5.24747e-04 -0.00173974 0.0018387427 0.0 15 18.5067472307 2.1720937683 0 0 1 3 4 6 1 0 0 7 
177 1 4.42055 2.30624 20.8103 -0.00163194 0.00222726 -0.00269248 0.0038566 0.0 17 20.9817393921 2.2798060856 0 0 3 4 2 3 4 0 1 9 
441 1 1.18272 0.80646 20.1174 -2.06326e-05 0.00196936 -9.6029e-04 0.0021911096 0.0 16 22.4968167724 2.2737612651 0 0 1 4 4 5 1 1 0 8 
1000 2 4.4553 3.76818 23.4445 7.27395e-04 1.58648e-04 -0.00228889 0.0024069254 0.0 14 16.7186588431 2.2459448067 0 0 0 4 4 6 0 0 0 6 
720 2 7.80223 5.30717 26.0181 0.00262301 0.00262519 0.00307475 0.0048193248 0.0 13 13.491587896 2.0653187077 0 0 0 3 6 4 0 0 0 6 
275 1 3.05319 5.37156 19.9109 -0.00287796 -0.00130387 3.36068e-04 0.0031773688 0.0 16 22.4343234154 2.1602933 0 0 0 3 7 5 1 0 0 7 
944 1 1.57813 5.35714 22.753 -5.57495e-04 0.00228518 0.00108352 0.0025897614 0.0 12 22.145163148 2.3586664984 0 0 1 2 5 4 0 0 0 6 
461 1 0.407027 0.0570153 23.224 0.0011791 6.13951e-04 7.97466e-04 0.0015502144 0.0 14 22.1485477809 2.264150807 0 0 0 1 10 3 0 0 0 6 
279 2 6.48615 7.67724 22.8685 -4.65924e-04 6.76253e-05 -0.00123734 0.0013238839 0.0 12 15.3239382331 2.1342341661 0 0 1 4 2 4 1 0 0 7 
585 1 2.02251 2.73348 22.1024 -0.00278152 -2.16701e-04 -0.00154793 0.0031905956 0.0 13 20.2104225446 2.2348006083 0 0 0 3 6 4 0 0 0 6 
228 2 5.59415 6.03191 24.8115 -0.00553366 -9.90212e-05 0.00341972 0.0065058192 0.0 16 16.1409765447 2.1356619542 0 0 2 3 3 6 1 1 0 8 
765 2 3.61581 1.66552 24.3467 0.00468258 9.99398e-04 0.00224095 0.005286512 0.0 13 16.5633307393 2.2110448276 0 0 0 4 4 5 0 0 0 6 
971 2 4.8304 5.86304 22.2869 3.74059e-04 -3.42253e-04 8.50877e-04 9.9047913689e-04 0.0 14 16.243735047 2.1512031974 0 0 1 6 0 4 3 0 0 7 
61 2 6.64296 4.28515 22.1183 4.94291e-04 -0.0019839 0.0011476 0.0023446041 0.0 13 15.2635653454 2.1561533751 0 0 1 3 4 4 1 0 0 7 
820 2 5.03626 7.89556 21.0719 5.01129e-04 0.00224675 6.8162e-04 0.0024007544 0.0 15 19.5322269366 2.2744343569 0 0 2 2 5 3 3 0 0 7 
921 2 7.8107 5.84394 23.6235 0.00444532 -0.00194833 -7.02609e-04 0.0049041329 0.0 13 12.2490673017 1.890766831 0 0 0 3 6 4 0 0 0 6 
70 2 6.7509 6.15405 20.9845 -0.00117786 -0.00271726 -7.86355e-04 0.0030641818 0.0 14 15.5376841337 2.1026790012 0 0 0 4 5 4 1 0 0 7 
892 2 8.2572 25.6111 25.7013 8.5522e-04 -0.00242727 0.00259037 0.003651446 0.0 16 13.5910653053 2.0532151839 0 0 2 4 3 2 5 0 0 7 
241 1 17.9538 3.23243 22.4835 -0.00108326 7.57923e-04 0.00122423 0.0018018431 0.0 13 21.0155392959 2.3545551116 0 0 0 4 4 5 0 0 0 6 
549 2 10.6556 0.611777 26.1955 -9.73695e-04 0.00261817 0.0021355 0.0035161423 0.0 15 16.1026767628 2.1178921161 0 0 1 4 6 1 1 2 0 8 
735 1 9.23031 1.00758 17.6916 -0.00258041 0.00194433 8.5419e-04 0.0033419419 0.0 16 24.7600932811 2.3715818076 0 0 1 1 9 3 2 0 0 7 
884 2 12.1251 7.03405 18.272 0.00362228 -0.00173574 -1.66449e-04 0.0040201257 0.0 13 15.6137024989 2.1791816674 0 0 2 4 1 3 3 0 0 7 
197 2 9.90242 2.96348 25.9672 -0.00128213 0.00107394 -5.51228e-04 0.0017609818 0.0 17 15.5322481068 2.1169789348 0 0 1 5 3 4 4 0 0 7 
1 2 8.07787 3.62695 24.2238 -0.0018812 -0.00285906 -2.4324e-04 0.003431079 0.0 15 12.8632144906 1.9750009841 0 0 2 1 5 6 1 0 0 7 
201 2 13.9968 7.69931 19.4934 0.00100331 0.00148774 -5.35776e-04 0.0018727139 0.0 16 18.6746728986 2.3048822195 0 0 1 2 8 2 3 0 0 7 
125 1 12.2907 0.540756 21.861 0.00217514 0.00277433 0.00625053 0.0071761596 0.0 15 23.0637730815 2.280728635 0 0 0 2 8 5 0 0 0 6 
997 1 16.5429 0.585378 22.0216 -0.00135671 -0.00177278 0.00221881 0.0031474639 0.0 16 21.6723887972 2.2439480988 0 0 0 3 6 7 0 0 0 6 
36 2 10.1874 1.76297 23.6693 7.46379e-04 0.00154592 4.54735e-04 0.0017758756 0.0 15 16.987544928 2.1157889226 0 0 2 3 3 5 1 1 0 8 
518 1 9.60861 26.7224 20.4591 0.00174899 -8.23071e-04 6.17277e-04 0.0020291483 0.0 16 22.3455225292 2.198769896 0 0 0 3 6 7 0 0 0 6 
492 2 10.5413 8.06649 19.7066 0.00158999 -4.33697e-04 0.00219955 0.0027484871 0.0 15 18.7768670483 2.2603504764 0 0 3 2 4 3 1 2 0 8 
387 1 15.8922 1.28804 25.0436 -0.00188493 -0.00294974 -0.00291724 0.004556777 0.0 15 21.2343116513 2.1389763506 0 0 1 4 3 5 2 0 0 7 
922 1 16.8732 2.64606 19.84 0.00181786 -0.00133393 0.0017806 0.0028730681 0.0 16 22.5865945385 2.3545551116 0 0 0 4 5 6 1 0 0 7 
377 2 9.43264 4.73894 22.4001 -0.00136869 -6.7981e-04 -7.42994e-05 0.0015300243 0.0 14 13.9767036465 2.072012717 0 0 1 2 6 4 1 0 0 7 
423 2 9.30507 7.94594 23.56 -0.0051366 -0.00403515 -0.00129064 0.0066582916 0.0 16 15.7766080721 2.2762355358 0 0 2 3 5 2 3 1 0 8 
69 2 15.6992 5.91677 18.2253 0.00198988 0.00180937 -0.00211718 0.0034228487 0.0 13 16.3419750362 2.2926469675 0 0 0 3 6 4 0 0 0 6 
664 1 15.0503 3.20801 22.0064 0.00187075 -0.00139307 -0.0031689 0.0039347524 0.0 13 22.4776599081 2.280728635 0 0 0 3 6 4 0 0 0 6 
673 1 10.9052 2.71982 19.8909 0.0027184 -0.00242018 -0.00156566 0.0039621031 0.0 14 22.2500055355 2.2240418341 0 0 0 3 6 5 0 0 0 6 
693 2 11.3902 7.76731 24.7728 -0.00338601 -0.00251048 0.00185191 0.0046040356 0.0 15 20.584369159 2.428894324 0 0 1 3 5 5 0 1 0 8 
46 2 11.1222 6.43463 22.5912 0.00265218 7.42557e-04 -0.00140258 0.0030907411 0.0 13 16.942648482 2.3048822195 0 0 0 3 6 4 0 0 0 6 
734 1 14.3679 1.35687 19.6056 0.00309214 2.64646e-04 -0.00180137 0.0035883563 0.0 13 22.7081856228 2.3473983918 0 0 0 4 4 5 0 0 0 6 
803 1 15.2415 7.37168 25.5854 0.00285908 0.00232648 -6.55528e-04 0.0037438703 0.0 15 23.838993892 2.4242131858 0 0 2 5 1 4 2 0 1 9 
169 1 16.5546 4.0769 24.6361 -6.75664e-04 0.0033055 7.15215e-05 0.0033746063 0.0 15 22.2600710535 2.1858099838 0 0 1 4 4 3 3 0 0 7 
739 1 15.952 8.53929 22.6241 0.001077 -8.62802e-04 3.71248e-04 0.0014290491 0.0 14 22.8775980747 2.2045534688 0 0 0 1 10 3 0 0 0 6 
156 1 12.5673 9.07018 22.1182 2.20354e-04 -0.00346929 -0.00188607 0.0039549702 0.0 16 23.3964999101 2.2762355358 0 0 2 0 8 4 2 0 0 7 
434 2 16.9608 7.60171 19.5943 2.67216e-04 -0.00367065 0.00139061 0.0039343198 0.0 13 17.2123964231 2.1196994714 0 0 0 2 8 3 0 0 0 6 
927 1 16.4154 5.49625 21.5847 3.64298e-04 -3.7965e-04 -2.71572e-04 5.9211359255e-04 0.0 14 22.0073522485 2.2926469675 0 0 0 2 8 4 0 0 0 6 
552 2 10.3232 5.08772 24.7041 -0.00170913 7.5865e-04 0.00377702 0.0042145647 0.0 15 14.5043944133 2.1801338887 0 0 3 0 6 3 3 0 0 7 
889 1 14.0765 6.31316 22.8548 -3.42387e-04 0.00310372 0.00230479 0.0038810261 0.0 14 24.1629626352 2.3048822195 0 0 0 3 6 5 0 0 0 6 
602 2 9.48501 7.01355 26.1137 -0.00144349 -0.00158104 -0.00329197 0.0039268839 0.0 13 14.8776116672 2.1013922065 0 0 1 2 5 5 0 0 0 6 
873 1 13.0784 4.33936 20.0573 1.98229e-04 -3.17935e-04 5.955e-04 7.0356069437e-04 0.0 17 25.9621766953 2.3473983918 0 0 0 3 7 6 1 0 0 7 
789 1 13.2458 1.87483 24.1749 0.00250227 0.00130508 -0.00101758 0.0030000097 0.0 15 22.5870639865 2.2439480988 0 0 1 2 7 3 2 0 0 7 
99 2 8.82584 7.19115 21.3158 0.00173421 0.00293687 -0.00201481 0.0039613317 0.0 14 15.9680744572 2.1754414987 0 0 2 3 5 1 1 2 0 8 
433 2 11.3417 3.70735 23.0949 -1.11778e-04 4.88672e-04 -8.97611e-04 0.0010281051 0.0 15 18.4280759443 2.280728635 0 0 2 3 3 5 1 1 0 8 
16 2 10.4225 5.65048 20.2948 8.29219e-04 0.00309983 0.00104893 0.0033759153 0.0 14 17.6363763341 2.3041322453 0 0 1 3 4 5 1 0 0 7 
18 1 20.0666 26.3404 23.1549 -0.00290462 0.00346652 -8.24704e-04 0.004597142 0.0 14 20.5053588707 2.2644038089 0 0 0 4 5 4 1 0 0 7 
468 1 26.7124 3.80255 19.9074 -2.99743e-04 -0.00357023 0.00122082 0.0037850746 0.0 14 22.9930422001 2.2348006083 0 0 0 3 6 5 0 0 0 6 
542 1 25.5545 1.84623 21.774 -1.87835e-04 0.00128734 -7.03917e-04 0.0014791976 0.0 12 21.0859349115 2.2348006083 0 0 0 0 12 0 0 0 0 5 
393 1 21.8794 1.41018 18.7986 -0.00128677 -0.00308444 -0.0023752 0.0041001368 0.0 14 23.1371871839 2.2899871237 0 0 0 0 12 2 0 0 0 6 
240 1 24.5307 0.0643046 24.101 -0.00176425 -6.42464e-05 6.15559e-04 0.0018696573 0.0 12 19.6425329428 2.164081018 0 0 0 0 12 0 0 0 0 5 
68 1 25.5851 5.52598 22.6141 -0.00159662 -0.00207141 -7.48361e-04 0.0027202902 0.0 15 21.9638466266 2.2348006083 0 0 0 3 6 6 0 0 0 6 
794 1 18.8518 1.56276 24.6595 0.00396928 -0.00346034 -0.00313083 0.006126274 0.0 16 21.8736065135 2.2644038089 0 0 0 3 8 3 2 0 0 7 
806 1 24.462 8.28144 20.8584 0.00110505 -0.00112933 0.00491567 0.0051633645 0.0 12 19.8633474473 2.1546194955 0 0 0 2 8 2 0 0 0 6 
527 2 21.2944 4.69422 18.5095 0.00233146 -8.81399e-04 -0.00140187 0.0028596869 0.0 14 19.3638838735 2.1773576661 0 0 0 0 12 2 0 0 0 6 
287 1 19.0665 0.6267 20.7004 0.00305939 -0.00215789 5.54036e-04 0.0037846152 0.0 14 21.6555507046 2.2887793127 0 0 0 5 3 5 1 0 0 7 
599 1 24.6079 0.341689 18.6667 0.00224007 0.00351473 0.00506383 0.0065584766 0.0 15 22.9919149008 2.1997464318 0 0 0 4 4 7 0 0 0 6 
929 1 21.9582 5.8209 25.3312 -0.00185566 9.04722e-04 0.00328342 0.0038785104 0.0 14 22.3877146355 2.2746893571 0 0 2 3 3 4 1 1 0 8 
903 1 22.6467 0.85715 21.875 -0.00451105 0.00191196 0.00268484 0.0055869069 0.0 14 21.5226872756 2.2431405142 0 0 0 2 8 4 0 0 0 6 
4 1 21.0006 2.88782 21.1132 -0.00472966 -7.91763e-04 0.00192507 0.005167443 0.0 15 22.5538354582 2.3545551116 0 0 0 4 6 3 2 0 0 7 
325 1 22.8243 5.9894 21.527 -0.00124602 0.00367081 -0.0029671 0.0048817102 0.0 14 23.6788539016 2.4409736317 0 0 0 2 9 2 1 0 0 7 
480 1 23.7245 7.94217 23.7962 -6.10094e-04 0.00186354 0.00496605 0.0053391618 0.0 14 22.9158655809 2.2173565631 0 0 0 6 0 8 0 0 0 6 
199 2 18.3793 5.32682 18.7737 0.00182374 0.0010243 7.81084e-04 0.0022327808 0.0 14 17.9462836358 2.3545551116 0 0 0 2 8 4 0 0 0 6 
259 1 21.9227 1.04119 25.0358 -0.00209786 -2.03063e-04 -0.00131479 0.0024841344 0.0 13 21.3341394006 2.2373144886 0 0 0 1 10 2 0 0 0 6 
153 1 0.0443014 7.25284 24.5545 -0.00216999 -0.00326167 -0.00169454 0.0042683502 0.0 13 20.5011162661 2.3629764651 0 0 0 3 6 4 0 0 0 6 
134 1 17.8998 6.458 23.9845 4.22734e-04 8.19063e-04 0.00158775 0.0018358971 0.0 15 23.0080636258 2.2746893571 0 0 1 3 5 4 2 0 0 7 
307 1 23.579 3.57147 23.3889 0.00418848 -0.00145799 -0.00158211 0.0047087335 0.0 15 22.794043542 2.2173565631 0 0 0 2 8 5 0 0 0 6 
463 1 20.5495 8.15679 23.8826 -9.30307e-04 -6.25917e-04 -0.00320343 0.0033939957 0.0 14 23.2322120857 2.4247660418 0 0 2 3 3 4 1 1 0 8 
447 1 25.0416 5.22139 25.5462 0.00161693 -4.54559e-04 -9.97239e-04 0.001953349 0.0 13 21.4766840667 2.2644654088 0 0 0 3 6 4 0 0 0 6 
51 1 24.6272 2.14165 25.9991 0.00147288 0.00159879 -0.00160069 0.0026995765 0.0 13 21.2996278051 2.1632816081 0 0 0 2 8 3 0 0 0 6 
684 1 24.1468 4.01218 17.2469 -0.00399763 -0.00295747 -0.00193783 0.0053369335 0.0 14 21.6972448726 2.2771602255 0 0 0 3 6 5 0 0 0 6 
179 2 19.5095 7.53765 18.8229 -0.00310789 -0.00336873 -0.00255023 0.0052450925 0.0 13 15.277373552 2.277413521 0 0 0 3 6 4 0 0 0 6 
388 1 0.303396 2.93078 24.3915 -0.00327917 -0.00205499 0.00396026 0.0055371111 0.0 17 23.7201384776 2.3629764651 0 0 0 3 6 8 0 0 0 6 
87 2 19.3604 3.30998 17.5639 0.00130956 -0.00101295 6.53181e-04 0.0017797923 0.0 14 17.0802413212 2.3347180155 0 0 0 2 8 4 0 0 0 6 
582 2 21.9877 7.51475 19.1754 1.66225e-04 -0.00102086 0.00234822 0.0025659156 0.0 14 18.5218564271 2.4510361603 0 0 0 2 8 4 0 0 0 6 
154 1 24.4958 5.79765 19.1444 -0.00174055 -0.00329686 -0.00540991 0.0065700781 0.0 13 21.0622403614 2.1894575411 0 0 0 1 10 2 0 0 0 6 
993 1 23.6511 3.21608 20.2929 5.66329e-04 -0.00116471 4.92243e-04 0.0013854895 0.0 13 21.0170333131 2.1705439007 0 0 1 0 9 3 0 0 0 6 
168 1 19.6618 5.71005 21.6535 0.00384104 -0.00152281 0.0024834 0.004820769 0.0 15 24.9481195235 2.4510361603 0 0 1 2 7 3 2 0 0 7 
34 1 20.71 3.74172 23.8168 0.00332081 -8.48433e-04 0.00263526 0.0043234492 0.0 15 22.3581678504 2.2746893571 0 0 1 4 4 3 3 0 0 7 
767 1 2.60674 8.43664 18.9512 0.00182777 6.10529e-04 -0.00156917 0.0024851123 0.0 13 22.2382084504 2.326485613 0 0 0 1 10 2 0 0 0 6 
648 1 3.38996 16.4961 21.605 5.65384e-04 0.00298967 0.00509808 0.0059370199 0.0 15 23.6308322565 2.2360852105 0 0 0 4 4 7 0 0 0 6 
97 1 6.00563 13.8263 23.8319 -0.00146188 0.00177071 -0.00257889 0.0034529959 0.0 15 20.6933884825 2.2076915219 0 0 0 4 5 5 1 0 0 7 
537 1 6.22786 10.613 26.1574 -0.00210979 -0.00288853 -0.00191768 0.0040586101 0.0 14 20.2448066333 2.1652157029 0 0 0 4 4 6 0 0 0 6 
597 1 2.89527 11.9115 25.3041 -0.00229757 -0.00162444 -0.0039385 0.0048403941 0.0 16 22.8727371244 2.4422776363 0 0 1 5 3 4 2 1 0 8 
402 1 3.20914 10.6505 20.7537 6.61924e-04 0.00211517 0.00139195 0.0026171764 0.0 12 21.1069240133 2.4182031937 0 0 1 2 6 2 1 0 0 7 
706 1 5.25948 10.7529 18.2067 0.0029836 2.994e-04 -3.14033e-04 0.0030149836 0.0 16 23.9285437109 2.326485613 0 0 0 4 6 4 2 0 0 7 
632 1 5.27095 10.94 23.2609 -0.00143346 -4.48493e-04 1.56103e-04 0.0015100734 0.0 17 22.1583095264 2.4422776363 0 0 2 3 5 3 3 1 0 8 
48 1 2.44382 11.3409 17.8407 -3.45096e-04 6.37237e-04 0.00281457 0.0029063666 0.0 15 22.939654028 2.326485613 0 0 0 3 8 2 2 0 0 7 
543 1 5.27139 16.8761 23.9932 0.00250361 -6.81597e-04 0.00215947 0.0033757885 0.0 14 20.6634263661 2.3185098687 0 0 0 3 6 5 0 0 0 6 
814 1 2.10283 13.4099 20.2364 0.00236819 9.7567e-04 5.72709e-04 0.0026245479 0.0 14 23.000055308 2.2502771247 0 0 1 3 4 5 1 0 0 7 
604 1 1.12742 16.293 19.4809 0.00226613 -0.00487492 -6.81706e-04 0.0054189402 0.0 16 24.060406082 2.2778625005 0 0 0 3 8 3 2 0 0 7 
932 1 5.34523 12.285 20.648 -0.00133545 -9.04592e-04 0.00117093 0.001993186 0.0 15 20.621124661 2.2744343569 0 0 1 4 4 3 3 0 0 7 
417 1 0.94367 15.586 22.8089 0.00124443 0.00422712 0.00182644 0.0047700139 0.0 15 24.1963634679 2.2754072611 0 0 1 4 3 5 2 0 0 7 
335 1 3.48009 15.2038 24.9199 0.00168809 -0.00415262 1.67537e-04 0.0044857518 0.0 13 21.620397743 2.3243735708 0 0 0 3 6 4 0 0 0 6 
645 1 7.93691 13.2688 21.3804 9.8431e-05 -0.00148181 -0.00115047 0.0018785715 0.0 13 19.8082706352 2.0500525274 0 0 0 1 10 2 0 0 0 6 
424 1 3.54862 13.0192 22.6977 -5.66339e-04 -0.00239887 4.7671e-04 0.0025104919 0.0 13 21.3464432352 2.3571991387 0 0 0 4 4 5 0 0 0 6 
237 1 6.20294 15.4029 21.4202 -0.00153842 1.74692e-04 -2.76115e-04 0.0015727342 0.0 14 22.2205838746 2.3868566371 0 0 0 3 6 5 0 0 0 6 
963 1 8.51697 11.458 18.9484 0.00159636 -4.80726e-04 -0.00201607 0.0026161042 0.0 13 21.6474714768 2.1647230804 0 0 1 0 9 3 0 0 0 6 
439 1 6.74916 17.1203 18.9831 -2.53825e-04 0.00186018 -8.77862e-04 0.0020725198 0.0 14 21.8141186697 2.3739122351 0 0 1 2 6 4 1 0 0 7 
832 1 4.65431 14.4172 18.9328 -0.00393147 -8.72996e-04 0.00129299 0.0042297047 0.0 16 23.4216679146 2.2360852105 0 0 0 2 9 4 1 0 0 7 
392 1 7.2754 10.1389 21.6032 3.76356e-04 4.01279e-04 0.00114434 0.0012697176 0.0 15 22.1357758415 2.2744343569 0 0 2 2 5 3 3 0 0 7 
897 1 7.65616 14.3908 18.8307 -5.53832e-04 6.25003e-04 0.00123887 0.0014940407 0.0 13 21.1751566885 2.2388357591 0 0 1 2 6 3 1 0 0 7 
77 1 0.928331 11.7281 22.3524 9.89099e-04 -0.0033211 0.00180995 0.0039094681 0.0 16 24.0364069066 2.4422776363 0 0 0 5 3 7 1 0 0 7 
870 1 7.03814 15.8288 26.0201 -0.00617328 -0.00158918 -0.00312929 0.0071012207 0.0 14 20.4272308963 2.2089916266 0 0 0 3 6 5 0 0 0 6 
692 2 1.4298 17.0606 0.0751608 0.00143701 0.00312231 1.73934e-04 0.0034415215 0.0 14 15.950307605 2.1882391552 0 0 1 1 8 3 1 0 0 7 
615 1 8.4939 11.7242 23.5695 0.00448595 -0.00268714 -0.00111509 0.0053467649 0.0 14 22.9209190456 2.2265101263 0 0 0 2 9 2 1 0 0 7 
33 1 7.89868 18.3482 24.4027 9.81499e-04 -3.36355e-04 0.00109594 0.0015091585 0.0 16 24.5050957226 2.3868566371 0 0 0 4 5 6 1 0 0 7 
844 1 1.10322 14.1524 17.2991 0.00191478 -2.24512e-04 0.0044434 0.0048436135 0.0 13 20.5992594246 2.1978510043 0 0 0 1 10 2 0 0 0 6 
555 1 26.3096 9.36574 22.7094 -1.51795e-04 2.59493e-04 -6.22626e-04 6.9140543457e-04 0.0 14 21.3092053829 2.1852642855 0 0 0 3 6 5 0 0 0 6 
581 1 0.742523 14.4527 25.5307 -0.00168514 0.00145422 -0.00372371 0.0043382564 0.0 14 22.0415610376 2.324228539 0 0 1 3 4 5 1 0 0 7 
687 2 4.54128 16.8329 0.439548 0.00127071 -6.6912e-04 0.00649842 0.0066552151 0.0 13 16.8451670828 2.062990086 0 0 0 4 4 5 0 0 0 6 
576 1 4.9921 13.3379 0.0185157 -5.15683e-04 0.00399508 8.61063e-04 0.004119226 0.0 14 21.5504866381 2.3243735708 0 0 1 2 6 4 1 0 0 7 
934 1 8.59801 14.7344 23.9245 -5.40694e-04 3.6905e-04 -6.07159e-05 6.5744530164e-04 0.0 14 22.5690855135 2.3868566371 0 0 0 2 8 4 0 0 0 6 
956 1 9.27104 16.3305 20.9268 0.00158467 0.00136902 0.00156924 0.002616851 0.0 15 25.4638620829 2.3868566371 0 0 1 1 8 4 1 0 0 7 
195 2 10.9747 10.1703 17.5858 -9.90328e-04 -1.88776e-04 -0.00159936 0.0018905921 0.0 15 17.6749023564 2.2860961695 0 0 0 4 4 7 0 0 0 6 
185 1 10.8102 13.7435 19.5603 0.00321376 0.00186324 0.0013144 0.003940503 0.0 15 22.7763027414 2.2860961695 0 0 0 3 7 4 1 0 0 7 
939 1 11.3832 16.6857 19.0024 0.00225503 0.00114947 0.00553873 0.006089661 0.0 15 22.3697512629 2.3739122351 0 0 2 4 3 2 3 1 0 8 
355 2 15.1145 12.0107 18.6051 -0.003263 -0.00415322 0.00183892 0.0055926767 0.0 14 17.2315510365 2.2977539185 0 0 1 3 5 3 2 0 0 7 
288 2 15.1843 9.92177 19.7112 -0.00302214 -0.00379673 0.00209145 0.0052841889 0.0 13 17.3422933181 2.222667206 0 0 1 3 5 2 2 0 0 7 
280 1 10.334 10.702 21.0948 0.00553142 0.00291592 3.17159e-04 0.0062609733 0.0 16 23.7325970137 2.2860961695 0 0 3 1 5 4 2 1 0 8 
218 1 10.8121 13.2416 25.7942 -0.00192047 6.0594e-04 -0.00119675 0.0023425582 0.0 14 22.0995328087 2.2085730964 0 0 0 2 8 4 0 0 0 6 
345 2 9.73613 9.46671 25.3114 8.74018e-04 6.97408e-04 -0.00136749 0.0017664411 0.0 15 19.8537366234 2.2700102117 0 0 2 1 7 2 3 0 0 7 
595 1 12.5332 16.5644 21.706 2.27322e-04 5.30688e-04 0.00260045 0.0026637652 0.0 15 21.6105541633 2.3148600473 0 0 1 2 7 3 2 0 0 7 
47 1 10.8 13.9484 22.2684 6.71262e-04 0.00316032 -0.00377485 0.0049686726 0.0 13 21.8784233376 2.3148600473 0 0 0 1 10 2 0 0 0 6 
877 1 14.1169 15.2066 19.4016 0.00263491 4.3635e-05 -0.00200196 0.0033094559 0.0 16 23.9775928262 2.3502051991 0 0 1 5 3 3 4 0 0 7 
263 1 15.5027 17.5174 20.9053 -0.00216244 -9.15242e-04 0.00115066 0.0026149251 0.0 15 22.9612537058 2.3486908384 0 0 1 1 7 6 0 0 0 6 
268 1 13.0424 12.3493 20.798 -0.00155107 -0.00179855 7.52845e-04 0.0024914606 0.0 16 22.3415110245 2.2860961695 0 0 1 4 3 6 2 0 0 7 
311 1 10.6814 17.7521 24.5375 0.00111394 0.00263313 -0.00141125 0.003188395 0.0 16 24.2743676572 2.3148600473 0 0 0 2 10 2 2 0 0 7 
791 2 14.1712 17.4356 0.396811 -0.00427168 -0.00181153 -0.00205575 0.0050749383 0.0 13 17.7166768827 2.253876417 0 0 1 2 6 3 1 0 0 7 
840 1 15.1413 16.9818 23.6907 7.26742e-04 -8.74401e-04 -7.48112e-04 0.00136103 0.0 15 22.3495010672 2.2709431194 0 0 0 4 5 5 1 0 0 7 
302 1 14.8452 11.7737 22.9209 1.37338e-05 0.00484607 0.00272035 0.0055574173 0.0 14 21.4044532703 2.2977539185 0 0 0 2 8 4 0 0 0 6 
478 1 12.6279 15.8879 24.7884 1.75035e-04 1.28208e-04 -0.00294339 0.0029513758 0.0 16 22.909959053 2.253876417 0 0 0 3 8 3 2 0 0 7 
455 1 16.1119 14.4599 21.3454 0.00294938 4.88592e-04 0.00504136 0.0058611326 0.0 16 23.3227243606 2.2977539185 0 0 1 4 3 6 2 0 0 7 
29 1 16.1851 14.5332 24.2184 0.00345789 0.00462973 -5.65104e-04 0.0058060956 0.0 13 18.9025933353 2.2306755958 0 0 0 3 6 4 0 0 0 6 
391 2 12.9083 9.73235 18.8193 -7.71459e-05 -0.00114269 0.00204736 0.0023459273 0.0 13 15.5042328803 2.2602920406 0 0 0 4 4 5 0 0 0 6 
500 1 13.7297 14.2797 22.8488 -0.00195838 0.00434585 0.00243556 0.0053529073 0.0 13 18.5057668327 2.1988939429 0 0 2 1 6 2 2 0 0 7 
530 1 11.8797 11.6198 23.4629 -0.00531937 -5.89743e-04 0.0026054 0.0059524451 0.0 14 21.6094325148 2.2762355358 0 0 1 2 7 2 2 0 0 7 
262 1 14.1303 9.60594 24.4094 -0.00239896 4.33095e-04 4.23057e-04 0.0024741782 0.0 14 20.9806974696 2.428894324 0 0 0 6 2 4 2 0 0 7 
253 1 13.6878 13.1899 25.4294 -8.86772e-04 0.0017161 0.00271679 0.0033335134 0.0 12 19.6914732618 2.1858381599 0 0 0 2 8 2 0 0 0 6 
63 1 17.51 16.4426 25.9362 0.00212706 -0.00242453 0.00399883 0.0051374479 0.0 14 21.9193631753 2.2421859081 0 0 1 3 4 5 1 0 0 7 
266 1 18.0195 16.2293 22.7682 3.59607e-04 -8.54286e-04 5.95887e-04 0.0011019088 0.0 15 21.6241771461 2.288091857 0 0 2 2 5 3 3 0 0 7 
488 2 17.3944 11.0041 20.0391 -0.00247239 0.00157581 0.0049306 0.0057364367 0.0 14 18.1375539917 2.2977539185 0 0 2 3 3 4 1 1 0 8 
594 1 15.9776 11.6574 25.9556 0.00234913 4.41681e-04 0.00303784 0.0038654839 0.0 15 21.0035410847 2.2606455374 0 0 0 3 7 4 1 0 0 7 
186 1 17.4805 11.8318 23.4956 0.00171423 0.0019658 0.00188819 0.0032199714 0.0 15 22.4181963393 2.2861136085 0 0 0 3 6 6 0 0 0 6 
538 2 17.9048 17.2382 17.9557 -3.34902e-04 0.00277824 -0.00274377 0.0039190625 0.0 15 19.6839817514 2.3502051991 0 0 0 3 6 6 0 0 0 6 
601 2 22.1168 12.0981 20.0768 0.0028918 -0.00110463 2.75237e-04 0.0031078079 0.0 13 16.7297428316 2.125627555 0 0 1 2 6 3 1 0 0 7 
408 1 24.8124 11.5176 21.1933 -0.00334745 1.91444e-04 0.00177788 0.0037951192 0.0 14 21.8718042513 2.2530228403 0 0 0 4 5 4 1 0 0 7 
81 2 24.5088 16.1699 21.011 0.00121701 5.41633e-04 -0.00162731 0.002103002 0.0 14 19.3360778902 2.2645665281 0 0 1 4 4 2 3 0 0 7 
74 1 23.1861 16.1562 23.8465 -2.4323e-04 -0.00189126 0.00168763 0.0025463936 0.0 15 20.8323252016 2.1874493062 0 0 2 4 2 4 2 1 0 8 
62 1 22.1699 9.79437 22.001 -1.67691e-05 -0.00360813 8.3241e-04 0.0037029434 0.0 17 23.6035251188 2.4510361603 0 0 0 3 6 8 0 0 0 6 
759 1 0.510065 10.2362 19.884 0.00107006 -3.23098e-06 -0.0017436 0.0020457712 0.0 15 21.6004303686 2.1938923604 0 0 0 3 7 4 1 0 0 7 
193 2 22.6044 17.5401 20.0172 -0.00320956 0.00189868 -0.00309407 0.0048455681 0.0 12 17.2767481465 2.1384350064 0 0 1 2 5 4 0 0 0 6 
758 2 17.9347 13.169 19.3565 1.44217e-05 2.67451e-04 0.00102886 0.0010631514 0.0 13 15.939135898 2.2861136085 0 0 1 3 5 2 2 0 0 7 
320 1 25.276 9.1016 26.257 2.62678e-04 8.68998e-04 -0.00218209 0.0023634031 0.0 14 22.153676368 2.3410073849 0 0 0 3 6 5 0 0 0 6 
246 1 18.6587 8.7455 21.7352 2.01214e-04 -0.00143257 -0.00393055 0.0041883132 0.0 16 23.6584208556 2.4510361603 0 0 0 3 7 5 1 0 0 7 
194 1 17.8601 9.23989 25.0313 -0.00369071 -0.00511484 0.00229658 0.0067124666 0.0 13 21.9764917677 2.2587056726 0 0 0 3 6 4 0 0 0 6 
43 1 19.9752 17.7583 0.563791 0.00253435 0.00203314 -0.00361666 0.004861771 0.0 15 23.7406215554 2.3920047217 0 0 0 3 8 2 2 0 0 7 
151 2 20.0661 17.1622 16.8088 -0.00342071 -0.00301803 -0.00603297 0.0075634971 0.0 14 16.5775110025 2.2115504585 0 0 2 3 3 4 1 1 0 8 
631 1 25.8895 13.7223 19.6863 0.00394332 -1.68227e-04 0.00220568 0.0045214043 0.0 16 24.3740333651 2.2778625005 0 0 1 4 3 6 2 0 0 7 
562 1 22.0973 9.85193 25.8296 0.00227061 0.00142933 -0.00224675 0.0034995056 0.0 14 21.6515371274 2.1888719136 0 0 0 3 6 5 0 0 0 6 
133 1 20.3846 11.3292 23.8841 0.0013808 -0.00251908 -0.00367106 0.0046614434 0.0 13 19.8970524379 2.1476386227 0 0 0 3 6 4 0 0 0 6 
619 1 24.2734 11.1313 24.2367 -0.00349565 -0.00174172 -0.0020043 0.0043898036 0.0 14 22.2740962186 2.1885253387 0 0 0 3 6 5 0 0 0 6 
120 1 21.0169 16.3214 22.33 0.00346618 0.00376922 -0.00373112 0.0063358251 0.0 16 21.2750994767 2.2163406151 0 0 0 5 4 5 2 0 0 7 
347 2 20.2748 9.847 19.3064 0.00116826 7.84952e-04 -0.00165646 0.0021736699 0.0 12 16.0298804665 2.2933911271 0 0 1 2 6 2 1 0 0 7 
383 1 18.3435 13.5949 25.7722 -4.32909e-05 -0.00529893 0.00280274 0.0059946547 0.0 15 20.0234055135 2.2105587032 0 0 0 4 4 7 0 0 0 6 
381 2 19.7361 11.8435 20.6682 -0.00267848 0.00107423 -0.00122463 0.0031349552 0.0 13 17.9172903785 2.2689342886 0 0 1 0 9 3 0 0 0 6 
925 1 19.5413 13.7302 23.1237 0.00343363 -0.00180572 -0.0021569 0.0044387675 0.0 14 20.5855001605 2.2861136085 0 0 0 4 5 4 1 0 0 7 
245 1 20.3598 15.6162 25.0274 -0.00493501 -0.00194821 0.00136009 0.0054771973 0.0 13 20.800906242 2.1664247515 0 0 0 1 10 2 0 0 0 6 
184 2 18.5179 15.8435 19.8927 0.00209705 0.00374782 -0.00171104 0.0046229245 0.0 13 17.7835312562 2.3502051991 0 0 0 3 6 4 0 0 0 6 
563 2 23.7512 15.8505 17.9351 8.05629e-04 -6.85438e-04 -6.97804e-04 0.0012671992 0.0 16 18.9883024499 2.2778625005 0 0 1 2 7 4 2 0 0 7 
751 2 20.6862 16.815 19.0942 -0.00155132 1.13896e-04 -0.0011986 0.001963723 0.0 15 15.9149839838 2.2166100108 0 0 0 2 8 5 0 0 0 6 
164 1 22.5597 13.1187 22.8334 9.9886e-04 0.00189811 -7.94337e-04 0.0022872503 0.0 16 23.0981891935 2.2489789659 0 0 1 2 7 4 2 0 0 7 
436 2 23.1913 10.1638 18.8187 -0.00304225 -0.00245328 0.00496783 0.0063208546 0.0 14 18.765622937 2.2395883535 0 0 0 2 8 4 0 0 0 6 
35 2 23.2518 13.2815 18.1291 0.00159472 -0.0059351 0.00100779 0.006227695 0.0 13 15.8949040785 2.2395883535 0 0 0 3 7 2 1 0 0 7 
747 2 20.2762 14.3419 20.0423 0.0031145 -5.2781e-04 -5.79092e-04 0.0032115481 0.0 13 15.0037197194 2.1925630192 0 0 1 0 9 3 0 0 0 6 
644 2 22.6692 14.8477 19.9452 9.8227e-04 9.17266e-04 -5.48924e-04 0.0014517399 0.0 14 15.8555127527 2.2530228403 0 0 1 4 3 4 2 0 0 7 
155 1 22.6048 16.2038 0.0108363 0.00212807 0.00368877 -0.00172235 0.0045937126 0.0 15 22.4957546551 2.4373646595 0 0 2 1 7 4 0 0 1 9 
379 1 21.5252 12.7797 25.7592 9.01002e-04 0.00208825 -0.00513427 0.0056154538 0.0 15 21.5016953439 2.2134391505 0 0 0 3 6 6 0 0 0 6 
93 1 25.6699 16.6061 24.7767 -0.00146981 -0.00625205 -0.00254777 0.0069093851 0.0 16 21.8978513523 2.2665362096 0 0 2 3 4 4 2 1 0 8 
628 1 25.3914 13.7668 23.0401 -5.4261e-04 3.49123e-04 -0.00202532 0.0021256137 0.0 14 22.9121179665 2.2530228403 0 0 1 3 4 5 1 0 0 7 
216 1 26.7117 11.7158 26.1151 0.00211625 0.00429188 -0.00189226 0.0051458134 0.0 16 22.3596210614 2.3847334584 0 0 0 6 2 6 2 0 0 7 
558 2 21.526 14.8354 17.9572 -0.00418068 0.00392712 5.35143e-04 0.0057607929 0.0 12 12.0956716407 1.9525218269 0 0 0 2 8 2 0 0 0 6 
603 1 24.5669 13.7859 25.9196 -3.50426e-04 -0.00173882 -0.00168014 0.0024431872 0.0 14 21.9417282211 2.2883552405 0 0 1 3 4 5 1 0 0 7 
506 1 6.09587 18.576 21.8431 0.0012668 6.90492e-05 -1.52234e-04 0.0012777814 0.0 15 22.810641823 2.3847965331 0 0 1 2 6 5 1 0 0 7 
707 1 1.49362 19.259 19.9201 0.00149143 4.14876e-04 8.8938e-04 0.0017853522 0.0 14 21.2957288574 2.2156585838 0 0 2 2 5 2 3 0 0 7 
685 1 3.79286 23.4879 22.5386 2.93306e-04 -0.00107138 0.00267416 0.0028956891 0.0 17 24.2808559836 2.3360929519 0 0 0 4 5 7 1 0 0 7 
274 1 5.87276 24.883 20.2619 0.00532341 -0.00371494 0.0012424 0.006609314 0.0 15 21.8507206736 2.2703837619 0 0 0 4 4 7 0 0 0 6 
748 2 2.60049 20.5398 24.7595 0.00166358 0.00185796 -0.00239749 0.0034594034 0.0 13 17.0888436538 2.284438783 0 0 0 1 10 2 0 0 0 6 
158 2 2.63759 18.2006 24.6734 -3.70947e-04 -0.00123576 0.00267051 0.0029658604 0.0 14 16.524097984 2.1882391552 0 0 1 3 4 5 1 0 0 7 
517 2 5.26419 26.3167 24.1356 -0.00201375 2.82061e-04 0.00120881 0.0023655801 0.0 13 15.028458462 2.1998228581 0 0 1 2 6 3 1 0 0 7 
295 2 0.416649 19.122 25.4687 -0.00265552 0.00173377 -0.00130422 0.0034291011 0.0 13 19.2637656887 2.2820793816 0 0 0 3 6 4 0 0 0 6 
112 1 1.56007 23.4901 24.3146 -0.00335397 -0.0014596 1.35979e-04 0.0036603329 0.0 16 22.5511787706 2.264150807 0 0 0 5 5 3 3 0 0 7 
374 1 3.60961 19.4081 21.9394 5.03812e-04 -0.00195976 -9.92393e-04 0.0022537368 0.0 15 21.7699658304 2.3360929519 0 0 1 2 6 5 1 0 0 7 
333 2 6.82135 24.6387 23.5748 -0.0011063 -3.65606e-04 -6.60269e-04 0.0013392246 0.0 13 15.3890128377 2.1743469134 0 0 1 3 4 4 1 0 0 7 
933 2 6.40699 22.2514 24.0018 0.00517223 -0.00870914 0.00508555 0.0113341917 0.0 15 16.4749588835 2.3360929519 0 0 3 2 3 5 0 2 0 8 
456 1 8.90907 19.2033 19.7417 0.00200914 0.00190281 -9.74442e-04 0.0029337462 0.0 13 21.9377787994 2.3739122351 0 0 2 2 4 3 2 0 0 7 
930 1 1.71995 21.9533 21.3936 -0.0019172 -0.00155043 -4.5648e-04 0.0025075612 0.0 12 22.0086907842 2.245894224 0 0 0 2 8 2 0 0 0 6 
414 1 3.63007 21.0468 19.2262 -6.52097e-04 -0.00155155 0.00182669 0.0024838145 0.0 13 20.8822696464 2.2492590624 0 0 0 3 6 4 0 0 0 6 
946 2 0.986914 18.8238 23.0277 -4.1892e-04 -0.00213671 -0.00258191 0.0033774669 0.0 14 19.3022917653 2.2665362096 0 0 0 3 7 3 1 0 0 7 
511 1 4.00759 18.0366 19.172 8.17689e-04 5.4965e-04 0.00221987 0.0024286937 0.0 13 20.7142422927 2.174350822 0 0 0 1 10 2 0 0 0 6 
507 1 8.23586 20.6848 22.3616 -0.00266374 -0.00212501 -7.36055e-04 0.0034861089 0.0 15 22.2265174141 2.370177372 0 0 1 3 4 6 1 0 0 7 
987 2 4.92414 24.4475 25.5359 -0.00114275 -0.00180587 -0.00169723 0.0027290353 0.0 14 14.1455780436 2.0568251154 0 0 0 4 4 6 0 0 0 6 
31 1 5.71532 22.9161 18.1563 -0.00217725 9.4459e-04 -9.77067e-06 0.0023733443 0.0 13 20.1851715463 2.1339532694 0 0 0 3 6 4 0 0 0 6 
902 1 6.31242 19.9245 19.1881 0.00235982 -0.00324355 0.00333225 0.0052147154 0.0 14 19.5185333113 2.1144157142 0 0 0 3 6 5 0 0 0 6 
900 2 2.96849 26.1743 25.4401 -0.00310244 0.00182203 -6.86736e-04 0.0036628587 0.0 15 19.2959424729 2.264150807 0 0 1 4 4 3 3 0 0 7 
573 2 2.90235 23.7083 0.187408 -7.95249e-04 9.14622e-04 0.00162153 0.0020244293 0.0 13 14.2670207889 2.1234174977 0 0 1 4 3 3 2 0 0 7 
913 2 5.1167 20.0822 24.7488 -0.00273036 1.955e-04 4.93485e-04 0.0027814768 0.0 15 17.6754942805 2.3360929519 0 0 2 3 3 5 1 1 0 8 
661 2 4.21307 22.1533 25.4886 0.00290653 -9.00985e-04 -0.00294105 0.0042319577 0.0 13 13.5657676044 2.2073473703 0 0 0 3 6 4 0 0 0 6 
301 1 26.6257 22.9454 26.2349 0.00255935 -8.60256e-05 4.8826e-04 0.0026069274 0.0 17 22.4830528592 2.2820793816 0 0 0 5 4 6 2 0 0 7 
699 1 8.48991 24.0861 20.9967 -0.0025541 -0.00145462 6.27528e-04 0.0030055178 0.0 14 20.8597020857 2.198769896 0 0 1 3 4 5 1 0 0 7 
64 1 3.28873 0.0286887 21.9379 0.00244087 -0.00424956 0.00210528 0.0053337426 0.0 16 22.7927672892 2.2798060856 0 0 0 4 5 6 1 0 0 7 
881 2 7.45384 26.5644 22.5412 -9.38369e-04 -8.31376e-04 0.00492952 0.0050864418 0.0 14 15.8122594322 2.2798060856 0 0 2 2 3 6 1 0 0 7 
214 2 7.15845 23.4438 26.3456 0.00137568 -0.00189273 7.62365e-04 0.0024609191 0.0 14 12.7654271776 1.9731717671 0 0 0 4 4 6 0 0 0 6 
399 1 6.15573 21.9856 21.1408 0.00219347 -0.00114239 9.57942e-05 0.0024749832 0.0 15 22.2245941371 2.3357576794 0 0 2 2 4 6 0 1 0 8 
557 2 9.88676 23.9012 25.8073 0.00242888 3.3887e-04 -0.00431616 0.0049642248 0.0 15 13.4184449541 2.1106059599 0 0 2 2 5 3 3 0 0 7 
554 1 8.29657 22.2283 18.7884 0.00159351 -0.00105695 0.00418406 0.0046003017 0.0 14 19.5033710455 2.108626606 0 0 0 2 8 4 0 0 0 6 
845 2 8.91924 19.615 0.348603 6.49334e-04 3.65318e-04 -5.44042e-04 9.2253649383e-04 0.0 14 16.701341091 2.2089916266 0 0 1 1 8 3 1 0 0 7 
953 1 0.747446 22.1677 18.5062 0.00137774 5.55728e-04 -0.00217278 0.0026321045 0.0 15 22.6414231259 2.2411613518 0 0 1 4 4 3 3 0 0 7 
671 1 3.14381 23.9431 19.5843 0.0036604 0.00246518 -0.0026967 0.0051718306 0.0 16 23.2525235458 2.2729519694 0 0 1 5 1 7 2 0 0 7 
642 1 8.07156 24.9767 18.2708 3.56124e-04 7.15083e-05 -0.00499266 0.0050058557 0.0 13 20.4453310734 2.2945626907 0 0 0 3 6 4 0 0 0 6 
265 2 11.1816 21.5623 26.5517 6.64979e-04 0.0036309 -4.99143e-04 0.003724886 0.0 16 16.5978445046 2.2066113678 0 0 0 0 12 4 0 0 0 6 
980 1 16.1822 23.3786 19.3767 -1.96679e-04 5.00271e-04 -0.00101039 0.0011444831 0.0 13 20.5660514455 2.2206938324 0 0 0 3 6 4 0 0 0 6 
622 1 16.7821 26.461 19.2434 0.00240549 8.39892e-04 -0.00257245 0.0036206767 0.0 13 19.9776959107 2.0978772764 0 0 0 1 10 2 0 0 0 6 
608 1 11.3893 21.0713 23.5698 -0.00131637 -7.84844e-04 -4.19969e-04 0.0015890828 0.0 14 22.5569671423 2.2646108664 0 0 0 4 4 6 0 0 0 6 
415 1 14.7223 25.2902 20.958 -0.0018027 0.00195558 3.23907e-06 0.002659705 0.0 13 21.897960824 2.1642580283 0 0 0 1 10 2 0 0 0 6 
839 1 16.307 23.392 23.1375 -7.73794e-05 0.00225672 0.00108561 0.0025054584 0.0 15 22.1121105876 2.1715618619 0 0 0 4 5 5 1 0 0 7 
961 1 15.7271 24.1857 26.0366 -6.20812e-04 1.57781e-04 6.88766e-04 9.4058544857e-04 0.0 14 21.982020599 2.2412521024 0 0 1 1 8 3 1 0 0 7 
874 2 11.4123 25.5295 25.159 0.00156406 0.00299783 -3.2612e-04 0.003397002 0.0 14 15.8977011256 2.1250944048 0 0 2 2 6 1 2 1 0 8 
172 1 17.4509 25.7409 24.3177 -0.00154033 1.20852e-04 -0.00225807 0.0027360742 0.0 13 20.296760538 2.2758839842 0 0 0 3 6 4 0 0 0 6 
657 2 8.85694 23.3265 23.9303 -0.00531012 -0.0016082 -8.60858e-04 0.0056146913 0.0 15 16.2898512777 2.1680026786 0 0 1 4 3 5 2 0 0 7 
71 1 10.7392 21.9011 20.7858 0.00174169 -0.0032836 -5.36101e-04 0.0037553851 0.0 14 23.4391186577 2.3541094219 0 0 0 3 6 5 0 0 0 6 
460 1 10.6469 23.7453 18.5419 0.00151741 2.32968e-04 -0.00309393 0.0034538689 0.0 13 19.8411007782 2.198769896 0 0 1 0 9 3 0 0 0 6 
340 1 14.1511 25.7043 23.8956 4.75862e-04 0.00412265 -0.00193765 0.0045800846 0.0 13 21.7868502693 2.2384877638 0 0 0 2 8 3 0 0 0 6 
192 1 13.5551 22.6967 19.1143 3.02055e-04 6.4269e-04 9.174e-04 0.0011601338 0.0 15 23.598584735 2.3541094219 0 0 0 2 8 5 0 0 0 6 
854 1 15.9256 20.1178 23.3607 -0.00188239 -0.00177699 -8.34428e-04 0.002719808 0.0 14 21.0496642462 2.288091857 0 0 0 3 6 5 0 0 0 6 
833 1 13.7521 22.1078 22.2263 8.55727e-04 0.0034299 0.00146043 0.0038248318 0.0 14 22.4579302307 2.3541094219 0 0 0 4 5 4 1 0 0 7 
976 1 17.7442 21.7433 25.1508 1.1694e-04 0.00193877 0.00176983 0.0026276991 0.0 15 23.6549746546 2.2758839842 0 0 1 2 6 5 1 0 0 7 
865 2 8.98253 21.2004 25.2338 -0.00204612 -0.00712065 -4.68996e-04 0.0074236258 0.0 12 16.2372928722 2.2646108664 0 0 0 0 12 0 0 0 0 5 
430 2 13.9734 21.3989 25.4842 -0.00169798 -5.5935e-04 -0.00375966 0.004163058 0.0 14 19.0583565631 2.1688832697 0 0 0 1 10 3 0 0 0 6 
834 1 13.19 18.7598 19.4904 8.446e-04 -0.00294996 -3.35788e-04 0.0030868053 0.0 16 24.3481515922 2.3541094219 0 0 1 3 5 5 2 0 0 7 
639 1 13.5981 19.1354 22.2691 -0.00340761 -0.00402381 0.00110137 0.005386638 0.0 14 21.1655995964 2.325219367 0 0 0 4 4 6 0 0 0 6 
39 1 15.8711 21.0081 20.6833 -2.68753e-04 9.6668e-04 5.72252e-05 0.0010049742 0.0 13 20.4758433933 2.2706225514 0 0 0 3 6 4 0 0 0 6 
491 2 11.5087 18.5432 0.625642 0.00241169 0.00248726 -0.00126846 0.003689404 0.0 14 17.4376992154 2.2613206267 0 0 1 2 6 4 1 0 0 7 
66 1 10.7262 18.8305 21.7058 3.0213e-04 5.07855e-04 -0.00138551 0.001506266 0.0 13 22.0323759363 2.3847965331 0 0 1 4 2 5 1 0 0 7 
499 2 12.5661 23.4452 25.1671 -0.00254166 0.00139841 0.00222016 0.0036530394 0.0 14 17.8886878469 2.1715618619 0 0 0 4 4 6 0 0 0 6 
796 1 15.8333 19.4676 18.3077 -0.0023685 6.50263e-04 0.00108571 0.0026854051 0.0 13 22.6927365755 2.3075506896 0 0 0 4 4 5 0 0 0 6 
407 2 9.54932 25.5705 23.5393 -0.00104131 -0.00110076 -0.00145207 0.0020986916 0.0 13 16.4317129876 2.1009039486 0 0 1 4 3 3 2 0 0 7 
948 1 12.2762 25.9174 19.2571 -5.36222e-04 0.0028618 0.00120796 0.0031522374 0.0 14 22.0545480127 2.1800691067 0 0 2 2 4 5 0 1 0 8 
809 1 11.965 24.3903 22.1405 0.00498405 -0.00241737 1.97744e-04 0.0055428815 0.0 15 23.4350887572 2.198769896 0 0 0 1 10 4 0 0 0 6 
385 2 13.2433 19.1655 25.8207 0.00121549 8.57123e-04 0.00254371 0.0029466144 0.0 12 17.8463996543 2.2262542972 0 0 0 2 8 2 0 0 0 6 
545 2 16.0835 19.1217 26.0987 -0.00177557 -5.50923e-04 0.00388897 0.0043104817 0.0 14 20.4635133731 2.3085376691 0 0 0 4 5 4 1 0 0 7 
578 1 10.8188 20.7569 18.0129 2.66455e-04 0.00246926 -0.0046015 0.0052289622 0.0 15 22.6357318587 2.2526723022 0 0 2 1 6 4 2 0 0 7 
12 1 24.8417 25.8144 21.2336 -3.22408e-04 0.00194449 0.00187709 0.0027218477 0.0 13 19.9265821434 2.1936421049 0 0 0 1 10 2 0 0 0 6 
958 1 21.7186 22.381 18.4016 0.00219812 -5.25802e-05 -3.72161e-04 0.0022300224 0.0 14 20.032762451 2.0935670978 0 0 0 4 4 6 0 0 0 6 
531 1 20.2783 25.7954 26.0994 0.00193364 -0.00283845 -3.2816e-05 0.0034346527 0.0 13 21.7439272085 2.2322957364 0 0 0 1 10 2 0 0 0 6 
59 1 18.2765 21.3644 19.0683 9.80301e-04 3.13037e-04 -2.42541e-04 0.0010572646 0.0 14 20.7779894981 2.1805630177 0 0 0 3 7 3 1 0 0 7 
508 1 0.656936 24.7516 21.3985 -3.74463e-04 1.14691e-04 0.00124251 0.0013027692 0.0 15 23.3053338724 2.2729519694 0 0 1 4 3 5 2 0 0 7 
300 1 26.225 25.9731 26.1758 7.41361e-05 -0.00156865 -0.00183574 0.0024158022 0.0 14 21.3536262314 2.1632033649 0 0 1 3 4 5 1 0 0 7 
705 1 25.53 18.3918 18.7389 -0.00219557 0.0026453 -0.00398625 0.0052638701 0.0 16 22.4781202369 2.2574126237 0 0 2 4 2 5 2 1 0 8 
440 1 21.7181 25.2614 20.2664 0.00297992 0.00126064 -7.35923e-04 0.0033182404 0.0 14 22.4736224603 2.2111203617 0 0 0 4 5 4 1 0 0 7 
167 1 23.0446 20.6433 20.1085 -0.00454259 -0.00244406 -0.00328429 0.0061151545 0.0 12 19.5447584042 2.2439844006 0 0 0 0 12 0 0 0 0 5 
170 1 18.4448 21.3714 22.2059 -1.42046e-04 -0.0046707 -0.00248609 0.0052930387 0.0 14 19.6035105 2.1606272394 0 0 0 2 8 4 0 0 0 6 
571 1 23.6542 23.3141 20.7373 0.0034673 5.77091e-04 -0.00258146 0.0043610938 0.0 14 19.7333346618 2.2635254996 0 0 1 1 8 3 1 0 0 7 
348 1 19.2793 24.1192 18.7492 1.66427e-04 0.00185071 -0.00158598 0.0024429814 0.0 14 21.4174310916 2.2218437431 0 0 0 4 4 6 0 0 0 6 
745 1 18.2723 24.5171 21.5098 -0.00244986 -0.0016387 1.38489e-04 0.0029506492 0.0 14 21.682668055 2.2111203617 0 0 0 4 4 6 0 0 0 6 
272 1 20.704 19.1783 21.8871 -9.63271e-04 -1.64655e-04 5.43475e-04 0.0011181983 0.0 14 21.5805472291 2.2143883918 0 0 1 1 8 3 1 0 0 7 
730 1 22.2651 24.4525 23.4394 4.39811e-04 -3.59713e-05 0.00156235 0.0016234732 0.0 16 22.802427599 2.2045866945 0 0 0 0 12 4 0 0 0 6 
612 1 25.2502 24.092 23.5878 0.00283583 8.51252e-04 0.00206255 0.0036084171 0.0 14 21.2741720253 2.2635254996 0 0 1 1 8 3 1 0 0 7 
91 1 20.5718 21.0186 24.1618 -0.00307201 5.77141e-04 0.00168264 0.0035498753 0.0 14 21.1394162377 2.1478682782 0 0 0 1 10 3 0 0 0 6 
618 1 19.5631 23.5936 23.7414 -0.00193032 2.23525e-04 4.05783e-04 0.0019851344 0.0 12 20.2228460591 2.2758839842 0 0 0 2 8 2 0 0 0 6 
928 1 20.8928 22.5037 21.1957 4.29257e-04 0.00415344 0.00427925 0.0059789051 0.0 15 21.0284944482 2.2111203617 0 0 0 2 8 5 0 0 0 6 
738 1 19.7164 20.578 0.548589 -0.00350084 -2.76529e-04 7.7587e-04 0.003596432 0.0 15 24.2347984652 2.3085376691 0 0 0 6 3 3 3 0 0 7 
105 1 23.0224 21.5003 22.8225 8.73703e-04 0.00425159 -0.00212179 0.0048312904 0.0 13 19.9328297771 2.1851573206 0 0 0 3 6 4 0 0 0 6 
723 1 20.4898 19.783 18.8361 6.9932e-04 9.12467e-05 -6.18469e-04 9.3801829759e-04 0.0 15 21.1213812924 2.1721045211 0 0 0 3 7 4 1 0 0 7 
283 1 25.6457 24.2038 18.9446 -0.001211 0.00132521 -3.01381e-04 0.0018203113 0.0 13 20.5995629229 2.2625875586 0 0 1 3 5 2 2 0 0 7 
785 1 18.6264 18.8736 23.9445 5.1853e-04 4.01087e-04 -2.94532e-04 7.1867464231e-04 0.0 15 23.406785497 2.3085376691 0 0 0 3 7 4 1 0 0 7 
652 1 23.7878 22.4895 25.4878 -6.93689e-04 0.00195945 -0.00219911 0.0030260095 0.0 13 20.8655338815 2.2285389107 0 0 0 2 8 3 0 0 0 6 
328 1 23.3034 25.3664 26.3756 0.00118371 0.00130388 0.00165766 0.0024184931 0.0 16 21.771577773 2.2285389107 0 0 2 3 5 3 1 2 0 8 
784 1 24.0264 19.7799 24.9404 0.00327311 0.00294675 -1.19003e-04 0.0044057629 0.0 15 21.6037572815 2.2820793816 0 0 0 5 3 6 1 0 0 7 
316 2 25.945 17.8403 21.7058 -0.00182568 -0.00123766 -0.00178073 0.0028347679 0.0 13 18.7257222355 2.2665362096 0 0 2 4 2 2 2 1 0 8 
504 1 21.5583 18.3015 25.0201 -0.00129497 0.00181822 -0.00140512 0.0026376568 0.0 14 20.9944079527 2.1851573206 0 0 0 3 6 5 0 0 0 6 
984 2 23.7913 18.4157 22.2061 0.00136762 -0.00129782 -2.80643e-04 0.0019061694 0.0 14 19.9705441596 2.2172394632 0 0 1 3 5 4 0 1 0 8 
38 1 25.6912 21.172 20.6025 0.00373764 -6.92859e-04 -0.00111166 0.0039605296 0.0 16 23.0648902615 2.2635254996 0 0 2 3 5 2 3 1 0 8 
490 1 18.0914 18.9645 20.721 -0.00237984 7.34062e-04 -0.00114291 0.002740206 0.0 14 21.9345297131 2.288091857 0 0 0 3 6 5 0 0 0 6 
475 1 25.9835 21.3977 23.3436 3.06273e-04 0.00162447 -0.00202211 0.0026118259 0.0 15 22.8163858553 2.2522451614 0 0 1 5 3 3 2 1 0 8 
