# Particles (1000 particles):
# "Particle Identifier" "Particle Type" Position.X Position.Y Position.Z Velocity.X Velocity.Y Velocity.Z "Velocity Magnitude" Centrosymmetry Coordination "Atomic Volume" "Cavity Radius" "Voronoi Index.1" "Voronoi Index.2" "Voronoi Index.3" "Voronoi Index.4" "Voronoi Index.5" "Voronoi Index.6" "Voronoi Index.7" "Voronoi Index.8" "Voronoi Index.9" "Voronoi Index.10" "Voronoi Index.11" "Max Face Order"
872 2 0.817466 7.371 8.00444 1.80586e-04 0.00579854 4.55176e-04 0.0058191806 0.0 13 12.7001550037 1.993042235 0 0 0 3 6 4 0 0 0 0 0 6 
669 2 9.16734 1.9224 1.94243 4.54551e-04 0.00230248 0.00212178 0.0031638554 0.0 15 15.9273064422 2.0743535441 0 0 0 0 12 3 0 0 0 0 0 6 
717 2 1.46163 26.4714 8.03433 -0.00400955 9.20703e-04 -0.00108707 0.0042551036 0.0 14 13.6089001103 1.9625359511 0 0 0 2 8 4 0 0 0 0 0 6 
895 2 1.86458 7.84921 6.14016 -4.07026e-04 5.20203e-04 -0.00152452 0.001661458 0.0 13 15.8353988803 2.2516737686 0 0 1 2 6 3 1 0 0 0 0 7 
967 1 4.97173 7.3868 7.14437 -2.28373e-04 0.00226124 -4.57347e-04 0.0023183026 0.0 15 22.4279639572 2.2698585961 0 0 1 4 4 3 3 0 0 0 0 7 
286 2 5.85585 2.41095 4.61296 8.58212e-04 -0.00134002 -0.00363146 0.0039648056 0.0 16 14.4528009549 2.0023468002 0 0 0 5 4 5 2 0 0 0 0 7 
378 2 1.57161 3.17077 3.64272 0.00246985 -5.22501e-04 0.00219506 0.0033453632 0.0 14 15.3218232095 2.2114199953 0 0 1 4 3 4 2 0 0 0 0 7 
487 2 0.800478 5.55165 5.0807 0.0015353 4.11702e-04 0.00169079 0.0023206498 0.0 14 16.1004141271 2.186988474 0 0 0 2 8 4 0 0 0 0 0 6 
291 2 5.84495 6.07282 4.55077 0.00160149 -0.00290597 -0.00332351 0.0046962912 0.0 15 18.0955532015 2.2386558052 0 0 0 4 4 7 0 0 0 0 0 6 
737 2 1.46051 3.5398 6.46822 -0.00263008 -0.00241111 0.00134569 0.003813352 0.0 14 12.6461599223 1.9200884443 0 0 1 3 4 5 1 0 0 0 0 7 
749 2 5.10938 4.22247 6.77102 1.97876e-04 0.00131514 -0.00130363 0.0018623102 0.0 16 18.2505205548 2.2430336593 0 0 1 3 5 5 2 0 0 0 0 7 
145 2 4.34122 4.45873 2.81378 -4.53691e-04 -1.05715e-04 -0.0039181 0.0039456962 0.0 13 16.8883366871 2.2218551702 0 0 0 2 8 3 0 0 0 0 0 6 
457 1 0.869135 5.70582 1.66529 -4.65173e-04 -4.58202e-04 -7.53522e-04 9.9706087939e-04 0.0 18 23.8086034269 2.2369258087 0 0 0 2 8 8 0 0 0 0 0 6 
787 2 3.2882 6.4439 4.82963 4.13812e-04 0.00368546 -0.00388104 0.0053680841 0.0 13 17.7490501412 2.2386558052 0 0 0 2 8 3 0 0 0 0 0 6 
137 2 2.28227 2.5743 1.5567 -0.00191605 4.05068e-04 0.00270972 0.0033433382 0.0 14 15.3556028588 2.1401369194 0 0 1 3 4 5 1 0 0 0 0 7 
254 2 3.19746 1.862 7.2795 0.00210541 -0.00185702 0.00126082 0.0030774895 0.0 15 14.3930800962 2.0023468002 0 0 1 2 7 3 2 0 0 0 0 7 
919 2 4.32532 2.10933 2.73814 -0.00141353 0.00307124 0.00309233 0.0045818214 0.0 12 12.2016794608 1.8272777652 0 0 0 5 2 5 0 0 0 0 0 6 
957 2 6.80631 2.81448 1.61244 9.81003e-05 0.00188555 0.00384028 0.0042793309 0.0 14 14.1714804823 2.0743535441 0 0 0 1 10 3 0 0 0 0 0 6 
501 2 4.42913 3.88463 0.540927 -0.00285364 -4.74203e-04 -0.00326114 0.0043592618 0.0 14 16.3386573298 2.1721825457 0 0 0 2 8 4 0 0 0 0 0 6 
345 2 9.46647 7.77309 1.80264 6.88305e-05 -0.00284268 0.00183008 0.0033815322 0.0 13 16.6399017562 2.1881985015 0 0 0 3 6 4 0 0 0 0 0 6 
605 2 4.59838 0.922527 0.934874 -8.73915e-04 6.74761e-04 0.00382061 0.0039769449 0.0 15 14.3518600109 2.1333071908 0 0 0 3 8 2 2 0 0 0 0 7 
695 2 7.26562 2.04641 7.28049 4.32671e-04 -0.001585 7.53147e-04 0.0018073903 0.0 12 14.446927038 2.2197045631 0 0 0 4 4 4 0 0 0 0 0 6 
249 2 2.72255 5.60685 7.19176 0.00340605 -0.00134333 -0.00254046 0.0044564166 0.0 15 14.2455645523 2.0768493901 0 0 2 3 3 4 3 0 0 0 0 7 
58 2 1.04358 2.35175 9.17737 0.0014362 -0.0025629 3.41448e-04 0.0029576534 0.0 14 14.3426724069 2.3554459268 0 0 0 2 8 4 0 0 0 0 0 6 
342 2 1.081 1.18386 6.30744 -0.00236782 5.61079e-04 -0.00328171 0.0040854622 0.0 14 12.9673751319 1.8633314928 0 0 0 3 6 5 0 0 0 0 0 6 
515 2 2.78412 26.4994 2.69162 -0.00151429 0.00221283 0.00165307 0.0031499732 0.0 14 12.8904871613 1.9243898557 0 0 1 3 4 5 1 0 0 0 0 7 
534 2 5.77508 0.446137 6.24874 0.00317494 -8.11871e-05 -0.00161315 0.0035621747 0.0 16 14.2296634172 2.0023468002 0 0 1 5 3 3 4 0 0 0 0 7 
196 2 0.519398 0.233109 3.61537 -6.28866e-04 -0.00268089 -7.98678e-04 0.0028671467 0.0 14 15.7704357996 2.2518251572 0 0 0 2 8 4 0 0 0 0 0 6 
798 1 1.77427 8.51688 3.153 -0.00178434 -0.00153143 0.00203117 0.0031072172 0.0 14 21.420136422 2.1983484779 0 0 0 1 10 3 0 0 0 0 0 6 
944 1 0.26421 3.82529 26.1682 0.00268343 -2.9336e-05 0.00230881 0.0035400933 0.0 16 21.2932697284 2.3422368591 0 0 1 4 4 4 3 0 0 0 0 7 
11 2 2.85922 6.74753 9.3019 7.64234e-04 0.00327329 0.00296509 0.0044822137 0.0 12 16.5773050645 2.221373068 0 0 1 3 4 3 1 0 0 0 0 7 
14 1 8.71725 4.47213 8.81936 -0.00120854 0.00145271 -0.00368684 0.0041429126 0.0 16 22.269793805 2.2430336593 0 0 0 2 8 6 0 0 0 0 0 6 
766 1 3.24966 7.31146 1.17418 0.00167653 0.0040062 8.35257e-04 0.0044224479 0.0 14 22.4141378715 2.2386558052 0 0 0 1 10 3 0 0 0 0 0 6 
292 2 3.5308 3.85712 5.09743 8.33769e-04 -0.00104018 -0.00172705 0.0021817073 0.0 12 13.9280822109 2.0291786456 0 0 0 5 2 5 0 0 0 0 0 6 
994 2 0.193761 4.45844 8.09589 -5.9e-04 0.00174924 0.00253034 0.0031321815 0.0 13 13.0591540226 1.9152235275 0 0 0 3 6 4 0 0 0 0 0 6 
23 2 2.93393 1.40033 4.68027 -2.85271e-04 0.00306864 -5.12383e-04 0.0031241747 0.0 14 13.7604731753 1.9383212261 0 0 1 4 3 4 2 0 0 0 0 7 
602 2 8.12343 6.81545 3.34425 -0.00474387 0.00205993 -0.00127429 0.0053264838 0.0 13 17.4678719399 2.1881985015 0 0 0 4 4 5 0 0 0 0 0 6 
279 2 6.37602 5.91947 2.08961 0.00305217 0.00163809 0.00189846 0.0039500925 0.0 14 17.4410659827 2.2369392241 0 0 0 4 5 4 1 0 0 0 0 7 
494 2 7.33949 3.9386 5.84952 0.00124134 -0.00624289 -0.00271507 0.006919986 0.0 12 14.2985903114 2.2025525651 0 0 0 3 6 3 0 0 0 0 0 6 
188 2 7.28981 4.17881 3.62231 9.45793e-04 2.88642e-04 -0.00369078 0.0038209548 0.0 13 13.7913924725 1.9940205437 0 0 0 5 2 6 0 0 0 0 0 6 
334 2 14.8403 3.93781 8.58024 5.68976e-04 -0.00110051 -0.00137809 0.0018531023 0.0 15 13.5503734374 1.9397510421 0 0 0 3 6 6 0 0 0 0 0 6 
21 2 16.799 5.51635 7.80194 -0.00110861 0.00217185 0.0024016 0.0034225182 0.0 14 13.2946426619 1.8581822147 0 0 0 2 8 4 0 0 0 0 0 6 
176 2 13.7144 6.37606 8.67244 0.0018863 -1.19249e-04 0.00156718 0.0024552803 0.0 15 13.8208023072 2.0282522485 0 0 0 4 4 7 0 0 0 0 0 6 
146 2 16.7589 2.18101 7.74617 -0.00216175 0.00399775 -0.0044318 0.0063479146 0.0 16 15.7455848512 2.0686693683 0 0 4 2 4 0 4 2 0 0 0 8 
42 1 8.39812 6.49586 6.89434 -1.10828e-05 0.00341977 0.00315759 0.0046546025 0.0 16 22.8088471753 2.2428603882 0 0 0 3 6 7 0 0 0 0 0 6 
829 1 13.0523 8.15818 3.67776 -0.00213878 0.00296789 0.00257585 0.0044741205 0.0 15 21.7954638671 2.2761988561 0 0 1 3 5 4 2 0 0 0 0 7 
978 1 17.17 8.31306 0.89357 7.88476e-04 -0.00193673 0.00143725 0.0025373815 0.0 13 21.4611687616 2.3414802318 0 0 0 3 6 4 0 0 0 0 0 6 
549 2 12.2188 2.04766 1.27982 -0.00199729 -9.05578e-04 0.00242905 0.0032725407 0.0 14 17.3591778645 2.1959641784 0 0 0 3 6 5 0 0 0 0 0 6 
394 2 11.7265 0.927648 4.09358 0.00156208 -0.0028339 0.00258867 0.0041439469 0.0 15 14.9242442615 2.0385181368 0 0 0 3 6 6 0 0 0 0 0 6 
219 1 15.8673 7.39554 3.35827 0.00688337 2.73542e-04 -0.00195137 0.00715985 0.0 13 20.3185092402 2.1853796824 0 0 0 4 4 5 0 0 0 0 0 6 
239 2 13.2372 26.4247 1.49398 -9.4567e-04 -5.35573e-04 -6.67366e-04 0.0012753461 0.0 15 15.14985299 2.2642700536 0 0 1 4 4 3 3 0 0 0 0 7 
898 1 16.6336 2.33484 4.07998 8.54332e-04 -9.79971e-04 7.77694e-04 0.0015149371 0.0 17 23.5443286737 2.3029331223 0 0 0 3 6 8 0 0 0 0 0 6 
247 2 16.6646 7.58886 6.07763 -6.89462e-04 0.0032393 -4.12859e-04 0.0033374953 0.0 13 14.8757455078 2.1621122981 0 0 1 2 5 5 0 0 0 0 0 6 
498 2 11.8344 6.76817 7.22322 -8.8719e-04 4.62786e-04 0.00261193 0.002797044 0.0 14 15.338455207 2.2761988561 0 0 0 5 3 5 1 0 0 0 0 7 
886 2 16.0067 26.3414 7.72783 -0.00167677 -0.0018664 0.00322132 0.0040831249 0.0 15 16.7006508108 2.4221494101 0 0 4 3 1 2 3 2 0 0 0 8 
422 2 10.4522 3.96855 2.48479 -8.20829e-04 0.00143856 -0.00487709 0.0051506526 0.0 14 13.7094935272 2.0098791084 0 0 0 4 5 4 1 0 0 0 0 7 
566 2 9.26795 2.65909 4.26061 0.00174687 0.00124989 0.00157217 0.0026618599 0.0 13 13.2108223788 1.9110328121 0 0 0 1 10 2 0 0 0 0 0 6 
973 2 15.2783 4.23682 6.21465 1.0347e-04 -0.00259769 1.46939e-04 0.0026038991 0.0 11 13.5002058749 2.0255145693 0 0 0 2 8 1 0 0 0 0 0 6 
592 2 9.37841 2.72682 6.58096 -0.00103431 -3.46773e-05 -0.00225938 0.0024851152 0.0 11 12.0995750111 1.994854108 0 0 0 2 8 1 0 0 0 0 0 6 
83 2 14.2574 4.99632 4.27324 -0.00198559 9.18858e-05 -0.00190502 0.0027532003 0.0 14 16.4035938163 2.1369058477 0 0 2 3 1 7 1 0 0 0 0 7 
700 2 14.1435 6.58986 6.31704 -0.0017816 0.00149784 8.80067e-05 0.002329242 0.0 15 15.4033020507 2.2383123561 0 0 0 5 3 6 1 0 0 0 0 7 
986 2 14.3894 1.96082 6.52293 -9.83229e-04 -0.00129935 0.00417233 0.0044792173 0.0 16 15.755401291 2.0686693683 0 0 1 4 5 3 2 1 0 0 0 8 
221 2 10.6834 0.787227 6.40012 -0.00159069 -0.00492675 -9.60927e-04 0.0052655998 0.0 14 13.0319952538 2.0385181368 0 0 1 3 4 5 1 0 0 0 0 7 
224 2 13.5193 2.66246 4.28112 0.00185129 1.63771e-04 -0.00151706 0.0023990762 0.0 15 15.9120949467 2.0940095207 0 0 1 4 3 5 2 0 0 0 0 7 
660 2 12.8691 4.31889 2.08988 -1.00176e-04 -0.00291859 -0.00182898 0.0034457758 0.0 14 17.6736323213 2.1369058477 0 0 2 2 4 4 2 0 0 0 0 7 
861 2 17.2972 5.29069 5.44345 -0.00325657 -0.00542161 0.00207597 0.0066564821 0.0 14 17.5978107331 2.2808859201 0 0 0 3 6 5 0 0 0 0 0 6 
161 2 13.7127 0.492267 8.15805 -0.00221799 0.00227082 0.00185419 0.0036761561 0.0 15 12.9991624422 1.9619391473 0 0 3 3 2 3 3 1 0 0 0 8 
824 2 15.5286 7.82707 8.22171 -0.00516809 -1.10227e-04 0.00260658 0.0057892628 0.0 12 12.739023257 1.9188116356 0 0 0 2 8 2 0 0 0 0 0 6 
209 2 12.9842 8.70783 8.14862 0.00145799 -0.00101164 0.0028097 0.0033231859 0.0 13 16.4679068452 2.2748644219 0 0 1 5 2 2 3 0 0 0 0 7 
625 2 11.8914 2.21078 8.22221 0.00277146 -0.00161997 8.32661e-04 0.0033164164 0.0 15 13.9951657738 2.0015567712 0 0 1 0 10 3 1 0 0 0 0 7 
285 2 11.4405 3.14375 5.18985 -0.00205943 3.57756e-04 -4.77624e-04 0.0021441469 0.0 13 13.5117838637 2.0385181368 0 0 1 0 9 3 0 0 0 0 0 6 
906 2 11.2011 6.1547 2.36806 4.44908e-04 0.00231238 -6.26743e-04 0.0024367706 0.0 13 15.5759677282 2.1349125777 0 0 1 3 4 4 1 0 0 0 0 7 
843 2 13.987 0.256385 3.57291 -0.00128804 0.00296435 -1.62458e-04 0.0032361722 0.0 12 13.8172295248 2.0734530956 0 0 0 3 6 3 0 0 0 0 0 6 
662 1 15.7826 4.20182 1.8409 -0.00143259 -0.00109391 -0.00407442 0.0044553172 0.0 13 22.4041002354 2.2502237851 0 0 0 4 4 5 0 0 0 0 0 6 
250 2 11.1137 26.4728 8.42205 -0.00248567 -0.00165314 -0.00133369 0.0032695804 0.0 14 12.1773143308 1.8220546442 0 0 0 3 6 5 0 0 0 0 0 6 
495 1 15.2495 1.63998 0.912666 -0.00447638 -0.00579473 4.25473e-04 0.0073347052 0.0 14 21.6681082245 2.3029331223 0 0 0 2 8 4 0 0 0 0 0 6 
668 2 10.7403 4.72024 6.83453 -0.00262994 5.21652e-04 0.00380837 0.0046575087 0.0 12 13.4352676691 2.0994813815 0 0 0 3 6 3 0 0 0 0 0 6 
336 2 9.07838 5.5047 1.24539 -3.2944e-04 8.94897e-04 0.0018735 0.0021022306 0.0 16 14.4336035428 2.0743535441 0 0 1 1 8 5 1 0 0 0 0 7 
537 1 10.443 8.61016 5.30757 9.24666e-04 -0.00471205 0.00133503 0.0049840473 0.0 16 24.4234242095 2.2761988561 0 0 0 3 8 3 2 0 0 0 0 7 
842 2 12.0587 5.65193 4.92986 0.00446623 0.0012503 0.0025706 0.0053026828 0.0 13 14.997652081 2.0711432638 0 0 0 5 2 6 0 0 0 0 0 6 
720 2 9.56998 5.11186 4.72367 5.43249e-04 -0.00108549 -3.07115e-04 0.0012520893 0.0 15 15.2456394758 2.1104255384 0 0 0 4 4 7 0 0 0 0 0 6 
309 1 14.5956 7.02342 1.13446 -9.00241e-04 2.28119e-04 0.00230307 0.0024832647 0.0 15 21.6704077737 2.1690793469 0 0 0 4 4 7 0 0 0 0 0 6 
637 2 12.9806 4.34302 7.05206 -0.00161792 5.86087e-04 -0.00307038 0.0035197154 0.0 13 12.7856421837 1.8748696083 0 0 0 2 8 3 0 0 0 0 0 6 
175 2 26.6735 1.84323 1.95977 0.00373892 0.00149838 0.00535964 0.0067045064 0.0 12 18.3740736337 2.227290951 0 0 0 2 8 2 0 0 0 0 0 6 
318 2 18.4443 3.7948 7.06925 0.00289287 -0.00191484 -1.90998e-04 0.0034744481 0.0 14 15.2980572162 2.2150826279 0 0 1 3 4 5 1 0 0 0 0 7 
216 1 26.3093 6.47438 26.0696 1.09186e-04 3.96494e-04 0.00152771 0.0015820957 0.0 12 18.5451641132 2.2369258087 0 0 1 3 4 3 1 0 0 0 0 7 
52 1 18.528 0.890912 5.79988 5.53718e-04 -0.00327919 0.00254026 0.0041848072 0.0 14 22.2751671336 2.3664042943 0 0 1 1 8 3 1 0 0 0 0 7 
968 1 18.3748 2.61813 1.45194 -5.00016e-04 9.21305e-04 5.95077e-04 0.0012053778 0.0 13 22.5428547967 2.3027270141 0 0 0 1 10 2 0 0 0 0 0 6 
793 2 21.2942 7.77309 6.38704 -7.71187e-04 -0.00635986 -7.05731e-04 0.0064452001 0.0 15 13.7828996851 1.9351701182 0 0 2 1 5 6 1 0 0 0 0 7 
127 2 24.9042 10.9909 8.14559 -0.00156427 7.25305e-04 -0.00118958 0.0020947813 0.0 14 14.2817516066 2.0634650028 0 0 2 0 8 2 2 0 0 0 0 7 
799 2 25.3373 6.02331 8.56634 0.0022789 7.68632e-04 -1.66807e-04 0.00241081 0.0 13 13.220925432 1.9810646924 0 0 0 3 6 4 0 0 0 0 0 6 
462 2 25.7975 25.2734 4.25797 -4.87634e-04 5.07194e-04 0.0012718 0.0014534469 0.0 13 18.4054800398 2.3097339061 0 0 1 0 9 3 0 0 0 0 0 6 
107 2 23.4048 4.49553 7.41883 0.00169995 0.00401137 0.00216377 0.0048644445 0.0 16 14.3692798223 2.0263050666 0 0 0 3 7 5 1 0 0 0 0 7 
880 2 19.0622 6.80888 7.03068 0.002256 0.0019868 -0.00294395 0.0042075827 0.0 14 12.4694152722 1.8974798556 0 0 1 2 6 4 1 0 0 0 0 7 
30 1 18.9058 26.7065 3.0264 -0.00222644 3.21995e-04 -6.87865e-04 0.0023524188 0.0 14 22.7761205789 2.3029331223 0 0 0 2 8 4 0 0 0 0 0 6 
523 2 21.4398 2.99878 7.08008 0.00303049 7.6721e-04 0.00165462 0.0035369829 0.0 16 18.6676417394 2.2526922468 0 0 2 2 5 5 1 1 0 0 0 8 
56 2 23.5069 6.74132 4.95095 0.00118855 1.58471e-04 -0.00296661 0.0031997717 0.0 13 14.3682568454 2.0263050666 0 0 1 3 4 4 1 0 0 0 0 7 
638 2 25.0641 4.66965 5.94633 -0.00224269 0.00187178 -9.90272e-04 0.0030844542 0.0 13 12.8565743799 1.9047549524 0 0 0 4 5 3 1 0 0 0 0 7 
617 1 23.0861 25.4913 5.89844 0.00102465 4.21287e-04 -3.97281e-04 0.0011769548 0.0 15 20.2732970479 2.3717186901 0 0 3 2 4 2 3 1 0 0 0 8 
244 1 24.6371 3.70208 1.00201 -0.00247776 -0.00253682 0.00132118 0.0037842129 0.0 15 22.6443651851 2.2369258087 0 0 1 4 3 5 2 0 0 0 0 7 
550 2 25.7049 8.48866 8.60732 2.4832e-04 6.66256e-04 -0.00157478 0.0017278576 0.0 14 13.4439158975 2.0678295225 0 0 1 4 4 2 3 0 0 0 0 7 
568 2 18.6299 9.01445 6.09624 -0.00133932 -8.40003e-04 0.00132259 0.0020612199 0.0 13 14.6884458796 2.1685798115 0 0 0 3 6 4 0 0 0 0 0 6 
258 2 23.4213 7.07316 7.27558 7.32364e-04 0.00196807 0.00293475 0.0036086582 0.0 13 13.0312933379 1.9808671689 0 0 0 5 2 6 0 0 0 0 0 6 
966 2 26.038 6.97407 6.05787 -5.80661e-04 -0.00105176 -0.00278381 0.0030319902 0.0 15 15.5985023015 2.1633000307 0 0 0 4 5 5 1 0 0 0 0 7 
85 1 18.5742 5.66864 2.02256 0.00106962 -0.00133963 -0.00516972 0.005446531 0.0 17 25.5939088028 2.2907094917 0 0 0 3 6 8 0 0 0 0 0 6 
636 2 26.1328 2.47094 6.81357 -0.00146101 -3.7073e-04 0.00112743 0.0018823096 0.0 12 12.4772114044 1.9414152837 0 0 0 0 12 0 0 0 0 0 0 5 
5 2 20.5395 5.07381 6.45512 0.00308409 -0.00198543 0.00267814 0.0045415831 0.0 15 16.3190923353 2.1565209393 0 0 0 4 5 5 1 0 0 0 0 7 
836 2 18.7854 7.0647 4.71864 -0.00361263 -4.01042e-04 -4.94523e-04 0.0036683079 0.0 13 16.0699136577 2.2033040506 0 0 0 5 3 4 1 0 0 0 0 7 
593 2 21.0422 6.41355 4.20989 -0.00123663 0.00122296 -6.69822e-05 0.001740509 0.0 14 19.296383387 2.2907094917 0 0 1 2 6 4 1 0 0 0 0 7 
437 1 21.5318 0.615757 4.58351 -1.33138e-04 0.00113063 -0.0029436 0.0031560784 0.0 16 23.5745926174 2.3394495243 0 0 1 4 5 2 4 0 0 0 0 7 
896 1 21.1232 3.82288 1.70317 -0.00118446 8.0383e-04 -0.00159686 0.0021445396 0.0 14 23.7891430165 2.3394495243 0 0 0 3 7 3 1 0 0 0 0 7 
665 2 23.5801 1.17573 7.56065 0.00359612 0.00269071 0.00119946 0.0046487314 0.0 13 16.0301421671 2.0307396414 0 0 0 1 10 2 0 0 0 0 0 6 
231 2 25.9747 0.462824 8.37746 8.29718e-04 -0.00408721 -0.00111898 0.0043180822 0.0 13 15.8535875546 2.1284640211 0 0 0 2 8 3 0 0 0 0 0 6 
19 1 21.033 0.803122 1.29119 0.00231719 -0.00153809 0.00508186 0.0057931331 0.0 14 22.98091237 2.2346685779 0 0 0 3 7 3 1 0 0 0 0 7 
691 2 23.2543 4.52337 4.07375 0.00144489 -0.00155069 0.00337475 0.0039851329 0.0 15 19.8008030828 2.3394495243 0 0 0 2 9 3 1 0 0 0 0 7 
339 1 19.7566 2.91113 4.24863 0.00304317 7.28435e-04 0.00196199 0.0036933597 0.0 16 24.1605175578 2.3321984084 0 0 1 2 6 6 1 0 0 0 0 7 
395 2 26.1511 3.08757 4.35017 -0.0049291 -0.0015634 8.48081e-04 0.0052401801 0.0 15 17.2095568321 2.2284090247 0 0 0 0 12 3 0 0 0 0 0 6 
781 1 23.8197 1.39704 2.53315 0.00107721 -9.7681e-04 -0.00158572 0.002151522 0.0 16 24.2537929297 2.3394495243 0 0 0 3 7 5 1 0 0 0 0 7 
704 1 23.2936 6.23176 1.69933 -9.63235e-04 -9.41227e-04 8.7211e-04 0.0016044643 0.0 16 23.4306732084 2.2680669319 0 0 0 4 6 4 2 0 0 0 0 7 
666 1 21.316 6.37457 26.4983 0.00182124 -0.0031197 0.00162187 0.003959786 0.0 15 23.1685739043 2.2907094917 0 0 1 3 5 4 2 0 0 0 0 7 
371 2 23.7532 2.65566 5.61167 0.00300352 -0.0016003 7.07432e-04 0.0034759966 0.0 12 15.9997824436 2.2039961763 0 0 2 2 4 2 2 0 0 0 0 7 
879 2 25.4179 0.516966 5.7602 -6.27013e-04 -0.0044177 0.00396773 0.0059709379 0.0 14 16.0133344716 2.2536333859 0 0 1 2 6 4 1 0 0 0 0 7 
940 2 25.4718 6.15382 3.84362 -0.00329991 0.00106113 0.00267444 0.0043781311 0.0 13 18.5952318445 2.2284090247 0 0 0 2 8 3 0 0 0 0 0 6 
358 1 6.29974 8.84604 1.13009 0.00216569 -0.00277574 -5.12757e-04 0.0035577894 0.0 14 23.1672082574 2.2419556444 0 0 0 2 8 4 0 0 0 0 0 6 
110 1 5.63462 16.531 5.43224 8.77063e-04 1.36625e-05 0.00228449 0.0024471046 0.0 16 23.0301422742 2.2796300095 0 0 0 4 5 6 1 0 0 0 0 7 
962 1 4.78211 9.02896 3.79425 0.00237643 0.00204407 0.00406475 0.0051330142 0.0 17 24.0992017767 2.2698585961 0 0 0 3 6 8 0 0 0 0 0 6 
470 2 1.833 11.7072 7.44771 -0.00125214 0.00124697 0.00148061 0.0023054272 0.0 14 18.0042289326 2.3745311883 0 0 2 2 5 2 3 0 0 0 0 7 
255 1 8.37964 17.3916 7.7109 -0.00168714 -0.00328084 -0.00278611 0.0046230684 0.0 14 21.5629824601 2.4624831524 0 0 0 4 4 6 0 0 0 0 0 6 
233 2 0.531119 10.0103 8.08247 8.88382e-04 -3.49878e-04 4.84806e-04 0.0010708287 0.0 15 14.0227480557 2.0949898365 0 0 1 3 6 3 1 1 0 0 0 8 
567 2 1.72259 16.5954 5.21582 0.00110372 -0.00200244 7.59785e-04 0.002409406 0.0 15 17.7676554355 2.3139967192 0 0 1 4 3 5 2 0 0 0 0 7 
452 1 6.85684 14.6011 2.16196 -0.00204458 0.00227644 0.00120686 0.0032892245 0.0 14 22.7890186771 2.2791995982 0 0 0 3 6 5 0 0 0 0 0 6 
97 1 3.59583 10.6094 1.52417 7.39398e-04 0.00175757 8.53249e-04 0.00208897 0.0 15 23.3676580879 2.344274539 0 0 0 2 8 5 0 0 0 0 0 6 
856 1 5.31976 11.0903 6.03668 1.79704e-04 -0.00211755 -0.00127011 0.0024757809 0.0 14 23.2643814985 2.2698585961 0 0 0 3 6 5 0 0 0 0 0 6 
859 1 2.5734 10.8646 4.69901 -0.00127289 0.00105044 -0.00204779 0.0026300413 0.0 15 22.1801689962 2.3482472663 0 0 1 4 6 1 1 2 0 0 0 8 
629 1 7.70289 12.2369 7.81345 0.00225784 8.23985e-04 -0.00303405 0.0038706914 0.0 14 21.7976104139 2.2938311949 0 0 0 3 6 5 0 0 0 0 0 6 
37 1 4.83595 12.5001 8.79031 -0.00105779 -0.00183551 -0.00437141 0.0048576993 0.0 14 23.8432918851 2.3106702034 0 0 0 3 6 5 0 0 0 0 0 6 
576 1 2.46031 15.862 0.766116 0.0037239 0.00169754 0.00254353 0.0048185701 0.0 16 25.9453931018 2.4044029676 0 0 0 4 7 2 3 0 0 0 0 7 
850 1 8.57226 16.26 4.75805 0.00269684 -0.00489455 0.00106965 0.0056897906 0.0 17 23.6303880604 2.2796300095 0 0 0 4 5 7 1 0 0 0 0 7 
692 2 0.355936 16.4586 3.11579 -0.00168538 -6.79073e-04 0.00149262 0.0023515017 0.0 15 21.1386812347 2.3262111751 0 0 1 3 6 3 1 1 0 0 0 8 
719 1 26.6574 9.88178 4.90399 0.0027089 -0.001058 -0.00403009 0.0049698218 0.0 17 23.368084473 2.4248554575 0 0 4 4 0 3 4 2 0 0 0 8 
598 1 0.568221 11.1105 1.85574 -0.00307505 -0.00212999 -0.00241546 0.0044527786 0.0 14 23.6096643107 2.4335799209 0 0 1 2 6 4 1 0 0 0 0 7 
914 1 4.86903 12.4996 3.49507 -0.00492871 0.00255964 1.27444e-04 0.0055551941 0.0 12 20.5899712738 2.2193326869 0 0 0 0 12 0 0 0 0 0 0 5 
757 1 4.15301 15.2276 3.30287 -0.00157756 -3.05782e-05 -6.80232e-04 0.0017182393 0.0 15 21.7889871674 2.4111074024 0 0 1 2 6 5 1 0 0 0 0 7 
472 1 1.86229 13.3671 3.19373 0.0049594 7.97893e-04 -8.12076e-04 0.0050883936 0.0 18 24.313884044 2.3745311883 0 0 3 3 3 5 2 2 0 0 0 8 
817 1 6.51668 9.48103 8.22023 0.00253237 0.00393549 8.48046e-04 0.0047560657 0.0 13 22.7094433815 2.3106702034 0 0 2 2 4 3 2 0 0 0 0 7 
764 1 6.52269 15.1108 7.92144 -3.06485e-04 0.00329909 0.00408833 0.005262354 0.0 14 21.7456008568 2.2131079309 0 0 0 3 6 5 0 0 0 0 0 6 
3 2 2.80241 9.19634 7.79751 -0.00122508 0.00404202 -8.33255e-04 0.0043050041 0.0 15 18.2728391856 2.3106702034 0 0 1 3 5 4 2 0 0 0 0 7 
187 2 26.5449 14.8378 5.25385 0.00144153 0.00321805 0.00289557 0.0045626944 0.0 12 14.2731754575 2.3139967192 0 0 1 4 2 4 1 0 0 0 0 7 
530 1 6.54359 11.7223 0.818695 -0.00320343 0.00221559 -0.00303937 0.0049405033 0.0 14 22.184932017 2.2520634104 0 0 0 3 6 5 0 0 0 0 0 6 
234 1 3.92834 13.4205 1.02716 -0.00439367 -0.00188428 -0.00166682 0.0050629177 0.0 12 19.8147010381 2.3234067978 0 0 1 2 5 4 0 0 0 0 0 6 
332 2 0.669873 14.2474 7.27636 -0.00385193 9.69828e-04 0.00122651 0.0041571935 0.0 14 14.6950882535 2.3721561942 0 0 1 3 5 3 2 0 0 0 0 7 
680 1 4.15261 13.8721 6.12465 0.00275345 9.80174e-04 0.00125957 0.0031825689 0.0 17 24.1668687409 2.3745311883 0 0 3 2 4 4 3 1 0 0 0 8 
106 2 0.759105 16.8836 7.45924 -9.55558e-04 1.94329e-05 -3.8257e-05 9.565209496e-04 0.0 13 16.7760347033 2.3398805939 0 0 0 1 10 2 0 0 0 0 0 6 
561 2 3.16934 17.7874 7.14234 -0.00212569 -9.00339e-04 -8.05901e-04 0.0024451267 0.0 13 15.7133680957 2.2021968756 0 0 4 1 2 2 4 0 0 0 0 7 
28 1 7.03146 13.732 4.99762 0.00201944 0.00298366 -0.00148868 0.0038982731 0.0 13 21.0206380174 2.2180153724 0 0 0 1 10 2 0 0 0 0 0 6 
235 1 7.74984 10.4927 3.07889 0.00150545 8.7259e-04 -3.45263e-04 0.0017739785 0.0 15 23.2270710608 2.2193326869 0 0 0 1 10 4 0 0 0 0 0 6 
136 2 2.7639 15.3408 8.31211 0.00224821 -0.00329266 0.00178582 0.0043686624 0.0 16 20.9041194964 2.2131079309 0 0 1 5 3 4 2 1 0 0 0 8 
807 1 7.5075 8.9452 5.53758 0.00186037 -1.30595e-04 5.607e-04 0.0019474127 0.0 12 22.5723853945 2.2938311949 0 0 0 2 8 2 0 0 0 0 0 6 
983 1 9.13204 14.4537 6.74071 -8.36102e-04 -1.82596e-04 1.95624e-04 8.7788188442e-04 0.0 13 19.0459337064 2.4559038158 0 0 2 2 4 3 2 0 0 0 0 7 
535 1 10.0773 9.27079 8.55897 -0.00175886 1.24507e-05 -6.51171e-04 0.0018755712 0.0 19 27.2607085857 2.2938311949 0 0 0 3 7 8 1 0 0 0 0 7 
841 1 15.2436 17.3934 7.60101 0.00297864 -3.49747e-04 -7.74646e-04 0.0030975306 0.0 13 21.5388386895 2.2710680746 0 0 0 4 4 5 0 0 0 0 0 6 
788 2 16.8902 12.1813 8.43215 0.00258215 -0.00200801 2.51228e-04 0.0032806582 0.0 15 19.6866007626 2.3869262704 0 0 2 4 1 5 3 0 0 0 0 7 
565 2 19.0158 13.373 7.69477 0.00439331 2.81866e-04 -0.00128211 0.0045852402 0.0 14 17.4069136333 2.1914593591 0 0 0 4 4 6 0 0 0 0 0 6 
923 1 17.7243 17.9832 6.00444 -0.00631483 0.00397147 5.40471e-04 0.0074794225 0.0 15 21.8767549572 2.3297014132 0 0 0 3 6 6 0 0 0 0 0 6 
990 2 13.3274 11.0832 8.35055 -3.68661e-04 -0.0016703 0.00173168 0.0024340355 0.0 15 20.2160328146 2.3869262704 0 0 2 2 6 3 1 0 1 0 0 9 
382 1 13.4494 16.6014 4.89596 -0.00682273 -6.35638e-04 -0.0022637 0.0072165101 0.0 16 22.2780339759 2.3720416362 0 0 2 4 1 6 3 0 0 0 0 7 
128 1 11.5591 14.1116 5.25585 0.00192676 1.72372e-04 -9.87973e-06 0.0019344802 0.0 13 21.6803717575 2.3297447342 0 0 1 2 5 5 0 0 0 0 0 6 
804 1 10.9247 16.7704 6.49718 -0.00273833 0.00282849 9.11404e-04 0.0040409732 0.0 15 21.8628034089 2.4624831524 0 0 1 3 5 4 2 0 0 0 0 7 
803 1 14.5241 9.71464 26.5297 0.00637093 -0.00246765 0.00149344 0.0069934547 0.0 13 22.30624437 2.281645478 0 0 0 1 10 2 0 0 0 0 0 6 
909 1 11.5875 14.9252 0.576458 -0.00318934 -6.44767e-04 -0.00546516 0.0063604707 0.0 15 20.5684816638 2.412644085 0 0 1 3 6 2 3 0 0 0 0 7 
55 1 13.4081 14.9084 7.44368 -0.00272803 -0.00267653 3.72655e-04 0.0038399 0.0 13 22.2813040148 2.3869262704 0 0 2 2 4 3 2 0 0 0 0 7 
353 1 16.7559 15.0719 6.42849 -9.81976e-05 -0.00465235 9.1501e-04 0.0047424937 0.0 14 23.9767374824 2.3627638668 0 0 0 5 3 5 1 0 0 0 0 7 
656 1 14.4675 12.7153 5.80731 -0.00138185 -0.00130066 0.00184828 0.0026490309 0.0 16 24.4243752566 2.3801229331 0 0 3 1 5 3 4 0 0 0 0 7 
918 1 11.2951 16.3244 3.0047 8.76507e-04 8.58777e-04 0.00474467 0.0049007811 0.0 14 20.9529211705 2.1400025764 0 0 0 3 6 5 0 0 0 0 0 6 
840 1 9.21663 16.3445 1.18299 -0.001478 9.07001e-04 0.00409326 0.0044454372 0.0 14 21.3703160969 2.3763849823 0 0 1 1 8 3 1 0 0 0 0 7 
911 1 16.2341 16.1607 3.36821 -0.00351224 -6.71976e-04 -0.00178525 0.0039968111 0.0 15 22.2220444844 2.3720416362 0 0 1 2 6 5 1 0 0 0 0 7 
367 1 9.50679 13.4326 2.89064 -8.8091e-04 0.00125229 2.44575e-05 0.001531284 0.0 17 24.7209743483 2.2239803387 0 0 0 3 6 8 0 0 0 0 0 6 
697 1 13.2219 18.0943 2.25696 -0.00389417 -1.11608e-04 -0.00224988 0.004498775 0.0 17 20.7826811941 2.240334465 0 0 3 4 3 2 2 3 0 0 0 8 
357 1 12.6525 12.8161 2.92916 -0.00337269 -5.18183e-04 -0.00162699 0.0037802973 0.0 13 21.8749476031 2.3613469402 0 0 1 3 4 4 1 0 0 0 0 7 
509 1 10.6777 10.4277 2.78076 -5.16836e-04 2.00535e-04 7.38888e-04 9.2373654992e-04 0.0 12 22.8880924682 2.3151427832 0 0 0 2 8 2 0 0 0 0 0 6 
366 1 14.5346 10.5656 2.81735 6.51469e-05 -0.0015731 -0.0016091 0.002251242 0.0 17 22.5094322063 2.3151427832 0 0 0 1 10 6 0 0 0 0 0 6 
924 1 13.8766 15.2958 2.06571 9.0655e-04 -3.6736e-04 -0.00230603 0.0025049073 0.0 14 19.5345866603 2.3636715442 0 0 2 0 8 2 2 0 0 0 0 7 
17 1 14.4452 12.588 0.507378 0.00574755 -0.00533673 -4.3565e-04 0.0078552409 0.0 12 19.1829198135 2.2641877436 0 0 0 2 8 2 0 0 0 0 0 6 
352 1 10.79 12.6048 7.74316 0.00259316 -6.11184e-04 -4.81026e-04 0.0027072884 0.0 15 22.5759604984 2.337037059 0 0 2 2 5 3 3 0 0 0 0 7 
84 1 16.9439 14.5035 0.892036 4.87246e-06 6.7075e-04 -8.51195e-04 0.0010837261 0.0 15 20.4743806911 2.1867294339 0 0 1 1 8 4 1 0 0 0 0 7 
553 1 14.5459 9.64426 5.63397 -4.46628e-04 0.00171614 -6.1869e-04 0.0018781348 0.0 18 22.0465096698 2.2780950078 0 0 0 3 7 7 1 0 0 0 0 7 
312 1 12.0637 8.7535 0.749434 4.41286e-04 9.35877e-04 -0.00151519 0.0018347751 0.0 14 22.8972371457 2.3151427832 0 0 0 2 8 4 0 0 0 0 0 6 
574 1 8.9099 11.7285 5.43426 -0.00316834 -0.00639147 -0.00119784 0.0072335391 0.0 13 22.0130719348 2.2938311949 0 0 0 3 6 4 0 0 0 0 0 6 
276 1 15.7417 13.0865 3.03259 0.00361486 -0.00625336 -7.35787e-04 0.0072603792 0.0 14 20.7588040218 2.3720416362 0 0 1 3 4 5 1 0 0 0 0 7 
147 1 16.838 11.1726 0.756839 0.00191508 9.36432e-04 9.38164e-04 0.0023290745 0.0 13 20.0844071405 2.2439785831 0 0 0 1 10 2 0 0 0 0 0 6 
926 1 12.0074 11.0253 5.36456 -9.80062e-04 0.00213137 2.87273e-04 0.0023634266 0.0 14 22.3578879622 2.2437647525 0 0 0 3 6 5 0 0 0 0 0 6 
805 1 17.0829 11.8104 5.21108 -6.28871e-04 6.44198e-05 -0.00112681 0.0012920253 0.0 15 21.6270548412 2.2811754596 0 0 0 4 4 7 0 0 0 0 0 6 
198 1 17.3447 9.61699 3.30252 0.00256507 0.00553528 -0.00300785 0.0068019167 0.0 15 21.1023141779 2.2811754596 0 0 0 4 5 5 1 0 0 0 0 7 
732 1 17.7366 16.4921 8.81955 0.00204356 7.12827e-04 7.61479e-05 0.0021656542 0.0 13 21.3939715158 2.414275652 0 0 0 1 10 2 0 0 0 0 0 6 
368 1 25.1155 17.122 0.254705 0.00648605 7.39902e-04 1.23063e-04 0.0065292759 0.0 15 24.1866238557 2.3363144881 0 0 0 4 4 7 0 0 0 0 0 6 
603 1 26.0904 14.1157 0.826142 0.00107102 5.94944e-04 0.00222286 0.0025381388 0.0 13 22.89782879 2.246678876 0 0 0 3 6 4 0 0 0 0 0 6 
503 2 23.3861 12.1056 6.92372 0.00318769 0.0015713 0.00265281 0.0044348339 0.0 13 11.9922278417 1.9523019999 0 0 1 2 6 3 1 0 0 0 0 7 
715 1 22.6551 18.1217 6.93868 0.00403312 -0.00414604 0.0026344 0.0063557665 0.0 15 22.609501088 2.2476760331 0 0 2 4 2 4 2 1 0 0 0 8 
941 2 17.0809 9.69896 7.85202 0.00193628 -0.00174629 -4.20749e-04 0.0026411624 0.0 15 15.5742701184 2.270047766 0 0 1 4 3 5 2 0 0 0 0 7 
890 1 22.1464 16.6533 4.27572 -0.00268198 8.08344e-04 -8.8093e-04 0.002936405 0.0 17 24.6554352211 2.4130537748 0 0 1 2 7 5 2 0 0 0 0 7 
551 2 19.4749 10.9097 7.28325 0.00163194 0.00454975 -0.00210195 0.0052708298 0.0 14 13.1210430669 2.029834923 0 0 3 2 3 3 2 1 0 0 0 8 
363 1 23.3565 14.9764 0.226546 2.86172e-04 2.11782e-04 -0.00104398 0.0011030142 0.0 14 21.9104560015 2.3325533263 0 0 2 2 4 4 2 0 0 0 0 7 
212 2 22.4379 9.30348 8.24257 0.00195648 -2.2803e-04 1.13036e-04 0.0019729645 0.0 16 13.7885917098 1.9724728849 0 0 1 2 7 4 2 0 0 0 0 7 
139 1 19.7831 16.034 6.11945 0.00542873 0.00170287 -0.00360138 0.0067335588 0.0 14 21.526747018 2.4079153705 0 0 1 4 3 4 2 0 0 0 0 7 
65 2 21.512 10.831 6.30708 -0.00165889 0.00339149 0.00280967 0.004706205 0.0 13 12.246257418 1.8752882165 0 0 1 3 4 4 1 0 0 0 0 7 
493 1 18.6549 16.789 0.656317 -5.17514e-04 -1.84091e-04 0.0022648 0.0023304569 0.0 16 21.7272352788 2.3843097146 0 0 1 4 4 5 1 1 0 0 0 8 
360 2 26.4818 12.5343 6.01919 0.00132652 -1.98705e-04 -6.14508e-04 0.0014753844 0.0 16 16.7601763647 2.3745311883 0 0 2 4 2 4 4 0 0 0 0 7 
738 1 19.2364 17.0383 3.40107 6.55151e-04 0.00412268 0.00459774 0.0062100665 0.0 13 23.4457086664 2.3843097146 0 0 1 4 4 2 1 1 0 0 0 8 
564 2 23.9035 9.38304 6.53283 4.35576e-04 -0.00431477 -0.00251201 0.0050117024 0.0 16 15.2300335608 2.0678295225 0 0 3 3 2 3 5 0 0 0 0 7 
314 2 19.7661 11.2135 4.50159 0.00115143 4.98527e-04 -0.00118341 0.0017247549 0.0 12 17.1795077548 2.3422683142 0 0 0 4 4 4 0 0 0 0 0 6 
210 1 24.3955 11.4639 0.7713 0.00464386 -0.00217812 -0.00322778 0.00606038 0.0 16 23.1594183464 2.4335799209 0 0 1 2 6 6 1 0 0 0 0 7 
261 2 23.573 8.94676 3.75739 0.00168051 0.00249798 -9.19126e-04 0.0031478263 0.0 17 20.627845 2.4335799209 0 0 1 4 4 5 3 0 0 0 0 7 
270 2 25.5638 12.8218 3.59039 0.00289639 0.00780218 -0.00166245 0.0084868621 0.0 15 19.3567604395 2.4335799209 0 0 2 2 5 3 3 0 0 0 0 7 
681 2 23.581 11.1752 4.88382 2.65446e-04 -0.0020185 -0.00106029 0.0022954343 0.0 14 15.3761875757 2.3114796529 0 0 2 4 2 2 4 0 0 0 0 7 
828 1 21.9993 17.3207 1.08181 -0.00101085 -3.85685e-04 -0.00237746 0.0026120656 0.0 14 22.7993524438 2.3363144881 0 0 1 2 6 4 1 0 0 0 0 7 
562 1 25.8136 8.26936 1.50091 -8.10455e-04 5.13237e-04 -0.00151445 0.0017927098 0.0 13 23.3719988693 2.3938380155 0 0 0 4 4 5 0 0 0 0 0 6 
485 2 22.2929 14.3182 7.21169 -0.00354344 0.00117257 0.00237898 0.0044261081 0.0 15 16.964052281 2.2393300642 0 0 2 1 6 4 2 0 0 0 0 7 
372 2 24.4509 14.8708 3.28344 -0.001776 0.00135829 0.00155629 0.0027241818 0.0 14 19.1536240135 2.2718989576 0 0 0 5 3 5 1 0 0 0 0 7 
92 1 18.2422 14.178 4.08408 -0.00150396 -8.11662e-04 -0.00131178 0.0021544042 0.0 16 23.5433294178 2.4130537748 0 0 1 4 3 6 2 0 0 0 0 7 
992 1 20.5328 14.7077 1.47692 0.00206509 7.26315e-04 2.25666e-04 0.0022006943 0.0 15 24.1238344068 2.4130537748 0 0 1 4 2 7 1 0 0 0 0 7 
15 2 21.1433 9.1893 4.59029 -0.00215288 7.91231e-04 -5.52447e-04 0.0023592661 0.0 13 15.0800245819 2.1532882623 0 0 1 3 5 2 2 0 0 0 0 7 
411 1 21.7543 12.1089 0.153708 -7.49358e-04 0.00474731 -0.0032655 0.005810506 0.0 13 20.338932472 2.265881489 0 0 0 3 6 4 0 0 0 0 0 6 
466 2 22.539 13.563 3.73119 4.15701e-04 0.00207064 -0.00260788 0.0033558003 0.0 17 20.5872172562 2.4130537748 0 0 3 4 3 2 3 1 1 0 0 9 
259 1 22.6458 9.25296 0.657683 0.0033151 -0.00216233 -0.00104893 0.0040946078 0.0 13 22.548404999 2.2535843575 0 0 0 3 6 4 0 0 0 0 0 6 
236 2 24.4141 13.9506 5.98426 0.00141637 -3.22816e-04 -0.00278274 0.0031391012 0.0 14 14.1924387768 2.2241688346 0 0 1 3 4 5 1 0 0 0 0 7 
129 2 21.0461 12.3426 8.26707 0.00131694 5.16775e-06 0.00161064 0.0020805093 0.0 14 12.4593935086 1.8817403978 0 0 1 2 6 4 1 0 0 0 0 7 
559 2 20.8134 12.9681 5.74175 -8.86008e-04 2.0564e-04 -0.00100132 0.0013527526 0.0 15 16.5531441568 2.3918854026 0 0 2 3 4 4 1 0 1 0 0 9 
354 2 25.0967 15.8945 7.33485 -0.00208408 -0.00279935 -0.00439486 0.005612 0.0 14 17.5158843964 2.2393300642 0 0 1 3 4 5 1 0 0 0 0 7 
429 2 25.1252 13.5767 8.28544 6.27412e-04 0.00219809 0.00115292 0.0025601699 0.0 13 12.296756672 1.8752096327 0 0 1 0 9 3 0 0 0 0 0 6 
108 2 25.5451 16.9677 5.09561 -0.00432749 4.59201e-04 0.00143987 0.0045838042 0.0 15 19.5273691443 2.1828686655 0 0 0 2 8 5 0 0 0 0 0 6 
449 1 19.4446 11.9301 1.5831 -0.0022739 9.17334e-04 2.3059e-04 0.0024627819 0.0 15 21.9448847206 2.3422683142 0 0 0 3 6 6 0 0 0 0 0 6 
132 2 21.994 11.2457 3.11467 -4.70938e-04 0.0026973 0.00296649 0.0040369881 0.0 14 18.2391202651 2.1946617654 0 0 2 2 5 3 1 1 0 0 0 8 
951 1 19.986 8.55949 2.00609 -3.03713e-05 6.47294e-04 6.30722e-04 9.0427992324e-04 0.0 16 23.2511037978 2.2849092226 0 0 0 5 3 7 1 0 0 0 0 7 
158 2 2.79588 20.0605 1.94152 -0.00180093 0.00123187 -0.00188705 0.0028847548 0.0 14 17.383499933 2.3098147723 0 0 2 2 4 4 2 0 0 0 0 7 
765 2 7.09651 0.943383 2.95788 0.0031157 0.00305985 -0.00393481 0.0058781798 0.0 15 14.5118711038 1.891787142 0 0 1 2 7 3 2 0 0 0 0 7 
303 2 3.59527 26.0739 6.15084 7.60292e-04 9.03226e-04 0.00240015 0.0026748049 0.0 15 13.6192194328 1.9243898557 0 0 0 4 5 5 1 0 0 0 0 7 
183 2 7.38245 25.0624 4.36004 0.00372128 -3.21357e-04 -0.00560825 0.006738224 0.0 16 15.0932384179 1.9983100066 0 0 2 4 2 5 2 1 0 0 0 8 
111 2 6.05842 22.4995 8.0539 -0.00142883 0.00409449 -0.00114796 0.0044860022 0.0 14 13.1538542064 2.0962035847 0 0 0 3 6 5 0 0 0 0 0 6 
772 2 4.48471 22.9353 9.88125 0.00207298 9.58241e-04 0.00223733 0.0031970482 0.0 13 18.9704352466 2.2614759825 0 0 2 1 5 4 1 0 0 0 0 7 
600 2 0.987963 22.0054 6.60722 0.00188757 0.00310293 9.44776e-04 0.0037528252 0.0 12 15.4330601768 2.1627420546 0 0 2 2 3 4 1 0 0 0 0 7 
124 2 6.44742 17.8333 2.63516 -7.90032e-04 -0.0020642 0.00316687 0.0038618827 0.0 12 18.4536475271 2.4111074024 0 0 0 0 12 0 0 0 0 0 0 5 
230 2 8.75563 25.6922 7.68495 -1.80164e-04 1.62258e-04 0.00283095 0.0028413139 0.0 16 14.0451404582 1.9983100066 0 0 0 6 3 5 1 1 0 0 0 8 
269 2 4.9849 18.1125 8.10712 -0.00319812 6.70466e-04 -0.00166631 0.0036679811 0.0 14 18.5351373899 2.2131079309 0 0 1 2 7 2 2 0 0 0 0 7 
418 2 7.51603 25.3432 26.0264 0.00165007 0.00146533 -8.13763e-04 0.0023520487 0.0 13 12.8060020556 2.1432333574 0 0 1 1 8 2 1 0 0 0 0 7 
718 2 4.0582 18.0918 3.25525 0.00232967 8.58135e-04 -0.00100305 0.0026776608 0.0 16 19.0709330284 2.4088439305 0 0 4 0 6 3 1 1 1 0 0 9 
573 2 1.55752 24.6649 2.91084 -0.00136521 -8.61484e-05 -0.0042139 0.0044303694 0.0 15 15.2921462898 2.1776238113 0 0 0 3 6 6 0 0 0 0 0 6 
160 2 8.48921 19.2451 2.99928 -0.0031206 5.81292e-05 0.00135574 0.0034028744 0.0 14 14.0661393529 2.1400025764 0 0 0 4 4 6 0 0 0 0 0 6 
797 2 4.75789 20.5503 8.47252 0.0023395 0.00188365 -4.24472e-04 0.0030334096 0.0 15 16.8662828617 2.2480861756 0 0 1 3 4 6 1 0 0 0 0 7 
390 2 6.18784 25.199 7.51617 4.28573e-04 0.00172279 -0.00105076 0.0020629534 0.0 13 12.4904629139 1.9718120446 0 0 1 1 8 2 1 0 0 0 0 7 
852 2 3.24163 25.1403 0.785828 -0.00107804 -2.00267e-05 0.00246395 0.0026895392 0.0 13 12.9328921759 1.8781783439 0 0 1 4 3 3 2 0 0 0 0 7 
722 2 5.84733 21.8625 5.74096 4.86769e-04 -6.29721e-04 -3.0501e-04 8.5236359454e-04 0.0 13 13.0857225135 1.877026107 0 0 0 3 6 4 0 0 0 0 0 6 
126 2 1.47003 25.322 5.11332 -6.30515e-04 0.00141746 0.00109417 0.0018984072 0.0 14 12.9416352702 1.9243898557 0 0 0 4 5 4 1 0 0 0 0 7 
943 2 2.92462 23.2812 4.985 0.00309968 6.11012e-04 -0.00121663 0.0033854897 0.0 16 14.4176258642 1.8893928866 0 0 0 5 4 5 2 0 0 0 0 7 
866 2 1.62392 0.438986 0.708827 0.00198387 -0.00179232 -0.00516649 0.005817282 0.0 13 15.5945614413 2.1776238113 0 0 0 2 8 3 0 0 0 0 0 6 
808 2 1.80459 22.123 2.91452 9.39618e-05 0.00212381 -0.00207495 0.0029706591 0.0 13 15.3067475647 2.1821681494 0 0 1 2 5 5 0 0 0 0 0 6 
264 2 4.2758 26.5987 8.36523 0.00135352 0.00300965 -7.70623e-04 0.0033887858 0.0 12 13.0797369372 2.0603284641 0 0 0 0 12 0 0 0 0 0 0 5 
786 2 5.18358 24.2624 5.41733 0.0016585 -4.79951e-04 0.00502444 0.0053128121 0.0 13 13.2990723704 1.8575945466 0 0 0 3 6 4 0 0 0 0 0 6 
725 2 7.9323 21.5623 4.75173 -7.82682e-04 -0.00317314 -0.00196059 0.00381121 0.0 14 12.3848687235 1.8623582589 0 0 1 3 4 5 1 0 0 0 0 7 
935 2 8.07965 21.6026 7.50549 -9.3569e-04 2.61229e-04 -1.45273e-04 9.8227318556e-04 0.0 13 14.5886867706 2.0794071368 0 0 0 3 6 4 0 0 0 0 0 6 
214 2 1.9387 23.0632 0.679275 -0.00104398 -0.00309272 9.91689e-04 0.0034114892 0.0 14 16.9179309741 2.2982906084 0 0 1 3 4 5 1 0 0 0 0 7 
281 2 4.21126 19.7174 5.87516 -0.00245755 -0.00340551 0.00340101 0.0054040651 0.0 15 14.7736023133 2.0811484053 0 0 2 1 7 3 1 1 0 0 0 8 
729 2 5.05714 26.8157 3.94005 0.00326312 0.00401612 0.00149431 0.0053861057 0.0 13 13.6067854581 1.8876255227 0 0 1 3 5 2 2 0 0 0 0 7 
442 2 6.84097 0.301911 8.93198 9.60985e-04 1.90294e-04 0.00275799 0.0029268093 0.0 13 15.6129860477 2.2267920082 0 0 0 2 8 3 0 0 0 0 0 6 
295 2 1.5517 18.4955 3.56822 0.00279191 7.70237e-04 -8.62006e-04 0.0030217678 0.0 16 18.3586518193 2.3262111751 0 0 3 4 2 3 2 1 1 0 0 9 
616 2 5.72006 25.5382 1.28445 -0.00317931 0.00327296 -0.00106794 0.0046862325 0.0 16 14.5434322527 2.1432333574 0 0 1 4 5 3 2 1 0 0 0 8 
659 2 7.67048 23.7489 8.95523 8.01757e-04 0.00352719 0.0015095 0.0039194992 0.0 14 14.5736524532 2.1636420773 0 0 1 2 6 4 1 0 0 0 0 7 
401 2 4.03341 24.344 7.82034 -0.0015181 -0.00361153 0.00498502 0.0063402051 0.0 12 12.1956392138 1.9414409195 0 0 0 2 8 2 0 0 0 0 0 6 
776 2 2.30636 20.2277 7.5024 0.00105225 -0.00142574 -9.99179e-04 0.0020342869 0.0 13 16.5689333646 2.4817390377 0 0 1 2 5 5 0 0 0 0 0 6 
476 2 8.4307 25.4647 1.57456 0.00250125 6.74079e-04 -0.00361073 0.0044438728 0.0 14 14.1642833871 1.891787142 0 0 0 3 6 5 0 0 0 0 0 6 
740 2 8.10243 23.4633 2.83932 0.00101311 0.00192358 -0.0016681 0.0027402754 0.0 14 12.6622202391 1.9727809745 0 0 1 3 4 5 1 0 0 0 0 7 
278 2 6.42309 19.4905 4.26477 0.0042906 -6.98301e-04 -0.00143232 0.0045769437 0.0 14 15.3000000906 2.2796300095 0 0 0 2 8 4 0 0 0 0 0 6 
748 2 2.0557 20.5622 5.01874 4.91647e-04 0.00157698 -0.00103133 0.0019473634 0.0 14 13.9381094468 2.053499084 0 0 3 2 2 4 3 0 0 0 0 7 
190 2 1.20529 18.6498 5.94521 -0.00336973 -0.00181026 0.00474061 0.0060914288 0.0 12 13.7696915454 2.1638797538 0 0 2 2 2 6 0 0 0 0 0 6 
999 2 7.86239 23.787 6.14218 -0.00180085 0.00222209 2.58041e-04 0.0028718165 0.0 16 13.7939584441 1.9983100066 0 0 1 4 5 3 2 1 0 0 0 8 
489 2 3.64212 22.1716 6.99242 -0.00224642 0.00542649 0.00115078 0.0059847716 0.0 14 13.5117905804 2.1082585194 0 0 0 2 9 2 1 0 0 0 0 7 
98 2 1.6679 24.0512 7.75665 0.00203006 4.28617e-04 -0.00161015 0.0026262976 0.0 14 15.6742426703 2.0910167175 0 0 0 4 4 6 0 0 0 0 0 6 
607 2 5.40432 20.3635 1.7018 -5.25513e-04 2.98094e-04 0.00286337 0.0029264162 0.0 14 13.7985347264 1.9968342363 0 0 0 1 10 3 0 0 0 0 0 6 
76 2 4.339 24.5124 3.20086 0.00154719 2.43484e-04 -9.52598e-04 0.0018331733 0.0 14 13.6328110765 1.9684202276 0 0 2 3 3 3 3 0 0 0 0 7 
257 2 6.71307 19.7572 6.92769 0.00418488 0.00256302 -1.35108e-04 0.0049092307 0.0 14 15.6355500752 2.2796300095 0 0 0 4 4 6 0 0 0 0 0 6 
428 2 5.89353 22.5916 3.28185 0.00343951 -0.00159204 8.76823e-04 0.0038901978 0.0 15 13.1670816061 1.9727809745 0 0 0 2 8 5 0 0 0 0 0 6 
825 2 4.04458 22.5837 1.68805 6.94213e-04 -0.00401389 0.00273517 0.004906567 0.0 15 12.1016703087 1.8893928866 0 0 2 2 6 2 2 1 0 0 0 8 
687 2 4.2213 20.8007 3.61688 -0.00296262 6.79834e-04 -0.00234484 0.0038389538 0.0 13 13.0408291457 1.8893928866 0 0 1 2 6 3 1 0 0 0 0 7 
768 1 17.2757 20.8389 5.17156 3.31934e-04 0.00203551 5.80323e-04 0.0021424883 0.0 13 22.4888562729 2.3635609644 0 0 0 2 8 3 0 0 0 0 0 6 
32 2 9.62548 26.147 3.99728 -0.00110217 -9.07282e-04 0.00149036 0.0020637617 0.0 16 14.6478786902 1.9983100066 0 0 0 4 6 4 2 0 0 0 0 7 
162 2 7.44616 21.4676 1.82423 -9.25222e-05 1.35974e-04 0.00185395 0.0018612307 0.0 12 12.2200858293 1.9324953237 0 0 0 4 4 4 0 0 0 0 0 6 
647 2 9.66038 21.4381 1.11515 -0.00228244 -0.00413807 0.00102124 0.0048348823 0.0 13 11.6458631397 2.0379631619 0 0 1 3 4 4 1 0 0 0 0 7 
293 1 14.6634 18.8783 4.77533 1.22734e-04 0.00111368 -2.50249e-04 0.0011480293 0.0 14 21.3619770319 2.2710680746 0 0 2 1 7 2 1 1 0 0 0 8 
791 2 12.0839 20.7294 1.62939 -0.00145129 -0.00533016 -9.83669e-04 0.0056111009 0.0 15 14.3862413894 2.2287547681 0 0 2 4 3 2 3 1 0 0 0 8 
634 2 8.9379 19.6581 5.56018 8.13895e-04 -0.00356376 0.00192446 0.0041311447 0.0 13 15.3979578129 2.278102597 0 0 0 5 2 6 0 0 0 0 0 6 
893 2 10.3043 23.2919 7.1104 7.96334e-04 0.00239991 -0.00162187 0.003004027 0.0 13 13.5570475243 2.0929908832 0 0 0 4 4 5 0 0 0 0 0 6 
273 1 10.2225 19.4706 8.29855 1.01817e-04 -0.00143843 -3.81046e-04 0.0014915239 0.0 14 19.9514943546 2.1344324849 0 0 0 3 6 5 0 0 0 0 0 6 
324 2 14.89 21.9754 2.77762 -0.00183431 0.00458225 -0.00211957 0.0053716185 0.0 16 18.7056701347 2.3670374333 0 0 1 4 5 4 1 0 1 0 0 9 
143 2 12.077 24.8093 0.214641 -0.00226342 0.00245401 0.00170219 0.0037473572 0.0 14 15.0216743779 2.214039772 0 0 0 3 7 3 1 0 0 0 0 7 
792 1 16.7572 22.2237 7.8475 -0.00128472 -0.00285164 9.48483e-04 0.0032683293 0.0 16 22.7266866991 2.4529999616 0 0 3 0 6 5 1 1 0 0 0 8 
43 1 15.6898 17.247 0.893261 -0.00175493 4.23e-05 -0.00188824 0.0025781813 0.0 13 20.2649667442 2.1794269368 0 0 1 2 6 3 1 0 0 0 0 7 
256 2 14.7738 24.0192 1.48619 -0.00269975 0.00108355 0.00294604 0.0041402756 0.0 14 16.9871450196 2.414662245 0 0 1 5 1 5 2 0 0 0 0 7 
483 2 15.0164 24.4845 6.73576 -0.00288887 -0.00165046 0.00156702 0.0036776541 0.0 13 16.3301609739 2.4695429219 0 0 0 2 8 3 0 0 0 0 0 6 
947 1 16.5599 19.1935 2.76968 -0.00272817 -0.00445979 -0.00242938 0.0057649393 0.0 13 22.3312240061 2.3743977439 0 0 0 2 8 3 0 0 0 0 0 6 
207 1 17.8039 23.6734 0.763579 -4.674e-04 -0.00165056 -0.00193794 0.0025881311 0.0 15 23.4128324811 2.4337019534 0 0 0 4 5 5 1 0 0 0 0 7 
386 2 10.7767 26.0724 1.78632 -0.00293817 6.73878e-05 -0.00417742 0.0051076631 0.0 11 12.3259112611 1.9341861943 0 0 0 2 8 1 0 0 0 0 0 6 
811 2 15.797 25.8211 2.79466 -6.81713e-04 -0.00292662 5.28556e-06 0.0030049734 0.0 11 17.5697408415 2.3029331223 0 0 0 2 8 1 0 0 0 0 0 6 
26 2 10.1922 21.4381 5.92617 0.00295974 0.00442726 0.00133733 0.0054908236 0.0 13 13.458139973 2.0598756513 0 0 0 3 6 4 0 0 0 0 0 6 
754 2 13.3568 26.4178 5.74433 0.0026354 -0.0045744 -0.00230668 0.005761184 0.0 16 14.2383320823 2.0342891553 0 0 2 2 5 5 1 1 0 0 0 8 
545 2 10.2993 23.7285 2.02446 -4.34537e-04 -5.40609e-04 7.83574e-04 0.0010464553 0.0 14 12.7428286572 1.8373567772 0 0 0 1 10 3 0 0 0 0 0 6 
202 2 12.1513 25.0805 3.45872 -0.00212383 -9.78523e-04 -9.1791e-04 0.0025121146 0.0 14 13.0421817404 1.8460104847 0 0 1 2 7 2 2 0 0 0 0 7 
676 2 14.5015 22.299 5.32135 -8.53204e-04 -0.00176652 1.77506e-04 0.0019697864 0.0 13 17.7561552489 2.1580716925 0 0 0 2 8 3 0 0 0 0 0 6 
102 2 12.0802 21.1347 4.22873 0.00292477 0.00332175 1.06768e-04 0.0044271551 0.0 13 16.3706400632 2.240334465 0 0 0 3 6 4 0 0 0 0 0 6 
760 2 12.3343 23.6328 5.41688 0.00104119 -0.00260273 -0.00142851 0.0031462551 0.0 13 12.2327782124 1.7997776732 0 0 0 1 10 2 0 0 0 0 0 6 
53 1 12.4695 19.1281 6.33811 -0.00287958 -0.00124871 0.00263803 0.0041000561 0.0 15 21.440031291 2.2799016262 0 0 1 4 3 5 2 0 0 0 0 7 
141 2 12.5775 22.9682 2.51739 -0.00111934 6.03045e-04 -0.00134014 0.0018473117 0.0 16 13.2278182576 1.8528708774 0 0 2 3 3 5 3 0 0 0 0 7 
620 2 12.5017 22.285 7.40837 0.00327532 -0.00333353 -3.32888e-04 0.0046851849 0.0 17 18.7566157565 2.248625496 0 0 0 2 8 7 0 0 0 0 0 6 
689 2 12.732 24.5874 7.512 0.00167672 0.00419915 7.1144e-04 0.0045771604 0.0 12 12.5103310613 1.9632548472 0 0 0 2 8 2 0 0 0 0 0 6 
830 1 14.9438 20.1856 7.49034 0.00227008 -6.49914e-04 -0.00116907 0.0026348389 0.0 13 21.126509001 2.2932782694 0 0 0 2 8 3 0 0 0 0 0 6 
514 2 10.1662 19.2435 1.42469 -0.00179953 0.00301499 -3.60763e-04 0.0035296774 0.0 13 15.8987447414 2.0596341785 0 0 1 3 5 2 2 0 0 0 0 7 
290 2 9.69179 21.3687 3.25028 -1.85452e-04 5.26217e-04 0.00532582 0.0053549655 0.0 14 11.5217911589 1.8169706538 0 0 0 4 4 6 0 0 0 0 0 6 
385 2 10.5729 19.312 3.97919 0.00144076 -8.75494e-04 0.00431375 0.004631492 0.0 14 16.3662037806 2.1645088667 0 0 1 4 3 4 2 0 0 0 0 7 
79 2 9.9928 23.4027 4.55076 0.00274314 -0.00153168 -6.50981e-04 0.0032085257 0.0 14 13.100798462 1.9113673983 0 0 1 3 4 5 1 0 0 0 0 7 
432 2 14.5032 24.3596 4.18039 9.82508e-04 -0.00194076 0.00338762 0.0040258962 0.0 13 13.5209875118 1.9300861782 0 0 0 2 8 3 0 0 0 0 0 6 
712 2 10.9759 25.2611 6.05889 0.00489814 -9.27831e-04 -4.91318e-04 0.0050093951 0.0 14 12.4311090352 1.9971089969 0 0 1 3 5 3 2 0 0 0 0 7 
482 2 8.27563 0.685257 5.38045 -0.00166793 -8.26368e-04 0.00403116 0.0044401718 0.0 15 14.3427988261 1.9927095662 0 0 3 2 2 6 1 1 0 0 0 8 
467 2 16.0565 26.2686 5.09294 -0.00212145 0.00154291 0.00424295 0.0049883611 0.0 14 17.9446188158 2.4695429219 0 0 0 2 9 2 1 0 0 0 0 7 
547 1 20.1649 17.9038 8.00049 -6.44795e-04 0.00244527 0.00106852 0.0027453308 0.0 13 19.7160144895 2.1649081185 0 0 1 0 9 3 0 0 0 0 0 6 
683 1 25.8548 22.8033 1.67575 0.00138634 -0.00167435 0.00195395 0.0029228936 0.0 15 22.8027940705 2.3097339061 0 0 1 3 5 4 2 0 0 0 0 7 
936 1 25.033 22.4285 7.80027 1.29325e-04 2.62038e-04 0.00318687 0.0032002389 0.0 15 21.3401189031 2.1926021987 0 0 1 4 4 4 1 1 0 0 0 8 
505 1 23.5197 22.6892 5.42415 0.00375646 -0.00169995 0.00292224 0.005053742 0.0 16 22.8274013031 2.36531008 0 0 2 4 3 4 1 2 0 0 0 8 
965 1 19.6712 24.7876 5.17226 0.00152471 0.00491498 0.00103256 0.005248614 0.0 16 24.2871528989 2.4638241202 0 0 3 1 5 4 2 1 0 0 0 8 
245 1 21.0884 19.6915 2.48037 0.00265263 0.00178746 -6.91572e-04 0.0032725725 0.0 13 23.2463990837 2.3843097146 0 0 0 1 10 2 0 0 0 0 0 6 
419 1 22.4968 20.6817 7.9374 -8.05914e-04 -0.00228769 0.00108332 0.0026564271 0.0 14 21.6176481558 2.2400611225 0 0 0 2 8 4 0 0 0 0 0 6 
298 1 25.6845 20.7539 4.15112 -0.00235464 -0.00261499 -9.82039e-04 0.0036533413 0.0 15 22.886092618 2.2568423873 0 0 0 3 7 4 1 0 0 0 0 7 
123 1 26.6345 20.0489 0.780173 -0.00129437 -0.00464226 -7.25483e-04 0.0048736329 0.0 16 24.5948670213 2.3262111751 0 0 1 2 5 8 0 0 0 0 0 6 
785 1 23.3276 21.7315 2.63921 -1.05107e-04 0.00262716 0.00161171 0.0030839303 0.0 14 22.1640846329 2.368175975 0 0 1 2 6 4 1 0 0 0 0 7 
384 1 20.3562 22.199 0.0726224 0.00638696 -0.00322843 1.43623e-04 0.0071579778 0.0 16 23.3470312817 2.368175975 0 0 1 4 5 2 4 0 0 0 0 7 
624 1 25.6636 19.7565 6.93904 -0.00278631 3.49068e-04 -8.71679e-04 0.0029402714 0.0 17 23.8242756325 2.4817390377 0 0 2 2 5 5 3 0 0 0 0 7 
217 1 20.5053 19.0731 5.23019 -0.00281138 3.61892e-04 -0.00121039 0.0030821855 0.0 14 20.5152449905 2.3705295743 0 0 0 1 10 3 0 0 0 0 0 6 
41 1 23.0834 19.8519 4.82236 -0.00448474 -6.63335e-04 4.85617e-04 0.004559466 0.0 12 20.2676790325 2.145308239 0 0 0 0 12 0 0 0 0 0 0 5 
301 1 23.0375 23.1812 0.322483 -0.00142093 -7.4759e-04 -5.24035e-04 0.0016889481 0.0 12 20.3677201398 2.3242504642 0 0 0 3 6 3 0 0 0 0 0 6 
746 1 18.9647 24.4478 8.29401 -0.00187052 -0.00226625 0.00256236 0.003898772 0.0 18 24.8295132899 2.4904640542 0 0 0 8 3 3 1 3 0 0 0 8 
400 1 23.1282 25.0501 2.69639 3.95501e-04 8.88008e-04 0.00125829 0.0015900544 0.0 15 24.7650505221 2.3717186901 0 0 0 4 5 5 1 0 0 0 0 7 
920 1 24.3815 18.2875 2.65412 -0.00332173 0.00100354 -0.00321363 0.0047295243 0.0 14 22.4467720451 2.2183364626 0 0 1 1 7 5 0 0 0 0 0 6 
60 1 20.5847 22.0978 4.63134 -2.89062e-04 -0.00177816 0.00223489 0.002870565 0.0 16 24.8713079101 2.3717186901 0 0 1 3 5 5 2 0 0 0 0 7 
315 1 17.2361 19.7531 26.7674 0.00251975 -0.0032934 0.0018305 0.0045328086 0.0 15 23.8014266375 2.4337019534 0 0 3 2 3 4 2 1 0 0 0 8 
702 1 21.1151 26.278 7.61701 -0.00184991 0.0023472 -0.00154419 0.0033639319 0.0 15 20.9957674138 2.2526922468 0 0 1 1 8 4 1 0 0 0 0 7 
116 1 17.3988 23.4817 4.19095 6.11723e-04 -1.5562e-05 -0.00342895 0.0034831229 0.0 17 24.9371700699 2.4695429219 0 0 0 3 7 6 1 0 0 0 0 7 
338 1 25.2368 25.3684 0.550292 6.06966e-04 0.00256442 3.72566e-04 0.0026614776 0.0 16 23.7922676728 2.2989734904 0 0 1 2 7 4 2 0 0 0 0 7 
713 1 20.5187 24.6049 1.82262 -1.74723e-04 -0.0013754 6.25064e-04 0.0015208413 0.0 15 24.3964556455 2.368175975 0 0 0 5 4 4 2 0 0 0 0 7 
982 1 21.3409 23.2911 7.35724 -2.71848e-04 -7.11548e-04 -3.45461e-04 8.3638818376e-04 0.0 14 21.6205811292 2.4853120594 0 0 0 4 4 6 0 0 0 0 0 6 
9 2 26.4308 24.8794 6.53908 0.0045444 -3.65034e-04 -0.00181612 0.0049074548 0.0 14 16.6517573379 2.1048912702 0 0 1 2 6 4 1 0 0 0 0 7 
271 1 23.5416 19.8148 0.364038 0.00436176 0.00259143 0.00288347 0.0058356541 0.0 14 22.6484629603 2.255414276 0 0 0 1 10 3 0 0 0 0 0 6 
313 2 0.303534 23.2236 4.76067 -3.3814e-04 -0.00173801 -0.00179746 0.0025230695 0.0 13 15.4123888099 2.2852454303 0 0 0 3 6 4 0 0 0 0 0 6 
72 1 18.585 21.166 2.14903 -3.95548e-06 0.00128025 -0.00269118 0.0029801855 0.0 15 24.29159337 2.3843097146 0 0 1 3 5 4 2 0 0 0 0 7 
122 1 8.07637 7.61707 9.66636 -0.0012424 0.00261026 -0.00205354 0.0035459895 0.0 13 22.3306142713 2.2453924779 0 0 1 3 4 4 1 0 0 0 0 7 
867 1 8.27273 0.825102 15.3942 0.00220764 0.00238891 -0.00420377 0.0053152843 0.0 15 22.3767521312 2.441756974 0 0 0 7 2 2 4 0 0 0 0 7 
779 1 2.23888 26.7965 13.0688 0.00509297 0.00266546 -0.00224817 0.0061723001 0.0 15 22.6318083452 2.4788320459 0 0 0 4 5 5 1 0 0 0 0 7 
813 1 6.89133 4.17877 16.3537 -0.00236543 8.26753e-04 -7.17994e-04 0.0026065868 0.0 13 20.5453312995 2.2515368567 0 0 0 3 6 4 0 0 0 0 0 6 
319 1 7.75116 8.89683 15.3324 -0.00168174 0.00100272 -0.00437758 0.0047955087 0.0 16 22.6866494445 2.3028966408 0 0 1 1 9 3 2 0 0 0 0 7 
579 2 5.1114 2.32754 8.8083 2.00834e-04 6.35132e-05 -0.00287077 0.0028784872 0.0 13 17.8521355536 2.2430336593 0 0 0 1 10 2 0 0 0 0 0 6 
974 1 0.223323 8.29804 16.7494 0.00328045 0.0019313 -0.00444653 0.0058534521 0.0 13 20.1584564643 2.2797685068 0 0 0 1 10 2 0 0 0 0 0 6 
991 1 8.36013 0.640825 12.4259 0.00271301 8.94455e-04 7.63627e-04 0.0029569578 0.0 14 21.5233703748 2.2393138627 0 0 1 1 8 3 1 0 0 0 0 7 
75 2 1.49244 8.38263 10.2307 -5.59387e-04 0.00284514 -0.00334296 0.0044252816 0.0 15 17.0062797249 2.4332574912 0 0 0 3 7 4 1 0 0 0 0 7 
762 1 0.398786 2.49073 14.7431 -0.0028428 -0.00162816 5.59028e-05 0.0032765137 0.0 13 22.2518984993 2.3148832518 0 0 0 3 6 4 0 0 0 0 0 6 
479 1 6.05925 6.64545 17.7903 -0.00191369 -0.00272517 0.00108465 0.0035021745 0.0 15 21.1462194082 2.2689084071 0 0 0 0 12 3 0 0 0 0 0 6 
780 1 8.8776 5.46064 11.578 -0.00119276 -2.72161e-04 -0.00227095 0.0025795275 0.0 16 22.8487253523 2.2453924779 0 0 2 2 6 3 2 1 0 0 0 8 
341 2 3.0109 3.90475 8.98976 2.53696e-04 -0.00160319 0.00217816 0.0027164243 0.0 14 16.7116169099 2.3671761309 0 0 1 4 4 2 3 0 0 0 0 7 
910 1 4.10091 5.04792 15.2122 0.00141335 -0.00203223 5.42152e-04 0.0025340572 0.0 14 19.687172646 2.1321508883 0 0 0 1 10 3 0 0 0 0 0 6 
223 1 7.18525 3.09555 11.3051 -0.0012967 -0.00397652 0.00477543 0.0063481394 0.0 14 22.9382055335 2.2267920082 0 0 0 1 10 3 0 0 0 0 0 6 
698 1 2.12727 7.04456 14.4093 0.00468382 0.00197193 -0.00172954 0.0053682387 0.0 13 20.2191584507 2.4332574912 0 0 0 1 10 2 0 0 0 0 0 6 
975 2 1.00169 5.19814 10.0761 -0.00255658 0.00122283 0.0028162 0.0039952969 0.0 17 18.8508287597 2.4324589185 0 0 1 5 3 5 2 1 0 0 0 8 
20 1 5.03031 8.51333 10.4565 -6.78826e-04 -0.00385692 0.00372362 0.0054038859 0.0 14 21.9411823585 2.3106702034 0 0 0 4 5 4 1 0 0 0 0 7 
667 1 6.83826 8.33335 12.3586 -0.00329463 -1.14583e-05 -0.00169842 0.0037066627 0.0 15 22.7100582034 2.2453924779 0 0 0 1 10 4 0 0 0 0 0 6 
831 1 8.77385 6.31915 16.494 -0.00179142 -3.84794e-04 -5.48085e-04 0.0019124982 0.0 15 21.9339341918 2.3028966408 0 0 2 1 7 3 1 1 0 0 0 8 
277 2 0.00345441 2.61038 11.6234 5.52679e-04 -0.00178092 0.00478214 0.0051328348 0.0 16 19.9641732806 2.4725458085 0 0 2 1 6 6 0 1 0 0 0 8 
580 1 1.42754 4.88386 16.3133 -7.4251e-04 0.0020942 0.00186937 0.0029037112 0.0 14 20.9689992715 2.2636781474 0 0 0 2 8 4 0 0 0 0 0 6 
610 2 2.85443 1.05321 10.074 0.00454526 -0.00208089 0.00441929 0.0066723021 0.0 13 17.5408657068 2.4788320459 0 0 1 0 9 3 0 0 0 0 0 6 
560 1 6.22179 2.47873 14.228 9.46592e-05 0.00306863 -4.26439e-04 0.0030995646 0.0 14 22.1629893532 2.302456269 0 0 1 1 8 3 1 0 0 0 0 7 
533 1 6.52252 5.48854 13.8683 0.00141061 -0.00108925 -5.80192e-04 0.0018742756 0.0 15 23.0089602048 2.2689084071 0 0 0 0 12 3 0 0 0 0 0 6 
7 1 9.20164 3.12148 13.5839 0.00113426 0.00284155 2.0322e-04 0.0030663089 0.0 17 23.8830138128 2.441756974 0 0 1 2 7 5 2 0 0 0 0 7 
575 1 4.78251 1.85473 16.9037 -0.00446873 -0.00328508 -0.00246139 0.0060679271 0.0 15 21.5962253674 2.2999245712 0 0 0 5 3 6 1 0 0 0 0 7 
95 1 5.86888 5.71682 9.78288 0.00395138 7.1256e-04 -2.20182e-04 0.0040211473 0.0 17 24.3152516472 2.2430336593 0 0 1 2 7 5 2 0 0 0 0 7 
359 1 4.14654 6.49055 12.2959 9.06108e-04 2.29929e-04 -0.00173992 0.0019751508 0.0 13 20.6878422749 2.4058624708 0 0 0 1 10 2 0 0 0 0 0 6 
838 1 2.12285 4.63407 12.9784 0.00242773 -8.4936e-04 -8.30756e-04 0.0027028579 0.0 16 22.3557880319 2.4788320459 0 0 3 3 4 2 1 3 0 0 0 8 
801 1 4.96002 7.82414 14.5142 -2.86733e-04 0.00312481 0.00401944 0.0050992697 0.0 12 19.0029606947 2.2689084071 0 0 0 0 12 0 0 0 0 0 0 5 
152 1 3.35158 2.30885 14.5796 0.00327837 0.00456567 0.0026772 0.0062257893 0.0 14 21.6775003128 2.4649359876 0 0 1 2 6 4 1 0 0 0 0 7 
690 1 4.48422 3.74463 11.5624 0.00347721 -0.00229609 -0.00235909 0.004788353 0.0 16 23.0006602788 2.4788320459 0 0 1 3 6 4 1 1 0 0 0 8 
646 2 17.5496 7.35689 11.88 5.92288e-04 -0.00152302 -0.00299333 0.0034103401 0.0 14 12.38121853 1.9234288442 0 0 1 2 6 4 1 0 0 0 0 7 
115 2 12.742 2.78219 14.9389 0.00408251 -0.0019482 -0.00142825 0.0047436557 0.0 12 16.1147774396 2.436909119 0 0 0 3 6 3 0 0 0 0 0 6 
528 2 14.1117 6.49138 11.8042 6.87275e-04 -0.00152937 1.24654e-04 0.0016813263 0.0 15 13.5584953511 2.0280109632 0 0 1 3 6 2 3 0 0 0 0 7 
355 2 15.7731 7.62528 13.26 -0.00209401 -0.00102121 -0.00127706 0.0026568082 0.0 16 14.2043386813 2.2001723101 0 0 0 5 6 1 4 0 0 0 0 7 
459 2 11.3068 6.7006 9.71304 -0.00137032 -2.33228e-04 4.60758e-04 0.0014644009 0.0 14 17.7951024727 2.1225208161 0 0 1 2 5 6 0 0 0 0 0 6 
288 2 14.2571 4.09445 13.3568 -0.00432975 -8.83134e-04 -0.00327041 0.005497476 0.0 14 13.3661399601 1.9207365813 0 0 0 2 8 4 0 0 0 0 0 6 
488 2 11.8 5.59055 12.0394 -2.49364e-04 -0.00200824 0.00323723 0.0038177046 0.0 15 15.7422219844 2.0923184974 0 0 3 3 2 4 1 2 0 0 0 8 
497 2 12.9336 1.3268 10.1849 0.00248782 0.00320184 0.00209437 0.0045637061 0.0 14 12.7586505716 1.9397510421 0 0 0 2 8 4 0 0 0 0 0 6 
54 2 18.4958 3.44087 13.679 -1.35154e-04 -0.0010805 0.00270293 0.0029140311 0.0 14 14.4449752596 2.0170667921 0 0 0 3 6 5 0 0 0 0 0 6 
819 2 11.7644 0.925632 12.6175 9.92818e-04 0.00138507 -0.00630774 0.0065338878 0.0 16 18.5679953766 2.441756974 0 0 1 2 6 6 1 0 0 0 0 7 
790 2 16.6751 0.503657 15.2284 9.12384e-04 1.61239e-04 6.56583e-04 0.0011355808 0.0 14 18.0440948568 2.1420531512 0 0 2 2 3 6 1 0 0 0 0 7 
391 2 13.9947 3.89167 10.8474 6.13741e-04 0.00218373 0.00273073 0.0035499635 0.0 14 14.1764615555 2.0383360787 0 0 0 2 8 4 0 0 0 0 0 6 
969 2 16.1597 5.71816 10.3439 0.00108177 -0.00176121 0.00353673 0.0040964065 0.0 14 13.1288225136 1.9177480564 0 0 0 4 4 6 0 0 0 0 0 6 
82 1 11.1374 0.538137 16.8826 0.0016513 9.41239e-04 0.00271989 0.003318211 0.0 17 23.8546506615 2.441756974 0 0 0 5 3 8 1 0 0 0 0 7 
142 2 11.6654 7.15615 16.1178 -0.00414189 -0.00124531 0.003379 0.0054885053 0.0 15 16.287289538 2.353765209 0 0 2 2 6 3 0 2 0 0 0 8 
406 2 15.4171 1.6268 9.77976 0.00292067 1.38981e-04 8.6695e-04 0.003049792 0.0 16 14.5409305415 2.0077904085 0 0 3 3 2 5 1 2 0 0 0 8 
473 2 13.5956 0.662938 14.2903 0.0017196 4.50132e-04 -2.33383e-04 0.0017927941 0.0 13 17.8439855494 2.2925088357 0 0 0 4 4 5 0 0 0 0 0 6 
330 2 16.5309 3.406 15.2616 -8.3932e-04 -2.95274e-04 0.00222645 0.0023976498 0.0 13 12.9160076229 2.0638656437 0 0 1 2 6 3 1 0 0 0 0 7 
96 2 17.9338 5.73217 15.0637 -1.97735e-04 -0.00187023 0.00457155 0.0049432711 0.0 16 14.906896326 2.0125229121 0 0 1 3 5 5 2 0 0 0 0 7 
376 2 15.7252 8.0785 10.4356 -2.82579e-04 -0.00298373 -0.00183692 0.0035152199 0.0 13 11.9189202589 1.9096326336 0 0 1 3 4 4 1 0 0 0 0 7 
674 2 16.8665 3.60044 9.85871 -0.00522259 -0.00155779 0.00211825 0.0058471479 0.0 15 13.531890042 2.0383360787 0 0 2 2 3 7 1 0 0 0 0 7 
90 2 12.2583 3.31473 12.202 -1.22446e-04 -0.00159077 0.0018379 0.0024338074 0.0 13 13.8711636122 2.1230572551 0 0 2 1 6 3 0 1 0 0 0 8 
306 2 12.9821 6.37498 13.8798 1.47424e-04 -0.00329054 -0.00216519 0.0039417553 0.0 14 12.995852562 1.9633230682 0 0 1 2 5 6 0 0 0 0 0 6 
179 2 13.3057 7.57548 17.7622 -0.00302409 -0.00152991 9.05027e-04 0.0035078225 0.0 12 14.5003104595 2.1928187929 0 0 1 3 4 3 1 0 0 0 0 7 
650 2 13.9332 7.98537 15.4512 -7.96711e-04 0.0020701 -0.00140231 0.002624221 0.0 14 12.4217311999 2.0581472043 0 0 1 3 4 5 1 0 0 0 0 7 
337 2 14.1981 1.97565 12.286 0.00397779 0.0013047 0.00239459 0.0048227706 0.0 13 12.792845636 2.0152014516 0 0 1 2 6 3 1 0 0 0 0 7 
582 2 15.5744 7.67039 17.3937 -0.00672381 0.00240287 -2.17324e-04 0.007143573 0.0 15 15.1849300016 2.3089076371 0 0 0 3 7 4 1 0 0 0 0 7 
894 2 15.2613 6.17778 15.0395 -0.00282154 -1.03536e-04 0.00246439 0.0037476694 0.0 14 12.4933123766 1.8987853767 0 0 1 2 6 4 1 0 0 0 0 7 
69 2 16.316 5.12991 12.9395 3.14936e-04 -0.00394697 0.00158805 0.0042661059 0.0 14 14.5824437005 2.0383360787 0 0 0 2 8 4 0 0 0 0 0 6 
590 2 11.3153 8.22738 11.9442 0.00122891 -0.00170444 8.30177e-04 0.0022593206 0.0 15 16.978337763 2.2476138377 0 0 0 4 6 3 2 0 0 0 0 7 
614 1 9.41713 6.8569 14.0206 7.47893e-05 4.83379e-04 -0.00149224 0.0015703595 0.0 13 20.4711197505 2.2512331984 0 0 0 4 5 3 1 0 0 0 0 7 
775 2 13.1991 8.25667 10.5377 9.17216e-05 -0.0011844 4.89954e-04 0.001285018 0.0 15 14.3715528036 2.2399029277 0 0 2 4 2 3 4 0 0 0 0 7 
584 2 11.2764 4.73549 14.8454 -5.87017e-04 -0.00501217 6.17817e-04 0.0050841061 0.0 14 17.4079397475 2.1890758364 0 0 1 2 6 4 1 0 0 0 0 7 
884 2 14.7759 2.12491 15.8343 -0.00221426 0.00113654 2.2074e-04 0.002498679 0.0 14 15.3580950142 2.158624596 0 0 1 3 4 5 1 0 0 0 0 7 
569 2 10.5975 2.31871 10.4541 0.00101942 8.21267e-04 -9.64917e-04 0.0016262723 0.0 14 17.6403386232 2.1977261819 0 0 1 1 7 5 0 0 0 0 0 6 
433 2 13.5654 4.827 15.9789 -0.00200161 0.0019249 2.42847e-04 0.0027875899 0.0 15 13.1481726719 1.9064980304 0 0 0 4 5 5 1 0 0 0 0 7 
728 2 14.4939 26.1745 11.9915 -0.00152282 0.00420234 -0.00144152 0.0046964478 0.0 15 17.1344349933 2.0982943871 0 0 4 1 4 2 3 0 1 0 0 9 
496 2 16.372 2.44364 13.2022 6.24305e-04 6.79174e-04 -4.52211e-04 0.0010273893 0.0 16 13.9700840281 2.0383360787 0 0 0 5 3 7 1 0 0 0 0 7 
317 2 15.8707 4.88869 17.1345 0.00184903 9.26647e-04 -0.00197328 0.0028585697 0.0 13 15.9709001513 2.3020699706 0 0 0 2 8 3 0 0 0 0 0 6 
199 2 18.4264 1.8735 15.9803 -0.00151828 -0.00115279 0.00292308 0.0034897701 0.0 15 16.3000944599 2.2951639164 0 0 1 3 4 6 1 0 0 0 0 7 
673 1 9.42783 3.06393 16.7748 0.00134943 -0.00191284 -0.00263188 0.0035223161 0.0 13 21.3806931444 2.3483466283 0 0 1 2 5 5 0 0 0 0 0 6 
195 2 11.6354 5.17894 17.6588 0.00128196 0.00127926 -0.00391007 0.0043091269 0.0 12 15.357336929 2.1549930414 0 0 0 2 8 2 0 0 0 0 0 6 
591 2 9.40242 1.27588 8.45407 1.57579e-04 -0.00295955 0.00158688 0.0033618381 0.0 14 14.91756568 2.2267920082 0 0 0 2 8 4 0 0 0 0 0 6 
471 2 11.9256 4.16105 9.37789 0.0027586 0.00431373 0.00123002 0.0052660317 0.0 14 15.3969589021 2.0923184974 0 0 0 3 6 5 0 0 0 0 0 6 
778 2 22.0118 5.57582 16.6161 -0.00527561 -0.00109079 0.00394959 0.0066799061 0.0 15 17.6847287075 2.3021452173 0 0 1 3 5 4 2 0 0 0 0 7 
484 2 20.6484 1.21646 10.8231 0.00151922 1.7962e-04 9.68159e-04 0.0018104211 0.0 15 16.0436052671 2.2526922468 0 0 1 2 6 5 1 0 0 0 0 7 
684 1 23.5069 2.31765 16.3553 0.00140344 -0.00368638 1.77247e-04 0.0039484754 0.0 17 23.6300452623 2.3631527583 0 0 1 3 7 3 2 1 0 0 0 8 
741 2 22.4735 2.92685 11.6574 -0.00149275 9.2391e-04 0.00185516 0.0025541204 0.0 14 12.2998081435 1.8816386503 0 0 0 3 6 5 0 0 0 0 0 6 
35 2 19.8816 8.96435 11.6687 0.00159384 8.20327e-04 0.00158362 0.0023918852 0.0 14 12.7416290053 1.9524224281 0 0 2 2 5 2 3 0 0 0 0 7 
635 2 22.7191 0.650019 12.4202 -6.62233e-04 0.00117124 -0.00113811 0.0017622855 0.0 14 17.5204769391 2.1904300856 0 0 2 2 5 3 1 1 0 0 0 8 
907 1 26.4087 5.64925 14.0361 0.00136129 -0.00520633 -0.00130945 0.005538379 0.0 18 26.059806844 2.3916372511 0 0 0 2 9 6 1 0 0 0 0 7 
977 2 23.8707 7.60924 15.4582 -0.002587 -0.0018771 0.00118089 0.0034074293 0.0 15 16.6171057062 2.2797685068 0 0 1 4 3 5 2 0 0 0 0 7 
752 2 20.9332 1.23415 14.2698 5.46e-04 0.00209756 -6.29013e-04 0.0022568853 0.0 16 18.2452198374 2.189665968 0 0 1 2 9 1 2 1 0 0 0 8 
726 2 23.5827 7.86075 9.54997 -9.91671e-04 1.76311e-04 -0.00326829 0.0034199732 0.0 13 12.0916253412 2.0150408318 0 0 2 4 0 5 2 0 0 0 0 7 
425 2 25.1212 3.14153 9.52409 0.00217536 8.16584e-04 -4.01627e-04 0.0023580299 0.0 15 15.4325913001 1.9810646924 0 0 0 3 7 4 1 0 0 0 0 7 
362 2 22.6729 2.70005 9.13308 0.00271048 0.00222178 0.00109472 0.0036717053 0.0 12 13.0639019872 2.2299642146 0 0 2 1 4 5 0 0 0 0 0 6 
945 2 17.8307 7.44292 9.50544 0.00139523 0.00327426 6.2778e-04 0.0036140771 0.0 15 13.0823064479 1.8974798556 0 0 0 4 4 7 0 0 0 0 0 6 
201 2 19.0793 5.15582 8.70089 7.5424e-04 -0.0024063 -0.00123406 0.002807501 0.0 13 11.65783337 1.851511773 0 0 0 3 6 4 0 0 0 0 0 6 
477 2 18.4456 5.1943 11.221 0.00231189 -0.00110056 -4.62054e-04 0.0026018381 0.0 14 13.577670198 2.0337655427 0 0 0 3 6 5 0 0 0 0 0 6 
211 2 24.2905 2.8041 13.4272 0.00195101 0.00222888 -0.00362679 0.0046827291 0.0 15 19.5525686976 2.3916372511 0 0 2 2 5 4 1 1 0 0 0 8 
118 2 22.4266 8.11161 17.3873 0.00316619 -4.35405e-04 0.00236928 0.0039784198 0.0 13 16.2753798001 2.1614786845 0 0 1 3 4 4 1 0 0 0 0 7 
876 2 20.3258 3.19282 15.8847 0.00199142 -0.00361242 0.00194685 0.0045613109 0.0 12 16.0490641646 2.0934195468 0 0 0 2 8 2 0 0 0 0 0 6 
855 1 25.6176 26.633 14.0417 -0.00239932 -5.56957e-04 0.00274501 0.0036880913 0.0 14 22.8942783571 2.2269545926 0 0 0 3 6 5 0 0 0 0 0 6 
451 2 17.9046 4.00423 17.0931 -0.00264204 -0.0031098 2.82874e-04 0.004090385 0.0 14 16.3263491414 2.343858891 0 0 0 4 5 4 1 0 0 0 0 7 
643 2 20.9554 6.6544 8.75912 -0.00381977 0.0031148 -0.00215876 0.0053807868 0.0 14 14.3763531317 2.0246818159 0 0 0 3 6 5 0 0 0 0 0 6 
6 2 26.6787 8.64383 12.3834 0.00337364 -0.00126571 -2.78181e-04 0.0036139803 0.0 14 17.1402478849 2.4332574912 0 0 2 2 4 4 2 0 0 0 0 7 
588 2 0.661118 0.29728 10.5734 0.00214837 1.20197e-04 0.00290189 0.0036126038 0.0 12 15.73129154 2.2208946895 0 0 1 2 6 2 1 0 0 0 0 7 
783 2 22.3056 9.45795 14.9859 -0.00373952 -0.00415299 0.0012053 0.0057169996 0.0 13 13.1561667959 1.9106965276 0 0 1 2 5 5 0 0 0 0 0 6 
888 2 18.7646 7.9559 13.7679 8.56676e-04 -0.00621626 -0.00226116 0.0066699795 0.0 13 13.4967996024 2.012408536 0 0 1 2 6 3 1 0 0 0 0 7 
448 2 17.9321 1.75294 11.2725 0.00418587 -9.03732e-04 -8.89679e-04 0.004373759 0.0 14 14.042820155 2.0337655427 0 0 1 2 6 4 1 0 0 0 0 7 
931 2 22.8995 0.660932 10.1498 -0.00179449 0.00308579 1.96916e-04 0.0035750623 0.0 13 15.5642252455 2.1300990382 0 0 1 1 9 0 2 0 0 0 0 7 
305 2 19.9017 5.6474 13.3117 -1.59995e-04 -0.00378622 3.3036e-04 0.0038039713 0.0 16 14.6486041939 2.0651466078 0 0 0 3 7 5 1 0 0 0 0 7 
596 2 23.2284 5.45669 14.477 0.00181407 -0.00228339 -0.00256149 0.0038814882 0.0 14 18.3313662662 2.3916372511 0 0 1 3 4 5 1 0 0 0 0 7 
205 2 21.7901 3.41835 13.9626 6.28396e-06 -5.90239e-04 7.47873e-04 9.5275158851e-04 0.0 12 14.220591594 2.0651466078 0 0 1 2 6 2 1 0 0 0 0 7 
606 2 20.5637 7.69006 15.4112 0.00245664 0.00567846 -0.00272468 0.0067604637 0.0 17 14.0545407846 2.0125229121 0 0 3 3 3 4 3 0 1 0 0 9 
159 2 20.2784 3.41418 12.0362 -0.00403847 6.06993e-04 0.002518 0.0047977082 0.0 13 13.0933827143 1.9462227128 0 0 0 3 6 4 0 0 0 0 0 6 
369 2 25.2264 1.05485 11.0376 -0.00364466 -0.0039893 -0.00360157 0.0064937945 0.0 15 16.7411928423 2.2269545926 0 0 2 2 4 5 2 0 0 0 0 7 
138 2 21.7227 7.33576 13.4732 -0.00151931 1.50682e-05 3.87818e-04 0.0015680984 0.0 15 13.9051468194 2.0119550615 0 0 1 2 7 3 2 0 0 0 0 7 
412 2 25.884 7.05998 10.7689 -0.00216755 -3.57587e-04 0.002543 0.0033605045 0.0 15 16.2073307416 2.4007895287 0 0 2 2 5 3 3 0 0 0 0 7 
474 2 24.8495 9.9747 15.6154 0.00205586 -2.42557e-04 -0.00273221 0.0034278806 0.0 14 15.0757756311 2.0866516626 0 0 1 4 3 4 2 0 0 0 0 7 
468 1 26.1351 3.41484 17.2824 5.40526e-04 0.00126316 -0.00466822 0.004866212 0.0 15 21.8620678359 2.3916372511 0 0 0 4 6 3 2 0 0 0 0 7 
89 2 20.0112 6.77801 11.0282 -0.00395988 -7.76343e-04 0.00156738 0.0043289766 0.0 15 13.9189898232 2.0444817032 0 0 0 5 2 8 0 0 0 0 0 6 
87 2 21.9076 5.10962 12.1653 -0.00265066 0.001193 -3.94808e-04 0.0029334486 0.0 13 13.0860843127 2.0444817032 0 0 0 3 6 4 0 0 0 0 0 6 
848 2 23.8373 6.76912 11.7968 -5.61204e-04 0.00570885 0.00191142 0.0060464407 0.0 12 14.2159720963 2.1002131054 0 0 1 2 6 2 1 0 0 0 0 7 
434 2 17.6834 6.88176 17.5125 0.00114875 -0.00115496 -0.00257497 0.0030469706 0.0 14 15.4133483253 2.2542677839 0 0 1 3 5 3 2 0 0 0 0 7 
364 2 24.5309 4.24013 11.4931 0.00169363 0.0030067 -0.00133365 0.0036996283 0.0 14 16.3275518288 2.2375079114 0 0 1 3 5 3 2 0 0 0 0 7 
649 2 23.1877 5.46494 9.49161 3.64906e-04 0.00189344 -0.00338728 0.0038976836 0.0 15 13.6085769893 2.0444817032 0 0 0 5 3 6 1 0 0 0 0 7 
972 2 19.4255 8.40828 17.3213 0.00278027 0.00307901 -8.13204e-04 0.0042274702 0.0 14 14.1217940979 2.0516809785 0 0 3 2 3 4 1 0 1 0 0 9 
826 2 20.9909 4.20689 9.63189 -0.00122531 -0.00202715 -0.00542032 0.0059152845 0.0 14 13.4134609299 1.9235801302 0 0 0 4 4 6 0 0 0 0 0 6 
857 2 19.118 2.88064 9.42503 0.00222175 -0.00200208 -0.0015458 0.0033665999 0.0 14 13.9860192025 2.2526922468 0 0 4 1 3 3 1 2 0 0 0 8 
853 2 0.269923 12.6461 9.17548 4.0922e-04 -5.45159e-04 0.00139049 0.001548587 0.0 12 13.0403794871 1.9396895967 0 0 0 0 12 0 0 0 0 0 0 5 
351 2 0.41227 15.0149 9.70175 -1.87625e-04 -0.00112461 -4.11531e-04 0.0012121504 0.0 15 17.3295413371 2.3000157858 0 0 1 3 4 6 1 0 0 0 0 7 
104 2 2.21249 10.6281 9.73981 -0.00191041 0.00575214 0.0014603 0.0062345214 0.0 13 17.817812227 2.3061734237 0 0 0 1 10 2 0 0 0 0 0 6 
350 1 7.17031 16.7078 10.1448 2.34562e-04 7.65572e-04 4.72315e-04 9.2962426725e-04 0.0 13 19.8090866802 2.184887991 0 0 1 2 5 5 0 0 0 0 0 6 
208 1 7.74595 15.2123 12.8229 7.52415e-04 0.00211384 0.00171566 0.0028245242 0.0 12 20.413753704 2.2376244286 0 0 0 2 8 2 0 0 0 0 0 6 
952 1 2.4555 16.6672 15.4423 0.00172274 -0.00299671 0.00309349 0.0046387266 0.0 13 20.5694547662 2.2325428333 0 0 0 3 6 4 0 0 0 0 0 6 
701 2 25.0968 14.6945 11.3426 -0.0041481 3.07149e-04 -0.00272695 0.0049736637 0.0 14 18.4751446263 2.3135100963 0 0 2 1 6 3 2 0 0 0 0 7 
577 2 0.179834 9.82162 14.2934 -0.00332998 0.00307902 -0.00100359 0.0046450322 0.0 14 17.4629649202 2.2797685068 0 0 0 3 6 5 0 0 0 0 0 6 
532 1 8.79915 14.2003 9.71287 0.00122854 0.00225282 0.00138865 0.0029176801 0.0 16 24.1024332872 2.4624831524 0 0 0 3 7 5 1 0 0 0 0 7 
458 1 4.86364 17.9985 16.0263 -1.43469e-04 -0.00346495 0.00294093 0.0045470354 0.0 15 21.7423921554 2.2086493717 0 0 1 4 2 7 1 0 0 0 0 7 
321 2 8.14563 11.8005 13.084 -0.00242905 -0.00360984 2.38853e-04 0.0043575543 0.0 15 21.3447650282 2.2376244286 0 0 0 0 12 3 0 0 0 0 0 6 
226 1 5.53356 9.47722 16.9118 8.44151e-04 -0.00175326 -0.00110833 0.0022393988 0.0 15 21.4936278755 2.239680455 0 0 0 3 6 6 0 0 0 0 0 6 
215 2 0.770652 12.2424 11.6271 8.00041e-04 -0.0020389 -9.58323e-04 0.0023907241 0.0 17 19.0680630588 2.3135100963 0 0 0 2 10 3 2 0 0 0 0 7 
296 1 4.29734 16.5809 10.7167 -0.00268861 1.41663e-04 4.74424e-04 0.0027338197 0.0 15 20.6325154595 2.17368028 0 0 3 1 3 7 0 1 0 0 0 8 
818 2 8.15229 11.0569 10.7351 9.00168e-04 -0.00172331 0.00172061 0.0025962663 0.0 14 22.940673192 2.2303996837 0 0 0 3 6 5 0 0 0 0 0 6 
431 1 5.46521 10.5923 14.1178 0.00125712 0.00333298 -0.00165598 0.003928279 0.0 12 19.0226808237 2.1270105636 0 0 0 0 12 0 0 0 0 0 0 5 
405 1 4.82246 15.2336 16.805 6.06111e-04 0.00129192 -0.00199008 0.0024488459 0.0 15 23.2205962945 2.4227444856 0 0 0 3 7 4 1 0 0 0 0 7 
131 1 4.97698 11.5312 11.6489 0.00282521 -0.00138913 -0.00213006 0.0038011379 0.0 15 23.9456157112 2.2303996837 0 0 1 2 5 7 0 0 0 0 0 6 
954 1 3.00209 12.1931 14.0365 -8.935e-05 -0.00134231 0.00298692 0.0032758923 0.0 14 21.6817173593 2.2535626933 0 0 3 2 3 2 4 0 0 0 0 7 
611 1 1.13363 16.7316 11.8446 6.95491e-04 -8.43741e-04 0.00379184 0.0039463473 0.0 15 21.2923386781 2.3135100963 0 0 1 2 6 5 1 0 0 0 0 7 
541 1 3.16373 14.929 12.9106 0.00172922 -0.00169839 0.00120704 0.0027077068 0.0 15 22.8923014549 2.3059170972 0 0 1 3 4 6 1 0 0 0 0 7 
640 2 2.42797 13.4557 10.33 -6.68956e-04 0.00219459 5.63272e-04 0.0023624146 0.0 14 19.7054588503 2.2733177894 0 0 1 2 6 4 1 0 0 0 0 7 
397 1 7.40017 16.4775 15.4122 -5.91427e-04 -1.90812e-04 -0.00207195 0.0021631394 0.0 14 20.2581394641 2.422616963 0 0 2 0 6 6 0 0 0 0 0 6 
627 1 6.29481 13.3903 18.8703 -0.00428179 0.00414298 0.0015553 0.0061576755 0.0 13 20.974367537 2.3204159344 0 0 0 3 6 4 0 0 0 0 0 6 
174 1 1.81186 13.7672 16.2783 -0.00146086 -0.00170116 0.00303493 0.0037734411 0.0 16 22.8487877171 2.285192549 0 0 1 3 6 3 3 0 0 0 0 7 
8 1 3.13518 9.39988 12.8234 -9.63892e-05 0.00245798 -0.00341731 0.0042105777 0.0 14 22.3140269699 2.2540417752 0 0 0 0 12 2 0 0 0 0 0 6 
981 1 5.68081 13.6106 14.2642 0.00538978 -0.00129211 0.00123944 0.0056793915 0.0 15 22.8152091878 2.4227444856 0 0 1 2 7 3 2 0 0 0 0 7 
763 1 4.09501 12.2045 16.7004 5.30799e-04 4.27464e-04 0.0057946 0.0058345404 0.0 14 21.8451241702 2.2272572901 0 0 2 1 7 2 1 1 0 0 0 8 
446 1 2.62685 9.6967 15.9553 0.00397198 -0.00236826 -0.00273549 0.0053729123 0.0 16 20.5266795045 2.2274707303 0 0 4 0 6 2 2 2 0 0 0 8 
238 1 5.87769 14.2766 10.8191 0.0062239 -0.00351615 0.00451547 0.0084551589 0.0 15 22.567449945 2.2376244286 0 0 0 2 8 5 0 0 0 0 0 6 
80 1 5.44552 16.4707 13.5932 3.02642e-04 -2.29738e-04 -0.00184387 0.0018826121 0.0 14 19.694891582 2.1805085634 0 0 0 4 5 4 1 0 0 0 0 7 
404 1 0.227387 11.1962 17.1025 -0.00391501 -1.57681e-04 -0.00172448 0.0042808875 0.0 15 20.2951599908 2.1555363845 0 0 2 1 7 3 1 1 0 0 0 8 
486 1 0.176883 15.4204 14.1351 -6.05766e-04 -0.00409668 0.00239966 0.0047862415 0.0 15 23.2841104493 2.3135100963 0 0 2 1 5 6 1 0 0 0 0 7 
821 1 26.5991 16.3046 17.0842 -1.89284e-05 -0.0039419 -0.00179155 0.0043299637 0.0 14 22.7833255653 2.2429841965 0 0 0 2 8 4 0 0 0 0 0 6 
755 2 26.7828 12.1921 14.0631 1.62195e-04 4.34266e-04 -0.00127326 0.0013550222 0.0 16 18.7552735588 2.2347960786 0 0 2 4 2 4 4 0 0 0 0 7 
524 1 12.4882 18.0256 18.1461 -0.00246628 -0.00158806 -4.55963e-04 0.0029685643 0.0 15 24.1712757149 2.2648423532 0 0 0 4 4 7 0 0 0 0 0 6 
22 2 10.2736 11.6063 14.2239 0.00158748 -6.039e-04 -2.58924e-04 0.0017180889 0.0 14 16.6962554633 2.2845893581 0 0 2 2 4 4 2 0 0 0 0 7 
960 2 12.1756 13.0517 14.0732 0.00224746 8.29146e-04 -7.54076e-04 0.002511412 0.0 15 17.6747213676 2.2709899089 0 0 1 2 6 5 1 0 0 0 0 7 
438 2 11.7979 12.1377 16.1638 0.00334328 0.00482101 0.00367095 0.0069206598 0.0 14 18.8174284397 2.2896998498 0 0 4 1 2 4 2 1 0 0 0 8 
380 1 14.9951 16.6617 17.1762 -0.00291317 -9.13936e-04 3.05625e-05 0.0030533216 0.0 15 22.4544506127 2.3388066061 0 0 1 2 7 3 2 0 0 0 0 7 
696 2 15.1478 10.0103 9.28594 -0.00398564 0.00223155 0.00154671 0.0048225982 0.0 12 13.6238161498 2.2723496489 0 0 0 4 4 4 0 0 0 0 0 6 
721 1 13.6548 15.6234 11.9201 0.00273252 -6.42128e-05 -0.00137018 0.0030574797 0.0 14 23.4711707602 2.2425414812 0 0 2 0 6 6 0 0 0 0 0 6 
727 1 15.443 14.8202 9.64895 -6.07917e-04 -0.00194404 -0.00238627 0.0031373777 0.0 18 24.8545254464 2.3869262704 0 0 1 3 5 7 2 0 0 0 0 7 
743 1 12.5744 14.9776 17.5224 -7.00638e-05 -0.00158927 0.00158854 0.0022481431 0.0 17 24.131037438 2.3664561814 0 0 1 2 6 7 1 0 0 0 0 7 
686 2 16.7385 10.6466 15.7596 -0.00288494 0.00351312 0.00140888 0.0047591842 0.0 15 14.2116902004 2.2001723101 0 0 2 3 4 3 2 1 0 0 0 8 
546 2 13.7183 10.5393 14.6476 0.00127916 0.00505872 0.00323376 0.0061387378 0.0 17 15.3287274999 2.2001723101 0 0 2 2 6 3 4 0 0 0 0 7 
304 1 9.64371 14.3443 14.9902 0.0022037 -9.36503e-04 -0.00273257 0.0036332176 0.0 16 25.094663356 2.4012368186 0 0 0 2 9 4 1 0 0 0 0 7 
959 2 16.3665 13.4175 16.2489 -9.59979e-04 5.61788e-04 0.00375407 0.0039153808 0.0 13 16.4889982327 2.3388066061 0 0 0 4 5 3 1 0 0 0 0 7 
171 2 12.2411 10.8793 12.8178 0.00407432 0.00133206 -0.00134101 0.0044914113 0.0 13 13.6053393135 2.2066864638 0 0 1 3 4 4 1 0 0 0 0 7 
100 2 9.56393 9.70062 12.5273 7.77349e-04 -4.11926e-04 8.43821e-04 0.0012190112 0.0 13 17.3119184547 2.2453924779 0 0 0 3 7 2 1 0 0 0 0 7 
180 2 12.1849 9.54845 16.5968 0.00202624 -0.00289564 2.73681e-04 0.003544754 0.0 15 17.3114422585 2.353765209 0 0 3 1 5 3 2 1 0 0 0 8 
773 1 9.37576 12.8539 18.6284 0.001877 -6.89198e-04 7.96371e-04 0.0021522848 0.0 13 22.5065104638 2.3664561814 0 0 0 3 6 4 0 0 0 0 0 6 
529 2 14.5728 12.5628 12.2935 -0.00276078 0.0026614 0.00141912 0.00408887 0.0 14 18.3853071681 2.2709899089 0 0 1 2 7 2 2 0 0 0 0 7 
905 2 10.6643 11.7758 11.0803 0.0016047 8.32218e-04 -0.00317768 0.0036558582 0.0 15 20.2598333221 2.2709899089 0 0 2 1 6 5 0 1 0 0 0 8 
327 1 12.4865 16.1134 14.7444 -9.8817e-05 -0.0012839 -0.00181407 0.0022246379 0.0 14 23.3474967652 2.2610166908 0 0 1 1 8 3 1 0 0 0 0 7 
753 2 14.2702 12.1954 16.4945 -4.81379e-04 2.09479e-04 0.0041139 0.0041472618 0.0 13 15.5625214578 2.2566587449 0 0 2 2 4 3 2 0 0 0 0 7 
114 1 7.03437 11.8019 16.0016 -3.81134e-04 5.96733e-04 -0.00367868 0.0037462034 0.0 15 23.7267387116 2.4227444856 0 0 1 3 5 4 2 0 0 0 0 7 
381 2 16.7064 8.23462 15.5996 0.00388774 -9.13878e-04 0.00460587 0.0060962065 0.0 15 14.1202764525 2.1734966115 0 0 2 2 4 5 2 0 0 0 0 7 
709 1 8.14599 15.3266 18.0259 6.85835e-05 -2.75683e-04 -3.79213e-04 4.7382202601e-04 0.0 14 21.3809201811 2.4227444856 0 0 1 1 7 5 0 0 0 0 0 6 
970 2 15.0989 10.0921 12.0443 0.00225328 -0.00279393 -0.00128681 0.0038130297 0.0 16 15.2321411051 2.2001723101 0 0 1 3 6 3 3 0 0 0 0 7 
538 2 14.7327 13.8223 14.5357 -0.00194385 0.00301583 0.00119225 0.0037809051 0.0 14 18.0832926999 2.2595451938 0 0 0 4 5 4 1 0 0 0 0 7 
949 2 14.4977 10.0408 17.1446 0.00370719 0.00398695 0.00216338 0.0058582626 0.0 14 16.1246846961 2.3089076371 0 0 1 5 2 3 3 0 0 0 0 7 
165 1 9.36584 10.4645 17.3254 3.07759e-04 2.11011e-04 -1.7486e-04 4.1208890279e-04 0.0 16 23.0424552695 2.3454006966 0 0 3 3 2 4 3 1 0 0 0 8 
827 1 9.72783 17.0278 13.7258 7.46445e-04 3.87078e-04 -0.00425818 0.0043404039 0.0 12 20.6835483984 2.2223150734 0 0 0 0 12 0 0 0 0 0 0 5 
860 2 16.3709 12.1104 13.9933 -1.11133e-04 -3.73061e-05 0.0015351 0.0015395695 0.0 14 14.3548216887 2.0805107557 0 0 2 3 3 4 1 1 0 0 0 8 
310 1 10.5667 14.7795 12.0754 2.12601e-04 7.42032e-04 0.00402527 0.0040986106 0.0 15 22.8065389252 2.2268522007 0 0 2 2 4 6 0 1 0 0 0 8 
858 1 12.3762 16.9723 9.08551 0.00121116 0.00302915 -0.00253191 0.0041295552 0.0 17 24.1905126255 2.4624831524 0 0 1 5 3 5 2 1 0 0 0 8 
322 2 13.0822 11.217 10.5954 -0.00156736 0.00176593 0.00468571 0.0052469996 0.0 15 16.826462755 2.3333858463 0 0 3 3 4 1 2 1 1 0 0 9 
346 2 16.3398 11.647 10.6933 -0.00384994 -5.64164e-04 -0.00362853 0.0053203899 0.0 15 15.929905984 2.3333858463 0 0 1 4 4 3 3 0 0 0 0 7 
465 2 11.0352 9.15935 14.4311 -3.99835e-04 -0.00165548 -0.00147415 0.0022524654 0.0 15 15.8750619719 2.2899965524 0 0 2 3 3 5 1 1 0 0 0 8 
502 2 13.3237 8.68082 13.3303 3.82805e-04 -0.00135735 -0.00389788 0.0041451667 0.0 11 12.4114075894 1.9650889302 0 0 1 1 7 2 0 0 0 0 0 6 
326 1 10.1322 17.6578 10.6281 0.00285715 0.00284191 -0.00464332 0.006148185 0.0 16 23.6870340172 2.4535027801 0 0 2 2 6 4 0 2 0 0 0 8 
512 1 12.1759 14.0659 9.80202 -0.0019019 -0.0051272 -0.00156118 0.0056870631 0.0 15 22.7056046738 2.4576174593 0 0 2 2 5 3 3 0 0 0 0 7 
181 1 16.8385 16.1803 11.7631 -0.00163899 -0.0026206 -0.00514248 0.0059999111 0.0 16 23.1624106678 2.4525939387 0 0 2 4 3 4 1 2 0 0 0 8 
747 2 17.5728 9.66034 17.81 4.78115e-04 6.9316e-04 0.00200372 0.0021734669 0.0 13 15.8335553976 2.2769150702 0 0 0 2 8 3 0 0 0 0 0 6 
758 2 17.0731 14.9843 14.5361 -8.95157e-04 -0.00225931 8.18724e-04 0.0025643901 0.0 15 18.6058276563 2.255358552 0 0 1 4 3 5 2 0 0 0 0 7 
323 2 17.845 13.1808 12.3762 -1.82557e-04 0.00627277 4.87794e-04 0.0062943557 0.0 13 15.5178944274 2.2595451938 0 0 1 3 4 4 1 0 0 0 0 7 
260 2 18.9092 14.0862 10.3301 0.00279916 0.00135428 0.00117384 0.0033237436 0.0 14 16.7892685107 2.1829826623 0 0 0 5 3 5 1 0 0 0 0 7 
916 2 22.4594 8.47428 11.3918 -0.00170828 -0.0039826 0.00253851 0.005022286 0.0 15 12.9349661664 2.0444817032 0 0 1 1 8 4 1 0 0 0 0 7 
955 2 21.6403 12.0269 15.3455 0.00288185 0.00463594 -8.73947e-04 0.0055281808 0.0 15 12.4503529717 2.0258263617 0 0 2 4 3 2 3 1 0 0 0 8 
655 2 19.449 15.9107 14.411 0.00479276 -0.00238158 -1.62171e-04 0.0053543227 0.0 13 17.3900105613 2.1665028819 0 0 1 4 2 5 1 0 0 0 0 7 
331 2 22.4496 10.5754 12.4792 -9.66088e-04 7.43966e-04 -8.15892e-04 0.0014671371 0.0 16 12.7252365169 1.9739435916 0 0 2 5 1 5 1 2 0 0 0 8 
316 2 23.0004 10.6019 17.0044 -6.78584e-04 -2.81899e-04 -4.45935e-04 8.5953552311e-04 0.0 12 13.6032689961 2.09104914 0 0 1 3 3 5 0 0 0 0 0 6 
736 2 24.3675 8.85022 13.0918 3.2902e-04 1.40218e-04 -0.00156622 0.0016065368 0.0 16 14.9289496109 2.2687773167 0 0 0 4 6 4 2 0 0 0 0 7 
213 2 23.1245 12.6772 9.29185 -0.00498093 -4.76067e-04 2.45501e-04 0.0050096481 0.0 15 12.7006942328 1.9739435916 0 0 1 2 7 3 2 0 0 0 0 7 
203 2 21.2352 13.3323 10.773 -0.00558282 0.00109969 -0.00205585 0.0060501005 0.0 13 12.5342288597 1.9739435916 0 0 1 3 4 4 1 0 0 0 0 7 
633 2 22.2163 16.5447 13.3298 0.00186932 6.90735e-04 0.00294779 0.0035582212 0.0 16 19.2701041567 2.1981958708 0 0 1 3 5 5 2 0 0 0 0 7 
751 2 25.3817 13.562 15.6697 0.00219823 0.00319698 -0.00174922 0.0042558979 0.0 13 16.605839922 2.198704284 0 0 2 2 4 3 2 0 0 0 0 7 
356 2 23.3994 13.0987 12.3428 2.71452e-05 0.00497588 0.00263277 0.005629529 0.0 14 13.5337600996 2.2168826357 0 0 1 3 3 7 0 0 0 0 0 6 
193 2 21.7066 13.1936 17.3156 0.00198113 1.50588e-04 -0.00171952 0.0026276038 0.0 14 13.3009265826 2.0350185908 0 0 0 4 6 3 0 1 0 0 0 8 
227 2 26.1362 10.3648 10.6713 0.00512954 0.00257562 0.00303085 0.0064909206 0.0 14 13.9546533918 2.167201199 0 0 1 1 8 3 1 0 0 0 0 7 
548 2 24.4772 12.6408 17.5846 0.00302607 6.19507e-04 -0.00326089 0.0044915801 0.0 13 16.7189430487 2.2046236052 0 0 1 0 9 3 0 0 0 0 0 6 
984 2 23.7798 11.8519 14.7401 0.00332787 -7.43458e-04 7.63404e-04 0.0034943146 0.0 15 14.2404248462 2.073960079 0 0 0 6 2 5 2 0 0 0 0 7 
370 2 19.9697 9.041 8.67251 0.00463999 9.11653e-04 -2.74488e-06 0.0047287024 0.0 16 14.7421681946 1.9724728849 0 0 2 3 4 4 2 1 0 0 0 8 
621 2 21.0547 14.9965 9.15952 -4.48144e-04 -0.00161092 -0.00454777 0.0048454214 0.0 15 17.7309361723 2.2131974563 0 0 0 4 5 5 1 0 0 0 0 7 
979 2 17.9437 9.49147 10.3358 0.00164371 -3.98022e-04 2.96337e-04 0.0017169798 0.0 14 12.9234252798 1.9064210874 0 0 2 4 2 2 4 0 0 0 0 7 
964 2 17.7292 10.1973 12.8831 -8.27307e-04 0.00266578 -1.38091e-04 0.0027946179 0.0 16 15.1721692142 2.1707930793 0 0 1 2 6 6 1 0 0 0 0 7 
989 2 20.4498 9.93798 13.6984 0.00231041 -0.00273966 -4.7962e-04 0.0036157664 0.0 15 12.3893392852 1.8147640266 0 0 3 2 3 4 2 1 0 0 0 8 
81 2 20.4427 10.8305 17.1296 0.00292531 2.41948e-04 -0.00111575 0.0031402031 0.0 16 13.7940907182 2.0628243148 0 0 2 3 4 4 2 1 0 0 0 8 
891 2 18.8703 9.97362 15.3965 0.00110843 -0.00135314 -0.00132358 0.0021935061 0.0 14 12.8602209349 1.8925300674 0 0 3 1 5 2 2 1 0 0 0 8 
44 2 19.9683 14.5022 12.3805 -0.00409206 0.00147153 -6.12974e-04 0.0043915934 0.0 14 15.7719279448 2.1125476782 0 0 0 3 6 5 0 0 0 0 0 6 
658 2 19.0507 11.5336 9.71254 3.25327e-05 -0.00260857 0.0023083 0.0034833812 0.0 14 13.0196843916 1.8535638409 0 0 2 4 2 2 4 0 0 0 0 7 
908 1 24.473 17.7439 15.0836 0.00281285 -2.2481e-04 -6.72296e-04 0.002900801 0.0 14 21.6826348034 2.2014943659 0 0 1 2 6 4 1 0 0 0 0 7 
225 1 24.7854 17.9439 12.2398 -0.00124092 0.00349963 0.00171967 0.0040920114 0.0 15 22.1540115811 2.2222439791 0 0 0 5 3 6 1 0 0 0 0 7 
756 2 18.4878 12.1192 16.9806 6.93666e-04 0.00170536 -0.00419287 0.0045792558 0.0 14 13.7329509692 2.0018913664 0 0 1 3 5 3 2 0 0 0 0 7 
862 2 21.3244 12.5581 13.1323 -0.00344669 -0.00332626 -9.31299e-04 0.0048796512 0.0 14 12.1289561441 2.0470695239 0 0 1 3 4 5 1 0 0 0 0 7 
453 2 24.9945 12.616 10.8171 0.00283755 0.00363152 -2.21231e-04 0.0046139539 0.0 13 12.3309938553 2.1039031861 0 0 0 3 6 4 0 0 0 0 0 6 
672 1 25.6913 17.806 9.59246 0.0016149 0.00184421 0.00455046 0.0051687231 0.0 15 22.9166938726 2.4817390377 0 0 1 2 6 5 1 0 0 0 0 7 
443 2 23.6685 15.0963 16.8491 -0.00433609 8.80606e-04 -0.00432106 0.0061845536 0.0 16 17.385763341 2.1850781794 0 0 1 3 5 5 2 0 0 0 0 7 
558 2 21.4566 14.5252 15.2444 6.84199e-04 -0.00164821 0.00305377 0.0035369812 0.0 12 14.1746745731 2.1103471267 0 0 0 2 8 2 0 0 0 0 0 6 
57 2 23.7365 10.2574 10.3947 -0.0021103 0.00311454 8.45746e-05 0.0037630943 0.0 14 13.2005796892 2.0251175402 0 0 1 3 4 5 1 0 0 0 0 7 
682 2 22.5982 15.3028 11.4685 -0.00255517 -6.00711e-04 0.00403585 0.0048143362 0.0 13 15.4233624863 2.1222618886 0 0 1 3 5 2 2 0 0 0 0 7 
714 2 23.5941 14.6365 14.2979 -0.00250261 -0.00109254 -4.56271e-05 0.0027310771 0.0 15 16.9995826275 2.2347960786 0 0 0 5 3 6 1 0 0 0 0 7 
375 2 19.4321 11.5812 12.0309 -0.00173983 -1.47515e-04 -0.00413963 0.004492806 0.0 14 12.087877604 1.7925454399 0 0 1 3 4 5 1 0 0 0 0 7 
149 2 19.2563 12.439 14.3483 -0.00124803 -1.76791e-04 0.00121735 0.0017523627 0.0 17 14.8972780249 1.9377906983 0 0 2 2 6 3 4 0 0 0 0 7 
151 2 19.6224 13.5315 18.5655 -0.00365421 7.1733e-04 9.17698e-04 0.0038353595 0.0 13 16.8820943396 2.2611914621 0 0 1 1 7 4 0 0 0 0 0 6 
163 2 21.2092 10.599 10.3623 0.00174311 0.00276057 -0.00265668 0.0042091719 0.0 15 13.4422060162 1.9732516978 0 0 4 1 3 3 3 1 0 0 0 8 
229 2 24.9499 10.9158 12.4629 0.00474442 0.00498434 -0.00316214 0.0075731299 0.0 12 12.773401234 2.0247014359 0 0 0 3 7 1 1 0 0 0 0 7 
742 2 20.9475 17.3038 15.87 -0.00376472 1.94442e-04 0.0011977 0.0039554279 0.0 15 19.0686045236 2.186849361 0 0 1 4 3 5 2 0 0 0 0 7 
795 2 23.6206 14.994 9.49567 0.00310086 -0.0023879 -0.00449636 0.0059610949 0.0 15 15.3044408213 2.2131974563 0 0 1 5 2 4 3 0 0 0 0 7 
508 1 0.279646 24.8477 17.7291 -0.00150152 -0.00202629 -0.00279542 0.0037649418 0.0 14 21.6821365824 2.2704643066 0 0 2 3 3 4 1 1 0 0 0 8 
444 1 10.0194 20.27 12.5369 0.00277526 0.00247035 3.23498e-04 0.0037295238 0.0 15 22.3812442609 2.2123825789 0 0 0 3 6 6 0 0 0 0 0 6 
94 2 6.05876 24.9342 10.256 0.00203005 0.0014157 0.0023117 0.0033866305 0.0 15 17.7444981817 2.236218229 0 0 2 1 6 4 2 0 0 0 0 7 
24 1 1.15637 21.902 9.85437 -1.29331e-05 0.00414044 -0.00185815 0.0045382962 0.0 19 26.5289374909 2.4817390377 0 0 0 2 9 7 1 0 0 0 0 7 
13 1 0.747202 24.3485 12.3832 0.00383062 -0.00111326 0.00140056 0.0042278323 0.0 15 23.1954863925 2.2726203365 0 0 2 1 4 8 0 0 0 0 0 6 
243 1 2.44371 18.675 10.3177 0.00352309 2.07146e-04 -0.00420779 0.0054918639 0.0 15 22.9326437672 2.4721272548 0 0 0 1 10 4 0 0 0 0 0 6 
519 1 4.23578 26.1058 14.8202 0.00552578 -6.33281e-04 0.00155151 0.0057742941 0.0 14 22.7666208092 2.302456269 0 0 0 2 8 4 0 0 0 0 0 6 
409 1 7.4758 18.2694 12.6028 -0.00414391 -0.00361102 0.00126664 0.0056405525 0.0 14 20.4626713014 2.210706751 0 0 2 2 4 4 2 0 0 0 0 7 
904 1 3.42126 21.2482 12.161 -4.82169e-04 -2.92439e-04 0.00116397 0.0012933807 0.0 15 23.972391602 2.2887401531 0 0 1 3 6 2 3 0 0 0 0 7 
823 1 3.90839 24.2612 12.4615 -0.00128663 0.00220737 1.53176e-04 0.0025595628 0.0 14 23.0039120751 2.2887401531 0 0 1 1 8 3 1 0 0 0 0 7 
67 1 3.18653 18.2016 13.0363 -0.00172096 -0.00103575 4.79946e-04 0.0020651464 0.0 14 20.6819455345 2.079917779 0 0 0 3 6 5 0 0 0 0 0 6 
420 1 5.23866 23.2991 14.8298 0.00245883 -9.89747e-04 0.00188681 0.0032535359 0.0 13 20.9127007038 2.2887401531 0 0 0 1 10 2 0 0 0 0 0 6 
800 1 9.62371 20.7225 17.4276 9.71158e-04 0.00325736 0.00425062 0.0054425465 0.0 15 23.5778680668 2.3103398315 0 0 0 3 6 6 0 0 0 0 0 6 
570 1 8.08055 22.2663 14.4732 0.00178303 -0.00129928 5.50263e-04 0.0022737884 0.0 14 21.9216231746 2.2593204212 0 0 1 1 8 3 1 0 0 0 0 7 
711 1 0.547389 21.7323 16.7216 0.00398453 -0.00245123 -0.00181372 0.0050174284 0.0 13 20.7994008876 2.2724754631 0 0 1 0 9 3 0 0 0 0 0 6 
863 1 5.15865 19.2399 11.2806 -0.00306548 -5.17889e-04 0.00436776 0.0053612223 0.0 13 19.8821251364 2.1225867751 0 0 1 2 5 5 0 0 0 0 0 6 
782 1 8.46446 19.4105 15.249 5.1573e-04 -9.25308e-04 -0.00125937 0.0016456564 0.0 13 21.762906679 2.1975443433 0 0 0 3 6 4 0 0 0 0 0 6 
178 1 7.14127 21.8532 11.4989 0.00224962 -6.99984e-06 0.00380725 0.0044222157 0.0 19 24.5672050573 2.2887401531 0 0 1 3 7 4 4 0 0 0 0 7 
282 1 1.30962 26.5531 15.6931 2.25141e-04 -0.00165353 2.08914e-04 0.001681813 0.0 13 20.0279583833 2.1634385291 0 0 0 3 6 4 0 0 0 0 0 6 
373 2 2.66962 25.2821 9.74889 0.0041456 0.00376541 0.0051601 0.0076151785 0.0 14 17.8369927454 2.2726203365 0 0 0 0 12 2 0 0 0 0 0 6 
173 1 4.63 24.146 17.5164 -0.00407347 0.00195267 -0.00469398 0.0065145626 0.0 13 20.7118062687 2.291206507 0 0 1 3 4 4 1 0 0 0 0 7 
708 1 5.35366 0.621949 11.7558 0.00279391 -1.52977e-04 3.70964e-04 0.0028225785 0.0 16 23.9787468549 2.3024371501 0 0 1 1 8 5 1 0 0 0 0 7 
526 1 0.452295 18.504 14.6803 -0.00196463 -0.00418997 0.00210709 0.0050848253 0.0 14 20.8813991324 2.0880734809 0 0 0 0 12 2 0 0 0 0 0 6 
25 1 3.20836 20.5406 15.4611 -9.84185e-04 0.0016208 -0.00122989 0.0022601421 0.0 14 22.2975097763 2.1962142963 0 0 0 2 8 4 0 0 0 0 0 6 
251 1 2.51963 23.7068 15.4784 -0.00132229 0.00488851 -3.61887e-04 0.0050770999 0.0 16 23.193477947 2.2704643066 0 0 1 3 4 7 1 0 0 0 0 7 
710 1 5.86939 20.2891 13.9539 0.00278611 -0.00160018 2.77748e-05 0.0032130603 0.0 14 22.1052384361 2.265651828 0 0 1 2 7 2 2 0 0 0 0 7 
252 1 6.98809 25.2807 16.3004 -0.00114037 -3.76741e-04 -0.00308885 0.0033141171 0.0 15 23.6606528386 2.2999245712 0 0 0 4 5 5 1 0 0 0 0 7 
40 1 6.26864 21.2681 16.8111 -4.0733e-04 0.00202114 -0.0030236 0.0036596559 0.0 16 24.2150813284 2.2641667954 0 0 1 1 9 3 2 0 0 0 0 7 
410 1 6.92068 24.9689 13.3227 5.63333e-04 -2.85401e-04 -4.56824e-04 7.7941386097e-04 0.0 14 22.6515153788 2.302456269 0 0 0 2 8 4 0 0 0 0 0 6 
750 1 1.02781 21.4536 13.7351 0.00126957 0.00109647 -5.89321e-04 0.0017780196 0.0 13 20.2283270417 2.1692823341 0 0 1 2 6 3 1 0 0 0 0 7 
130 1 7.32208 18.245 17.7992 -4.66495e-04 0.00195851 0.0012689 0.002379808 0.0 13 20.4981074578 2.1168103226 0 0 0 2 8 3 0 0 0 0 0 6 
148 2 8.50429 25.6272 10.0609 1.99902e-04 2.37896e-04 -0.00282928 0.0028462924 0.0 14 16.1332868 2.2333319906 0 0 2 3 3 3 3 0 0 0 0 7 
869 1 7.68724 19.5874 9.78274 5.80565e-04 -1.14058e-04 0.00296047 0.0030190143 0.0 14 20.4430581284 2.0962035847 0 0 0 2 9 2 1 0 0 0 0 7 
777 2 10.9245 26.5859 10.8804 -0.0012111 -0.00182344 -0.00146558 0.0026343161 0.0 14 15.7006860354 2.1743132304 0 0 2 3 3 3 3 0 0 0 0 7 
950 1 14.8747 17.3942 14.1523 0.00271939 -0.00174711 3.87561e-04 0.0032554076 0.0 13 21.6690203266 2.2028667263 0 0 0 4 4 5 0 0 0 0 0 6 
774 2 16.5489 26.2707 10.0675 0.00616949 -0.00150934 0.00335119 0.0071813083 0.0 14 15.3300135223 2.102811021 0 0 2 2 5 3 1 1 0 0 0 8 
267 1 17.37 21.4802 14.2545 -9.91823e-04 0.00163754 -4.59445e-04 0.0019688423 0.0 16 22.6937074398 2.2530550132 0 0 2 4 2 4 4 0 0 0 0 7 
834 1 17.6272 17.6643 16.2606 -4.74915e-04 -0.00217463 6.21805e-04 0.0023111039 0.0 14 21.2171377876 2.2507430735 0 0 1 3 4 5 1 0 0 0 0 7 
121 1 14.8932 24.5983 14.9978 4.25805e-04 1.21294e-04 -0.00579113 0.0058080297 0.0 14 21.8826530278 2.166288587 0 0 0 2 8 4 0 0 0 0 0 6 
887 1 9.67576 23.1765 12.1025 -0.00257796 -0.00294279 0.00165873 0.0042493854 0.0 15 20.747421269 2.236218229 0 0 1 3 5 4 2 0 0 0 0 7 
329 2 16.6991 0.0510597 12.3584 0.00362446 -4.25545e-04 0.00121818 0.0038473057 0.0 14 14.6947822707 2.1058018219 0 0 0 4 5 4 1 0 0 0 0 7 
78 1 15.064 20.1341 13.129 -0.00230079 2.17926e-04 0.00126058 0.0026325251 0.0 13 21.9539448199 2.1546834468 0 0 0 1 10 2 0 0 0 0 0 6 
578 1 9.93864 17.1995 16.792 0.001401 0.00363048 0.00360553 0.0053050007 0.0 13 22.3971413577 2.3312988738 0 0 0 1 10 2 0 0 0 0 0 6 
677 1 12.5296 18.5657 12.1803 -8.21832e-04 -4.59733e-04 -0.00159354 0.0018509814 0.0 13 21.972138967 2.2223150734 0 0 0 3 6 4 0 0 0 0 0 6 
460 1 12.4186 21.1553 17.5885 -0.00194022 -0.00156688 0.0036137 0.0043907168 0.0 14 22.3508994709 2.2468062718 0 0 1 3 6 1 3 0 0 0 0 7 
812 2 12.6181 23.5817 9.86198 -4.58611e-04 5.11489e-04 1.49518e-04 7.0306520236e-04 0.0 14 17.4691306541 2.1320892372 0 0 2 3 3 3 3 0 0 0 0 7 
544 1 12.3363 20.3616 10.0079 -0.00518148 0.00201404 0.00138345 0.0057287019 0.0 14 22.1505155898 2.2932782694 0 0 0 4 4 6 0 0 0 0 0 6 
735 1 9.61199 23.8152 17.129 -1.14462e-04 -0.00214592 -0.00232638 0.0031670362 0.0 15 22.6132193838 2.3058420691 0 0 1 2 5 7 0 0 0 0 0 6 
724 2 10.5057 24.418 9.38206 -0.00286178 0.00395532 -0.00180113 0.005203692 0.0 14 14.6935333444 2.0312359483 0 0 1 3 4 5 1 0 0 0 0 7 
140 1 12.1763 24.8378 15.7256 -0.00374033 6.08539e-04 -0.00318289 0.0049488561 0.0 13 20.761079225 2.3037967149 0 0 0 3 6 4 0 0 0 0 0 6 
802 1 15.2816 23.2966 12.2537 1.90637e-05 9.81851e-04 0.00230108 0.0025018721 0.0 16 22.4674965315 2.166288587 0 0 1 3 5 5 2 0 0 0 0 7 
289 1 15.2732 21.3684 10.1783 -5.94271e-04 -0.00106862 -3.75841e-04 0.0012792041 0.0 13 22.2676294614 2.248625496 0 0 0 3 6 4 0 0 0 0 0 6 
166 1 12.5178 21.6863 12.3329 -0.00182178 -0.00150119 4.79757e-04 0.0024088629 0.0 13 20.6685439469 2.1135832303 0 0 0 3 6 4 0 0 0 0 0 6 
204 1 12.2238 24.3796 12.8574 0.00122119 0.0011151 7.72169e-04 0.0018251022 0.0 15 21.5241397284 2.1599855753 0 0 2 1 7 2 3 0 0 0 0 7 
206 2 18.6815 0.478888 9.13226 -0.00226675 -0.00136721 -0.00319426 0.00414858 0.0 15 17.9770285636 2.2468988018 0 0 4 2 2 3 2 2 0 0 0 8 
284 1 16.2449 22.3627 16.7988 -0.00155521 -0.00309217 -0.00249357 0.0042659213 0.0 16 22.6430643278 2.3487430328 0 0 2 3 3 5 3 0 0 0 0 7 
191 1 18.174 20.527 11.4302 -5.79972e-04 -0.0014033 -0.00263337 0.0030397789 0.0 16 24.7253074164 2.4536674002 0 0 3 1 3 7 2 0 0 0 0 7 
670 1 17.7474 24.3147 13.8078 1.54148e-04 0.00264579 -0.00200571 0.0033236785 0.0 14 22.7055207537 2.3481902836 0 0 0 2 8 4 0 0 0 0 0 6 
822 1 9.75649 21.5556 9.99021 0.0012479 -0.00164153 0.00116961 0.002370625 0.0 14 19.3453189498 2.0929908832 0 0 0 2 8 4 0 0 0 0 0 6 
308 1 16.6367 25.1342 17.3859 -0.0011597 -0.00548473 0.0034499 0.006582475 0.0 15 23.6177893403 2.3403721034 0 0 0 4 6 3 2 0 0 0 0 7 
189 1 13.8311 21.7455 15.2611 -0.00160031 9.31766e-04 -0.00150461 0.0023860074 0.0 14 21.1253336614 2.166288587 0 0 1 1 8 3 1 0 0 0 0 7 
731 1 10.7492 22.3768 14.8639 0.00113265 0.00307899 0.00127364 0.0035192662 0.0 13 21.5218775257 2.182170718 0 0 0 1 10 2 0 0 0 0 0 6 
117 1 12.0701 19.2522 14.978 0.00103241 -3.62659e-04 7.41659e-04 0.0013219115 0.0 16 24.7718501589 2.2610166908 0 0 1 1 9 3 2 0 0 0 0 7 
678 1 15.0699 18.2132 10.5025 -0.00256956 -0.00366382 0.00272094 0.00523734 0.0 16 25.0060406569 2.4536674002 0 0 1 2 8 3 1 1 0 0 0 8 
626 1 15.0046 19.2985 16.1753 0.00578163 0.00145321 0.00196608 0.0062773032 0.0 16 22.7244009152 2.2578071335 0 0 2 4 2 4 4 0 0 0 0 7 
885 1 9.58421 25.347 14.1395 -0.00365757 -0.00330495 0.0046239 0.0067587694 0.0 14 22.8639139186 2.366943477 0 0 0 3 6 5 0 0 0 0 0 6 
995 2 13.1577 25.8024 9.90305 0.00182862 -0.00244838 0.00338994 0.0045640014 0.0 15 13.1077199132 2.0380129451 0 0 4 2 3 1 4 0 1 0 0 9 
516 2 15.0588 24.3308 9.32026 -1.06894e-04 -0.00230084 -6.29022e-04 0.0023876683 0.0 14 17.5264499844 2.248625496 0 0 1 2 6 4 1 0 0 0 0 7 
938 1 17.4629 19.4053 8.4954 0.00227889 -8.43542e-04 -0.00343455 0.00420726 0.0 14 21.7293954731 2.4536674002 0 0 1 4 2 6 1 0 0 0 0 7 
525 1 21.3667 24.8932 10.1906 -0.00141308 -0.00189455 -0.00141415 0.0027542576 0.0 14 21.0505745448 2.3118181318 0 0 1 3 5 3 2 0 0 0 0 7 
416 2 18.4805 0.851929 13.6255 -0.0022207 0.00474872 0.00135623 0.0054149063 0.0 13 14.6252116003 2.1302279318 0 0 0 3 7 2 1 0 0 0 0 7 
248 1 17.7082 23.3724 10.6772 -4.14357e-04 -7.66738e-04 5.46621e-04 0.0010287728 0.0 15 23.0324537035 2.4904640542 0 0 2 3 4 3 2 1 0 0 0 8 
663 1 19.3781 20.0979 15.9222 -0.00272922 0.00240563 -0.00328026 0.0048985511 0.0 13 22.515316083 2.2530550132 0 0 1 5 1 4 2 0 0 0 0 7 
403 1 17.5693 18.469 13.4567 0.00155667 0.00411149 9.6641e-04 0.0045012798 0.0 14 22.6678131948 2.3336185077 0 0 0 6 1 6 1 0 0 0 0 7 
135 1 20.4557 22.7301 11.7141 0.00461297 -8.8868e-05 -0.00211097 0.0050738136 0.0 16 24.9998366395 2.4853120594 0 0 0 6 4 2 4 0 0 0 0 7 
937 1 19.8309 22.5834 14.5536 -0.00370449 6.50325e-04 0.0017611 0.004153028 0.0 15 22.1564902795 2.3487430328 0 0 2 1 6 4 2 0 0 0 0 7 
441 1 25.7579 0.444504 17.1315 2.67743e-04 -0.00171932 -5.28967e-05 0.0017408462 0.0 14 21.6445839559 2.2041211451 0 0 0 2 8 4 0 0 0 0 0 6 
723 1 23.1729 18.1712 17.5823 -6.5013e-04 -5.67551e-04 4.95208e-04 9.9499453153e-04 0.0 14 20.6686031807 2.1047168102 0 0 0 4 4 6 0 0 0 0 0 6 
651 1 23.3183 26.2201 15.7546 -4.18875e-05 0.0043152 -0.00519586 0.0067542332 0.0 15 22.3026377244 2.2360482491 0 0 1 3 4 6 1 0 0 0 0 7 
864 1 19.418 25.415 16.0668 6.9889e-04 -0.00170285 0.00193221 0.002668629 0.0 15 23.183541156 2.3487430328 0 0 0 4 5 5 1 0 0 0 0 7 
510 1 26.086 19.2635 17.1868 0.00258151 -0.00271911 0.00158282 0.0040697755 0.0 13 20.3247976177 2.217077029 0 0 0 2 8 3 0 0 0 0 0 6 
703 1 23.5891 24.9564 8.42833 4.89331e-04 0.00166841 2.45417e-04 0.0017559232 0.0 15 19.525375926 2.1300990382 0 0 2 2 5 3 3 0 0 0 0 7 
912 1 24.1658 24.7484 12.1366 0.00324578 -0.00231824 -0.00440948 0.0059458253 0.0 16 23.0188881668 2.2386475658 0 0 1 2 6 6 1 0 0 0 0 7 
586 1 23.0269 20.3485 12.4803 0.00187447 0.00104342 0.00408427 0.0046134179 0.0 15 23.621487776 2.2607649859 0 0 1 2 7 3 2 0 0 0 0 7 
343 1 25.9752 24.5478 10.0729 -5.96176e-04 0.00507868 4.08137e-04 0.005129814 0.0 16 21.5963543483 2.2086375521 0 0 1 1 9 3 2 0 0 0 0 7 
344 1 21.8434 23.9719 16.6291 -9.42254e-04 -0.00252993 4.6633e-04 0.002739681 0.0 14 22.3141352831 2.2914278262 0 0 0 4 4 6 0 0 0 0 0 6 
150 1 24.8341 20.4032 10.0378 -3.83353e-04 8.58431e-04 0.00340555 0.0035329356 0.0 14 20.9351914102 2.4487316667 0 0 1 3 4 5 1 0 0 0 0 7 
868 1 20.4662 20.0421 9.80973 0.00181099 0.00258755 2.5777e-04 0.0031688397 0.0 16 23.3249314182 2.4904640542 0 0 1 3 7 2 2 1 0 0 0 8 
815 1 19.3897 20.9632 7.00331 -2.62502e-04 -0.00232422 0.00338732 0.0041164114 0.0 15 22.3497840758 2.4904640542 0 0 2 2 6 3 0 2 0 0 0 8 
917 1 20.5694 19.0198 13.2713 5.88017e-04 0.00173511 -0.00541732 0.0057187172 0.0 15 23.5424660736 2.2607649859 0 0 1 4 3 5 2 0 0 0 0 7 
109 1 0.207124 19.6313 11.9321 2.40302e-04 0.0028117 -8.45021e-04 0.0029457533 0.0 13 20.3407462472 2.3779039546 0 0 0 2 8 3 0 0 0 0 0 6 
996 1 22.7779 22.6316 14.3257 3.61738e-04 6.3956e-04 7.39472e-04 0.0010424539 0.0 14 22.9364137102 2.2570467396 0 0 1 3 4 5 1 0 0 0 0 7 
182 1 23.2156 22.62 10.0569 -1.50498e-04 9.78627e-04 -0.00542839 0.0055179506 0.0 13 21.7853480929 2.3494062481 0 0 0 3 6 4 0 0 0 0 0 6 
365 1 22.4445 19.8944 15.4804 -0.00143186 -6.10873e-05 0.00274031 0.0030924511 0.0 14 21.2017893706 2.2914278262 0 0 0 4 4 6 0 0 0 0 0 6 
283 1 24.4155 21.6623 17.0116 -0.00205823 7.29566e-04 6.59175e-04 0.002281028 0.0 14 22.5608372874 2.2702355508 0 0 0 3 6 5 0 0 0 0 0 6 
641 1 21.3086 24.9536 13.5444 0.00139993 8.23651e-04 0.00498042 0.0052385865 0.0 13 22.045969779 2.1817655821 0 0 0 3 6 4 0 0 0 0 0 6 
875 1 25.3624 20.7125 14.5439 -2.31475e-04 -7.69811e-04 0.00179504 0.0019668142 0.0 13 19.7745326099 2.0778074943 0 0 0 1 10 2 0 0 0 0 0 6 
556 1 25.6305 22.3141 12.1693 -0.00116655 0.00406149 -3.02932e-04 0.0042365443 0.0 12 20.2537386169 2.1967840945 0 0 0 0 12 0 0 0 0 0 0 5 
88 1 25.8395 23.9432 15.0463 -0.00160479 -3.27546e-04 9.28509e-04 0.001882755 0.0 16 24.7013969933 2.2702355508 0 0 0 1 10 5 0 0 0 0 0 6 
361 2 19.0681 26.1025 11.7731 -2.52573e-04 -0.00309991 -0.00384177 0.0049429173 0.0 14 18.4771237106 2.1153786836 0 0 0 4 5 4 1 0 0 0 0 7 
396 1 22.7559 18.2363 9.99395 -6.944e-04 -0.00314775 0.001215 0.0034448144 0.0 16 23.1189719255 2.2476760331 0 0 2 2 5 5 1 1 0 0 0 8 
679 1 19.8137 17.4755 10.9699 5.27707e-04 0.00153682 4.71226e-05 0.0016255802 0.0 16 23.8858741714 2.4536674002 0 0 1 3 5 6 0 1 0 0 0 8 
942 2 4.91873 1.22838 22.91 2.55621e-04 0.00208152 -5.85639e-04 0.0021773931 0.0 16 18.1111856808 2.5005670563 0 0 2 4 2 6 0 2 0 0 0 8 
388 1 1.54928 26.6771 23.1392 -0.00145386 9.02868e-04 -0.00294018 0.0034019903 0.0 19 24.2585737459 2.5005670563 0 0 4 4 4 2 2 1 1 0 1 11 
197 2 8.80661 0.347525 22.3977 5.77848e-04 -0.0021863 -1.42519e-04 0.0022658614 0.0 14 16.7538724971 2.4808015071 0 0 1 2 7 2 2 0 0 0 0 7 
153 1 0.661561 2.67962 22.6842 -3.3359e-04 -0.00103437 -5.6679e-05 0.0010883088 0.0 16 23.3323359083 2.5005670563 0 0 1 3 7 3 0 2 0 0 0 8 
835 2 7.32374 1.30448 21.1492 -0.00140583 0.00145503 0.00161127 0.002586438 0.0 13 18.6468043553 2.2684953895 0 0 0 3 6 4 0 0 0 0 0 6 
871 2 6.8962 4.5009 -0.0436255 0.00314274 -9.4488e-04 7.16278e-05 0.0032824904 0.0 11 13.1421871454 2.0643623005 0 0 1 3 4 2 1 0 0 0 0 7 
177 1 4.3827 1.92031 19.9019 -0.00236049 0.00407532 -8.54424e-04 0.0047864587 0.0 17 22.2958736079 2.5005670563 0 0 2 4 4 5 0 1 0 1 0 10 
427 1 0.733702 7.90927 24.0065 -0.00261118 -0.00102146 -1.1342e-04 0.002806155 0.0 15 21.5549464271 2.1932348598 0 0 0 5 2 8 0 0 0 0 0 6 
767 1 2.9424 8.23519 21.3216 -0.00576959 0.00132003 0.003049 0.0066578562 0.0 13 21.5838865067 2.1932348598 0 0 0 4 4 5 0 0 0 0 0 6 
583 1 5.66311 8.59417 19.6762 -0.00171901 0.00137847 0.00187139 0.0028908953 0.0 13 20.4092196919 2.1784298412 0 0 0 3 6 4 0 0 0 0 0 6 
849 1 1.38647 8.8626 26.6736 -0.00338736 -0.00261278 0.0041821 0.0059825402 0.0 14 20.000301978 2.344274539 0 0 0 2 8 4 0 0 0 0 0 6 
297 2 6.18558 6.29699 25.5932 7.28526e-04 3.62979e-04 7.3398e-04 0.0010960066 0.0 15 18.9907295453 2.1721825457 0 0 1 1 9 2 2 0 0 0 0 7 
963 1 8.56551 7.98136 18.9772 -0.00103701 0.00326994 -0.00432198 0.005517917 0.0 15 23.1147329362 2.353765209 0 0 1 2 8 2 1 1 0 0 0 8 
200 1 3.92935 8.60013 25.3467 -6.07921e-04 4.90338e-04 0.00281174 0.0029181983 0.0 13 22.0113766009 2.2419556444 0 0 0 1 10 2 0 0 0 0 0 6 
851 1 9.05295 4.9762 19.3683 -0.00233202 -5.95801e-04 -0.00387249 0.0045595477 0.0 17 22.9771909682 2.2829569717 0 0 0 4 5 7 1 0 0 0 0 7 
613 2 5.60078 1.94981 25.6547 0.00261242 9.08401e-04 9.70422e-04 0.0029311516 0.0 19 14.418358127 2.1432333574 0 0 3 4 4 3 2 2 1 0 0 9 
759 1 4.12257 5.97242 20.0238 0.00244833 0.00242958 -0.00906408 0.0096981815 0.0 14 20.1394157745 2.1784298412 0 0 0 2 8 4 0 0 0 0 0 6 
49 1 2.01361 2.11837 17.3089 8.98056e-04 -0.00185908 -0.00323601 0.0038385471 0.0 13 21.234891335 2.3251343304 0 0 0 1 10 2 0 0 0 0 0 6 
392 1 4.61939 6.91802 23.0524 0.00181416 -4.15036e-04 0.0023492 0.0029970272 0.0 17 23.5390934503 2.1881213015 0 0 1 1 8 6 1 0 0 0 0 7 
349 1 3.41434 7.31335 17.0652 0.00191753 -0.00189582 -0.00257211 0.0037265003 0.0 13 19.8038797194 2.1784298412 0 0 0 1 10 2 0 0 0 0 0 6 
521 1 6.30714 3.96733 19.3481 -4.97828e-04 6.64245e-04 -9.90203e-04 0.001292113 0.0 13 20.6918881959 2.252541914 0 0 1 2 6 3 1 0 0 0 0 7 
294 1 7.46821 1.60698 18.1085 0.00319097 -0.00224697 -0.00122349 0.004089999 0.0 15 21.3698705604 2.2829569717 0 0 1 5 2 4 3 0 0 0 0 7 
232 1 3.89885 4.28263 17.8535 0.00386422 2.67838e-04 0.00305229 0.0049315725 0.0 13 19.0424688201 2.1405038376 0 0 0 3 6 4 0 0 0 0 0 6 
769 1 1.38177 6.53963 19.0137 3.90104e-04 0.00161846 0.00108932 0.0019895256 0.0 14 22.5117937522 2.2675414412 0 0 0 4 4 6 0 0 0 0 0 6 
589 1 6.91592 6.42777 21.0165 0.00120844 -0.00256861 1.54296e-04 0.0028428668 0.0 14 21.0577092959 2.0577508706 0 0 0 0 12 2 0 0 0 0 0 6 
45 1 2.28378 5.86116 25.8296 0.00247792 -0.0023014 6.94839e-05 0.0033825076 0.0 16 22.8814095296 2.3400703877 0 0 0 3 7 5 1 0 0 0 0 7 
275 1 2.19804 3.5605 20.2525 0.00190761 -0.00409356 -6.53189e-04 0.0045632078 0.0 17 23.5428664911 2.4976413362 0 0 2 3 6 4 0 1 0 1 0 10 
555 1 2.07459 5.51169 22.2661 0.00102243 2.39129e-04 0.00124751 0.001630591 0.0 15 22.6177897669 2.3422368591 0 0 1 2 7 3 2 0 0 0 0 7 
228 2 4.89516 4.23483 25.1149 0.00214854 1.89143e-04 9.00941e-04 0.0023374546 0.0 14 14.9938830213 2.1881213015 0 0 4 1 3 3 2 0 1 0 0 9 
61 2 5.07621 3.75165 22.4003 3.19809e-04 -0.00337303 4.58885e-05 0.0033884679 0.0 15 19.4466715861 2.146343881 0 0 1 2 5 7 0 0 0 0 0 6 
820 2 7.0204 4.65768 23.6897 0.00389478 -0.00465092 0.00316273 0.0068412886 0.0 14 15.0078952707 2.0081882349 0 0 1 1 8 3 1 0 0 0 0 7 
377 2 7.24109 1.94824 23.7912 5.84378e-04 0.0012018 -3.52363e-04 0.0013820205 0.0 13 12.6913682815 1.8965712202 0 0 2 1 6 3 0 1 0 0 0 8 
661 2 3.25818 3.00276 23.8047 0.00344349 4.84172e-04 4.55676e-05 0.0034776605 0.0 14 18.4508516907 2.4933622877 0 0 2 5 1 2 3 1 0 0 0 8 
423 2 8.15452 7.11258 24.0763 -0.00325101 0.00165471 0.002377 0.0043539936 0.0 12 16.5373705575 2.144290864 0 0 0 0 12 0 0 0 0 0 0 5 
157 2 8.39129 3.42546 21.9591 -0.00138695 0.0024867 0.00269527 0.0039206871 0.0 14 18.1909256845 2.2829569717 0 0 1 2 6 4 1 0 0 0 0 7 
1 2 8.23212 2.83828 25.6386 -5.01792e-04 -0.00478695 -0.00155081 0.0050568466 0.0 15 14.0428269658 2.0743535441 0 0 1 1 7 6 0 0 0 0 0 6 
988 2 7.56112 0.869956 0.308034 -0.00379792 0.00180809 6.84581e-04 0.0042616941 0.0 14 14.1333667594 2.1407285419 0 0 2 2 5 3 1 1 0 0 0 8 
794 1 16.9175 4.37219 23.2175 -4.16317e-04 -0.00130894 0.00183889 0.0022952473 0.0 15 20.3640529573 2.195705038 0 0 1 4 3 5 2 0 0 0 0 7 
971 2 8.99152 5.1387 25.3927 0.00210118 0.00170155 9.45214e-04 0.0028642031 0.0 13 13.610958757 1.9277068473 0 0 0 1 10 2 0 0 0 0 0 6 
901 1 14.1139 4.16219 25.4393 -7.68976e-04 -5.40663e-06 -0.00332108 0.0034089479 0.0 17 23.9275467769 2.1959641784 0 0 0 2 8 7 0 0 0 0 0 6 
27 1 16.5711 5.60679 26.0064 -1.13697e-04 2.08947e-05 0.00263529 0.0026378243 0.0 14 21.4936830331 2.3414802318 0 0 3 1 5 2 2 1 0 0 0 8 
454 1 16.6546 2.76711 25.3737 -4.82146e-04 -5.11386e-04 0.00141168 0.0015769657 0.0 14 20.9799765805 2.1608698456 0 0 0 2 8 4 0 0 0 0 0 6 
340 1 14.0533 0.289081 25.4228 -0.00299074 -8.21952e-05 6.06579e-04 0.0030527397 0.0 15 23.1716456457 2.2612717783 0 0 0 1 10 4 0 0 0 0 0 6 
2 2 13.1199 3.12408 17.6232 0.00118422 2.76922e-04 -0.0020201 0.002357937 0.0 15 18.5888417775 2.1899793421 0 0 0 2 8 5 0 0 0 0 0 6 
622 1 17.2495 26.1355 20.4351 0.00131127 1.80093e-04 0.0043375 0.0045349497 0.0 14 22.5167221901 2.3427398216 0 0 1 2 6 4 1 0 0 0 0 7 
948 1 10.5417 1.96039 19.2231 -6.50925e-04 0.00187871 0.00184314 0.0027111657 0.0 16 25.1531012552 2.4808015071 0 0 1 3 5 5 2 0 0 0 0 7 
998 2 13.8574 5.19996 18.4659 0.00157797 -0.00254083 -0.00441119 0.0053295782 0.0 12 14.7852243419 2.073466026 0 0 0 2 8 2 0 0 0 0 0 6 
134 1 16.5192 7.63695 22.811 7.7131e-05 -5.16403e-04 -0.00213959 0.0022023775 0.0 14 22.9606964116 2.3105482806 0 0 2 1 7 2 1 1 0 0 0 8 
86 1 13.2044 0.701694 20.4076 0.00139072 -4.80929e-04 -4.98256e-05 0.0014723714 0.0 16 24.7864286482 2.4558605284 0 0 1 5 3 5 1 0 1 0 0 9 
492 2 12.1759 8.1565 22.1483 -6.61994e-04 0.00102147 6.81408e-04 0.0013949745 0.0 14 19.8296918143 2.2658021991 0 0 1 1 8 3 1 0 0 0 0 7 
464 1 14.097 7.14671 25.0101 0.00188562 9.86162e-04 -0.00153251 0.0026223396 0.0 18 25.3823045522 2.3414802318 0 0 3 2 5 5 0 3 0 0 0 8 
16 2 10.8443 7.07366 23.9803 2.5783e-04 -0.00323831 -0.00189467 0.003760705 0.0 14 17.3324914956 2.1822412941 0 0 0 2 8 4 0 0 0 0 0 6 
445 2 8.69188 0.508947 24.8774 -8.98117e-04 8.11796e-04 4.59862e-04 0.0012950289 0.0 13 13.5379591254 2.1362408005 0 0 1 3 4 4 1 0 0 0 0 7 
609 1 17.3625 26.6112 0.1385 4.81276e-04 0.00260141 0.0011809 0.0028971513 0.0 15 22.74042878 2.2851510777 0 0 0 2 8 5 0 0 0 0 0 6 
70 2 9.8163 2.39011 23.5911 -0.00258965 -0.00266796 -0.00204319 0.0042425138 0.0 14 15.4038784722 2.3298031361 0 0 1 2 6 4 1 0 0 0 0 7 
874 2 11.8487 3.40429 22.1821 -0.00211789 0.00108492 -0.00209517 0.0031705278 0.0 16 21.0101736354 2.4026942075 0 0 1 4 3 6 2 0 0 0 0 7 
816 2 10.0484 7.59192 21.6231 -7.33817e-05 -8.75073e-04 8.20095e-04 0.0012015379 0.0 12 16.700630066 2.1159896146 0 0 0 0 12 0 0 0 0 0 0 5 
927 1 16.6098 5.41544 20.4557 -0.00327064 -0.00167029 4.73917e-04 0.0037029113 0.0 14 21.4079785933 2.3437346895 0 0 1 2 7 2 2 0 0 0 0 7 
99 2 11.2789 5.71614 21.837 -0.00228025 -0.00211089 -8.27e-05 0.0031084137 0.0 12 13.8962955271 2.1599979252 0 0 1 2 5 4 0 0 0 0 0 6 
36 2 12.0682 4.63989 19.7654 0.00202129 0.00605196 0.00185657 0.0066452002 0.0 12 16.1285548359 2.211749289 0 0 0 2 8 2 0 0 0 0 0 6 
664 1 17.198 0.195139 23.8211 -0.00208438 0.00350587 -0.00281665 0.004956741 0.0 13 21.5040229338 2.1608698456 0 0 0 3 6 4 0 0 0 0 0 6 
50 1 14.9123 2.26267 23.0958 0.00305989 -0.00109502 4.37369e-04 0.0032792205 0.0 13 21.9845894033 2.2898761846 0 0 0 4 4 5 0 0 0 0 0 6 
693 2 11.3354 4.73212 24.2512 -0.00672753 -0.00132224 -5.43921e-04 0.0068777779 0.0 12 16.2325185088 2.1212156053 0 0 0 3 6 3 0 0 0 0 0 6 
46 2 11.5893 7.093 19.5844 0.00103358 -0.00161398 -8.5461e-04 0.0020984702 0.0 16 18.9900650253 2.353765209 0 0 1 2 6 6 1 0 0 0 0 7 
734 1 16.4483 1.26829 18.505 0.00398954 0.00149505 -7.96081e-04 0.0043342068 0.0 16 23.4303004786 2.343858891 0 0 0 7 1 6 1 1 0 0 0 8 
169 1 14.192 5.26566 22.4239 -0.00306318 8.8128e-04 0.00144741 0.0035006745 0.0 16 22.1793784473 2.2644073602 0 0 1 5 3 4 2 1 0 0 0 8 
739 1 18.2443 7.88073 20.158 -5.77816e-04 -8.74283e-04 0.00206007 0.0023113049 0.0 15 21.9325893348 2.2556645612 0 0 0 3 6 6 0 0 0 0 0 6 
552 2 9.26312 5.57558 22.8916 -1.93995e-04 0.00271541 -0.00112882 0.0029470867 0.0 12 13.3217722219 1.9930850993 0 0 0 2 8 2 0 0 0 0 0 6 
889 1 14.6148 7.47727 20.5442 -0.00298933 0.0020511 0.00501818 0.0061907379 0.0 15 21.9346913641 2.3077065497 0 0 1 5 2 4 3 0 0 0 0 7 
873 1 14.8216 3.1095 20.3167 0.00225373 -4.63756e-04 -9.68448e-04 0.0024964495 0.0 17 21.8680169831 2.343858891 0 0 3 4 3 3 1 2 1 0 0 9 
450 2 11.6739 1.99089 25.1268 0.00151484 0.00100697 -0.00185072 0.0025949746 0.0 12 17.9131012237 2.1917676353 0 0 0 5 2 5 0 0 0 0 0 6 
499 2 11.4793 5.70075 26.8619 -0.00436363 0.00102422 0.00176967 0.0048189237 0.0 14 17.9907402922 2.1822412941 0 0 0 2 8 4 0 0 0 0 0 6 
921 2 9.05489 7.37955 26.3789 0.00118271 0.0015764 6.16742e-04 0.0020649965 0.0 15 17.8725538562 2.1561736521 0 0 1 2 6 5 1 0 0 0 0 7 
539 2 10.746 3.35367 26.8921 0.00184489 0.00194947 0.00535819 0.0059928501 0.0 13 14.8423817251 2.055671136 0 0 0 3 6 4 0 0 0 0 0 6 
325 1 21.1664 7.85089 21.5934 -0.00357331 -0.00242157 0.0016564 0.004623441 0.0 12 21.4359237197 2.3534480152 0 0 1 2 6 2 1 0 0 0 0 7 
915 1 23.7338 4.15827 19.0306 0.00288873 0.00159251 -9.48859e-04 0.0034323727 0.0 13 20.2628874524 2.2599418255 0 0 0 3 6 4 0 0 0 0 0 6 
393 1 21.2211 3.04843 18.5972 -4.93501e-04 8.48127e-04 0.00182408 0.002071263 0.0 14 20.043632663 2.2222089296 0 0 0 2 8 4 0 0 0 0 0 6 
480 1 23.7264 7.15299 23.2359 -0.00239628 -0.00197086 -0.00185481 0.0036147984 0.0 17 22.5226830819 2.3179125184 0 0 3 2 5 2 4 1 0 0 0 8 
426 1 26.5913 0.866129 25.2394 -0.00257896 9.37732e-04 -0.0034607 0.0044166526 0.0 15 21.0940649292 2.163263648 0 0 2 1 7 2 3 0 0 0 0 7 
447 1 21.8176 4.80536 21.0344 -0.00161467 -0.00202849 0.00240321 0.003535159 0.0 13 21.7055429641 2.3179125184 0 0 0 3 6 4 0 0 0 0 0 6 
51 1 24.8953 2.89012 24.7549 -0.00356951 3.86956e-04 0.001417 0.0038599256 0.0 12 18.1313089257 2.150933646 0 0 1 3 4 3 1 0 0 0 0 7 
527 2 19.6553 5.50293 16.8003 0.00101648 -0.00179226 -0.00221069 0.0030220155 0.0 11 14.2430649038 2.1834186652 0 0 1 2 5 3 0 0 0 0 0 6 
387 1 19.6963 3.11008 23.0111 -2.00608e-04 0.00155854 -0.00156914 0.002220696 0.0 14 21.0728968545 2.2675512243 0 0 0 5 4 3 2 0 0 0 0 7 
246 1 21.3725 8.52191 24.1936 1.68982e-04 7.7485e-04 6.8143e-04 0.0010456071 0.0 14 22.4856375302 2.3631008612 0 0 2 2 4 4 2 0 0 0 0 7 
461 1 24.1727 3.09394 22.1859 -0.00392477 0.0012985 -0.0039368 0.0057086177 0.0 15 22.8543232934 2.3179125184 0 0 1 1 9 2 2 0 0 0 0 7 
62 1 23.787 7.03843 19.8892 -0.00446957 0.00107038 -0.00447572 0.0064152037 0.0 13 21.6096514486 2.2874460047 0 0 0 1 10 2 0 0 0 0 0 6 
770 1 19.875 1.33389 25.3119 0.00479319 -0.00153838 -0.00129748 0.0051985323 0.0 15 23.040796178 2.2362994395 0 0 1 2 7 3 2 0 0 0 0 7 
320 1 24.7864 8.76943 25.5146 -7.63487e-04 -8.97913e-04 -5.90627e-04 0.0013183324 0.0 16 21.3615246591 2.2569043633 0 0 2 3 4 4 2 1 0 0 0 8 
222 1 23.7282 5.32775 25.3821 0.00175013 0.00221389 6.29443e-04 0.0028914464 0.0 13 19.7519287419 2.2569043633 0 0 1 2 6 3 1 0 0 0 0 7 
154 1 25.8132 5.13258 20.4313 0.00226492 0.00149605 -0.00256411 0.0037339909 0.0 14 21.6360855796 2.3179125184 0 0 0 1 10 3 0 0 0 0 0 6 
993 1 23.5621 1.19257 19.6316 -0.00566291 2.26917e-04 -0.00227273 0.0061061725 0.0 18 24.8895125384 2.267348889 0 0 0 5 4 7 2 0 0 0 0 7 
168 1 19.0802 5.81832 22.0576 4.45778e-04 -7.13863e-04 0.0022488 0.0024011289 0.0 14 21.2539996805 2.1944842562 0 0 1 4 3 4 2 0 0 0 0 7 
34 1 21.5007 5.12312 23.8844 -0.00272525 -9.42524e-04 -3.46712e-04 0.0029044015 0.0 15 21.4314531447 2.2799457643 0 0 1 4 3 5 2 0 0 0 0 7 
241 1 22.8799 1.01816 23.888 -0.00208422 -9.52639e-04 7.21223e-04 0.0024024272 0.0 15 21.8918513901 2.295842448 0 0 0 5 3 6 1 0 0 0 0 7 
922 1 17.3114 2.1826 21.5137 -1.92387e-04 -0.00145808 5.46338e-04 0.0015689153 0.0 15 20.7860742216 2.3427398216 0 0 2 3 4 3 2 1 0 0 0 8 
103 2 20.9423 6.44531 18.499 0.00178399 -6.13413e-04 7.90264e-04 0.0020453393 0.0 15 19.339169898 2.2542677839 0 0 0 4 4 7 0 0 0 0 0 6 
68 1 26.2517 2.36369 19.9035 5.86615e-04 0.0023095 -0.00148552 0.0028079667 0.0 11 21.3958367419 2.216309181 0 0 0 4 4 3 0 0 0 0 0 6 
287 1 21.3102 1.90114 21.3783 -0.0013685 0.00259621 0.00146327 0.0032793685 0.0 15 21.7993245363 2.2799457643 0 0 1 5 3 2 4 0 0 0 0 7 
4 1 18.8967 3.84736 20.0298 4.56691e-05 6.65541e-04 0.0019326 0.0020444983 0.0 16 21.4985689088 2.343858891 0 0 0 5 5 3 3 0 0 0 0 7 
878 1 18.5965 7.34127 25.0167 0.0019692 -7.88594e-04 3.41979e-04 0.0021486225 0.0 16 23.4417528291 2.3174324055 0 0 2 3 2 7 2 0 0 0 0 7 
846 1 22.0695 3.14074 25.7914 0.00270002 -1.99525e-04 0.00130298 0.003004609 0.0 15 20.5686493639 2.2176160401 0 0 1 4 3 5 2 0 0 0 0 7 
806 1 26.1162 5.49 23.5066 0.00395885 6.32471e-04 -9.03152e-04 0.0041095251 0.0 13 21.0728105726 2.333030957 0 0 1 3 4 4 1 0 0 0 0 7 
542 1 25.2139 0.302279 22.3212 0.00361439 -0.00130494 -0.00111556 0.0040013945 0.0 13 22.6705360325 2.1949329963 0 0 1 3 3 6 0 0 0 0 0 6 
716 1 26.4572 7.72012 21.3628 -0.00122508 -0.00185084 0.00130645 0.002575508 0.0 15 23.3169091886 2.2392085439 0 0 0 2 8 5 0 0 0 0 0 6 
623 1 23.9705 1.00865 26.514 -0.00180422 -0.00101521 0.00359311 0.0041468422 0.0 14 19.4774499843 2.1733057224 0 0 1 4 2 6 1 0 0 0 0 7 
675 1 25.2236 6.25824 17.4403 -7.29505e-04 -0.00188409 -0.00211855 0.002927495 0.0 15 22.4704651664 2.3223137267 0 0 0 4 5 5 1 0 0 0 0 7 
654 1 19.1531 1.04246 19.2162 -0.00137545 0.00115889 -0.00147969 0.002329028 0.0 14 21.5922080177 2.2951639164 0 0 0 4 5 4 1 0 0 0 0 7 
328 1 19.1311 4.27739 25.9101 -0.00305583 -6.88377e-04 -0.0032021 0.0044794424 0.0 13 21.8173495383 2.1625565724 0 0 0 1 10 2 0 0 0 0 0 6 
374 1 4.16377 18.1743 26.4265 8.23667e-04 -7.82996e-04 -0.00229269 0.0025588938 0.0 15 23.0847453463 2.4111074024 0 0 1 1 9 2 2 0 0 0 0 7 
705 1 2.36787 16.0289 18.615 -0.00373757 -1.46569e-05 9.87397e-04 0.0038658243 0.0 14 22.7129350232 2.2429841965 0 0 1 2 6 4 1 0 0 0 0 7 
435 1 3.57895 17.2084 21.1615 8.81086e-04 -0.00388247 0.00189762 0.0044103115 0.0 16 22.6718597963 2.2470027907 0 0 0 4 4 8 0 0 0 0 0 6 
335 1 1.78139 13.3469 25.9581 -0.00434278 0.00282742 8.75111e-04 0.0052554601 0.0 16 24.3099402351 2.344274539 0 0 0 4 4 8 0 0 0 0 0 6 
883 1 2.01396 9.31484 18.9071 0.00351863 -0.00157272 7.52082e-04 0.0039268095 0.0 16 22.1177856051 2.2392085439 0 0 1 2 7 4 2 0 0 0 0 7 
73 1 8.0441 14.8973 20.8955 -0.00106108 0.00214448 0.00119208 0.0026731517 0.0 15 21.6994133386 2.340896987 0 0 0 4 6 3 2 0 0 0 0 7 
506 1 6.80872 18.0751 21.2894 -0.0032719 0.0013324 -0.00208366 0.0041014947 0.0 14 23.2194396254 2.2470027907 0 0 2 2 4 4 2 0 0 0 0 7 
511 1 5.68942 15.6398 22.3552 -0.00199892 -0.00331888 0.00237063 0.0045420846 0.0 13 21.5304824969 2.2290050533 0 0 0 3 6 4 0 0 0 0 0 6 
870 1 4.34886 11.7362 25.177 -0.001052 -0.00263289 1.10171e-04 0.0028374198 0.0 13 20.7783911227 2.2599359678 0 0 0 3 6 4 0 0 0 0 0 6 
648 1 3.35439 16.3932 24.0963 8.57284e-04 3.56357e-04 -6.96718e-04 0.0011607507 0.0 14 23.5865707632 2.2809230204 0 0 1 3 4 5 1 0 0 0 0 7 
597 1 4.98041 14.4268 25.3867 -0.00451351 -0.00280844 8.23599e-05 0.0053165676 0.0 16 23.2678476495 2.2520634104 0 0 1 2 8 3 1 1 0 0 0 8 
402 1 2.13138 10.4612 24.3312 0.00243952 -6.49036e-04 -0.00340492 0.0042386302 0.0 13 20.8289364986 2.344274539 0 0 0 3 6 4 0 0 0 0 0 6 
615 1 6.67006 9.69083 24.9912 -0.00214015 -8.58274e-04 0.00240884 0.0033345744 0.0 14 21.8214221141 2.2299571921 0 0 1 1 8 3 1 0 0 0 0 7 
899 1 7.45963 10.8915 19.7773 4.59485e-04 -0.00255358 5.90809e-04 0.0026610059 0.0 14 20.9798962139 2.239680455 0 0 1 3 4 5 1 0 0 0 0 7 
543 1 6.23546 17.9632 24.2655 -9.73412e-04 0.00177928 2.71649e-04 0.0020462555 0.0 16 23.7006511108 2.2473056759 0 0 1 4 4 4 3 0 0 0 0 7 
814 1 3.53079 13.2349 22.664 2.9099e-04 0.00301462 -0.00601788 0.0067370237 0.0 16 24.1184800336 2.4064244732 0 0 0 4 5 6 1 0 0 0 0 7 
587 1 4.44266 11.1983 19.7156 8.9427e-04 0.0020183 -0.00141871 0.0026241173 0.0 15 21.9140409795 2.2386834743 0 0 2 3 2 6 2 0 0 0 0 7 
48 1 1.70801 10.9743 21.3762 -0.00193257 -0.00299637 -0.00170345 0.0039515569 0.0 13 21.5084504671 2.3434226019 0 0 1 2 5 5 0 0 0 0 0 6 
932 1 7.24901 9.23202 22.0123 6.55694e-04 -8.43034e-04 -7.08497e-04 0.0012816431 0.0 15 21.8069516525 2.1831107328 0 0 2 1 6 4 2 0 0 0 0 7 
439 1 5.69454 16.3488 19.3334 -1.02139e-04 -5.75014e-04 -0.00306519 0.0031203306 0.0 13 19.9342173227 2.2086493717 0 0 0 2 8 3 0 0 0 0 0 6 
645 1 4.54948 10.4479 22.7422 1.41598e-04 -0.00189562 0.00403004 0.0044558554 0.0 14 21.3583499582 2.172609638 0 0 2 2 4 4 2 0 0 0 0 7 
424 1 6.40614 12.6857 22.0343 -5.89505e-05 0.00430204 -7.32997e-04 0.0043644367 0.0 16 22.3531759727 2.1831107328 0 0 2 2 5 5 1 1 0 0 0 8 
832 1 3.90063 14.0625 19.9497 -0.00265269 -0.0014148 0.00183211 0.0035206605 0.0 15 21.5317742031 2.3926766615 0 0 2 2 6 2 2 1 0 0 0 8 
844 1 1.86976 12.3909 18.9579 9.67513e-04 4.90759e-04 -1.7896e-04 0.0010995238 0.0 14 20.7641900575 2.4064244732 0 0 2 3 3 4 1 1 0 0 0 8 
417 1 0.991428 15.7831 21.4949 -2.20648e-04 -0.00181636 -0.00208479 0.0027738418 0.0 15 24.3957531892 2.4064244732 0 0 0 5 4 4 2 0 0 0 0 7 
47 1 7.53189 12.3834 24.8767 9.49472e-04 -0.0033653 0.00405384 0.0053535371 0.0 13 21.3991610999 2.2358408593 0 0 2 1 7 1 1 1 0 0 0 8 
218 1 6.50619 16.4288 26.5831 9.99435e-04 -0.00221005 -4.20292e-04 0.0024616736 0.0 14 22.0656795479 2.4111074024 0 0 1 4 4 3 1 1 0 0 0 8 
628 1 0.370854 13.0568 22.9757 -0.00101214 -0.00258839 -0.00255316 0.0037739656 0.0 14 23.5756530572 2.4064244732 0 0 0 3 6 5 0 0 0 0 0 6 
707 1 0.594505 18.5631 19.7834 -3.99179e-04 -0.0018768 -9.6653e-05 0.0019212142 0.0 14 23.2501153776 2.3043300053 0 0 0 2 9 2 1 0 0 0 0 7 
237 1 8.25487 14.9753 24.2371 8.36096e-04 1.74123e-04 -0.00254049 0.0026801986 0.0 15 23.2604515302 2.412644085 0 0 2 1 7 3 1 1 0 0 0 8 
761 1 9.1398 12.2139 21.8054 0.00193549 0.00261899 -0.00136229 0.0035300233 0.0 14 21.3162298623 2.2965827271 0 0 0 4 5 4 1 0 0 0 0 7 
581 1 0.415106 15.6923 24.6875 -0.00339972 0.00139554 5.95705e-04 0.0037229682 0.0 14 23.2621388414 2.2809230204 0 0 0 4 4 6 0 0 0 0 0 6 
985 1 11.6727 12.173 -0.0852968 0.00492907 -4.64007e-04 -2.68721e-04 0.0049581493 0.0 14 22.9104275666 2.3151427832 0 0 1 1 8 3 1 0 0 0 0 7 
632 1 9.03994 10.3105 0.144908 -4.06105e-05 -0.00140892 -0.00262101 0.0029759701 0.0 15 23.4247017567 2.2416092958 0 0 0 0 12 3 0 0 0 0 0 6 
398 2 15.5614 12.3332 18.5518 8.74577e-05 -0.00435616 0.00147216 0.0045990253 0.0 16 21.0644849968 2.3388066061 0 0 0 3 8 3 2 0 0 0 0 7 
594 1 13.2144 12.7445 24.3117 -9.23372e-04 0.00339469 -0.0032786 0.0048089244 0.0 14 20.0615706699 2.1639855633 0 0 0 3 7 3 1 0 0 0 0 7 
789 1 14.5459 10.24 23.262 -6.9391e-04 -0.00200673 -4.05265e-06 0.0021233212 0.0 14 22.9442157678 2.2616731148 0 0 0 2 8 4 0 0 0 0 0 6 
639 1 17.217 15.8879 24.9678 -0.00566923 -0.00430171 -7.49602e-04 0.0071558913 0.0 16 24.0787345759 2.366356683 0 0 1 4 4 5 1 1 0 0 0 8 
266 1 17.4072 18.3298 20.9479 -0.00101129 -7.3201e-04 -0.00178855 0.0021811596 0.0 13 21.3872581848 2.2891092851 0 0 0 4 4 5 0 0 0 0 0 6 
706 1 10.5372 10.3245 20.0522 -0.00289866 -7.74991e-04 -5.82336e-04 0.0030564614 0.0 15 22.5148030881 2.33501051 0 0 1 1 9 2 2 0 0 0 0 7 
469 1 9.28904 17.9335 25.0721 -2.07209e-04 0.00279587 -4.8821e-04 0.002845729 0.0 15 23.3533434057 2.412644085 0 0 1 3 5 4 2 0 0 0 0 7 
63 1 14.4296 15.1695 25.9404 -0.00302749 0.00176544 0.00181188 0.0039452989 0.0 14 21.6864822015 2.2971196491 0 0 2 0 7 4 1 0 0 0 0 7 
185 1 10.6169 15.3541 19.7337 -0.00240903 2.24512e-04 -0.0036945 0.0044162384 0.0 13 20.7963635203 2.2973725562 0 0 0 5 3 4 1 0 0 0 0 7 
934 1 9.70991 16.9621 22.5191 0.00281533 -0.00103505 5.74744e-04 0.0030541353 0.0 14 21.9494146861 2.340896987 0 0 0 4 5 4 1 0 0 0 0 7 
540 1 8.8649 13.9444 26.7499 -0.00273766 0.00117586 0.00228739 0.0037562724 0.0 14 21.7810557259 2.412555754 0 0 2 2 5 3 1 1 0 0 0 8 
242 1 11.9713 17.4775 26.5869 -0.00272301 0.00510268 -0.00178648 0.0060533988 0.0 16 21.6048531876 2.2808434343 0 0 2 3 5 2 3 1 0 0 0 8 
262 1 17.1733 9.86078 24.6974 0.00125322 -0.00210925 -2.51717e-04 0.0024663449 0.0 15 22.2878511863 2.3414802318 0 0 1 2 5 7 0 0 0 0 0 6 
156 1 14.9012 13.2176 22.1374 -0.00330417 0.00141676 0.00165284 0.0039568458 0.0 16 23.4189170189 2.366356683 0 0 1 1 8 5 1 0 0 0 0 7 
897 1 9.34674 10.1008 23.5831 0.00211312 0.00201615 0.00128215 0.003189678 0.0 15 21.9197691029 2.2416092958 0 0 1 0 10 3 1 0 0 0 0 7 
263 1 17.4583 15.8696 18.5041 0.00310277 0.00216347 -0.00153269 0.0040812893 0.0 16 22.2517929121 2.3187519902 0 0 0 3 8 3 2 0 0 0 0 7 
939 1 12.4909 17.3159 20.9675 0.00239597 -0.00224284 -0.00273487 0.0042720624 0.0 14 20.5094534685 2.1105624633 0 0 1 3 3 7 0 0 0 0 0 6 
956 1 10.4924 13.2097 23.9745 0.00279251 0.002604 0.0039415 0.0054876544 0.0 15 21.458462751 2.340896987 0 0 0 3 6 6 0 0 0 0 0 6 
280 1 12.2765 11.4603 22.1445 6.74599e-04 0.00188622 -0.00312434 0.0037113892 0.0 12 19.2503127558 2.1368970413 0 0 0 0 12 0 0 0 0 0 0 5 
595 1 12.1885 12.7868 19.393 -3.04334e-04 0.00269374 -9.32729e-04 0.0028668515 0.0 16 22.0500469173 2.2628972153 0 0 1 2 8 2 3 0 0 0 0 7 
877 1 14.2432 15.032 19.941 0.00314789 -5.57211e-04 6.20534e-04 0.0032564947 0.0 14 21.63013426 2.3363439973 0 0 0 3 6 5 0 0 0 0 0 6 
268 1 13.4239 10.1379 20.0292 4.8786e-04 7.87648e-04 0.00186285 0.0020805304 0.0 15 22.5743922641 2.3089076371 0 0 1 1 9 2 2 0 0 0 0 7 
302 1 11.922 15.7711 24.1046 -0.00261602 0.00366024 -0.00316002 0.0054978763 0.0 14 21.3288656801 2.412644085 0 0 1 2 6 4 1 0 0 0 0 7 
478 1 12.2206 14.2412 21.7389 -0.00538466 -8.55701e-04 -0.0020906 0.0058392975 0.0 13 19.4085403704 2.340896987 0 0 0 1 10 2 0 0 0 0 0 6 
455 1 16.6984 15.6862 21.5047 0.00354983 0.00140682 -0.00251242 0.0045708522 0.0 13 22.5597421882 2.366356683 0 0 0 3 6 4 0 0 0 0 0 6 
29 1 16.1709 12.7111 25.1428 -0.00143568 -0.00201375 -2.48976e-04 0.0024856297 0.0 14 21.2811375536 2.365153934 0 0 2 0 7 4 1 0 0 0 0 7 
500 1 14.2738 16.138 22.8693 -0.00231823 -8.15198e-04 0.00535461 0.0058915691 0.0 16 22.4090050743 2.3175113778 0 0 1 3 4 7 1 0 0 0 0 7 
253 1 11.7704 10.0296 24.8046 -0.00124673 -0.00152557 -1.43026e-04 0.0019753875 0.0 13 22.3189653067 2.2416092958 0 0 0 1 10 2 0 0 0 0 0 6 
186 1 16.2897 10.0717 21.0179 -0.00348802 0.00124206 -7.25883e-04 0.0037730495 0.0 15 23.1804200585 2.3089076371 0 0 0 3 6 6 0 0 0 0 0 6 
272 1 21.9113 17.7086 20.263 2.67232e-04 0.00133052 2.80124e-05 0.0013573802 0.0 14 22.8591889557 2.1865230069 0 0 0 3 6 5 0 0 0 0 0 6 
113 2 18.9368 14.3866 16.2047 -9.3321e-04 -0.00234798 0.00169793 0.0030441513 0.0 14 15.7560706835 2.1975239336 0 0 1 2 6 4 1 0 0 0 0 7 
120 1 19.9316 17.9993 22.5563 -0.00286599 0.00219744 5.56692e-04 0.0036541137 0.0 16 22.4414262487 2.2944653831 0 0 0 5 3 7 1 0 0 0 0 7 
463 1 19.0682 9.72915 22.3885 -2.81823e-04 9.38416e-05 8.95916e-04 9.438728348e-04 0.0 15 22.1814599753 2.3925832182 0 0 0 2 8 5 0 0 0 0 0 6 
810 1 26.3664 10.9923 25.5618 -0.00131215 -0.00249041 -0.00293852 0.004069248 0.0 13 20.688156879 2.2971392726 0 0 0 5 2 6 0 0 0 0 0 6 
408 1 23.4181 9.49614 21.5909 0.00157619 9.05056e-04 0.00310902 0.0036013201 0.0 16 23.5505462963 2.3925832182 0 0 1 0 10 4 1 0 0 0 0 7 
383 1 18.726 13.3225 26.0469 -2.31998e-04 -9.95668e-04 -0.00207896 0.0023167332 0.0 15 21.3520370552 2.1426932552 0 0 0 2 8 5 0 0 0 0 0 6 
347 2 21.2423 9.81827 19.1336 -1.11864e-04 0.00217045 -0.00170226 0.002760626 0.0 15 19.6651163082 2.3647209309 0 0 1 2 7 3 2 0 0 0 0 7 
504 1 20.6706 12.5563 21.4532 -0.00170929 0.0035988 -6.63589e-04 0.0040389831 0.0 15 25.4691216197 2.3925832182 0 0 0 2 8 5 0 0 0 0 0 6 
601 2 18.8458 10.8611 19.3841 4.90312e-04 0.00156593 -0.00198714 0.0025770658 0.0 14 17.7440515376 2.1155334971 0 0 1 3 4 5 1 0 0 0 0 7 
604 1 26.4904 14.2232 19.2682 0.00469169 -0.00125827 -0.00188874 0.0052117691 0.0 16 22.9296473799 2.3287856063 0 0 1 2 7 4 2 0 0 0 0 7 
184 2 21.1958 15.6326 17.4386 -3.991e-04 -0.00134583 0.00192489 0.0023823813 0.0 14 17.2387685747 2.1975239336 0 0 1 2 7 2 2 0 0 0 0 7 
74 1 20.2884 11.4671 24.2222 -0.00163327 -0.00241983 -7.35244e-04 0.0030106032 0.0 13 21.3456984566 2.3925832182 0 0 0 5 2 6 0 0 0 0 0 6 
619 1 25.1173 13.6787 25.1276 -0.00356668 -0.00434282 -0.001796 0.0058997379 0.0 15 20.827435466 2.1339415641 0 0 0 5 2 8 0 0 0 0 0 6 
847 1 24.8799 16.9387 19.8751 0.00310094 8.9696e-04 0.00188111 0.0037361666 0.0 14 21.8379739617 2.2408874683 0 0 1 3 5 3 2 0 0 0 0 7 
929 1 23.1449 11.0502 24.7862 0.00260371 0.00285207 0.00190776 0.0043073376 0.0 14 21.1611170228 2.330071949 0 0 1 3 4 5 1 0 0 0 0 7 
563 2 23.0987 14.6521 19.0998 -0.00237668 -0.00204237 0.00206963 0.0037554296 0.0 16 20.8391481227 2.2716157778 0 0 0 1 10 5 0 0 0 0 0 6 
925 1 19.1777 14.516 23.0781 -0.00181945 5.95028e-04 -0.00474657 0.0051180449 0.0 13 21.2860850935 2.298990675 0 0 1 2 6 3 1 0 0 0 0 7 
653 1 22.1049 14.0047 24.737 4.78073e-04 -0.00444631 0.00116532 0.0046212766 0.0 13 21.3335589871 2.177478525 0 0 0 3 6 4 0 0 0 0 0 6 
93 1 24.9562 14.8742 21.6589 9.63847e-04 -0.00321171 -4.61042e-04 0.0033847661 0.0 12 20.7794225554 2.2716157778 0 0 0 4 4 4 0 0 0 0 0 6 
101 1 25.301 9.36422 18.6151 -0.00141141 -0.00299438 0.00221707 0.0039841924 0.0 16 22.7169247106 2.2392085439 0 0 0 2 8 6 0 0 0 0 0 6 
155 1 20.4071 16.0624 25.1598 -5.94324e-04 3.2075e-04 0.00217576 0.0022781644 0.0 14 22.5327589537 2.3037588958 0 0 0 2 8 4 0 0 0 0 0 6 
631 1 25.8909 11.5104 20.3996 -0.00198604 -0.00281504 -0.00277311 0.0044225495 0.0 15 22.436304234 2.2716157778 0 0 0 1 10 4 0 0 0 0 0 6 
164 1 17.8092 12.2724 22.7535 -0.00264568 5.92124e-05 -5.11405e-05 0.0026468366 0.0 14 22.0079225815 2.366356683 0 0 0 5 3 5 1 0 0 0 0 7 
436 2 22.7099 11.9421 19.0519 0.00491152 -0.0015595 -0.00246534 0.0057125275 0.0 13 18.7816787873 2.2667251368 0 0 1 2 6 3 1 0 0 0 0 7 
644 2 17.535 13.067 19.5252 -0.00250323 7.33933e-04 6.10958e-04 0.0026791954 0.0 15 19.5897591947 2.1560892782 0 0 0 5 4 4 2 0 0 0 0 7 
299 1 22.101 15.5012 22.1591 0.00145169 -5.86204e-04 0.00177625 0.0023677211 0.0 14 23.0996733517 2.2542708358 0 0 0 1 10 3 0 0 0 0 0 6 
133 1 24.3135 16.2854 23.9669 -0.00318777 0.00345114 0.00234516 0.0052509066 0.0 15 22.6763988723 2.3363144881 0 0 1 4 2 7 1 0 0 0 0 7 
194 1 19.7306 9.72203 26.3407 0.00335213 0.00394295 0.0029543 0.0059591542 0.0 14 20.9208638635 2.158619949 0 0 0 4 4 6 0 0 0 0 0 6 
77 1 25.6422 10.2666 22.8686 4.55437e-04 -2.89615e-04 -5.73045e-04 7.8719773959e-04 0.0 13 20.8105103451 2.1585628151 0 0 0 3 6 4 0 0 0 0 0 6 
490 1 19.3829 15.6934 20.6119 0.00149687 4.46097e-06 -3.5073e-04 0.0015374171 0.0 13 21.6198514046 2.2611914621 0 0 0 1 10 2 0 0 0 0 0 6 
379 1 23.7582 12.4598 22.3658 0.00209983 -0.00172396 0.00119343 0.002967423 0.0 14 23.0799827752 2.3436702567 0 0 0 4 4 6 0 0 0 0 0 6 
657 2 5.0762 24.7107 25.7626 -0.00164857 -1.14638e-04 -0.00312981 0.0035392987 0.0 15 13.3203038307 2.1432333574 0 0 3 3 4 1 1 3 0 0 0 8 
685 1 3.65655 19.6403 23.8371 -0.00288154 -0.00430351 -0.00203144 0.0055632922 0.0 17 22.9014424725 2.2470027907 0 0 2 3 4 4 4 0 0 0 0 7 
274 1 5.79797 26.0401 19.4567 -1.66596e-04 -3.76161e-04 0.0019623 0.002004962 0.0 14 22.5314854049 2.2999245712 0 0 1 2 7 2 2 0 0 0 0 7 
946 2 3.1265 23.3753 25.3381 0.00120311 0.00411344 -4.87212e-04 0.0043133789 0.0 15 16.2271223105 2.3809569665 0 0 1 4 4 4 1 1 0 0 0 8 
933 2 2.93643 1.97352 25.8265 -0.00139387 0.00263575 -0.00362311 0.0046922252 0.0 14 16.3052855701 2.1409473671 0 0 0 3 7 3 1 0 0 0 0 7 
119 2 5.0087 22.3904 24.4594 0.00202661 -0.00159445 -0.00169176 0.0030840672 0.0 11 14.6539477534 2.0816440864 0 0 0 3 6 2 0 0 0 0 0 6 
744 2 5.9512 23.318 0.736714 7.14289e-04 -0.00265129 -4.31914e-04 0.0027795858 0.0 17 13.3322212719 1.8862343075 0 0 3 2 5 4 0 3 0 0 0 8 
1000 2 5.05239 24.3572 22.9221 -0.00181845 0.00155855 0.00331752 0.0040916717 0.0 16 19.1023923489 2.3809569665 0 0 2 2 5 4 3 0 0 0 0 7 
520 1 8.7535 26.0966 19.1282 3.00188e-04 -0.00172821 -0.00179028 0.0025063769 0.0 14 22.7053723192 2.4078209354 0 0 0 2 8 4 0 0 0 0 0 6 
630 2 1.60695 25.242 26.086 -0.00325211 4.06247e-04 1.31745e-04 0.0032800324 0.0 15 18.7086418909 2.2989734904 0 0 2 3 2 6 2 0 0 0 0 7 
892 2 8.02898 22.7613 21.7585 -0.00443721 -4.38099e-04 -4.41086e-04 0.0044805491 0.0 13 18.1200892732 2.263244763 0 0 0 3 6 4 0 0 0 0 0 6 
517 2 7.27542 25.0983 22.0854 6.8776e-04 -0.00365004 0.00152077 0.0040135455 0.0 14 15.8738631954 2.2184034625 0 0 1 2 7 2 2 0 0 0 0 7 
930 1 2.68486 22.3017 22.4361 -9.8067e-04 -6.34649e-04 -0.00174796 0.0021023456 0.0 14 21.0162083874 2.3766735628 0 0 2 2 5 2 3 0 0 0 0 7 
913 2 6.29441 21.1227 26.291 0.00266308 -3.70611e-04 0.00282177 0.0038976574 0.0 14 14.9592803268 2.1326207409 0 0 0 4 6 2 2 0 0 0 0 7 
414 1 2.76379 20.034 20.5825 -1.11842e-04 -0.00191675 -0.00154551 0.0024647597 0.0 13 21.8342193691 2.3104419437 0 0 0 1 10 2 0 0 0 0 0 6 
902 1 5.44131 20.9275 21.8391 -0.0030728 -0.00155546 -0.00283905 0.0044633799 0.0 15 22.0691658573 2.2470027907 0 0 1 3 6 2 3 0 0 0 0 7 
64 1 3.32484 25.8827 21.0543 -8.26882e-05 -0.00179148 -0.00380028 0.0042021859 0.0 15 23.1315280348 2.4684718682 0 0 4 1 4 2 3 0 1 0 0 9 
413 2 3.83923 21.3894 26.5452 2.70233e-04 0.00272892 -0.00197154 0.0033774251 0.0 14 15.8746861662 2.1918416884 0 0 2 1 6 3 2 0 0 0 0 7 
33 1 9.39436 19.8516 21.9679 4.62374e-05 5.38163e-04 4.02094e-04 6.7337723199e-04 0.0 16 23.65472741 2.3448018844 0 0 0 3 7 5 1 0 0 0 0 7 
475 1 1.16162 18.2231 25.9099 -9.63488e-05 -0.00171806 0.00221497 0.0028048361 0.0 14 22.9456809558 2.3262111751 0 0 0 3 7 3 1 0 0 0 0 7 
585 1 0.632477 26.4531 20.03 3.32128e-04 1.50094e-04 -0.00181407 0.0018503208 0.0 16 24.1041187858 2.4639611983 0 0 1 3 5 5 2 0 0 0 0 7 
642 1 7.49215 23.2272 18.7595 0.00184669 7.47598e-04 -8.03335e-04 0.002148142 0.0 14 21.7467506828 2.2593204212 0 0 1 3 4 5 1 0 0 0 0 7 
865 2 6.99614 23.3315 24.2239 -0.00210934 -0.00229681 -0.00313153 0.004419404 0.0 14 13.2724582423 2.023984946 0 0 0 4 4 6 0 0 0 0 0 6 
112 1 0.486637 23.8133 23.4815 -0.00241933 0.00343397 -0.00423108 0.0059621595 0.0 17 25.1010774667 2.3809569665 0 0 5 2 1 5 3 0 0 0 1 11 
399 1 4.66654 22.8784 20.1964 -0.00466003 -8.61372e-04 0.00346758 0.0058721335 0.0 15 22.4919740586 2.2641667954 0 0 0 1 10 4 0 0 0 0 0 6 
31 1 3.1675 21.6989 17.9785 -6.57338e-04 0.00478506 0.00319217 0.0057895459 0.0 13 21.2692736358 2.3104419437 0 0 1 2 6 3 1 0 0 0 0 7 
38 1 26.7917 21.0807 22.2177 0.00179738 0.00132603 0.00226513 0.0031811546 0.0 15 23.2749249048 2.3004695349 0 0 1 3 5 4 2 0 0 0 0 7 
900 2 3.98536 26.7645 25.0718 -0.00213049 3.99944e-04 2.00223e-04 0.0021769318 0.0 15 16.7763697093 2.2959501328 0 0 2 4 2 4 2 1 0 0 0 8 
987 2 9.8335 24.8408 26.3416 -0.00139299 -2.81962e-04 7.27001e-06 0.0014212588 0.0 14 13.0838951768 2.214039772 0 0 1 5 2 4 1 1 0 0 0 8 
652 1 1.20138 20.8919 24.7997 0.00300395 -0.00118142 -0.00382549 0.0050053814 0.0 13 21.4606110444 2.2766677509 0 0 1 2 5 5 0 0 0 0 0 6 
784 1 0.9969 18.4168 22.8803 4.63083e-04 -0.00162184 0.00179588 0.0024637362 0.0 15 22.9361963488 2.2921066641 0 0 2 2 5 3 3 0 0 0 0 7 
733 1 3.0757 26.3283 18.1039 0.00131554 0.00123752 1.29357e-04 0.0018107552 0.0 14 21.882171394 2.306692486 0 0 0 4 5 4 1 0 0 0 0 7 
845 2 7.47937 20.8247 24.1769 -0.00189839 1.65989e-04 -9.07665e-04 0.0021107564 0.0 14 19.5460487096 2.2124426876 0 0 1 6 1 2 4 0 0 0 0 7 
554 1 7.46553 20.5767 19.6885 -8.23471e-04 -1.34063e-05 -0.0019512 0.0021178918 0.0 12 21.8892018624 2.3120384212 0 0 0 0 12 0 0 0 0 0 0 5 
421 1 4.6016 19.0695 18.8193 3.73332e-04 -0.00201529 0.00132402 0.0024400409 0.0 14 22.1313269345 2.2641667954 0 0 0 2 8 4 0 0 0 0 0 6 
144 2 6.3833 26.3235 23.9346 0.00207933 -0.00203536 -9.92147e-04 0.0030741925 0.0 14 14.121395916 2.0945595216 0 0 1 2 6 4 1 0 0 0 0 7 
220 1 2.14256 18.8761 17.5486 0.00251606 -0.00282063 3.33855e-04 0.0037944658 0.0 14 20.4508096614 2.3104419437 0 0 0 2 8 4 0 0 0 0 0 6 
671 1 1.79226 23.5378 19.8784 -0.00255565 0.00347724 -1.4293e-05 0.0043154084 0.0 16 23.1975673401 2.3066532684 0 0 3 1 5 4 2 1 0 0 0 8 
333 2 9.52809 24.555 21.7369 4.22756e-04 0.00155887 -6.85348e-04 0.0017545655 0.0 12 18.1549890531 2.4188353856 0 0 0 2 8 2 0 0 0 0 0 6 
59 1 17.2417 22.7278 19.892 -8.34588e-05 6.12796e-04 0.00112414 0.0012830335 0.0 14 23.0400192435 2.3403721034 0 0 1 3 4 5 1 0 0 0 0 7 
265 2 10.1204 20.6766 25.6593 -5.25904e-04 -0.00175519 -0.00565794 0.0059472306 0.0 15 17.5443910166 2.1175859204 0 0 1 2 7 3 2 0 0 0 0 7 
71 1 17.3538 20.961 22.2283 8.96151e-05 0.00417925 7.18132e-04 0.0042414473 0.0 14 20.4926183769 2.2300351764 0 0 0 4 4 6 0 0 0 0 0 6 
771 2 12.4586 20.644 25.944 0.00351186 6.09759e-04 0.00186829 0.0040243601 0.0 14 17.0238315242 2.128219913 0 0 3 2 3 3 2 1 0 0 0 8 
192 1 14.7585 24.747 19.9627 0.00171049 0.00240696 0.00198474 0.0035578681 0.0 14 22.0267711307 2.2049155756 0 0 1 4 3 4 2 0 0 0 0 7 
407 2 10.739 0.342894 26.59 2.28884e-04 -0.0015475 0.00291729 0.0033102455 0.0 15 15.8801272011 2.2125054958 0 0 1 3 4 6 1 0 0 0 0 7 
688 2 8.2769 22.8713 26.4058 5.55427e-05 -0.00154921 -0.0012584 0.001996674 0.0 15 14.2563402749 2.025546935 0 0 0 3 6 6 0 0 0 0 0 6 
481 1 13.7673 23.587 17.5499 0.00227794 7.56487e-04 3.08895e-04 0.0024200618 0.0 14 20.4988755866 2.2468062718 0 0 1 4 4 2 3 0 0 0 0 7 
522 1 9.54184 17.9422 19.5921 -4.76799e-04 -0.00180422 5.41802e-04 0.0019432181 0.0 15 22.5975077714 2.3120384212 0 0 0 2 8 5 0 0 0 0 0 6 
833 1 12.3097 21.3835 23.1787 -0.00262643 -5.23515e-04 0.00171122 0.0031781247 0.0 14 19.6444782512 2.3448018844 0 0 0 3 6 5 0 0 0 0 0 6 
745 1 17.573 24.0295 22.4706 -0.00246534 -0.00157201 -0.0034063 0.0044890975 0.0 15 22.9819816729 2.2336907322 0 0 1 2 7 3 2 0 0 0 0 7 
430 2 14.3284 20.7076 0.939251 -0.00419987 1.40413e-04 0.00100802 0.0043214266 0.0 15 18.8867245392 2.4337019534 0 0 3 3 2 5 0 1 1 0 0 9 
456 1 14.8923 21.1717 19.1582 -7.60334e-04 -0.00277481 -0.00145181 0.0032226434 0.0 16 24.3822237168 2.2468062718 0 0 1 3 4 7 1 0 0 0 0 7 
39 1 14.9536 17.8489 19.7487 0.00116599 0.00396989 0.00406457 0.0058000249 0.0 13 21.8382967591 2.2230057938 0 0 0 3 6 4 0 0 0 0 0 6 
809 1 12.4917 23.9677 23.8542 -0.00529479 -0.00241208 -0.00189562 0.0061193387 0.0 16 22.9322394925 2.214039772 0 0 0 4 6 4 2 0 0 0 0 7 
699 1 12.2206 23.4528 21.1575 0.00157656 0.0025318 -0.00508253 0.0058930182 0.0 15 22.2780683906 2.3346091544 0 0 0 3 7 4 1 0 0 0 0 7 
311 1 11.9295 18.5401 23.5008 -0.00134836 -0.00182225 0.00101687 0.0024844908 0.0 13 20.6637876446 2.1175859204 0 0 0 4 4 5 0 0 0 0 0 6 
608 1 14.5456 18.429 25.108 -0.00206801 -1.82055e-04 0.00102626 0.0023158193 0.0 15 23.887555862 2.1777607136 0 0 1 4 3 5 2 0 0 0 0 7 
881 2 8.94386 24.8771 24.0122 0.00166773 -0.00222462 8.13126e-04 0.0028967967 0.0 15 14.1513729771 2.1531480946 0 0 2 2 5 4 1 1 0 0 0 8 
491 2 7.45027 19.1035 0.628764 -0.00333193 -0.00153337 0.00246638 0.004419956 0.0 14 17.9889917879 2.071346522 0 0 0 2 9 2 1 0 0 0 0 7 
557 2 9.4124 22.588 23.8125 6.9468e-04 0.00312243 -0.00226345 0.003918591 0.0 14 17.0051706178 2.3448018844 0 0 1 2 6 4 1 0 0 0 0 7 
518 1 10.2528 22.4932 19.5623 0.0011928 0.00150428 7.25414e-04 0.0020522806 0.0 16 21.3966643376 2.3448018844 0 0 0 4 5 6 1 0 0 0 0 7 
980 1 17.3608 19.7498 18.18 0.00111897 -0.00121723 2.86869e-04 0.001678105 0.0 16 23.0032698655 2.2530550132 0 0 1 3 5 5 2 0 0 0 0 7 
507 1 11.9188 20.4881 20.6488 -8.26413e-04 -0.00476699 -0.00185275 0.0051807176 0.0 14 23.0330477562 2.339718819 0 0 0 4 4 6 0 0 0 0 0 6 
10 2 10.9191 22.8499 26.3554 -0.00129411 -4.53119e-04 6.23105e-04 0.0015060868 0.0 14 13.5705916571 2.0330302121 0 0 1 2 6 4 1 0 0 0 0 7 
66 1 14.4151 19.6466 22.2052 0.00254818 -8.31084e-04 0.00152326 0.0030828952 0.0 13 22.9854278367 2.2891092851 0 0 0 1 10 2 0 0 0 0 0 6 
415 1 14.9267 22.5462 22.1003 0.00145204 0.00271779 -5.50346e-04 0.0031301251 0.0 14 21.3362215357 2.1645000517 0 0 1 3 5 3 2 0 0 0 0 7 
572 1 11.5997 25.5394 18.9709 3.20924e-04 0.00275786 7.98717e-04 0.0028890713 0.0 14 22.7564664384 2.4808015071 0 0 0 3 6 5 0 0 0 0 0 6 
839 1 15.5193 24.6198 25.4578 -0.00286358 -0.00125931 -0.00190837 0.0036644001 0.0 15 23.6856766347 2.3382991251 0 0 0 4 5 5 1 0 0 0 0 7 
536 1 11.8524 26.5852 23.0785 0.00192867 5.58603e-04 0.0027262 0.0033858487 0.0 18 25.510655556 2.4808015071 0 0 0 4 6 6 2 0 0 0 0 7 
389 1 14.0409 26.6399 17.5323 0.00177484 -0.00211073 -0.0011579 0.0029909815 0.0 14 21.370632771 2.1867764351 0 0 1 0 10 2 1 0 0 0 0 7 
976 1 17.3533 18.6256 23.9132 -0.00492528 0.00199795 0.00184742 0.0056270017 0.0 16 24.4676890352 2.2926519388 0 0 1 4 6 2 1 2 0 0 0 8 
125 1 14.8786 26.0255 22.5368 -0.00219927 -7.12645e-04 -0.00346244 0.004163309 0.0 14 22.8869642621 2.3427398216 0 0 1 0 10 2 1 0 0 0 0 7 
513 2 13.2496 22.7671 27.0647 -1.33291e-04 0.00505712 0.00531353 0.0073366089 0.0 11 14.1481653502 2.2549939105 0 0 1 2 5 3 0 0 0 0 0 6 
172 1 19.6449 26.4522 22.5819 -0.0025402 -0.00171988 0.00249104 0.0039516938 0.0 15 23.7248401304 2.295842448 0 0 0 3 7 4 1 0 0 0 0 7 
882 1 21.9904 25.6102 26.1269 -7.78004e-04 7.83439e-04 -0.00174683 0.0020665144 0.0 14 22.2374895936 2.295842448 0 0 0 3 6 5 0 0 0 0 0 6 
997 1 20.4796 25.3253 19.312 -8.81373e-04 -0.00118354 0.00121118 0.0019090684 0.0 15 24.8874936257 2.3403721034 0 0 0 2 9 3 1 0 0 0 0 7 
599 1 21.1679 0.575081 17.1708 4.02113e-04 9.6121e-04 -0.0016257 0.0019309376 0.0 12 20.7215316013 2.2661269252 0 0 0 3 6 3 0 0 0 0 0 6 
837 1 24.6189 25.3864 24.6986 -5.92957e-05 0.00201762 0.00113672 0.0023165575 0.0 15 23.2884336 2.3242504642 0 0 1 4 3 5 2 0 0 0 0 7 
348 1 19.5102 22.8657 17.9535 -0.00108746 3.74131e-06 -0.00176959 0.0020770248 0.0 13 24.3848737432 2.3487430328 0 0 0 4 5 3 1 0 0 0 0 7 
307 1 22.3023 25.4477 21.8692 0.00143799 -1.24633e-04 -1.37237e-04 0.0014498906 0.0 14 24.8353416675 2.295842448 0 0 0 4 4 6 0 0 0 0 0 6 
240 1 24.1513 22.5797 22.4841 -8.88035e-04 -0.00121011 0.00137615 0.0020363598 0.0 15 24.2091717393 2.3240037792 0 0 0 5 4 4 2 0 0 0 0 7 
961 1 18.9877 25.0465 25.4038 0.00210272 0.0014111 0.0021091 0.0032955936 0.0 13 21.3813172793 2.2346685779 0 0 0 1 10 2 0 0 0 0 0 6 
694 1 17.7821 22.3351 24.9373 -0.00306296 5.93691e-04 -0.00131318 0.0033850605 0.0 14 21.9600861056 2.416570032 0 0 3 3 2 1 5 0 0 0 0 7 
903 1 20.2991 23.1097 21.2201 -0.00128795 0.00208739 -0.00391141 0.0046168323 0.0 15 22.4544821892 2.2539977019 0 0 1 3 5 4 2 0 0 0 0 7 
300 1 25.1849 22.4432 25.3437 -0.00241473 9.86175e-04 -6.93108e-04 0.0026988629 0.0 15 23.1984171018 2.3242504642 0 0 0 3 6 6 0 0 0 0 0 6 
12 1 24.1332 25.0981 18.4111 0.00235685 0.00248206 -7.64733e-04 0.0035071613 0.0 14 23.745013295 2.2702355508 0 0 0 4 5 4 1 0 0 0 0 7 
958 1 21.3616 20.6826 18.0952 0.00211335 0.00119037 3.69419e-05 0.0024258181 0.0 16 22.6617305646 2.2914278262 0 0 1 4 4 4 3 0 0 0 0 7 
531 1 21.0465 23.7048 23.9634 -0.00109987 -0.00266755 -0.00250019 0.0038179166 0.0 15 23.5657659428 2.3242504642 0 0 0 3 6 6 0 0 0 0 0 6 
440 1 22.8224 22.9134 19.6421 -0.00147747 -0.0020181 -0.0013403 0.0028376133 0.0 14 23.0631440622 2.1462225708 0 0 1 2 7 2 2 0 0 0 0 7 
571 1 25.2812 24.5322 20.8524 -0.00311508 -5.10097e-04 -9.0729e-04 0.0032843717 0.0 14 23.0108700801 2.2419233504 0 0 1 5 1 5 2 0 0 0 0 7 
730 1 23.7938 20.0409 19.4528 -0.00216801 -0.00624246 9.56035e-05 0.0066089117 0.0 13 22.3231993546 2.3004695349 0 0 0 1 10 2 0 0 0 0 0 6 
612 1 22.2536 20.6581 22.051 0.00288951 -0.00169318 -9.54753e-04 0.0034824819 0.0 14 22.2823752469 2.2621187619 0 0 0 4 5 4 1 0 0 0 0 7 
91 1 22.001 18.3784 24.2115 0.00540494 -6.74135e-04 -0.00110405 0.0055575859 0.0 15 23.3046816293 2.3363144881 0 0 1 3 4 6 1 0 0 0 0 7 
618 1 22.4831 21.3196 24.9182 8.33409e-04 -0.00423903 0.001717 0.0046488746 0.0 11 20.8011882651 2.320432906 0 0 0 3 6 2 0 0 0 0 0 6 
928 1 19.7884 20.8941 23.5534 1.58241e-04 0.00225941 0.00232413 0.0032452356 0.0 14 21.1419948345 2.1509804434 0 0 1 4 3 4 2 0 0 0 0 7 
18 1 15.0785 21.7501 24.6872 0.00170698 -0.00147921 0.00108575 0.0025061317 0.0 16 23.0094753141 2.4337019534 0 0 1 2 8 2 3 0 0 0 0 7 
854 1 19.9843 19.0893 26.2844 0.00272506 -0.00129074 0.00238949 0.0038472879 0.0 14 23.7979501402 2.3630418546 0 0 1 3 5 3 2 0 0 0 0 7 
105 1 25.2669 19.6286 24.6914 0.00161087 4.73276e-04 -0.00595112 0.0061834231 0.0 15 23.2887190198 2.2481501001 0 0 0 2 8 5 0 0 0 0 0 6 
796 1 19.5047 18.1319 18.6282 -0.00231409 0.00312931 1.11678e-04 0.0038935929 0.0 13 21.5632912764 2.1962969123 0 0 0 3 6 4 0 0 0 0 0 6 
170 1 19.5873 20.4648 20.6042 0.00161214 0.00633943 7.80731e-04 0.006587633 0.0 13 21.6139836097 2.1865230069 0 0 1 5 1 4 2 0 0 0 0 7 
953 1 26.2873 21.9189 19.4245 0.00358149 5.53244e-04 6.80758e-04 0.0036873542 0.0 15 24.2665779655 2.3104419437 0 0 0 3 6 6 0 0 0 0 0 6 
167 1 24.4179 18.3583 22.1565 -3.26525e-04 -5.94952e-04 0.00210485 0.002211556 0.0 14 23.6811119503 2.3004695349 0 0 0 4 5 4 1 0 0 0 0 7 
