# Particles (1000 particles):
# "Particle Identifier" "Particle Type" Position.X Position.Y Position.Z Velocity.X Velocity.Y Velocity.Z "Velocity Magnitude" Centrosymmetry Coordination "Atomic Volume" "Cavity Radius" "Voronoi Index.1" "Voronoi Index.2" "Voronoi Index.3" "Voronoi Index.4" "Voronoi Index.5" "Voronoi Index.6" "Voronoi Index.7" "Voronoi Index.8" "Voronoi Index.9" "Max Face Order"
591 2 6.74384 4.06066 8.41545 0.00201557 -9.68301e-04 -7.45044e-04 0.0023569514 0.0 14 16.5731661262 2.3355087584 0 0 0 2 8 4 0 0 0 6 
362 2 1.10633 1.28368 6.4214 -3.43495e-04 0.0016764 -0.00385323 0.0042161223 0.0 15 13.136713365 1.8669127217 0 0 1 2 6 5 1 0 0 7 
749 2 2.33649 6.06496 6.92961 2.97088e-04 -1.46221e-04 -0.00401914 0.0040327569 0.0 14 14.5437474172 2.113814818 0 0 0 4 4 6 0 0 0 6 
610 2 8.60924 3.12093 7.3841 -0.00154283 -1.88626e-04 -0.00370089 0.0040140367 0.0 12 12.305025246 2.0828074901 0 0 1 2 5 4 0 0 0 6 
579 2 5.94944 3.17978 5.90534 6.46753e-05 -0.00213791 -0.00273816 0.0034745305 0.0 17 14.8910638236 2.0828074901 0 0 1 2 7 5 2 0 0 7 
104 2 3.76505 5.06739 4.98155 -0.00130848 1.56831e-04 -7.62769e-04 0.0015226728 0.0 15 14.209468293 1.9375557553 0 0 0 1 10 4 0 0 0 6 
270 2 2.72733 6.99095 3.45896 0.0022533 2.90553e-04 -0.00273595 0.0035562908 0.0 16 18.7073804215 2.4189993984 0 0 3 3 3 2 4 1 0 8 
42 1 6.92251 8.38065 6.43869 -2.292e-04 -5.16931e-04 -2.07149e-05 5.6584397659e-04 0.0 15 22.1876706392 2.33560941 0 0 0 3 6 6 0 0 0 6 
487 2 3.54857 5.0324 2.51724 0.00121108 -9.1636e-04 -8.04094e-04 0.0017184288 0.0 12 13.740737536 2.0721778554 0 0 0 4 4 4 0 0 0 6 
360 2 3.3992 2.72501 5.77857 -0.00364071 -0.00416488 -7.09326e-04 0.0055771084 0.0 13 13.3270392924 1.8699791118 0 0 1 0 9 3 0 0 0 6 
515 2 5.09901 6.92578 1.23015 -0.00148387 -0.00172974 -0.00306228 0.0038172542 0.0 14 17.5531541961 2.2723102345 0 0 2 3 3 3 3 0 0 7 
919 2 5.94068 4.56278 1.1551 0.00134468 -0.00163602 -0.00294187 0.0036248207 0.0 15 13.2339299172 1.9538903459 0 0 2 3 3 5 1 1 0 8 
291 2 5.21929 7.38085 3.62232 -0.00228854 0.00159081 -6.70173e-04 0.00286657 0.0 15 17.1186965938 2.3764474486 0 0 3 2 3 4 2 1 0 8 
787 2 5.27887 1.66726 2.14375 -9.03308e-04 -2.98887e-04 -0.00118093 0.0015165403 0.0 14 12.7366740048 1.8879086073 0 0 0 4 5 4 1 0 0 7 
729 2 5.45016 4.08767 3.72197 0.00170935 -4.75624e-04 0.0027525 0.0032748056 0.0 16 12.4938674232 1.9538903459 0 0 3 3 2 5 1 2 0 8 
137 2 3.04921 0.738463 1.87456 0.00348301 -4.36134e-04 -0.00215257 0.0041176606 0.0 13 12.0061414647 2.0263066941 0 0 1 4 2 5 1 0 0 7 
798 1 2.30096 8.68893 0.723867 -0.00197934 0.0028141 -0.00247311 0.0042371239 0.0 16 23.2947987149 2.4189993984 0 0 2 3 3 5 3 0 0 7 
297 2 4.08807 7.46194 5.65813 0.00206506 1.28253e-04 0.00114674 0.0023655727 0.0 13 16.7744128337 2.3287728396 0 0 0 4 4 5 0 0 0 6 
501 2 3.81683 3.25429 1.0706 0.00180564 6.027e-04 1.45952e-05 0.0019036271 0.0 13 13.7315954656 2.0643515782 0 0 0 3 6 4 0 0 0 6 
188 2 7.52701 6.48578 2.55074 0.00302227 -0.00169604 0.00263111 0.0043512536 0.0 13 15.3693101676 2.2674512124 0 0 0 4 4 5 0 0 0 6 
428 2 7.50568 2.73496 1.35835 -0.00370316 -9.65849e-04 2.00977e-04 0.0038323165 0.0 14 12.0925803501 1.9546260815 0 0 1 3 4 5 1 0 0 7 
277 2 4.6808 0.678494 4.48795 0.00141914 0.00203151 0.00181212 0.0030699788 0.0 17 13.4021715697 1.8724350334 0 0 1 2 7 5 2 0 0 7 
442 2 3.952 6.84486 8.56169 -6.19699e-04 8.15638e-04 -0.00106762 0.0014795623 0.0 14 17.8872445202 2.3355087584 0 0 0 3 6 5 0 0 0 6 
418 2 5.67828 26.7746 0.288749 1.50419e-04 0.00266029 0.0014832 0.0030495329 0.0 14 12.4653602075 1.8372512801 0 0 2 2 5 2 3 0 0 7 
341 2 5.21754 26.0471 6.97665 -4.09271e-04 -0.00268526 -0.00384538 0.0047079795 0.0 13 12.6942574487 1.9181195777 0 0 0 1 10 2 0 0 0 6 
395 2 0.519996 4.44616 8.75998 0.00223833 8.93244e-04 -6.68853e-04 0.0025010738 0.0 14 12.5820285578 1.9484875741 0 0 1 1 8 3 1 0 0 7 
740 2 6.66946 1.92927 4.01594 -9.2739e-04 9.33566e-04 -4.58036e-04 0.0013933394 0.0 13 12.4321110137 1.8879086073 0 0 1 2 6 3 1 0 0 7 
564 2 1.46435 3.80277 6.79898 -0.0016484 -8.96322e-04 -0.00209082 0.002809296 0.0 13 13.5715746027 2.1097378023 0 0 1 2 6 3 1 0 0 7 
254 2 4.50635 1.50834 7.62534 -9.89417e-04 -4.23676e-04 0.0013641 0.0017375892 0.0 13 13.5453496862 1.8935544295 0 0 0 3 6 4 0 0 0 6 
148 2 6.87603 1.33968 7.14797 0.00230572 -0.00239041 -0.001741 0.0037498648 0.0 14 14.3275126541 2.1151768005 0 0 0 2 8 4 0 0 0 6 
780 1 6.6842 7.15787 9.76523 -0.00332703 -0.00240456 -0.00399289 0.0057266227 0.0 15 22.6175083133 2.305408408 0 0 1 2 6 5 1 0 0 7 
369 2 0.311621 26.5681 8.36971 -0.00128034 3.60913e-04 -0.00405061 0.0042634458 0.0 14 15.194050677 2.2329098965 0 0 1 2 7 2 2 0 0 7 
345 2 9.26161 5.06065 1.43495 -0.00536087 -1.64032e-04 0.00103535 0.0054623972 0.0 14 14.3578801341 2.0208728439 0 0 0 3 6 5 0 0 0 6 
229 2 0.370338 8.10859 8.19185 3.28637e-04 -4.04383e-04 -0.00156001 0.0016447368 0.0 14 12.5309956386 1.9057755735 0 0 2 2 5 3 1 1 0 8 
931 2 26.525 2.20336 8.60632 5.9341e-04 0.00268202 -0.0011816 0.0029902417 0.0 13 11.9047969566 1.7798896904 0 0 0 1 10 2 0 0 0 6 
145 2 3.69924 3.9911 8.13787 0.00234442 8.11294e-04 9.38305e-04 0.0026523422 0.0 15 16.2457548615 2.3355087584 0 0 0 1 10 4 0 0 0 6 
373 2 7.88643 0.455729 1.00343 -0.00129011 -2.24813e-04 -0.00211507 0.0024876587 0.0 14 11.9534841588 1.9378330854 0 0 1 5 1 5 2 0 0 7 
390 2 7.05123 26.501 9.36761 -8.55216e-05 0.00182233 9.73378e-04 0.0020677682 0.0 14 15.7252483401 2.3192548321 0 0 2 2 5 3 1 1 0 8 
127 2 1.23474 8.51161 5.14472 0.00134289 6.31553e-04 -0.00299418 0.003341755 0.0 14 18.0139544139 2.2561367123 0 0 2 3 4 2 2 1 0 8 
966 2 1.34746 5.01894 3.525 0.00105297 2.77479e-04 -0.00188735 0.0021789517 0.0 15 18.7503015729 2.1199346232 0 0 0 5 4 4 2 0 0 7 
602 2 6.79948 5.68883 4.70788 -7.61001e-04 -0.00228569 0.0042763 0.0049081812 0.0 14 15.0269711694 2.0828074901 0 0 1 2 6 4 1 0 0 7 
425 2 2.07144 1.68882 8.41633 -8.89927e-04 2.00966e-04 -0.00163321 0.0018707571 0.0 15 13.5002533091 1.8284960785 0 0 0 3 7 4 1 0 0 7 
994 2 5.50965 5.63768 7.21865 0.00293056 0.00327162 2.27922e-04 0.0043981391 0.0 11 15.8774407951 2.1622528674 0 0 0 2 8 1 0 0 0 6 
216 1 1.51666 5.86344 0.326788 -0.00222692 0.00236974 0.00578047 0.0066323958 0.0 16 23.3019820155 2.29387655 0 0 0 3 7 5 1 0 0 7 
58 2 1.43032 2.4975 2.0779 0.00410615 -0.00200022 -0.0066767 0.008089479 0.0 14 17.3030455147 2.2158126912 0 0 1 2 5 6 0 0 0 6 
292 2 3.35004 2.63793 3.40243 -0.00133325 -1.35475e-04 -0.00403447 0.0042512183 0.0 14 12.070551827 1.8703631318 0 0 2 1 7 2 1 1 0 8 
471 2 8.28584 5.59988 7.8436 -0.00258627 -0.00155736 -4.32308e-04 0.0030497628 0.0 14 15.1184537133 2.0828074901 0 0 0 3 6 5 0 0 0 6 
221 2 7.84024 4.04054 3.51107 -8.85743e-04 -7.58793e-04 -0.0031262 0.0033366801 0.0 14 13.6473768766 2.0270780446 0 0 0 3 7 3 1 0 0 7 
286 2 9.55467 4.54165 5.7648 0.00598746 0.00340921 0.00102423 0.0069657331 0.0 14 14.020770561 2.0826839234 0 0 0 3 6 5 0 0 0 6 
163 2 14.0257 9.26414 6.2196 -0.0030971 -9.51922e-04 -0.00167433 0.003647131 0.0 15 18.2403058161 2.2424232093 0 0 1 1 8 4 1 0 0 7 
407 2 14.3025 26.2763 1.01714 -0.00163145 0.00100612 0.0034004 0.0039034122 0.0 12 15.3542442065 2.2478697283 0 0 1 2 5 4 0 0 0 6 
202 2 10.755 2.42776 7.55114 -0.00277868 0.0028415 -0.00271511 0.0048132117 0.0 15 12.3902516445 1.933676222 0 0 1 3 6 3 1 1 0 8 
339 1 16.694 5.37239 1.01692 9.74821e-04 0.00311329 -0.00267882 0.0042212471 0.0 14 23.7625127092 2.3066539294 0 0 0 2 9 2 1 0 0 7 
318 2 14.0053 4.95609 8.87568 0.00207432 8.29141e-04 -0.00313102 0.0038462403 0.0 16 14.6111643986 1.8517223204 0 0 0 4 4 8 0 0 0 6 
566 2 10.9119 1.59828 4.8891 0.00136332 0.00101252 -9.28408e-04 0.0019354017 0.0 12 12.336323585 1.8534476247 0 0 0 4 4 4 0 0 0 6 
1 2 9.65069 7.28177 2.54185 8.03173e-05 0.00351734 0.00154017 0.0038406061 0.0 14 16.246764049 2.2236337269 0 0 0 2 8 4 0 0 0 6 
224 2 15.5822 7.20974 4.99406 0.00436524 0.00190944 0.00298046 0.0056200021 0.0 13 16.1712273672 2.1206935064 0 0 0 3 6 4 0 0 0 6 
539 2 12.8874 3.19766 3.59451 -2.788e-04 -6.15091e-04 0.0014331 0.0015842481 0.0 15 13.475135208 1.8478031319 0 0 1 3 5 4 2 0 0 7 
660 2 14.2647 5.46356 3.56944 -0.00663537 9.89756e-04 -9.78528e-05 0.0067094953 0.0 15 16.5832809427 2.153549109 0 0 2 2 5 4 1 1 0 8 
423 2 10.0299 7.347 0.194449 3.24409e-04 -6.84823e-05 0.00214601 0.0021714718 0.0 13 17.5105190091 2.2236337269 0 0 0 1 10 2 0 0 0 6 
450 2 13.7873 4.52033 1.33353 9.41423e-05 0.00164083 0.00399104 0.0043162004 0.0 14 17.8463865013 2.3796217788 0 0 0 2 9 2 1 0 0 7 
921 2 11.7219 5.74263 2.13437 0.00124122 8.33692e-04 -0.00147139 0.0020977745 0.0 14 15.763313446 2.1159239112 0 0 0 1 10 3 0 0 0 6 
906 2 11.309 6.12375 4.33568 -8.7704e-04 -0.00179022 -2.79987e-04 0.0020130771 0.0 15 14.8224233368 2.0841596379 0 0 1 3 5 4 2 0 0 7 
811 2 13.6784 1.70211 1.22439 -0.00241164 -0.0017253 -0.00108901 0.0031588939 0.0 13 13.6903528229 2.3796217788 0 0 0 3 6 4 0 0 0 6 
754 2 8.94393 1.41991 2.98917 -4.93445e-04 -0.00363166 0.00463602 0.0059097482 0.0 14 13.7866283613 1.9487070819 0 0 1 3 5 3 2 0 0 7 
592 2 8.59966 1.70441 5.47012 -0.00308259 -0.00132257 -4.75865e-04 0.0033879197 0.0 14 13.3977243332 1.9938726973 0 0 0 2 8 4 0 0 0 6 
476 2 10.2596 3.77205 3.55584 0.00127043 -0.00135302 -2.21155e-04 0.0018691081 0.0 16 13.6616765916 2.0270780446 0 0 0 6 2 6 2 0 0 7 
973 2 15.8674 1.02194 4.11888 8.45785e-04 -0.00177126 0.00371294 0.0041998378 0.0 13 14.1134140355 2.0511161263 0 0 0 3 6 4 0 0 0 6 
662 1 15.1342 7.91829 1.78538 0.00151169 1.94511e-04 -0.00184682 0.0023945324 0.0 15 22.064433315 2.2047563421 0 0 0 3 6 6 0 0 0 6 
637 2 14.3851 5.26012 6.20068 6.39918e-05 0.0011019 -7.18249e-04 0.0013168752 0.0 15 14.2213544194 1.9267650753 0 0 3 2 4 3 1 2 0 8 
843 2 15.3451 3.05114 3.08255 -0.00239542 0.00282703 -4.61441e-04 0.0037340412 0.0 13 15.0870860486 2.2749959536 0 0 0 3 6 4 0 0 0 6 
668 2 12.5612 6.71786 6.50973 0.0017298 0.00193888 -0.00191331 0.003226797 0.0 15 15.2624726023 2.0831958635 0 0 3 3 2 3 3 1 0 8 
146 2 11.3196 4.88186 7.72848 -0.001711 -0.00155084 -9.41913e-04 0.0024939579 0.0 16 13.8444851256 1.8353050409 0 0 0 3 6 7 0 0 0 6 
494 2 10.1779 6.91591 7.06054 0.00186717 0.00160867 -0.00271225 0.0036647569 0.0 13 15.3201905498 2.33560941 0 0 0 3 6 4 0 0 0 6 
445 2 11.285 1.18562 2.4968 3.55104e-04 8.96055e-04 1.40343e-05 9.6395558789e-04 0.0 16 13.3406397506 1.9378330854 0 0 1 4 3 6 2 0 0 7 
886 2 17.2438 4.53063 4.23663 -0.00117101 -0.00284784 0.00184795 0.0035911525 0.0 15 19.1810356367 2.153549109 0 0 0 1 10 4 0 0 0 6 
422 2 13.3516 7.75694 4.26427 5.77789e-04 4.76226e-04 -0.00145555 0.0016368436 0.0 12 17.1256962893 2.1068386993 0 0 1 2 5 4 0 0 0 6 
482 2 14.9126 3.02824 5.3814 -0.00330346 -5.56342e-04 -3.35767e-04 0.0033667646 0.0 13 12.473539041 1.899563177 0 0 1 3 3 6 0 0 0 6 
807 1 10.653 9.52487 4.62481 -0.00147354 -7.4956e-04 -0.00339328 0.0037745873 0.0 15 21.0582900255 2.33560941 0 0 0 1 10 4 0 0 0 6 
880 2 17.6297 2.32369 5.54802 -6.2235e-04 0.00228743 -2.75499e-04 0.0023865362 0.0 15 15.7999071818 2.0380527132 0 0 1 2 6 5 1 0 0 7 
230 2 13.2228 3.05855 7.376 -0.00618486 -0.00153256 -0.00409165 0.0075725051 0.0 16 13.53494635 2.0509147829 0 0 4 2 3 3 1 3 0 8 
534 2 8.69861 26.1942 7.35848 0.00219059 -0.00223554 0.00510428 0.0059874868 0.0 16 14.5418027958 1.933676222 0 0 1 5 2 5 3 0 0 7 
774 2 15.8509 1.11988 6.48739 6.84374e-05 -4.7201e-04 1.97628e-04 5.1626925553e-04 0.0 13 12.9921952402 1.9543877428 0 0 0 3 6 4 0 0 0 6 
206 2 16.1343 3.73354 7.45732 -0.0023791 0.00451744 -0.00167453 0.0053732143 0.0 13 12.9773557261 1.9216359622 0 0 0 3 6 4 0 0 0 6 
700 2 15.1606 7.64009 7.82754 -0.00477643 0.00151839 -0.00331 0.006006321 0.0 14 13.8865720265 1.9731771179 0 0 0 4 4 6 0 0 0 6 
613 2 11.3383 5.0606 26.0103 -0.0012815 -0.00155047 4.9066e-04 0.0020704943 0.0 15 16.5237430518 2.157005102 0 0 0 4 5 5 1 0 0 7 
551 2 17.1068 8.72133 6.5258 -0.00303597 -0.00208993 8.12984e-04 0.0037743694 0.0 13 15.254651533 2.0906097595 0 0 1 2 5 5 0 0 0 6 
83 2 14.9701 2.33042 8.74304 -0.00197104 0.00571413 -0.00169728 0.0062782991 0.0 14 12.9861141154 2.0432601687 0 0 2 3 3 4 1 1 0 8 
720 2 11.5442 3.35471 1.51524 0.00188514 0.00269377 0.00205307 0.0038762412 0.0 13 13.3112483496 1.893080138 0 0 1 2 6 3 1 0 0 7 
336 2 9.06412 6.87198 4.93739 1.5294e-04 1.64249e-04 -0.00227783 0.0022888595 0.0 12 15.7711088764 2.2904675003 0 0 0 3 6 3 0 0 0 6 
406 2 11.8508 3.7977 5.56495 -0.00204774 3.15873e-04 1.89241e-04 0.0020805833 0.0 13 12.7701948059 1.9267650753 0 0 2 2 5 1 3 0 0 7 
674 2 16.751 6.09619 6.75774 0.00483773 5.54813e-04 -0.00339163 0.0059341893 0.0 12 13.3899617032 2.0070159533 0 0 1 2 5 4 0 0 0 6 
857 2 16.1629 1.28288 1.67757 -2.32439e-04 -0.00102446 0.00168918 0.0019891896 0.0 14 17.9723765431 2.3716220071 0 0 1 3 4 5 1 0 0 7 
94 2 13.3002 1.45167 5.34172 -5.50267e-04 -0.00270225 0.00157925 0.0031778891 0.0 15 12.3768050671 1.8133401303 0 0 0 4 4 7 0 0 0 6 
56 2 23.5876 0.717963 4.6052 0.00222067 0.00700936 4.13556e-04 0.0073643419 0.0 15 20.6361130408 2.2249553358 0 0 0 3 6 6 0 0 0 6 
503 2 23.2615 7.20105 8.20264 -0.00273241 -4.29516e-04 2.83429e-04 0.0027804461 0.0 14 12.0571678548 1.9178891109 0 0 0 0 12 2 0 0 0 6 
361 2 20.8586 2.3749 4.67058 0.00115675 0.0036614 -0.00250575 0.0045850522 0.0 14 19.0853948357 2.2028203641 0 0 1 2 7 2 2 0 0 7 
681 2 25.9265 7.3797 4.55797 -0.00366027 -9.40699e-04 0.00374109 0.0053177294 0.0 14 16.0265681272 2.3303671027 0 0 3 1 5 3 0 2 0 8 
259 1 23.4954 6.75585 0.568314 -0.0012953 8.21337e-04 -5.0043e-04 0.0016133278 0.0 16 24.3332209854 2.3244946951 0 0 1 4 4 5 1 1 0 8 
244 1 25.3077 1.83502 2.20934 -0.00186465 0.00152669 -0.00138473 0.0027794207 0.0 15 22.0143449321 2.2300693591 0 0 2 1 6 4 2 0 0 7 
457 1 25.6451 4.75591 1.68456 -0.00163734 -0.00139358 8.36205e-04 0.0023069864 0.0 15 23.3543092649 2.3303671027 0 0 1 1 9 2 2 0 0 7 
437 1 21.2363 0.714375 2.3859 7.25445e-04 -0.00119339 3.39178e-04 0.0014371819 0.0 13 20.3303076491 2.1977586038 0 0 1 0 9 3 0 0 0 6 
562 1 26.46 7.82939 1.41092 4.2613e-04 -1.34842e-04 0.00308371 0.0031159327 0.0 17 24.3662480154 2.3303671027 0 0 1 4 4 6 1 1 0 8 
448 2 17.8498 1.79877 7.99644 2.30903e-04 -0.00426253 0.00171731 0.0046012642 0.0 13 12.9156465033 1.9904308907 0 0 1 0 9 3 0 0 0 6 
212 2 24.9721 8.01326 6.84707 0.00399498 7.04018e-04 0.00128209 0.0042543227 0.0 14 11.2719254832 1.8394439993 0 0 0 3 6 5 0 0 0 6 
826 2 25.0487 5.1288 4.47646 0.00210485 -0.00108451 2.16374e-04 0.0023776823 0.0 13 16.6900158952 2.2592499436 0 0 2 1 5 4 1 0 0 7 
523 2 22.6321 3.86997 5.5334 -0.0018377 -1.68871e-04 0.00120591 0.002204513 0.0 15 16.3818939284 2.2030770794 0 0 1 2 7 3 2 0 0 7 
85 1 20.8115 8.02318 1.82422 -5.10913e-04 0.00351377 -6.67858e-05 0.0035513479 0.0 14 22.8925952439 2.308383663 0 0 0 3 6 5 0 0 0 6 
132 2 22.6835 8.42044 6.02351 3.7975e-04 0.00195181 6.12238e-04 0.0020805306 0.0 13 11.7549170918 1.9538086078 0 0 0 2 8 3 0 0 0 6 
593 2 25.1862 1.02478 6.83477 0.00641749 -0.00216793 -0.00300414 0.0074100577 0.0 13 13.2516581892 1.9954324719 0 0 0 4 4 5 0 0 0 6 
896 1 19.8122 5.19195 2.5914 -0.00427517 -0.00348218 -0.00323231 0.0063914383 0.0 17 23.4967253529 2.2955270085 0 0 1 2 8 3 3 0 0 7 
285 2 18.8987 7.03314 6.10889 0.00186392 0.00219558 -3.13742e-04 0.0028971026 0.0 15 15.3696494446 2.1239688211 0 0 0 3 6 6 0 0 0 6 
940 2 26.1861 0.167054 4.73466 0.00127807 6.88698e-04 4.26227e-04 0.0015130887 0.0 13 17.0195371239 2.1228352816 0 0 1 2 6 3 1 0 0 7 
824 2 20.8661 3.46216 7.24363 0.00590046 0.00165196 -0.00118138 0.006240197 0.0 16 14.1591814176 1.9488792043 0 0 2 5 1 4 3 1 0 8 
247 2 18.1404 7.43943 8.23879 0.00530385 -0.00268559 1.96907e-04 0.0059482763 0.0 15 13.6147635082 1.902490674 0 0 0 4 4 7 0 0 0 6 
391 2 19.3413 4.32173 5.49254 -0.00136445 -0.00524802 -0.00272383 0.00606817 0.0 13 14.6873911554 2.118169261 0 0 3 2 1 5 2 0 0 7 
19 1 23.393 0.245355 0.300711 7.64783e-04 -6.29893e-04 -8.15168e-04 0.0012830265 0.0 15 22.3068255628 2.2437689524 0 0 1 4 2 7 1 0 0 7 
691 2 25.2127 2.74388 4.96097 -5.65062e-04 5.67174e-05 -1.38248e-04 5.8448647274e-04 0.0 13 15.6817480529 2.1475605859 0 0 1 4 1 7 0 0 0 6 
665 2 23.6813 2.46631 8.36589 -4.43156e-04 0.0011363 9.66742e-04 0.0015563274 0.0 14 12.929449129 2.0017577534 0 0 0 3 7 3 1 0 0 7 
965 1 18.8481 2.5441 2.32122 5.94847e-04 0.00205466 0.00206675 0.0029743783 0.0 16 22.1709029173 2.2242790777 0 0 0 3 7 5 1 0 0 7 
314 2 21.0838 5.82215 5.55588 -0.00169571 0.00163942 0.00267073 0.0035631347 0.0 14 14.8273928673 2.1552343975 0 0 1 1 8 3 1 0 0 7 
201 2 18.4384 4.15703 7.73562 -0.00112866 7.62088e-04 7.8203e-04 0.0015704211 0.0 15 13.9295863408 1.9479289568 0 0 1 3 4 6 1 0 0 7 
477 2 20.9365 8.49316 7.40022 0.00309835 5.46803e-04 -0.00224132 0.0038629369 0.0 12 12.4791425876 1.9178891109 0 0 0 2 8 2 0 0 0 6 
258 2 23.7187 6.29183 6.14119 0.00244124 -7.78627e-04 -0.00422705 0.0049430623 0.0 13 12.7942271655 1.8916342689 0 0 0 1 10 2 0 0 0 6 
219 1 17.9103 7.41684 2.91928 -0.00358252 0.00229349 -0.00191303 0.004664143 0.0 15 23.1703442565 2.153549109 0 0 0 4 4 7 0 0 0 6 
846 1 20.5519 1.69705 26.5331 -0.00470857 6.80058e-04 0.0011549 0.0048956005 0.0 13 22.7718651498 2.2459516456 0 0 0 3 6 4 0 0 0 6 
65 2 20.6525 8.11331 4.95614 0.00175233 0.0038813 0.00272298 0.0050546781 0.0 13 16.5411777405 2.1096387793 0 0 0 3 6 4 0 0 0 6 
666 1 22.5773 3.17977 2.13535 -4.39948e-04 -3.09634e-05 -3.0099e-05 4.4205606991e-04 0.0 16 24.8416873168 2.2538091096 0 0 0 3 7 5 1 0 0 7 
261 2 23.687 8.39341 3.88648 0.00267665 7.39257e-04 -0.00107026 0.0029759725 0.0 13 16.1307187674 2.3238042885 0 0 1 4 3 3 2 0 0 7 
861 2 22.8308 6.064 3.66719 0.00107385 -0.00445467 -0.00130204 0.0047636695 0.0 15 19.5615677763 2.3303671027 0 0 1 3 6 2 3 0 0 7 
895 2 0.943626 2.80126 4.54369 0.003122 9.62813e-04 -9.29355e-04 0.0033967033 0.0 15 14.6769725346 2.1191784677 0 0 1 3 5 4 2 0 0 7 
35 2 25.5368 3.78259 7.09217 -4.00736e-04 0.00104873 -0.00243364 0.0026801171 0.0 15 14.4527493502 2.0861765435 0 0 0 2 8 5 0 0 0 6 
793 2 22.1784 1.46498 6.90944 -0.00392605 -0.00537033 1.14723e-04 0.0066533807 0.0 13 14.5929750479 2.0450631739 0 0 1 3 4 4 1 0 0 7 
3 2 -0.104533 6.17616 6.70111 -0.00548193 -7.3187e-04 0.00313761 0.0063585994 0.0 14 14.5821329388 2.1191784677 0 0 2 0 6 6 0 0 0 6 
97 1 6.3616 12.0736 0.1196 0.00138796 -9.54275e-04 -0.00147573 0.0022393867 0.0 13 20.8944673982 2.2099883437 0 0 0 1 10 2 0 0 0 6 
472 1 4.30209 14.2089 0.153334 0.00163311 -0.00232173 6.65329e-04 0.0029155002 0.0 13 20.1437990542 2.1535171992 0 0 0 1 10 2 0 0 0 6 
764 1 6.30341 12.7487 6.42671 0.0033604 -3.77757e-04 -8.62399e-04 0.0034898024 0.0 16 24.3373497218 2.3844136255 0 0 3 1 5 4 2 1 0 8 
234 1 7.048 15.1137 0.627445 0.00228464 -9.46509e-04 -0.00176527 0.003038361 0.0 16 21.9417101558 2.2522280214 0 0 0 3 6 7 0 0 0 6 
680 1 4.67431 12.8785 2.6955 0.00253422 0.00166608 0.00125895 0.0032837553 0.0 15 22.0919504061 2.3844136255 0 0 1 2 7 3 2 0 0 7 
255 1 7.16103 15.8544 6.64999 0.0029218 0.00192947 0.00135224 0.0037534415 0.0 14 22.7934655109 2.1951420168 0 0 2 0 6 6 0 0 0 6 
281 2 4.27986 15.3986 5.71069 0.00173464 5.9365e-04 1.17643e-04 0.0018371816 0.0 13 19.9061528111 2.3660009183 0 0 0 3 6 4 0 0 0 6 
567 2 2.00816 16.3353 6.05899 -0.00319017 0.00321114 0.00312543 0.0055006288 0.0 12 12.5697484329 2.1339720235 0 0 0 5 2 5 0 0 0 6 
278 2 6.2929 18.0482 4.20958 -4.93906e-04 0.00242337 -0.00356569 0.0043394482 0.0 14 19.3930806596 2.330596381 0 0 0 2 8 4 0 0 0 6 
561 2 3.5498 17.7181 5.22068 0.00132291 0.00261325 0.00283112 0.0040736233 0.0 13 14.4295735806 2.0864187055 0 0 0 2 8 3 0 0 0 6 
849 1 2.84879 11.4377 0.779968 -0.00119952 -0.00111057 5.74506e-04 0.0017327063 0.0 13 21.3577443231 2.2607189301 0 0 0 2 8 3 0 0 0 6 
719 1 0.77802 10.345 2.55544 -0.00237126 0.00183583 -7.75904e-04 0.0030976076 0.0 15 22.7719043325 2.3378210188 0 0 2 3 3 4 3 0 0 7 
603 1 1.40165 13.5204 2.34477 0.0043286 -8.39854e-04 0.00362458 0.0057078641 0.0 16 23.7732958304 2.2922057827 0 0 0 1 10 5 0 0 0 6 
850 1 4.11868 15.9141 2.5372 -3.01388e-04 1.56494e-04 -1.09633e-04 3.5685360201e-04 0.0 16 21.9890610006 2.2526212443 0 0 0 3 7 5 1 0 0 7 
856 1 5.29477 10.4788 4.81322 8.35604e-04 0.00161297 7.65868e-04 0.0019714107 0.0 14 22.3172968347 2.3379547848 0 0 1 3 5 4 0 1 0 8 
110 1 6.5628 14.8862 3.66866 -2.69775e-05 0.00119982 -0.001542 0.0019539856 0.0 12 22.6389629781 2.2526212443 0 0 0 2 8 2 0 0 0 6 
859 1 5.4272 9.99435 2.03522 5.42596e-05 -0.00199185 -8.78914e-04 0.0021778201 0.0 14 22.3190926903 2.4189993984 0 0 1 1 8 3 1 0 0 7 
210 1 2.79198 11.2382 4.18488 0.00179 0.00313025 0.00324201 0.0048490405 0.0 17 23.6632336525 2.4189993984 0 0 2 3 6 1 4 1 0 8 
926 1 9.48241 14.6311 8.29154 4.24019e-04 0.00320991 -0.00144919 0.0035473181 0.0 15 22.3134418571 2.2222289473 0 0 3 2 3 5 0 2 0 8 
574 1 9.16712 14.0454 5.53092 -8.77668e-04 -0.00153428 0.00104326 0.0020524882 0.0 14 20.3886892287 2.219697199 0 0 1 3 5 4 0 1 0 8 
453 2 0.91961 16.7031 3.47119 0.00346123 -2.20921e-04 0.00150397 0.0037803234 0.0 15 19.8028771968 2.139134259 0 0 0 4 5 5 1 0 0 7 
37 1 3.59392 11.8262 7.03176 0.00512097 -0.00287175 0.0016144 0.0060891353 0.0 18 24.9616636661 2.3844136255 0 0 1 3 7 4 2 1 0 8 
106 2 0.846173 16.7161 8.59863 -5.68298e-04 7.17024e-04 -0.00363463 0.0037480156 0.0 12 17.1012976695 2.2688489023 0 0 0 5 2 5 0 0 0 6 
470 2 2.53998 8.84132 7.20578 -0.00435079 -8.04617e-04 1.36567e-04 0.0044266729 0.0 13 17.2312116139 2.2370093945 0 0 0 3 6 4 0 0 0 6 
475 1 2.47901 16.1575 0.551036 -0.0024394 -7.28659e-04 -0.0033526 0.0042096963 0.0 13 21.1325149246 2.2804333352 0 0 0 1 10 2 0 0 0 6 
332 2 1.30712 12.352 9.23499 0.00190948 -1.94203e-04 0.00181538 0.0026418617 0.0 12 15.4029686578 2.284896235 0 0 0 4 4 4 0 0 0 6 
690 1 5.64368 10.0967 8.1267 -0.00219102 -7.58056e-04 0.00289626 0.0037099245 0.0 15 22.6070090487 2.173920354 0 0 0 1 10 4 0 0 0 6 
840 1 8.11527 17.7158 1.70551 0.00236726 0.00261685 -0.00223296 0.0041758753 0.0 14 22.7148032544 2.3543983965 0 0 1 3 4 5 1 0 0 7 
187 2 26.6348 9.81445 6.616 0.00113122 -0.00443128 0.00131818 0.0047595693 0.0 14 13.6701646959 2.2856222227 0 0 2 3 3 3 3 0 0 7 
295 2 2.23225 13.9882 5.2407 -0.00341954 0.00196655 -0.00187905 0.0043693708 0.0 13 18.4285000034 2.3844136255 0 0 1 3 4 4 1 0 0 7 
914 1 8.00512 9.50902 3.87682 -0.00199961 5.80758e-04 -4.13218e-04 0.0021228446 0.0 13 21.6350834617 2.2435613502 0 0 0 1 10 2 0 0 0 6 
367 1 7.52219 12.2325 2.79028 -2.39612e-04 -0.00122355 1.16843e-04 0.0012522543 0.0 15 22.3243841942 2.2263410491 0 0 0 1 10 4 0 0 0 6 
235 1 8.13861 9.86845 0.350726 -0.00202966 -0.00199413 4.35777e-05 0.0028456938 0.0 16 23.1640002094 2.2674512124 0 0 0 2 8 6 0 0 0 6 
943 2 4.80885 17.6277 7.70463 -0.00117692 -5.07284e-04 0.00206545 0.0024307533 0.0 14 18.6000940115 2.187607482 0 0 0 3 7 3 1 0 0 7 
532 1 9.70087 17.3947 6.96881 -0.0011794 -7.18587e-04 6.94278e-04 0.0015457599 0.0 14 21.7971960062 2.3907091344 0 0 0 3 6 5 0 0 0 6 
565 2 13.7629 11.4786 7.17345 0.00259917 0.00158106 8.77988e-04 0.0031664331 0.0 12 19.2591210668 2.2422417901 0 0 0 3 6 3 0 0 0 6 
537 1 8.80762 11.2128 6.33924 -4.45476e-04 -0.00193506 2.69405e-04 0.0020038675 0.0 16 22.3989310609 2.33560941 0 0 1 2 5 8 0 0 0 6 
452 1 9.89374 13.9997 2.74505 0.00298005 -7.49461e-04 -0.00144747 0.0033966983 0.0 13 19.9650666869 2.1805361149 0 0 0 3 6 4 0 0 0 6 
632 1 9.13739 12.8492 0.126414 0.00219147 0.00574849 7.25312e-04 0.0061946554 0.0 13 20.5148414866 2.0472034066 0 0 0 1 10 2 0 0 0 6 
909 1 11.9905 16.0456 2.3969 -0.00212155 -1.51003e-05 -0.00154672 0.0026255562 0.0 12 20.2094254659 2.243491463 0 0 1 3 4 3 1 0 0 7 
14 1 8.64499 9.44648 8.66793 -0.00112708 7.68852e-04 -0.00435712 0.0045657351 0.0 14 20.9774332412 2.3208389543 0 0 1 2 7 2 2 0 0 7 
924 1 12.9285 18.2923 0.540299 -0.00165604 0.00133722 -9.04969e-04 0.0023129191 0.0 14 21.4617049445 2.2600353045 0 0 0 3 7 3 1 0 0 7 
697 1 9.29259 16.3905 3.97464 -0.00158771 0.00181863 -6.07617e-05 0.0024149389 0.0 16 22.1451898684 2.414547714 0 0 1 3 6 4 1 1 0 8 
53 1 12.6451 17.2586 6.85261 0.00206012 -5.20768e-04 -0.00237218 0.0031847342 0.0 12 21.3525653669 2.403853462 0 0 0 4 4 4 0 0 0 6 
55 1 14.4247 16.3514 9.10691 0.00259226 3.89275e-04 -0.00213824 0.003382812 0.0 15 24.7366765885 2.3245986294 0 0 0 5 3 6 1 0 0 7 
383 1 16.3328 14.3598 1.12791 -5.78037e-05 0.00122039 -0.00185004 0.0022170568 0.0 16 22.1310351324 2.2921514556 0 0 0 3 6 7 0 0 0 6 
918 1 10.7172 18.731 2.62523 -0.00397474 0.00185095 -6.61778e-04 0.0044342445 0.0 17 23.5576314698 2.3798823347 0 0 2 1 7 5 1 1 0 8 
384 1 17.263 17.5127 3.5898 -9.54017e-04 0.00178021 -7.60088e-04 0.0021580153 0.0 14 21.2876742342 2.2921514556 0 0 0 4 4 6 0 0 0 6 
738 1 14.7938 16.4332 2.42048 -0.00210477 0.00368246 -0.00301626 0.0052046511 0.0 12 21.2277611164 2.3177856969 0 0 1 3 5 1 2 0 0 7 
147 1 12.2541 8.88346 1.74187 0.00406397 -4.90329e-05 -0.00189737 0.0044853394 0.0 14 21.8358777321 2.3134217546 0 0 0 2 8 4 0 0 0 6 
830 1 15.4784 16.8637 5.87187 -0.00196982 2.00544e-04 4.23164e-04 0.0020247164 0.0 15 22.9462036965 2.3843344504 0 0 0 5 4 4 2 0 0 7 
312 1 13.2094 11.0379 3.65765 0.00345013 -0.00349999 0.00350244 0.0060349327 0.0 14 22.3722817186 2.3036977788 0 0 0 4 5 4 1 0 0 7 
829 1 16.1025 10.0089 3.80594 0.004869 0.00301563 -0.00314969 0.0065361864 0.0 12 21.6921256867 2.2918306201 0 0 0 2 8 2 0 0 0 6 
985 1 12.2366 13.2024 0.799835 -0.00167392 0.00256247 -0.00114556 0.0032681139 0.0 16 23.5034130393 2.3134217546 0 0 0 4 5 6 1 0 0 7 
28 1 10.2416 11.1469 2.45187 0.00504864 5.28119e-04 -0.00182138 0.0053930604 0.0 14 21.6373120946 2.2380867176 0 0 0 4 4 6 0 0 0 6 
382 1 12.5029 14.2585 7.9113 0.002956 -7.02795e-04 -8.02814e-04 0.0031426688 0.0 15 23.3383738941 2.2185365404 0 0 0 2 8 5 0 0 0 6 
128 1 11.2181 12.4011 4.95919 -0.00239033 -0.00174719 -0.00403345 0.0050035057 0.0 16 21.5264231628 2.2424232093 0 0 0 3 7 5 1 0 0 7 
353 1 17.2866 14.8792 7.11536 3.0066e-04 3.63756e-04 -0.0018091 0.0018696411 0.0 14 22.0495493643 2.4027957215 0 0 0 1 10 3 0 0 0 6 
656 1 14.5041 14.0887 6.17466 9.96975e-04 5.30369e-04 0.00106238 0.0015504521 0.0 13 21.3263565843 2.2485072281 0 0 0 3 6 4 0 0 0 6 
357 1 11.6808 15.2184 5.04976 -5.99158e-04 -0.00249825 -1.56807e-04 0.0025738749 0.0 16 20.7335324983 2.414547714 0 0 3 2 3 5 2 1 0 8 
366 1 11.1925 9.64726 7.46418 0.00127192 0.00109553 -0.00208937 0.0026801928 0.0 14 20.8687445006 2.3197027803 0 0 0 3 6 5 0 0 0 6 
84 1 16.9406 14.5885 4.32508 5.958e-04 -0.00163754 7.24909e-04 0.0018873283 0.0 13 22.4923615625 2.3235800679 0 0 0 3 6 4 0 0 0 6 
553 1 16.6319 11.9859 5.74808 -0.00313035 -5.27301e-04 -0.00503162 0.005949314 0.0 17 23.0789115414 2.3235800679 0 0 0 1 10 6 0 0 0 6 
276 1 13.5612 13.9415 3.55303 9.59617e-04 -0.00469633 3.19012e-04 0.0048039722 0.0 15 21.9533940687 2.3222873228 0 0 1 3 6 2 3 0 0 7 
805 1 14.8648 11.9763 1.79186 -2.61833e-04 0.00510976 -0.00160914 0.0053635376 0.0 14 23.5748752436 2.3235800679 0 0 0 3 6 5 0 0 0 6 
370 2 15.8319 10.0714 8.49549 0.00599154 6.4117e-04 -0.00180294 0.0062896934 0.0 15 14.3108034982 2.0412227222 0 0 1 3 6 2 3 0 0 7 
356 2 15.5986 12.3053 8.54797 0.00123318 -0.00120651 0.00157184 0.0023338981 0.0 12 16.6821030335 2.2561686746 0 0 0 0 12 0 0 0 0 5 
190 2 0.00210302 14.659 4.93082 -0.00173229 0.00329687 -2.77666e-04 0.0037346056 0.0 11 14.2247457284 2.1301245171 0 0 0 3 6 2 0 0 0 6 
75 2 1.11231 14.001 7.42328 -0.00398602 0.00146997 -0.00159929 0.0045394819 0.0 13 14.8411886199 2.216547758 0 0 0 1 10 2 0 0 0 6 
854 1 18.099 15.7009 26.3124 6.82248e-04 0.00110024 -0.00153217 0.0020058752 0.0 11 19.6613589931 2.2409591502 0 0 0 3 6 2 0 0 0 6 
429 2 22.6917 9.76062 8.20933 5.72209e-04 0.00262649 7.48986e-04 0.0027904933 0.0 13 11.7765549547 1.7796125517 0 0 0 1 10 2 0 0 0 6 
213 2 21.788 13.2199 10.0876 2.90674e-04 -9.48497e-04 -0.00108325 0.0014688664 0.0 15 17.6334687551 2.294910649 0 0 1 4 4 3 3 0 0 7 
640 2 24.9047 13.4753 2.78634 -0.00132387 -0.00213811 5.61054e-04 0.0025766117 0.0 15 20.124296338 2.3186058557 0 0 1 4 3 5 2 0 0 7 
313 2 25.1241 16.2067 3.42613 0.00145383 -1.51962e-06 -7.89403e-04 0.0016543219 0.0 14 19.77549034 2.2748987041 0 0 0 3 7 3 1 0 0 7 
194 1 18.3802 12.3709 2.37163 1.27915e-04 -0.00102477 -0.00629366 0.0063778266 0.0 13 22.2361287137 2.3235800679 0 0 0 1 10 2 0 0 0 6 
576 1 26.4263 15.2999 0.660283 3.68259e-04 2.98092e-04 0.00112407 0.0012198389 0.0 13 21.9328177703 2.3162493063 0 0 0 3 6 4 0 0 0 6 
653 1 20.101 13.4586 0.0331022 -0.00186578 -0.00575001 -0.00415639 0.0073361657 0.0 14 20.9198492537 2.1411456414 0 0 0 2 8 4 0 0 0 6 
57 2 0.115637 10.4377 8.70644 3.01767e-04 -0.00288757 0.00182228 0.0034278022 0.0 14 12.3144271096 2.2856222227 0 0 0 4 5 4 1 0 0 7 
123 1 24.6704 17.6115 0.860579 -7.73197e-04 0.00161139 0.00168823 0.002458563 0.0 14 21.0667940658 2.2866827486 0 0 0 3 6 5 0 0 0 6 
466 2 25.3926 9.62747 4.58491 -0.00227535 -5.22553e-04 -1.00129e-04 0.0023367296 0.0 14 14.6353369563 2.3051195261 0 0 2 2 4 4 2 0 0 7 
493 1 19.0118 15.3171 2.29297 0.00245879 -0.00322516 0.00121306 0.0042330627 0.0 14 22.3714300716 2.2732655891 0 0 0 1 10 3 0 0 0 6 
150 1 23.6028 17.7825 5.81098 -6.26194e-05 -0.00189915 -0.00129071 0.0022970904 0.0 14 21.9798174976 2.3793079163 0 0 0 2 8 4 0 0 0 6 
92 1 18.8689 10.3392 4.32525 6.00058e-04 -0.00258807 0.00347242 0.0043721707 0.0 15 22.1189159733 2.1649919057 0 0 0 1 10 4 0 0 0 6 
136 2 26.5646 14.9187 9.61075 -0.00256976 -0.00296712 -0.00239493 0.0045981689 0.0 16 16.4684506173 2.3072763339 0 0 1 5 2 6 1 1 0 8 
992 1 21.7323 15.8385 4.58863 0.00185814 -0.00221816 0.00260056 0.0038904795 0.0 13 22.6418028998 2.4002779405 0 0 0 2 8 3 0 0 0 6 
198 1 17.6201 9.83841 1.1691 0.0064335 7.18994e-04 -0.00222799 0.0068462263 0.0 16 25.0176955265 2.3904917743 0 0 2 2 6 3 2 1 0 8 
692 2 26.4113 12.3583 5.80228 -6.0235e-04 -0.00207676 9.47623e-04 0.0023608784 0.0 18 19.1606111763 2.2922057827 0 0 0 3 8 5 2 0 0 7 
108 2 24.5184 11.3787 3.45604 0.00224747 -0.00413707 -0.00117087 0.0048515365 0.0 13 17.4067631464 2.320219696 0 0 2 2 4 3 2 0 0 7 
929 1 22.2487 15.3854 1.94002 1.23515e-04 0.00209806 0.00344177 0.0040327277 0.0 14 22.9257615636 2.2745948122 0 0 0 4 4 6 0 0 0 6 
449 1 19.0395 16.4915 5.66154 0.00161514 0.00154758 4.74537e-04 0.0022866715 0.0 15 24.4341279945 2.4027957215 0 0 0 3 6 6 0 0 0 6 
788 2 22.8972 12.0764 7.82878 -1.68079e-04 -0.00110746 -0.00337856 0.0035594081 0.0 14 15.7179529867 2.3522213209 0 0 0 3 6 5 0 0 0 6 
217 1 19.7676 14.6672 8.50422 0.00107735 -1.20891e-04 0.00429005 0.0044249098 0.0 15 23.2466111853 2.2947891298 0 0 0 3 7 4 1 0 0 7 
890 1 22.2056 15.4617 7.13661 4.03726e-04 7.92461e-04 0.00611549 0.0061798226 0.0 16 24.0065388456 2.4002779405 0 0 0 2 8 6 0 0 0 6 
619 1 25.6599 11.4985 0.503496 2.5333e-04 -0.00292457 1.18077e-04 0.0029378952 0.0 16 25.034396285 2.3827111358 0 0 1 3 5 5 2 0 0 7 
951 1 20.6288 10.6944 0.988599 1.30693e-04 7.26273e-04 0.00239089 0.0025021807 0.0 15 21.6860014628 2.3904917743 0 0 2 2 6 2 2 1 0 8 
139 1 21.142 12.8456 3.22679 -0.00248534 0.0023218 -8.46231e-04 0.003504822 0.0 15 23.724436609 2.3805485821 0 0 0 3 7 4 1 0 0 7 
485 2 25.2152 14.7057 7.16206 0.00166593 -0.00217715 2.87768e-05 0.0027415567 0.0 13 14.8780363046 2.0625105204 0 0 0 3 6 4 0 0 0 6 
372 2 26.4365 16.4752 6.60705 -7.65258e-04 -8.44436e-04 -0.00293005 0.0031438647 0.0 14 15.3814630961 2.2668442381 0 0 0 4 4 6 0 0 0 6 
233 2 24.4295 10.337 6.95528 5.01395e-05 -0.00164466 -0.00184881 0.0024749786 0.0 14 12.6452947478 1.9538086078 0 0 0 3 6 5 0 0 0 6 
236 2 24.4309 14.4429 4.80284 7.32012e-04 -0.00136589 6.05476e-04 0.0016637603 0.0 13 15.8957814007 2.1874717973 0 0 1 4 3 3 2 0 0 7 
568 2 22.2256 10.1915 3.84601 0.00119653 -0.00226575 -0.00132511 0.0028846531 0.0 14 17.4889636644 2.1286772269 0 0 0 2 8 4 0 0 0 6 
836 2 20.6045 11.3098 8.41528 -0.00205399 0.00492372 0.00124065 0.0054773265 0.0 13 14.8378496776 2.260211691 0 0 0 3 6 4 0 0 0 6 
911 1 19.4764 12.9761 5.67296 -2.9372e-04 -0.00244458 0.00538638 0.0059224431 0.0 17 25.7248400063 2.4002779405 0 0 0 0 12 5 0 0 0 6 
15 2 23.6737 12.197 5.55743 -0.0033539 0.00325716 0.00202024 0.0050930449 0.0 15 16.5461756439 2.4002779405 0 0 1 3 5 4 2 0 0 7 
945 2 21.8204 10.7263 6.06123 0.00196282 0.00139108 0.00430926 0.0049353306 0.0 13 15.3656234599 2.241769503 0 0 0 1 10 2 0 0 0 6 
21 2 18.8174 9.9638 7.2469 -8.30893e-04 7.95218e-04 1.18569e-04 0.0011562065 0.0 14 16.3942656032 2.0277254357 0 0 0 2 8 4 0 0 0 6 
852 2 5.32517 24.2074 0.485716 -5.0372e-04 -1.44282e-04 0.00193065 0.0020004901 0.0 13 12.1207628322 1.869377713 0 0 1 2 6 3 1 0 0 7 
413 2 3.39303 20.7429 0.912311 -0.00233863 -1.42277e-04 -0.00159129 0.0028322494 0.0 15 18.9061254729 2.2829755267 0 0 2 3 4 2 4 0 0 7 
124 2 6.71681 22.9452 4.58067 -4.33981e-04 -0.00245991 0.00442413 0.0050805928 0.0 16 14.4932734807 2.041538914 0 0 0 5 4 5 2 0 0 7 
786 2 5.29471 25.0573 4.82672 -0.00157289 -0.0014812 -0.0011212 0.0024341376 0.0 13 13.2769755534 1.9847089914 0 0 1 3 5 2 2 0 0 7 
725 2 4.43724 21.8205 4.82997 0.00541752 -8.55449e-04 4.53897e-05 0.0054848315 0.0 14 12.9087834394 1.9464421077 0 0 0 1 10 3 0 0 0 6 
214 2 5.23622 19.7442 5.8637 -2.3802e-04 8.94514e-04 0.00293124 0.0030739188 0.0 12 13.3478393143 1.9832860887 0 0 0 2 8 2 0 0 0 6 
573 2 2.53646 22.9231 5.9041 -0.00168602 0.00392024 -1.20838e-04 0.0042691389 0.0 16 13.4379458826 2.0147231501 0 0 1 2 7 4 2 0 0 7 
748 2 0.927671 18.8386 5.20163 -0.00182063 0.00109895 -2.28934e-04 0.0021388772 0.0 13 14.6212551405 2.2748987041 0 0 0 4 4 5 0 0 0 6 
616 2 2.7381 20.0928 5.39295 -0.00341138 -6.9662e-04 -5.89128e-04 0.0035312696 0.0 12 11.2375468264 1.8456298917 0 0 0 0 12 0 0 0 0 5 
342 2 7.56244 22.0415 8.53869 0.00285691 -6.39044e-04 0.00237307 0.003768524 0.0 13 15.8267696238 2.1640613246 0 0 2 1 4 6 0 0 0 6 
489 2 3.41313 23.343 8.87908 0.00184244 -0.00104473 -5.88603e-04 0.0021982947 0.0 13 15.9935286739 2.266044939 0 0 0 4 5 3 1 0 0 7 
269 2 5.23758 22.0073 8.80998 0.00515976 -0.00200748 6.27644e-04 0.0055719867 0.0 14 14.3358565224 2.2895188337 0 0 1 3 5 3 2 0 0 7 
9 2 4.4913 19.4048 3.61978 -0.00134802 0.00257777 5.07815e-04 0.0029529531 0.0 13 13.9284117479 2.1298841916 0 0 0 3 6 4 0 0 0 6 
79 2 5.53078 24.736 8.69005 -0.00166157 0.00249254 0.0041815 0.0051437839 0.0 12 12.742316792 2.125991399 0 0 2 1 5 3 1 0 0 7 
657 2 6.94374 25.6121 2.58096 -8.61657e-04 0.00110406 -9.02248e-04 0.001665969 0.0 16 14.1556631674 1.8879086073 0 0 0 1 11 3 1 0 0 7 
999 2 7.36153 24.2585 10.0072 0.00100587 2.02249e-04 0.00579266 0.0058828215 0.0 14 16.2679084549 2.2642265717 0 0 2 2 3 6 1 0 0 7 
144 2 1.82259 0.507088 3.79608 -4.47871e-04 -0.00579376 -0.00272283 0.0064173239 0.0 17 14.087613022 2.2300693591 0 0 1 3 6 4 3 0 0 7 
257 2 9.70401 21.7691 4.39238 -6.55615e-04 9.24631e-04 -0.0029199 0.0031321861 0.0 13 14.0943239686 2.1370258897 0 0 1 0 9 3 0 0 0 6 
957 2 2.61547 21.6641 3.05926 0.00139977 0.00545721 -0.00437405 0.0071325178 0.0 15 16.4485372047 2.2032874801 0 0 1 2 7 3 2 0 0 7 
378 2 0.347121 24.0424 4.19977 0.00169537 9.19885e-04 0.00222818 0.0029470755 0.0 14 17.5248206536 2.2032874801 0 0 0 2 8 4 0 0 0 6 
866 2 3.02488 23.122 0.636785 0.00346458 0.00120526 0.00129097 0.0038887748 0.0 13 16.2585195197 2.1888769123 0 0 2 3 3 2 3 0 0 7 
600 2 2.21113 18.6353 7.17049 0.00121376 -0.00240011 0.00148644 0.0030729864 0.0 15 16.6296545048 2.3177653901 0 0 0 3 6 6 0 0 0 6 
175 2 0.809585 21.7078 4.53472 0.00174616 0.00354301 8.25283e-04 0.0040352307 0.0 13 15.4534569078 2.1940892251 0 0 0 1 10 2 0 0 0 6 
141 2 7.13195 24.1714 6.78511 -0.00256541 -0.00206143 -0.00108117 0.0034640656 0.0 16 13.7396548625 1.9391543258 0 0 2 4 2 5 2 1 0 8 
630 2 4.55776 26.0091 2.64013 2.62791e-04 -0.00111643 0.00164346 0.0020041047 0.0 12 11.8146023498 1.8594840009 0 0 1 4 2 4 1 0 0 7 
825 2 11.2382 22.6676 2.08952 2.30577e-04 0.00212844 -7.43107e-04 0.002266193 0.0 14 15.0448388285 2.1027620658 0 0 1 1 8 3 1 0 0 7 
634 2 7.27328 20.5423 3.65097 8.51434e-04 0.003738 -0.003751 0.0053635422 0.0 17 16.7940451342 2.3631293858 0 0 1 3 6 5 1 1 0 8 
687 2 7.0565 23.1289 1.9005 -8.63237e-04 -0.00421617 -7.03387e-04 0.0043607363 0.0 13 13.1025651906 1.9225010336 0 0 0 1 10 2 0 0 0 6 
717 2 4.76514 23.4908 6.87164 0.00331714 -0.00294909 -0.00464577 0.0064252415 0.0 14 12.0743474434 2.0147231501 0 0 1 1 9 1 2 0 0 7 
772 2 1.38032 24.9222 5.94946 -0.00202098 -0.00179226 0.00242649 0.0036310343 0.0 12 12.8058728764 1.9924335704 0 0 0 4 4 4 0 0 0 6 
797 2 6.45504 21.9209 6.72994 -0.0015667 0.0012101 0.00156004 0.0025204396 0.0 13 12.709887944 2.0407782149 0 0 0 2 8 3 0 0 0 6 
265 2 9.84646 25.7533 2.41708 0.00149913 0.00675252 0.00157392 0.0070937396 0.0 16 14.7899651324 1.9458260007 0 0 1 3 6 3 3 0 0 7 
776 2 6.04894 19.6776 8.24267 -2.93804e-04 -1.6966e-04 1.17906e-04 3.5917562675e-04 0.0 15 18.0041906981 2.1998148199 0 0 1 3 5 4 2 0 0 7 
76 2 7.44332 26.4553 4.89597 -1.92633e-04 0.00212056 0.00266268 0.0034093617 0.0 15 14.2141716843 1.9391543258 0 0 1 2 8 1 3 0 0 7 
879 2 1.18001 20.9496 6.8528 -0.00175682 0.00104256 0.00150525 0.0025375432 0.0 12 13.8426852991 2.3177653901 0 0 0 2 8 2 0 0 0 6 
935 2 8.70268 24.0142 3.4136 0.00129584 2.3311e-04 -0.00492632 0.0050992323 0.0 14 13.8152196708 1.9458260007 0 0 1 2 7 2 2 0 0 7 
218 1 5.0796 17.9353 0.807625 5.38923e-04 7.70148e-05 -0.00199292 0.0020659379 0.0 17 24.1669535415 2.3080309907 0 0 3 2 5 3 3 0 1 9 
808 2 5.20348 21.2344 2.63943 -0.00293201 -0.00212598 0.00160637 0.0039619311 0.0 12 12.0246338523 1.9833565578 0 0 2 2 4 2 2 0 0 7 
462 2 3.45939 21.129 7.32164 0.00240725 0.00393185 0.00102566 0.004722952 0.0 15 14.7187009426 2.1614281558 0 0 0 2 8 5 0 0 0 6 
718 2 2.18762 18.7349 2.93691 -6.24064e-04 0.00257378 0.00225918 0.0034810478 0.0 15 18.8234933545 2.2829755267 0 0 0 2 9 3 1 0 0 7 
605 2 4.58638 23.5938 2.69111 0.0016904 -0.0015222 0.00215021 0.0031301674 0.0 15 13.7831704379 2.0372671757 0 0 1 2 7 3 2 0 0 7 
196 2 2.90516 25.0949 4.08181 -0.00264317 0.0016996 0.00354601 0.004738056 0.0 14 13.3389653208 2.0723998773 0 0 2 3 3 3 3 0 0 7 
98 2 1.0136 23.1839 8.04159 0.00139434 -0.00215056 -0.00152902 0.0029844588 0.0 13 17.1168828137 2.2329098965 0 0 0 3 6 4 0 0 0 6 
514 2 7.01957 20.5454 1.13804 -0.00131918 6.98605e-04 -4.82901e-04 0.0015689099 0.0 16 18.7601057385 2.3080309907 0 0 3 4 2 3 2 1 1 9 
162 2 7.64305 19.0757 5.9408 0.00309177 1.14056e-04 0.00312657 0.0043985782 0.0 15 18.5549337701 2.3631293858 0 0 2 4 2 4 2 1 0 8 
744 2 1.86393 25.4591 2.00017 8.73162e-04 -4.17475e-04 -0.00105139 0.001429027 0.0 15 17.3495853954 2.2032874801 0 0 2 1 5 6 1 0 0 7 
126 2 3.03109 25.4367 7.85786 9.56581e-04 0.00246618 0.00156491 0.0030734401 0.0 15 15.5181122246 2.2329098965 0 0 1 4 5 2 2 1 0 8 
737 2 2.97202 26.6768 5.83222 0.00107854 -5.19441e-04 -9.17297e-04 0.001508145 0.0 14 12.1993222815 2.0147231501 0 0 1 3 5 4 0 1 0 8 
430 2 8.99114 21.4424 2.18151 0.00132429 0.00145231 -0.00130451 0.0023589605 0.0 12 15.6553598999 2.2917813081 0 0 0 3 6 3 0 0 0 6 
768 1 11.4681 19.1337 8.42135 1.6644e-05 -0.00324372 5.8859e-04 0.0032967309 0.0 14 21.0779832138 2.3245986294 0 0 0 2 8 4 0 0 0 6 
432 2 14.1888 25.9222 5.45675 5.16831e-04 0.00148943 -0.00111683 0.0019320521 0.0 14 13.5110782754 1.9878500143 0 0 0 3 6 5 0 0 0 6 
947 1 15.5099 19.4428 1.94562 8.86757e-05 -8.25524e-04 -0.00255989 0.0026911689 0.0 14 22.3769893003 2.3784480194 0 0 1 3 5 3 2 0 0 7 
724 2 11.066 23.7551 4.35025 7.06509e-04 -9.14772e-04 0.00312094 0.0033280969 0.0 13 12.7574410096 1.9102952843 0 0 0 2 8 3 0 0 0 6 
207 1 16.5632 22.2186 2.79109 -5.23593e-04 0.00414903 -6.37087e-04 0.0042301867 0.0 15 23.9870490225 2.2932929328 0 0 0 4 5 5 1 0 0 7 
513 2 13.0937 21.0493 2.25452 0.00128416 -3.36468e-04 6.70642e-04 0.0014872923 0.0 15 20.9104875086 2.4774617651 0 0 2 1 7 3 1 1 0 8 
569 2 13.6195 0.195303 7.62367 -1.99993e-04 -0.00303845 0.00147352 0.0033828149 0.0 15 14.4546598612 2.0509147829 0 0 3 3 2 4 1 2 0 8 
385 2 12.3145 21.432 4.43004 0.00217431 -3.68566e-04 0.00303586 0.0037523207 0.0 12 15.5580024814 2.2681836582 0 0 0 2 8 2 0 0 0 6 
496 2 11.3187 22.162 6.55984 -1.80371e-04 -0.00131679 0.00252285 0.0028515332 0.0 15 16.9958933308 2.1171572163 0 0 1 1 9 2 2 0 0 7 
315 1 14.8789 23.3466 0.776056 0.00501922 0.0013013 -0.00115755 0.0053128028 0.0 17 23.2529693834 2.4774617651 0 0 2 4 4 2 4 1 0 8 
5 2 17.8808 26.2307 6.61503 5.31468e-04 0.00283757 0.00182994 0.0034180319 0.0 14 17.8579350979 2.1834745872 0 0 0 2 8 4 0 0 0 6 
938 1 15.7803 18.704 8.19608 -0.00346345 7.03346e-04 -6.10637e-04 0.0035865107 0.0 17 24.3532081288 2.4027957215 0 0 1 6 2 4 3 1 0 8 
545 2 9.68713 25.8776 5.0498 0.00135656 6.96109e-04 -4.53529e-05 0.0015254113 0.0 15 12.9197515463 1.9066500129 0 0 1 3 5 4 2 0 0 7 
467 2 15.937 24.5751 5.99208 0.00160972 -0.00221324 0.0038078 0.0046892399 0.0 12 17.3859522157 2.2460160681 0 0 0 3 6 3 0 0 0 6 
32 2 13.2911 24.3208 3.12212 0.00142001 1.52694e-04 -0.00171613 0.0022326769 0.0 15 16.906204808 2.1582077729 0 0 2 4 2 4 2 1 0 8 
239 2 12.1209 25.8774 1.576 0.00192923 2.03995e-04 -0.00371377 0.0041899439 0.0 14 12.6479600253 1.9945428959 0 0 0 4 5 4 1 0 0 7 
760 2 11.5054 23.898 26.8153 -0.00244682 2.08318e-05 0.00206207 0.0031999211 0.0 14 15.9241040292 2.1130778767 0 0 2 2 4 4 2 0 0 7 
102 2 10.1841 22.2072 24.9537 0.00111011 0.0022426 -6.3362e-05 0.0025031208 0.0 14 18.1243148609 2.2297903394 0 0 3 2 3 4 1 0 1 9 
72 1 18.3001 18.2246 0.805094 8.15252e-04 -0.00534921 -0.00357339 0.0064844275 0.0 14 21.2808639695 2.2921514556 0 0 1 3 5 3 2 0 0 7 
290 2 10.6464 19.8535 5.41861 0.0027826 -0.00541585 9.79968e-04 0.0061672223 0.0 14 18.6939662602 2.414547714 0 0 1 1 7 5 0 0 0 6 
41 1 13.6729 19.8796 6.42944 5.20774e-04 -0.00110255 0.00480513 0.0049574284 0.0 13 20.8177469265 2.223949798 0 0 1 2 6 3 1 0 0 7 
893 2 9.90444 24.3291 8.14618 1.80329e-04 1.81433e-04 -2.35993e-04 3.4803617309e-04 0.0 15 16.2791975888 2.1480879464 0 0 1 4 5 1 4 0 0 7 
324 2 11.1674 0.312365 6.84062 0.00351232 3.21483e-04 -0.00261366 0.0043898704 0.0 15 13.0485886031 1.8924667101 0 0 2 3 3 5 1 1 0 8 
256 2 14.041 23.1257 5.13249 -0.00174955 -0.00113629 0.00270636 0.0034170842 0.0 16 20.1997822686 2.2932929328 0 0 1 4 3 7 0 1 0 8 
483 2 14.6236 24.2314 7.96844 5.33312e-04 0.00379887 0.00127254 0.004041682 0.0 14 17.8010737618 2.2731859809 0 0 2 2 4 4 2 0 0 7 
143 2 9.39681 22.7544 0.285624 0.0020035 -0.00115845 9.38893e-07 0.0023143076 0.0 15 15.9992022856 2.3004867847 0 0 0 2 8 5 0 0 0 6 
160 2 11.6484 21.1026 26.7826 -5.79962e-05 -1.90379e-04 0.00281218 0.0028192134 0.0 13 20.8380701227 2.4774617651 0 0 0 2 8 3 0 0 0 6 
712 2 11.8965 26.0677 4.57592 -0.00289773 -4.22438e-04 0.00262931 0.0039355513 0.0 13 12.1749526327 1.8528209666 0 0 1 2 5 5 0 0 0 6 
676 2 12.2353 24.7256 9.13151 -0.00120209 -0.00151274 0.00483869 0.0052102134 0.0 14 15.2454229472 2.1180467488 0 0 1 5 1 5 2 0 0 7 
60 1 16.1156 19.8487 4.86489 -0.00246176 -0.00153716 -9.81672e-04 0.003063789 0.0 14 21.937034144 2.2932929328 0 0 1 2 6 4 1 0 0 7 
609 1 16.501 25.2086 3.0807 0.00317434 -1.63694e-04 -3.29788e-04 0.0031956205 0.0 17 22.6138782507 2.2478697283 0 0 0 3 7 6 1 0 0 7 
293 1 13.3934 18.2988 4.11109 6.13467e-04 0.00490964 -0.00223338 0.0054285259 0.0 16 22.609059662 2.414547714 0 0 2 3 5 2 3 1 0 8 
923 1 18.3375 19.5414 6.76323 -0.004778 -0.00399418 -0.00178944 0.006479572 0.0 12 21.1158477801 2.3842645194 0 0 1 4 2 4 1 0 0 7 
792 1 16.5983 21.6404 6.97813 0.00221406 3.66867e-04 -0.00406995 0.0046477033 0.0 15 22.0517224046 2.2460160681 0 0 1 3 5 4 2 0 0 7 
689 2 12.0384 24.7419 6.50335 -0.00274248 0.00294303 -8.84379e-04 0.0041188285 0.0 14 14.5670170144 2.0991599318 0 0 2 2 3 6 1 0 0 7 
26 2 9.05081 20.8594 6.92477 -0.00721279 2.8063e-04 -0.00226771 0.0075660823 0.0 15 17.0570301471 2.1174467864 0 0 0 5 3 6 1 0 0 7 
722 2 9.31645 23.5592 6.1207 5.58221e-04 0.00293417 -7.44659e-04 0.003078227 0.0 14 13.3773335113 1.9842038554 0 0 2 3 4 2 2 1 0 8 
394 2 13.8562 0.199527 3.24056 0.00622764 0.00248029 3.87078e-04 0.006714549 0.0 13 13.0845761579 1.888406211 0 0 0 1 10 2 0 0 0 6 
638 2 23.5126 26.098 7.32859 2.78357e-04 9.77888e-04 -0.00492286 0.0050267582 0.0 13 17.1971951794 2.2216270301 0 0 0 4 4 5 0 0 0 6 
172 1 21.6257 22.2767 0.546297 -0.00288866 -0.00139117 -6.46495e-04 0.0032707287 0.0 14 21.6398353643 2.2263450181 0 0 0 2 8 4 0 0 0 6 
636 2 24.361 24.6115 5.43888 9.54215e-04 0.00408356 -0.00142514 0.0044291097 0.0 15 20.007039942 2.2349308397 0 0 0 3 6 6 0 0 0 6 
936 1 25.4699 21.3127 9.51953 2.08174e-05 -0.00178891 -0.00140809 0.0022766971 0.0 15 24.8450439923 2.319699659 0 0 0 3 7 4 1 0 0 7 
683 1 25.6113 19.491 3.14405 6.64303e-04 0.00225743 -6.34642e-04 0.0024372237 0.0 15 21.6223237466 2.2748987041 0 0 0 2 8 5 0 0 0 6 
505 1 24.0543 20.8012 5.2693 -0.00221537 -0.0029037 -0.00327095 0.0049029024 0.0 14 22.6297049349 2.3178437272 0 0 1 4 3 4 2 0 0 7 
182 1 22.5631 19.3628 8.34843 0.00348528 -6.48361e-04 -8.36309e-06 0.0035450837 0.0 14 24.1367544048 2.3939395156 0 0 0 1 10 3 0 0 0 6 
785 1 21.4338 22.7097 5.15413 0.00113976 0.00119372 0.00117586 0.0020264913 0.0 13 22.188141521 2.2349308397 0 0 0 3 6 4 0 0 0 6 
300 1 25.5038 25.6728 1.83782 0.00143662 -0.00192773 -0.00542547 0.0059342855 0.0 15 22.5894503225 2.2300693591 0 0 0 2 8 5 0 0 0 6 
624 1 24.5455 17.1951 8.55471 -0.00185179 0.00238362 -0.00196009 0.0035989892 0.0 14 21.0287152358 2.2280960599 0 0 0 2 8 4 0 0 0 6 
400 1 19.7133 23.9342 2.74282 -0.00144702 0.0016305 -8.72183e-04 0.0023479992 0.0 15 23.5510064682 2.1468221647 0 0 0 0 12 3 0 0 0 6 
713 1 18.8981 20.4906 4.09139 -0.00127438 -0.00120026 -7.70759e-04 0.0019127828 0.0 16 21.695867992 2.2318457903 0 0 1 3 5 5 2 0 0 7 
301 1 18.9515 21.1098 1.43666 0.00251894 -8.32507e-04 -0.00252105 0.0036597568 0.0 13 20.9259543885 2.2310253083 0 0 0 3 6 4 0 0 0 6 
837 1 22.614 24.8412 2.56775 5.86628e-04 0.0029664 3.00237e-04 0.0030387174 0.0 13 22.9450310694 2.2249553358 0 0 0 1 10 2 0 0 0 6 
271 1 21.6523 21.0025 2.87668 -4.4702e-04 -0.00361496 0.00418595 0.0055488684 0.0 14 20.4625336806 2.1696371591 0 0 0 2 8 4 0 0 0 6 
617 1 23.2092 22.6853 7.73399 0.00132761 -0.00219622 -0.00157305 0.0030100526 0.0 16 24.6779891644 2.319699659 0 0 1 4 3 6 2 0 0 7 
702 1 20.789 25.5903 5.11117 -5.32467e-04 0.00157157 -0.0020441 0.0026328118 0.0 14 22.3426971751 2.2349308397 0 0 0 2 9 2 1 0 0 7 
547 1 19.5655 17.7489 8.46508 -0.00340276 0.00139333 -0.00180549 0.0040963323 0.0 15 24.5816879095 2.4027957215 0 0 0 2 8 5 0 0 0 6 
746 1 20.709 24.6728 7.83515 2.15284e-04 -0.00105107 -0.00522637 0.0053353574 0.0 15 21.6415343341 2.2349308397 0 0 0 2 9 3 1 0 0 7 
52 1 18.69 0.0530543 3.65991 -0.00176145 -0.0044877 -0.00159684 0.0050785879 0.0 13 20.3620918511 2.1834745872 0 0 0 3 6 4 0 0 0 6 
231 2 26.3087 22.7339 6.19756 0.00245738 8.94443e-04 -7.9623e-04 0.0027336289 0.0 14 16.4045952172 2.2669730048 0 0 0 3 6 5 0 0 0 6 
781 1 24.5208 22.6926 3.14264 6.64014e-04 -0.00243687 0.00188666 0.0031525761 0.0 14 21.9698551076 2.1696371591 0 0 0 3 6 5 0 0 0 6 
828 1 21.2945 19.4802 0.133754 -0.00303094 0.00204362 0.00288537 0.0046570742 0.0 14 21.9242727276 2.2866827486 0 0 1 3 4 5 1 0 0 7 
920 1 -0.114454 21.9709 1.49754 -0.00248179 0.0038646 -3.00501e-04 0.0046026857 0.0 15 22.4735877291 2.2890437652 0 0 0 2 9 3 1 0 0 7 
116 1 18.658 23.2406 5.6213 -0.00133061 -0.00219679 0.00492961 0.0055585487 0.0 15 22.9222683129 2.243549666 0 0 2 1 6 4 2 0 0 7 
419 1 20.4435 21.3607 7.55424 0.0038462 -0.00252433 0.00137374 0.0048013184 0.0 16 22.1729820534 2.1979021703 0 0 1 3 5 5 2 0 0 7 
715 1 21.204 19.572 5.48528 7.00762e-04 8.32276e-04 0.00296017 0.0031537846 0.0 15 22.2550865647 2.3939395156 0 0 1 2 7 3 2 0 0 7 
245 1 20.0889 18.0379 2.90902 0.00222462 0.00101647 5.90622e-04 0.0025161438 0.0 13 21.6047529707 2.1977462253 0 0 0 3 6 4 0 0 0 6 
298 1 22.8864 18.632 3.19768 3.91291e-04 7.9039e-04 6.98952e-04 0.0011253261 0.0 13 20.9692131106 2.2866827486 0 0 0 3 6 4 0 0 0 6 
371 2 25.9306 25.0544 6.99979 8.24398e-04 2.45077e-05 2.78397e-04 8.7048123436e-04 0.0 13 14.8813371871 2.1582111707 0 0 0 5 2 6 0 0 0 6 
30 1 18.5088 26.4868 0.661112 0.00148838 -0.00112264 -7.5305e-04 0.0020106417 0.0 15 22.0324737297 2.2478697283 0 0 1 2 7 3 2 0 0 7 
158 2 26.1412 19.4311 6.82563 -0.00372435 0.00142238 -8.27576e-05 0.0039875803 0.0 15 21.1247795641 2.319699659 0 0 0 3 6 6 0 0 0 6 
337 2 19.5235 0.825217 7.13513 0.00441424 -0.00221477 -0.00242864 0.0055035455 0.0 14 16.6473042128 2.0430286992 0 0 2 2 5 3 1 1 0 8 
359 1 2.39353 7.93815 12.437 -6.0236e-04 -0.00340986 -0.00107459 0.0036255657 0.0 16 22.8328161765 2.2879618384 0 0 1 4 3 7 0 1 0 8 
838 1 1.4105 6.26928 15.1933 -0.00267695 0.00143341 0.00152457 0.0033977992 0.0 13 21.4786627507 2.3161295998 0 0 1 2 6 3 1 0 0 7 
364 2 0.10992 5.51853 10.97 -0.00238715 2.67618e-04 -0.00202085 0.0031390985 0.0 14 15.1259284691 2.2311672286 0 0 1 3 5 3 2 0 0 7 
867 1 5.77997 2.09247 15.5554 -3.43002e-04 0.00119806 0.00215682 0.0024909578 0.0 12 20.312878317 2.1829681144 0 0 0 2 8 2 0 0 0 6 
122 1 7.59418 7.01085 13.2347 3.55199e-04 -7.09474e-04 6.18558e-04 0.0010060486 0.0 16 24.1073794348 2.3140667448 0 0 0 3 6 7 0 0 0 6 
635 2 2.71966 2.822 10.3159 -0.00195286 -0.00644784 0.00323253 0.0074724529 0.0 16 18.6465474061 2.2103078154 0 0 0 3 7 5 1 0 0 7 
11 2 2.06085 6.1131 9.52799 0.00223765 -0.00339182 2.05167e-04 0.0040686133 0.0 15 17.5880513199 2.2021683825 0 0 2 3 4 3 2 1 0 8 
975 2 0.231639 2.99027 10.7732 9.21307e-04 -0.00409245 -5.53354e-04 0.0042312119 0.0 13 15.0785224628 2.2552833138 0 0 0 2 8 3 0 0 0 6 
152 1 -0.0157949 3.58193 14.8442 -0.00165165 -0.0015254 -0.00227261 0.0031968029 0.0 15 21.891996635 2.2552833138 0 0 1 2 6 5 1 0 0 7 
249 2 5.12393 2.63365 10.0302 0.00209118 0.00275119 0.00193764 0.0039618845 0.0 14 19.7825885374 2.3559514472 0 0 0 2 8 4 0 0 0 6 
855 1 2.09713 1.68292 13.9853 -0.00170916 -0.00212479 0.00414432 0.0049609826 0.0 16 25.0977400794 2.2675129224 0 0 0 3 7 5 1 0 0 7 
659 2 9.32777 4.24027 9.68042 0.00670023 0.0037365 -3.86841e-04 0.0076814166 0.0 13 15.5240192401 2.2748434337 0 0 0 3 6 4 0 0 0 6 
779 1 4.76234 3.57733 13.0596 -1.384e-04 -1.1616e-04 0.00125851 0.0012714146 0.0 12 20.8509085321 2.225084608 0 0 0 2 8 2 0 0 0 6 
294 1 4.94419 3.0775 18.366 -0.00194771 5.19672e-04 -3.7003e-04 0.0020495257 0.0 16 21.8691288884 2.3292717446 0 0 1 3 5 5 2 0 0 7 
813 1 3.81376 6.46473 17.3857 8.90969e-06 0.00297735 -0.00220273 0.003703608 0.0 13 20.5497149722 2.3292717446 0 0 0 1 10 2 0 0 0 6 
232 1 1.46759 5.02411 17.9401 -0.00139927 0.00151285 0.00274998 0.0034364315 0.0 15 21.9960936113 2.1981772683 0 0 1 2 7 3 2 0 0 7 
851 1 6.59427 5.82312 18.4313 -0.0032185 0.00246804 -0.00107269 0.0041953102 0.0 15 22.0626537849 2.446217406 0 0 1 2 7 3 2 0 0 7 
282 1 4.57793 0.669077 12.6997 -0.00185892 0.00165468 7.67219e-04 0.0026042608 0.0 14 21.5872238037 2.2021579809 0 0 1 2 7 2 2 0 0 7 
910 1 3.95836 6.45989 14.6247 -3.45344e-05 -0.00269242 0.0029908 0.0040243264 0.0 13 21.820071798 2.2461708362 0 0 1 2 5 5 0 0 0 6 
907 1 2.17041 4.77942 12.9187 0.00237497 0.00201555 7.58958e-04 0.0032060788 0.0 15 21.8363222273 2.2326720456 0 0 0 3 8 2 2 0 0 7 
223 1 7.00553 4.63502 11.6669 -0.0017608 -9.58067e-04 -3.16294e-04 0.002029372 0.0 14 22.9517902032 2.3559514472 0 0 0 2 8 4 0 0 0 6 
580 1 3.30886 9.21699 16.4717 -0.00130181 0.00331477 0.00207941 0.0041238763 0.0 16 24.6471915736 2.2879618384 0 0 2 2 5 5 1 1 0 8 
991 1 6.96546 4.84759 15.1904 -0.00307319 -4.29097e-04 0.00239031 0.0039169124 0.0 16 24.1193255621 2.3292717446 0 0 0 2 8 6 0 0 0 6 
560 1 3.34854 3.69514 15.9251 4.09788e-04 -1.77366e-04 -1.46012e-06 4.4652775373e-04 0.0 14 22.1856794994 2.3292717446 0 0 1 1 8 3 1 0 0 7 
95 1 4.50616 6.08547 11.7064 9.60856e-05 -6.35839e-04 -0.00225169 0.0023417155 0.0 16 23.0543584179 2.3355087584 0 0 0 2 8 6 0 0 0 6 
7 1 7.16459 2.08213 12.9128 -5.93113e-04 0.00221217 -0.0022916 0.0032398935 0.0 14 21.881853255 2.3559514472 0 0 1 3 5 3 2 0 0 7 
673 1 7.77904 3.38165 17.5282 0.00332484 -0.00273932 9.33409e-04 0.0044079119 0.0 14 20.7742649479 2.446217406 0 0 1 3 4 5 1 0 0 7 
831 1 6.70786 7.62389 16.2378 0.00102754 0.00167125 0.001455 0.0024425274 0.0 13 22.9665081286 2.2530608316 0 0 0 1 10 2 0 0 0 6 
733 1 1.43348 2.0269 17.0342 -0.00414474 -0.00277512 0.00129322 0.0051529194 0.0 13 22.066828726 2.2675129224 0 0 2 2 3 5 1 0 0 7 
264 2 4.71127 0.319691 9.62575 -2.21554e-04 -1.57563e-04 -0.00371919 0.0037291134 0.0 14 15.3535588656 2.219776536 0 0 0 4 4 6 0 0 0 6 
588 2 2.44416 0.0227955 10.5562 0.00104539 0.00171972 -0.00224137 0.0030123108 0.0 13 18.9603029957 2.2121903108 0 0 0 4 5 3 1 0 0 7 
82 1 6.701 0.716441 17.916 0.00305543 -0.00288724 -1.87134e-04 0.004207948 0.0 16 20.9320469543 2.3037592052 0 0 0 3 6 7 0 0 0 6 
528 2 15.9304 26.5829 14.1361 -0.00121786 -0.00108963 -0.00133703 0.0021114274 0.0 13 16.8135839145 2.2099522606 0 0 1 2 6 3 1 0 0 7 
497 2 15.3758 5.07748 11.5231 3.43708e-04 -0.00128479 -0.00314781 0.0034172399 0.0 17 13.7750309753 1.962752651 0 0 4 2 4 1 4 2 0 8 
90 2 11.3565 2.53529 13.7005 -0.00122951 -0.00222135 0.00172647 0.0030703077 0.0 14 16.2906013705 2.1492737961 0 0 2 2 6 1 2 1 0 8 
199 2 12.1257 4.83404 14.6798 3.55689e-05 0.00245551 4.2105e-05 0.0024561285 0.0 14 13.7994907385 1.9781008891 0 0 1 3 6 1 3 0 0 7 
306 2 14.2663 7.61763 16.8862 2.41958e-05 0.00477988 0.00278538 0.0055322852 0.0 13 12.6646150452 2.0283361316 0 0 0 1 10 2 0 0 0 6 
650 2 14.7074 5.62274 15.0773 2.84167e-04 -1.09025e-05 -0.00103213 0.0010705896 0.0 16 13.5404804417 1.9815697693 0 0 2 3 4 3 4 0 0 7 
334 2 8.99264 1.521 9.22564 0.00439535 -0.00172551 -2.43675e-04 0.0047281988 0.0 18 17.0678453229 2.3559514472 0 0 3 2 5 3 4 1 0 8 
100 2 10.619 5.31191 12.4063 9.27151e-04 -0.00104698 -0.00211645 0.0025367571 0.0 13 16.4353009852 2.3140667448 0 0 0 2 9 1 1 0 0 7 
451 2 14.6157 3.51044 17.0437 3.13582e-04 3.62766e-05 -0.0010876 0.0011324855 0.0 12 11.7476378957 1.8527950224 0 0 0 2 8 2 0 0 0 6 
905 2 13.3391 4.23928 12.6116 -8.84308e-05 0.00132508 0.00195695 0.002365018 0.0 17 14.5893916613 2.0678412387 0 0 5 2 3 0 4 3 0 8 
502 2 9.83702 4.51486 14.5841 -0.00189132 6.2147e-05 -0.00290332 0.0034655765 0.0 13 17.7449057284 2.1992703042 0 0 0 3 6 4 0 0 0 6 
695 2 10.6517 7.67429 11.4775 1.72685e-04 0.00157309 -0.00271037 0.0031385566 0.0 13 16.4318912069 2.2783427196 0 0 2 3 3 3 1 1 0 8 
416 2 17.0817 1.12803 10.2724 0.00212071 -0.00112632 -4.25232e-04 0.0024386123 0.0 12 13.6151055597 1.961368884 0 0 0 2 8 2 0 0 0 6 
818 2 9.73336 6.87975 15.8869 -0.00446649 -4.04285e-04 0.00327936 0.0055558241 0.0 17 20.53153757 2.446217406 0 0 1 1 9 5 0 1 0 8 
179 2 16.1537 8.17868 18.5362 5.33951e-04 -0.00173652 0.00165464 0.0024573235 0.0 16 17.5414632736 2.3579602996 0 0 0 2 9 4 1 0 0 7 
115 2 13.7955 0.364604 10.2255 -6.70091e-04 0.00249492 0.00201022 0.0032733213 0.0 17 13.3863555469 2.0509147829 0 0 3 3 3 3 4 1 0 8 
330 2 16.9676 2.12406 14.4422 -4.53997e-04 0.00277062 -0.00250097 0.00375996 0.0 13 15.1395766819 2.1973149639 0 0 0 4 4 5 0 0 0 6 
546 2 15.2175 7.12413 12.5072 0.00211952 0.00128022 3.08276e-04 0.002495268 0.0 15 13.4351213009 1.9629712951 0 0 2 3 4 3 2 1 0 8 
790 2 13.2912 26.1399 12.2016 6.32257e-04 -0.00135682 -0.00281601 0.0031891412 0.0 13 13.5268514613 2.1408750937 0 0 3 1 3 5 0 1 0 8 
885 1 9.66896 1.36361 17.9182 -8.2565e-05 -3.93837e-04 -0.00281466 0.002843279 0.0 15 21.5555219065 2.3495445905 0 0 1 3 4 6 1 0 0 7 
103 2 16.6427 6.92949 16.1122 8.90458e-04 8.22428e-04 -0.00248562 0.0027654313 0.0 13 11.9066822441 1.7858304361 0 0 0 3 6 4 0 0 0 6 
625 2 11.462 0.2793 9.25327 -0.0025853 0.00664649 0.00261951 0.0075974626 0.0 15 13.8710108321 2.0375864549 0 0 2 3 3 5 1 1 0 8 
758 2 17.3645 7.2757 13.5849 -0.00260708 0.00293026 -0.00468734 0.0061118284 0.0 13 12.8178601945 1.9007891904 0 0 1 3 4 4 1 0 0 7 
317 2 17.9142 0.701487 12.6612 -0.00143268 0.00120161 5.55496e-04 0.0019506446 0.0 15 17.0150608599 2.5988590159 0 0 0 2 9 3 1 0 0 7 
459 2 12.322 7.12906 9.06098 -0.00216325 -0.00344885 -0.00260015 0.0048306311 0.0 14 15.2096965086 2.1098186797 0 0 1 3 5 3 2 0 0 7 
998 2 15.0279 1.31916 15.7759 0.00113294 0.00379124 -0.00150391 0.0042330602 0.0 13 15.6034912539 2.2408549658 0 0 1 2 5 5 0 0 0 6 
584 2 12.7035 2.59664 15.7128 0.00121686 0.00231214 -7.82689e-05 0.0026139751 0.0 16 14.7438166275 2.3096035461 0 0 3 3 3 3 3 0 1 9 
381 2 12.9173 7.34377 14.9343 4.10249e-04 -0.00263218 0.00303867 0.0040410631 0.0 14 13.7221226038 2.0181206818 0 0 2 3 3 3 3 0 0 7 
2 2 13.7079 1.18525 13.6351 0.00163638 7.40162e-04 -0.00176159 0.0025157064 0.0 16 14.9107087965 2.0990879903 0 0 4 2 3 3 2 1 1 9 
884 2 11.8586 1.33914 11.577 0.00223534 9.71566e-04 0.00280102 0.003713004 0.0 15 13.5023298063 2.0678412387 0 0 2 3 4 2 4 0 0 7 
161 2 9.7369 6.72441 9.39554 0.00221653 0.00599086 -0.0012435 0.0065076648 0.0 15 16.9708477755 2.3140667448 0 0 1 4 5 2 2 1 0 8 
398 2 15.0513 8.39399 14.5333 -4.19665e-04 -9.52301e-04 5.87055e-04 0.0011948345 0.0 14 13.7621247531 2.0012032022 0 0 0 4 4 6 0 0 0 6 
288 2 12.9331 5.18022 17.0576 -0.00482235 0.00112895 0.00147151 0.0051667136 0.0 15 12.4838463691 1.9529457086 0 0 1 2 7 3 2 0 0 7 
176 2 10.6071 7.35291 13.6642 -0.00245583 -0.0025861 0.00127534 0.0037875462 0.0 11 14.5749774977 2.0147074254 0 0 0 2 8 1 0 0 0 6 
99 2 10.7631 3.91378 16.8203 1.97764e-04 1.55444e-04 0.00226362 0.0022775533 0.0 14 16.4185364306 2.3827997828 0 0 2 1 6 3 2 0 0 7 
812 2 11.4454 2.83803 9.59153 9.99048e-04 -0.00246027 0.0043962 0.0051359128 0.0 14 13.0058611565 2.0509147829 0 0 2 2 5 3 1 1 0 8 
250 2 12.8026 7.13016 12.1498 0.00151107 -0.002996 0.00195552 0.0038837362 0.0 17 14.6124310143 1.9815697693 0 0 1 4 4 5 3 0 0 7 
888 2 14.694 3.31312 14.4207 0.00209835 -0.00238741 9.1242e-04 0.0033068579 0.0 14 12.7193843153 1.962752651 0 0 2 2 5 3 1 1 0 8 
46 2 11.5627 7.47804 17.2266 0.00161885 -7.81584e-04 -0.00116608 0.0021427299 0.0 13 15.6347837705 2.123933442 0 0 2 1 7 1 1 1 0 8 
969 2 13.7055 2.94686 10.7317 -6.70637e-04 -0.00304032 -0.00212252 0.0037680752 0.0 12 13.453732862 1.9615635468 0 0 2 2 3 4 1 0 0 7 
401 2 9.88517 0.195535 12.3041 0.00207577 -0.00181895 -2.81539e-04 0.0027742863 0.0 17 19.5802556098 2.3323537512 0 0 4 3 2 2 5 0 1 9 
986 2 12.0985 5.00162 10.6112 1.80827e-04 -0.00109586 0.00168791 0.0020205563 0.0 16 14.2557114837 2.0678412387 0 0 1 3 5 5 2 0 0 7 
434 2 16.7344 4.2167 15.6767 0.00616618 0.00137652 3.78579e-04 0.0063292895 0.0 13 12.3474070688 1.9708961219 0 0 0 2 8 3 0 0 0 6 
96 2 15.4248 1.64814 12.0048 -0.00246299 -1.95594e-04 -2.28611e-04 0.002481298 0.0 17 14.3414747224 1.962752651 0 0 2 4 3 5 2 0 1 9 
376 2 16.4393 5.85484 9.46988 -0.005797 0.00397252 -0.0030822 0.0076737267 0.0 14 13.0394922432 1.9334225645 0 0 1 2 6 4 1 0 0 7 
209 2 14.3906 6.9742 10.2344 -0.00109077 -0.00128533 -0.00231963 0.0028674964 0.0 11 12.0450267773 1.8507360207 0 0 0 2 8 1 0 0 0 6 
964 2 16.485 5.00193 13.506 -0.00207809 0.00138691 9.18787e-05 0.0025000838 0.0 14 12.9558502758 1.962752651 0 0 1 3 5 3 2 0 0 7 
819 2 9.71939 2.73815 11.3787 -7.44935e-04 4.00853e-04 -0.00359498 0.0036931684 0.0 14 17.0927192078 2.3299032416 0 0 2 1 7 1 3 0 0 7 
696 2 17.8827 3.03902 12.0462 -0.00392836 0.00367965 0.00415641 0.0068005574 0.0 13 13.9795001755 1.949298673 0 0 0 3 6 4 0 0 0 6 
351 2 25.4141 6.13432 8.71239 -0.00128264 0.00195302 -9.20921e-04 0.0025114832 0.0 14 12.6363109807 1.9057755735 0 0 1 1 8 3 1 0 0 7 
741 2 20.4888 6.12798 8.27863 -0.00199429 -3.84115e-04 -0.00141888 0.0024774901 0.0 15 15.1132212385 1.9259289563 0 0 0 4 5 5 1 0 0 7 
848 2 24.5074 6.36754 10.9664 2.02612e-04 0.00115582 -0.0028618 0.0030930358 0.0 16 13.0308343049 1.8209215846 0 0 1 2 6 6 1 0 0 7 
577 2 22.0717 8.74339 15.4708 2.2225e-04 3.38635e-04 -0.00357838 0.003601232 0.0 13 14.8003725575 2.0761041352 0 0 0 4 4 5 0 0 0 6 
329 2 22.1749 1.04201 11.4093 0.0019752 0.00248248 -9.39097e-04 0.0033084778 0.0 14 17.0704213003 2.2274379776 0 0 1 4 4 3 1 1 0 8 
736 2 18.5145 5.56889 12.428 -5.18466e-04 -8.8713e-04 -2.20018e-04 0.0010508161 0.0 16 12.5026576259 1.9379990444 0 0 2 2 5 4 3 0 0 7 
752 2 20.6441 5.58029 13.6743 -0.00339579 0.0052359 -8.919e-04 0.0063040879 0.0 13 12.8255645736 2.0899340489 0 0 0 4 4 5 0 0 0 6 
643 2 18.8767 5.01882 10.0051 7.29567e-05 -0.0046316 -1.65334e-04 0.0046351242 0.0 15 13.8843397993 1.9379990444 0 0 1 4 3 5 2 0 0 7 
211 2 25.3263 3.71683 12.1529 0.00282777 -9.68323e-04 0.00165382 0.0034159996 0.0 12 15.089547274 2.2502505503 0 0 0 3 7 1 1 0 0 7 
527 2 20.5183 4.52747 15.7828 9.58657e-04 0.00278042 -8.71488e-04 0.0030674501 0.0 13 16.4153027469 2.1982084143 0 0 0 1 10 2 0 0 0 6 
747 2 22.8513 6.27469 15.0946 0.00257492 -2.60312e-05 0.0038859 0.0046616638 0.0 13 17.4340566857 2.2495060231 0 0 0 2 8 3 0 0 0 6 
799 2 24.4666 1.81954 10.9799 -5.74028e-04 -0.00224377 -0.0013157 0.0026636588 0.0 15 14.9883494197 2.1792959328 0 0 1 2 8 2 1 1 0 8 
305 2 20.5546 4.27112 11.8189 -0.00104464 -0.00432154 -0.00272318 0.0052137021 0.0 14 13.833139706 1.8907581967 0 0 0 3 6 5 0 0 0 6 
972 2 20.8216 7.04423 16.1466 4.77842e-05 6.4831e-04 -0.00164158 0.0017656087 0.0 14 15.1497831859 2.1617526582 0 0 0 4 4 6 0 0 0 6 
205 2 -0.0208356 8.42539 10.6533 -0.00367208 -6.30827e-04 0.00186426 0.0041662429 0.0 14 14.2796523339 2.14260118 0 0 0 4 4 6 0 0 0 6 
853 2 24.75 4.08119 9.88646 3.62608e-04 -0.00317069 1.84383e-04 0.003196679 0.0 14 12.4702849913 1.8423970775 0 0 1 1 8 3 1 0 0 7 
107 2 21.7487 3.34414 9.60182 0.00162838 3.75179e-04 0.00184497 0.0024892358 0.0 15 14.0067490843 1.9259289563 0 0 1 3 5 4 2 0 0 7 
778 2 24.0017 8.36566 13.8076 3.39129e-04 0.00158862 4.69166e-04 0.0016908101 0.0 16 15.2141683998 2.3582777903 0 0 1 4 6 1 3 1 0 8 
646 2 18.8892 3.65753 16.9428 2.88577e-04 1.56485e-04 -0.00115976 0.0012053246 0.0 13 16.4379653644 2.1800809576 0 0 0 4 4 5 0 0 0 6 
81 2 18.6509 5.86997 15.236 7.40993e-04 -0.00344409 1.37062e-04 0.0035255656 0.0 14 12.8784119515 2.0485524723 0 0 0 2 8 4 0 0 0 6 
876 2 19.8383 1.39724 11.668 0.00277046 3.21925e-04 0.00243362 0.003701566 0.0 15 17.357238566 2.5988590159 0 0 0 4 6 3 2 0 0 7 
651 1 25.1251 0.552649 16.7339 2.64028e-04 0.00225981 0.00145794 0.0027022289 0.0 15 23.2467604026 2.2305253225 0 0 0 2 9 3 1 0 0 7 
606 2 24.5587 5.41611 13.5125 -0.00202378 0.00112445 5.95904e-04 0.0023906432 0.0 15 15.8952561894 2.2326720456 0 0 1 4 4 4 1 1 0 8 
331 2 20.07 7.7935 14.1234 -3.21077e-04 -4.96105e-04 9.64888e-04 0.0011314678 0.0 14 12.9210595807 1.8731076275 0 0 0 3 6 5 0 0 0 6 
984 2 16.603 3.47105 10.0608 -8.78932e-04 -0.00157468 9.49534e-04 0.0020380759 0.0 14 13.2757062058 1.9379990444 0 0 1 1 8 3 1 0 0 7 
88 1 25.4609 1.16056 14.0665 0.00142254 -0.00196744 0.00339988 0.0041777535 0.0 17 22.7154997007 2.2675129224 0 0 1 2 8 3 3 0 0 7 
484 2 19.4387 2.61961 9.73345 0.00591627 -6.68819e-04 0.00269547 0.0065356811 0.0 13 14.258209352 2.011205382 0 0 0 3 6 4 0 0 0 6 
762 1 23.9322 3.59612 15.9425 -4.4731e-04 -0.00339706 0.00128133 0.0036581292 0.0 13 22.4091889571 2.2380924334 0 0 0 1 10 2 0 0 0 6 
436 2 18.318 7.67317 17.5032 -0.00346872 -0.00241399 6.55307e-04 0.0042765399 0.0 13 16.5311123932 2.3579602996 0 0 1 4 3 3 2 0 0 7 
675 1 0.106064 8.55962 16.9363 -3.00736e-05 7.0603e-04 0.00210989 0.0022250884 0.0 15 23.7452777813 2.3582777903 0 0 0 3 6 6 0 0 0 6 
6 2 26.0542 7.20638 12.6832 -2.20373e-04 0.00239172 -0.00185854 0.0030369491 0.0 14 18.027293716 2.3582777903 0 0 2 3 4 2 2 1 0 8 
389 1 18.7378 0.50472 16.6105 0.00304741 -0.00437156 -0.00143192 0.005517938 0.0 16 25.5385798807 2.5844920682 0 0 0 5 3 7 1 0 0 7 
89 2 19.107 3.37653 14.379 -0.00157425 -0.00323464 0.00175293 0.0040017399 0.0 15 16.945570243 2.5619248642 0 0 0 2 8 5 0 0 0 6 
69 2 22.9563 6.77422 12.7171 -0.00112463 0.0035518 4.74959e-04 0.0037557505 0.0 15 13.1659543297 2.0422189477 0 0 2 2 5 4 1 1 0 8 
87 2 21.8991 2.83343 13.3026 -0.00208832 3.3152e-04 0.00158889 0.0026449116 0.0 15 20.0259043967 2.4501984586 0 0 0 3 6 6 0 0 0 6 
649 2 23.063 4.15333 11.6909 -0.00148695 -0.0012008 -0.00510309 0.0054492631 0.0 13 13.9375815283 2.0872464725 0 0 1 2 5 5 0 0 0 6 
303 2 0.0828147 0.590731 10.6377 -0.00247463 0.00288169 -0.00204634 0.0043145612 0.0 14 16.5406565035 2.251436755 0 0 0 2 8 4 0 0 0 6 
601 2 17.6122 5.42455 17.7257 0.00393186 0.00180653 0.00316847 0.0053630473 0.0 14 14.3864386441 2.3421001844 0 0 2 3 3 4 1 1 0 8 
726 2 22.9975 8.67658 10.9159 0.00241542 -0.00314147 0.00328449 0.0051469372 0.0 14 14.0239181171 1.9582144538 0 0 0 2 8 4 0 0 0 6 
864 1 22.9862 26.5307 14.1221 0.00314763 -5.78513e-04 4.41913e-04 0.003230718 0.0 14 21.625894218 2.523750254 0 0 1 2 6 4 1 0 0 7 
684 1 25.8163 5.7409 16.408 0.00177088 -0.00177929 0.00219791 0.0033365697 0.0 13 20.8228232182 2.3582777903 0 0 0 1 10 2 0 0 0 6 
599 1 21.7389 1.5823 15.9203 0.00475244 -0.00318167 0.00316649 0.0065372294 0.0 15 24.1392685218 2.5988590159 0 0 0 3 6 6 0 0 0 6 
159 2 22.0745 6.25567 9.98388 -0.00188145 7.13593e-06 -0.00184905 0.002637971 0.0 13 13.6720360503 1.8907581967 0 0 1 2 5 5 0 0 0 6 
138 2 23.046 4.87455 8.09216 0.0029334 0.00155252 0.00222796 0.0039973691 0.0 14 13.3794919875 1.9022828868 0 0 1 1 8 3 1 0 0 7 
872 2 24.7565 0.38593 9.28976 -0.00252214 6.17993e-04 0.00215776 0.0033762455 0.0 13 14.2699067192 1.9883032102 0 0 0 2 8 3 0 0 0 6 
54 2 21.6852 0.946796 9.11344 0.00221267 -0.00439477 -1.78448e-04 0.0049235917 0.0 14 16.0050590875 2.108768341 0 0 0 3 7 3 1 0 0 7 
215 2 3.16149 15.8432 7.94634 0.00351972 0.00596083 0.00130002 0.0070434349 0.0 14 16.4332849417 2.3111497589 0 0 0 3 6 5 0 0 0 6 
350 1 8.02345 12.4464 14.9211 0.00113074 8.83165e-06 0.00528609 0.0054056821 0.0 13 21.7458675701 2.3149825909 0 0 1 4 1 7 0 0 0 6 
431 1 6.35814 11.7113 12.6461 0.00116336 0.00316034 1.55519e-04 0.0033712522 0.0 15 23.0834169921 2.2606114833 0 0 1 4 4 3 3 0 0 7 
698 1 5.56585 9.08729 13.7965 -7.84581e-04 -0.00125121 3.51256e-04 0.0015180496 0.0 15 24.2272006704 2.2879618384 0 0 2 3 2 6 2 0 0 7 
208 1 8.03254 16.0908 15.6345 9.9621e-05 -0.00132494 0.00221872 0.0025861378 0.0 14 23.1644683359 2.377576055 0 0 0 4 4 6 0 0 0 6 
954 1 1.85348 13.5592 12.2459 0.00167881 9.96369e-04 -8.80981e-04 0.002141794 0.0 15 23.2465324775 2.3004456723 0 0 0 4 5 5 1 0 0 7 
533 1 8.64832 9.80449 13.7417 -3.71205e-05 -0.00282224 -3.31517e-04 0.0028418867 0.0 16 23.4942870014 2.2530608316 0 0 0 3 6 7 0 0 0 6 
847 1 0.579434 18.0293 14.0583 0.00220698 -0.00180306 2.98988e-04 0.0028655156 0.0 14 21.4875583395 2.2077947966 0 0 0 3 6 5 0 0 0 6 
817 1 9.27177 11.8448 11.7077 3.62255e-04 4.20212e-04 -0.00344965 0.0034939794 0.0 15 23.1496707705 2.2237545928 0 0 0 5 4 4 2 0 0 7 
319 1 9.1454 10.1267 16.962 0.00207315 0.00384639 0.00180588 0.0047279879 0.0 15 25.8055576772 2.4076679537 0 0 0 4 5 5 1 0 0 7 
412 2 0.817844 10.7805 11.0217 -0.00245371 -0.0012185 -8.73065e-04 0.0028753569 0.0 14 16.2384400002 2.1929418279 0 0 0 4 4 6 0 0 0 6 
535 1 7.501 12.2576 9.06202 0.00226608 9.1331e-04 -1.10709e-04 0.0024457126 0.0 14 22.0219803905 2.2222289473 0 0 2 2 5 3 1 1 0 8 
550 2 2.07872 9.41608 9.34781 -0.00642869 -0.00406953 2.4737e-04 0.0076125109 0.0 14 17.7576490922 2.2105712361 0 0 0 3 6 5 0 0 0 6 
296 1 5.7116 14.3523 9.3573 -0.00102943 0.00458956 7.74423e-04 0.0047669191 0.0 15 22.7686562928 2.3111497589 0 0 1 1 9 2 2 0 0 7 
614 1 4.89892 9.21353 10.9114 -0.00279963 0.0043673 0.00240462 0.0057178173 0.0 12 20.8717812509 2.2105712361 0 0 0 2 8 2 0 0 0 6 
541 1 5.0253 16.7995 10.6055 -0.0018156 -0.0014808 5.60204e-04 0.0024089418 0.0 14 20.0403384608 2.2510853649 0 0 0 4 4 6 0 0 0 6 
587 1 1.14337 11.6285 17.5356 -3.79115e-04 -0.00157869 -0.00407276 0.0043844457 0.0 14 22.9242956539 2.2691720161 0 0 0 3 6 5 0 0 0 6 
405 1 4.04963 13.1139 18.1796 -0.00381379 0.00206332 6.44371e-04 0.0043837766 0.0 15 23.3658802528 2.2624984619 0 0 1 3 4 6 1 0 0 7 
967 1 7.60727 9.60536 11.0649 -0.00122914 0.00102469 2.44696e-04 0.0016188424 0.0 14 20.9460253794 2.2627311239 0 0 1 3 4 5 1 0 0 7 
801 1 3.31023 12.0862 15.3296 -0.00339641 0.00407168 -4.2996e-04 0.0053196846 0.0 14 24.1826500208 2.2779527709 0 0 0 3 7 3 1 0 0 7 
583 1 5.89165 10.9598 16.6863 1.83571e-04 -0.00222457 -0.00112271 0.0024985771 0.0 15 25.1379049977 2.3362072989 0 0 0 4 4 7 0 0 0 6 
983 1 7.81605 14.4176 11.4934 -2.56497e-04 0.00137982 4.67983e-04 0.0014794263 0.0 16 23.1534053563 2.3237234646 0 0 1 3 5 5 2 0 0 7 
629 1 9.24047 17.1478 12.2867 7.60572e-04 -0.00374422 1.43717e-04 0.0038233896 0.0 15 22.6806063658 2.268419395 0 0 0 3 6 6 0 0 0 6 
8 1 1.11446 9.654 14.4884 -0.00105204 -6.53013e-04 -3.28046e-04 0.0012809482 0.0 17 24.0750806939 2.3184467845 0 0 2 4 2 7 0 2 0 8 
174 1 3.20652 16.149 14.0195 -0.00372834 0.00235703 -0.00176186 0.0047497642 0.0 14 22.1071252935 2.2779527709 0 0 0 4 5 4 1 0 0 7 
611 1 1.8709 16.7696 11.5092 -0.00375329 -0.00135848 0.00203645 0.004481047 0.0 15 23.3413939118 2.2988934841 0 0 1 3 4 6 1 0 0 7 
952 1 2.38713 17.9709 16.312 -0.001785 0.00201021 -2.12726e-04 0.0026967428 0.0 14 22.4496590337 2.2097519317 0 0 0 1 10 3 0 0 0 6 
20 1 3.22444 10.8709 12.5968 -2.64972e-04 0.00442702 0.00303024 0.0053713193 0.0 13 21.9733828167 2.2789131796 0 0 1 3 4 4 1 0 0 7 
409 1 6.26269 16.4085 13.0826 -0.00127617 -7.92851e-04 -9.65047e-05 0.0015055018 0.0 14 22.2483603212 2.3237234646 0 0 0 6 0 8 0 0 0 6 
869 1 7.61466 16.9404 9.5595 9.90083e-04 0.00297291 1.70323e-04 0.0031380676 0.0 14 21.7528362268 2.1998148199 0 0 0 3 6 5 0 0 0 6 
709 1 4.85202 16.1253 17.1564 -8.97929e-04 0.00163527 6.9536e-04 0.0019909571 0.0 17 25.1820257277 2.2683101244 0 0 0 4 5 7 1 0 0 7 
701 2 2.28564 14.4739 9.54669 -0.00323779 0.00215793 -0.00327796 0.0050877272 0.0 13 17.338401986 2.2465274589 0 0 1 2 5 5 0 0 0 6 
981 1 4.63594 14.3219 12.0898 2.20305e-04 -0.00196414 -0.00290254 0.0035115693 0.0 13 22.4344320084 2.2779527709 0 0 0 3 6 4 0 0 0 6 
446 1 2.14499 14.8955 16.0901 0.00356773 0.00501707 -0.00248764 0.0066398826 0.0 16 22.8183930456 2.2691720161 0 0 1 4 4 4 3 0 0 7 
238 1 4.53615 11.9362 10.3015 0.00123816 0.00235286 -0.00194642 0.0032950783 0.0 16 22.1629364876 2.2063246734 0 0 1 3 5 5 2 0 0 7 
974 1 0.441486 12.482 14.8566 9.13171e-04 -3.33881e-04 -6.39324e-04 0.001163655 0.0 14 21.8119934627 2.2216792564 0 0 0 4 4 6 0 0 0 6 
80 1 5.7972 13.8677 15.3972 -0.00254825 0.00146574 1.31016e-04 0.0029426412 0.0 15 24.6681025172 2.3237234646 0 0 1 2 6 5 1 0 0 7 
114 1 7.95399 13.4756 17.6778 -0.00216767 0.00223064 0.00109748 0.0032983345 0.0 17 23.9009547393 2.4076679537 0 0 0 4 5 7 1 0 0 7 
686 2 13.6801 9.18248 9.29655 -0.00169833 2.75766e-04 -0.00200905 0.0026451188 0.0 14 13.9641398108 2.0197491197 0 0 2 3 3 3 3 0 0 7 
860 2 12.2809 9.50497 13.0042 -0.00232273 1.74643e-04 8.73283e-04 0.0024876089 0.0 13 15.013800162 2.2076151544 0 0 0 3 6 4 0 0 0 6 
990 2 14.2957 9.71805 11.6487 0.00341174 0.0019913 4.15383e-04 0.0039721265 0.0 16 14.3445279876 1.9140174663 0 0 1 3 5 5 2 0 0 7 
352 1 9.6489 14.7203 13.6647 0.00164205 -0.00387411 -7.10914e-04 0.004267371 0.0 13 21.3670768352 2.3237234646 0 0 0 4 4 5 0 0 0 6 
322 2 11.4985 9.2173 15.2587 -0.0041989 -0.00125761 1.23592e-04 0.0043849309 0.0 12 17.0580007207 2.1144527764 0 0 0 3 6 3 0 0 0 6 
355 2 15.3856 9.72043 16.9184 -7.21274e-04 0.00167669 0.00153751 0.0023865168 0.0 12 13.0482249337 2.0019957316 0 0 0 2 8 2 0 0 0 6 
727 1 12.5234 16.6794 12.3425 -0.00127015 3.66232e-04 0.00186745 0.0022879634 0.0 13 22.3629010175 2.3238289968 0 0 0 3 6 4 0 0 0 6 
171 2 16.615 9.38548 12.3947 0.00257334 -0.00126234 -2.7857e-04 0.0028797886 0.0 14 13.6443951028 1.9187376792 0 0 0 4 5 4 1 0 0 7 
538 2 17.3471 15.0962 13.8904 7.24441e-04 0.0013484 0.00615994 0.0063472717 0.0 17 19.6126088634 2.3937299592 0 0 1 3 6 4 3 0 0 7 
22 2 13.4024 10.8145 14.7295 2.71974e-05 0.00218946 0.0012945 0.0025436598 0.0 15 16.1523228806 2.0841552811 0 0 0 3 7 4 1 0 0 7 
310 1 10.3392 14.9672 16.5263 6.9771e-05 -7.2233e-04 -0.00172547 0.0018718641 0.0 12 23.126435029 2.3921808747 0 0 0 4 4 4 0 0 0 6 
677 1 11.0919 14.2265 11.1106 0.00418261 -0.00177222 3.04618e-04 0.0045527774 0.0 15 22.8865034043 2.2237979113 0 0 1 3 5 4 2 0 0 7 
960 2 16.659 13.5089 12.3964 -0.00238872 5.536e-04 -0.00268038 0.0036327528 0.0 12 13.7933893871 2.2972313544 0 0 0 3 6 3 0 0 0 6 
321 2 12.8166 11.8977 12.3783 0.00419123 0.00367948 9.50801e-04 0.0056576501 0.0 13 17.0044001855 2.2237979113 0 0 2 2 4 3 2 0 0 7 
438 2 16.0827 10.4047 14.4975 -0.0024264 -0.00229591 -6.42951e-04 0.0034017651 0.0 14 13.6530711307 1.9334714939 0 0 1 3 5 3 2 0 0 7 
512 1 14.0129 14.3781 11.1689 -0.00303089 -0.00639504 5.30487e-04 0.0070967772 0.0 15 21.8766291417 2.2550585167 0 0 1 2 6 5 1 0 0 7 
989 2 16.4073 8.27493 9.94055 -9.69768e-04 -8.5899e-04 -0.00220959 0.0025613672 0.0 13 12.2914957897 1.8535787356 0 0 1 2 6 3 1 0 0 7 
131 1 13.095 14.2284 14.3761 -4.93763e-04 -0.00134035 0.00275149 0.0031001673 0.0 18 23.593886521 2.3112105863 0 0 1 3 6 6 1 1 0 8 
950 1 14.5428 16.3544 15.1555 -4.6815e-04 0.00271532 0.00148818 0.0031315822 0.0 14 23.036803757 2.3316558464 0 0 2 3 3 3 3 0 0 7 
498 2 15.9321 11.3546 10.8112 -0.00444528 5.91251e-04 0.00244468 0.0051074996 0.0 15 13.7014398235 1.9705319858 0 0 2 2 6 1 4 0 0 7 
842 2 18.2397 9.75661 9.96874 0.00356489 -7.09074e-04 0.00137054 0.0038845343 0.0 13 13.9033358974 1.8969056649 0 0 0 1 10 2 0 0 0 6 
465 2 14.9476 12.0947 12.9435 -2.31123e-04 0.00180753 0.00119259 0.0021778093 0.0 14 14.2004206818 2.1135332833 0 0 1 3 5 3 2 0 0 7 
488 2 11.5493 9.83036 10.7087 6.10499e-04 -0.00121611 -0.00289819 0.0032017398 0.0 16 18.5062749962 2.2237979113 0 0 1 3 5 5 2 0 0 7 
773 1 10.8564 12.4083 14.7242 3.26563e-05 7.34639e-04 0.00493735 0.0049918119 0.0 16 23.4400767108 2.4076679537 0 0 2 2 6 4 0 2 0 8 
970 2 17.6869 8.85124 15.5532 -2.84054e-05 4.5837e-04 -0.0011561 0.0012439763 0.0 16 12.5283235701 1.9187376792 0 0 0 5 3 7 1 0 0 7 
827 1 10.9159 17.6015 14.7278 -0.00193255 0.00722306 -8.4081e-05 0.0074775942 0.0 16 23.5233818043 2.377576055 0 0 0 2 8 6 0 0 0 6 
323 2 17.064 13.5172 10.2067 0.0038538 8.62289e-04 0.00259653 0.0047262337 0.0 13 16.4479998372 2.2561686746 0 0 1 2 6 3 1 0 0 7 
858 1 10.8507 16.6413 9.7526 6.73653e-04 0.00177928 0.00228281 0.0029716775 0.0 15 21.9446242923 2.3245986294 0 0 0 4 4 7 0 0 0 6 
841 1 15.3305 16.6531 12.0625 0.00197615 -0.00132525 3.44294e-04 0.002404162 0.0 14 21.8699617392 2.3540475116 0 0 2 2 5 3 1 1 0 8 
753 2 14.5959 12.0462 16.3305 4.59978e-05 2.74321e-04 8.02939e-04 8.4975222646e-04 0.0 14 17.2123628816 2.2623003121 0 0 1 3 5 3 2 0 0 7 
180 2 12.1312 11.7723 17.8554 -0.00210987 0.00166847 0.00108494 0.0029004204 0.0 16 23.7571330764 2.4076679537 0 0 1 5 3 4 2 1 0 8 
775 2 18.1158 11.4144 12.1721 -0.00236334 9.17651e-04 -0.00103956 0.0027400993 0.0 14 13.4783555862 1.9580618567 0 0 0 2 8 4 0 0 0 6 
732 1 17.3165 16.5208 9.79661 0.00178383 -0.00405028 0.00147114 0.0046638043 0.0 15 23.7071631194 2.35877933 0 0 2 3 3 5 1 1 0 8 
380 1 15.6034 16.7015 17.8311 -7.64899e-04 -9.9238e-04 0.00160608 0.0020370031 0.0 14 24.6365129216 2.3692427753 0 0 1 1 8 3 1 0 0 7 
590 2 13.3198 11.4398 9.84583 0.00136505 0.00234288 0.00360302 0.004509346 0.0 14 17.0303707867 2.2026232638 0 0 1 4 3 4 2 0 0 7 
743 1 13.1694 14.9012 17.4815 -0.00139638 -0.00231215 -0.00226998 0.0035282749 0.0 15 23.3676386749 2.3112105863 0 0 1 1 8 4 1 0 0 7 
149 2 16.3968 13.7314 17.4704 8.84465e-04 -0.00222863 8.1466e-04 0.002532339 0.0 15 19.7042594436 2.3495005773 0 0 2 2 4 5 2 0 0 7 
955 2 17.5525 11.2292 16.348 3.02478e-04 -0.00216584 0.00107203 0.0024354885 0.0 15 14.6397672096 2.056425484 0 0 0 4 5 5 1 0 0 7 
151 2 16.0483 13.3006 15.0289 2.2509e-04 0.00124048 -8.63919e-04 0.0015283364 0.0 12 15.45588682 2.2665818436 0 0 0 5 2 5 0 0 0 6 
509 1 10.5869 12.0736 8.65852 -0.00347868 0.00358614 0.0042336 0.0065486627 0.0 14 21.9824352263 2.2237979113 0 0 1 3 3 7 0 0 0 6 
979 2 18.9968 13.8407 11.7472 0.0010282 3.8818e-04 -7.48054e-04 0.0013294599 0.0 13 17.0221705479 2.294910649 0 0 0 1 10 2 0 0 0 6 
486 1 25.1199 16.6443 12.0341 -4.46318e-04 0.00174697 -0.00364687 0.0040682631 0.0 16 23.75701615 2.3072763339 0 0 1 4 4 4 3 0 0 7 
783 2 18.1327 7.18124 10.857 -0.0018944 -0.00111351 0.00224639 0.0031424392 0.0 14 12.9756762279 1.9206994387 0 0 1 2 6 4 1 0 0 7 
474 2 19.2563 8.99434 12.2871 -0.00234618 -7.53393e-04 0.00122297 0.0027509666 0.0 15 14.091943114 2.0171020296 0 0 1 3 4 6 1 0 0 7 
113 2 19.0345 16.0946 15.7034 9.41611e-04 0.00124268 0.00176511 0.0023551005 0.0 15 21.4231021399 2.3495005773 0 0 1 2 6 5 1 0 0 7 
396 1 22.1784 16.532 9.9086 1.02532e-04 0.00245802 0.00246123 0.0034799466 0.0 14 22.62153585 2.2894116846 0 0 0 4 5 4 1 0 0 7 
181 1 19.9086 17.0617 11.5202 -4.35663e-05 0.00209747 -3.94286e-04 0.0021346522 0.0 16 24.1393720497 2.3937299592 0 0 3 1 4 5 3 0 0 7 
821 1 21.8903 17.9584 16.0275 -3.62333e-04 -0.00250066 0.00247655 0.0035380624 0.0 14 21.2077634595 2.3183443511 0 0 0 4 4 6 0 0 0 6 
346 2 18.3008 12.885 14.1897 -0.00181681 -0.00468196 1.3649e-04 0.0050239603 0.0 13 12.8052891047 1.9334714939 0 0 0 1 10 2 0 0 0 6 
755 2 25.7213 11.7154 12.4616 0.00243156 0.00225284 -0.00127578 0.0035518146 0.0 12 15.2170197006 2.1868009203 0 0 0 2 8 2 0 0 0 6 
260 2 21.9051 10.8185 10.3039 -0.0014332 -0.00420868 0.00178765 0.0047919455 0.0 13 13.1763868772 2.0171020296 0 0 2 2 3 5 1 0 0 7 
621 2 22.369 14.4079 12.8575 4.40041e-04 0.00107829 0.00324146 0.0034443299 0.0 15 16.9257587911 2.294910649 0 0 1 3 5 4 2 0 0 7 
655 2 24.6697 10.1632 15.0525 -0.002073 0.00254794 -0.00106035 0.0034516184 0.0 15 19.8699496934 2.2764584665 0 0 0 3 7 4 1 0 0 7 
404 1 26.7721 15.1916 14.1353 0.00145504 -4.26863e-04 -4.76688e-04 0.0015895235 0.0 16 22.7314644687 2.3072763339 0 0 0 3 8 3 2 0 0 7 
795 2 24.2012 14.0496 9.26108 -0.00279789 0.00160079 -0.00340259 0.0046870391 0.0 12 15.7183410562 2.1320156926 0 0 0 2 8 2 0 0 0 6 
644 2 21.3144 14.8292 15.7818 -0.00175743 -0.0022158 -0.00307649 0.0041788899 0.0 12 16.0467400187 2.2378089745 0 0 0 3 6 3 0 0 0 6 
129 2 19.9856 14.8841 13.7053 -0.0018239 -8.33071e-04 -7.3054e-04 0.0021340823 0.0 13 16.0810520885 2.248192432 0 0 0 2 8 3 0 0 0 6 
658 2 18.5376 13.786 16.4029 -0.00196024 0.00464588 -0.00210129 0.005462798 0.0 13 14.1392872066 2.2117967748 0 0 0 4 4 5 0 0 0 6 
682 2 20.6926 8.64263 9.58888 0.00108852 -0.00491762 -0.00174095 0.0053290496 0.0 16 14.7899832056 1.9787464046 0 0 0 4 4 8 0 0 0 6 
272 1 23.7676 16.7218 17.5874 -0.00298755 0.00117542 1.186e-04 0.003212652 0.0 16 21.7016958698 2.3603216853 0 0 3 2 3 5 2 1 0 8 
604 1 24.527 17.8191 14.7968 0.00239607 0.00243067 0.00215506 0.0040365321 0.0 14 20.2795751189 2.2407371018 0 0 1 5 1 6 0 1 0 8 
742 2 21.1858 12.3223 12.5014 -0.00421237 -0.00200636 0.00398604 0.006136616 0.0 16 15.4640563893 2.0099321925 0 0 1 4 3 6 2 0 0 7 
354 2 25.7463 12.4361 8.23237 0.00387653 -3.96592e-04 0.00264552 0.0047099412 0.0 13 12.9128201279 1.9905914743 0 0 1 2 6 3 1 0 0 7 
596 2 22.1082 11.1755 17.1233 0.00101064 0.00106408 3.00129e-04 0.0014979108 0.0 14 18.3139529345 2.2685184526 0 0 0 2 8 4 0 0 0 6 
751 2 24.2456 12.8076 13.9687 2.44988e-05 7.75077e-04 -0.00129931 0.0015131262 0.0 13 14.9116929153 2.2198599382 0 0 0 3 7 2 1 0 0 7 
118 2 23.4437 10.9683 12.427 8.47666e-04 -0.00383301 -5.62017e-04 0.0039656483 0.0 14 12.7491482006 1.9620510069 0 0 2 0 8 2 2 0 0 7 
203 2 23.701 15.0066 14.6881 0.00537938 -0.00215665 0.00354659 0.0067946427 0.0 13 18.0031765904 2.2198599382 0 0 0 3 6 4 0 0 0 6 
941 2 19.6811 11.7759 10.5145 -0.00150678 -0.00198775 -0.00371487 0.0044745721 0.0 13 12.8124605536 2.0171020296 0 0 1 2 5 5 0 0 0 6 
891 2 19.5773 9.34594 16.3813 0.00128517 -3.50046e-04 -0.00167129 0.0021371487 0.0 14 15.0378838758 2.2347660281 0 0 0 5 4 3 2 0 0 7 
862 2 22.5882 11.012 14.8354 6.77185e-04 -0.00250062 4.2657e-04 0.0026255746 0.0 12 12.959828922 1.9973555136 0 0 0 3 6 3 0 0 0 6 
443 2 20.6151 12.6909 15.1784 0.00301151 0.00194516 -9.40962e-05 0.0035863204 0.0 15 14.6390630699 2.0058990711 0 0 0 3 6 6 0 0 0 6 
558 2 24.1683 13.6834 11.6551 -0.00167828 0.00222252 -0.00224663 0.003578207 0.0 15 16.248849002 2.2781390937 0 0 3 2 3 3 4 0 0 7 
559 2 24.6063 11.0207 10.0386 -0.0044804 -5.85479e-04 -0.00334608 0.0056225458 0.0 17 14.3568568242 1.9620676084 0 0 0 2 8 7 0 0 0 6 
705 1 26.3479 16.7526 16.6766 1.02921e-04 0.00176974 0.0012132 0.0021481217 0.0 13 20.1752974429 2.1440436343 0 0 0 3 6 4 0 0 0 6 
714 2 25.0279 8.55116 9.25389 0.0032021 -3.22453e-04 0.00159614 0.0035923646 0.0 13 12.2618729338 1.7698899769 0 0 0 2 8 3 0 0 0 6 
375 2 21.6224 9.58318 13.2312 -4.35647e-04 5.23341e-04 9.5641e-04 0.0011740503 0.0 14 14.2447151905 2.0171020296 0 0 1 1 8 3 1 0 0 7 
633 2 26.1189 12.8825 10.5538 -0.00160096 -0.00162778 0.00118718 0.0025733513 0.0 13 12.8250699785 2.3072763339 0 0 2 2 4 4 0 1 0 8 
44 2 18.0737 11.9518 8.92595 3.82149e-04 -0.00210653 -7.243e-04 0.0022601144 0.0 13 15.4304580157 2.0818125211 0 0 0 1 10 2 0 0 0 6 
916 2 19.3393 10.5655 14.2371 -0.00325502 -4.89202e-04 0.00353621 0.0048310718 0.0 15 14.8918526417 1.9954082915 0 0 1 2 6 5 1 0 0 7 
227 2 24.9806 9.4553 11.8583 -3.0794e-04 0.00149669 -0.00314572 0.0034972078 0.0 13 13.12592941 2.14260118 0 0 1 4 2 5 1 0 0 7 
977 2 20.447 7.01001 11.6076 -0.00272895 -2.15677e-04 -0.00197746 0.0033769857 0.0 13 13.5263074314 1.9582144538 0 0 0 3 6 4 0 0 0 6 
506 1 -0.0167603 22.4296 17.9294 -3.97557e-04 -4.43331e-04 -0.00232296 0.0023980695 0.0 16 23.0785082244 2.1499347194 0 0 1 2 7 4 2 0 0 7 
410 1 8.69227 1.68652 15.2428 -0.00105568 -0.0017805 0.00489699 0.0053164981 0.0 16 22.0619693101 2.3095035 0 0 1 4 3 6 2 0 0 7 
243 1 1.2749 20.8971 12.9316 4.07621e-05 0.0020883 0.00313319 0.0037655727 0.0 15 20.8444849192 2.2575856014 0 0 1 4 2 7 1 0 0 7 
526 1 0.617043 20.4054 15.7171 -0.00247717 0.00138888 7.70955e-04 0.002942742 0.0 13 20.8856088189 2.1878864996 0 0 0 1 10 2 0 0 0 6 
520 1 6.26429 24.6195 17.2624 1.48672e-05 -5.30071e-04 -0.00185185 0.0019262774 0.0 13 20.5412318632 2.1487593524 0 0 0 3 6 4 0 0 0 6 
274 1 3.99069 0.157684 16.7721 -2.39512e-05 0.00115311 0.00221892 0.0025007683 0.0 16 23.814871043 2.1829681144 0 0 0 4 5 6 1 0 0 7 
273 1 9.13413 19.3525 9.67389 -0.00375695 0.00209053 0.00370441 0.0056751777 0.0 14 21.1985111603 2.1998148199 0 0 0 2 8 4 0 0 0 6 
578 1 7.84877 19.0997 17.735 -0.00211038 9.81217e-04 1.66799e-04 0.002333305 0.0 16 23.3392532684 2.377576055 0 0 0 2 8 6 0 0 0 6 
508 1 1.38968 23.0921 15.0471 8.14976e-04 -0.00206094 -0.00428077 0.004820441 0.0 14 22.011621746 2.2104923997 0 0 0 1 10 3 0 0 0 6 
887 1 8.80957 23.9678 12.8809 -0.00464348 0.0013431 0.00176873 0.0051472546 0.0 16 24.1445564081 2.3134797295 0 0 2 4 3 3 3 1 0 8 
24 1 1.57263 21.3714 10.3746 0.00174706 -7.08355e-04 -9.64772e-04 0.0021177277 0.0 14 22.0337433295 2.3177653901 0 0 0 4 4 6 0 0 0 6 
863 1 3.76685 19.375 10.135 -5.5097e-04 -9.61518e-04 0.00113489 0.0015862094 0.0 17 24.529761241 2.3179375489 0 0 0 3 7 6 1 0 0 7 
178 1 6.77159 18.9095 11.3092 -0.00263252 0.00193919 -0.00187671 0.0037699681 0.0 13 21.3804000975 2.2748053339 0 0 0 1 10 2 0 0 0 6 
25 1 6.05435 21.2946 16.7314 0.00149121 0.00115204 -0.00408255 0.0044964562 0.0 14 21.6200638488 2.1487593524 0 0 0 4 4 6 0 0 0 6 
251 1 3.40621 25.1495 14.4259 0.00288054 -0.00112699 0.00501962 0.0058961175 0.0 15 22.7787132674 2.2062837897 0 0 1 3 5 4 2 0 0 7 
252 1 8.63766 21.771 15.1632 -1.47571e-06 -0.00276505 -3.82471e-04 0.0027913774 0.0 13 20.5010403185 2.1496879071 0 0 0 3 6 4 0 0 0 6 
750 1 3.68663 22.339 12.7491 6.77035e-04 0.00234057 0.00310179 0.0039443308 0.0 15 22.9774511037 2.3179375489 0 0 0 3 6 6 0 0 0 6 
904 1 5.5008 18.2538 15.288 7.81483e-04 7.35726e-04 -0.00697354 0.0070556551 0.0 13 22.1168326404 2.2371797208 0 0 0 3 6 4 0 0 0 6 
708 1 6.91845 26.1236 12.3433 0.00136472 0.00178484 -0.00200597 0.0030119811 0.0 15 19.4544121605 2.2561152648 0 0 4 4 0 2 2 3 0 8 
397 1 3.59033 20.4467 14.9467 -0.00369725 -2.58148e-05 0.00140763 0.0039562288 0.0 14 20.9553656579 2.2403282947 0 0 0 3 6 5 0 0 0 6 
902 1 2.67086 20.9241 17.7233 -0.00283705 0.00260593 0.00258117 0.0046370424 0.0 14 21.0905271324 2.1484713398 0 0 0 4 4 6 0 0 0 6 
823 1 4.77999 24.6307 11.7149 -2.8823e-04 0.00266801 0.00183752 0.0032523582 0.0 16 21.6771144483 2.2539464318 0 0 1 5 2 6 1 1 0 8 
67 1 3.83058 18.6842 12.7985 8.9355e-04 -0.00107466 -0.00171555 0.0022127895 0.0 14 21.6083017925 2.2575856014 0 0 1 3 4 5 1 0 0 7 
777 2 9.38983 25.7182 10.1722 -0.00133781 4.73351e-04 -0.00315378 0.0034583414 0.0 12 15.0737939339 2.235847637 0 0 1 3 3 5 0 0 0 6 
519 1 6.79396 26.089 14.9685 -0.00182111 -8.27943e-04 0.00109516 0.0022806373 0.0 15 21.6254032251 2.3323537512 0 0 2 2 6 2 2 1 0 8 
908 1 1.11765 25.6364 16.4024 9.2624e-04 -1.07666e-04 6.9831e-04 0.0011649675 0.0 14 22.6859938671 2.2675129224 0 0 0 0 12 2 0 0 0 6 
326 1 8.92489 21.0025 12.321 -0.00104633 -0.00183679 9.37539e-04 0.0023124842 0.0 15 22.6954462759 2.268419395 0 0 3 2 3 4 2 1 0 8 
782 1 8.29992 18.8627 14.7825 -0.00630484 -0.00362732 5.09216e-04 0.0072916225 0.0 13 21.7850822467 2.3706894212 0 0 0 3 6 4 0 0 0 6 
570 1 6.17292 23.2303 14.6785 -0.001806 0.00175787 0.00138298 0.0028747829 0.0 16 22.494701801 2.2539464318 0 0 2 3 3 6 1 1 0 8 
912 1 0.8277 26.0355 13.1405 -9.58654e-04 -0.00192764 0.00100361 0.0023752992 0.0 13 21.3396499943 2.197595991 0 0 1 1 7 4 0 0 0 6 
173 1 3.63522 23.6199 16.9206 0.00392612 -0.00224356 -6.19093e-04 0.0045641271 0.0 14 21.4229919494 2.2403282947 0 0 0 3 6 5 0 0 0 6 
13 1 1.75052 23.9719 11.357 -0.00163297 -0.00410132 7.23284e-04 0.0044733161 0.0 15 21.7679465444 2.2329098965 0 0 0 4 5 5 1 0 0 7 
420 1 6.0651 20.6371 13.5969 -5.87835e-04 1.33366e-04 0.00117094 0.0013169802 0.0 13 20.7978139352 2.3179375489 0 0 1 2 6 3 1 0 0 7 
111 2 6.66271 22.0954 10.8144 2.64596e-04 0.00120363 0.00214199 0.0024712057 0.0 15 21.0782214326 2.3179375489 0 0 2 2 5 3 3 0 0 7 
995 2 15.9969 26.1192 11.5964 -0.00216888 9.33004e-04 -0.00106005 0.0025880964 0.0 14 14.9871214671 2.3484048379 0 0 1 2 5 6 0 0 0 6 
444 1 11.726 23.6261 13.6931 0.00145969 4.55759e-04 -9.69336e-04 0.0018105313 0.0 16 23.6264021979 2.23293461 0 0 1 3 6 3 3 0 0 7 
721 1 13.1249 18.6478 16.2239 -0.00313668 -0.00336118 -0.00192714 0.0049849936 0.0 14 22.0650572416 2.391846623 0 0 1 2 6 4 1 0 0 7 
679 1 16.002 21.5537 12.9913 -0.00303453 0.00122628 -0.00282429 0.0043230486 0.0 15 22.4942025901 2.1485183498 0 0 1 3 5 4 2 0 0 7 
121 1 18.195 24.831 14.1999 7.32631e-04 0.00154096 1.10526e-04 0.001709831 0.0 15 21.5214424305 2.3370834824 0 0 2 4 2 5 1 0 1 9 
822 1 10.76 21.9159 10.1901 -0.00161366 -0.00214062 -0.00335901 0.0042975692 0.0 18 24.7800567142 2.2642265717 0 0 1 2 8 5 1 1 0 8 
678 1 17.075 18.9314 11.8708 0.00288912 -0.00187039 -0.00218507 0.0040767517 0.0 15 24.0935138587 2.3937299592 0 0 2 5 0 5 2 1 0 8 
78 1 14.3025 19.0219 13.6289 -8.45015e-05 -0.00182678 -7.26202e-04 0.0019676471 0.0 14 21.4390950148 2.1285366194 0 0 0 2 8 4 0 0 0 6 
267 1 17.711 21.6701 15.5611 3.41804e-04 9.20434e-04 -0.00110251 0.0014763323 0.0 15 22.3845579549 2.3768970359 0 0 5 0 3 3 3 0 1 9 
516 2 14.7007 24.6423 12.9497 4.31132e-04 0.00350098 -0.00255753 0.0043570283 0.0 14 18.1007265027 2.1355539449 0 0 1 2 5 6 0 0 0 6 
654 1 18.0892 24.2021 17.195 -0.00250292 -0.0016072 -3.13446e-04 0.0029909779 0.0 14 21.4443740617 2.4002388582 0 0 3 2 3 3 2 1 0 8 
289 1 14.2727 19.4536 10.7207 -0.00121287 -0.00157931 6.47181e-04 0.0020938283 0.0 16 22.7082673925 2.3245986294 0 0 2 3 3 6 1 1 0 8 
804 1 11.6253 19.2287 11.4728 -0.00208183 -0.00192801 0.00135087 0.0031426245 0.0 13 21.3141009808 2.3169078535 0 0 0 3 6 4 0 0 0 6 
802 1 15.8014 22.0647 9.98244 9.79115e-04 -0.00250008 -3.0097e-04 0.0027017863 0.0 13 22.1037326509 2.3410227002 0 0 1 3 4 4 1 0 0 7 
204 1 13.1099 21.7663 11.9019 -0.00267169 -1.62386e-04 -0.00222715 0.0034820244 0.0 14 22.0555975754 2.2309549273 0 0 0 2 8 4 0 0 0 6 
544 1 11.3643 20.5787 14.1032 -0.00440952 -0.00247272 7.65234e-04 0.0051131002 0.0 14 21.5043638897 2.268419395 0 0 0 4 4 6 0 0 0 6 
140 1 13.2952 25.1353 15.9368 -0.00215017 -7.93405e-04 0.00247636 0.0033741786 0.0 15 22.0496918731 2.2199707478 0 0 1 1 9 3 0 1 0 8 
191 1 18.2585 20.7671 9.61601 0.00160061 -0.00183789 -5.35295e-04 0.0024952621 0.0 15 22.2257783102 2.2647520822 0 0 2 2 6 2 2 1 0 8 
473 2 16.0072 26.3902 8.70398 7.39169e-04 0.00104745 -0.00248965 0.0028003356 0.0 14 16.8690581303 2.3435614812 0 0 0 2 8 4 0 0 0 6 
572 1 11.2168 22.9752 16.7502 -0.00115842 -0.00111593 0.00122435 0.0020214523 0.0 15 21.8781251421 2.2167816156 0 0 0 4 4 7 0 0 0 6 
620 2 11.3904 25.1527 11.1972 -0.00437939 -0.00132751 -0.00283869 0.0053851184 0.0 14 16.2092076183 2.1821031529 0 0 2 3 3 3 3 0 0 7 
59 1 15.558 20.2131 16.7331 0.00147978 -3.25442e-04 -0.00747112 0.0076232077 0.0 15 21.460793571 2.2604918314 0 0 2 4 3 2 3 1 0 8 
735 1 8.98586 24.5109 15.9825 0.00172541 -0.00196428 -0.00122373 0.0028866851 0.0 15 21.6415505109 2.3323537512 0 0 2 3 5 2 2 0 1 9 
166 1 13.3241 21.7312 8.68741 -0.00130008 6.0307e-04 -0.00124145 0.0018960748 0.0 15 22.2160863172 2.2075823318 0 0 1 4 3 5 2 0 0 7 
728 2 14.0816 24.7727 10.5878 -4.30253e-04 0.00251359 5.18236e-04 0.0026022723 0.0 15 16.1240182111 2.3484048379 0 0 1 4 3 5 2 0 0 7 
460 1 15.7743 23.5206 15.4203 -0.00332471 1.55755e-04 6.7214e-04 0.0033955454 0.0 13 20.1450765128 2.1550461598 0 0 1 3 4 4 1 0 0 7 
189 1 13.8014 21.7214 15.2005 8.8725e-04 0.00321374 -0.00392086 0.0051466961 0.0 15 21.2987359107 2.0894040693 0 0 1 1 8 4 1 0 0 7 
731 1 11.1467 26.67 15.1459 -9.04448e-05 2.40198e-04 -0.00228552 0.0022998863 0.0 20 24.1143030362 2.3323537512 0 0 7 2 1 4 1 2 3 9 
117 1 10.4489 19.9786 16.5838 2.80654e-04 -0.002196 -9.20043e-04 0.0023974282 0.0 12 19.4182103052 2.3604272279 0 0 0 3 6 3 0 0 0 6 
834 1 16.8748 18.619 14.8419 0.00234342 -0.00135149 1.7603e-04 0.0027109277 0.0 15 24.7759804044 2.376566446 0 0 1 4 4 4 1 1 0 8 
525 1 22.7171 25.1004 9.9995 -0.00119462 -6.2612e-04 0.00334587 0.0036074907 0.0 13 22.0145440739 2.2196524807 0 0 0 1 10 2 0 0 0 6 
815 1 17.6845 23.6929 11.7964 -1.61729e-04 5.54555e-04 0.00230635 0.0023775908 0.0 16 22.5721312915 2.3484048379 0 0 3 2 4 4 2 0 1 9 
982 1 22.8053 21.789 10.6766 -7.66347e-04 -0.0020657 -0.0022742 0.0031664475 0.0 13 22.4735268723 2.2583570634 0 0 0 3 6 4 0 0 0 6 
703 1 25.5643 24.078 9.99016 0.00239927 -0.00214615 5.44311e-05 0.0032195371 0.0 17 22.9567959275 2.2196524807 0 0 0 5 3 8 1 0 0 7 
308 1 20.6725 25.0044 12.5964 -1.13166e-04 5.1044e-04 0.00139523 0.0014899739 0.0 14 23.4294637927 2.4886020102 0 0 1 2 5 6 0 0 0 6 
12 1 22.3611 26.2365 18.2113 7.72979e-04 -0.00318136 -5.19648e-04 0.003314903 0.0 15 22.4172125631 2.2865036229 0 0 0 4 4 7 0 0 0 6 
348 1 23.1097 24.0041 16.452 0.00149995 -0.00140059 5.01809e-04 0.0021126558 0.0 14 19.4414946139 2.1860930662 0 0 1 3 4 5 1 0 0 7 
663 1 19.8341 20.1185 16.7734 1.13643e-04 -0.0030622 3.51491e-04 0.003084401 0.0 17 23.2581478408 2.4002388582 0 0 4 1 5 3 2 1 1 9 
283 1 25.2054 24.8905 18.2352 0.00196848 0.00141561 0.00262791 0.0035755805 0.0 15 21.3794445345 2.1696832551 0 0 2 3 4 3 2 1 0 8 
248 1 19.1284 25.6806 9.84476 0.00433387 0.00272489 0.00177863 0.0054194999 0.0 17 22.1809887622 2.2185316834 0 0 0 1 10 6 0 0 0 6 
868 1 17.903 23.6535 8.44677 -8.76398e-04 0.00134555 0.00392451 0.0042403251 0.0 15 21.1655461318 2.3484048379 0 0 0 1 10 4 0 0 0 6 
135 1 22.9744 23.2096 13.2952 1.04315e-04 0.00117442 0.00154837 0.0019461741 0.0 16 22.9887880557 2.2384153692 0 0 0 4 4 8 0 0 0 6 
937 1 20.4591 22.7677 14.4887 0.00451264 -0.00285122 0.00144027 0.0055288112 0.0 15 21.0641355304 2.2384153692 0 0 2 3 2 7 0 1 0 8 
556 1 21.9908 20.3744 13.3944 0.00125822 0.00330982 0.00260717 0.0043971993 0.0 15 21.5589468353 2.2384153692 0 0 2 4 2 4 2 1 0 8 
586 1 23.5556 18.8326 10.9144 0.00135148 0.00219907 -4.4313e-04 0.0026189256 0.0 13 20.1405554756 2.1972262397 0 0 2 2 4 3 2 0 0 7 
481 1 20.8441 23.1024 17.5875 0.00261972 -0.00399727 0.0027657 0.0055217929 0.0 14 22.2060247838 2.4002388582 0 0 1 3 4 5 1 0 0 7 
343 1 24.635 25.7922 12.0865 -4.20179e-04 -0.00279901 0.00106417 0.0030238163 0.0 13 20.0309597848 2.2032589699 0 0 0 2 8 3 0 0 0 6 
672 1 -0.0107347 18.8399 10.6941 -0.00251969 0.00187304 9.3945e-04 0.0032771455 0.0 16 24.4283256407 2.3177653901 0 0 1 4 4 4 3 0 0 7 
344 1 24.9001 22.0762 15.215 4.72675e-05 -0.00280465 0.00141578 0.0031420899 0.0 14 21.0529961674 2.2339839795 0 0 2 2 4 4 2 0 0 7 
917 1 20.6243 19.8769 10.7477 0.00111963 -0.00175621 5.50628e-04 0.0021543064 0.0 14 21.0976389014 2.2651912899 0 0 0 4 5 4 1 0 0 7 
365 1 22.4249 21.1121 16.1101 0.00291004 0.00109537 0.00429808 0.0053048713 0.0 15 20.09316984 2.3212308278 0 0 1 4 4 4 1 1 0 8 
4 1 20.773 25.4181 15.5793 0.00348711 -0.00174371 -0.00300831 0.0049244685 0.0 14 21.4927222998 2.5988590159 0 0 0 3 6 5 0 0 0 6 
641 1 25.3342 24.9786 15.0352 0.0023575 7.76039e-04 -9.24823e-04 0.0026486488 0.0 13 20.2172155279 2.1499347194 0 0 0 1 10 2 0 0 0 6 
109 1 25.1329 20.1524 13.0497 -1.78519e-04 -0.00197584 -0.00253929 0.0032223914 0.0 16 23.6682118541 2.2583570634 0 0 1 4 6 1 3 1 0 8 
875 1 26.1679 23.2732 12.8142 0.00265757 0.0041848 0.00464117 0.0067908533 0.0 13 21.7215634876 2.2583570634 0 0 0 3 7 2 1 0 0 7 
510 1 24.3526 19.4736 17.1246 -0.00416942 0.00335107 0.00125652 0.0054947771 0.0 14 21.7398831171 2.2763451672 0 0 0 4 4 6 0 0 0 6 
225 1 22.2887 17.5085 13.0699 -0.00173022 -0.00250887 0.00110234 0.0032408708 0.0 14 20.9467261692 2.2003365197 0 0 1 3 4 5 1 0 0 7 
284 1 20.3409 22.7842 10.4306 0.00134767 0.00306882 -4.7028e-04 0.0033845286 0.0 15 21.8935871088 2.2384153692 0 0 0 2 8 5 0 0 0 6 
670 1 19.0976 21.0845 12.7279 -8.41296e-06 0.00123165 -0.00203037 0.0023747494 0.0 15 21.4968742352 2.2207833041 0 0 4 2 2 3 2 2 0 8 
263 1 19.7285 18.6245 14.2877 0.00144154 -0.00117953 -0.00157339 0.0024382134 0.0 15 22.3189151888 2.3937299592 0 0 3 2 4 3 1 2 0 8 
865 2 5.5138 25.8695 24.9829 0.0012628 -0.00476289 0.00193177 0.0052925911 0.0 15 14.3626645755 2.0694064446 0 0 1 6 2 1 5 0 0 7 
881 2 8.00468 3.98249 26.2833 -0.00268171 0.00265718 -0.00379726 0.0053545642 0.0 13 12.1630966854 2.0017105601 0 0 2 3 3 2 3 0 0 7 
426 1 0.759174 1.26123 23.6113 0.00379202 -0.00178158 0.00182649 0.0045705042 0.0 16 23.9559489396 2.4245375055 0 0 2 2 5 5 1 1 0 8 
157 2 7.38215 6.44505 0.0309007 9.83988e-04 0.00351226 -0.00227166 0.0042970504 0.0 15 17.3256158596 2.2435520669 0 0 1 1 8 4 1 0 0 7 
64 1 2.26765 0.050756 21.602 -0.00265122 -9.89224e-05 7.24179e-04 0.0027501252 0.0 14 22.3339814313 2.3014942533 0 0 0 1 10 3 0 0 0 6 
944 1 0.517291 3.03481 26.0588 0.00213571 -0.00565162 -2.83305e-04 0.0060483326 0.0 14 22.1013342845 2.2866628541 0 0 1 3 4 5 1 0 0 7 
23 2 5.84137 2.42168 26.3119 0.00261759 -0.00201156 3.58213e-04 0.0033206125 0.0 15 12.9472026993 1.8609644629 0 0 1 3 5 4 2 0 0 7 
279 2 5.01653 5.59699 26.0867 0.00123698 -8.63219e-05 4.45602e-04 0.0013176237 0.0 16 18.7311822556 2.29387655 0 0 2 4 3 2 5 0 0 7 
49 1 0.0611396 2.24631 20.9922 -2.29785e-04 -5.02886e-04 -0.00279232 0.0028465324 0.0 14 21.2364266151 2.1974247213 0 0 2 0 8 2 2 0 0 7 
766 1 2.88307 8.37107 24.339 0.00240489 0.00268478 -0.00324817 0.0048520251 0.0 15 23.1687184294 2.29387655 0 0 1 3 5 4 2 0 0 7 
183 2 8.18814 2.36217 24.8792 6.78112e-04 -0.0037919 -0.00282608 0.004777559 0.0 14 11.7705532811 1.9889396759 0 0 1 3 4 5 1 0 0 7 
704 1 26.8059 8.2049 25.3184 0.0016935 0.00202271 0.00172163 0.0031501282 0.0 15 22.4111462538 2.3827111358 0 0 0 3 7 4 1 0 0 7 
1000 2 3.68555 3.58452 25.3548 -0.00370257 0.00252403 -0.00366922 0.0057916256 0.0 13 18.2933202451 2.2018373179 0 0 1 2 6 3 1 0 0 7 
669 2 5.11301 1.50998 23.7984 0.00169468 0.00158256 -0.00136891 0.0026926476 0.0 16 16.3552123567 2.3041731484 0 0 1 3 7 1 4 0 0 7 
835 2 5.25039 1.79527 21.0747 6.33688e-04 5.34817e-04 -9.1709e-04 0.0012363833 0.0 13 17.2674713958 2.1133970718 0 0 0 2 8 3 0 0 0 6 
349 1 2.07105 7.90364 19.3998 -9.52714e-04 -8.76289e-04 -1.76292e-04 0.0013063787 0.0 15 23.1159371789 2.2005485119 0 0 0 3 6 6 0 0 0 6 
963 1 7.76082 9.6239 21.1637 -6.82675e-04 -0.00110995 -0.00389908 0.0041110654 0.0 14 23.3786335609 2.2788540656 0 0 0 3 6 5 0 0 0 6 
517 2 5.95053 3.84028 22.1034 0.00161631 0.00260735 0.00383261 0.0049091375 0.0 16 19.4931604965 2.2267864605 0 0 0 5 4 5 2 0 0 7 
153 1 0.842026 5.24047 20.9498 0.00295414 0.00362044 0.00284507 0.005470736 0.0 14 23.2765578616 2.1978436997 0 0 0 2 8 4 0 0 0 6 
933 2 6.35846 3.82375 24.6073 0.00447854 -2.99613e-04 0.00176747 0.0048240065 0.0 15 15.0004653368 2.2018373179 0 0 2 3 4 2 4 0 0 7 
575 1 2.5506 2.49631 19.5729 0.00144242 -6.74538e-04 0.00546942 0.0056965017 0.0 14 21.727116548 2.1850517933 0 0 2 2 6 0 4 0 0 7 
585 1 2.82728 2.94333 22.5386 0.00465817 0.00342429 -0.00337091 0.0066923347 0.0 15 22.6306599318 2.234092531 0 0 2 1 7 3 1 1 0 8 
177 1 3.98144 5.31707 19.9624 0.00243988 -0.00118165 0.00297777 0.0040269623 0.0 14 22.0106295905 2.2261576477 0 0 0 2 8 4 0 0 0 6 
392 1 6.09179 7.27551 23.8346 0.00115715 4.26168e-04 5.41355e-04 0.0013467296 0.0 15 22.7219592084 2.2269108415 0 0 1 2 7 3 2 0 0 7 
521 1 6.37869 6.92412 21.071 -0.00168544 9.18453e-04 4.62788e-04 0.0019744459 0.0 12 20.9786422416 2.2189445463 0 0 0 4 4 4 0 0 0 6 
769 1 1.13591 7.74917 22.2501 0.00235037 0.00274318 9.23545e-04 0.0037285669 0.0 13 21.1459502516 2.2373185909 0 0 0 3 6 4 0 0 0 6 
275 1 3.67136 6.30596 22.514 -0.00295962 -4.03894e-04 0.00523759 0.0060294967 0.0 14 21.6310000867 2.250262379 0 0 0 3 6 5 0 0 0 6 
555 1 1.38342 5.25265 24.0949 0.00328238 0.00107558 0.00205262 0.0040179771 0.0 14 22.9536628417 2.29387655 0 0 1 1 7 5 0 0 0 6 
377 2 8.20789 5.29543 23.1554 -0.00150388 -0.00529936 0.00249258 0.0060463068 0.0 15 16.9273702443 2.1703710421 0 0 4 2 2 3 3 0 1 9 
228 2 3.5482 1.38125 26.1999 -0.0037566 8.93485e-04 0.00142117 0.0041146182 0.0 15 17.3646799368 2.3041731484 0 0 1 3 4 6 1 0 0 7 
589 1 8.45493 7.95114 18.639 -0.00352323 6.89839e-04 -2.92774e-04 0.0036020472 0.0 15 23.0421991242 2.41749006 0 0 1 4 3 5 2 0 0 7 
615 1 8.50345 9.0293 24.4327 -0.00112419 -0.00215519 9.44846e-04 0.0026079458 0.0 14 22.8513437803 2.2269108415 0 0 1 1 8 3 1 0 0 7 
765 2 9.50485 2.19111 0.274165 7.69773e-04 2.17705e-04 0.00291079 0.0030187157 0.0 16 13.9543615342 1.9546260815 0 0 1 3 5 5 2 0 0 7 
894 2 14.1868 1.31085 17.9865 7.84366e-04 -5.63789e-04 -2.71891e-04 0.0010035003 0.0 13 17.7412499733 2.2922348825 0 0 1 1 8 2 1 0 0 7 
661 2 9.37704 5.79192 25.3707 -0.00215707 0.00223588 -0.00214284 0.0037741057 0.0 14 15.52258242 2.1901755961 0 0 3 2 4 2 2 0 1 9 
582 2 16.7439 3.23427 18.015 -3.8798e-04 0.00147527 -0.00100627 0.0018274379 0.0 14 16.8747471631 2.2408549658 0 0 0 4 4 6 0 0 0 6 
892 2 10.2385 0.755852 24.6727 -3.83875e-04 -0.00123221 3.63848e-04 0.0013409276 0.0 14 13.0086239795 2.0400709694 0 0 0 3 7 3 1 0 0 7 
61 2 10.7895 4.72902 22.7741 -0.00281227 -8.90217e-04 2.18496e-04 0.002957886 0.0 13 15.2499753787 2.048984147 0 0 0 2 8 3 0 0 0 6 
988 2 7.75319 0.233136 25.4671 0.00257993 -0.00122441 8.62751e-04 0.0029832127 0.0 14 13.4320967741 1.9787462514 0 0 0 4 5 4 1 0 0 7 
125 1 17.2357 25.175 22.2858 -0.0035997 -3.27382e-04 0.00148959 0.0039094626 0.0 14 22.2085304382 2.3031952502 0 0 1 3 5 3 2 0 0 7 
262 1 16.6353 7.90018 25.9995 0.00165985 -6.4202e-04 -0.00171269 0.002469939 0.0 12 20.9321899698 2.2297734599 0 0 0 3 6 3 0 0 0 6 
898 1 17.6272 3.03666 26.313 -5.39285e-04 -0.00212864 -0.001048 0.0024331544 0.0 17 24.2503031276 2.3796217788 0 0 0 4 6 5 2 0 0 7 
195 2 13.0502 6.96951 19.4013 0.00133482 -0.00266693 -0.00232818 0.0037834749 0.0 12 15.8774981025 2.0703731095 0 0 0 0 12 0 0 0 0 5 
971 2 13.1838 3.02195 26.0613 -8.66057e-05 -9.21937e-04 0.00102591 0.0013820129 0.0 12 16.4075924535 2.3796217788 0 0 1 2 6 2 1 0 0 7 
463 1 17.6037 6.04442 23.4044 0.00235456 0.00100421 -0.00293407 0.0038937331 0.0 14 23.1610560147 2.3131507695 0 0 0 4 4 6 0 0 0 6 
820 2 9.29249 6.62033 21.5632 -0.00322018 -7.73764e-04 -6.98848e-04 0.0033847686 0.0 15 20.7862480734 2.2269108415 0 0 1 4 2 7 1 0 0 7 
36 2 12.3904 2.95386 18.0299 -0.00132783 -0.00272656 -0.00289561 0.004193068 0.0 13 13.3061121656 2.3096035461 0 0 1 2 6 3 1 0 0 7 
268 1 17.0794 9.19533 21.7537 0.00199484 5.35206e-05 0.00120356 0.0023304094 0.0 13 24.2414102808 2.3657844506 0 0 0 3 6 4 0 0 0 6 
86 1 15.9398 25.8095 17.6652 -1.40442e-04 -1.28799e-04 -0.00127993 0.0012940378 0.0 16 21.6297030479 2.2408549658 0 0 2 3 5 2 3 1 0 8 
333 2 11.0648 1.89403 21.7904 0.00304708 0.00510621 0.00399576 0.0071640893 0.0 12 16.02478558 2.2338738649 0 0 0 2 8 2 0 0 0 6 
433 2 9.12024 4.48627 20.3314 6.31439e-04 -7.58425e-04 -0.00227593 0.0024806816 0.0 15 18.1423524621 2.3505696047 0 0 3 4 1 2 4 1 0 8 
495 1 15.5176 1.11017 25.4621 8.49395e-04 -0.00413038 2.91946e-04 0.0042269071 0.0 16 22.1384771253 2.3459855774 0 0 1 3 6 3 3 0 0 7 
50 1 15.4633 0.845665 22.4653 0.00141238 -0.00315782 -6.60351e-04 0.0035217478 0.0 15 22.4322307301 2.2755251098 0 0 0 3 6 6 0 0 0 6 
693 2 10.7181 2.97829 24.8858 0.00140567 -8.24549e-04 -2.89301e-04 0.0016551387 0.0 15 14.1482215115 1.9889396759 0 0 0 3 7 4 1 0 0 7 
499 2 12.8727 3.97247 23.8647 -0.00489405 -0.00216896 9.45889e-04 0.0054360665 0.0 16 18.3103667033 2.4006061993 0 0 3 3 2 6 0 1 1 9 
134 1 15.6775 6.48648 21.2138 -0.00191874 1.85619e-04 0.00332388 0.0038424206 0.0 17 24.2188377196 2.4006365741 0 0 2 1 7 4 3 0 0 7 
492 2 10.916 3.03476 19.8749 -1.46161e-04 -6.31728e-04 -3.99383e-04 7.6154453881e-04 0.0 15 15.7524583986 2.3445604368 0 0 1 1 10 1 1 1 0 8 
464 1 14.0287 8.81798 21.3764 -1.99728e-04 0.00293782 -6.52057e-04 0.0030159337 0.0 15 22.2499145208 2.2548161893 0 0 0 2 8 5 0 0 0 6 
309 1 11.5309 7.6285 23.943 -9.97797e-04 8.4858e-04 -0.00106707 0.0016894748 0.0 16 23.7564886083 2.3213481999 0 0 1 1 8 5 1 0 0 7 
454 1 15.2583 5.15875 25.011 0.00250808 -6.10584e-04 -0.00493549 0.0055697702 0.0 17 23.9884781569 2.4006365741 0 0 4 2 3 3 4 0 1 9 
874 2 13.3155 1.57999 20.1683 1.77841e-04 0.00191088 0.00147665 0.0024214841 0.0 15 18.8176837864 2.3495445905 0 0 0 4 4 7 0 0 0 6 
949 2 13.4805 4.75555 19.4575 -0.00445371 -0.00156997 0.0011263 0.0048547801 0.0 12 13.0031386073 1.9822002369 0 0 0 2 8 2 0 0 0 6 
816 2 13.2874 3.61271 21.6145 -0.00198521 8.23367e-04 0.00159728 0.0026777407 0.0 13 16.873914158 2.3330930852 0 0 1 2 7 2 0 1 0 8 
959 2 15.1366 3.13547 19.9512 -0.00123904 1.60507e-04 -9.44642e-04 0.0015663113 0.0 14 18.1736594374 2.2463630244 0 0 0 2 8 4 0 0 0 6 
756 2 15.2233 5.53455 17.9032 -0.00188837 -9.6816e-04 -0.00432279 0.0048155777 0.0 14 14.1667884077 2.11215528 0 0 0 1 10 3 0 0 0 6 
70 2 7.43837 2.70787 20.5047 -2.30029e-04 -0.00253894 0.00266362 0.0036870044 0.0 14 17.5563157083 2.2267864605 0 0 1 3 5 3 2 0 0 7 
16 2 9.07177 3.00962 22.6855 7.39475e-04 -0.00360654 -0.00256158 0.0044850469 0.0 14 14.4118299163 1.9801565963 0 0 0 4 6 2 2 0 0 7 
552 2 12.2573 6.01775 21.5433 -2.69237e-04 0.00353996 0.00227871 0.004218569 0.0 15 19.3159115679 2.4006365741 0 0 1 1 8 4 1 0 0 7 
901 1 14.9418 7.86808 23.8277 -2.26506e-04 -9.24134e-04 1.16784e-04 9.5862772787e-04 0.0 14 21.9235190048 2.4006365741 0 0 1 2 6 4 1 0 0 7 
142 2 11.1526 5.39911 18.77 -0.00242803 0.00383164 0.00170453 0.0048458454 0.0 15 17.0857224545 2.446217406 0 0 0 4 6 3 2 0 0 7 
549 2 12.4629 0.893563 24.0462 0.0021391 -0.00118498 0.00149807 0.0028677762 0.0 14 19.4848681414 2.2755251098 0 0 0 4 4 6 0 0 0 6 
968 1 13.1664 7.3747 26.2295 1.41861e-04 0.00315607 6.55663e-04 0.0032265766 0.0 15 21.829223657 2.3193434009 0 0 1 2 7 3 2 0 0 7 
806 1 25.1718 6.85814 21.8845 0.00312904 -0.0013726 6.44929e-04 0.0034771907 0.0 17 22.9570327713 2.3313312347 0 0 3 1 7 2 2 2 0 8 
623 1 25.5918 3.4905 23.5317 -0.00179585 4.13867e-04 -0.00224664 0.0029058139 0.0 13 20.8219013738 2.2832406038 0 0 0 3 6 4 0 0 0 6 
794 1 18.3792 1.2584 21.9925 -0.00307547 0.00135601 -0.00149643 0.0036792094 0.0 15 22.2595732319 2.3643994794 0 0 1 5 2 4 3 0 0 7 
74 1 19.3057 3.60517 23.994 -0.00135281 -0.00444306 0.00213891 0.0051132977 0.0 13 23.7424748024 2.3167063061 0 0 1 3 4 4 1 0 0 7 
27 1 19.1392 6.68521 26.2942 0.00160575 -0.00215171 0.00574571 0.0063420401 0.0 15 23.8114748731 2.381784003 0 0 1 2 5 7 0 0 0 6 
927 1 19.7538 2.16129 19.5187 -0.00171142 0.00101394 -0.00124776 0.0023481775 0.0 14 22.4666417038 2.2865036229 0 0 1 3 3 7 0 0 0 6 
878 1 18.7396 9.00946 23.9864 -8.10745e-04 -0.00139522 0.00289517 0.0033145068 0.0 16 23.4370325866 2.3904917743 0 0 1 3 4 7 1 0 0 7 
154 1 24.1942 3.82307 21.046 2.1972e-04 -0.00121644 9.87918e-04 0.0015823985 0.0 15 23.4922000135 2.1787592452 0 0 0 2 8 5 0 0 0 6 
447 1 20.9557 4.4548 21.4233 -6.20565e-04 6.82782e-04 6.3567e-04 0.0011204323 0.0 15 22.3630289 2.2847930851 0 0 0 4 4 7 0 0 0 6 
51 1 22.3869 6.83025 21.4163 -1.98022e-04 -5.5015e-04 -0.0019789 0.0020634735 0.0 14 21.6009184126 2.3313312347 0 0 1 4 4 3 1 1 0 8 
328 1 21.1547 4.55882 26.6729 -9.29773e-04 8.09151e-04 -2.62901e-04 0.0012602857 0.0 15 25.7462623561 2.311298434 0 0 1 4 4 4 1 1 0 8 
461 1 24.3387 0.95703 22.8369 7.07454e-04 3.57379e-05 4.62041e-04 8.4572468646e-04 0.0 12 20.281313882 2.335338077 0 0 0 0 12 0 0 0 0 5 
222 1 25.7198 5.68049 25.5921 0.00206223 -0.0012323 -5.00398e-04 0.0024539262 0.0 12 20.4169879707 2.2685960935 0 0 0 2 8 2 0 0 0 6 
186 1 19.5493 7.16118 21.1503 0.00197277 0.00102623 0.00197048 0.0029711548 0.0 16 23.4447097929 2.3579602996 0 0 1 2 7 4 2 0 0 7 
468 1 26.0448 6.96854 19.2097 0.00161756 -0.00268718 -0.00218962 0.0038251631 0.0 14 21.472106072 2.3278507936 0 0 2 2 5 3 1 1 0 8 
408 1 21.4153 8.41971 25.7434 8.29748e-04 -0.00172608 -0.00209527 0.0028386599 0.0 13 20.0297142114 2.3904917743 0 0 1 2 6 3 1 0 0 7 
770 1 18.2143 0.681768 24.5864 9.60731e-04 -0.00148854 -9.40745e-04 0.0020059303 0.0 15 22.4068130026 2.3643994794 0 0 0 3 7 4 1 0 0 7 
168 1 22.062 2.69156 23.8165 -0.00350887 0.00179004 9.52604e-04 0.004052637 0.0 15 22.9956971334 2.3643994794 0 0 1 4 4 3 3 0 0 7 
542 1 24.8836 25.8496 24.8387 -0.00333118 -6.49921e-04 -0.00308436 0.0045861132 0.0 13 21.9654177083 2.3888783731 0 0 0 1 10 2 0 0 0 6 
631 1 20.8777 6.39112 23.9183 0.00139155 0.00146443 0.00923225 0.0094506829 0.0 14 21.7702717842 2.2626601036 0 0 0 2 8 4 0 0 0 6 
34 1 24.2091 2.85699 26.0012 7.42128e-04 -4.864e-05 -6.08008e-04 9.6062143743e-04 0.0 17 25.3334224701 2.3452517709 0 0 0 2 10 3 2 0 0 7 
393 1 23.6456 5.40581 18.3097 0.00469611 -8.99225e-04 -0.00150775 0.0050135182 0.0 15 22.9787756695 2.2666631524 0 0 1 2 6 5 1 0 0 7 
320 1 23.5934 5.35665 23.6188 -6.95029e-04 3.89417e-04 0.00328785 0.003382997 0.0 12 20.8131560755 2.311298434 0 0 0 2 8 2 0 0 0 6 
325 1 20.5345 5.45039 18.9289 -0.00272244 -0.00173781 -6.15423e-04 0.0032879186 0.0 13 21.9304296243 2.190147372 0 0 0 3 6 4 0 0 0 6 
922 1 22.4137 2.69321 18.7321 -0.00296749 -0.00128403 -0.0018995 0.003750044 0.0 14 23.3039092516 2.211325122 0 0 0 1 10 3 0 0 0 6 
734 1 21.8433 1.14406 21.2198 0.0037884 6.00789e-04 0.00353183 0.005214091 0.0 15 22.1945104825 2.3222260896 0 0 1 2 5 7 0 0 0 6 
427 1 23.9469 7.99203 24.5722 -6.82862e-04 0.00486346 -0.00123833 0.0050648796 0.0 14 21.4442232481 2.3827111358 0 0 2 2 5 2 3 0 0 7 
387 1 20.9891 25.3524 26.8982 -0.0018411 -0.00303008 0.00301961 0.0046571535 0.0 13 22.1526410094 2.2437689524 0 0 0 3 6 4 0 0 0 6 
241 1 22.12 26.737 24.0824 -0.00361714 0.00108107 -0.00112597 0.0039395714 0.0 14 21.8378099085 2.3643994794 0 0 0 4 5 4 1 0 0 7 
915 1 24.1193 8.40233 17.8302 0.00141185 -8.69189e-04 -0.00284935 0.0032966051 0.0 16 23.5258131833 2.3313312347 0 0 1 2 7 4 2 0 0 7 
441 1 25.4449 3.34272 18.4832 0.00234902 0.00409874 -6.06393e-04 0.0047629064 0.0 15 22.993971407 2.1854403635 0 0 1 2 7 3 2 0 0 7 
739 1 18.0285 4.68485 20.5237 -8.36464e-04 -6.27082e-05 4.5714e-04 9.5529122326e-04 0.0 17 23.8101259561 2.3579602996 0 0 1 5 3 5 2 1 0 8 
873 1 17.2758 0.598318 19.5805 1.07425e-04 3.4918e-05 -0.00487773 0.0048790377 0.0 16 22.2392437567 2.2463630244 0 0 2 3 4 4 2 1 0 8 
169 1 16.2836 3.2605 23.0679 0.00105533 0.00104759 0.00305271 0.0033956155 0.0 14 23.4549437367 2.3224330604 0 0 1 0 10 2 1 0 0 7 
480 1 21.5982 9.18898 22.8787 0.00129465 1.48935e-04 -0.00117097 0.0017519906 0.0 16 20.9814554692 2.2623065567 0 0 3 2 4 4 2 0 1 9 
761 1 6.43691 18.2644 22.7148 -0.00251608 -0.00115802 -0.00106777 0.0029684679 0.0 14 22.9601276656 2.2862376533 0 0 0 2 8 4 0 0 0 6 
962 1 5.22886 9.30352 26.0682 -2.72626e-04 6.88857e-04 0.00458822 0.0046476458 0.0 13 22.9396832712 2.2664921381 0 0 0 3 6 4 0 0 0 6 
932 1 6.27514 11.5907 19.5966 -0.00226579 4.13014e-04 0.00348367 0.0041761635 0.0 14 22.8536717586 2.3362072989 0 0 0 3 6 5 0 0 0 6 
598 1 0.829483 10.8089 24.9674 -0.00173141 -0.00265661 -5.96495e-04 0.0032266335 0.0 14 22.0199646875 2.3328780496 0 0 1 2 6 4 1 0 0 7 
759 1 4.30652 8.92452 21.8339 0.00125188 -0.00335901 5.2711e-04 0.0036232577 0.0 15 22.5051250493 2.2228175845 0 0 1 3 5 4 2 0 0 7 
335 1 1.50181 13.4937 26.0372 0.00226183 -0.00223886 0.00288158 0.0042932356 0.0 12 20.5006849449 2.1420971636 0 0 0 0 12 0 0 0 0 5 
374 1 7.24515 17.1301 25.5006 0.00638756 2.09304e-04 0.00231698 0.0067980238 0.0 15 21.7356360898 2.2695486374 0 0 2 3 2 6 2 0 0 7 
304 1 5.90258 17.2757 20.1017 4.27233e-04 -0.00262027 -0.00151307 0.0030557689 0.0 14 21.4682752212 2.2471053282 0 0 0 0 12 2 0 0 0 6 
627 1 1.5769 13.052 20.1445 -4.49078e-04 -4.05917e-04 0.00322676 0.0032830504 0.0 15 21.580195726 2.2691720161 0 0 1 4 2 7 1 0 0 7 
435 1 3.77678 15.3526 20.0537 -0.00282658 2.70782e-05 -0.00409232 0.0049736677 0.0 13 20.5217192574 2.1680927281 0 0 1 2 5 5 0 0 0 6 
883 1 26.3679 10.2318 20.0843 -0.0018139 0.00430667 -0.00110923 0.004802919 0.0 17 24.2385232839 2.2165031084 0 0 1 4 4 6 1 1 0 8 
511 1 3.52145 17.6717 22.6409 -0.00185248 0.00385589 -0.00194588 0.0046995765 0.0 14 21.810939539 2.2687804245 0 0 1 1 8 3 1 0 0 7 
870 1 2.66945 14.5617 23.7132 0.00499106 5.24999e-05 1.10021e-04 0.0049925485 0.0 17 22.912830125 2.2687804245 0 0 3 2 5 2 4 1 0 8 
597 1 6.44713 13.9308 24.5971 -0.00368987 -0.001287 0.00123894 0.0040995709 0.0 15 22.7046189772 2.2016038795 0 0 1 2 7 3 2 0 0 7 
402 1 25.4007 13.5622 25.1555 -0.00485653 -0.00129046 1.51665e-04 0.0050273425 0.0 14 21.4779510336 2.3186058557 0 0 0 2 8 4 0 0 0 6 
814 1 0.832876 15.3162 21.7449 -6.02963e-04 0.00187162 0.00145884 0.0024484158 0.0 13 21.6758896003 2.2396786082 0 0 1 4 3 3 2 0 0 7 
645 1 3.66339 11.6693 24.7674 -8.31371e-04 6.79438e-04 -0.00465905 0.0047811673 0.0 15 22.6956181298 2.1844037929 0 0 1 3 5 4 2 0 0 7 
479 1 5.36042 8.52693 18.709 -0.00227075 4.63193e-04 -0.00188262 0.0029858184 0.0 13 22.4370288153 2.3342994236 0 0 0 1 10 2 0 0 0 6 
424 1 5.4639 15.3812 22.4251 -0.00211661 -4.02923e-04 -1.07247e-04 0.0021572869 0.0 14 20.5892419133 2.2695486374 0 0 2 1 7 2 1 1 0 8 
767 1 1.90266 10.7416 22.2386 -1.9321e-05 8.22969e-05 -0.00270916 0.0027104786 0.0 14 20.952562206 2.1495204482 0 0 2 4 2 2 4 0 0 7 
832 1 3.12089 10.4768 19.6471 -0.00347797 0.0016462 -0.00458952 0.0059891522 0.0 12 22.3462034046 2.2052161937 0 0 0 2 8 2 0 0 0 6 
358 1 6.01531 10.7971 23.4254 -0.00104141 -0.00316663 0.00174043 0.0037604756 0.0 15 22.4821947233 2.2228175845 0 0 1 3 5 4 2 0 0 7 
439 1 1.17135 15.9731 18.9566 0.00479397 -8.21144e-04 -1.51985e-04 0.0048661612 0.0 14 22.10281934 2.2625238715 0 0 1 3 4 5 1 0 0 7 
200 1 0.368797 12.8418 22.9177 -8.68961e-04 0.00205411 7.85242e-04 0.0023645435 0.0 15 21.470237167 2.2218221894 0 0 1 1 9 2 2 0 0 7 
897 1 4.11302 12.86 21.8454 0.00141037 5.23203e-04 7.58411e-05 0.0015061995 0.0 16 23.0729875159 2.2228175845 0 0 2 2 6 3 2 1 0 8 
165 1 7.25643 12.5809 21.8077 -9.36857e-04 4.92366e-04 0.00322387 0.0033931494 0.0 14 20.9353427414 2.3607432193 0 0 0 4 5 4 1 0 0 7 
757 1 4.40719 16.494 25.3001 0.00192515 5.18861e-04 -0.00310597 0.0036908629 0.0 12 21.1466018056 2.2394649349 0 0 0 3 6 3 0 0 0 6 
226 1 6.31153 14.5937 19.463 0.00275948 -0.00194425 0.00101101 0.0035237734 0.0 12 19.7104038083 2.3455502265 0 0 1 2 6 2 1 0 0 7 
540 1 9.08834 14.8223 24.1931 0.00174811 0.00224137 -0.00197773 0.0034628087 0.0 14 20.8198934608 2.2695486374 0 0 1 3 5 3 2 0 0 7 
899 1 8.19388 15.3346 21.5231 -0.00195377 0.00253452 0.00136213 0.0034779889 0.0 16 21.2290627082 2.3607432193 0 0 2 2 6 3 2 1 0 8 
185 1 8.60172 16.4145 18.6867 -2.6349e-06 0.00517106 -0.00335045 0.0061616056 0.0 12 21.9205872072 2.3068389492 0 0 0 3 6 3 0 0 0 6 
368 1 26.6366 16.2251 24.6679 9.99185e-04 -0.00252015 0.00112504 0.0029351732 0.0 17 23.7511435362 2.2687804245 0 0 1 2 8 3 3 0 0 7 
253 1 11.0229 10.1229 26.1251 0.0013745 0.00221863 0.00219284 0.0034088292 0.0 15 23.7459231669 2.2996565866 0 0 0 1 10 4 0 0 0 6 
242 1 10.155 18.5812 26.2351 -0.00161517 -0.00238741 1.84871e-04 0.0028883694 0.0 15 22.6677135571 2.3004867847 0 0 1 4 3 5 2 0 0 7 
47 1 8.83925 11.6712 24.3245 -0.00479327 0.00124396 0.00298846 0.0057839231 0.0 13 20.1946727058 2.2099883437 0 0 0 3 6 4 0 0 0 6 
530 1 9.85352 15.6098 0.27948 0.00139544 -7.8526e-05 0.00129317 0.0019041291 0.0 16 21.985977202 2.1757118841 0 0 0 3 8 3 2 0 0 7 
311 1 9.16142 17.5372 23.4403 -0.00186546 -8.05382e-04 8.01686e-04 0.0021843264 0.0 14 20.1308989201 2.2692942408 0 0 2 2 4 4 2 0 0 7 
594 1 13.6277 15.7206 26.4382 -0.00246357 -0.00255246 -3.06828e-04 0.0035606702 0.0 15 22.425639457 2.2562090865 0 0 0 2 8 5 0 0 0 6 
455 1 15.4556 12.2821 22.0797 -0.00109664 -0.00201778 -0.00124107 0.0026104234 0.0 15 24.294363596 2.3681877408 0 0 1 2 7 3 2 0 0 7 
978 1 14.3445 9.94084 26.3707 4.96113e-04 7.00216e-04 0.00311728 0.0032332438 0.0 13 21.7951166758 2.3134217546 0 0 0 3 6 4 0 0 0 6 
563 2 14.9501 10.7119 19.0985 9.24504e-04 0.00256246 -0.00149234 0.003106121 0.0 14 20.6961168513 2.3392074117 0 0 0 4 5 4 1 0 0 7 
39 1 13.1446 16.6524 19.9169 9.43601e-04 -0.0036491 -6.92162e-04 0.0038321537 0.0 13 21.4606536121 2.391846623 0 0 0 2 8 3 0 0 0 6 
193 2 13.026 9.36395 17.9451 0.00162497 0.00114554 -0.00345341 0.003984825 0.0 14 16.9684564437 2.1444455469 0 0 0 3 7 3 1 0 0 7 
17 1 15.9127 17.367 26.4407 2.23545e-04 -0.00313989 -2.19362e-04 0.0031554716 0.0 15 21.7955632646 2.3102928666 0 0 0 4 5 5 1 0 0 7 
667 1 9.59523 11.5568 19.5466 3.24644e-04 6.52496e-04 -2.2676e-04 7.6325936244e-04 0.0 13 22.8299937049 2.3607432193 0 0 0 2 8 3 0 0 0 6 
237 1 11.6232 16.4074 24.6559 -0.00147633 0.00108342 0.00171 0.0025054838 0.0 12 21.9845380697 2.212642563 0 0 0 4 4 4 0 0 0 6 
156 1 14.382 12.6915 25.4879 -0.00328909 3.19145e-04 9.13385e-04 0.0034284455 0.0 13 22.1054151385 2.2002299984 0 0 0 3 6 4 0 0 0 6 
889 1 12.6715 11.5825 20.7942 0.00442297 0.00206404 -0.00195534 0.0052579729 0.0 13 22.3634527428 2.1762154455 0 0 0 1 10 2 0 0 0 6 
639 1 15.7561 14.8961 24.2179 -0.00129491 -0.00169982 -9.23378e-04 0.0023278331 0.0 15 24.1396195601 2.311354274 0 0 2 1 6 4 2 0 0 7 
63 1 13.8527 17.3522 22.9718 0.00200202 0.00324263 -8.2851e-04 0.0038998926 0.0 17 23.8811760153 2.3405332361 0 0 1 3 7 4 1 0 1 9 
706 1 10.8613 9.02627 19.988 -8.49286e-04 0.00101323 0.00544844 0.0056065515 0.0 15 23.1626686152 2.2548161893 0 0 0 3 6 6 0 0 0 6 
803 1 12.9203 10.3062 23.578 -4.42518e-04 -0.00496298 -0.00149756 0.0052028529 0.0 14 22.8326952598 2.1856356381 0 0 0 2 8 4 0 0 0 6 
956 1 11.6002 13.1649 24.9008 -4.92606e-04 0.00167846 0.00124459 0.0021468332 0.0 14 21.8270972816 2.1958422679 0 0 0 2 8 4 0 0 0 6 
280 1 10.3535 12.9853 22.1698 -0.00230804 0.00138803 -0.00267417 0.0037953736 0.0 12 20.3971135275 2.2554862883 0 0 0 2 8 2 0 0 0 6 
595 1 11.0159 14.1526 19.481 -5.51834e-04 4.44348e-04 4.02499e-04 8.1484437389e-04 0.0 14 23.2200571988 2.3573015294 0 0 0 0 12 2 0 0 0 6 
789 1 10.3512 10.2155 22.6747 -0.00220768 0.00243381 0.00284444 0.0043460466 0.0 14 20.8557159187 2.2548161893 0 0 0 4 4 6 0 0 0 6 
877 1 17.0129 14.695 21.6289 -4.88168e-04 -2.9294e-04 -0.00254507 0.0026079692 0.0 14 21.8137757384 2.3405332361 0 0 1 4 3 4 2 0 0 7 
302 1 13.135 14.0563 22.6719 0.00151823 0.00379712 -0.00278696 0.0049487664 0.0 15 23.4181939275 2.3405332361 0 0 0 3 7 4 1 0 0 7 
478 1 11.05 15.8733 21.5435 -0.00391393 0.00392117 -8.81706e-04 0.0056099757 0.0 15 21.1033287477 2.1958422679 0 0 0 3 6 6 0 0 0 6 
29 1 14.6286 14.3293 19.9253 0.00146149 0.001495 0.00269955 0.0034144616 0.0 16 24.257875763 2.3405332361 0 0 0 4 6 4 2 0 0 7 
164 1 16.1822 10.6501 24.4887 -0.00114978 0.00520742 0.00173502 0.0056079864 0.0 13 21.6230862081 2.2999614099 0 0 1 4 3 3 2 0 0 7 
796 1 18.0076 15.9293 18.9716 8.212e-04 -0.00223014 -5.84257e-04 0.0024472944 0.0 13 21.0750072186 2.1953430704 0 0 0 2 8 3 0 0 0 6 
548 2 18.316 12.5108 18.9622 -0.00265565 -0.00262048 0.00109799 0.003889084 0.0 14 20.6032112648 2.3681877408 0 0 0 5 4 3 2 0 0 7 
45 1 25.561 9.7997 22.8547 -0.0013191 7.57334e-04 1.88039e-04 0.0015326246 0.0 13 22.1588407691 2.2864657789 0 0 1 2 6 3 1 0 0 7 
763 1 26.1465 13.9301 17.5504 0.00326834 -0.00141619 3.1788e-04 0.0035761275 0.0 16 22.5863076953 2.3603216853 0 0 1 3 5 5 2 0 0 7 
155 1 20.8681 16.6321 26.6373 0.00205821 -4.37744e-04 -0.00255928 0.0033132706 0.0 16 23.5383713969 2.3081924206 0 0 0 3 6 7 0 0 0 6 
411 1 23.3221 9.41577 0.851379 -0.00133201 -0.00115721 3.61378e-04 0.0018011051 0.0 14 22.451463992 2.3822200681 0 0 1 1 7 5 0 0 0 6 
363 1 23.5867 15.6233 26.1069 0.00182613 -0.00337282 5.2121e-04 0.0038707009 0.0 13 20.5847743658 2.3186058557 0 0 0 3 6 4 0 0 0 6 
716 1 23.6033 10.0057 20.6979 -0.00252665 0.00177274 0.00312529 0.0043924942 0.0 17 24.3261326705 2.3313312347 0 0 4 3 3 1 4 1 1 9 
347 2 23.4917 13.2252 16.2427 -5.97821e-04 8.67548e-04 -0.00153321 0.0018603124 0.0 15 18.958004454 2.3589571842 0 0 1 3 4 6 1 0 0 7 
844 1 24.0479 12.559 22.5369 -0.00145229 -2.901e-04 0.00258545 0.0029795731 0.0 13 21.3677430932 2.3730961843 0 0 1 4 3 3 2 0 0 7 
730 1 25.1587 16.9173 19.9793 -0.0016697 -0.00162321 -0.00146761 0.0027525602 0.0 14 22.9271166539 2.255706931 0 0 0 4 5 4 1 0 0 7 
403 1 20.5258 17.5195 18.5668 0.00360015 9.63832e-04 -0.00164125 0.0040723155 0.0 14 21.6835903697 2.2498384802 0 0 1 3 5 3 2 0 0 7 
170 1 22.4623 15.6121 19.8621 0.00108145 -0.00337704 0.00833687 0.0090596542 0.0 16 24.1803885219 2.423932925 0 0 3 2 4 4 1 2 0 8 
529 2 20.4877 14.1661 17.6976 -9.57342e-04 3.05786e-04 -0.00316518 0.0033208995 0.0 14 18.7510475984 2.2811258706 0 0 0 4 4 6 0 0 0 6 
184 2 20.0482 11.7402 17.6247 6.79496e-04 -0.00272596 0.00106993 0.0030062141 0.0 13 16.2137166338 2.359973866 0 0 2 4 0 5 2 0 0 7 
925 1 17.9945 16.7337 23.507 -5.18589e-04 0.00273679 -0.00177347 0.0033021432 0.0 13 21.6020412485 2.3102928666 0 0 0 3 6 4 0 0 0 6 
133 1 19.3128 14.2051 23.9156 0.00295142 -5.2821e-05 -0.00468854 0.0055404041 0.0 13 22.72442686 2.3073329741 0 0 0 1 10 2 0 0 0 6 
93 1 25.4807 13.865 20.2671 0.00123722 -1.85742e-04 0.00204384 0.0023963504 0.0 14 22.3368676859 2.3600645398 0 0 2 2 3 6 1 0 0 7 
707 1 24.1102 15.4751 22.9701 -0.00102675 -7.28121e-04 -0.00100702 0.0016119755 0.0 15 24.8530112435 2.423932925 0 0 0 3 7 4 1 0 0 7 
417 1 22.2486 13.7494 24.7603 0.00183372 -0.00306071 -0.00265878 0.0044496726 0.0 12 21.7159553022 2.3636274632 0 0 0 2 8 2 0 0 0 6 
62 1 21.3756 8.31428 18.9419 -0.00603458 -0.0030104 4.29239e-04 0.0067574337 0.0 14 23.2202079018 2.2581052345 0 0 1 3 4 5 1 0 0 7 
246 1 20.5689 11.0688 24.7703 -0.00277452 -0.00315318 -0.00111452 0.0043454183 0.0 13 21.4627423894 2.36149446 0 0 1 2 6 3 1 0 0 7 
48 1 23.4166 10.9587 24.627 -0.00214019 -0.00137325 0.00287796 0.0038404274 0.0 16 22.0728026151 2.3827111358 0 0 1 4 3 6 2 0 0 7 
77 1 20.0618 10.2371 20.5166 0.00404674 0.00255122 -0.00174754 0.0050930074 0.0 16 24.4461429611 2.359973866 0 0 0 6 4 2 4 0 0 7 
628 1 23.0195 12.7222 19.5186 7.43494e-04 -0.00200595 -8.90835e-06 0.0021393219 0.0 15 23.4897518332 2.3603216853 0 0 2 2 5 4 1 1 0 8 
581 1 21.1591 16.6333 22.5245 0.00245589 -0.00273312 -0.00255857 0.004477457 0.0 16 25.7760697816 2.423932925 0 0 1 1 9 3 2 0 0 7 
490 1 19.7439 14.2961 20.8135 0.00261649 -0.00456808 0.00448811 0.0069178397 0.0 15 23.0078654169 2.359973866 0 0 0 3 6 6 0 0 0 6 
379 1 18.338 11.9347 22.526 0.00187361 -0.00175656 0.00325438 0.0041457094 0.0 15 22.980454681 2.3681877408 0 0 0 4 6 3 2 0 0 7 
810 1 22.8102 12.3698 0.550301 8.21749e-04 -0.00158944 -0.00392242 0.0043112608 0.0 14 22.1710644969 2.3186058557 0 0 0 3 6 5 0 0 0 6 
316 2 17.3046 10.1715 18.5762 -0.00226851 -0.00384493 0.00378811 0.0058548614 0.0 15 17.8943993889 2.3681877408 0 0 1 5 3 2 4 0 0 7 
504 1 17.5497 12.5698 25.9995 -0.00172009 -0.00267594 0.00132947 0.0034477319 0.0 16 23.7550108016 2.36149446 0 0 1 4 4 4 3 0 0 7 
167 1 21.2466 12.2346 22.1852 -0.00187014 0.00195461 0.00218738 0.0034788727 0.0 14 22.1714801482 2.423932925 0 0 0 3 7 3 1 0 0 7 
101 1 25.0425 11.4309 18.1036 -0.00134223 6.51737e-04 0.00336396 0.003680023 0.0 13 20.9313867768 2.2167123151 0 0 0 5 3 4 1 0 0 7 
930 1 1.25652 23.245 23.0523 -5.05142e-04 0.0011359 0.001937 0.0023016095 0.0 13 22.6414277951 2.3419303638 0 0 0 1 10 2 0 0 0 6 
414 1 1.30813 21.0935 20.5464 -9.17533e-05 -0.00182555 -7.71601e-04 0.0019840412 0.0 14 23.2267740541 2.2031708289 0 0 0 1 10 3 0 0 0 6 
642 1 6.72925 24.1729 20.1158 0.00240981 -0.00386166 0.00396918 0.0060393702 0.0 13 21.5958086099 2.2303568558 0 0 0 3 6 4 0 0 0 6 
399 1 3.89596 23.1897 21.8211 0.00403 -8.10312e-04 -0.00280695 0.0049775972 0.0 15 23.79119025 2.2780567881 0 0 0 2 8 5 0 0 0 6 
31 1 2.12258 24.1809 19.1479 -0.0012142 9.12258e-04 -0.00369212 0.0039922733 0.0 15 23.7412505666 2.2780567881 0 0 0 4 5 5 1 0 0 7 
845 2 6.78923 24.8742 23.1293 -0.00178088 8.02688e-04 -4.46559e-04 0.0020038105 0.0 14 15.9813046063 2.1381694108 0 0 0 3 7 3 1 0 0 7 
554 1 6.95292 20.8585 20.0975 -5.63386e-04 2.59334e-04 0.00201967 0.0021127529 0.0 15 24.0445990617 2.2862376533 0 0 0 2 8 5 0 0 0 6 
421 1 4.52861 22.2774 19.3207 5.17858e-04 -0.00236979 -1.03605e-04 0.0024279241 0.0 13 20.3754516106 2.1854760017 0 0 0 3 6 4 0 0 0 6 
491 2 6.69737 22.4936 23.3739 0.00271079 2.28942e-04 2.23404e-04 0.0027295982 0.0 14 21.696434196 2.2862376533 0 0 1 1 7 5 0 0 0 6 
913 2 4.00841 22.9144 24.9886 0.0012742 0.00163041 0.00238248 0.0031556352 0.0 17 19.5680769933 2.197714914 0 0 1 4 5 4 2 1 0 8 
934 1 2.07007 20.5191 23.1322 9.48283e-04 -8.36265e-04 0.00125084 0.0017785332 0.0 13 19.1114945531 2.1399053546 0 0 0 3 6 4 0 0 0 6 
197 2 7.42375 1.06022 23.1001 0.00144389 -0.0010229 0.00241502 0.0029939045 0.0 15 13.95277709 1.917323354 0 0 0 4 6 3 2 0 0 7 
946 2 3.26072 25.7 0.115099 -6.7675e-04 0.0033741 -0.00172902 0.0038512403 0.0 13 14.8874632754 2.1950483368 0 0 1 3 5 2 2 0 0 7 
458 1 4.23713 25.9682 19.5903 0.00131413 -7.2459e-04 -0.00161972 0.0022080447 0.0 15 23.1810828989 2.180246611 0 0 0 4 5 5 1 0 0 7 
130 1 4.20893 20.3554 21.5909 0.00277851 -0.00233404 0.00345087 0.0050076306 0.0 14 21.1868846222 2.2862376533 0 0 0 2 8 4 0 0 0 6 
987 2 8.69033 23.8124 24.4499 0.00168391 2.52051e-05 0.00217739 0.0027526742 0.0 16 15.8655205359 2.127468962 0 0 3 2 4 4 2 0 1 9 
220 1 0.365322 18.9189 18.3733 -0.00100039 -0.00260851 0.00214027 0.0035193551 0.0 13 21.8907879701 2.2564383458 0 0 1 0 9 3 0 0 0 6 
710 1 4.95981 19.4051 18.5268 -3.4158e-04 -2.38791e-04 -0.0013966 0.00145746 0.0 12 20.7914208172 2.198479052 0 0 0 2 8 2 0 0 0 6 
607 2 5.20569 21.891 0.316149 -8.17851e-04 -2.00262e-04 -0.00153629 0.0017519053 0.0 12 13.3125795944 2.26603947 0 0 2 1 5 3 1 0 0 7 
647 2 7.6801 24.8107 0.260359 5.46492e-04 -0.00167199 9.05433e-04 0.0019783865 0.0 13 13.8837061106 1.9787462514 0 0 0 1 10 2 0 0 0 6 
900 2 3.15744 25.2344 24.4069 6.49312e-04 -0.00341687 1.68086e-04 0.0034820769 0.0 16 21.0901017711 2.4245375055 0 0 2 3 5 2 3 1 0 8 
543 1 4.42112 19.829 24.3871 -0.00295033 -0.00177104 7.95171e-04 0.0035317597 0.0 16 23.9330957866 2.3080309907 0 0 1 3 6 3 3 0 0 7 
469 1 7.79508 19.8909 24.8828 -0.00111029 -8.97431e-04 -0.0014244 0.0020166908 0.0 16 24.211684085 2.3080309907 0 0 4 2 3 1 5 1 0 8 
791 2 6.48233 22.9725 25.6764 -1.76421e-05 0.00249384 -7.88063e-04 0.0026154526 0.0 14 15.2293566079 2.1345705157 0 0 1 3 5 3 2 0 0 7 
784 1 0.420668 18.1414 22.4668 -2.36851e-04 0.00138967 1.17145e-04 0.0014145685 0.0 16 23.9905986879 2.2564383458 0 0 1 3 5 5 2 0 0 7 
688 2 9.12278 26.0269 23.2039 -7.75801e-04 0.00129437 -0.00566131 0.0058589839 0.0 13 15.3616844185 2.0675892511 0 0 0 4 5 3 1 0 0 7 
671 1 0.780598 0.070073 18.9839 7.73116e-04 -0.00141114 -0.00148095 0.0021868327 0.0 14 21.8127517967 2.1847667509 0 0 1 2 6 4 1 0 0 7 
40 1 8.48516 22.5661 18.0302 0.002462 0.00464377 9.07214e-04 0.005333768 0.0 15 21.6549263399 2.2167816156 0 0 0 4 4 7 0 0 0 6 
618 1 0.980544 21.3747 25.683 0.00222869 4.54521e-04 6.6836e-05 0.0022755473 0.0 16 22.0844096965 2.3857229106 0 0 1 4 3 6 2 0 0 7 
942 2 7.00136 0.0753484 20.8752 -4.49608e-04 -9.85331e-04 0.00107713 0.0015274926 0.0 12 16.0215201425 2.0736529233 0 0 0 4 4 4 0 0 0 6 
648 1 1.92461 18.4511 25.4579 0.00348859 -2.14674e-04 0.00264943 0.0043858664 0.0 14 22.204845007 2.2829755267 0 0 0 3 6 5 0 0 0 6 
73 1 2.95371 18.1799 19.9039 0.00161093 4.21172e-04 -8.87748e-04 0.0018869493 0.0 14 22.5630221532 2.2564383458 0 0 0 2 8 4 0 0 0 6 
685 1 26.0066 21.054 22.6721 0.00149489 -0.00116173 0.00275557 0.0033432737 0.0 12 20.199701135 2.2105131623 0 0 0 2 8 2 0 0 0 6 
119 2 5.02822 26.2406 22.685 0.0036311 5.68273e-04 -5.79654e-04 0.0037207284 0.0 11 16.0950370247 2.1669256937 0 0 0 2 8 1 0 0 0 6 
327 1 11.1697 17.7303 18.2123 -0.00183702 -0.00156574 -3.73828e-04 0.0024425257 0.0 15 23.221167828 2.3850822517 0 0 0 1 10 4 0 0 0 6 
800 1 10.1343 20.6512 19.4098 0.00213835 -9.42106e-04 -0.00353532 0.0042377579 0.0 13 20.9900998735 2.1278243756 0 0 0 2 8 3 0 0 0 6 
976 1 14.3651 20.1725 22.4899 0.00172569 0.00111104 0.00221943 0.0030229597 0.0 13 19.7499101134 2.3971866178 0 0 0 2 8 3 0 0 0 6 
18 1 13.8758 22.5644 24.6195 -5.06473e-04 0.00130654 -6.10808e-05 0.0014026021 0.0 15 23.9455073491 2.4586200029 0 0 1 2 7 3 2 0 0 7 
340 1 14.9139 22.5844 21.5243 0.00143887 0.00329857 5.19672e-05 0.0035991126 0.0 15 22.3721704263 2.3777672925 0 0 2 3 4 3 2 1 0 8 
522 1 9.17882 18.2032 20.6414 -0.00314411 0.00358998 -3.32237e-05 0.0047722623 0.0 13 20.9344872122 2.1317623775 0 0 1 0 9 3 0 0 0 6 
120 1 16.8202 19.3967 23.7994 -0.00195964 0.00274565 -0.00158911 0.0037288139 0.0 13 23.2474993758 2.3855367946 0 0 1 2 6 3 1 0 0 7 
266 1 17.3442 20.7933 21.3247 -0.0014289 -0.00146918 -0.00283568 0.0034987607 0.0 15 24.5450171317 2.4624971147 0 0 0 1 10 4 0 0 0 6 
456 1 14.3018 23.4164 18.1593 0.00152249 0.00128522 -8.41811e-04 0.0021629637 0.0 15 21.8678874846 2.2148757957 0 0 3 1 6 2 2 0 1 9 
524 1 12.0094 18.963 20.8898 0.00345788 -0.00212006 -0.00127966 0.0042531304 0.0 15 22.519198345 2.3971866178 0 0 2 1 5 6 1 0 0 7 
948 1 11.7822 25.6448 18.19 0.00389935 -0.00129582 -0.00463292 0.0061925784 0.0 16 24.8747656015 2.3495445905 0 0 2 2 6 3 2 1 0 8 
833 1 9.31826 23.595 21.2627 0.00218135 0.00477366 7.20985e-04 0.0052977294 0.0 17 24.1130935654 2.2185203884 0 0 1 2 7 5 2 0 0 7 
664 1 16.0738 25.138 25.4695 -0.00124083 0.00276663 -0.00358614 0.0046962007 0.0 15 22.0088931332 2.2478697283 0 0 1 3 5 4 2 0 0 7 
43 1 14.2463 19.2759 25.1122 -0.00387636 5.34343e-04 -7.96673e-04 0.0039932915 0.0 15 22.1265831932 2.4774617651 0 0 0 5 4 4 2 0 0 7 
536 1 14.1291 24.9293 23.1388 0.00163175 -0.00299876 0.00183437 0.0038755752 0.0 14 21.9392777478 2.232260704 0 0 1 3 5 3 2 0 0 7 
903 1 16.5714 21.8067 18.8438 9.06717e-04 -0.00130318 2.41247e-04 0.0016058063 0.0 16 22.0202364062 2.4002388582 0 0 3 2 5 3 1 1 1 9 
557 2 9.3114 0.447528 20.9001 -7.88722e-04 1.76601e-04 3.13366e-04 8.668728606e-04 0.0 14 17.8449732672 2.3495445905 0 0 0 4 4 6 0 0 0 6 
980 1 17.8335 18.7172 18.5291 1.49778e-05 -8.27416e-04 0.00129235 0.0015346042 0.0 14 22.8736509169 2.3070920499 0 0 1 1 8 3 1 0 0 7 
771 2 9.84734 26.1537 26.6892 -0.00141099 0.00101946 -4.26828e-04 0.0017923096 0.0 15 14.0717528547 1.9542737514 0 0 0 4 5 5 1 0 0 7 
809 1 11.7952 25.6972 21.4647 -0.00241599 -0.00165591 -2.88266e-04 0.0029431519 0.0 16 24.2403368631 2.3023271039 0 0 1 4 3 6 2 0 0 7 
386 2 12.7446 25.8003 25.9687 0.00108056 -6.90891e-04 0.00365435 0.0038728819 0.0 13 15.6041386053 2.1224046782 0 0 0 1 10 2 0 0 0 6 
839 1 16.639 22.7373 23.942 0.00494072 -0.00136709 0.00147474 0.0053342766 0.0 16 24.1066184349 2.3396177592 0 0 0 4 5 6 1 0 0 7 
192 1 18.1557 23.697 20.039 0.00227966 -9.56482e-05 -0.00152546 0.002744636 0.0 16 23.8717899466 2.3537164069 0 0 1 2 8 3 1 1 0 8 
33 1 9.171 20.7147 22.2114 -0.00152959 0.00459322 0.00210783 0.0052801764 0.0 13 22.5699851603 2.2821908744 0 0 1 2 5 5 0 0 0 6 
608 1 11.4882 19.5052 23.7854 0.00281786 0.00129485 -4.10806e-04 0.0031282156 0.0 16 22.2019854385 2.1915434903 0 0 1 3 5 5 2 0 0 7 
507 1 11.9683 22.9804 19.7868 -2.05718e-04 -0.00120117 -3.9868e-04 0.0012822149 0.0 16 23.1839912494 2.3971866178 0 0 1 4 5 3 2 1 0 8 
500 1 16.0288 17.4694 21.0381 0.00566438 -0.00240823 4.69393e-04 0.006172933 0.0 15 22.7564842099 2.3206578851 0 0 2 1 8 2 1 0 1 9 
939 1 11.8877 22.0938 22.5629 -0.00143737 4.89211e-04 -8.57313e-04 0.0017436587 0.0 14 22.8552496801 2.3737448012 0 0 1 3 5 3 2 0 0 7 
10 2 10.9921 24.9049 24.4791 -1.38193e-04 -1.65971e-04 0.00206673 0.0020779838 0.0 13 17.6213276846 2.1373221582 0 0 0 3 6 4 0 0 0 6 
66 1 15.0292 19.7986 19.8999 -7.72578e-04 0.00313745 -0.00287449 0.0043247153 0.0 15 22.1905729638 2.3971866178 0 0 2 2 5 4 1 1 0 8 
415 1 16.6556 20.8873 26.4836 -9.55878e-04 -3.09295e-04 0.00216324 0.0023851569 0.0 14 23.9605068263 2.4752184668 0 0 2 3 3 3 3 0 0 7 
626 1 12.8783 20.9078 18.0665 -0.00296633 7.96875e-04 -7.36951e-04 0.0031586738 0.0 14 21.4258413384 2.391846623 0 0 2 1 7 2 1 1 0 8 
699 1 15.0404 25.3953 20.3778 0.00100146 -3.24324e-04 -0.00292958 0.0031129644 0.0 14 23.3535888117 2.2357834849 0 0 1 3 4 5 1 0 0 7 
518 1 8.95156 25.5399 18.6241 0.00118091 9.7543e-04 4.18006e-04 0.0015876842 0.0 14 20.9821651038 2.299927771 0 0 1 4 3 4 2 0 0 7 
871 2 11.8773 0.844665 -0.132219 0.00232655 -9.12876e-04 -0.00281038 0.0037609059 0.0 13 12.5742930411 1.9674829541 0 0 0 1 10 2 0 0 0 6 
68 1 24.6452 0.449229 19.8168 0.00346196 7.22711e-04 -0.00188742 0.0040087196 0.0 13 21.6673186079 2.1450448357 0 0 1 0 9 3 0 0 0 6 
105 1 25.9443 19.1015 24.9999 -0.00439281 -4.1853e-04 -0.00384549 0.0058531821 0.0 13 20.7203716941 2.3064825724 0 0 1 2 6 3 1 0 0 7 
388 1 26.4989 25.5434 21.9801 -7.98908e-04 -0.00381967 -0.00135508 0.0041309048 0.0 15 23.5500819213 2.4245375055 0 0 1 2 6 5 1 0 0 7 
338 1 0.221368 0.282603 26.7047 -5.12937e-04 -0.001326 -0.00141171 0.0020035732 0.0 15 23.232917455 2.3452517709 0 0 0 4 4 7 0 0 0 6 
993 1 19.7265 25.875 19.0319 0.0043812 -6.8599e-04 0.00106523 0.0045607248 0.0 14 21.1196320765 2.2684499635 0 0 3 2 2 5 1 1 0 8 
723 1 19.0091 17.7138 20.9005 6.74096e-04 -0.00280816 0.00339451 0.0044567776 0.0 15 22.0541767704 2.388111396 0 0 1 3 5 4 2 0 0 7 
112 1 0.43711 24.0763 25.9632 8.26354e-04 -0.00442863 -0.00301401 0.0054203211 0.0 15 22.3763100174 2.4245375055 0 0 0 3 7 4 1 0 0 7 
882 1 19.1504 24.5332 24.6555 -2.57835e-05 -3.1466e-04 -2.8556e-04 4.2569968061e-04 0.0 13 22.8601465576 2.2554333903 0 0 0 3 6 4 0 0 0 6 
287 1 25.0631 23.3073 24.1956 0.00138804 0.00206654 0.0020557 0.0032284896 0.0 14 20.5315148319 2.3857229106 0 0 2 0 8 2 2 0 0 7 
997 1 20.4002 22.5943 21.9223 -0.00342281 -8.60633e-04 2.50896e-04 0.0035382575 0.0 13 25.057450013 2.447892817 0 0 0 3 6 4 0 0 0 6 
958 1 22.5115 18.8746 19.8473 3.27992e-04 -5.5759e-04 0.00330097 0.003363761 0.0 16 22.9054026373 2.344509975 0 0 0 2 10 2 2 0 0 7 
440 1 20.0435 20.5029 19.6236 -0.00339689 2.93331e-04 0.00113211 0.0035925726 0.0 15 25.3941628099 2.3984497255 0 0 0 2 9 3 1 0 0 7 
961 1 17.8713 23.5441 0.459195 0.00210297 -9.58222e-05 -0.00463812 0.0050935078 0.0 13 21.766477255 2.2277212349 0 0 0 1 10 2 0 0 0 6 
996 1 21.8727 24.0685 20.0366 -0.00534955 1.10591e-04 -2.65748e-04 0.0053572883 0.0 14 21.6090829424 2.3592113422 0 0 0 3 7 3 1 0 0 7 
953 1 25.6631 23.3185 20.5267 -0.00171648 0.00156158 3.21172e-04 0.0023426453 0.0 15 22.4051841917 2.2031771934 0 0 2 1 7 3 1 1 0 8 
38 1 25.0901 20.1271 20.0212 0.00486708 0.00195362 0.00170562 0.0055149106 0.0 12 21.0795231441 2.1924404853 0 0 0 0 12 0 0 0 0 5 
307 1 24.4188 23.6304 26.8659 7.03403e-04 0.00114536 0.00356671 0.0038115673 0.0 14 22.1125004145 2.3848898988 0 0 0 3 6 5 0 0 0 6 
240 1 23.381 21.953 21.984 8.29229e-04 0.00266613 -1.87953e-04 0.0027984275 0.0 15 22.9833286241 2.3592113422 0 0 0 1 10 4 0 0 0 6 
531 1 23.4459 20.8892 24.716 -0.00164646 0.00116686 2.34818e-04 0.0020316329 0.0 15 22.5343891126 2.3857229106 0 0 2 2 4 5 2 0 0 7 
571 1 23.3921 25.3373 21.7832 -0.00440114 5.24667e-04 -6.07149e-04 0.0044736941 0.0 15 21.2831291657 2.1503990965 0 0 0 3 7 4 1 0 0 7 
612 1 24.0242 18.3967 22.2884 -0.00208361 7.76539e-05 -0.00158481 0.0026189852 0.0 14 21.7261337094 2.1739917501 0 0 0 2 8 4 0 0 0 6 
928 1 24.0911 20.5775 0.814723 -8.92061e-05 1.7604e-04 6.43197e-04 6.7279282895e-04 0.0 15 21.8632417394 2.3857229106 0 0 1 2 6 5 1 0 0 7 
694 1 21.3925 19.4602 22.4107 3.55789e-04 -3.37601e-04 -9.02255e-04 0.001026949 0.0 13 23.7539477881 2.4624971147 0 0 1 1 8 2 1 0 0 7 
745 1 20.2789 25.7071 22.0744 -0.00379517 6.33102e-04 -0.00239191 0.004530493 0.0 14 21.8719352734 2.2804426073 0 0 2 3 3 3 3 0 0 7 
622 1 22.1633 23.7172 24.3907 -5.30708e-04 -0.00277433 0.00318219 0.0042549843 0.0 14 22.7344291985 2.2437689524 0 0 0 2 8 4 0 0 0 6 
91 1 23.1927 18.1378 25.0103 0.00366973 -0.00130984 -4.27141e-04 0.0039198276 0.0 13 22.0298142233 2.2915528178 0 0 0 3 6 4 0 0 0 6 
711 1 23.7144 22.0171 18.4629 0.00100092 -0.00259354 0.00332069 0.0043307358 0.0 13 22.402373312 2.3592113422 0 0 0 3 6 4 0 0 0 6 
71 1 20.037 21.6435 24.9069 0.00293367 0.00543697 0.00158346 0.0063776491 0.0 15 25.6255160613 2.4624971147 0 0 0 3 7 4 1 0 0 7 
652 1 0.228732 18.9754 0.743175 0.00129395 2.45508e-04 0.00173958 0.0021819073 0.0 14 20.873446294 2.1882281455 0 0 1 1 8 3 1 0 0 7 
299 1 19.4377 18.8111 24.7093 5.41684e-04 0.00174036 8.69705e-04 0.0020195696 0.0 16 23.9541810919 2.4624971147 0 0 1 6 2 2 5 0 0 7 
