# Particles (1000 particles):
# "Particle Identifier" "Particle Type" Position.X Position.Y Position.Z Velocity.X Velocity.Y Velocity.Z "Velocity Magnitude" Centrosymmetry Coordination "Atomic Volume" "Cavity Radius" "Voronoi Index.1" "Voronoi Index.2" "Voronoi Index.3" "Voronoi Index.4" "Voronoi Index.5" "Voronoi Index.6" "Voronoi Index.7" "Voronoi Index.8" "Voronoi Index.9" "Max Face Order"
131 1 3.244 7.20236 5.34615 0.00179593 0.00168331 -0.00254735 0.0035423 0.0 13 21.1338732529 2.2853183636 0 0 0 3 6 4 0 0 0 6 
37 1 5.69717 6.75838 7.38542 0.00477537 8.29934e-04 -5.70715e-04 0.0048804369 0.0 15 21.9889315665 2.1166357407 0 0 1 2 6 5 1 0 0 7 
222 1 0.250939 4.49265 1.70337 -0.00137379 3.10807e-04 -0.0047483 0.0049528025 0.0 13 20.8057780775 2.2475231865 0 0 1 0 9 3 0 0 0 6 
533 1 4.81429 4.7547 5.36799 0.00201854 0.00253938 -0.00121782 0.0034649733 0.0 14 21.8838336919 2.3857358286 0 0 0 3 6 5 0 0 0 6 
719 1 2.58227 5.3228 3.32435 -7.69588e-04 -9.02576e-06 6.71199e-04 0.0010212028 0.0 15 22.4270187855 2.3168433971 0 0 0 3 6 6 0 0 0 6 
766 1 3.21088 8.23828 2.72362 -0.00141494 -0.00303058 0.00128472 0.0035828726 0.0 14 21.1096303771 2.2282873232 0 0 0 2 8 4 0 0 0 6 
801 1 4.50727 3.41228 8.20333 5.62168e-04 6.64989e-04 0.00481037 0.0048885481 0.0 16 22.3235126893 2.1949026885 0 0 0 1 10 5 0 0 0 6 
817 1 2.81863 6.57168 8.17166 0.0029983 -0.0023308 -8.43913e-04 0.003890324 0.0 16 22.980259537 2.2489224308 0 0 0 4 4 8 0 0 0 6 
856 1 6.18424 6.98521 4.06304 0.00557713 -0.00122108 -0.00277986 0.0063500423 0.0 15 22.3447155298 2.2443693269 0 0 0 2 9 3 1 0 0 7 
962 1 5.20957 6.29928 1.51383 0.00102903 -3.22988e-04 2.7208e-04 0.0011123181 0.0 17 22.1576676834 2.3857358286 0 0 1 5 2 6 3 0 0 7 
3 2 1.06602 0.509071 4.86038 -0.00290472 -0.00250707 -0.00173174 0.0042097175 0.0 13 13.8073632858 2.1149555908 0 0 1 2 5 5 0 0 0 6 
896 1 0.302163 7.51299 3.16843 0.00233302 0.0020179 3.87138e-04 0.0031088227 0.0 16 22.0024214147 2.2475231865 0 0 0 4 4 8 0 0 0 6 
20 1 6.99129 3.594 7.14769 -0.00308744 -9.10603e-04 0.00109437 0.0033998719 0.0 13 19.2550272615 2.1142748954 0 0 0 1 10 2 0 0 0 6 
605 2 6.29154 2.55727 1.67334 -0.00223054 6.91509e-04 -0.00331668 0.0040563357 0.0 14 16.5871256796 2.3733882658 0 0 1 3 5 4 0 1 0 8 
895 2 2.69154 2.27168 5.19957 -0.00102215 9.84898e-04 0.00421154 0.0044443092 0.0 13 14.3133344422 2.1448081282 0 0 0 1 10 2 0 0 0 6 
967 1 7.39658 4.06021 4.27158 -0.00224259 -5.91598e-04 -0.00339679 0.0041130743 0.0 15 21.7242481047 2.3857358286 0 0 0 0 12 3 0 0 0 6 
23 2 4.34508 2.37285 3.38821 -0.00205744 9.61022e-04 -0.00287433 0.0036631128 0.0 13 16.3139288204 2.3857358286 0 0 1 4 2 5 1 0 0 7 
680 1 6.0107 9.34594 2.51796 -0.00150277 -0.00225979 0.00255232 0.003725494 0.0 15 21.5925702565 2.2114620996 0 0 0 1 10 4 0 0 0 6 
919 2 0.948858 2.12471 7.3938 0.00157423 0.00352949 5.36571e-04 0.0039017186 0.0 15 15.1063734223 2.1393713776 0 0 0 0 12 3 0 0 0 6 
303 2 1.45681 4.16596 6.01834 0.0020361 -0.00103053 9.53533e-04 0.0024732409 0.0 13 17.2893691536 2.1949026885 0 0 0 3 6 4 0 0 0 6 
881 2 5.00419 3.61309 0.0276418 0.00235366 0.00140155 -5.95163e-04 0.0028032618 0.0 13 15.8683206426 2.2959044643 0 0 3 3 1 3 2 1 0 8 
126 2 7.71259 1.0019 2.8596 -5.51988e-04 -0.00284597 0.00236423 0.0037408314 0.0 13 13.2073970263 2.0715516542 0 0 0 1 10 2 0 0 0 6 
461 1 2.8284 5.83919 0.516189 -0.00151587 0.00141697 0.00162359 0.0026347126 0.0 13 20.2609201288 2.2464177121 0 0 0 3 6 4 0 0 0 6 
728 2 7.88389 1.39708 5.43147 -0.00107135 0.00103298 -0.0028454 0.0032110963 0.0 14 15.8855168684 2.3001096097 0 0 1 3 5 4 0 1 0 8 
557 2 2.86149 2.67806 1.30152 -2.49183e-04 0.00306534 -0.00402555 0.005065911 0.0 17 19.4417965646 2.2989766847 0 0 0 4 6 5 2 0 0 7 
940 2 0.38729 3.0985 4.27364 -0.00416078 0.00364145 -0.00151741 0.0057336534 0.0 14 17.489578646 2.1448081282 0 0 0 2 8 4 0 0 0 6 
668 2 5.43228 1.51291 5.3781 -2.40552e-04 -7.75774e-04 -0.00190867 0.0020742979 0.0 15 15.9942005886 2.0835126176 0 0 1 1 7 6 0 0 0 6 
235 1 7.86373 5.2534 1.67233 -0.0033759 -5.38369e-04 9.01311e-04 0.0035353788 0.0 14 22.8054623921 2.2240575105 0 0 1 3 4 5 1 0 0 7 
610 2 3.86614 26.4754 4.61739 6.83298e-04 0.00163091 0.00289162 0.0033894291 0.0 15 13.2929574738 1.9115523833 0 0 0 5 3 6 1 0 0 7 
994 2 0.45569 6.54972 6.46069 0.00178848 -0.00188024 0.00236189 0.0035089154 0.0 14 16.8689368094 2.1191625014 0 0 1 3 4 5 1 0 0 7 
534 2 26.4222 4.41987 7.59969 0.00148566 0.00141112 5.84228e-04 0.002130673 0.0 13 16.6418033203 2.3313806608 0 0 0 3 6 4 0 0 0 6 
137 2 2.50402 1.07282 3.08658 1.45089e-04 0.00271207 -0.00162091 0.0031628664 0.0 12 13.5292225236 2.1446527594 0 0 1 3 3 5 0 0 0 6 
341 2 25.9014 8.47947 5.7764 -4.47071e-04 -0.00202161 -6.44133e-04 0.0021683373 0.0 12 13.5987217148 2.1374778532 0 0 1 3 3 5 0 0 0 6 
58 2 -0.00616157 8.4761 8.03205 -0.00224413 0.00402712 -0.00156399 0.0048682522 0.0 13 17.2678338625 2.1867859165 0 0 1 3 4 4 1 0 0 7 
239 2 7.36079 0.748976 0.428928 0.00149275 -9.47547e-04 -2.80749e-04 0.0017902424 0.0 14 12.8772660871 2.0416253949 0 0 1 2 7 2 2 0 0 7 
285 2 5.24985 0.37329 2.1836 -0.00458156 0.00144114 6.87964e-04 0.0048518935 0.0 14 13.3545725474 1.9037374541 0 0 0 1 10 3 0 0 0 6 
812 2 7.05286 0.597141 7.47181 -0.00183107 -9.53644e-04 -0.00145286 0.0025244913 0.0 13 14.5882086397 2.2138092987 0 0 1 1 8 2 1 0 0 7 
42 1 8.18628 6.21975 6.17954 -0.00143364 0.00253764 -8.95808e-04 0.0030491659 0.0 13 21.2635867567 2.2723609819 0 0 2 2 3 5 1 0 0 7 
818 2 10.4425 9.2078 8.42506 -1.03831e-04 0.00241948 -0.00407066 0.0047365533 0.0 14 14.7968090189 2.31154815 0 0 2 3 3 4 1 1 0 8 
898 1 16.9767 3.4602 8.05247 -1.80854e-04 -0.00128905 6.37506e-04 0.001449404 0.0 15 20.4609826618 2.3238724649 0 0 0 4 4 7 0 0 0 6 
292 2 11.2945 0.761748 1.9214 0.00366619 5.30414e-04 0.00315612 0.0048665575 0.0 14 16.7057953056 2.1842082719 0 0 1 3 4 5 1 0 0 7 
843 2 13.9495 0.87028 -0.0747374 -4.79212e-04 -0.00125445 -0.00204677 0.0024479698 0.0 14 18.2367038145 2.1842082719 0 0 0 4 4 6 0 0 0 6 
28 1 13.5101 9.31869 0.537276 3.53696e-04 0.00215153 -9.4941e-05 0.0021824747 0.0 14 22.20345481 2.3746160859 0 0 2 2 4 4 2 0 0 7 
985 1 16.4509 8.15016 4.43687 0.0021419 0.00285967 -7.61916e-04 0.0036532128 0.0 15 21.8192567697 2.1679573912 0 0 0 3 6 6 0 0 0 6 
104 2 9.15795 8.57652 2.65513 2.39886e-04 3.27182e-04 -2.72665e-05 4.0661630088e-04 0.0 12 15.6196444519 2.173780915 0 0 1 2 6 2 1 0 0 7 
824 2 10.7212 7.75596 6.57524 0.00190688 0.00115058 0.00139932 0.0026302323 0.0 15 19.2413690147 2.2744056691 0 0 1 2 7 3 2 0 0 7 
345 2 10.5348 8.37751 0.81936 1.41634e-04 -0.00370886 -0.00242612 0.0044341584 0.0 16 19.5130636782 2.2240575105 0 0 2 2 6 3 2 1 0 8 
637 2 10.1577 1.31725 4.36902 -7.01808e-04 -4.90106e-04 -6.18967e-04 0.001056342 0.0 18 19.3919428816 2.2918851175 0 0 3 4 3 3 2 3 0 8 
829 1 10.7415 5.34963 8.87563 0.00128666 -0.00110654 -0.0021696 0.0027544671 0.0 18 25.1537396248 2.31154815 0 0 2 2 6 5 2 1 0 8 
219 1 14.7502 4.7524 4.01402 -3.04233e-05 -8.87977e-04 0.00205052 0.0022347396 0.0 13 21.8568090292 2.2040178821 0 0 0 1 10 2 0 0 0 6 
366 1 13.9664 9.1088 3.20998 -2.61222e-04 -0.00129681 -0.00348943 0.0037317656 0.0 14 20.3464133832 2.1525069811 0 0 1 1 7 5 0 0 0 6 
14 1 11.9351 2.46876 8.17437 -0.00167906 0.00403139 -9.17101e-04 0.0044623337 0.0 16 23.5613005108 2.225323253 0 0 1 3 4 7 1 0 0 7 
309 1 13.0531 1.93231 5.17386 0.00191797 0.00130174 -0.00110308 0.0025670842 0.0 15 22.7003110895 2.1948562694 0 0 1 2 6 5 1 0 0 7 
169 1 16.9729 0.893175 0.514849 0.00118492 -0.00467861 0.00286163 0.0056109138 0.0 15 23.6215505582 2.2501735366 0 0 1 3 4 6 1 0 0 7 
787 2 11.8095 1.98405 26.4464 -0.00265954 -7.06592e-04 -0.00105001 0.0029453262 0.0 13 16.3365306236 2.1821468414 0 0 1 3 4 4 1 0 0 7 
753 2 13.036 7.8148 8.25111 -0.00111438 -3.84421e-04 -2.45612e-04 0.0012041377 0.0 14 18.451382821 2.1966265823 0 0 1 3 4 5 1 0 0 7 
495 1 17.4267 4.60081 3.26027 -0.001054 -8.6507e-04 0.00161755 0.0021155921 0.0 15 22.271826503 2.2600330044 0 0 1 2 7 3 2 0 0 7 
509 1 12.4708 3.63058 2.81345 4.8036e-04 7.90433e-04 -0.00237227 0.0025462119 0.0 14 22.206097811 2.2903429105 0 0 1 1 7 5 0 0 0 6 
805 1 14.3342 4.64999 7.64472 -6.28584e-04 0.00186736 5.82865e-04 0.0020547221 0.0 16 24.2014861929 2.2040178821 0 0 0 0 12 4 0 0 0 6 
358 1 10.8884 4.68663 0.713145 4.67973e-04 0.00220947 -0.00108594 0.0025059972 0.0 14 22.1721834545 2.3026547982 0 0 1 1 8 3 1 0 0 7 
780 1 9.8765 3.83298 6.2235 9.70461e-04 -0.0030114 -0.00274985 0.0041918969 0.0 15 22.1873905688 2.3001096097 0 0 2 3 3 5 1 1 0 8 
926 1 15.9257 7.44436 7.39778 -0.00330922 0.00177716 -0.00418021 0.0056199102 0.0 15 22.5126899181 2.2155084814 0 0 0 3 6 6 0 0 0 6 
312 1 17.8284 4.06349 0.274668 -0.00152447 0.00205279 -0.00398378 0.0047337574 0.0 16 23.4831670409 2.2600330044 0 0 1 4 4 4 3 0 0 7 
394 2 11.1075 -0.136092 6.45701 0.00310714 -7.34742e-04 0.00146277 0.0035119597 0.0 15 19.3455859976 2.3001096097 0 0 1 4 5 2 2 1 0 8 
535 1 12.7182 6.53268 2.60455 -0.00375363 -0.00193403 -0.00117468 0.0043829309 0.0 15 21.5232999025 2.1892930568 0 0 2 2 5 4 1 1 0 8 
145 2 9.07449 26.3624 1.52951 -0.00287357 0.00342603 -0.00125369 0.0046440096 0.0 13 11.5351654015 1.8407752473 0 0 0 2 8 3 0 0 0 6 
352 1 14.7174 1.19268 7.81637 9.70347e-04 -4.20781e-04 0.00258648 0.0027943709 0.0 16 23.7568512718 2.3238724649 0 0 0 1 10 5 0 0 0 6 
122 1 15.9726 2.4122 5.4301 0.00162868 1.06095e-04 -7.72521e-04 0.0018057252 0.0 12 20.303489823 2.1723012243 0 0 0 0 12 0 0 0 0 5 
290 2 9.26387 2.38247 1.90043 0.00220802 -0.0021857 -0.00185696 0.0036195217 0.0 14 18.137772995 2.2918851175 0 0 0 0 12 2 0 0 0 6 
901 1 15.0137 1.78333 2.81975 -0.00190834 -0.00373681 -0.00246113 0.0048644292 0.0 14 21.6495593297 2.2600330044 0 0 0 2 8 4 0 0 0 6 
357 1 12.3631 4.80878 5.63101 0.00215416 0.00218929 0.00114517 0.0032779278 0.0 13 21.8130995586 2.2216053649 0 0 1 3 4 4 1 0 0 7 
553 1 13.5804 7.3216 5.33665 -0.00205278 0.00225704 -0.00293161 0.0042311313 0.0 15 20.8286804076 2.2216053649 0 0 0 3 6 6 0 0 0 6 
464 1 15.3368 6.84834 1.53453 -0.00347767 -0.0010631 -0.00276642 0.0045691848 0.0 14 22.205474859 2.1679573912 0 0 0 2 8 4 0 0 0 6 
924 1 17.2478 5.4549 5.95662 2.62705e-04 -0.00383232 9.96504e-04 0.0039684645 0.0 14 21.5593827665 2.2040178821 0 0 0 2 8 4 0 0 0 6 
662 1 14.7387 3.83747 0.589261 0.00112665 -2.72702e-04 -1.17179e-04 0.0011650912 0.0 15 23.0014746882 2.243937401 0 0 0 3 6 6 0 0 0 6 
574 1 9.98292 5.70972 3.52758 -7.05072e-04 -0.00236824 1.90938e-04 0.002478335 0.0 17 24.4240344787 2.2918851175 0 0 0 4 5 7 1 0 0 7 
968 1 18.307 1.26512 6.68606 0.00228233 0.00344629 -0.00520702 0.006648233 0.0 15 20.93736615 2.3238641091 0 0 1 2 7 3 2 0 0 7 
871 2 25.9307 0.714088 6.00767 0.00235435 0.00112239 0.00231767 0.0034891715 0.0 13 14.205188742 2.1059393747 0 0 0 3 6 4 0 0 0 6 
772 2 20.1469 0.727718 9.00667 0.00329921 0.00173432 0.00140165 0.0039821194 0.0 12 15.4913125209 2.1473537966 0 0 0 2 8 2 0 0 0 6 
623 1 22.7402 0.60083 1.54845 -2.44313e-04 -8.18002e-04 -4.84814e-04 9.8176409008e-04 0.0 16 22.8653125958 2.2447159608 0 0 2 4 3 4 1 2 0 8 
362 2 26.1103 26.8749 8.30142 6.33231e-04 7.84046e-04 0.00205165 0.0022858209 0.0 13 13.1725646413 1.8599713798 0 0 0 3 6 4 0 0 0 6 
555 1 25.3085 8.33598 1.28907 -4.44949e-04 -0.00231337 -2.18448e-04 0.0023658783 0.0 14 20.7021704041 2.1850191289 0 0 0 4 4 6 0 0 0 6 
929 1 20.1895 5.60537 1.02289 3.65254e-04 -0.00269778 -0.00250226 0.0036976658 0.0 14 22.4420269045 2.3287219315 0 0 0 4 4 6 0 0 0 6 
11 2 23.0392 26.5383 5.24451 -1.27437e-04 -9.40875e-04 8.13965e-04 0.0012506098 0.0 14 18.3064184535 2.2033317026 0 0 0 6 2 4 2 0 0 7 
342 2 23.3453 26.5953 8.47682 -0.00373599 0.00186154 0.00181004 0.004549637 0.0 15 15.0506421551 2.2400828449 0 0 1 4 3 5 2 0 0 7 
947 1 22.2974 7.78426 8.74944 -2.38495e-04 -6.18383e-04 -0.00116423 0.0013396675 0.0 16 22.0200315808 2.4051631282 0 0 0 5 3 7 1 0 0 7 
84 1 20.9994 6.24041 6.54079 0.00317851 2.23789e-05 0.00326266 0.0045550386 0.0 15 23.3881247453 2.2372150263 0 0 0 2 8 5 0 0 0 6 
369 2 22.6556 2.32873 8.74602 9.59204e-05 -0.00143272 0.00282188 0.0031662113 0.0 14 15.7880043253 2.2737843667 0 0 1 4 3 4 2 0 0 7 
447 1 24.4512 5.52354 2.17828 0.00129708 -1.167e-04 0.0013044 0.0018432294 0.0 12 20.4988817457 2.2168695217 0 0 0 0 12 0 0 0 0 5 
264 2 25.4421 3.25987 6.00443 -0.0032728 -7.41976e-04 -0.00221843 0.0040228323 0.0 11 13.7298371703 2.1598314198 0 0 0 3 6 2 0 0 0 6 
978 1 19.8282 3.65377 8.06053 -0.00377978 0.00274217 7.5577e-04 0.0047304779 0.0 15 20.4600178738 2.1248753895 0 0 0 2 8 5 0 0 0 6 
213 2 24.2937 7.17551 4.73277 -0.00177423 0.00244463 -0.00144075 0.0033466205 0.0 13 17.3022629172 2.2372150263 0 0 1 2 5 5 0 0 0 6 
258 2 23.7823 1.45949 6.66421 -5.34432e-04 0.00286685 -9.13377e-04 0.0030559293 0.0 12 12.9099261758 2.1059393747 0 0 0 5 2 5 0 0 0 6 
254 2 24.2198 5.68575 6.65478 -0.00415442 -5.37726e-04 5.37889e-05 0.004189421 0.0 16 19.4753599303 2.3394186058 0 0 1 5 1 7 2 0 0 7 
411 1 22.1014 7.71908 2.24646 -0.00351772 0.00280663 0.00389093 0.005949022 0.0 16 24.0979375384 2.3287219315 0 0 0 3 7 5 1 0 0 7 
704 1 24.3639 2.74209 3.16038 -0.00479573 -5.48242e-04 0.00161153 0.0050888726 0.0 16 23.0051727318 2.2634449453 0 0 0 0 12 4 0 0 0 6 
371 2 23.5817 8.72818 6.26801 0.00156113 -0.00280788 1.13691e-04 0.0032146917 0.0 13 16.6278094053 2.1692808942 0 0 0 3 7 2 1 0 0 7 
5 2 22.539 3.3829 6.06997 0.00312786 3.75206e-04 6.73876e-04 0.0032215519 0.0 14 18.7039256759 2.2634449453 0 0 0 3 7 3 1 0 0 7 
198 1 19.3491 3.58444 5.31755 6.58494e-04 0.00161383 0.00202965 0.0026753581 0.0 15 21.2081050688 2.1473084398 0 0 1 4 3 5 2 0 0 7 
588 2 21.648 1.74689 4.60876 0.00245063 3.79949e-04 -0.00204747 0.0032159108 0.0 15 19.4012193125 2.1787316507 0 0 2 4 2 4 2 1 0 8 
638 2 21.3894 1.18108 7.08783 -0.00203741 8.25155e-04 -0.00240745 0.0032600208 0.0 12 15.6461456493 2.1065473182 0 0 0 2 8 2 0 0 0 6 
732 1 18.5835 6.31956 8.72938 -0.0012995 0.00140495 -0.0027909 0.0033840372 0.0 15 22.7527147206 2.2748589376 0 0 0 0 12 3 0 0 0 6 
918 1 18.9244 8.35512 6.52242 -0.00141449 -5.77898e-04 -8.71511e-04 0.0017590564 0.0 15 21.290412302 2.2748589376 0 0 1 4 4 4 1 1 0 8 
85 1 22.4861 3.65367 1.0182 -0.00120643 -0.00200626 -0.00144298 0.0027500443 0.0 16 21.4132054965 2.1998305856 0 0 3 3 2 4 3 1 0 8 
147 1 19.1516 6.92423 4.12231 0.00364106 0.00117808 0.0022942 0.0044618992 0.0 13 20.8752071145 2.1619111552 0 0 1 1 9 0 2 0 0 7 
210 1 21.6372 5.24698 3.7574 -2.60581e-04 2.70384e-04 -0.00365844 0.0036776614 0.0 16 23.2465460239 2.2634449453 0 0 1 3 4 7 1 0 0 7 
841 1 21.1069 9.17745 4.48811 0.00226312 -0.00148426 5.60824e-05 0.0027070067 0.0 16 21.6578472277 2.2372150263 0 0 0 3 7 5 1 0 0 7 
878 1 19.9825 3.21698 2.29387 -9.10965e-04 8.00091e-04 0.00345587 0.0036623818 0.0 14 20.6118306371 2.1591885473 0 0 4 2 0 5 2 1 0 8 
653 1 18.0201 7.39129 1.52542 -0.00166724 -0.0041405 0.00154989 0.0047249961 0.0 13 21.5237154494 2.1899581972 0 0 0 2 8 3 0 0 0 6 
951 1 17.7701 1.59778 3.36987 -1.69584e-04 4.52531e-04 -0.00200278 0.0020602599 0.0 14 20.477645968 2.2600330044 0 0 1 4 3 4 2 0 0 7 
129 2 25.7317 5.25921 4.87646 0.00276656 0.00262936 0.00174441 0.0041964693 0.0 15 16.2894989915 2.2634449453 0 0 1 2 6 5 1 0 0 7 
200 1 3.92384 10.6872 0.457681 0.00132991 -0.00156282 -2.91112e-05 0.0020522949 0.0 15 21.5912019796 2.1837906267 0 0 0 1 10 4 0 0 0 6 
769 1 1.3725 11.3995 26.4899 -0.00200538 -0.0024738 -0.00335385 0.0046248833 0.0 13 20.6066535444 2.2110806535 0 0 0 1 10 2 0 0 0 6 
869 1 3.17165 14.8687 6.52794 -9.51924e-07 0.00120439 7.88214e-04 0.0014393879 0.0 13 19.8267991535 2.1350076229 0 0 0 2 8 3 0 0 0 6 
799 2 3.39835 12.0049 8.05411 9.95575e-04 -0.00180365 0.00212694 0.0029611141 0.0 14 18.529154951 2.2214828225 0 0 2 3 2 5 2 0 0 7 
233 2 7.29384 11.5539 5.24528 -2.57563e-04 0.00279659 1.29057e-04 0.0028113893 0.0 15 18.0124853257 2.2465146009 0 0 0 2 8 5 0 0 0 6 
629 1 6.27065 12.5657 2.22729 -0.00205617 -0.00180808 -9.17435e-04 0.0028876765 0.0 15 22.7203913236 2.1395722748 0 0 0 2 8 5 0 0 0 6 
859 1 4.83488 13.5675 4.48019 0.00292546 5.73388e-04 -2.71157e-04 0.0029934288 0.0 15 21.2539695364 2.2371412491 0 0 0 2 8 5 0 0 0 6 
966 2 1.45767 9.28272 5.82826 -0.00143296 -0.00553558 -0.00104584 0.0058128996 0.0 14 16.4698903713 2.2853183636 0 0 0 2 8 4 0 0 0 6 
693 2 8.72274 10.5893 1.16068 0.00254591 7.17969e-04 -6.56401e-04 0.0027254357 0.0 13 15.5444261321 2.115212244 0 0 1 0 9 3 0 0 0 6 
80 1 0.251088 15.8967 6.58902 -0.00336407 -2.33895e-05 2.6465e-04 0.003374545 0.0 15 21.9258026174 2.1373973582 0 0 0 0 12 3 0 0 0 6 
576 1 4.6384 15.2044 1.67144 0.00288941 -5.08333e-04 0.00126662 0.0031955311 0.0 14 20.6679229451 2.082773098 0 0 0 2 8 4 0 0 0 6 
597 1 2.61924 13.0662 1.90435 -9.28502e-04 -5.17242e-04 0.00301238 0.0031943839 0.0 16 21.7863974562 2.1926265361 0 0 0 2 8 6 0 0 0 6 
465 2 9.59025 13.7132 8.94891 8.53798e-04 -0.00139772 -4.02478e-04 0.0016865885 0.0 14 20.272120869 2.3425998995 0 0 1 3 4 5 1 0 0 7 
870 1 7.31456 16.0347 1.14102 0.00168667 -0.00510046 -0.00188885 0.0056944975 0.0 14 21.6821543517 2.35460642 0 0 1 2 6 4 1 0 0 7 
615 1 8.58308 13.4375 0.354275 -5.12807e-04 -0.00370603 -9.3278e-04 0.0038558667 0.0 15 20.7682942399 2.1768760049 0 0 1 2 6 5 1 0 0 7 
905 2 9.23796 10.6885 3.87801 -7.63004e-04 0.00173316 4.28245e-04 0.0019414975 0.0 12 12.2381881743 2.1273489355 0 0 0 2 8 2 0 0 0 6 
106 2 1.09603 13.1709 4.66451 -0.00217631 6.5815e-04 0.00131599 0.0026270357 0.0 14 16.977946935 2.1877895731 0 0 0 2 8 4 0 0 0 6 
413 2 1.62926 16.3097 1.60059 6.3941e-04 -1.16207e-04 -0.0017156 0.001834566 0.0 13 16.6102462604 2.1346259712 0 0 1 0 9 3 0 0 0 6 
687 2 2.8122 18.3508 0.761103 0.0041912 -0.00120181 -0.00150062 0.0046111132 0.0 12 16.1634783839 2.1518275246 0 0 1 2 6 2 1 0 0 7 
677 1 6.1037 14.3401 6.81273 0.00195725 0.00229405 -0.00290729 0.0041887741 0.0 17 24.158505002 2.4325073056 0 0 1 2 7 5 2 0 0 7 
270 2 2.53341 11.3821 5.77382 0.00195548 0.00220577 4.44241e-04 0.0029810524 0.0 13 16.3751041588 2.2529181858 0 0 0 4 4 5 0 0 0 6 
429 2 5.90466 11.3922 7.78452 -0.0010226 -0.00119727 -0.00204973 0.0025846778 0.0 14 17.5485636323 2.2371412491 0 0 1 3 5 3 2 0 0 7 
543 1 5.33479 17.7772 2.28263 0.00111846 5.55604e-04 6.87951e-04 0.0014258068 0.0 16 21.5404418149 2.2773857433 0 0 2 2 5 5 1 1 0 8 
914 1 4.04955 10.9957 3.36827 0.00172877 0.00494216 -5.61902e-04 0.0052658641 0.0 14 20.4096455425 2.2853183636 0 0 0 4 5 4 1 0 0 7 
913 2 2.07171 15.2259 3.90078 0.00127004 0.00185837 -0.00287825 0.0036538834 0.0 12 16.8692611449 2.0569739895 0 0 0 0 12 0 0 0 0 5 
321 2 5.73884 9.93348 5.77024 0.00296268 -7.00848e-04 0.00120702 0.0032749898 0.0 13 17.9930977112 2.2795703201 0 0 0 3 7 2 1 0 0 7 
757 1 7.39077 15.2037 3.97661 0.00284726 -0.00448514 -0.00237117 0.0058177158 0.0 17 24.1862384214 2.4325073056 0 0 1 4 3 7 2 0 0 7 
621 2 1.07753 12.83 7.43664 0.00101576 0.00173719 -0.00353156 0.0040646665 0.0 12 16.6586861869 2.1809226502 0 0 0 0 12 0 0 0 0 5 
593 2 3.89243 9.68502 7.21178 0.00155697 -3.94443e-04 -0.00150698 0.0022024372 0.0 14 17.8433648964 2.2853183636 0 0 0 3 6 5 0 0 0 6 
453 2 7.31387 12.2451 9.71395 0.00208617 0.0014055 9.99616e-04 0.0027068003 0.0 15 19.949991695 2.3360516576 0 0 1 2 8 1 3 0 0 7 
397 1 7.89919 17.0214 8.27152 -0.00217832 -0.00472954 0.00113806 0.0053299913 0.0 14 23.9937287806 2.4325073056 0 0 2 4 2 3 2 1 0 8 
764 1 4.94337 16.2963 4.81878 0.00235596 -0.00100989 -0.00258703 0.0036418607 0.0 14 20.8187604961 2.4221728006 0 0 2 0 7 4 1 0 0 7 
798 1 0.99042 10.2781 2.68353 6.23615e-06 0.00131841 0.00313799 0.0034037075 0.0 17 22.722013803 2.1926265361 0 0 0 3 6 8 0 0 0 6 
296 1 4.90478 17.0421 7.88445 -0.00211278 -2.54422e-04 -3.16923e-05 0.0021282797 0.0 14 21.7427968345 2.3161849357 0 0 0 1 10 3 0 0 0 6 
412 2 8.36041 12.1 7.45113 0.00280095 0.00769142 8.62699e-04 0.0082308877 0.0 11 14.4833808343 2.2101009518 0 0 1 2 5 3 0 0 0 6 
332 2 8.12054 9.02855 4.91634 0.00103833 0.00137223 -4.60019e-05 0.0017214124 0.0 13 15.9068614971 2.173780915 0 0 0 3 6 4 0 0 0 6 
75 2 7.50851 9.38961 7.42289 -0.0041725 0.00263698 -0.00184931 0.005270993 0.0 16 17.48432346 2.2744056691 0 0 0 6 4 3 2 1 0 8 
306 2 9.56194 12.785 2.96037 -9.8578e-04 -8.10068e-04 -2.23074e-04 0.0012952739 0.0 15 20.3751079452 2.1768760049 0 0 0 2 8 5 0 0 0 6 
590 2 11.7982 10.8888 4.6733 -5.51981e-04 -0.00250693 1.04667e-04 0.002569112 0.0 14 18.148475224 2.2249952472 0 0 0 1 10 3 0 0 0 6 
44 2 10.9214 8.83869 4.42202 0.00221438 0.00142119 -0.00200784 0.0033097857 0.0 14 15.9383878995 2.2215749571 0 0 2 0 6 6 0 0 0 6 
33 1 11.4917 14.5732 1.1568 -0.00171831 1.32661e-04 0.00107163 0.0020294283 0.0 13 21.2190112319 2.2838461178 0 0 0 1 10 2 0 0 0 6 
382 1 15.1314 12.0316 4.03356 0.0031356 -8.62945e-05 -2.7945e-05 0.0031369117 0.0 14 23.6216942867 2.2134804383 0 0 0 2 8 4 0 0 0 6 
265 2 14.3036 18.104 3.85291 3.6346e-04 0.00233312 -0.00101408 0.0025698075 0.0 14 13.9891512301 2.1356290088 0 0 1 1 7 5 0 0 0 6 
171 2 10.8622 10.3312 2.30003 -0.00368512 -0.00226109 0.00390038 0.0058228517 0.0 12 15.6941006524 2.1525069811 0 0 1 2 6 2 1 0 0 7 
983 1 12.3155 15.3082 7.0706 0.00450798 0.0037517 -0.00110865 0.0059687722 0.0 14 21.8197524397 2.2263434034 0 0 2 2 4 4 2 0 0 7 
591 2 14.8307 15.7847 2.82895 0.00209065 -6.82286e-04 0.00335974 0.0040154931 0.0 15 19.4493075019 2.2838461178 0 0 0 4 6 3 2 0 0 7 
923 1 16.3842 11.0641 8.24148 0.00678391 0.00275592 -0.0016918 0.0075152323 0.0 13 21.910356468 2.2577069333 0 0 0 4 5 3 1 0 0 7 
128 1 12.9701 12.5052 1.87034 -9.37519e-04 -0.00110293 -0.00305448 0.0033801249 0.0 14 23.3317770148 2.2838461178 0 0 0 0 12 2 0 0 0 6 
53 1 16.6233 16.7779 7.42593 6.79195e-05 -3.36136e-04 0.00389589 0.0039109538 0.0 13 22.6545976996 2.3524289707 0 0 0 1 10 2 0 0 0 6 
336 2 13.5755 17.8866 6.3785 -2.93192e-04 0.00111489 -2.63645e-04 0.0011825608 0.0 15 18.6665117704 2.2263434034 0 0 1 4 3 5 2 0 0 7 
102 2 16.6622 17.5172 4.3683 0.00184011 0.00362714 0.00369631 0.0054958946 0.0 12 16.112075992 2.1423928225 0 0 0 2 8 2 0 0 0 6 
452 1 16.0316 13.7317 1.34387 1.70398e-04 -4.41632e-04 0.00117662 0.0012682701 0.0 15 23.0871142101 2.2805801852 0 0 0 2 9 3 1 0 0 7 
100 2 10.9864 12.3148 7.56663 0.00238945 -0.00308461 0.00323884 0.0050709343 0.0 14 16.1210359989 2.2249952472 0 0 1 3 4 5 1 0 0 7 
822 1 14.9471 14.8745 5.53128 -0.00153668 3.90304e-04 -0.00291035 0.0033141907 0.0 15 23.1962059179 2.1835533562 0 0 0 2 9 3 1 0 0 7 
850 1 12.1174 14.2535 4.2656 4.37908e-05 -3.24637e-04 -0.0019074 0.0019353247 0.0 15 24.9245887833 2.2249952472 0 0 0 2 8 5 0 0 0 6 
432 2 12.7696 17.5182 2.11088 -6.35676e-04 -5.74781e-04 0.00134942 0.0015985592 0.0 15 17.716144076 2.2297375553 0 0 2 2 4 5 2 0 0 7 
17 1 16.2148 10.0915 2.01064 0.00307978 0.00229202 8.08366e-04 0.0039232456 0.0 16 21.1701336091 2.2049999693 0 0 1 2 7 4 2 0 0 7 
491 2 14.4413 16.8567 0.566663 -0.00204293 1.27985e-04 -0.00128762 0.0024182449 0.0 14 16.1430553437 2.2517406629 0 0 2 3 4 2 2 1 0 8 
540 1 15.2054 11.3917 26.4047 -2.02882e-05 7.06025e-04 -0.00367694 0.0037441649 0.0 15 23.2117019019 2.352386584 0 0 1 4 2 7 1 0 0 7 
853 2 9.68446 12.38 5.55034 -1.40907e-04 -8.96449e-05 -0.00421861 0.0042219144 0.0 13 15.7228888816 2.2525333441 0 0 2 3 3 3 1 1 0 8 
326 1 9.41602 15.5911 5.90711 -7.75598e-04 0.00315168 -0.00103576 0.003406969 0.0 16 24.57370576 2.4208732312 0 0 3 2 5 1 4 1 0 8 
273 1 14.1869 12.5009 7.06964 -3.59529e-05 -0.00117006 3.58628e-04 0.0012243149 0.0 16 23.5690824725 2.2249952472 0 0 0 3 7 5 1 0 0 7 
293 1 17.7115 13.0305 3.65095 -0.00146128 4.38966e-04 7.33193e-04 0.001692809 0.0 15 21.2197984127 2.1930801694 0 0 0 3 6 6 0 0 0 6 
55 1 17.0902 13.4384 6.62454 8.68223e-04 -0.00217553 0.00272008 0.0035896486 0.0 14 20.5611492897 2.1597138359 0 0 0 2 8 4 0 0 0 6 
970 2 9.66969 10.2895 6.355 -0.00247939 3.65738e-04 0.00284108 0.0037885188 0.0 13 12.1995055802 1.9108567968 0 0 0 1 10 2 0 0 0 6 
911 1 17.8283 10.6972 5.39075 4.31978e-04 0.00152271 -0.00165801 0.0022922146 0.0 14 21.5177180219 2.2108656781 0 0 1 3 5 4 0 1 0 8 
322 2 12.1042 9.84597 6.62797 5.85317e-05 0.00140039 -8.92392e-04 0.0016615901 0.0 13 15.2955580966 2.1727020974 0 0 1 2 6 3 1 0 0 7 
234 1 9.94201 16.045 2.87695 -8.55737e-05 -9.57965e-04 6.35202e-05 9.6387479227e-04 0.0 14 22.0535013621 2.35460642 0 0 0 1 10 3 0 0 0 6 
512 1 15.0285 9.88485 6.13051 0.0021272 0.00361337 0.00135506 0.0044065418 0.0 15 20.4383418544 2.2155084814 0 0 1 4 3 5 2 0 0 7 
634 2 17.7906 16.4402 0.491337 -0.00123289 -3.62625e-04 -4.85489e-04 0.0013737592 0.0 13 13.7458054911 2.0729568821 0 0 2 3 2 4 2 0 0 7 
718 2 0.268896 17.0633 3.72716 0.0028961 8.26995e-04 -5.08835e-04 0.0030545424 0.0 13 15.9466311289 2.3546831008 0 0 1 3 6 1 1 1 0 8 
187 2 20.0645 17.6703 -0.0616822 7.07919e-04 -0.00258841 -2.70724e-04 0.0026970923 0.0 14 19.677017672 2.2128602652 0 0 0 4 4 6 0 0 0 6 
26 2 17.8961 15.743 2.7897 0.00512055 1.73179e-04 -0.00151142 0.0053417613 0.0 13 16.6382133814 2.1835533562 0 0 0 3 6 4 0 0 0 6 
351 2 25.6555 16.1125 1.37162 4.58532e-04 0.00253097 -0.00424387 0.0049625088 0.0 14 17.4667892705 2.1738610385 0 0 0 1 10 3 0 0 0 6 
890 1 19.131 18.466 6.50564 0.00140115 -0.00159643 0.00110271 0.002393278 0.0 16 23.218911018 2.2443327214 0 0 0 5 4 5 2 0 0 7 
879 2 23.4485 10.8763 2.12911 0.0018269 0.00134403 0.00337323 0.0040648076 0.0 12 15.8790310806 2.164412483 0 0 0 4 4 4 0 0 0 6 
236 2 22.4856 15.58 1.68499 0.00188386 0.00219171 0.00100492 0.0030598015 0.0 14 16.5920212928 2.254749952 0 0 0 4 4 6 0 0 0 6 
640 2 25.3917 13.0199 7.09101 0.00208179 0.00237433 -5.71119e-04 0.003208967 0.0 14 17.5623070832 2.1085549969 0 0 1 2 7 2 2 0 0 7 
722 2 25.6637 12.1641 1.31366 0.00221529 -0.0024821 -0.0063999 0.0072129779 0.0 14 17.3191681051 2.1926265361 0 0 0 3 6 5 0 0 0 6 
691 2 25.6626 12.1796 3.92232 -0.00312247 0.00478982 -0.00110805 0.0058240853 0.0 13 14.3352913676 2.1926265361 0 0 1 2 6 3 1 0 0 7 
367 1 18.3393 11.7636 1.05484 1.54477e-05 0.00370859 0.00319981 0.0048982305 0.0 14 20.7124274119 2.2049999693 0 0 1 4 2 6 1 0 0 7 
551 2 0.0405445 11.3113 5.85589 -0.00466317 0.00263389 -7.65233e-04 0.0054100012 0.0 14 13.3946565041 2.1042670991 0 0 1 3 5 3 2 0 0 7 
679 1 21.9761 13.9762 7.26928 0.00128538 -0.00302041 -0.00199361 0.0038405155 0.0 16 23.4249172631 2.1994820836 0 0 0 3 7 5 1 0 0 7 
132 2 22.7051 12.5853 4.0038 -7.92192e-05 0.00239206 -0.00130359 0.0027253575 0.0 13 15.7072820305 2.123519647 0 0 0 3 6 4 0 0 0 6 
150 1 21.3915 16.6745 6.48678 8.32049e-04 0.00204979 -0.00277113 0.0035458576 0.0 13 22.1709453396 2.2443327214 0 0 0 3 7 2 1 0 0 7 
656 1 18.3432 9.30088 9.27727 -0.00457851 0.00146142 8.95893e-04 0.0048888778 0.0 15 21.9103922678 2.2748589376 0 0 1 2 7 3 2 0 0 7 
466 2 24.647 13.818 5.07061 8.47322e-07 -0.0036279 0.0012883 0.003849854 0.0 13 15.9391428809 2.1346707867 0 0 1 1 9 0 2 0 0 7 
701 2 24.7009 15.995 3.60351 7.79163e-04 0.00256571 0.00177628 0.0032163851 0.0 14 17.0068330533 2.3546831008 0 0 1 1 8 3 1 0 0 7 
749 2 20.3692 14.1713 2.85486 0.00495106 0.00183244 -5.07006e-06 0.0052792857 0.0 12 16.6233245283 2.1532079896 0 0 0 4 4 4 0 0 0 6 
750 1 24.3322 16.4175 7.51296 -0.00197826 -0.00250005 2.13132e-04 0.003195182 0.0 15 24.0780092306 2.2126895269 0 0 0 0 12 3 0 0 0 6 
56 2 21.2843 11.1903 2.3981 1.53283e-04 -1.21442e-04 0.00227435 0.0022827422 0.0 14 18.8692970842 2.2303999128 0 0 0 3 6 5 0 0 0 6 
217 1 18.7798 15.3798 5.43293 -0.00315376 0.00329314 -0.00258647 0.0052422133 0.0 15 21.7722626136 2.1994820836 0 0 0 1 10 4 0 0 0 6 
975 2 25.3126 10.0512 7.39968 -0.00135219 0.00303197 -8.74425e-04 0.0034330568 0.0 14 14.6625192777 2.4051631282 0 0 0 6 3 2 3 0 0 7 
127 2 23.6679 11.7583 0.0141271 -0.00460687 -0.00186098 -0.00186186 0.005305942 0.0 15 16.5391611452 2.2303999128 0 0 1 3 5 5 0 1 0 8 
141 2 20.7143 16.6413 3.09843 0.00347193 -0.00158061 -0.00251602 0.0045697902 0.0 14 17.7195883181 2.1862098242 0 0 0 3 6 5 0 0 0 6 
697 1 20.2605 12.2846 5.49887 -0.00207676 0.00131827 4.10632e-04 0.0024938698 0.0 15 22.3918633379 2.1994820836 0 0 0 4 5 5 1 0 0 7 
470 2 24.1445 13.9161 2.66665 8.7493e-05 -1.86485e-04 7.887e-04 8.1515604045e-04 0.0 14 12.5093551791 1.7813840223 0 0 0 2 8 4 0 0 0 6 
562 1 19.8571 9.51685 0.00515471 -6.09638e-04 0.00138504 -0.00207751 0.0025702222 0.0 17 23.6853800878 2.3287219315 0 0 1 3 4 8 1 0 0 7 
872 2 24.4161 9.85831 4.12304 0.00118402 0.00326926 0.00103053 0.0036265626 0.0 15 17.8527938778 2.1825312573 0 0 0 5 2 8 0 0 0 6 
299 1 21.2427 9.9909 7.15686 0.00133111 -0.00364203 -7.48525e-04 0.0039492437 0.0 13 20.5093041604 2.2368677338 0 0 0 5 3 4 1 0 0 7 
356 2 23.8503 11.2874 6.04675 0.00354916 -0.00174308 -0.00170223 0.0043049334 0.0 13 16.7468167666 2.153129686 0 0 0 3 6 4 0 0 0 6 
768 1 19.4631 12.1373 8.13072 -5.10219e-05 -4.14295e-04 0.00209333 0.0021345431 0.0 14 20.4464070251 2.1705754056 0 0 1 1 8 3 1 0 0 7 
678 1 19.3359 15.134 8.11406 5.6301e-04 0.00175873 -6.52938e-04 0.0019586831 0.0 14 20.6847084608 2.1361229812 0 0 0 3 6 5 0 0 0 6 
485 2 26.688 14.562 2.99544 0.00114576 -0.00624377 0.00206872 0.0066766033 0.0 13 14.370416927 2.1886491158 0 0 0 1 10 2 0 0 0 6 
428 2 19.665 15.162 0.955268 0.00130033 -0.00430452 7.10548e-04 0.0045524311 0.0 15 17.540017632 2.1597542799 0 0 2 2 5 4 1 1 0 8 
607 2 24.1597 14.189 -0.00618946 3.2695e-04 0.00215153 0.00152869 0.0026594869 0.0 12 16.1840834898 2.254749952 0 0 0 2 8 2 0 0 0 6 
360 2 22.0884 13.3327 1.44608 -0.00320848 -9.62824e-04 -0.00131025 0.0035969611 0.0 14 15.2153951808 2.254749952 0 0 0 4 4 6 0 0 0 6 
277 2 22.3677 15.221 4.21734 0.00127841 -0.00112789 0.00274381 0.0032303191 0.0 14 16.8792932161 2.1994820836 0 0 0 2 8 4 0 0 0 6 
603 1 18.9232 9.72072 2.88983 0.00110502 -0.00262229 -7.27232e-04 0.0029370632 0.0 13 20.1134237303 2.1930801694 0 0 0 3 6 4 0 0 0 6 
567 2 26.6422 14.2782 0.430414 -0.0035934 -0.0011152 -0.00252918 0.0045335357 0.0 13 17.1184114018 2.2110806535 0 0 0 1 10 2 0 0 0 6 
390 2 6.30856 25.7719 4.14365 5.00782e-04 3.9314e-04 -6.33919e-04 8.9844029834e-04 0.0 13 12.8776010235 1.9330828562 0 0 0 3 6 4 0 0 0 6 
230 2 1.42521 23.2601 6.83123 -0.001012 -8.49166e-04 0.00136479 0.0018994417 0.0 13 15.3794077487 2.0559750051 0 0 0 2 8 3 0 0 0 6 
9 2 5.09332 23.7308 4.5038 0.00121703 -0.00330484 0.00354835 0.0049993917 0.0 16 12.7758367062 1.838415128 0 0 2 4 2 5 2 1 0 8 
689 2 5.47884 25.8561 6.19474 9.87547e-04 0.00191487 -1.22987e-04 0.002158032 0.0 14 12.1321646218 1.8585911558 0 0 1 3 4 5 1 0 0 7 
257 2 6.92746 22.7826 3.0438 0.00172953 -0.00422537 0.00141943 0.0047811931 0.0 15 12.037006103 1.9330828562 0 0 1 5 1 7 0 1 0 8 
744 2 7.29581 19.4461 3.70868 -0.00352342 -7.70448e-04 -0.0036907 0.0051603629 0.0 16 15.9531674795 2.35460642 0 0 2 6 0 3 4 1 0 8 
516 2 6.95183 24.8919 7.75439 -0.0010187 0.00205697 2.59354e-04 0.0023100086 0.0 14 13.4165321171 1.841134153 0 0 0 2 8 4 0 0 0 6 
249 2 3.53556 24.8389 7.1264 -1.87316e-04 -0.00109094 -0.00217611 0.0024414529 0.0 15 13.6618107426 1.8730178674 0 0 1 4 4 3 3 0 0 7 
269 2 5.53038 20.9414 2.73845 -0.00189293 0.00248038 0.00223476 0.0038379189 0.0 15 13.283404282 1.9589544725 0 0 3 2 3 4 2 1 0 8 
494 2 3.32645 21.8665 3.67223 0.00165738 0.0012368 0.0050776 0.0054825728 0.0 14 12.4538183527 1.8678690975 0 0 2 3 4 2 2 1 0 8 
616 2 1.22787 25.3858 3.00418 -0.0014846 -8.24459e-04 -7.85934e-04 0.0018712194 0.0 16 15.9423880262 2.2041595713 0 0 0 4 6 4 2 0 0 7 
786 2 1.53288 19.9336 4.43406 -0.00627244 3.26605e-05 -9.82858e-04 0.0063490614 0.0 14 17.3760447598 2.2077738928 0 0 0 2 8 4 0 0 0 6 
175 2 2.31134 23.2981 2.37294 4.17313e-04 -8.8101e-04 0.0011596 0.001514926 0.0 13 11.4417434063 1.8433065875 0 0 3 1 3 5 0 1 0 8 
418 2 8.85811 19.0095 1.1754 -0.00158303 -1.7232e-04 -0.00392758 0.0042381084 0.0 15 19.0267924451 2.3250084936 0 0 3 2 3 4 2 1 0 8 
776 2 0.393939 18.7208 2.08445 -3.53073e-04 -6.38453e-04 0.00240795 0.0025160497 0.0 16 17.5623029098 2.3247591362 0 0 2 0 8 5 0 1 0 8 
202 2 8.30545 23.5198 1.15668 -0.00288947 0.0029026 -6.60994e-04 0.0041486187 0.0 14 15.4984325121 2.2528191466 0 0 1 3 4 5 1 0 0 7 
659 2 7.25777 21.8392 6.96865 -4.19869e-04 -4.68274e-04 0.00238804 0.0024694748 0.0 13 15.3306745127 2.1487431945 0 0 2 2 4 4 0 1 0 8 
740 2 8.29767 21.4486 4.69676 -0.00230068 0.00673589 -4.54727e-04 0.0071324694 0.0 15 13.2601731317 2.1971349776 0 0 2 1 5 6 1 0 0 7 
24 1 26.6149 18.2812 8.98062 0.0013858 -0.0027074 0.00487316 0.0057444012 0.0 14 20.8994959265 2.1014457857 0 0 0 0 12 2 0 0 0 6 
661 2 3.0638 24.3284 0.424492 -0.00127066 -0.002501 -0.00258983 0.0038179572 0.0 12 11.4764202344 1.8721320031 0 0 0 2 8 2 0 0 0 6 
517 2 2.81158 21.7709 0.483156 -0.0028261 -4.13735e-04 0.00317247 0.0042687918 0.0 15 12.6227396142 1.8466657542 0 0 3 0 7 2 2 1 0 8 
214 2 7.59514 23.9555 5.44137 0.00156224 0.00173407 0.00109364 0.0025775261 0.0 15 13.6903485415 1.9328766242 0 0 0 2 9 3 1 0 0 7 
471 2 2.79951 24.0959 4.85225 -0.00445285 5.67651e-04 -0.00376013 0.0058556535 0.0 15 13.4662135117 1.9115523833 0 0 1 4 4 4 1 1 0 8 
489 2 0.819434 22.5471 4.37088 7.15074e-04 -5.94014e-04 2.45352e-04 9.6144737847e-04 0.0 14 16.4422342244 2.1875670712 0 0 0 3 6 5 0 0 0 6 
79 2 6.65402 22.245 9.36726 -5.56393e-04 0.00591403 0.00363519 0.0069641891 0.0 14 18.1047482835 2.1715024888 0 0 0 3 6 5 0 0 0 6 
669 2 4.84586 22.8152 6.9738 -0.00188188 -0.00325009 0.00241457 0.0044648299 0.0 14 13.3545775918 1.8612506954 0 0 0 4 5 4 1 0 0 7 
401 2 4.92086 23.0495 1.92667 -6.27625e-04 0.00216493 0.00205847 0.0030525618 0.0 15 12.991394367 1.8466657542 0 0 3 2 4 3 1 2 0 8 
513 2 8.65318 21.1774 2.4231 -5.93981e-04 4.61176e-04 -0.00340134 0.0034834768 0.0 12 13.2901091843 2.0142011328 0 0 1 2 5 4 0 0 0 6 
148 2 3.41697 0.835943 6.78207 7.21662e-06 -3.0638e-04 0.00138705 0.0014205029 0.0 12 13.8751431521 2.0835126176 0 0 1 2 5 4 0 0 0 6 
119 2 2.51046 17.9169 3.32212 -0.00187887 6.2063e-04 0.00400133 0.0044638521 0.0 12 14.7730567273 2.0569739895 0 0 0 0 12 0 0 0 0 5 
459 2 8.83096 25.9693 3.97709 -0.00356883 0.0046295 -0.00236621 0.006306169 0.0 14 12.8926884107 1.9785385667 0 0 2 2 4 5 0 1 0 8 
987 2 0.274256 23.1592 1.17287 -0.00155914 -3.81524e-04 -3.60454e-04 0.0016451156 0.0 13 16.4180591182 2.2041595713 0 0 0 2 8 3 0 0 0 6 
476 2 6.83567 20.3333 0.79217 5.95438e-04 -1.75649e-04 -3.35931e-04 7.0586728201e-04 0.0 13 16.4676385013 2.2462779604 0 0 1 4 1 7 0 0 0 6 
76 2 3.30908 22.3063 8.51969 -0.0010972 9.70513e-04 5.25877e-04 0.0015563708 0.0 14 16.535763426 2.0524673986 0 0 1 4 3 4 2 0 0 7 
808 2 1.16308 25.8922 6.96059 -0.00258204 -0.00245527 -0.0040318 0.0053805848 0.0 16 14.4321767255 1.9115523833 0 0 0 3 7 5 1 0 0 7 
350 1 2.31812 17.6995 6.28366 -0.00305365 -2.82336e-04 -3.55991e-04 0.0030872676 0.0 16 21.5142067187 2.1165133259 0 0 0 1 10 5 0 0 0 6 
243 1 1.0277 20.4109 7.5259 0.00244848 -0.00138047 0.00275553 0.0039362034 0.0 14 21.2944302589 2.2018675084 0 0 1 2 6 4 1 0 0 7 
190 2 6.90918 18.8384 5.75708 0.00168528 -0.00100193 -0.00135381 0.0023826107 0.0 17 20.6609788592 2.4325073056 0 0 4 2 2 4 4 1 0 8 
278 2 8.7297 25.9267 6.45995 -0.00293704 -3.44818e-04 0.00166126 0.0033918856 0.0 15 13.8979849016 2.2795910634 0 0 2 3 5 1 3 1 0 8 
111 2 5.83898 21.492 4.99362 -0.00269714 5.69833e-04 -0.00525434 0.0059335792 0.0 13 12.203493307 1.7999681842 0 0 0 3 6 4 0 0 0 6 
313 2 3.7153 21.1331 5.96332 -0.00175232 -1.93255e-04 0.00186356 0.0025653126 0.0 14 14.3001133017 2.1165133259 0 0 1 2 7 2 2 0 0 7 
999 2 4.44016 19.343 4.73018 -0.00144134 -0.00148272 -0.00293273 0.0035884293 0.0 14 16.6844703189 2.10563245 0 0 0 2 8 4 0 0 0 6 
600 2 0.717085 21.1448 2.50313 4.55979e-04 -5.71812e-04 -0.00439393 0.0044543806 0.0 13 14.5819149226 2.1056033273 0 0 0 3 6 4 0 0 0 6 
196 2 4.07427 25.0785 2.47311 5.33639e-04 -0.00346062 -0.00188479 0.0039765682 0.0 14 12.2744891508 1.77364118 0 0 1 3 4 5 1 0 0 7 
487 2 6.83609 25.0986 1.89148 2.80018e-04 0.00191996 0.00612007 0.0064202736 0.0 15 13.3829178044 1.9330828562 0 0 0 3 6 6 0 0 0 6 
630 2 2.92725 20.0886 2.16552 9.36959e-04 0.0021738 0.00317078 0.003956911 0.0 14 12.9090912537 1.9589544725 0 0 2 0 8 2 2 0 0 7 
442 2 5.00049 20.3271 7.58367 0.00127428 0.00203204 -0.00164665 0.0029093697 0.0 15 17.8572064418 2.1125274427 0 0 2 2 5 3 3 0 0 7 
886 2 16.2724 17.4351 1.8367 0.00252532 7.37616e-04 -6.77403e-04 0.0027166511 0.0 15 12.6030607206 2.0126733517 0 0 2 3 2 7 0 1 0 8 
811 2 14.5085 19.256 1.12261 -8.24645e-04 3.37937e-04 -9.26332e-04 0.0012854306 0.0 13 15.9566559594 2.1705686978 0 0 0 3 7 2 1 0 0 7 
539 2 10.4662 19.4979 2.77646 -0.00197047 -0.00186186 0.00450968 0.0052617952 0.0 15 15.5897777463 2.2297375553 0 0 2 3 5 2 1 2 0 8 
760 2 11.0659 17.9948 6.83166 0.00239313 9.14686e-04 2.67874e-04 0.0025759422 0.0 12 18.0971621984 2.1550378159 0 0 1 3 4 3 1 0 0 7 
10 2 12.7882 20.1253 2.42761 -7.68894e-04 0.0038985 -7.81962e-04 0.0040498105 0.0 14 15.3982004886 2.1338597674 0 0 0 3 6 5 0 0 0 6 
961 1 13.336 22.9687 2.11931 0.00331224 0.00113742 0.00408272 0.0053789646 0.0 15 23.1463653444 2.2887047225 0 0 1 2 6 5 1 0 0 7 
162 2 12.4452 19.7811 4.90259 0.00258615 -5.54077e-04 0.00233365 0.0035271937 0.0 14 15.9205321517 2.3503396695 0 0 1 4 3 5 0 1 0 8 
514 2 11.9461 17.5376 4.40014 0.00195719 0.00287321 0.00488701 0.005997399 0.0 14 16.2705994375 2.1594412483 0 0 0 2 8 4 0 0 0 6 
865 2 14.7612 20.726 3.89288 -1.77534e-04 -0.00214443 -2.55627e-04 0.0021668972 0.0 13 17.0384475123 2.3503396695 0 0 0 4 4 5 0 0 0 6 
664 1 15.4542 25.2678 1.74298 0.00301283 2.30759e-04 -8.88344e-05 0.0030229598 0.0 14 22.0692833508 2.2115233677 0 0 0 4 4 6 0 0 0 6 
19 1 18.1747 24.9543 2.65667 0.00173096 0.00121426 0.00186603 0.0028200564 0.0 15 22.5251729991 2.2347713813 0 0 1 2 7 3 2 0 0 7 
52 1 18.2622 23.124 9.12504 0.00283027 -6.11819e-04 -1.99215e-04 0.0029024881 0.0 14 22.8164114058 2.2399809535 0 0 1 1 7 5 0 0 0 6 
60 1 13.2382 23.3785 5.09093 0.00249017 -0.00165928 6.07174e-04 0.0030533288 0.0 18 23.3986774864 2.3503396695 0 0 2 4 2 6 4 0 0 7 
135 1 14.121 20.3877 8.1414 0.00131793 -6.75334e-04 0.00265842 0.0030430597 0.0 17 22.3011063075 2.3742834198 0 0 1 4 4 5 3 0 0 7 
712 2 16.9143 19.5897 3.25494 0.00164684 -0.00134457 0.00213981 0.0030164113 0.0 13 15.8705231716 2.2172080114 0 0 0 4 4 5 0 0 0 6 
125 1 10.8185 21.7654 0.422909 -0.00128909 2.6199e-04 6.29779e-04 0.0014584284 0.0 17 21.5732607856 2.2887047225 0 0 0 4 5 7 1 0 0 7 
315 1 15.8364 23.38 3.99336 0.00324541 -9.92584e-04 -9.29584e-04 0.0035188117 0.0 16 23.1531294896 2.2347713813 0 0 1 4 3 6 2 0 0 7 
324 2 10.6711 21.5539 3.9105 0.00245405 2.7403e-04 -8.01768e-05 0.0024706036 0.0 14 16.3773894794 2.2337414085 0 0 1 3 4 5 1 0 0 7 
483 2 16.008 21.1848 1.6522 -0.00278077 8.9881e-04 -0.00108404 0.0031169992 0.0 17 21.3309054816 2.320210207 0 0 1 5 3 4 4 0 0 7 
454 1 15.6967 22.693 7.25539 -0.00288509 -0.00199977 -4.44566e-04 0.0035384267 0.0 14 23.9955915867 2.3454987131 0 0 1 1 8 3 1 0 0 7 
791 2 18.4834 18.8582 1.25647 0.00265655 -0.00104202 -8.83703e-04 0.0029873056 0.0 15 19.2669352523 2.320210207 0 0 0 4 4 7 0 0 0 6 
467 2 15.6095 19.3049 5.7491 6.62799e-04 0.00177032 -0.0033368 0.0038350449 0.0 13 18.2577344357 2.2555096114 0 0 0 3 6 4 0 0 0 6 
340 1 14.7571 24.1445 25.8977 -9.654e-04 5.91507e-04 -9.00063e-04 0.0014463717 0.0 14 21.4467768598 2.2093580478 0 0 0 1 10 3 0 0 0 6 
647 2 10.945 25.122 2.10745 0.00232781 0.00385284 0.00103745 0.0046194565 0.0 14 16.5137281192 2.2713074492 0 0 1 3 4 5 1 0 0 7 
660 2 12.5397 25.932 0.375678 -0.00107471 -8.90402e-04 -9.83581e-04 0.00170741 0.0 14 18.2724784231 2.2887047225 0 0 0 4 4 6 0 0 0 6 
50 1 13.245 26.0093 3.60483 9.88714e-04 -7.6394e-04 0.00277572 0.0030439746 0.0 15 21.4555180817 2.1366546928 0 0 0 3 6 6 0 0 0 6 
183 2 10.8162 20.5519 6.31004 -0.00181321 0.0028982 0.00339517 0.00481814 0.0 16 17.4517236383 2.1971349776 0 0 5 2 1 3 3 1 1 9 
725 2 9.29348 23.4856 3.44124 0.00189152 -3.65429e-04 -8.24998e-04 0.0020957118 0.0 13 13.6822280769 2.1905615302 0 0 0 4 4 5 0 0 0 6 
746 1 17.4165 25.358 6.60242 4.27541e-04 0.00328565 -0.0014788 0.0036283793 0.0 14 24.5315350929 2.2488507543 0 0 0 2 8 4 0 0 0 6 
702 1 17.1616 20.4159 8.21833 0.00530962 -4.59129e-04 4.57766e-04 0.0053490573 0.0 14 21.7885300508 2.1449674965 0 0 0 3 6 5 0 0 0 6 
250 2 10.6151 24.8372 4.95415 -0.00151136 0.00287017 0.00151365 0.003579556 0.0 14 15.5668761091 2.2337414085 0 0 1 3 5 3 2 0 0 7 
827 1 8.84722 19.7484 8.48259 4.84545e-04 -0.00371384 -0.00378363 0.0053238377 0.0 18 22.8607167393 2.1971349776 0 0 3 4 2 5 2 1 1 9 
893 2 9.7726 22.8701 6.12117 0.00277842 -9.79675e-04 0.00115226 0.0031633975 0.0 13 14.1922944547 2.0724735024 0 0 1 3 5 2 2 0 0 7 
143 2 9.36614 18.3671 4.88481 0.00230925 -0.00110912 8.02408e-04 0.0026845188 0.0 15 18.8946716318 2.3066212817 0 0 2 4 2 4 2 1 0 8 
771 2 11.0964 24.4858 7.82791 -0.00267454 -5.54391e-05 9.23968e-04 0.0028301863 0.0 12 14.5271709862 2.0639863585 0 0 0 0 12 0 0 0 0 5 
882 1 14.1407 25.5826 6.68103 0.0012502 -9.48191e-04 -4.44276e-04 0.0016307812 0.0 14 22.1939404965 2.1968878815 0 0 0 3 7 3 1 0 0 7 
609 1 17.7928 21.4767 5.64283 0.0026139 -0.00155918 0.00111877 0.003242709 0.0 14 22.5448366526 2.2399809535 0 0 0 3 6 5 0 0 0 6 
724 2 8.87458 23.346 8.32014 0.00174927 7.16218e-04 -0.00360867 0.0040737468 0.0 14 15.9599631101 2.1315940144 0 0 1 1 8 3 1 0 0 7 
688 2 11.8625 22.2361 7.92608 -0.00125937 -3.43047e-04 -2.27425e-05 0.0013054544 0.0 14 20.0197144985 2.3742834198 0 0 2 2 5 2 3 0 0 7 
770 1 15.7952 26.4326 4.52242 -0.00130636 -0.00185766 0.00253597 0.0034042064 0.0 14 20.3267545725 2.1809810135 0 0 1 1 7 5 0 0 0 6 
794 1 17.5354 23.4745 0.0650676 0.00164477 6.92506e-04 -0.00493383 0.0052466667 0.0 14 22.7871659883 2.26426956 0 0 1 2 7 2 2 0 0 7 
384 1 23.5287 18.5126 1.66287 0.00272308 0.00259749 0.00334498 0.0050349787 0.0 15 21.7842588734 2.3546831008 0 0 1 2 6 5 1 0 0 7 
624 1 22.8797 20.4276 6.30985 -0.00356328 -1.82667e-04 -2.25821e-04 0.0035750981 0.0 15 21.3037207167 2.2443327214 0 0 2 4 1 6 1 1 0 8 
828 1 21.1078 19.7611 2.27765 0.00326278 1.69032e-04 -7.80606e-04 0.0033591146 0.0 12 21.0172173944 2.2612886576 0 0 0 2 8 2 0 0 0 6 
207 1 20.5673 20.9095 5.19777 0.00492192 -7.18104e-04 5.8276e-04 0.0050080514 0.0 13 21.2506910758 2.2612886576 0 0 1 2 6 3 1 0 0 7 
976 1 20.0087 21.6646 26.5609 2.34369e-04 3.19588e-04 -0.00158872 0.0016374054 0.0 14 22.1081522849 2.320210207 0 0 0 3 6 5 0 0 0 6 
837 1 22.3046 22.1797 2.39395 -0.00534992 -0.00390349 9.76364e-04 0.0066941889 0.0 16 22.665043566 2.258135766 0 0 1 2 6 6 1 0 0 7 
846 1 20.4651 24.3653 0.640199 0.00538268 0.00142944 -0.00115892 0.0056885533 0.0 13 20.8283021094 2.159995161 0 0 0 1 10 2 0 0 0 6 
271 1 24.662 23.7453 3.50015 0.00469846 4.65006e-04 0.00198671 0.0051223797 0.0 15 23.0600900069 2.2041595713 0 0 0 2 8 5 0 0 0 6 
396 1 22.8574 18.2407 4.55818 0.00130196 1.06606e-04 -0.00517262 0.0053350222 0.0 15 22.5286655311 2.3305561044 0 0 0 3 7 4 1 0 0 7 
395 2 24.4423 25.3592 6.57046 0.00138009 0.00158549 -0.00218022 0.0030284957 0.0 14 17.0184619006 2.0628069395 0 0 0 4 5 4 1 0 0 7 
920 1 23.8857 18.9175 8.63591 0.00375055 0.00159789 0.00461136 0.0061550401 0.0 15 21.582387512 2.2407215289 0 0 2 1 7 3 1 1 0 8 
505 1 25.2971 26.788 3.10272 -0.00136744 6.56806e-04 -0.00253677 0.0029557551 0.0 16 22.1389413888 2.202095645 0 0 3 3 2 5 2 0 1 9 
41 1 22.4324 23.1571 5.40532 -0.00228364 0.00212055 -0.00166679 0.0035341099 0.0 13 20.8512658302 2.1793566663 0 0 0 3 6 4 0 0 0 6 
368 1 24.7888 21.168 0.926983 -0.00143569 2.23487e-04 -0.00165104 0.0021993375 0.0 15 22.8620640236 2.1791002199 0 0 0 1 10 4 0 0 0 6 
123 1 23.0824 23.0128 8.22669 -0.00186504 -0.00142172 0.00403043 0.0046630492 0.0 16 22.0772852202 2.2692325857 0 0 1 1 8 5 1 0 0 7 
713 1 25.1572 22.1241 6.37666 -0.00254744 -8.94348e-04 8.50068e-04 0.0028305343 0.0 15 21.4270025047 2.2077738928 0 0 1 1 8 4 1 0 0 7 
72 1 25.6816 18.6461 5.84562 -0.00203014 -0.00110595 0.00599059 0.0064211963 0.0 15 23.5851537194 2.3374659896 0 0 1 2 6 5 1 0 0 7 
982 1 20.2879 21.6674 7.9079 -7.04951e-04 -3.83414e-04 2.7962e-04 8.4979382923e-04 0.0 14 22.1951082524 2.1820603379 0 0 0 1 10 3 0 0 0 6 
400 1 24.6684 20.5947 3.89196 2.51366e-04 -0.00150892 -0.00429094 0.0045554572 0.0 17 23.1513926671 2.3546831008 0 0 0 6 3 5 3 0 0 7 
30 1 19.5609 23.6627 5.13747 -0.00280109 -8.24159e-04 0.00413989 0.0050659681 0.0 13 21.3279560372 2.2399809535 0 0 0 4 4 5 0 0 0 6 
354 2 18.9221 18.352 3.65564 -0.00237858 8.37716e-04 -0.00240247 0.0034829977 0.0 14 17.8903103266 2.2306750409 0 0 0 3 7 3 1 0 0 7 
683 1 25.6883 21.2191 9.07415 0.00293143 -0.00405087 0.00250229 0.0055914475 0.0 16 21.2320842256 2.1857604499 0 0 1 3 5 5 2 0 0 7 
965 1 19.2389 22.2634 2.61079 -0.00381733 -0.0053003 0.00139455 0.0066790687 0.0 15 23.5876010993 2.2654395063 0 0 0 2 8 5 0 0 0 6 
339 1 19.488 26.6708 4.61983 -0.00307352 5.82078e-04 -0.00386502 0.0049722952 0.0 14 20.9458493482 2.2033317026 0 0 2 4 2 3 2 1 0 8 
617 1 20.7658 24.8204 7.3903 3.80117e-05 -0.00153047 4.81804e-04 0.0016049668 0.0 17 24.1390552199 2.2400828449 0 0 1 2 7 5 2 0 0 7 
866 2 25.9964 24.3482 8.19043 0.0016496 0.00117879 0.00205785 0.0028888532 0.0 13 15.4730946967 2.0183435877 0 0 0 2 8 3 0 0 0 6 
781 1 21.6427 25.1863 3.16227 -0.00171667 -7.98669e-04 -7.63967e-04 0.002041684 0.0 15 22.4356555289 2.2033317026 0 0 0 4 5 5 1 0 0 7 
666 1 19.9429 0.555268 1.34888 -2.22559e-04 -8.78446e-04 0.00390236 0.0040061969 0.0 15 22.5608848372 2.2447159608 0 0 3 2 5 2 0 3 0 8 
943 2 0.306631 24.847 5.05913 -0.00240955 -1.16091e-04 -0.00445317 0.0050645959 0.0 12 15.2161850221 2.0628069395 0 0 0 2 8 2 0 0 0 6 
944 1 3.86375 8.51117 16.2428 1.03323e-04 -0.00228874 -0.00417286 0.0047604377 0.0 14 21.345979617 2.1982212489 0 0 0 2 8 4 0 0 0 6 
831 1 7.73805 5.45058 18.2662 -7.82686e-04 0.0029466 4.69411e-04 0.0030847035 0.0 14 22.9880317766 2.2908902523 0 0 0 3 7 3 1 0 0 7 
95 1 6.62906 3.11456 10.1407 -9.45614e-05 -0.00185129 0.00238018 0.0030168648 0.0 13 20.5798979414 2.2773028821 0 0 0 4 4 5 0 0 0 6 
667 1 5.29589 8.63147 9.81402 -0.00166635 -6.24297e-04 0.0024609 0.0030368566 0.0 14 22.6465970652 2.1912489147 0 0 0 4 5 4 1 0 0 7 
762 1 2.25324 2.51305 12.8971 0.00182801 -1.22142e-04 -0.00295717 0.0034787057 0.0 13 20.3155793243 2.2127656149 0 0 1 3 4 4 1 0 0 7 
446 1 7.15572 1.188 12.4586 -0.00147832 -0.0026529 -3.23633e-04 0.0030541851 0.0 14 22.3053768232 2.2803160337 0 0 1 2 7 2 2 0 0 7 
690 1 0.732701 6.49962 10.3312 0.00196654 8.55874e-04 0.00125073 0.0024827657 0.0 14 21.361017637 2.283509916 0 0 0 2 8 4 0 0 0 6 
569 2 7.88441 1.10465 16.1317 -9.11541e-04 -0.00152776 -0.0011867 0.0021385075 0.0 15 23.2371283705 2.2725202534 0 0 1 3 5 4 2 0 0 7 
282 1 -0.0395129 0.352859 17.5553 -0.00162332 -0.0012496 0.00178013 0.0027139511 0.0 14 21.4161313573 2.1730659106 0 0 1 4 3 4 2 0 0 7 
867 1 4.5574 5.13477 17.8894 -0.00113807 -0.00256812 -0.00424578 0.0050908832 0.0 14 22.1340780792 2.4206536269 0 0 0 2 8 4 0 0 0 6 
695 2 6.89232 -0.0100242 9.74096 -1.05687e-04 -0.00140592 -0.00229906 0.0026969349 0.0 13 15.9964027663 2.1594179869 0 0 0 3 6 4 0 0 0 6 
473 2 2.48871 0.909794 8.939 0.00265291 9.53553e-04 7.42045e-05 0.0028200534 0.0 13 15.424042935 2.0819464006 0 0 0 4 4 5 0 0 0 6 
779 1 2.46738 3.98117 9.96409 -0.00252259 0.00130596 0.00134355 0.003142311 0.0 14 23.1592721882 2.2127656149 0 0 0 4 5 4 1 0 0 7 
8 1 2.54342 8.72994 10.2064 1.40976e-04 0.00277212 -0.0012301 0.0030360615 0.0 14 20.5888057511 2.283509916 0 0 1 2 6 4 1 0 0 7 
275 1 6.41461 7.79097 17.3269 4.03642e-04 -6.23389e-04 -0.00228776 0.002405283 0.0 15 22.9841655584 2.3722537231 0 0 1 1 7 6 0 0 0 6 
226 1 3.69727 5.70803 12.6711 0.0021671 -0.00446498 -2.41063e-04 0.0049689516 0.0 14 21.2901169545 2.283509916 0 0 0 3 7 3 1 0 0 7 
7 1 6.52309 3.88865 16.0945 -0.00132215 -0.00369059 0.00185313 0.0043361995 0.0 15 22.0094989545 2.2727170193 0 0 0 3 6 6 0 0 0 6 
711 1 1.89194 1.05019 15.476 -0.00148654 -0.00347433 0.00178243 0.0041782564 0.0 15 22.0529693836 2.2202678337 0 0 0 3 6 6 0 0 0 6 
420 1 5.82363 3.88518 13.0385 -0.00289393 -8.4755e-04 -0.00268084 0.0040348575 0.0 14 22.0685495293 2.2589221388 0 0 0 2 8 4 0 0 0 6 
223 1 7.94358 5.92089 9.08073 6.19708e-04 0.00101248 0.00220772 0.0025066275 0.0 16 22.6794173858 2.2744056691 0 0 1 5 3 5 0 2 0 8 
294 1 8.37282 6.32802 14.9552 -0.00268815 -0.00251472 0.00413109 0.0055331611 0.0 15 23.3813437984 2.1636098456 0 0 0 2 8 5 0 0 0 6 
319 1 6.67073 7.35452 12.4166 -1.0921e-04 0.00128355 -0.0011854 0.0017506001 0.0 14 24.2908844249 2.2745338878 0 0 0 2 8 4 0 0 0 6 
614 1 4.93761 5.45792 10.1544 -0.00304182 0.00130288 0.00233058 0.0040474397 0.0 16 22.3957949816 2.283509916 0 0 0 4 5 6 1 0 0 7 
479 1 4.2967 1.83174 11.1974 -5.21158e-04 4.5314e-04 0.00228845 0.0023903859 0.0 16 22.2488840071 2.1619502671 0 0 0 4 4 8 0 0 0 6 
813 1 2.24804 6.41563 15.1995 0.0018528 -0.00154107 7.39455e-04 0.0025208249 0.0 14 20.5063887627 2.1508566171 0 0 0 2 8 4 0 0 0 6 
589 1 5.35755 6.44173 14.998 -0.00166301 -3.94457e-05 -0.00104747 0.0019657954 0.0 12 21.0000714666 2.1982212489 0 0 0 0 12 0 0 0 0 5 
165 1 4.11172 8.48831 12.7692 3.9951e-04 5.70873e-04 -0.00486309 0.0049127537 0.0 16 21.2553944234 2.2016832121 0 0 1 2 7 4 2 0 0 7 
519 1 0.746435 3.91087 15.8816 0.00164891 0.00259902 -4.2025e-04 0.0031065124 0.0 15 22.121874135 2.2202678337 0 0 1 2 5 7 0 0 0 6 
910 1 1.33407 7.75925 12.8051 -0.00199941 2.07939e-04 -0.00147932 0.0024958499 0.0 13 19.3913288853 2.1417748539 0 0 0 1 10 2 0 0 0 6 
208 1 7.42155 9.22499 14.7958 -0.00388705 9.80969e-04 6.14258e-04 0.0040557084 0.0 16 21.9984815422 2.2745338878 0 0 0 2 8 6 0 0 0 6 
675 1 0.799188 4.98213 12.8587 0.00309204 0.0011739 -0.00255893 0.0041817311 0.0 14 20.347217396 2.2127656149 0 0 1 2 7 2 2 0 0 7 
583 1 0.650581 8.5589 16.8993 0.00101381 0.00200912 -0.00200592 0.0030146457 0.0 17 23.0979920373 2.2727439912 0 0 1 2 7 5 2 0 0 7 
823 1 3.72453 3.62308 15.0259 -0.00113474 0.00123919 0.00214614 0.0027256455 0.0 13 20.6406064651 2.248268969 0 0 0 3 6 4 0 0 0 6 
252 1 4.87269 1.07748 14.5173 -2.11963e-04 -8.63024e-04 -0.0015522 0.0017885926 0.0 14 22.3493132931 2.2648653127 0 0 0 1 10 3 0 0 0 6 
964 2 17.3721 5.64746 17.8488 -0.0029457 -0.00127366 -0.00212606 0.003849609 0.0 16 12.627852083 1.9075362455 0 0 1 1 9 3 2 0 0 7 
991 1 11.3116 2.39759 15.6206 -0.00557496 -0.0061299 0.0032183 0.008888943 0.0 16 21.65223973 2.2353843467 0 0 1 3 7 2 2 1 0 8 
790 2 12.99 9.09529 14.7393 -0.00132242 -0.00177989 1.42286e-04 0.002221947 0.0 15 12.8127670883 2.0064966988 0 0 2 3 3 5 1 1 0 8 
949 2 16.4228 9.294 16.0788 8.91637e-04 7.63956e-04 -0.00117424 0.0016605676 0.0 15 13.591647816 1.9662502882 0 0 2 4 2 4 2 1 0 8 
888 2 13.6027 4.54932 14.7743 3.64115e-04 -0.00162883 -5.96241e-04 0.0017723347 0.0 14 14.6931944507 2.0879551941 0 0 0 2 8 4 0 0 0 6 
22 2 13.5945 4.21791 10.9109 -5.12681e-04 -0.00176797 9.41732e-04 0.0020677086 0.0 13 14.6584177519 2.173071839 0 0 0 1 10 2 0 0 0 6 
425 2 12.1046 26.1463 9.4136 -7.64029e-04 -0.00186863 3.60299e-04 0.002050691 0.0 12 17.6747047703 2.1317622607 0 0 0 0 12 0 0 0 0 5 
160 2 11.3599 1.32679 12.6266 8.65398e-04 -0.00270161 -0.00214543 0.0035567514 0.0 13 14.334614628 2.1638723598 0 0 2 2 4 3 2 0 0 7 
391 2 12.2729 6.63571 13.7917 -6.91514e-04 -1.25612e-04 9.31477e-04 0.0011668845 0.0 14 13.7881883982 2.1522084878 0 0 0 1 10 3 0 0 0 6 
201 2 14.3047 8.39842 12.6041 5.60779e-04 -0.00215402 -0.00223828 0.0031566078 0.0 14 12.6418697832 1.7974746287 0 0 0 0 12 2 0 0 0 6 
979 2 13.9209 5.7996 17.136 0.00317728 -0.00368867 0.00186363 0.0052129177 0.0 14 14.4788383409 2.0879551941 0 0 1 1 8 3 1 0 0 7 
32 2 10.0426 0.924862 10.8205 -0.00312227 0.00395739 0.00447241 0.0067388394 0.0 16 16.3773296652 2.2803160337 0 0 1 3 6 3 3 0 0 7 
521 1 10.423 4.77148 16.2801 -0.00466339 0.00165194 -7.86118e-04 0.0050094005 0.0 17 22.733009009 2.2908902523 0 0 1 3 5 6 2 0 0 7 
528 2 16.5419 7.67077 13.4587 -0.00488274 4.35713e-04 -3.12326e-04 0.0049120814 0.0 13 11.9855784525 1.8333917934 0 0 0 2 8 3 0 0 0 6 
788 2 12.0854 8.67728 10.4412 -0.00133827 0.00239403 -0.00110167 0.0029556764 0.0 14 13.9220519893 2.2898897129 0 0 1 3 3 7 0 0 0 6 
819 2 14.4892 7.07959 14.76 3.23653e-04 -0.00443875 -0.0019496 0.0048588263 0.0 16 13.3997874571 1.9662502882 0 0 1 1 9 3 2 0 0 7 
884 2 10.4066 8.7168 14.5236 -0.00147787 7.47956e-04 5.16247e-04 0.0017349492 0.0 12 15.8456991791 2.2268160904 0 0 1 4 2 4 1 0 0 7 
546 2 16.0592 7.87655 10.843 -8.57677e-05 -4.78054e-04 -0.00159921 0.0016713361 0.0 13 15.0284714988 2.1580241613 0 0 0 1 10 2 0 0 0 6 
247 2 14.1276 5.99164 12.5796 -0.00458166 -0.00597256 -0.00104618 0.0075998404 0.0 15 12.018354735 1.8338194448 0 0 0 1 10 4 0 0 0 6 
337 2 8.28275 8.83735 9.708 8.5101e-04 0.00133698 -0.0019984 0.002550556 0.0 15 19.7397856313 2.31154815 0 0 5 2 1 2 2 3 0 8 
16 2 15.7787 4.86612 16.1057 0.00204984 -0.00170783 0.00129769 0.0029669052 0.0 13 12.1319207533 1.9785505719 0 0 0 3 6 4 0 0 0 6 
329 2 16.3553 1.71134 12.9715 -2.34242e-04 -0.00424137 -0.00149477 0.0045031574 0.0 14 15.9359209088 2.0583877854 0 0 2 3 3 3 3 0 0 7 
620 2 13.1914 2.95732 13.1805 0.0044109 -1.89766e-04 -0.00105266 0.004538738 0.0 13 12.7739013231 1.9284630693 0 0 1 3 4 4 1 0 0 7 
995 2 14.3149 0.436442 12.6465 -6.53477e-04 0.00249522 -0.00415444 0.0048900436 0.0 15 15.2090593156 2.121100188 0 0 1 6 1 3 4 0 0 7 
990 2 11.3597 4.47625 13.0685 -0.00162139 0.00235608 6.31197e-04 0.0029288954 0.0 14 17.0854883329 2.1580815774 0 0 0 3 6 5 0 0 0 6 
87 2 14.0765 3.26518 17.1684 0.00119464 0.00245581 0.00150752 0.0031194205 0.0 12 14.7762364076 2.1204676985 0 0 0 2 8 2 0 0 0 6 
674 2 11.1135 3.17762 11.0865 -0.00109496 -0.00152609 0.00213299 0.0028421004 0.0 12 16.8938885748 2.2518003617 0 0 0 4 4 4 0 0 0 6 
541 1 8.42401 4.81621 11.5946 0.00139229 -6.53822e-04 -0.00116917 0.0019320748 0.0 15 22.6019348048 2.2803160337 0 0 0 3 6 6 0 0 0 6 
21 2 17.3284 3.71016 11.0048 8.01547e-04 0.00298081 -0.00183491 0.0035909053 0.0 13 13.2695080468 2.0684268084 0 0 1 2 6 3 1 0 0 7 
212 2 15.9003 5.29024 10.1138 -0.00393246 -0.00134394 6.20594e-04 0.0042018512 0.0 12 14.9087587767 2.1404868094 0 0 0 0 12 0 0 0 0 5 
774 2 15.2443 2.78545 10.2539 -3.98765e-04 -4.09921e-04 -0.00515745 0.0051890596 0.0 13 14.8537717324 2.0818822368 0 0 1 3 4 4 1 0 0 7 
334 2 15.0591 3.88518 12.4676 1.23407e-04 7.92589e-04 -0.00577886 0.0058342651 0.0 14 12.1480575272 1.990688872 0 0 0 5 4 3 2 0 0 7 
146 2 14.973 2.33954 14.8195 4.46078e-04 -0.00282717 -0.00155301 0.0032563347 0.0 15 16.2608577102 2.1075216978 0 0 1 2 6 5 1 0 0 7 
523 2 17.1981 6.79345 15.7239 2.24616e-04 -8.38918e-05 0.00121874 0.001242102 0.0 12 11.9388625987 1.8702015092 0 0 0 0 12 0 0 0 0 5 
894 2 16.0147 7.70127 17.7892 9.54942e-04 2.37673e-04 3.09741e-05 9.8456186863e-04 0.0 14 13.7805270367 2.1146319827 0 0 1 2 7 2 2 0 0 7 
99 2 10.172 7.90659 16.6379 0.00129464 -6.40937e-04 0.00372803 0.0039981371 0.0 14 17.2102077843 2.1522084878 0 0 1 2 7 2 2 0 0 7 
536 1 13.8712 0.259042 17.3169 -0.00105736 -3.52461e-04 -0.00227073 0.0025295165 0.0 13 20.9900926032 2.2815405852 0 0 0 2 8 3 0 0 0 6 
364 2 16.0568 0.529302 10.6484 0.00199754 -6.68309e-04 -4.69166e-05 0.0021068944 0.0 13 16.7590688948 2.3238724649 0 0 3 2 2 3 3 0 0 7 
775 2 16.2208 2.65202 17.2498 -0.00342399 -0.00139538 0.00610732 0.0071393382 0.0 14 15.3670064726 2.0259461502 0 0 0 1 10 3 0 0 0 6 
488 2 16.1332 5.43905 13.9638 0.00429395 0.00138988 0.00121426 0.004673778 0.0 14 12.1303102519 2.030410843 0 0 1 1 8 3 1 0 0 7 
696 2 10.0372 7.30378 12.0855 0.00280807 0.00274679 -5.37516e-04 0.0039647239 0.0 15 19.7941521456 2.31154815 0 0 1 3 3 8 0 0 0 6 
54 2 12.4317 7.29227 16.1283 0.00217151 -0.0020958 0.00586274 0.0065939028 0.0 12 13.2806962056 2.0812613765 0 0 1 3 4 3 1 0 0 7 
496 2 12.0628 6.31638 11.4329 -9.60803e-04 -0.00215483 -0.00462309 0.0051903175 0.0 13 14.4671931096 2.1377894769 0 0 1 3 4 4 1 0 0 7 
560 1 8.67951 3.38878 13.9469 0.00114653 -0.00190339 -0.00202216 0.0030044227 0.0 15 22.8533881605 2.2803160337 0 0 1 4 3 5 2 0 0 7 
176 2 14.1942 6.71474 10.1359 -4.02264e-04 -0.00453026 -4.8706e-04 0.00457409 0.0 12 14.2977742754 2.173071839 0 0 0 2 8 2 0 0 0 6 
708 1 9.13696 2.81407 8.73931 0.00148763 6.13334e-04 4.48645e-04 0.0016704802 0.0 15 20.6312687275 2.3001096097 0 0 1 2 6 5 1 0 0 7 
700 2 9.79166 0.219223 14.4087 0.0022864 5.0107e-04 -0.0030354 0.00383306 0.0 15 21.6834310621 2.1621736975 0 0 1 4 3 5 2 0 0 7 
973 2 13.0858 1.52427 11.016 -0.00564202 0.0014615 -7.908e-04 0.005881644 0.0 14 15.2359693728 2.1070554751 0 0 0 2 9 2 1 0 0 7 
347 2 20.9101 6.0468 18.0561 -0.00138816 -1.00226e-04 -0.00268288 0.0030223962 0.0 14 14.6634098632 2.1012598976 0 0 0 5 4 3 2 0 0 7 
860 2 17.4748 5.94934 11.853 6.61523e-05 -0.0019837 0.00136216 0.0024072644 0.0 14 14.7130888943 2.1552085569 0 0 0 2 8 4 0 0 0 6 
231 2 18.2008 3.89796 13.0848 5.39484e-04 0.00186576 -3.91365e-04 0.0019812294 0.0 14 12.180178409 2.030410843 0 0 1 3 4 5 1 0 0 7 
142 2 18.7327 7.14973 13.7256 -0.00203064 -7.44966e-04 0.0014823 0.002622153 0.0 13 12.8898053251 1.9459904633 0 0 0 2 8 3 0 0 0 6 
665 2 19.219 1.89302 13.0173 0.00213693 1.98462e-04 -0.00198787 0.0029253178 0.0 13 13.8255595279 2.075140225 0 0 0 1 10 2 0 0 0 6 
876 2 20.0118 2.83969 15.0279 -0.00349836 -0.00116382 -3.90392e-04 0.0037074797 0.0 14 14.789101944 2.2770248993 0 0 0 2 8 4 0 0 0 6 
276 1 22.1176 5.08394 9.17631 -0.0053776 3.29848e-04 0.00190716 0.0057152988 0.0 15 21.8930402046 2.3394186058 0 0 0 4 6 3 2 0 0 7 
15 2 25.6136 2.55454 8.46701 -8.04492e-04 0.00253321 7.59675e-04 0.0027643202 0.0 15 14.9122326647 2.3394186058 0 0 0 5 3 6 1 0 0 7 
858 1 20.2419 7.20134 10.9228 2.95318e-04 -0.0028415 -3.28666e-04 0.0028756489 0.0 15 21.7609262357 2.2294649188 0 0 0 2 8 5 0 0 0 6 
654 1 21.6216 0.930953 16.7745 -7.53012e-04 0.00188528 -0.00335054 0.0039175791 0.0 16 23.9004090696 2.3612019313 0 0 1 4 3 6 2 0 0 7 
13 1 26.3177 1.81364 12.9467 0.0022739 0.00279548 0.0018673 0.0040585883 0.0 15 22.7498384975 2.2202678337 0 0 1 1 7 6 0 0 0 6 
353 1 22.9019 5.55805 11.9444 0.0014653 0.00295071 -0.00148248 0.0036126916 0.0 16 21.3050406864 2.2450887917 0 0 0 3 7 5 1 0 0 7 
698 1 25.8996 9.38529 10.9405 -0.00439062 -0.00188999 0.00501234 0.0069262658 0.0 16 21.8528309526 2.4051631282 0 0 0 3 6 7 0 0 0 6 
564 2 20.9472 3.23362 12.7036 -0.00331315 0.00419105 0.00173409 0.0056168435 0.0 10 11.9114763996 2.049861991 0 0 0 2 8 0 0 0 0 5 
152 1 24.9971 4.4517 13.8742 -0.00312545 -0.00744622 0.00191737 0.0083000565 0.0 12 21.0161730052 2.313249567 0 0 0 0 12 0 0 0 0 5 
361 2 23.2276 2.52573 12.1707 0.00104056 -2.39609e-04 0.00265049 0.0028574945 0.0 14 18.0284660158 2.344278314 0 0 0 4 5 4 1 0 0 7 
88 1 24.7981 4.4832 16.6524 -0.00449065 -7.32047e-04 0.00179189 0.0048900613 0.0 13 20.1910245398 2.2124302202 0 0 2 3 2 4 2 0 0 7 
974 1 25.045 7.21402 12.5245 0.00513965 0.0018607 0.00259459 0.0060506284 0.0 15 21.4274106587 2.2450887917 0 0 0 1 10 4 0 0 0 6 
449 1 24.8027 6.61683 9.53007 0.00212761 -3.4383e-04 -8.14173e-04 0.0023038709 0.0 15 22.3346962085 2.3710460462 0 0 0 5 4 4 2 0 0 7 
474 2 23.8459 8.57876 15.8464 -3.97664e-04 0.00127782 -9.06979e-04 0.0016166544 0.0 13 17.5342329729 2.1790463444 0 0 0 3 6 4 0 0 0 6 
98 2 0.552077 1.61889 10.0281 0.00156395 0.00358584 0.00128286 0.0041170278 0.0 16 17.915947947 2.2127656149 0 0 1 4 3 6 2 0 0 7 
318 2 19.3443 3.80281 17.269 0.0019482 6.79379e-05 0.00187025 0.0027014688 0.0 14 15.9010761981 2.2154740356 0 0 1 3 4 5 1 0 0 7 
972 2 22.6429 6.5995 15.9434 -0.00126773 -2.64701e-04 -0.00219449 0.0025481351 0.0 15 16.7948058552 2.2450887917 0 0 1 3 5 4 2 0 0 7 
6 2 21.4456 7.67915 13.8628 -1.7628e-04 -1.64021e-04 7.18411e-04 7.5768851896e-04 0.0 15 18.8569867422 2.2188860319 0 0 0 3 6 6 0 0 0 6 
861 2 21.5919 0.954715 13.6324 0.00234922 0.00389219 0.00269719 0.0052860961 0.0 14 17.5938952625 2.3612019313 0 0 0 0 12 2 0 0 0 6 
726 2 21.2038 8.48875 16.8882 0.00115771 -0.00203519 0.00161148 0.0028423861 0.0 15 13.4048339273 2.0232965203 0 0 0 2 8 5 0 0 0 6 
916 2 18.7711 7.92837 17.2492 0.00174366 7.46454e-05 -9.4717e-04 0.0019857123 0.0 13 12.6364152 1.8991300632 0 0 0 1 10 2 0 0 0 6 
826 2 18.1076 4.58016 15.3643 0.00143831 -0.00161124 -0.00398364 0.0045314697 0.0 12 12.4223281742 1.9713071083 0 0 0 2 8 2 0 0 0 6 
199 2 19.965 6.23743 15.6304 -9.90255e-04 -8.17219e-04 0.00137729 0.0018829178 0.0 15 13.7613018401 1.9075362455 0 0 0 0 12 3 0 0 0 6 
729 2 19.8129 4.37324 11.0263 2.57803e-04 -0.00272792 -4.90893e-04 0.0027837 0.0 13 16.3662723618 2.0623787149 0 0 0 1 10 2 0 0 0 6 
346 2 19.996 5.2785 13.3436 -6.22035e-04 -7.99111e-04 -1.58674e-04 0.0010250285 0.0 12 12.5958720404 1.9369169889 0 0 0 2 8 2 0 0 0 6 
880 2 17.7339 2.2047 15.2072 0.00150243 -5.68574e-04 -1.67919e-05 0.0016065037 0.0 14 16.036574309 2.075140225 0 0 0 4 4 6 0 0 0 6 
529 2 21.7487 4.56891 14.5104 -6.12757e-04 -0.00541913 8.77734e-04 0.0055238445 0.0 14 16.7299516702 2.3612019313 0 0 0 3 6 5 0 0 0 6 
931 2 19.7984 26.6968 11.5252 -4.34236e-04 0.00287544 -0.00446058 0.0053247995 0.0 14 15.9845296222 2.284723089 0 0 3 1 5 3 1 0 1 9 
838 1 25.5812 4.11917 10.9639 0.00308341 3.78877e-06 -4.49415e-04 0.0031159919 0.0 16 22.1520460567 2.3193392488 0 0 1 2 7 4 2 0 0 7 
684 1 26.0551 6.61561 15.2773 0.00252418 -7.58136e-04 -0.00120934 0.0028997859 0.0 13 20.3488436437 2.1889179816 0 0 0 3 6 4 0 0 0 6 
855 1 24.6308 1.67622 15.9346 0.0020406 0.00246165 0.0031177 0.0044658507 0.0 17 25.3331424672 2.3612019313 0 0 0 3 6 8 0 0 0 6 
211 2 24.3138 1.32824 10.3607 -0.00117604 -0.00282591 0.00272216 0.0040962168 0.0 13 14.4969583535 2.1296064595 0 0 1 2 5 5 0 0 0 6 
848 2 21.2628 2.14072 10.5833 -0.0067899 1.83154e-04 0.00159328 0.0069767348 0.0 14 14.2961494569 2.0792482536 0 0 1 1 8 3 1 0 0 7 
717 2 18.3946 1.60562 10.5938 -0.00133225 0.00207973 0.00334295 0.0041563784 0.0 14 15.7285257134 2.2701869042 0 0 1 4 3 4 2 0 0 7 
635 2 21.6052 4.22197 16.891 -9.34915e-04 0.00117788 -0.00113265 0.001882648 0.0 14 17.811663693 2.3223180728 0 0 2 2 3 6 1 0 0 7 
215 2 9.76576 11.328 9.46546 -0.00248724 -0.00259061 -0.00257588 0.0044195906 0.0 14 13.5730931411 2.0400167579 0 0 1 3 5 3 2 0 0 7 
844 1 2.62468 16.9083 18.5243 0.00295958 -0.00270761 -0.00181889 0.0044043872 0.0 15 20.0913906346 2.1628536437 0 0 0 4 4 7 0 0 0 6 
596 2 26.6778 12.7211 13.4992 -0.00347675 5.38488e-04 -0.0012681 0.0037397644 0.0 13 15.144165944 2.0244688289 0 0 0 4 4 5 0 0 0 6 
174 1 1.1913 17.4639 11.3587 -0.00197929 -2.12963e-04 -5.01963e-04 0.0020530244 0.0 15 22.064664824 2.3161642919 0 0 0 2 8 5 0 0 0 6 
601 2 0.454651 17.044 15.2412 0.00254899 0.00192133 -7.60992e-04 0.0032814582 0.0 15 18.4697004853 2.18224876 0 0 0 2 9 3 1 0 0 7 
883 1 1.36241 10.7042 11.5457 0.00261625 -0.00368989 0.00114867 0.0046668507 0.0 14 19.9522178481 2.2187110256 0 0 1 3 5 3 2 0 0 7 
118 2 0.643828 14.3776 15.139 0.0047314 3.98009e-04 0.00117132 0.0048904548 0.0 13 17.4482960047 2.2917349645 0 0 0 3 6 4 0 0 0 6 
114 1 3.2917 16.1284 15.9134 0.00179333 -0.00239657 -0.00270995 0.004037748 0.0 16 24.8053738982 2.2917349645 0 0 0 3 7 5 1 0 0 7 
932 1 5.72691 10.8321 17.3302 -0.00139303 -0.00140268 0.00264581 0.0033027798 0.0 16 23.3314624098 2.3144814521 0 0 0 3 6 7 0 0 0 6 
716 1 1.77523 13.5261 10.8771 -3.61886e-04 0.00159552 -0.00178309 0.0024199288 0.0 16 22.1020566196 2.2187110256 0 0 0 4 5 6 1 0 0 7 
709 1 5.69095 16.0941 13.433 4.3216e-04 -0.00124363 8.4062e-04 0.0015620563 0.0 12 21.5438264261 2.2879369111 0 0 0 0 12 0 0 0 0 5 
954 1 4.40255 17.2512 10.7119 0.00233944 0.00322913 0.00345407 0.0052754962 0.0 13 19.3412971232 2.1118027593 0 0 0 3 6 4 0 0 0 6 
89 2 0.285748 11.8495 15.7918 0.0030316 -8.19177e-04 -0.00162824 0.0035373458 0.0 13 16.5448866466 2.2443415829 0 0 1 2 6 3 1 0 0 7 
203 2 -0.167674 15.0813 12.9171 -0.00339127 -0.00114896 -0.00114214 0.0037583647 0.0 13 17.1411875717 2.18224876 0 0 0 3 6 4 0 0 0 6 
431 1 6.96624 10.6859 12.2296 -0.0044624 -0.0014923 -0.00148786 0.0049349469 0.0 14 22.4095649465 2.2553192237 0 0 1 2 7 2 2 0 0 7 
627 1 7.93083 13.1939 17.3819 0.0024906 0.00126928 -5.17897e-04 0.0028429522 0.0 14 20.5704326914 2.1782827294 0 0 0 4 4 6 0 0 0 6 
706 1 5.08793 10.7717 14.3068 0.00158366 2.04799e-04 -0.0022441 0.0027542524 0.0 12 20.6299287321 2.1980186747 0 0 0 2 8 2 0 0 0 6 
773 1 5.29249 13.4522 12.1422 -6.40813e-04 1.53403e-04 0.00141667 0.0015624109 0.0 15 22.3413026868 2.3109717166 0 0 0 2 8 5 0 0 0 6 
981 1 6.87627 15.5435 10.753 5.28008e-06 0.00549659 -0.00173056 0.0057625834 0.0 17 24.4822598189 2.3425998995 0 0 0 2 9 5 1 0 0 7 
580 1 2.04969 9.97199 14.5157 -0.00178956 -0.00224624 0.00119635 0.003111169 0.0 14 19.8630483019 2.2172914737 0 0 2 3 3 3 3 0 0 7 
587 1 3.08551 15.3964 12.5903 0.00132835 0.00137187 -6.44293e-04 0.0020153547 0.0 14 22.1053500346 2.2774050588 0 0 0 4 4 6 0 0 0 6 
899 1 6.88132 15.9601 16.3684 0.00264897 0.00281507 -0.00251347 0.0046107692 0.0 12 19.1970913344 2.1005952785 0 0 0 0 12 0 0 0 0 5 
349 1 2.85388 12.5217 13.4113 0.00126466 -0.00264034 -0.00241197 0.0037931991 0.0 15 20.9448760354 2.2917349645 0 0 1 4 2 7 1 0 0 7 
763 1 4.72994 14.1849 9.46695 -4.66203e-04 -0.00351018 -9.85104e-05 0.0035423739 0.0 13 21.7970686173 2.2357983974 0 0 0 3 6 4 0 0 0 6 
761 1 7.97476 12.1559 14.7832 0.00143828 -0.00250318 0.00195085 0.0034843041 0.0 14 21.0852240052 2.3109717166 0 0 2 0 8 2 2 0 0 7 
48 1 5.48459 13.5807 15.6074 -4.45454e-04 -0.00363071 -6.41479e-04 0.0037137555 0.0 14 22.7786044721 2.3109717166 0 0 1 1 8 3 1 0 0 7 
359 1 4.21021 11.0084 10.9656 1.49817e-04 6.22909e-04 2.60723e-04 6.9169157758e-04 0.0 16 22.0993772476 2.1569193241 0 0 2 2 5 4 3 0 0 7 
427 1 3.26747 12.0617 16.3346 8.74784e-04 -0.00378944 0.00219899 0.0044677354 0.0 15 21.2458876232 2.2917349645 0 0 2 5 1 4 1 2 0 8 
238 1 8.77268 13.1116 12.0069 0.00107039 -0.0019802 0.00116757 0.0025357734 0.0 15 22.8992862672 2.2784140283 0 0 1 2 7 3 2 0 0 7 
117 1 8.65203 15.2982 14.2272 -5.83415e-04 -4.6441e-04 0.00119391 0.0014076473 0.0 14 21.5356576021 2.3109717166 0 0 1 1 8 3 1 0 0 7 
795 2 1.55276 10.4208 7.83645 -0.00139263 -0.00145175 7.33299e-04 0.0021411968 0.0 15 14.7985066883 2.2187110256 0 0 1 4 4 3 3 0 0 7 
672 1 2.31714 15.81 9.11479 3.23476e-04 0.00303393 0.00358604 0.0047084022 0.0 14 20.3788911574 2.125340399 0 0 0 2 8 4 0 0 0 6 
90 2 15.7726 10.1963 11.4245 -3.11226e-04 9.16275e-04 -0.00258986 0.0027647416 0.0 14 14.3249550284 2.2733442866 0 0 0 3 6 5 0 0 0 6 
532 1 11.014 16.5993 9.3457 -0.00130078 2.52639e-04 -0.00125181 0.0018228778 0.0 16 21.6755532829 2.2855202322 0 0 0 6 2 6 2 0 0 7 
392 1 8.81517 10.5208 16.8681 0.00353097 -0.00371868 3.24316e-04 0.0051382401 0.0 16 21.3594693906 2.3722537231 0 0 2 3 3 5 3 0 0 7 
568 2 17.5632 14.1934 13.157 -0.00136036 0.00320289 0.00282747 0.0044837117 0.0 13 17.359715733 2.2191899786 0 0 2 1 5 4 1 0 0 7 
492 2 14.0324 10.4678 16.4529 -0.00238445 0.00251163 -3.81322e-04 0.0034841489 0.0 11 13.6814083537 2.0163210564 0 0 1 2 5 3 0 0 0 6 
498 2 11.8458 8.94727 12.6265 0.00250513 3.39213e-04 0.00290824 0.0038533883 0.0 11 11.4406791807 1.8389431086 0 0 0 2 8 1 0 0 0 6 
304 1 10.4518 15.6033 11.7605 -0.00121812 -0.00273853 -0.00134823 0.0032865007 0.0 14 22.8851993773 2.2855202322 0 0 1 3 4 5 1 0 0 7 
554 1 9.64505 16.1317 16.9451 -0.00260055 -4.531e-04 -7.58491e-04 0.0027465375 0.0 15 21.7816203984 2.2082513189 0 0 0 0 12 3 0 0 0 6 
355 2 15.8414 12.3983 12.9454 -1.50547e-04 -7.21639e-04 -0.00145954 0.0016351404 0.0 14 13.7441491576 2.2733442866 0 0 1 2 7 2 2 0 0 7 
502 2 15.0623 14.3383 11.8603 -0.00186832 -0.00463206 -0.00363177 0.0061754638 0.0 13 17.8003943096 2.3142317883 0 0 2 2 4 3 2 0 0 7 
960 2 11.811 13.2651 9.82623 -0.0049847 -0.00168854 -0.00317535 0.0061466453 0.0 15 17.4269600216 2.2131872055 0 0 0 2 8 5 0 0 0 6 
804 1 13.2318 16.6225 11.427 -0.00246987 -0.00143192 4.01258e-04 0.0028829951 0.0 14 21.8853655147 2.2075938514 0 0 1 2 7 2 2 0 0 7 
327 1 15.2924 15.7647 17.5909 -2.73358e-05 0.00117115 0.00315806 0.0033683353 0.0 17 25.1784078708 2.2481661452 0 0 0 2 9 5 1 0 0 7 
180 2 14.359 9.45401 9.7629 -0.00253831 -0.00187247 0.00210163 0.003790252 0.0 15 16.6108926179 2.1900280845 0 0 1 2 6 5 1 0 0 7 
758 2 11.7896 10.8125 15.527 0.00185208 9.09775e-04 -0.00296099 0.0036090653 0.0 16 16.5782299613 2.1412519873 0 0 2 4 4 1 4 1 0 8 
862 2 15.5101 13.9794 14.5766 6.80728e-04 0.00121259 0.00306241 0.0033633495 0.0 13 16.2071812494 2.1812268853 0 0 1 2 6 3 1 0 0 7 
376 2 13.6133 10.6309 12.3252 -9.01364e-04 -0.00443634 9.69281e-04 0.0046295869 0.0 15 13.0650403627 1.933351389 0 0 1 1 7 6 0 0 0 6 
305 2 15.7814 10.1611 13.9721 5.81239e-05 6.37482e-04 0.00144404 0.0015795611 0.0 15 13.3247441492 1.9013022021 0 0 1 4 4 4 1 1 0 8 
897 1 12.9866 14.6808 15.9169 0.00161974 5.64926e-04 -0.00209227 0.002705604 0.0 14 21.2365033484 2.2082513189 0 0 0 2 8 4 0 0 0 6 
409 1 14.252 16.742 14.2569 -2.7042e-04 0.00159599 -3.10275e-04 0.0016482056 0.0 15 20.3356823624 2.1582622903 0 0 1 2 7 3 2 0 0 7 
331 2 18.2985 14.633 17.8317 -2.57933e-04 0.00233442 0.00129634 0.0026826374 0.0 14 15.8505360893 2.2041481861 0 0 1 4 3 4 2 0 0 7 
116 1 18.1214 17.854 9.46528 0.00233573 9.01355e-04 -9.50682e-04 0.0026780351 0.0 14 21.8671392795 2.4053436145 0 0 1 2 7 2 2 0 0 7 
743 1 11.3591 16.4876 14.3671 -8.70205e-05 -0.00120278 -8.04615e-04 0.0014497095 0.0 13 20.6916254593 2.1582622903 0 0 0 3 6 4 0 0 0 6 
832 1 10.5971 13.4751 14.8107 -0.00273765 0.0025289 3.94181e-04 0.0037477248 0.0 15 21.024752122 2.2322283251 0 0 2 3 2 6 2 0 0 7 
115 2 10.5702 10.9182 13.589 0.00460329 0.00146667 -2.31705e-04 0.0048368468 0.0 15 16.7677925549 2.1739119147 0 0 0 5 3 6 1 0 0 7 
727 1 16.8345 13.9701 9.33641 -0.00167424 -0.00143806 -4.93428e-04 0.0022615409 0.0 18 23.0410617252 2.4053436145 0 0 1 5 4 4 3 1 0 8 
195 2 13.8246 11.8522 14.6059 0.00211894 -0.00345479 0.00347583 0.005339183 0.0 13 14.4343872146 2.1329061421 0 0 0 5 3 4 1 0 0 7 
584 2 9.82657 9.69963 11.2991 0.00154189 0.00500958 0.00157274 0.0054723695 0.0 15 15.5648860703 2.2745338878 0 0 1 5 2 4 3 0 0 7 
816 2 13.7403 12.3969 10.6179 8.23845e-04 0.00126439 4.62092e-04 0.0015782686 0.0 13 16.9009167567 2.2733442866 0 0 0 3 6 4 0 0 0 6 
963 1 10.7319 13.0588 17.6516 -8.92789e-04 -3.76824e-04 3.76479e-04 0.0010396177 0.0 13 19.9716192075 2.2082513189 0 0 1 0 9 3 0 0 0 6 
288 2 13.0829 13.3497 12.8264 -0.00145848 7.54399e-04 5.84269e-04 0.0017428861 0.0 16 19.3656494545 2.2380942871 0 0 1 1 9 3 2 0 0 7 
310 1 16.3292 17.0261 12.2338 -8.09295e-04 0.00434147 -0.00207464 0.004879288 0.0 16 21.8279848597 2.4053436145 0 0 0 3 7 5 1 0 0 7 
565 2 11.4892 11.3688 11.4021 -0.00366362 -0.00301959 1.86058e-04 0.0047512791 0.0 13 13.7314038314 2.2380942871 0 0 2 4 0 5 2 0 0 7 
891 2 15.9447 12.1472 15.8132 0.00170053 0.00220114 8.06682e-04 0.0028961277 0.0 15 15.1049136368 2.2041481861 0 0 1 3 3 8 0 0 0 6 
403 1 16.8927 16.6219 15.3985 -0.00224791 0.00185774 6.57704e-04 0.0029894601 0.0 15 21.84591306 2.2195578681 0 0 0 3 6 6 0 0 0 6 
643 2 18.143 13.582 15.4884 -0.00125237 0.00324631 9.07612e-04 0.0035959309 0.0 16 14.5518554247 2.2041481861 0 0 2 4 1 6 3 0 0 7 
497 2 12.1212 10.7203 9.17452 8.13336e-04 5.28424e-04 5.96037e-04 0.0011384232 0.0 14 13.9134146969 2.1900280845 0 0 1 3 4 5 1 0 0 7 
110 1 14.1562 14.9316 9.0409 -7.7728e-04 0.00494371 0.00109919 0.0051237341 0.0 14 22.0022226342 2.3699980551 0 0 0 5 4 3 2 0 0 7 
314 2 17.6555 9.25363 12.1711 -6.40085e-04 -0.00234157 -0.00199599 0.0031427114 0.0 13 14.9531020982 2.1524466054 0 0 0 3 6 4 0 0 0 6 
941 2 19.8259 9.70109 13.1868 0.00528083 0.00221584 -3.1603e-04 0.0057355895 0.0 13 16.3017696997 2.1524466054 0 0 0 3 6 4 0 0 0 6 
815 1 18.7867 18.3367 12.4329 0.00190299 0.00331273 -1.50506e-04 0.0038233759 0.0 14 20.8062180016 2.2510748033 0 0 2 1 6 3 2 0 0 7 
139 1 18.2899 11.9229 10.8736 -0.00468261 2.99722e-04 -0.00491515 0.0067952461 0.0 16 22.2711211043 2.2675833521 0 0 1 3 5 6 0 1 0 8 
436 2 25.7608 13.2968 16.9481 6.12271e-04 0.00323553 -3.7264e-04 0.003313969 0.0 12 12.8933784708 1.9387070814 0 0 0 0 12 0 0 0 0 5 
323 2 17.8978 11.4189 13.849 -5.61347e-05 8.3006e-04 0.00193817 0.0021091832 0.0 15 13.98886122 1.9904642802 0 0 2 2 5 3 3 0 0 7 
151 2 21.5199 16.6102 16.652 -0.00191062 3.18644e-04 -0.00192542 0.0027311618 0.0 15 14.3312701057 2.1430646553 0 0 0 3 6 6 0 0 0 6 
655 2 21.3451 11.7944 12.6455 0.00210726 -0.0065838 -0.00197216 0.0071886287 0.0 12 15.8761129957 2.1072764685 0 0 0 4 4 4 0 0 0 6 
163 2 23.252 13.0196 16.7817 2.0815e-04 0.00147224 0.00244866 0.0028647431 0.0 13 11.569827656 1.7725566807 0 0 0 4 4 5 0 0 0 6 
404 1 26.1662 9.69446 13.9082 -0.00105147 -0.00159477 6.50534e-04 0.0020179383 0.0 16 20.9281982664 2.1767920676 0 0 0 3 6 7 0 0 0 6 
109 1 24.2787 17.0019 10.8058 -0.00406647 -0.00282886 -0.00134041 0.0051317956 0.0 15 22.686677048 2.2348079426 0 0 0 3 6 6 0 0 0 6 
92 1 22.8686 8.83208 11.5162 -0.00387063 -0.0018848 0.00208154 0.0047819511 0.0 14 22.7097607765 2.3783934822 0 0 0 2 8 4 0 0 0 6 
281 2 26.1698 11.5389 9.04064 -0.00272509 0.00313424 -3.65522e-04 0.0041693144 0.0 13 17.0602692094 2.2064209535 0 0 1 3 4 4 1 0 0 7 
611 1 26.4811 15.0998 9.49427 -3.52748e-04 0.00132265 6.66687e-04 0.0015225983 0.0 14 22.0239515306 2.1089667983 0 0 0 1 10 3 0 0 0 6 
649 2 20.2609 10.9917 15.0611 0.00190316 0.00360217 -0.0016915 0.0044112151 0.0 14 12.8598734295 2.0232965203 0 0 0 3 6 5 0 0 0 6 
715 1 20.9459 10.2185 9.83229 1.33007e-04 -0.00365231 0.00131675 0.0038846994 0.0 12 20.1338002036 2.1884523383 0 0 0 3 6 3 0 0 0 6 
633 2 20.612 12.9178 16.2488 -5.25273e-04 0.00147838 0.00197161 0.0025196756 0.0 14 12.0308616595 1.9392482309 0 0 0 2 8 4 0 0 0 6 
830 1 20.9661 13.3293 10.0513 7.28254e-04 4.28835e-04 -0.00210206 0.0022655925 0.0 14 20.0229419806 2.1737599056 0 0 0 4 4 6 0 0 0 6 
755 2 24.6093 12.2666 14.6658 4.521e-04 -0.00397504 0.0035277 0.0053338546 0.0 14 13.1796283704 1.9057258768 0 0 0 3 6 5 0 0 0 6 
527 2 25.0594 10.7297 16.6571 -0.00278212 3.0404e-04 0.00142069 0.003138629 0.0 12 15.1546183972 2.2085575662 0 0 0 2 8 2 0 0 0 6 
992 1 23.2927 11.4979 9.29546 0.00492168 -0.00172832 0.00166801 0.0054765209 0.0 17 22.8379673651 2.4051631282 0 0 0 4 4 9 0 0 0 6 
741 2 22.3399 12.4699 14.7567 -3.17158e-04 7.93589e-04 0.00186411 0.0020506776 0.0 12 11.1215909564 1.9003752127 0 0 0 2 8 2 0 0 0 6 
778 2 24.1202 16.8161 15.9871 -2.88141e-04 -0.00248851 3.59648e-04 0.0025308208 0.0 12 12.1431758448 1.9182678357 0 0 0 3 6 3 0 0 0 6 
209 2 19.7357 13.0237 13.738 0.00310728 -0.00293215 1.16532e-04 0.004273906 0.0 15 14.2073358951 2.1737599056 0 0 0 3 6 6 0 0 0 6 
503 2 21.8471 14.1385 12.9511 0.00327433 -0.00230568 0.00240514 0.0046714126 0.0 13 16.588381369 2.2075159795 0 0 0 3 6 4 0 0 0 6 
370 2 20.1624 15.8105 13.6754 0.00170416 0.00322827 -0.00617564 0.0071738705 0.0 16 19.5134648474 2.2204464845 0 0 1 4 4 4 3 0 0 7 
57 2 22.5688 14.8071 15.5291 -0.00593276 5.23364e-04 -0.00106803 0.0060508048 0.0 15 12.8039944773 1.9529786748 0 0 0 2 8 5 0 0 0 6 
451 2 17.9493 11.0976 16.5479 -0.00135305 -0.00303255 -0.00102319 0.0034747693 0.0 14 12.6084145216 1.8475347626 0 0 1 3 4 5 1 0 0 7 
945 2 23.0017 10.282 14.2924 0.00283582 -0.00300043 -1.4099e-04 0.0041308998 0.0 14 16.1795226241 2.1790463444 0 0 0 4 4 6 0 0 0 6 
658 2 18.6716 9.01646 15.1508 0.00350092 8.60227e-04 -7.7223e-04 0.0036868375 0.0 15 13.2865828225 1.9847458722 0 0 0 2 8 5 0 0 0 6 
681 2 25.4014 17.125 13.6204 -0.00318095 -7.08419e-04 -0.00236114 0.0040243363 0.0 12 16.5649988513 2.1201979923 0 0 0 3 6 3 0 0 0 6 
298 1 21.5488 16.1 9.92317 0.00435415 0.0012694 0.00633012 0.0077871958 0.0 16 22.6806943048 2.2510748033 0 0 1 2 8 3 1 1 0 8 
998 2 22.2746 10.6162 16.6384 0.0012758 0.00401867 -0.00102513 0.004339155 0.0 14 12.6533911013 1.9480443683 0 0 0 4 4 6 0 0 0 6 
955 2 22.6687 16.7668 13.7689 0.00402531 0.00229208 0.00339731 0.0057444292 0.0 15 18.7167015309 2.2204464845 0 0 0 3 7 4 1 0 0 7 
108 2 25.6538 12.4902 11.3039 -1.98441e-04 0.00303949 -2.45254e-04 0.0030558187 0.0 12 16.9802772794 2.0618252091 0 0 0 3 6 3 0 0 0 6 
261 2 24.4157 14.4312 12.8428 -4.2905e-04 -1.05964e-04 -0.00273213 0.0027676428 0.0 14 16.0155224614 2.1863142205 0 0 0 3 6 5 0 0 0 6 
577 2 25.2191 14.9968 15.1941 0.00191779 0.00281325 0.00156653 0.0037478408 0.0 14 12.6267300236 1.8438134804 0 0 0 3 6 5 0 0 0 6 
65 2 23.7739 11.9255 12.4962 5.41837e-04 2.39355e-04 -0.00401238 0.0040558688 0.0 14 16.4414876661 2.1767920676 0 0 0 3 6 5 0 0 0 6 
938 1 18.8243 15.5029 10.9584 0.00449898 -0.00133866 0.00148902 0.0049244301 0.0 14 21.9798750592 2.3071909935 0 0 2 3 3 3 3 0 0 7 
260 2 19.7718 15.2728 15.9267 5.78061e-04 0.00315198 -0.00245322 0.0040357677 0.0 13 14.6972818112 2.1430646553 0 0 1 3 4 4 1 0 0 7 
548 2 21.3439 14.6983 17.8429 -0.00358264 -0.00315082 -0.00275927 0.0055114923 0.0 13 11.4265603134 1.8050513425 0 0 0 1 10 2 0 0 0 6 
682 2 26.1759 15.8012 17.4219 -0.00220248 -0.00210503 -0.00504842 0.0058964917 0.0 15 15.0721428877 2.1628536437 0 0 0 3 7 4 1 0 0 7 
419 1 23.6102 14.2286 9.92862 -0.00156916 -0.00398798 -0.00334996 0.0054395294 0.0 13 20.6722484269 2.1950681829 0 0 0 1 10 2 0 0 0 6 
398 2 19.8656 16.0428 18.9501 -0.00207126 0.00182383 -0.00303547 0.0041025056 0.0 13 16.8411429347 2.1422545031 0 0 0 3 6 4 0 0 0 6 
935 2 2.75689 25.4674 9.56231 0.00333908 4.14917e-04 0.00366199 0.0049731059 0.0 12 15.477218423 2.0806502677 0 0 1 2 5 4 0 0 0 6 
984 2 0.436825 21.1579 16.4033 -0.00261235 -6.41334e-05 -0.0017611 0.0031511837 0.0 14 17.2882984601 2.2233013085 0 0 1 3 5 3 2 0 0 7 
579 2 0.563565 25.6176 10.2592 -2.49248e-04 0.00270317 -0.00137738 0.0030440809 0.0 14 15.5666757734 2.2221427879 0 0 1 1 8 3 1 0 0 7 
414 1 5.84239 20.7793 17.5696 -0.0017059 2.69354e-04 -0.00174035 0.0024518288 0.0 16 22.5480211437 2.2536414764 0 0 1 2 7 5 0 1 0 8 
863 1 2.78329 18.7691 9.08178 8.39862e-04 0.00257351 -5.37137e-04 0.002759862 0.0 14 20.5581573397 2.1485587857 0 0 1 3 4 5 1 0 0 7 
225 1 2.98774 19.2585 16.0442 -0.00300206 -0.00359085 -0.00100126 0.0047863441 0.0 14 20.6593205413 2.1001258071 0 0 0 0 12 2 0 0 0 6 
167 1 2.20262 25.0754 16.9295 0.00103309 0.00142385 -0.0023573 0.002941341 0.0 15 23.4780448637 2.2580623828 0 0 0 5 3 6 1 0 0 7 
49 1 4.41524 0.47296 17.3129 0.00283934 0.00196664 0.00334411 0.0048075562 0.0 15 23.5859683015 2.248268969 0 0 0 4 5 5 1 0 0 7 
101 1 3.04688 18.3031 13.0948 -2.36307e-04 -0.00315276 -0.00180119 0.0036386841 0.0 15 22.3257662214 2.3161642919 0 0 0 1 10 4 0 0 0 6 
800 1 7.78867 20.4876 14.7777 8.22469e-04 0.00569528 0.00165268 0.0059869876 0.0 15 20.225740954 2.2623927152 0 0 0 3 6 6 0 0 0 6 
67 1 1.22387 23.8348 14.4331 -4.67695e-04 0.00165359 -0.00512867 0.0054089144 0.0 14 21.2174898119 2.2006130046 0 0 0 2 8 4 0 0 0 6 
40 1 4.58066 20.6736 11.0096 -1.02718e-04 -0.00127642 3.11841e-04 0.0013179696 0.0 15 21.3642961009 2.1485587857 0 0 0 4 4 7 0 0 0 6 
902 1 5.44401 18.3358 15.1167 0.0011033 4.90297e-04 -7.58009e-04 0.0014255664 0.0 12 19.2015701582 2.036786319 0 0 0 0 12 0 0 0 0 5 
178 1 6.68019 25.6993 14.2366 -0.00198248 0.00107794 -0.00140237 0.0026568446 0.0 14 21.0306899409 2.2436792546 0 0 0 2 8 4 0 0 0 6 
904 1 1.58928 20.8842 11.0766 2.49284e-04 -0.00107124 0.00238672 0.0026279517 0.0 14 22.3486158623 2.3161642919 0 0 0 1 10 3 0 0 0 6 
421 1 7.74405 20.9159 11.9028 0.00213023 0.00100813 2.65234e-04 0.0023716144 0.0 15 20.8494575166 2.2451920419 0 0 0 4 5 5 1 0 0 7 
526 1 2.00012 26.6334 12.5986 -8.45919e-04 0.00314407 -0.00268199 0.0042182728 0.0 15 22.1526797571 2.1773515397 0 0 0 2 8 5 0 0 0 6 
952 1 2.97211 23.4858 12.048 -0.0028233 -0.00234497 -0.00172191 0.0040539957 0.0 16 22.5945073101 2.2620144083 0 0 0 3 6 7 0 0 0 6 
486 1 6.11748 18.7131 12.4586 5.20868e-04 6.78888e-04 -0.00171771 0.0019190414 0.0 12 18.4123057268 2.2123771439 0 0 0 2 8 2 0 0 0 6 
435 1 4.82983 20.7445 14.08 0.00220888 5.64418e-05 -0.00459541 0.0050990322 0.0 14 19.5224448274 2.2620144083 0 0 0 2 8 4 0 0 0 6 
570 1 6.21031 22.951 15.4057 0.00362427 0.00109177 -0.00352264 0.0051707144 0.0 12 20.6320211403 2.2011298821 0 0 0 2 8 2 0 0 0 6 
510 1 3.42876 22.2386 16.5275 0.00276244 -0.0015583 0.00404352 0.0051390104 0.0 13 23.0892881363 2.2580623828 0 0 0 3 6 4 0 0 0 6 
522 1 8.69982 18.0382 10.834 0.0027635 -0.00281578 -0.00150732 0.0042234539 0.0 13 21.3432061391 2.2542941816 0 0 1 4 2 5 1 0 0 7 
875 1 5.88831 22.8789 12.5192 3.5859e-04 -3.42267e-04 -0.00498568 0.0050102633 0.0 13 20.4744226852 2.2470265553 0 0 0 2 8 3 0 0 0 6 
782 1 8.48233 23.4826 13.4338 0.00185881 -0.00241158 -0.00254762 0.0039700454 0.0 14 22.101343665 2.2806899407 0 0 0 2 9 2 1 0 0 7 
733 1 3.7306 24.9255 14.6939 4.92438e-04 -4.0916e-04 0.00129532 0.0014449086 0.0 15 21.6679406108 2.2620144083 0 0 0 1 10 4 0 0 0 6 
25 1 2.24399 21.1681 13.7679 -0.00141758 0.00186828 4.99374e-04 0.002397786 0.0 14 20.7826890916 2.2853719892 0 0 1 3 4 5 1 0 0 7 
797 2 4.87378 24.0086 9.59679 0.00236891 2.08959e-05 -1.91659e-04 0.0023767424 0.0 14 16.7950484331 2.0403408447 0 0 1 3 4 5 1 0 0 7 
410 1 4.92593 25.6626 12.1011 0.00402182 -7.53761e-04 0.00228177 0.0046850471 0.0 14 21.0592702635 2.2401553764 0 0 0 2 8 4 0 0 0 6 
482 2 7.60389 24.5591 10.0662 2.17515e-06 -0.00276719 -0.00300488 0.0040849295 0.0 14 16.8090087551 2.2451920419 0 0 0 2 8 4 0 0 0 6 
406 2 8.57836 25.2386 16.4584 -1.36319e-04 4.95489e-04 0.00376616 0.0038010595 0.0 13 20.7447866733 2.1673988753 0 0 0 1 10 2 0 0 0 6 
458 1 8.60423 18.0369 13.9015 1.22646e-05 -0.00207309 0.00114438 0.0023680072 0.0 16 21.526937553 2.2542941816 0 0 0 3 7 5 1 0 0 7 
439 1 8.0057 18.7688 16.8193 0.00258568 -0.00355641 0.0019275 0.0048009426 0.0 13 19.8578650234 2.2623927152 0 0 1 0 9 3 0 0 0 6 
462 2 4.90818 26.6244 8.56762 0.00236511 -0.00158582 -8.02259e-04 0.00295841 0.0 14 15.4192955649 2.1271726355 0 0 1 2 6 4 1 0 0 7 
592 2 1.35899 23.3623 9.18996 -0.00220193 0.00178452 -3.34048e-04 0.0028538738 0.0 14 16.7726964612 2.2221427879 0 0 1 3 4 5 1 0 0 7 
710 1 6.3356 19.087 9.64924 -0.00102365 -3.8307e-04 -0.00165039 0.0019794921 0.0 14 18.8884079372 2.0796536727 0 0 1 2 7 2 2 0 0 7 
625 2 9.09748 26.6397 8.99682 0.00152177 6.37953e-04 8.20665e-05 0.0016521207 0.0 15 15.79240134 2.2644576726 0 0 1 2 7 3 2 0 0 7 
448 2 12.9039 0.198632 14.4467 0.00530639 -0.00328197 9.79654e-04 0.00631576 0.0 14 18.9511355772 2.1619321525 0 0 1 3 5 3 2 0 0 7 
917 1 17.3146 20.2938 16.7415 0.00300693 6.35685e-04 -4.69465e-04 0.0031090386 0.0 15 20.9922879292 2.1988157805 0 0 3 3 2 3 3 1 0 8 
460 1 12.5966 17.1673 17.1391 -0.00170454 0.0012428 -0.00128189 0.002468451 0.0 12 21.1689561969 2.1949374013 0 0 0 2 8 2 0 0 0 6 
937 1 16.7284 19.7022 11.171 0.00115317 -0.00148951 0.001265 0.0022690672 0.0 14 18.3928410106 2.1449674965 0 0 1 2 7 2 2 0 0 7 
842 2 10.4849 24.5234 10.1146 0.00271839 0.00294243 0.00372556 0.0054705883 0.0 14 17.2957545561 2.2806899407 0 0 0 2 8 4 0 0 0 6 
166 1 13.9462 19.6072 11.5024 0.00272631 -1.57847e-04 0.00254315 0.003731661 0.0 15 20.5935567972 2.3536316475 0 0 2 2 5 4 1 1 0 8 
189 1 12.7787 22.7626 11.7729 -0.00494814 -0.00152719 -6.57202e-04 0.0052199917 0.0 17 23.1077649237 2.3742834198 0 0 3 2 4 4 3 1 0 8 
289 1 14.7997 17.8944 9.22183 0.00258395 -0.00341029 1.8953e-04 0.0042828492 0.0 15 22.3573994732 2.4053436145 0 0 1 2 7 3 2 0 0 7 
221 2 9.19498 25.848 11.6916 -0.00196951 0.00174039 0.00277689 0.003823486 0.0 13 17.9716211076 2.2265189439 0 0 1 3 5 2 2 0 0 7 
793 2 18.1494 26.1822 9.41982 -0.00186291 -0.00267685 -0.00142105 0.0035574348 0.0 14 20.9852394831 2.3238724649 0 0 0 2 8 4 0 0 0 6 
121 1 15.057 24.3072 12.7126 -0.00166498 -0.00229514 -9.88824e-04 0.0030029317 0.0 14 20.6721020729 2.1583966063 0 0 1 4 4 2 3 0 0 7 
670 1 16.2647 26.2328 15.5784 0.00189484 8.13749e-04 0.00156707 0.0025900414 0.0 16 22.2458968921 2.1229644432 0 0 0 5 2 9 0 0 0 6 
365 1 15.951 19.1543 13.9342 6.60443e-04 0.00226802 -0.00282327 0.0036811619 0.0 14 19.5661141586 2.1711921073 0 0 2 2 5 3 1 1 0 8 
524 1 14.7647 21.6764 13.5574 -0.00239496 0.00257557 5.60748e-04 0.0035614369 0.0 17 21.4031912424 2.2782607724 0 0 2 3 6 1 4 1 0 8 
887 1 11.3643 23.9527 13.9407 -3.13956e-04 0.00204049 -0.00128707 0.0024328413 0.0 16 22.7228560718 2.2806899407 0 0 0 5 4 5 2 0 0 7 
220 1 9.52825 22.763 15.9308 0.00181622 -0.00221728 -8.79822e-04 0.0029981782 0.0 12 19.5635503474 2.2186017405 0 0 0 3 6 3 0 0 0 6 
544 1 11.899 19.14 9.59107 -0.00234164 -0.00387277 0.00307638 0.00547227 0.0 14 22.0307576706 2.3742834198 0 0 0 5 4 3 2 0 0 7 
78 1 13.1289 19.3366 14.2062 0.00373671 9.40213e-04 0.00142457 0.0041080898 0.0 15 20.4013845813 2.2414115171 0 0 4 3 0 3 4 1 0 8 
86 1 14.1731 24.2341 15.5068 -0.00327654 7.30602e-04 -3.92287e-04 0.0033798495 0.0 14 20.7574338401 2.2761652939 0 0 2 2 3 6 1 0 0 7 
248 1 10.1597 21.4296 10.7626 0.00355014 -0.00417991 -0.00200017 0.0058374499 0.0 15 24.4602189467 2.3010576225 0 0 1 3 5 4 2 0 0 7 
161 2 12.386 25.9732 11.9091 3.10021e-04 8.45351e-04 -0.00455163 0.0046398348 0.0 14 17.4259852226 2.1569812381 0 0 0 2 8 4 0 0 0 6 
950 1 11.2 18.7174 12.3827 0.00145617 3.64558e-04 0.00152456 0.0021395366 0.0 15 20.5566771623 2.2398009186 0 0 2 3 2 6 2 0 0 7 
721 1 14.8244 18.8202 16.6492 3.34306e-04 -0.00215972 -0.00128324 0.0025343354 0.0 15 21.5970650347 2.2481661452 0 0 3 0 7 2 2 1 0 8 
182 1 17.4092 23.0995 11.855 -0.00386925 0.00164153 -7.17634e-04 0.0042638849 0.0 14 21.1860553423 2.284723089 0 0 1 1 8 3 1 0 0 7 
792 1 15.2803 21.9785 10.5331 8.99124e-04 6.04185e-04 0.00333477 0.0035063021 0.0 13 20.9696739285 2.3204468669 0 0 1 4 2 5 1 0 0 7 
267 1 16.9533 22.9192 15.1881 -4.58194e-05 -0.00298387 0.00210903 0.003654256 0.0 16 22.3745268414 2.3444510132 0 0 1 3 6 3 3 0 0 7 
140 1 10.7507 19.1218 15.8465 9.56666e-04 -6.46352e-04 -0.00116979 0.0016435904 0.0 15 20.7585665939 2.2108429453 0 0 1 2 6 5 1 0 0 7 
885 1 11.7851 25.0327 16.6453 -5.88966e-04 0.00111179 -0.0023032 0.0026244405 0.0 14 21.5347752632 2.3017315859 0 0 1 2 6 4 1 0 0 7 
802 1 10.4909 21.0115 13.8218 9.13449e-04 -8.92769e-04 0.00144668 0.0019298468 0.0 14 21.2145662799 2.2782607724 0 0 1 2 6 4 1 0 0 7 
754 2 13.2639 23.8166 8.97548 0.00390299 -2.23482e-04 -6.56724e-04 0.0039641596 0.0 12 18.2503407682 2.3048471407 0 0 0 4 4 4 0 0 0 6 
204 1 12.3564 21.9771 16.1974 1.5423e-04 0.00577143 -0.00202236 0.0061174448 0.0 14 21.8807322074 2.2782607724 0 0 1 1 7 5 0 0 0 6 
477 2 15.145 25.3075 9.89634 -2.3133e-04 -9.29245e-04 0.00230203 0.0024932613 0.0 17 22.4719727189 2.2488507543 0 0 0 3 7 6 1 0 0 7 
191 1 17.985 20.9587 13.3757 5.44614e-04 0.00163327 -8.17242e-04 0.0019057964 0.0 12 19.4443117582 2.097720155 0 0 0 2 8 2 0 0 0 6 
641 1 17.7594 25.485 13.1284 -0.00138857 -6.95522e-04 -9.89901e-04 0.001841679 0.0 17 23.1612144603 2.3121500429 0 0 2 5 2 4 3 0 1 9 
703 1 22.6072 21.1229 10.2964 -0.00259287 -0.00210023 -3.72193e-04 0.0033574497 0.0 15 23.9999520688 2.2469824251 0 0 0 4 6 3 2 0 0 7 
375 2 22.3648 18.5324 15.8739 -1.74092e-04 0.00184806 0.00143536 0.0023464637 0.0 12 16.6419556376 2.1882996053 0 0 0 2 8 2 0 0 0 6 
912 1 25.6077 23.8088 16.644 -3.68798e-04 0.00168965 -8.9447e-04 0.0019470505 0.0 15 21.4894217316 2.2233013085 0 0 0 2 8 5 0 0 0 6 
547 1 19.2763 20.6938 10.6957 -0.00145357 -0.00180249 -0.00285268 0.0036741828 0.0 15 22.1003662899 2.2178917264 0 0 1 2 6 5 1 0 0 7 
836 2 22.2065 26.6475 10.5253 -0.0013571 -0.00370156 0.00480188 0.0062129959 0.0 15 14.6905475545 2.2692325857 0 0 1 3 5 4 2 0 0 7 
170 1 22.9708 21.6348 16.0186 0.00392732 1.80116e-04 -0.00121918 0.0041161492 0.0 17 21.4985652912 2.3458857788 0 0 1 1 8 6 1 0 0 7 
847 1 19.9059 21.6163 15.5764 -1.53967e-05 0.00303354 0.00227299 0.0037906577 0.0 13 20.5585642822 2.3186283278 0 0 1 3 4 4 1 0 0 7 
586 1 21.1409 20.1191 13.6898 -0.00114904 -0.002006 3.15783e-04 0.0023332483 0.0 14 20.8902066681 2.2204464845 0 0 0 2 9 2 1 0 0 7 
550 2 0.340723 18.6319 17.5191 3.2116e-05 -1.75633e-04 -0.00218635 0.0021936282 0.0 13 15.6373034297 2.0999978668 0 0 1 3 5 2 2 0 0 7 
636 2 21.544 25.5897 12.6104 -7.41187e-05 -5.07124e-05 -9.6576e-04 9.6992665022e-04 0.0 11 15.306952508 2.1204315799 0 0 2 2 3 3 1 0 0 7 
868 1 20.9714 18.8385 8.7761 0.00260876 0.00229081 -0.00103621 0.0036231437 0.0 14 22.3706680158 2.2177649294 0 0 2 2 4 4 2 0 0 7 
742 2 26.1172 22.4986 12.4176 -0.00195582 0.00119639 0.00129657 0.0026339466 0.0 15 17.9555538159 2.2221427879 0 0 1 2 5 7 0 0 0 6 
857 2 24.7749 23.7231 13.8777 -0.00177571 0.00315759 -5.00616e-05 0.0036229859 0.0 12 14.5851214156 2.3458857788 0 0 1 1 8 1 1 0 0 7 
348 1 20.9087 25.64 18.3789 -0.00367225 -2.73819e-04 0.00482084 0.0060663741 0.0 14 21.2405002295 2.2650653288 0 0 1 3 5 3 2 0 0 7 
343 1 20.4581 23.0258 13.1953 -0.00159755 0.00167743 0.00132805 0.0026701412 0.0 19 24.8320081798 2.3458857788 0 0 1 2 8 5 3 0 0 7 
344 1 19.5155 26.1321 15.2737 -0.00219364 2.01382e-04 0.00123323 0.0025245727 0.0 16 22.3742602797 2.3444510132 0 0 0 4 5 6 1 0 0 7 
443 2 26.6704 19.3845 14.7392 0.00351569 -0.00144505 5.27441e-04 0.0038375044 0.0 14 17.2341922179 2.3161642919 0 0 1 3 5 3 2 0 0 7 
936 1 25.8244 19.6401 11.4806 -0.00327227 7.16535e-04 -0.00535572 0.0063170333 0.0 15 22.1956729713 2.3154361615 0 0 1 3 4 6 1 0 0 7 
958 1 21.4143 23.9308 16.1802 0.00170371 -4.73379e-04 0.00143436 0.0022768628 0.0 14 21.1204012007 2.3458857788 0 0 2 3 4 2 2 1 0 8 
181 1 21.7071 18.5946 11.6014 8.90422e-04 0.00235407 0.00128976 0.0028280696 0.0 15 22.6117282403 2.2510748033 0 0 2 2 6 2 2 1 0 8 
193 2 25.5339 21.4824 14.6707 0.00280573 0.00404696 0.00139476 0.0051181404 0.0 13 14.9562065303 2.068164235 0 0 0 3 6 4 0 0 0 6 
751 2 23.8798 21.6938 12.9465 0.00174874 -0.00414604 6.1919e-04 0.004542151 0.0 13 18.188262149 2.3412210087 0 0 0 3 7 2 1 0 0 7 
908 1 19.4668 18.5922 15.3632 0.00236797 -0.00202185 0.00180667 0.0035998911 0.0 14 21.6376169774 2.2138195027 0 0 0 3 6 5 0 0 0 6 
525 1 20.7429 23.6285 10.4203 4.13322e-04 -2.39806e-05 5.21947e-04 6.6621229024e-04 0.0 16 23.4447515867 2.284723089 0 0 2 2 6 2 4 0 0 7 
94 2 23.5252 24.2201 11.9737 0.00194714 -0.00303409 -0.00222998 0.004239088 0.0 14 16.228498432 2.2692325857 0 0 0 1 10 3 0 0 0 6 
825 2 24.7663 19.0423 16.6146 -8.07306e-04 6.58059e-04 -0.00122801 0.0016102153 0.0 14 13.4849357236 1.9190037132 0 0 0 4 4 6 0 0 0 6 
821 1 23.976 25.8456 17.4468 9.86365e-04 4.2794e-04 -0.0015713 0.0019039517 0.0 12 20.9488228808 2.184664598 0 0 0 2 8 2 0 0 0 6 
138 2 25.8818 25.3606 12.1726 -0.0014589 -0.00251676 -0.00271615 0.0039799423 0.0 15 15.8626676174 2.218082563 0 0 0 5 3 6 1 0 0 7 
206 2 23.3973 25.488 14.5345 0.00128426 0.00153062 -0.00190347 0.0027595868 0.0 15 19.0665064911 2.3173442603 0 0 1 3 6 3 1 1 0 8 
752 2 23.7282 26.7855 12.5103 -0.00180172 2.99272e-04 1.34433e-04 0.0018313468 0.0 12 14.5860288926 2.1582973895 0 0 0 3 6 3 0 0 0 6 
996 1 26.3302 26.1235 14.8393 -0.00195789 -0.00228955 0.00137563 0.0033117564 0.0 13 20.2477750766 2.153225305 0 0 0 5 2 6 0 0 0 6 
286 2 24.6117 25.8577 10.2234 -0.00410534 -0.00553036 -0.00363791 0.0077892931 0.0 12 12.6751591668 2.267145443 0 0 0 2 8 2 0 0 0 6 
558 2 24.2429 19.5116 14.0298 0.00164021 6.4764e-04 -0.00264234 0.0031767416 0.0 13 17.029051022 2.2439023849 0 0 0 3 6 4 0 0 0 6 
373 2 25.3178 23.8159 10.5096 -0.00194449 -0.00330973 1.50011e-04 0.0038415957 0.0 11 15.1007043523 2.1857604499 0 0 0 4 4 3 0 0 0 6 
284 1 18.618 24.1695 17.1781 -9.50802e-04 0.00131247 3.83078e-04 0.001665338 0.0 13 19.9969477195 2.3444510132 0 0 1 2 6 3 1 0 0 7 
38 1 2.6692 0.401426 22.3656 -8.30034e-04 3.9412e-04 8.91625e-04 0.0012803445 0.0 15 23.4006602898 2.2922068293 0 0 1 4 3 6 0 1 0 8 
892 2 2.75373 -0.223756 1.23254 -1.62675e-05 -0.00173052 -0.00400238 0.0043605057 0.0 12 14.1813877129 2.1219109585 0 0 0 0 12 0 0 0 0 5 
51 1 -0.0819005 1.56299 1.03571 0.0016666 0.00113647 5.02541e-04 0.002078862 0.0 17 22.3122387504 2.1900095074 0 0 2 3 4 6 1 0 1 9 
457 1 1.43087 8.63856 0.455933 -0.00105055 -4.39125e-05 -0.00240467 0.002624504 0.0 14 20.2227143634 2.2475231865 0 0 2 2 3 6 1 0 0 7 
851 1 9.15845 2.97755 18.4241 0.00201359 1.54573e-04 6.3606e-04 0.0021173119 0.0 15 23.9853931415 2.2761416183 0 0 1 3 6 2 3 0 0 7 
301 1 1.26008 0.602302 24.925 -0.00305962 -0.00384337 -0.00399542 0.006332152 0.0 17 23.4781599072 2.2455836306 0 0 0 4 7 3 3 0 0 7 
552 2 8.06311 8.72539 20.8837 -5.11591e-04 0.00276017 0.00361166 0.0045743143 0.0 13 17.0408619968 2.3543917363 0 0 2 1 7 1 1 1 0 8 
807 1 4.21409 7.96076 26.2687 -0.00175279 8.48735e-05 0.00371119 0.0041051684 0.0 15 20.0197969748 2.2238570346 0 0 0 2 9 3 1 0 0 7 
188 2 6.20968 2.2673 25.3827 -0.00213101 -0.00241325 0.00137972 0.0035026571 0.0 16 13.7127917414 2.0777633484 0 0 4 3 1 2 5 1 0 8 
542 1 0.246457 8.62779 23.333 8.01016e-04 0.00132396 0.00313817 0.0034989438 0.0 15 21.8730751829 2.180245589 0 0 1 2 7 3 2 0 0 7 
988 2 5.54392 6.58625 23.8587 0.00233048 -0.00288901 0.00637212 0.0073743765 0.0 14 14.6841073623 2.2260533203 0 0 0 2 8 4 0 0 0 6 
915 1 1.57751 5.94854 17.9141 6.66703e-04 -0.00149838 1.53163e-04 0.0016471474 0.0 14 21.7958123277 2.4285646125 0 0 1 3 4 5 1 0 0 7 
388 1 3.99528 7.79872 19.0228 0.00158483 0.0017798 0.00186541 0.0030264052 0.0 15 22.5917130214 2.4444748203 0 0 0 3 6 6 0 0 0 6 
575 1 6.03514 2.918 18.5935 -9.63832e-04 -0.00465397 -0.00524859 0.0070806854 0.0 14 21.4551005546 2.2469203823 0 0 1 2 7 2 2 0 0 7 
112 1 1.07904 3.51424 25.6627 0.00179675 0.00157719 0.00166488 0.0029133596 0.0 15 21.6008095337 2.2708274122 0 0 1 1 8 4 1 0 0 7 
197 2 4.85851 4.8253 24.9175 -0.00372324 -3.63286e-04 3.10918e-04 0.0037538198 0.0 14 14.6616074496 2.2708274122 0 0 2 2 4 4 2 0 0 7 
426 1 2.30123 6.59897 24.7866 0.00512801 -8.52936e-04 -8.37359e-04 0.0052654683 0.0 15 22.4944526625 2.2708274122 0 0 2 1 6 4 2 0 0 7 
585 1 1.01566 5.70415 21.0488 0.00428516 -0.00227894 -6.85314e-04 0.0049016139 0.0 14 24.3683182755 2.4444748203 0 0 0 1 10 3 0 0 0 6 
613 2 3.88767 2.35974 24.7438 0.00170586 0.00217496 0.00192502 0.0033683989 0.0 15 17.9423927365 2.2464686569 0 0 2 3 3 4 3 0 0 7 
224 2 7.99997 8.05066 0.469177 -0.00182391 1.73473e-04 8.0347e-04 0.0020005761 0.0 14 18.3404847585 2.2240575105 0 0 1 3 4 5 1 0 0 7 
64 1 1.51482 3.18667 22.8331 0.00299574 3.29335e-04 -4.88373e-04 0.0030531014 0.0 16 22.3249538227 2.3222186906 0 0 2 2 5 5 1 1 0 8 
144 2 3.67821 3.41636 20.4528 0.00184575 2.08656e-04 0.00264415 0.0032313866 0.0 14 21.3709738945 2.4444748203 0 0 0 1 10 3 0 0 0 6 
228 2 3.94523 5.1123 22.5838 -0.00185536 0.00428705 -0.00145986 0.0048941138 0.0 15 18.5167886995 2.4444748203 0 0 3 2 3 4 2 1 0 8 
441 1 -0.161844 3.54472 18.8358 -8.84937e-04 -6.53015e-05 -6.75486e-04 0.0011151947 0.0 15 22.5600348215 2.3222186906 0 0 0 2 8 5 0 0 0 6 
468 1 3.05558 7.99433 21.6924 8.48203e-04 -0.00165613 -0.00400161 0.0044130599 0.0 14 23.0339650962 2.4029251196 0 0 0 0 12 2 0 0 0 6 
921 2 6.58653 3.70704 23.3679 -0.00244016 -0.00207302 -0.00235584 0.0039751446 0.0 14 12.35309779 2.0627143668 0 0 3 1 5 2 2 1 0 8 
515 2 4.39333 0.728614 26.5825 -0.0019873 0.00336317 0.00186214 0.0043275673 0.0 12 14.214408408 2.1171993756 0 0 0 4 4 4 0 0 0 6 
942 2 7.06264 5.29235 25.2937 -8.29139e-04 -0.00151692 0.00282674 0.0033134539 0.0 15 17.2347587807 2.1759103788 0 0 1 4 2 7 1 0 0 7 
232 1 2.80847 3.0589 17.7067 -0.00223631 -8.49798e-04 -2.7974e-04 0.002408629 0.0 14 20.9747372577 2.2486692146 0 0 0 4 4 6 0 0 0 6 
671 1 1.75484 1.00762 19.5863 -0.00237435 0.00118475 -0.00287498 0.0039123753 0.0 14 22.2157200813 2.3222186906 0 0 0 5 4 3 2 0 0 7 
422 2 6.34843 1.04979 23.0454 -0.00348228 0.00123318 -0.00252508 0.0044747107 0.0 14 15.7060681187 2.1866495259 0 0 2 4 2 3 2 1 0 8 
900 2 4.70559 2.96426 22.3691 0.00510492 0.00214038 0.00360881 0.0066079455 0.0 13 14.1903202957 2.110281637 0 0 2 2 4 3 2 0 0 7 
433 2 6.68766 6.84667 20.8995 -0.00103516 -0.00153825 -0.00301178 0.0035367482 0.0 14 19.0202623639 2.3041788581 0 0 0 3 7 3 1 0 0 7 
602 2 7.62518 6.08963 22.9721 0.0037908 0.00410178 -0.00348641 0.0065840579 0.0 15 17.3099066831 2.1400962755 0 0 0 2 9 3 1 0 0 7 
83 2 7.43758 2.44828 21.2853 0.00133769 0.00178177 0.00168314 0.002792325 0.0 16 17.5960460662 2.1969813055 0 0 3 3 2 4 3 1 0 8 
765 2 6.83875 7.92198 25.1091 -4.49917e-04 -5.0933e-04 0.00241345 0.002507306 0.0 12 15.5601978318 2.0953112627 0 0 1 2 5 4 0 0 0 6 
61 2 5.93635 4.49929 21.0641 -0.00165098 6.36436e-04 0.00341943 0.0038501022 0.0 13 16.9964943279 2.391445871 0 0 0 3 7 2 1 0 0 7 
1 2 8.12566 0.178978 20.8072 -0.00263076 -0.00322286 0.00172483 0.0045036389 0.0 13 17.0223092771 2.2470179323 0 0 2 3 4 2 1 0 1 9 
835 2 8.11222 1.08624 24.7241 0.00168341 0.00177634 0.00263292 0.0035946517 0.0 14 13.4139951308 2.0703436551 0 0 2 2 5 2 3 0 0 7 
445 2 8.79665 3.37709 23.5994 0.00232112 -0.00644743 -0.00171709 0.0070643719 0.0 13 16.0320496784 2.120426943 0 0 2 2 4 3 2 0 0 7 
205 2 17.1353 5.03511 20.7748 0.00309655 0.00327061 -0.00373835 0.0058532702 0.0 12 15.3623565767 2.1791088939 0 0 0 0 12 0 0 0 0 5 
377 2 13.8239 8.4791 17.7565 -0.00170124 0.00120525 -7.89097e-04 0.0022292418 0.0 14 16.1856273013 2.1607511496 0 0 0 4 4 6 0 0 0 6 
845 2 9.81576 0.692196 26.4519 -0.00135506 0.00143941 -0.00238197 0.0030954596 0.0 13 12.7620878855 1.9775632115 0 0 1 1 9 0 2 0 0 7 
501 2 8.89122 2.9041 25.9982 -1.63745e-04 -0.00115114 -3.48988e-04 0.0012139721 0.0 15 16.6745710328 2.2136586174 0 0 2 1 6 4 2 0 0 7 
820 2 11.5433 6.93494 18.3574 4.62346e-04 -5.79478e-04 -0.00174795 0.0018986542 0.0 13 18.300768961 2.2908902523 0 0 0 3 6 4 0 0 0 6 
82 1 9.83022 5.0184 20.7575 0.00108384 0.00126822 2.82249e-04 0.001691968 0.0 17 24.5681634293 2.2908902523 0 0 0 4 6 5 2 0 0 7 
416 2 14.3704 2.94928 19.5523 -9.75608e-04 9.30552e-04 0.00350943 0.0037594996 0.0 14 15.7274929798 2.2957933024 0 0 0 2 9 2 1 0 0 7 
803 1 9.95678 6.17523 25.2076 -0.00280204 -0.00301031 0.00500859 0.006480692 0.0 18 24.0917439971 2.3026547982 0 0 1 3 7 4 2 1 0 8 
739 1 15.7148 5.70553 25.2957 -0.00192141 0.0015639 -4.92514e-04 0.0025258998 0.0 13 21.4709911213 2.2632000035 0 0 0 1 10 2 0 0 0 6 
156 1 10.7268 7.46142 22.327 5.38799e-04 8.30773e-04 0.0013279 0.0016564439 0.0 13 22.4271658706 2.2711969637 0 0 0 3 6 4 0 0 0 6 
572 1 11.1956 0.789027 18.0436 3.11431e-04 0.00368643 -0.00314726 0.0048571598 0.0 19 25.232412069 2.2957933024 0 0 1 4 6 4 3 1 0 8 
450 2 10.6635 2.10587 24.3585 -7.91864e-04 0.00178991 7.83723e-04 0.0021083283 0.0 14 15.3720382443 2.3026547982 0 0 1 3 3 7 0 0 0 6 
434 2 13.256 5.78409 20.0835 -0.00195022 -0.00356947 -7.82982e-04 0.0041421655 0.0 14 18.7941362253 2.1739518304 0 0 0 2 8 4 0 0 0 6 
186 1 13.5407 7.30153 23.0963 -7.89623e-04 0.00104595 -1.38556e-04 0.0013178443 0.0 15 21.7118189381 2.3767228129 0 0 2 4 2 3 4 0 0 7 
889 1 13.3768 3.91013 24.913 -0.0017895 -1.03388e-05 -0.0014936 0.002330935 0.0 15 21.6421300559 2.3026547982 0 0 0 4 5 5 1 0 0 7 
70 2 12.146 2.82921 20.7517 -0.00157467 0.00518974 -0.00138204 0.0055966974 0.0 13 18.5593053421 2.2957933024 0 0 1 3 4 4 1 0 0 7 
977 2 15.4009 6.70338 20.0522 -0.001851 0.00241389 -0.0011995 0.0032698419 0.0 14 16.4971507848 2.1802122492 0 0 0 4 5 4 1 0 0 7 
69 2 14.9565 4.55712 22.1442 0.00209993 0.00148192 -0.00122265 0.0028461669 0.0 15 19.6215998281 2.1206125348 0 0 0 1 10 4 0 0 0 6 
27 1 12.7055 6.64409 26.3786 -0.00135915 0.00156995 7.58425e-04 0.0022107103 0.0 14 22.6302981727 2.3767533895 0 0 2 0 7 4 1 0 0 7 
179 2 15.5873 4.78452 18.8672 -8.20313e-04 -7.67036e-05 -7.30293e-05 8.2712159861e-04 0.0 14 12.0747863745 1.8196957385 0 0 1 3 6 1 3 0 0 7 
168 1 16.4523 7.18794 23.0362 0.00387676 -0.00150079 2.67867e-04 0.0041657402 0.0 14 20.3574307304 2.15584362 0 0 1 1 8 3 1 0 0 7 
2 2 14.4882 2.11882 22.0501 -0.00292539 5.13134e-04 -0.00167314 0.0034089017 0.0 15 20.5176737892 2.2921491021 0 0 0 3 6 6 0 0 0 6 
997 1 18.3209 1.22031 23.6446 -0.00262544 -3.5677e-04 9.84572e-04 0.0028265884 0.0 13 22.1951447599 2.2172906406 0 0 0 4 4 5 0 0 0 6 
927 1 15.7925 2.60097 24.9921 -8.58289e-04 -0.00260027 0.00106587 0.0029383912 0.0 14 21.4466671293 2.2151145128 0 0 0 3 6 5 0 0 0 6 
423 2 9.48091 8.01209 19.0428 0.00455403 0.00185039 -2.22458e-04 0.0049206321 0.0 14 21.0649218163 2.3722537231 0 0 1 3 5 4 0 1 0 8 
386 2 10.0646 2.04688 21.803 -0.00396081 0.00362621 -1.54441e-05 0.0053700701 0.0 15 17.6913712223 2.2470179323 0 0 1 1 8 4 1 0 0 7 
330 2 12.2706 3.96431 18.6766 -0.00320244 -0.00226586 0.00272122 0.0047743881 0.0 12 17.7517898918 2.2724329945 0 0 0 3 6 3 0 0 0 6 
407 2 12.0102 0.803888 22.2068 -2.96896e-04 -0.00148264 -0.00305911 0.0034124072 0.0 13 16.5595237937 2.2921491021 0 0 1 3 3 6 0 0 0 6 
646 2 16.4432 2.8213 20.9957 0.00224698 -9.79438e-04 -0.00173807 0.003004847 0.0 13 17.5586030424 2.1888479919 0 0 0 3 6 4 0 0 0 6 
378 2 12.9241 0.706192 24.4417 -0.00364975 -0.00107597 0.00297292 0.0048287307 0.0 14 17.3561380068 2.1972041838 0 0 1 3 4 5 1 0 0 7 
873 1 11.6191 4.95499 23.0174 0.00385798 -3.62395e-04 0.00351359 0.0052307413 0.0 16 22.1460759228 2.2921491021 0 0 2 4 3 3 3 1 0 8 
909 1 16.1984 8.53653 26.124 0.00102025 0.00258591 -0.00318799 0.0042297897 0.0 16 21.284241374 2.3767533895 0 0 2 3 4 4 2 1 0 8 
969 2 17.5807 3.38602 19.0311 -0.00116256 -0.00267869 -0.00170129 0.0033795434 0.0 13 14.6700287981 2.1888479919 0 0 1 3 4 4 1 0 0 7 
922 1 17.9245 4.52783 23.7815 0.00148774 -0.00173088 0.00141285 0.002684299 0.0 13 21.0587553462 2.1684507735 0 0 0 1 10 2 0 0 0 6 
4 1 20.068 3.31794 22.5432 -0.00249532 0.00297601 -0.00231409 0.0045208705 0.0 16 22.5772236606 2.1888479919 0 0 0 2 8 6 0 0 0 6 
325 1 19.5802 6.6455 22.4704 2.57783e-04 -0.0010368 -6.67395e-04 0.0012596914 0.0 13 20.9284832069 2.1125018485 0 0 0 1 10 2 0 0 0 6 
134 1 18.431 7.27403 25.1815 -0.00524266 -3.73698e-04 0.00274555 0.0059298549 0.0 13 21.557674711 2.2191724025 0 0 1 0 9 3 0 0 0 6 
903 1 22.9015 6.17094 26.3774 -8.77118e-04 8.9558e-04 0.00504945 0.0052027248 0.0 14 21.0297554187 2.3287219315 0 0 1 4 3 4 2 0 0 7 
300 1 25.5241 2.15588 23.9786 0.00221045 9.42944e-04 -0.00187589 0.0030486384 0.0 14 20.6957162671 2.2455836306 0 0 1 1 8 3 1 0 0 7 
481 1 18.3169 0.489985 17.6584 0.001599 0.00299986 -0.00113872 0.0035850585 0.0 15 21.3865627801 2.2271949033 0 0 1 3 5 4 2 0 0 7 
484 2 20.1133 7.89606 19.5495 0.00418348 -5.17254e-04 -0.00446684 0.0061418007 0.0 14 17.3360031828 2.1809727203 0 0 0 1 10 3 0 0 0 6 
153 1 25.9298 6.35118 26.3436 -0.00299907 -6.04656e-04 0.00174749 0.0035233153 0.0 16 22.5352227275 2.2475231865 0 0 0 5 2 9 0 0 0 6 
393 1 21.2968 2.75385 19.6014 0.00285399 -6.87591e-04 3.09634e-04 0.0029519339 0.0 16 24.3759808707 2.2888296549 0 0 3 2 4 4 2 0 1 9 
864 1 21.4095 0.550085 23.1277 -0.00144176 -0.00252222 9.29724e-04 0.0030503528 0.0 13 22.1697871134 2.2888296549 0 0 0 3 6 4 0 0 0 6 
440 1 24.5427 26.3515 23.0428 -0.00160985 0.00252929 -0.00184452 0.0035201106 0.0 14 21.647489973 2.2437693817 0 0 0 2 8 4 0 0 0 6 
571 1 26.2353 1.07889 21.0045 -0.00169955 0.00213953 -1.59505e-04 0.0027370606 0.0 14 22.8327649971 2.2645381217 0 0 0 4 4 6 0 0 0 6 
96 2 17.9445 7.25003 19.4935 7.05868e-04 -8.23369e-04 0.00199588 0.0022715024 0.0 13 15.0209064254 2.1809727203 0 0 0 1 10 2 0 0 0 6 
907 1 25.1504 7.01742 21.1662 -2.06081e-04 -0.00185789 -0.0041566 0.0045575814 0.0 14 22.9397632803 2.2633886893 0 0 0 2 8 4 0 0 0 6 
244 1 25.0481 3.48833 -0.155246 -0.00361938 0.00195562 -0.00423773 0.0059061592 0.0 14 20.5073923577 2.1900095074 0 0 0 4 5 4 1 0 0 7 
307 1 24.2574 7.81013 23.7646 4.64209e-04 0.00325991 -1.84069e-04 0.0032979364 0.0 13 20.9604154269 2.1587958386 0 0 0 5 2 6 0 0 0 6 
463 1 21.3918 7.74706 24.5595 2.11972e-04 -0.00170588 0.00208964 0.002705837 0.0 14 21.1805682527 2.3266151753 0 0 0 3 6 5 0 0 0 6 
328 1 22.5124 2.30562 25.029 -0.00318642 -0.00175617 -8.70838e-04 0.0037410913 0.0 15 21.8090755267 2.2447159608 0 0 2 1 7 2 3 0 0 7 
246 1 18.63 9.14216 22.8368 0.00126883 9.13219e-04 9.41354e-05 0.001566129 0.0 17 20.2889710401 2.1809727203 0 0 0 4 6 5 2 0 0 7 
582 2 22.6894 7.50491 18.4847 -0.00356743 -0.00273986 0.00278222 0.0052890583 0.0 14 17.1518271964 2.1424039677 0 0 2 2 4 4 2 0 0 7 
508 1 26.5999 5.18129 23.6744 0.00208616 -0.00307495 0.00380465 0.0053181522 0.0 13 20.6609480709 2.1590172893 0 0 1 2 5 5 0 0 0 6 
338 1 24.6096 0.462709 25.9305 -0.00353956 0.00251525 3.65454e-04 0.0043575824 0.0 13 20.8381872781 2.2437693817 0 0 2 1 6 2 2 0 0 7 
993 1 22.0171 5.44232 21.4798 0.00300489 9.958e-05 1.47818e-04 0.0030101711 0.0 16 23.7411524146 2.1587958386 0 0 0 3 7 5 1 0 0 7 
259 1 19.735 2.32798 25.7938 -0.00419401 4.33699e-04 -0.00205218 0.0046892705 0.0 16 22.6544950496 2.2419841749 0 0 1 4 5 3 2 1 0 8 
241 1 20.5526 4.73703 24.739 0.00383577 -9.90748e-04 -8.33586e-04 0.0040484045 0.0 13 21.1203268307 2.1416254201 0 0 0 3 6 4 0 0 0 6 
480 1 22.2906 8.50992 21.7279 0.00166289 -0.00399064 3.911e-04 0.0043408951 0.0 15 23.0931987421 2.1815848256 0 0 0 1 10 4 0 0 0 6 
651 1 25.6928 6.6517 18.2809 3.81465e-04 0.00173825 -8.30522e-04 0.0019638726 0.0 15 21.326527194 2.2633886893 0 0 1 2 7 3 2 0 0 7 
240 1 25.4146 3.90471 21.5437 0.0027136 0.00211601 0.00135616 0.003698688 0.0 13 19.5646465605 2.2086996532 0 0 0 3 6 4 0 0 0 6 
287 1 19.0706 0.958639 20.411 0.00166535 -9.6055e-04 -0.00193476 0.0027275159 0.0 16 23.8382313039 2.2888296549 0 0 3 1 6 3 2 0 1 9 
599 1 23.8875 4.65022 19.4844 1.09472e-04 1.35694e-04 -0.00116436 0.0011773407 0.0 13 20.7193046941 2.167013931 0 0 1 4 2 5 1 0 0 7 
34 1 23.6644 4.74961 23.8734 0.00157474 0.00318457 9.58241e-05 0.0035539379 0.0 15 22.5694441946 2.1654210909 0 0 1 4 4 3 3 0 0 7 
18 1 23.1909 2.06884 21.8246 2.40171e-04 -0.00222243 0.00129993 0.0025858645 0.0 13 21.7397778382 2.2474020833 0 0 0 1 10 2 0 0 0 6 
159 2 19.3652 5.02174 19.5919 -0.00306009 -0.00404387 -0.0029882 0.0058861171 0.0 13 16.7754488813 2.1808440066 0 0 2 1 6 2 2 0 0 7 
12 1 24.3455 1.87615 18.7955 -0.00268565 -0.00186504 0.00161748 0.0036479216 0.0 14 22.2364995604 2.2635303343 0 0 0 3 6 5 0 0 0 6 
934 1 7.31843 17.9685 25.3998 -0.0024864 0.0011709 -0.00187571 0.0033273833 0.0 15 21.9309510456 2.2773857433 0 0 0 4 5 5 1 0 0 7 
97 1 4.86838 16.3515 25.9022 -0.00275419 -0.00221589 9.11012e-04 0.0036504348 0.0 15 21.5693112085 2.2773857433 0 0 1 3 4 6 1 0 0 7 
297 2 4.70696 10.488 22.3029 -5.35436e-04 0.00417206 0.00109351 0.0043460949 0.0 12 17.4413761423 2.1785669018 0 0 0 2 8 2 0 0 0 6 
46 2 7.02699 10.796 22.4965 -9.05281e-04 -7.7246e-04 -0.00186385 0.0022113717 0.0 12 15.6397617443 2.1107744231 0 0 0 0 12 0 0 0 0 5 
759 1 5.40063 14.6367 18.35 -0.00119767 3.54207e-04 8.22478e-04 0.0014954418 0.0 15 21.9507302807 2.2916320515 0 0 2 2 5 3 3 0 0 7 
402 1 3.86385 13.1619 20.3339 9.36439e-04 7.5324e-04 0.00154388 0.0019564902 0.0 16 23.5272602655 2.2916320515 0 0 2 4 3 4 1 2 0 8 
1000 2 6.82125 10.5387 26.5842 0.00299563 0.00458031 -0.0014665 0.0056660093 0.0 13 15.9125768478 2.1359177022 0 0 1 1 8 2 1 0 0 7 
408 1 0.753183 14.5738 23.6717 1.46556e-04 2.68256e-04 0.00285735 0.0028736543 0.0 13 20.038296803 2.2451449621 0 0 0 1 10 2 0 0 0 6 
608 1 5.76703 17.074 23.0727 0.0042198 1.50133e-04 2.29079e-04 0.0042286794 0.0 12 20.3730853748 2.2272491269 0 0 1 3 5 1 2 0 0 7 
472 1 1.05456 16.8522 25.258 5.66027e-04 -9.34981e-04 0.00116833 0.0015998659 0.0 15 22.2134427792 2.1747681155 0 0 0 2 8 5 0 0 0 6 
604 1 1.62225 15.3759 20.9565 9.9108e-04 3.44628e-04 -0.00521523 0.0053197398 0.0 15 21.3720988047 2.2923056774 0 0 0 3 6 6 0 0 0 6 
45 1 2.63749 9.61388 24.3714 0.00119001 0.00103515 0.00280727 0.0032200038 0.0 15 21.0720795833 2.2260533203 0 0 0 2 8 5 0 0 0 6 
631 1 2.17917 13.9322 18.1585 -0.00482109 0.00511542 -8.91075e-04 0.0070855095 0.0 16 23.3450668822 2.1854917516 0 0 1 3 5 6 0 1 0 8 
632 1 6.70473 12.6945 20.1055 0.0016835 0.00108379 -3.81601e-04 0.0020382327 0.0 15 22.0107048936 2.2127942295 0 0 3 2 3 4 2 1 0 8 
767 1 3.17743 10.5452 18.6063 -0.00207271 -0.00365948 0.00563686 0.0070329305 0.0 17 23.4594901234 2.2663003111 0 0 3 3 3 4 2 2 0 8 
906 2 5.52042 10.5272 24.6757 0.00215339 -0.0027393 -0.00214373 0.0040910184 0.0 15 17.3473380094 2.2260533203 0 0 1 1 8 4 1 0 0 7 
279 2 6.17989 8.67966 22.5544 0.00226531 -0.00249174 0.00220787 0.0040267962 0.0 12 13.4095416251 2.2260533203 0 0 0 2 8 2 0 0 0 6 
417 1 3.50764 15.4725 23.5081 -6.94233e-04 -0.00130111 0.00287871 0.0032344734 0.0 14 20.2772220308 2.2307626489 0 0 0 4 4 6 0 0 0 6 
237 1 4.35616 16.0723 20.6781 -0.00276156 -0.00226895 -8.66536e-04 0.0036776667 0.0 16 21.3698397537 2.2087874386 0 0 2 4 2 4 4 0 0 7 
291 2 5.94823 9.6829 20.2478 1.45322e-04 0.00371675 0.00156654 0.0040360125 0.0 15 19.9722715758 2.3722537231 0 0 2 0 7 5 1 0 0 7 
645 1 7.65522 16.6532 18.8054 -4.43314e-05 -0.00293154 0.00199444 0.0035459389 0.0 14 20.4834434299 2.2087874386 0 0 1 2 7 2 2 0 0 7 
424 1 5.59367 13.5425 23.1759 -0.0037656 7.70618e-06 0.00208993 0.0043066936 0.0 15 22.3716575982 2.1693377167 0 0 0 2 8 5 0 0 0 6 
35 2 2.08679 10.8175 21.6432 0.00224858 -1.57665e-05 -3.15914e-04 0.0022707184 0.0 12 19.3378686322 2.1660447101 0 0 1 2 6 2 1 0 0 7 
957 2 7.71427 11.7861 24.6365 -0.00174311 -0.00215377 0.00418408 0.0050183347 0.0 14 17.708124156 2.4093053403 0 0 2 2 6 2 1 0 1 9 
849 1 2.86695 12.7713 24.0794 0.00180017 0.00185318 0.00358708 0.004420637 0.0 15 22.0579846482 2.2539760729 0 0 0 1 10 4 0 0 0 6 
185 1 7.55038 14.933 21.5813 -0.00218769 -8.42909e-04 -1.90105e-04 0.0023521528 0.0 12 20.3029428454 2.2087874386 0 0 2 2 4 2 2 0 0 7 
595 1 8.12208 17.8503 21.5555 -0.00132696 -0.00134758 0.00168069 0.0025301213 0.0 16 21.1290460985 2.2385780892 0 0 0 4 4 8 0 0 0 6 
66 1 7.91964 15.0123 24.7596 -0.00467388 1.18103e-04 -0.00163397 0.0049526721 0.0 15 21.5078115429 2.2385780892 0 0 0 1 10 4 0 0 0 6 
810 1 2.59993 14.4421 26.1593 0.00400024 -7.22557e-04 3.95657e-05 0.0040651659 0.0 13 20.1055919245 2.2110806535 0 0 1 2 5 5 0 0 0 6 
537 1 5.67839 13.4038 26.202 0.00242929 -0.00239872 0.00370393 0.0050373014 0.0 15 22.1198382107 2.1837906267 0 0 0 2 8 5 0 0 0 6 
877 1 13.4996 12.8063 18.2278 -0.003806 0.00294139 0.00333838 0.0058550997 0.0 14 22.5625589123 2.2018205701 0 0 0 1 10 3 0 0 0 6 
36 2 8.11946 9.04251 23.4343 -0.00115457 -3.46693e-04 0.00165479 0.0020473294 0.0 13 15.6122858929 2.1588144265 0 0 1 2 6 3 1 0 0 7 
280 1 9.31615 11.5025 19.4456 -8.93883e-04 -0.0024436 0.00331438 0.0042137065 0.0 14 20.3934297941 2.3289825863 0 0 0 2 9 2 1 0 0 7 
253 1 11.2838 11.6658 26.3813 7.79132e-04 9.20226e-04 0.00180424 0.0021700563 0.0 15 22.5091711343 2.4220912808 0 0 1 2 6 5 1 0 0 7 
268 1 9.53738 14.3864 19.6835 -7.11924e-04 9.71846e-05 -7.99344e-04 0.0010748169 0.0 15 20.0536819179 2.2129388928 0 0 1 2 6 5 1 0 0 7 
834 1 12.0313 17.9635 22.283 -8.01224e-04 -2.57992e-04 -5.36929e-04 9.9840498861e-04 0.0 15 24.3287991362 2.2850164063 0 0 0 5 3 6 1 0 0 7 
218 1 10.4872 13.9208 25.0302 0.00145602 0.0026696 -0.00122899 0.0032798132 0.0 13 20.184972879 2.4238870368 0 0 0 1 10 2 0 0 0 6 
263 1 14.2981 17.8467 20.4446 -0.0025184 3.90969e-04 0.00283812 0.003814462 0.0 16 24.341098141 2.2481661452 0 0 0 4 5 6 1 0 0 7 
499 2 15.007 16.6143 23.287 -3.79096e-04 -0.00140158 0.00151845 0.0021009119 0.0 14 19.6034798099 2.1478372388 0 0 2 3 3 4 1 1 0 8 
381 2 15.4413 10.4146 18.2626 -0.00221199 0.00442244 7.73977e-04 0.0050049891 0.0 14 15.981213743 2.1802122492 0 0 0 2 8 4 0 0 0 6 
380 1 12.0567 15.3578 19.6404 -0.00212222 6.68993e-04 1.80686e-04 0.0022324912 0.0 14 23.1247955191 2.2082513189 0 0 0 2 8 4 0 0 0 6 
796 1 15.0662 14.6381 20.7459 8.03953e-04 0.00300278 0.00392672 0.0050082091 0.0 14 23.7628660431 2.1550160382 0 0 0 1 10 3 0 0 0 6 
311 1 12.1645 16.5704 25.2911 0.00326052 -3.3282e-04 -0.0013815 0.0035567263 0.0 14 23.2221744835 2.247910456 0 0 0 3 6 5 0 0 0 6 
103 2 17.7823 9.71029 18.77 3.89517e-04 -0.00155839 0.00421834 0.0045138338 0.0 14 16.2167317956 2.2283589996 0 0 1 3 5 3 2 0 0 7 
840 1 12.4384 14.6778 22.3648 -0.00132572 0.00251505 -2.77628e-04 0.0028565867 0.0 15 22.5091379539 2.1478372388 0 0 0 3 6 6 0 0 0 6 
317 2 16.6914 12.393 18.5935 -0.00206798 -0.00207705 -0.00180651 0.0034429865 0.0 15 18.8195768518 2.2283589996 0 0 0 3 6 6 0 0 0 6 
194 1 14.9792 9.79837 23.6933 0.00254242 0.00256482 -0.00239885 0.0043355141 0.0 15 23.4523542457 2.3767533895 0 0 2 1 7 3 1 1 0 8 
302 1 11.5583 10.1767 18.5919 3.93968e-04 3.62092e-04 0.00338874 0.0034307259 0.0 16 21.8666042112 2.2649276954 0 0 0 4 6 4 2 0 0 7 
469 1 13.2825 14.0499 25.8167 -5.78527e-04 5.33304e-04 -0.0028284 0.0029358054 0.0 14 22.1776019577 2.2838461178 0 0 0 2 8 4 0 0 0 6 
478 1 15.1885 13.3621 23.623 0.00562395 -0.00149337 -0.00361909 0.0068525017 0.0 13 22.6327766743 2.2808054963 0 0 0 1 10 2 0 0 0 6 
455 1 11.8447 12.4933 20.6061 -0.00327404 -0.0029739 -0.00230369 0.0049870238 0.0 13 19.7178488553 2.1350029057 0 0 0 2 8 3 0 0 0 6 
500 1 12.4494 11.8772 23.5538 0.00173627 -0.00125883 0.00378591 0.0043511379 0.0 15 23.7213516035 2.4238870368 0 0 1 0 10 3 1 0 0 7 
530 1 10.5366 10.385 22.01 -7.13044e-04 -0.00546748 1.89034e-04 0.0055170194 0.0 14 22.518837054 2.4074464503 0 0 0 2 8 4 0 0 0 6 
956 1 9.37209 13.0622 22.4203 0.00179668 0.00206071 -0.00371096 0.0046093176 0.0 15 21.4566891455 2.4238870368 0 0 0 1 10 4 0 0 0 6 
720 2 9.00867 9.95539 25.5499 0.00548477 0.00174522 0.00241116 0.0062403676 0.0 16 17.6578944869 2.4238870368 0 0 2 3 5 3 2 0 1 9 
939 1 9.90911 15.8644 22.6763 0.00101013 -0.0020087 0.00112421 0.0025137793 0.0 13 20.953714399 2.2318742551 0 0 0 4 4 5 0 0 0 6 
925 1 14.5051 11.6074 20.8917 -0.00113611 -0.00135735 -0.00452181 0.004855915 0.0 13 21.7485261846 2.1615576214 0 0 0 2 8 3 0 0 0 6 
133 1 16.4007 9.58249 21.3251 -0.00346838 -0.00167697 0.00400169 0.0055547647 0.0 14 20.2830099423 2.1819348808 0 0 2 2 3 6 1 0 0 7 
29 1 13.2764 8.96173 20.9093 0.00198069 -0.00220502 0.0021125 0.0036397668 0.0 17 23.877220189 2.2711969637 0 0 1 2 7 5 2 0 0 7 
63 1 17.4094 14.9967 22.7994 -0.00329482 0.00118927 9.42063e-04 0.0036273523 0.0 14 20.3530762686 2.1467931852 0 0 1 3 4 5 1 0 0 7 
545 2 15.8172 15.8074 25.6918 0.00232706 0.00177872 -9.21095e-04 0.0030704184 0.0 15 17.8987364967 2.2808054963 0 0 2 4 2 4 2 1 0 8 
262 1 11.8365 8.89408 24.5288 0.00111748 -0.00201452 -0.00324568 0.0039801371 0.0 16 23.3151045022 2.3767533895 0 0 3 2 3 4 4 0 0 7 
255 1 9.66549 16.6587 26.5346 -0.00149984 -0.0017838 0.00254459 0.0034505653 0.0 14 20.7206001085 2.2297375553 0 0 1 3 4 5 1 0 0 7 
372 2 18.0644 17.0307 24.914 1.9186e-04 0.00157325 7.45135e-05 0.0015866563 0.0 14 17.8431721641 2.2193635732 0 0 2 3 2 5 2 0 0 7 
626 1 17.1772 16.8187 20.3467 -0.00140782 -9.92251e-04 -0.00112408 0.0020567146 0.0 13 21.0675810697 2.2040284133 0 0 0 3 6 4 0 0 0 6 
164 1 17.3241 12.0157 22.326 -5.12072e-04 0.00132091 1.61556e-04 0.0014258756 0.0 14 21.1770915619 2.2283589996 0 0 1 1 7 5 0 0 0 6 
363 1 17.7759 10.9014 25.0314 0.00109083 -6.14547e-04 -3.5138e-04 0.0013004022 0.0 14 20.8533692908 2.1784977514 0 0 2 2 4 4 2 0 0 7 
581 1 22.1806 15.3796 22.5593 0.00409432 -5.29729e-04 -5.37224e-04 0.0041632534 0.0 15 22.4953911734 2.2715466647 0 0 0 0 12 3 0 0 0 6 
379 1 22.6969 11.8335 21.5261 0.00118261 -0.00196606 0.00194519 0.0030079432 0.0 15 21.8187905718 2.1815848256 0 0 0 1 10 4 0 0 0 6 
68 1 1.03578 8.61266 19.7718 0.00188094 5.1823e-04 -0.00229302 0.0030107206 0.0 14 23.0189842944 2.2727439912 0 0 1 1 7 5 0 0 0 6 
227 2 26.4953 17.3454 19.3669 0.00114838 -0.00166479 7.29808e-04 0.0021500982 0.0 11 15.0148506973 2.1544844046 0 0 0 4 4 3 0 0 0 6 
335 1 26.673 17.32 22.6947 4.38302e-05 -0.00179751 -5.37146e-04 0.0018765631 0.0 16 21.6277887971 2.2923056774 0 0 0 4 5 6 1 0 0 7 
747 2 0.690174 12.4164 21.0964 -0.00410572 2.43073e-04 -0.00185645 0.0045124747 0.0 14 19.5370711476 2.2539760729 0 0 1 3 5 3 2 0 0 7 
559 2 0.0437845 11.616 23.56 -0.0015957 -0.00408182 -0.0028695 0.0052384676 0.0 12 18.7913155528 2.1592037787 0 0 0 0 12 0 0 0 0 5 
644 2 23.7087 15.2273 17.5328 -8.3153e-04 0.00175724 -6.77036e-05 0.0019452296 0.0 14 11.4428033507 1.8508264454 0 0 0 2 8 4 0 0 0 6 
242 1 17.9758 13.5321 25.3595 -1.6769e-04 0.00219191 0.00223374 0.0031340363 0.0 14 20.9467641576 2.2808054963 0 0 0 2 8 4 0 0 0 6 
93 1 20.1036 12.8852 22.9717 0.00325411 -4.83388e-05 -0.00229899 0.0039845857 0.0 15 19.9046006084 2.1467931852 0 0 0 3 6 6 0 0 0 6 
383 1 20.3703 14.9487 24.8777 7.96957e-04 0.00237544 3.58076e-04 0.0025310223 0.0 16 21.1640112827 2.254749952 0 0 1 4 5 3 2 1 0 8 
438 2 19.7914 10.1543 17.5314 0.00286563 -1.02921e-04 0.00324897 0.004333386 0.0 13 12.3265721218 1.9658199875 0 0 0 1 10 2 0 0 0 6 
320 1 23.0872 9.00148 26.3987 -3.84507e-04 -0.00333388 4.8083e-05 0.0033563244 0.0 14 20.9771776386 2.2980167027 0 0 1 3 6 2 1 1 0 8 
606 2 -0.0859785 11.6907 18.6919 -0.00307477 0.00248853 -8.92205e-04 0.0040549996 0.0 14 20.131962892 2.2727439912 0 0 2 2 4 4 2 0 0 7 
650 2 23.8499 9.55376 18.4411 -5.99252e-04 -0.00111642 0.00218392 0.0025248769 0.0 16 18.088017715 2.2727439912 0 0 1 2 7 4 2 0 0 7 
107 2 21.7276 9.86697 18.9073 0.00112757 -0.00111295 3.64085e-04 0.0016256167 0.0 11 14.6749256511 2.1714109926 0 0 1 2 6 1 1 0 0 7 
806 1 25.9985 9.44188 25.6823 4.85812e-04 0.0033558 0.00399383 0.005239092 0.0 15 19.9754645385 2.1850191289 0 0 1 3 5 4 2 0 0 7 
959 2 18.0817 13.8879 20.025 9.47732e-04 0.00521466 -0.00460088 0.0070184736 0.0 13 18.0240760861 2.1900044795 0 0 0 5 3 4 1 0 0 7 
598 1 20.3289 12.1949 25.875 -0.00122467 -0.00302679 -8.66129e-04 0.0033780843 0.0 13 20.2580461489 2.2303999128 0 0 1 2 5 5 0 0 0 6 
628 1 22.6371 13.0851 24.2679 5.70677e-04 -0.00422686 -7.91451e-04 0.0043380194 0.0 14 19.9565315788 2.2275608585 0 0 0 2 8 4 0 0 0 6 
783 2 19.2122 12.4855 18.1602 -0.00172178 0.00119706 -1.99562e-04 0.0021064909 0.0 12 13.5575529968 2.1345728176 0 0 0 4 4 4 0 0 0 6 
229 2 23.2403 14.4817 19.5892 -0.00141646 0.00125347 -8.3344e-04 0.0020669224 0.0 12 14.891918038 2.0259146072 0 0 0 2 8 2 0 0 0 6 
62 1 19.8012 10.8867 21.0836 0.00362362 -0.00209479 4.88559e-04 0.0042139598 0.0 16 21.4596949403 2.2283589996 0 0 1 2 7 4 2 0 0 7 
154 1 25.3498 10.003 21.2685 -6.51453e-04 0.00407971 0.00413178 0.0058429471 0.0 14 23.5570752754 2.2627319045 0 0 0 3 6 5 0 0 0 6 
136 2 25.4543 12.6392 25.2926 0.00212975 -0.00196443 0.00367503 0.0046798147 0.0 12 17.1865795481 2.2110419974 0 0 0 0 12 0 0 0 0 5 
619 1 23.889 10.6152 23.813 0.00159963 -0.0026032 0.00164828 0.0034716413 0.0 14 19.6482709968 2.1761004067 0 0 0 2 8 4 0 0 0 6 
77 1 24.8503 13.6002 22.1631 -0.00250625 5.559e-05 -0.00150872 0.0029258529 0.0 16 22.0649418882 2.2923056774 0 0 0 1 10 5 0 0 0 6 
216 1 25.045 15.6235 24.1509 0.00136616 -0.00186596 0.00362677 0.0043013557 0.0 14 21.4005513159 2.1738610385 0 0 0 1 10 3 0 0 0 6 
989 2 22.1875 16.6161 19.2286 0.00166133 0.00216335 7.76397e-04 0.0028359995 0.0 14 16.8525048959 2.210479204 0 0 0 3 7 3 1 0 0 7 
155 1 22.9143 16.7162 25.6863 0.00186648 -0.00253621 -0.00230724 0.0039037758 0.0 14 21.4527969486 2.2492912723 0 0 1 1 8 3 1 0 0 7 
184 2 25.9151 14.4619 19.3475 -0.00220313 -7.99523e-04 9.83286e-04 0.0025416275 0.0 13 17.5244411053 2.2681729265 0 0 0 4 4 5 0 0 0 6 
736 2 24.3392 12.2817 18.6598 -9.61337e-04 5.0494e-04 0.00441218 0.0045438382 0.0 15 16.0040916947 2.2010621186 0 0 1 3 4 6 1 0 0 7 
74 1 19.6385 16.5389 21.9322 8.69508e-04 0.00457508 -0.00106711 0.0047776694 0.0 15 22.0162159599 2.1753043222 0 0 0 4 5 5 1 0 0 7 
594 1 21.0292 10.3593 23.6767 0.0028395 0.00110349 3.3928e-04 0.003065218 0.0 13 19.906536017 2.2238321542 0 0 0 3 6 4 0 0 0 6 
756 2 20.6164 13.9086 20.2454 -0.00213478 -4.92034e-04 -0.00243799 0.0032776788 0.0 14 17.511921822 2.1467931852 0 0 1 1 8 3 1 0 0 7 
686 2 21.4666 12.295 18.386 6.41813e-04 0.00206556 -7.70619e-04 0.0022961524 0.0 13 13.7569882177 1.9948772592 0 0 1 0 9 3 0 0 0 6 
563 2 24.3424 16.4059 20.684 2.1839e-04 -0.00250163 0.0036889 0.0044624915 0.0 14 19.0306327921 2.2923056774 0 0 0 4 4 6 0 0 0 6 
566 2 4.29783 23.3715 25.6785 0.00168435 -0.00110745 0.00223917 0.0030128662 0.0 13 14.8506838209 2.1223956013 0 0 0 4 4 5 0 0 0 6 
31 1 6.18956 21.4427 20.6276 -6.87352e-04 0.00160912 8.97579e-04 0.0019665625 0.0 13 20.4205680865 2.1580977007 0 0 0 3 6 4 0 0 0 6 
333 2 2.83809 21.5892 24.7433 6.91374e-04 -4.90319e-04 0.00173546 0.0019313809 0.0 13 16.9204839905 2.2536909964 0 0 0 1 10 2 0 0 0 6 
930 1 3.53842 23.8338 22.5262 -0.00338318 -3.10169e-04 0.00245734 0.0041929264 0.0 16 23.6403794939 2.2915935564 0 0 1 1 8 5 1 0 0 7 
692 2 0.948165 19.9002 23.9084 0.00247906 -0.00386082 -3.90773e-04 0.0046048206 0.0 14 19.6224731925 2.1745579228 0 0 1 3 4 5 1 0 0 7 
506 1 3.46192 18.2253 24.3068 0.00134486 -0.00232 7.96479e-04 0.0027973965 0.0 16 22.2456008904 2.2094986685 0 0 1 4 3 6 2 0 0 7 
705 1 3.93444 22.6325 19.6338 0.0013915 -0.00117097 -0.00208386 0.0027658481 0.0 13 22.1221487558 2.2580623828 0 0 0 3 6 4 0 0 0 6 
374 1 5.88086 20.1261 23.9113 -0.00311098 8.17866e-04 0.00526313 0.0061682768 0.0 15 23.3593199227 2.2522212898 0 0 0 5 4 4 2 0 0 7 
399 1 6.53328 22.9445 23.3452 -0.00275755 0.00119224 8.25432e-05 0.0030053838 0.0 16 22.7512976545 2.2536909964 0 0 0 4 5 6 1 0 0 7 
456 1 8.47152 20.4652 22.4381 -8.82463e-04 0.00305946 3.32742e-04 0.0032015236 0.0 13 20.1223510885 2.1685605495 0 0 0 3 6 4 0 0 0 6 
430 2 7.61954 25.4849 26.0629 0.00232949 0.00420241 0.00503915 0.0069627442 0.0 15 16.0417014823 2.2528191466 0 0 1 0 10 3 1 0 0 7 
157 2 3.60312 25.8494 25.2031 -9.33682e-04 0.00220271 -0.00412562 0.0047691125 0.0 13 15.2168381325 2.1548429598 0 0 0 3 7 2 1 0 0 7 
130 1 7.96584 19.7388 19.4858 -0.00117937 0.00188952 9.31883e-04 0.0024144576 0.0 13 20.3114001143 2.2303544339 0 0 0 2 8 3 0 0 0 6 
953 1 2.50344 25.012 19.9063 -0.00194534 -0.00196341 0.00255257 0.0037623052 0.0 14 22.5730267178 2.2480626312 0 0 1 4 3 4 2 0 0 7 
295 2 0.788899 22.1757 23.4096 0.00235768 0.00355365 -0.00122417 0.0044368542 0.0 12 17.1923781479 2.057429822 0 0 0 2 8 2 0 0 0 6 
511 1 5.41132 18.7845 20.9304 3.93984e-04 4.074e-04 0.00592631 0.0059533477 0.0 15 21.2352471575 2.1979263337 0 0 0 5 2 8 0 0 0 6 
707 1 3.43648 20.6283 21.8023 -0.00178389 -0.00288858 0.00114452 0.0035827481 0.0 15 22.4983689844 2.2536909964 0 0 2 3 3 5 1 1 0 8 
946 2 0.468382 22.0066 18.7947 -0.0017658 -0.00107838 7.03935e-05 0.0020702435 0.0 15 19.5465830901 2.3587528742 0 0 1 4 3 5 2 0 0 7 
648 1 2.09614 18.1652 21.0781 -5.44647e-04 4.95627e-04 2.82097e-04 7.8858429806e-04 0.0 15 21.2490504593 2.2145775501 0 0 2 4 2 3 4 0 0 7 
685 1 6.05415 24.5475 20.9633 -0.00109618 -0.00123548 3.25312e-04 0.0016834041 0.0 15 23.0106731994 2.2960402866 0 0 1 2 8 2 1 1 0 8 
852 2 1.57908 23.9196 25.4387 -0.00525497 -7.88957e-04 0.00174938 0.0055944163 0.0 13 16.2038594026 2.1993884867 0 0 0 1 10 2 0 0 0 6 
316 2 0.0170063 19.6015 19.6087 -0.00116346 0.00203495 8.35589e-04 0.0024885477 0.0 14 14.6040139726 2.2121790522 0 0 2 3 2 5 2 0 0 7 
731 1 7.7217 22.8441 18.2496 -6.16706e-04 -4.81922e-04 -0.0039866 0.0040627029 0.0 15 23.4754232503 2.2960402866 0 0 1 2 8 2 1 1 0 8 
507 1 9.51765 23.3484 23.8899 -1.55487e-04 0.00116064 -0.00163914 0.0020144581 0.0 15 21.4244013118 2.2528191466 0 0 0 5 3 6 1 0 0 7 
251 1 5.48252 24.7145 17.5531 -0.00430795 -0.00118075 -5.20905e-04 0.0044971042 0.0 15 24.1360928365 2.2274212317 0 0 0 3 7 4 1 0 0 7 
81 2 0.961953 22.3715 20.9214 -3.74416e-04 -0.00123223 0.00138161 0.0018887626 0.0 14 19.1263284833 2.22705015 0 0 2 2 6 1 2 1 0 8 
971 2 8.09561 -0.130851 18.6287 0.00575879 -7.49105e-04 0.00127196 0.0059449729 0.0 15 22.3299527898 2.2960402866 0 0 2 2 5 5 0 0 1 9 
561 2 5.52735 25.7663 24.1191 0.00138208 -0.00227406 0.00124835 0.0029393659 0.0 16 17.7301852155 2.2922068293 0 0 2 3 3 5 3 0 0 7 
177 1 5.04646 0.258598 20.1098 -0.00159183 9.97032e-04 0.0029633 0.0035084387 0.0 16 23.8383545936 2.2922068293 0 0 2 3 5 3 1 2 0 8 
814 1 5.19229 17.8278 18.0318 0.00246184 0.00116393 -6.65113e-04 0.0028031704 0.0 13 20.5678236645 2.1027973682 0 0 0 3 6 4 0 0 0 6 
573 2 0.464112 25.2941 0.263187 0.00180766 -0.00218377 4.83838e-04 0.0028758625 0.0 13 18.0588178307 2.1891309384 0 0 2 2 3 5 1 0 0 7 
405 1 2.95501 19.8771 18.7591 -7.64452e-04 -0.00141356 -0.00284054 0.0032636186 0.0 15 21.6171793236 2.1382370559 0 0 0 5 2 8 0 0 0 6 
737 2 7.93798 26.0166 23.145 0.00147366 0.00138031 4.87861e-04 0.0020772428 0.0 13 16.9775813085 2.0994607482 0 0 1 0 9 3 0 0 0 6 
274 1 8.73464 23.1661 21.3187 -0.00233579 0.00163468 1.03387e-04 0.0028528551 0.0 16 22.3293610408 2.2960402866 0 0 0 3 7 5 1 0 0 7 
809 1 8.89882 21.0695 25.3869 -0.00136197 6.91082e-04 -9.97613e-05 0.0015305257 0.0 15 21.733087023 2.2417065936 0 0 1 3 5 4 2 0 0 7 
124 2 6.29695 22.4392 26.6012 -0.00253002 1.43719e-04 0.00138419 0.0028874969 0.0 15 17.5749829669 2.2528191466 0 0 1 4 4 4 1 1 0 8 
748 2 1.29585 19.8195 26.7936 -0.00170681 0.00128786 0.00290842 0.0036098048 0.0 13 15.9956784924 2.1265670798 0 0 0 1 10 2 0 0 0 6 
549 2 5.41433 25.3314 26.5044 0.00146627 5.24648e-04 -0.00100146 0.0018515197 0.0 15 13.0369685359 2.1186882235 0 0 1 1 8 4 1 0 0 7 
676 2 4.52619 20.2995 26.6178 0.00537261 7.9123e-04 -0.00142131 0.0056134753 0.0 15 18.3451928738 2.2773857433 0 0 1 2 6 5 1 0 0 7 
933 2 0.69736 21.8187 26.0051 -8.27543e-04 0.00530027 0.00115083 0.005486538 0.0 12 14.5567406077 2.1448113728 0 0 0 2 8 2 0 0 0 6 
663 1 17.6291 17.759 17.8564 -0.00114291 0.00269002 -0.0030775 0.0042442263 0.0 15 20.7832334174 2.2481661452 0 0 0 3 6 6 0 0 0 6 
639 1 11.3498 21.0443 23.5884 -0.00244956 1.57263e-04 -4.96767e-04 0.0025043668 0.0 15 22.6164745338 2.2850164063 0 0 0 1 10 4 0 0 0 6 
980 1 15.4475 23.4204 20.8127 0.00208599 0.00156523 0.00181981 0.0031800955 0.0 16 23.4375093236 2.3743563719 0 0 0 3 6 7 0 0 0 6 
415 1 15.8263 0.332382 19.1621 0.002538 0.00308809 3.34413e-04 0.0040111814 0.0 14 21.7104363177 2.2660869574 0 0 0 3 6 5 0 0 0 6 
622 1 16.6177 26.1506 21.9408 -0.00109911 -4.57349e-04 -6.16662e-05 0.0011920628 0.0 13 22.022948033 2.2661778173 0 0 0 3 6 4 0 0 0 6 
777 2 10.8206 26.383 23.9963 0.00114866 -1.99847e-04 0.00452064 0.0046685699 0.0 16 17.1853591801 2.1005576564 0 0 1 2 7 4 2 0 0 7 
986 2 16.2917 18.2965 26.1811 9.1721e-04 0.00119709 -8.80913e-04 0.0017465126 0.0 13 16.2961057997 2.2796803772 0 0 1 4 2 5 1 0 0 7 
385 2 14.6512 18.8123 24.3677 0.0027692 2.57826e-04 -9.60055e-04 0.0029422183 0.0 16 22.2704389437 2.2850164063 0 0 0 3 6 7 0 0 0 6 
389 1 13.2891 22.6394 19.1531 0.00499019 -0.00130312 -0.00110413 0.005274393 0.0 14 22.5699801188 2.3017315859 0 0 0 3 6 5 0 0 0 6 
723 1 17.9418 21.9088 19.089 -0.00649188 -0.00264154 0.00521644 0.0087369037 0.0 15 22.5875692125 2.3479479649 0 0 1 4 4 4 1 1 0 8 
839 1 18.8646 25.5939 25.2987 -1.80606e-04 -0.00229733 -6.16092e-04 0.0023853539 0.0 14 22.6349968503 2.2318700231 0 0 0 3 6 5 0 0 0 6 
699 1 10.5373 17.8213 19.2295 -0.00335628 6.33793e-04 -2.81103e-04 0.0034271457 0.0 15 23.3685393739 2.2129388928 0 0 0 2 8 5 0 0 0 6 
73 1 10.1428 20.9317 17.8979 1.36445e-04 0.00319157 -9.38432e-04 0.0033294731 0.0 14 21.3972674905 2.2623927152 0 0 1 3 4 5 1 0 0 7 
437 1 13.4807 21.5471 26.3119 -3.92176e-04 0.00302595 -0.00108525 0.0032385094 0.0 12 20.9709655942 2.1903676399 0 0 0 0 12 0 0 0 0 5 
854 1 16.7609 21.0595 22.1718 -0.00165761 5.31684e-04 -1.22843e-04 0.0017451215 0.0 12 20.6481155084 2.3187566832 0 0 0 2 8 2 0 0 0 6 
47 1 9.64521 18.4697 24.0216 -1.87211e-04 -0.00302199 0.00198406 0.00361994 0.0 13 20.8401807977 2.2385780892 0 0 0 4 4 5 0 0 0 6 
192 1 16.8109 23.7037 23.407 -2.24503e-04 0.00224938 0.00115538 0.0025387034 0.0 15 22.2213345941 2.3743563719 0 0 0 2 8 5 0 0 0 6 
789 1 16.0766 26.4689 24.8241 0.00220483 3.2255e-04 0.0048185 0.0053087905 0.0 13 20.8382475041 2.2172906406 0 0 0 1 10 2 0 0 0 6 
490 1 14.9102 21.7184 17.0427 3.41981e-04 6.00181e-04 -3.29591e-04 7.6537472156e-04 0.0 14 20.8005664884 2.1999837686 0 0 2 2 4 4 2 0 0 7 
874 2 10.1349 25.911 21.7166 0.00211597 0.00314259 4.28932e-04 0.0038127659 0.0 13 18.3271421826 2.2470179323 0 0 2 2 3 5 1 0 0 7 
735 1 13.1534 25.6386 19.8603 -9.23076e-04 0.00275435 0.00112261 0.0031142843 0.0 16 24.3634153705 2.3017315859 0 0 0 3 7 5 1 0 0 7 
578 1 12.6401 19.8357 18.5439 -0.0047954 3.42108e-04 0.00113318 0.0049393315 0.0 14 21.1510019745 2.2110318843 0 0 1 3 4 5 1 0 0 7 
833 1 16.4827 21.3906 25.2981 -0.00120518 -9.70754e-04 -0.00218688 0.002679042 0.0 15 23.2106154282 2.320210207 0 0 0 4 6 3 2 0 0 7 
518 1 11.5486 19.371 26.3338 -9.83035e-04 3.68797e-04 -0.00138476 0.0017377944 0.0 15 22.5620256523 2.2850164063 0 0 0 5 3 6 1 0 0 7 
642 1 13.6357 20.4043 21.5393 0.00683362 -0.00208925 -0.00105708 0.0072236242 0.0 13 21.4526129415 2.2381193291 0 0 0 1 10 2 0 0 0 6 
173 1 11.9538 23.5642 21.5874 0.00112245 7.04014e-04 -0.00133633 0.0018818362 0.0 15 21.9886744662 2.1317308573 0 0 1 1 9 2 2 0 0 7 
673 1 12.1957 23.7548 24.856 0.00298459 -0.00115614 -3.94928e-04 0.0032249659 0.0 13 20.9662904894 2.2887047225 0 0 0 3 6 4 0 0 0 6 
444 1 10.8028 20.5675 20.7539 -0.0029915 0.00380816 7.16022e-04 0.0048952878 0.0 14 22.4996262534 2.2291641705 0 0 0 2 8 4 0 0 0 6 
520 1 10.63 24.3223 19.1141 0.00166431 0.00205781 0.00183919 0.003222907 0.0 15 23.8766352021 2.2781962762 0 0 1 2 6 5 1 0 0 7 
948 1 14.2728 22.2656 23.4049 -0.00143549 -5.27072e-04 0.0038733 0.0041642393 0.0 12 20.25301717 2.1847172907 0 0 0 0 12 0 0 0 0 5 
734 1 14.0687 25.3145 22.9194 -9.2546e-04 4.04786e-04 4.9689e-04 0.001125712 0.0 14 21.4676708289 2.2661778173 0 0 1 0 10 2 1 0 0 7 
256 2 16.6232 18.1828 23.3229 -0.00224064 -7.18579e-04 -0.00186083 0.0029999186 0.0 15 18.6641303518 2.2381193291 0 0 1 3 4 6 1 0 0 7 
71 1 15.7775 20.0718 19.6076 -2.41562e-05 0.0030998 -0.00114856 0.0033058333 0.0 14 22.1321129147 2.2381193291 0 0 0 3 6 5 0 0 0 6 
657 2 9.95408 24.9552 26.5982 -0.00147371 0.00166397 -8.26789e-04 0.002371539 0.0 12 16.4804807561 2.2611536805 0 0 1 2 5 4 0 0 0 6 
59 1 15.9482 24.478 17.8038 -6.97101e-04 -0.00313744 0.00124171 0.0034454787 0.0 14 21.998187536 2.3017315859 0 0 0 2 8 4 0 0 0 6 
538 2 23.0616 19.7063 18.4218 0.00286419 0.00150642 -7.27853e-04 0.0033170251 0.0 13 18.6012432819 2.1537495212 0 0 0 3 6 4 0 0 0 6 
475 1 0.571307 25.1922 22.3765 -1.32576e-04 -0.00406127 2.50668e-05 0.0040635106 0.0 15 22.7155587003 2.2455836306 0 0 1 2 6 5 1 0 0 7 
531 1 24.255 24.8559 0.850998 -0.00585177 -0.0021243 -7.6849e-04 0.006272674 0.0 15 22.5335260337 2.2041595713 0 0 1 1 8 4 1 0 0 7 
556 1 23.0228 26.132 20.482 0.00442905 3.10919e-04 -0.00408655 0.0060343223 0.0 16 24.7423755688 2.2888296549 0 0 0 3 7 5 1 0 0 7 
694 1 22.5179 22.7027 26.0968 -0.00382049 6.34882e-04 0.00297731 0.0048850378 0.0 12 20.7979512004 2.1626460629 0 0 0 0 12 0 0 0 0 5 
158 2 25.9365 20.31 21.8889 0.00325211 1.98118e-04 -0.0016796 0.0036655868 0.0 14 19.1561309318 2.3851396769 0 0 1 2 7 2 2 0 0 7 
784 1 25.0908 18.5314 26.0839 7.16814e-04 0.00124288 0.00287312 0.003211447 0.0 14 22.920791659 2.1738610385 0 0 0 2 8 4 0 0 0 6 
714 2 25.3969 20.9116 17.963 -0.00365936 -5.86755e-04 -0.00285875 0.0046805607 0.0 15 16.1913028642 2.3851396769 0 0 0 3 6 6 0 0 0 6 
283 1 26.2438 24.9731 19.4729 0.00232263 -0.00281964 -0.00262636 0.004499194 0.0 15 23.3313022724 2.2606860972 0 0 0 5 3 6 1 0 0 7 
266 1 20.0086 19.4108 18.1026 0.00294432 -0.00171135 2.34782e-04 0.0034136288 0.0 15 22.0602697382 2.1991299483 0 0 1 3 5 5 0 1 0 8 
745 1 19.5858 25.3389 22.2866 0.00246988 0.00162547 0.00284878 0.0041058504 0.0 14 21.6647399802 2.2865897515 0 0 0 4 4 6 0 0 0 6 
120 1 21.2479 19.0519 20.9028 0.0018369 -3.41115e-04 -0.00249706 0.0031186327 0.0 16 23.6226606407 2.2715466647 0 0 0 4 5 6 1 0 0 7 
272 1 20.6761 22.0204 18.4552 0.00317476 0.00529363 -0.00340222 0.0070481714 0.0 16 21.5704164269 2.1589509129 0 0 2 1 8 2 2 1 0 8 
387 1 19.9402 23.2674 24.1953 0.00235288 9.07869e-04 4.82491e-04 0.002567697 0.0 14 21.1270409201 2.1700988106 0 0 1 1 7 5 0 0 0 6 
149 2 24.6203 19.2331 20.202 9.86578e-04 8.79891e-04 -0.00165409 0.0021174414 0.0 12 16.4459406026 2.3270728323 0 0 0 2 8 2 0 0 0 6 
730 1 21.4752 23.8482 20.6009 -1.46017e-04 -5.46068e-04 -5.93976e-04 8.1995043356e-04 0.0 11 20.3754546849 2.2092848062 0 0 1 2 5 3 0 0 0 6 
612 1 22.596 23.952 23.2736 -0.00396561 -0.00119483 -8.14221e-04 0.0042209759 0.0 14 21.7165988829 2.1506555293 0 0 0 2 8 4 0 0 0 6 
91 1 24.6655 21.2432 24.6172 -4.35237e-04 -0.00404882 0.00108771 0.0042149125 0.0 14 22.5898847968 2.1460292314 0 0 0 0 12 2 0 0 0 6 
618 1 21.6975 20.8962 23.7776 0.00235008 -0.0015736 -0.00223517 0.0036048686 0.0 12 19.7659861722 2.0994331352 0 0 0 2 8 2 0 0 0 6 
928 1 23.3286 23.1513 18.4242 0.00165293 -0.00204379 0.00337697 0.0042793903 0.0 14 22.5092220992 2.3531358482 0 0 0 2 8 4 0 0 0 6 
43 1 22.1286 19.6174 26.2367 -0.00266924 -2.90851e-04 -0.00277362 0.0038603632 0.0 14 20.5043377182 2.1726014907 0 0 0 2 8 4 0 0 0 6 
738 1 23.0118 21.4175 21.4208 2.00349e-04 0.00446136 -9.75086e-04 0.0045710683 0.0 14 22.7361277922 2.3851396769 0 0 0 0 12 2 0 0 0 6 
652 1 25.2859 24.1367 24.8457 -0.00128998 9.1296e-04 8.19092e-04 0.0017800157 0.0 16 23.0715577088 2.2437693817 0 0 0 0 12 4 0 0 0 6 
785 1 18.9177 20.1343 23.9659 -0.00532582 -2.81131e-04 1.79178e-05 0.0053332649 0.0 17 23.2565993975 2.3033271897 0 0 0 5 4 6 2 0 0 7 
172 1 22.1908 25.87 25.5429 0.00204837 -0.00194519 0.00661583 0.0071936632 0.0 15 22.7171535415 2.2447159608 0 0 0 2 8 5 0 0 0 6 
105 1 25.0536 23.5709 21.6689 0.00100957 0.0044531 3.51527e-04 0.0045796182 0.0 15 23.1293779095 2.3851396769 0 0 0 2 8 5 0 0 0 6 
39 1 19.5928 21.7748 21.653 0.00225867 0.00421092 8.31047e-04 0.0048501625 0.0 16 22.6455356925 2.3743563719 0 0 1 3 4 7 1 0 0 7 
245 1 18.4463 19.2756 20.8675 0.00101935 3.90799e-04 -0.00135143 0.0017372856 0.0 14 21.042343727 2.1994099077 0 0 2 0 6 6 0 0 0 6 
493 1 21.1174 18.0574 23.8682 0.0021256 -4.27465e-04 0.00240321 0.0032367144 0.0 12 20.6317697766 2.2104247299 0 0 1 2 6 2 1 0 0 7 
308 1 18.4614 24.9508 19.779 -9.19033e-04 0.00221666 0.00316799 0.0039742124 0.0 14 21.8337786502 2.3743563719 0 0 0 2 8 4 0 0 0 6 
113 2 24.4491 17.5057 18.2539 0.00638318 7.07384e-04 -0.0042267 0.007688327 0.0 15 12.7643521692 1.9905044046 0 0 0 3 6 6 0 0 0 6 
504 1 23.8976 18.5918 23.2375 0.00233656 -0.0024016 -4.79107e-04 0.0033847805 0.0 15 23.1136020324 2.2715466647 0 0 0 1 10 4 0 0 0 6 
