# Particles (1000 particles):
# "Particle Identifier" "Particle Type" Position.X Position.Y Position.Z Velocity.X Velocity.Y Velocity.Z "Velocity Magnitude" Centrosymmetry Coordination "Atomic Volume" "Cavity Radius" "Voronoi Index.1" "Voronoi Index.2" "Voronoi Index.3" "Voronoi Index.4" "Voronoi Index.5" "Voronoi Index.6" "Voronoi Index.7" "Voronoi Index.8" "Voronoi Index.9" "Max Face Order"
131 1 5.71458 9.02991 7.06296 9.24636e-04 8.34088e-04 -0.00196609 0.0023272654 0.0 16 21.5433051925 2.2690936843 0 0 1 2 7 4 2 0 0 7 
37 1 8.35523 7.69711 8.1492 0.00511495 -7.73032e-05 8.19614e-04 0.0051807776 0.0 15 21.5767035084 2.2858456726 0 0 1 1 7 6 0 0 0 6 
285 2 6.27467 0.920207 3.46428 -0.00537612 -0.00198391 0.00125498 0.0058663055 0.0 14 14.4702864689 2.2136802704 0 0 0 2 8 4 0 0 0 6 
533 1 6.1613 5.61738 7.73221 -0.00393558 6.27861e-05 -0.00125251 0.0041305585 0.0 14 21.0040501285 2.0918781521 0 0 0 1 10 3 0 0 0 6 
719 1 3.77265 5.73636 2.46957 0.00125098 6.51439e-04 0.00183978 0.0023182136 0.0 17 22.5370498122 2.2212854183 0 0 1 2 7 5 2 0 0 7 
856 1 7.28594 6.84056 5.29524 6.62677e-04 -0.0030497 0.00201216 0.0037133003 0.0 13 21.3389027133 2.2668270181 0 0 1 0 9 3 0 0 0 6 
962 1 4.28359 7.19897 5.30981 0.00337933 -3.14892e-04 0.00135827 0.0036556703 0.0 15 20.1384756829 2.131748752 0 0 0 3 7 4 1 0 0 7 
895 2 1.39498 2.48632 5.91821 0.00133378 -4.25806e-04 8.25077e-04 0.0016251252 0.0 14 13.3365480654 1.9505705577 0 0 1 3 5 3 2 0 0 7 
766 1 3.40129 8.59839 1.19595 -1.88085e-04 0.00228125 -0.00119477 0.0025820443 0.0 13 20.0607041543 2.1523010617 0 0 1 2 6 3 1 0 0 7 
967 1 5.51122 4.61335 4.78128 -0.00158443 8.06963e-04 6.20937e-04 0.0018833933 0.0 16 22.5872501316 2.2136802704 0 0 0 1 10 5 0 0 0 6 
303 2 1.17293 3.87984 8.17889 -4.72869e-04 -0.00189955 -0.00212185 0.0028868915 0.0 15 15.9067771347 2.2235825835 0 0 3 2 2 5 3 0 0 7 
126 2 3.73723 1.81258 5.85645 0.00105212 -0.00359994 -0.00477473 0.0060716201 0.0 14 15.0528437961 2.2136802704 0 0 0 2 8 4 0 0 0 6 
940 2 1.98827 4.74841 4.91169 -0.00186344 0.00340048 0.00267752 0.0047121955 0.0 12 14.6540235865 2.1273284784 0 0 1 3 4 3 1 0 0 7 
235 1 8.39962 7.95411 2.76285 4.98334e-04 0.00249611 0.00254607 0.0036001909 0.0 16 22.4029726446 2.2311468096 0 0 3 3 2 4 3 1 0 8 
994 2 1.62314 7.13424 4.11869 -0.00174672 0.00124938 -0.00169571 0.0027363139 0.0 15 18.3498813017 2.1519269186 0 0 2 1 7 2 3 0 0 7 
137 2 2.02617 3.00324 1.22803 -0.00301801 0.00322623 0.00222859 0.0049480863 0.0 14 19.1399231806 2.3060961294 0 0 0 4 4 6 0 0 0 6 
3 2 3.3866 4.25355 6.69591 -0.00219079 0.00164254 -0.00319399 0.0042070263 0.0 13 16.5695546729 2.1034732683 0 0 0 2 8 3 0 0 0 6 
780 1 8.3987 4.44022 6.33746 -0.00210358 0.00226308 -0.00190528 0.0036299686 0.0 14 20.7899021 2.1898964307 0 0 0 2 8 4 0 0 0 6 
473 2 5.13991 2.75786 7.51267 5.02965e-04 -2.41314e-04 9.67137e-04 0.0011164946 0.0 12 17.435111826 2.1878432034 0 0 0 3 6 3 0 0 0 6 
807 1 6.47389 6.02028 2.13681 -0.00590154 -5.4527e-04 2.80083e-04 0.0059332908 0.0 14 20.9952439978 2.18754068 0 0 0 3 7 3 1 0 0 7 
487 2 6.5542 1.05506 6.49667 0.00310205 -7.56212e-05 -7.70623e-04 0.003197232 0.0 14 15.933314065 2.2136802704 0 0 0 2 8 4 0 0 0 6 
817 1 3.90982 7.36079 8.25377 0.00138002 -0.00127052 -2.12362e-04 0.001887796 0.0 14 20.089443956 2.1034732683 0 0 0 4 5 4 1 0 0 7 
777 2 7.67915 0.746318 1.485 0.00119019 -0.00170522 -9.52242e-04 0.0022871581 0.0 13 11.5120580001 1.7875747722 0 0 0 3 6 4 0 0 0 6 
613 2 6.35564 2.86219 2.21754 0.00150911 0.00219716 0.00144518 0.0030320736 0.0 14 16.9581704975 2.18754068 0 0 0 2 8 4 0 0 0 6 
787 2 8.03764 2.48089 4.08187 -6.88322e-04 -0.00155185 9.96071e-04 0.0019682944 0.0 11 16.9285163252 2.1898964307 0 0 0 2 8 1 0 0 0 6 
871 2 3.02523 2.81387 3.66622 -6.26961e-04 -0.0057182 -0.00485109 0.0075248897 0.0 14 15.8859899125 2.1755324308 0 0 0 3 6 5 0 0 0 6 
244 1 1.35191 6.08483 0.702921 -0.00166083 -0.00222446 -8.67161e-04 0.0029083581 0.0 12 20.8171345305 2.2964224598 0 0 0 0 12 0 0 0 0 5 
148 2 3.02574 1.85063 8.37618 0.00141263 0.00215887 -2.76109e-04 0.0025947022 0.0 15 15.1080625811 2.2167957743 0 0 2 3 4 3 2 1 0 8 
708 1 8.01201 2.89306 8.74631 0.00402545 6.30236e-04 -0.001793 0.0044515496 0.0 14 20.3388403721 2.1448573473 0 0 0 2 8 4 0 0 0 6 
630 2 3.16109 0.0381348 26.5551 4.63303e-04 -0.00213937 -3.74534e-04 0.0022207722 0.0 17 19.6059780787 2.321802547 0 0 2 4 2 6 2 1 0 8 
457 1 4.0126 6.24286 26.2603 4.59126e-04 -0.00190913 -0.00156179 0.0025089364 0.0 17 22.5532776943 2.3060961294 0 0 3 3 4 2 3 2 0 8 
966 2 0.197872 8.23257 7.4236 -7.56279e-04 0.00159714 -0.00103516 0.0020480162 0.0 16 14.9085718478 2.1310800614 0 0 2 3 4 5 0 2 0 8 
680 1 5.41307 8.68554 3.29381 6.57344e-04 0.00233478 0.00201923 0.00315604 0.0 16 21.4159771285 2.2690936843 0 0 2 1 6 5 2 0 0 7 
200 1 6.09294 8.29672 0.448147 0.00165871 -6.73812e-04 0.00366577 0.0040796092 0.0 15 20.8676272362 2.213206932 0 0 2 3 2 6 2 0 0 7 
943 2 1.51194 0.958266 2.34939 -9.1243e-04 0.00361668 -0.00131317 0.0039544049 0.0 14 17.3450165302 2.2294865193 0 0 1 2 6 4 1 0 0 7 
23 2 0.860233 3.64191 3.27959 -2.49718e-04 3.65455e-04 9.19657e-04 0.0010206299 0.0 16 16.8150320796 2.3058729798 0 0 0 2 8 6 0 0 0 6 
515 2 5.91441 26.1162 1.2417 -0.00244067 4.40794e-04 -0.00140876 0.0028523278 0.0 14 13.3506317338 2.0583524107 0 0 0 6 1 6 1 0 0 7 
129 2 1.04599 6.09596 6.7439 1.81738e-04 4.89934e-04 -0.00369609 0.0037328468 0.0 16 16.0245644358 2.1034732683 0 0 3 2 3 5 2 1 0 8 
892 2 4.30389 1.55177 1.60675 -8.79882e-04 0.00164484 -0.00431968 0.0047052445 0.0 14 14.016694558 2.1958215157 0 0 0 4 4 6 0 0 0 6 
290 2 7.63158 26.3286 8.13486 -0.0013513 -0.00213857 0.00276237 0.0037456884 0.0 16 14.5596046442 1.9912594214 0 0 0 2 9 4 1 0 0 7 
574 1 9.27879 5.22482 3.40401 7.44146e-04 0.00110898 0.00172634 0.0021826222 0.0 15 22.521894329 2.2127754103 0 0 1 1 8 4 1 0 0 7 
942 2 9.33416 2.26627 1.99769 -0.00451693 -0.00194396 -0.00145607 0.0051285258 0.0 13 15.5440747255 2.232217111 0 0 0 1 10 2 0 0 0 6 
995 2 12.9314 1.4494 11.302 -0.00118159 -0.00310256 6.53765e-04 0.0033837024 0.0 12 12.7706225488 2.2135890931 0 0 2 1 4 5 0 0 0 6 
176 2 12.8145 5.88551 8.9556 -0.00240323 0.00248085 -0.00611494 0.0070230066 0.0 13 16.6858334834 2.2392107662 0 0 1 0 9 3 0 0 0 6 
83 2 10.5263 2.54283 26.7687 0.0033972 8.72114e-04 0.00112621 0.0036837345 0.0 14 16.4232668498 2.3557916264 0 0 1 1 8 3 1 0 0 7 
454 1 14.7447 -0.194558 3.54611 -1.44105e-04 -0.00210095 -0.00102299 0.0023412103 0.0 15 24.1003308892 2.2802814934 0 0 0 1 10 4 0 0 0 6 
312 1 16.8882 4.97779 0.883227 -8.96521e-05 0.00291199 2.95232e-04 0.0029282905 0.0 14 21.1045009052 2.232743225 0 0 1 2 7 2 2 0 0 7 
358 1 11.4024 7.05538 1.38074 0.00232432 -0.00147163 2.81117e-04 0.0027653544 0.0 14 22.4442125968 2.2085182554 0 0 0 4 4 6 0 0 0 6 
366 1 16.9916 7.12149 2.87098 -6.53709e-04 -0.00163558 0.0021759 0.0027994639 0.0 14 20.7059690389 2.2446823507 0 0 1 1 8 3 1 0 0 7 
14 1 10.8199 3.43088 4.96989 0.00127496 6.88114e-04 -9.14258e-04 0.0017131525 0.0 16 21.970737973 2.232217111 0 0 0 2 9 4 1 0 0 7 
309 1 13.2691 2.61671 4.08343 0.00136891 -3.16743e-04 -0.00391955 0.0041637859 0.0 13 21.3459219908 2.2802814934 0 0 0 3 6 4 0 0 0 6 
637 2 13.1369 1.947 7.34363 0.00215896 0.00184957 -7.38667e-04 0.0029372856 0.0 15 20.3862444509 2.2787247438 0 0 2 2 5 3 3 0 0 7 
660 2 12.1414 0.808249 1.42221 8.6528e-04 -0.00120712 -0.00323575 0.0035603267 0.0 13 18.911218519 2.2823242577 0 0 0 3 6 4 0 0 0 6 
44 2 8.88706 9.57874 5.71534 6.59615e-04 -0.00272695 0.00460436 0.0053917974 0.0 14 16.4082768789 2.2690936843 0 0 0 3 6 5 0 0 0 6 
968 1 15.1697 2.3466 1.43309 -5.09926e-04 5.25458e-04 0.00376637 0.0038368833 0.0 16 24.4266983977 2.377284667 0 0 0 2 9 4 1 0 0 7 
509 1 11.9146 4.15222 1.97246 -0.00105864 -0.00250152 0.00245967 0.0036644641 0.0 15 21.1823918391 2.232217111 0 0 0 2 8 5 0 0 0 6 
805 1 16.4225 4.83253 7.92538 0.00354076 -0.00492576 -5.17588e-04 0.0060883487 0.0 18 23.0616153809 2.2628733167 0 0 3 2 4 6 1 2 0 8 
926 1 16.2571 7.89598 7.40999 0.00249854 -0.00471264 0.00221503 0.0057756416 0.0 18 24.6071697927 2.4011076014 0 0 2 4 4 4 2 2 0 8 
219 1 16.9756 5.28034 4.91728 0.00384947 -4.74336e-04 7.96568e-05 0.0038794019 0.0 14 20.7463420985 2.2343360248 0 0 1 3 4 5 1 0 0 7 
746 1 15.314 26.3339 6.73962 -0.00241994 0.00137301 0.00252386 0.0037564791 0.0 17 24.0617353445 2.2802814934 0 0 2 1 6 6 2 0 0 7 
535 1 13.5801 8.44097 2.71628 0.00293531 -6.84999e-04 0.00150298 0.0033681178 0.0 15 22.3254500798 2.2446823507 0 0 0 1 10 4 0 0 0 6 
352 1 13.7201 4.84651 6.1377 -3.78015e-04 -0.00189326 6.72085e-04 0.0020442669 0.0 15 23.1993017934 2.2498907725 0 0 1 2 7 4 0 1 0 8 
122 1 14.8315 7.1802 4.93052 -1.66131e-04 -0.00116782 0.0019823 0.0023067112 0.0 12 19.5243886195 2.1197551052 0 0 1 2 6 2 1 0 0 7 
901 1 14.7973 4.71383 3.12303 -0.00330456 6.95069e-05 0.00132195 0.0035598455 0.0 13 20.999906253 2.377284667 0 0 0 3 6 4 0 0 0 6 
357 1 12.2053 6.18094 4.08768 -5.14358e-04 -8.28141e-04 0.0031324 0.0032805962 0.0 15 21.1081383536 2.2085182554 0 0 1 3 3 8 0 0 0 6 
824 2 13.2513 7.92301 7.61235 0.00184265 0.00371689 -1.81648e-04 0.0041525446 0.0 14 18.5559207492 2.3204683082 0 0 1 5 1 6 0 1 0 8 
898 1 17.0276 2.13882 8.24359 -0.00200238 -8.94412e-04 8.82679e-04 0.0023640264 0.0 15 23.261698028 2.3226597391 0 0 1 4 3 5 2 0 0 7 
843 2 9.01143 1.24975 6.24935 -3.4909e-04 0.00379558 1.30347e-04 0.0038138277 0.0 14 17.1710281617 2.1256828977 0 0 0 3 7 3 1 0 0 7 
27 1 14.0025 5.47387 0.508029 8.75962e-04 -0.00250721 0.00226373 0.0034896826 0.0 16 22.4231387157 2.3519056047 0 0 1 2 5 8 0 0 0 6 
829 1 10.7493 3.66236 7.99313 -1.29083e-04 -0.00235984 -0.00135672 0.0027251048 0.0 14 22.2036774241 2.2167545102 0 0 0 4 5 4 1 0 0 7 
495 1 15.9372 2.57191 5.35012 -0.00372178 0.00185453 0.00218593 0.0046977886 0.0 16 23.8489878268 2.377284667 0 0 2 1 6 5 2 0 0 7 
42 1 10.4413 6.58849 6.3984 -0.00162032 0.00102269 -0.00280565 0.0033974996 0.0 17 23.7131146418 2.2127754103 0 0 1 2 6 7 1 0 0 7 
662 1 13.4124 2.82161 26.1979 -7.67325e-04 -0.00132627 0.00309566 0.0034541121 0.0 12 21.2060565809 2.3517939568 0 0 1 2 6 2 1 0 0 7 
653 1 18.4279 7.69172 0.450806 7.53001e-04 0.00473513 -1.5062e-04 0.0047969942 0.0 13 21.4476471834 2.2577290611 0 0 0 3 6 4 0 0 0 6 
85 1 22.8237 3.13422 26.8519 0.00204564 8.21091e-04 0.00448578 0.0049981052 0.0 15 22.9146341873 2.306051092 0 0 1 2 7 3 2 0 0 7 
638 2 23.7768 6.10073 7.20977 -9.60896e-05 7.14441e-04 -0.00500279 0.0050544601 0.0 15 16.2520168536 2.1974327127 0 0 0 4 6 3 2 0 0 7 
338 1 25.7263 0.71099 0.58173 -5.28648e-04 0.00340597 -1.62039e-04 0.0034505589 0.0 16 23.7623522 2.3070206074 0 0 1 1 9 3 2 0 0 7 
729 2 22.0306 4.58114 7.64957 0.00230765 -0.00340218 -0.00185837 0.0045114982 0.0 14 15.4863719802 2.163863682 0 0 0 3 6 5 0 0 0 6 
58 2 25.3728 6.8333 9.11859 0.00353133 -4.60868e-04 -0.00518201 0.0062877594 0.0 16 19.1770335492 2.2235825835 0 0 4 2 2 4 2 2 0 8 
254 2 26.0299 5.07166 7.42328 3.03442e-04 -0.00120416 0.00140604 0.0018759069 0.0 12 12.7472071243 2.173420119 0 0 1 3 4 3 1 0 0 7 
919 2 26.4522 2.15551 7.60132 -0.00288612 4.88763e-04 0.00138202 0.00323706 0.0 14 12.7286738544 1.9161839115 0 0 2 3 3 3 3 0 0 7 
5 2 24.7789 9.00402 7.09057 0.00287321 -0.00174127 -0.00219574 0.0040135559 0.0 14 18.0102400755 2.1664845344 0 0 1 4 5 1 2 1 0 8 
836 2 22.1764 2.17614 7.60189 -0.00414183 -0.0015187 -0.00155656 0.0046780428 0.0 14 15.7568823587 2.2347919022 0 0 1 3 5 3 2 0 0 7 
341 2 26.1055 8.49812 4.65549 0.00389294 0.00510647 -9.26556e-04 0.0064876439 0.0 15 16.7849029943 2.1895016508 0 0 1 4 4 3 3 0 0 7 
369 2 24.2508 3.61241 7.50084 1.72908e-04 -5.87126e-04 -2.63028e-04 6.6618154067e-04 0.0 13 12.7934244751 1.8879570714 0 0 0 1 10 2 0 0 0 6 
732 1 19.2439 9.1415 8.11074 -0.00207796 -0.00180721 0.00230374 0.0035904239 0.0 15 22.775802935 2.2333609982 0 0 0 5 4 4 2 0 0 7 
213 2 25.4419 6.02715 5.39177 -0.00147365 -0.00388092 0.00485586 0.0063884709 0.0 15 16.8630838839 2.1693205508 0 0 0 5 5 2 3 0 0 7 
846 1 20.4345 1.99319 1.79432 3.12231e-05 -0.00130431 -0.00463562 0.0048157214 0.0 13 20.5955632982 2.1443447792 0 0 1 2 6 3 1 0 0 7 
772 2 24.0823 1.81414 5.63787 -0.00133707 -0.00115754 0.00135324 0.0022268618 0.0 14 17.0165231984 2.1395172103 0 0 1 4 2 6 1 0 0 7 
395 2 26.1948 1.3794 3.69303 2.33418e-04 0.0016095 0.00210046 0.0026564838 0.0 12 18.1096842395 2.2770201463 0 0 0 3 6 3 0 0 0 6 
222 1 25.5811 5.92451 2.44007 -0.00415303 -8.49759e-04 0.00105394 0.0043681275 0.0 14 21.75729836 2.1895016508 0 0 0 2 8 4 0 0 0 6 
276 1 21.3795 7.98183 6.64389 -0.00228118 0.00365361 0.00109476 0.0044442263 0.0 14 22.1740281789 2.1974327127 0 0 0 5 3 5 1 0 0 7 
781 1 21.0353 1.73017 4.94178 -3.02953e-04 -0.00243714 2.07681e-04 0.0024646629 0.0 15 22.891822329 2.2556960621 0 0 1 2 6 5 1 0 0 7 
623 1 22.9093 1.00288 2.62006 -0.00220563 -0.00277805 -0.00284894 0.0045495961 0.0 16 22.6007318629 2.1632268701 0 0 0 4 4 8 0 0 0 6 
929 1 22.9321 6.14229 0.763632 0.00227806 0.00212001 0.00342775 0.0046296296 0.0 15 22.9911906086 2.2913718689 0 0 1 1 9 2 2 0 0 7 
84 1 18.4669 8.08303 5.16489 1.85502e-04 2.68463e-04 -0.00261635 0.0026366211 0.0 14 20.896169172 2.1249245889 0 0 0 3 6 5 0 0 0 6 
978 1 18.8778 3.13474 6.19327 0.00181695 -0.00294089 0.00119566 0.0036578333 0.0 13 21.8039768578 2.2347919022 0 0 0 3 6 4 0 0 0 6 
258 2 23.3489 4.14891 5.32296 -0.00195543 0.00326053 8.51464e-04 0.0038961203 0.0 14 18.2905442213 2.1632268701 0 0 0 3 6 5 0 0 0 6 
704 1 24.3043 3.52893 2.24486 -0.00132366 1.26593e-04 -5.27713e-04 0.0014305882 0.0 13 21.0439479158 2.3058729798 0 0 0 2 8 3 0 0 0 6 
924 1 18.9209 6.09717 7.32871 4.02678e-04 7.6874e-04 5.28095e-04 0.0010158716 0.0 14 20.9344837518 2.2589004887 0 0 0 2 8 4 0 0 0 6 
198 1 20.4244 5.52686 5.21833 0.00198849 -0.00135249 0.00108736 0.0026392562 0.0 14 20.5998907944 2.163863682 0 0 0 2 8 4 0 0 0 6 
588 2 26.0855 3.7097 5.14385 0.0012567 0.00171745 4.99116e-04 0.0021858742 0.0 15 15.4095889852 2.0755913781 0 0 0 4 6 3 2 0 0 7 
210 1 22.7958 7.10085 3.67995 -0.00329139 -0.00152001 -0.00190591 0.0040958725 0.0 15 23.4517045519 2.2030198306 0 0 0 4 4 7 0 0 0 6 
951 1 21.6392 4.46078 2.92643 0.00141641 -5.22754e-04 0.00316376 0.0035055479 0.0 12 20.3685390398 2.1632268701 0 0 0 0 12 0 0 0 0 5 
666 1 18.7843 4.07932 2.92614 2.32364e-04 3.96744e-04 0.00190405 0.0019587765 0.0 15 21.5766730699 2.377284667 0 0 1 1 9 2 2 0 0 7 
147 1 19.8239 6.84087 2.76422 0.00116223 -0.00163046 -0.00185103 0.0027268096 0.0 15 20.6641735048 2.1386740988 0 0 0 3 6 6 0 0 0 6 
339 1 17.9939 1.32874 4.0136 -0.00330227 0.00363339 -0.00334668 0.0059419506 0.0 14 22.5289437718 2.3727165366 0 0 2 3 2 5 2 0 0 7 
412 2 7.11088 13.1192 6.73841 -0.00395604 7.39356e-04 0.00418282 0.0058045571 0.0 13 15.9975399874 2.2120005131 0 0 0 1 10 2 0 0 0 6 
233 2 4.14683 13.8526 6.2613 -0.00160972 0.00138575 1.28074e-04 0.0021278873 0.0 13 16.5205712475 2.0955001255 0 0 0 3 6 4 0 0 0 6 
629 1 5.54387 13.6291 1.45422 -0.00199835 -0.00160053 0.00130903 0.0028755275 0.0 13 22.170882763 2.2477524534 0 0 1 2 5 5 0 0 0 6 
296 1 3.69099 16.6647 7.2651 -4.1498e-04 0.00352259 -0.00175027 0.0039552868 0.0 16 22.2931341537 2.4235271294 0 0 2 2 5 5 1 1 0 8 
215 2 4.01623 10.7546 8.93821 -0.00117814 -7.55322e-05 -0.00265348 0.0029042512 0.0 14 17.8706923064 2.2296446234 0 0 0 4 5 4 1 0 0 7 
127 2 2.67903 12.7805 4.61695 -2.79419e-04 7.78833e-04 3.9744e-04 9.1794028839e-04 0.0 14 14.776179525 2.0844867728 0 0 0 6 0 8 0 0 0 6 
983 1 8.29095 14.3955 4.11112 0.00261696 0.0032956 -5.34226e-04 0.0042420345 0.0 16 22.4437234565 2.2888578191 0 0 0 4 5 6 1 0 0 7 
108 2 1.42939 14.5006 9.8231 0.00178376 0.00114367 -0.00105815 0.0023684303 0.0 14 17.0207537608 2.1610213262 0 0 0 6 0 8 0 0 0 6 
136 2 0.277829 13.6557 3.66319 -6.64279e-04 -3.34923e-04 -0.00365237 0.0037273646 0.0 13 16.9482561606 2.3105081097 0 0 0 5 2 6 0 0 0 6 
470 2 0.661589 16.9953 5.62318 -1.15038e-04 -0.00266068 -1.32468e-04 0.0026664582 0.0 15 18.5282365753 2.4154011496 0 0 1 1 8 4 1 0 0 7 
453 2 5.15169 11.8386 6.62489 -0.00122447 0.00223414 0.00244485 0.0035310055 0.0 12 13.4067609364 2.0233943781 0 0 0 3 6 3 0 0 0 6 
234 1 8.62143 12.9795 1.45663 9.49925e-04 -0.00475847 0.00329202 0.005863684 0.0 15 23.2646292517 2.2383655016 0 0 0 4 7 1 3 0 0 7 
859 1 2.88321 13.8166 1.59502 3.42748e-04 0.00126177 -8.65992e-04 0.0015682735 0.0 16 22.0163102756 2.2736920635 0 0 0 5 3 7 1 0 0 7 
913 2 0.97234 16.0041 3.22378 -0.00268544 -0.00128308 5.74323e-04 0.0030311267 0.0 12 16.8681409277 2.3918894719 0 0 1 4 2 4 1 0 0 7 
975 2 2.04798 9.76486 8.48942 -0.0025992 0.00125528 -1.93772e-04 0.0028929425 0.0 13 14.582077515 2.2656963763 0 0 2 2 2 7 0 0 0 6 
750 1 2.28112 18.8094 7.70511 -0.00116471 -0.00290868 -0.00403075 0.005105283 0.0 15 21.6469484338 2.2599625369 0 0 1 3 6 3 1 1 0 8 
798 1 1.83205 11.4213 0.476188 4.91017e-04 -4.56325e-05 0.00138022 0.0014656696 0.0 15 23.6163123411 2.3105081097 0 0 1 2 6 5 1 0 0 7 
485 2 1.42651 13.6909 7.67777 -0.0019526 -0.00137799 -0.00241621 0.0033984664 0.0 13 13.1020403355 2.0719110071 0 0 0 2 8 3 0 0 0 6 
465 2 8.87473 12.0528 8.92999 1.49406e-04 4.42265e-04 -5.87438e-05 4.70501134e-04 0.0 14 16.6361674895 2.2858456726 0 0 2 2 5 3 1 1 0 8 
270 2 5.42298 12.7715 4.4148 -0.00821071 -0.00258773 0.00217997 0.0088805616 0.0 15 18.4401510605 2.2383655016 0 0 1 4 4 4 1 1 0 8 
537 1 7.62736 10.5826 2.20978 -0.00152384 0.00199029 -5.33152e-04 0.0025627317 0.0 14 21.946621192 2.2382570901 0 0 1 4 3 4 2 0 0 7 
429 2 3.5905 13.5847 8.75324 -0.00212709 0.00109042 2.74918e-04 0.0024060564 0.0 14 17.1611673057 2.2174018721 0 0 0 3 6 5 0 0 0 6 
914 1 4.58503 10.9388 1.95184 0.00255677 -3.60341e-04 -0.00168437 0.0030828592 0.0 16 21.385537169 2.2212100833 0 0 1 4 3 6 2 0 0 7 
757 1 7.13597 16.3126 2.12221 -0.00104949 -8.71701e-04 -0.00154418 0.00206053 0.0 17 24.2082045689 2.3357025819 0 0 3 1 5 5 2 1 0 8 
593 2 2.16024 8.87037 6.2772 -4.87078e-04 -7.25126e-04 0.0027471 0.0028826396 0.0 13 14.5051928118 2.0981127373 0 0 0 4 4 5 0 0 0 6 
764 1 4.46226 15.5977 3.57683 -9.40657e-04 -0.00119264 0.0034171 0.0037394917 0.0 17 24.6181134042 2.4154011496 0 0 1 4 4 5 3 0 0 7 
75 2 6.11894 12.6484 8.96478 -0.00320667 -0.00212672 0.00621085 0.0073061842 0.0 14 18.7656443922 2.2248532381 0 0 0 4 4 6 0 0 0 6 
326 1 6.74723 16.1998 5.62188 7.42982e-04 0.00317002 0.00306502 0.0044716213 0.0 15 22.9370304519 2.4149798458 0 0 2 3 4 4 1 0 1 9 
332 2 7.27836 11.4156 5.13695 0.00316307 0.00111171 -0.00371996 0.0050078951 0.0 14 16.1091423961 2.2690936843 0 0 1 2 7 3 0 1 0 8 
621 2 2.32876 11.5213 6.88658 -0.00202369 -0.00323569 0.00250122 0.0045630157 0.0 13 12.9801416765 2.0757169359 0 0 0 3 6 4 0 0 0 6 
872 2 3.75908 10.6135 5.0431 -0.00116846 0.00268507 0.00233045 0.0037424453 0.0 14 16.1385272095 2.1600044637 0 0 0 4 4 6 0 0 0 6 
879 2 1.25835 11.3451 3.37068 0.00310178 4.48376e-04 -0.00255899 0.0040460487 0.0 14 17.1289223506 2.2853090028 0 0 1 5 1 5 2 0 0 7 
795 2 1.73051 14.7722 5.36385 -0.00522442 -0.00123137 -5.37495e-04 0.0053944172 0.0 14 16.0808057348 2.3876610787 0 0 1 3 3 7 0 0 0 6 
970 2 7.69054 10.947 7.31779 7.46216e-04 -0.00664558 -0.00573311 0.0088084688 0.0 13 14.0976342629 2.2848804071 0 0 1 1 8 2 1 0 0 7 
691 2 2.20447 9.30877 3.93168 0.001736 -6.43257e-04 6.29273e-04 0.001955367 0.0 13 15.3482349842 2.1523010617 0 0 2 3 3 2 3 0 0 7 
321 2 9.55961 11.4748 4.35377 0.00296073 0.00139879 0.00330276 0.004650888 0.0 13 18.3451402221 2.2232165835 0 0 0 1 10 2 0 0 0 6 
171 2 11.289 13.0719 7.96062 6.27647e-04 -0.00175281 -0.00185361 0.002627195 0.0 16 19.0116851162 2.2129318557 0 0 0 4 5 6 1 0 0 7 
886 2 13.2893 17.0606 3.49766 -0.00200762 5.31356e-04 0.00155328 0.0025933677 0.0 14 18.0557994825 2.2542806385 0 0 0 1 10 3 0 0 0 6 
590 2 10.8206 9.86381 2.01655 0.00166059 0.00341291 -5.2533e-04 0.0038316427 0.0 14 21.3796181109 2.2063812795 0 0 1 3 5 4 0 1 0 8 
382 1 13.5371 14.9323 6.66977 -0.00160039 0.00439903 8.94084e-04 0.0047657213 0.0 15 22.6301422413 2.2129318557 0 0 1 3 6 2 3 0 0 7 
128 1 13.4103 11.3484 3.10884 0.00265977 0.00504725 0.00348262 0.0066841418 0.0 15 20.8122144398 2.2232165835 0 0 0 1 10 4 0 0 0 6 
791 2 15.2643 16.9074 2.06878 0.00135456 9.81474e-04 -1.65972e-04 0.0016809731 0.0 14 15.344058686 2.0958141655 0 0 0 4 4 6 0 0 0 6 
452 1 13.1308 10.8171 0.288839 7.93354e-04 -0.00429868 -0.00213897 0.0048665443 0.0 13 20.01557162 2.1502052456 0 0 0 2 8 3 0 0 0 6 
727 1 15.3105 13.1923 8.45032 -0.00109972 8.87664e-04 0.00175751 0.0022552545 0.0 14 22.0075812869 2.2737457324 0 0 0 1 10 3 0 0 0 6 
818 2 13.0071 10.7318 8.08479 0.00165127 6.57353e-04 -4.10008e-04 0.0018239825 0.0 14 16.2424673364 2.4011076014 0 0 0 3 6 5 0 0 0 6 
337 2 10.5266 9.72332 7.3917 -0.00495412 -0.00113873 -0.00262754 0.0057222354 0.0 14 16.148398097 2.2180622543 0 0 1 3 4 5 1 0 0 7 
841 1 16.9486 13.8336 6.09734 -0.00214077 -0.00127714 1.60288e-05 0.0024928377 0.0 14 20.8399192572 2.1774870693 0 0 0 2 8 4 0 0 0 6 
553 1 16.1571 9.65516 4.70506 -0.00116398 -0.00110622 -0.00390246 0.0042199249 0.0 13 20.866957647 2.3828851328 0 0 0 3 6 4 0 0 0 6 
804 1 9.27087 15.4653 6.53267 -0.00199682 0.00141144 -0.00209242 0.0032183341 0.0 14 21.8236912254 2.2142662157 0 0 1 3 4 5 1 0 0 7 
100 2 11.7187 11.5453 6.01511 -0.00307439 -0.0021364 0.00135517 0.0039815279 0.0 13 16.4363561329 2.2230412889 0 0 0 4 4 5 0 0 0 6 
822 1 11.5224 17.1209 7.8159 -2.22627e-04 -0.00188911 -4.3526e-04 0.0019513459 0.0 16 23.0227776462 2.238545188 0 0 1 2 7 4 2 0 0 7 
850 1 11.6825 13.1562 1.87275 -0.00341202 -0.00272007 -1.25667e-04 0.0043653698 0.0 14 22.5396692639 2.2526247911 0 0 1 3 5 3 2 0 0 7 
909 1 17.7003 10.4253 26.1621 -0.00118346 -0.00146919 0.00123607 0.0022554303 0.0 14 22.8385855611 2.3506374467 0 0 0 3 6 5 0 0 0 6 
923 1 17.7982 14.512 9.0425 -0.00237838 3.49722e-04 -0.00338249 0.0041497272 0.0 15 21.7747125599 2.3366325267 0 0 0 4 5 5 1 0 0 7 
110 1 11.3211 14.3589 4.73656 -3.99576e-04 -0.00335883 0.00122349 0.0035969887 0.0 15 22.4147219541 2.2542806385 0 0 1 3 4 6 1 0 0 7 
255 1 10.2332 15.6065 2.06875 0.0016286 -0.00231791 -0.00128048 0.0031088058 0.0 15 21.8903365354 2.2888578191 0 0 1 2 7 3 2 0 0 7 
491 2 13.2362 15.7319 0.89868 0.00104189 -0.00275208 -0.0013433 0.0032348005 0.0 15 19.8141343214 2.2542806385 0 0 1 3 5 4 2 0 0 7 
55 1 15.0427 16.474 8.48068 -2.60714e-04 -0.00145116 0.00195978 0.002452463 0.0 14 21.507411037 2.2039684559 0 0 0 1 10 3 0 0 0 6 
512 1 14.7286 11.9706 5.8228 -0.00188649 0.00115978 0.00217622 0.0031048136 0.0 12 19.8519912972 2.3898707131 0 0 0 2 8 2 0 0 0 6 
768 1 15.7127 16.5162 5.60162 1.31593e-04 3.3216e-04 -3.93889e-04 5.3178522692e-04 0.0 16 22.6768038743 2.3065673498 0 0 1 3 6 3 3 0 0 7 
293 1 14.0506 14.1317 3.91888 -2.22883e-04 -0.00122728 0.00143595 0.0019020635 0.0 14 21.96096792 2.2541379567 0 0 0 2 8 4 0 0 0 6 
17 1 15.7814 10.3648 1.89619 -6.51514e-04 0.00505029 0.00127913 0.0052503403 0.0 13 19.6959254801 2.1065731584 0 0 0 3 6 4 0 0 0 6 
918 1 16.7022 12.3986 3.69558 0.00279322 0.00300912 -0.00228966 0.0047010025 0.0 14 19.4556366498 2.1065731584 0 0 0 2 8 4 0 0 0 6 
242 1 15.2075 13.0062 1.26947 0.00148035 -0.00331964 -6.04271e-04 0.0036846424 0.0 15 21.8636659495 2.1541211656 0 0 0 2 8 5 0 0 0 6 
656 1 16.8194 11.1859 7.25278 0.00114984 -7.71253e-04 -0.00210637 0.0025206661 0.0 16 20.6374457533 2.4011076014 0 0 0 5 3 7 1 0 0 7 
104 2 10.8022 9.03595 4.4905 -0.00293503 5.14201e-04 5.64171e-04 0.0030326709 0.0 14 18.310846812 2.2127754103 0 0 2 2 5 3 1 1 0 8 
102 2 18.3718 17.2612 2.9699 -5.37299e-04 0.00210845 0.00346701 0.0040932151 0.0 15 17.7368869995 2.3065673498 0 0 2 4 2 4 2 1 0 8 
428 2 17.0339 15.3638 2.89302 4.96662e-04 3.30317e-04 5.32908e-04 7.9985836196e-04 0.0 13 20.1258726221 2.2661817004 0 0 0 3 6 4 0 0 0 6 
853 2 9.52736 12.1347 6.68902 0.00114765 -0.00438063 0.00100397 0.0046384238 0.0 13 13.7290027937 2.1188414285 0 0 1 0 9 3 0 0 0 6 
322 2 12.8739 9.46263 5.64758 0.00111477 -5.69881e-04 -0.00330108 0.0035305248 0.0 14 18.1871116975 2.4011076014 0 0 0 2 8 4 0 0 0 6 
132 2 0.397747 10.3357 5.74004 0.00164921 -0.00175398 -0.0017013 0.0029480097 0.0 15 12.3874059706 1.8680382909 0 0 0 4 5 5 1 0 0 7 
141 2 20.0754 17.7543 1.66511 0.00155179 0.00388967 0.00116896 0.0043478791 0.0 12 17.3317466947 2.1335749067 0 0 1 3 4 3 1 0 0 7 
217 1 17.9849 16.6369 7.33079 0.00180484 -0.00133926 0.00289678 0.0036663878 0.0 14 20.1561006667 2.3065673498 0 0 1 3 4 5 1 0 0 7 
896 1 0.177685 8.57903 1.61887 0.00182288 9.27923e-04 -8.97071e-04 0.0022335328 0.0 14 22.4823325581 2.2691055111 0 0 0 1 10 3 0 0 0 6 
607 2 24.515 17.212 2.04607 1.94009e-05 -7.33837e-04 -0.00240238 0.0025120356 0.0 14 19.4387452788 2.2216639131 0 0 1 3 4 5 1 0 0 7 
216 1 25.8575 14.5105 0.7258 -0.00162112 0.00135851 -3.01216e-04 0.0021364247 0.0 17 24.2261699746 2.3105081097 0 0 1 2 7 5 2 0 0 7 
562 1 21.0948 9.1047 1.31221 2.43905e-04 -0.00583138 0.00145784 0.0060157942 0.0 14 22.1659761534 2.1888090789 0 0 0 2 8 4 0 0 0 6 
411 1 20.7665 9.50671 4.30834 -0.00372671 0.0017673 0.00134949 0.004339682 0.0 15 21.2905586536 2.2030198306 0 0 0 4 4 7 0 0 0 6 
281 2 25.6817 13.6087 7.75152 0.00539027 -1.03066e-04 -4.77629e-05 0.0053914668 0.0 16 15.6456538192 2.1053894267 0 0 1 3 5 5 2 0 0 7 
640 2 0.241512 15.8324 7.83806 0.00220834 -8.59223e-05 0.00217871 0.0031033732 0.0 14 17.0882752165 2.1620589361 0 0 1 2 6 4 1 0 0 7 
947 1 21.7322 10.6636 7.76877 -2.13754e-04 9.38985e-04 -0.00137872 0.0016817409 0.0 16 23.7449056531 2.2155338361 0 0 2 2 6 3 2 1 0 8 
367 1 19.4419 12.8253 2.94052 0.00267831 -0.00118036 2.79678e-04 0.0029402065 0.0 12 20.7059015332 2.2122962888 0 0 0 2 8 2 0 0 0 6 
598 1 24.8356 12.0191 1.09754 -5.5757e-04 5.8265e-04 7.49712e-04 0.0011011055 0.0 15 22.6887385561 2.3105081097 0 0 0 3 6 6 0 0 0 6 
466 2 23.4817 13.9377 6.68171 -0.00192809 1.74457e-04 -8.97658e-04 0.0021339532 0.0 12 15.6526892956 2.2927724722 0 0 0 3 6 3 0 0 0 6 
715 1 19.5019 12.9023 7.50924 0.00129402 9.87157e-04 -0.00126022 0.0020584269 0.0 15 21.7380532458 2.2927724722 0 0 1 4 3 6 0 1 0 8 
749 2 24.5527 11.5798 6.45451 0.00131733 4.39844e-04 -0.00293158 0.0032439147 0.0 13 17.6516848076 2.1135324156 0 0 0 1 10 2 0 0 0 6 
56 2 24.2456 13.6359 4.22565 0.00134552 7.51954e-04 -2.74168e-04 0.0015655756 0.0 14 17.3927365714 2.1165278968 0 0 0 3 6 5 0 0 0 6 
697 1 19.5825 14.7228 4.98181 -4.73749e-04 0.00211499 0.0019685 0.0029279025 0.0 17 23.1454679087 2.3065673498 0 0 0 3 6 8 0 0 0 6 
360 2 25.5627 15.8903 3.74507 -0.00263724 0.00225685 -0.00302391 0.0046035246 0.0 13 13.8974817776 2.033794676 0 0 0 3 6 4 0 0 0 6 
372 2 20.1306 15.3436 1.22881 -0.00157849 -0.0017641 0.00247006 0.0034212389 0.0 14 21.0851397269 2.2122962888 0 0 0 2 8 4 0 0 0 6 
277 2 26.8585 10.9496 7.97157 0.00157009 -0.00342155 -7.77878e-04 0.0038441229 0.0 13 15.2314065745 2.118237994 0 0 0 1 10 2 0 0 0 6 
603 1 22.1687 11.3878 2.21852 0.00355751 0.00452299 -2.32371e-04 0.0057591069 0.0 14 21.1207225172 2.201405244 0 0 0 4 4 6 0 0 0 6 
559 2 25.5708 11.1802 3.82856 -0.00101428 -0.00152035 7.02362e-04 0.0019579429 0.0 13 17.8032254779 2.2274279135 0 0 0 3 6 4 0 0 0 6 
320 1 24.0152 9.12636 1.43411 0.00254835 9.92212e-04 0.0024772 0.0036898634 0.0 15 22.7521602018 2.2030198306 0 0 0 1 10 4 0 0 0 6 
106 2 0.29036 12.5805 5.91027 0.00188481 0.00111198 -4.97643e-04 0.0022442497 0.0 14 13.3330771762 1.9996617911 0 0 1 3 4 5 1 0 0 7 
911 1 18.7723 11.3415 5.25515 0.00510692 0.00103788 0.00155978 0.0054397372 0.0 13 20.3002018257 2.1936684804 0 0 0 3 6 4 0 0 0 6 
354 2 22.6043 15.648 5.14829 6.62911e-04 0.00108966 0.00113214 0.0017054474 0.0 13 17.6035978371 2.2058170036 0 0 0 2 8 3 0 0 0 6 
187 2 22.9532 14.5702 2.54379 0.00221824 -5.13559e-04 -0.00198001 0.0030174113 0.0 15 20.5087649304 2.2122962888 0 0 0 3 6 6 0 0 0 6 
351 2 22.1797 16.6745 3.02923 0.00242312 0.00357229 0.00125349 0.0044948864 0.0 13 17.4683375401 2.1952548997 0 0 0 3 6 4 0 0 0 6 
236 2 25.3103 15.803 6.03579 0.00342051 -0.00379825 -2.45002e-04 0.0051172862 0.0 13 14.9354736084 2.0531506407 0 0 0 4 4 5 0 0 0 6 
371 2 24.0836 9.48069 4.72526 0.00133941 1.87814e-04 -0.00182736 0.0022734418 0.0 14 19.233763468 2.2030198306 0 0 0 4 5 4 1 0 0 7 
551 2 22.9218 13.6498 8.86249 0.00160424 -0.00225672 0.00150046 0.0031492462 0.0 13 16.5408721329 2.2005773921 0 0 1 4 2 5 1 0 0 7 
256 2 17.8171 16.4252 0.779079 -0.00244509 -3.13967e-04 3.41663e-04 0.0024887294 0.0 14 16.9182473446 2.297637316 0 0 0 3 6 5 0 0 0 6 
139 1 20.5197 15.6274 7.61573 -2.54431e-04 -0.00214715 0.00353731 0.0041457871 0.0 14 21.4242229287 2.2908261746 0 0 0 2 8 4 0 0 0 6 
985 1 18.4109 10.1145 2.34505 -0.00221615 2.98821e-04 3.77652e-04 0.0022678703 0.0 15 21.3873885607 2.1065731584 0 0 0 1 10 4 0 0 0 6 
299 1 21.7184 12.1131 4.85504 0.00345156 0.0047603 -3.61224e-06 0.0058799435 0.0 14 22.7542086926 2.2927724722 0 0 0 3 6 5 0 0 0 6 
616 2 3.63846 25.6136 2.11339 0.00289495 0.00211283 0.0046986 0.0059094524 0.0 13 13.8324680021 2.107364657 0 0 0 5 2 6 0 0 0 6 
740 2 7.56958 19.6144 2.81382 9.72551e-04 -0.00775705 -8.19775e-04 0.0078606432 0.0 15 15.0479241837 2.3357025819 0 0 0 4 4 7 0 0 0 6 
214 2 7.60577 22.9218 2.51703 1.30174e-04 8.66639e-04 0.00244197 0.0025944606 0.0 14 11.9357715187 1.8006635586 0 0 1 3 6 1 3 0 0 7 
471 2 7.01998 23.359 6.99998 0.00215824 -0.00252004 0.00414146 0.0053066272 0.0 15 13.0783289097 1.9857314695 0 0 2 2 5 3 3 0 0 7 
476 2 6.87918 21.6444 4.5744 0.00376222 0.00337174 -0.00195703 0.0054178313 0.0 14 13.1623332893 2.2296691211 0 0 2 2 4 4 2 0 0 7 
600 2 0.843537 20.3813 2.25106 -9.94254e-04 1.85466e-04 0.00500939 0.0051104723 0.0 13 16.733952738 2.0294342258 0 0 1 2 6 3 1 0 0 7 
489 2 0.825682 23.9626 5.88743 -6.44804e-04 0.00186377 -0.00166328 0.0025799053 0.0 15 16.964207399 2.3098273004 0 0 2 3 3 5 1 1 0 8 
725 2 8.51857 23.5447 4.74108 0.00307865 0.0068031 -0.0019075 0.0077070625 0.0 15 12.9959519127 1.8503477154 0 0 2 1 7 2 3 0 0 7 
119 2 2.37038 17.9695 2.29967 9.26859e-04 -0.00332435 0.00179229 0.0038887882 0.0 14 18.5266848959 2.4100626917 0 0 1 3 5 3 2 0 0 7 
869 1 4.87543 18.2442 5.37642 -0.00167501 -0.00103088 -9.37567e-04 0.0021788538 0.0 19 24.3089665969 2.4235271294 0 0 5 2 4 2 2 3 1 9 
863 1 5.1193 19.2084 9.10724 -0.00525411 9.5766e-04 -2.19415e-04 0.005345178 0.0 16 24.9904850014 2.4235271294 0 0 0 5 4 5 2 0 0 7 
797 2 1.93309 23.648 8.08836 0.00138652 0.0012017 -0.00151247 0.0023778322 0.0 11 12.810795518 2.1230741863 0 0 0 2 8 1 0 0 0 6 
669 2 6.03229 25.171 9.72754 -0.00271672 0.00272345 0.00296398 0.0048562254 0.0 14 14.8201003 2.2953699543 0 0 2 3 4 2 2 1 0 8 
567 2 26.4785 18.0219 3.0038 0.00252094 -0.00375697 0.00138661 0.0047320872 0.0 12 16.1145466009 2.1882600278 0 0 1 2 5 4 0 0 0 6 
933 2 2.40343 19.1503 0.0390728 -0.00374469 4.24644e-04 7.37799e-05 0.0037694123 0.0 12 13.3840586017 2.2371536578 0 0 0 4 4 4 0 0 0 6 
573 2 1.24034 21.8942 0.253383 0.00113346 0.00329377 0.00174047 0.0038939553 0.0 14 18.3105435525 2.2072305032 0 0 1 3 5 3 2 0 0 7 
687 2 7.07821 19.0465 0.5711 6.64656e-04 -0.00119526 -0.00332515 0.0035954188 0.0 14 15.2872051899 2.1730913114 0 0 4 2 1 3 3 1 0 8 
196 2 1.7043 0.168487 4.83813 0.00364609 0.00159682 0.00117568 0.0041504253 0.0 16 14.4098980149 1.9506134395 0 0 0 5 4 5 2 0 0 7 
534 2 2.82961 25.2581 6.63398 -2.98961e-04 -1.98388e-04 -0.00328879 0.003308304 0.0 14 13.0771243611 1.9098039794 0 0 1 3 4 5 1 0 0 7 
390 2 4.755 -0.222402 8.0191 -0.00119858 -0.00281472 0.00121718 0.0032925324 0.0 14 13.5708530459 1.9466265128 0 0 0 2 8 4 0 0 0 6 
313 2 0.264969 25.365 7.76624 7.21594e-04 9.85353e-04 0.00187354 0.0022364639 0.0 12 11.6184842847 2.2258573581 0 0 2 2 4 2 2 0 0 7 
808 2 3.06273 22.6846 5.98022 -6.5698e-04 -3.63337e-04 -5.73298e-04 9.4462007854e-04 0.0 14 14.5007697395 2.2308432189 0 0 2 2 4 4 2 0 0 7 
677 1 8.15983 18.0769 8.25242 4.49437e-04 -0.00430407 9.93591e-04 0.0044400715 0.0 15 24.7436406211 2.4235271294 0 0 1 1 9 2 2 0 0 7 
676 2 9.30751 21.3306 2.22686 0.00459226 0.00206681 0.00140469 0.005228165 0.0 14 12.1144639244 1.911202896 0 0 2 2 4 4 2 0 0 7 
776 2 1.57391 22.4236 3.88756 -0.00169307 -6.08475e-04 0.00119869 0.0021618477 0.0 14 16.3307580763 2.2150614095 0 0 2 2 4 4 2 0 0 7 
190 2 3.2293 20.3319 1.80936 0.00147916 -9.16961e-04 7.82409e-04 0.0019081131 0.0 13 13.0175471821 2.0707528615 0 0 0 4 4 5 0 0 0 6 
111 2 7.28819 20.0115 6.04461 -0.00115678 0.00204353 8.79756e-04 0.0025076135 0.0 13 17.3817231079 2.271450599 0 0 2 2 3 5 1 0 0 7 
999 2 4.84028 24.0865 7.42071 -0.00120591 -0.00304626 -0.0021034 0.0038933547 0.0 15 12.2539279079 1.9912594214 0 0 1 2 7 3 2 0 0 7 
188 2 8.75601 25.1073 1.65629 0.00139186 -1.73422e-04 0.00214008 0.0025587676 0.0 15 12.6795493869 1.8765977567 0 0 0 3 7 4 1 0 0 7 
661 2 4.57546 24.5309 26.7691 -3.59961e-05 -4.00138e-04 0.00165536 0.0017034151 0.0 13 14.870700975 2.23593464 0 0 3 1 3 4 2 0 0 7 
722 2 0.357019 18.4445 0.770658 -0.00250592 4.30991e-04 -0.00414051 0.0048589311 0.0 14 17.6281855918 2.4654856551 0 0 0 4 4 6 0 0 0 6 
202 2 7.5254 21.4413 0.718609 -0.00137469 0.0023008 0.00289009 0.0039415826 0.0 14 12.0312602801 1.8519632091 0 0 0 2 8 4 0 0 0 6 
610 2 1.40931 0.499754 7.37777 1.24556e-04 0.00382671 -3.26157e-04 0.0038426035 0.0 14 12.2813298643 1.9098039794 0 0 2 3 4 2 2 1 0 8 
442 2 7.72678 25.8024 5.6455 0.00159906 2.06995e-04 -0.00113781 0.0019734364 0.0 13 13.0406034098 1.9912594214 0 0 1 2 6 3 1 0 0 7 
143 2 5.16493 21.626 6.44398 -0.00410425 0.00120691 -0.00110828 0.0044192516 0.0 15 17.4436541668 2.2599625369 0 0 1 1 8 4 1 0 0 7 
79 2 3.4297 22.097 8.2568 5.31883e-04 0.00147642 0.00121014 0.0019817049 0.0 13 17.0472667133 2.317093831 0 0 1 2 5 5 0 0 0 6 
561 2 5.83168 21.1013 2.33947 -0.00327046 1.20651e-04 -7.23222e-04 0.0033516437 0.0 14 12.5074766292 2.2296691211 0 0 1 4 2 6 1 0 0 7 
76 2 3.9457 21.8322 3.65417 8.08013e-04 -0.00116533 1.98176e-04 0.0014318354 0.0 14 14.9966565118 2.2296691211 0 0 0 3 7 3 1 0 0 7 
9 2 3.4307 24.4803 4.30945 -7.49852e-04 0.00264947 -0.00341352 0.0043856685 0.0 15 12.8614144082 1.9603759877 0 0 0 3 6 6 0 0 0 6 
257 2 5.44482 23.588 4.88094 -9.41096e-05 -0.00260686 -9.52802e-04 0.0027771221 0.0 14 12.7554045825 1.8424133719 0 0 1 3 4 5 1 0 0 7 
592 2 7.40285 21.434 8.75417 -4.51411e-04 0.00161239 -2.61909e-04 0.0016947477 0.0 15 18.1781379426 2.2239052345 0 0 0 4 5 5 1 0 0 7 
269 2 5.16928 18.6629 2.31273 -0.0019505 9.53231e-04 -2.29441e-04 0.0021830581 0.0 14 18.2489362452 2.3357025819 0 0 1 4 3 5 0 1 0 8 
786 2 3.88011 0.459567 3.70924 -1.74075e-04 1.72445e-04 0.00346046 0.0034691242 0.0 11 12.9442041506 2.0221560179 0 0 0 4 4 3 0 0 0 6 
718 2 2.58881 23.3456 1.8584 3.72773e-04 -4.26718e-04 -0.00239107 0.0024572879 0.0 15 15.5641390702 2.23593464 0 0 2 2 5 3 3 0 0 7 
175 2 0.941179 24.7894 3.69435 0.001412 0.00153133 5.02806e-04 0.0021427854 0.0 14 17.2521679611 2.1499538059 0 0 1 1 8 3 1 0 0 7 
904 1 0.387726 21.1962 7.8191 2.0662e-04 -0.00199915 0.00250367 0.0032105538 0.0 17 23.5687661392 2.3098273004 0 0 4 1 5 2 3 2 0 8 
292 2 6.79702 25.1453 3.27265 -9.85603e-04 -0.00293102 -1.44922e-04 0.0030956896 0.0 16 13.48445277 1.9603759877 0 0 0 4 6 4 2 0 0 7 
494 2 5.00186 23.7559 2.37993 0.00306133 -6.29661e-04 -6.76291e-04 0.0031977467 0.0 13 11.9970618743 1.8944683791 0 0 1 1 7 4 0 0 0 6 
549 2 6.64672 23.4686 0.338489 0.00567379 -0.00191355 0.00178177 0.0062472611 0.0 15 13.2971615318 2.0583524107 0 0 0 4 4 7 0 0 0 6 
462 2 5.04116 25.9995 5.6598 0.00421689 0.00450452 -0.00448305 0.0076269653 0.0 14 13.9997283882 1.9912594214 0 0 1 2 7 2 2 0 0 7 
350 1 2.44422 19.4144 4.93638 -0.00151081 -5.56627e-04 0.00327225 0.0036469166 0.0 17 23.4700392941 2.4154011496 0 0 4 2 4 1 4 2 0 8 
26 2 13.3691 18.7515 1.69604 0.00365931 6.09685e-04 -3.73576e-05 0.0037099408 0.0 13 12.5263096889 1.9844789054 0 0 0 3 6 4 0 0 0 6 
890 1 17.4312 19.2173 5.99592 7.98683e-04 -6.82476e-06 -0.00242929 0.0025572233 0.0 14 23.5733173878 2.3704574022 0 0 0 3 7 3 1 0 0 7 
609 1 17.214 25.3367 4.59127 5.27002e-04 -1.80026e-04 0.0019692 0.0020464333 0.0 13 20.5564553843 2.1851209253 0 0 1 0 9 3 0 0 0 6 
437 1 17.966 24.0094 26.57 -0.00135169 0.00355771 0.00113801 0.0039723335 0.0 15 21.2349092082 2.33109549 0 0 0 4 4 7 0 0 0 6 
591 2 11.1491 17.3733 4.69394 -4.32955e-04 0.00287379 -0.00357056 0.0046038047 0.0 12 18.5171619989 2.2730852394 0 0 0 4 4 4 0 0 0 6 
53 1 13.6751 18.2393 6.4692 0.00140752 0.00131195 -0.00105318 0.0021935162 0.0 15 20.9332586361 2.1407754736 0 0 2 2 6 2 2 1 0 8 
265 2 16.2813 18.8892 2.50973 2.88005e-04 -0.00419821 2.66204e-04 0.0042164889 0.0 13 17.4938185732 2.1733174964 0 0 0 5 3 4 1 0 0 7 
514 2 11.2995 20.0633 5.91423 0.00496769 -0.00145344 -0.00610267 0.008002063 0.0 16 16.6128115294 2.212884648 0 0 3 3 3 2 4 1 0 8 
336 2 12.3234 22.9604 2.52525 4.04203e-04 0.00293642 -0.00135723 0.0032600638 0.0 13 13.826407122 2.1535845966 0 0 1 3 3 6 0 0 0 6 
539 2 10.2721 23.7092 2.99088 -0.0032423 0.00270553 -6.77936e-04 0.0042769147 0.0 14 12.26821084 1.8995537961 0 0 2 3 1 7 1 0 0 7 
162 2 9.13925 20.8599 4.56807 0.00190907 1.08855e-04 0.00102668 0.0021703616 0.0 15 12.3477631085 1.9718415558 0 0 3 2 3 3 4 0 0 7 
60 1 16.9419 23.8977 7.44483 -1.82979e-04 0.00209463 0.00395509 0.0044792514 0.0 14 23.86402752 2.4872500612 0 0 0 0 12 2 0 0 0 6 
712 2 12.1938 19.341 3.57219 0.00245573 0.00145218 0.00100274 0.0030240576 0.0 13 12.7777877981 1.9421361659 0 0 1 4 3 3 2 0 0 7 
324 2 14.5597 19.6955 4.00842 0.00108853 2.50221e-04 0.00108532 0.0015573784 0.0 14 17.2989454737 2.1523657791 0 0 2 2 4 4 2 0 0 7 
811 2 13.7738 20.2428 26.5435 -4.35966e-05 0.00173989 -0.00149434 0.002293942 0.0 13 16.6124866534 2.1687688182 0 0 1 3 4 4 1 0 0 7 
695 2 10.5019 0.677111 8.01809 -3.49633e-05 -1.62543e-04 -0.00407494 0.0040783304 0.0 15 16.6068644524 2.2320503084 0 0 2 3 3 5 1 1 0 8 
467 2 12.2049 24.4581 4.54661 0.00282479 -0.00133545 -0.00275271 0.0041641659 0.0 13 15.5245652119 2.1465020071 0 0 0 4 5 3 1 0 0 7 
647 2 11.8019 25.0987 1.76292 -0.00219164 9.55291e-04 0.00190864 0.0030592112 0.0 15 15.8228041974 2.2490926448 0 0 1 3 6 2 3 0 0 7 
116 1 16.5016 22.0995 4.63059 0.00425496 -0.00204738 -0.00403858 0.0062134192 0.0 16 23.7495306359 2.3769938957 0 0 0 3 6 7 0 0 0 6 
183 2 8.79558 18.4853 4.85883 -2.84374e-04 0.0060074 8.40217e-04 0.0060725355 0.0 15 18.8214521043 2.2980547183 0 0 1 1 8 4 1 0 0 7 
678 1 16.1521 19.0328 8.84447 -9.62011e-04 8.89596e-04 -0.00400303 0.004212018 0.0 13 21.0653596608 2.4278381663 0 0 0 3 6 4 0 0 0 6 
432 2 11.0341 21.4979 3.76555 3.19463e-04 0.00351703 -0.00278578 0.0044980137 0.0 13 11.691951982 1.8120983368 0 0 1 4 2 5 1 0 0 7 
986 2 13.6918 21.0979 2.08115 -0.00258117 0.00258334 0.00212492 0.0042250881 0.0 15 15.8110985108 2.1523657791 0 0 0 5 3 6 1 0 0 7 
250 2 10.6676 23.0845 6.1046 -0.00334962 -1.0906e-05 -0.00362207 0.0049335042 0.0 15 13.6742161888 1.8657295435 0 0 0 4 4 7 0 0 0 6 
378 2 10.6538 25.2441 26.6155 -0.00137008 0.00221647 -0.00450385 0.0052033185 0.0 14 16.2002745697 2.2823242577 0 0 1 4 4 2 3 0 0 7 
445 2 10.0345 0.285181 1.16358 -1.47739e-04 -3.6148e-04 1.5761e-04 4.2111223518e-04 0.0 13 12.041712824 2.2156432151 0 0 1 3 4 4 1 0 0 7 
483 2 17.9909 18.8864 0.625986 0.00291259 0.00175471 0.00135954 0.00366204 0.0 12 18.074968828 2.2784861918 0 0 0 2 8 2 0 0 0 6 
771 2 13.1947 21.7174 4.63171 -0.00370882 -0.00363184 0.00100654 0.0052876016 0.0 14 15.3735891387 2.082149071 0 0 1 4 3 4 2 0 0 7 
513 2 11.4957 20.6748 1.29548 0.003594 -2.73742e-04 -0.00315137 0.0047877869 0.0 14 12.9586605621 1.911202896 0 0 0 2 8 4 0 0 0 6 
882 1 15.4694 23.909 2.62637 -0.0029939 -6.30561e-04 -0.00315233 0.0043929749 0.0 15 21.7699845983 2.1553380831 0 0 0 4 5 5 1 0 0 7 
961 1 15.0137 23.257 26.7187 0.00181424 0.00240464 -4.42174e-04 0.0030445489 0.0 14 21.4699262373 2.2304272184 0 0 1 3 6 1 3 0 0 7 
689 2 9.25486 24.9305 7.09915 0.00198498 -0.00295326 -0.00171939 0.0039519859 0.0 14 12.9028277845 1.9364953226 0 0 0 1 10 3 0 0 0 6 
815 1 15.2129 20.936 6.79575 -0.00105166 -7.15336e-04 -0.00117966 0.0017347311 0.0 14 22.816814933 2.4872500612 0 0 1 3 5 3 2 0 0 7 
760 2 12.4779 22.0482 7.31789 0.00121746 -0.00403462 0.00403984 0.0058378656 0.0 14 17.2121298639 2.2134096138 0 0 1 1 8 3 1 0 0 7 
754 2 14.1318 23.8033 5.67675 0.00149838 0.00101845 6.93875e-04 0.0019400633 0.0 15 18.3049173664 2.1457668272 0 0 1 1 9 2 2 0 0 7 
315 1 17.0537 21.5742 1.2759 -0.00204688 0.0033409 -3.02512e-04 0.0039297384 0.0 14 21.5129055283 2.275116461 0 0 1 1 8 3 1 0 0 7 
239 2 9.94131 25.5194 4.62904 -0.00105945 0.00119388 -9.831e-04 0.0018746385 0.0 13 12.6693493757 1.9364953226 0 0 0 2 8 3 0 0 0 6 
418 2 9.95299 18.5599 2.88124 -0.00187156 0.0049507 0.00128966 0.0054475123 0.0 16 15.6160537264 2.2534794071 0 0 2 3 4 4 2 1 0 8 
401 2 8.67292 0.171896 3.54193 -7.28052e-04 2.95586e-04 0.00525465 0.0053130761 0.0 13 12.627817062 2.1256828977 0 0 0 3 6 4 0 0 0 6 
770 1 17.1333 26.2091 1.87397 -9.26439e-04 0.00107773 -0.00111824 0.0018083838 0.0 14 21.3751288524 2.1989638409 0 0 2 3 3 3 3 0 0 7 
425 2 13.6287 23.9985 7.99822 3.44791e-04 -0.00396038 8.93462e-04 0.0040745263 0.0 11 15.7995056644 2.401912841 0 0 1 2 5 3 0 0 0 6 
744 2 8.64828 21.9029 6.81584 -0.00236357 0.00419716 7.91332e-04 0.0048814774 0.0 13 12.0142286884 1.9199073023 0 0 2 2 3 5 1 0 0 7 
516 2 11.5642 24.9054 7.50351 -1.49248e-04 -9.74092e-04 -2.4698e-04 0.0010159377 0.0 14 13.7204233933 2.1843176264 0 0 1 3 5 4 0 1 0 8 
50 1 14.7011 25.975 0.371404 0.00326975 8.73234e-04 0.00273032 0.0043483848 0.0 17 24.8303736976 2.2823242577 0 0 1 5 4 2 5 0 0 7 
124 2 9.45344 19.1665 0.360447 -5.39286e-04 -3.09134e-04 0.0015656 0.001684487 0.0 15 15.7502200394 2.160838022 0 0 2 2 6 2 2 1 0 8 
394 2 12.0005 26.9346 5.96691 -0.00319279 0.00185278 -0.00197154 0.0041849339 0.0 15 18.956190382 2.2802814934 0 0 1 2 8 2 1 1 0 8 
893 2 10.0134 22.4729 8.60296 -0.00419926 6.45928e-04 0.00521885 0.0067295916 0.0 12 14.6192161877 2.2067655023 0 0 0 0 12 0 0 0 0 5 
278 2 11.3386 26.8874 3.46014 -0.0028129 0.00463744 1.80502e-04 0.0054268625 0.0 15 16.21761037 2.232217111 0 0 0 3 6 6 0 0 0 6 
400 1 21.8103 22.6255 4.23766 -5.63029e-04 -6.57131e-04 0.00391913 0.0040135275 0.0 15 23.6347671985 2.3193829277 0 0 0 3 6 6 0 0 0 6 
828 1 22.3803 19.4857 -0.0765319 8.36562e-04 -0.00490181 -0.00204296 0.0053759895 0.0 14 21.284910281 2.1952548997 0 0 0 2 8 4 0 0 0 6 
30 1 18.8356 20.4653 3.36949 0.00265194 0.00210177 -0.00343044 0.0048185207 0.0 14 22.2862033414 2.2435309766 0 0 0 3 6 5 0 0 0 6 
11 2 26.0761 0.178192 5.90603 0.00158635 -0.00244461 -0.00515928 0.0059254362 0.0 16 16.6768465698 2.1499538059 0 0 1 2 7 4 2 0 0 7 
505 1 24.933 25.5429 2.98321 -5.82419e-04 -1.17026e-04 -4.36355e-04 7.3709745778e-04 0.0 13 20.3887222387 2.267255574 0 0 0 2 8 3 0 0 0 6 
965 1 19.057 23.5346 2.4587 0.00240309 0.00130187 0.0020753 0.0034317018 0.0 15 23.6126349073 2.2975941046 0 0 0 1 10 4 0 0 0 6 
617 1 22.847 25.676 4.93932 -0.00248753 -0.00452628 -6.34121e-04 0.0052035685 0.0 16 22.7105001302 2.3183988771 0 0 1 2 7 4 2 0 0 7 
866 2 24.697 24.9124 7.72484 -0.00140734 -0.00133293 8.05087e-04 0.0020989219 0.0 14 17.8035661507 2.2973734785 0 0 1 1 7 5 0 0 0 6 
19 1 20.1103 26.1206 3.70592 0.00332105 0.00317048 -3.93536e-04 0.0046082738 0.0 13 20.7395080444 2.255102136 0 0 0 3 6 4 0 0 0 6 
243 1 25.5114 18.6925 7.25791 -0.00188304 3.41623e-04 -2.28719e-04 0.0019273968 0.0 14 23.4719361531 2.2164389181 0 0 0 3 6 5 0 0 0 6 
384 1 21.7148 19.6603 3.34863 0.00222478 -7.955e-05 0.00242952 0.0032952301 0.0 15 22.1242516232 2.2031483039 0 0 1 3 4 6 1 0 0 7 
624 1 20.3029 20.2391 5.91528 -5.44924e-04 0.00230224 0.00156168 0.0028348008 0.0 13 21.0814169317 2.3769938957 0 0 0 2 8 3 0 0 0 6 
368 1 25.241 20.6101 26.7218 0.00108557 0.00370234 0.00112585 0.0040191195 0.0 14 21.1781726653 2.234506424 0 0 1 3 4 5 1 0 0 7 
52 1 18.9652 26.429 6.61367 5.25288e-04 0.0049093 0.00386663 0.0062712026 0.0 18 26.2128930409 2.3226597391 0 0 0 3 6 9 0 0 0 6 
207 1 20.1801 20.9744 0.900985 7.76961e-04 0.00161228 0.00223745 0.0028651872 0.0 14 22.6032176748 2.33109549 0 0 0 4 5 4 1 0 0 7 
837 1 21.9458 24.8902 2.07825 0.00185623 0.00179782 0.00300279 0.0039616277 0.0 13 22.0156608349 2.3193829277 0 0 0 2 8 3 0 0 0 6 
271 1 25.6027 22.6617 2.12178 -3.26308e-04 -5.57738e-05 0.00313979 0.0031571932 0.0 16 21.9029799513 2.3193829277 0 0 0 4 5 6 1 0 0 7 
683 1 26.1228 20.609 5.21326 4.0415e-04 -0.00425788 -0.00638181 0.0076824721 0.0 16 23.4389838656 2.2352158431 0 0 2 3 5 2 3 1 0 8 
41 1 24.6626 23.3289 4.85256 -8.40419e-04 -0.00375506 0.00138589 0.0040899231 0.0 16 23.4011643659 2.3190884859 0 0 1 3 6 3 3 0 0 7 
547 1 18.2629 21.5418 8.4399 0.00167863 -0.00248466 -0.00157287 0.0033860381 0.0 16 25.3876180145 2.4872500612 0 0 1 1 8 5 1 0 0 7 
703 1 21.5556 20.9962 8.31889 -0.00273889 0.00312185 0.00275343 0.0049828549 0.0 14 21.0809483488 2.3100343999 0 0 1 2 7 2 2 0 0 7 
150 1 21.7302 18.1393 7.38551 -0.00325023 -0.00125128 1.01073e-04 0.0034842377 0.0 14 20.9317783056 2.2031483039 0 0 0 6 1 6 1 0 0 7 
701 2 23.8946 17.6325 4.79226 -0.00297202 7.96824e-04 -0.00212697 0.0037405658 0.0 15 19.4739983218 2.2031483039 0 0 0 2 8 5 0 0 0 6 
531 1 19.8987 26.305 0.67691 -4.69518e-04 -0.0024298 -0.00288022 0.0037973731 0.0 14 20.9797391053 2.1284698697 0 0 1 2 7 2 2 0 0 7 
679 1 19.2779 18.8235 8.40252 0.0015851 0.00131482 -7.99053e-04 0.0022090223 0.0 14 19.647950116 2.2188153214 0 0 0 3 6 5 0 0 0 6 
396 1 20.0034 17.4666 5.37942 6.94674e-04 -0.00121132 0.00113379 0.0017987073 0.0 15 20.6685131752 2.2897778923 0 0 2 2 5 4 1 1 0 8 
702 1 19.439 23.5579 5.57506 0.00195911 8.74182e-05 0.00162468 0.0025466329 0.0 14 24.379446333 2.3769938957 0 0 1 3 4 5 1 0 0 7 
342 2 24.4413 0.700466 7.76538 0.00108639 0.00266781 -0.00126054 0.0031442669 0.0 14 13.732133923 1.9942888096 0 0 1 2 6 4 1 0 0 7 
123 1 23.2251 20.5655 5.94201 -0.00356562 -0.00307714 -0.00301971 0.0055947373 0.0 13 21.2205384806 2.2123775093 0 0 0 1 10 2 0 0 0 6 
713 1 22.8677 22.3487 0.54118 7.99042e-04 -0.00271489 0.0042444 0.005101375 0.0 15 22.879276341 2.3193829277 0 0 0 5 3 6 1 0 0 7 
72 1 24.2979 20.3475 2.76436 3.66805e-04 2.3086e-04 -0.00111839 0.0011994325 0.0 14 22.4659088202 2.2470799786 0 0 0 3 6 5 0 0 0 6 
982 1 22.1486 23.4299 6.84855 -5.27534e-04 -0.00279587 -6.82945e-04 0.0029260203 0.0 14 21.083175969 2.3183988771 0 0 1 2 7 2 2 0 0 7 
991 1 8.82893 3.00827 14.5593 -2.05315e-04 -6.16493e-04 0.00300748 0.003076874 0.0 15 21.5709537817 2.1421224115 0 0 0 2 8 5 0 0 0 6 
521 1 8.17365 5.71263 15.5866 -5.0483e-04 -0.00185208 -0.001261 0.0022967748 0.0 14 21.8667580185 2.2119177014 0 0 1 3 4 5 1 0 0 7 
20 1 3.66226 4.87698 9.69823 0.00386298 0.00311846 -0.00250085 0.005558926 0.0 15 21.0534483569 2.2258539066 0 0 0 4 4 7 0 0 0 6 
801 1 1.21603 4.60991 11.5499 -3.59349e-04 0.00465797 -0.00277994 0.0054363483 0.0 16 22.7565910133 2.2438051608 0 0 2 4 4 2 2 2 0 8 
249 2 0.918301 1.61481 9.59984 0.00414522 -0.00197048 -5.04833e-04 0.0046174123 0.0 13 16.4341771522 2.2438051608 0 0 0 4 5 3 1 0 0 7 
883 1 1.65138 10.1402 15.7151 0.0033269 -5.09992e-04 0.00468349 0.0057674461 0.0 13 21.7634465347 2.2349149264 0 0 0 3 6 4 0 0 0 6 
165 1 3.88748 8.71144 13.8836 0.0032211 -4.99108e-04 0.00500068 0.0059692038 0.0 12 21.328691465 2.2426800201 0 0 0 0 12 0 0 0 0 5 
294 1 5.35947 6.55431 15.2083 0.00176306 -0.00489692 0.00115211 0.0053306251 0.0 15 21.8981336945 2.2102735606 0 0 1 4 3 5 2 0 0 7 
728 2 8.24049 0.377513 10.476 -0.00238408 0.00225366 0.00281107 0.0043202934 0.0 13 14.8090912234 2.1121976512 0 0 1 3 3 6 0 0 0 6 
8 1 3.86106 8.53785 10.9776 -8.22478e-05 0.00316915 3.35253e-04 0.0031878944 0.0 15 22.8852238412 2.2789760233 0 0 0 3 6 6 0 0 0 6 
541 1 6.955 8.17024 13.2999 1.98461e-04 0.00194207 5.30014e-04 0.0020228538 0.0 15 23.3697814845 2.2573472958 0 0 0 2 8 5 0 0 0 6 
698 1 26.7921 9.15415 10.8293 0.00387032 0.00397904 -0.00447087 0.007127469 0.0 16 21.4838858815 2.2636560027 0 0 1 2 7 4 2 0 0 7 
392 1 7.70774 8.90042 16.629 0.00451546 -5.00745e-04 0.0026867 0.0052781134 0.0 16 24.2314906808 2.2082746653 0 0 0 3 8 3 2 0 0 7 
152 1 1.19507 3.72419 16.5367 5.77586e-04 -3.63076e-04 -0.00203278 0.0021442071 0.0 13 20.6923957903 2.1852943622 0 0 0 2 8 3 0 0 0 6 
446 1 7.13898 1.68449 12.6207 0.00220666 -5.52911e-04 -0.00193234 0.0029847943 0.0 15 21.3522453522 2.2099535012 0 0 0 2 8 5 0 0 0 6 
690 1 1.5291 6.95963 9.82333 -0.00129389 -9.41361e-04 2.19232e-04 0.0016150463 0.0 15 20.9190960328 2.2235825835 0 0 2 3 3 5 1 1 0 8 
482 2 3.48719 0.328366 10.1065 -4.89746e-04 -4.93245e-04 -0.00189012 0.0020138757 0.0 14 16.9910570385 2.2959093664 0 0 3 2 2 4 3 0 0 7 
867 1 3.91499 4.38943 16.8944 -0.00169977 2.47768e-04 -0.00212496 0.0027324096 0.0 13 21.471710608 2.2175884168 0 0 0 1 10 2 0 0 0 6 
779 1 1.47322 0.883856 13.0169 0.00325792 -7.65832e-04 0.00227124 0.004044635 0.0 17 23.7154244872 2.2438051608 0 0 1 4 5 3 4 0 0 7 
226 1 4.43539 6.04231 12.4034 -0.0032357 7.99661e-04 0.00152026 0.0036633868 0.0 15 21.5541717364 2.1047480654 0 0 0 2 8 5 0 0 0 6 
7 1 5.64231 3.6989 13.97 0.00234202 -0.0072829 -0.00328327 0.0083249956 0.0 14 21.603137745 2.077941256 0 0 0 3 6 5 0 0 0 6 
420 1 3.56477 2.83325 12.1163 -1.81488e-04 -8.32098e-04 3.29652e-04 9.1323349525e-04 0.0 15 22.8530713188 2.2258539066 0 0 1 4 3 5 2 0 0 7 
614 1 6.21018 6.69282 10.348 -0.00372977 0.00163008 -0.00217553 0.0046153305 0.0 13 20.4712771986 2.0919391538 0 0 0 1 10 2 0 0 0 6 
282 1 2.08667 0.36959 17.3656 -0.00360026 -0.00215347 -0.0011438 0.0043482851 0.0 15 23.2556954763 2.219584828 0 0 2 2 5 3 3 0 0 7 
479 1 6.00624 3.69163 10.5968 0.00234685 -0.00167617 0.00510298 0.0058615404 0.0 16 21.1830398414 2.2059172677 0 0 1 2 7 4 2 0 0 7 
668 2 5.74958 0.55074 9.90094 0.00208697 0.00306151 0.00254975 0.004497723 0.0 14 16.6354225323 2.1875577874 0 0 0 4 5 4 1 0 0 7 
813 1 2.26982 4.75434 14.2117 -4.30998e-04 1.24533e-04 0.00146738 0.0015344288 0.0 13 20.007382937 2.2166500242 0 0 1 2 5 5 0 0 0 6 
910 1 1.42871 7.44203 12.8797 -0.00251767 0.00149019 -7.91853e-04 0.0030309008 0.0 13 21.823958866 2.2207097271 0 0 0 2 8 3 0 0 0 6 
823 1 3.16954 1.90051 15.0998 0.00178273 0.00256962 -0.00114901 0.0033318609 0.0 15 22.2630070301 2.2175884168 0 0 0 5 4 4 2 0 0 7 
252 1 5.84722 1.12039 15.623 0.00141316 0.00115693 9.42196e-04 0.0020550527 0.0 14 21.2876450793 2.2099535012 0 0 1 1 8 3 1 0 0 7 
560 1 7.63076 5.23496 12.5686 -0.00179433 -0.0019492 -9.48751e-04 0.0028140947 0.0 14 21.6235398519 2.2029387592 0 0 1 3 4 5 1 0 0 7 
580 1 2.49331 6.86261 15.8471 -0.00462193 -6.14985e-04 0.00156121 0.0049170947 0.0 16 20.9963129744 2.1608907675 0 0 0 3 6 7 0 0 0 6 
831 1 6.79998 3.5884 16.9059 0.00184118 0.00168407 0.00299133 0.0038953935 0.0 14 21.1659840623 2.2119177014 0 0 0 2 8 4 0 0 0 6 
885 1 8.93667 0.173104 15.2108 0.00105714 3.21564e-04 -0.00226688 0.0025218432 0.0 14 22.0984203764 2.2762961711 0 0 0 3 6 5 0 0 0 6 
21 2 16.2698 6.42663 10.7954 0.00132636 0.00196262 -0.00205495 0.0031359094 0.0 15 16.8454983129 2.2589004887 0 0 2 3 4 2 4 0 0 7 
54 2 11.2994 5.02588 15.1757 0.00292011 3.46917e-04 -0.00334126 0.0044510013 0.0 12 16.5367818071 2.0853591721 0 0 0 2 8 2 0 0 0 6 
496 2 13.4373 5.9849 13.252 0.00361601 4.99556e-04 -0.00605653 0.0070715373 0.0 14 14.0883276775 1.9114554574 0 0 0 3 6 5 0 0 0 6 
819 2 11.7353 6.14763 11.2719 -0.0014366 0.00336398 0.00226428 0.0043019931 0.0 13 14.9573810058 2.2141565291 0 0 0 3 6 4 0 0 0 6 
146 2 13.2432 1.45534 13.9067 -0.00159745 5.51928e-04 0.00449614 0.0048033057 0.0 13 15.5288845306 2.188603578 0 0 1 3 5 2 2 0 0 7 
212 2 14.257 5.31862 11.0054 0.00295113 0.00154788 -5.76005e-04 0.003381846 0.0 13 12.6387640933 2.1235065023 0 0 0 1 10 2 0 0 0 6 
969 2 14.7793 2.67116 16.2019 -0.00159646 0.0019487 1.25227e-04 0.0025222605 0.0 12 15.3234672655 2.0549352204 0 0 0 4 4 4 0 0 0 6 
775 2 13.5164 5.87806 16.0971 0.00283953 0.00398665 0.00267784 0.0055791698 0.0 14 14.4430724356 2.0237308757 0 0 2 4 2 3 2 1 0 8 
646 2 13.4921 3.60445 14.5001 1.97674e-04 0.00224855 0.00381407 0.0044319501 0.0 14 13.8116737676 2.0667242337 0 0 0 4 5 4 1 0 0 7 
717 2 16.2144 3.41992 10.979 0.00102584 -0.00317966 0.00516171 0.006148645 0.0 15 16.2028671262 2.2173831853 0 0 1 3 5 4 2 0 0 7 
860 2 14.1291 7.59383 9.93852 -5.96633e-04 3.42501e-04 -5.94217e-04 9.0904989675e-04 0.0 13 14.8211642746 2.2219459001 0 0 0 3 7 2 1 0 0 7 
334 2 14.2146 3.13336 12.3646 0.0034846 -0.00106089 -2.9212e-04 0.0036542111 0.0 14 12.3841052227 1.9427043219 0 0 1 3 3 7 0 0 0 6 
391 2 14.8383 4.67929 17.3374 0.00178489 -8.36005e-04 0.0018412 0.0026971752 0.0 14 13.1521268342 2.1472526175 0 0 2 3 2 5 2 0 0 7 
498 2 10.4475 6.40503 13.455 3.64895e-05 0.00289079 -3.47984e-04 0.0029118879 0.0 15 17.6391151139 2.2141565291 0 0 0 5 3 6 1 0 0 7 
223 1 9.08456 5.49502 9.7459 4.46333e-04 0.001686 -8.79583e-04 0.0019533242 0.0 16 22.1254490575 2.2141565291 0 0 0 2 9 4 1 0 0 7 
95 1 8.98493 3.1143 11.2703 1.68165e-04 2.43571e-05 0.00107867 0.0010919715 0.0 14 19.6382505652 2.2141565291 0 0 0 4 5 4 1 0 0 7 
459 2 10.728 0.713041 10.6236 -0.00242528 0.00240691 0.00278355 0.0044071929 0.0 15 14.8367820894 2.2320503084 0 0 1 3 6 3 1 1 0 8 
22 2 14.4099 8.1968 12.1548 9.41214e-04 0.00225932 -0.0030621 0.0039200596 0.0 16 13.3496176325 2.0134088541 0 0 0 5 5 3 3 0 0 7 
979 2 15.6514 4.90531 12.7587 -9.68302e-04 5.84421e-04 0.00177218 0.002102327 0.0 15 12.6496143774 1.9195159527 0 0 1 3 5 4 2 0 0 7 
179 2 16.8109 6.00884 16.6254 0.0044514 -0.00413181 -0.00492538 0.0078196025 0.0 15 12.654676106 1.8328185414 0 0 2 1 4 8 0 0 0 6 
329 2 16.0822 2.0238 13.6928 -0.00398807 -4.83336e-04 7.84407e-04 0.0040931174 0.0 14 15.7057220655 2.1416752784 0 0 0 3 7 3 1 0 0 7 
888 2 16.2144 3.9549 15.0044 -0.00333345 -0.00474258 -0.00169118 0.0060385465 0.0 16 13.7385765927 2.1817435039 0 0 2 1 6 5 2 0 0 7 
625 2 13.997 3.64961 9.27385 0.00128024 3.14717e-04 4.66288e-04 0.0013983868 0.0 13 16.987512974 2.2628733167 0 0 2 2 5 1 3 0 0 7 
700 2 11.9908 3.55037 10.7701 0.00117365 -3.44596e-04 -0.00162321 0.002032489 0.0 15 16.6345388677 2.2320503084 0 0 1 4 4 3 3 0 0 7 
572 1 11.3049 1.80447 16.4315 -0.00291842 -0.00288168 -0.00130897 0.0043051896 0.0 16 22.8391353077 2.2762961711 0 0 1 2 7 4 2 0 0 7 
115 2 9.94501 8.82517 14.4141 -0.00144203 -0.00115397 0.00233009 0.0029732838 0.0 14 18.7702322304 2.1649754635 0 0 0 2 8 4 0 0 0 6 
998 2 16.2514 8.51194 15.7621 0.00165975 0.00222685 0.0022299 0.0035617531 0.0 13 11.9235414409 1.8128609019 0 0 1 0 9 3 0 0 0 6 
247 2 11.9312 8.24737 12.1255 0.00441934 0.00229019 0.00125001 0.0051320621 0.0 15 14.9646451382 2.0139612073 0 0 0 2 8 5 0 0 0 6 
528 2 10.8699 1.31183 13.01 -3.5977e-04 0.00111368 -0.00100068 0.0015398305 0.0 14 17.1443481964 2.2762961711 0 0 1 3 4 5 1 0 0 7 
788 2 16.7829 9.01929 10.4755 0.0011775 -0.00392269 -0.00478856 0.0063011356 0.0 14 16.8655597275 2.2094119549 0 0 1 4 3 4 2 0 0 7 
142 2 16.4503 8.26509 12.9643 -0.00278662 -0.00222579 6.26071e-05 0.0035669752 0.0 14 13.0576160639 1.9528730253 0 0 0 3 7 3 1 0 0 7 
851 1 9.4278 3.75484 17.3332 0.00188992 9.54938e-04 -0.00237278 0.0031802184 0.0 14 19.5960519992 2.2308625492 0 0 1 2 7 2 2 0 0 7 
536 1 13.9624 26.4273 16.1198 6.57684e-04 -0.00308472 0.00388559 0.0050045834 0.0 13 21.6464748994 2.2278470778 0 0 0 4 5 3 1 0 0 7 
319 1 9.08543 8.22398 11.1768 7.17891e-04 -0.00249707 8.4767e-04 0.0027329966 0.0 14 21.9476493963 2.236689381 0 0 0 3 6 5 0 0 0 6 
848 2 18.5901 5.00388 10.3901 -0.00307576 0.00182092 -0.00300407 0.004669099 0.0 14 15.517171837 2.1952550387 0 0 1 3 4 5 1 0 0 7 
880 2 18.5326 6.59253 12.538 -0.0023722 0.00555667 -7.30027e-04 0.0060857911 0.0 13 13.1425630519 1.9195159527 0 0 1 4 3 3 2 0 0 7 
330 2 17.6031 3.5738 17.5809 -5.57933e-04 -0.00352884 0.00225283 0.0042236529 0.0 14 15.0876178453 2.1971833875 0 0 0 4 5 4 1 0 0 7 
973 2 14.9542 0.464183 11.8058 0.00232867 -0.00119067 -2.52116e-04 0.0026275391 0.0 15 17.2404110634 2.407046909 0 0 1 4 4 4 1 1 0 8 
201 2 15.2116 6.8173 14.5774 -7.03371e-05 -0.00106302 -0.00746387 0.0075395168 0.0 14 13.3150831421 1.9060782208 0 0 2 3 3 4 1 1 0 8 
990 2 11.8282 7.61739 15.3155 -0.00220375 -4.90879e-04 -0.00187694 0.0029360484 0.0 13 13.4972860621 2.0150921559 0 0 1 2 6 3 1 0 0 7 
584 2 11.3729 7.7827 9.32936 0.00210007 0.0018092 0.00274844 0.0039035139 0.0 13 16.713176869 2.1520376932 0 0 0 1 10 2 0 0 0 6 
674 2 11.6315 4.04504 13.122 -5.56845e-04 -0.00283152 -0.00222956 0.0036467135 0.0 15 15.6913295087 2.1856131828 0 0 1 2 5 7 0 0 0 6 
696 2 10.4875 6.86316 17.2209 -0.00296587 0.00595637 -0.00288431 0.0072521702 0.0 15 16.4824342925 2.1830839065 0 0 0 3 6 6 0 0 0 6 
416 2 18.75 1.69628 13.9961 0.0021875 -0.00264042 2.14064e-05 0.0034289112 0.0 15 16.8965591413 2.1817435039 0 0 1 2 7 3 2 0 0 7 
941 2 18.9762 8.83931 11.3687 -0.00183612 0.00123459 0.00283244 0.0035941989 0.0 14 14.5930055578 2.2312217211 0 0 2 3 3 3 3 0 0 7 
855 1 23.8765 1.21333 17.4867 -0.00195084 -8.50097e-04 0.00183482 0.0028098053 0.0 13 20.9823768751 2.2615430109 0 0 0 1 10 2 0 0 0 6 
793 2 21.0711 0.883759 9.5857 -0.00164171 0.0037577 -0.00181419 0.0044840614 0.0 14 17.2567490825 2.3389552245 0 0 0 2 8 4 0 0 0 6 
362 2 23.5173 26.8102 9.98733 0.00147885 0.00370061 -0.00291332 0.0049364912 0.0 13 12.8036294688 2.0941278988 0 0 0 3 6 4 0 0 0 6 
404 1 26.1099 9.11608 14.1115 8.06366e-04 -6.27899e-04 0.0020077 0.0022528521 0.0 16 22.0520423422 2.2557158286 0 0 0 3 6 7 0 0 0 6 
474 2 23.8122 8.29377 16.2696 -0.00214558 2.60759e-04 -0.00178697 0.0028044198 0.0 14 17.0908673955 2.2353454695 0 0 0 3 6 5 0 0 0 6 
107 2 21.1692 7.92402 12.0034 -5.28532e-04 1.16335e-04 -0.00247726 0.0025356847 0.0 13 16.1091022483 2.2221706632 0 0 0 4 5 3 1 0 0 7 
894 2 20.146 7.35692 14.049 -0.00147265 -5.51163e-04 0.00159322 0.002238488 0.0 15 13.0245350191 1.9589437844 0 0 0 3 7 4 1 0 0 7 
96 2 18.5384 7.60642 16.4265 0.00116847 2.14045e-04 -0.00600049 0.0061169451 0.0 13 12.1762751362 1.909745694 0 0 1 0 9 3 0 0 0 6 
523 2 21.3555 5.31339 15.1091 -0.00106656 2.63588e-04 -0.00327594 0.0034552586 0.0 14 13.1682322969 1.9589437844 0 0 1 4 3 4 2 0 0 7 
974 1 26.6508 6.19126 15.4383 -2.3437e-04 0.00199524 0.00246589 0.0031806486 0.0 15 23.2178618493 2.2557158286 0 0 0 2 8 5 0 0 0 6 
346 2 19.4923 7.04172 9.9895 -7.28332e-04 0.00157995 9.62279e-04 0.0019881374 0.0 14 16.3444438499 2.2589004887 0 0 1 4 3 4 2 0 0 7 
726 2 23.2386 4.53532 13.9389 -0.00322014 -0.00287138 -5.95752e-04 0.0043553467 0.0 14 15.0439318591 2.1825106723 0 0 3 2 4 1 3 1 0 8 
752 2 25.4219 1.40297 11.3257 -7.94613e-04 0.00473398 -5.86687e-05 0.0048005644 0.0 15 17.3334256475 2.2438051608 0 0 0 5 4 4 2 0 0 7 
314 2 21.3074 5.52102 9.68381 0.00106737 2.07241e-04 0.00310498 0.0032898523 0.0 13 14.8689564514 2.0877696686 0 0 0 3 6 4 0 0 0 6 
861 2 23.5314 1.94597 14.0774 -0.00139476 -0.00268749 0.00231961 0.003814256 0.0 14 17.0689126687 2.1247745167 0 0 0 3 6 5 0 0 0 6 
15 2 23.9414 3.54288 11.6274 0.001726 0.00348728 7.18004e-04 0.0039567319 0.0 13 14.523117511 2.1282267298 0 0 1 2 5 5 0 0 0 6 
211 2 25.8284 3.3207 9.8351 -5.08116e-04 -0.00361688 0.00207553 0.0042009318 0.0 16 16.8074094845 2.2235825835 0 0 2 2 5 5 1 1 0 8 
449 1 22.613 8.04876 9.3796 7.23297e-04 0.00188259 -7.17984e-04 0.0021407486 0.0 16 21.3778884642 2.2333609982 0 0 2 2 4 6 2 0 0 7 
199 2 20.1641 3.42814 18.6254 -6.5085e-04 -0.00396941 0.0026929 0.0048406128 0.0 13 16.6740508042 2.2416070662 0 0 1 3 4 4 1 0 0 7 
876 2 17.7717 4.00783 13.1102 4.35628e-04 -2.4272e-05 -0.00175555 0.0018089546 0.0 15 13.1371301233 2.0189102105 0 0 2 1 7 2 3 0 0 7 
159 2 19.4742 5.11772 17.0278 2.2282e-04 -0.00248287 0.00483408 0.0054389909 0.0 14 12.3711898282 1.909745694 0 0 0 3 6 5 0 0 0 6 
675 1 26.5251 3.36639 13.7447 9.71482e-04 -0.00154434 0.00197722 0.0026903833 0.0 15 23.176299957 2.2270487342 0 0 2 2 4 6 0 1 0 8 
964 2 23.0827 6.07191 16.6038 -0.00105815 -0.00269476 -0.00139432 0.003213338 0.0 12 13.8955332498 2.1695481631 0 0 0 2 8 2 0 0 0 6 
231 2 23.1941 2.2831 9.95967 5.32079e-04 -0.0026167 0.00110876 0.0028912931 0.0 13 12.6695324851 1.9636731338 0 0 0 1 10 2 0 0 0 6 
305 2 17.8762 5.88663 14.728 -0.00352458 1.93613e-04 -0.00368257 0.0051011246 0.0 15 12.8574208591 1.9589437844 0 0 0 1 10 4 0 0 0 6 
138 2 20.2567 1.31684 11.9409 3.54285e-04 -0.00359139 -0.00125984 0.0038224072 0.0 14 15.3556872008 2.3430205045 0 0 2 2 6 1 2 1 0 8 
364 2 18.7818 2.69997 10.7965 -0.00107834 0.001134 -0.00201388 0.0025503893 0.0 13 15.2938375167 2.2571582399 0 0 2 3 3 3 1 1 0 8 
484 2 23.9812 3.83137 16.0963 -8.89651e-04 -4.23463e-04 -0.00138422 0.0016990776 0.0 14 18.8382094713 2.1395398795 0 0 2 0 8 2 2 0 0 7 
87 2 19.3564 2.13531 16.8476 -2.75493e-04 0.00232522 -6.58659e-04 0.0024323602 0.0 15 17.4665875547 2.2574297488 0 0 0 3 6 6 0 0 0 6 
826 2 20.0266 4.97248 12.2347 0.00166261 -0.00201445 -0.00105255 0.0028160508 0.0 16 14.1736662856 2.0156584533 0 0 2 2 5 5 1 1 0 8 
529 2 21.3973 3.25184 16.7737 -0.00148008 -9.54162e-04 0.00139582 0.0022470815 0.0 16 15.4530296586 2.2381287288 0 0 1 3 5 5 2 0 0 7 
838 1 25.3254 6.31257 12.2741 -4.49833e-04 2.80189e-05 -0.00423057 0.0042545102 0.0 16 23.3067785354 2.2557158286 0 0 1 4 5 3 2 1 0 8 
206 2 21.108 3.22383 13.844 0.00212019 -0.0017124 -0.00214862 0.0034704592 0.0 16 14.3469759785 2.0189102105 0 0 3 3 2 5 1 2 0 8 
665 2 20.2129 3.09412 8.74006 0.00143363 -0.00114335 2.89066e-04 0.0018563683 0.0 13 17.6608208969 2.3116697792 0 0 0 5 2 6 0 0 0 6 
931 2 22.6144 1.07315 12.0535 0.00235814 0.00151558 -0.00332632 0.0043499669 0.0 13 12.3014738256 1.8869157013 0 0 0 1 10 2 0 0 0 6 
564 2 21.633 3.49398 11.1327 3.85015e-04 -0.00214232 0.00269229 0.0034621087 0.0 15 13.5220246055 1.903374745 0 0 1 2 5 7 0 0 0 6 
361 2 21.0634 1.25636 15.1859 8.72038e-05 -0.00263906 0.00278584 0.0038383781 0.0 13 15.8554409594 2.1247745167 0 0 0 6 1 5 1 0 0 7 
318 2 18.9479 3.96331 15.1993 6.22433e-04 -0.00223888 3.27562e-04 0.0023467644 0.0 13 12.9539189994 2.1721917549 0 0 0 4 4 5 0 0 0 6 
972 2 22.524 5.98753 11.9769 0.0022719 -8.0404e-05 0.00445798 0.0050041563 0.0 15 15.0656566165 2.1698995239 0 0 2 4 1 5 3 0 0 7 
6 2 23.6651 5.00536 9.75377 0.00138597 0.00174483 -1.16626e-04 0.0022313552 0.0 13 14.7315731717 2.1270345993 0 0 0 3 6 4 0 0 0 6 
762 1 26.0966 1.14293 15.4248 0.00113671 -0.00450811 -4.44526e-04 0.0046704142 0.0 14 21.5039750896 2.1733686147 0 0 0 1 10 3 0 0 0 6 
92 1 24.2964 8.85075 12.0031 7.31874e-04 0.0020861 0.00169433 0.0027853558 0.0 13 21.8735490764 2.3226846207 0 0 0 3 6 4 0 0 0 6 
741 2 22.7307 6.85411 14.3018 -0.00251349 7.24336e-04 0.00199774 0.0032913918 0.0 13 14.7942489 2.2557158286 0 0 0 1 10 2 0 0 0 6 
89 2 21.0897 7.66359 16.4615 -9.90459e-04 1.57676e-04 -1.81741e-04 0.0010192647 0.0 15 13.7798221309 1.909745694 0 0 0 1 10 4 0 0 0 6 
759 1 4.02988 12.4332 17.8955 -0.0017366 0.00384833 -0.00191718 0.0046369173 0.0 14 21.4364477014 2.2349149264 0 0 1 2 7 2 2 0 0 7 
73 1 8.05869 14.6812 15.9305 0.00265952 0.00210267 2.41314e-04 0.0033988969 0.0 12 20.8746513009 2.4012004991 0 0 0 0 12 0 0 0 0 5 
667 1 6.69004 9.55348 10.2038 -5.54069e-04 -0.00232329 0.00106367 0.0026145865 0.0 14 23.0884130504 2.2858456726 0 0 0 2 8 4 0 0 0 6 
439 1 7.05507 17.3401 16.283 -0.00120082 0.00618799 -2.18546e-05 0.0063034646 0.0 13 22.6487188079 2.3861717339 0 0 0 1 10 2 0 0 0 6 
532 1 6.15812 15.4341 8.53315 0.00144629 0.00476242 -7.31831e-05 0.0049777259 0.0 15 22.5301397538 2.4232061347 0 0 1 3 5 4 2 0 0 7 
208 1 7.98466 10.8656 12.2558 0.00143787 0.00227738 -0.00256557 0.0037196881 0.0 15 23.4147973683 2.2248532381 0 0 0 1 10 4 0 0 0 6 
627 1 5.11987 14.8744 16.6398 9.18672e-04 0.0010734 -0.002686 0.0030349204 0.0 13 21.7867198022 2.2603959281 0 0 0 2 8 3 0 0 0 6 
114 1 3.7157 12.1959 15.0676 0.0046589 -0.00107187 5.57243e-04 0.0048129798 0.0 15 22.2316000781 2.2359009828 0 0 0 3 7 4 1 0 0 7 
954 1 4.27084 17.8226 12.6624 4.02868e-05 -2.51807e-04 -8.77767e-04 9.1405946075e-04 0.0 14 21.2076257495 2.1710557353 0 0 0 3 6 5 0 0 0 6 
716 1 0.810094 12.5606 14.9952 -0.00107578 0.00508186 0.00518229 0.0073374882 0.0 14 21.7512787602 2.2637176891 0 0 0 2 8 4 0 0 0 6 
709 1 6.39042 16.3059 13.7635 -0.00337701 2.44485e-04 0.00140095 0.0036642367 0.0 14 22.197103332 2.3737770034 0 0 1 0 10 2 1 0 0 7 
431 1 4.70684 11.5906 12.2635 0.00289395 -6.63498e-04 -0.00111488 0.0031714561 0.0 16 25.1515837379 2.2789760233 0 0 0 1 10 5 0 0 0 6 
773 1 6.41759 13.3985 14.0172 0.00227962 0.00137796 -8.80896e-04 0.0028056049 0.0 14 21.4810937666 2.1817643115 0 0 0 1 10 3 0 0 0 6 
981 1 4.82095 14.6552 11.4263 0.00173286 0.00101395 -0.00220555 0.0029825072 0.0 14 22.7370110593 2.2164696356 0 0 0 2 8 4 0 0 0 6 
587 1 3.44613 15.2765 14.2596 8.39797e-04 0.00406392 -3.23297e-04 0.0041623582 0.0 14 23.5666227083 2.2637176891 0 0 1 1 8 3 1 0 0 7 
349 1 0.220202 8.41897 17.3988 0.00106685 -0.00123764 -6.75311e-04 0.0017680403 0.0 14 21.2454025938 2.1608907675 0 0 0 4 4 6 0 0 0 6 
589 1 6.07325 10.6265 14.5638 -0.00368875 -0.0013704 -0.00143481 0.0041885024 0.0 13 19.8562514191 2.1772842417 0 0 1 2 5 5 0 0 0 6 
763 1 2.30889 13.443 12.5813 0.00204577 0.00155976 0.00306836 0.0040041053 0.0 14 22.1570932144 2.2237831312 0 0 0 4 4 6 0 0 0 6 
844 1 2.30559 15.183 17.3396 0.00280681 0.00479856 0.00143476 0.0057413323 0.0 16 24.6263181338 2.2637176891 0 0 1 1 9 3 2 0 0 7 
706 1 4.61501 9.4643 16.6221 -0.00225492 -0.00452247 0.00412879 0.0065256652 0.0 12 21.6833698207 2.22257759 0 0 0 2 8 2 0 0 0 6 
48 1 6.84669 12.4716 17.631 -0.00132502 0.00225095 0.00102884 0.0028073058 0.0 16 22.8031188327 2.1772842417 0 0 0 4 5 6 1 0 0 7 
359 1 1.32465 10.6659 12.7413 2.57992e-04 0.00109006 4.21115e-05 0.0011209657 0.0 15 22.176036455 2.2789760233 0 0 1 1 8 4 1 0 0 7 
427 1 1.18657 12.1638 18.2616 0.00110486 0.001705 0.00315325 0.0037510967 0.0 15 21.664687458 2.2477411455 0 0 1 4 3 5 2 0 0 7 
238 1 7.67695 13.96 11.0479 2.49013e-04 -0.00597276 2.57088e-05 0.0059780039 0.0 14 22.5680739724 2.3737770034 0 0 1 3 3 7 0 0 0 6 
672 1 1.2515 16.6429 12.0376 -0.00229519 -9.58788e-04 -0.00303188 0.0039216665 0.0 15 22.5499067309 2.2237831312 0 0 0 3 6 6 0 0 0 6 
80 1 3.51648 16.9276 10.0643 6.83821e-04 -0.0034231 4.25793e-04 0.003516607 0.0 13 21.582883424 2.1620589361 0 0 0 3 6 4 0 0 0 6 
397 1 6.771 17.069 10.9621 -0.00366794 -3.65818e-04 -0.00253951 0.0044762392 0.0 15 23.085598063 2.3334484851 0 0 1 3 4 6 1 0 0 7 
799 2 2.03087 11.9386 9.54636 0.00234344 -4.72647e-04 0.00167405 0.0029184841 0.0 13 16.4991634853 2.2789760233 0 0 0 3 6 4 0 0 0 6 
356 2 26.4559 12.432 10.6401 -0.00316276 0.00177749 -8.15242e-04 0.0037184864 0.0 13 17.9760121915 2.1053894267 0 0 0 3 6 4 0 0 0 6 
101 1 1.72932 17.8899 14.5916 2.37257e-04 3.04367e-04 -0.00139013 0.0014427029 0.0 13 21.0056865088 2.2303220214 0 0 1 1 9 0 2 0 0 7 
90 2 17.3529 10.4801 12.289 -0.00205995 0.00102073 7.72205e-04 0.0024251978 0.0 14 13.3959532119 2.0369218462 0 0 2 3 3 3 3 0 0 7 
790 2 13.9315 8.93365 14.773 0.00497211 4.52086e-04 -9.88522e-04 0.0050895418 0.0 15 13.224175501 1.9114554574 0 0 0 4 6 3 2 0 0 7 
658 2 15.5196 10.3495 17.2368 0.00217777 0.00149718 -0.00246236 0.003612125 0.0 14 14.2833908162 2.1320788466 0 0 0 4 4 6 0 0 0 6 
761 1 8.70613 11.6288 15.1785 0.00366734 -0.00132222 -0.00476562 0.0061570108 0.0 16 22.8515326238 2.2143140084 0 0 0 3 7 5 1 0 0 7 
816 2 10.4641 12.9047 10.557 -0.00132994 -0.00116387 0.00154686 0.00234864 0.0 12 17.2389757187 2.0199848129 0 0 0 0 12 0 0 0 0 5 
522 1 9.15078 17.7295 13.2981 3.48779e-04 -0.00541241 -0.00246578 0.0059578436 0.0 17 23.5899770906 2.4012004991 0 0 2 3 6 2 3 0 1 9 
884 2 13.3153 9.38782 17.0967 7.36289e-04 -6.12649e-04 0.00139602 0.0016930246 0.0 13 13.4957714871 2.1010660988 0 0 1 3 4 4 1 0 0 7 
323 2 16.3584 14.1893 14.5079 7.02653e-04 -7.12202e-04 -9.81132e-04 0.0014012755 0.0 15 17.086947111 2.2098298647 0 0 2 3 3 5 1 1 0 8 
409 1 10.7133 15.6728 12.4043 -0.00128494 0.00236999 -0.00217238 0.0034622476 0.0 16 23.4051955816 2.4072021055 0 0 2 3 5 3 2 0 1 9 
743 1 10.9576 14.8844 15.8355 -0.00200027 -0.00321057 7.00682e-05 0.0037833516 0.0 14 23.6056587728 2.4072021055 0 0 0 2 9 2 1 0 0 7 
288 2 12.0531 12.3732 14.5942 0.00561383 -0.00199734 -5.95337e-04 0.0059882285 0.0 14 17.8089294244 2.2108180176 0 0 1 1 8 3 1 0 0 7 
565 2 11.8945 10.0962 14.7801 0.00124921 -0.00164948 -0.0024511 0.0032076785 0.0 12 12.9963013337 2.0437624176 0 0 0 0 12 0 0 0 0 5 
492 2 12.1076 11.566 17.1336 9.10162e-04 -0.00167245 0.0025985 0.0032214416 0.0 16 20.3199470859 2.2700856662 0 0 1 3 5 6 0 1 0 8 
195 2 10.7046 9.22654 16.6771 -1.74798e-05 -8.77959e-04 -0.0024944 0.0026444563 0.0 13 15.3897722419 2.2143140084 0 0 1 2 5 5 0 0 0 6 
380 1 13.9178 14.7459 16.2669 -0.00610308 -0.00114464 6.00197e-04 0.0062384311 0.0 14 21.4747387932 2.18931425 0 0 0 2 8 4 0 0 0 6 
355 2 16.4796 12.1161 16.1222 -0.00214231 -0.00404674 0.00176079 0.0049057087 0.0 13 14.0009423504 2.0109048618 0 0 0 3 7 2 1 0 0 7 
273 1 12.5496 15.2492 10.0449 -0.00289237 -0.00105032 1.8163e-04 0.0030825259 0.0 14 23.4470302181 2.20383932 0 0 0 3 6 5 0 0 0 6 
949 2 13.9815 11.4894 15.6582 7.2901e-04 -8.54638e-04 9.89404e-06 0.0011233697 0.0 13 14.3199428254 2.0363759529 0 0 1 2 5 5 0 0 0 6 
488 2 16.1137 10.5423 14.2216 9.94786e-04 0.00156688 4.39148e-05 0.001856513 0.0 14 13.4892783222 1.8902448519 0 0 1 1 8 3 1 0 0 7 
939 1 12.5211 17.3015 16.5257 -0.00117414 0.00344848 0.00253906 0.0044404329 0.0 14 21.5269353713 2.3734740897 0 0 0 2 8 4 0 0 0 6 
497 2 10.6424 10.709 9.65572 0.00133053 -7.69122e-05 -0.00363452 0.0038711705 0.0 16 15.7692946581 2.2858456726 0 0 2 2 5 5 1 1 0 8 
306 2 14.9686 10.4173 9.61374 -0.0030099 -3.63936e-05 0.00260909 0.0039834876 0.0 13 16.7680591607 2.2930159876 0 0 1 3 5 2 2 0 0 7 
960 2 12.7094 9.71181 10.5277 -0.00189086 -0.00110802 6.20626e-04 0.0022777701 0.0 12 12.7986785101 1.9558923771 0 0 1 3 4 3 1 0 0 7 
209 2 17.4558 12.6103 12.8771 0.00410094 5.9173e-04 5.15955e-04 0.0041754117 0.0 14 15.7066688894 2.3366325267 0 0 1 4 3 4 2 0 0 7 
753 2 12.8451 12.8704 12.2839 1.93878e-06 -0.00197581 8.98912e-04 0.0021706846 0.0 12 17.197244432 2.1964395127 0 0 0 2 8 2 0 0 0 6 
398 2 16.944 14.5336 16.8134 0.00112509 0.00298052 6.69561e-04 0.0032554015 0.0 12 14.8965386624 2.0211147193 0 0 1 2 5 4 0 0 0 6 
304 1 9.25267 15.5539 9.31874 3.52653e-04 -9.54367e-04 -0.0027619 0.0029433437 0.0 15 22.8668186643 2.300611154 0 0 1 2 5 7 0 0 0 6 
502 2 13.7593 10.295 12.8576 -0.00455582 -3.91176e-04 -3.59316e-04 0.0045866788 0.0 16 13.3035346216 2.0057396087 0 0 1 3 6 4 1 1 0 8 
327 1 13.2678 16.1092 13.5549 -0.00293529 0.00527895 5.79147e-04 0.0060678375 0.0 16 24.3904754918 2.4072021055 0 0 0 2 9 4 1 0 0 7 
862 2 14.894 12.603 13.4878 -7.29288e-04 -0.0019008 -3.53374e-04 0.0020663433 0.0 13 14.8440813211 2.18931425 0 0 1 2 5 5 0 0 0 6 
376 2 12.7408 12.0647 9.94536 0.00645297 0.00266443 0.00146279 0.0071330052 0.0 13 14.632255128 2.1630307713 0 0 0 3 6 4 0 0 0 6 
117 1 9.33497 13.5332 13.4364 -0.00110047 -0.00121488 0.00149602 0.0022192439 0.0 13 21.431213061 2.3733950209 0 0 0 2 9 1 1 0 0 7 
938 1 15.3058 15.0629 11.2319 -0.00283249 -0.00109428 0.00152614 0.0033984631 0.0 16 23.3816696302 2.333066505 0 0 1 1 7 7 0 0 0 6 
546 2 15.1261 11.7808 11.3862 0.00325022 -0.00252993 -9.1756e-04 0.0042197621 0.0 15 16.5305103102 2.3366325267 0 0 2 4 2 4 2 1 0 8 
721 1 16.2817 17.0018 13.4069 -5.2282e-04 6.8377e-04 -4.43625e-04 9.6834152339e-04 0.0 13 21.1734932984 2.2137277498 0 0 1 0 9 3 0 0 0 6 
180 2 11.3507 10.9306 12.3356 -0.00137527 0.00157252 -7.36116e-04 0.0022149613 0.0 14 17.0027905582 2.1007279735 0 0 0 2 8 4 0 0 0 6 
950 1 15.2968 17.1263 16.0238 -5.60483e-04 0.00383379 -0.00334328 0.0051175783 0.0 15 21.217643651 2.2150064908 0 0 1 2 7 3 2 0 0 7 
109 1 22.2636 18.2286 12.5179 3.32119e-04 0.00214525 -0.00286584 0.0035951967 0.0 14 21.2824658375 2.1963166502 0 0 1 2 6 4 1 0 0 7 
548 2 20.0448 17.6685 16.9213 0.00306015 -0.00448218 0.00120009 0.0055582975 0.0 13 16.98308674 2.0931304122 0 0 0 3 7 2 1 0 0 7 
830 1 17.3055 16.8522 10.7069 -0.00101605 -0.00296353 -4.00878e-04 0.0031584127 0.0 14 22.1532394176 2.2188153214 0 0 1 1 7 5 0 0 0 6 
451 2 18.2207 8.74952 14.2269 0.00153027 0.00175185 1.70941e-04 0.0023323648 0.0 13 12.2900120152 1.8457607019 0 0 0 1 10 2 0 0 0 6 
260 2 18.8346 13.435 16.6529 -8.45285e-05 0.00145892 5.86512e-05 0.0014625432 0.0 13 12.0748769602 1.8656859413 0 0 0 3 6 4 0 0 0 6 
227 2 25.6929 13.7814 16.9359 -0.00340095 -0.00417572 0.00454088 0.0070443374 0.0 14 17.7468842511 2.1378946139 0 0 0 3 6 5 0 0 0 6 
568 2 19.8756 10.1522 13.1957 -7.75806e-04 -4.3976e-04 -7.10574e-04 0.001140254 0.0 13 13.7297123073 2.2177767048 0 0 1 2 5 5 0 0 0 6 
118 2 23.0973 15.4165 15.59 -0.00130485 8.07882e-06 -0.00337327 0.0036168563 0.0 13 14.6719712726 2.0827020745 0 0 0 5 3 4 1 0 0 7 
783 2 18.6199 16.0568 16.1412 -9.15733e-05 -0.00277166 2.70176e-04 0.0027863022 0.0 15 14.8085949375 2.091460707 0 0 0 3 7 4 1 0 0 7 
331 2 21.3051 14.986 12.2392 4.86841e-04 7.76871e-05 -0.00134537 0.0014328538 0.0 13 13.9822946328 2.0543279161 0 0 0 1 10 2 0 0 0 6 
375 2 20.7681 16.4417 14.7039 6.39602e-04 0.00128349 -0.00554586 0.0057282633 0.0 12 15.6969054127 2.2094051903 0 0 1 3 5 1 2 0 0 7 
181 1 19.2654 18.1477 13.0456 -0.00126836 0.00139807 -0.00141972 0.0023619783 0.0 17 22.8506023074 2.2238244046 0 0 0 3 7 6 1 0 0 7 
601 2 23.5053 12.1766 17.9785 -0.00207719 -0.00364245 -4.11424e-04 0.0042132446 0.0 13 15.0622279676 2.2363864508 0 0 0 4 4 5 0 0 0 6 
261 2 25.9483 14.9603 10.1741 4.87952e-04 9.99716e-04 6.81263e-04 0.0013044725 0.0 13 16.1937832829 2.1614520415 0 0 1 5 1 4 2 0 0 7 
577 2 24.6951 13.5377 14.7492 -4.16394e-04 -0.00377367 -0.00144257 0.0040614009 0.0 11 13.7285065618 1.9937113597 0 0 0 2 8 1 0 0 0 6 
65 2 25.2346 11.7093 12.8794 0.00200599 0.001237 6.09349e-04 0.0024342291 0.0 14 18.3122354649 2.3145298737 0 0 0 1 10 3 0 0 0 6 
736 2 19.802 9.80864 15.7336 -5.11448e-05 -0.00254672 -3.07792e-04 0.002565762 0.0 12 11.4422747529 1.8874642884 0 0 0 0 12 0 0 0 0 5 
353 1 21.5738 10.8181 10.653 -0.00228806 -0.00309818 -0.00110736 0.0040075159 0.0 20 24.194336997 2.3226846207 0 0 2 1 8 5 4 0 0 7 
682 2 25.4545 17.9681 15.1258 0.00211263 -6.97821e-04 -0.00145463 0.0026582152 0.0 14 18.5304562593 2.203007927 0 0 1 3 6 1 3 0 0 7 
174 1 25.155 17.3895 11.8656 0.0027803 0.00323972 0.00421689 0.0060006679 0.0 15 22.459862029 2.2137013096 0 0 1 4 3 5 2 0 0 7 
955 2 20.551 13.8306 14.8679 5.27456e-05 0.00202035 2.89452e-04 0.0020416608 0.0 14 12.8352281569 1.8934475798 0 0 0 2 8 4 0 0 0 6 
959 2 18.7439 15.0468 13.954 1.38107e-04 6.48447e-04 0.00416405 0.0042164997 0.0 15 15.6741753541 2.2137277498 0 0 3 2 4 3 1 2 0 8 
643 2 19.1326 14.4331 11.7609 -0.00277162 -7.61327e-05 0.00168942 0.0032468159 0.0 13 17.1704946747 2.2196268435 0 0 2 2 4 4 0 1 0 8 
633 2 21.1989 11.4861 14.5055 0.00190296 -0.00128094 0.00189361 0.002974529 0.0 12 11.6455709247 2.2970980382 0 0 0 0 12 0 0 0 0 5 
916 2 21.9442 9.0079 14.5149 2.891e-04 3.92389e-04 -0.00187515 0.0019374559 0.0 13 14.124010962 2.3226846207 0 0 0 1 10 2 0 0 0 6 
858 1 18.4672 11.4924 9.70305 -1.12101e-04 5.98177e-04 -0.00253768 0.0026096364 0.0 17 23.2612872875 2.3366325267 0 0 1 4 3 7 2 0 0 7 
650 2 18.8289 11.9459 14.631 0.00113373 1.76771e-04 0.0052834 0.0054065615 0.0 15 12.9548728604 1.8656859413 0 0 0 2 9 3 1 0 0 7 
742 2 23.4064 15.2118 13.2181 -0.00279471 3.05901e-04 0.00140363 0.0031423171 0.0 16 16.0825956397 2.1987697865 0 0 0 3 8 3 2 0 0 7 
686 2 21.007 15.3619 16.9386 8.11089e-04 0.0045735 -0.00462552 0.0065551661 0.0 14 13.5722282285 1.9739156474 0 0 0 3 6 5 0 0 0 6 
945 2 22.634 10.4382 16.3788 0.00147077 -0.00165258 -2.26023e-04 0.0022237966 0.0 14 12.4723575765 1.8895293468 0 0 0 0 12 2 0 0 0 6 
655 2 20.078 12.6267 12.6875 -0.00163646 0.00193329 -0.0025557 0.0035982237 0.0 13 13.9077083137 2.073432971 0 0 1 0 9 3 0 0 0 6 
443 2 26.2339 15.5651 14.8174 -5.13781e-04 1.5837e-04 5.86813e-04 7.9586523346e-04 0.0 16 21.1643973462 2.2637176891 0 0 0 3 7 5 1 0 0 7 
163 2 22.5746 12.8936 15.7764 -0.00115805 0.00228143 -0.00512123 0.0057247707 0.0 15 13.5729060201 2.0827020745 0 0 0 2 8 5 0 0 0 6 
203 2 25.7672 14.1257 12.6651 0.00234398 0.00126736 -0.00109934 0.0028825322 0.0 14 16.6644334686 2.1704071434 0 0 0 4 4 6 0 0 0 6 
649 2 23.9607 13.5433 10.9459 -3.02735e-04 -7.88969e-04 0.00117051 0.0014436808 0.0 14 14.8918286537 2.2195627621 0 0 1 2 7 2 2 0 0 7 
596 2 25.3392 11.2823 16.6843 -0.00114576 0.00130114 -0.00237278 0.0029386759 0.0 16 18.2760834648 2.2363864508 0 0 0 3 6 7 0 0 0 6 
755 2 23.6641 11.0026 14.5919 0.00137023 -0.00130208 -0.00385518 0.0042936413 0.0 12 15.4399962413 2.3226846207 0 0 0 3 6 3 0 0 0 6 
370 2 21.1175 13.9484 10.1602 -0.00224206 -0.00134077 -0.0013945 0.0029612713 0.0 14 17.5519502834 2.1783717401 0 0 1 1 8 3 1 0 0 7 
57 2 22.4527 13.1569 12.7605 -0.00158182 -0.00350886 0.00276518 0.0047392482 0.0 13 15.074045786 2.301914523 0 0 0 2 8 3 0 0 0 6 
681 2 22.9539 15.4542 10.3856 -0.00296957 0.00124131 -0.00384617 0.0050151989 0.0 13 16.0866029159 2.1854250118 0 0 0 3 7 2 1 0 0 7 
419 1 20.2987 17.3597 10.5094 0.00328951 -4.38645e-05 0.00365157 0.0049149531 0.0 14 21.6049694002 2.2087806054 0 0 0 2 8 4 0 0 0 6 
438 2 17.9124 10.3755 16.7456 2.7446e-04 0.0021515 0.00216532 0.0030647824 0.0 14 12.0866937304 1.8457607019 0 0 0 2 8 4 0 0 0 6 
103 2 19.5557 9.56513 18.0273 -0.00142555 -6.49474e-04 -0.00309326 0.003467314 0.0 14 14.1510011768 2.1601092557 0 0 0 2 8 4 0 0 0 6 
714 2 24.6031 16.7072 16.7316 3.35412e-04 8.50558e-04 4.17725e-04 0.0010052086 0.0 12 14.0408540492 2.1161789254 0 0 1 3 4 3 1 0 0 7 
992 1 24.2821 10.4891 9.58927 0.00187371 0.00335744 -0.00187042 0.0042757062 0.0 15 21.9410959471 2.2237949662 0 0 1 1 9 2 2 0 0 7 
503 2 24.0566 15.8711 8.3028 0.00273307 -0.00412038 3.1413e-04 0.0049543799 0.0 16 18.6728392292 2.2137013096 0 0 1 2 7 4 2 0 0 7 
317 2 20.4555 11.8174 16.7781 -0.00582299 0.00248315 0.00123556 0.006449795 0.0 14 12.8308133945 1.9183334174 0 0 0 2 8 4 0 0 0 6 
899 1 4.3734 18.3267 15.3596 0.00206289 -0.00216777 8.17563e-04 0.0031021204 0.0 15 22.2427145447 2.2645741439 0 0 3 2 3 4 2 1 0 8 
405 1 0.936649 18.5546 17.1012 8.7206e-04 0.00104334 -0.00375892 0.0039973149 0.0 15 21.59136965 2.2303220214 0 0 1 1 8 4 1 0 0 7 
611 1 26.9846 18.2326 9.74409 0.00380394 -0.00105735 -6.31013e-04 0.0039982654 0.0 14 21.9430497999 2.2137013096 0 0 0 4 4 6 0 0 0 6 
251 1 6.08251 25.8063 17.3437 -0.0021783 0.00162326 -0.00105181 0.00291312 0.0 15 22.6544502158 2.219584828 0 0 1 2 5 7 0 0 0 6 
711 1 1.86157 24.076 17.4167 0.00184877 0.00188808 3.79373e-04 0.0026695918 0.0 13 20.63652122 2.2087476382 0 0 0 2 8 3 0 0 0 6 
782 1 7.18848 22.3541 12.6194 -0.00145264 0.00339244 -0.00230987 0.004353655 0.0 16 22.2891975915 2.2332999786 0 0 2 1 6 5 2 0 0 7 
659 2 7.94093 23.6124 9.15313 0.0051189 0.00239556 -0.00384834 0.0068375117 0.0 12 12.6787804604 2.1085581903 0 0 0 3 6 3 0 0 0 6 
519 1 3.89262 25.4975 15.2621 -0.00115424 -0.00228759 -9.27915e-04 0.0027251356 0.0 16 23.2781424772 2.219584828 0 0 1 3 4 7 1 0 0 7 
935 2 3.81179 24.2615 9.34467 -7.46938e-04 7.98551e-04 0.00122621 0.0016429215 0.0 13 14.8608777936 2.2959093664 0 0 1 3 3 6 0 0 0 6 
579 2 1.79596 25.6244 9.45001 0.00249241 5.89758e-04 -0.0011637 0.0028132045 0.0 15 14.0734933041 2.2030471606 0 0 2 3 4 2 4 0 0 7 
570 1 6.66838 24.6357 14.2852 -0.00132508 8.57683e-04 -4.39824e-04 0.0016385671 0.0 15 24.1617039285 2.2794495424 0 0 0 3 6 6 0 0 0 6 
24 1 0.398355 19.4327 12.5275 -5.57594e-04 0.00236809 -0.00103498 0.0026438504 0.0 13 20.3024553209 2.1855374476 0 0 0 3 6 4 0 0 0 6 
710 1 2.55314 19.7691 10.274 -2.27894e-04 0.00158639 -2.41067e-04 0.0016207042 0.0 13 21.4948944457 2.2969478035 0 0 0 3 6 4 0 0 0 6 
458 1 7.02594 19.7423 13.8784 -0.00255058 -0.00126517 -0.00246844 0.0037681971 0.0 16 22.1036729286 2.2645741439 0 0 1 4 4 4 3 0 0 7 
225 1 2.85913 20.4354 13.6608 -0.00327044 0.00185302 0.00286007 0.0047232892 0.0 14 21.425491372 2.1855374476 0 0 1 3 4 5 1 0 0 7 
800 1 7.92916 22.9763 18.5397 0.00599521 -0.00232225 0.0017233 0.0066562115 0.0 13 21.0319350846 2.3033945866 0 0 1 3 4 4 1 0 0 7 
40 1 1.50996 22.4279 11.1626 -0.0014425 0.0020393 0.00111375 0.002734957 0.0 17 22.7683194451 2.317093831 0 0 1 4 4 5 3 0 0 7 
410 1 4.75865 -0.0417385 13.0023 0.00157717 -3.43016e-04 -0.00354392 0.0038941615 0.0 15 23.651067676 2.2959093664 0 0 1 2 7 3 2 0 0 7 
902 1 5.21422 21.7874 15.2664 -0.00457345 -0.00122734 7.65315e-04 0.0047967192 0.0 14 22.3450715863 2.2151326908 0 0 1 3 4 5 1 0 0 7 
178 1 4.14297 23.4018 12.7362 0.00154884 -0.00414476 0.00196278 0.0048405006 0.0 15 24.2425522808 2.3047260093 0 0 1 2 6 5 1 0 0 7 
421 1 5.03981 20.4993 11.7919 6.63472e-05 0.00266475 0.00460374 0.0053197478 0.0 15 22.1769788504 2.317093831 0 0 1 4 4 3 3 0 0 7 
526 1 1.82328 25.0203 12.1758 -2.32358e-04 3.6405e-04 -0.00131286 0.0013820724 0.0 14 20.9395288091 2.2944769745 0 0 2 3 4 1 4 0 0 7 
952 1 0.0708617 20.7437 15.3071 6.71493e-04 -0.00210943 -3.05914e-04 0.0022347665 0.0 14 21.2408100447 2.2033759484 0 0 0 1 10 3 0 0 0 6 
435 1 2.81247 21.0115 16.7594 -0.00431238 -0.0018463 -0.00112242 0.0048234087 0.0 14 21.4881372466 2.0892047602 0 0 0 3 6 5 0 0 0 6 
875 1 1.96649 22.9627 14.7022 -0.00197641 1.59182e-04 0.00206518 0.0028629537 0.0 14 20.6453740769 2.1620884385 0 0 0 3 6 5 0 0 0 6 
812 2 7.91153 25.005 11.335 0.00177069 -8.47807e-04 8.26149e-04 0.0021299394 0.0 15 16.0127564977 2.2953699543 0 0 1 4 4 4 1 1 0 8 
724 2 5.64119 22.6772 9.57385 5.47184e-04 0.0021746 3.53709e-05 0.0022426651 0.0 14 17.5172429467 2.317093831 0 0 1 2 6 4 1 0 0 7 
220 1 7.8921 22.3858 15.5379 2.3864e-04 0.00114461 0.0037252 0.0039043817 0.0 13 20.19483104 2.2195030465 0 0 0 3 6 4 0 0 0 6 
827 1 8.09441 19.5013 11.2697 8.87045e-06 1.68081e-04 0.00338349 0.0033876739 0.0 13 23.1489098168 2.2239052345 0 0 1 3 5 2 2 0 0 7 
406 2 12.4492 26.1033 13.1782 0.00453239 3.49199e-04 -0.00213705 0.0050230948 0.0 16 17.589669166 2.2762425402 0 0 1 4 4 4 3 0 0 7 
620 2 11.617 24.6329 11.7558 0.0017016 -0.00105327 0.00161783 0.0025733624 0.0 13 15.5057933901 2.1620694439 0 0 0 4 4 5 0 0 0 6 
663 1 17.9016 19.8667 17.7871 -0.00104535 0.00111258 0.0014852 0.002129885 0.0 14 20.679688232 2.174628304 0 0 3 2 2 4 3 0 0 7 
289 1 13.3712 19.5351 9.1429 -9.58307e-04 8.93506e-04 -0.00206994 0.0024497667 0.0 14 22.4902046884 2.3071252452 0 0 1 4 3 4 2 0 0 7 
444 1 10.5794 22.1278 16.8393 0.0020108 -0.00438311 -0.00136543 0.0050119227 0.0 16 21.74641326 2.3033945866 0 0 0 3 6 7 0 0 0 6 
774 2 14.123 1.06279 9.31529 0.00356971 0.00226845 0.00240573 0.0048658228 0.0 15 16.2936829824 2.2241546888 0 0 2 3 3 4 3 0 0 7 
842 2 11.9655 23.8399 9.61252 -0.00262706 -0.00119594 6.51144e-04 0.0029590041 0.0 12 14.485527283 2.2057098036 0 0 0 3 6 3 0 0 0 6 
32 2 9.65723 25.3264 9.61059 0.00154712 -4.69768e-04 -3.35023e-04 0.0016512125 0.0 14 13.0254396119 1.7779058605 0 0 0 0 12 2 0 0 0 6 
544 1 10.9212 18.1394 10.4744 1.08831e-04 -0.00392427 0.00360185 0.0053277634 0.0 13 22.4121425604 2.300611154 0 0 0 2 8 3 0 0 0 6 
731 1 9.04248 24.6544 16.8442 5.81184e-04 -9.92772e-04 0.00555745 0.005675264 0.0 12 18.5438499536 2.1747166779 0 0 0 2 8 2 0 0 0 6 
140 1 10.3772 23.8001 14.3651 -2.29147e-04 7.2239e-04 0.0019373 0.0020802613 0.0 15 21.7225981547 2.2073384679 0 0 0 1 10 4 0 0 0 6 
688 2 10.249 20.1556 7.90142 -0.00235173 0.00119782 1.60018e-04 0.0026440523 0.0 15 19.4829478815 2.238545188 0 0 0 3 7 4 1 0 0 7 
310 1 13.9591 17.8746 11.2486 -0.00337032 0.00173834 0.00302799 0.0048527937 0.0 15 22.2777596324 2.3071252452 0 0 0 4 5 5 1 0 0 7 
802 1 10.9519 20.9588 11.1538 -0.00149598 -9.72517e-04 0.00143644 0.0022906561 0.0 16 21.9968951154 2.3028511127 0 0 1 3 6 4 1 1 0 8 
204 1 11.5774 25.1261 16.3241 -0.00161092 1.45145e-05 -0.00278035 0.0032133503 0.0 15 21.0087888569 2.2762961711 0 0 2 1 6 4 2 0 0 7 
166 1 11.9689 18.8889 13.0171 -0.00417397 1.70697e-05 -0.00218226 0.0047100505 0.0 14 20.2531665921 2.3708991722 0 0 0 2 8 4 0 0 0 6 
189 1 12.449 21.5011 13.4777 -0.00474659 -0.00399443 7.69601e-04 0.0062512297 0.0 14 20.5031958735 2.2787053023 0 0 0 4 5 4 1 0 0 7 
161 2 14.6007 25.33 9.68052 -0.00173711 3.51246e-04 3.49692e-04 0.0018064356 0.0 11 17.3592263805 2.3581373604 0 0 0 4 4 3 0 0 0 6 
569 2 9.50034 26.0172 12.498 4.51724e-04 -2.22383e-04 -0.00147953 0.0015628557 0.0 12 16.7749504177 2.2068281053 0 0 0 2 8 2 0 0 0 6 
477 2 17.3428 1.22727 12.0104 0.00185774 0.00228555 0.00167305 0.0033873342 0.0 12 15.8084918821 2.2173831853 0 0 2 3 2 3 2 0 0 7 
448 2 14.1022 24.7129 11.8916 0.0026829 0.00101279 0.00204516 0.0035222685 0.0 15 19.6107638074 2.407046909 0 0 3 2 2 6 1 1 0 8 
267 1 15.4339 21.3915 16.0071 -0.00116427 0.00104744 -2.65355e-04 0.001588417 0.0 15 21.5960720576 2.2382547125 0 0 1 4 4 3 3 0 0 7 
121 1 15.8088 22.1991 13.0625 -9.37255e-04 -0.00114331 -0.00299263 0.0033378794 0.0 13 23.7292486433 2.3364544333 0 0 0 4 5 3 1 0 0 7 
670 1 16.3083 25.3772 14.2968 9.72747e-04 -0.00133352 -0.00218681 0.0027398267 0.0 17 24.5077774815 2.3351497461 0 0 1 3 5 7 0 1 0 8 
524 1 12.806 20.2398 15.9194 -0.00284457 -0.00493853 -0.00142036 0.0058735066 0.0 13 21.0381735746 2.2150064908 0 0 0 3 6 4 0 0 0 6 
887 1 9.7597 20.7259 13.7502 0.00195067 0.00110158 -6.72867e-04 0.00233909 0.0 14 20.5846613288 2.156479686 0 0 0 4 4 6 0 0 0 6 
554 1 10.4053 18.8032 15.6391 -0.00501297 0.0016703 -0.00133685 0.0054504072 0.0 14 20.2526591386 2.4072021055 0 0 0 5 3 5 1 0 0 7 
160 2 9.60891 23.3539 11.1322 0.0028899 -6.25921e-04 0.00400322 0.0049768534 0.0 14 16.9879080466 2.2239052345 0 0 1 4 4 3 1 1 0 8 
135 1 17.3945 23.2951 10.7466 8.20117e-04 -0.0013348 1.9926e-04 0.0015792364 0.0 15 25.4722488231 2.4644390297 0 0 2 2 5 4 1 1 0 8 
78 1 14.6566 19.4748 13.6345 0.00320066 0.00421631 -0.00199424 0.0056567206 0.0 13 22.396390434 2.3059701889 0 0 0 1 10 2 0 0 0 6 
221 2 12.3397 26.2749 9.53823 -0.00159574 -0.00375628 -0.00294367 0.0050320193 0.0 16 14.114974574 2.1843176264 0 0 0 5 3 7 1 0 0 7 
86 1 13.4718 23.3336 15.0048 6.39321e-05 2.61038e-04 0.00236826 0.0023834604 0.0 14 22.5566240745 2.2279943968 0 0 0 4 5 4 1 0 0 7 
248 1 14.0845 21.9637 10.5652 -0.00449597 -0.00254533 0.00434143 0.0067483676 0.0 19 26.4500943774 2.4872500612 0 0 0 3 8 6 2 0 0 7 
98 2 26.1182 26.5822 9.51695 7.5338e-04 -0.00122604 -0.00192673 0.002404796 0.0 16 13.3121248825 2.2030471606 0 0 2 3 4 3 4 0 0 7 
792 1 17.3454 26.3641 9.51932 4.02979e-05 0.00301877 0.00125864 0.0032708976 0.0 17 24.3877887072 2.4043895381 0 0 2 2 4 7 2 0 0 7 
937 1 18.6523 21.3456 13.1623 2.96398e-04 -0.00239658 -0.00293615 0.0038016344 0.0 13 23.1394636001 2.3364544333 0 0 1 0 9 3 0 0 0 6 
525 1 19.5814 24.4608 8.92509 -0.00246815 2.36694e-04 -0.00149346 0.002894514 0.0 14 24.1182953909 2.3277977198 0 0 0 4 4 6 0 0 0 6 
298 1 23.1502 18.6681 9.75342 -1.47944e-04 -0.00144687 0.00204367 0.0025083675 0.0 16 23.9106102265 2.2137013096 0 0 0 4 5 6 1 0 0 7 
912 1 23.4701 22.0042 15.2545 -4.24022e-04 -8.81559e-04 0.00211855 0.0023334942 0.0 14 22.9656174826 2.2479100907 0 0 0 3 6 5 0 0 0 6 
586 1 22.9736 21.4328 10.881 -0.00279985 -0.00212789 -7.83902e-04 0.0036029957 0.0 13 20.3028572555 2.3424590081 0 0 1 2 6 3 1 0 0 7 
343 1 20.6512 23.0196 11.156 0.00128485 0.00210798 -1.63122e-04 0.0024740711 0.0 13 22.0693232599 2.2165157102 0 0 0 1 10 2 0 0 0 6 
344 1 20.8073 23.5397 14.3239 -8.25216e-04 -0.00241619 -4.18871e-04 0.0025873555 0.0 14 22.0524280956 2.2113093827 0 0 0 2 8 4 0 0 0 6 
264 2 25.7227 25.4105 11.5831 -5.45831e-04 1.09584e-04 0.00264309 0.0027010859 0.0 14 18.9175016474 2.2548170494 0 0 2 3 4 1 4 0 0 7 
857 2 21.7496 26.2695 13.7187 0.00195585 -2.91875e-04 0.00215674 0.0029261011 0.0 13 16.9186267668 2.0799828062 0 0 0 4 5 3 1 0 0 7 
936 1 25.7251 21.006 10.5651 0.0020249 7.31037e-04 -0.00255532 0.0033413015 0.0 14 22.2979632263 2.3424590081 0 0 1 3 3 7 0 0 0 6 
958 1 21.4828 23.3042 17.1158 -3.63338e-04 -0.00336802 -9.60812e-04 0.0035211835 0.0 13 21.5526160982 2.307875976 0 0 0 2 8 3 0 0 0 6 
193 2 24.7321 19.2115 17.332 6.58668e-04 -7.66485e-04 -5.36081e-04 0.0011439955 0.0 16 19.7628751861 2.2326961029 0 0 1 3 5 5 2 0 0 7 
654 1 21.3776 26.1074 17.2911 -0.00464297 -0.00349019 -7.57187e-04 0.0058576385 0.0 14 21.7021041948 2.3748712602 0 0 0 4 4 6 0 0 0 6 
868 1 20.147 20.147 10.7833 0.00278209 -0.00219233 -0.00123024 0.0037496435 0.0 14 21.3134442538 2.2188153214 0 0 0 2 8 4 0 0 0 6 
556 1 26.1381 25.9647 17.4893 4.33124e-04 -0.00169012 -9.84481e-04 0.0020033235 0.0 12 19.6414461764 2.2087476382 0 0 0 0 12 0 0 0 0 5 
908 1 23.3373 23.5271 12.7748 6.19513e-04 -0.00105409 -4.26512e-04 0.0012949188 0.0 16 22.0360548411 2.3424590081 0 0 2 2 6 4 1 0 1 9 
917 1 21.4864 20.7319 13.5588 -8.30991e-05 8.63074e-04 -0.00207774 0.0022514008 0.0 13 20.9238184335 2.2479100907 0 0 1 0 9 3 0 0 0 6 
94 2 21.6136 25.8983 11.2659 -0.00177909 -1.51695e-04 4.58001e-04 0.0018433495 0.0 15 16.2837885771 2.3430205045 0 0 0 4 4 7 0 0 0 6 
996 1 23.4469 25.2893 15.8961 1.537e-04 0.00379471 0.0021481 0.0043632306 0.0 17 22.4622392126 2.3272058612 0 0 1 3 6 5 1 1 0 8 
373 2 24.1966 26.4763 13.3653 0.00364286 -0.00220971 0.00216388 0.0047786634 0.0 14 18.3265429847 2.3272058612 0 0 1 2 7 2 2 0 0 7 
284 1 18.1663 22.8567 15.8904 -0.00166844 8.64331e-04 -9.12345e-04 0.0020888115 0.0 15 23.4883303104 2.3364544333 0 0 0 2 9 3 1 0 0 7 
486 1 24.5838 20.3111 13.2031 -6.81899e-04 -0.0015268 -2.2237e-04 0.0016868767 0.0 14 21.4380541659 2.2326961029 0 0 0 3 6 5 0 0 0 6 
182 1 18.5822 25.3208 12.6314 0.00142714 -4.67986e-04 -0.00167153 0.0022471653 0.0 17 24.9744061635 2.407046909 0 0 1 2 9 3 0 2 0 8 
286 2 22.8262 24.4975 9.81242 0.00101432 -7.77664e-04 -0.00335807 0.0035930823 0.0 14 18.9474952681 2.3415324533 0 0 0 1 10 3 0 0 0 6 
149 2 22.7283 18.0213 15.3806 3.13383e-04 -4.04315e-04 -1.9131e-04 5.4614928363e-04 0.0 17 20.5140646682 2.2479100907 0 0 1 4 4 5 3 0 0 7 
365 1 19.8714 20.303 15.7539 0.00250769 4.29577e-04 7.86323e-04 0.0026629588 0.0 15 22.2015169985 2.240023018 0 0 2 2 5 4 1 1 0 8 
403 1 17.2871 18.9765 15.0921 0.00279001 3.17353e-04 9.87187e-04 0.0029764756 0.0 15 22.3725565483 2.2199881308 0 0 1 3 6 2 3 0 0 7 
641 1 19.0238 25.6769 15.5365 1.93058e-04 -0.00120045 -9.75669e-04 0.001558936 0.0 13 20.8444753777 2.1501997901 0 0 0 3 6 4 0 0 0 6 
67 1 25.9902 23.424 16.1379 -0.00331117 4.68229e-04 0.0011176 0.0035259204 0.0 14 20.3753130095 2.3272058612 0 0 2 1 7 2 1 1 0 8 
230 2 26.3799 24.0095 9.62267 0.00309087 0.00274863 -7.47313e-04 0.0042032037 0.0 16 18.4933859278 2.3424590081 0 0 1 3 5 5 2 0 0 7 
308 1 16.8226 0.498707 16.6016 0.00285734 8.54547e-04 -0.00278352 0.0040795375 0.0 15 22.4198473283 2.2678004961 0 0 0 3 7 4 1 0 0 7 
13 1 0.543044 25.4424 14.8404 0.00390605 2.74217e-04 0.00295455 0.0049052816 0.0 14 21.5505595754 2.311828767 0 0 0 3 6 5 0 0 0 6 
25 1 26.1369 22.89 13.1337 -0.00254706 -0.00376823 -5.58309e-04 0.0045824427 0.0 17 22.2307271638 2.3272058612 0 0 2 4 3 5 2 0 1 9 
636 2 22.362 26.1518 7.99821 0.00200907 -0.00122628 9.6149e-05 0.00235571 0.0 13 17.7854213505 2.3164141728 0 0 2 1 6 2 2 0 0 7 
920 1 24.1837 21.9753 8.19501 -0.00168569 0.00306214 -8.04813e-05 0.003496388 0.0 14 22.0468994224 2.3098273004 0 0 1 1 8 3 1 0 0 7 
191 1 16.8127 20.0447 11.1099 -2.44133e-04 8.9204e-04 0.00169768 0.0019332495 0.0 15 24.7778186831 2.396380946 0 0 1 1 8 4 1 0 0 7 
157 2 3.58822 2.3883 26.1553 0.00391905 6.84521e-04 -2.04404e-05 0.0039784343 0.0 12 15.6660467772 2.3060961294 0 0 1 4 1 6 0 0 0 6 
345 2 8.94156 7.4974 26.116 -0.0033001 -9.81916e-04 -6.9581e-04 0.0035126871 0.0 15 17.6652513192 2.213206932 0 0 4 2 1 4 3 1 0 8 
988 2 7.88452 2.29295 26.4417 -0.00375407 1.61361e-04 -5.33711e-04 0.0037952505 0.0 14 13.9935694668 1.8945538173 0 0 0 1 10 3 0 0 0 6 
737 2 5.68542 1.07722 26.2609 -9.43001e-04 0.00137611 -0.0014925 0.0022384115 0.0 14 13.1002661751 1.8977853306 0 0 1 1 7 5 0 0 0 6 
153 1 1.56622 8.68536 25.3761 2.13689e-05 -0.00222533 -0.0015288 0.0026999592 0.0 15 22.9936000761 2.2077997844 0 0 0 2 8 5 0 0 0 6 
1000 2 7.07269 6.13357 22.9914 -0.00216431 0.00234458 2.09975e-04 0.0031977152 0.0 12 15.6254702382 2.3486523743 0 0 0 3 6 3 0 0 0 6 
45 1 4.00469 7.37842 23.6896 -0.00221476 8.14022e-04 0.00261548 0.0035225742 0.0 15 22.5697523 2.3674017088 0 0 2 2 7 1 1 2 0 8 
720 2 7.12289 5.63875 25.8077 -2.45813e-04 0.0017868 -3.15119e-04 0.0018309501 0.0 15 17.0988108937 2.2707739165 0 0 1 4 5 3 0 2 0 8 
575 1 4.84318 1.59565 18.3892 6.28956e-04 -0.00172199 6.58484e-04 0.0019479313 0.0 15 23.0449554116 2.2175884168 0 0 1 3 5 4 2 0 0 7 
520 1 8.42408 1.06975 17.7243 0.00149864 -0.00214592 0.00310045 0.0040575466 0.0 15 21.1226777891 2.2225661543 0 0 1 2 7 3 2 0 0 7 
232 1 2.21832 2.99516 19.2052 0.00227867 -0.00156483 0.00192249 0.0033670458 0.0 14 20.3923546533 2.2175884168 0 0 0 3 6 5 0 0 0 6 
944 1 4.033 7.67549 20.8256 -0.0018144 6.99967e-04 -2.71159e-04 0.0019635499 0.0 15 20.9151628807 2.3764539729 0 0 1 2 7 3 2 0 0 7 
583 1 2.64126 8.68637 18.6736 -0.00209578 -0.00167795 -6.4633e-04 0.0027614403 0.0 14 20.3900489616 2.2349149264 0 0 0 1 10 3 0 0 0 6 
557 2 7.00934 1.27384 24.0247 4.25107e-04 8.4113e-04 -0.00158111 0.0018406859 0.0 14 14.3449031605 2.2752387506 0 0 0 1 10 3 0 0 0 6 
881 2 8.88479 0.311739 22.5225 0.0030138 0.00263092 -0.00137397 0.0042299556 0.0 14 16.5213815848 2.2577261122 0 0 2 4 2 3 2 1 0 8 
275 1 4.98739 6.9094 18.1717 -7.15692e-04 -0.00190416 4.10694e-04 0.0020752614 0.0 15 21.5651877556 2.2119177014 0 0 1 0 10 3 1 0 0 7 
605 2 4.48507 1.69396 23.8496 9.13972e-04 4.85585e-04 -0.00249443 0.0027006145 0.0 14 16.7126991909 2.2752387506 0 0 0 3 7 3 1 0 0 7 
461 1 0.891553 2.25178 25.2018 0.00417562 -3.27236e-04 6.03142e-04 0.0042316269 0.0 16 22.5983922206 2.321802547 0 0 2 2 4 6 2 0 0 7 
906 2 8.05484 3.97436 22.3595 -0.00117385 0.00135972 -3.77352e-04 0.0018355263 0.0 15 12.9549737086 1.9557296282 0 0 0 2 9 3 1 0 0 7 
291 2 6.61839 5.51633 20.3615 0.00165018 0.00501088 -2.37712e-04 0.0052809582 0.0 12 13.6324086363 2.2003653949 0 0 0 2 8 2 0 0 0 6 
279 2 7.26125 7.74175 20.5299 0.00256884 -0.00240635 0.00200121 0.0040489876 0.0 15 17.3856624226 2.3764539729 0 0 1 2 6 5 1 0 0 7 
388 1 1.76792 5.80453 21.8536 -0.00316177 5.12391e-04 -9.73226e-05 0.0032044977 0.0 15 22.798869946 2.2393022238 0 0 0 3 7 4 1 0 0 7 
112 1 1.95952 -0.0635848 23.4418 0.00143118 -0.00304133 0.00171272 0.0037724494 0.0 14 21.1914401036 2.2427508107 0 0 1 2 6 4 1 0 0 7 
197 2 6.4273 3.60176 24.1442 0.00242828 0.00239308 -7.47436e-04 0.0034902774 0.0 15 14.5178593436 2.230370263 0 0 1 3 6 3 1 1 0 8 
426 1 1.35555 5.6558 24.7252 -4.64888e-04 0.00277536 -0.00338199 0.0043996137 0.0 15 21.474869118 2.3060961294 0 0 0 3 6 6 0 0 0 6 
585 1 1.93496 2.72496 21.9535 5.14841e-04 -2.20998e-04 0.00139113 0.0014997147 0.0 15 20.6415502433 2.1604927268 0 0 0 2 9 3 1 0 0 7 
64 1 3.56323 0.704018 20.998 -0.00283153 0.00198142 -0.0020173 0.0040016355 0.0 13 19.5743158263 2.2219449801 0 0 0 3 6 4 0 0 0 6 
915 1 2.39377 5.86627 18.9305 -0.00335932 1.26442e-04 1.38923e-04 0.003364568 0.0 14 21.2450639775 2.1610324706 0 0 0 4 4 6 0 0 0 6 
144 2 6.10041 2.39297 21.9384 1.72887e-04 0.00128116 0.00203308 0.0024092893 0.0 15 16.8695688257 2.2382510509 0 0 0 5 4 4 2 0 0 7 
228 2 5.17209 4.91841 22.332 -0.00281255 -1.2624e-04 -0.00759192 0.0080971367 0.0 13 15.6180387475 2.2707739165 0 0 1 2 6 3 1 0 0 7 
422 2 9.41515 0.851951 24.6222 1.65713e-04 5.30815e-05 -0.00280999 0.0028153725 0.0 13 14.8357763199 2.2145390313 0 0 1 3 3 6 0 0 0 6 
433 2 4.83054 4.04887 20.1549 0.00367102 -0.00233332 -0.00204934 0.0048083848 0.0 14 19.3656187778 2.2003653949 0 0 0 2 8 4 0 0 0 6 
765 2 3.76328 4.04087 23.9277 4.19923e-04 -0.0034624 0.00113645 0.0036682513 0.0 13 18.9483883315 2.2683531733 0 0 2 4 1 3 3 0 0 7 
297 2 9.02216 7.72641 22.6204 -0.00206348 -7.68626e-05 0.00277458 0.0034586344 0.0 13 14.6717854877 2.297501982 0 0 2 2 4 3 2 0 0 7 
971 2 7.27548 3.26202 19.7383 -0.00134206 0.00269944 -1.25701e-04 0.0030172673 0.0 13 17.1948263338 2.2018700845 0 0 0 3 6 4 0 0 0 6 
70 2 7.98924 6.40111 18.6364 -7.59677e-04 0.00339053 6.02531e-05 0.0034751163 0.0 15 18.4844197178 2.2119177014 0 0 2 1 5 6 1 0 0 7 
423 2 9.56416 8.04404 20.2254 7.4176e-04 -0.00498157 -4.62102e-04 0.0050576463 0.0 13 14.9137615408 2.1830839065 0 0 0 3 7 2 1 0 0 7 
921 2 9.13201 6.01118 24.3902 -0.00252689 -0.00148427 8.52163e-04 0.0030519522 0.0 15 11.7833977302 1.8835006828 0 0 0 6 2 5 2 0 0 7 
501 2 5.69845 3.69273 0.15385 -0.00171452 0.00547065 -0.0043132 0.0071743491 0.0 13 17.3090557715 2.2212854183 0 0 1 2 6 3 1 0 0 7 
957 2 10.4233 8.20252 24.5006 -0.00382981 3.38021e-04 0.00388463 0.0054655332 0.0 14 17.0112625981 2.297501982 0 0 0 2 8 4 0 0 0 6 
16 2 14.8693 7.68303 17.5035 0.00240335 0.00241882 0.00221448 0.0040657967 0.0 14 14.3674936702 2.2604739553 0 0 0 6 0 8 0 0 0 6 
673 1 11.6974 25.4679 21.8737 -3.70329e-04 0.00433581 -5.25491e-05 0.0043519138 0.0 16 22.1113702228 2.2661364128 0 0 2 1 8 2 2 1 0 8 
61 2 8.79602 5.6311 21.1627 -0.00337749 8.19028e-04 -0.00408512 0.0053634365 0.0 13 11.932363256 2.0645413789 0 0 0 3 6 4 0 0 0 6 
99 2 11.3675 9.2012 19.1141 -0.00367165 -0.00283654 0.00123034 0.0048000739 0.0 15 19.6758905885 2.3466802788 0 0 1 5 1 6 2 0 0 7 
735 1 11.284 0.20088 18.731 -0.00135655 -3.11749e-04 -3.81773e-04 0.0014433177 0.0 16 23.1259251515 2.2661364128 0 0 0 3 8 3 2 0 0 7 
69 2 15.8913 3.54839 18.9931 0.00205024 -0.0050145 -0.00174669 0.0056920664 0.0 13 16.3924131046 2.0797470178 0 0 1 3 5 2 2 0 0 7 
377 2 12.6314 7.28634 18.2372 -0.00270832 0.00315639 -7.36637e-04 0.0042237932 0.0 15 16.8965108464 2.1472526175 0 0 1 4 3 5 2 0 0 7 
758 2 17.1783 8.39415 18.1261 -0.00375318 -2.09153e-04 -0.00231144 0.0044128064 0.0 13 14.5027230615 2.2563234075 0 0 0 4 4 5 0 0 0 6 
664 1 15.3655 0.703009 24.3321 -6.70314e-04 -0.00130424 -0.00197108 0.0024567294 0.0 14 21.6589594828 2.2795036876 0 0 0 3 7 3 1 0 0 7 
205 2 18.178 5.2796 18.9737 0.00238974 -0.00407417 -4.14674e-04 0.0047414843 0.0 15 15.8059516515 2.1553700566 0 0 2 2 4 5 2 0 0 7 
1 2 8.68314 1.54132 20.6636 -0.00126897 0.00344971 0.00151129 0.0039742649 0.0 13 17.3319275255 2.2661364128 0 0 1 3 5 2 2 0 0 7 
820 2 10.1503 3.49191 20.388 7.27667e-04 0.00514522 -0.00230588 0.0056850568 0.0 16 18.9024449395 2.2308625492 0 0 1 3 5 5 2 0 0 7 
693 2 11.983 6.29216 23.8753 -0.00244057 0.00160571 -0.00163801 0.003349293 0.0 14 19.1628108847 2.3562526186 0 0 2 2 5 3 1 1 0 8 
46 2 10.4289 6.04141 19.3903 0.00395103 0.00171217 0.00124347 0.0044820064 0.0 12 15.3672038832 2.1164353494 0 0 1 3 4 3 1 0 0 7 
734 1 12.5488 1.37641 21.08 0.00214858 5.69846e-04 -0.0027067 0.003502477 0.0 14 22.9900806914 2.2405426126 0 0 1 2 6 4 1 0 0 7 
82 1 12.2421 3.85322 18.2639 0.00337862 -0.00292725 -0.00169089 0.0047794325 0.0 16 20.9474152186 2.2308625492 0 0 1 2 8 2 3 0 0 7 
803 1 15.2031 6.9241 24.2876 -0.00325633 0.00367859 0.00423481 0.006486087 0.0 15 24.5012747784 2.3607873195 0 0 0 3 6 6 0 0 0 6 
169 1 15.6636 4.10906 25.0006 9.34486e-04 0.00199947 5.64651e-04 0.0022781517 0.0 13 21.8030302233 2.3519056047 0 0 1 2 6 3 1 0 0 7 
739 1 16.4321 4.96801 22.0488 -0.00427038 9.83142e-04 8.57444e-04 0.0044651902 0.0 15 22.4507569912 2.3607873195 0 0 0 2 8 5 0 0 0 6 
156 1 14.0364 7.06669 21.0813 -0.0019194 -3.68144e-04 0.00259128 0.0032456676 0.0 14 22.6889987643 2.3607873195 0 0 1 3 5 3 2 0 0 7 
450 2 9.12011 3.68634 24.8635 -0.00143101 0.0012866 0.00279474 0.0033931845 0.0 12 12.9288729767 2.2718659428 0 0 0 3 6 3 0 0 0 6 
434 2 15.7747 5.84955 18.9753 -1.21594e-04 -0.00196136 0.00141449 0.00242126 0.0 12 15.9058153246 2.1805571905 0 0 0 3 6 3 0 0 0 6 
464 1 15.634 7.94301 0.147271 2.84595e-04 8.07655e-04 -2.89623e-04 9.0398141307e-04 0.0 13 21.7573909091 2.3524926941 0 0 0 3 6 4 0 0 0 6 
186 1 16.7677 7.81456 21.306 0.00215513 -0.00176501 5.0098e-04 0.0028303404 0.0 15 23.1211926997 2.2604739553 0 0 0 2 8 5 0 0 0 6 
602 2 10.8164 4.96244 25.6666 0.00354395 -0.00265775 0.00206373 0.0048869416 0.0 15 17.8913913864 2.3557916264 0 0 0 3 7 4 1 0 0 7 
927 1 15.4648 2.22921 21.8937 0.00198066 1.75614e-04 -6.1619e-04 0.0020817167 0.0 14 21.0422808625 2.2237800175 0 0 0 2 8 4 0 0 0 6 
36 2 10.4228 4.90224 22.9237 0.00113456 0.00232606 0.00343878 0.0043038343 0.0 12 14.1484709749 2.1954151006 0 0 1 2 6 2 1 0 0 7 
552 2 10.9735 6.85946 21.7877 0.00139923 6.7734e-04 0.00207008 0.0025887961 0.0 15 16.8821918372 2.3466802788 0 0 1 2 6 5 1 0 0 7 
889 1 13.3799 3.28838 23.3367 0.00345551 -0.00400631 -0.00417188 0.0067376295 0.0 17 22.7577498954 2.3607873195 0 0 1 5 4 3 3 1 0 8 
386 2 9.89476 2.44486 22.9345 -3.83935e-04 4.90688e-04 -0.00232751 0.0024094571 0.0 14 16.5206932454 2.3557916264 0 0 1 3 4 5 1 0 0 7 
2 2 14.2694 1.75151 18.3091 5.93958e-04 0.00366594 0.00159885 0.0040432936 0.0 14 20.7811839621 2.2508406115 0 0 1 3 5 3 2 0 0 7 
873 1 13.2933 4.33061 20.6646 -3.1383e-05 0.00287826 3.08849e-04 0.0028949531 0.0 16 22.8053583768 2.3078791837 0 0 0 4 7 2 3 0 0 7 
789 1 12.5573 0.736777 24.3186 -0.00271094 -0.00123844 -0.00284712 0.0041217741 0.0 17 23.7718882672 2.3517865569 0 0 2 2 5 5 3 0 0 7 
224 2 8.81528 4.72896 0.369179 0.00182387 -0.00171584 6.00391e-04 0.002575088 0.0 15 17.6754682191 2.1637826122 0 0 0 3 6 6 0 0 0 6 
794 1 17.7632 2.28172 0.295575 0.00697524 3.65698e-04 -0.00153882 0.0071523196 0.0 15 22.5717543899 2.2795036876 0 0 0 4 5 5 1 0 0 7 
907 1 26.3948 7.46758 20.1858 -0.00208182 0.00203657 0.00342247 0.0044938728 0.0 14 21.4254596118 2.2351170377 0 0 0 4 4 6 0 0 0 6 
307 1 26.2367 7.30931 23.2163 0.00186965 -0.00183082 -7.96362e-05 0.002617983 0.0 13 22.0075787789 2.2341172181 0 0 0 3 6 4 0 0 0 6 
463 1 20.785 6.99258 25.6192 -0.00168455 -4.59966e-05 9.4168e-04 0.0019304366 0.0 14 22.3854273144 2.2913718689 0 0 1 3 5 3 2 0 0 7 
447 1 25.6981 6.96592 26.476 0.00160227 -0.00324586 -0.00342633 0.0049842365 0.0 13 20.1684833215 2.1794296035 0 0 0 1 10 2 0 0 0 6 
582 2 21.3272 5.79733 18.3341 -0.00199718 -0.00397342 0.0034774 0.0056452728 0.0 14 16.0035634578 2.3412949203 0 0 0 3 6 5 0 0 0 6 
527 2 23.4398 6.99952 18.7371 -0.0022348 9.25699e-04 3.43148e-05 0.002419179 0.0 14 18.0098739007 2.2970340592 0 0 0 3 6 5 0 0 0 6 
440 1 22.9629 0.703447 23.604 7.75207e-04 7.96843e-04 -1.02977e-04 0.0011164716 0.0 15 21.1663699747 2.306051092 0 0 0 2 8 5 0 0 0 6 
154 1 24.0234 8.69758 21.2875 -2.14362e-05 -0.0022745 0.00143431 0.0026890621 0.0 14 22.800523726 2.2287718204 0 0 1 3 4 5 1 0 0 7 
993 1 24.1003 5.78369 21.4929 -0.00266065 -0.00192842 0.00239352 0.0040653167 0.0 14 22.0833912239 2.2393022238 0 0 0 3 6 5 0 0 0 6 
241 1 17.8329 2.47847 23.8954 0.00141954 0.00394159 0.00156641 0.0044726799 0.0 13 20.6477180903 2.1547624377 0 0 1 2 6 3 1 0 0 7 
977 2 21.7761 8.83471 18.7656 -6.44019e-04 -0.00129808 0.0025246 0.0029109066 0.0 13 16.822336199 2.3412949203 0 0 1 2 5 5 0 0 0 6 
240 1 24.6856 2.52384 24.9526 -0.00315422 -0.00260491 8.19613e-06 0.0040908101 0.0 12 19.8518009051 2.306051092 0 0 0 2 8 2 0 0 0 6 
651 1 26.412 3.66304 20.4673 -0.00122098 0.00326533 0.00120556 0.0036887053 0.0 14 22.3372959888 2.3043048717 0 0 0 2 8 4 0 0 0 6 
168 1 19.1888 5.91458 21.8642 9.52869e-04 0.00222062 -3.2178e-04 0.0024377561 0.0 14 20.8614546172 2.318750909 0 0 1 3 5 3 2 0 0 7 
287 1 19.9076 0.0609393 20.1488 0.00112833 -0.00104098 -0.00192021 0.0024584496 0.0 15 23.3913176147 2.3748712602 0 0 0 4 5 5 1 0 0 7 
599 1 23.9434 2.64916 22.0104 -0.00144882 -0.0012741 0.00292515 0.003504128 0.0 13 21.3081555614 2.3043048717 0 0 0 1 10 2 0 0 0 6 
34 1 20.8496 4.25712 23.9591 -1.23963e-05 -0.00158078 0.00151791 0.0021915907 0.0 16 23.6974587745 2.306051092 0 0 1 4 4 4 3 0 0 7 
51 1 25.8968 4.19458 -0.0558554 -0.00387004 -0.00324482 -3.35576e-04 0.0050614897 0.0 14 21.5445193897 2.3058729798 0 0 0 0 12 2 0 0 0 6 
18 1 20.4099 1.46148 22.7706 4.13464e-04 7.65946e-04 -6.47397e-04 0.0010847805 0.0 13 20.6487918535 2.1700966408 0 0 0 4 4 5 0 0 0 6 
542 1 26.1797 4.04321 23.3844 -9.52598e-04 7.50165e-04 -0.00394772 0.0041297317 0.0 13 19.8893319514 2.2393022238 0 0 0 1 10 2 0 0 0 6 
393 1 22.2654 1.57724 19.9594 -0.00198632 7.92527e-04 -0.00219326 0.0030633243 0.0 15 22.3999271096 2.281299855 0 0 0 3 7 4 1 0 0 7 
635 2 23.4242 4.151 18.5441 -1.25585e-04 0.00195694 -1.25357e-05 0.0019610056 0.0 15 20.2839048485 2.3043048717 0 0 0 1 10 4 0 0 0 6 
12 1 25.0534 0.370069 20.3266 2.96921e-04 0.00243115 -0.00512185 0.0056773233 0.0 14 19.8816363307 2.3043048717 0 0 0 2 8 4 0 0 0 6 
684 1 26.2421 5.50683 18.1404 -0.00505454 0.0045186 -0.00305762 0.0074374163 0.0 15 22.0691213418 2.1436153769 0 0 0 4 4 7 0 0 0 6 
922 1 18.7556 3.06758 21.1608 -0.00331422 -0.00283517 6.94362e-05 0.0043620024 0.0 16 22.4398390155 2.2141109955 0 0 0 3 7 5 1 0 0 7 
259 1 20.1081 1.83472 25.4894 0.00303608 -0.00101915 -5.45551e-04 0.0032487035 0.0 13 20.7645958106 2.2979785551 0 0 1 0 9 3 0 0 0 6 
903 1 23.5936 5.50845 24.5161 -0.00227238 0.00210358 7.63579e-04 0.0031893279 0.0 14 23.2288128953 2.2874748756 0 0 0 4 5 4 1 0 0 7 
347 2 19.2796 7.4218 18.8656 -7.71073e-05 -3.66249e-04 0.00155298 0.0015974451 0.0 14 16.2097887974 2.3412949203 0 0 1 3 4 5 1 0 0 7 
4 1 21.6438 4.34785 21.1515 0.00361697 4.99473e-04 -8.32651e-04 0.0037450304 0.0 14 21.6165439882 2.2789721475 0 0 1 3 3 7 0 0 0 6 
325 1 21.7269 7.1104 22.5159 0.00389405 -0.00222696 0.00149703 0.004729067 0.0 16 23.2563691873 2.3412949203 0 0 0 4 6 4 2 0 0 7 
878 1 19.768 4.67913 0.257332 8.87474e-04 0.00363392 -4.48196e-04 0.0037674745 0.0 14 21.9884889248 2.289749626 0 0 1 3 4 5 1 0 0 7 
997 1 17.5628 26.6396 22.3377 3.54413e-04 0.00288434 0.0037924 0.0047777948 0.0 14 22.0262464528 2.1915094005 0 0 0 1 10 3 0 0 0 6 
88 1 26.4227 2.03375 18.1908 0.00101288 -0.00289302 0.00222892 0.0037899307 0.0 12 20.0823184702 2.2964523146 0 0 0 0 12 0 0 0 0 5 
480 1 23.5583 8.2918 24.9027 -0.00245993 8.71115e-04 0.00212638 0.0033662425 0.0 15 23.7262207753 2.3829710149 0 0 0 1 10 4 0 0 0 6 
508 1 26.3089 1.35166 22.8682 0.00128184 0.00256631 0.00127432 0.0031389413 0.0 12 18.7193832478 2.0802348389 0 0 0 0 12 0 0 0 0 5 
134 1 18.1756 5.4447 24.5406 9.85955e-04 -0.0015623 -0.00164202 0.002471663 0.0 15 21.6374338103 2.2577290611 0 0 1 3 5 4 2 0 0 7 
511 1 3.80588 17.4822 17.9403 5.65833e-04 -9.49119e-04 -0.0032837 0.0034646327 0.0 16 23.0954972697 2.2623953839 0 0 2 3 3 6 1 1 0 8 
934 1 8.89109 14.8444 23.537 1.08692e-04 -0.00455419 4.20446e-05 0.0045556809 0.0 13 20.3463774999 2.1810034648 0 0 0 3 6 4 0 0 0 6 
506 1 4.5083 15.646 23.8733 -0.00311675 3.19744e-04 -1.76311e-04 0.0031380651 0.0 14 22.3427744593 2.3769005771 0 0 1 4 2 6 1 0 0 7 
597 1 0.43413 13.2313 25.2196 0.00122621 6.98188e-04 -6.17727e-04 0.001540339 0.0 15 21.6202732571 2.2567811812 0 0 0 4 4 7 0 0 0 6 
402 1 2.96087 11.081 20.3237 0.00206139 -0.00425715 6.32625e-04 0.0047720928 0.0 13 20.6169036811 2.2148482746 0 0 0 3 6 4 0 0 0 6 
810 1 3.38029 13.447 25.589 0.00228417 5.88625e-04 -0.00114326 0.0026212507 0.0 16 22.7417206124 2.2477524534 0 0 0 4 5 6 1 0 0 7 
543 1 6.92844 16.9863 24.7393 -5.61713e-04 -0.0010089 -0.00407196 0.0042325239 0.0 16 21.0612969069 2.1730913114 0 0 3 3 3 3 2 2 0 8 
68 1 1.69654 8.89695 21.8677 -1.7716e-04 -0.00133687 -7.03463e-04 0.0015210086 0.0 15 20.5249712237 2.2148482746 0 0 0 3 6 6 0 0 0 6 
814 1 4.62648 15.205 19.6915 -0.00123084 0.00212944 -0.00110812 0.0026976678 0.0 14 21.3900511024 2.3769005771 0 0 0 3 6 5 0 0 0 6 
472 1 1.4959 15.8117 26.642 -7.52729e-04 0.00314339 -4.26468e-04 0.0032602725 0.0 14 23.7246338146 2.5137550352 0 0 0 4 4 6 0 0 0 6 
604 1 2.30628 16.7873 20.442 0.00217402 -0.00225683 -0.00130853 0.0033958645 0.0 15 22.0646048294 2.3769005771 0 0 0 3 7 4 1 0 0 7 
632 1 6.7998 8.72884 24.401 0.00274619 4.94672e-04 0.00409478 0.0049551471 0.0 18 23.3220718658 2.3764539729 0 0 2 3 4 6 2 1 0 8 
767 1 4.36683 10.131 22.9713 -0.00555315 0.00451062 -0.0041754 0.0082835459 0.0 15 21.9090506814 2.3764539729 0 0 0 3 6 6 0 0 0 6 
932 1 5.47707 9.7274 19.4058 2.83697e-04 -0.00323902 9.24507e-06 0.0032514335 0.0 13 22.1981854471 2.2552215383 0 0 0 1 10 2 0 0 0 6 
417 1 3.18551 13.0573 22.7408 -5.81349e-04 -2.72734e-04 0.0012339 0.0013909923 0.0 14 20.8284719204 2.3769005771 0 0 0 3 6 5 0 0 0 6 
849 1 4.27218 10.1566 25.8932 -8.17783e-04 -0.0030121 9.769e-04 0.0032704509 0.0 14 21.574206801 2.2477524534 0 0 1 3 4 5 1 0 0 7 
631 1 2.0799 13.9274 20.0513 -0.00194158 1.97326e-04 6.29198e-04 0.0020505025 0.0 14 21.3391010307 2.3181717448 0 0 1 3 5 3 2 0 0 7 
335 1 1.6102 15.7017 23.4433 -0.00298599 -0.00394069 -0.00148918 0.0051636064 0.0 15 24.4512547797 2.5370974003 0 0 0 5 3 6 1 0 0 7 
769 1 1.91476 11.0798 23.9158 -6.77029e-04 -0.00125926 0.0013326 0.0019544633 0.0 12 19.5021176647 2.1781987885 0 0 0 3 6 3 0 0 0 6 
645 1 5.4419 12.5956 20.5093 0.00104578 0.0022295 8.23279e-04 0.0025965582 0.0 14 22.3391862553 2.2674239002 0 0 0 3 6 5 0 0 0 6 
424 1 5.95841 12.4565 23.3991 0.00254285 -0.00197257 0.00149325 0.0035478041 0.0 14 22.7468374878 2.2088258628 0 0 0 3 6 5 0 0 0 6 
832 1 7.42639 15.1555 18.8839 0.00273587 0.00243925 4.909e-04 0.0036980952 0.0 13 20.9874087374 2.2623953839 0 0 0 2 8 3 0 0 0 6 
963 1 8.51024 10.4179 18.8276 0.00310994 0.00251606 4.78579e-04 0.0040288116 0.0 16 22.7183451583 2.2738753171 0 0 2 3 3 5 3 0 0 7 
280 1 7.6181 10.4035 21.9599 0.00264496 2.5421e-04 -9.07554e-04 0.0028078622 0.0 12 22.1573549255 2.307757091 0 0 0 2 8 2 0 0 0 6 
97 1 6.97933 11.3512 26.1893 0.00391088 -0.00208691 4.47767e-05 0.004433078 0.0 14 22.8516053643 2.2477524534 0 0 1 3 4 5 1 0 0 7 
870 1 6.80007 14.0842 25.573 1.46043e-04 -0.00267957 -0.00208935 0.0034010009 0.0 14 22.0582017332 2.1638394528 0 0 0 3 6 5 0 0 0 6 
237 1 6.84872 15.2877 21.742 0.00545945 4.53307e-04 -0.00105159 0.0055782545 0.0 16 22.9292476733 2.2856246795 0 0 0 3 6 7 0 0 0 6 
615 1 9.06511 11.951 24.0444 0.00187363 0.00358167 -0.00363521 0.0054363224 0.0 14 21.2521939912 2.297501982 0 0 0 2 8 4 0 0 0 6 
408 1 0.388347 12.8851 22.4533 7.36604e-04 0.00146398 -0.00151078 0.0022289637 0.0 16 21.9204310439 2.2477411455 0 0 1 3 5 5 2 0 0 7 
468 1 0.127763 10.1917 19.7143 -0.00138839 5.76229e-04 -0.00134198 0.0020150873 0.0 15 22.22873481 2.2477411455 0 0 1 2 7 3 2 0 0 7 
33 1 8.76947 15.9854 26.5364 -8.10115e-04 0.00212573 0.00157063 0.0027643974 0.0 14 21.368947245 2.1625960978 0 0 3 2 4 1 3 1 0 8 
956 1 8.73334 12.7667 20.6704 0.00292827 -3.68025e-04 0.0021362 0.0036432895 0.0 14 22.4377299139 2.1976444762 0 0 0 1 10 3 0 0 0 6 
576 1 4.52633 16.3153 0.112552 0.00276682 -0.00344419 -4.51985e-04 0.004440949 0.0 17 24.3733869238 2.1997155064 0 0 2 1 7 5 1 1 0 8 
905 2 9.90522 9.72942 26.2132 0.00171872 -0.0069101 9.17419e-04 0.0071794943 0.0 15 21.6037224086 2.2435931 0 0 2 4 3 3 1 2 0 8 
891 2 18.069 12.2781 18.3813 7.23268e-04 -0.00201614 0.00253222 0.0033166361 0.0 14 15.287977926 2.1154198137 0 0 0 4 4 6 0 0 0 6 
897 1 9.64372 13.1815 17.9794 4.91237e-05 -0.00230879 -6.64144e-05 0.0023102674 0.0 15 22.0303389926 2.2738753171 0 0 3 0 7 2 2 1 0 8 
634 2 15.717 16.1259 26.4584 0.00222374 0.00153612 0.00112647 0.0029280743 0.0 13 18.4828775645 2.2822543848 0 0 0 4 5 3 1 0 0 7 
595 1 9.69646 16.8611 17.7902 -0.00301373 -0.0012136 -0.00143961 0.0035535715 0.0 15 22.8859835379 2.4012004991 0 0 0 3 6 6 0 0 0 6 
540 1 14.9354 10.5255 25.2983 -0.00577037 -0.00272774 4.7489e-04 0.0064002544 0.0 14 21.0700042507 2.3524926941 0 0 0 2 8 4 0 0 0 6 
499 2 13.7366 17.7401 26.1706 -6.85826e-04 -0.00300146 2.23657e-04 0.0030869308 0.0 13 16.568238151 2.2426684167 0 0 1 4 2 5 1 0 0 7 
385 2 11.3773 17.9581 0.728498 3.88889e-04 -0.00237477 8.63599e-05 0.0024079504 0.0 13 15.2918641928 2.123295964 0 0 0 4 4 5 0 0 0 6 
608 1 9.52664 17.5532 23.8274 0.00220771 -0.00191683 0.00370788 0.004721927 0.0 16 21.1582477272 2.2307390445 0 0 1 3 5 6 0 1 0 8 
66 1 9.88633 15.3101 20.8387 -0.00316222 0.0018354 -0.00133811 0.003893439 0.0 15 22.420347144 2.2307390445 0 0 1 4 3 5 2 0 0 7 
185 1 12.0457 14.7523 18.8505 1.16706e-04 -2.88547e-04 0.00281312 0.0028302869 0.0 14 21.8774334875 2.197310625 0 0 2 0 8 2 2 0 0 7 
877 1 14.8104 13.0769 18.7459 -0.00356826 7.70095e-04 -0.00260558 0.0044849273 0.0 16 23.7932488434 2.3059949084 0 0 0 4 5 6 1 0 0 7 
268 1 12.0931 12.3289 20.2765 4.56329e-04 -0.00106544 0.00520391 0.0053314236 0.0 15 23.2124938759 2.2981425866 0 0 2 3 4 3 2 1 0 8 
218 1 11.3771 13.6633 22.9203 -0.00233492 1.373e-04 0.00287603 0.0037070543 0.0 15 22.3420051747 2.3000931761 0 0 1 1 8 4 1 0 0 7 
796 1 14.9662 16.0257 18.8829 7.35708e-04 0.00171836 -8.37996e-04 0.0020484786 0.0 15 21.3478217563 2.2039277401 0 0 0 2 8 5 0 0 0 6 
311 1 11.3451 15.6889 25.2018 0.00116786 -0.00124014 0.00328064 0.0036965447 0.0 14 21.7776083074 2.225738354 0 0 1 2 7 2 2 0 0 7 
840 1 14.8196 16.0619 23.7016 0.00231105 -8.758e-04 0.00293766 0.0038389874 0.0 17 24.1202002482 2.3000931761 0 0 0 3 7 6 1 0 0 7 
302 1 14.1595 10.1603 20.1042 2.21062e-04 -4.67078e-04 -0.00352045 0.0035581735 0.0 17 24.8395781096 2.3059949084 0 0 2 3 3 6 3 0 0 7 
478 1 13.2928 13.4045 25.5911 6.99237e-04 0.00139631 4.84538e-05 0.0015623578 0.0 13 22.0493104022 2.3000931761 0 0 0 3 6 4 0 0 0 6 
455 1 13.9566 14.6376 21.1908 -8.14204e-04 -0.00178565 -0.00211003 0.0028816142 0.0 13 22.7180427724 2.297328104 0 0 1 3 4 4 1 0 0 7 
29 1 16.8602 10.6781 22.7967 -9.96766e-04 -0.00134071 -0.00401737 0.0043508973 0.0 15 23.7973150558 2.315061912 0 0 0 4 4 7 0 0 0 6 
500 1 14.4785 12.1222 22.856 -0.00211182 -4.44183e-04 -0.00224119 0.0031112722 0.0 15 22.6901003398 2.3059949084 0 0 2 1 6 4 2 0 0 7 
530 1 10.4887 10.6642 22.0409 0.00347281 -0.00378534 0.00103082 0.0052394464 0.0 15 22.7196895553 2.3466802788 0 0 2 1 7 3 1 1 0 8 
925 1 16.8516 13.5304 21.6395 0.00317591 0.00182589 -3.28747e-04 0.003678091 0.0 16 23.382246419 2.3059949084 0 0 1 2 7 4 2 0 0 7 
262 1 13.6815 9.04119 22.9548 0.0031347 -0.00129237 -4.37129e-04 0.0034187199 0.0 15 23.4477008556 2.3466802788 0 0 1 2 7 3 2 0 0 7 
253 1 11.9872 10.9526 24.268 -0.0023428 6.34183e-04 1.31159e-04 0.0024306589 0.0 13 20.0118750345 2.2503119109 0 0 1 0 9 3 0 0 0 6 
63 1 16.1952 13.3395 24.8569 5.76315e-04 0.00142938 -8.14512e-04 0.0017431856 0.0 13 21.310094725 2.1541211656 0 0 1 0 9 3 0 0 0 6 
266 1 17.1031 16.5446 21.2133 -0.00174861 0.00396461 -0.00369699 0.00569592 0.0 15 22.1765553725 2.217749698 0 0 0 3 7 4 1 0 0 7 
469 1 10.62 12.9822 25.9384 0.00155798 2.26834e-04 -7.66477e-04 0.0017510689 0.0 16 21.392713187 2.2063812795 0 0 1 3 6 3 3 0 0 7 
28 1 13.0202 8.18592 25.9975 -0.00692708 0.00228995 0.0025069 0.0077144576 0.0 14 21.0637914098 2.1211508456 0 0 0 2 8 4 0 0 0 6 
383 1 17.7731 13.2736 0.321264 1.52389e-04 0.00152477 -0.00281203 0.0032024457 0.0 15 21.7066615392 2.1565339295 0 0 0 3 6 6 0 0 0 6 
538 2 17.9649 16.924 18.1959 -0.00261778 0.00344797 0.00164317 0.0046304726 0.0 13 18.5911355258 2.2058691055 0 0 0 3 6 4 0 0 0 6 
784 1 25.0618 18.0661 25.5154 0.00327945 4.73151e-04 -0.0018308 0.0037855637 0.0 17 24.1827042557 2.5370974003 0 0 0 3 7 6 1 0 0 7 
381 2 16.9614 10.576 19.5614 -0.0031502 -0.00126678 0.00375264 0.0050607113 0.0 14 20.3108205325 2.3033495208 0 0 1 3 4 5 1 0 0 7 
245 1 17.56 15.7135 24.0201 0.00103089 -2.3811e-05 -0.0022783 0.0025007903 0.0 13 23.1630424985 2.297637316 0 0 0 3 7 2 1 0 0 7 
194 1 18.3364 8.07801 23.6351 -0.00172784 -8.64999e-04 0.00405924 0.0044956739 0.0 14 23.1741221094 2.3524926941 0 0 0 3 6 5 0 0 0 6 
550 2 26.395 15.9527 18.3888 -0.00157 -0.00302584 0.0029287 0.0044942064 0.0 13 17.6549070041 2.227387559 0 0 1 2 5 5 0 0 0 6 
606 2 24.1893 9.68562 18.1041 0.00304692 0.00225451 -0.00159485 0.0041121872 0.0 12 16.8545245423 2.1569754778 0 0 0 2 8 2 0 0 0 6 
363 1 20.2602 12.0235 0.421798 -9.8784e-04 -6.22785e-04 -3.28241e-04 0.0012130256 0.0 14 21.2388930459 2.2043868105 0 0 0 1 10 3 0 0 0 6 
246 1 19.9123 9.00919 21.3016 8.71828e-04 7.05802e-04 0.00139443 0.0017896021 0.0 15 23.0637271575 2.3057766883 0 0 1 3 5 4 2 0 0 7 
184 2 22.0587 12.9968 20.6785 0.00358235 0.0027431 8.98891e-04 0.0046006341 0.0 13 15.9139181027 2.1609474189 0 0 1 4 2 5 1 0 0 7 
563 2 26.1668 15.6357 21.1915 1.28694e-04 0.00109426 -0.00185309 0.0021559011 0.0 13 17.5740416261 2.0627925874 0 0 1 0 9 3 0 0 0 6 
164 1 19.1999 12.1214 21.3148 -4.92546e-04 -0.00300466 0.00398353 0.0050138902 0.0 14 21.0430183178 2.2359133282 0 0 0 4 4 6 0 0 0 6 
81 2 24.4072 17.2661 21.9238 0.00353071 0.00291772 0.00199916 0.0049975638 0.0 14 17.1211555826 2.1600146829 0 0 0 2 8 4 0 0 0 6 
558 2 22.4937 17.1653 18.1058 -0.00231574 7.04949e-04 -2.10095e-04 0.0024297623 0.0 13 15.6103754601 2.0549313295 0 0 0 1 10 2 0 0 0 6 
436 2 24.1266 11.9899 20.6334 -9.76684e-04 -0.00356954 -1.56105e-05 0.0037007798 0.0 14 19.8312913781 2.2336505405 0 0 1 2 6 4 1 0 0 7 
594 1 18.9924 12.316 24.0266 -0.00198439 -5.15254e-04 -0.00123301 0.0023924055 0.0 14 21.1669155569 2.2884872423 0 0 0 4 4 6 0 0 0 6 
756 2 20.4289 13.3595 18.8036 -0.00473133 -0.00301293 -0.00134642 0.0057685421 0.0 13 14.5436116366 1.9822573612 0 0 0 3 6 4 0 0 0 6 
155 1 22.6976 16.6302 26.5243 8.63344e-04 -7.8607e-04 0.00228314 0.0025643707 0.0 14 20.5781420968 2.1884815787 0 0 0 4 4 6 0 0 0 6 
35 2 25.3768 13.8254 19.6465 -0.00270203 0.00155477 -0.0029073 0.0042627068 0.0 13 17.5324171961 2.2477411455 0 0 0 2 8 3 0 0 0 6 
747 2 23.7174 14.5591 21.3933 -7.30555e-04 0.00170619 0.00665109 0.0069052004 0.0 14 15.7244254491 2.1611072755 0 0 0 4 5 4 1 0 0 7 
644 2 24.3413 16.3689 19.4245 -2.36974e-04 -0.00389182 0.00182157 0.0043035493 0.0 13 11.9196161136 2.0247916279 0 0 0 2 8 3 0 0 0 6 
493 1 20.2211 14.5896 25.1821 0.00195286 0.00319718 -0.00105826 0.0038930112 0.0 14 21.1824313242 2.1957728153 0 0 1 3 4 5 1 0 0 7 
113 2 18.2684 14.6483 18.8891 -7.85723e-04 0.00312683 -0.00305888 0.0044442292 0.0 14 16.4230799079 2.2039277401 0 0 0 3 6 5 0 0 0 6 
555 1 25.6374 10.219 25.8236 -0.00101813 -0.00211128 -0.00297354 0.0037862953 0.0 13 22.7710936261 2.2958310979 0 0 0 3 7 2 1 0 0 7 
581 1 25.3872 15.4369 24.3487 5.48492e-04 7.27048e-04 -0.00356812 0.0036825158 0.0 14 23.1669209794 2.3615793523 0 0 0 5 3 5 1 0 0 7 
379 1 21.8578 12.7457 23.8237 -7.12289e-04 -0.00540801 4.39591e-04 0.0054724006 0.0 14 19.3963280503 2.1611072755 0 0 1 3 5 3 2 0 0 7 
93 1 22.4508 15.6842 23.9139 3.14783e-04 -0.00116311 -7.72586e-04 0.0014313638 0.0 14 20.6412908016 2.1913692309 0 0 0 3 6 5 0 0 0 6 
628 1 23.0322 13.8985 26.2243 -0.00267299 0.00448054 -3.37013e-04 0.0052281633 0.0 14 21.6400054403 2.2567811812 0 0 0 3 6 5 0 0 0 6 
120 1 19.8038 17.8722 22.3893 4.72212e-04 0.0059106 -3.39014e-04 0.0059391167 0.0 15 23.4665527061 2.217749698 0 0 0 3 6 6 0 0 0 6 
229 2 21.4823 11.1389 19.1675 -2.69859e-04 0.00202636 0.00122574 0.0023835682 0.0 14 16.5786049079 2.1419943871 0 0 0 3 6 5 0 0 0 6 
806 1 26.0984 10.0619 22.9274 -0.00398834 0.00208776 0.00213737 0.0049833672 0.0 15 22.3778302944 2.3829710149 0 0 0 4 5 5 1 0 0 7 
989 2 22.4065 16.4808 20.8633 2.86489e-04 -2.56104e-04 -0.00351926 0.0035401774 0.0 14 17.9887546871 2.1954301505 0 0 0 2 8 4 0 0 0 6 
74 1 19.7266 14.8603 22.034 -5.42986e-04 -0.00200206 -0.00340554 0.0039875783 0.0 15 22.8056203425 2.1913692309 0 0 0 2 8 5 0 0 0 6 
133 1 20.4827 9.90341 24.8262 3.44213e-04 0.00187224 -0.00103874 0.0021685816 0.0 14 22.4921595106 2.2884872423 0 0 0 3 6 5 0 0 0 6 
619 1 22.8411 11.0777 25.8395 -0.00238133 0.00290608 0.00275974 0.0046617806 0.0 13 20.7373762019 2.3829710149 0 0 0 1 10 2 0 0 0 6 
62 1 21.9478 10.4582 22.4867 0.00290466 7.40488e-04 -0.00263565 0.0039914938 0.0 15 22.502075358 2.3829710149 0 0 1 4 4 3 3 0 0 7 
77 1 24.616 12.7671 23.605 -0.00443061 -0.00279542 2.85927e-05 0.0052388449 0.0 15 22.0414344646 2.3798068412 0 0 2 4 0 7 2 0 0 7 
778 2 22.7245 14.6513 18.8891 -2.29407e-04 -0.00104675 -0.00103985 0.0014931849 0.0 15 15.3384677306 2.0827020745 0 0 0 2 8 5 0 0 0 6 
151 2 20.2654 15.9166 19.1556 2.2879e-04 -0.00181046 -6.67702e-04 0.0019431768 0.0 14 16.516710103 2.217749698 0 0 0 3 6 5 0 0 0 6 
333 2 5.16552 19.5455 24.4913 0.00216579 -4.97953e-04 -0.00106152 0.002462809 0.0 15 18.1955316941 2.1994540374 0 0 3 0 7 2 2 1 0 8 
930 1 4.06556 22.011 22.9365 -0.00147126 5.02751e-04 -0.00326583 0.0036170444 0.0 14 21.922436179 2.2100258657 0 0 0 4 4 6 0 0 0 6 
705 1 2.23614 19.4579 19.4858 -0.00105386 -0.00256197 -0.0039739 0.0048441916 0.0 14 22.5928182314 2.1783671111 0 0 0 3 6 5 0 0 0 6 
374 1 7.37203 18.6124 22.4067 0.00142312 -0.00116926 0.00342741 0.0038909612 0.0 12 20.0511040738 2.2259463647 0 0 0 0 12 0 0 0 0 5 
399 1 6.83083 21.7112 22.5949 0.00383808 0.00270895 4.16299e-04 0.0047162032 0.0 14 20.4015915952 2.2392245431 0 0 1 1 8 3 1 0 0 7 
38 1 2.20843 23.9016 24.5451 0.00296024 0.00117716 8.97586e-05 0.0031869708 0.0 17 24.4421591241 2.2471871335 0 0 0 3 7 6 1 0 0 7 
671 1 1.37098 24.1279 21.9723 0.00424548 0.00258069 -7.18502e-04 0.0050199907 0.0 14 21.878382002 2.1859258048 0 0 0 4 4 6 0 0 0 6 
953 1 2.97342 22.0906 20.1762 -0.00320452 -0.00177231 -7.06471e-04 0.0037294949 0.0 15 23.2843833908 2.1779423931 0 0 0 2 8 5 0 0 0 6 
845 2 7.3275 25.46 23.5686 -0.0023732 0.00263244 1.03809e-04 0.0035457855 0.0 13 17.9029186899 2.2445688171 0 0 0 3 6 4 0 0 0 6 
707 1 5.23708 20.1697 20.6149 -0.00262039 0.00146819 -8.83285e-04 0.0031308494 0.0 13 22.2706395284 2.1994540374 0 0 0 1 10 2 0 0 0 6 
685 1 4.11585 24.9511 22.263 -1.06293e-04 2.59698e-04 -2.49287e-05 2.8171384974e-04 0.0 14 20.9525645417 2.2675115174 0 0 1 3 4 5 1 0 0 7 
274 1 5.9382 23.2777 20.3825 0.00264294 2.00524e-04 0.00339928 0.0043105042 0.0 16 22.2742571757 2.2410512161 0 0 1 2 7 4 2 0 0 7 
748 2 3.09662 18.156 24.8143 0.00162145 2.49621e-04 0.00178213 0.0024222713 0.0 15 18.8146241111 2.5370974003 0 0 1 4 2 7 1 0 0 7 
900 2 5.80336 23.736 24.7427 -3.54057e-04 -5.23843e-04 -0.00155463 0.0016782855 0.0 14 16.602656258 2.2410512161 0 0 1 2 5 6 0 0 0 6 
987 2 3.32906 20.9011 25.7277 -6.38185e-04 0.00138222 1.04023e-05 0.0015224718 0.0 14 14.0967864791 2.1562328111 0 0 1 2 6 4 1 0 0 7 
158 2 2.19382 19.2903 22.9995 0.00215185 0.0010837 0.00190002 0.0030683774 0.0 14 20.2428824691 2.4723046287 0 0 1 4 2 6 1 0 0 7 
566 2 4.41689 22.0488 0.607059 -0.00183568 -0.00158431 -0.00237572 0.003394673 0.0 14 12.3963484856 2.1527029785 0 0 0 5 3 5 1 0 0 7 
31 1 8.26583 20.6258 20.2487 -0.00486404 -0.00433225 -0.00216066 0.0068626326 0.0 15 21.632370172 2.3033945866 0 0 1 1 9 2 2 0 0 7 
648 1 4.85933 17.4432 21.6263 0.00176672 0.00223546 0.00152098 0.0032298547 0.0 14 22.8910464506 2.2889293226 0 0 0 4 5 4 1 0 0 7 
517 2 5.81134 21.5706 25.5038 -0.00244406 6.62616e-04 -0.00149643 0.0029413929 0.0 12 13.1818576894 2.0532800385 0 0 1 2 5 4 0 0 0 6 
657 2 8.60479 23.2402 24.9655 0.00144368 -0.00210413 0.00107577 0.00276927 0.0 16 17.8184170162 2.1299344274 0 0 0 1 10 5 0 0 0 6 
430 2 7.65927 20.0352 25.2137 7.21391e-04 -0.00109265 -6.32732e-04 0.0014541798 0.0 14 17.204641888 2.1709371972 0 0 2 0 6 6 0 0 0 6 
414 1 5.52135 20.3577 17.9187 0.00273463 4.93713e-04 3.40605e-06 0.0027788425 0.0 16 23.5924453422 2.2645741439 0 0 0 3 7 5 1 0 0 7 
49 1 3.25726 25.1583 19.4925 7.88418e-04 0.00148951 0.0026081 0.003105226 0.0 14 21.8127090883 2.219584828 0 0 0 3 6 5 0 0 0 6 
946 2 0.506454 21.2303 22.0336 0.00151855 -0.00156899 -0.00112398 0.0024558206 0.0 14 20.8314041535 2.2100258657 0 0 0 3 6 5 0 0 0 6 
173 1 8.52867 25.6191 19.3727 -3.24218e-04 -0.00102997 1.93488e-04 0.0010969928 0.0 12 19.4539218945 2.2661364128 0 0 0 2 8 2 0 0 0 6 
510 1 0.433729 21.5986 18.1535 5.22009e-04 -5.36341e-04 0.00307351 0.003163324 0.0 14 21.117140763 2.1766514977 0 0 0 3 6 5 0 0 0 6 
835 2 8.3337 25.9984 26.105 -2.99428e-04 -0.00311836 6.41291e-04 0.003197668 0.0 16 15.1598676742 2.0583524107 0 0 0 3 6 7 0 0 0 6 
456 1 7.18958 17.9309 19.3457 0.00775909 -0.00371152 0.0020141 0.008833768 0.0 15 23.4220075776 2.2623953839 0 0 0 3 6 6 0 0 0 6 
177 1 6.09448 26.2774 20.4981 0.00157307 0.00207452 0.00301202 0.003981262 0.0 17 22.686381852 2.2752387506 0 0 0 3 7 6 1 0 0 7 
316 2 0.155579 18.2334 22.0486 0.00313761 -0.00404272 -0.00324609 0.0060601388 0.0 14 18.2620815532 2.5370974003 0 0 0 4 5 4 1 0 0 7 
852 2 5.23821 26.2563 24.7826 -9.52876e-04 -0.00135234 -9.52092e-04 0.0019087366 0.0 14 16.0452202218 2.2752387506 0 0 0 4 4 6 0 0 0 6 
441 1 0.893215 0.209098 20.529 -3.22588e-04 -0.00162833 -0.00192517 0.0025420073 0.0 15 21.162821114 2.2087476382 0 0 0 1 10 4 0 0 0 6 
518 1 8.9898 23.6097 21.3674 -3.91602e-04 -0.00273251 -0.0011701 0.0029981823 0.0 15 22.3166589223 2.1745933602 0 0 0 3 6 6 0 0 0 6 
733 1 4.7303 23.302 17.6542 -0.00283323 9.51721e-04 2.32258e-04 0.0029978174 0.0 13 22.209820096 2.2195030465 0 0 0 3 6 4 0 0 0 6 
301 1 0.335472 25.0964 0.703808 0.0023192 0.00174769 0.00104119 0.0030849936 0.0 15 22.7559046381 2.321802547 0 0 2 2 5 4 1 1 0 8 
413 2 4.87536 19.7603 0.25662 -0.00128044 -9.11571e-04 0.00125819 0.0020133381 0.0 14 12.6811001884 2.1453815658 0 0 2 2 5 3 1 1 0 8 
407 2 9.63409 25.2298 24.2843 5.31447e-04 -3.63432e-04 3.29187e-04 7.2310636382e-04 0.0 12 16.2071565933 2.1711792868 0 0 0 4 4 4 0 0 0 6 
340 1 13.2643 24.641 24.4457 -9.17895e-05 -4.05366e-04 5.46634e-04 6.866990871e-04 0.0 14 21.9134114255 2.2677306139 0 0 1 2 7 2 2 0 0 7 
387 1 17.9268 26.5732 25.4301 -0.0010701 0.00204464 0.00454572 0.005097964 0.0 13 20.8091561346 2.2644174966 0 0 0 3 6 4 0 0 0 6 
59 1 15.7937 24.3253 17.0104 -0.00136266 0.00233341 0.00335076 0.00430456 0.0 14 21.3032389292 2.2678004961 0 0 0 3 6 5 0 0 0 6 
192 1 16.4842 22.1968 21.9396 -0.00101796 0.0027132 -6.22049e-04 0.0029638896 0.0 14 22.4356950729 2.2071661302 0 0 1 3 5 3 2 0 0 7 
130 1 8.21946 19.9101 16.9974 0.00190133 0.00221809 -0.002276 0.0037033978 0.0 13 22.0050252536 2.2642667973 0 0 1 3 4 4 1 0 0 7 
854 1 14.6944 19.1984 23.4078 -0.00390601 -5.87863e-05 -0.00333169 0.0051342505 0.0 15 21.4991890556 2.2381025362 0 0 1 2 6 5 1 0 0 7 
785 1 17.6205 18.9641 23.8829 1.25844e-04 -0.00123163 0.00210202 0.0024395158 0.0 15 23.5020454493 2.297637316 0 0 0 2 8 5 0 0 0 6 
833 1 14.1428 21.9193 23.9501 -0.00172281 -0.00122724 8.26882e-04 0.0022711068 0.0 14 20.7786565798 2.2894543083 0 0 1 0 10 2 1 0 0 7 
578 1 13.5505 22.4904 18.1835 -0.00160172 0.00133335 -0.00171164 0.0026968576 0.0 15 23.9092772909 2.3028975576 0 0 0 1 10 4 0 0 0 6 
976 1 16.684 21.3674 25.0979 -5.22707e-04 0.00179472 0.00234454 0.002998518 0.0 15 21.7236569287 2.33109549 0 0 0 2 8 5 0 0 0 6 
874 2 9.30477 23.1514 0.58317 0.00577267 -0.00329118 0.00119769 0.0067520401 0.0 14 12.4133145386 1.911202896 0 0 0 4 5 4 1 0 0 7 
626 1 14.922 19.1144 18.2296 0.00135651 -0.00385009 -6.02753e-04 0.0041263329 0.0 15 24.3053842389 2.3028975576 0 0 1 2 6 5 1 0 0 7 
145 2 11.6913 22.7577 26.6634 -0.0045712 0.00164532 0.00266127 0.0055394319 0.0 17 18.7775007777 2.2643676051 0 0 2 3 4 4 4 0 0 7 
865 2 11.6453 19.4635 25.8886 -0.00177215 8.77367e-04 -0.00285964 0.0034767556 0.0 17 17.4589471229 2.2894543083 0 0 4 4 2 2 2 1 2 9 
642 1 11.5253 21.5046 20.5215 0.00124828 8.10025e-04 8.9922e-04 0.0017386604 0.0 14 21.2066006539 2.3033945866 0 0 1 3 5 3 2 0 0 7 
125 1 11.3592 22.8187 23.0169 0.00317862 0.00280389 -0.00256622 0.0049548874 0.0 15 20.5121498814 2.2894543083 0 0 1 2 6 5 1 0 0 7 
834 1 12.267 17.6957 19.46 0.00296515 0.00436685 -4.51698e-04 0.0052976905 0.0 14 22.3494681031 2.2590877281 0 0 0 3 6 5 0 0 0 6 
545 2 15.7477 18.8142 26.5361 -0.00207613 6.33034e-05 3.17464e-04 0.0021012155 0.0 14 17.0285214354 2.2771905961 0 0 0 2 8 4 0 0 0 6 
948 1 13.7055 23.5748 21.5831 -2.49131e-04 -0.00149488 -0.00276339 0.0031516752 0.0 14 19.8357429842 2.1483718077 0 0 0 2 8 4 0 0 0 6 
263 1 14.6459 17.7563 21.0246 -3.68742e-04 0.0013795 -0.00389551 0.0041489745 0.0 11 19.2984777734 2.1591500722 0 0 0 3 6 2 0 0 0 6 
481 1 13.7674 25.3438 19.0776 1.43276e-04 -6.32605e-04 0.00185799 0.0019679543 0.0 14 22.6092405569 2.2678004961 0 0 0 2 8 4 0 0 0 6 
809 1 9.57482 20.731 22.7069 -0.00271649 -0.00308122 0.00138904 0.0043362042 0.0 13 19.800241997 2.178401908 0 0 1 0 9 3 0 0 0 6 
47 1 11.9411 16.9539 22.6247 4.33989e-04 -0.0048978 -6.15729e-04 0.0049553924 0.0 15 22.8393767714 2.2426684167 0 0 1 4 3 5 2 0 0 7 
10 2 10.0565 21.3508 25.7708 -0.0014729 -9.55929e-04 0.00144908 0.0022766351 0.0 14 16.0494838041 2.2894543083 0 0 3 1 4 5 0 0 1 9 
507 1 9.80827 18.2626 21.0419 -9.17102e-04 -3.99747e-04 -6.65685e-05 0.001002649 0.0 13 21.1553022904 2.2307390445 0 0 0 3 6 4 0 0 0 6 
639 1 12.1564 19.8482 22.7507 -3.98885e-04 -0.00210887 -0.00162899 0.0026944481 0.0 15 20.9442441994 2.2817378549 0 0 3 2 4 3 2 0 1 9 
980 1 16.213 24.6317 20.2382 -5.09023e-04 -1.69176e-04 -0.00176321 0.001842996 0.0 14 21.0317600201 2.2180953007 0 0 1 3 5 3 2 0 0 7 
415 1 14.5227 26.1429 21.9114 -0.00279612 5.68639e-04 -9.93113e-04 0.0030212433 0.0 13 19.2916270092 2.2237800175 0 0 0 1 10 2 0 0 0 6 
839 1 16.0126 24.6191 23.8577 -0.00442799 -0.00351271 -3.01643e-04 0.0056601427 0.0 15 21.1977673964 2.1933741104 0 0 0 1 10 4 0 0 0 6 
622 1 16.9465 0.698575 19.6914 -0.00147597 -9.52188e-04 -7.53036e-04 0.0019110763 0.0 15 23.5837746905 2.2678004961 0 0 0 2 9 3 1 0 0 7 
71 1 14.1621 20.7227 20.9927 -0.00319943 0.00182881 0.00123447 0.0038864913 0.0 14 21.2298632181 2.3028975576 0 0 0 2 8 4 0 0 0 6 
490 1 16.9201 19.221 20.7057 -1.25603e-04 3.38495e-04 0.00198171 0.002014331 0.0 15 22.3059628026 2.2222950674 0 0 1 2 7 3 2 0 0 7 
389 1 10.7925 23.9411 19.2454 -0.00193711 -0.00383169 0.00314278 0.0053208373 0.0 14 20.9982116092 2.2813467712 0 0 1 1 8 3 1 0 0 7 
699 1 11.0008 19.827 18.2791 6.69547e-04 -0.00129032 -9.98789e-05 0.0014571186 0.0 14 21.9628863509 2.3028975576 0 0 0 2 8 4 0 0 0 6 
460 1 16.3418 22.0488 18.683 0.0017213 -8.08749e-04 -0.0047826 0.0051468642 0.0 15 21.3388902973 2.2222950674 0 0 2 2 6 2 2 1 0 8 
692 2 1.08532 20.4189 24.9008 8.98145e-04 0.00129823 -0.00110518 0.0019270414 0.0 14 19.5349819881 2.5163694469 0 0 0 3 6 5 0 0 0 6 
847 1 22.0427 20.6529 17.8178 -0.00129005 -0.0010845 -1.69594e-04 0.001693851 0.0 15 22.3239465544 2.2479100907 0 0 2 2 6 3 0 2 0 8 
328 1 22.7459 -0.0631879 26.1136 -0.00188695 -0.00100442 -4.91901e-04 0.0021934918 0.0 14 22.5954423027 2.154702514 0 0 0 3 6 5 0 0 0 6 
283 1 26.3398 23.971 19.4727 -9.296e-04 8.29989e-04 -2.89897e-04 0.0012794836 0.0 15 22.5634255487 2.2087476382 0 0 0 3 6 6 0 0 0 6 
167 1 24.3271 22.2047 18.3798 -0.00471567 -0.00332291 0.00137718 0.0059309273 0.0 15 22.610837842 2.2294277769 0 0 0 3 6 6 0 0 0 6 
821 1 23.5367 25.3239 19.0406 0.00216081 0.00305102 -0.00234524 0.0044133857 0.0 15 21.9514715557 2.3582176794 0 0 0 4 4 7 0 0 0 6 
300 1 26.1416 25.7472 24.6946 8.3333e-05 0.00351943 0.00647864 0.0073733377 0.0 15 22.4273344296 2.321802547 0 0 0 2 8 5 0 0 0 6 
295 2 25.3395 19.752 22.886 -8.82685e-04 7.9842e-04 7.99071e-04 0.0014335696 0.0 14 18.7497627809 2.2021077218 0 0 2 2 2 8 0 0 0 6 
694 1 20.7695 23.4252 25.8329 1.30281e-04 0.00145791 0.00247246 0.0028732444 0.0 14 22.2996175018 2.2878079772 0 0 0 4 5 4 1 0 0 7 
170 1 20.157 19.0464 19.676 0.00149653 0.00416709 -0.00172108 0.004750406 0.0 16 23.1572570944 2.217749698 0 0 1 4 4 5 1 1 0 8 
571 1 25.2746 25.1372 22.1051 -1.07322e-04 8.03293e-04 0.0028411 0.0029544283 0.0 13 20.4005243695 2.1804368236 0 0 0 3 6 4 0 0 0 6 
475 1 25.9972 22.917 24.647 -8.00817e-04 0.00131872 -0.00169879 0.0022948241 0.0 16 24.2917142106 2.234506424 0 0 0 3 7 5 1 0 0 7 
864 1 22.1881 25.4409 21.5972 0.00220963 0.00303895 0.00236513 0.004439766 0.0 13 21.3689125577 2.3355642154 0 0 0 3 6 4 0 0 0 6 
825 2 25.7011 20.2665 20.6681 8.81114e-04 -0.00572969 -0.00203864 0.00614506 0.0 13 17.5208409007 2.2294277769 0 0 0 5 2 6 0 0 0 6 
348 1 18.5639 25.0362 18.2802 -5.21609e-05 -6.31085e-04 7.82825e-04 0.0010068784 0.0 14 22.1398989606 2.3748712602 0 0 0 3 6 5 0 0 0 6 
745 1 19.1633 23.9898 21.0099 -0.00178068 -1.27931e-04 8.35924e-04 0.001971283 0.0 14 22.614077446 2.3210144251 0 0 1 3 4 5 1 0 0 7 
272 1 22.0875 20.5153 21.6473 0.00372522 1.36782e-05 8.17569e-04 0.0038139049 0.0 16 22.5282049478 2.2294277769 0 0 0 3 7 5 1 0 0 7 
730 1 21.2664 23.073 23.0399 0.00136963 -0.00211574 7.95379e-04 0.0026428904 0.0 12 19.1750225417 1.9909079978 0 0 0 0 12 0 0 0 0 5 
612 1 23.4084 24.5896 24.121 0.00299511 0.00132323 -5.40313e-04 0.0033186684 0.0 13 20.4624548585 2.20228176 0 0 0 1 10 2 0 0 0 6 
91 1 23.2379 21.3671 24.4732 -1.84596e-04 5.84815e-04 -0.00145442 0.0015784238 0.0 13 21.3264323292 2.1933973153 0 0 0 2 8 3 0 0 0 6 
618 1 18.4351 23.195 23.9532 1.15503e-04 -0.0010139 7.40285e-04 0.0012606966 0.0 12 20.4999257982 2.2847183908 0 0 0 4 4 4 0 0 0 6 
928 1 21.6422 22.8106 20.0782 -7.77561e-04 0.00183354 8.88141e-04 0.0021806569 0.0 15 21.9879362846 2.3748712602 0 0 0 2 8 5 0 0 0 6 
738 1 20.0724 20.559 24.6643 0.00312162 0.00254696 0.0011432 0.00418789 0.0 16 22.8979411988 2.33109549 0 0 0 3 7 5 1 0 0 7 
652 1 24.3666 24.8834 0.429444 -0.00227546 0.00368984 -0.00219206 0.004857753 0.0 13 20.0768078651 2.234506424 0 0 1 2 5 5 0 0 0 6 
105 1 24.2722 22.5754 21.7701 0.00347528 -9.63676e-04 0.0030737 0.0047385519 0.0 15 22.5825078671 2.2294023023 0 0 0 1 10 4 0 0 0 6 
172 1 20.408 25.6193 23.9692 0.00246904 -4.14931e-05 -0.00123666 0.0027617401 0.0 15 21.6565344645 2.1465573368 0 0 0 2 8 5 0 0 0 6 
39 1 19.1866 20.7561 21.7692 -0.00297759 1.03843e-05 0.0020213 0.0035988614 0.0 15 22.0901877635 2.2222950674 0 0 2 1 7 2 3 0 0 7 
43 1 20.3899 17.7751 25.3672 -0.00388956 -8.52305e-04 0.00297305 0.0049693186 0.0 14 21.8214924055 2.297637316 0 0 0 4 4 6 0 0 0 6 
723 1 19.1302 22.2701 18.6307 0.00467795 -0.00389015 -0.00278546 0.0066914326 0.0 14 21.315591161 2.2222950674 0 0 3 2 3 3 2 1 0 8 
751 2 23.6982 18.9456 19.6031 2.64397e-04 0.00158416 -0.0010838 0.0019375477 0.0 12 17.4686500337 2.2294277769 0 0 1 3 4 3 1 0 0 7 
984 2 25.8845 17.9865 19.6413 8.0688e-04 2.60297e-04 8.06668e-04 0.0011702663 0.0 13 15.4082308466 2.120841519 0 0 1 2 6 3 1 0 0 7 
504 1 22.6377 18.6518 23.947 -0.00286626 -2.71137e-04 0.00749967 0.0080333064 0.0 12 20.291400978 2.1954301505 0 0 0 3 6 3 0 0 0 6 
