# Particles (1000 particles):
# "Particle Identifier" "Particle Type" Position.X Position.Y Position.Z Velocity.X Velocity.Y Velocity.Z "Velocity Magnitude" Centrosymmetry Coordination "Atomic Volume" "Cavity Radius" "Voronoi Index.1" "Voronoi Index.2" "Voronoi Index.3" "Voronoi Index.4" "Voronoi Index.5" "Voronoi Index.6" "Voronoi Index.7" "Voronoi Index.8" "Voronoi Index.9" "Voronoi Index.10" "Max Face Order"
3 2 1.58206 6.85484 6.18335 -0.00284305 -0.00206137 -0.00287191 0.0045365236 0.0 15 16.9641137734 2.2960398105 0 0 1 3 4 6 1 0 0 0 7 
515 2 2.89282 26.253 2.20988 -0.00370589 0.00509885 0.00242815 0.0067548356 0.0 15 13.9867172443 1.8711867107 0 0 1 6 1 3 4 0 0 0 7 
719 1 26.5134 8.66595 3.94915 -0.00114579 0.00422754 -5.72805e-04 0.0044173561 0.0 12 21.5029943424 2.2536451587 0 0 0 0 12 0 0 0 0 0 5 
895 2 2.57144 7.04858 3.95396 0.00109938 0.00300446 3.88155e-05 0.0031995192 0.0 15 19.5464552776 2.2141800865 0 0 1 2 6 5 1 0 0 0 7 
967 1 6.506 6.8054 5.54096 -2.02961e-04 -0.00349424 -5.28745e-04 0.0035398415 0.0 16 24.4220620045 2.2504120076 0 0 0 5 4 5 2 0 0 0 7 
249 2 5.26503 2.56253 8.83464 -0.00112531 -0.00167699 1.37261e-04 0.002024218 0.0 14 18.4612928451 2.1871674741 0 0 0 2 8 4 0 0 0 0 6 
817 1 3.89731 7.46181 7.80832 -0.00245886 6.80463e-04 -0.00116426 0.0028043758 0.0 15 22.5604495355 2.2963445649 0 0 1 4 4 4 1 1 0 0 8 
871 2 4.89315 3.97448 1.61254 9.39442e-04 0.00280289 1.16699e-04 0.0029584392 0.0 14 16.7853941 2.3965680585 0 0 1 3 4 5 1 0 0 0 7 
494 2 5.75705 3.44488 6.2816 -0.00186175 0.00412806 0.00316438 0.0055245175 0.0 15 17.7067376679 2.2287463209 0 0 0 5 2 8 0 0 0 0 6 
9 2 26.4718 2.18969 6.55559 -0.00198757 4.96842e-04 2.83855e-04 0.0020682989 0.0 12 13.2107734633 1.8990391015 0 0 0 0 12 0 0 0 0 0 5 
378 2 3.39738 5.30387 5.69788 0.00237987 8.19335e-04 0.00316564 0.0040443006 0.0 15 15.9230642389 2.2287463209 0 0 2 2 4 5 2 0 0 0 7 
11 2 4.26762 3.17169 4.33764 -5.23401e-04 0.00306878 -4.09208e-04 0.0031398743 0.0 12 11.9768896426 1.8766706803 0 0 0 2 8 2 0 0 0 0 6 
487 2 5.03807 1.78096 2.00892 5.62611e-04 0.00328544 0.00252621 0.0041823898 0.0 14 12.8587212299 1.8222874413 0 0 0 3 7 3 1 0 0 0 7 
291 2 4.45648 5.43267 3.46141 -5.91669e-04 -9.00521e-04 -4.91774e-05 0.0010786235 0.0 14 16.673394407 2.3965680585 0 0 0 3 6 5 0 0 0 0 6 
737 2 2.5148 2.72123 2.45802 8.37115e-04 5.30989e-04 7.48139e-04 0.0012419432 0.0 14 15.3898938783 2.2452786706 0 0 1 3 4 5 1 0 0 0 7 
297 2 6.84756 5.85281 2.30632 0.00131481 5.83148e-04 0.00138098 0.0019939641 0.0 14 20.8857132844 2.4667813746 0 0 1 3 4 5 1 0 0 0 7 
638 2 1.84086 4.81373 3.97431 0.00307024 0.00521087 0.00400201 0.007252284 0.0 13 15.3346749218 2.0556466836 0 0 0 3 6 4 0 0 0 0 6 
341 2 3.48972 4.23459 8.06802 -0.00114092 0.00137161 0.00234411 0.0029458215 0.0 13 16.7442961039 2.1645031367 0 0 1 4 3 3 2 0 0 0 7 
749 2 3.72387 2.39204 6.70707 0.00146065 -0.00148299 -4.26561e-04 0.0021247852 0.0 15 13.541699289 1.9679522803 0 0 0 3 6 6 0 0 0 0 6 
145 2 6.43606 3.57654 3.58059 4.5283e-04 0.00161528 -0.00112277 0.0020186126 0.0 13 14.1413858186 2.1130907981 0 0 0 1 10 2 0 0 0 0 6 
457 1 2.34133 6.11032 1.05078 -0.00197946 -6.54593e-04 0.00248822 0.0032462274 0.0 15 23.2869077538 2.3965680585 0 0 1 0 9 5 0 0 0 0 6 
780 1 8.6711 7.12224 8.88706 -7.90204e-04 -0.00201962 5.7441e-05 0.0021694669 0.0 14 21.4447611699 2.2504120076 0 0 1 3 4 5 1 0 0 0 7 
200 1 5.69315 7.88747 26.4741 0.00223977 7.9082e-04 0.00118782 0.0026557263 0.0 18 24.5850730686 2.4667813746 0 0 0 3 8 5 2 0 0 0 7 
787 2 6.22132 1.6161 4.87276 -2.44198e-04 -0.00108752 -0.00321371 0.0034015091 0.0 13 11.6962610069 1.9724522726 0 0 0 3 6 4 0 0 0 0 6 
244 1 26.8803 3.95665 0.992795 0.00156799 -0.002446 4.28334e-04 0.0029368314 0.0 14 22.8009761094 2.2181460141 0 0 0 5 3 5 1 0 0 0 7 
137 2 0.963954 1.04464 2.755 -6.77623e-04 -4.77559e-04 -0.00112051 0.0013938358 0.0 12 15.0788072321 2.2237761149 0 0 0 2 8 2 0 0 0 0 6 
501 2 3.00661 1.7526 0.311984 0.00325005 -0.00132948 0.00386966 0.0052253814 0.0 16 17.1285322915 2.3096202287 0 0 3 5 1 1 5 0 1 0 9 
765 2 1.14182 0.200179 0.29203 0.00205703 -0.00199636 -0.00108497 0.0030649609 0.0 14 18.237830408 2.2308174748 0 0 1 3 5 3 2 0 0 0 7 
988 2 7.03446 0.459448 26.5347 9.5754e-04 -9.15183e-04 -6.25395e-04 0.0014647736 0.0 15 13.1887637853 1.8406872204 0 0 0 3 6 6 0 0 0 0 6 
254 2 1.26629 3.45992 8.46253 -0.00385193 -0.0021336 6.74071e-04 0.0044546588 0.0 14 14.891429852 2.0835546204 0 0 0 4 5 4 1 0 0 0 7 
579 2 6.94361 0.350662 8.86097 -0.00172718 -0.00445588 -0.00194228 0.0051585336 0.0 13 16.5680292802 2.1029496792 0 0 0 2 8 3 0 0 0 0 6 
919 2 3.90407 0.890407 3.92373 -9.88894e-04 0.0031051 0.00181571 0.0037304638 0.0 15 13.1676331365 1.8298820861 0 0 2 3 2 6 2 0 0 0 7 
975 2 0.717698 8.08754 8.48738 6.0854e-04 -3.16422e-04 -2.0743e-04 7.1656892103e-04 0.0 13 15.3659437823 2.2604478898 0 0 0 1 10 2 0 0 0 0 6 
442 2 1.77941 0.776993 6.73978 0.0010807 -0.00303466 -0.00175141 0.0036666757 0.0 15 14.3373045192 1.9134324818 0 0 0 3 6 6 0 0 0 0 6 
940 2 0.83164 4.35466 6.13956 2.18257e-04 -3.48807e-04 0.0016318 0.0016828766 0.0 14 13.3331362777 1.9328923575 0 0 0 3 7 3 1 0 0 0 7 
23 2 1.89018 2.58299 4.8971 -4.15841e-04 -0.00217165 0.00199663 0.0029791809 0.0 14 13.5061740383 1.9134324818 0 0 0 3 6 5 0 0 0 0 6 
14 1 8.55866 3.92945 8.32563 0.00331091 -0.00122798 0.00331347 0.0048424316 0.0 15 22.5748507536 2.1890572877 0 0 1 5 2 5 1 1 0 0 8 
482 2 5.5544 1.0875 6.91236 0.00160176 0.0026562 -0.00291545 0.004256863 0.0 11 11.7292866654 2.0172977905 0 0 1 2 5 3 0 0 0 0 6 
777 2 8.21792 1.43606 6.50074 0.00337782 -0.00167684 -0.00195885 0.0042495357 0.0 16 16.3025673404 2.1890572877 0 0 1 6 2 3 3 1 0 0 8 
122 1 8.84416 5.06212 5.77382 -8.83459e-06 0.00193174 8.74686e-04 0.0021205596 0.0 17 26.0923986577 2.4775362759 0 0 0 5 3 8 1 0 0 0 7 
83 2 8.52068 4.14552 2.63108 5.24929e-04 0.00382843 0.00394556 0.0055226688 0.0 14 16.6009743301 2.5069215275 0 0 0 4 5 4 1 0 0 0 7 
345 2 9.22181 8.8262 0.402522 8.03696e-04 -0.00151689 -7.11735e-04 0.0018583458 0.0 14 19.8664538421 2.4667813746 0 0 0 2 8 4 0 0 0 0 6 
591 2 9.3988 0.253412 8.74003 -0.00216384 -0.00268706 -0.0029049 0.004510093 0.0 12 15.8781853102 2.0713663188 0 0 0 4 4 4 0 0 0 0 6 
590 2 10.9192 8.19432 10.7125 0.00375119 4.35213e-04 -1.62821e-04 0.0037798608 0.0 15 17.3888852557 2.1508423488 0 0 1 3 5 4 2 0 0 0 7 
285 2 11.2007 3.4261 3.79474 0.0015671 0.00385597 0.0039637 0.0057476277 0.0 13 16.3639212881 2.3129330131 0 0 2 2 4 3 2 0 0 0 7 
602 2 9.45667 6.52568 0.803583 -0.00509641 -9.86852e-04 0.00251478 0.0057681358 0.0 13 18.2531751035 2.5069215275 0 0 0 1 10 2 0 0 0 0 6 
668 2 11.2596 2.09235 8.71681 0.00283352 5.72234e-04 0.00180742 0.0034092601 0.0 14 16.9481485693 2.2235486084 0 0 1 3 4 5 1 0 0 0 7 
209 2 13.1808 7.04697 9.83975 -0.00135804 -0.0011087 2.12877e-04 0.0017660139 0.0 14 16.8741664246 2.3782625582 0 0 1 4 3 4 2 0 0 0 7 
803 1 14.0415 8.91939 0.971852 7.71311e-04 -0.00136231 -2.39527e-04 0.0015837242 0.0 12 20.7112603667 2.2783072813 0 0 0 2 8 2 0 0 0 0 6 
212 2 17.3908 7.59053 9.47954 -0.00176879 6.09017e-04 8.91289e-04 0.0020721766 0.0 15 14.9495616485 2.3668643466 0 0 0 5 4 4 2 0 0 0 7 
906 2 10.4819 3.99233 1.26519 -0.00137689 -0.00185884 0.00381692 0.0044631817 0.0 14 17.2984967757 2.3948648937 0 0 1 1 8 3 1 0 0 0 7 
539 2 13.5425 1.15409 0.714787 2.74294e-04 -0.00583543 2.20055e-04 0.0058460161 0.0 15 16.2490773746 2.19803766 0 0 2 3 4 4 0 2 0 0 8 
843 2 12.1009 1.63125 4.68799 -5.11654e-04 -0.00315012 0.00323859 0.0045468133 0.0 14 13.0517500353 2.179890015 0 0 2 3 4 2 2 1 0 0 8 
467 2 13.2247 0.436116 3.10747 -1.99327e-04 -0.00112514 0.00358961 0.0037670906 0.0 15 16.9880752382 2.2407065195 0 0 2 2 6 2 2 1 0 0 8 
394 2 10.3978 1.61549 2.72844 0.00152509 -0.00102726 0.00250041 0.0031037417 0.0 14 13.9657429208 2.0034319284 0 0 1 2 6 4 1 0 0 0 7 
449 1 16.6347 9.62076 5.40676 0.00212436 0.00319314 7.05869e-04 0.0038996538 0.0 16 23.7640446455 2.3668643466 0 0 0 6 2 6 2 0 0 0 7 
662 1 16.4169 7.43003 0.262209 0.00354474 -0.0023681 -7.24476e-04 0.004324112 0.0 16 21.9985344217 2.4712635248 0 0 2 2 4 6 2 0 0 0 7 
312 1 14.9261 7.86291 3.90803 -0.00210193 7.99056e-04 0.00335608 0.0040397863 0.0 15 22.7575081246 2.2457355896 0 0 0 1 10 4 0 0 0 0 6 
42 1 10.9301 5.27283 8.3536 -0.00379791 0.0037075 -0.00178339 0.005599121 0.0 15 22.1913240827 2.3296860325 0 0 1 2 7 3 2 0 0 0 7 
221 2 13.1499 0.564398 7.51829 -0.00154788 -4.73676e-04 -0.00111813 0.0019673627 0.0 14 13.1854770179 1.889639862 0 0 0 1 10 3 0 0 0 0 6 
829 1 12.038 6.23061 4.46604 9.09022e-04 9.73419e-04 0.00304323 0.0033219143 0.0 15 25.1429787928 2.5069215275 0 0 0 3 6 6 0 0 0 0 6 
495 1 14.4193 4.94596 4.18047 -0.00398648 -3.19318e-04 -0.00192216 0.0044371935 0.0 14 21.788172069 2.199607484 0 0 1 3 4 5 1 0 0 0 7 
471 2 11.7514 3.24561 6.31606 0.00154949 -0.00134408 -5.16365e-04 0.0021152076 0.0 15 17.7944505418 2.2330589215 0 0 0 4 6 3 2 0 0 0 7 
161 2 15.3218 1.07972 9.01019 0.00247348 -6.11966e-05 0.00415665 0.004837312 0.0 15 15.3661993934 2.2675970811 0 0 1 3 6 3 1 1 0 0 8 
309 1 13.151 6.18257 1.48092 0.00131088 0.00237352 -2.21092e-04 0.0027204568 0.0 16 23.1433945575 2.3181725783 0 0 0 2 8 6 0 0 0 0 6 
637 2 13.8887 2.54997 6.10787 -5.73224e-04 0.00197403 0.00296572 0.003608445 0.0 15 16.7863806981 2.2498247149 0 0 3 3 2 3 3 1 0 0 8 
842 2 8.74399 2.08617 4.25473 -0.0066066 2.45587e-04 -2.77242e-04 0.0066169736 0.0 17 15.5807780778 2.1760385223 0 0 3 3 4 3 2 1 1 0 9 
700 2 13.7759 2.92241 8.51006 4.97068e-04 0.00254599 -0.0026332 0.0036963338 0.0 14 15.18474201 2.140871446 0 0 0 2 8 4 0 0 0 0 6 
921 2 11.1479 7.6832 26.0867 -0.00164162 -0.00328518 0.0038871 0.0053476042 0.0 13 17.5331296169 2.0779988269 0 0 1 0 9 3 0 0 0 0 6 
625 2 14.9328 0.148241 5.93282 -6.36185e-04 0.00158049 -0.00137117 0.0021869584 0.0 15 19.5842867447 2.2625273439 0 0 3 1 5 3 2 1 0 0 8 
973 2 16.8503 5.23552 9.15246 3.00348e-04 0.0026167 4.75851e-04 0.0026765205 0.0 16 17.4086005081 2.1593174248 0 0 0 2 8 6 0 0 0 0 6 
247 2 13.9271 4.77137 10.0432 0.00417529 0.00306243 -0.00120508 0.0053163655 0.0 12 13.9970738375 2.0505659069 0 0 0 4 4 4 0 0 0 0 6 
553 1 14.8514 8.44134 7.75488 4.872e-04 -0.00160314 -2.89546e-04 0.0017003701 0.0 15 22.6192931636 2.3389372163 0 0 1 4 4 3 3 0 0 0 7 
968 1 16.0394 2.44154 3.43482 -0.0049911 -0.00140365 -6.14184e-05 0.0051850829 0.0 17 25.0980504072 2.2407065195 0 0 2 2 5 6 1 1 0 0 8 
454 1 15.3241 4.21429 1.18622 0.00230655 4.13782e-04 -0.00126629 0.0026636214 0.0 14 22.6809340209 2.1986434193 0 0 1 4 3 4 2 0 0 0 7 
219 1 14.3508 5.57622 7.19159 -8.33684e-04 0.0039253 -0.00468064 0.0061653386 0.0 16 23.6043671154 2.3782625582 0 0 0 3 6 7 0 0 0 0 6 
239 2 12.7592 2.81812 2.10061 -0.00424545 -0.00117676 0.00127833 0.0045872364 0.0 13 17.4393905907 2.1874245504 0 0 1 2 5 5 0 0 0 0 6 
926 1 10.488 7.66452 6.68542 -0.00135052 -0.00145021 2.35547e-04 0.0019956191 0.0 15 22.7066496931 2.3782625582 0 0 2 3 4 3 2 1 0 0 8 
352 1 13.0745 8.87026 5.85447 0.00197199 -0.00223672 -0.00191953 0.0035463018 0.0 14 21.1264022005 2.3782625582 0 0 2 3 3 3 3 0 0 0 7 
898 1 16.474 3.91199 6.05476 -7.97224e-04 -0.00270724 0.00115429 0.0030491146 0.0 14 20.6276714031 2.2460657955 0 0 2 2 4 4 2 0 0 0 7 
978 1 16.7208 6.59229 5.70007 -0.00102865 3.45086e-04 -0.00217737 0.0024327238 0.0 15 22.6363144082 2.3668643466 0 0 1 3 5 4 2 0 0 0 7 
574 1 11.3138 8.36278 2.70282 0.00199627 -5.14658e-04 0.00196989 0.0028513915 0.0 14 21.8753933603 2.4370091505 0 0 0 1 10 3 0 0 0 0 6 
794 1 17.6434 4.86381 26.3279 -5.94812e-04 -0.00681958 -0.00178248 0.0070737336 0.0 13 21.9582321439 2.24549315 0 0 2 2 3 5 1 0 0 0 7 
593 2 26.2054 5.85961 5.17982 0.00130685 -4.42178e-04 -4.83306e-04 0.0014618355 0.0 12 15.6126558867 2.1184618217 0 0 0 3 6 3 0 0 0 0 6 
196 2 26.081 3.06737 4.08016 -0.00121123 0.00122235 2.40044e-04 0.0017374806 0.0 14 17.4120489591 2.1049274844 0 0 0 2 8 4 0 0 0 0 6 
98 2 26.086 1.19553 8.81565 9.15868e-04 -0.00159983 -0.00192371 0.0026643818 0.0 12 12.8152423323 1.906396226 0 0 0 0 12 0 0 0 0 0 5 
837 1 21.8737 0.770729 1.0341 0.00226287 -1.55344e-04 6.85814e-04 0.0023696104 0.0 13 21.2331415294 2.3108991765 0 0 1 2 6 3 1 0 0 0 7 
261 2 22.5835 10.1131 7.75992 9.15379e-04 -0.00100651 0.00187691 0.0023181398 0.0 15 13.0691302622 1.8821490059 0 0 0 4 4 7 0 0 0 0 6 
85 1 17.2736 5.93759 2.74509 0.00137157 0.00138925 -5.38116e-04 0.0020250404 0.0 15 23.7689784484 2.2457355896 0 0 0 2 8 5 0 0 0 0 6 
328 1 21.9021 3.66373 0.170377 -0.00118857 3.6388e-04 -0.00225131 0.0025716734 0.0 14 22.1783788066 2.3108991765 0 0 1 2 7 2 2 0 0 0 7 
52 1 17.8376 1.11309 6.30787 -3.00946e-04 0.00329759 9.3883e-04 0.003441812 0.0 16 24.3926313024 2.2675970811 0 0 0 2 10 2 2 0 0 0 7 
896 1 26.1397 6.34501 2.10257 0.00131894 0.00247534 0.00227037 0.0036085303 0.0 16 24.2854912213 2.3309053854 0 0 0 2 9 4 1 0 0 0 7 
425 2 21.092 5.56063 8.98179 -9.35016e-05 -9.49657e-04 -0.00211394 0.002319339 0.0 15 14.3142970181 2.138818841 0 0 2 3 3 4 3 0 0 0 7 
588 2 24.1741 6.20665 9.92337 -4.43273e-04 9.5408e-04 1.90666e-04 0.0010691647 0.0 12 11.9055367531 1.9614109108 0 0 0 2 8 2 0 0 0 0 6 
729 2 25.3853 3.60193 8.7837 -0.00267596 0.00136216 -0.00100814 0.0031674261 0.0 14 12.7345555404 1.8051851921 0 0 0 1 10 3 0 0 0 0 6 
617 1 21.0538 1.30249 5.54285 -0.00127347 0.00117832 0.00360169 0.0039977912 0.0 15 23.6188595137 2.3013177568 0 0 0 5 4 4 2 0 0 0 7 
665 2 21.8417 3.30015 7.6647 -0.00233122 -0.00236009 0.00199852 0.0038728147 0.0 14 17.3591954575 2.3013177568 0 0 2 3 4 2 2 1 0 0 8 
259 1 22.2718 6.52399 0.284104 -1.21965e-04 -7.68464e-04 7.59099e-04 0.0010870343 0.0 15 22.2352071204 2.3283470628 0 0 1 2 6 5 1 0 0 0 7 
58 2 25.5388 7.71926 6.67746 0.00163558 0.00548068 0.00318585 0.0065469547 0.0 13 13.8040913625 1.9825298185 0 0 0 3 7 2 1 0 0 0 7 
951 1 21.8691 7.22737 3.01462 4.43865e-04 0.00274757 -0.00115666 0.0030139707 0.0 13 22.310695908 2.3309053854 0 0 2 1 4 6 0 0 0 0 6 
15 2 19.214 6.64627 7.67428 -0.00235595 -4.43633e-05 0.00311211 0.0039035493 0.0 13 17.3929960623 2.3256656101 0 0 1 3 6 1 1 1 0 0 8 
231 2 24.0736 1.87501 7.58734 -8.16381e-04 0.00163049 -5.21495e-05 0.0018241971 0.0 14 15.4921151453 2.1284587318 0 0 0 2 8 4 0 0 0 0 6 
147 1 18.1242 8.80125 2.51168 0.00165841 0.00103983 0.00443515 0.0048478991 0.0 13 21.2632611026 2.305915457 0 0 2 1 6 2 2 0 0 0 7 
19 1 18.6021 2.61821 1.31599 -0.00161772 -0.00225929 0.00552541 0.006184785 0.0 16 23.6585268206 2.2503632915 0 0 1 3 6 3 3 0 0 0 7 
364 2 23.5562 5.24139 7.73219 -2.65595e-04 1.00647e-04 -0.0025489 0.0025646758 0.0 14 14.1850504148 2.1113338469 0 0 0 4 5 4 1 0 0 0 7 
691 2 23.7547 6.88633 5.41979 -0.00448944 4.91257e-04 5.55386e-04 0.0045502592 0.0 14 20.10396186 2.3309053854 0 0 0 0 12 2 0 0 0 0 6 
339 1 18.7827 3.45547 4.51808 2.81945e-04 0.00397643 -0.00200379 0.0044616883 0.0 15 24.154266004 2.3256656101 0 0 1 1 9 2 2 0 0 0 7 
846 1 21.6063 2.69533 3.05138 -7.62421e-04 -0.00389945 0.00415209 0.0057468989 0.0 12 21.2853113396 2.275715508 0 0 0 0 12 0 0 0 0 0 5 
395 2 24.2368 1.73624 5.21426 -0.00168014 5.55461e-04 0.00336089 0.0037982876 0.0 14 17.94626727 2.3013177568 0 0 0 2 8 4 0 0 0 0 6 
781 1 21.3873 5.09525 4.8141 0.00133099 0.00186546 -0.00110007 0.0025419735 0.0 17 23.2358203577 2.3134346072 0 0 2 3 6 3 1 1 1 0 9 
623 1 24.4609 1.67362 1.84329 -2.69266e-04 7.41002e-04 -0.00331061 0.0034031936 0.0 16 24.2304310317 2.2864958489 0 0 1 2 7 4 2 0 0 0 7 
258 2 21.54 7.30687 7.40971 8.43428e-04 -0.00180814 -0.0019088 0.002761206 0.0 16 16.4147471752 2.2077272915 0 0 3 2 4 4 2 0 1 0 9 
704 1 23.6143 4.73631 2.98278 8.84268e-05 -6.4021e-04 -0.00325533 0.0033188645 0.0 15 24.3896558036 2.3167880403 0 0 0 2 9 3 1 0 0 0 7 
198 1 19.4216 7.289 4.55058 0.00101219 -0.004684 -6.2759e-04 0.0048330377 0.0 15 23.4040521523 2.3256656101 0 0 0 4 5 5 1 0 0 0 7 
666 1 20.1584 5.00929 2.00942 0.00123932 0.00165783 0.00173634 0.0027017015 0.0 13 21.2776881148 2.2200567357 0 0 0 1 10 2 0 0 0 0 6 
878 1 19.5067 7.50593 0.554948 0.00218475 -4.63885e-04 -0.00542807 0.0058696052 0.0 15 22.8558072504 2.2868126121 0 0 1 2 7 3 2 0 0 0 7 
342 2 26.0612 0.556844 4.23641 -0.00258818 0.0048451 0.00280893 0.0061695832 0.0 13 14.6515456734 2.2992930061 0 0 1 2 5 5 0 0 0 0 6 
371 2 24.8841 4.19343 6.11245 0.00101282 1.84994e-04 3.96327e-04 0.0011032236 0.0 14 15.5147141152 2.2854750003 0 0 0 2 9 2 1 0 0 0 7 
879 2 25.9305 5.7661 8.20274 3.85203e-04 0.00116027 -0.00165876 0.0020606049 0.0 14 13.2799757116 1.8620744499 0 0 0 3 7 3 1 0 0 0 7 
146 2 17.1667 2.72048 8.65342 -0.00469849 0.00214009 -7.77094e-04 0.0052210793 0.0 13 15.5504564685 2.2498247149 0 0 1 3 5 2 2 0 0 0 7 
793 2 19.3484 4.10609 7.74018 -4.42875e-04 0.00134331 1.11093e-04 0.0014187888 0.0 16 18.7645824691 2.3129583858 0 0 2 2 7 1 3 1 0 0 8 
472 1 1.32053 15.3573 0.957356 -0.00217016 -7.367e-04 7.88199e-04 0.0024235468 0.0 15 22.9270777365 2.3750113679 0 0 2 3 4 3 2 1 0 0 8 
764 1 5.95892 13.8165 5.13363 0.00161855 0.00140679 0.00424041 0.0047518248 0.0 14 22.1422109352 2.229498852 0 0 2 2 4 4 2 0 0 0 7 
187 2 3.23647 12.5084 6.03151 4.6984e-05 0.00291199 4.74246e-04 0.0029507292 0.0 14 17.1135058688 2.229498852 0 0 0 2 8 4 0 0 0 0 6 
104 2 6.12132 11.8654 7.25133 -0.00126922 4.47693e-04 -2.15216e-04 0.0013629623 0.0 13 19.5954534121 2.2251517422 0 0 0 3 7 2 1 0 0 0 7 
680 1 7.00283 10.596 4.709 0.00280774 0.00220919 -0.00364415 0.0051033081 0.0 15 21.3133622959 2.229498852 0 0 1 3 5 4 2 0 0 0 7 
853 2 4.12744 14.0902 7.63528 -8.97736e-04 -0.00100608 2.69882e-04 0.001375123 0.0 13 16.842709787 2.1041822991 0 0 0 1 10 2 0 0 0 0 6 
28 1 6.76261 12.8672 2.26457 -0.00149316 -6.8693e-04 -0.00138208 0.0021474508 0.0 13 20.9422613214 2.2362340363 0 0 0 3 6 4 0 0 0 0 6 
234 1 6.38273 14.9679 0.244975 -0.00337924 -0.00229186 -0.00180146 0.0044628627 0.0 13 20.79649836 2.1913212837 0 0 1 3 4 4 1 0 0 0 7 
136 2 3.00117 14.9088 5.61556 -0.00174576 -0.0040171 0.00122011 0.0045468053 0.0 12 15.8782304979 2.0694244039 0 0 0 3 6 3 0 0 0 0 6 
358 1 6.29397 10.4328 0.914965 -0.00171533 0.00156455 -0.00348036 0.0041836682 0.0 15 23.0892298211 2.4592997416 0 0 0 2 8 5 0 0 0 0 6 
75 2 3.98967 11.6459 8.06648 0.00147926 -0.00260583 -0.00132631 0.0032768366 0.0 12 15.4376475862 2.1750335389 0 0 0 3 6 3 0 0 0 0 6 
110 1 6.89572 16.0684 3.23735 -3.60835e-04 0.0027834 -0.00444925 0.0052605459 0.0 16 21.0247065387 2.200924474 0 0 2 4 2 4 4 0 0 0 7 
37 1 6.21954 9.23126 8.80015 -0.00123044 3.46064e-04 2.25135e-04 0.0012978554 0.0 16 23.4972291 2.2504120076 0 0 1 2 7 4 2 0 0 0 7 
966 2 26.6228 11.9162 9.12057 0.00391191 -0.00386872 5.1654e-04 0.0055260155 0.0 15 12.7215897416 1.9137063006 0 0 0 4 5 5 1 0 0 0 7 
350 1 5.35455 16.9979 5.70204 0.00149589 1.95862e-04 6.36456e-04 0.0016374141 0.0 19 24.6747830452 2.2528888134 0 0 1 3 7 4 4 0 0 0 7 
766 1 3.60274 9.02103 1.44255 0.00141181 0.0013139 -0.00122739 0.0022860505 0.0 12 20.780542652 2.3875335199 0 0 0 3 6 3 0 0 0 0 6 
470 2 2.13636 15.611 7.44325 0.0010728 0.00410443 -0.00100895 0.0043606451 0.0 13 15.9755858854 2.2555641588 0 0 0 2 8 3 0 0 0 0 6 
233 2 1.7158 10.6526 8.33552 6.1038e-04 -0.00189363 0.00326193 0.0038208096 0.0 14 15.3099137088 2.2963445649 0 0 0 2 9 2 1 0 0 0 7 
629 1 9.07602 12.7843 5.03806 0.00340372 0.0011303 0.00563721 0.0066813939 0.0 16 23.3445929667 2.2040191826 0 0 3 3 2 3 5 0 0 0 7 
216 1 0.899638 9.18702 0.935567 0.00369117 -5.21726e-04 -0.00110534 0.0038882786 0.0 16 23.3838216872 2.1975644412 0 0 0 1 10 5 0 0 0 0 6 
810 1 2.28343 11.6847 1.46192 0.00302363 -0.00184099 5.35471e-04 0.003580267 0.0 14 20.7423449757 2.2405963904 0 0 0 5 3 5 1 0 0 0 7 
872 2 0.255698 9.78128 6.70472 -0.00577731 9.02414e-04 0.00680308 0.0089707056 0.0 14 15.9222261515 2.2963445649 0 0 0 3 7 3 1 0 0 0 7 
106 2 2.10795 17.6064 5.99212 0.00230407 0.00125777 -0.0016897 0.003121828 0.0 15 17.448565397 2.274585088 0 0 0 4 4 7 0 0 0 0 6 
351 2 0.609156 15.7969 5.68233 0.00161068 -3.34816e-04 0.00121845 0.0020471962 0.0 12 13.9791129323 2.0353740846 0 0 1 2 6 2 1 0 0 0 7 
567 2 2.46612 16.8396 3.903 0.00120602 -0.00164111 -4.44347e-04 0.0020845073 0.0 13 15.904931638 2.0908544123 0 0 0 3 6 4 0 0 0 0 6 
962 1 4.42392 9.34569 5.95564 0.00164395 -0.00366766 0.00152132 0.0042975244 0.0 16 23.7143190713 2.2963445649 0 0 1 4 5 3 2 1 0 0 8 
983 1 7.68023 15.1146 7.24294 -0.00109692 0.0013038 0.00317894 0.0036067697 0.0 15 22.7755808443 2.1767662193 0 0 1 4 4 3 3 0 0 0 7 
807 1 5.41454 8.56019 3.32956 0.00336324 0.00139227 -0.00136979 0.0038892318 0.0 13 21.939434953 2.4667813746 0 0 0 2 8 3 0 0 0 0 6 
859 1 1.40612 13.2938 3.42228 0.00231912 -0.00107256 0.00247497 0.0035572713 0.0 15 21.7931893829 2.1412586931 0 0 0 2 8 5 0 0 0 0 6 
798 1 2.16388 10.2681 4.22241 -6.55156e-04 8.68515e-04 0.00161583 0.0019479359 0.0 15 22.5640610649 2.2281269685 0 0 0 3 7 4 1 0 0 0 7 
914 1 4.52041 11.4569 3.05851 -0.00105924 -0.00159749 0.00199579 0.002767154 0.0 13 20.9732376942 2.229498852 0 0 0 5 2 6 0 0 0 0 6 
757 1 4.26363 14.4616 2.83955 4.5667e-04 -0.00274599 6.22892e-04 0.0028525433 0.0 15 22.2351265282 2.1516959026 0 0 0 4 4 7 0 0 0 0 6 
607 2 2.24127 18.0848 2.00765 -0.00267418 -0.0065872 -0.00149819 0.0072654673 0.0 15 17.3936054088 2.3558746169 0 0 0 3 7 4 1 0 0 0 7 
537 1 8.53072 8.2418 3.82155 -0.00256569 0.00618412 2.92003e-04 0.0067015947 0.0 15 24.2605919275 2.5069215275 0 0 0 2 8 5 0 0 0 0 6 
905 2 11.4244 11.6367 7.55337 -0.00159498 3.28356e-04 0.00342475 0.0037921882 0.0 13 19.8655882733 2.1829776993 0 0 2 1 6 3 0 1 0 0 8 
293 1 16.0901 17.9753 5.46252 7.81554e-04 -3.81056e-05 0.0025796 0.0026956659 0.0 15 22.3531150887 2.274163532 0 0 1 3 4 6 1 0 0 0 7 
382 1 12.2437 15.9593 5.5308 -0.00187576 5.01089e-04 0.00145293 0.0024249889 0.0 14 21.9731650342 2.211104906 0 0 1 3 6 2 1 1 0 0 8 
128 1 12.0519 12.9962 4.76223 0.00174235 0.00201151 -0.00234666 0.0035480656 0.0 16 23.4661773906 2.2578759415 0 0 0 3 7 5 1 0 0 0 7 
452 1 9.07497 14.5972 2.21564 -5.43076e-04 -9.18255e-04 0.00147748 0.0018223806 0.0 15 22.7502855555 2.2820908518 0 0 1 2 8 1 3 0 0 0 7 
321 2 8.55164 12.0349 8.13499 -9.2995e-04 9.75583e-04 -4.85537e-04 0.0014325904 0.0 16 21.2074222436 2.2056273913 0 0 1 2 8 2 3 0 0 0 7 
804 1 10.4855 14.7112 7.34469 0.00169825 -0.00121803 -0.00166195 0.002670155 0.0 13 21.1582988783 2.0888049988 0 0 1 0 9 3 0 0 0 0 6 
850 1 9.30794 15.6935 4.78179 -0.0010705 0.00147843 8.29704e-04 0.0020050272 0.0 14 20.6971597497 2.1918959623 0 0 2 0 8 2 2 0 0 0 7 
535 1 10.5275 10.1529 5.12609 -0.0025172 0.00207432 -9.92914e-04 0.0034095421 0.0 15 21.6753180301 2.2108191693 0 0 1 4 4 4 1 1 0 0 8 
858 1 11.9706 16.3237 9.27639 -0.00123062 -0.00172725 4.7132e-04 0.0021725471 0.0 15 21.7920997057 2.2193740282 0 0 2 3 3 4 3 0 0 0 7 
55 1 15.1854 16.3017 7.53052 -5.94528e-04 2.18757e-04 6.82328e-04 9.3106909916e-04 0.0 13 18.556713806 2.2110767938 0 0 2 1 5 4 1 0 0 0 7 
512 1 13.4707 14.1695 8.03019 2.27727e-04 2.38523e-04 0.00277065 0.0027902068 0.0 14 20.4216231575 2.139861437 0 0 2 0 8 2 2 0 0 0 7 
353 1 16.2791 13.7054 8.48317 1.67578e-04 -0.00153054 -7.22071e-04 0.0017005945 0.0 14 20.7127419344 2.2582804441 0 0 1 2 5 6 0 0 0 0 6 
805 1 17.4196 12.1082 6.61464 3.02426e-04 0.00350225 -0.00105496 0.0036701713 0.0 14 22.3525528523 2.2664600498 0 0 0 4 5 4 1 0 0 0 7 
242 1 14.2398 14.5817 0.530073 2.60743e-04 0.00123211 -0.00167628 0.0020966632 0.0 14 22.2015127335 2.2578171815 0 0 0 1 10 3 0 0 0 0 6 
656 1 14.2002 11.5314 6.0241 0.00453661 -0.00411445 -0.00532122 0.0081132553 0.0 17 23.1327706883 2.2419791966 0 0 1 3 6 4 3 0 0 0 7 
322 2 12.0053 9.32966 8.87006 0.0057012 -8.24708e-04 0.00265079 0.0063411759 0.0 14 16.500017881 2.3202560116 0 0 4 2 1 3 3 1 0 0 8 
985 1 14.4758 13.2088 3.03154 -0.00416891 8.9296e-04 8.73505e-04 0.0043520339 0.0 14 22.5174938954 2.3217401822 0 0 1 2 5 6 0 0 0 0 6 
918 1 11.8113 15.8892 2.74923 0.00113069 2.67284e-04 -3.60195e-04 0.001216405 0.0 14 21.2487174759 2.1918959623 0 0 0 1 10 3 0 0 0 0 6 
911 1 15.1906 14.2215 5.55965 0.00166251 0.0027072 -0.00128899 0.0034284642 0.0 13 22.5757014612 2.2665906201 0 0 0 3 6 4 0 0 0 0 6 
367 1 11.473 13.2933 1.59589 -6.3868e-04 -0.00308789 -0.00280672 0.0042214516 0.0 14 22.0105691279 2.3217401822 0 0 1 3 4 5 1 0 0 0 7 
697 1 14.431 16.2141 3.32479 -6.5296e-04 -0.00369313 -0.00277194 0.0046636056 0.0 15 22.741026906 2.2462122704 0 0 2 2 4 5 2 0 0 0 7 
235 1 9.25397 10.9814 2.59381 -6.81432e-04 0.00129581 0.00435203 0.0045916923 0.0 14 22.0851099784 2.2578759415 0 0 0 2 8 4 0 0 0 0 6 
357 1 13.2165 10.4066 3.508 7.22227e-04 -9.10115e-04 -0.00180121 0.0021434268 0.0 14 20.8666485726 2.3157155469 0 0 0 3 6 5 0 0 0 0 6 
509 1 11.6875 10.5259 0.957182 -9.23996e-04 2.18956e-04 0.0016958 0.0019435658 0.0 13 21.1598428072 2.3217401822 0 0 1 0 9 3 0 0 0 0 6 
366 1 15.8282 10.6367 2.39689 5.67496e-04 -2.78175e-04 0.00193866 0.0020390772 0.0 14 22.1914614236 2.4712635248 0 0 1 4 3 4 2 0 0 0 7 
84 1 17.8312 15.8224 3.62869 -0.00105285 0.00114203 0.00126275 0.002001815 0.0 16 24.9236105798 2.2665906201 0 0 0 6 2 6 2 0 0 0 7 
909 1 16.8188 13.8923 0.817045 -0.00416933 -7.58997e-04 -5.10644e-04 0.0042685063 0.0 14 22.0236990198 2.3000800452 0 0 1 3 4 5 1 0 0 0 7 
17 1 18.4818 11.2838 1.25968 -7.8015e-04 -5.04877e-04 -0.00243355 0.0026049377 0.0 15 22.4251929788 2.4712635248 0 0 1 4 4 4 1 1 0 0 8 
63 1 16.4335 16.6893 0.775998 4.31068e-04 0.00212768 0.00649035 0.0068437917 0.0 14 22.6041735034 2.3338037834 0 0 1 1 7 5 0 0 0 0 6 
856 1 8.00506 8.90939 6.47394 0.00243154 -7.19583e-04 -0.00323674 0.0041117724 0.0 13 21.0866946064 2.2278792326 0 0 1 3 4 4 1 0 0 0 7 
360 2 0.663695 12.2503 6.27744 -4.84499e-04 -0.00331685 0.00122734 0.0035696774 0.0 14 15.4866707515 2.1042882143 0 0 0 1 10 3 0 0 0 0 6 
270 2 25.7455 14.1644 5.37369 0.00364298 -0.00149667 -0.0016708 0.0042781885 0.0 16 15.1980206913 2.2052924915 0 0 3 2 4 4 2 0 1 0 9 
598 1 25.8168 11.2967 3.35754 -0.00145535 -8.38678e-04 -0.00416919 0.0044948381 0.0 17 22.4070135916 2.2052924915 0 0 1 2 6 7 1 0 0 0 7 
43 1 18.5537 18.4731 3.94885 0.00108098 0.00165961 0.0034801 0.0040042376 0.0 15 22.4184398907 2.3494901908 0 0 3 2 3 3 4 0 0 0 7 
841 1 17.9396 15.6392 7.09639 0.00115587 4.7442e-04 -0.00153154 0.0019765436 0.0 15 21.5709801819 2.2665906201 0 0 0 2 8 5 0 0 0 0 6 
924 1 17.4652 12.7769 3.66803 0.0010224 -1.77301e-04 5.87202e-05 0.0010393197 0.0 14 21.9986854033 2.2665906201 0 0 1 3 4 5 1 0 0 0 7 
923 1 18.9259 18.2428 6.69188 -0.00180124 -0.00259338 -0.00312824 0.0044447689 0.0 13 20.9360490037 2.2605081585 0 0 0 3 6 4 0 0 0 0 6 
163 2 21.9259 12.192 8.90009 8.43494e-04 -0.00160841 9.1245e-04 0.0020324935 0.0 13 13.6147929427 2.2284444751 0 0 0 3 6 4 0 0 0 0 6 
213 2 19.5595 9.19343 7.22825 0.00128465 3.19523e-05 0.00494047 0.0051048595 0.0 15 18.6068145971 2.3668643466 0 0 0 3 6 6 0 0 0 0 6 
681 2 25.3285 12.1349 6.80146 -0.00140862 -0.00287319 8.165e-05 0.0032009526 0.0 14 13.4942963885 2.2052924915 0 0 1 2 7 2 2 0 0 0 7 
692 2 26.4529 16.6252 3.38642 8.63014e-04 -1.96656e-04 -2.36724e-04 9.1624505385e-04 0.0 15 17.6700048931 2.3510411037 0 0 1 2 6 5 1 0 0 0 7 
795 2 23.5256 17.1675 8.34216 0.00110744 -0.00203355 -0.00450821 0.0050681068 0.0 16 19.6058120064 2.3115191173 0 0 0 1 11 3 1 0 0 0 7 
828 1 22.5341 17.1736 0.720844 -1.25597e-04 0.00238188 -0.00105323 0.0026073781 0.0 14 22.2338651893 2.2698764847 0 0 0 2 8 4 0 0 0 0 6 
485 2 23.8351 15.6949 5.88463 0.00355793 -0.00268865 -0.00236713 0.0050488622 0.0 14 14.0932024237 2.070262893 0 0 3 2 4 2 2 0 1 0 9 
127 2 23.647 14.6361 7.88805 -6.50185e-05 0.00184025 0.00176579 0.0025512275 0.0 13 13.722547164 2.138435068 0 0 1 1 7 4 0 0 0 0 6 
5 2 24.1978 10.1754 5.82157 -6.59464e-04 -5.57601e-04 -0.00152529 0.0017528038 0.0 13 17.2700571317 2.2277483613 0 0 1 0 9 3 0 0 0 0 6 
372 2 23.6693 16.6711 3.68949 6.7496e-04 0.00490877 -5.98105e-04 0.0049909241 0.0 13 17.083545756 2.115495475 0 0 1 3 4 4 1 0 0 0 7 
92 1 19.7184 13.7449 5.46762 7.80164e-04 -0.00364219 0.00405395 0.0055053351 0.0 14 21.9785602994 2.2637159068 0 0 1 2 6 4 1 0 0 0 7 
363 1 23.5464 12.0078 1.45749 -0.00186118 -7.43591e-04 5.30363e-06 0.0020042322 0.0 14 21.0242289115 2.1704931693 0 0 1 2 6 4 1 0 0 0 7 
493 1 19.6627 15.402 0.883482 -4.42544e-04 -0.00137756 -7.3868e-04 0.0016245507 0.0 16 23.7960220235 2.3103329863 0 0 1 3 6 3 3 0 0 0 7 
132 2 21.7615 9.4391 5.50069 3.99786e-04 0.00190728 0.00197875 0.0027772284 0.0 14 18.4209423705 2.2318273108 0 0 1 2 6 4 1 0 0 0 7 
56 2 22.508 11.5849 4.58867 0.0012179 -6.99189e-04 -0.00244483 0.0028194573 0.0 16 18.8309711838 2.2052924915 0 0 2 1 7 4 1 1 0 0 8 
992 1 20.5432 13.1186 2.6168 -2.74414e-04 -0.0035367 0.00144302 0.0038296027 0.0 14 22.4440221377 2.2111023077 0 0 1 1 8 3 1 0 0 0 7 
210 1 24.1622 9.22299 2.18327 6.24501e-04 0.00217796 -1.37406e-04 0.002269888 0.0 15 24.6029441582 2.3309053854 0 0 0 0 12 3 0 0 0 0 6 
411 1 21.0922 10.2124 1.89814 0.00228891 2.10426e-04 4.86935e-04 0.0023495731 0.0 15 24.2228377855 2.2868126121 0 0 0 3 6 6 0 0 0 0 6 
281 2 25.1384 14.1576 3.1759 8.89891e-04 -0.00418884 9.9318e-04 0.004395986 0.0 14 17.2937442081 2.1479830352 0 0 2 2 3 6 1 0 0 0 7 
947 1 20.5651 16.2054 3.61037 -0.00261239 0.00340484 0.00129284 0.0044820701 0.0 16 22.4576136704 2.2605081585 0 0 0 2 9 4 1 0 0 0 7 
715 1 20.9139 15.6842 6.80961 -0.00175414 0.00290655 1.10592e-04 0.0033966558 0.0 15 20.6854461977 2.2531883964 0 0 0 5 3 6 1 0 0 0 7 
466 2 23.0071 14.074 4.47587 -0.00618362 7.55794e-04 0.00140672 0.006386489 0.0 14 15.6781042577 2.1990314959 0 0 2 3 3 4 1 1 0 0 8 
236 2 22.9454 14.8232 2.17601 7.5125e-04 -0.00123919 4.16324e-06 0.0014491328 0.0 12 18.5506869518 2.1771673263 0 0 0 2 8 2 0 0 0 0 6 
139 1 22.0669 18.2094 5.66698 -0.00165067 -0.00138026 3.28256e-04 0.0021765985 0.0 14 21.777345216 2.2124397552 0 0 0 3 6 5 0 0 0 0 6 
299 1 25.1579 16.0709 0.390401 0.00232791 1.76596e-04 -0.00298019 0.0037857474 0.0 16 24.1618825628 2.480801094 0 0 1 3 5 5 2 0 0 0 7 
129 2 22.9368 12.972 6.50269 0.00211036 -5.82758e-04 5.90557e-04 0.0022675943 0.0 13 14.719041769 2.2247960947 0 0 1 4 2 5 1 0 0 0 7 
276 1 19.183 10.7243 4.45942 0.0026416 0.0034833 -1.01103e-04 0.004372831 0.0 14 21.3735581441 2.2318273108 0 0 0 1 10 3 0 0 0 0 6 
559 2 20.9441 11.3613 6.95952 -0.00103154 -0.00256426 0.00188495 0.0033455255 0.0 13 14.5974783395 2.2284444751 0 0 0 5 3 4 1 0 0 0 7 
429 2 26.5604 14.2187 8.01828 0.00148885 -7.605e-04 6.15085e-04 0.0017813939 0.0 13 13.4400157999 1.9703388053 0 0 0 3 6 4 0 0 0 0 6 
108 2 25.635 16.5436 7.58711 0.00312871 -0.0027972 -0.00201036 0.0046534612 0.0 15 16.3985110428 2.2588384797 0 0 1 1 8 4 1 0 0 0 7 
987 2 8.64472 25.005 26.5896 6.00139e-05 7.46687e-04 -2.92477e-04 8.0416785542e-04 0.0 13 13.0848954242 1.878796381 0 0 0 1 10 2 0 0 0 0 6 
573 2 2.88958 24.8595 26.8518 -0.00120906 0.0018114 5.73998e-04 0.0022522144 0.0 16 12.817158262 2.1347819376 0 0 2 5 1 5 2 0 1 0 9 
336 2 7.3589 0.818725 2.88938 -0.00282702 -0.0031686 0.00125421 0.0044277659 0.0 16 13.753104672 1.9325551375 0 0 2 3 4 5 1 0 1 0 9 
669 2 7.19667 26.2607 5.64806 -8.5488e-04 0.00114 -0.00533914 0.0055260145 0.0 15 12.7273326356 1.9824498758 0 0 0 3 8 2 2 0 0 0 7 
188 2 8.3312 25.1666 4.08427 2.4717e-04 -0.0011811 0.00301899 0.0032512137 0.0 14 12.7788979352 1.9496859878 0 0 1 3 5 3 2 0 0 0 7 
278 2 9.54463 20.4985 1.60419 -5.619e-04 0.00124519 0.00152651 0.0020485269 0.0 12 12.698359049 2.0179337759 0 0 0 3 6 3 0 0 0 0 6 
94 2 0.883934 25.9268 8.49968 -0.00187845 0.00273076 6.7013e-05 0.0033151343 0.0 14 16.1153205629 2.3122016215 0 0 2 3 4 3 1 0 1 0 9 
561 2 5.86586 22.2695 6.19279 -0.00185603 2.25248e-04 -3.25013e-04 0.0018976874 0.0 14 15.7821151912 2.0986808884 0 0 1 3 4 5 1 0 0 0 7 
292 2 5.21725 26.2187 0.98539 0.00310698 -2.82749e-04 2.29339e-04 0.0031282372 0.0 13 12.7933548641 1.8540925875 0 0 1 4 3 3 2 0 0 0 7 
313 2 1.71745 23.4457 1.51552 0.0027731 -0.00224588 0.00166502 0.0039378106 0.0 15 15.874975406 2.2883766513 0 0 0 3 7 4 1 0 0 0 7 
76 2 3.32541 24.8026 4.07656 0.00206949 -0.00342634 0.0033041 0.0051903441 0.0 14 12.4465185792 1.8458263226 0 0 0 4 4 6 0 0 0 0 6 
243 1 0.00502572 19.5852 7.43729 -0.00226982 -0.00638218 1.55323e-05 0.0067738132 0.0 15 23.2644360479 2.3115191173 0 0 0 4 5 5 1 0 0 0 7 
600 2 0.584545 19.2425 4.00963 0.00123721 0.00246736 -0.00160716 0.0031939814 0.0 14 15.9653898981 2.2459469538 0 0 0 2 8 4 0 0 0 0 6 
257 2 5.00883 20.641 4.35232 0.00267319 -0.00473681 -5.61754e-04 0.005467987 0.0 16 17.1444185167 2.2089193866 0 0 1 5 2 5 3 0 0 0 7 
183 2 6.99476 24.6828 1.81532 -0.00286731 0.00828104 0.00151955 0.0088941623 0.0 15 14.2427973803 1.9086335795 0 0 0 1 10 4 0 0 0 0 6 
111 2 5.48638 24.4782 5.38825 -0.00114124 0.00240842 -0.00138262 0.0030024246 0.0 11 11.3104858404 1.7902383831 0 0 0 2 8 1 0 0 0 0 6 
230 2 5.93126 23.258 3.50326 0.00537418 -0.00266074 0.00261319 0.006541415 0.0 14 13.8206425503 2.0146479568 0 0 0 2 8 4 0 0 0 0 6 
290 2 9.32883 20.9476 6.28629 0.00370116 -8.71975e-04 -0.00468568 0.0060344447 0.0 14 16.9568879345 2.0565696908 0 0 0 2 8 4 0 0 0 0 6 
286 2 3.8674 26.2153 6.22073 0.00108699 0.00656091 7.92087e-05 0.0066508166 0.0 15 13.5233705984 1.871272149 0 0 0 3 7 4 1 0 0 0 7 
269 2 4.60313 17.9042 2.8039 -0.00191258 -0.00159573 -0.00159046 0.0029553138 0.0 11 16.7105978714 2.1356177188 0 0 0 2 8 1 0 0 0 0 6 
79 2 8.02911 23.639 5.93426 -0.00235959 -7.17408e-05 0.00189283 0.003025825 0.0 14 13.4854362148 1.9587117851 0 0 0 3 7 3 1 0 0 0 7 
514 2 10.2308 18.46 26.629 -6.91838e-04 0.00333663 0.00113978 0.0035931655 0.0 12 15.7537542151 2.2478649913 0 0 1 2 5 4 0 0 0 0 6 
695 2 10.676 1.13319 6.53549 1.39385e-04 -0.00425607 7.26566e-04 0.004319891 0.0 13 13.6065831023 2.1466165656 0 0 2 1 6 2 2 0 0 0 7 
724 2 7.835 24.7712 8.02944 -0.00101394 7.13661e-04 5.23944e-04 0.0013460697 0.0 15 14.4596366672 2.1235944747 0 0 1 3 4 6 1 0 0 0 7 
935 2 7.21933 22.4702 8.60188 -0.00586367 0.00644473 -0.00121633 0.0087975354 0.0 15 20.3404187102 2.3264498831 0 0 1 3 5 4 2 0 0 0 7 
797 2 4.79655 22.8967 8.43137 0.00303423 -0.00175752 2.36572e-04 0.0035144551 0.0 13 18.9594233087 2.275630399 0 0 0 1 10 2 0 0 0 0 6 
390 2 3.05213 25.1439 8.5802 -7.84987e-04 0.00246237 -7.0292e-05 0.0025854229 0.0 14 16.3233099668 2.2297812712 0 0 1 1 8 3 1 0 0 0 7 
852 2 4.50983 23.8465 1.43536 -5.03537e-04 6.25851e-06 2.29556e-04 5.5342988395e-04 0.0 15 14.1581880772 2.0146479568 0 0 0 2 8 5 0 0 0 0 6 
255 1 7.94863 18.1683 5.39908 -7.89777e-04 -8.49818e-04 -0.00101593 0.0015420934 0.0 15 20.8546082016 2.1978921153 0 0 0 5 4 4 2 0 0 0 7 
722 2 2.9437 19.2577 4.51349 -0.00310469 0.00193695 0.00344886 0.00502847 0.0 12 14.5952672347 2.138391847 0 0 1 2 6 2 1 0 0 0 7 
148 2 4.41608 0.143579 8.82343 0.00266151 -0.00207139 0.00366864 0.0049832932 0.0 12 14.4932970838 2.038650054 0 0 0 2 8 2 0 0 0 0 6 
124 2 7.05245 19.3347 2.84501 0.00151813 -0.00236794 0.00337455 0.0043931135 0.0 13 14.8016300256 2.156203247 0 0 0 3 6 4 0 0 0 0 6 
126 2 1.55214 26.3117 4.69608 -2.25707e-04 0.00195154 0.00317309 0.0037320172 0.0 13 13.1594516397 1.8760987501 0 0 0 5 2 6 0 0 0 0 6 
808 2 3.34191 21.9821 0.777015 0.00441057 0.00116779 0.00460318 0.0064812134 0.0 12 13.4063474228 2.0400097606 0 0 0 4 4 4 0 0 0 0 6 
786 2 3.57785 22.5681 3.7739 0.00301761 -0.00407082 1.0358e-04 0.0050683601 0.0 14 13.10612971 1.9946555103 0 0 1 3 5 3 2 0 0 0 7 
904 1 3.7999 19.8393 7.49084 0.00161651 8.2806e-06 8.70341e-04 0.0018359375 0.0 15 25.7787559357 2.275630399 0 0 0 4 4 7 0 0 0 0 6 
825 2 5.99805 21.8833 26.7109 -0.00309547 1.30405e-04 -0.00110992 0.0032910276 0.0 13 13.4912431826 2.0085982651 0 0 0 2 8 3 0 0 0 0 6 
725 2 7.26951 21.1403 4.38213 4.50285e-04 0.00622861 5.77112e-04 0.0062714749 0.0 11 13.7511476669 2.1159239679 0 0 0 3 6 2 0 0 0 0 6 
534 2 5.707 26.1035 3.58964 0.00293983 2.95989e-04 -0.0013877 0.0032643409 0.0 14 13.17154099 1.871272149 0 0 0 2 8 4 0 0 0 0 6 
659 2 5.50099 24.9656 7.62368 -2.15391e-04 6.74213e-06 -0.00176644 0.0017795362 0.0 14 13.0254608642 1.8517629664 0 0 0 3 6 5 0 0 0 0 6 
401 2 3.6005 23.4104 6.05443 0.00256354 4.09173e-04 0.00121842 0.0028677007 0.0 14 13.985386738 2.1124840102 0 0 0 2 8 4 0 0 0 0 6 
776 2 1.83143 21.2585 5.32049 -0.00416732 0.0030447 -0.00136855 0.005339446 0.0 14 17.6570321149 2.1817034101 0 0 0 4 4 6 0 0 0 0 6 
175 2 0.344336 25.2362 2.55179 0.00206799 -9.3918e-04 -0.00117332 0.0025564275 0.0 17 18.2320102796 2.2992930061 0 0 0 4 6 5 2 0 0 0 7 
476 2 8.40078 22.9163 3.33029 -0.00104335 0.00116301 -9.63041e-05 0.00156539 0.0 13 13.1830578457 1.9155714024 0 0 0 3 6 4 0 0 0 0 6 
869 1 6.75164 19.3709 7.63339 -0.00284977 -4.30718e-04 0.00107273 0.0030752978 0.0 14 22.6458154067 2.275630399 0 0 0 4 4 6 0 0 0 0 6 
740 2 8.82118 22.8051 0.339726 0.00275291 0.00361091 0.00290854 0.0053922898 0.0 13 13.4067712459 1.985224132 0 0 0 3 6 4 0 0 0 0 6 
748 2 2.06146 19.9045 0.121373 -8.07646e-04 -6.82583e-04 2.32961e-04 0.0010828123 0.0 15 18.3820973154 2.2883766513 0 0 0 4 4 7 0 0 0 0 6 
936 1 1.74166 22.1264 8.28445 0.00286203 4.54089e-04 1.97627e-05 0.0028978963 0.0 14 21.2229732296 2.2431385704 0 0 1 2 6 4 1 0 0 0 7 
162 2 9.43223 20.2924 3.97248 6.21818e-04 -0.00148058 0.00240483 0.0028917092 0.0 13 12.6941931039 1.9859691374 0 0 0 3 6 4 0 0 0 0 6 
158 2 5.977 17.9577 0.803568 5.23754e-04 0.00493181 8.09759e-04 0.0050252142 0.0 14 15.9626971298 2.2074123846 0 0 0 4 5 4 1 0 0 0 7 
687 2 5.21798 19.6647 26.1346 0.00155057 -0.00211564 0.00205714 0.0033334704 0.0 13 14.7634172979 2.218729093 0 0 0 4 4 5 0 0 0 0 6 
190 2 4.97478 20.1717 1.76384 9.71678e-04 -0.00345279 0.00232632 0.0042752405 0.0 16 15.5091926244 2.1649922283 0 0 0 3 7 5 1 0 0 0 7 
999 2 7.34879 21.489 1.75513 -9.81725e-04 -0.0011671 0.00403173 0.0043105398 0.0 13 12.4872471721 2.0146479568 0 0 0 3 6 4 0 0 0 0 6 
489 2 1.9736 20.9789 2.82173 -0.00131185 0.0020426 0.00344786 0.0042167409 0.0 13 15.0961374533 2.157890172 0 0 1 2 6 3 1 0 0 0 7 
791 2 13.5416 18.2492 1.03632 -0.0018108 -3.01275e-04 -0.0020968 0.0027868142 0.0 13 17.252447423 2.1016409118 0 0 1 0 9 3 0 0 0 0 6 
30 1 17.1306 25.4903 4.16667 -7.68482e-04 6.5396e-04 0.00186076 0.002116756 0.0 15 23.2373906313 2.2374515889 0 0 1 4 3 5 2 0 0 0 7 
289 1 15.7966 21.1209 9.17205 -0.00197555 -0.00302208 0.00184735 0.004055671 0.0 17 24.105525124 2.4104355635 0 0 0 5 5 5 1 1 0 0 8 
812 2 9.59802 23.1355 7.72891 5.62996e-04 8.59788e-04 3.84911e-04 0.0010974317 0.0 14 16.0764334253 2.3070130416 0 0 0 3 7 3 1 0 0 0 7 
592 2 12.134 23.6456 6.56766 0.00131311 0.00433028 0.003194 0.0055387019 0.0 13 12.6609344486 1.8883938555 0 0 1 2 5 5 0 0 0 0 6 
566 2 9.00042 26.4583 1.79336 0.00341243 1.32991e-04 -0.00228076 0.0041066082 0.0 14 13.9504813987 2.0034319284 0 0 1 3 4 5 1 0 0 0 7 
746 1 16.757 24.361 7.09488 -0.00129769 3.32696e-04 0.00166108 0.0021339805 0.0 16 22.9573595129 2.2675970811 0 0 0 3 6 7 0 0 0 0 6 
634 2 13.0769 19.4873 3.6826 1.55836e-04 -0.00260117 0.00193159 0.0032436723 0.0 15 15.3575862193 2.213072348 0 0 1 3 5 4 2 0 0 0 7 
893 2 12.0481 21.246 7.33795 -0.00193457 0.00121832 -0.00449618 0.0050440558 0.0 15 18.0263026908 2.3813214596 0 0 0 3 6 6 0 0 0 0 6 
886 2 15.374 22.5927 4.80029 -0.00110299 0.0015594 0.00171975 0.0025701859 0.0 11 15.1855331702 2.143174286 0 0 0 2 8 1 0 0 0 0 6 
53 1 13.4221 18.1649 6.9066 0.00138559 -0.00251133 -0.00334097 0.0044032623 0.0 17 23.2964980734 2.4104355635 0 0 3 2 2 8 1 1 0 0 8 
32 2 9.40342 25.4955 6.24949 -0.00190677 -0.00233796 -3.38851e-04 0.0030358934 0.0 14 13.3569632057 1.9772796485 0 0 1 3 5 3 2 0 0 0 7 
160 2 10.6539 18.2588 4.04271 0.00136414 -8.79584e-04 0.00310063 0.0034997789 0.0 12 16.098473568 2.1423666594 0 0 0 2 8 2 0 0 0 0 6 
385 2 12.4536 19.4431 26.2776 -7.2749e-04 -0.00160831 -0.00228449 0.0028870049 0.0 14 16.2658469125 2.3903520649 0 0 0 3 6 5 0 0 0 0 6 
273 1 10.3354 17.9838 7.33202 -5.85181e-04 -0.00397733 -6.99649e-04 0.0040805759 0.0 17 22.4097861394 2.2193740282 0 0 1 3 7 3 2 1 0 0 8 
324 2 13.0298 22.7584 1.94576 0.00180478 -5.91044e-04 -0.00118207 0.0022369294 0.0 12 12.4942260791 1.909889758 0 0 0 2 8 2 0 0 0 0 6 
432 2 11.9208 25.9832 5.87424 -9.03952e-04 -0.00192951 -8.09255e-05 0.0021322962 0.0 13 11.5018927859 1.8962022444 0 0 1 0 9 3 0 0 0 0 6 
256 2 16.2482 20.6868 4.04477 -0.00850566 1.65732e-04 0.00121196 0.0085931697 0.0 14 16.8628400213 2.2077828789 0 0 3 2 3 3 2 1 0 0 8 
315 1 16.7027 22.3502 26.0926 0.00166352 0.00155501 -1.2239e-04 0.0022804241 0.0 13 22.561451419 2.2623275822 0 0 1 2 5 5 0 0 0 0 6 
986 2 14.16 24.8179 5.0547 5.81095e-04 -0.00190228 -0.00111747 0.0022814644 0.0 12 14.4551803503 2.1707907195 0 0 0 2 8 2 0 0 0 0 6 
483 2 14.2483 20.5764 5.31417 0.00259564 7.13295e-04 0.00328741 0.0042489059 0.0 14 15.4475227712 2.3323162703 0 0 2 5 0 3 4 0 0 0 7 
811 2 14.028 24.1099 0.182493 0.00314081 -0.00106935 0.00120491 0.0035298732 0.0 14 16.2187571288 2.1689797092 0 0 1 4 5 2 0 2 0 0 8 
771 2 11.2263 21.5015 0.223947 -0.00134881 -3.58064e-04 -0.00348391 0.0037530157 0.0 15 12.9668864361 2.0349821844 0 0 0 3 7 4 1 0 0 0 7 
26 2 13.7313 20.5732 1.60326 -0.00313998 0.00325664 -0.00211161 0.0049924018 0.0 15 13.6974013858 2.0929392825 0 0 2 0 8 3 2 0 0 0 7 
545 2 11.4578 21.2033 2.72273 -0.00145727 -2.98088e-04 -0.00204425 0.0025281318 0.0 15 12.8893071651 1.9293378562 0 0 1 3 4 6 1 0 0 0 7 
202 2 14.3819 24.8153 2.5015 0.00240415 0.00181111 -0.00541438 0.0061948016 0.0 16 16.2251669128 2.2035390865 0 0 3 1 5 4 2 1 0 0 8 
676 2 15.4395 22.4603 2.23173 3.98372e-04 4.93246e-05 -0.00369989 0.0037216017 0.0 15 18.7718925173 2.2077828789 0 0 1 2 7 3 2 0 0 0 7 
513 2 12.1592 24.5003 4.19214 -0.00201778 0.00176926 0.00379425 0.0046473702 0.0 13 12.8477579839 1.9130149784 0 0 1 2 6 3 1 0 0 0 7 
102 2 11.2939 20.255 5.30225 0.00142644 0.00252268 0.00291915 0.0041134027 0.0 12 13.7348428532 2.0540735601 0 0 0 2 8 2 0 0 0 0 6 
609 1 16.2932 0.0286197 1.72211 7.38325e-04 3.21679e-04 0.00467118 0.0047400974 0.0 15 21.1842255955 2.2407065195 0 0 3 2 4 3 1 2 0 0 8 
430 2 13.6175 21.7243 26.2962 -0.00364357 -0.00479748 -0.00182983 0.0062960062 0.0 14 18.5325637997 2.3210608502 0 0 0 4 4 6 0 0 0 0 6 
760 2 12.9976 22.2254 4.25673 9.37629e-05 9.53218e-04 0.00333563 0.0034704241 0.0 16 13.127982868 1.9936432288 0 0 0 2 9 4 1 0 0 0 7 
754 2 14.3796 22.2594 6.96177 -0.00136485 -0.00137992 -0.00547636 0.0058101216 0.0 13 16.4068028718 2.3431469628 0 0 1 2 6 3 1 0 0 0 7 
418 2 10.1597 24.1296 2.27083 0.00746344 0.0028523 -1.36802e-04 0.0079910742 0.0 16 15.2777981022 1.9293378562 0 0 0 4 6 4 2 0 0 0 7 
688 2 11.3381 18.823 1.87522 -0.0025926 -0.00125923 0.0021222 0.0035792412 0.0 13 13.2794720485 2.1194348502 0 0 0 3 6 4 0 0 0 0 6 
768 1 17.5927 21.143 6.54634 -0.00337828 -0.00109529 0.00474355 0.0059256816 0.0 15 23.5227894549 2.3067340041 0 0 0 3 6 6 0 0 0 0 6 
141 2 15.2547 18.8503 2.75788 0.0015513 0.00132525 -0.00136868 0.0024568484 0.0 14 18.0888351934 2.3494901908 0 0 4 1 3 3 1 2 0 0 8 
422 2 12.2902 25.7507 1.43785 0.00290494 -0.00336752 -0.00429655 0.006183786 0.0 14 14.4044353377 2.0202074448 0 0 0 1 10 3 0 0 0 0 6 
516 2 13.6349 25.1182 7.44677 -9.04461e-04 -7.29636e-04 0.00125176 0.0017080168 0.0 13 13.2693175393 2.176760104 0 0 0 1 10 2 0 0 0 0 6 
712 2 10.4689 26.2081 4.1402 6.00421e-04 -0.00141177 0.0056309 0.005836149 0.0 16 14.0948851415 1.9824498758 0 0 1 3 7 2 2 1 0 0 8 
689 2 10.5935 22.7041 5.03263 -0.00529431 4.48621e-04 0.00103759 0.0054136468 0.0 16 14.6263023291 1.9184597122 0 0 1 2 7 4 2 0 0 0 7 
143 2 11.2876 23.7789 0.194719 0.00128636 -0.00104596 -0.00314572 0.0035558837 0.0 14 12.5932314278 1.878796381 0 0 1 4 4 2 3 0 0 0 7 
250 2 11.3469 25.6151 8.1237 7.62604e-04 -0.00443872 0.00227995 0.0050479671 0.0 14 12.7772002012 2.0124082763 0 0 0 4 5 4 1 0 0 0 7 
298 1 26.1381 22.5012 6.49469 -0.0014881 0.00126506 0.00135537 0.0023773612 0.0 15 22.9901517679 2.3058636968 0 0 1 5 1 6 2 0 0 0 7 
384 1 21.111 22.023 3.03065 0.00257756 4.24486e-04 -0.0041996 0.0049457703 0.0 15 22.0702128743 2.4465370987 0 0 0 4 4 7 0 0 0 0 6 
624 1 23.9626 20.4234 5.68015 9.20794e-04 0.00110462 0.00114338 0.0018372166 0.0 17 25.5463554481 2.4465370987 0 0 0 2 8 7 0 0 0 0 6 
207 1 18.0352 24.2415 1.53326 0.00394496 0.00122564 -0.00353809 0.0054390241 0.0 17 23.8535403591 2.339297356 0 0 0 2 8 7 0 0 0 0 6 
217 1 20.2158 20.5075 5.11511 -0.00280336 0.00122779 2.01519e-04 0.0030670679 0.0 14 20.8511684068 2.2292642666 0 0 2 2 4 4 2 0 0 0 7 
123 1 23.1669 21.0785 0.978332 -0.00399789 0.00146606 9.7117e-04 0.0043675654 0.0 14 22.7215219022 2.4465370987 0 0 0 5 3 5 1 0 0 0 7 
882 1 18.9009 26.7107 0.295902 -0.00121951 0.002385 0.00171363 0.0031799304 0.0 12 20.9049553178 2.339297356 0 0 1 2 6 2 1 0 0 0 7 
890 1 21.3511 19.1383 2.77547 0.00603231 0.00187291 7.89514e-04 0.0063655234 0.0 13 24.0521649232 2.4465370987 0 0 0 1 10 2 0 0 0 0 6 
772 2 25.5662 26.4292 6.62463 -0.0017926 -0.00144184 0.00155504 0.0027767727 0.0 17 18.468852248 2.3109058764 0 0 1 3 6 5 1 1 0 0 8 
41 1 22.824 23.3517 5.06422 4.8277e-04 -0.00216641 0.00316968 0.003869531 0.0 13 22.7130997063 2.3385749092 0 0 2 2 3 5 1 0 0 0 7 
718 2 0.212482 19.7517 1.57527 -0.00160922 -0.00530472 -0.0034741 0.0065420955 0.0 14 19.6053663756 2.3558746169 0 0 0 4 4 6 0 0 0 0 6 
920 1 25.5783 21.874 3.46619 0.00124652 -1.78392e-04 0.00360977 0.0038230976 0.0 16 24.4778873479 2.4373417795 0 0 0 3 6 7 0 0 0 0 6 
60 1 20.7265 22.575 7.16113 0.00119386 -0.00201862 0.00355827 0.004261621 0.0 16 23.3792629177 2.2598878064 0 0 0 3 7 5 1 0 0 0 7 
702 1 19.2125 25.4286 6.96992 0.00174855 -0.00142082 -0.00316296 0.0038833584 0.0 15 23.0994829686 2.289165719 0 0 1 3 4 6 1 0 0 0 7 
116 1 18.6094 22.6854 4.41157 -2.35587e-04 0.00241688 5.69607e-04 0.0024942458 0.0 14 21.6979376965 2.2598878064 0 0 1 1 7 5 0 0 0 0 6 
338 1 24.5756 25.6898 0.330289 3.60732e-04 7.62088e-04 9.18035e-04 0.0012464726 0.0 15 23.6752614166 2.2992930061 0 0 1 2 8 1 3 0 0 0 7 
713 1 21.0762 24.9261 1.16922 0.00156864 -0.00221665 -0.0052191 0.0058832961 0.0 13 22.3464446151 2.2048409138 0 0 0 3 6 4 0 0 0 0 6 
72 1 18.5947 21.1499 1.94894 -0.00146215 -0.00161202 7.05415e-04 0.0022878159 0.0 15 23.9668677612 2.348438017 0 0 1 1 9 2 2 0 0 0 7 
982 1 22.453 25.8236 6.54961 -0.0050794 -0.00174527 0.00308745 0.006195048 0.0 15 22.7519519298 2.3076057107 0 0 2 1 6 4 2 0 0 0 7 
547 1 21.7888 19.8669 7.93136 -0.00166946 0.00173071 -0.0012497 0.0027100192 0.0 12 20.3157702991 2.1568751905 0 0 0 2 8 2 0 0 0 0 6 
683 1 25.3814 22.6123 0.187862 -5.98265e-04 0.00232341 -7.54314e-05 0.0024003843 0.0 15 22.3281532493 2.2883766513 0 0 0 2 8 5 0 0 0 0 6 
150 1 24.4119 20.3873 8.61258 9.25541e-04 -0.00260349 9.4964e-04 0.0029217465 0.0 13 21.3187946534 2.3093752214 0 0 1 3 4 4 1 0 0 0 7 
505 1 23.5397 23.628 2.32955 0.00162727 -2.38229e-04 -0.00311589 0.0035232841 0.0 13 21.8881859804 2.2843443515 0 0 0 3 6 4 0 0 0 0 6 
354 2 25.6074 17.5562 5.25693 -0.00229635 -0.00158438 -0.00251965 0.0037592711 0.0 13 16.1854094633 2.3115191173 0 0 1 1 9 0 2 0 0 0 7 
295 2 25.0864 18.7097 3.16466 0.00190335 -0.00122551 -0.00177761 0.002878283 0.0 13 20.3726256582 2.4386501132 0 0 0 3 6 4 0 0 0 0 6 
462 2 25.9839 24.9385 4.8064 -0.00253651 -3.9669e-04 -0.00175318 0.00310884 0.0 13 18.6466985265 2.3109058764 0 0 2 3 3 3 1 1 0 0 8 
943 2 1.65067 24.5551 6.47618 0.00198142 0.00215997 -0.00216529 0.0036441702 0.0 14 15.4801503452 2.207147361 0 0 1 3 4 5 1 0 0 0 7 
866 2 1.36518 23.5173 4.08428 0.00207324 -4.44771e-04 0.00829257 0.0085593728 0.0 12 14.3174770195 2.0207100603 0 0 0 4 4 4 0 0 0 0 6 
965 1 20.4511 24.8962 4.49302 4.3425e-04 -2.53914e-04 5.5313e-05 5.0606808817e-04 0.0 13 21.8923031817 2.2048409138 0 0 0 3 6 4 0 0 0 0 6 
301 1 22.9732 23.3894 25.6961 -0.00127635 -9.40343e-04 0.00147657 0.0021664656 0.0 13 20.6662462053 2.1749130965 0 0 0 1 10 2 0 0 0 0 6 
815 1 19.2221 19.8751 8.8966 0.00222089 -0.00372856 3.52148e-04 0.0043541383 0.0 14 20.7120474271 2.2137907683 0 0 1 2 6 4 1 0 0 0 7 
400 1 22.9996 26.2979 3.63616 -7.39336e-04 9.24811e-04 -0.00214111 0.0024466804 0.0 16 23.2412963007 2.2992930061 0 0 0 3 6 7 0 0 0 0 6 
437 1 19.3244 0.433319 3.09152 -1.29619e-04 0.00324754 0.00112802 0.0034403119 0.0 15 22.9300399491 2.2032572941 0 0 0 1 10 4 0 0 0 0 6 
560 1 8.6205 4.08175 13.4965 -2.83018e-04 8.4062e-04 -6.58034e-04 0.0011044229 0.0 14 21.8339014981 2.238071227 0 0 0 2 8 4 0 0 0 0 6 
82 1 9.33917 0.936686 14.8223 -0.00205288 6.5717e-04 9.87327e-04 0.0023708655 0.0 16 24.0938024578 2.4400262456 0 0 0 0 12 4 0 0 0 0 6 
223 1 9.51206 5.24591 10.8496 5.78276e-05 -4.73392e-04 0.0011409 0.0012365665 0.0 16 22.1426929476 2.1782442922 0 0 0 4 5 6 1 0 0 0 7 
533 1 6.33769 4.20232 11.7642 3.92886e-04 -0.00103006 -0.00232939 0.0025770993 0.0 13 21.2913758225 2.1871674741 0 0 0 3 6 4 0 0 0 0 6 
7 1 7.07869 3.35165 16.2363 -0.0013878 -1.06738e-04 3.29157e-04 0.0014302888 0.0 13 21.1159003294 2.1882297878 0 0 0 3 6 4 0 0 0 0 6 
303 2 26.5047 5.70119 10.5553 -0.00435195 -0.00566748 -0.00143524 0.0072883271 0.0 15 17.3401917806 2.3516623276 0 0 1 3 5 4 2 0 0 0 7 
667 1 6.98527 7.01099 11.3082 1.85758e-04 -0.00207704 -0.00186098 0.0027949683 0.0 15 21.6235523091 2.234682506 0 0 3 2 4 2 3 1 0 0 8 
95 1 8.3276 2.24912 10.9484 0.00453751 0.00112352 7.30041e-04 0.0047312001 0.0 16 23.672416957 2.4400262456 0 0 0 3 7 5 1 0 0 0 7 
994 2 1.52659 5.9373 8.92395 -1.48795e-04 -0.00115288 -0.00229905 0.0025762188 0.0 14 16.9236120866 2.3031282598 0 0 2 3 2 5 2 0 0 0 7 
404 1 2.32038 9.57644 14.175 0.00477269 0.00290856 -6.95824e-04 0.0056322697 0.0 14 22.4856126251 2.3873098954 0 0 2 3 3 4 1 1 0 0 8 
583 1 3.19996 7.40957 16.9593 -0.00100971 0.0011676 8.60965e-04 0.0017675024 0.0 16 22.550708512 2.2965738317 0 0 2 3 4 3 4 0 0 0 7 
319 1 8.1041 5.93617 15.7688 -9.19036e-05 -8.60654e-04 0.0023177 0.0024740463 0.0 13 20.89656942 2.1923170241 0 0 0 3 6 4 0 0 0 0 6 
831 1 8.09138 6.6152 18.5586 -0.0030485 -0.00107589 -2.74195e-04 0.0032443912 0.0 16 21.8498446555 2.2104745219 0 0 2 2 6 3 2 1 0 0 8 
359 1 1.4836 7.81789 12.1327 -0.0013631 -7.70001e-04 -0.00101405 0.0018652722 0.0 16 23.2499575493 2.3516623276 0 0 0 6 3 4 3 0 0 0 7 
226 1 6.1452 8.06725 16.0238 0.00161901 0.00278036 0.00130205 0.0034708687 0.0 16 22.6023730698 2.2965738317 0 0 3 2 2 6 3 0 0 0 7 
708 1 5.18028 1.3386 11.4884 0.00381052 -0.00196607 0.00335705 0.005445666 0.0 15 21.9788454706 2.1593696141 0 0 0 0 12 3 0 0 0 0 6 
675 1 1.31577 4.69398 16.5806 -0.00144107 0.00215376 0.00338608 0.004263907 0.0 15 23.6251849503 2.3886913353 0 0 0 3 6 6 0 0 0 0 6 
838 1 0.988465 4.06187 13.2601 -0.00173988 0.00223342 2.42715e-04 0.0028415239 0.0 13 23.2250140649 2.3516623276 0 0 0 1 10 2 0 0 0 0 6 
20 1 6.17705 5.53413 8.92292 -0.00338982 -0.00236743 -0.00136562 0.0043543682 0.0 15 23.1425578506 2.2504120076 0 0 0 4 4 7 0 0 0 0 6 
801 1 4.49491 3.27745 14.1205 -4.94383e-04 0.00184361 0.00139699 0.0023653527 0.0 16 24.5492091557 2.3886913353 0 0 0 2 8 6 0 0 0 0 6 
8 1 4.07449 6.46602 10.7802 -0.0016085 0.00109114 0.00201414 0.0027990389 0.0 14 23.1121853028 2.3401026788 0 0 1 4 3 5 0 1 0 0 8 
152 1 1.97836 1.7875 15.2724 -0.00163761 0.00150431 -0.00383884 0.0044363733 0.0 13 21.4868745727 2.2259502263 0 0 1 2 6 3 1 0 0 0 7 
446 1 5.68553 6.00269 13.9791 -0.00453289 0.00353778 -0.0054723 0.0079378238 0.0 15 22.4664656139 2.2388658701 0 0 2 2 4 5 2 0 0 0 7 
690 1 3.29677 3.75812 11.2241 0.00316041 0.0012364 -0.00378845 0.0050861803 0.0 17 23.3219330285 2.3516623276 0 0 0 4 6 6 0 1 0 0 8 
867 1 6.15544 0.609715 15.9992 0.00103717 0.00152591 9.50226e-04 0.0020753439 0.0 12 19.5690430385 2.2170800968 0 0 0 2 8 2 0 0 0 0 6 
779 1 2.18625 1.50082 12.3705 -7.45143e-04 0.00209157 -0.00288404 0.0036397239 0.0 12 19.9375590561 2.2502803621 0 0 0 0 12 0 0 0 0 0 5 
479 1 5.32841 5.44171 17.26 -0.00168888 0.00188415 2.08705e-04 0.0025388767 0.0 15 21.5513520205 2.3886913353 0 0 1 3 5 4 2 0 0 0 7 
813 1 4.34351 2.7495 17.1836 3.72509e-04 0.0024799 6.89105e-04 0.0026006793 0.0 14 22.1694802334 2.3779777317 0 0 0 4 5 4 1 0 0 0 7 
910 1 2.94487 6.42798 14.3129 -0.0015494 3.18381e-04 6.61187e-05 0.0015831546 0.0 14 24.8272153643 2.3886913353 0 0 1 4 4 2 3 0 0 0 7 
991 1 6.94143 1.71056 13.5622 -7.09487e-04 -1.07911e-04 -1.89611e-04 7.4227280592e-04 0.0 11 19.8884182103 2.1580811788 0 0 0 4 4 3 0 0 0 0 6 
264 2 2.00188 1.08367 9.35231 -0.00227715 0.00255505 0.00525237 0.0062690576 0.0 15 16.5108641073 2.1005143913 0 0 0 2 8 5 0 0 0 0 6 
584 2 15.1214 2.16895 12.7914 0.00227909 -4.09059e-04 -0.00174218 0.0028977184 0.0 14 13.0347875119 1.9746611147 0 0 0 3 6 5 0 0 0 0 6 
979 2 15.7814 4.54315 12.1964 1.93503e-04 0.00162379 0.00186959 0.0024838487 0.0 16 14.2841494997 1.9381653665 0 0 0 4 4 8 0 0 0 0 6 
496 2 14.1488 0.872342 14.5666 0.00145649 -0.00133968 0.00558987 0.0059298189 0.0 12 15.1641134678 2.3243477818 0 0 0 3 6 3 0 0 0 0 6 
990 2 14.3935 9.20627 10.7539 0.0010014 5.96433e-04 1.60832e-04 0.0011766058 0.0 16 14.2307453514 2.0160567302 0 0 1 4 3 6 2 0 0 0 7 
376 2 11.7763 8.11466 15.1249 0.00256712 -0.00374074 -0.00154736 0.0047934918 0.0 14 16.4038543791 2.1913981929 0 0 2 3 3 3 3 0 0 0 7 
502 2 15.0404 5.7176 16.1782 0.00434514 -0.00439591 8.8175e-04 0.0062435366 0.0 14 13.6760541717 1.9806172985 0 0 0 2 8 4 0 0 0 0 6 
970 2 12.4121 8.95077 12.903 -0.00277243 0.00224766 -0.00124721 0.0037807243 0.0 13 13.4845375413 2.00777376 0 0 2 4 1 3 3 0 0 0 7 
674 2 14.4085 3.72725 14.5538 -0.00174792 0.00125055 -3.78308e-04 0.0021822503 0.0 13 13.0301971171 2.0009000925 0 0 0 4 4 5 0 0 0 0 6 
406 2 14.756 26.4268 12.0121 -0.00231226 2.78596e-04 9.95873e-04 0.0025329676 0.0 15 16.7964664268 2.2981102826 0 0 0 4 4 7 0 0 0 0 6 
90 2 11.6812 5.05748 14.2019 0.00374904 0.00121245 -0.0030601 0.0049889426 0.0 15 15.6778075141 2.1513574534 0 0 0 4 4 7 0 0 0 0 6 
337 2 12.588 4.41845 16.4474 -9.11194e-05 0.00305261 -0.00375728 0.0048418884 0.0 15 14.0204456149 2.0801774775 0 0 0 1 10 4 0 0 0 0 6 
775 2 10.975 5.97531 16.4809 8.05757e-04 -8.23032e-04 -0.00451705 0.0046615841 0.0 13 14.8572252795 2.2104745219 0 0 0 3 6 4 0 0 0 0 6 
646 2 13.6994 6.38723 14.1702 -0.0013945 -0.00590392 0.00169171 0.0062978397 0.0 15 14.1147246564 1.9341836444 0 0 0 3 6 6 0 0 0 0 6 
2 2 10.0754 4.22976 18.1203 -0.00189281 0.00103115 5.21544e-04 0.0022176583 0.0 13 17.6026528475 2.1578564625 0 0 0 1 10 2 0 0 0 0 6 
115 2 10.4636 3.84582 15.7913 0.00108759 -5.90272e-04 -0.00124951 0.0017585643 0.0 12 15.5908071979 2.1522817268 0 0 0 3 6 3 0 0 0 0 6 
334 2 16.6791 1.2563 11.1174 -0.0026371 -7.92472e-04 0.00395068 0.0048156184 0.0 14 12.6289202468 1.8961541917 0 0 0 6 0 8 0 0 0 0 6 
498 2 12.6063 6.68584 12.17 -0.0058966 0.00164585 2.82594e-04 0.006128505 0.0 14 16.0814770888 2.1513574534 0 0 0 5 4 3 2 0 0 0 7 
329 2 16.1369 26.4201 13.9887 1.06971e-04 0.00222659 0.00307809 0.0038004978 0.0 14 16.9707327278 2.1174493153 0 0 0 3 6 5 0 0 0 0 6 
473 2 12.2458 0.872893 12.964 -0.00116455 0.001305 5.16357e-04 0.0018236848 0.0 15 18.1196022439 2.4400262456 0 0 0 4 5 5 1 0 0 0 7 
528 2 12.1735 2.36425 15.0153 -3.30444e-04 0.00257695 6.70808e-04 0.0026832532 0.0 14 15.6395952608 2.0581465372 0 0 0 2 8 4 0 0 0 0 6 
998 2 14.0709 8.63463 15.4744 -0.00219944 2.76453e-04 -0.00396163 0.0045396558 0.0 14 14.0624588393 1.9714870953 0 0 2 2 4 4 2 0 0 0 7 
477 2 19.059 1.69313 15.3083 -0.00167974 -2.21099e-05 -0.00154565 0.0022827723 0.0 15 17.1282887597 2.1263143429 0 0 1 5 3 3 2 1 0 0 8 
459 2 11.9845 3.77648 10.7694 0.00183154 -0.00216237 0.00615109 0.0067724656 0.0 13 15.881931686 2.235174883 0 0 0 5 3 4 1 0 0 0 7 
69 2 17.4432 6.62265 15.8974 0.0016104 -0.00410606 -0.0022034 0.0049303234 0.0 14 12.5481871055 1.9806172985 0 0 1 4 2 6 1 0 0 0 7 
497 2 13.4906 1.58211 10.9414 -0.00386429 -0.00103501 -0.00197331 0.0044607102 0.0 15 14.3899509658 1.9748781384 0 0 0 5 3 6 1 0 0 0 7 
876 2 17.8627 7.15087 11.6734 -1.94082e-04 4.33244e-04 3.89168e-04 6.138565944e-04 0.0 14 12.6802912798 1.9381653665 0 0 0 4 4 6 0 0 0 0 6 
614 1 9.154 7.3355 13.2906 -9.86614e-04 -0.00189507 -1.011e-04 0.002138906 0.0 18 24.2130762192 2.2357879078 0 0 2 4 3 4 5 0 0 0 7 
826 2 16.5741 4.21116 15.0002 0.00242732 -0.0012381 0.00229623 0.0035633476 0.0 14 11.8286566493 1.9524770791 0 0 2 2 4 4 2 0 0 0 7 
54 2 17.4255 2.1348 13.5567 -0.00317244 -0.00129604 -0.00100018 0.0035699377 0.0 14 13.6988981195 1.9096761602 0 0 0 6 2 4 2 0 0 0 7 
819 2 11.44 3.01749 12.7652 -0.00189219 0.00260124 4.20014e-04 0.003243955 0.0 12 16.7950978619 2.428751933 0 0 0 4 4 4 0 0 0 0 6 
790 2 16.0704 1.71785 15.5844 -6.91419e-04 5.29575e-05 0.00212546 0.0022357202 0.0 14 16.1148717211 2.1843125351 0 0 1 4 3 4 2 0 0 0 7 
21 2 13.4056 4.25852 12.4679 0.00190125 -0.00424543 -0.00341541 0.0057709144 0.0 14 12.6761146069 1.9746611147 0 0 0 3 6 5 0 0 0 0 6 
176 2 15.5891 3.16922 10.1145 -5.94141e-04 -9.56295e-04 0.00386531 0.0040259316 0.0 11 12.0884453465 2.0720394844 0 0 0 4 4 3 0 0 0 0 6 
880 2 15.2838 6.80561 10.9659 0.00193774 -3.4873e-05 1.67217e-04 0.0019452542 0.0 15 15.0759673447 2.144724643 0 0 0 4 4 7 0 0 0 0 6 
305 2 18.0804 4.47051 13.0617 0.00255551 -6.21694e-04 0.00563272 0.0062164837 0.0 13 13.6435699644 1.8912483726 0 0 2 2 4 3 2 0 0 0 7 
288 2 13.8164 5.26622 18.2936 -8.18797e-05 8.19025e-04 0.0021829 0.0023329292 0.0 12 13.9479488024 2.0765644162 0 0 0 3 6 3 0 0 0 0 6 
948 1 11.0432 1.18618 17.4983 0.00102672 6.12259e-04 -0.00162175 0.0020147179 0.0 14 21.5805497834 2.2352080772 0 0 0 2 9 2 1 0 0 0 7 
673 1 8.25994 1.33434 18.1059 0.00133839 5.58143e-04 4.23399e-04 0.0015106549 0.0 15 21.9698130804 2.2734677277 0 0 0 3 7 4 1 0 0 0 7 
391 2 15.2261 3.55829 16.8677 0.00257524 9.63026e-05 -0.00426218 0.0049806941 0.0 14 14.0734986962 2.1204682125 0 0 0 6 1 6 1 0 0 0 7 
434 2 17.79 7.93902 17.7667 -3.31056e-04 -3.93626e-04 -7.93325e-04 9.4546499599e-04 0.0 13 12.9212455781 2.1273221984 0 0 1 2 5 5 0 0 0 0 6 
330 2 17.3729 4.38324 17.2278 0.00106118 2.88816e-04 -9.84984e-04 0.0014763845 0.0 15 16.0758961281 2.1254674158 0 0 2 3 3 5 1 1 0 0 8 
596 2 22.5795 6.29984 14.3523 0.00261642 -0.00133274 7.48609e-04 0.0030302252 0.0 14 16.1147546392 2.052389877 0 0 1 1 8 3 1 0 0 0 7 
205 2 21.441 6.95139 16.6168 0.00194534 0.00396126 0.00152122 0.0046679802 0.0 13 13.7013501046 2.2640506245 0 0 1 0 9 3 0 0 0 0 6 
468 1 26.3799 1.41532 16.7758 -0.00207549 -0.00514382 -0.00431184 0.007025561 0.0 14 20.5543999563 2.2243431624 0 0 1 2 7 2 2 0 0 0 7 
606 2 23.3789 5.71636 16.9269 -0.00199718 8.38898e-04 9.8136e-04 0.002378139 0.0 14 18.61743682 2.4543935665 0 0 3 3 1 4 2 1 0 0 8 
349 1 0.608271 7.27206 18.8859 -0.00152081 0.00193988 7.98099e-05 0.0024662455 0.0 15 21.0408972953 2.4543935665 0 0 0 6 3 3 3 0 0 0 7 
159 2 21.6528 3.9584 15.3879 0.00259788 -0.00537428 0.00310104 0.0067266868 0.0 16 19.5963086081 2.2640506245 0 0 0 4 5 6 1 0 0 0 7 
369 2 24.8247 4.05404 11.6975 -2.67978e-04 -0.00332568 -0.00168607 0.0037382873 0.0 14 16.6133168993 2.1106959206 0 0 0 1 10 3 0 0 0 0 6 
964 2 19.4191 8.21191 16.0883 0.00162523 -6.78653e-05 2.06374e-04 0.0016396855 0.0 12 11.6960130783 1.8399586687 0 0 0 2 8 2 0 0 0 0 6 
138 2 18.8128 5.53444 10.3412 -0.00277162 -0.00166175 -0.00404319 0.005175971 0.0 14 14.1203866898 2.0603627996 0 0 1 3 4 5 1 0 0 0 7 
484 2 21.2179 1.8849 13.966 0.00172703 -0.00330897 -1.94724e-04 0.0037376239 0.0 13 15.8032648597 2.0745847126 0 0 1 2 6 3 1 0 0 0 7 
527 2 19.1419 5.97519 17.3408 -0.00318942 -8.28002e-04 5.47388e-04 0.0033403025 0.0 14 14.6066250671 2.2640506245 0 0 1 3 4 5 1 0 0 0 7 
915 1 25.8195 4.80628 18.3925 -0.00147817 0.00149586 -0.00421457 0.0047101151 0.0 15 21.9314914043 2.4384089711 0 0 1 3 5 4 2 0 0 0 7 
277 2 25.6748 8.04657 10.1318 -0.00159835 7.26278e-04 0.00507163 0.0053669016 0.0 15 13.9341004324 2.1514366866 0 0 1 3 4 6 1 0 0 0 7 
393 1 20.1807 2.81569 18.1369 -8.71935e-04 -0.00149161 9.48522e-04 0.0019710061 0.0 14 22.030882605 2.2623118914 0 0 1 4 3 4 2 0 0 0 7 
861 2 21.0575 2.7967 11.0063 0.00272209 8.22477e-04 -5.21993e-04 0.0028911449 0.0 18 15.7676449273 2.0603627996 0 0 3 4 2 4 3 2 0 0 8 
87 2 18.9596 4.18626 15.5503 -5.23603e-04 0.00513126 0.00362674 0.0063053336 0.0 14 14.3309784252 2.0371876282 0 0 3 4 0 3 3 1 0 0 8 
857 2 18.7857 0.254007 10.0282 0.00241776 -1.54667e-04 -0.00311126 0.0039432758 0.0 16 17.8575102446 2.2135897681 0 0 1 5 2 6 1 1 0 0 8 
698 1 26.0079 6.1725 13.9082 0.00323055 0.00304913 -0.0019111 0.0048359022 0.0 15 23.6719667377 2.2786359862 0 0 1 4 4 4 1 1 0 0 8 
945 2 19.241 6.52616 14.5485 0.00141718 0.00150275 -8.95417e-05 0.0020675286 0.0 17 14.7211140362 1.9854737385 0 0 1 6 2 3 5 0 0 0 7 
969 2 16.3891 6.38468 13.6734 0.00327853 -0.00311482 0.00120005 0.00467878 0.0 14 13.6691712381 1.9568595091 0 0 0 4 4 6 0 0 0 0 6 
318 2 18.2508 3.17232 10.7947 0.00233805 6.28749e-04 3.28907e-04 0.0024433548 0.0 14 14.5952925747 2.0595538986 0 0 0 4 5 4 1 0 0 0 7 
361 2 17.7295 26.0027 12.0762 0.00199323 0.00435183 -0.00176383 0.005101224 0.0 13 16.1121680612 2.1074191639 0 0 0 5 2 6 0 0 0 0 6 
855 1 23.8678 1.16096 15.7327 -0.00361916 -0.00226199 -0.00230001 0.0048481918 0.0 14 21.1455829807 2.1833462171 0 0 0 2 8 4 0 0 0 0 6 
972 2 21.9455 8.637 14.5542 0.00263872 0.00207011 -6.50638e-04 0.0034163619 0.0 14 13.8171935488 1.9921396223 0 0 1 3 4 5 1 0 0 0 7 
206 2 21.3552 0.228989 11.8176 6.79485e-04 1.33138e-04 -0.00206232 0.0021754515 0.0 15 18.814596491 2.2561646875 0 0 1 2 6 5 1 0 0 0 7 
550 2 25.775 9.41145 12.5807 0.00388659 -7.05917e-04 -0.00165498 0.0042828565 0.0 16 19.0513779122 2.2918579536 0 0 0 5 4 5 2 0 0 0 7 
564 2 22.3257 7.34147 9.84787 7.15348e-04 0.00150647 0.0012682 0.0020951148 0.0 14 12.778664876 1.887670705 0 0 0 4 4 6 0 0 0 0 6 
974 1 0.391279 7.5834 16.2231 -0.00164202 0.00244504 -0.00180695 0.0034553608 0.0 15 23.8341815325 2.4524587281 0 0 0 4 6 3 2 0 0 0 7 
741 2 20.2224 6.39331 12.323 -8.78553e-05 -0.00430182 5.76615e-04 0.0043411817 0.0 15 14.6847835078 2.0478145247 0 0 2 5 1 3 3 1 0 0 8 
610 2 0.12643 2.85284 10.4754 -5.72955e-05 0.00130732 -7.4281e-04 0.0015047043 0.0 13 16.0115449652 2.1127814513 0 0 1 0 9 3 0 0 0 0 6 
836 2 19.8202 1.97292 8.64462 0.00116001 0.00148763 -0.00186326 0.0026514909 0.0 14 17.0747465306 2.289165719 0 0 4 1 3 2 3 1 0 0 8 
416 2 19.3341 26.6259 14.0216 -3.44523e-04 -0.00405647 -5.48056e-04 0.0041077987 0.0 13 18.0485005054 2.2561646875 0 0 0 1 10 2 0 0 0 0 6 
636 2 22.9061 3.9109 9.58388 0.0039414 0.00121733 0.00251909 0.0048334605 0.0 12 13.0194387889 1.9214755451 0 0 0 2 8 2 0 0 0 0 6 
635 2 19.4154 1.52124 12.2127 -0.00230016 -2.27022e-04 -3.81719e-04 0.0023426447 0.0 13 12.7900069254 1.9019191738 0 0 2 2 4 3 2 0 0 0 7 
523 2 20.4553 3.94181 13.1512 -9.06491e-04 -0.00270766 0.00440302 0.0052478313 0.0 16 14.5700640719 2.0167045955 0 0 1 5 3 4 2 1 0 0 8 
474 2 23.3002 9.67147 12.6029 -0.00397159 -6.58838e-04 -0.00155048 0.0043141144 0.0 12 12.9761522322 2.1183840616 0 0 1 2 5 4 0 0 0 0 6 
907 1 25.387 4.10097 15.6043 0.00406907 0.00391021 -2.27663e-04 0.0056479114 0.0 16 21.9574935074 2.2256211041 0 0 2 3 5 3 1 2 0 0 8 
977 2 23.9102 7.93351 15.7877 6.64334e-04 -0.00283557 0.00277211 0.004020745 0.0 16 19.3293501565 2.4543935665 0 0 1 4 4 4 3 0 0 0 7 
362 2 22.0354 0.971501 9.47274 0.00113113 0.00157263 0.00264441 0.0032780367 0.0 15 17.9124273771 2.289165719 0 0 3 3 1 4 4 0 0 0 7 
762 1 26.1817 1.58316 13.613 7.05977e-04 -0.00147218 -0.00179769 0.0024284577 0.0 16 23.6262789901 2.2724565757 0 0 0 2 8 6 0 0 0 0 6 
6 2 23.78 8.07144 8.19513 -0.00304273 0.00204441 0.00162837 0.0040111603 0.0 13 12.8600901382 1.9590666112 0 0 0 4 4 5 0 0 0 0 6 
752 2 23.3851 2.10451 12.43 -0.00442817 0.00528758 -0.00253529 0.0073481213 0.0 14 16.6762069191 2.1492490374 0 0 2 3 4 2 2 1 0 0 8 
726 2 23.7747 7.56732 11.9113 0.00665047 0.00119452 -0.00178024 0.0069874805 0.0 15 15.9149745728 2.1633052833 0 0 0 3 7 4 1 0 0 0 7 
211 2 23.219 4.18797 13.4562 6.71616e-05 -0.00146805 -0.00103065 0.001794971 0.0 14 15.4135463542 2.1472869961 0 0 2 4 1 4 3 0 0 0 7 
717 2 22.3867 5.51924 11.6482 -0.00413798 -0.00244905 0.00268367 0.005506615 0.0 14 14.3844451451 2.0478145247 0 0 1 3 5 3 2 0 0 0 7 
107 2 21.0868 9.85514 9.84809 -0.00416881 4.16547e-04 -5.91726e-04 0.0042311497 0.0 16 14.7108875649 1.9776119734 0 0 2 3 2 8 0 1 0 0 8 
931 2 24.1848 1.92477 10.3036 -3.88601e-05 -7.24587e-04 -4.86054e-04 8.7337558865e-04 0.0 14 14.7335140486 2.0834252465 0 0 2 0 8 2 2 0 0 0 7 
332 2 2.03553 13.0101 7.98168 0.00123753 -4.50583e-04 -0.00231682 0.0026649879 0.0 13 12.6419834354 2.0208436718 0 0 0 4 5 3 1 0 0 0 7 
171 2 9.04385 11.8994 10.5588 -8.58648e-04 -3.88185e-04 0.00207127 0.002275549 0.0 13 17.7385632469 2.1638435195 0 0 2 3 2 5 0 1 0 0 8 
486 1 2.01023 15.1357 13.0818 -0.00209009 -3.04633e-04 0.00333952 0.0039514138 0.0 16 23.2198056568 2.3028483105 0 0 0 2 8 6 0 0 0 0 6 
227 2 0.333512 13.6243 11.1015 0.00255039 -0.00255033 0.00286387 0.0046054776 0.0 13 14.7998327312 2.158050186 0 0 1 3 5 2 2 0 0 0 7 
215 2 0.432816 9.87551 10.1088 0.00273144 4.11502e-04 0.00238885 0.0036519451 0.0 12 13.5196038836 2.0342040439 0 0 1 2 5 4 0 0 0 0 6 
80 1 3.7137 17.7351 11.8326 0.0030311 0.00343907 -7.37191e-04 0.0046430831 0.0 13 21.2307253503 2.3028483105 0 0 0 3 6 4 0 0 0 0 6 
709 1 7.93224 15.6657 15.7877 -9.04688e-04 -0.0012647 -0.00179083 0.0023717079 0.0 15 20.9511815409 2.2496468288 0 0 1 4 2 7 1 0 0 0 7 
405 1 3.59552 15.1594 16.2952 -3.22327e-04 -0.00152904 -0.00112503 0.0019255001 0.0 15 22.0134348792 2.1841331478 0 0 2 1 6 4 2 0 0 0 7 
131 1 3.56796 9.27912 10.5481 -6.51454e-04 3.58744e-04 0.00405228 0.0041199591 0.0 16 22.278179327 2.3962248062 0 0 2 2 5 5 1 1 0 0 8 
954 1 4.46721 12.9791 12.8695 0.00130904 -5.1632e-04 0.00115206 0.0018186298 0.0 17 23.0987751016 2.3962248062 0 0 2 3 5 2 5 0 0 0 7 
706 1 7.22751 11.4005 17.0645 -0.00409305 0.00249848 -3.25819e-04 0.0048064143 0.0 13 20.5071452445 2.1959372603 0 0 0 2 8 3 0 0 0 0 6 
899 1 5.95004 13.4447 15.2678 0.0017611 -0.00416325 -0.00139526 0.0047308429 0.0 14 20.7618076336 2.2175485513 0 0 1 3 4 5 1 0 0 0 7 
412 2 2.87006 12.2104 10.1799 -0.00308184 0.00368223 -0.00176916 0.005117273 0.0 15 17.9949132128 2.2563820592 0 0 1 4 3 5 2 0 0 0 7 
611 1 2.03729 18.0973 9.44954 -0.00116089 -6.73307e-04 0.0019961 0.0024052907 0.0 15 23.2248496003 2.2864550806 0 0 0 3 6 6 0 0 0 0 6 
952 1 2.33959 17.4263 15.0833 0.00603667 0.00158256 -0.00345351 0.0071325039 0.0 16 23.426154726 2.1831623947 0 0 1 2 7 4 2 0 0 0 7 
439 1 5.8544 14.8035 18.0591 -0.00271939 9.97119e-04 -5.4749e-04 0.0029477235 0.0 14 22.1274700302 2.1817309826 0 0 0 3 6 5 0 0 0 0 6 
577 2 26.3511 12.6762 12.9768 6.98967e-04 -0.00289444 0.00580072 0.006520329 0.0 14 15.0414546505 2.1361576517 0 0 0 4 4 6 0 0 0 0 6 
458 1 4.84017 15.6714 13.8576 0.00352298 -3.26367e-04 0.00239353 0.0042716378 0.0 15 22.9414537594 2.2496468288 0 0 2 2 5 4 1 1 0 0 8 
326 1 8.02751 17.3521 9.01791 0.00300341 0.00106965 0.0012754 0.0034338416 0.0 14 20.9765362426 2.2193740282 0 0 2 4 2 3 2 1 0 0 8 
541 1 5.76742 11.1321 10.7753 -0.00153469 -0.00203197 -0.00186494 0.0031562916 0.0 15 22.8316249967 2.3401981754 0 0 2 3 5 0 5 0 0 0 7 
640 2 0.650146 15.3658 9.70048 1.73895e-04 4.08876e-04 0.00749544 0.0075085977 0.0 14 17.252136719 2.3028483105 0 0 1 1 9 1 2 0 0 0 7 
397 1 6.74615 16.4341 11.6151 -9.63866e-04 0.00111513 -0.00215512 0.0026109567 0.0 15 24.1911638052 2.3069052148 0 0 1 2 7 4 0 1 0 0 8 
627 1 7.28404 13.2049 12.7808 -3.19036e-04 0.00194961 0.00133337 0.002383409 0.0 16 23.0391837538 2.304626171 0 0 2 4 4 2 2 2 0 0 8 
114 1 7.72984 9.84592 13.6227 -0.00147793 -0.0021665 -0.00103078 0.0028178905 0.0 17 22.9492981277 2.328294342 0 0 6 1 1 2 5 2 0 0 8 
883 1 1.9384 10.3483 16.8677 -0.00189781 0.00179652 -0.00258364 0.0036748282 0.0 13 22.1583123757 2.2454905606 0 0 1 2 5 5 0 0 0 0 6 
431 1 4.99538 8.7287 13.0072 -6.79648e-04 0.00542525 -5.72466e-04 0.0054975427 0.0 17 23.2314625434 2.3962248062 0 0 5 1 3 3 2 3 0 0 8 
174 1 2.22986 12.6898 14.8313 -0.00278988 0.00323839 -0.00636215 0.0076646952 0.0 15 23.2803341262 2.1871930855 0 0 2 2 5 3 3 0 0 0 7 
981 1 3.63763 15.1262 10.6131 -0.00294498 0.00264669 -0.00220816 0.0045336349 0.0 14 22.2946697664 2.2781848745 0 0 1 3 5 3 2 0 0 0 7 
587 1 4.40169 12.2129 17.7389 0.00177002 -0.00417521 0.00159151 0.0048060642 0.0 13 22.4383873199 2.1739982782 0 0 0 1 10 2 0 0 0 0 6 
763 1 4.76257 10.6667 15.1069 -0.00225064 -0.00522473 0.00201661 0.0060357187 0.0 15 23.2966366547 2.328294342 0 0 3 1 5 3 2 1 0 0 8 
238 1 6.32138 13.8116 9.7464 6.53566e-04 0.00103512 9.60254e-04 0.001555863 0.0 15 22.8597450066 2.2374379652 0 0 0 3 7 4 1 0 0 0 7 
453 2 1.50855 11.3264 12.0135 -8.2943e-05 0.00278604 -0.00134527 0.0030949394 0.0 15 18.8256356991 2.3962248062 0 0 1 3 4 6 1 0 0 0 7 
296 1 5.26661 16.6629 8.87822 0.00203645 9.41832e-04 -0.00165055 0.0027854069 0.0 14 23.2572930873 2.274585088 0 0 0 4 5 4 1 0 0 0 7 
346 2 16.7998 9.42153 11.1494 -0.00395038 0.0027206 -3.74101e-05 0.0047967245 0.0 13 12.7321936294 2.0148393111 0 0 1 4 3 3 2 0 0 0 7 
327 1 13.5514 15.7889 14.8147 -0.00189366 0.00189985 -0.00146839 0.00305803 0.0 14 20.9761443141 2.2718512103 0 0 4 1 3 1 5 0 0 0 7 
532 1 9.21202 14.9885 9.93954 0.00311207 0.00127307 -0.00160735 0.0037268299 0.0 15 23.1677398812 2.2325457767 0 0 1 3 4 6 1 0 0 0 7 
862 2 15.7026 13.0132 13.2549 0.00387249 6.33212e-04 -0.00215878 0.0044785564 0.0 14 15.0279340118 2.2456217935 0 0 1 3 5 3 2 0 0 0 7 
860 2 13.7371 10.685 13.7147 0.00154639 -0.00331601 -0.00142808 0.0039276783 0.0 18 13.1506659685 1.9068268488 0 0 3 4 3 2 5 0 1 0 9 
743 1 13.5248 14.5832 18.5628 0.00477423 3.92072e-04 3.51841e-05 0.0047904311 0.0 15 22.5555223735 2.3527999367 0 0 0 3 6 6 0 0 0 0 6 
310 1 12.141 15.9695 12.2833 -8.57378e-04 0.00135699 -0.00404091 0.0043480424 0.0 15 23.8940910841 2.3344271394 0 0 0 2 9 3 1 0 0 0 7 
100 2 9.96072 10.2611 9.2517 -0.00267412 0.00190699 0.00124142 0.0035112181 0.0 15 15.9581154828 2.2056273913 0 0 0 4 5 5 1 0 0 0 7 
788 2 11.5878 12.9581 10.1355 0.00179175 0.00411755 0.00450015 0.0063573529 0.0 15 19.2832978569 2.2305081436 0 0 0 1 10 4 0 0 0 0 6 
960 2 11.0486 12.5031 12.5396 0.00452379 -7.97072e-04 -0.00112971 0.0047303535 0.0 14 18.5595893281 2.2325457767 0 0 2 2 4 4 2 0 0 0 7 
438 2 12.749 12.0695 16.4506 -0.00577413 -0.00177465 -9.56307e-04 0.0061159205 0.0 14 18.5613316115 2.3665281974 0 0 2 2 5 3 1 1 0 0 8 
260 2 13.1334 12.9149 13.4954 -4.77586e-05 -0.00172005 -0.00358053 0.0039725367 0.0 14 17.8634738337 2.2471014884 0 0 2 3 3 3 3 0 0 0 7 
465 2 10.3665 10.2272 12.4456 -9.07308e-04 0.00104635 9.29934e-04 0.0016681827 0.0 15 15.1171857993 2.1770343183 0 0 3 3 3 2 3 0 1 0 9 
568 2 17.8245 9.86332 9.10901 1.0584e-04 -0.00500226 -3.80657e-04 0.0050178389 0.0 12 15.9520891625 2.3389370587 0 0 1 5 1 3 2 0 0 0 7 
941 2 16.7431 12.1295 11.2927 0.00321691 -0.00149449 -0.00563754 0.0066606207 0.0 16 17.6739032152 2.2820052942 0 0 1 5 2 6 1 1 0 0 8 
380 1 15.2331 16.3577 17.031 1.36734e-04 6.47868e-04 0.00307377 0.0031442791 0.0 15 22.2069255196 2.5575477132 0 0 0 3 6 6 0 0 0 0 6 
22 2 12.1731 10.6146 11.1335 -0.00249021 -5.94348e-04 0.00658647 0.0070665396 0.0 14 12.7602540891 1.9057697673 0 0 2 3 3 3 3 0 0 0 7 
73 1 10.7312 15.9491 18.5625 0.00481414 0.00245489 -0.00187122 0.0057187318 0.0 13 21.4687581349 2.3258314309 0 0 0 3 6 4 0 0 0 0 6 
546 2 15.0953 8.50088 12.9379 -0.00430943 -0.00131549 0.00276181 0.0052848174 0.0 14 13.488552571 1.8593530655 0 0 1 2 6 4 1 0 0 0 7 
165 1 8.92732 9.3142 16.1583 0.00212048 0.0044439 0.00196868 0.0053028656 0.0 15 23.7034583635 2.2104745219 0 0 1 3 5 4 2 0 0 0 7 
650 2 12.3736 9.77021 17.0922 -0.00302313 0.00196669 0.00153935 0.0039213241 0.0 13 15.7642812454 2.0861453674 0 0 0 2 8 3 0 0 0 0 6 
696 2 14.9604 11.0912 16.075 -7.49144e-04 0.00352383 1.20619e-04 0.0036046003 0.0 13 12.6745648025 1.9525423063 0 0 0 3 7 2 1 0 0 0 7 
355 2 15.707 12.7394 17.7546 -0.00456875 0.00274906 -3.11014e-04 0.0053411176 0.0 13 16.2535909567 2.1278355473 0 0 0 3 6 4 0 0 0 0 6 
721 1 15.9619 16.0615 12.932 1.2161e-04 -0.00136692 -0.00288924 0.0031985883 0.0 19 25.0515260045 2.5575477132 0 0 1 3 6 6 3 0 0 0 7 
753 2 13.7631 11.1015 18.4988 0.0027654 -0.00280717 -2.03309e-04 0.0039457541 0.0 14 17.4334635278 2.3846315382 0 0 2 3 3 4 1 1 0 0 8 
398 2 14.8958 13.3194 15.6759 -3.39136e-04 -0.00199463 -0.00211958 0.0029302187 0.0 14 16.0433181999 2.3076581597 0 0 1 3 6 1 3 0 0 0 7 
727 1 14.3292 14.387 10.6572 -8.52905e-04 3.59623e-04 7.68957e-04 0.001203358 0.0 16 21.7608632905 2.2800287183 0 0 1 4 2 8 1 0 0 0 7 
686 2 17.1125 11.8245 15.2577 -7.7649e-04 0.00283891 0.00292894 0.0041522327 0.0 14 13.117685852 1.9509734185 0 0 0 0 12 2 0 0 0 0 6 
565 2 13.3665 11.3328 9.22784 0.00176386 0.00126836 0.00140529 0.0025874271 0.0 14 15.6866196209 2.139861437 0 0 1 2 7 2 2 0 0 0 7 
306 2 11.4303 10.6627 14.7015 -0.0034478 -8.90906e-04 -0.00309643 0.0047189953 0.0 16 17.136881019 2.2049224501 0 0 5 3 0 3 3 0 2 0 9 
409 1 9.16922 15.287 13.0513 0.00226622 -0.00428479 0.00259644 0.0054987889 0.0 13 22.807754436 2.2496468288 0 0 2 2 4 3 2 0 0 0 7 
208 1 8.84476 12.2512 14.9651 -0.00144003 0.00427498 -4.61051e-04 0.004534502 0.0 15 22.016750631 2.2662276303 0 0 2 3 3 4 3 0 0 0 7 
538 2 17.6367 13.8399 14.2639 0.00131163 -4.8496e-04 3.16177e-04 0.001433711 0.0 11 13.0945384642 2.3852903319 0 0 1 2 5 3 0 0 0 0 6 
938 1 16.8054 16.0073 9.90485 -0.00196618 -0.00212045 0.00754106 0.0080764942 0.0 13 21.2825288389 2.2820052942 0 0 0 3 6 4 0 0 0 0 6 
818 2 8.43418 9.59192 10.9101 -4.24437e-04 0.00442348 2.34946e-04 0.0044500024 0.0 13 17.6738036749 2.1848283582 0 0 2 3 3 2 3 0 0 0 7 
304 1 10.9218 14.6142 15.7033 -0.00123079 0.00109228 0.00251993 0.0030096456 0.0 18 24.7786448506 2.3665281974 0 0 1 3 7 4 2 1 0 0 8 
824 2 15.7297 10.9308 9.31055 7.82041e-04 0.00130586 -0.00346496 0.0037845484 0.0 14 16.9031863961 2.1834039313 0 0 0 4 5 4 1 0 0 0 7 
959 2 16.237 10.6568 13.4181 -0.00447391 0.00279562 1.42774e-04 0.0052774754 0.0 14 12.4440534694 1.893515026 0 0 2 3 2 5 2 0 0 0 7 
117 1 10.7645 17.2925 14.3923 2.17699e-04 3.10799e-04 -7.36761e-04 8.2873737947e-04 0.0 14 19.7758961883 2.3074543759 0 0 1 3 5 3 2 0 0 0 7 
44 2 14.3875 11.5216 11.599 -6.49734e-04 -0.00456227 -9.62557e-04 0.0047077572 0.0 14 13.6351174356 2.0133320411 0 0 2 1 5 5 1 0 0 0 7 
761 1 10.1111 11.4664 18.426 0.00171818 0.00315592 -9.66219e-04 0.0037209613 0.0 16 23.3699931258 2.3665281974 0 0 0 4 5 6 1 0 0 0 7 
678 1 14.3242 17.3319 10.3242 8.57197e-04 -0.00271137 -0.00279447 0.0039869006 0.0 15 21.9622485537 2.4076907464 0 0 1 4 3 5 2 0 0 0 7 
758 2 17.2692 14.2852 16.7041 -0.00121405 1.4924e-04 8.66483e-04 0.0014989939 0.0 13 16.3138878595 2.5434057608 0 0 1 1 8 2 1 0 0 0 7 
529 2 17.7804 8.45363 13.4432 9.08463e-04 9.24438e-04 0.00153839 0.0020116 0.0 14 12.9455900432 1.9854737385 0 0 1 5 2 3 3 0 0 0 7 
672 1 25.7594 18.1269 10.2034 -6.5635e-04 2.05796e-04 -2.62532e-04 7.3625428158e-04 0.0 14 21.319959981 2.0906014888 0 0 0 2 8 4 0 0 0 0 6 
848 2 19.7469 7.82869 10.0125 -8.13559e-04 -0.00315964 -0.00644009 0.0072194157 0.0 13 13.6446368777 1.8794274415 0 0 0 3 6 4 0 0 0 0 6 
451 2 16.4201 9.02277 15.2428 -0.00149177 -4.89015e-04 0.00294072 0.0033335188 0.0 16 14.4228826035 1.9806172985 0 0 0 2 9 4 1 0 0 0 7 
323 2 18.5557 11.6741 13.2015 0.00152332 -0.00351786 -0.00203669 0.0043409618 0.0 14 12.7457708437 1.9324869155 0 0 2 2 5 2 3 0 0 0 7 
888 2 21.2922 8.64637 12.3596 0.00357606 0.00547312 -0.00277859 0.0071037884 0.0 17 14.3804813484 1.9854737385 0 0 2 6 1 3 3 2 0 0 8 
443 2 21.1483 16.1042 14.9762 -0.00185628 -0.00371339 1.94612e-04 0.0041560696 0.0 15 16.6238535296 2.120995511 0 0 2 1 4 8 0 0 0 0 6 
716 1 25.8645 9.5058 18.0998 -0.00179618 -0.00102368 0.00118598 0.0023834286 0.0 16 24.1304686842 2.4471844955 0 0 0 4 5 6 1 0 0 0 7 
151 2 20.9493 16.5918 18.0484 0.00131695 -4.76045e-04 -5.21176e-04 0.0014941889 0.0 13 15.7317274042 2.1191442279 0 0 1 3 4 4 1 0 0 0 7 
742 2 19.2331 15.6049 16.251 8.13024e-04 0.00138728 0.00308657 0.0034802971 0.0 15 16.4341331582 2.5575477132 0 0 1 3 6 3 1 1 0 0 8 
649 2 23.7836 9.86405 10.006 6.12464e-04 0.00154993 0.00186076 0.0024979638 0.0 15 13.2211424319 1.887670705 0 0 1 4 3 5 2 0 0 0 7 
756 2 19.1305 13.143 16.1124 -0.00267319 -0.0010698 7.61565e-04 0.0029783214 0.0 14 13.2771054167 1.9413898995 0 0 1 1 8 3 1 0 0 0 7 
370 2 22.8971 11.8726 11.0168 -0.00141651 0.00140727 0.00158295 0.002548066 0.0 13 12.3965423166 1.9776119734 0 0 1 0 9 3 0 0 0 0 6 
989 2 25.1695 12.5749 16.233 -9.36989e-04 9.40547e-04 -0.00160916 0.0020861383 0.0 16 18.3324320146 2.2454905606 0 0 2 1 8 2 2 1 0 0 8 
955 2 20.1655 13.2554 13.8754 9.05066e-04 0.00204929 -9.40942e-04 0.0024298366 0.0 15 13.2952854167 1.9413898995 0 0 0 5 3 6 1 0 0 0 7 
655 2 18.7365 13.8983 12.1507 -0.00172518 0.00432187 -3.29205e-04 0.0046651026 0.0 15 18.0233300761 2.2820052942 0 0 3 1 5 3 2 1 0 0 8 
89 2 22.9839 13.162 15.1899 -2.1446e-04 -2.89776e-04 0.00132112 0.0013694237 0.0 14 13.4633964634 1.9260203564 0 0 0 2 8 4 0 0 0 0 6 
916 2 23.8731 11.6613 13.4086 0.00215368 0.00187823 -6.53305e-04 0.0029313637 0.0 13 12.5044615512 1.9997837529 0 0 0 1 10 2 0 0 0 0 6 
551 2 24.216 12.1873 8.94798 -3.40268e-04 -0.00184113 -0.00379743 0.0042339127 0.0 14 12.997424136 1.9122792346 0 0 0 2 8 4 0 0 0 0 6 
331 2 24.6202 14.2961 13.8086 -0.0034039 -0.0024372 -7.03087e-04 0.0042450925 0.0 11 13.4620030641 2.068600998 0 0 0 3 6 2 0 0 0 0 6 
736 2 21.5544 11.0936 13.5061 -4.95012e-04 -0.00112072 -8.47733e-04 0.0014898662 0.0 15 13.1166196823 1.9776119734 0 0 1 2 7 3 2 0 0 0 7 
643 2 20.2482 11.9981 11.4844 1.89327e-04 -7.69349e-04 9.73383e-04 0.0012550765 0.0 15 15.8598123897 2.1901828688 0 0 1 3 5 4 2 0 0 0 7 
503 2 24.4891 13.4887 11.5475 9.7008e-04 -0.00245377 -2.63575e-04 0.0026517002 0.0 14 11.9431839848 1.9347207705 0 0 0 2 8 4 0 0 0 0 6 
203 2 21.1613 15.5374 12.2049 -5.46748e-05 -0.00177162 4.83362e-04 0.0018371896 0.0 13 17.5363780367 2.2706540885 0 0 0 3 7 2 1 0 0 0 7 
633 2 19.0676 15.5643 13.9122 0.00111976 -0.0022362 -4.67842e-05 0.002501328 0.0 13 16.3688463286 2.554066837 0 0 3 1 3 5 0 1 0 0 8 
229 2 0.236531 14.7944 16.1025 0.00143001 -0.00346626 0.0015354 0.0040518317 0.0 15 20.166938048 2.1532871416 0 0 2 1 5 6 1 0 0 0 7 
658 2 19.1376 9.76286 11.6337 -1.683e-05 3.0241e-04 -5.76812e-05 3.0832154941e-04 0.0 16 14.1680608642 2.0577044168 0 0 1 5 3 3 4 0 0 0 7 
751 2 23.4852 15.5294 15.8602 7.95558e-04 0.0034191 0.00256466 0.0043474864 0.0 14 14.4916306845 2.0227888454 0 0 1 0 10 2 1 0 0 0 7 
548 2 25.6408 16.5793 16.5945 0.00100793 -0.00289974 -9.70645e-04 0.0032197153 0.0 12 16.4918558424 2.1039848638 0 0 0 2 8 2 0 0 0 0 6 
103 2 21.3927 11.5795 15.9613 -9.52131e-04 -0.0013504 -0.00171982 0.0023849349 0.0 13 13.329158554 1.9413898995 0 0 0 3 6 4 0 0 0 0 6 
799 2 25.4045 10.0302 8.22662 0.00136747 -2.53343e-04 -0.00142796 0.0019932954 0.0 14 12.1453753921 1.7977865814 0 0 0 2 8 4 0 0 0 0 6 
356 2 26.0111 16.3332 14.3163 0.00122654 -0.00125823 -0.001131 0.002089666 0.0 13 18.3572456617 2.1403315228 0 0 0 1 10 2 0 0 0 0 6 
755 2 25.6861 15.5039 11.8962 2.54355e-04 -0.00209711 0.00195674 0.0028794788 0.0 13 16.1793459663 2.16734763 0 0 0 1 10 2 0 0 0 0 6 
57 2 22.2709 13.4534 12.88 -0.00333748 0.00211845 0.00237447 0.0046113676 0.0 14 13.0187391644 1.9429041693 0 0 1 3 4 5 1 0 0 0 7 
732 1 19.6112 14.4475 8.95652 0.00303946 8.56751e-04 -0.00351946 0.0047285239 0.0 17 23.037556859 2.2706540885 0 0 2 3 4 5 2 1 0 0 8 
891 2 18.7375 10.3691 16.7389 0.00208033 -0.0021874 0.00296056 0.0042281683 0.0 14 14.5082535437 1.9461448379 0 0 1 2 7 2 2 0 0 0 7 
682 2 23.0793 16.4427 11.0553 1.16615e-05 0.00444425 -0.00323718 0.0054982569 0.0 13 17.0956357941 2.1325747156 0 0 0 1 10 2 0 0 0 0 6 
118 2 23.6614 10.5418 15.7684 0.00137349 -0.00221576 0.00280278 0.0038277465 0.0 14 15.3983050806 2.1249573947 0 0 0 2 9 2 1 0 0 0 7 
783 2 26.1122 10.9948 14.8979 -8.21192e-05 -0.00188161 -0.00163534 0.0024943008 0.0 14 20.0342308497 2.2918579536 0 0 2 3 4 2 2 1 0 0 8 
714 2 23.2467 16.2766 13.5677 0.00540496 -9.66118e-04 -9.67232e-04 0.0055751694 0.0 13 16.1649298945 2.1224827764 0 0 0 3 6 4 0 0 0 0 6 
375 2 19.5722 9.82789 14.4834 0.00150584 -3.61487e-04 -0.00340565 0.0037412136 0.0 16 14.1778328893 1.9854737385 0 0 0 5 4 5 2 0 0 0 7 
65 2 25.5798 11.306 11.2697 -7.59391e-04 0.00363347 6.01352e-04 0.0037603727 0.0 14 12.4244567377 1.809167694 0 0 1 3 5 3 2 0 0 0 7 
679 1 20.3827 17.1244 9.15897 0.00111302 -6.42777e-04 -0.00137519 0.0018823186 0.0 16 21.9943995023 2.2262872529 0 0 0 3 7 5 1 0 0 0 7 
701 2 24.8192 14.9916 9.67659 0.00339781 -8.51428e-04 -9.34424e-04 0.0036253539 0.0 13 13.0059470512 1.9137063006 0 0 0 1 10 2 0 0 0 0 6 
314 2 19.5314 11.5057 8.76225 -3.85483e-05 -6.40553e-04 -0.00133529 0.0014814835 0.0 14 16.9562626994 2.2582804441 0 0 2 5 0 4 2 1 0 0 8 
558 2 21.3101 14.3449 16.9638 -0.00144834 9.5458e-04 -0.00249194 0.0030362274 0.0 13 13.7433782915 1.9234393743 0 0 0 1 10 2 0 0 0 0 6 
96 2 21.3051 9.55583 16.9701 0.00255495 -0.00175285 0.00111595 0.0032932654 0.0 14 12.9691536781 1.9483486948 0 0 1 3 4 5 1 0 0 0 7 
563 2 23.5567 13.7287 18.1245 1.87599e-04 0.00361888 -3.2428e-04 0.0036382198 0.0 14 14.6595154195 1.9168672199 0 0 0 2 8 4 0 0 0 0 6 
621 2 22.4489 14.3661 10.2072 -0.00115991 0.0020697 -0.00137506 0.0027422325 0.0 14 15.8103727747 2.1341524374 0 0 0 1 10 3 0 0 0 0 6 
373 2 0.131582 0.190598 10.6049 6.62921e-04 -0.00202735 5.51079e-04 0.0022030207 0.0 13 18.4799331411 2.2978868071 0 0 0 2 8 3 0 0 0 0 6 
875 1 0.128547 19.524 15.6187 -0.00122497 -0.00265159 -7.56019e-04 0.0030171254 0.0 14 22.8575100079 2.306306559 0 0 0 2 8 4 0 0 0 0 6 
575 1 3.50244 26.6781 17.2012 0.00231412 3.97196e-05 0.00236364 0.0033080996 0.0 14 21.9767023676 2.2259502263 0 0 1 3 3 7 0 0 0 0 6 
519 1 3.95934 26.6133 14.3774 0.00591313 5.84676e-04 -8.88975e-04 0.006008097 0.0 13 20.1496408765 2.187190444 0 0 0 3 6 4 0 0 0 0 6 
225 1 0.836518 18.3436 12.391 -0.00288941 -0.00230059 -0.00251741 0.0044697604 0.0 14 22.8752222925 2.3028483105 0 0 0 2 8 4 0 0 0 0 6 
420 1 5.90147 24.907 10.5051 -0.00141175 -3.49888e-04 -0.00333232 0.0036359065 0.0 15 20.8929487263 2.2297812712 0 0 1 1 9 2 2 0 0 0 7 
800 1 7.6461 20.3165 16.359 -3.46892e-04 0.00262193 8.85962e-04 0.0027892256 0.0 16 24.7031593543 2.3008712265 0 0 0 2 9 4 1 0 0 0 7 
733 1 2.36912 23.7089 17.2557 -0.001442 -8.56966e-04 0.00235714 0.0028930717 0.0 17 25.0931555861 2.4688365597 0 0 2 3 4 5 2 1 0 0 8 
570 1 8.65015 22.9252 14.4963 6.0675e-04 3.00719e-04 -0.00405469 0.0041108501 0.0 13 22.0869850208 2.3114732532 0 0 0 3 6 4 0 0 0 0 6 
13 1 0.260899 24.1611 12.5293 -0.00212577 3.61017e-04 7.91394e-04 0.0022968535 0.0 16 22.6510120777 2.3122016215 0 0 0 5 4 5 2 0 0 0 7 
711 1 0.202806 23.0857 15.2433 0.00168174 -0.00167094 0.00288202 0.0037317997 0.0 12 21.6095795762 2.4007607842 0 0 0 5 2 5 0 0 0 0 6 
220 1 3.71627 19.4279 16.606 -0.00466254 -8.87674e-04 -0.00345112 0.0058683451 0.0 14 23.2714785462 2.4688365597 0 0 1 2 7 2 2 0 0 0 7 
823 1 3.00888 25.7276 11.5718 -9.51829e-04 -0.00281298 -0.00173936 0.0034415415 0.0 15 22.2193257658 2.3122016215 0 0 1 2 7 3 2 0 0 0 7 
863 1 5.97813 19.2574 10.4672 -0.00238504 0.00162937 0.0040428 0.0049686511 0.0 16 24.5274357598 2.3264498831 0 0 0 2 8 6 0 0 0 0 6 
782 1 7.85413 20.7201 12.7 0.00128452 -0.0021548 -0.00236801 0.0034497284 0.0 13 23.5070069809 2.3264498831 0 0 0 1 10 2 0 0 0 0 6 
178 1 8.1231 23.4592 11.6636 -0.00227504 0.00224778 -8.86323e-04 0.0033187182 0.0 16 22.7469372396 2.3070130416 0 0 2 4 3 3 3 1 0 0 8 
421 1 5.25347 19.2262 13.8429 4.70276e-04 7.93903e-04 -0.00292596 0.0030680097 0.0 14 23.7905428438 2.1922922826 0 0 0 2 8 4 0 0 0 0 6 
130 1 6.03957 17.5782 16.5469 -1.96953e-04 -0.00165632 6.65755e-04 0.0017959444 0.0 14 21.6246700389 2.1841331478 0 0 0 3 6 5 0 0 0 0 6 
735 1 8.06437 25.269 16.1165 0.00204696 0.00319911 0.00193961 0.0042645559 0.0 14 22.8160527888 2.2629440106 0 0 0 2 8 4 0 0 0 0 6 
282 1 1.44174 25.6236 14.6081 -0.00184119 0.00487252 -0.00207247 0.00560594 0.0 15 22.3219102981 2.2724565757 0 0 0 4 4 7 0 0 0 0 6 
173 1 5.25725 24.423 16.2372 -0.00143459 -0.00278309 7.59382e-04 0.0032218472 0.0 14 21.3030967472 2.3114732532 0 0 0 3 6 5 0 0 0 0 6 
526 1 2.15222 22.7649 10.9306 0.00115198 0.00318784 -0.0025161 0.0042213909 0.0 14 22.4448161753 2.3122016215 0 0 1 3 4 5 1 0 0 0 7 
24 1 0.475183 20.5522 10.3653 8.3519e-04 4.51281e-04 -0.00406581 0.0041751656 0.0 14 20.3313652065 2.2430724405 0 0 0 4 4 6 0 0 0 0 6 
25 1 2.64112 20.6948 13.8269 -0.00395568 0.00371114 -6.67156e-04 0.0054648935 0.0 18 26.0805066743 2.4688365597 0 0 1 4 2 10 1 0 0 0 7 
251 1 3.6719 23.794 13.5649 -5.81282e-04 -0.00180716 0.00380638 0.0042534979 0.0 13 22.974572421 2.3808294767 0 0 1 3 4 4 1 0 0 0 7 
710 1 5.33083 22.1874 11.543 0.00290044 2.92701e-04 -0.00265092 0.0039402542 0.0 14 23.8259405386 2.3101197626 0 0 1 1 8 3 1 0 0 0 7 
252 1 6.40404 25.1658 13.5898 -0.00303299 -0.0045547 0.00218168 0.0058910142 0.0 16 22.8254835964 2.2602779153 0 0 0 2 8 6 0 0 0 0 6 
40 1 5.38944 21.9158 14.8623 8.92266e-04 -0.00101752 7.81702e-04 0.0015628639 0.0 14 23.6297283235 2.4648806471 0 0 0 4 4 6 0 0 0 0 6 
410 1 8.12833 26.3687 11.6187 -3.19405e-04 0.00104234 -0.0036058 0.0037669996 0.0 14 21.5255639043 2.4400262456 0 0 0 2 9 2 1 0 0 0 7 
827 1 7.97522 17.9654 14.0985 0.00301609 -0.00252153 0.004677 0.0061097661 0.0 13 21.5644385964 2.3069052148 0 0 0 3 6 4 0 0 0 0 6 
750 1 3.389 20.2118 10.8639 0.00121522 -0.00348862 6.66233e-04 0.0037538108 0.0 12 20.9419590455 2.2587933326 0 0 0 3 6 3 0 0 0 0 6 
569 2 11.4237 26.8788 10.2861 7.43518e-04 0.00440026 -0.00313403 0.0054531872 0.0 15 18.4633177287 2.3935941476 0 0 0 5 4 4 2 0 0 0 7 
189 1 12.9184 21.0067 14.447 0.00236731 0.00162191 -0.00115732 0.0030942104 0.0 16 21.5273349047 2.3174952306 0 0 0 4 5 6 1 0 0 0 7 
191 1 18.5584 20.928 11.3171 0.00218156 -0.00160552 0.00246475 0.0036622249 0.0 16 21.5833236907 2.2137907683 0 0 3 2 5 1 4 1 0 0 8 
670 1 17.7876 23.7932 14.2262 6.36862e-04 -0.00231005 -2.00261e-04 0.0024045849 0.0 14 20.3672010998 2.1144206415 0 0 1 2 6 4 1 0 0 0 7 
626 1 14.3886 20.0323 16.9348 0.00105683 -8.22848e-04 7.20191e-04 0.0015207378 0.0 14 20.9417107726 2.1844568235 0 0 0 4 4 6 0 0 0 0 6 
572 1 12.1429 25.7259 15.9004 0.0056953 -0.00148498 -7.46848e-04 0.0059329074 0.0 16 23.6133007488 2.3679218777 0 0 0 2 8 6 0 0 0 0 6 
885 1 10.2609 25.4883 13.4029 -4.5292e-04 -0.00336425 0.00159234 0.0037495148 0.0 13 22.7235026258 2.3789405915 0 0 1 3 5 2 2 0 0 0 7 
774 2 14.824 23.8532 9.48622 -0.0015024 -6.76563e-04 3.77641e-04 0.0016904307 0.0 13 16.8995799322 2.2230489033 0 0 1 3 4 4 1 0 0 0 7 
620 2 12.9317 22.942 8.8942 0.00142541 0.00246852 -0.00455545 0.0053737798 0.0 14 17.495619 2.2822409311 0 0 0 3 6 5 0 0 0 0 6 
830 1 16.5364 18.5499 8.54841 0.00400937 0.00211447 0.00238455 0.0051217292 0.0 16 22.1969703994 2.4104355635 0 0 1 2 7 5 0 1 0 0 8 
950 1 14.9612 18.1329 14.6055 -6.92856e-04 0.00432127 -4.71621e-04 0.0044018008 0.0 14 22.8204659269 2.4672523206 0 0 1 3 4 5 1 0 0 0 7 
248 1 16.4937 23.0593 11.576 0.00282235 0.00123495 1.47987e-04 0.0030842602 0.0 16 21.574995802 2.2201643243 0 0 2 4 2 4 4 0 0 0 7 
389 1 14.9528 25.2242 16.6383 -7.45583e-04 -0.00191227 -1.6411e-05 0.0020525447 0.0 15 21.122305402 2.1843125351 0 0 0 3 7 4 1 0 0 0 7 
267 1 16.0314 21.0201 13.7837 5.71774e-04 -0.00116546 5.08899e-04 0.001394346 0.0 14 22.7835227475 2.2346623287 0 0 0 4 4 6 0 0 0 0 6 
121 1 14.4746 23.757 13.8253 -0.0029735 1.25156e-04 4.8497e-04 0.0030153876 0.0 16 23.2565047073 2.3679218777 0 0 1 3 6 4 1 1 0 0 8 
887 1 10.7096 21.5551 11.3383 -0.00406696 0.00175626 -8.18983e-04 0.0045050356 0.0 17 23.727583082 2.3070130416 0 0 1 3 6 5 1 1 0 0 8 
481 1 15.6744 22.4889 16.288 0.00231849 9.22098e-04 1.78183e-04 0.0025014815 0.0 13 19.8121830425 2.0704763608 0 0 0 3 6 4 0 0 0 0 6 
78 1 15.7996 19.2416 11.6449 -0.00410893 9.66209e-04 -0.00126647 0.004406905 0.0 14 22.7917583021 2.3122476738 0 0 0 4 5 4 1 0 0 0 7 
578 1 11.3218 20.1109 17.0828 6.65188e-04 0.00219491 4.74909e-04 0.0023421451 0.0 15 22.3327434232 2.300226412 0 0 0 4 4 7 0 0 0 0 6 
822 1 9.28303 20.1996 9.27303 4.81208e-04 4.88003e-04 -0.00151194 0.0016600213 0.0 13 22.9321561037 2.3264498831 0 0 0 3 6 4 0 0 0 0 6 
677 1 9.92752 18.3583 11.5871 0.00149817 0.00233554 -9.63146e-04 0.0029371603 0.0 16 23.5911055602 2.3069052148 0 0 0 1 10 5 0 0 0 0 6 
448 2 16.5743 25.9278 9.8768 -0.0030902 0.00224243 -0.00502081 0.0063076431 0.0 14 17.1058257364 2.2675970811 0 0 1 5 2 4 1 1 0 0 8 
995 2 13.8805 25.9488 9.89224 -8.92741e-04 9.39875e-04 -3.00742e-04 0.0013307131 0.0 12 14.8158017384 2.1119333037 0 0 0 3 6 3 0 0 0 0 6 
524 1 12.5125 17.4817 16.7767 0.00182063 8.40579e-04 -0.00236858 0.0031034558 0.0 14 21.4126919118 2.3174952306 0 0 1 2 6 4 1 0 0 0 7 
460 1 12.8195 22.8806 16.6694 0.00448534 -0.00134576 -4.0377e-04 0.0047002527 0.0 13 20.6609264826 2.1779274568 0 0 0 1 10 2 0 0 0 0 6 
663 1 17.1058 19.0215 16.5398 -0.00261114 0.00121521 -2.67449e-04 0.0028924585 0.0 14 21.3980052691 2.456520023 0 0 0 6 0 8 0 0 0 0 6 
728 2 10.3183 24.4727 9.67209 7.63146e-04 -0.00108886 9.13877e-04 0.001613437 0.0 14 19.0930131998 2.2913545606 0 0 2 4 1 4 3 0 0 0 7 
444 1 10.1371 20.164 14.2624 -0.00129532 -0.00174188 6.19339e-04 0.0022573393 0.0 13 21.1920125077 2.2700015599 0 0 0 3 6 4 0 0 0 0 6 
544 1 11.9163 19.2175 9.41218 -0.00198253 -0.00137466 -6.9465e-04 0.0025105087 0.0 13 22.5288196415 2.4104355635 0 0 1 2 5 5 0 0 0 0 6 
140 1 11.337 23.1504 14.4063 -0.00127239 -0.00285889 0.00192646 0.0036747077 0.0 13 19.4388651277 2.2629440106 0 0 1 3 3 6 0 0 0 0 6 
802 1 13.6115 21.2687 11.4735 0.00461031 -0.00257733 -0.00281834 0.0059867043 0.0 13 22.587476115 2.3355233234 0 0 0 4 4 5 0 0 0 0 6 
731 1 9.97259 22.7846 17.0363 0.00130385 7.10053e-04 -0.00222213 0.0026724636 0.0 13 22.1111936255 2.2629440106 0 0 0 3 6 4 0 0 0 0 6 
166 1 12.234 18.9333 12.5827 0.00159031 -0.00230068 0.00398292 0.0048668127 0.0 14 21.5397148416 2.3344271394 0 0 2 3 3 3 3 0 0 0 7 
522 1 9.30903 17.93 16.8395 0.00197209 0.003673 0.00510857 0.0065937512 0.0 14 20.6106617982 2.2529363164 0 0 0 4 4 6 0 0 0 0 6 
204 1 12.3671 23.8856 11.9255 0.00326653 0.0010865 -3.02343e-04 0.0034557361 0.0 16 22.3591920304 2.3679218777 0 0 2 2 6 3 2 1 0 0 8 
703 1 24.1119 25.5866 9.24641 0.00162494 9.51625e-04 -3.05302e-04 0.0019076765 0.0 14 21.4456014921 2.2875900753 0 0 0 2 8 4 0 0 0 0 6 
396 1 22.3811 19.2977 10.6613 8.5732e-05 -0.00265791 0.00363163 0.0045011745 0.0 14 21.2565919095 2.2137907683 0 0 2 1 7 2 1 1 0 0 8 
135 1 19.536 23.735 11.9662 0.00305397 1.3825e-04 0.00118199 0.0032776434 0.0 15 21.6936115308 2.2561646875 0 0 0 4 4 7 0 0 0 0 6 
403 1 18.0035 18.464 14.0147 -0.00106715 1.60316e-04 0.00181659 0.0021129386 0.0 14 22.0058206969 2.5575477132 0 0 1 1 7 5 0 0 0 0 6 
937 1 19.4028 21.2211 13.9207 -0.00183479 0.00224571 0.00160451 0.0033142299 0.0 14 20.9655761205 2.210140094 0 0 2 1 6 4 0 1 0 0 8 
651 1 22.8025 24.4427 16.8317 -6.75469e-05 0.00143196 8.669e-04 0.0016752873 0.0 14 22.5554860156 2.2857083742 0 0 0 2 8 4 0 0 0 0 6 
912 1 24.5034 25.9571 12.0931 3.0706e-04 -0.00130398 0.00177189 0.0022213158 0.0 15 22.1832140693 2.2520388994 0 0 2 1 4 8 0 0 0 0 6 
864 1 21.411 0.270623 16.8781 0.00430449 0.00131583 -8.06828e-04 0.0045728562 0.0 16 22.6339489685 2.2027602562 0 0 0 2 9 4 1 0 0 0 7 
586 1 22.2147 21.1967 12.9773 7.71014e-04 0.00561938 0.00473772 0.0073903914 0.0 15 23.4556716517 2.2909552481 0 0 1 4 3 5 2 0 0 0 7 
343 1 26.0703 23.4485 9.60459 -0.00147482 -0.00513988 -6.31903e-04 0.0053844927 0.0 18 23.9149158768 2.3058636968 0 0 3 4 2 4 4 0 1 0 9 
344 1 21.4975 21.5456 15.9655 -4.66036e-04 -0.00101054 4.4204e-04 0.0011974055 0.0 14 21.4376164854 2.2941501084 0 0 0 4 4 6 0 0 0 0 6 
525 1 20.8558 24.8447 9.37135 3.0657e-04 -8.88109e-04 0.00266258 0.0028234828 0.0 13 21.5432786855 2.2412668943 0 0 1 0 9 3 0 0 0 0 6 
868 1 21.1103 21.7785 10.1448 -7.53099e-04 0.00345471 -0.00169477 0.0039210234 0.0 15 21.0502988305 2.144605565 0 0 2 1 7 2 3 0 0 0 7 
908 1 24.4921 18.9717 12.9581 -0.00183088 8.59285e-04 0.00244216 0.0031709049 0.0 15 23.16442473 2.226889361 0 0 0 2 8 5 0 0 0 0 6 
917 1 20.6905 18.5968 12.8115 -0.00107156 0.00218942 -7.71957e-04 0.0025568962 0.0 18 23.2365905157 2.2941501084 0 0 2 3 5 4 3 1 0 0 8 
109 1 24.527 21.6037 11.2937 -4.37238e-04 6.94075e-04 -0.0020713 0.0022278242 0.0 14 21.4228860731 2.2480310376 0 0 1 3 4 5 1 0 0 0 7 
284 1 18.4342 21.7428 16.6342 0.0030521 -0.00213627 0.00205926 0.0042567024 0.0 13 21.4593800649 2.1769384238 0 0 0 3 6 4 0 0 0 0 6 
308 1 17.9121 25.3392 16.568 -0.00153528 3.25448e-04 6.04219e-04 0.0016816901 0.0 15 23.1879580559 2.1846993687 0 0 0 4 5 5 1 0 0 0 7 
996 1 22.5743 25.7225 14.4167 -0.0020865 6.86229e-04 -5.95531e-04 0.0022757525 0.0 13 21.2984679224 2.2569909158 0 0 0 3 6 4 0 0 0 0 6 
182 1 22.5062 23.9622 11.4342 0.00444877 2.2785e-04 -7.55214e-05 0.0044552411 0.0 13 21.9814019111 2.2875389069 0 0 0 2 8 3 0 0 0 0 6 
365 1 19.9307 18.6675 16.0127 -0.00345575 2.71343e-04 -0.00133187 0.0037134503 0.0 14 22.5298167625 2.2941501084 0 0 1 3 3 7 0 0 0 0 6 
283 1 24.4172 21.5437 15.8713 1.58494e-04 0.00266914 -0.00268877 0.0037919537 0.0 15 23.069342867 2.226889361 0 0 0 4 4 7 0 0 0 0 6 
641 1 20.4297 23.9164 15.0049 -0.00219858 -5.22874e-06 7.91477e-04 0.0023367108 0.0 15 22.7877636957 2.2875389069 0 0 0 2 8 5 0 0 0 0 6 
419 1 23.4234 23.1588 8.03374 0.00118837 3.64178e-05 -0.00349101 0.0036879127 0.0 15 23.2085447625 2.3109058764 0 0 1 2 5 7 0 0 0 0 6 
181 1 18.6222 17.8076 11.0585 4.38251e-04 0.00309 -0.00293947 0.0042872658 0.0 14 22.4905889096 2.2706540885 0 0 1 1 9 1 2 0 0 0 7 
556 1 24.4615 23.4855 13.5852 -0.00159154 -1.96343e-04 0.00104467 0.0019138667 0.0 14 21.3235750281 2.2875389069 0 0 1 2 5 6 0 0 0 0 6 
510 1 23.3837 18.6936 15.6052 2.3523e-04 -7.89337e-04 -0.00258606 0.0027140546 0.0 16 23.0543854778 2.2941501084 0 0 0 2 8 6 0 0 0 0 6 
792 1 18.3353 23.3235 9.36042 -0.00272508 0.00192768 6.12721e-04 0.0033937351 0.0 15 22.4942890186 2.224344439 0 0 0 3 6 6 0 0 0 0 6 
88 1 25.5725 25.5231 15.4608 6.2985e-04 -5.27298e-04 -0.0016978 0.001886075 0.0 15 21.7572151508 2.2520388994 0 0 0 3 6 6 0 0 0 0 6 
67 1 26.4919 21.0651 13.2192 4.21037e-04 -2.795e-04 -0.00119816 0.0013003768 0.0 12 20.9001300107 2.226889361 0 0 1 2 5 4 0 0 0 0 6 
585 1 0.54067 0.205319 21.4883 -9.61328e-04 -0.00199246 6.76724e-04 0.0023134398 0.0 14 20.253272442 2.2483731188 0 0 0 4 4 6 0 0 0 0 6 
388 1 1.73203 0.94706 24.1828 0.00363822 -0.00148446 3.78096e-04 0.0039475591 0.0 15 21.1216842827 2.1511206501 0 0 1 4 4 3 3 0 0 0 7 
320 1 0.296858 6.53679 25.8632 9.93344e-04 -6.76354e-04 -0.00290599 0.0031446725 0.0 13 19.580183069 2.0857763282 0 0 1 2 5 5 0 0 0 0 6 
957 2 7.11798 3.1382 1.10841 -0.00197536 0.00256453 -0.00199609 0.0038030562 0.0 12 12.959000383 2.0027281152 0 0 1 2 6 2 1 0 0 0 7 
427 1 0.487364 7.78272 21.7018 5.1294e-04 -4.94273e-04 -0.00216792 0.0022819488 0.0 14 20.9299592548 2.2384991777 0 0 1 1 7 5 0 0 0 0 6 
517 2 4.63831 0.623545 22.5655 -0.0020194 -2.87519e-04 0.00131195 0.0024252539 0.0 14 17.2927245598 2.2104146207 0 0 0 5 3 5 1 0 0 0 7 
851 1 6.93783 3.746 18.9629 -3.21064e-05 0.00185702 -0.00152848 0.0024053701 0.0 15 20.4827752089 2.269543331 0 0 1 5 2 5 1 1 0 0 8 
849 1 2.53863 8.30101 25.6909 0.00388917 7.10099e-04 -0.00283781 0.0048665233 0.0 13 20.4981925562 2.2264230468 0 0 0 1 10 2 0 0 0 0 6 
613 2 5.26876 2.14961 26.3101 0.00128656 -0.00185082 -9.59669e-04 0.0024498441 0.0 14 14.4707691423 2.1906589243 0 0 1 1 8 3 1 0 0 0 7 
615 1 6.08761 8.89949 21.1259 7.15169e-04 0.0037443 -0.00498826 0.006278056 0.0 15 20.2089266647 2.3069660327 0 0 2 2 6 1 4 0 0 0 7 
759 1 3.40706 7.57147 21.0918 -0.00312595 0.00213635 -8.68968e-04 0.0038846699 0.0 14 21.0674146561 2.2278850718 0 0 0 3 6 5 0 0 0 0 6 
392 1 4.77515 8.04555 23.5084 0.00222657 0.00409478 -0.00177409 0.0049872069 0.0 15 22.2539360103 2.3243392046 0 0 0 3 7 4 1 0 0 0 7 
224 2 7.59502 2.75758 25.334 0.0037925 8.23927e-04 0.00193382 0.0043360779 0.0 12 13.6192452878 2.0158571781 0 0 0 2 8 2 0 0 0 0 6 
521 1 4.05327 4.83988 21.6295 -5.23557e-06 0.00273233 0.00111409 0.0029507374 0.0 15 22.7210028381 2.3243392046 0 0 1 3 5 4 2 0 0 0 7 
294 1 4.71069 2.47145 20.0169 0.00152016 0.00254769 0.00117754 0.0031918977 0.0 17 23.0449130384 2.2734677277 0 0 1 5 3 5 2 1 0 0 8 
144 2 6.15573 0.923175 24.3021 0.00328413 -8.86863e-04 -7.23028e-05 0.0034025378 0.0 15 13.3672715229 1.9809005099 0 0 1 3 4 6 1 0 0 0 7 
232 1 1.71414 2.58421 18.5771 0.00239766 -0.001523 -3.66663e-05 0.0028407124 0.0 14 22.9634480934 2.1610122936 0 0 0 3 6 5 0 0 0 0 6 
769 1 0.134077 4.76249 20.9128 7.41752e-04 -0.00193117 -0.00146297 0.0025337511 0.0 14 21.7266394564 2.3169514416 0 0 0 4 5 4 1 0 0 0 7 
589 1 5.61014 6.62914 19.7456 -0.00151239 6.92539e-04 0.00223001 0.0027820637 0.0 15 20.2228037861 2.3243392046 0 0 3 3 2 3 3 1 0 0 8 
45 1 4.22154 5.57183 25.5064 -0.00161371 -0.00219548 -0.0010168 0.0029082769 0.0 16 24.0864943375 2.3307410539 0 0 2 1 7 3 3 0 0 0 7 
580 1 2.77961 5.44278 19.1354 8.36867e-04 -3.16463e-04 1.45689e-04 9.0648799814e-04 0.0 14 22.1576475294 2.2401945378 0 0 1 3 4 5 1 0 0 0 7 
275 1 2.3434 2.4977 21.7088 0.00189489 -0.00357364 -0.00367469 0.0054648749 0.0 14 22.5252387828 2.3245131035 0 0 0 4 4 6 0 0 0 0 6 
944 1 1.49298 3.67428 25.3308 -0.00397027 -0.0014596 5.17508e-04 0.0042616066 0.0 17 24.1482207363 2.3245131035 0 0 3 3 2 6 2 0 1 0 9 
555 1 2.0516 6.09465 23.4883 -9.74623e-04 -0.00102027 -1.66278e-05 0.0014110696 0.0 15 22.9162645874 2.3245131035 0 0 0 2 8 5 0 0 0 0 6 
279 2 7.64817 4.89069 26.4 -5.53315e-04 0.00180461 -9.83223e-04 0.0021282627 0.0 17 18.5310300098 2.2314223965 0 0 0 4 5 7 1 0 0 0 7 
228 2 4.20465 2.57057 24.0209 -9.971e-04 -0.00250829 0.00108122 0.0029077077 0.0 14 17.9937149782 2.2243309217 0 0 0 3 6 5 0 0 0 0 6 
971 2 7.03809 6.16846 24.1131 -0.00109494 0.00114363 0.0013331 0.0020697678 0.0 13 17.2945688893 2.2966258242 0 0 1 2 6 3 1 0 0 0 7 
61 2 6.9316 2.38537 22.0827 -0.00285914 -0.00148975 4.48128e-04 0.0032549739 0.0 14 15.6023314751 2.1114776335 0 0 1 3 5 3 2 0 0 0 7 
820 2 6.12998 3.89305 23.7171 -0.00265297 -3.67295e-04 -0.00364902 0.0045264227 0.0 11 15.2940453109 2.2175488575 0 0 0 2 8 1 0 0 0 0 6 
77 1 0.0143889 8.89505 24.2279 -0.0035337 0.00258559 0.00524421 0.0068318409 0.0 13 20.3532196017 2.1286333167 0 0 0 3 7 2 1 0 0 0 7 
835 2 7.79584 0.547043 20.8531 4.87259e-04 -0.00404189 -0.00391099 0.0056453644 0.0 13 16.3734910717 2.3148015254 0 0 1 3 4 4 1 0 0 0 7 
605 2 4.29462 26.4078 25.6486 -0.00549005 0.00140744 -0.00395908 0.0069134543 0.0 15 15.1853287154 2.1294446029 0 0 4 2 2 3 3 0 1 0 9 
1 2 8.57872 3.92573 23.0998 -0.00374502 9.00804e-05 -8.10499e-04 0.0038327794 0.0 14 13.7088657476 2.1405061954 0 0 0 2 8 4 0 0 0 0 6 
16 2 8.1376 8.21086 23.1837 -4.58317e-04 -0.00371992 -0.00141316 0.0040056061 0.0 14 18.4547053923 2.204450385 0 0 1 4 3 4 2 0 0 0 7 
197 2 9.29246 0.845214 22.8205 8.89634e-04 -0.00375001 -3.49265e-04 0.003869885 0.0 16 14.722913883 1.9809005099 0 0 0 2 8 6 0 0 0 0 6 
142 2 13.0433 7.03719 17.0601 -0.00184209 2.91888e-04 -0.00415967 0.0045586565 0.0 13 12.7610448749 1.9102875972 0 0 0 1 10 2 0 0 0 0 6 
317 2 15.1067 8.1422 18.1635 -0.00392372 -0.00226387 -5.2225e-04 0.0045599815 0.0 17 16.58291308 2.2246587937 0 0 1 4 4 6 1 1 0 0 8 
720 2 9.17733 1.84747 0.550793 -0.00164649 0.00184226 0.00186592 0.0030962088 0.0 14 13.5207982717 2.0054520168 0 0 2 1 4 7 0 0 0 0 6 
70 2 9.29329 6.11187 22.7606 0.00252818 0.00188517 0.00186519 0.0036639451 0.0 12 13.205832969 2.1402066722 0 0 0 2 8 2 0 0 0 0 6 
874 2 10.616 0.747167 20.8083 -8.85297e-04 -0.0016959 0.00127681 0.0023000155 0.0 13 17.737636778 2.2428529655 0 0 0 3 6 4 0 0 0 0 6 
195 2 9.56658 7.46585 20.929 -0.00214162 -6.68126e-05 -0.00113814 0.0024261828 0.0 14 16.5830751486 2.2012577413 0 0 1 2 6 4 1 0 0 0 7 
86 1 13.9964 1.05802 17.4932 -0.00163316 -0.00171299 0.00208797 0.0031561313 0.0 14 21.6900533448 2.2180402223 0 0 0 3 7 3 1 0 0 0 7 
770 1 16.2772 1.51958 26.0824 -1.08737e-04 -0.00392686 -4.85567e-04 0.0039582608 0.0 17 24.7057559191 2.2503632915 0 0 1 4 3 7 2 0 0 0 7 
654 1 17.858 1.10271 18.0625 0.00244441 3.42506e-04 -0.00239064 0.0034362203 0.0 14 22.6450073476 2.2035630347 0 0 0 4 4 6 0 0 0 0 6 
816 2 11.0964 8.16864 18.8105 0.00170419 -0.00169595 -3.27425e-04 0.0024264618 0.0 15 18.4710556214 2.2550527392 0 0 0 2 8 5 0 0 0 0 6 
949 2 13.5773 7.06421 19.8906 -0.00726988 -0.00349459 0.00366847 0.0088612068 0.0 12 15.0515038636 2.1557860717 0 0 0 4 4 4 0 0 0 0 6 
423 2 8.93611 7.47476 25.2397 -0.00175344 0.00258856 -7.29122e-04 0.0032104227 0.0 13 15.3190157871 2.1164242726 0 0 1 2 6 3 1 0 0 0 7 
927 1 17.0154 4.89005 21.78 -7.42122e-04 -5.4929e-04 -0.00249638 0.0026616494 0.0 12 19.9781243613 2.1543351735 0 0 0 2 8 2 0 0 0 0 6 
99 2 10.6765 5.32439 25.9045 -8.14428e-04 0.00422016 0.00315964 0.0053344511 0.0 14 15.2202737641 2.1405061954 0 0 1 3 6 2 1 1 0 0 8 
201 2 16.0514 6.26136 19.1085 0.00378005 0.00205966 -0.00123082 0.0044772643 0.0 16 17.3280042699 2.1471206298 0 0 1 4 3 7 0 1 0 0 8 
377 2 7.42526 5.02472 21.5623 0.00275187 0.00294556 0.00115953 0.0041944752 0.0 16 17.4230659205 2.3243392046 0 0 1 5 2 5 3 0 0 0 7 
157 2 9.07184 2.5658 20.9018 0.00462355 0.00329717 0.00101003 0.005767903 0.0 13 14.983115383 2.1578564625 0 0 0 2 8 3 0 0 0 0 6 
125 1 13.7188 1.12152 21.4357 0.00402102 -0.00431926 -0.0020192 0.0062371289 0.0 15 22.5988027778 2.2428529655 0 0 0 1 10 4 0 0 0 0 6 
36 2 11.1337 3.41834 22.4609 0.00238662 -7.42139e-04 7.34288e-04 0.0026049768 0.0 15 18.0373207129 2.1725297689 0 0 1 1 8 4 1 0 0 0 7 
664 1 16.6199 2.18416 22.3173 3.13744e-05 1.83695e-04 -0.0032489 0.0032542402 0.0 13 21.9380057003 2.2267186242 0 0 0 3 6 4 0 0 0 0 6 
997 1 18.6974 0.517948 20.8884 -4.85024e-04 0.00120686 -0.00498147 0.0051484758 0.0 15 21.632449321 2.2520118746 0 0 0 5 5 2 3 0 0 0 7 
50 1 14.0838 2.09218 24.2651 -0.00329749 6.11771e-05 3.28127e-04 0.0033143401 0.0 15 20.2566757254 2.225985265 0 0 2 4 2 5 1 0 1 0 9 
693 2 11.0694 7.90953 23.573 7.01683e-04 -0.003925 0.00358711 0.0053633331 0.0 15 17.3498058382 2.1742494084 0 0 1 2 6 5 1 0 0 0 7 
46 2 11.5867 6.06305 21.0188 -0.00195725 4.44894e-04 0.00135852 0.0024237027 0.0 14 15.0639622525 2.0765644162 0 0 0 2 8 4 0 0 0 0 6 
734 1 15.6956 3.22118 19.6178 0.00127717 6.54643e-04 -2.37444e-05 0.0014353691 0.0 14 21.7293302042 2.209194351 0 0 0 4 4 6 0 0 0 0 6 
169 1 15.6374 4.52891 24.254 0.0063347 1.93792e-04 -0.00548329 0.0083804802 0.0 14 21.6507988569 2.2272113783 0 0 1 3 4 5 1 0 0 0 7 
739 1 16.8273 8.32412 21.5285 -3.28653e-04 -0.0040869 -0.00172333 0.0044475421 0.0 18 22.5427269041 2.2246587937 0 0 2 4 3 5 3 1 0 0 8 
552 2 11.6359 5.5074 23.7213 0.00297395 -1.33037e-05 -0.00537245 0.0061406656 0.0 15 17.752502997 2.2272113783 0 0 3 3 2 3 3 1 0 0 8 
889 1 14.058 4.21467 21.6824 0.00220531 0.00139451 -3.04603e-05 0.0026094019 0.0 15 22.0002061508 2.2272113783 0 0 1 1 7 6 0 0 0 0 6 
873 1 12.4255 2.79061 19.4898 0.00309351 0.00198818 5.55581e-05 0.0036777371 0.0 16 22.1283587457 2.2428529655 0 0 0 2 8 6 0 0 0 0 6 
789 1 14.4776 7.10924 22.6535 5.08784e-04 0.00378353 6.26677e-04 0.0038686799 0.0 16 22.6688464627 2.1742494084 0 0 0 2 9 4 1 0 0 0 7 
433 2 9.60579 4.89829 20.3869 5.18899e-04 -0.00249297 3.39804e-04 0.002568973 0.0 12 14.5171338674 1.9986909951 0 0 0 2 8 2 0 0 0 0 6 
884 2 11.5778 5.83799 18.6416 1.29427e-04 -6.42267e-04 0.00212229 0.0022211198 0.0 12 12.6415115978 2.0397714489 0 0 0 2 8 2 0 0 0 0 6 
450 2 10.3503 3.16156 24.8971 -0.00195866 -0.00302757 7.48222e-05 0.0036066782 0.0 14 15.6972259729 2.1008022715 0 0 1 1 8 3 1 0 0 0 7 
660 2 11.5102 1.29277 26.3921 0.00115911 -0.00140064 -9.64374e-04 0.0020579955 0.0 14 14.4253441141 2.0034319284 0 0 0 4 4 6 0 0 0 0 6 
901 1 13.1503 3.8802 26.0036 0.00683867 0.00340733 -8.07074e-05 0.0076409305 0.0 16 20.3407594182 2.2272113783 0 0 3 1 6 3 2 0 1 0 9 
27 1 14.1897 6.69402 25.6502 -0.00231228 -7.20466e-04 -0.0063051 0.0067542576 0.0 15 21.347089214 2.1742494084 0 0 1 3 5 4 2 0 0 0 7 
246 1 19.6474 8.48993 22.1387 0.00202627 0.00329936 -0.00304695 0.0049270124 0.0 14 21.8833711685 2.2079800667 0 0 0 2 8 4 0 0 0 0 6 
778 2 22.8851 7.69797 18.166 -4.37802e-04 -0.00117236 0.0015537 0.0019950143 0.0 15 18.5270263926 2.4543935665 0 0 1 1 8 4 1 0 0 0 7 
68 1 25.8533 2.01934 19.7451 0.00113998 0.00272628 9.30709e-04 0.0030981246 0.0 13 20.4610945397 2.2475626938 0 0 1 2 5 5 0 0 0 0 6 
154 1 24.7254 6.69201 20.709 0.00321411 -5.67999e-04 -6.37257e-04 0.0033255409 0.0 14 22.2861585403 2.3302322159 0 0 1 2 6 4 1 0 0 0 7 
993 1 24.1026 3.80504 21.4532 0.00249931 0.00195827 0.00280164 0.004234449 0.0 14 21.0844103124 2.2481729266 0 0 1 1 8 3 1 0 0 0 7 
168 1 19.97 5.54462 22.1451 0.00558173 0.00364019 0.00240175 0.0070834382 0.0 13 20.6663289627 2.1543351735 0 0 0 1 10 2 0 0 0 0 6 
34 1 20.3916 5.38319 25.1628 -0.00158013 -0.00305839 0.00146339 0.0037405976 0.0 15 21.1363445534 2.2296713644 0 0 1 2 7 3 2 0 0 0 7 
241 1 20.278 1.90658 25.3531 9.21798e-04 0.0026735 0.00321103 0.0042787881 0.0 14 22.6249199744 2.2503632915 0 0 1 2 7 2 2 0 0 0 7 
542 1 23.9433 0.882568 21.934 0.00143391 7.19604e-04 0.00384433 0.0041656693 0.0 16 22.3124691392 2.2483731188 0 0 2 2 5 4 3 0 0 0 7 
599 1 21.904 0.982158 19.6764 4.48295e-04 0.00477503 0.00316203 0.0057445899 0.0 15 22.1197673424 2.2555987703 0 0 3 2 3 3 4 0 0 0 7 
806 1 25.8787 5.51147 23.5369 -0.001837 -3.44889e-04 -4.18735e-04 0.0019154259 0.0 15 21.5603620081 2.2593984648 0 0 2 2 6 2 2 1 0 0 8 
153 1 26.0474 2.63744 22.8953 -0.00275114 -6.09771e-04 0.00636599 0.0069617829 0.0 14 21.1976357595 2.3245131035 0 0 1 2 7 2 2 0 0 0 7 
287 1 20.9745 2.77896 21.8943 -0.00119165 9.92507e-04 0.00146231 0.0021315371 0.0 15 22.1441281897 2.2092705707 0 0 1 4 4 3 3 0 0 0 7 
929 1 21.3411 8.10483 24.4869 0.00129409 -0.00164911 -0.0055632 0.0059450338 0.0 14 22.9723825423 2.2934877814 0 0 2 0 7 4 1 0 0 0 7 
4 1 21.6453 4.88742 19.5941 -0.00280671 0.00330426 0.00204044 0.0047915708 0.0 18 24.5576881542 2.2640506245 0 0 0 3 8 5 2 0 0 0 7 
325 1 21.9884 7.20404 21.118 4.34827e-04 0.00175943 0.00298053 0.0034882987 0.0 14 20.7574637621 2.08229296 0 0 1 1 8 3 1 0 0 0 7 
480 1 24.2207 8.18295 23.5133 -8.59091e-04 0.00128542 -8.6906e-04 0.001773586 0.0 17 21.5141089692 2.2349356239 0 0 4 2 4 2 4 0 0 1 10 
922 1 18.6352 3.17044 20.25 -0.00271385 -0.00338362 -0.00291009 0.0052232643 0.0 15 20.5947512254 2.1901597872 0 0 1 4 3 5 2 0 0 0 7 
199 2 18.4278 6.51213 19.4912 -0.00191746 -0.00366764 0.00137756 0.0043618697 0.0 13 18.5669833227 2.1636831324 0 0 1 3 3 6 0 0 0 0 6 
426 1 25.4263 1.77769 25.7416 -0.00131022 -8.85505e-04 -0.00149363 0.0021752531 0.0 15 24.0921530188 2.3108991765 0 0 3 3 1 4 4 0 0 0 7 
684 1 23.7561 2.78728 18.1394 7.73465e-04 0.00240847 -0.00716457 0.0075980286 0.0 14 22.4077839778 2.224398095 0 0 1 2 6 4 1 0 0 0 7 
447 1 22.7982 5.53169 23.3472 0.00106928 -0.00488557 -6.92198e-04 0.0050488902 0.0 15 21.796576335 2.2349356239 0 0 2 2 5 3 3 0 0 0 7 
51 1 22.9773 2.77865 23.9291 0.00336771 5.17035e-04 -0.00171027 0.0038123247 0.0 15 22.0417758885 2.3007476128 0 0 2 2 4 5 2 0 0 0 7 
582 2 20.571 8.04231 18.5661 0.00408977 0.00368826 -0.00124451 0.0056460859 0.0 13 14.9688190586 2.0649825352 0 0 0 2 8 3 0 0 0 0 6 
222 1 24.4948 4.86202 26.1486 0.00342925 -0.00169961 2.12647e-04 0.0038332295 0.0 16 24.06120033 2.2414698385 0 0 3 2 4 3 3 1 0 0 8 
387 1 18.7778 3.62766 23.9184 4.24251e-04 -0.00432313 8.09387e-04 0.0044186592 0.0 15 21.5016046625 2.2503632915 0 0 2 1 6 4 2 0 0 0 7 
134 1 17.751 6.78787 24.0 0.00171577 1.4043e-05 7.21482e-04 0.0018613436 0.0 16 22.5880951305 2.1489750534 0 0 0 2 8 6 0 0 0 0 6 
562 1 24.6339 8.05328 26.319 0.00129865 -6.07492e-04 -0.00153066 0.0020972502 0.0 14 21.011464362 2.2570148891 0 0 4 1 3 4 1 0 0 1 10 
506 1 7.77879 16.9091 18.7749 -0.00241278 9.08216e-04 0.00136213 0.0029157781 0.0 14 20.7549946486 2.2303206444 0 0 0 4 4 6 0 0 0 0 6 
576 1 3.82569 16.1875 0.415907 0.00385011 -4.44384e-04 -4.08488e-04 0.0038971383 0.0 15 19.9898556098 2.218729093 0 0 0 4 6 3 2 0 0 0 7 
469 1 7.9378 16.105 23.192 3.26095e-04 0.00229041 0.00173804 0.0028936308 0.0 15 22.8105206263 2.2482973996 0 0 1 2 7 3 2 0 0 0 7 
374 1 3.25259 17.814 24.5105 9.7802e-04 0.00242136 7.46045e-04 0.0027158959 0.0 13 21.2163725371 2.2747601117 0 0 0 4 4 5 0 0 0 0 6 
511 1 5.957 16.6952 20.9064 -0.00204832 -4.97071e-04 0.00127235 0.0024620254 0.0 14 21.7513786332 2.3223613325 0 0 0 4 4 6 0 0 0 0 6 
870 1 6.24383 13.0466 24.7934 8.85288e-04 -0.00329719 0.00215791 0.0040387835 0.0 14 20.5265566885 2.2362340363 0 0 0 2 8 4 0 0 0 0 6 
773 1 8.77121 13.6358 17.4322 -4.55247e-05 -0.001771 -3.09697e-04 0.0017984509 0.0 12 20.7217339416 2.351739146 0 0 0 4 4 4 0 0 0 0 6 
648 1 3.20615 16.1929 22.1884 -1.58728e-04 5.64471e-04 0.00154189 0.0016496202 0.0 14 21.6909436724 2.3130536274 0 0 0 2 8 4 0 0 0 0 6 
428 2 9.00528 17.9508 2.18156 -3.35963e-05 -0.00263567 -0.00162494 0.0030965005 0.0 15 17.666884496 2.2820908518 0 0 0 1 10 4 0 0 0 0 6 
97 1 4.31106 10.6184 25.0737 -0.00575015 -2.70781e-04 0.00190896 0.0060647898 0.0 13 22.0915673878 2.2405963904 0 0 0 1 10 2 0 0 0 0 6 
597 1 3.3337 13.0546 22.9769 -0.00158552 -0.00232593 0.00299258 0.0041084497 0.0 15 22.4592647034 2.1763520144 0 0 1 1 9 2 2 0 0 0 7 
402 1 2.59041 10.0803 22.851 -0.00145493 -0.0010551 -0.00101581 0.0020644436 0.0 16 21.5810202899 2.2243077742 0 0 1 2 7 4 2 0 0 0 7 
767 1 5.05017 9.21393 18.3371 -0.00224444 -0.00342939 5.54479e-04 0.0041359006 0.0 15 22.8229973124 2.2196697418 0 0 2 1 7 2 3 0 0 0 7 
632 1 7.35999 10.3099 25.034 -0.00133222 -9.02635e-04 0.00388496 0.0042050534 0.0 13 19.9989925677 2.1708283842 0 0 0 3 6 4 0 0 0 0 6 
543 1 4.96734 15.5091 24.5727 0.0048403 -0.00163241 0.00267945 0.0057682509 0.0 16 21.6429692067 2.3223613325 0 0 1 2 7 4 2 0 0 0 7 
814 1 4.27334 11.0018 20.5969 -6.6732e-04 -0.00503825 0.00104257 0.0051880855 0.0 13 20.8974809717 2.2243077742 0 0 0 3 6 4 0 0 0 0 6 
48 1 1.82543 9.9276 19.6654 -0.00138389 0.00105094 0.00139079 0.0022257411 0.0 14 22.7839207986 2.2243077742 0 0 0 3 6 5 0 0 0 0 6 
604 1 1.8469 15.6058 18.7516 -0.00344301 9.31262e-04 7.56907e-05 0.0035675336 0.0 15 20.5862526382 2.2668199458 0 0 1 2 6 5 1 0 0 0 7 
932 1 6.79198 11.9433 20.0059 0.00490211 0.00122306 6.00022e-04 0.0050878861 0.0 15 22.4475198396 2.191949631 0 0 0 3 6 6 0 0 0 0 6 
335 1 3.93588 13.329 26.6149 0.00260421 -0.00202867 -0.00111868 0.003485521 0.0 15 22.8007712148 2.2405963904 0 0 1 1 8 4 1 0 0 0 7 
645 1 6.09015 11.059 22.696 0.00118663 0.00532889 8.53264e-04 0.0055256872 0.0 13 19.9309104808 2.1708283842 0 0 0 1 10 2 0 0 0 0 6 
424 1 5.99624 14.1084 21.9992 -0.00231675 -0.00245313 0.00108737 0.0035450742 0.0 13 20.4456835528 2.144096852 0 0 0 3 6 4 0 0 0 0 6 
237 1 8.65173 14.305 20.3883 -0.00266886 -4.15151e-04 -0.00179446 0.0032427227 0.0 14 22.4456338513 2.191949631 0 0 0 2 8 4 0 0 0 0 6 
963 1 8.21376 9.57991 19.1851 0.00130423 -0.00117694 0.0019416 0.0026183992 0.0 13 21.0767973786 2.1495544607 0 0 2 1 6 2 2 0 0 0 7 
832 1 3.81036 14.2776 20.2645 -0.00405695 3.42453e-04 -7.00249e-05 0.00407198 0.0 13 20.6488137466 2.1873086015 0 0 0 3 6 4 0 0 0 0 6 
581 1 1.93806 14.9909 24.8322 -6.04285e-04 -0.00156189 -0.00180343 0.0024611015 0.0 16 22.966558926 2.480801094 0 0 1 2 6 6 1 0 0 0 7 
844 1 1.54834 12.8281 18.0668 -9.82935e-04 0.00138824 0.00301988 0.0034659842 0.0 15 22.5418337473 2.2454905606 0 0 1 2 6 5 1 0 0 0 7 
631 1 0.0755339 10.6674 21.8549 -0.00106731 -4.70178e-04 -0.00130696 0.0017516742 0.0 13 20.1553573813 2.2691274502 0 0 1 3 4 4 1 0 0 0 7 
417 1 1.2521 13.5055 20.9318 -6.28254e-04 -2.30153e-04 0.00117303 0.0013504343 0.0 15 21.8957838549 2.2643716112 0 0 0 3 7 4 1 0 0 0 7 
628 1 1.37393 11.8172 25.1742 -6.34971e-04 -0.00430073 -0.00436187 0.0061583583 0.0 16 23.4035629874 2.3122477652 0 0 1 3 5 5 2 0 0 0 7 
47 1 8.56406 12.7267 22.9352 -1.87766e-04 -5.66066e-04 -0.00239387 0.0024670428 0.0 14 20.476429009 2.3357255728 0 0 1 3 5 4 0 1 0 0 8 
435 1 3.98838 17.0371 18.6195 -0.00181027 -2.74796e-04 0.00203652 0.0027386135 0.0 15 20.251017899 2.2002588792 0 0 0 2 8 5 0 0 0 0 6 
93 1 0.17728 16.0794 22.579 0.0022224 -0.00139565 -0.00183964 0.0032048675 0.0 14 22.6563732587 2.3931614695 0 0 0 3 6 5 0 0 0 0 6 
185 1 11.5467 13.1167 20.0422 2.96087e-04 -0.00279623 -0.00333088 0.0043590517 0.0 15 22.6983074033 2.376141471 0 0 1 4 3 5 2 0 0 0 7 
608 1 14.4924 17.3304 25.0879 0.00126672 -0.00156607 -9.31914e-04 0.0022193734 0.0 13 23.0862825396 2.3092995604 0 0 0 1 10 2 0 0 0 0 6 
540 1 12.249 12.7334 25.778 -0.00242031 -4.75465e-04 0.00230597 0.0033766056 0.0 13 22.4061175999 2.3414158348 0 0 1 2 6 3 1 0 0 0 7 
840 1 11.5007 15.7871 26.4986 0.00383218 -0.00412149 -6.01583e-04 0.005659875 0.0 16 24.6059854958 2.2820908518 0 0 1 3 5 5 2 0 0 0 7 
594 1 14.8374 11.4351 26.3694 0.00453595 0.00467638 0.00327675 0.0072924936 0.0 18 23.259073887 2.4667312164 0 0 3 3 2 7 2 0 1 0 9 
488 2 16.4773 10.1938 17.6503 -0.00164048 -0.00675379 5.97597e-04 0.0069758137 0.0 13 15.1205665461 2.2075764 0 0 2 2 4 4 0 1 0 0 8 
262 1 15.8993 8.88838 24.8819 5.91942e-04 7.62415e-04 0.00239471 0.0025819194 0.0 15 21.0303881685 2.4712635248 0 0 1 5 3 4 1 0 1 0 9 
492 2 11.8618 8.46637 21.5 7.01225e-04 -0.00184269 0.00449773 0.0049108857 0.0 11 16.8658800968 2.256291974 0 0 0 4 4 3 0 0 0 0 6 
180 2 13.2312 9.28908 19.7015 0.00388541 -0.00276803 0.00212006 0.0052204459 0.0 16 17.7200597149 2.3846315382 0 0 1 4 4 5 1 1 0 0 8 
156 1 14.4784 10.1067 22.5393 0.00225256 0.00124159 -0.00344788 0.0043015635 0.0 13 20.6131938122 2.3777565981 0 0 2 2 4 3 2 0 0 0 7 
897 1 9.75217 10.6828 21.5985 0.00165531 0.00217953 -0.00339591 0.0043614914 0.0 18 23.5627887957 2.3280207251 0 0 1 3 7 4 2 1 0 0 8 
263 1 15.4996 16.238 22.4755 -0.00269355 -3.32797e-05 9.91307e-04 0.0028703673 0.0 14 22.127612986 2.1801065566 0 0 0 3 6 5 0 0 0 0 6 
934 1 9.86091 17.1655 20.9087 -8.02693e-04 -2.13468e-06 7.44814e-04 0.0010950199 0.0 15 20.9908551883 2.2529363164 0 0 0 4 4 7 0 0 0 0 6 
939 1 12.7256 15.9671 21.0946 0.00378871 0.00263862 -0.00177871 0.004947772 0.0 13 20.4279409393 2.1743354217 0 0 0 3 6 4 0 0 0 0 6 
956 1 10.5953 14.7234 22.3282 -0.00237073 -5.79174e-04 0.00360178 0.0043507037 0.0 15 20.5676455854 2.3414158348 0 0 3 2 3 3 4 0 0 0 7 
311 1 11.1764 17.3249 23.6566 -0.00109942 0.00441282 -0.00260663 0.0052417769 0.0 15 23.9478238139 2.2845051191 0 0 0 4 6 3 2 0 0 0 7 
280 1 11.986 11.8754 22.8112 -0.0036574 4.69074e-04 0.00161217 0.0040243878 0.0 16 22.5200269422 2.3846315382 0 0 1 4 4 4 3 0 0 0 7 
218 1 8.92689 14.4092 25.2382 -0.00167246 -0.00250583 0.0012459 0.0032601493 0.0 16 23.8027626319 2.3414158348 0 0 2 4 3 2 5 0 0 0 7 
595 1 14.1527 13.5462 21.1463 1.91029e-04 0.00391967 -0.00491846 0.006292182 0.0 15 21.31964636 2.3846315382 0 0 1 3 5 4 2 0 0 0 7 
877 1 16.2537 15.2435 19.7968 -0.00258411 -0.00291043 -0.00490972 0.0062652676 0.0 15 22.7938454974 2.1873280797 0 0 0 3 6 6 0 0 0 0 6 
268 1 16.0064 11.3357 20.5643 0.00270525 0.00135996 -0.00222531 0.003757642 0.0 15 22.3091198845 2.2811099388 0 0 0 5 2 8 0 0 0 0 6 
302 1 14.7885 12.5935 23.7529 -0.00197843 0.00477885 0.0021861 0.0056152138 0.0 15 20.8380271654 2.2080799942 0 0 0 5 4 4 2 0 0 0 7 
478 1 13.0942 15.1243 23.88 0.00118389 -0.0017543 1.18838e-04 0.0021197374 0.0 14 21.6403320524 2.2854451338 0 0 1 3 4 5 1 0 0 0 7 
464 1 13.0498 9.97241 24.8846 2.19741e-04 3.54236e-04 -0.00515309 0.0051699232 0.0 14 21.029811815 2.1742494084 0 0 0 2 8 4 0 0 0 0 6 
455 1 17.3671 13.4196 22.348 -2.94808e-04 -0.0036605 0.00185859 0.0041158874 0.0 15 23.3455489907 2.2370387795 0 0 0 2 8 5 0 0 0 0 6 
29 1 17.6714 12.4896 25.3085 -0.00234884 0.00256058 -0.00154258 0.0038017328 0.0 13 21.302323285 2.3103329863 0 0 0 2 8 3 0 0 0 0 6 
500 1 16.1144 14.9169 24.9961 -0.00174976 8.27558e-04 0.00116937 0.0022614019 0.0 13 20.2135856882 2.1523827061 0 0 0 3 6 4 0 0 0 0 6 
530 1 8.74438 12.2425 0.0907838 0.0011927 -0.00346343 -6.45074e-07 0.0036630426 0.0 14 21.711286842 2.1930719975 0 0 0 3 7 3 1 0 0 0 7 
253 1 9.99513 10.7977 24.5455 5.31237e-04 -0.00113024 -0.0020136 0.0023694388 0.0 14 21.6437731129 2.3387267557 0 0 0 2 8 4 0 0 0 0 6 
186 1 17.5485 10.6538 22.9628 -7.5309e-05 -0.00245791 -0.00552618 0.006048608 0.0 13 19.8801118796 2.2080799942 0 0 1 2 6 3 1 0 0 0 7 
164 1 20.1433 12.2141 23.6872 -0.00243611 8.72873e-04 0.00250989 0.0036050086 0.0 15 21.2173273944 2.2934877814 0 0 1 4 5 2 2 1 0 0 8 
436 2 22.4827 12.5809 20.187 -5.22732e-04 0.0025848 -0.00377127 0.0046018385 0.0 14 18.3057076024 2.4199091691 0 0 1 1 7 5 0 0 0 0 6 
747 2 20.3213 13.4588 20.9664 0.00211091 3.91972e-04 -0.00266775 0.0034243938 0.0 13 18.3620405546 2.2370387795 0 0 0 6 1 5 1 0 0 0 7 
644 2 21.9429 15.0837 19.514 -0.00186906 -1.74113e-04 -6.63194e-04 0.0019908608 0.0 13 14.892031963 2.2627102354 0 0 1 2 6 3 1 0 0 0 7 
347 2 21.2955 10.3233 19.421 0.00419999 0.00225148 7.42329e-04 0.0048228758 0.0 13 16.2207466274 2.0811759076 0 0 1 0 9 3 0 0 0 0 6 
266 1 17.95 17.391 24.8277 -3.26392e-05 -0.00330253 0.00103902 0.0034622727 0.0 14 21.9710813877 2.1801065566 0 0 0 2 8 4 0 0 0 0 6 
194 1 18.7234 9.58632 25.4046 9.91219e-04 0.00384205 -0.00207136 0.0044759798 0.0 16 24.8006853227 2.4476447497 0 0 3 1 5 4 2 1 0 0 8 
113 2 19.4337 14.9338 19.0738 -0.00161081 0.00183734 -0.00439563 0.0050291242 0.0 15 17.4570344208 2.1810449092 0 0 0 2 8 5 0 0 0 0 6 
316 2 25.5836 17.0038 19.4329 -0.00200761 2.9608e-04 -0.00171336 0.0026558923 0.0 13 18.4557260373 2.2668199458 0 0 0 1 10 2 0 0 0 0 6 
381 2 18.413 12.7638 18.5721 0.0047269 0.00203932 0.00208475 0.0055541509 0.0 14 17.6740800199 2.1873280797 0 0 0 1 10 3 0 0 0 0 6 
463 1 21.9086 10.5498 22.6291 7.88486e-04 7.41307e-04 0.0015137 0.0018607885 0.0 15 22.1491305664 2.265997481 0 0 2 1 6 5 0 1 0 0 8 
184 2 21.1443 17.7248 20.2941 -0.00124431 0.00379998 3.50328e-04 0.0040138367 0.0 14 21.3097981485 2.2326239308 0 0 0 3 6 5 0 0 0 0 6 
35 2 23.0271 11.1901 18.0425 0.00213533 0.00308848 -0.00197567 0.004242831 0.0 13 15.916768109 2.0861151082 0 0 0 1 10 2 0 0 0 0 6 
894 2 18.5843 9.6979 19.2362 -0.00371683 -0.00502269 -0.00520903 0.0081348776 0.0 15 16.9472066563 2.1738508324 0 0 3 2 3 4 2 1 0 0 8 
490 1 18.4398 16.468 21.8691 8.84235e-04 0.00168429 -0.00236914 0.0030383431 0.0 14 23.2869636544 2.2370387795 0 0 0 4 4 6 0 0 0 0 6 
179 2 19.3656 11.2803 20.8523 -0.00479804 0.00500247 0.00202485 0.0072212126 0.0 13 17.2620492874 2.0781048325 0 0 1 2 6 3 1 0 0 0 7 
603 1 26.5539 12.8871 0.921521 -0.0015054 0.00325702 0.00212372 0.0041694838 0.0 13 20.4361389815 2.3631440883 0 0 3 3 1 3 2 1 0 0 8 
62 1 24.1088 9.61091 20.8249 -2.52287e-04 9.99862e-04 0.00347914 0.0036287447 0.0 13 23.3028307867 2.348678072 0 0 0 1 10 2 0 0 0 0 6 
653 1 22.7268 10.1526 26.0348 -0.00151768 0.00248794 -0.00323774 0.0043561633 0.0 16 23.1040449782 2.2934877814 0 0 0 4 6 4 2 0 0 0 7 
101 1 25.7688 11.9768 19.579 2.42193e-04 1.57552e-04 -4.27384e-04 5.1588483735e-04 0.0 14 22.095387224 2.4199091691 0 0 0 2 8 4 0 0 0 0 6 
379 1 26.7203 13.1859 23.2958 2.53963e-05 -0.00246385 4.86218e-04 0.0025114955 0.0 14 22.199877324 2.4547698875 0 0 2 3 2 5 2 0 0 0 7 
504 1 24.2545 16.1075 23.989 -3.99256e-04 -7.87314e-04 -0.00202348 0.0022076549 0.0 16 25.6343283928 2.480801094 0 0 0 1 10 5 0 0 0 0 6 
149 2 25.4944 14.7998 18.4485 3.66986e-04 0.00437897 3.83906e-04 0.0044110589 0.0 13 16.0020126897 2.1603818227 0 0 0 2 8 3 0 0 0 0 6 
984 2 23.6788 16.5803 20.4294 -0.00427261 -0.00186704 -0.00254111 0.0053102048 0.0 14 17.2491910842 2.1965018157 0 0 1 3 5 3 2 0 0 0 7 
601 2 20.825 12.3996 18.2352 -0.00183968 -0.0011165 0.00190613 0.0028747741 0.0 15 13.877781452 1.9145067755 0 0 0 2 8 5 0 0 0 0 6 
408 1 24.7531 11.1321 23.6299 0.00166452 -9.97339e-04 0.0019189 0.0027290088 0.0 15 21.1807594702 2.4199091691 0 0 1 4 4 3 3 0 0 0 7 
81 2 25.017 14.5973 20.8075 -0.00417751 7.8296e-04 -0.00274007 0.0050569358 0.0 15 21.0831259934 2.4199091691 0 0 0 4 5 5 1 0 0 0 7 
74 1 22.9058 13.2583 23.3803 0.0012169 5.86771e-04 -0.00173047 0.0021953752 0.0 14 23.0241470494 2.3995244079 0 0 1 3 4 5 1 0 0 0 7 
193 2 23.4357 16.7044 17.9126 -0.00287731 -2.83452e-04 -2.73532e-04 0.0029041483 0.0 15 15.7481298427 2.1322207212 0 0 1 3 6 2 3 0 0 0 7 
133 1 24.6297 13.3977 25.8225 0.00299841 0.00227447 8.51494e-04 0.0038585902 0.0 16 22.8369356022 2.480801094 0 0 1 5 2 5 3 0 0 0 7 
619 1 25.4948 10.744 26.3452 -9.64039e-04 -0.00158503 -0.00346139 0.0039272016 0.0 13 19.372751012 2.1049307025 0 0 2 1 5 4 1 0 0 0 7 
120 1 21.4239 15.7521 22.7356 9.36423e-04 2.9592e-04 -0.00142532 0.0017308939 0.0 16 22.556561819 2.2627102354 0 0 1 4 4 4 3 0 0 0 7 
383 1 21.0636 12.4312 26.2512 0.00256697 0.00304992 5.03938e-04 0.0040181215 0.0 15 23.8124654346 2.3103329863 0 0 1 3 6 2 3 0 0 0 7 
925 1 19.1486 15.0055 24.8111 0.00168446 -0.00167264 1.25616e-04 0.0023771642 0.0 14 21.7993084278 2.2370387795 0 0 0 4 5 4 1 0 0 0 7 
155 1 22.0652 15.0518 25.5817 0.00286308 -0.00305764 -0.00250426 0.0048803389 0.0 13 20.6613739567 2.1771673263 0 0 1 2 6 3 1 0 0 0 7 
245 1 20.9012 17.5547 24.8033 7.14124e-05 0.00171844 -0.00128817 0.002148841 0.0 14 20.4225666519 2.2887477474 0 0 0 3 6 5 0 0 0 0 6 
368 1 0.429281 17.6071 25.4721 -6.0782e-04 -7.26773e-04 -0.00219581 0.0023914903 0.0 14 24.2300579713 2.4469850566 0 0 0 1 10 3 0 0 0 0 6 
930 1 3.54477 22.3414 21.8935 -0.00123776 0.00270555 0.00440885 0.0053188353 0.0 16 22.8657752553 2.3176770722 0 0 0 3 6 7 0 0 0 0 6 
414 1 3.10827 20.3233 19.5455 -4.66591e-04 2.10034e-04 -2.63759e-04 5.7566505237e-04 0.0 15 21.7281318065 2.2074902235 0 0 1 2 6 5 1 0 0 0 7 
902 1 5.814 19.1704 19.0922 0.00139612 2.84879e-04 5.80007e-04 0.0015384132 0.0 12 20.1186019356 2.2148623116 0 0 0 2 8 2 0 0 0 0 6 
900 2 6.1159 24.6812 25.9993 0.00106579 -0.00160084 -0.00187787 0.0026879347 0.0 15 12.9413353731 1.9086335795 0 0 0 4 5 5 1 0 0 0 7 
661 2 6.30516 25.7144 22.0744 -4.02664e-04 -0.00124045 -0.00333262 0.0035787163 0.0 14 17.0604413026 2.3765426094 0 0 1 4 2 6 1 0 0 0 7 
64 1 1.90834 25.1459 23.0984 -0.00211024 8.74961e-04 -0.00298739 0.0037607404 0.0 16 23.7887752159 2.3164951839 0 0 1 2 7 4 2 0 0 0 7 
784 1 1.71659 19.484 23.0735 -0.00366996 0.00215913 6.4721e-05 0.0042584783 0.0 14 21.3886265987 2.1861841824 0 0 0 3 6 5 0 0 0 0 6 
413 2 6.5979 18.5758 24.3342 -9.6249e-04 -1.04364e-04 -4.17981e-05 9.6903350084e-04 0.0 13 18.5655078975 2.3223613325 0 0 0 3 6 4 0 0 0 0 6 
33 1 7.48166 19.0574 21.5507 -5.32146e-04 -0.00106208 0.00299856 0.0032252993 0.0 14 21.5744951072 2.1509538003 0 0 0 4 4 6 0 0 0 0 6 
642 1 7.40549 23.1469 18.4091 -0.00359075 -0.00217619 -4.25291e-04 0.0042202086 0.0 16 24.2391206976 2.3765426094 0 0 0 5 3 7 1 0 0 0 7 
399 1 6.10821 21.2973 20.4662 -0.00197765 -1.90318e-04 0.00256767 0.0032465751 0.0 13 20.3096562526 2.2097828596 0 0 0 2 8 3 0 0 0 0 6 
953 1 0.603884 21.4306 17.7837 0.00206868 5.91261e-05 0.00469361 0.0051296109 0.0 14 22.2500312107 2.4688365597 0 0 2 3 2 5 2 0 0 0 7 
671 1 1.58674 23.1941 19.8901 -8.40387e-04 0.00163261 -0.00121352 0.0022009763 0.0 14 21.9920544953 2.2976842808 0 0 1 3 4 5 1 0 0 0 7 
657 2 6.52535 23.2293 22.9436 5.4402e-04 -0.00279702 0.00115285 0.0030738155 0.0 14 16.9201596884 2.2155305054 0 0 0 4 6 2 2 0 0 0 7 
49 1 0.70187 26.1964 18.5341 -1.10926e-04 0.00279051 0.00188809 0.0033710732 0.0 14 22.7101995145 2.2438440776 0 0 1 2 6 4 1 0 0 0 7 
685 1 4.5118 19.2524 22.1254 5.29462e-04 -0.00270784 7.072e-04 0.0028483081 0.0 16 22.6950291875 2.3223613325 0 0 0 3 6 7 0 0 0 0 6 
274 1 4.73988 23.7776 19.801 -4.73541e-05 -0.00100741 0.00116785 0.001543046 0.0 15 22.8314126796 2.3213633055 0 0 0 4 5 5 1 0 0 0 7 
946 2 3.43648 21.0113 25.1147 -0.00479606 -0.00134052 0.00207389 0.0053944606 0.0 13 16.7496067245 2.0942578327 0 0 0 4 4 5 0 0 0 0 6 
942 2 7.62252 25.7517 24.3207 0.00542272 0.0016525 -7.84217e-04 0.0057229053 0.0 12 13.5894203595 2.0432471707 0 0 0 4 4 4 0 0 0 0 6 
333 2 8.82177 25.3123 21.7773 -0.00264377 -7.63967e-04 -1.67484e-04 0.0027570303 0.0 14 15.7251592682 2.3765426094 0 0 0 7 1 3 3 0 0 0 7 
845 2 8.33345 21.2419 23.8409 -1.14638e-04 -0.00331083 -0.00259616 0.0042088934 0.0 13 16.774110585 2.1365866008 0 0 0 4 4 5 0 0 0 0 6 
933 2 1.96749 23.0547 25.6391 0.00163064 0.00285141 -0.00209034 0.0038934621 0.0 13 17.2075113273 2.2883766513 0 0 0 1 10 2 0 0 0 0 6 
214 2 4.29886 23.33 25.1718 -0.0021686 3.19374e-04 7.21438e-04 0.0023076608 0.0 14 14.6299414498 2.1432993694 0 0 1 3 5 3 2 0 0 0 7 
119 2 5.81423 21.3134 24.2526 -0.00274087 0.00297918 -2.91616e-04 0.0040586847 0.0 13 15.8170768171 2.1220434864 0 0 0 1 10 2 0 0 0 0 6 
707 1 1.6948 17.9906 20.534 -4.54993e-04 -0.00256849 -0.00412522 0.0048807376 0.0 11 20.6283080278 2.2002588792 0 0 0 2 8 1 0 0 0 0 6 
744 2 7.7301 19.9897 -0.0191178 0.00176627 6.91813e-04 -0.00640947 0.0066842816 0.0 19 15.3118888302 2.0349821844 0 0 0 1 10 8 0 0 0 0 6 
1000 2 4.83997 25.092 23.7129 5.3253e-04 -6.03605e-04 8.14267e-04 0.0011449707 0.0 14 15.5311550556 2.3176770722 0 0 2 2 4 4 2 0 0 0 7 
520 1 5.95382 26.2531 18.6593 -0.0039321 0.00179711 0.00465362 0.0063519441 0.0 15 23.842073793 2.3765426094 0 0 0 3 6 6 0 0 0 0 6 
616 2 7.44871 22.9517 25.0982 0.00377264 0.00383745 0.00170373 0.0056446019 0.0 14 12.8328013428 2.112682702 0 0 0 4 5 4 1 0 0 0 7 
913 2 7.88914 17.3499 26.2811 0.00121127 0.00392182 -2.67064e-04 0.0041132919 0.0 14 18.7631883019 2.2820908518 0 0 0 2 8 4 0 0 0 0 6 
177 1 3.02695 26.3297 20.3026 -0.00354648 -0.00139876 0.00471207 0.0060611594 0.0 15 24.0010698114 2.3176770722 0 0 0 4 6 3 2 0 0 0 7 
31 1 4.8578 21.918 17.7868 -8.53883e-04 0.00221735 -0.00116886 0.0026480164 0.0 14 21.3321776277 2.4662276394 0 0 3 2 3 3 2 1 0 0 8 
445 2 9.05998 0.743001 25.4177 -0.0014078 -0.00365074 0.00429684 0.005811423 0.0 13 12.6730993073 1.8940412815 0 0 0 3 6 4 0 0 0 0 6 
705 1 1.34891 18.2694 17.8388 -0.00120094 -0.00512524 0.00295412 0.0060363206 0.0 14 20.7068071437 2.1532871416 0 0 2 0 8 2 2 0 0 0 7 
630 2 0.66075 24.8469 26.3169 0.0012478 -0.00336705 -0.0021385 0.0041793795 0.0 11 17.4483883528 2.1356130003 0 0 0 2 8 1 0 0 0 0 6 
554 1 8.8231 20.436 19.0134 2.25021e-04 -0.00140791 -0.00245299 0.0028372531 0.0 15 23.9933144713 2.2911423183 0 0 0 3 7 4 1 0 0 0 7 
456 1 11.9486 18.4309 19.3498 -0.00223992 1.03045e-04 3.45984e-04 0.0022688245 0.0 13 20.0131470511 2.2718369445 0 0 0 3 6 4 0 0 0 0 6 
39 1 16.8646 18.779 21.2734 -0.00195947 -0.0023362 -8.10266e-04 0.0031549777 0.0 14 21.7968664061 2.2230923118 0 0 0 4 4 6 0 0 0 0 6 
809 1 14.3539 24.5382 21.2734 0.00314072 0.00133267 0.00103732 0.0035659731 0.0 15 21.0094370736 2.2159732854 0 0 0 2 8 5 0 0 0 0 6 
699 1 11.2923 22.9554 19.8192 -9.27231e-04 -0.00125602 -0.00191428 0.0024701845 0.0 16 24.7149046244 2.300226412 0 0 0 4 4 8 0 0 0 0 6 
557 2 10.5947 23.3032 22.7826 0.00247984 0.00310594 4.78999e-04 0.0040032374 0.0 14 16.8593227142 2.2000126461 0 0 1 3 5 3 2 0 0 0 7 
892 2 8.62038 23.0068 21.4444 -0.00329857 8.41781e-04 -0.00224438 0.0040775484 0.0 15 20.2397248471 2.3326194216 0 0 1 5 2 4 3 0 0 0 7 
518 1 9.84926 25.4119 18.6732 0.0017612 0.00239835 1.98775e-04 0.0029821837 0.0 14 23.8731740243 2.3611446529 0 0 1 3 4 5 1 0 0 0 7 
881 2 11.4891 25.5506 21.6789 0.00189563 4.7692e-04 -0.00339879 0.0039207957 0.0 13 17.0630798599 2.1903613725 0 0 1 2 5 5 0 0 0 0 6 
980 1 16.5927 20.6636 18.7531 -5.605e-04 -0.00402064 1.31992e-04 0.0040616657 0.0 13 19.5825222476 2.1164476957 0 0 0 3 6 4 0 0 0 0 6 
622 1 15.8336 26.2697 19.6205 5.49847e-04 0.00100385 -0.00185573 0.0021803166 0.0 15 24.3507085474 2.209194351 0 0 0 2 8 5 0 0 0 0 6 
507 1 10.4577 19.9972 21.3484 8.08821e-04 -0.00208105 -0.00247397 0.0033324898 0.0 15 24.3428178756 2.300226412 0 0 0 2 8 5 0 0 0 0 6 
549 2 13.1081 26.2553 25.9781 0.0047092 -0.00117033 0.00164779 0.0051245926 0.0 16 15.0560094185 2.1753883377 0 0 2 3 4 5 0 2 0 0 8 
10 2 12.4205 23.6314 24.6558 9.30219e-06 -5.4979e-04 0.00221535 0.0022825712 0.0 15 17.8636872986 2.1916858185 0 0 1 3 6 2 3 0 0 0 7 
415 1 15.6682 21.7825 21.2307 -5.85519e-04 -0.00305268 -0.00143695 0.0034243997 0.0 12 20.4279283656 2.2001886513 0 0 0 2 8 2 0 0 0 0 6 
839 1 15.4449 23.5928 23.534 3.56666e-04 -0.00445468 -8.36182e-04 0.0045464915 0.0 15 22.0734075332 2.2820421277 0 0 0 2 8 5 0 0 0 0 6 
834 1 14.8587 18.0451 19.3125 3.43474e-04 -8.03759e-04 0.00104171 0.0013598392 0.0 14 21.5611074391 2.1909773554 0 0 0 3 6 5 0 0 0 0 6 
961 1 16.3567 25.412 25.8104 -0.00484083 0.00191589 0.00202734 0.0055869828 0.0 15 22.071611987 2.3276539006 0 0 3 2 1 7 2 0 0 0 7 
66 1 13.5603 18.6606 21.9727 0.00437931 -0.00274143 0.00520357 0.0073328668 0.0 16 23.1582418985 2.3903520649 0 0 0 4 5 6 1 0 0 0 7 
536 1 12.8824 25.2814 18.7631 0.00343182 0.00108651 -0.00148196 0.0038928265 0.0 15 22.0986898463 2.2428529655 0 0 0 2 8 5 0 0 0 0 6 
340 1 15.4748 26.4997 23.3167 1.26045e-04 3.35712e-04 -0.00337843 0.0033974077 0.0 13 20.3121623209 2.177006697 0 0 0 1 10 2 0 0 0 0 6 
976 1 15.6144 19.9003 23.7396 -0.00344997 -0.00305415 6.94563e-04 0.004659672 0.0 16 26.1347412808 2.3903520649 0 0 0 3 6 7 0 0 0 0 6 
499 2 11.4978 1.10225 23.925 -0.00217024 -0.00175401 -0.00325527 0.0042875722 0.0 14 15.255996939 2.0524100101 0 0 1 2 6 4 1 0 0 0 7 
59 1 17.7361 23.472 18.9107 5.51199e-04 0.00129749 4.16486e-04 0.0014699528 0.0 14 22.7751214446 2.2480103887 0 0 0 4 4 6 0 0 0 0 6 
491 2 8.85129 18.921 24.5069 -0.00386301 -0.0010299 4.35629e-04 0.0040216058 0.0 12 16.2902550123 2.1936297601 0 0 1 2 5 4 0 0 0 0 6 
265 2 11.0202 20.3091 24.8253 0.00150887 -0.00333152 6.11747e-04 0.0037080923 0.0 14 18.3382217 2.386362514 0 0 0 4 4 6 0 0 0 0 6 
71 1 13.4865 20.6609 19.6714 -0.0011896 -0.00146656 -0.00378485 0.0042297797 0.0 14 21.0002741061 2.300226412 0 0 0 3 6 5 0 0 0 0 6 
386 2 10.8838 25.8367 26.2228 -0.00409059 -0.00176585 -0.00389755 0.0059196325 0.0 13 12.4358008873 1.9693793136 0 0 1 3 3 6 0 0 0 0 6 
192 1 14.9556 23.0545 18.8165 0.00269873 0.00162341 -9.76112e-04 0.0032971804 0.0 13 19.6070796085 2.2073106014 0 0 0 3 6 4 0 0 0 0 6 
647 2 9.88322 22.3684 25.0272 2.05265e-04 6.03851e-04 -0.0021534 0.0022458632 0.0 12 13.7336425871 2.0349821844 0 0 1 1 7 3 0 0 0 0 6 
407 2 12.6889 25.924 23.5739 0.00180463 -4.28267e-04 -0.00184017 0.0026127242 0.0 12 15.5745124202 2.1708011815 0 0 1 3 4 3 1 0 0 0 7 
833 1 13.0632 21.5444 22.4278 -0.00119409 9.37074e-04 -9.1741e-04 0.0017735839 0.0 13 23.7176170002 2.3903520649 0 0 0 2 8 3 0 0 0 0 6 
745 1 17.4232 24.7752 21.7407 0.00165452 0.00259675 3.70509e-04 0.0031012617 0.0 14 20.5738716214 2.1854492228 0 0 0 3 6 5 0 0 0 0 6 
865 2 9.91615 25.1625 24.0531 2.99539e-04 0.00274404 -3.60582e-04 0.0027837921 0.0 16 14.4968778315 2.112682702 0 0 0 3 7 5 1 0 0 0 7 
639 1 16.3378 19.46 26.6987 0.00439034 0.00328636 -3.06347e-05 0.0054841759 0.0 16 22.6478314546 2.3494901908 0 0 2 1 7 4 1 1 0 0 8 
461 1 25.7052 26.3636 23.8678 0.00193281 -0.00325549 0.00223981 0.0043989452 0.0 14 21.9727242303 2.1979672188 0 0 1 3 5 3 2 0 0 0 7 
172 1 18.6693 -0.0168589 23.6 0.00448066 -0.00224592 -0.00311306 0.0059001367 0.0 14 22.6424360875 2.2267186242 0 0 0 4 5 4 1 0 0 0 7 
307 1 21.3517 0.0633661 22.8687 -0.00115775 9.85542e-04 -0.00213378 0.0026200563 0.0 13 20.2013892506 2.2555987703 0 0 1 2 6 3 1 0 0 0 7 
694 1 20.1889 22.5382 26.634 -0.00349266 2.08243e-04 0.00219854 0.0041322654 0.0 13 22.4854124116 2.3072948105 0 0 0 3 6 4 0 0 0 0 6 
785 1 21.3879 19.7965 26.0141 8.46797e-05 -0.00114096 -6.99258e-05 0.001146233 0.0 15 21.16600086 2.2769394164 0 0 0 3 7 4 1 0 0 0 7 
508 1 25.6806 23.8103 17.9393 -0.00153994 0.00211138 -9.93674e-04 0.0027958413 0.0 14 21.7122222372 2.3560476531 0 0 1 3 5 3 2 0 0 0 7 
112 1 0.879617 22.3969 22.5682 -0.00155536 0.00215481 -0.00288927 0.0039255868 0.0 12 22.0671758763 2.2797789051 0 0 0 3 6 3 0 0 0 0 6 
821 1 24.9183 19.6201 17.8595 3.18029e-04 0.00399776 -0.00309954 0.0050685674 0.0 13 20.1876084315 2.1988266585 0 0 1 0 9 3 0 0 0 0 6 
475 1 26.5705 20.7344 24.994 -3.20146e-04 -3.63747e-05 -0.00147069 0.0015055715 0.0 13 22.2170322091 2.2797789051 0 0 0 3 6 4 0 0 0 0 6 
903 1 20.0497 24.2218 21.7076 -0.00187739 -0.00133426 0.00115578 0.0025769498 0.0 15 22.2981943896 2.2555987703 0 0 1 2 7 3 2 0 0 0 7 
240 1 22.9432 -0.126255 25.0748 -2.97404e-04 -0.00180729 4.36592e-04 0.0018829123 0.0 15 21.3092372312 2.3108991765 0 0 1 4 3 5 2 0 0 0 7 
847 1 21.9278 19.5713 17.9963 -0.00242441 0.00189763 0.00147486 0.003413792 0.0 14 21.212782214 2.1765596239 0 0 1 3 3 7 0 0 0 0 6 
441 1 24.3905 26.6081 18.4 -0.00205761 6.45751e-04 -8.76216e-04 0.0023277688 0.0 14 21.4450424717 2.2483731188 0 0 0 1 10 3 0 0 0 0 6 
300 1 25.2623 23.5615 24.2175 -0.00441518 -0.0035385 -7.57847e-04 0.0057086889 0.0 14 21.1559120451 2.1979672188 0 0 0 1 10 3 0 0 0 0 6 
12 1 25.7713 24.519 20.7511 0.00193892 -4.47749e-04 -0.00260533 0.0032783585 0.0 15 24.6825216511 2.3560476531 0 0 0 2 8 5 0 0 0 0 6 
958 1 20.5652 22.8106 18.3218 -0.00247848 0.00149643 -8.77502e-04 0.0030252563 0.0 14 22.1640382147 2.2480103887 0 0 0 3 6 5 0 0 0 0 6 
531 1 20.6585 25.0294 24.8512 -0.00176668 0.00439753 5.44799e-04 0.0047703495 0.0 15 21.0105785886 2.339297356 0 0 1 2 7 3 2 0 0 0 7 
440 1 22.6313 24.8691 20.0855 -0.00231415 -0.00269971 -0.00182251 0.003995656 0.0 15 22.958439642 2.2415982455 0 0 0 4 4 7 0 0 0 0 6 
167 1 24.3 19.5229 20.3694 -0.00138153 -8.89709e-04 0.00181967 0.0024518169 0.0 12 19.9612256954 2.1322207212 0 0 0 2 8 2 0 0 0 0 6 
571 1 23.5645 22.2215 19.0703 0.00138744 0.00332411 0.00266474 0.0044805732 0.0 14 22.1299915963 2.3560476531 0 0 1 2 6 4 1 0 0 0 7 
348 1 19.8593 25.5631 18.8154 0.00203512 0.00525563 0.00208442 0.0060090071 0.0 15 22.1027217958 2.2555987703 0 0 1 4 4 3 3 0 0 0 7 
272 1 19.5376 19.1592 22.5533 0.00182384 3.47428e-04 6.14663e-04 0.0019557375 0.0 15 21.8013610383 2.2326239308 0 0 0 4 4 7 0 0 0 0 6 
730 1 24.3851 21.9248 21.7703 3.85771e-04 -7.57782e-04 -5.92617e-04 0.0010364592 0.0 14 22.6273314786 2.3379876961 0 0 0 3 6 5 0 0 0 0 6 
612 1 23.0891 24.2238 22.8 -0.00523147 2.97339e-04 0.00295482 0.0060156172 0.0 14 22.0015731728 2.1481873979 0 0 0 3 6 5 0 0 0 0 6 
91 1 22.6635 18.853 22.8272 -5.7956e-05 -0.00140753 5.43219e-04 0.00150983 0.0 14 23.447812688 2.2887477474 0 0 0 0 12 2 0 0 0 0 6 
618 1 20.7255 21.8668 23.4136 -4.3527e-04 -4.73534e-04 0.00212217 0.0022174986 0.0 14 22.002371094 2.1862555402 0 0 0 1 10 3 0 0 0 0 6 
928 1 21.4759 21.2752 20.7855 -0.00109174 0.00223191 7.1014e-04 0.0025841086 0.0 14 22.7840859616 2.2296257039 0 0 0 1 10 3 0 0 0 0 6 
723 1 19.2984 20.0178 19.2067 0.00361348 -0.00574998 -3.53654e-04 0.0068003367 0.0 15 22.4655883537 2.2326239308 0 0 0 5 3 6 1 0 0 0 7 
652 1 23.7493 20.851 24.5544 -0.00176565 -9.74519e-04 0.00335475 0.0039142758 0.0 12 20.9097089043 2.1862555402 0 0 0 3 6 3 0 0 0 0 6 
38 1 0.314152 20.487 20.4251 -0.0031287 0.00123747 3.02153e-04 0.0033780752 0.0 16 22.2446616105 2.3560476531 0 0 0 2 8 6 0 0 0 0 6 
18 1 18.4424 23.3619 24.116 -0.00436239 -3.77371e-06 0.00134953 0.0045663653 0.0 14 20.9574765198 2.339297356 0 0 1 2 7 2 2 0 0 0 7 
170 1 18.4193 21.566 21.9314 4.14186e-04 0.00333379 -3.58704e-04 0.0033785166 0.0 15 22.2260299729 2.2820421277 0 0 0 4 4 7 0 0 0 0 6 
854 1 18.6506 20.224 25.2387 -0.00100614 5.72127e-04 -0.00183688 0.002171123 0.0 13 21.3836977549 2.2669111093 0 0 0 2 8 3 0 0 0 0 6 
796 1 17.8633 17.4817 18.8246 0.00456263 -0.00380719 -2.066e-04 0.0059460047 0.0 15 22.0981600331 2.240568181 0 0 0 4 5 5 1 0 0 0 7 
271 1 24.5411 18.9865 26.3386 -2.69729e-04 -0.00144705 -0.00414057 0.0043944314 0.0 14 23.2970339269 2.2887477474 0 0 0 3 6 5 0 0 0 0 6 
105 1 25.6896 18.5127 22.6809 0.00166897 -0.0041015 -5.0626e-04 0.0044569117 0.0 15 23.2311586033 2.2797789051 0 0 0 3 6 6 0 0 0 0 6 
738 1 19.2983 18.251 0.580065 0.00164143 -0.0025958 -0.00488992 0.005774408 0.0 14 22.8087274566 2.3494901908 0 0 1 1 8 3 1 0 0 0 7 
