# Particles (1000 particles):
# "Particle Identifier" "Particle Type" Position.X Position.Y Position.Z Velocity.X Velocity.Y Velocity.Z "Velocity Magnitude" Centrosymmetry Coordination "Atomic Volume" "Cavity Radius" "Voronoi Index.1" "Voronoi Index.2" "Voronoi Index.3" "Voronoi Index.4" "Voronoi Index.5" "Voronoi Index.6" "Voronoi Index.7" "Voronoi Index.8" "Voronoi Index.9" "Voronoi Index.10" "Max Face Order"
37 1 6.55213 6.58564 7.21917 0.00299564 4.69878e-04 -0.00311893 0.0043499849 0.0 14 20.979290726 2.2652858136 0 0 0 2 8 4 0 0 0 0 6 
285 2 5.85233 0.330025 3.16164 7.41716e-04 -2.82541e-04 -0.00271868 0.0028321711 0.0 15 13.7219866154 1.9015800794 0 0 1 3 4 6 1 0 0 0 7 
533 1 4.77446 5.08475 5.54885 -0.00186823 6.50563e-04 -0.00321525 0.0037750958 0.0 15 21.0689144708 2.2411264638 0 0 1 3 5 4 2 0 0 0 7 
719 1 2.9537 4.72024 3.33204 1.68051e-05 2.45721e-04 -1.28574e-04 2.7783537338e-04 0.0 18 22.4865801171 2.3538111999 0 0 4 1 7 0 3 3 0 0 8 
766 1 4.11826 9.13261 3.22212 0.00129711 -0.00118444 0.00347346 0.0038923408 0.0 16 21.3853448921 2.3538111999 0 0 2 3 3 5 3 0 0 0 7 
801 1 3.63903 3.21182 7.71329 -0.00145953 8.35284e-05 0.0021679 0.0026147649 0.0 14 22.9925724047 2.2327395056 0 0 0 2 8 4 0 0 0 0 6 
817 1 3.84073 6.32604 8.31126 1.01058e-04 -0.0011304 -6.42205e-04 0.0013040108 0.0 13 19.9289460519 2.1216548512 0 0 0 1 10 2 0 0 0 0 6 
856 1 7.2159 8.50965 4.43243 -2.77628e-04 2.57193e-04 -0.0017504 0.001790845 0.0 17 23.9529915141 2.3399908884 0 0 1 2 7 5 2 0 0 0 7 
962 1 5.62041 6.27603 2.95255 0.00482236 -0.00170562 0.00184515 0.0054377269 0.0 15 22.1026896632 2.3476901356 0 0 3 2 4 3 1 2 0 0 8 
896 1 1.96536 7.10773 2.0414 0.00156783 0.0014865 1.59211e-04 0.0021663613 0.0 15 22.5415742886 2.4395830293 0 0 2 4 2 4 2 1 0 0 8 
20 1 6.87258 3.64858 6.88855 0.00113693 2.87028e-04 7.34003e-04 0.0013833854 0.0 16 22.0764952688 2.2105310548 0 0 0 2 8 6 0 0 0 0 6 
605 2 6.43658 4.22634 0.87229 0.00193419 0.00224274 -0.00166267 0.0033963871 0.0 15 15.9533982982 2.2350974927 0 0 2 4 2 4 2 1 0 0 8 
895 2 4.30743 1.87118 4.38816 -0.00175142 -0.00157308 7.46269e-04 0.0024696093 0.0 15 17.0353403963 2.1729124159 0 0 0 3 7 4 1 0 0 0 7 
967 1 7.54538 5.02516 4.66125 4.00801e-05 8.63339e-04 9.14106e-04 0.0012579946 0.0 14 21.0479692198 2.3887560099 0 0 1 3 4 5 1 0 0 0 7 
23 2 5.89126 3.19369 2.83926 -0.00266459 9.36276e-04 -0.00142229 0.0031622083 0.0 14 16.1278309158 2.1729124159 0 0 2 2 5 2 3 0 0 0 7 
919 2 0.565252 3.0935 7.66077 -0.00214607 -3.4547e-05 0.00439027 0.0048868477 0.0 15 17.6966154424 2.2230423724 0 0 0 1 10 4 0 0 0 0 6 
303 2 1.52142 5.62599 6.43952 0.00171454 8.3299e-04 2.0027e-04 0.001916671 0.0 14 18.5296535001 2.2411264638 0 0 0 1 10 3 0 0 0 0 6 
126 2 7.36355 1.6343 4.5537 0.00193428 -0.00165897 -0.00359063 0.0044029813 0.0 13 16.2567154648 2.1644611817 0 0 0 4 4 5 0 0 0 0 6 
461 1 3.00335 4.12279 0.504037 -0.00257535 0.00182224 -5.8421e-04 0.0032084712 0.0 17 24.1547519581 2.2301523641 0 0 2 4 4 3 2 2 0 0 8 
728 2 8.40493 0.294995 6.48802 -7.90469e-04 -3.03362e-04 -0.00271145 0.0028405688 0.0 14 16.8488884987 2.2105310548 0 0 0 2 8 4 0 0 0 0 6 
557 2 4.37171 1.53918 1.29596 -0.00260975 0.00168993 6.77641e-04 0.003182115 0.0 14 14.3327381375 2.058553931 0 0 1 3 6 1 3 0 0 0 7 
940 2 1.96292 1.97734 5.28039 -1.07883e-04 0.00327025 -6.52104e-04 0.0033363773 0.0 13 13.9327571058 2.2411264638 0 0 0 3 6 4 0 0 0 0 6 
668 2 5.57437 0.692336 6.36289 0.0013768 0.00409813 -5.4821e-04 0.0043578414 0.0 14 17.4856027375 2.2105310548 0 0 0 3 6 5 0 0 0 0 6 
235 1 8.59859 6.6429 2.49541 8.39907e-04 -0.00537971 -0.00113237 0.0055613834 0.0 15 23.6939044273 2.3852983012 0 0 0 4 5 5 1 0 0 0 7 
994 2 1.44111 7.77464 4.99303 -0.00115159 -0.00333713 4.18548e-04 0.0035549653 0.0 14 17.0296925975 2.3445321755 0 0 2 1 6 3 2 0 0 0 7 
137 2 2.37913 1.82894 2.96003 -0.00404872 -0.00310878 0.00318717 0.006017865 0.0 14 15.0402236937 2.0932791654 0 0 1 3 5 3 2 0 0 0 7 
807 1 3.80098 7.19362 26.6455 0.00389413 -0.00186533 -4.55139e-04 0.0043417572 0.0 17 22.9198480032 2.2301523641 0 0 4 3 2 3 3 1 1 0 9 
680 1 6.25625 8.34663 1.31123 -0.00162215 -1.31655e-04 6.55689e-05 0.0016288041 0.0 15 22.2315288459 2.2350974927 0 0 0 3 6 6 0 0 0 0 6 
341 2 26.069 8.25682 4.04553 -0.00196366 0.00315632 -0.00112394 0.0038834981 0.0 14 17.7543945602 2.4446121447 0 0 0 4 4 6 0 0 0 0 6 
51 1 0.719232 2.26997 26.5879 0.00336659 -0.00105416 0.00101394 0.0036705934 0.0 16 22.0980140827 2.4719829145 0 0 0 5 3 7 1 0 0 0 7 
395 2 0.214171 0.751418 6.27265 -8.1577e-04 -8.00887e-04 2.42762e-04 0.001168689 0.0 13 11.9658521355 1.7912643478 0 0 0 3 6 4 0 0 0 0 6 
148 2 2.72199 0.292463 6.59111 -0.00497615 -0.00189727 -0.00238925 0.0058369699 0.0 13 12.7523452186 2.1758925298 0 0 2 2 5 1 3 0 0 0 7 
157 2 2.6821 26.6716 0.304188 4.57089e-04 9.54171e-04 -1.54834e-04 0.0010692737 0.0 12 13.8847550289 2.0454637345 0 0 1 2 5 4 0 0 0 0 6 
129 2 0.319617 3.70519 5.21333 0.00244611 0.00100126 0.00270847 0.0037844135 0.0 12 14.3136286386 2.1815806756 0 0 0 2 8 2 0 0 0 0 6 
58 2 26.4564 7.40644 6.69728 -0.00214946 -0.00101513 -0.00121761 0.0026708129 0.0 15 16.5918813635 2.2062307577 0 0 0 1 10 4 0 0 0 0 6 
290 2 8.61375 0.78044 2.67579 0.00241362 -2.99706e-04 -0.00304574 0.003897681 0.0 12 13.7052479281 2.1724316576 0 0 0 3 6 3 0 0 0 0 6 
501 2 8.12155 3.48712 2.32834 -0.00158219 2.39396e-04 -0.00191411 0.0024948853 0.0 15 17.7287303874 2.3603990857 0 0 0 4 5 5 1 0 0 0 7 
176 2 11.1072 8.59145 8.27189 2.92109e-04 -8.58655e-04 0.00165904 0.0018907749 0.0 14 14.1255596839 2.2274730422 0 0 0 5 3 5 1 0 0 0 7 
32 2 9.24163 25.8314 8.42161 -0.00334257 -0.00100919 1.45289e-04 0.0034946169 0.0 14 15.7795069945 2.0848459947 0 0 2 0 7 4 1 0 0 0 7 
774 2 15.4959 2.34342 9.82017 -2.40613e-04 -0.00117879 -0.00149771 0.0019210871 0.0 14 17.2494790489 2.2465504636 0 0 0 3 7 3 1 0 0 0 7 
637 2 10.4262 0.00553584 4.0349 6.51533e-04 -0.00148095 -0.00131626 0.0020857249 0.0 12 17.0130086351 2.2383707305 0 0 0 3 6 3 0 0 0 0 6 
28 1 12.0477 8.85016 1.70525 7.08494e-04 0.00118294 -1.7003e-04 0.0013893239 0.0 16 23.3403128292 2.2728237052 0 0 1 3 6 3 3 0 0 0 7 
464 1 15.4028 8.33297 1.14738 0.00254047 0.00573377 0.00261968 0.0067965307 0.0 14 22.4935823725 2.1345022185 0 0 0 1 10 3 0 0 0 0 6 
924 1 17.4891 4.75598 7.07598 0.00221533 0.00467431 -0.00134017 0.0053434929 0.0 16 22.0193325902 2.3289486182 0 0 0 3 8 3 2 0 0 0 7 
662 1 13.3867 4.26051 0.0298866 -6.34196e-04 7.4475e-04 9.87538e-04 0.0013899958 0.0 17 22.1572443761 2.3317197802 0 0 1 3 6 5 1 1 0 0 8 
574 1 10.9699 7.04757 3.77363 -0.00240533 6.97477e-04 -9.02651e-04 0.0026621167 0.0 15 22.8168500577 2.3887560099 0 0 0 5 4 4 2 0 0 0 7 
898 1 17.3309 1.9347 6.55753 -0.00107685 0.00202731 -0.00342057 0.0041194527 0.0 15 21.4360210238 2.2465504636 0 0 1 1 8 4 1 0 0 0 7 
292 2 11.3287 1.19292 1.87722 -0.00265677 8.55803e-04 0.00133137 0.0030924702 0.0 15 18.7210990513 2.2198122341 0 0 0 4 4 7 0 0 0 0 6 
666 1 16.9944 1.36216 1.37018 -0.00102468 0.0017946 -0.00131976 0.0024520042 0.0 14 22.7422598997 2.2155975387 0 0 0 1 10 3 0 0 0 0 6 
653 1 18.176 7.45611 1.07424 -0.00326825 0.00165705 0.00229443 0.0043233878 0.0 13 20.8383830391 2.1469336938 0 0 0 3 6 4 0 0 0 0 6 
188 2 9.04534 0.29703 0.234639 0.00224788 0.00308464 0.00164239 0.0041551671 0.0 14 13.4724784368 1.8975519942 0 0 2 1 7 2 1 1 0 0 8 
42 1 9.29565 5.37194 6.951 6.50068e-04 0.00317991 0.00136805 0.0035222119 0.0 15 22.1039823283 2.3246020517 0 0 1 4 4 4 1 1 0 0 8 
364 2 16.4482 0.0216477 8.80449 -1.14457e-04 -4.94306e-04 -0.00351629 0.003552708 0.0 14 17.7435652192 2.1593700506 0 0 2 1 6 3 2 0 0 0 7 
358 1 10.933 5.96148 0.620283 0.00462654 -0.00286902 -0.00178106 0.005727855 0.0 14 21.3242312009 2.1546503858 0 0 0 4 5 4 1 0 0 0 7 
394 2 11.3714 0.254483 6.43768 -0.00358358 3.18878e-04 0.00290251 0.0046225851 0.0 14 19.547489382 2.0712226468 0 0 1 1 8 3 1 0 0 0 7 
824 2 13.4717 7.72235 9.58944 -0.00101051 0.00162078 0.00159377 0.0024876015 0.0 12 16.7423061569 2.2068159762 0 0 0 4 4 4 0 0 0 0 6 
829 1 11.5714 5.2103 8.778 0.00106775 -0.00117337 -0.00180443 0.0024026766 0.0 17 23.7674096675 2.2274730422 0 0 0 2 10 3 2 0 0 0 7 
219 1 16.5728 6.41856 3.5989 -2.61067e-04 4.83855e-05 3.52097e-04 4.4098688473e-04 0.0 13 20.4445121148 2.2384194052 0 0 0 4 4 5 0 0 0 0 6 
495 1 17.2489 3.73028 3.75222 -0.00109772 -5.57171e-04 -0.00118312 0.0017073962 0.0 13 21.2208347593 2.2260328256 0 0 0 1 10 2 0 0 0 0 6 
14 1 12.8665 3.06128 7.36451 -2.2448e-04 0.00228674 -0.00142721 0.0027049029 0.0 14 21.0495809693 2.2175496124 0 0 0 2 8 4 0 0 0 0 6 
309 1 12.9194 2.35495 4.52824 -0.00153703 -6.77864e-04 0.00141795 0.0021983046 0.0 14 20.990224726 2.3000165811 0 0 0 3 6 5 0 0 0 0 6 
968 1 15.9942 1.08475 4.23555 -0.00154231 -0.00125334 -0.00151518 0.0024990702 0.0 12 19.6362675603 2.157202123 0 0 0 0 12 0 0 0 0 0 5 
509 1 11.7248 4.25331 2.64192 8.06077e-04 0.00268935 -6.35035e-04 0.0028784775 0.0 13 21.212831798 2.3887560099 0 0 0 5 2 6 0 0 0 0 6 
805 1 14.7494 5.03236 8.31038 0.00421714 -0.00195201 -0.00129939 0.0048252489 0.0 17 22.9887235551 2.2465504636 0 0 1 2 7 5 2 0 0 0 7 
780 1 10.0718 2.94121 5.06688 0.00338556 0.00214087 0.00269061 0.0048254246 0.0 16 23.5395509497 2.3887560099 0 0 0 2 8 6 0 0 0 0 6 
926 1 16.7885 7.69549 8.51623 8.9338e-04 5.71903e-04 -0.00323797 0.0034072937 0.0 16 22.5491321414 2.2915100581 0 0 1 3 5 5 2 0 0 0 7 
312 1 16.0833 5.26606 1.01994 3.1698e-04 -0.0025379 5.89968e-04 0.0026247809 0.0 14 20.7223608311 2.12359537 0 0 0 4 4 6 0 0 0 0 6 
44 2 13.0005 7.79006 7.10661 -4.02673e-04 0.00371717 6.03202e-04 0.0037872617 0.0 15 19.8947690377 2.2958361038 0 0 0 5 5 2 3 0 0 0 7 
708 1 9.94767 2.53984 8.10588 0.00274605 -6.00439e-04 1.55931e-04 0.0028152499 0.0 14 22.3261569283 2.1871125888 0 0 0 0 12 2 0 0 0 0 6 
535 1 13.7212 6.22931 2.69167 -0.00164601 2.94476e-04 -4.30752e-04 0.0017267346 0.0 15 22.7307378858 2.3000165811 0 0 0 2 8 5 0 0 0 0 6 
352 1 14.556 1.08596 6.55038 0.00199664 0.00274186 0.00342092 0.0048173708 0.0 13 19.730413401 2.2232883857 0 0 0 1 10 2 0 0 0 0 6 
122 1 15.3257 3.99556 5.81141 3.93415e-04 -0.00623644 4.08048e-04 0.0062621452 0.0 14 21.0409011678 2.3000165811 0 0 0 1 10 3 0 0 0 0 6 
901 1 14.6148 3.1155 2.28713 -0.00393014 0.00192147 3.58549e-04 0.0043893741 0.0 15 22.0579610002 2.3317197802 0 0 1 4 4 4 1 1 0 0 8 
357 1 12.1368 5.22636 5.31084 0.00506193 -0.00133517 -0.00316593 0.0061179185 0.0 14 23.7577729581 2.3165622449 0 0 1 3 5 3 2 0 0 0 7 
553 1 15.5931 6.84735 6.0782 7.72743e-04 -0.00254999 0.00124614 0.002941504 0.0 12 20.3476033471 2.2958361038 0 0 0 2 8 2 0 0 0 0 6 
222 1 0.302812 4.18631 2.34963 -0.00356581 -0.0010565 0.00279915 0.0046547217 0.0 14 22.9852658497 2.4446121447 0 0 0 2 8 4 0 0 0 0 6 
505 1 24.5239 26.2339 2.00254 5.52916e-04 -0.00105872 -3.86475e-04 0.0012553753 0.0 14 22.1110855299 2.470302883 0 0 0 1 10 3 0 0 0 0 6 
276 1 22.2895 6.50784 8.37049 0.00399236 -0.00259442 5.53914e-04 0.0047934095 0.0 13 20.1103976578 2.2279105355 0 0 1 1 9 0 2 0 0 0 7 
449 1 24.2433 8.52072 8.8974 0.00409226 -0.00105719 -0.00320504 0.0053043872 0.0 14 21.8335238215 2.230172848 0 0 0 3 6 5 0 0 0 0 6 
98 2 25.5202 0.45626 8.01013 0.00125657 2.28855e-04 -0.00275102 0.0030330601 0.0 14 13.4416553951 1.9220080769 0 0 0 3 6 5 0 0 0 0 6 
781 1 21.7217 0.18008 3.4611 0.00129093 0.0044039 0.00341457 0.0057201507 0.0 17 21.915263084 2.2004657016 0 0 1 2 7 5 2 0 0 0 7 
213 2 26.5784 5.92429 4.75293 8.24608e-04 0.0014164 9.70767e-04 0.0019048769 0.0 12 15.436362599 2.4222705966 0 0 0 2 8 2 0 0 0 0 6 
339 1 18.8461 0.207029 4.51297 0.00469245 0.00343177 0.00437989 0.0072787065 0.0 14 21.8216635743 2.2281531499 0 0 0 1 10 3 0 0 0 0 6 
362 2 22.8262 1.57717 8.24897 -3.55087e-04 9.67319e-04 0.00269467 0.0028849678 0.0 14 13.2609384989 1.9992840795 0 0 0 2 8 4 0 0 0 0 6 
555 1 25.1587 8.30897 0.997296 -0.00318485 0.00383891 -0.00109404 0.0051066058 0.0 16 22.241366522 2.4240543327 0 0 0 2 8 6 0 0 0 0 6 
11 2 24.8315 0.759629 5.11728 -0.00311644 -4.17457e-04 0.00373973 0.0048859031 0.0 13 16.4021591779 2.148683116 0 0 0 2 8 3 0 0 0 0 6 
772 2 19.3129 0.0206964 8.76263 4.9185e-04 0.00380302 0.00189666 0.0042781067 0.0 13 16.467144967 2.2507291516 0 0 0 2 8 3 0 0 0 0 6 
918 1 18.4255 7.50506 5.83772 -0.00146817 -0.00192749 -0.00157199 0.0028882336 0.0 16 23.5184530836 2.3319102297 0 0 0 4 6 4 2 0 0 0 7 
15 2 23.5449 4.03933 7.14263 0.00220885 1.10929e-04 -2.64051e-04 0.0022273407 0.0 13 15.8427343565 2.188030589 0 0 1 0 9 3 0 0 0 0 6 
871 2 0.251862 1.4095 3.83491 -3.0069e-04 0.00199667 -5.38004e-04 0.0020896301 0.0 15 16.2269113403 2.4719829145 0 0 0 3 6 6 0 0 0 0 6 
623 1 22.1612 0.481594 0.493439 -0.00104646 -0.00119754 -0.00106995 0.0019167612 0.0 12 20.2029928319 2.1860259276 0 0 0 0 12 0 0 0 0 0 5 
929 1 21.1343 6.21883 0.789327 -1.83303e-04 -7.51539e-05 0.00257978 0.0025873757 0.0 12 20.3391531089 2.3258803666 0 0 0 3 6 3 0 0 0 0 6 
947 1 21.6465 8.91052 6.96788 0.00281375 0.00187982 0.0010916 0.0035556297 0.0 15 21.4916177606 2.1833068334 0 0 0 1 10 4 0 0 0 0 6 
84 1 21.41 6.33355 5.32727 -0.00136624 -6.98787e-04 -2.05411e-04 0.0015482599 0.0 16 23.6502604468 2.3319102297 0 0 1 2 6 6 1 0 0 0 7 
447 1 23.9676 5.81563 2.33371 -0.00254663 -0.00172854 -0.00136406 0.0033665761 0.0 17 25.115249036 2.4446121447 0 0 0 2 8 7 0 0 0 0 6 
264 2 25.2753 2.59656 6.33426 -0.00330994 4.98085e-04 -0.00454986 0.0056484527 0.0 13 12.0994192677 2.0777805739 0 0 0 2 8 3 0 0 0 0 6 
978 1 20.2932 4.41027 7.44935 -1.79375e-05 -0.00285273 0.00604165 0.0066813116 0.0 15 22.1779056138 2.3319102297 0 0 0 4 5 5 1 0 0 0 7 
258 2 24.2228 4.21976 4.85264 7.40776e-04 0.00136259 3.04787e-04 0.0015805998 0.0 14 17.5449360747 2.2177039276 0 0 0 2 8 4 0 0 0 0 6 
254 2 26.0737 4.97259 7.12658 9.67787e-04 -0.00311751 0.00186317 0.0037585746 0.0 12 14.4595617466 2.2160135813 0 0 0 2 8 2 0 0 0 0 6 
411 1 20.4703 8.34771 3.57412 0.00137979 0.00444552 4.65727e-04 0.0046779665 0.0 16 22.7594802518 2.3258803666 0 0 0 5 5 4 1 1 0 0 8 
704 1 23.8148 2.46978 2.2869 -0.00183757 3.20618e-04 0.00123587 0.0022375956 0.0 15 23.6888047394 2.4719829145 0 0 0 3 6 6 0 0 0 0 6 
371 2 23.8974 8.48202 4.9322 8.57795e-04 8.11636e-04 -8.95105e-04 0.0014818159 0.0 13 19.0422438013 2.3116273232 0 0 0 4 4 5 0 0 0 0 6 
5 2 24.4477 6.38102 6.08991 0.00428151 -0.00207353 -6.81344e-04 0.0048057345 0.0 13 16.4163940739 2.164681291 0 0 0 2 8 3 0 0 0 0 6 
198 1 19.7726 3.17728 4.89795 7.07036e-04 -0.00446284 -0.00256381 0.0051951865 0.0 13 20.9118901846 2.3319102297 0 0 0 3 6 4 0 0 0 0 6 
588 2 22.7199 2.30114 5.48569 8.74337e-04 -1.61523e-05 0.00218933 0.0023575182 0.0 14 17.3255934789 2.199318838 0 0 1 3 4 5 1 0 0 0 7 
638 2 20.8198 1.447 6.92816 -0.00310017 0.00231425 -0.00141816 0.004120435 0.0 14 17.9329510704 2.1722635231 0 0 1 1 8 3 1 0 0 0 7 
732 1 19.5332 7.041 8.51471 0.00411937 0.00282386 0.0011828 0.0051324858 0.0 14 20.8243968565 2.2257717724 0 0 1 3 5 3 2 0 0 0 7 
147 1 19.2305 5.70391 3.19045 0.00154452 0.00374848 0.00161735 0.004364913 0.0 14 20.4536629052 2.3264987442 0 0 0 6 0 8 0 0 0 0 6 
210 1 21.6323 4.27815 3.0391 -3.9836e-04 -0.00310599 6.0065e-04 0.0031885177 0.0 13 20.5728931516 2.3258803666 0 0 1 4 2 5 1 0 0 0 7 
878 1 18.8044 4.08284 0.702006 -7.67886e-04 7.59626e-04 0.00222172 0.0024703685 0.0 14 22.5863506094 2.1889513033 0 0 0 4 4 6 0 0 0 0 6 
951 1 19.8434 1.99595 2.32965 -0.00153489 0.00357677 0.00268081 0.0047260886 0.0 14 20.3627141146 2.1617256318 0 0 1 2 7 2 2 0 0 0 7 
615 1 8.37668 13.268 26.6211 0.00238738 0.00293082 -0.00252966 0.0045484579 0.0 12 19.4752338462 2.1630789942 0 0 0 0 12 0 0 0 0 0 5 
429 2 5.5852 10.7751 6.02882 5.533e-04 8.94212e-04 0.0029853 0.0031650864 0.0 12 17.1207085785 2.1762765804 0 0 0 0 12 0 0 0 0 0 5 
914 1 5.40367 11.517 3.2614 5.15868e-06 -7.71463e-04 0.00193373 0.0020819446 0.0 13 22.0217241928 2.1991588068 0 0 1 2 5 5 0 0 0 0 6 
913 2 1.54519 14.727 4.31547 0.00306095 9.80448e-04 -0.00112273 0.0034045875 0.0 15 17.6256636539 2.2405928153 0 0 2 3 5 1 3 1 0 0 8 
321 2 7.92543 11.4892 5.04903 -9.54614e-04 7.45819e-04 -0.00201903 0.0023545734 0.0 15 15.9958585933 2.1577938584 0 0 2 3 4 3 2 1 0 0 8 
757 1 7.26949 16.8991 4.0627 -8.64049e-04 4.43105e-04 0.00100871 0.0014001495 0.0 15 22.7637802863 2.1601090962 0 0 1 1 8 4 1 0 0 0 7 
593 2 3.34395 10.6366 7.22799 1.0458e-05 7.07916e-04 -1.93286e-04 7.3390320248e-04 0.0 15 16.0036507325 2.3396645806 0 0 0 4 5 5 1 0 0 0 7 
764 1 4.1949 17.3933 4.31067 0.00209571 -0.00102942 0.00526419 0.0057587674 0.0 17 22.0164865741 2.2405928153 0 0 2 2 5 5 3 0 0 0 7 
131 1 4.45864 7.82713 5.79783 0.00176349 -0.00232251 -0.00127463 0.0031825511 0.0 15 21.2932583946 2.3538111999 0 0 1 3 6 2 3 0 0 0 7 
798 1 1.54685 9.85149 2.59169 -0.00179482 0.00115226 -6.06149e-04 0.0022173179 0.0 15 21.0700207313 2.2344605426 0 0 1 2 6 5 1 0 0 0 7 
905 2 9.42618 12.5049 3.01822 0.00570716 -0.0032817 0.00192216 0.0068582745 0.0 15 18.0497997077 2.1630789942 0 0 1 4 4 3 3 0 0 0 7 
75 2 7.99475 9.86461 7.26586 8.82391e-04 0.00100559 0.00142832 0.0019570189 0.0 13 15.3288917535 2.1868449079 0 0 1 2 6 3 1 0 0 0 7 
551 2 1.09507 12.2852 6.99061 -0.00186237 -1.79825e-04 0.00147749 0.0023840587 0.0 14 12.3474928802 1.9061169258 0 0 0 2 8 4 0 0 0 0 6 
485 2 2.29406 14.2608 6.62355 -8.56898e-04 -9.24339e-04 0.00164559 0.0020728346 0.0 15 16.1787416379 2.2177683789 0 0 4 1 4 4 0 1 0 1 10 
457 1 0.927753 8.79393 26.7629 -0.00339153 -0.00469165 0.00252416 0.006315492 0.0 14 21.4778534459 2.1995400223 0 0 2 1 6 3 2 0 0 0 7 
104 2 9.64314 10.1186 3.61937 0.00317863 -0.00211257 0.00271809 0.0046855794 0.0 13 16.7636911754 2.2728237052 0 0 2 1 7 1 1 1 0 0 8 
701 2 26.4218 16.3163 4.51878 -2.31796e-04 -7.18588e-05 -0.00173798 0.0017548412 0.0 12 15.9423137159 2.0929751655 0 0 0 2 8 2 0 0 0 0 6 
470 2 0.604329 12.4338 4.6053 0.00159989 -9.4608e-04 0.00218529 0.0028688339 0.0 14 13.3033455204 1.979210708 0 0 1 2 6 4 1 0 0 0 7 
691 2 0.556291 10.2503 5.61676 9.46002e-04 0.00140323 6.66051e-04 0.0018186803 0.0 14 14.5235255339 2.2850267107 0 0 2 2 4 4 2 0 0 0 7 
337 2 8.72843 8.33634 8.82653 -0.00183063 -7.6816e-06 0.00171001 0.0025050747 0.0 13 16.4138570119 2.2255230147 0 0 0 3 6 4 0 0 0 0 6 
795 2 1.723 11.3371 9.17722 3.94601e-04 -0.00254349 -0.00395152 0.004715884 0.0 13 17.1088761539 2.1219713019 0 0 1 2 6 3 1 0 0 0 7 
200 1 4.13988 10.1084 0.769699 -6.45265e-04 -4.23809e-04 -0.00121028 0.0014355343 0.0 13 20.7692770493 2.1212110821 0 0 0 3 6 4 0 0 0 0 6 
869 1 3.70555 16.7865 7.3836 -8.40949e-05 -0.00159482 -0.00185977 0.0024513807 0.0 17 22.9004334746 2.3180609291 0 0 4 2 2 6 2 0 0 1 10 
799 2 4.62515 12.5724 7.18991 -9.94884e-04 0.00246233 0.00289595 0.0039292989 0.0 13 16.4544825565 2.2393130913 0 0 1 3 4 4 1 0 0 0 7 
233 2 8.26756 13.6851 5.37306 -3.42731e-04 0.00619304 -9.35016e-05 0.0062032211 0.0 12 17.1845230976 2.1601090962 0 0 1 2 6 2 1 0 0 0 7 
629 1 6.72009 14.0607 2.39234 4.21354e-04 0.00153851 8.99679e-04 0.001831386 0.0 14 21.2705588749 2.1982746442 0 0 0 5 3 5 1 0 0 0 7 
859 1 5.14797 14.4245 4.55729 0.0027808 0.00303497 -0.00267845 0.0049110066 0.0 16 22.6697191004 2.202060479 0 0 1 0 10 4 1 0 0 0 7 
966 2 1.76604 8.73095 7.19683 -0.00128774 -0.00205592 -0.00139531 0.0027985659 0.0 13 17.0902645991 2.2427780027 0 0 1 3 5 2 2 0 0 0 7 
693 2 8.57176 10.6293 1.68915 0.00178355 -2.34054e-04 0.00192419 0.0026340727 0.0 15 20.5780086737 2.2072030791 0 0 2 3 4 3 2 1 0 0 8 
80 1 0.828235 16.9897 7.61311 0.0014543 0.00240254 -8.24961e-04 0.0029270715 0.0 14 20.302060041 2.2922942203 0 0 0 3 6 5 0 0 0 0 6 
576 1 4.40049 15.7638 2.27354 4.48321e-04 -3.50314e-05 0.00158008 0.0016428243 0.0 14 22.1310401483 2.1982746442 0 0 0 4 4 6 0 0 0 0 6 
597 1 2.73415 12.7349 2.07866 0.00158706 -0.00163156 -0.00217479 0.0031480882 0.0 17 24.1421718351 2.2815461609 0 0 0 2 8 7 0 0 0 0 6 
870 1 8.15932 16.1021 1.25029 -0.00112358 0.00281709 -0.00186968 0.0035628825 0.0 14 21.34770036 2.2451094917 0 0 0 3 6 5 0 0 0 0 6 
106 2 -0.00438029 14.3654 5.9348 -0.00370063 -0.00297459 0.00136992 0.004941612 0.0 12 13.3003663683 2.0416949032 0 0 0 2 8 2 0 0 0 0 6 
567 2 0.896679 15.9863 2.19908 -0.0031279 -0.00239562 0.00175382 0.0043126138 0.0 14 17.1910100265 2.1994554907 0 0 1 2 7 2 2 0 0 0 7 
413 2 2.27467 17.9233 1.99059 -7.36388e-04 0.0046857 -0.00116316 0.0048837478 0.0 14 17.6267679111 2.1789282757 0 0 2 2 5 2 3 0 0 0 7 
677 1 6.31707 15.5174 6.81078 -0.00243989 -5.80524e-04 -0.00321347 0.0040763293 0.0 15 22.2148774455 2.257826773 0 0 1 2 7 3 2 0 0 0 7 
270 2 2.97551 11.9111 5.16291 0.00484168 -0.00346771 5.80441e-04 0.0059836268 0.0 14 18.7128212019 2.3396645806 0 0 1 3 4 5 1 0 0 0 7 
590 2 12.4825 12.2484 5.75134 -0.00252405 0.00212016 1.2358e-05 0.0032963707 0.0 15 18.2969485892 2.2248873946 0 0 0 4 5 5 1 0 0 0 7 
33 1 10.8559 14.3398 0.540075 0.00136823 -4.29939e-04 0.00269448 0.0030523963 0.0 13 21.2282150977 2.1630789942 0 0 1 1 9 0 2 0 0 0 7 
382 1 15.4831 11.7138 4.79284 -0.0014225 4.07011e-04 0.00124598 0.0019343294 0.0 14 22.2902129392 2.2248873946 0 0 1 4 2 6 1 0 0 0 7 
171 2 11.7678 9.5022 5.40606 -1.61739e-04 8.23453e-04 -0.00416175 0.004245515 0.0 13 16.5800034854 2.2260529238 0 0 1 2 6 3 1 0 0 0 7 
983 1 11.9885 15.9262 5.80835 -4.7443e-04 -0.00160608 8.54109e-04 0.0018799146 0.0 16 23.3796136058 2.3117498165 0 0 1 2 7 4 2 0 0 0 7 
591 2 13.5715 16.5998 2.57798 3.1458e-04 -0.00431981 -1.23864e-04 0.0043330199 0.0 15 18.050148569 2.1264013343 0 0 1 2 8 1 3 0 0 0 7 
886 2 15.9225 16.9304 3.34249 0.00122241 9.0041e-04 -2.7624e-04 0.0015431568 0.0 14 17.1404236163 2.380476904 0 0 2 1 7 2 1 1 0 0 8 
128 1 14.0582 11.3465 2.31211 0.00287947 -6.53087e-04 0.00409059 0.0050448783 0.0 13 21.4702187318 2.2076731721 0 0 0 3 6 4 0 0 0 0 6 
53 1 15.8764 17.182 6.56305 1.50841e-04 -6.17441e-04 0.00130177 0.0014486516 0.0 17 22.0320350296 2.381041309 0 0 2 2 5 5 3 0 0 0 7 
452 1 15.5103 13.909 2.48652 -3.3541e-04 0.00129333 -0.001573 0.0020638632 0.0 15 22.7950791848 2.1592992136 0 0 0 2 8 5 0 0 0 0 6 
532 1 10.7255 15.5992 8.87471 0.00123286 -3.90753e-04 0.00154905 0.0020179662 0.0 14 22.8891007075 2.2137278698 0 0 1 3 5 3 2 0 0 0 7 
100 2 11.6219 13.0755 7.87088 9.93289e-04 -0.00116448 0.00203367 0.00254528 0.0 13 17.2743130247 2.1295721903 0 0 1 3 5 2 2 0 0 0 7 
634 2 16.0924 17.3122 0.802673 4.71614e-04 -0.00259544 0.0050455 0.0056934874 0.0 15 14.5837685338 2.0648380579 0 0 2 2 5 4 1 1 0 0 8 
822 1 14.8133 14.5944 5.21292 -0.00146064 -0.00384273 -0.00271994 0.004929312 0.0 14 22.3751949913 2.2412074607 0 0 0 2 8 4 0 0 0 0 6 
850 1 12.4051 14.0557 2.94475 -0.00204377 0.00185542 -3.02326e-04 0.0027768652 0.0 16 21.5495562514 2.1723552593 0 0 1 2 7 4 2 0 0 0 7 
110 1 13.9505 15.3417 7.87431 -5.89391e-04 -8.09439e-04 5.27605e-04 0.0011317863 0.0 14 21.8858992313 2.3117498165 0 0 1 3 4 5 1 0 0 0 7 
255 1 10.7071 17.1267 0.729776 -0.00107725 -0.00107592 -0.00113943 0.0019016761 0.0 15 22.5117707075 2.1876315263 0 0 2 2 5 3 3 0 0 0 7 
253 1 11.0285 11.3998 0.140249 -6.5988e-04 -1.95062e-04 0.00212281 0.0022315495 0.0 16 22.3852376417 2.2467985559 0 0 1 2 7 4 2 0 0 0 7 
17 1 16.3757 11.5298 0.816149 -0.00446027 0.00476613 0.00343433 0.0073759492 0.0 14 22.2858435325 2.1345022185 0 0 0 1 10 3 0 0 0 0 6 
491 2 13.9168 16.407 0.342596 -0.00275585 0.00396998 -0.00176859 0.0051461987 0.0 15 20.2653261658 2.1965922764 0 0 2 3 2 6 2 0 0 0 7 
853 2 10.45 13.3262 5.34267 0.00436664 8.45091e-04 0.00256452 0.0051340517 0.0 13 14.9734103071 2.1583283137 0 0 1 2 6 3 1 0 0 0 7 
273 1 14.9052 12.4979 8.41708 0.0026405 -2.43368e-04 6.23393e-04 0.0027239837 0.0 14 23.0390585834 2.2873061838 0 0 0 4 4 6 0 0 0 0 6 
55 1 16.9861 14.7908 7.9995 7.32877e-04 -0.00300693 3.1811e-04 0.0031112587 0.0 14 20.9269990703 2.2412074607 0 0 0 0 12 2 0 0 0 0 6 
970 2 10.2188 11.1681 6.11946 -0.00198858 0.00133261 0.00332353 0.0040958701 0.0 16 12.6026626105 1.9304622545 0 0 2 2 6 3 2 1 0 0 8 
322 2 12.4113 10.4419 7.52709 -0.00257172 -0.00139504 3.39511e-04 0.0029453604 0.0 11 14.6443818012 2.1463144073 0 0 0 2 8 1 0 0 0 0 6 
234 1 10.2341 15.629 3.28608 0.00562051 0.00368031 -4.45791e-04 0.0067330189 0.0 15 22.1128326471 2.1601090962 0 0 1 2 6 5 1 0 0 0 7 
512 1 15.3527 9.61603 6.79386 -0.00191173 0.00199322 9.97351e-06 0.0027618358 0.0 15 21.8652715901 2.286483594 0 0 0 3 7 4 1 0 0 0 7 
818 2 10.1535 10.7544 8.36853 -6.4019e-04 -0.0025288 0.00148293 0.0030006256 0.0 14 12.570215459 1.8460675947 0 0 1 2 5 6 0 0 0 0 6 
366 1 14.3882 8.86685 3.96613 -0.00120146 7.38964e-04 2.63645e-04 0.0014349504 0.0 15 22.7725506768 2.2958361038 0 0 0 4 5 5 1 0 0 0 7 
412 2 9.05577 13.1347 7.69897 -0.0027258 0.00106618 0.00151893 0.0032975557 0.0 15 15.9028477223 2.2016214651 0 0 3 1 6 2 2 0 1 0 9 
326 1 9.06267 16.3939 6.26344 5.7132e-04 6.28642e-04 0.00122211 0.0014883381 0.0 15 21.9413445488 2.2016214651 0 0 0 2 8 5 0 0 0 0 6 
332 2 9.76623 8.4485 6.39491 1.74045e-05 5.63512e-04 -0.0016042 0.0017003842 0.0 15 18.4207065915 2.3399908884 0 0 2 3 4 3 2 1 0 0 8 
985 1 17.3219 9.49291 3.54738 6.09357e-06 3.04312e-04 -0.00158281 0.0016118097 0.0 16 23.6090577871 2.2765766142 0 0 0 3 7 5 1 0 0 0 7 
306 2 11.4615 11.3798 3.599 -0.00347014 -0.00149395 8.60503e-04 0.0038748192 0.0 12 16.4553231495 2.2076731721 0 0 1 2 5 4 0 0 0 0 6 
656 1 19.1178 10.1274 8.64626 -0.00254152 0.00165147 -0.00308411 0.004324166 0.0 16 21.6472430313 2.2915100581 0 0 1 2 7 4 2 0 0 0 7 
293 1 17.5901 14.6303 5.28784 8.76644e-04 7.87198e-04 0.00307275 0.0032908932 0.0 13 22.1918081939 2.381041309 0 0 0 1 10 2 0 0 0 0 6 
102 2 19.3263 17.4757 3.36754 6.03565e-04 0.00146939 0.00258998 0.0030383209 0.0 16 19.6677560129 2.381041309 0 0 0 3 7 5 1 0 0 0 7 
911 1 18.2255 12.2691 3.43979 0.00185113 0.00232804 0.00143869 0.0033039796 0.0 14 23.5246331188 2.3099761746 0 0 1 1 7 5 0 0 0 0 6 
354 2 21.8808 14.0483 4.17015 -0.00255007 8.56945e-04 7.93813e-04 0.0028048798 0.0 15 18.2115852655 2.3099761746 0 0 2 3 3 4 3 0 0 0 7 
320 1 22.5139 8.54391 1.64088 -6.49606e-05 0.00309039 5.85737e-04 0.0031460798 0.0 14 22.1199729657 2.3116273232 0 0 1 2 7 3 0 1 0 0 8 
187 2 20.3103 16.2493 1.25226 0.00246369 -0.00101583 -0.00202515 0.0033470751 0.0 13 16.7746201346 2.3350260221 0 0 0 1 10 2 0 0 0 0 6 
26 2 17.8852 15.9752 2.20459 2.2523e-05 0.00112506 -0.00100533 0.0015089585 0.0 13 16.0103549604 2.1592992136 0 0 1 2 5 5 0 0 0 0 6 
351 2 25.1233 16.2866 2.064 -0.00228688 0.00345425 -0.00174326 0.0044945098 0.0 13 17.0256728879 2.2916189653 0 0 0 1 10 2 0 0 0 0 6 
879 2 25.7162 10.8271 4.06604 -0.00186158 -0.00254757 -0.00317575 0.0044767154 0.0 12 14.4514135186 2.3008524006 0 0 1 3 4 3 1 0 0 0 7 
598 1 21.2786 11.6089 26.6122 -6.62398e-04 0.00128413 -0.00300246 0.0033320455 0.0 12 19.9949458432 2.2268467356 0 0 0 0 12 0 0 0 0 0 5 
127 2 23.7695 11.6344 1.64991 -0.00309167 -0.00431636 -0.00166611 0.0055646482 0.0 13 19.1673484727 2.2918660931 0 0 0 1 10 2 0 0 0 0 6 
236 2 26.3285 14.1787 2.89513 4.13634e-04 0.00473405 -8.57429e-05 0.0047528596 0.0 13 12.8875803227 2.1054745092 0 0 0 1 10 2 0 0 0 0 6 
136 2 26.1123 14.5605 0.586391 -0.00106783 0.00219156 0.00259183 0.0035581988 0.0 15 19.8196364411 2.2815461609 0 0 1 0 10 3 1 0 0 0 7 
722 2 26.5188 12.0146 2.22656 0.00174469 -0.00170774 0.00340799 0.0041922208 0.0 13 16.1259461813 2.271702354 0 0 1 1 9 0 2 0 0 0 7 
367 1 19.131 13.1298 0.695586 -0.00353563 0.00107845 0.00199941 0.0042025438 0.0 15 21.2113698625 2.1592992136 0 0 0 2 8 5 0 0 0 0 6 
679 1 22.3863 14.6737 7.2617 -2.17761e-04 0.00140715 0.00156657 0.0021169867 0.0 13 21.7189474687 2.2111084014 0 0 0 3 6 4 0 0 0 0 6 
132 2 22.9168 10.5499 4.22045 -6.31937e-05 -0.00168433 -0.0016545 0.0023618491 0.0 14 18.2914645235 2.3008524006 0 0 2 2 5 2 3 0 0 0 7 
150 1 22.0927 17.0027 5.61813 0.0018948 0.00363979 0.00121572 0.0042797562 0.0 15 21.8969701448 2.2912494079 0 0 1 3 5 4 2 0 0 0 7 
466 2 24.8698 13.0395 5.84963 -0.00132369 3.97424e-04 0.00282515 0.0031450872 0.0 15 14.7819805047 2.0640320781 0 0 3 3 2 4 1 2 0 0 8 
749 2 24.1411 12.8473 3.64078 -0.00127933 -0.00123403 -0.00666563 0.0068985606 0.0 14 13.1431595571 2.0640320781 0 0 2 4 2 3 2 1 0 0 8 
750 1 24.9104 15.8793 8.15234 -0.00488708 -0.00254257 -4.72535e-04 0.0055291502 0.0 16 22.7033234367 2.2912494079 0 0 0 5 3 7 1 0 0 0 7 
56 2 21.1453 11.8607 3.01365 -0.00196704 -0.00503554 -1.04347e-04 0.0054071062 0.0 15 20.3906287615 2.3099761746 0 0 0 5 4 4 2 0 0 0 7 
217 1 19.4653 16.4036 6.46379 -0.00280912 0.00227408 6.20342e-04 0.0036670723 0.0 15 22.0442308472 2.381041309 0 0 0 3 7 4 1 0 0 0 7 
975 2 0.0122502 10.1338 8.00949 7.88309e-04 -0.00241179 6.47936e-04 0.0026187751 0.0 13 16.0785835959 2.1445835795 0 0 1 2 6 3 1 0 0 0 7 
141 2 22.3912 16.0878 2.60384 -0.00317152 -0.00157618 -0.00295949 0.0046153509 0.0 12 17.3235585863 2.2276660684 0 0 0 0 12 0 0 0 0 0 5 
697 1 19.4314 13.1145 6.99967 0.00141701 -7.738e-04 4.31122e-04 0.0016710924 0.0 15 22.0298063383 2.3099761746 0 0 0 2 8 5 0 0 0 0 6 
640 2 0.599181 14.2241 8.30877 -0.00132009 -3.40605e-04 4.6886e-04 0.0014416931 0.0 13 16.331768422 2.116297495 0 0 1 2 5 5 0 0 0 0 6 
872 2 24.6989 10.6672 6.24704 -3.52845e-04 -0.00355146 0.00207895 0.0041303028 0.0 16 16.496373787 2.1107042483 0 0 2 2 6 3 2 1 0 0 8 
299 1 21.9406 11.769 6.87664 5.67997e-04 -1.1666e-04 0.00265073 0.0027134111 0.0 15 21.1316468026 2.2844162646 0 0 1 2 6 5 1 0 0 0 7 
356 2 25.4475 12.4045 7.90941 4.75256e-04 -5.07815e-04 -4.54929e-04 8.3108647853e-04 0.0 14 15.7824867322 2.1204354772 0 0 0 4 4 6 0 0 0 0 6 
768 1 17.2823 11.5179 6.94615 -0.00235688 -8.81211e-04 -6.80057e-05 0.0025171494 0.0 15 20.6616605004 2.2915100581 0 0 0 2 8 5 0 0 0 0 6 
428 2 19.9252 15.028 3.15102 2.22593e-04 0.00409262 2.8302e-04 0.0041084287 0.0 13 16.5446826412 2.2971561903 0 0 0 3 7 2 1 0 0 0 7 
607 2 23.9971 14.2227 1.74541 0.00427182 -6.60682e-04 5.83409e-04 0.0043618016 0.0 13 14.136055817 2.0009486306 0 0 0 2 8 3 0 0 0 0 6 
360 2 21.5781 14.165 1.85045 -0.00220577 -0.00150462 0.00178909 0.0032140544 0.0 13 14.9677782052 2.1726679749 0 0 0 1 10 2 0 0 0 0 6 
277 2 24.2133 15.0958 4.69081 -0.0031033 -0.00372084 0.00227031 0.0053506475 0.0 14 17.159484188 2.1250932212 0 0 0 4 4 6 0 0 0 0 6 
603 1 19.1977 9.90224 1.29063 5.75504e-04 -6.03278e-04 0.0020943 0.002254161 0.0 14 21.2684840352 2.2207789675 0 0 0 3 6 5 0 0 0 0 6 
841 1 19.6035 10.2945 5.63818 -0.0017313 -6.60064e-04 -0.00400172 0.0044098579 0.0 12 22.0507844463 2.2830952122 0 0 0 2 8 2 0 0 0 0 6 
610 2 3.90595 25.5364 5.44619 0.00292393 8.25803e-04 -0.00324484 0.0044452563 0.0 14 12.371710903 1.8456546633 0 0 1 2 6 4 1 0 0 0 7 
243 1 0.509257 19.9584 7.62413 -2.60825e-05 -6.92425e-04 0.00149342 0.0016463402 0.0 16 23.1006193314 2.3458453798 0 0 0 6 2 6 2 0 0 0 7 
190 2 6.39 18.4854 6.43586 0.00222759 4.71725e-04 0.00188326 0.0029548858 0.0 13 16.5410590338 2.2411616598 0 0 0 1 10 2 0 0 0 0 6 
111 2 6.95465 21.1197 6.36371 -0.00185397 0.00141652 -0.00168643 0.0028788504 0.0 16 13.3856432497 1.8963858147 0 0 2 3 3 6 1 1 0 0 8 
313 2 4.37722 19.6148 6.39515 -1.55425e-04 -0.00265139 -0.0037584 0.0046021296 0.0 13 16.8652957196 2.3180609291 0 0 0 3 6 4 0 0 0 0 6 
812 2 6.73191 26.1182 8.10759 -0.00211375 -0.00120526 -4.62219e-04 0.0024767392 0.0 12 15.7724367806 2.1969892501 0 0 0 0 12 0 0 0 0 0 5 
999 2 3.74214 20.9479 4.40365 -0.00101397 0.00199716 -0.00140516 0.0026440987 0.0 14 12.8981613386 1.9732077924 0 0 2 0 6 6 0 0 0 0 6 
196 2 3.87758 24.316 3.22581 7.90038e-04 0.0010671 0.00164021 0.0021102491 0.0 15 11.7155503194 1.9154187925 0 0 3 2 4 2 3 1 0 0 8 
487 2 7.64243 25.4446 1.38187 0.00149624 5.18105e-04 -0.00285996 0.0032690271 0.0 15 13.8506936035 1.9055360784 0 0 1 3 5 4 2 0 0 0 7 
630 2 3.02896 22.1835 2.14498 -0.00306211 -0.00310421 -0.00160315 0.0046457214 0.0 16 14.6113528096 2.0518028283 0 0 0 4 4 8 0 0 0 0 6 
442 2 6.24231 19.7857 8.63567 0.00191579 -0.00129885 3.12048e-04 0.0023355163 0.0 14 17.7445355132 2.2411616598 0 0 1 3 5 3 2 0 0 0 7 
892 2 3.39468 26.4955 2.71334 0.00158999 0.00358251 0.0026632 0.0047386792 0.0 13 12.203014269 1.9154187925 0 0 1 2 6 3 1 0 0 0 7 
390 2 7.82787 25.7965 4.29862 3.16098e-04 -0.00328522 -0.00227613 0.004009159 0.0 15 13.5434554528 1.9521780225 0 0 0 4 5 5 1 0 0 0 7 
987 2 0.907004 23.1175 0.829886 -4.79128e-04 -4.51045e-04 5.55844e-04 8.6137551901e-04 0.0 14 17.4079180847 2.27638437 0 0 1 3 5 3 2 0 0 0 7 
143 2 8.13764 19.1957 7.65907 4.57711e-04 0.00158301 -0.0030238 0.0034436589 0.0 11 15.140134369 2.1694522151 0 0 0 4 4 3 0 0 0 0 6 
863 1 3.32384 19.01 9.54247 4.6093e-04 0.00143525 0.00206958 0.0025603829 0.0 16 24.4600438361 2.3180609291 0 0 1 4 3 6 2 0 0 0 7 
600 2 0.0972952 20.3501 1.93654 -0.00161975 -3.43096e-04 -0.00350065 0.0038724482 0.0 15 17.8108431184 2.3594802319 0 0 1 5 4 1 3 1 0 0 8 
76 2 4.80292 21.7103 7.72429 -6.87929e-04 -2.86119e-04 -0.002888 0.0029825584 0.0 12 13.668701886 2.2296779496 0 0 0 2 8 2 0 0 0 0 6 
230 2 0.191997 23.5826 6.09305 6.64169e-05 0.00210871 -0.00347546 0.0040656969 0.0 17 18.5571950363 2.3365480404 0 0 1 3 6 4 3 0 0 0 7 
9 2 6.1819 24.6166 3.23127 0.00119017 -0.00501097 -0.00156371 0.0053825193 0.0 13 11.7458944217 1.9154187925 0 0 2 1 7 1 1 1 0 0 8 
689 2 6.17425 25.1981 5.62642 0.00165325 0.0013796 -7.27909e-04 0.0022729679 0.0 13 12.0940222575 1.8288880564 0 0 1 2 5 5 0 0 0 0 6 
257 2 5.31671 22.4019 3.33321 6.78608e-04 0.00147847 0.00191939 0.0025160366 0.0 14 12.5772731458 1.9525278597 0 0 2 2 3 6 1 0 0 0 7 
744 2 8.45479 19.6806 5.04498 -0.00134247 3.21509e-04 0.00388845 0.0041262134 0.0 14 14.8867643597 2.1171489756 0 0 1 3 4 5 1 0 0 0 7 
516 2 8.44981 24.652 6.46421 7.17976e-04 1.68808e-04 7.70119e-04 0.0010663344 0.0 14 12.942702148 1.9685474817 0 0 1 2 6 4 1 0 0 0 7 
249 2 2.52244 23.593 5.08099 -0.00211276 -0.00179388 -4.60443e-04 0.002809585 0.0 14 12.0837216845 1.8670374864 0 0 2 2 4 4 2 0 0 0 7 
592 2 3.26835 23.8666 7.17352 0.00325427 -6.60148e-04 -0.00382132 0.0050624653 0.0 13 12.6974945328 2.3365480404 0 0 1 1 8 2 1 0 0 0 7 
462 2 4.48853 25.5087 7.88262 0.00184002 -1.33853e-04 -0.00178972 0.0025703478 0.0 15 14.9993208708 2.1634360482 0 0 1 2 7 3 2 0 0 0 7 
350 1 1.60279 18.292 5.26872 0.00105823 0.00160472 0.00132986 0.0023374141 0.0 17 21.876201065 2.3166893537 0 0 1 2 7 5 2 0 0 0 7 
269 2 4.49522 20.3301 2.25472 -2.29174e-04 -8.65833e-07 5.84298e-04 6.2763494545e-04 0.0 13 14.6194490469 2.1314249421 0 0 0 3 6 4 0 0 0 0 6 
494 2 5.42129 23.7666 0.746994 -0.0020361 0.00301428 -0.00194828 0.0041264249 0.0 15 14.2080694746 2.0274867266 0 0 0 4 4 7 0 0 0 0 6 
616 2 1.04849 26.5998 2.16648 -0.00104465 7.78999e-05 0.00110227 0.001520645 0.0 12 14.6586366386 2.4626865068 0 0 0 3 6 3 0 0 0 0 6 
786 2 1.21579 21.5949 4.57356 -0.00200505 4.64812e-04 3.09596e-04 0.0020813758 0.0 13 16.2589554881 2.1929320886 0 0 0 2 8 3 0 0 0 0 6 
175 2 1.53997 24.4828 3.00091 0.00345233 0.00333469 -0.00244401 0.0053862719 0.0 14 14.2899706074 2.2561263144 0 0 0 3 6 5 0 0 0 0 6 
418 2 9.40727 18.8677 2.93534 -8.67789e-04 -0.00197736 0.0026699 0.0034338574 0.0 17 19.1280984788 2.1876315263 0 0 1 4 5 3 4 0 0 0 7 
776 2 26.2871 18.3987 2.94648 -0.00254563 3.31856e-04 -9.87634e-04 0.0027505966 0.0 13 17.6563793198 2.4110519717 0 0 1 2 7 1 2 0 0 0 7 
543 1 5.89782 17.96 0.894269 -6.55057e-04 0.00136794 -0.00250189 0.0029257158 0.0 16 23.2153357794 2.2272258342 0 0 1 4 3 6 2 0 0 0 7 
718 2 26.1484 20.3995 4.29786 0.00539917 -2.80636e-04 -2.63795e-05 0.0054065228 0.0 13 19.2346385081 2.3363980322 0 0 1 3 4 4 1 0 0 0 7 
740 2 5.89262 19.8533 4.10148 -0.0036336 -7.57964e-04 0.0029749 0.0047568465 0.0 15 15.4192349717 2.1333417486 0 0 2 4 2 5 0 2 0 0 8 
661 2 3.19815 24.4341 0.898593 -0.00153048 -5.92203e-04 0.00143536 0.0021802137 0.0 14 12.5051553343 1.8921712061 0 0 0 3 7 3 1 0 0 0 7 
214 2 7.28196 22.9843 4.72119 -1.63077e-04 0.00385964 8.56863e-04 0.0039569722 0.0 14 12.6128654498 1.9521780225 0 0 0 2 8 4 0 0 0 0 6 
471 2 4.82475 22.9392 5.58306 -0.0035994 -1.1888e-04 4.19724e-04 0.0036257387 0.0 16 12.2534805872 1.8963858147 0 0 1 3 5 5 2 0 0 0 7 
489 2 2.66579 21.5973 6.56559 4.10265e-04 -8.02473e-04 0.00178204 0.0019969844 0.0 12 16.1413665952 2.3278749876 0 0 0 2 8 2 0 0 0 0 6 
549 2 5.04416 26.2304 0.344016 -6.0571e-04 -1.7175e-04 1.58439e-05 6.2978861197e-04 0.0 16 14.2728221651 1.9154187925 0 0 1 3 4 7 1 0 0 0 7 
3 2 1.80261 26.2425 4.5047 8.09531e-04 -0.00222536 -5.45301e-04 0.0024300043 0.0 15 11.6657533413 1.829095981 0 0 1 1 8 4 1 0 0 0 7 
669 2 6.33157 23.2176 7.35397 -0.00117987 0.00154112 0.00221567 0.0029455624 0.0 15 12.5172961947 1.8337229701 0 0 0 2 8 5 0 0 0 0 6 
401 2 7.70419 23.1423 2.34427 -0.00128816 0.00306343 2.20973e-05 0.0033233188 0.0 13 12.2240759092 1.8739625578 0 0 0 3 6 4 0 0 0 0 6 
119 2 2.25766 20.0257 2.84551 -0.0012605 0.00245317 0.00133503 0.0030641815 0.0 12 13.0861234459 1.9732077924 0 0 1 3 4 3 1 0 0 0 7 
476 2 7.30089 20.4544 2.33696 -0.00379137 3.65e-04 -0.00222112 0.0044092046 0.0 14 15.1848983129 2.1600778436 0 0 3 2 4 1 3 1 0 0 8 
808 2 1.1168 25.4211 7.11803 -0.0023553 8.23022e-04 -0.0012926 0.0028099142 0.0 14 12.8512744176 2.0776791426 0 0 1 4 3 4 2 0 0 0 7 
725 2 8.84355 21.6889 3.73436 -0.00419632 8.88232e-04 0.00601011 0.0073837308 0.0 13 11.3053897296 1.8803433923 0 0 0 4 4 5 0 0 0 0 6 
687 2 2.8161 19.5351 0.403918 -0.00267084 0.00252711 -8.23115e-04 0.0037679158 0.0 12 14.880555718 2.1127416707 0 0 1 3 5 1 2 0 0 0 7 
265 2 16.9713 19.1664 3.43704 -1.88024e-04 -0.00173603 -0.00368609 0.0040787759 0.0 14 17.8304138188 2.2875167037 0 0 2 2 4 5 0 1 0 0 8 
239 2 10.2342 25.6573 1.63462 -0.00190191 -9.55403e-04 0.00131651 0.0025026496 0.0 13 13.7953644808 2.312285535 0 0 2 2 3 5 1 0 0 0 7 
514 2 11.4067 18.6595 4.37458 -1.56136e-04 -6.89019e-04 0.0028085 0.0028959969 0.0 14 15.1593157714 2.1527767097 0 0 1 3 5 3 2 0 0 0 7 
336 2 13.7004 18.0271 4.61023 0.00128682 -3.62752e-04 -9.76705e-04 0.0016557317 0.0 13 15.4795192066 2.3117498165 0 0 1 3 5 2 2 0 0 0 7 
811 2 14.2917 18.824 0.157061 -5.01026e-04 0.00253324 -9.67363e-04 0.0027575575 0.0 14 14.5954061088 2.1814483724 0 0 1 2 6 4 1 0 0 0 7 
539 2 10.6549 20.6087 5.16297 -2.24441e-04 -0.00168256 -0.00554298 0.005797069 0.0 13 12.5550749649 1.9743964388 0 0 0 2 8 3 0 0 0 0 6 
760 2 10.3227 18.7136 7.07149 -4.14235e-05 5.67353e-04 3.83031e-04 6.8579740443e-04 0.0 13 17.5853111556 2.2137278698 0 0 0 2 8 3 0 0 0 0 6 
10 2 13.9832 21.3452 1.85433 0.00348296 7.58513e-04 -0.00155843 0.00389038 0.0 16 20.0367034413 2.4551813581 0 0 0 3 7 5 1 0 0 0 7 
961 1 14.6128 24.2786 0.525357 -0.00101 0.00101246 -6.38351e-05 0.0014315202 0.0 15 22.7112676434 2.4738781271 0 0 0 3 7 4 1 0 0 0 7 
162 2 12.7179 19.5816 6.4413 6.61748e-04 7.47542e-04 4.75938e-04 0.0011060047 0.0 14 17.7215587602 2.2878364672 0 0 0 3 7 3 1 0 0 0 7 
865 2 14.7231 19.2953 2.72022 7.5243e-04 5.86235e-04 -1.27171e-04 9.6228625854e-04 0.0 12 12.4251891567 2.1007833438 0 0 0 2 8 2 0 0 0 0 6 
664 1 15.15 0.21351 25.9037 0.00178777 -3.61682e-04 -0.00524277 0.0055509975 0.0 16 21.9948786257 2.3317197802 0 0 0 2 9 4 1 0 0 0 7 
60 1 15.1104 23.4249 5.00573 0.00229486 -4.75601e-04 0.0020347 0.0031036403 0.0 13 21.9802140489 2.4738781271 0 0 0 1 10 2 0 0 0 0 6 
712 2 16.3457 19.7724 1.02799 -0.00114696 -0.00165735 -0.00263517 0.0033175966 0.0 13 16.4229636057 2.1961161244 0 0 1 2 6 3 1 0 0 0 7 
315 1 16.9433 22.4991 2.60511 -0.00650416 0.00267817 -0.00291941 0.0076157499 0.0 15 23.0536296195 2.3434493584 0 0 0 2 8 5 0 0 0 0 6 
324 2 13.0277 20.717 4.22129 0.00238084 0.00192992 7.77948e-04 0.003161992 0.0 12 13.5427710096 2.2632515561 0 0 0 2 8 2 0 0 0 0 6 
695 2 11.1446 24.294 7.8268 5.57737e-04 -0.00254826 7.9861e-05 0.0026098041 0.0 14 15.5470160474 2.1742082644 0 0 1 4 3 4 2 0 0 0 7 
454 1 13.9879 25.1948 7.09892 -0.00191585 1.80872e-04 -0.00112285 0.0022280009 0.0 16 20.5449131654 2.1593700506 0 0 1 2 7 5 0 1 0 0 8 
794 1 17.2866 25.2476 0.468328 -1.92559e-04 -2.767e-04 -2.18477e-04 4.0171390069e-04 0.0 14 20.1038653684 2.1135653708 0 0 0 4 4 6 0 0 0 0 6 
657 2 9.89515 23.7516 0.270276 -4.84681e-05 -8.05486e-04 -0.00104518 0.0013204386 0.0 14 15.7104917412 2.2089642741 0 0 1 3 4 5 1 0 0 0 7 
467 2 15.2618 19.8144 4.90776 0.0056761 4.07228e-04 -0.00339401 0.0066259527 0.0 15 18.1999623756 2.288410632 0 0 0 4 4 7 0 0 0 0 6 
647 2 11.8499 23.4 1.5675 -0.00204518 -0.00130007 0.00170485 0.0029630148 0.0 13 18.0893960802 2.452126153 0 0 1 2 5 5 0 0 0 0 6 
116 1 15.7915 19.6555 7.9864 -8.72485e-04 -4.58016e-04 -0.00125938 0.0015990768 0.0 15 22.9284753189 2.4726860494 0 0 0 1 10 4 0 0 0 0 6 
183 2 10.723 20.3545 8.54334 -0.0010704 0.00181098 5.13704e-04 0.0021654784 0.0 13 17.9242977849 2.119202317 0 0 1 1 8 2 1 0 0 0 7 
432 2 12.256 19.1654 2.30976 0.00214537 -0.00373945 0.00166848 0.0046227615 0.0 14 15.8205221879 2.1686425453 0 0 3 1 4 3 3 0 0 0 7 
746 1 16.6738 25.5844 6.15156 -0.00531929 -0.00390826 -0.00305041 0.0072714746 0.0 15 21.5554992491 2.2281531499 0 0 0 2 8 5 0 0 0 0 6 
702 1 15.0848 22.843 7.75245 -3.4091e-04 -1.33404e-04 0.004387 0.0044022478 0.0 15 22.0896930366 2.4389055554 0 0 2 3 4 3 2 1 0 0 8 
250 2 12.1673 22.9585 4.28288 -0.00332496 0.00178618 7.34312e-04 0.0038451284 0.0 14 16.5423843039 2.4738781271 0 0 0 3 6 5 0 0 0 0 6 
771 2 12.1083 22.0743 6.47908 -0.00325513 0.00189085 2.34911e-04 0.0037717858 0.0 16 18.2061684997 2.288410632 0 0 0 4 6 4 2 0 0 0 7 
882 1 13.5026 26.0025 4.20256 -0.00211019 -7.32724e-04 0.00283546 0.0036096565 0.0 18 23.6986963357 2.4738781271 0 0 1 1 9 6 0 1 0 0 8 
145 2 11.8929 25.5532 26.7082 -0.00396384 0.0054109 7.78772e-04 0.0067525071 0.0 15 16.6789626161 2.312285535 0 0 1 4 3 5 2 0 0 0 7 
513 2 11.3519 21.304 2.67327 4.49188e-05 -8.36324e-04 0.0027593 0.0028836075 0.0 12 13.0581253416 2.120744813 0 0 0 3 6 3 0 0 0 0 6 
770 1 16.2507 25.2127 3.19148 -0.0031743 0.00310372 0.001521 0.0046928349 0.0 13 21.2058824427 2.4187002354 0 0 0 2 8 3 0 0 0 0 6 
893 2 9.49845 22.5673 5.90467 0.0028603 -4.92782e-04 -0.00276972 0.0040119196 0.0 14 13.4683340295 1.9937528295 0 0 1 3 5 4 0 1 0 0 8 
278 2 10.6568 24.5734 5.41136 0.00445641 -0.00110501 0.00283754 0.0053974318 0.0 13 15.0426010936 2.1956853302 0 0 1 3 5 2 2 0 0 0 7 
289 1 13.2295 18.1262 8.96983 0.00223937 0.00243052 0.0017715 0.0037497224 0.0 15 22.364923507 2.3117498165 0 0 0 2 9 3 1 0 0 0 7 
202 2 9.34467 21.6463 1.55704 -0.0014388 -0.00223452 8.28716e-04 0.0027838813 0.0 13 14.3694304218 2.1503838861 0 0 1 2 6 3 1 0 0 0 7 
459 2 9.99631 23.6478 3.12896 1.74022e-04 -0.00197472 0.0021514 0.0029254614 0.0 16 14.076112209 2.2510376033 0 0 0 4 5 6 1 0 0 0 7 
50 1 14.1128 0.328459 1.60173 -0.00317615 0.00269663 -0.00290921 0.0050816577 0.0 15 21.6069107328 2.3317197802 0 0 3 2 4 2 3 1 0 0 8 
625 2 11.8643 26.6145 9.10796 0.00248576 -9.66535e-04 4.45874e-05 0.0026674296 0.0 13 16.5069410489 2.0964298745 0 0 0 1 10 2 0 0 0 0 6 
609 1 17.4744 21.993 5.43221 -0.00119738 5.50406e-04 8.1613e-04 0.0015500754 0.0 17 25.2992071031 2.4726860494 0 0 0 2 8 7 0 0 0 0 6 
846 1 19.7778 26.155 1.65611 -0.00190842 -0.00239537 -0.00401317 0.0050483064 0.0 12 19.1960788979 2.1788250324 0 0 0 2 8 2 0 0 0 0 6 
271 1 25.1253 22.9361 2.72958 0.00138798 5.3896e-04 0.00174059 0.0022905501 0.0 16 23.4787017934 2.27638437 0 0 1 1 8 5 1 0 0 0 7 
943 2 26.4317 25.467 4.32508 0.00477811 -0.0011827 0.00135184 0.0051045652 0.0 14 16.3477504437 2.2400159913 0 0 1 3 5 3 2 0 0 0 7 
683 1 25.2173 22.0251 8.49978 -0.00250271 0.0025772 4.96388e-04 0.0036265574 0.0 15 23.504347053 2.3458453798 0 0 0 4 5 5 1 0 0 0 7 
396 1 20.7172 19.717 4.63128 -0.00106772 -0.00141381 -0.00315598 0.0036192671 0.0 14 22.4487314384 2.312682864 0 0 0 3 7 3 1 0 0 0 7 
342 2 22.7624 26.6228 6.5159 0.00188853 -3.50265e-04 -0.001374 0.00236159 0.0 14 17.2691090211 2.1340199804 0 0 1 1 7 5 0 0 0 0 6 
41 1 23.3994 24.8031 4.19314 -3.03954e-04 -0.00216768 -2.49746e-04 0.0022030882 0.0 13 19.5980037887 2.1630235771 0 0 1 2 6 3 1 0 0 0 7 
368 1 24.0757 21.4696 0.518648 2.83297e-04 -3.81142e-05 -0.00112547 0.0011612031 0.0 15 22.8636389209 2.4110519717 0 0 1 4 4 3 3 0 0 0 7 
123 1 22.3362 23.6144 7.73111 -0.00229272 0.00123024 0.00116523 0.0028509326 0.0 15 21.7511038722 2.2271040726 0 0 0 3 7 4 1 0 0 0 7 
713 1 24.0556 22.3491 5.63812 0.00263969 3.0128e-04 -3.67974e-04 0.002682189 0.0 15 21.9345301674 2.3458453798 0 0 2 4 2 4 2 1 0 0 8 
72 1 25.1619 18.2537 6.44055 -0.00327299 -0.00403209 -0.0059463 0.0078948526 0.0 16 21.9633508046 2.3458453798 0 0 1 5 2 5 3 0 0 0 7 
982 1 19.8819 21.7154 7.01215 -0.00174432 5.18125e-04 0.00306567 0.0035650299 0.0 12 24.074538433 2.4190512625 0 0 0 2 8 2 0 0 0 0 6 
400 1 22.865 21.2711 3.23981 -0.00105903 8.83544e-04 -3.53238e-04 0.0014237175 0.0 14 21.0388160587 2.3383147724 0 0 0 5 3 5 1 0 0 0 7 
868 1 20.4367 18.6901 7.72274 0.0034113 -0.00178229 6.66566e-04 0.003906128 0.0 14 21.8986934884 2.485289895 0 0 0 4 5 4 1 0 0 0 7 
30 1 21.2738 23.0559 4.80786 -0.0016458 -3.98509e-04 -0.00199385 0.0026158947 0.0 14 21.5478560067 2.312682864 0 0 1 2 7 2 2 0 0 0 7 
965 1 19.3794 23.3019 0.333536 -0.00247887 8.89441e-04 2.31148e-04 0.0026437343 0.0 13 19.973182681 2.2059381775 0 0 1 2 6 3 1 0 0 0 7 
617 1 19.9667 25.1343 6.37547 0.00253619 0.0031446 5.23205e-04 0.0040736363 0.0 15 23.6782588815 2.2507291516 0 0 1 0 10 3 1 0 0 0 7 
866 2 25.1808 25.027 6.8364 0.00447373 0.00235836 0.00372062 0.006278466 0.0 13 16.5635721243 2.0850378209 0 0 0 1 10 2 0 0 0 0 6 
19 1 19.0614 24.0606 3.52423 -0.00245119 0.00297641 -3.89754e-04 0.0038754686 0.0 13 22.2574007798 2.2731208568 0 0 0 2 8 3 0 0 0 0 6 
890 1 18.2372 19.108 6.21075 1.1977e-04 0.00140152 -0.00316295 0.0034616262 0.0 13 21.5296337001 2.3693350439 0 0 1 2 6 3 1 0 0 0 7 
791 2 18.3873 18.2384 1.20692 0.00125003 6.65118e-04 1.4319e-04 0.0014231867 0.0 14 16.3145411207 2.1271218542 0 0 2 1 4 7 0 0 0 0 6 
384 1 23.5068 18.6787 3.87682 -0.0033598 -0.00247043 -1.66453e-04 0.004173606 0.0 17 21.3441330887 2.4110519717 0 0 1 4 4 5 3 0 0 0 7 
624 1 22.7857 19.7657 6.49506 0.00319803 -0.00248566 -6.1272e-04 0.0040965018 0.0 15 21.377637781 2.3112501058 0 0 2 3 2 7 0 1 0 0 8 
52 1 17.6516 23.963 8.41385 -0.00110878 -0.00316915 0.00116042 0.0035523907 0.0 16 23.9943131413 2.4726860494 0 0 1 3 5 5 2 0 0 0 7 
828 1 21.9686 19.1907 1.39942 0.00120095 -0.00159898 2.63876e-04 0.0020170891 0.0 14 23.5427214767 2.3881087552 0 0 0 4 5 4 1 0 0 0 7 
207 1 19.6364 21.1165 2.1056 -0.00263495 1.66153e-05 0.00187149 0.0032319827 0.0 16 24.1586241731 2.312682864 0 0 0 3 6 7 0 0 0 0 6 
837 1 21.9747 24.2108 1.86914 -0.00124839 -6.86847e-04 -0.00304769 0.0033643202 0.0 16 22.9725833566 2.2587935277 0 0 1 1 9 3 2 0 0 0 7 
223 1 8.59588 5.16565 9.52741 -8.31174e-04 -0.0026049 0.00279383 0.0039091994 0.0 13 20.7161936534 2.215418095 0 0 0 1 10 2 0 0 0 0 6 
541 1 7.16669 4.82254 11.9812 -9.1941e-04 0.00153895 -4.03626e-06 0.001792679 0.0 17 21.5259095842 2.2508248913 0 0 2 3 4 4 4 0 0 0 7 
95 1 7.71022 2.33673 9.68188 0.00220973 0.0014381 -8.21369e-04 0.0027614643 0.0 16 22.1899879632 2.2508248913 0 0 2 2 6 4 1 0 1 0 9 
944 1 3.84352 8.93629 18.5051 -2.01228e-04 -6.2574e-04 6.22022e-04 9.0496111743e-04 0.0 15 20.0286536823 2.2331353616 0 0 0 3 6 6 0 0 0 0 6 
762 1 1.92706 1.8577 13.0133 -3.80797e-04 -0.0017265 0.00197544 0.0026510699 0.0 14 21.673249415 2.1874991036 0 0 0 2 8 4 0 0 0 0 6 
446 1 5.57395 0.312316 12.7004 -0.00208216 0.00210724 -0.00157779 0.0033563778 0.0 14 21.7548750029 2.1643404084 0 0 1 4 2 6 1 0 0 0 7 
690 1 1.49766 6.02948 9.73469 -0.00157694 -7.38415e-04 0.00169838 0.0024323838 0.0 15 22.4625045984 2.2230423724 0 0 1 2 5 7 0 0 0 0 6 
831 1 7.35827 4.91904 18.5397 0.00152252 0.00317109 0.00247486 0.0043010244 0.0 17 21.2255742363 2.278414899 0 0 1 4 4 5 3 0 0 0 7 
867 1 3.87863 4.37832 15.9252 -0.00361559 4.12188e-04 -0.00443489 0.0057367795 0.0 14 22.427982621 2.2912275551 0 0 0 4 5 4 1 0 0 0 7 
575 1 5.24073 3.02812 18.2874 -0.00404416 -5.62495e-04 0.00203994 0.0045643166 0.0 15 22.1393497293 2.2809623441 0 0 1 4 4 3 3 0 0 0 7 
473 2 1.76445 0.710667 8.45121 0.0020162 0.00268948 -3.69219e-04 0.0033815215 0.0 14 16.3577432509 2.1451618794 0 0 0 3 7 3 1 0 0 0 7 
779 1 2.49734 3.13804 10.5078 -0.0015135 -0.0054191 -0.00187249 0.0059298858 0.0 14 22.6366200959 2.1527109026 0 0 0 2 8 4 0 0 0 0 6 
275 1 5.90768 7.30205 17.4033 0.0022253 -0.00399368 0.00117999 0.0047216328 0.0 14 22.0853780552 2.2912275551 0 0 2 0 7 4 1 0 0 0 7 
8 1 3.08016 8.53332 10.0456 0.00235137 0.00205459 -0.00173039 0.0035699482 0.0 15 20.9725598431 2.1702070437 0 0 2 1 6 4 2 0 0 0 7 
226 1 3.87056 5.80276 11.5927 -0.00151844 8.37863e-04 -0.00168724 0.0024195977 0.0 13 20.3241566576 2.1989701729 0 0 1 2 6 3 1 0 0 0 7 
583 1 1.05039 8.92118 17.5251 -0.00227305 -0.00729795 -0.00276869 0.0081297278 0.0 13 21.2404971501 2.2021022328 0 0 0 1 10 2 0 0 0 0 6 
7 1 6.38332 3.23011 15.2387 -0.00133876 -0.00219735 6.93484e-04 0.0026648725 0.0 15 22.7841891201 2.266421945 0 0 0 2 8 5 0 0 0 0 6 
711 1 1.29271 0.254494 15.315 -0.00181695 -0.00162854 -0.00112397 0.0026864025 0.0 14 23.7151042077 2.2569296009 0 0 0 2 8 4 0 0 0 0 6 
915 1 1.63437 5.64935 17.8372 0.00164808 -3.37892e-04 0.00173751 0.0024185284 0.0 15 22.51982657 2.2872930386 0 0 0 3 6 6 0 0 0 0 6 
420 1 4.65385 3.30674 12.8301 3.63655e-04 1.93307e-04 2.55289e-04 4.8454620914e-04 0.0 15 21.3500514634 2.2508248913 0 0 1 3 5 4 2 0 0 0 7 
294 1 7.81749 5.78497 15.9818 0.00197148 0.00145185 0.00150837 0.0028757228 0.0 14 19.5162853924 2.278414899 0 0 2 2 3 6 1 0 0 0 7 
319 1 5.99706 7.08546 10.3972 -0.00222867 -0.00211194 -0.00232731 0.0038527435 0.0 16 20.9129720669 2.1962095361 0 0 2 3 5 3 2 0 1 0 9 
614 1 5.64824 4.33005 9.4506 -0.0029592 -0.00120536 -0.00358211 0.0048001322 0.0 13 20.1666796277 2.2254081204 0 0 0 3 6 4 0 0 0 0 6 
479 1 5.10549 1.51542 9.90688 0.00338864 3.8621e-04 0.00549347 0.0064660847 0.0 17 23.1926716405 2.2499006999 0 0 2 3 4 6 1 0 1 0 9 
813 1 3.13058 7.11888 15.719 0.00288319 0.00122878 1.89645e-04 0.0031398487 0.0 13 23.0280145107 2.2912275551 0 0 0 3 6 4 0 0 0 0 6 
589 1 5.78527 6.32687 14.0678 0.00171308 1.76282e-04 0.00213812 0.0027454099 0.0 15 23.2290925594 2.1995232629 0 0 0 3 7 4 1 0 0 0 7 
519 1 1.28042 2.72909 16.833 0.00158368 -3.14704e-04 0.00200592 0.0025750332 0.0 14 22.1403871599 2.2579719652 0 0 0 3 7 3 1 0 0 0 7 
910 1 1.25308 7.01524 12.8082 0.00254083 -1.52085e-04 0.00120556 0.0028164378 0.0 15 21.4160953054 2.1518573559 0 0 0 4 5 5 1 0 0 0 7 
823 1 2.30541 4.61776 13.7026 0.00282927 -0.00306689 0.00286242 0.0050600426 0.0 16 21.322097276 2.2572569164 0 0 1 4 3 6 2 0 0 0 7 
252 1 4.0943 1.68316 15.0891 -0.00100708 0.00274023 0.00139139 0.0032340434 0.0 12 20.5165687437 2.2579719652 0 0 0 2 8 2 0 0 0 0 6 
684 1 26.7668 6.96335 15.6256 0.0039203 0.00243608 -1.07761e-04 0.0046168009 0.0 16 24.1784436845 2.3472467547 0 0 2 3 4 4 2 1 0 0 8 
211 2 0.128433 0.827838 10.0585 0.00131769 0.00206974 -0.00270718 0.0036536221 0.0 15 18.773816829 2.14855465 0 0 0 5 4 4 2 0 0 0 7 
560 1 7.78503 2.21426 12.886 0.00347579 0.00199303 -0.00186237 0.0044183376 0.0 15 21.4057241636 2.2508248913 0 0 2 3 4 2 4 0 0 0 7 
675 1 26.6684 4.15061 11.435 0.00443057 0.00138966 8.38889e-04 0.0047185634 0.0 15 22.7851888189 2.2230423724 0 0 1 2 5 7 0 0 0 0 6 
851 1 8.04115 2.12281 18.2878 0.00127341 0.0014545 -0.00420436 0.0046275032 0.0 15 21.9518867625 2.2428344875 0 0 3 0 6 3 3 0 0 0 7 
521 1 9.59731 4.07185 16.9321 -0.00291937 -0.00384998 0.00384278 0.0061734938 0.0 14 20.061899588 2.1672385811 0 0 1 0 10 2 1 0 0 0 7 
528 2 15.9463 5.19247 14.0417 -7.57205e-04 -0.00362018 -0.00524285 0.0064161156 0.0 13 13.8082874853 2.03357854 0 0 1 3 4 4 1 0 0 0 7 
788 2 9.0029 6.90079 13.3902 -0.00123928 -9.61434e-04 -0.0070411 0.0072136856 0.0 13 15.6975522239 2.1981098361 0 0 3 2 2 3 3 0 0 0 7 
819 2 13.0407 8.16894 15.4479 0.00174639 -0.00182887 -0.00258993 0.0036197211 0.0 16 12.9298293287 1.9897116414 0 0 2 3 4 3 4 0 0 0 7 
884 2 11.8633 7.57163 18.0549 -0.00194422 -0.00101563 0.00166104 0.0027514632 0.0 13 15.5206560066 2.2135920397 0 0 1 3 3 6 0 0 0 0 6 
247 2 10.6075 5.98537 11.9515 0.00188194 1.67804e-04 -0.00238477 0.0030425293 0.0 14 15.1064682666 2.1929229425 0 0 0 3 6 5 0 0 0 0 6 
16 2 14.6407 4.86586 15.9457 -8.09931e-04 0.00127189 -0.00207599 0.0025658189 0.0 16 13.4275230188 1.9973049389 0 0 3 4 1 3 4 1 0 0 8 
329 2 17.0068 2.12288 11.5422 0.00114815 -1.56445e-04 1.16586e-04 0.0011646097 0.0 16 13.9180560778 2.2542858584 0 0 0 3 6 7 0 0 0 0 6 
620 2 11.8851 2.16482 12.6544 -0.00371022 -0.0022331 -0.00390451 0.0058307518 0.0 13 13.3106441677 2.0739038884 0 0 3 2 2 4 1 1 0 0 8 
995 2 12.7049 2.71536 10.3729 0.00470298 -0.00318205 0.00127767 0.005820301 0.0 14 17.9733576647 2.1919994443 0 0 0 1 10 3 0 0 0 0 6 
990 2 12.1543 3.62646 14.3575 -0.00197872 0.00258077 2.72886e-04 0.0032634603 0.0 16 15.6919870251 2.3523952516 0 0 4 2 4 1 3 1 1 0 9 
674 2 10.2117 3.6567 11.5876 -0.00307095 0.00110466 0.00214845 0.003907281 0.0 15 16.6693497761 2.0699558767 0 0 3 0 7 2 2 1 0 0 8 
21 2 17.0518 4.36404 10.1784 -0.00136068 0.00263476 -0.00116321 0.0031853521 0.0 13 15.9904654598 2.1265500704 0 0 1 2 5 5 0 0 0 0 6 
212 2 13.9526 6.33972 11.621 -9.82456e-04 0.00177224 -0.00257431 0.003276145 0.0 14 15.0527914048 2.1979398588 0 0 1 3 4 5 1 0 0 0 7 
775 2 16.6838 3.3668 16.2415 -0.00254325 0.00211341 8.59596e-04 0.0034166545 0.0 14 14.8565789523 2.0189492531 0 0 2 4 1 5 1 1 0 0 8 
488 2 13.006 5.98681 14.3323 -0.00141503 5.97122e-04 3.09047e-04 0.0015666444 0.0 15 13.5595259806 2.035568243 0 0 0 3 7 4 1 0 0 0 7 
696 2 10.368 6.53264 15.1012 0.00115506 -0.00144615 0.00197511 0.0027067643 0.0 16 14.2550196503 2.1201910028 0 0 4 2 2 4 2 2 0 0 8 
584 2 9.0877 7.86701 11.0687 -0.00276555 -6.19603e-04 -4.30306e-04 0.0028665899 0.0 14 16.8546516432 2.2274730422 0 0 0 3 6 5 0 0 0 0 6 
54 2 12.843 3.74033 17.3356 -0.00304904 0.00357927 -4.81721e-05 0.004702142 0.0 14 16.9398411955 2.2989772145 0 0 1 3 5 3 2 0 0 0 7 
496 2 9.90854 4.60221 13.8756 -4.97852e-05 -0.00668186 0.00200849 0.0069773751 0.0 15 16.8424930067 2.2130002784 0 0 2 4 2 4 2 1 0 0 8 
880 2 19.0131 2.80014 14.0491 0.0028437 -0.00119682 -0.00323258 0.0044686219 0.0 14 15.7249134138 2.2542858584 0 0 0 2 8 4 0 0 0 0 6 
334 2 15.051 4.25798 11.9025 5.47987e-04 0.0057593 -3.87718e-04 0.0057982887 0.0 15 14.9300740134 2.1741290966 0 0 1 2 6 5 1 0 0 0 7 
477 2 14.3842 1.87103 12.267 1.25143e-04 -2.86253e-04 -0.00664097 0.0066483144 0.0 13 14.9874984469 2.0852780134 0 0 1 3 4 4 1 0 0 0 7 
973 2 10.3294 1.18779 10.8557 -9.91262e-04 3.4973e-04 0.00446188 0.0045840249 0.0 12 16.325739326 2.0540700409 0 0 0 2 8 2 0 0 0 0 6 
146 2 14.1651 2.57768 14.6013 -0.00286263 -7.87781e-04 -5.90038e-04 0.0030271099 0.0 17 16.6430118791 2.3523952516 0 0 2 5 3 2 4 0 1 0 9 
425 2 14.0938 0.271197 9.83761 0.00112724 -9.94215e-04 0.001301 0.001987897 0.0 14 17.4801313278 2.1420686024 0 0 1 2 6 4 1 0 0 0 7 
860 2 16.6343 6.5691 11.5601 -0.00174418 7.18312e-04 -5.72107e-04 0.0019711526 0.0 15 17.0173486589 2.2068159762 0 0 2 3 5 1 3 1 0 0 8 
523 2 16.584 7.19758 15.5157 0.00600956 0.00113296 9.05161e-05 0.0061160938 0.0 16 15.3403388057 1.9973049389 0 0 2 4 2 4 4 0 0 0 7 
221 2 8.28808 26.1908 11.4072 -0.0026119 5.46979e-04 -0.0021809 0.0034463796 0.0 14 18.7895440818 2.1596032507 0 0 0 3 6 5 0 0 0 0 6 
888 2 16.2917 2.85931 13.815 0.0015227 -8.17215e-04 3.07e-04 0.0017551936 0.0 12 13.8560770566 2.2374520993 0 0 1 3 4 3 1 0 0 0 7 
22 2 12.5214 4.43944 11.9801 -0.00250794 -1.21223e-04 0.00129115 0.0028233892 0.0 13 14.0664073118 2.1979398588 0 0 1 3 5 2 2 0 0 0 7 
492 2 11.8544 9.98759 16.737 0.00169701 0.00113436 0.00244948 0.0031885056 0.0 13 16.0834051055 2.2268861024 0 0 1 2 5 5 0 0 0 0 6 
160 2 10.5163 0.0406783 12.8158 2.58781e-04 0.00322953 -9.24644e-04 0.003369243 0.0 12 15.0363960977 2.0906947396 0 0 1 2 5 4 0 0 0 0 6 
305 2 16.22 9.34262 13.9509 7.287e-04 -2.80958e-04 -0.00226978 0.0024003838 0.0 14 13.9053713604 2.1953224154 0 0 4 2 1 3 3 1 0 0 8 
391 2 12.193 5.73221 16.4166 -0.0035113 0.00144202 0.00372861 0.0053208253 0.0 13 13.4014710421 2.0965599995 0 0 2 1 6 3 0 1 0 0 8 
201 2 14.5035 7.56541 13.7467 0.00178792 1.90842e-04 -8.08737e-04 0.0019715816 0.0 15 13.3426100617 1.9897116414 0 0 2 4 1 5 3 0 0 0 7 
979 2 14.2403 7.09549 17.1762 0.00121252 -0.00201523 -0.0013194 0.0026966967 0.0 13 12.6919920717 1.9163660937 0 0 0 5 3 4 1 0 0 0 7 
991 1 9.74626 1.74775 15.0429 0.00213088 -1.86345e-04 -0.00266507 0.0034173048 0.0 15 21.700254258 2.3202459628 0 0 1 0 10 3 1 0 0 0 7 
180 2 11.985 7.92519 11.2854 0.0016461 7.22514e-04 0.00150237 0.0023428161 0.0 13 13.3406606073 2.2274730422 0 0 1 0 9 3 0 0 0 0 6 
894 2 18.1396 7.57715 17.6233 0.00189625 0.00237462 -0.00404834 0.0050619799 0.0 15 14.2192527718 1.9344509761 0 0 2 2 5 4 1 1 0 0 8 
826 2 18.1244 4.88498 14.9155 3.45135e-04 0.00155804 0.00170008 0.0023317116 0.0 15 13.1948725213 1.9767695426 0 0 2 2 4 5 2 0 0 0 7 
964 2 17.9471 5.23584 17.7108 0.00227462 -0.00107304 -7.37313e-04 0.0026208665 0.0 15 14.0216343538 1.9973049389 0 0 3 1 4 5 1 1 0 0 8 
572 1 10.9378 1.23306 17.5543 -0.00203449 -1.89868e-04 0.00197002 0.0028383408 0.0 15 21.5111955186 2.3523952516 0 0 1 1 9 2 2 0 0 0 7 
448 2 12.9545 0.3321 13.8629 4.43141e-04 -0.00732187 -0.00273103 0.0078271757 0.0 14 19.5460873071 2.4052173371 0 0 0 4 5 4 1 0 0 0 7 
161 2 12.758 25.8266 11.7767 0.0010878 0.00153452 0.0018806 0.002659834 0.0 15 18.0052545292 2.2620769878 0 0 0 2 8 5 0 0 0 0 6 
92 1 23.6912 8.86107 12.0137 6.22458e-04 0.00267976 1.16584e-04 0.0027535721 0.0 18 24.1752794269 2.231003984 0 0 2 4 3 6 2 0 1 0 9 
404 1 26.1639 9.08987 13.4724 -5.22109e-04 9.6192e-04 -0.00253301 0.0027593527 0.0 15 22.0640770816 2.231003984 0 0 3 1 5 2 4 0 0 0 7 
945 2 21.8248 8.50157 14.5738 -0.00216243 0.00149955 -0.00204709 0.0033339663 0.0 13 13.1207844117 2.2137629252 0 0 1 3 3 6 0 0 0 0 6 
206 2 22.3996 1.10264 11.1039 -0.00274354 -7.87355e-04 -0.00404174 0.0049479897 0.0 15 13.2358359544 2.1394672157 0 0 0 3 7 4 1 0 0 0 7 
314 2 19.0669 9.83982 13.8889 -0.00202688 0.00188958 1.80249e-04 0.0027769128 0.0 13 11.5285463574 1.9611377356 0 0 2 2 4 3 2 0 0 0 7 
142 2 17.8162 7.75825 13.2293 7.19001e-05 0.00272729 -4.91112e-04 0.0027720879 0.0 16 13.9001957754 2.125627011 0 0 2 2 6 3 2 1 0 0 8 
665 2 19.4387 1.51436 11.9699 -0.00210315 5.8411e-04 -6.83965e-04 0.0022874074 0.0 13 14.7286348968 2.235821061 0 0 1 3 3 6 0 0 0 0 6 
876 2 19.737 5.50343 13.3515 -6.69897e-04 4.54979e-07 0.0040669 0.0041217033 0.0 14 12.9575419296 1.9438652595 0 0 2 3 3 4 1 1 0 0 8 
858 1 21.4752 8.77966 9.94558 0.00108947 -4.27971e-04 0.002393 0.0026639356 0.0 14 20.522261592 2.2352762148 0 0 2 2 4 4 2 0 0 0 7 
353 1 22.5171 6.15499 11.1569 0.00103122 5.26201e-04 1.80784e-04 0.0011717444 0.0 16 20.9915740852 2.2279105355 0 0 1 4 4 4 3 0 0 0 7 
698 1 0.0583057 8.52414 10.7209 0.00280242 0.00173358 -1.9572e-04 0.0033010852 0.0 14 22.1938795853 2.230172848 0 0 0 3 6 5 0 0 0 0 6 
564 2 21.2621 3.5845 11.8719 -0.00217671 0.00168024 0.00479567 0.005528085 0.0 15 14.1603361403 2.0030621895 0 0 2 3 4 3 2 1 0 0 8 
152 1 26.3323 4.15911 14.6679 4.26864e-04 -0.00239116 -0.00284292 0.0037392584 0.0 17 23.872150109 2.2690827823 0 0 1 4 4 5 3 0 0 0 7 
361 2 23.6463 3.40809 11.7175 -0.00289783 -3.01238e-04 -7.63364e-04 0.0030117914 0.0 13 16.3473206658 2.1115508578 0 0 0 3 6 4 0 0 0 0 6 
974 1 24.8764 6.31653 12.9978 0.00290099 0.00257021 -5.94601e-04 0.0039211316 0.0 16 22.3825044936 2.2624333374 0 0 1 5 3 4 2 1 0 0 8 
282 1 25.7669 1.15597 17.1463 -5.69621e-04 -0.00181049 -0.00316155 0.0036875114 0.0 13 21.8453454827 2.4108816705 0 0 0 3 6 4 0 0 0 0 6 
474 2 23.4321 7.26165 16.08 8.17597e-04 -0.00106468 -0.00337946 0.0036363111 0.0 15 16.3282014497 2.3472467547 0 0 3 2 5 2 0 3 0 0 8 
717 2 18.2014 2.0665 9.40845 9.66387e-04 -0.00427395 -0.00117817 0.0045374703 0.0 13 15.2436529276 2.1503096461 0 0 0 3 6 4 0 0 0 0 6 
534 2 24.7999 2.90509 8.77634 0.00262407 -0.00133016 -3.56329e-05 0.0029421656 0.0 12 15.6444129676 2.2070746958 0 0 0 3 6 3 0 0 0 0 6 
231 2 17.8872 4.27575 12.3503 -0.00149227 0.00139703 5.25351e-04 0.002110582 0.0 14 12.550742177 1.9088565859 0 0 0 2 8 4 0 0 0 0 6 
13 1 25.8109 1.84285 13.128 0.00222764 -0.00220693 -0.00185493 0.0036433069 0.0 15 22.697821532 2.2945464422 0 0 0 4 5 5 1 0 0 0 7 
836 2 21.596 26.4896 8.94435 0.00314238 0.00171472 0.00397087 0.0053462721 0.0 12 13.8264899234 2.2507291516 0 0 0 0 12 0 0 0 0 0 5 
318 2 20.8944 3.62867 14.6001 0.00220259 0.00345326 4.71031e-04 0.0041228967 0.0 13 14.5900642509 2.1159314623 0 0 0 3 6 4 0 0 0 0 6 
972 2 21.8135 6.2318 14.3425 -0.00431531 -0.00180829 0.00264163 0.0053730831 0.0 14 14.1559342158 2.0679646872 0 0 1 2 7 2 2 0 0 0 7 
6 2 20.3805 7.93714 12.832 -5.60677e-04 -6.43888e-04 -0.00170409 0.0019060098 0.0 13 14.8836707222 2.0679646872 0 0 1 0 9 3 0 0 0 0 6 
861 2 21.7656 1.68949 13.2516 -7.09263e-04 6.99298e-04 -0.00159768 0.0018827249 0.0 15 17.3469821428 2.2945464422 0 0 1 4 4 4 1 1 0 0 8 
726 2 21.2607 7.58104 16.7882 9.87867e-04 0.00183123 9.10049e-04 0.0022710072 0.0 12 11.8158090574 1.8426366499 0 0 0 0 12 0 0 0 0 0 5 
199 2 20.3182 5.44367 16.2272 0.0029746 -5.36254e-04 -5.47388e-05 0.0030230465 0.0 14 14.06568704 2.2332167171 0 0 1 3 4 5 1 0 0 0 7 
729 2 19.3513 4.10286 10.368 -0.0032864 6.85549e-04 -0.0025416 0.0042107164 0.0 15 15.6010619558 2.2279105355 0 0 1 3 5 4 2 0 0 0 7 
346 2 19.1825 6.17651 11.2799 -0.00139205 -0.00242589 0.00354123 0.0045125442 0.0 14 15.1653304725 2.2279105355 0 0 2 2 5 2 3 0 0 0 7 
529 2 23.1239 4.2471 13.768 -3.66901e-04 3.56923e-04 0.00254762 0.0025985338 0.0 13 16.481910662 2.2191882349 0 0 2 2 3 5 1 0 0 0 7 
838 1 25.304 6.07614 10.0035 -0.0038349 -0.00278428 -0.00296914 0.0055923578 0.0 17 22.4815736264 2.2230423724 0 0 0 3 6 8 0 0 0 0 6 
855 1 23.6222 2.06743 15.6691 -0.00283133 0.00416731 0.00117492 0.0051733296 0.0 15 23.9698794346 2.4190811958 0 0 1 1 7 6 0 0 0 0 6 
369 2 22.4872 3.48884 9.72109 -0.00386496 -0.00356809 -0.00100321 0.0053549615 0.0 13 15.8367243915 2.198707354 0 0 0 1 10 2 0 0 0 0 6 
916 2 19.3995 7.50026 15.2149 0.00145646 -7.23392e-04 7.09717e-04 0.0017743365 0.0 14 13.3300082386 1.9173373319 0 0 1 1 8 3 1 0 0 0 7 
159 2 19.1457 3.13189 16.6702 -0.00208425 -0.00366421 -0.00261677 0.0049616548 0.0 13 17.3035199341 2.1387571387 0 0 1 2 6 3 1 0 0 0 7 
636 2 24.6836 1.09706 10.4674 6.54353e-04 -0.00163876 0.0033492 0.0037856113 0.0 12 14.0468424241 2.0567764777 0 0 1 3 4 3 1 0 0 0 7 
848 2 20.6547 1.80115 9.73324 -0.00121169 -8.55647e-04 -0.00261645 0.0030076793 0.0 13 12.9805229525 2.0254260246 0 0 0 2 8 3 0 0 0 0 6 
635 2 22.8876 5.14763 16.456 -0.00145435 4.32816e-04 0.00131429 0.0020074416 0.0 15 19.0875210104 2.272337382 0 0 2 2 4 6 0 1 0 0 8 
347 2 19.3853 4.20002 19.2862 7.40741e-04 -5.3591e-04 0.00195476 0.0021580045 0.0 15 17.5402187992 2.2294750423 0 0 4 1 2 6 1 0 1 0 9 
621 2 3.0551 13.3823 8.7132 0.00148524 4.00146e-04 -0.00226259 0.0027359401 0.0 14 17.9804788471 2.257826773 0 0 0 2 9 2 1 0 0 0 7 
397 1 8.028 16.6548 9.48152 -0.0021525 -5.60997e-04 -3.31568e-04 0.00224898 0.0 17 24.6322286364 2.2594678926 0 0 0 2 8 7 0 0 0 0 6 
465 2 6.77711 13.7378 9.25715 4.46938e-04 5.87395e-04 -6.66203e-04 9.9429014834e-04 0.0 14 20.6181277642 2.2594678926 0 0 1 3 4 5 1 0 0 0 7 
208 1 7.32089 8.76946 15.2135 -0.00113492 0.00483003 0.00243635 0.0055274799 0.0 13 19.9590191471 2.10526482 0 0 1 2 6 3 1 0 0 0 7 
215 2 7.9555 10.5914 9.72092 6.06539e-05 -0.00181459 -0.00289712 0.0034190233 0.0 15 18.14501055 2.1410346232 0 0 1 3 5 4 2 0 0 0 7 
296 1 5.05123 16.2579 9.85825 -3.24595e-05 -0.00381037 -0.00142158 0.004067046 0.0 13 22.0035756024 2.257826773 0 0 0 1 10 2 0 0 0 0 6 
667 1 5.31601 8.8865 8.38815 -0.00149844 -0.00175267 7.05306e-04 0.0024113546 0.0 15 19.6754702422 2.1835689416 0 0 1 3 5 4 2 0 0 0 7 
453 2 6.98957 12.2092 7.33993 -7.77511e-04 7.75014e-04 -0.00317284 0.0033573924 0.0 15 14.8390368377 2.1577938584 0 0 3 2 4 3 2 0 1 0 9 
883 1 1.78764 10.388 12.1613 0.00196804 7.65916e-04 -0.00153283 0.0026094782 0.0 13 20.9490055079 2.132657914 0 0 0 1 10 2 0 0 0 0 6 
114 1 3.39671 14.335 16.3437 0.00280566 0.00153398 -0.00381172 0.0049753424 0.0 14 21.1119938221 2.2122484964 0 0 1 4 3 4 2 0 0 0 7 
716 1 1.73395 13.2036 11.5111 -0.00470002 0.00161987 -2.08795e-04 0.0049757173 0.0 15 20.6521887612 2.132657914 0 0 0 1 10 4 0 0 0 0 6 
709 1 5.65502 14.3263 14.2119 0.00142686 -0.00137877 -0.0016694 0.0025930354 0.0 16 22.4795400676 2.2574010314 0 0 1 0 10 4 1 0 0 0 7 
118 2 26.5196 13.6398 16.6362 -0.00261486 -9.3288e-04 9.02299e-04 0.0029192296 0.0 13 15.7555077453 2.2122484964 0 0 0 3 7 2 1 0 0 0 7 
954 1 3.68825 17.5197 12.4402 -0.0022485 -0.00240467 -0.0010468 0.0034545593 0.0 16 22.6065623631 2.2574010314 0 0 0 3 6 7 0 0 0 0 6 
431 1 6.50883 9.10948 12.3363 0.00140226 -0.00221388 -0.00362456 0.0044726986 0.0 17 23.675786264 2.1981098361 0 0 3 0 7 5 1 0 1 0 9 
627 1 8.39064 13.9447 16.7391 3.53249e-05 -8.26291e-04 -0.00267503 0.0027999625 0.0 14 22.0378834179 2.3107077221 0 0 0 4 4 6 0 0 0 0 6 
706 1 4.89744 9.85077 15.4822 0.00244232 6.49899e-04 8.30525e-04 0.0026602758 0.0 14 20.7120903841 2.1214331981 0 0 1 1 8 3 1 0 0 0 7 
773 1 4.34338 11.5776 13.2866 0.00331003 -0.00485264 0.00471393 0.0075316366 0.0 16 22.3619649013 2.1470324136 0 0 2 2 7 2 2 0 1 0 9 
981 1 7.06154 15.7005 12.0038 -0.00109457 0.00411358 -7.94494e-04 0.0043302245 0.0 14 22.7323649163 2.2577717562 0 0 1 1 8 3 1 0 0 0 7 
580 1 1.81546 9.7451 15.0158 -4.55192e-04 -0.00142003 -0.00297028 0.0033235897 0.0 14 20.5343675034 2.2067156378 0 0 0 3 6 5 0 0 0 0 6 
439 1 8.50491 17.725 17.5849 -2.07592e-04 0.00135202 -0.00233572 0.0027067768 0.0 14 22.6440708404 2.4425829614 0 0 1 2 7 2 2 0 0 0 7 
587 1 2.79247 14.8996 13.4531 0.00189183 -3.34566e-04 6.98713e-04 0.0020442982 0.0 12 19.883773451 2.1841349634 0 0 0 4 4 4 0 0 0 0 6 
899 1 6.14544 15.923 16.3928 0.00230734 -0.00467736 -1.60936e-04 0.0052179895 0.0 13 20.0007361665 2.0914289631 0 0 0 3 6 4 0 0 0 0 6 
349 1 1.86776 12.4324 14.5974 0.0022585 1.68728e-04 0.00192568 0.0029727992 0.0 15 21.1026603714 2.1649820739 0 0 3 2 4 3 2 0 1 0 9 
763 1 4.54481 13.8569 11.4318 0.00174231 0.00177989 8.83803e-04 0.0026428697 0.0 12 19.9137134274 2.2184017102 0 0 0 0 12 0 0 0 0 0 5 
761 1 7.76842 11.5095 14.5786 -0.00213 0.00153585 -0.00244587 0.0035885952 0.0 15 22.2054381236 2.1714876006 0 0 0 3 7 4 1 0 0 0 7 
48 1 5.59905 12.3727 16.4119 0.00234276 -5.15081e-04 -0.00195171 0.0030924108 0.0 15 21.1810262806 2.3107077221 0 0 2 4 2 4 2 1 0 0 8 
359 1 4.94362 11.1518 10.2471 -0.00370874 -0.00242245 0.00119728 0.0045887358 0.0 17 23.274937546 2.1702070437 0 0 1 2 8 3 3 0 0 0 7 
427 1 3.02916 11.27 17.2418 -0.00594634 -0.00122367 -0.00677824 0.0090994981 0.0 16 21.0399276582 2.2122484964 0 0 2 2 6 3 2 1 0 0 8 
238 1 6.92745 12.5398 11.9449 4.0213e-04 -0.00197463 -0.00279949 0.0034493501 0.0 13 21.3674810853 2.2550244791 0 0 1 0 9 3 0 0 0 0 6 
117 1 8.48214 15.9801 14.7419 0.00184105 8.25992e-04 0.00102527 0.0022633839 0.0 12 21.5850507411 2.4246458682 0 0 0 3 6 3 0 0 0 0 6 
672 1 2.11075 16.0121 10.3568 0.00127164 -0.00242088 0.0059539 0.0065518435 0.0 14 21.3623236884 2.145207128 0 0 1 1 7 5 0 0 0 0 6 
392 1 6.67253 10.1055 17.8385 -0.00228528 0.00219525 4.8302e-04 0.003205454 0.0 15 19.9192299565 2.2712980957 0 0 1 3 5 4 2 0 0 0 7 
165 1 3.81766 8.38506 12.8141 4.6219e-04 0.00200192 0.00392543 0.0044306099 0.0 13 20.9521135696 2.1995232629 0 0 0 3 6 4 0 0 0 0 6 
601 2 0.496919 15.9433 15.9345 0.00382004 6.3025e-04 0.00112107 0.0040307218 0.0 15 16.0549173687 2.1211759488 0 0 1 2 6 5 1 0 0 0 7 
174 1 0.69628 16.7831 12.7435 -0.00708705 -8.64888e-04 0.00386223 0.0081173351 0.0 14 21.4743226492 2.2432529448 0 0 0 4 4 6 0 0 0 0 6 
546 2 14.5238 8.70618 11.6142 3.43483e-04 0.00429449 2.21324e-04 0.0043138856 0.0 16 15.9299789217 2.1953224154 0 0 2 3 4 4 2 1 0 0 8 
923 1 16.0161 10.2248 9.66724 -0.00192926 -0.00392889 0.00191537 0.0047777466 0.0 15 21.5732850051 2.2920949882 0 0 1 3 5 4 2 0 0 0 7 
115 2 10.2772 8.8276 15.6081 5.91625e-05 -2.40377e-04 -4.59562e-04 5.2199476566e-04 0.0 13 14.649720494 2.024563625 0 0 2 3 3 3 1 1 0 0 8 
409 1 15.1502 16.2165 12.6635 -1.10617e-04 7.85592e-04 0.00122949 0.0014632281 0.0 16 22.8797912854 2.2901011027 0 0 2 3 5 2 3 1 0 0 8 
743 1 12.5863 15.2069 14.53 -0.0010064 -7.87199e-04 0.00386384 0.004069617 0.0 17 24.6064547643 2.4247922799 0 0 2 3 4 5 2 1 0 0 8 
522 1 9.05904 18.3206 12.887 -9.32791e-04 0.00166835 0.00225376 0.0029551523 0.0 14 21.4255301322 2.3896313701 0 0 0 3 6 5 0 0 0 0 6 
949 2 15.6942 8.88404 17.1764 2.3517e-04 9.23535e-05 0.00240705 0.0024202735 0.0 15 14.1259136398 1.9897116414 0 0 1 4 3 5 2 0 0 0 7 
832 1 9.73288 13.5505 14.2471 -8.13784e-04 0.00424611 -9.82757e-04 0.0044336786 0.0 15 22.2406077181 2.2550244791 0 0 1 3 4 6 1 0 0 0 7 
727 1 15.1856 13.6154 11.1419 -4.49774e-04 -0.00191673 0.00173074 0.0026213759 0.0 17 23.6181037353 2.2920949882 0 0 1 1 8 6 1 0 0 0 7 
816 2 12.2336 12.4125 10.2503 -0.00195131 -0.00321023 -3.38854e-04 0.0037720034 0.0 17 18.6533682477 2.2920949882 0 0 2 4 4 2 4 1 0 0 8 
963 1 9.16192 11.3499 17.1077 -0.00294392 0.00181156 -2.63511e-04 0.0034666775 0.0 14 21.1419726478 2.283880515 0 0 0 3 7 3 1 0 0 0 7 
288 2 9.72024 11.2656 12.0739 0.00134185 -0.00262798 -0.00155594 0.0033358342 0.0 14 17.3051926236 2.2455098249 0 0 1 2 6 4 1 0 0 0 7 
310 1 15.3332 16.6496 9.81698 0.00391483 -0.00271465 -0.00199367 0.0051642946 0.0 12 19.8361032857 2.1643292098 0 0 0 0 12 0 0 0 0 0 5 
565 2 9.84714 9.1634 13.1831 0.00375905 7.65136e-04 -0.00271978 0.0047024561 0.0 14 14.543015367 2.075974341 0 0 1 3 5 3 2 0 0 0 7 
891 2 14.9213 13.0345 16.6827 0.00248124 -0.00264112 0.00136771 0.0038733316 0.0 12 16.0610544406 2.1067933618 0 0 0 2 8 2 0 0 0 0 6 
403 1 17.703 17.2176 13.7951 -2.57121e-04 -5.09428e-04 -0.00216397 0.0022379442 0.0 14 22.2991122181 2.2645045279 0 0 0 3 6 5 0 0 0 0 6 
790 2 13.7271 10.1151 14.3131 -0.00148955 -0.00241593 7.6724e-04 0.0029400908 0.0 13 12.7150298748 1.98775719 0 0 1 2 6 3 1 0 0 0 7 
460 1 13.3852 17.7608 16.1525 -0.00345914 0.00379022 -0.00329437 0.0060978923 0.0 16 22.1232002749 2.2823510379 0 0 3 3 4 1 4 0 1 0 9 
568 2 16.6563 13.0215 14.0303 -6.75824e-04 -0.00271527 6.75203e-04 0.0028784246 0.0 13 17.0030648431 2.2004895862 0 0 0 3 6 4 0 0 0 0 6 
643 2 18.3257 14.4007 14.6768 0.0033323 -0.00112064 9.78554e-04 0.0036493322 0.0 13 14.3552342757 2.1896958419 0 0 1 2 6 3 1 0 0 0 7 
451 2 16.0596 11.2305 15.4724 0.00348212 -0.00703586 -5.30202e-04 0.0078682654 0.0 15 12.9669622537 1.9611377356 0 0 2 0 8 4 0 1 0 0 8 
938 1 17.633 15.3106 11.0726 -1.99232e-04 -6.63103e-04 0.00340404 0.0034737425 0.0 15 22.1534031559 2.1896958419 0 0 0 3 7 4 1 0 0 0 7 
783 2 17.6021 13.0342 16.3779 -0.00229698 0.00187724 -0.00305455 0.0042579834 0.0 13 12.4467395951 1.9524356223 0 0 1 2 6 3 1 0 0 0 7 
498 2 11.8653 8.07123 13.4723 0.00176854 5.25546e-04 0.00263441 0.0032162165 0.0 14 12.7765326544 1.9021427874 0 0 1 3 4 5 1 0 0 0 7 
195 2 11.3083 10.6993 14.365 9.70102e-04 -0.00120098 0.00142007 0.0020976295 0.0 15 16.3052305909 2.1377319454 0 0 0 2 8 5 0 0 0 0 6 
304 1 9.99938 15.4443 11.9102 -0.00197696 -0.00194135 0.00372097 0.0046392702 0.0 17 23.6470867492 2.4247922799 0 0 4 2 3 4 3 0 0 1 10 
497 2 10.6532 9.63162 10.4158 -1.3196e-04 0.00334614 0.00155845 0.0036936205 0.0 12 12.5711828504 1.9212251027 0 0 0 3 6 3 0 0 0 0 6 
554 1 11.112 16.0457 16.8543 0.00369746 -8.13709e-04 0.00211532 0.0043368089 0.0 13 20.7590481951 2.2267928981 0 0 0 4 4 5 0 0 0 0 6 
355 2 14.0738 10.9349 16.6389 2.44074e-04 -0.00184618 0.00181069 0.0025974124 0.0 12 13.6472448715 2.0660877213 0 0 0 2 8 2 0 0 0 0 6 
502 2 14.8704 11.1037 12.6614 0.00187397 -8.24659e-04 5.65353e-04 0.0021240174 0.0 13 16.5730426304 2.2920949882 0 0 0 4 4 5 0 0 0 0 6 
960 2 9.35763 12.6431 10.0451 -0.00235059 0.00354767 -0.00112079 0.0044008415 0.0 17 18.264699977 2.2594678926 0 0 5 3 1 2 4 1 0 1 10 
804 1 12.5533 15.393 11.0054 -8.01039e-04 2.14841e-04 0.001367 0.0015989087 0.0 15 23.2202267104 2.2466844194 0 0 2 1 7 2 3 0 0 0 7 
327 1 15.4693 15.5356 15.3407 -2.11361e-04 -9.9104e-04 -5.64726e-04 0.0011600643 0.0 15 21.9594430164 2.2813864568 0 0 0 3 7 4 1 0 0 0 7 
862 2 12.1309 12.9032 12.6375 0.00106343 -0.001926 0.00233877 0.0032109507 0.0 14 18.3578806376 2.2888407402 0 0 2 2 4 4 2 0 0 0 7 
376 2 12.3446 10.5122 12.1527 -0.00323133 0.0050947 -0.00223028 0.0064320767 0.0 13 13.4755752817 2.0296864412 0 0 0 1 10 2 0 0 0 0 6 
897 1 11.5497 13.2901 16.7909 -0.00179742 1.55252e-04 5.3682e-05 0.001804911 0.0 15 22.2664024407 2.2189353661 0 0 0 3 6 6 0 0 0 0 6 
323 2 13.9661 12.5478 14.4934 -0.00125992 -8.59494e-04 -7.40856e-05 0.0015269633 0.0 14 16.927865275 2.2901011027 0 0 0 3 6 5 0 0 0 0 6 
753 2 12.8836 9.95009 9.74923 6.90141e-04 -0.00187199 -9.37141e-04 0.0022042855 0.0 14 14.74328961 2.2877801727 0 0 0 4 5 4 1 0 0 0 7 
109 1 24.0376 17.0267 11.4025 0.0012759 -0.00298341 2.23016e-04 0.003252444 0.0 16 23.3438279332 2.2432529448 0 0 1 4 4 4 3 0 0 0 7 
90 2 18.5389 8.66485 11.0304 -0.00348671 -7.41541e-04 4.68341e-04 0.0035953265 0.0 15 17.9642998198 2.1953224154 0 0 2 2 6 2 2 1 0 0 8 
181 1 19.922 17.6515 10.9555 0.00231206 0.00129327 -0.00319703 0.0041520079 0.0 16 24.2016233875 2.4951171471 0 0 2 2 4 7 0 1 0 0 8 
331 2 20.0555 16.1313 16.365 -0.00146179 9.99487e-04 -0.00172785 0.00247412 0.0 15 17.5600408023 2.3332422298 0 0 1 3 6 3 1 1 0 0 8 
941 2 17.8221 11.0933 12.4212 0.00417487 3.70321e-05 -6.33838e-04 0.0042228736 0.0 16 17.0804411363 2.1953224154 0 0 3 1 5 4 2 1 0 0 8 
139 1 17.7965 12.5206 9.82713 0.00217381 0.00182242 -0.00126035 0.0031040533 0.0 14 20.5609696326 2.1380974113 0 0 1 3 4 5 1 0 0 0 7 
151 2 22.9229 16.5601 16.2558 -0.00298285 -0.00393041 5.90775e-04 0.0049693593 0.0 12 13.6958525093 2.3381713517 0 0 0 0 12 0 0 0 0 0 5 
655 2 21.5981 12.9371 13.4078 -0.00468722 -0.00280145 0.00189597 0.0057803854 0.0 14 14.2684324535 2.0905824528 0 0 1 3 4 5 1 0 0 0 7 
163 2 21.6965 12.0404 16.014 0.00219105 -0.00243041 0.00246473 0.0040966434 0.0 13 12.1847567931 1.7911992549 0 0 0 3 6 4 0 0 0 0 6 
203 2 26.3767 14.4097 14.2174 -7.82799e-04 -5.39581e-04 -0.00440224 0.0045037361 0.0 13 16.3891976674 2.0830990412 0 0 0 2 8 3 0 0 0 0 6 
649 2 21.3916 10.7563 14.3392 0.00353985 -9.48602e-05 0.00103211 0.0036884668 0.0 13 12.3655191828 2.0995575725 0 0 2 2 4 3 2 0 0 0 7 
611 1 26.0542 15.0246 10.8908 0.00108889 -0.00160587 -5.87763e-04 0.0020273049 0.0 16 21.8074295344 2.1366395956 0 0 0 4 4 8 0 0 0 0 6 
596 2 25.8737 11.1848 16.2045 0.00112397 7.15048e-04 -7.02029e-04 0.0015058044 0.0 16 18.2936395916 2.2067156378 0 0 2 3 4 3 4 0 0 0 7 
89 2 23.7891 12.1261 16.7978 0.0052575 -0.0014782 -1.84966e-04 0.0054644848 0.0 14 12.1555776803 1.9229958622 0 0 1 3 5 3 2 0 0 0 7 
715 1 20.7247 12.3928 9.6208 0.00130985 0.001983 2.55194e-04 0.0023902134 0.0 14 21.6901199657 2.1814006337 0 0 1 2 6 4 1 0 0 0 7 
633 2 20.3004 10.6055 12.1675 -0.001611 -0.00468498 -0.00333929 0.0059745474 0.0 16 17.8227293023 2.2352762148 0 0 2 1 7 3 3 0 0 0 7 
755 2 23.8385 12.1543 14.3323 0.00192971 -0.00194813 4.71746e-04 0.0027823615 0.0 15 13.9546062227 2.1457865593 0 0 1 2 7 3 2 0 0 0 7 
527 2 24.8337 9.09834 17.192 7.56892e-04 0.0010418 0.00176739 0.0021867556 0.0 14 17.5654099483 2.2929366156 0 0 1 3 4 5 1 0 0 0 7 
992 1 23.268 11.034 9.13406 -0.00195604 -0.0032598 -0.00313001 0.004924363 0.0 14 20.3354118473 2.2352762148 0 0 1 3 4 5 1 0 0 0 7 
741 2 23.5857 9.73226 15.4031 -0.00270599 2.39045e-04 -0.00228153 0.0035475208 0.0 15 15.1650972748 2.2137629252 0 0 3 3 1 4 4 0 0 0 7 
209 2 19.1816 13.2143 12.3705 2.0604e-04 0.00528838 -7.6573e-04 0.0053475002 0.0 13 16.8584875719 2.1413285333 0 0 0 3 7 2 1 0 0 0 7 
503 2 21.1776 14.8279 11.6594 -0.00149391 7.78717e-04 9.58536e-05 0.0016874108 0.0 14 19.4232551012 2.1348842503 0 0 0 4 4 6 0 0 0 0 6 
370 2 20.2591 15.7219 13.8026 -0.0013919 -0.0017021 0.00137881 0.0025953125 0.0 13 16.3052715559 2.1702289462 0 0 1 2 6 3 1 0 0 0 7 
57 2 22.1247 14.6439 15.1573 -0.0022382 0.00235316 5.24452e-04 0.0032896734 0.0 14 13.77430645 1.9442598053 0 0 0 3 6 5 0 0 0 0 6 
681 2 24.6375 16.1252 14.2264 -0.00290287 -5.4768e-04 -0.00250441 0.0038728126 0.0 14 15.8006675293 2.1081831218 0 0 0 3 6 5 0 0 0 0 6 
298 1 22.0948 16.7924 9.34517 -0.00196506 -0.00219265 4.62017e-05 0.0029447087 0.0 15 21.4675542786 2.4529062667 0 0 3 2 3 3 4 0 0 0 7 
998 2 20.1923 9.90315 16.1636 0.00375947 9.80548e-04 -9.95424e-04 0.0040107304 0.0 15 13.0575899642 1.8891767 0 0 1 2 6 5 1 0 0 0 7 
955 2 22.1136 16.8323 13.5798 -0.00102146 -5.32656e-04 0.00221292 0.0024948182 0.0 14 17.6149780872 2.3381713517 0 0 1 3 4 5 1 0 0 0 7 
108 2 25.8899 12.2745 12.9398 -0.00127018 -4.60996e-04 -0.00312622 0.003405749 0.0 13 18.4788328059 2.231003984 0 0 1 2 6 3 1 0 0 0 7 
261 2 24.0505 14.076 13.2109 -2.61901e-04 0.00262041 0.00184047 0.0032128602 0.0 13 15.4921598479 2.1084900462 0 0 0 5 2 6 0 0 0 0 6 
438 2 19.0174 11.4419 17.4332 -1.07943e-04 1.85915e-04 -8.92655e-04 9.1817701316e-04 0.0 14 14.1190560443 2.2293114344 0 0 4 1 2 3 4 0 0 0 7 
577 2 24.4303 14.5985 16.19 0.00198333 9.64957e-04 4.50785e-04 0.0022512101 0.0 14 12.9963466104 1.9536048114 0 0 0 3 6 5 0 0 0 0 6 
65 2 23.5364 12.0038 12.1717 0.0059629 -0.00130905 0.00317875 0.0068828947 0.0 16 18.3206566319 2.2352762148 0 0 3 2 3 6 1 0 1 0 9 
260 2 20.0086 13.5996 16.3962 -7.56053e-04 -0.00152852 -0.00110581 0.0020324383 0.0 14 12.4987539586 1.957410194 0 0 0 3 6 5 0 0 0 0 6 
658 2 17.817 9.65126 15.6994 -0.00203163 0.00139853 -0.00110936 0.0027044567 0.0 15 13.4350774552 1.9494392163 0 0 2 2 5 4 1 1 0 0 8 
419 1 23.4484 13.8374 9.81949 2.18853e-06 -0.0029364 -5.22215e-04 0.0029824752 0.0 14 21.5124758277 2.1204354772 0 0 0 4 4 6 0 0 0 0 6 
281 2 26.0166 11.8255 10.3249 0.00208995 -0.00260367 -4.40852e-04 0.0033676904 0.0 15 20.6312659767 2.231003984 0 0 0 4 4 7 0 0 0 0 6 
678 1 17.7221 17.6091 8.91397 0.0029516 0.00120297 -0.00103153 0.0033500946 0.0 12 19.7133827783 2.1472247219 0 0 0 0 12 0 0 0 0 0 5 
830 1 19.8202 15.2221 9.06407 4.36482e-04 0.00174385 -4.43301e-04 0.0018514981 0.0 14 20.2184257263 2.052991325 0 0 0 3 6 5 0 0 0 0 6 
548 2 20.1079 15.8049 18.9204 -0.00139929 0.00199796 -0.00272897 0.0036602095 0.0 15 17.5851889949 2.2625162502 0 0 2 4 3 2 3 1 0 0 8 
606 2 0.158353 12.0533 18.516 -0.0016054 -3.50479e-04 -0.00147905 0.0022108219 0.0 14 18.3279334222 2.1944586956 0 0 2 1 6 3 2 0 0 0 7 
167 1 26.2184 24.7795 17.7737 -0.00134126 0.00269784 0.00293535 0.004206376 0.0 15 23.0113186424 2.4108816705 0 0 0 2 8 5 0 0 0 0 6 
569 2 6.83017 0.282829 15.3749 -0.00341088 2.85643e-05 -0.00236513 0.0041507539 0.0 15 20.4990964736 2.2618255509 0 0 0 4 4 7 0 0 0 0 6 
410 1 3.14945 26.6258 11.2518 -1.9604e-05 5.37946e-04 -0.0015953 0.0016836723 0.0 15 21.5583203726 2.1643404084 0 0 0 3 6 6 0 0 0 0 6 
406 2 8.34305 25.9936 16.8111 1.37694e-05 -0.00143843 1.5376e-04 0.0014466902 0.0 14 20.8434048742 2.2109775359 0 0 0 4 4 6 0 0 0 0 6 
24 1 0.294303 18.4042 10.0198 -1.34826e-04 -0.00138362 0.00285244 0.0031731682 0.0 15 22.5294901182 2.2432529448 0 0 0 4 4 7 0 0 0 0 6 
550 2 1.14742 17.8551 17.6312 4.31221e-04 1.32567e-04 -6.87051e-04 8.2192739152e-04 0.0 12 15.192924124 2.1835757135 0 0 0 2 8 2 0 0 0 0 6 
49 1 4.29644 0.128561 17.4428 0.00283015 -8.91974e-04 0.00266993 0.0039917281 0.0 14 22.3110287401 2.2579719652 0 0 1 1 8 3 1 0 0 0 7 
225 1 2.86861 20.3369 16.9784 -1.26004e-04 -0.00121795 -0.00257204 0.0028486258 0.0 16 22.3290872919 2.2601352118 0 0 0 1 10 5 0 0 0 0 6 
101 1 3.52089 16.8995 15.3393 -0.00394628 -0.00352712 6.19202e-04 0.0053288941 0.0 14 21.1467024111 2.243872074 0 0 0 2 8 4 0 0 0 0 6 
800 1 5.11562 21.9274 15.6163 -2.87549e-04 -6.96674e-04 -0.00367907 0.0037554754 0.0 14 19.5400534791 2.1360238358 0 0 1 4 3 4 2 0 0 0 7 
67 1 0.440588 23.8263 14.8729 -0.00161852 0.00233672 5.66122e-04 0.0028983377 0.0 14 21.7101974527 2.1449608834 0 0 0 2 8 4 0 0 0 0 6 
40 1 3.82701 21.5824 11.8351 0.00287798 0.002555 -0.00120683 0.0040332657 0.0 16 22.9382506914 2.246620642 0 0 1 4 3 6 2 0 0 0 7 
902 1 5.49283 18.6746 17.0421 3.53135e-04 0.00208816 -9.97055e-04 0.0023407766 0.0 13 21.5388955266 2.1831224426 0 0 0 1 10 2 0 0 0 0 6 
178 1 5.59404 23.7342 13.262 -0.00424421 -0.00427883 0.00107709 0.0061222404 0.0 17 23.1498620109 2.2618255509 0 0 0 5 4 6 2 0 0 0 7 
904 1 1.80333 21.4475 9.77662 0.0010766 0.00168413 3.48172e-04 0.002028937 0.0 16 23.4939457243 2.3365480404 0 0 0 3 7 5 1 0 0 0 7 
421 1 6.75029 20.8366 13.258 7.05331e-04 0.0035493 -7.03899e-04 0.003686529 0.0 13 21.1439516915 2.246620642 0 0 0 1 10 2 0 0 0 0 6 
526 1 0.433315 25.662 12.4379 -0.00103087 -0.00226351 0.00139641 0.0028523905 0.0 16 22.7029941727 2.1789185964 0 0 1 1 9 3 2 0 0 0 7 
952 1 0.200534 22.3778 12.1936 -3.96203e-04 -0.00330652 -0.00313745 0.0045753299 0.0 16 21.5051308625 2.2227978967 0 0 0 4 6 4 2 0 0 0 7 
486 1 4.03151 19.6887 14.3104 -3.73846e-04 -4.39229e-04 -0.00194985 0.0020333711 0.0 14 21.4482400476 2.2709471032 0 0 0 3 6 5 0 0 0 0 6 
435 1 2.73069 22.3426 14.5112 -2.96874e-05 0.00403311 5.59037e-05 0.0040336067 0.0 14 20.8880708713 2.2666174228 0 0 1 3 4 5 1 0 0 0 7 
570 1 5.56258 24.4734 16.6608 2.62012e-04 -1.31676e-04 -0.00452317 0.0045326654 0.0 14 21.6178753781 2.2618255509 0 0 2 3 2 5 2 0 0 0 7 
510 1 2.62565 23.936 17.1739 -0.00112514 0.00180673 0.00175259 0.0027571335 0.0 15 24.244395112 2.2355655525 0 0 0 1 10 4 0 0 0 0 6 
875 1 2.63667 24.0127 12.1429 -0.00194849 0.00533822 0.00383907 0.0068579636 0.0 12 19.5365877886 2.1626163706 0 0 1 2 5 4 0 0 0 0 6 
733 1 3.61751 25.4825 14.5136 0.00106017 -0.00142105 0.00133503 0.0022193802 0.0 15 22.6155625711 2.1600320832 0 0 1 0 10 3 1 0 0 0 7 
25 1 1.42126 19.8524 12.3303 0.00416759 9.02901e-04 0.00410536 0.005919292 0.0 13 22.1634968981 2.2709471032 0 0 0 4 4 5 0 0 0 0 6 
797 2 4.14737 23.6064 9.52625 -9.7285e-04 -8.14767e-04 0.00115502 0.0017159119 0.0 12 15.8787768399 2.180626135 0 0 0 2 8 2 0 0 0 0 6 
482 2 5.84259 25.0024 10.3193 1.43306e-05 9.70128e-04 -0.00234697 0.0025396106 0.0 13 19.1663060822 2.1734249012 0 0 1 2 6 3 1 0 0 0 7 
710 1 6.01177 18.6714 11.3549 0.00340084 -0.0023884 -9.28897e-04 0.004258288 0.0 13 23.0337400248 2.229338089 0 0 0 3 6 4 0 0 0 0 6 
935 2 1.98965 24.7471 9.33589 0.00173736 -0.00252316 -0.002719 0.0040960612 0.0 14 17.2278197328 2.3365480404 0 0 1 3 4 5 1 0 0 0 7 
79 2 6.26439 22.1304 9.43008 -0.00178757 0.00103276 5.73691e-04 0.0021426902 0.0 15 17.2980420733 2.246620642 0 0 1 2 7 3 2 0 0 0 7 
724 2 7.88953 23.7545 9.10095 0.00185408 -0.00151492 -0.0038877 0.0045658303 0.0 13 15.2554381678 2.0413601672 0 0 0 3 6 4 0 0 0 0 6 
220 1 8.32522 23.1858 14.9197 -1.38352e-04 -0.00301339 0.0011502 0.0032284084 0.0 14 20.1497819186 2.2618255509 0 0 0 2 8 4 0 0 0 0 6 
458 1 6.58746 18.0688 14.3637 -0.0019272 -0.00222824 5.70903e-04 0.0030008471 0.0 14 22.1930214086 2.2574010314 0 0 0 2 8 4 0 0 0 0 6 
984 2 26.1737 19.4995 17.2288 0.00303028 6.48425e-04 7.4391e-05 0.0030997719 0.0 13 11.6535135634 1.9591861651 0 0 1 1 9 0 2 0 0 0 7 
73 1 7.76228 20.7232 15.9808 -0.00129102 5.75129e-04 0.00247612 0.0028510833 0.0 17 23.3398591984 2.4958160405 0 0 1 4 3 8 0 1 0 0 8 
659 2 8.70681 21.655 8.0078 -0.00264867 -0.00177176 -0.00297684 0.0043607525 0.0 16 15.1238989851 2.0265894904 0 0 0 5 5 4 1 1 0 0 8 
802 1 9.8902 20.9686 13.7051 -0.0015253 0.00209131 -4.22261e-04 0.0026226746 0.0 13 21.2439687622 2.3573102445 0 0 1 2 5 5 0 0 0 0 6 
204 1 10.6411 22.9463 16.2977 -0.00147777 -0.00141561 0.00240321 0.0031564496 0.0 14 20.3759508523 2.3931295005 0 0 1 2 6 4 1 0 0 0 7 
937 1 16.377 21.6959 10.1556 -7.05819e-04 0.00154108 -0.00387871 0.0042329067 0.0 13 20.7115358773 2.4660029177 0 0 0 3 6 4 0 0 0 0 6 
842 2 10.3501 25.327 10.7579 -0.00192414 -0.00109565 8.83323e-04 0.0023839092 0.0 13 15.1503039969 2.1438154685 0 0 0 3 6 4 0 0 0 0 6 
166 1 14.3448 19.1661 11.3054 0.00268684 0.00225878 0.00169195 0.0038966513 0.0 15 21.9676757176 2.2294481271 0 0 0 1 10 4 0 0 0 0 6 
189 1 13.788 23.0073 12.1323 0.00378575 0.00558098 0.00130723 0.0068693589 0.0 14 22.0752043269 2.2620769878 0 0 1 3 4 5 1 0 0 0 7 
267 1 16.5053 23.9105 14.5566 0.00490645 7.34176e-04 0.00265603 0.0056273228 0.0 15 21.9090672113 2.3972856059 0 0 3 3 2 4 1 2 0 0 8 
793 2 18.0269 26.7395 10.7554 7.18063e-04 -9.01753e-05 4.82187e-04 8.6962656334e-04 0.0 13 14.9841163389 2.20815093 0 0 1 2 6 3 1 0 0 0 7 
121 1 16.0245 26.1211 12.8205 -0.00151831 -0.00197048 -0.0015065 0.0029081951 0.0 16 22.2821302845 2.4052173371 0 0 1 4 3 6 2 0 0 0 7 
365 1 15.9438 21.2003 12.8695 -8.36531e-04 0.00194031 -7.63804e-04 0.0022467718 0.0 14 20.0507696358 2.2315263571 0 0 1 3 5 4 0 1 0 0 8 
524 1 15.4602 21.3568 15.6474 -5.64079e-04 -0.00245828 -4.66073e-05 0.0025225975 0.0 14 20.3042131308 2.2924854952 0 0 2 4 2 2 4 0 0 0 7 
887 1 11.0771 23.4737 13.3184 -0.00220031 0.00166125 5.30365e-04 0.0028075617 0.0 16 22.4346666953 2.2027235577 0 0 0 2 8 6 0 0 0 0 6 
544 1 10.6883 18.042 10.7377 0.00195547 -0.0016849 -0.00210619 0.0033314842 0.0 13 21.8317932953 2.2294481271 0 0 0 2 8 3 0 0 0 0 6 
78 1 12.9983 21.3121 14.1047 0.00400255 8.77951e-04 0.00400903 0.0057326718 0.0 14 20.3272749601 2.1411227121 0 0 2 2 5 3 1 1 0 0 8 
86 1 13.5826 23.8893 15.2189 0.00236541 -0.00278392 -0.00144237 0.00392757 0.0 16 23.5670702667 2.4052173371 0 0 0 5 3 7 1 0 0 0 7 
248 1 11.7066 20.9161 11.3575 -0.00157683 -0.00106306 -0.00104637 0.0021705713 0.0 15 20.8042079756 2.2027235577 0 0 1 3 4 6 1 0 0 0 7 
815 1 17.2369 18.9149 11.6643 -4.34196e-04 3.65209e-04 -4.47142e-04 7.2238476469e-04 0.0 15 21.1290262482 2.1643292098 0 0 0 1 10 4 0 0 0 0 6 
578 1 12.3628 20.5854 16.7858 -9.92473e-04 2.5179e-04 -3.11646e-04 0.0010702916 0.0 15 21.1752814157 2.4891781933 0 0 4 2 2 3 2 2 0 0 8 
135 1 13.622 21.0555 9.34339 6.26629e-04 -0.00140154 0.0033272 0.0036643196 0.0 13 20.8862654558 2.1791009579 0 0 0 2 8 3 0 0 0 0 6 
950 1 12.127 18.5459 13.2675 -0.00218477 7.15647e-05 -0.00147521 0.0026371549 0.0 14 23.3607975358 2.4247922799 0 0 1 2 7 2 2 0 0 0 7 
721 1 15.0347 18.7635 14.32 -1.83728e-04 0.00269597 6.6322e-04 0.0027824218 0.0 15 21.2354722104 2.2126809345 0 0 3 1 6 2 2 0 1 0 9 
792 1 15.8091 24.5398 10.5653 0.00139598 -7.65718e-04 0.00155353 0.0022245313 0.0 15 20.6744372354 2.2315263571 0 0 0 6 2 5 2 0 0 0 7 
670 1 16.8016 0.411424 15.3765 -0.00122937 5.4979e-04 -0.00157371 0.0020712756 0.0 18 24.6086276898 2.4052173371 0 0 0 5 4 7 2 0 0 0 7 
663 1 17.1004 18.2607 16.7189 0.00264918 -0.00136388 0.00258204 0.003942747 0.0 16 23.1116648763 2.2823510379 0 0 2 2 4 6 2 0 0 0 7 
59 1 16.2846 23.4353 17.4577 -0.00391845 -0.00112522 0.00206216 0.0045686841 0.0 15 21.4136177387 2.3972856059 0 0 0 4 5 5 1 0 0 0 7 
782 1 8.01919 22.9964 12.184 7.778e-04 0.00186207 -1.13103e-04 0.0020211556 0.0 14 21.6205666153 2.2461151476 0 0 0 2 8 4 0 0 0 0 6 
827 1 8.72555 20.3909 10.8259 8.94386e-05 6.06081e-04 0.00389388 0.0039417807 0.0 15 22.3201445641 2.1829755427 0 0 0 2 8 5 0 0 0 0 6 
536 1 13.6108 26.6377 16.8626 -6.95644e-04 8.30709e-04 2.32398e-04 0.0011081547 0.0 16 26.4997444425 2.4048331056 0 0 3 1 5 3 4 0 0 0 7 
700 2 8.44503 26.0329 13.7836 -0.00312972 -5.28022e-04 5.55123e-04 0.0032221291 0.0 13 18.5952259058 2.2614293862 0 0 0 3 6 4 0 0 0 0 6 
140 1 10.5402 18.3954 15.5455 0.00457395 -0.00140125 8.10243e-04 0.0048519083 0.0 16 22.6923073625 2.4958160405 0 0 3 2 4 4 1 2 0 0 8 
688 2 10.4994 23.0968 9.68752 0.00216193 0.00306805 -0.00383563 0.0053664634 0.0 14 18.4436233672 2.2027235577 0 0 2 1 6 3 2 0 0 0 7 
885 1 10.8734 25.7335 15.6692 4.48818e-04 0.00469994 -0.00139264 0.0049224303 0.0 13 20.5798559457 2.2111892762 0 0 0 3 6 4 0 0 0 0 6 
754 2 12.7892 24.4128 9.69796 0.0013943 0.00363807 -0.0014984 0.0041743057 0.0 14 17.7955119856 2.1791009579 0 0 1 3 4 5 1 0 0 0 7 
266 1 19.9946 19.1328 17.0142 0.00288076 0.003181 -6.75244e-06 0.0042915714 0.0 16 23.5030243777 2.3381713517 0 0 1 3 5 6 0 1 0 0 8 
191 1 18.7224 21.3723 12.3049 -7.89491e-04 1.55589e-04 5.56789e-04 9.7852846996e-04 0.0 14 20.4150450427 2.5036507196 0 0 2 2 4 4 2 0 0 0 7 
703 1 22.4918 21.4629 9.16588 0.0018721 -0.00268992 0.00268022 0.0042336754 0.0 15 24.2391801751 2.5006524412 0 0 2 1 6 4 2 0 0 0 7 
375 2 23.422 18.7788 14.843 -0.00227664 0.00118068 0.00141414 0.0029286323 0.0 14 18.3875081568 2.3381713517 0 0 1 3 4 5 1 0 0 0 7 
481 1 18.0987 0.67771 18.2193 0.00158989 -0.0030207 -0.0018857 0.0038997748 0.0 16 24.1202706464 2.3667582788 0 0 2 3 5 3 1 2 0 0 8 
912 1 24.2881 23.6733 16.0761 0.00239494 8.4904e-04 0.00311358 0.0040188291 0.0 15 20.767862212 2.3171896257 0 0 2 3 2 6 2 0 0 0 7 
547 1 18.5691 20.2997 9.60164 -5.84101e-04 -0.00248588 -0.00237641 0.0034882801 0.0 14 23.3928190275 2.5036507196 0 0 0 2 8 4 0 0 0 0 6 
847 1 21.3727 21.2497 15.6273 0.00241922 0.00108327 -2.01808e-04 0.0026583502 0.0 16 23.3958412558 2.3171896257 0 0 1 3 5 5 2 0 0 0 7 
586 1 22.6686 19.6454 11.9804 -6.55989e-04 -0.00270592 -5.26479e-04 0.0028336381 0.0 18 26.0218244315 2.5036507196 0 0 1 7 2 3 3 2 0 0 8 
821 1 23.3955 26.2355 17.7956 -0.00196199 -0.00325063 -0.00158008 0.0041124996 0.0 13 21.7788826899 2.4385453618 0 0 0 5 3 4 1 0 0 0 7 
742 2 26.5692 20.9205 15.2487 7.00206e-04 8.25249e-04 0.00221123 0.0024618819 0.0 13 16.9312632111 2.2709471032 0 0 0 2 8 3 0 0 0 0 6 
857 2 22.0994 25.8255 13.1134 -6.95058e-04 -8.60444e-04 -5.3515e-04 0.0012287616 0.0 15 21.0241877377 2.4393124852 0 0 4 1 3 3 3 1 0 0 8 
286 2 24.1792 25.8149 9.15632 0.0034232 6.62599e-04 -0.00292945 0.0045540106 0.0 14 13.7444014663 2.1245023082 0 0 0 2 8 4 0 0 0 0 6 
343 1 21.3518 22.8305 12.7422 -0.0028926 0.00263634 0.00560116 0.0068330386 0.0 18 26.0830809737 2.5006524412 0 0 1 5 4 5 1 2 0 0 8 
920 1 23.9744 18.9915 9.04636 0.00249514 5.22153e-04 -4.76169e-04 0.0025932806 0.0 13 22.1032781453 2.4544763373 0 0 1 3 5 2 2 0 0 0 7 
344 1 19.0476 23.1365 14.6519 0.0016769 1.29121e-04 0.00183956 0.0024925182 0.0 15 20.4988239433 2.382918821 0 0 4 1 3 4 1 2 0 0 8 
936 1 25.2742 20.5203 11.0293 -0.00199728 -0.00213557 0.00139112 0.0032380552 0.0 15 22.0468881004 2.5006524412 0 0 0 5 4 4 2 0 0 0 7 
958 1 21.4964 24.2043 16.0657 -0.0014271 0.00271281 -1.27374e-04 0.0030679271 0.0 14 21.848462324 2.4393124852 0 0 1 2 7 2 2 0 0 0 7 
193 2 24.2598 20.7321 16.5269 0.0033831 5.03181e-04 -0.00253399 0.0042567196 0.0 13 16.6078648043 2.2410704955 0 0 1 4 2 5 1 0 0 0 7 
751 2 24.496 21.3109 14.1052 6.98751e-04 -0.00111854 6.02248e-04 0.0014498577 0.0 12 18.3738821869 2.3468402952 0 0 0 4 4 4 0 0 0 0 6 
908 1 20.2928 19.2943 13.6928 7.10658e-04 -8.38598e-04 -0.00292415 0.0031239294 0.0 14 23.357771442 2.3726906065 0 0 2 4 0 6 2 0 0 0 7 
752 2 24.1886 26.0341 12.0395 8.11036e-04 -0.002103 0.00194014 0.0029739757 0.0 13 15.6582095399 2.2945464422 0 0 0 3 7 2 1 0 0 0 7 
654 1 20.5329 0.353532 16.1344 0.00314174 0.00150774 0.00109622 0.0036531505 0.0 15 23.3869173828 2.4393124852 0 0 0 1 10 4 0 0 0 0 6 
778 2 25.3693 17.4285 16.3011 4.53869e-04 -1.05108e-04 0.00204165 0.0020941298 0.0 14 12.7362521907 1.931189715 0 0 1 3 4 5 1 0 0 0 7 
917 1 17.98 20.197 14.9166 0.00289985 0.00483793 -0.00169741 0.0058903224 0.0 15 21.8972276169 2.382918821 0 0 1 3 6 3 1 1 0 0 8 
94 2 22.5057 25.0068 10.5867 -0.00128611 -0.00321134 3.01879e-04 0.0034724508 0.0 12 14.9929781297 2.2575276116 0 0 0 2 8 2 0 0 0 0 6 
996 1 25.0729 26.0675 14.9071 -8.35776e-04 -9.20437e-04 0.00260623 0.0028875873 0.0 15 22.6404636891 2.4393124852 0 0 0 3 7 4 1 0 0 0 7 
558 2 25.617 19.3904 13.7854 0.00304991 -7.9941e-04 8.57554e-04 0.003267477 0.0 15 17.7566251125 2.2432529448 0 0 0 5 3 6 1 0 0 0 7 
373 2 24.594 24.038 10.5815 0.00207325 -0.005234 0.00245043 0.0061398476 0.0 12 17.6349226464 2.5006524412 0 0 0 3 6 3 0 0 0 0 6 
284 1 18.4403 24.9662 16.6129 -0.00235502 0.00115255 8.7139e-04 0.0027629353 0.0 12 19.6185870744 2.3394011558 0 0 0 2 8 2 0 0 0 0 6 
931 2 20.3484 26.1385 11.1124 -0.00193486 -0.00424958 7.28065e-04 0.0047257478 0.0 14 15.6578083663 2.2144974981 0 0 1 1 7 5 0 0 0 0 6 
182 1 18.3275 23.9209 11.8136 0.00104222 -9.47333e-06 0.00238594 0.0026036555 0.0 13 20.6615584114 2.2315263571 0 0 0 3 6 4 0 0 0 0 6 
138 2 24.5753 23.7057 12.9611 0.00242862 -0.00182084 -9.65208e-04 0.0031851656 0.0 14 19.8777339107 2.4928411939 0 0 2 1 6 4 0 1 0 0 8 
641 1 18.7962 25.9352 13.8935 -5.01356e-04 -5.95934e-04 0.00493116 0.0049922774 0.0 16 21.3506783612 2.2542858584 0 0 0 3 7 5 1 0 0 0 7 
525 1 20.356 23.0347 10.0414 5.85167e-04 -0.0011453 -6.68049e-04 0.0014492833 0.0 15 23.1178668268 2.5036507196 0 0 0 3 7 4 1 0 0 0 7 
443 2 0.735253 18.2571 15.2494 0.00212497 0.00331617 -0.00217315 0.0044983399 0.0 13 17.6996179809 2.2709471032 0 0 0 2 8 3 0 0 0 0 6 
579 2 26.5145 24.6624 9.04248 -8.95475e-04 -3.0375e-04 0.00253708 0.0027075662 0.0 14 17.6063714702 2.3306680121 0 0 0 3 7 3 1 0 0 0 7 
561 2 5.11135 25.463 24.674 -2.21061e-04 0.00114118 0.00165258 0.0020204406 0.0 15 18.214820351 2.191627436 0 0 2 3 4 3 2 1 0 0 8 
542 1 0.836601 8.26554 22.4656 -6.97086e-04 1.68606e-04 0.00272715 0.0028198766 0.0 14 22.4157316337 2.358049814 0 0 1 3 4 5 1 0 0 0 7 
906 2 6.29217 8.50105 23.0835 5.93582e-04 -0.00310153 -0.00372261 0.0048815626 0.0 12 12.1973658546 2.0216644574 0 0 0 4 4 4 0 0 0 0 6 
515 2 6.83397 1.3324 1.21361 -0.00362217 1.91705e-04 -4.74107e-04 0.0036580929 0.0 14 13.8685930867 1.9618703673 0 0 0 2 8 4 0 0 0 0 6 
232 1 2.62013 3.41678 19.0993 0.00308057 -0.00134576 -0.0066121 0.0074176039 0.0 14 21.1638999727 2.2394456605 0 0 1 3 4 5 1 0 0 0 7 
291 2 6.13818 8.44719 20.2558 8.15337e-04 -0.00205428 2.93108e-04 0.0022295186 0.0 14 15.5808393926 2.2013821386 0 0 1 4 2 6 1 0 0 0 7 
46 2 8.02148 9.08635 21.5336 -0.00172149 0.00408783 0.00319275 0.0054651198 0.0 14 15.015185351 2.2542213746 0 0 1 2 6 4 1 0 0 0 7 
441 1 26.4825 2.78231 20.2656 0.00212382 0.00176858 -8.07089e-04 0.002879215 0.0 15 22.1515262823 2.2884438724 0 0 1 4 4 4 1 1 0 0 8 
881 2 5.89344 2.71468 25.8759 7.30364e-04 -0.00357762 3.92538e-04 0.0036724491 0.0 14 13.9564145554 1.9425253133 0 0 0 3 6 5 0 0 0 0 6 
224 2 7.76507 7.21619 25.6325 3.94795e-04 -9.73464e-04 4.68224e-04 0.0011500995 0.0 16 16.890035828 2.2350974927 0 0 2 5 1 5 1 2 0 0 8 
36 2 8.79161 8.56463 23.9589 -9.71797e-04 0.00318899 0.00187989 0.0038272749 0.0 12 15.0650865117 2.2181330439 0 0 0 2 8 2 0 0 0 0 6 
177 1 4.22308 1.09395 20.2552 -1.08944e-05 -6.723e-04 0.00234912 0.0024434547 0.0 12 20.9616909625 2.2440173559 0 0 0 0 12 0 0 0 0 0 5 
279 2 4.29691 7.87927 21.5211 -3.25659e-04 0.00211275 -0.00187848 0.0028457782 0.0 14 17.7197488429 2.358049814 0 0 0 1 10 3 0 0 0 0 6 
301 1 1.26502 0.39125 24.3782 0.00214767 0.00379745 -0.00427766 0.0061099499 0.0 14 20.6617896062 2.2067426357 0 0 2 4 1 5 1 1 0 0 8 
552 2 6.29625 6.43577 21.4093 -0.00329205 -0.00111208 -0.00384749 0.0051843509 0.0 13 12.7959163593 2.0859443906 0 0 0 1 10 2 0 0 0 0 6 
388 1 1.72244 7.46635 19.986 2.62337e-04 0.00174734 0.00113034 0.0020975429 0.0 11 19.1390798678 2.2707551702 0 0 1 1 7 2 0 0 0 0 6 
112 1 1.42523 3.85341 24.2577 -7.39714e-04 0.00135627 0.00454315 0.0047986307 0.0 13 20.8292010908 2.2067426357 0 0 0 3 6 4 0 0 0 0 6 
197 2 4.21228 3.63703 24.3416 -0.00491413 -0.00194292 -0.0041258 0.0067041657 0.0 13 15.7861747271 2.2043031237 0 0 2 2 3 5 1 0 0 0 7 
426 1 1.8889 6.43301 24.5972 -0.00180325 0.00133756 -0.00118529 0.0025388363 0.0 15 22.6226400283 2.358049814 0 0 1 2 6 5 1 0 0 0 7 
585 1 1.1852 4.9576 21.235 0.00325219 -0.00213899 -0.0010683 0.0040364939 0.0 16 22.8784516836 2.358049814 0 0 0 3 7 5 1 0 0 0 7 
38 1 2.86337 26.3029 22.2394 -0.00194345 0.00319993 5.23952e-04 0.0037803539 0.0 15 23.0012138534 2.3533084203 0 0 2 0 8 3 2 0 0 0 7 
613 2 3.99905 1.37683 25.5856 0.00253021 -0.00229506 -0.00589526 0.0068134685 0.0 15 16.2842781643 2.2067426357 0 0 2 2 6 2 2 1 0 0 8 
64 1 1.90404 2.25412 21.9018 0.00547349 8.6369e-04 -5.54965e-04 0.0055689352 0.0 15 21.6784188707 2.2067426357 0 0 0 3 7 4 1 0 0 0 7 
144 2 5.75394 3.75286 21.1703 -0.00260631 0.00238821 0.00284268 0.004536213 0.0 15 16.5933189943 2.179191947 0 0 2 2 5 3 3 0 0 0 7 
228 2 4.15386 4.8791 22.277 7.13996e-05 0.00182795 0.00216457 0.0028340541 0.0 14 17.2442707659 2.3566360723 0 0 2 3 3 3 3 0 0 0 7 
921 2 6.20654 4.38629 23.5028 7.16985e-04 -0.0040575 1.74899e-04 0.0041240712 0.0 14 12.8146397951 1.975755778 0 0 1 2 6 4 1 0 0 0 7 
942 2 8.38734 4.5259 26.2827 0.00109748 -6.67132e-04 -0.00247593 0.0027892215 0.0 14 16.3912960536 2.1649734499 0 0 1 4 4 3 1 1 0 0 8 
671 1 1.61083 0.405337 18.9114 3.45499e-04 -2.33941e-04 -0.00213098 0.0021714451 0.0 14 24.9627429784 2.3869427315 0 0 0 0 12 2 0 0 0 0 6 
422 2 7.21222 2.33132 23.5924 -7.79112e-04 -0.00432496 -0.00121529 0.0045595202 0.0 14 12.1430030166 1.9862646483 0 0 2 3 3 4 1 1 0 0 8 
900 2 4.99812 1.6103 23.4382 1.90985e-04 2.88142e-04 -0.00131124 0.0013560426 0.0 15 17.3942709301 2.1730878062 0 0 2 3 3 4 3 0 0 0 7 
433 2 4.44851 6.0159 19.7718 -2.88824e-04 0.00261342 -0.00536627 0.0059758043 0.0 15 20.700349248 2.2912275551 0 0 0 2 8 5 0 0 0 0 6 
602 2 7.96372 6.54953 23.0243 0.00224924 0.00197278 -0.00446308 0.0053730833 0.0 14 14.1602649291 2.1355577616 0 0 1 3 5 3 2 0 0 0 7 
83 2 7.14244 1.86193 21.0649 0.0011952 0.00158335 -5.41856e-04 0.0020564796 0.0 14 17.3804010406 2.1342985923 0 0 1 4 3 4 2 0 0 0 7 
765 2 5.14262 6.53344 23.6238 -0.0037906 -0.00124635 0.00255306 0.0047371038 0.0 13 15.5963838581 2.1465579331 0 0 0 3 7 2 1 0 0 0 7 
61 2 8.36202 4.80167 21.5239 3.51894e-04 -8.50186e-04 -3.55094e-04 9.8627449053e-04 0.0 15 16.6672794551 2.1342985923 0 0 1 1 8 4 1 0 0 0 7 
835 2 8.47426 2.32823 25.492 -0.00140228 0.0011943 -7.74177e-04 0.001998022 0.0 16 12.7398908436 1.9618703673 0 0 3 4 2 3 1 3 0 0 8 
445 2 9.09943 4.51556 23.8078 -8.19825e-05 -0.00198482 1.86348e-04 0.0019952336 0.0 13 14.9182073191 2.1355577616 0 0 1 3 5 2 2 0 0 0 7 
423 2 8.47152 7.1996 20.1658 -5.59112e-04 -0.00207548 -8.8469e-04 0.0023244139 0.0 12 16.1527414011 2.231573459 0 0 2 2 4 2 2 0 0 0 7 
386 2 9.1333 2.6211 22.2606 0.00161568 0.00440674 8.66523e-04 0.004772907 0.0 12 14.0755216868 2.0653150043 0 0 0 2 8 2 0 0 0 0 6 
988 2 5.87223 5.52826 25.6682 -9.63066e-04 -0.00190032 2.31007e-04 0.0021429131 0.0 15 16.5302037177 2.1819913891 0 0 3 4 2 2 2 1 1 0 9 
205 2 17.4497 5.62939 20.287 0.00267301 4.66012e-04 0.0030208 0.0040604658 0.0 13 15.1298698075 2.0471019676 0 0 2 2 4 3 2 0 0 0 7 
971 2 9.43758 0.454804 20.7283 -0.00402819 -0.00360958 0.00142928 0.0055944815 0.0 15 20.2556169801 2.2529980036 0 0 1 2 7 3 2 0 0 0 7 
622 1 17.5968 0.0843054 21.4333 -0.00106364 0.00110004 -0.00182088 0.0023784495 0.0 13 20.3627022154 2.2066281496 0 0 1 0 9 3 0 0 0 0 6 
87 2 14.9473 2.46484 17.4948 0.0025669 0.00137134 5.12328e-04 0.0029550007 0.0 14 17.5921370577 2.3667686744 0 0 1 2 7 2 2 0 0 0 7 
739 1 15.5083 6.79634 25.0003 0.00228259 8.73595e-05 0.00314992 0.0038909953 0.0 14 20.0303352956 2.1406923656 0 0 0 5 3 5 1 0 0 0 7 
156 1 10.8293 7.8059 21.8784 0.00244571 0.00113564 -2.5348e-04 0.0027083995 0.0 17 21.2636898699 2.2135920397 0 0 3 1 7 1 4 1 0 0 8 
450 2 10.8614 3.45357 24.9322 -0.00113799 7.37041e-04 0.00367559 0.0039176795 0.0 14 17.1452442671 2.0975944926 0 0 0 4 4 6 0 0 0 0 6 
434 2 13.8916 7.50496 20.0033 0.0016083 -6.70723e-05 -0.00113001 0.0019667359 0.0 15 16.3221218045 2.2153087815 0 0 3 3 1 5 2 1 0 0 8 
186 1 13.5202 7.53847 23.1773 -0.00123482 0.00125563 5.56708e-04 0.0018469735 0.0 14 20.3212869267 2.2153087815 0 0 1 3 4 5 1 0 0 0 7 
889 1 14.0875 4.65641 24.0279 0.0031171 0.00240658 -7.51973e-04 0.0040091649 0.0 14 20.9329009338 2.1925325914 0 0 0 4 4 6 0 0 0 0 6 
70 2 13.0438 5.72331 18.8533 -0.00146667 -5.17853e-04 -0.00204718 0.0025710384 0.0 14 13.0640995695 2.1569034756 0 0 2 4 2 3 2 1 0 0 8 
69 2 14.8767 5.48686 20.6781 -0.00204399 0.0020961 -0.00189157 0.003485623 0.0 15 18.102923991 2.1966466279 0 0 1 3 5 4 2 0 0 0 7 
27 1 13.0788 7.3006 26.2373 0.00195921 -0.00267206 -3.29011e-04 0.0033296632 0.0 14 20.164050739 2.2397351759 0 0 1 3 4 5 1 0 0 0 7 
168 1 17.1028 7.07262 22.8141 -0.00234391 0.00138812 0.00322396 0.0042207475 0.0 16 21.757986542 2.2153087815 0 0 1 4 3 6 2 0 0 0 7 
2 2 13.7317 2.53767 21.7801 -0.003704 0.00278632 -0.00140673 0.0048437676 0.0 12 18.5061979853 2.1714150511 0 0 0 2 8 2 0 0 0 0 6 
927 1 16.5868 4.07808 23.0614 0.00282776 -8.64853e-04 -0.00198598 0.003562066 0.0 14 21.3125603212 2.2028675495 0 0 0 3 6 5 0 0 0 0 6 
330 2 15.3491 5.06585 18.1999 0.00347441 0.00151181 5.95928e-04 0.0038356518 0.0 14 13.2813509239 1.9675097937 0 0 1 5 2 3 3 0 0 0 7 
407 2 11.325 1.5597 22.2441 0.0012871 -1.84623e-04 2.35826e-04 0.0013214863 0.0 13 16.3605277623 2.1660963466 0 0 0 3 6 4 0 0 0 0 6 
99 2 9.19968 8.00287 17.7976 -4.88479e-04 0.0026927 -0.0034081 0.004370857 0.0 17 19.8042798307 2.2542213746 0 0 4 2 2 4 4 1 0 0 8 
646 2 15.2464 1.79152 19.934 -0.00149408 -0.00283734 -0.00135305 0.0034804479 0.0 14 18.971952284 2.2028675495 0 0 1 3 4 5 1 0 0 0 7 
378 2 12.9641 1.86282 24.1341 -1.30876e-04 1.04418e-04 -0.00190358 0.0019109287 0.0 13 18.4082070999 2.2774735597 0 0 0 3 6 4 0 0 0 0 6 
873 1 11.6817 4.91058 21.8179 0.00189656 -0.00363472 0.00503491 0.0064929537 0.0 18 23.2844427331 2.1569034756 0 0 1 4 4 7 1 1 0 0 8 
969 2 17.1046 3.4482 19.3223 -0.00242429 0.00127575 -0.00149111 0.0031189949 0.0 15 17.0915267698 2.1842256278 0 0 2 3 4 3 2 1 0 0 8 
787 2 9.93727 2.9497 0.479786 -1.25036e-04 0.00111336 0.0013494 0.0017538771 0.0 13 15.919736061 2.1423816907 0 0 0 5 3 4 1 0 0 0 7 
789 1 16.4782 1.32172 23.5871 -4.49859e-04 -0.00286044 -0.00278874 0.0040201444 0.0 14 21.0941022979 2.2028675495 0 0 0 1 10 3 0 0 0 0 6 
179 2 16.0572 7.38827 18.9813 4.39026e-04 -0.00525804 -0.00391545 0.0065704244 0.0 15 13.4368401833 2.1123963113 0 0 1 4 3 5 2 0 0 0 7 
777 2 10.2394 1.09609 24.4842 5.17452e-04 -0.00107059 -0.0015026 0.0019161749 0.0 15 12.2605296714 1.8975519942 0 0 2 4 2 4 2 1 0 0 8 
922 1 18.6587 2.68884 21.8344 -0.00203081 -0.00368437 -2.98762e-04 0.0042175858 0.0 13 18.7916927518 2.2028675495 0 0 1 2 6 3 1 0 0 0 7 
820 2 10.3679 5.99757 19.2314 -9.78123e-04 0.00117552 -0.00129302 0.0020026164 0.0 16 18.2216257164 2.1564103083 0 0 3 3 2 4 3 1 0 0 8 
82 1 10.4667 3.25078 19.4618 -0.00296791 6.01364e-04 0.00350033 0.004628438 0.0 16 21.0201617764 2.1342985923 0 0 0 4 5 6 1 0 0 0 7 
416 2 13.7397 3.62491 19.7323 5.99521e-04 9.25101e-04 3.42929e-04 0.0011544859 0.0 11 14.9640256308 2.1242805234 0 0 0 2 8 1 0 0 0 0 6 
803 1 11.1513 6.49656 24.4061 -0.00276289 9.98915e-05 -5.44604e-04 0.0028178242 0.0 15 20.7532649046 2.111730616 0 0 0 3 6 6 0 0 0 0 6 
843 2 11.8633 1.40949 26.1816 -0.00432917 4.91903e-05 1.86438e-04 0.0043334619 0.0 12 16.1748534891 2.3183394255 0 0 1 3 4 3 1 0 0 0 7 
169 1 15.9642 3.43438 25.7178 -0.00250013 -1.48474e-04 -2.69035e-05 0.0025046793 0.0 14 22.8356548043 2.3303281126 0 0 0 2 8 4 0 0 0 0 6 
259 1 19.0389 1.15439 26.078 2.20187e-04 0.00194815 -2.59042e-05 0.0019607248 0.0 15 23.294836146 2.1779992345 0 0 0 0 12 3 0 0 0 0 6 
4 1 21.3803 3.46667 21.9175 0.00100966 -7.44098e-04 -0.00160847 0.0020396742 0.0 16 21.3877997262 2.1856084155 0 0 1 5 3 3 4 0 0 0 7 
325 1 19.6191 5.57931 22.1424 0.00646314 -4.95338e-05 0.00128896 0.0065906032 0.0 14 20.1457657048 2.2866329067 0 0 2 0 7 4 1 0 0 0 7 
134 1 18.311 5.94526 25.2627 0.00157416 2.00087e-04 0.00112298 0.0019439904 0.0 14 21.2791528397 2.0851598616 0 0 0 2 8 4 0 0 0 0 6 
300 1 25.9199 2.20683 23.7505 -0.00143043 -0.00122845 -0.0015845 0.0024628966 0.0 16 22.0703422115 2.224740899 0 0 1 3 6 4 1 1 0 0 8 
484 2 20.5683 8.65694 18.8185 -0.0030202 0.00343425 0.00388329 0.0059996352 0.0 13 16.2958268185 2.3961471083 0 0 1 2 5 5 0 0 0 0 6 
153 1 26.7442 5.89019 0.0266744 -0.00250836 0.00145144 0.00260506 0.0038967789 0.0 15 22.2589456303 2.4446121447 0 0 0 3 6 6 0 0 0 0 6 
393 1 21.6352 2.03685 17.9808 0.00257264 -0.00111933 -1.42617e-04 0.0028092198 0.0 15 21.6402666209 2.2506569669 0 0 1 4 2 7 1 0 0 0 7 
246 1 19.425 8.81088 23.5962 -4.30695e-04 -0.00323926 0.0016177 0.0036462661 0.0 15 23.570139609 2.4767417357 0 0 1 4 2 7 1 0 0 0 7 
907 1 24.7271 7.45334 21.9297 -0.00169156 -0.00194023 0.00237867 0.003504845 0.0 14 21.6078204166 2.4030683998 0 0 0 3 6 5 0 0 0 0 6 
307 1 22.1973 8.49755 23.7019 0.00276315 3.57099e-04 -7.88917e-04 0.0028956705 0.0 14 21.8893339602 2.4030683998 0 0 2 2 3 6 1 0 0 0 7 
463 1 21.0362 6.17781 24.8753 -0.00260997 -3.10916e-04 0.00131633 0.0029396151 0.0 13 20.3360759255 2.3120878069 0 0 0 4 4 5 0 0 0 0 6 
651 1 25.8568 6.23454 19.5019 -0.00186237 8.75438e-04 0.00245085 0.0032002312 0.0 16 23.364136255 2.3472467547 0 0 0 5 4 5 2 0 0 0 7 
903 1 23.5863 6.63558 26.0803 -0.0034082 -0.00193113 -0.00163441 0.0042445714 0.0 15 21.8413977776 2.4030683998 0 0 0 1 10 4 0 0 0 0 6 
806 1 25.5983 8.56388 24.9214 -0.00467772 -6.91342e-04 -0.00315059 0.0056820098 0.0 14 20.6594351392 2.2094660074 0 0 1 2 7 2 2 0 0 0 7 
88 1 25.6246 3.99684 17.646 4.51777e-04 -8.2364e-04 0.00500981 0.0050971248 0.0 15 23.0753867588 2.3472467547 0 0 2 3 4 3 2 1 0 0 8 
96 2 18.763 7.56339 20.0627 -0.00210957 -0.0016734 0.00223724 0.0035008279 0.0 16 18.0237407736 2.4767417357 0 0 2 2 4 6 2 0 0 0 7 
68 1 26.0993 9.20343 20.1716 -0.00307706 6.3039e-04 0.00496991 0.0058792597 0.0 14 22.7369986962 2.2650963542 0 0 0 3 6 5 0 0 0 0 6 
328 1 22.1387 1.55297 24.7491 -0.00223326 7.82237e-04 0.00467747 0.0052419529 0.0 14 21.2737233295 2.1914858812 0 0 2 2 5 3 1 1 0 0 8 
582 2 23.0067 7.18607 18.6395 0.00149534 -0.00113071 0.00103824 0.0021430094 0.0 14 19.1570841054 2.2764745479 0 0 0 3 7 3 1 0 0 0 7 
508 1 25.9013 5.74745 23.9288 -0.00505389 -9.84389e-05 -0.00174263 0.0053467985 0.0 12 22.1338738867 2.3628758494 0 0 0 2 8 2 0 0 0 0 6 
338 1 25.1825 0.78327 26.1151 -0.00116669 0.00127417 0.00286662 0.0033469665 0.0 17 22.9142394459 2.4719829145 0 0 2 4 3 5 1 2 0 0 8 
993 1 22.0654 6.33841 21.4858 1.46649e-04 -0.00324871 6.257e-04 0.0033116647 0.0 16 22.9268242803 2.4767417357 0 0 1 4 4 4 3 0 0 0 7 
241 1 19.4877 3.57696 24.3553 -8.90763e-04 0.00210188 6.003e-04 0.0023604488 0.0 14 22.1236897433 2.1889513033 0 0 0 1 10 3 0 0 0 0 6 
977 2 20.5437 6.15362 18.8103 0.00107259 0.00222881 0.00154943 0.0029186943 0.0 15 15.9373691601 2.2332167171 0 0 4 1 5 0 4 0 1 0 9 
240 1 24.4866 4.41087 21.665 2.49014e-04 0.00119991 0.00164161 0.0020485789 0.0 13 21.5124010117 2.224740899 0 0 2 2 4 3 2 0 0 0 7 
287 1 20.251 1.09107 20.2302 2.86848e-04 -0.00310432 0.00180658 0.0036031675 0.0 15 21.8001008251 2.2066281496 0 0 2 2 4 6 0 1 0 0 8 
562 1 20.6603 8.58998 26.2464 -0.00135229 -0.00122808 -0.00348689 0.0039364033 0.0 15 20.1313622298 2.2370249815 0 0 0 1 10 4 0 0 0 0 6 
599 1 22.9649 4.23102 19.2216 -4.12587e-04 -0.00115477 -0.00100733 0.0015869579 0.0 15 22.0203141887 2.2538925514 0 0 4 2 2 1 6 0 0 0 7 
34 1 23.2276 4.12729 24.301 5.84686e-04 -0.00250609 -0.00237104 0.0034991678 0.0 15 21.9989613395 2.4030683998 0 0 1 3 4 6 1 0 0 0 7 
18 1 23.4754 1.66174 22.399 -8.33159e-04 2.89699e-04 -7.23765e-04 0.001141015 0.0 14 20.1693497475 2.2027147224 0 0 2 3 3 3 3 0 0 0 7 
244 1 25.0178 3.6182 26.6404 0.00390455 -0.0025254 7.97855e-06 0.0046500774 0.0 13 21.6097754572 2.2833482292 0 0 1 2 5 5 0 0 0 0 6 
12 1 23.8404 1.3376 19.6493 -8.85054e-04 -3.17998e-05 -0.00224768 0.0024158637 0.0 16 22.4453379374 2.4108816705 0 0 1 5 2 5 3 0 0 0 7 
997 1 19.8322 0.559851 23.3361 -0.00189475 2.77817e-04 0.00101937 0.0021694181 0.0 15 22.4009830786 2.3917471946 0 0 1 1 8 4 1 0 0 0 7 
85 1 22.139 3.31677 0.195648 0.00291247 0.00215655 -3.32851e-04 0.0036392278 0.0 15 22.1851774203 2.1889513033 0 0 0 1 10 4 0 0 0 0 6 
97 1 6.04358 15.0758 26.0765 -5.27607e-04 0.00151526 -4.05168e-04 0.0016548544 0.0 14 21.3419975824 2.2186338328 0 0 0 4 4 6 0 0 0 0 6 
297 2 5.25116 10.2568 22.0272 -0.00200274 0.00171532 -4.6456e-04 0.0026775187 0.0 14 19.0641161264 2.3240201006 0 0 0 3 6 5 0 0 0 0 6 
759 1 5.55477 14.3317 18.8353 4.93859e-04 -0.00253233 -0.00313519 0.0040602966 0.0 15 22.4032315405 2.3107077221 0 0 1 3 5 4 2 0 0 0 7 
506 1 3.43588 16.8855 25.9464 3.11078e-04 0.00162904 0.00204597 0.0026337301 0.0 14 21.8165543799 2.2242878921 0 0 0 3 6 5 0 0 0 0 6 
402 1 2.31035 12.8627 22.1203 -0.00108122 -4.12611e-04 0.00217249 0.0024615031 0.0 15 23.0382397931 2.3240201006 0 0 1 3 5 4 2 0 0 0 7 
1000 2 6.4828 9.39234 25.1987 -0.00212542 0.00158195 5.13137e-04 0.0026987563 0.0 16 17.2417770881 2.1703516166 0 0 3 3 2 5 1 2 0 0 8 
814 1 6.22222 17.2607 19.5662 8.39983e-04 -0.00162248 -0.00230631 0.0029422914 0.0 13 21.2049879394 2.1546540567 0 0 0 1 10 2 0 0 0 0 6 
408 1 0.734498 13.6562 24.4066 7.82088e-04 0.00259562 -0.00435079 0.0051262343 0.0 15 22.6649038288 2.2421864557 0 0 2 2 6 1 4 0 0 0 7 
472 1 0.635393 17.0271 26.1576 0.00110087 0.00248224 -0.00197707 0.003358904 0.0 17 24.3987422572 2.2949494465 0 0 0 4 5 7 1 0 0 0 7 
844 1 3.69479 16.4401 18.3069 -0.00181145 0.00179469 -0.0053803 0.0059539811 0.0 14 19.7132353869 2.1835757135 0 0 0 2 8 4 0 0 0 0 6 
604 1 3.58687 15.5333 21.0192 -0.00202223 -0.00100354 -0.00253168 0.0033920363 0.0 13 20.1878420951 2.1493617992 0 0 0 2 8 3 0 0 0 0 6 
45 1 3.13157 9.27925 24.3519 -0.00215773 -2.90746e-04 -0.0013152 0.0025436358 0.0 16 24.0001620294 2.3240201006 0 0 1 3 5 5 2 0 0 0 7 
632 1 5.30441 13.3819 21.7106 -8.18816e-04 -0.00407818 -0.00172455 0.0045028973 0.0 13 21.7096823235 2.254992816 0 0 0 1 10 2 0 0 0 0 6 
767 1 2.1512 10.447 20.3581 -1.95361e-04 0.00206994 -1.57115e-04 0.0020850666 0.0 15 23.7628698463 2.3240201006 0 0 0 0 12 3 0 0 0 0 6 
932 1 4.90761 11.4999 19.4502 -0.00439702 9.52464e-04 5.51014e-04 0.0045326139 0.0 12 20.0297324402 2.2173886412 0 0 0 3 6 3 0 0 0 0 6 
417 1 4.1397 14.8729 23.8683 -1.46818e-04 -0.00133936 0.0013994 0.0019426171 0.0 14 21.7335056345 2.2327920896 0 0 1 2 6 4 1 0 0 0 7 
237 1 6.89808 16.0147 22.3517 0.0011317 0.00296558 0.0017995 0.003648782 0.0 16 24.3325351017 2.258310274 0 0 0 1 10 5 0 0 0 0 6 
645 1 8.60656 15.3701 19.2663 0.00524067 0.00178171 0.00123844 0.0056721113 0.0 14 22.3002238169 2.258310274 0 0 1 4 3 4 2 0 0 0 7 
424 1 7.0162 13.2496 24.2218 0.0047941 -0.00260966 -0.00293906 0.0061993382 0.0 13 19.8541771758 2.1061275295 0 0 1 2 6 3 1 0 0 0 7 
957 2 7.46364 10.5523 23.3053 6.59509e-05 -5.00253e-04 7.15489e-05 5.0962911054e-04 0.0 13 16.2264955998 2.1505557717 0 0 0 3 6 4 0 0 0 0 6 
849 1 4.67452 11.7955 24.5568 -7.17529e-04 -9.97186e-05 0.00215338 0.0022719677 0.0 16 21.842822599 2.2559853335 0 0 3 4 2 1 5 1 0 0 8 
810 1 3.2521 14.2302 26.5117 0.00223465 -0.00170371 -0.00357243 0.0045451672 0.0 13 22.721777861 2.2815461609 0 0 0 2 8 3 0 0 0 0 6 
537 1 5.78888 12.2228 0.43844 7.71693e-04 8.53472e-04 -0.00316891 0.0033713373 0.0 15 21.4528756681 2.1982746442 0 0 0 4 5 5 1 0 0 0 7 
631 1 2.68741 13.7946 19.1911 -0.00181614 -7.33015e-04 0.00178117 0.0026473085 0.0 16 20.7471375259 2.2122484964 0 0 1 4 3 6 2 0 0 0 7 
747 2 0.479596 14.579 20.6783 0.00152204 -9.89329e-04 -5.79186e-04 0.0019054748 0.0 14 17.0359636868 2.1834434186 0 0 2 2 5 3 1 1 0 0 8 
280 1 7.81929 11.5583 20.0234 -0.00301902 0.0019878 0.00147952 0.0039057407 0.0 16 22.4033807903 2.3107077221 0 0 0 2 8 6 0 0 0 0 6 
720 2 8.32893 10.3917 25.7165 0.00402197 0.00258166 0.00323782 0.0057727541 0.0 15 16.8684183377 2.2197972534 0 0 2 2 5 4 1 1 0 0 8 
335 1 1.51103 16.2656 23.2019 0.00110589 0.00243946 -7.20029e-04 0.0027735175 0.0 15 23.3840208018 2.3269786497 0 0 0 2 8 5 0 0 0 0 6 
956 1 8.57637 13.6943 21.8682 -0.0016405 0.0010167 4.57068e-04 0.0019833886 0.0 14 21.5897467276 2.258310274 0 0 1 3 4 5 1 0 0 0 7 
468 1 0.608323 10.9369 23.5489 0.00490013 -8.8405e-04 0.00131559 0.0051501064 0.0 14 23.367536443 2.2883696377 0 0 1 3 4 5 1 0 0 0 7 
227 2 1.20628 17.2387 20.0629 -0.00164371 -0.00124147 0.00413055 0.0046156769 0.0 14 16.1337689309 2.0620260936 0 0 0 3 6 5 0 0 0 0 6 
769 1 2.05753 11.6026 25.9432 0.0015503 -0.00517419 -0.00173523 0.0056733319 0.0 15 21.4339145174 2.2815461609 0 0 2 3 3 5 1 1 0 0 8 
66 1 8.94207 15.9899 24.846 0.0018261 0.00185641 0.0029659 0.0039468294 0.0 15 23.6730300387 2.2451094917 0 0 0 1 10 4 0 0 0 0 6 
595 1 8.95814 17.8743 20.6478 -0.0031878 -0.00215134 -8.7133e-04 0.0039432916 0.0 12 21.2802916375 2.3040183418 0 0 0 2 8 2 0 0 0 0 6 
758 2 13.7582 9.52415 18.479 -0.00690623 -0.00189733 0.00218027 0.0074866181 0.0 13 16.3420901642 2.1881814845 0 0 0 3 6 4 0 0 0 0 6 
469 1 13.438 12.9277 26.7219 -0.00205609 -0.00445916 0.00112346 0.005037239 0.0 14 22.4065362498 2.1965922764 0 0 0 1 10 3 0 0 0 0 6 
381 2 16.3913 11.2756 18.4246 -0.00409114 9.10642e-04 -0.00101989 0.0043135682 0.0 17 19.7239722834 2.3727687936 0 0 1 5 3 5 2 1 0 0 8 
47 1 11.3482 18.1104 24.6274 2.24829e-05 -0.00294061 0.00420765 0.005133421 0.0 15 21.6756321706 2.2239653202 0 0 0 2 8 5 0 0 0 0 6 
185 1 10.429 15.9835 22.4739 4.05771e-04 1.10978e-04 0.00351118 0.0035362906 0.0 14 20.693492492 2.1478379777 0 0 1 2 7 2 2 0 0 0 7 
877 1 13.155 12.5006 19.1686 -0.00114826 -0.00111094 5.93976e-04 0.0017045516 0.0 17 23.4821383983 2.2750228203 0 0 0 3 7 6 1 0 0 0 7 
268 1 10.2111 13.0388 19.404 0.0010458 -0.0012185 -1.2558e-04 0.0016106552 0.0 14 20.4792701421 2.2268861024 0 0 1 2 6 4 1 0 0 0 7 
218 1 10.0243 12.7617 24.4486 -2.58649e-04 0.00465037 2.17147e-04 0.0046626166 0.0 15 20.85152281 2.2197972534 0 0 0 4 4 7 0 0 0 0 6 
263 1 13.2047 16.3542 22.3695 -8.45424e-04 -0.00291533 -0.00389997 0.0049420296 0.0 12 18.2064044335 2.0110057098 0 0 0 0 12 0 0 0 0 0 5 
380 1 13.835 15.4322 18.0324 0.00161087 2.71824e-04 0.00373906 0.0040803627 0.0 14 21.4375832991 2.2823510379 0 0 1 1 8 3 1 0 0 0 7 
499 2 16.054 17.348 22.8595 -1.41978e-04 -0.00176912 5.50072e-04 0.0018580965 0.0 15 19.9975454486 2.2156079635 0 0 1 2 7 3 2 0 0 0 7 
71 1 14.052 17.6666 19.9054 0.00184988 0.00310912 0.00246345 0.0043769018 0.0 13 21.8026079577 2.257996185 0 0 0 1 10 2 0 0 0 0 6 
796 1 15.0397 14.7087 20.7826 -4.05841e-04 -7.013e-04 0.00311943 0.0032229446 0.0 15 21.2543348351 2.2750228203 0 0 3 0 5 5 2 0 0 0 7 
345 2 9.39511 8.51087 26.5665 0.00116084 -0.0040831 0.00219888 0.0047806201 0.0 14 19.9845224394 2.2728237052 0 0 2 3 3 3 3 0 0 0 7 
311 1 12.0041 14.8293 24.5223 0.00475024 -0.00449998 0.00618304 0.0090024765 0.0 13 21.423174539 2.1965922764 0 0 0 3 6 4 0 0 0 0 6 
840 1 14.9407 14.6703 23.7009 0.00357625 0.00137074 -0.00252679 0.0045883723 0.0 15 21.9686617377 2.2054367054 0 0 0 3 6 6 0 0 0 0 6 
256 2 16.9731 17.3147 25.1041 4.48229e-04 5.80869e-04 -0.00135413 0.0015401253 0.0 17 18.5729723691 2.1898165738 0 0 3 3 2 6 1 2 0 0 8 
377 2 15.7102 9.26187 20.3669 -0.00360643 -8.6175e-04 0.00226851 0.0043468481 0.0 15 19.3077324725 2.2153087815 0 0 1 4 3 5 2 0 0 0 7 
317 2 16.7699 13.908 18.5466 0.00213774 9.99978e-04 -0.00402179 0.0046631195 0.0 15 18.3972996147 2.2536549261 0 0 2 3 4 3 2 1 0 0 8 
194 1 15.4127 9.38326 23.6382 -9.88719e-04 0.00102846 -0.00239086 0.0027841528 0.0 14 19.3737067932 2.156035991 0 0 2 1 6 3 2 0 0 0 7 
302 1 10.3492 9.99841 19.6422 -0.00149187 0.00332057 -0.00180057 0.0040612699 0.0 16 22.1628012396 2.2542213746 0 0 0 4 6 4 2 0 0 0 7 
540 1 13.681 10.0548 25.9517 2.28371e-04 -0.00103824 9.46616e-04 0.0014234386 0.0 14 21.1305599052 2.2312838304 0 0 1 1 8 3 1 0 0 0 7 
478 1 16.0964 11.9172 24.7836 -0.0013244 0.00407681 -0.00187765 0.0046797419 0.0 13 20.225066439 2.1169394533 0 0 0 1 10 2 0 0 0 0 6 
455 1 12.3122 13.7206 21.6426 -5.19497e-04 -1.96008e-05 -0.00368168 0.0037182024 0.0 14 20.7078284754 2.145094551 0 0 0 2 8 4 0 0 0 0 6 
29 1 12.7998 10.0766 21.5837 0.00434902 -0.00264486 -8.69021e-04 0.0051637638 0.0 13 21.3015702594 2.2100954089 0 0 0 2 8 3 0 0 0 0 6 
500 1 12.7866 12.1446 24.0384 0.00319377 -9.46966e-04 -0.00127875 0.0035682087 0.0 13 19.9670947518 2.0700318852 0 0 0 3 6 4 0 0 0 0 6 
262 1 11.7741 9.47253 24.1121 0.00161554 0.0010829 0.00620368 0.0065014066 0.0 15 20.6793369971 2.2467985559 0 0 0 3 6 6 0 0 0 0 6 
530 1 10.2471 11.3395 22.0625 0.00137374 0.00413633 4.87381e-04 0.0043856502 0.0 15 20.6179614616 2.2197972534 0 0 0 3 6 6 0 0 0 0 6 
939 1 11.6654 15.6395 19.6184 0.00346209 5.92172e-04 0.00211961 0.0041023751 0.0 16 21.3126595655 2.183039852 0 0 2 2 6 2 4 0 0 0 7 
925 1 14.8999 11.8794 22.0036 0.00247085 -0.00152094 0.00275555 0.0040014265 0.0 13 21.5831906002 2.2750228203 0 0 1 0 9 3 0 0 0 0 6 
133 1 17.5571 10.5314 22.1776 0.00154956 -2.78766e-04 0.00280232 0.0032143186 0.0 13 21.6809215514 2.3324037232 0 0 0 3 6 4 0 0 0 0 6 
545 2 14.1513 17.6895 24.8522 -0.00328265 -0.00180266 3.64058e-04 0.0037627001 0.0 13 16.7679451298 2.1898165738 0 0 2 2 4 3 2 0 0 0 7 
626 1 16.4979 16.8213 19.1826 -0.00160225 0.00243095 5.18682e-04 0.0029573221 0.0 15 22.506788678 2.2823510379 0 0 1 5 2 4 3 0 0 0 7 
164 1 17.4936 13.418 21.4637 0.00135016 0.00195046 4.62719e-04 0.0024168854 0.0 16 22.1071894612 2.3773759381 0 0 2 2 5 4 3 0 0 0 7 
242 1 16.4628 14.2453 26.2429 -0.00128566 -6.25652e-05 -0.00162283 0.0020713313 0.0 14 21.7840687759 2.1908106812 0 0 1 2 5 6 0 0 0 0 6 
909 1 17.3472 9.37977 25.5471 -0.00172557 0.00160946 0.00211948 0.0031717738 0.0 14 21.2197832819 2.1290442594 0 0 0 2 8 4 0 0 0 0 6 
103 2 18.332 9.60394 18.9939 0.00205072 2.20871e-04 -7.19853e-04 0.002184588 0.0 15 17.2969174739 2.3773759381 0 0 1 4 4 3 3 0 0 0 7 
563 2 25.8808 17.1127 21.4152 -0.00315811 0.00143461 -0.00383186 0.0051686474 0.0 13 17.1776871628 2.3513311754 0 0 0 3 6 4 0 0 0 0 6 
436 2 22.3774 14.4329 17.8835 1.79867e-04 -5.69272e-04 0.00225476 0.0023324591 0.0 15 14.2904892717 1.9971926924 0 0 1 2 7 3 2 0 0 0 7 
682 2 0.1066 15.4701 18.3179 0.00625283 -0.00137015 -0.00347322 0.0072827502 0.0 17 15.9344553119 2.1211759488 0 0 1 4 4 5 3 0 0 0 7 
35 2 26.1412 12.6828 20.5503 9.2718e-04 -0.00217688 -0.00170942 0.0029190043 0.0 15 19.3242848891 2.2768239142 0 0 1 3 6 3 1 1 0 0 8 
372 2 18.5027 16.32 26.6146 -0.00329265 -0.00286172 -0.00202073 0.004807737 0.0 11 16.4692823782 2.2026240731 0 0 0 3 6 2 0 0 0 0 6 
63 1 17.9612 14.5011 23.8 0.00308019 -0.00246803 -6.93264e-04 0.0040074128 0.0 14 20.5998905611 2.2156079635 0 0 1 2 6 4 1 0 0 0 7 
480 1 22.6003 9.63146 20.6838 6.95858e-04 0.00228538 -6.03227e-04 0.0024639527 0.0 16 23.5773735526 2.4767417357 0 0 0 4 5 6 1 0 0 0 7 
559 2 26.0207 11.6874 26.6464 -0.002426 -0.00249075 -1.87771e-04 0.0034820353 0.0 15 22.4334692954 2.2554555653 0 0 1 2 6 5 1 0 0 0 7 
644 2 24.8395 14.9546 20.5917 3.96672e-04 -1.06234e-04 -0.00241782 0.0024524453 0.0 13 16.223509057 2.1491303357 0 0 0 3 6 4 0 0 0 0 6 
493 1 20.1789 16.4793 23.7185 9.18628e-04 0.00507426 0.00376778 0.0063865607 0.0 13 21.0586341916 2.3350260221 0 0 0 3 7 2 1 0 0 0 7 
363 1 18.8424 11.6561 24.7982 0.00232689 8.28196e-04 8.0944e-04 0.0025991381 0.0 16 22.0105805414 2.2370249815 0 0 0 1 10 5 0 0 0 0 6 
113 2 24.3239 16.1623 17.9944 0.00323936 3.66884e-04 0.00244039 0.0040722918 0.0 13 11.4193479403 1.8351666188 0 0 1 0 9 3 0 0 0 0 6 
581 1 22.6657 15.2499 23.3266 -9.89105e-04 0.00431399 -4.80396e-04 0.004451923 0.0 15 21.2800207357 2.143463778 0 0 0 1 10 4 0 0 0 0 6 
379 1 22.7303 12.663 21.1392 -7.4908e-04 0.00119219 0.00164329 0.002163987 0.0 15 21.0124106537 2.2768239142 0 0 1 1 9 2 2 0 0 0 7 
93 1 20.2255 14.0768 21.8845 0.00169045 0.00286948 -0.00197145 0.0038701617 0.0 14 20.6824740095 2.1976180156 0 0 0 1 10 3 0 0 0 0 6 
383 1 20.6145 13.9055 25.1682 0.00151164 -0.00113722 -0.00322635 0.0037400079 0.0 13 20.7029502308 2.3350260221 0 0 0 1 10 2 0 0 0 0 6 
650 2 22.4676 9.57393 17.5081 9.10509e-04 8.74735e-04 0.00517767 0.0053293953 0.0 14 13.8876834246 2.1136083942 0 0 1 2 7 2 2 0 0 0 7 
398 2 22.0841 17.087 18.5117 0.00323061 0.00245443 8.22825e-05 0.0040580584 0.0 12 15.255105482 2.1403330733 0 0 0 2 8 2 0 0 0 0 6 
107 2 19.3036 12.1927 14.7199 9.45805e-04 0.00129361 -0.00454311 0.0048174498 0.0 16 13.2027002284 1.9611377356 0 0 1 0 10 4 1 0 0 0 7 
959 2 18.1162 15.313 17.0043 0.00226531 -9.34847e-04 -9.57818e-04 0.0026311563 0.0 12 15.9473680846 2.2557518076 0 0 1 2 6 2 1 0 0 0 7 
628 1 23.2941 13.4547 25.5901 0.00237396 -9.41097e-04 0.00276605 0.0037646225 0.0 14 20.8354142805 2.2421692847 0 0 1 1 8 3 1 0 0 0 7 
229 2 24.253 11.1892 18.5956 0.0025119 -0.00172673 -0.00114578 0.003256386 0.0 12 16.3364576508 2.2768239142 0 0 1 2 5 4 0 0 0 0 6 
62 1 20.1782 11.3295 21.4527 0.00150048 7.08199e-04 7.35049e-04 0.0018147405 0.0 15 23.3060197076 2.4440804836 0 0 2 1 6 4 2 0 0 0 7 
154 1 24.436 10.2224 22.9233 1.75784e-04 0.00109746 -1.15004e-05 0.0011115083 0.0 14 21.7969228789 2.2768239142 0 0 0 3 6 5 0 0 0 0 6 
619 1 23.5563 9.98277 25.7307 -0.00247947 0.00188401 -0.00522801 0.0060851749 0.0 13 20.7130944368 2.2246124676 0 0 0 1 10 2 0 0 0 0 6 
77 1 24.7464 13.1448 23.3284 6.62566e-04 -8.04022e-04 8.84097e-04 0.0013664086 0.0 14 22.0007647264 2.2421864557 0 0 1 3 5 3 2 0 0 0 7 
216 1 25.6888 15.8873 24.1421 -0.00129673 0.00322705 -0.00128559 0.0037078433 0.0 14 22.2917814955 2.3513311754 0 0 0 3 6 5 0 0 0 0 6 
989 2 23.8843 17.2908 20.1779 -0.00223231 -0.00152284 0.0017145 0.003200275 0.0 14 16.2772908704 2.148036974 0 0 0 0 12 2 0 0 0 0 6 
155 1 23.4027 16.2549 26.2185 0.00538376 0.00159938 -0.00166525 0.0058579814 0.0 16 23.625978298 2.3350260221 0 0 0 1 10 5 0 0 0 0 6 
184 2 24.5506 13.5427 18.5497 -9.31661e-04 -0.00152275 5.02279e-04 0.001854466 0.0 15 13.831096589 1.9737768029 0 0 2 2 4 5 2 0 0 0 7 
736 2 21.2621 12.001 18.4075 0.00201531 -7.77489e-04 5.57113e-04 0.0022307708 0.0 16 17.4864378205 2.1027181574 0 0 2 3 3 5 3 0 0 0 7 
74 1 18.4514 16.4372 21.4813 -7.87524e-04 -3.95109e-04 -0.00253098 0.0026799561 0.0 15 21.4228349482 2.2096683119 0 0 1 4 4 3 3 0 0 0 7 
594 1 21.8598 11.7485 23.646 0.00243561 6.65627e-04 0.00311438 0.0040093164 0.0 15 21.2576856503 2.2370249815 0 0 0 2 8 5 0 0 0 0 6 
756 2 22.3957 15.3226 19.9984 -3.00729e-04 1.81929e-04 7.3226e-04 8.1224429828e-04 0.0 13 16.2235517373 2.1975852354 0 0 1 1 9 0 2 0 0 0 7 
686 2 19.4483 13.5645 18.8926 0.00171261 -2.21364e-04 -0.00163877 0.0023806726 0.0 16 17.5929908988 2.3773759381 0 0 0 7 1 5 3 0 0 0 7 
430 2 7.34552 24.1487 26.2131 0.00395697 0.00269767 -0.00324196 0.0057831946 0.0 14 16.301713457 2.1078371109 0 0 1 3 4 5 1 0 0 0 7 
130 1 8.01905 20.158 19.2957 -0.00352347 -0.00263889 -1.8845e-05 0.0044021513 0.0 14 22.2502436404 2.464625143 0 0 0 2 8 4 0 0 0 0 6 
953 1 4.61522 24.3753 19.4601 0.0014124 1.70639e-04 0.00165908 0.0021855292 0.0 15 21.7363009015 2.2440173559 0 0 1 0 9 5 0 0 0 0 6 
295 2 0.674787 21.4505 21.9861 0.00239219 -0.00310953 -0.00179981 0.0043163718 0.0 14 16.9088855829 2.2733623174 0 0 2 3 3 4 1 1 0 0 8 
511 1 6.55715 19.3105 21.7335 0.00201141 -0.00123315 -0.00273366 0.0036110007 0.0 13 20.4957532445 2.2085407027 0 0 1 0 9 3 0 0 0 0 6 
707 1 4.17127 20.969 22.2501 0.00499612 -4.83414e-04 4.23838e-04 0.005037315 0.0 14 21.0441420867 2.2710183166 0 0 1 2 8 1 1 1 0 0 8 
648 1 4.01254 18.1025 22.3345 0.00255633 -0.00263437 3.76266e-05 0.0036709868 0.0 13 21.8421604169 2.2070186575 0 0 0 3 6 4 0 0 0 0 6 
685 1 5.96793 25.7888 21.9176 2.34947e-04 9.20157e-04 -0.00298916 0.0031363939 0.0 15 20.7532530065 2.104288058 0 0 0 3 6 6 0 0 0 0 6 
852 2 2.41323 24.5003 25.4591 -0.00268538 -0.00229057 4.87258e-04 0.0035630601 0.0 15 17.3021357006 2.2690137248 0 0 2 3 4 3 2 1 0 0 8 
731 1 8.33963 22.9316 17.6818 -4.96273e-04 -0.001138 0.00134653 0.0018315223 0.0 14 20.4426467049 2.2385291121 0 0 3 2 4 2 2 0 1 0 9 
405 1 3.96817 19.1333 19.5459 5.58411e-04 -0.00317983 0.00187494 0.0037334356 0.0 16 21.9044976849 2.2085407027 0 0 0 4 4 8 0 0 0 0 6 
737 2 6.88085 0.274603 25.0195 0.00251022 0.00351177 -0.00102877 0.0044375782 0.0 16 15.5465370665 1.9862646483 0 0 1 2 6 6 1 0 0 0 7 
676 2 4.85056 20.5994 26.2014 0.00144107 0.00562623 0.00291046 0.0064963008 0.0 15 18.1145992792 2.2697562734 0 0 2 3 3 4 3 0 0 0 7 
158 2 1.55482 19.2904 21.448 0.00171389 4.61188e-04 0.00243581 0.0030138486 0.0 12 17.0732731847 2.2376693866 0 0 0 2 8 2 0 0 0 0 6 
251 1 6.5212 26.3708 19.0345 -0.00302657 -0.00290595 0.00124012 0.0043752222 0.0 13 20.5239133078 2.2287543036 0 0 1 2 5 5 0 0 0 0 6 
566 2 4.56627 23.0343 25.1247 0.00385593 0.00251648 9.24313e-04 0.0046962988 0.0 14 17.3737916715 2.2079133222 0 0 0 4 4 6 0 0 0 0 6 
31 1 6.38399 22.3475 20.8562 -0.00145542 0.00178737 0.00134507 0.0026687361 0.0 14 21.0842140993 2.2085407027 0 0 1 2 7 2 2 0 0 0 7 
333 2 1.67552 22.2738 23.896 -0.00425114 -0.00247027 -3.02965e-04 0.0049260748 0.0 15 18.6502432791 2.3698787188 0 0 3 3 3 1 4 1 0 0 8 
930 1 4.09198 23.6902 22.1499 0.00278494 0.00245948 -0.002578 0.00452228 0.0 15 21.9562857094 2.3698787188 0 0 1 3 5 4 2 0 0 0 7 
933 2 0.76367 20.5788 26.3775 -5.16474e-04 -2.18035e-04 -1.07554e-04 5.7083492957e-04 0.0 15 17.0349473169 2.1742769323 0 0 2 1 7 3 1 1 0 0 8 
748 2 2.74554 19.7201 24.64 -0.00235618 -0.00127759 0.00292454 0.0039669579 0.0 16 19.7479181058 2.2710183166 0 0 1 2 8 3 1 1 0 0 8 
414 1 5.67059 21.6695 18.207 -0.00129477 0.00164977 0.0043806 0.00485673 0.0 14 21.4202161868 2.2127917989 0 0 2 2 4 4 2 0 0 0 7 
705 1 2.84275 21.9851 19.53 -0.00159497 -9.66986e-04 0.00320175 0.0037054277 0.0 14 21.8313708774 2.2086462077 0 0 0 2 8 4 0 0 0 0 6 
374 1 6.61016 21.3451 23.8133 0.00445736 8.74855e-04 6.4423e-04 0.0045878603 0.0 15 21.8591942911 2.2710183166 0 0 1 2 6 5 1 0 0 0 7 
399 1 7.94967 24.1217 23.0768 -2.84101e-04 -0.00395322 -2.31877e-04 0.0039701925 0.0 16 22.6482589472 2.3597541074 0 0 1 1 8 5 1 0 0 0 7 
809 1 8.42319 19.2204 26.5075 0.003196 4.40417e-04 -0.00335818 0.0046567968 0.0 15 23.4633868736 2.2451094917 0 0 0 3 6 6 0 0 0 0 6 
316 2 0.762456 19.7631 19.1057 3.79931e-04 8.64766e-05 -0.00283727 0.0028639006 0.0 13 13.9150407905 1.9313057122 0 0 0 1 10 2 0 0 0 0 6 
692 2 0.267172 20.1247 24.0333 0.00331967 3.54487e-04 0.00127227 0.0035727498 0.0 15 21.2777155625 2.3513311754 0 0 0 2 8 5 0 0 0 0 6 
475 1 26.7124 24.9034 23.5918 -0.0026557 0.00109513 2.54586e-04 0.0028838978 0.0 16 22.8251816522 2.3698787188 0 0 2 3 3 5 3 0 0 0 7 
283 1 1.265 24.5041 20.0481 2.29022e-04 8.17782e-04 -2.95399e-04 8.9915462809e-04 0.0 15 24.2959436016 2.3698787188 0 0 1 2 6 5 1 0 0 0 7 
934 1 6.09648 17.9563 24.6166 -0.00137028 2.8822e-04 -0.0015943 0.0021219167 0.0 15 24.1849340376 2.2710183166 0 0 0 3 6 6 0 0 0 0 6 
124 2 6.82818 21.7858 0.355025 -7.73908e-05 -0.00171137 0.0037914 0.0041604676 0.0 14 16.210486537 2.1032408108 0 0 1 4 3 4 2 0 0 0 7 
608 1 8.94495 18.7562 23.6345 -0.00172163 6.49277e-04 0.00197913 0.0027023186 0.0 14 21.1950542601 2.1001271891 0 0 0 1 10 3 0 0 0 0 6 
1 2 8.59537 0.246446 23.1387 -0.00513707 0.00487709 3.50908e-04 0.0070921528 0.0 13 14.2699143097 2.1159143508 0 0 2 3 2 4 2 0 0 0 7 
573 2 0.512318 25.3908 0.189758 0.00236342 -3.88606e-04 0.00143126 0.0027902104 0.0 14 18.7650049313 2.27638437 0 0 0 3 6 5 0 0 0 0 6 
517 2 2.71338 21.9766 26.1652 -7.52328e-04 -0.00335012 0.00310415 0.00462872 0.0 11 13.5303801676 2.0035379356 0 0 0 3 6 2 0 0 0 0 6 
483 2 15.8903 19.5037 25.1502 0.00135075 -0.00294918 1.25884e-06 0.0032437925 0.0 13 15.3352831176 2.0835127077 0 0 2 3 3 3 1 1 0 0 8 
490 1 14.9856 19.9132 17.9633 -0.00384405 -0.00384757 -0.00165347 0.0056845825 0.0 14 21.6095048763 2.2626473016 0 0 1 3 5 3 2 0 0 0 7 
986 2 14.2796 20.9339 25.7485 -0.00205857 0.00143726 -8.86327e-05 0.0025122266 0.0 15 20.0518654043 2.2266233844 0 0 0 3 6 6 0 0 0 0 6 
385 2 14.4542 19.3164 23.1046 -0.00165685 0.00149434 -0.001369 0.0026177022 0.0 13 19.9738514229 2.2239653202 0 0 0 1 10 2 0 0 0 0 6 
389 1 13.4246 23.0077 17.7768 0.00360644 0.0023764 -0.00396456 0.0058627146 0.0 14 22.0712619965 2.2598014517 0 0 0 3 6 5 0 0 0 0 6 
699 1 11.3294 18.7024 18.591 0.00335462 6.1794e-04 -0.00199565 0.0039519545 0.0 17 23.4612799711 2.4958160405 0 0 1 4 4 5 3 0 0 0 7 
723 1 17.6983 20.9942 18.601 -0.00262613 4.59486e-04 -0.00111573 0.0028900761 0.0 13 21.2386602772 2.3811753376 0 0 0 3 6 4 0 0 0 0 6 
456 1 9.01295 21.1105 21.6994 4.78825e-04 -0.00123374 0.00347245 0.0037160862 0.0 15 21.5196990136 2.3106333205 0 0 1 1 8 4 1 0 0 0 7 
192 1 16.8569 24.0691 21.9807 -0.00138022 0.00163143 -0.00203626 0.0029517666 0.0 14 21.0225817308 2.1455907503 0 0 0 2 8 4 0 0 0 0 6 
437 1 16.8452 22.7516 25.9612 -0.00200286 -3.67936e-06 -3.9391e-04 0.0020412317 0.0 14 21.5622479651 2.2253592184 0 0 0 3 6 5 0 0 0 0 6 
854 1 16.4668 19.8177 20.7215 0.00346597 -0.00148372 -0.00164478 0.0041133532 0.0 15 21.5031600201 2.1873322208 0 0 0 3 6 6 0 0 0 0 6 
518 1 11.3926 20.529 26.3564 0.00260561 -0.00265458 -0.00446731 0.0058131624 0.0 16 22.250890906 2.1954103923 0 0 0 4 5 6 1 0 0 0 7 
874 2 10.7606 26.1054 22.6869 -6.02621e-04 0.00150811 0.00210686 0.0026601517 0.0 14 17.8705097609 2.3339143051 0 0 1 3 5 3 2 0 0 0 7 
340 1 14.6961 24.3145 24.5254 -0.00190879 -8.80052e-04 0.00392971 0.0044565224 0.0 14 21.3556200464 2.4271889796 0 0 0 4 4 6 0 0 0 0 6 
735 1 12.5425 0.411301 19.672 -0.00179839 -0.00393795 -0.00112102 0.0044719507 0.0 15 22.1242774103 2.223306429 0 0 0 2 8 5 0 0 0 0 6 
274 1 8.28156 24.3048 20.103 0.00309131 0.00349215 0.00174028 0.0049779397 0.0 17 23.0251211649 2.2575499256 0 0 3 3 3 4 3 0 1 0 9 
833 1 17.0114 21.3453 23.047 -0.00245472 7.49665e-04 -3.57936e-04 0.0025914795 0.0 15 20.9526758452 2.2266233844 0 0 0 4 4 7 0 0 0 0 6 
642 1 13.2417 20.9761 20.0554 0.00260186 9.42173e-04 -5.62628e-05 0.0027677664 0.0 15 22.6388450014 2.3010113064 0 0 1 2 7 4 0 1 0 0 8 
173 1 13.02 24.5971 20.67 -0.00275651 4.12396e-04 0.00180031 0.0033180618 0.0 16 23.3665167763 2.4271889796 0 0 0 5 5 3 3 0 0 0 7 
673 1 10.8746 23.2278 21.8675 7.34173e-04 0.00124066 8.14588e-04 0.0016558384 0.0 14 24.4030750196 2.4237219176 0 0 1 4 4 2 3 0 0 0 7 
125 1 12.3088 22.9189 25.0163 0.00101726 -0.00197061 -3.44899e-04 0.0022443433 0.0 16 23.1562260179 2.4271889796 0 0 1 2 6 6 1 0 0 0 7 
507 1 9.04829 21.7858 24.8668 -0.00104147 0.00374147 0.00190108 0.0043240447 0.0 14 21.6489712212 2.3916868122 0 0 0 1 10 3 0 0 0 0 6 
444 1 10.682 21.7384 18.9397 0.00209155 0.00166937 -8.00426e-04 0.0027932167 0.0 16 23.3336905024 2.4958160405 0 0 3 1 5 4 2 1 0 0 8 
520 1 10.8687 24.992 18.5391 0.00208088 -0.00311832 0.00114431 0.0039196207 0.0 14 23.410809449 2.2596029778 0 0 0 2 8 4 0 0 0 0 6 
948 1 14.3001 22.3211 22.3414 -0.00388776 -6.38411e-04 -0.00232361 0.0045739928 0.0 13 22.8380669167 2.395713541 0 0 1 2 6 3 1 0 0 0 7 
660 2 12.1026 26.0725 24.5717 -0.00235876 0.00374674 6.66861e-04 0.0044773332 0.0 13 17.6739750158 2.4271889796 0 0 1 3 4 4 1 0 0 0 7 
734 1 14.7263 26.3725 22.291 0.0012335 -0.00426224 0.00148123 0.0046778472 0.0 16 22.6608681786 2.2863534791 0 0 1 1 8 5 1 0 0 0 7 
845 2 9.26331 25.601 25.2279 0.00187673 1.7227e-04 -2.47456e-04 0.0019007964 0.0 16 16.4047005313 2.3916868122 0 0 3 3 1 6 2 1 0 0 8 
834 1 11.8675 18.6052 21.6361 -7.09121e-04 -0.00247938 -0.00263659 0.0036880597 0.0 13 21.4789043182 2.3106333205 0 0 1 0 9 3 0 0 0 0 6 
639 1 11.2318 20.7369 23.3045 0.00199347 -0.00138831 -4.9491e-04 0.0024791658 0.0 13 21.0918910858 2.298976026 0 0 1 0 9 3 0 0 0 0 6 
980 1 15.5749 22.4826 19.8666 5.94462e-04 -2.02094e-04 -1.89904e-04 6.5596538285e-04 0.0 13 19.4591536222 2.1366934452 0 0 0 1 10 2 0 0 0 0 6 
415 1 15.6109 25.595 19.3982 -0.00385628 -0.00228024 0.00418092 0.0061278448 0.0 15 24.000730955 2.3914066965 0 0 0 4 5 5 1 0 0 0 7 
946 2 0.177207 21.7649 17.5226 -0.00126291 0.00186358 -7.81403e-05 0.0022525492 0.0 15 17.9710696422 2.2791330044 0 0 0 4 4 7 0 0 0 0 6 
571 1 26.1851 0.0818849 21.5584 -0.00180524 0.00111744 0.00218018 0.0030431478 0.0 15 23.5452982979 2.4108816705 0 0 0 3 6 6 0 0 0 0 6 
864 1 22.5937 25.6637 21.2033 0.00172616 8.86109e-04 -0.0019955 0.0027833142 0.0 15 21.8220762552 2.4019390622 0 0 0 5 4 4 2 0 0 0 7 
172 1 20.6281 25.2044 25.5148 6.32999e-04 0.00160263 0.00676866 0.006984545 0.0 16 23.2313459474 2.4019390622 0 0 1 3 7 2 2 1 0 0 8 
531 1 23.7116 24.8073 26.4947 0.00309428 -1.38256e-05 6.84807e-04 0.0031691829 0.0 15 22.394473323 2.27638437 0 0 2 2 4 5 2 0 0 0 7 
81 2 26.4682 21.9844 19.8762 0.00163261 0.00703706 -0.00101552 0.0072949921 0.0 12 16.7147301314 2.2866641508 0 0 1 3 4 3 1 0 0 0 7 
170 1 19.9047 22.4624 17.6769 0.00259952 -0.0024457 6.27625e-04 0.0036239296 0.0 14 21.7559295657 2.382918821 0 0 0 2 8 4 0 0 0 0 6 
825 2 24.8056 20.6927 18.9251 0.00463305 -2.78237e-04 5.32541e-04 0.0046718485 0.0 16 18.0317366819 2.3379338413 0 0 1 2 7 4 2 0 0 0 7 
348 1 20.7054 25.4438 18.6422 -0.00238143 0.00237482 0.0026791 0.0042998321 0.0 14 20.5002022491 2.2012279692 0 0 0 2 8 4 0 0 0 0 6 
538 2 23.9336 18.5774 17.7243 4.11402e-04 -0.00319885 -0.00454327 0.0055716421 0.0 13 14.5491615035 2.2535359863 0 0 0 2 8 3 0 0 0 0 6 
556 1 24.8042 24.5592 20.2141 -0.00288828 0.00142624 0.002594 0.0041358382 0.0 13 21.6778388441 2.3933231643 0 0 0 6 2 3 2 0 0 0 7 
694 1 21.2463 21.313 26.4814 8.05966e-04 0.00241748 -7.08201e-04 0.0026448704 0.0 15 20.9941865854 2.2956058579 0 0 2 3 4 3 2 1 0 0 8 
784 1 24.687 18.6997 26.29 0.0013484 0.00312498 -0.00187621 0.0038863668 0.0 15 25.1224293544 2.4110519717 0 0 0 4 6 3 2 0 0 0 7 
745 1 19.9118 25.019 21.4881 -0.00217077 0.00140094 -0.00484848 0.0054938724 0.0 13 21.2798478824 2.4019390622 0 0 0 5 3 4 1 0 0 0 7 
120 1 21.2624 18.045 21.7533 -0.00126354 0.00153635 -0.00254867 0.0032330517 0.0 16 22.4547444461 2.2159350196 0 0 0 1 10 5 0 0 0 0 6 
272 1 21.4834 20.1075 19.339 6.52944e-04 -0.00198029 8.9399e-04 0.0022687227 0.0 15 23.6493550609 2.2535359863 0 0 0 2 8 5 0 0 0 0 6 
387 1 19.1627 23.2571 23.9582 -4.8016e-04 0.00269758 0.00269715 0.0038447509 0.0 14 22.5851125487 2.2375747902 0 0 1 2 6 4 1 0 0 0 7 
730 1 21.8613 22.8352 20.8876 0.00237527 5.05743e-04 5.67603e-04 0.0024939641 0.0 15 22.8078034099 2.3379338413 0 0 0 4 5 5 1 0 0 0 7 
612 1 22.5208 23.2628 24.3827 -7.85641e-04 -0.00252961 0.00132172 0.0029602538 0.0 16 22.9320809798 2.4019390622 0 0 2 3 4 5 0 2 0 0 8 
91 1 23.9472 20.8116 24.403 -1.48807e-04 -4.3856e-04 -8.15272e-04 9.37628301e-04 0.0 13 20.9401097867 2.2956058579 0 0 0 3 6 4 0 0 0 0 6 
618 1 21.0629 20.8095 23.6259 0.00538809 -0.00183626 0.0019681 0.006023021 0.0 13 21.6931260748 2.2159350196 0 0 0 3 6 4 0 0 0 0 6 
928 1 22.8616 23.3176 18.341 0.00209122 -1.46756e-04 -0.00153387 0.0025975942 0.0 15 21.6711722251 2.2791330044 0 0 0 4 6 3 2 0 0 0 7 
43 1 20.5908 18.5372 25.703 6.25318e-04 0.0032742 -0.00294491 0.00444791 0.0 16 23.7156984037 2.3224649389 0 0 0 4 5 6 1 0 0 0 7 
738 1 23.1541 20.4007 21.7552 -0.00288137 -0.00186748 -9.73385e-04 0.0035689288 0.0 13 22.0642291679 2.3111428403 0 0 1 2 5 5 0 0 0 0 6 
652 1 25.6489 22.9002 25.288 0.00270872 -0.00298871 0.00120197 0.004208834 0.0 15 21.1553039822 2.2698024726 0 0 2 3 4 2 4 0 0 0 7 
785 1 18.7094 19.3002 22.7229 -0.00395079 -0.0031745 -0.0026703 0.0057285857 0.0 13 21.8146878879 2.1593292606 0 0 0 3 6 4 0 0 0 0 6 
105 1 24.9699 22.9323 22.5133 -6.52116e-04 -0.00216569 0.00392262 0.0045279594 0.0 16 22.1518532001 2.3379338413 0 0 1 4 4 4 3 0 0 0 7 
39 1 19.3825 21.7235 21.0763 -1.3034e-04 0.00401895 -0.00372673 0.0054824688 0.0 16 22.4219296086 2.2159350196 0 0 0 3 7 5 1 0 0 0 7 
245 1 18.9789 18.6087 19.7014 0.00247189 0.00118057 3.58365e-04 0.0027626819 0.0 14 21.1292875788 2.2625162502 0 0 2 2 5 3 1 1 0 0 8 
308 1 18.3537 24.0361 19.5027 -7.4315e-05 0.00107062 -6.47388e-04 0.00125334 0.0 14 20.0562954682 2.2066281496 0 0 0 3 6 5 0 0 0 0 6 
504 1 23.5321 17.8306 23.6313 -0.00236183 -4.72412e-04 -0.00113309 0.002661824 0.0 14 23.5947222074 2.3513311754 0 0 0 2 8 4 0 0 0 0 6 
976 1 18.6245 20.5328 25.8298 0.00173816 1.1714e-04 0.00185179 0.0025424492 0.0 14 21.139760309 2.2050514485 0 0 0 2 8 4 0 0 0 0 6 
440 1 23.7923 25.9008 23.539 -0.00359126 0.00550146 -5.29171e-04 0.006591148 0.0 14 23.2415275599 2.3992976872 0 0 0 4 6 2 2 0 0 0 7 
839 1 17.3 25.5486 24.4481 -0.00296285 -0.00329585 -0.00414335 0.0060669973 0.0 14 20.8480288472 2.1210026278 0 0 0 2 8 4 0 0 0 0 6 
714 2 26.1267 19.5494 21.0486 -0.00273284 0.00120296 0.0028627 0.0041364935 0.0 14 16.6480285902 2.2789145126 0 0 0 2 8 4 0 0 0 0 6 
149 2 25.8508 17.6906 19.0023 8.97264e-04 -0.00232282 1.84048e-04 0.0024968879 0.0 13 11.9400530857 1.9300667916 0 0 0 1 10 2 0 0 0 0 6 
