# Particles (1000 particles):
# "Particle Identifier" "Particle Type" Position.X Position.Y Position.Z Velocity.X Velocity.Y Velocity.Z "Velocity Magnitude" Centrosymmetry Coordination "Atomic Volume" "Cavity Radius" "Voronoi Index.1" "Voronoi Index.2" "Voronoi Index.3" "Voronoi Index.4" "Voronoi Index.5" "Voronoi Index.6" "Voronoi Index.7" "Voronoi Index.8" "Voronoi Index.9" "Voronoi Index.10" "Max Face Order"
104 2 1.03716 6.54372 7.38814 0.00201998 3.06633e-04 0.00129597 0.0024194795 0.0 15 15.1030149696 2.0832660572 0 0 2 3 4 2 4 0 0 0 7 
270 2 1.6662 8.63116 5.17421 -0.00132649 0.00105366 4.83293e-04 0.001761632 0.0 14 19.4983776302 2.2975089336 0 0 0 2 8 4 0 0 0 0 6 
418 2 5.10892 26.2913 26.392 -0.00516908 -0.00320424 -0.00455566 0.0075987223 0.0 14 13.8836145793 2.0904337523 0 0 3 2 3 3 2 1 0 0 8 
807 1 9.66227 7.98174 5.70641 -5.62406e-04 -0.00612468 0.0030658 0.0068722002 0.0 14 21.6522306614 2.3165946326 0 0 0 4 5 4 1 0 0 0 7 
395 2 1.86366 3.29435 9.2064 -0.00244689 -0.00174962 3.03871e-04 0.003023372 0.0 17 15.2252442077 2.0832660572 0 0 5 2 4 2 0 2 1 1 10 
476 2 8.32996 1.9766 3.52062 0.0014797 -0.00209275 6.4883e-04 0.0026438788 0.0 13 12.5073681801 1.9943443804 0 0 0 4 5 3 1 0 0 0 7 
23 2 7.40009 26.4613 0.897174 -0.00177483 0.00151448 -0.00141808 0.0027303154 0.0 14 13.4494060356 1.9964580562 0 0 0 5 3 5 1 0 0 0 7 
42 1 7.2186 8.59918 6.92355 -0.00300872 3.13397e-04 -0.00166969 0.0034552103 0.0 14 21.1360682985 2.2179047263 0 0 0 4 6 2 2 0 0 0 7 
254 2 2.94452 26.4362 5.68071 6.11302e-04 -0.00145491 0.00103692 0.0018882946 0.0 15 12.8225642586 2.1171720841 0 0 3 2 3 5 1 0 1 0 9 
487 2 3.54394 5.00027 6.63206 6.36838e-04 8.27818e-04 -0.00181156 0.0020910751 0.0 14 13.8989784622 2.0830821826 0 0 2 3 4 1 4 0 0 0 7 
360 2 1.13186 3.9306 7.02564 0.00137368 -0.00216448 2.06064e-06 0.0025635863 0.0 17 13.8891390809 2.0832660572 0 0 5 1 3 4 2 1 0 1 10 
962 1 5.66381 6.85031 1.0914 -7.96897e-04 0.00382442 8.59899e-04 0.0040000824 0.0 14 19.7969880299 2.2539282558 0 0 0 4 4 6 0 0 0 0 6 
515 2 5.46829 4.07735 2.66941 1.37979e-04 0.00408803 0.00297321 0.0050567781 0.0 13 14.8118840559 1.9983642345 0 0 1 3 4 4 1 0 0 0 7 
919 2 5.38745 4.40086 5.09456 -8.78071e-04 -0.0038856 0.00196683 0.00444267 0.0 14 13.7060858936 2.0767175378 0 0 0 5 2 7 0 0 0 0 6 
895 2 0.349693 3.6872 4.45607 0.00322411 0.00152239 0.00159171 0.0039046251 0.0 13 16.1575010769 2.2667246159 0 0 1 2 5 5 0 0 0 0 6 
291 2 6.15431 6.29119 3.8288 -0.00245103 0.00166731 -7.37104e-04 0.0030546347 0.0 14 17.7563269683 2.2539282558 0 0 0 5 3 5 1 0 0 0 7 
737 2 3.72259 0.994731 3.82914 1.87336e-04 8.8955e-04 -6.25678e-04 0.0011035701 0.0 15 13.2306619847 1.8906869495 0 0 1 3 5 4 2 0 0 0 7 
749 2 3.03178 8.45922 7.0391 0.0016664 0.00368266 -0.00203438 0.0045252155 0.0 15 18.3855370801 2.2794301294 0 0 2 4 2 4 2 1 0 0 8 
787 2 3.33479 3.41638 4.40369 -0.00174308 6.68772e-04 -4.23309e-04 0.00191436 0.0 15 15.0049451955 2.1979370822 0 0 0 4 4 7 0 0 0 0 6 
729 2 6.10604 2.18461 4.29201 0.00130642 0.00324328 -0.00409283 0.0053830155 0.0 13 13.3342913073 1.8871029092 0 0 0 1 10 2 0 0 0 0 6 
137 2 1.05777 0.604553 1.3152 -0.00311505 0.0042349 -0.00294395 0.0060253428 0.0 13 15.8499975104 2.1779507425 0 0 1 3 5 2 2 0 0 0 7 
798 1 3.137 6.32251 2.46899 0.00427092 -0.00244935 1.43128e-04 0.0049255009 0.0 16 22.6970791078 2.201817625 0 0 0 4 4 8 0 0 0 0 6 
297 2 4.33243 6.95209 5.53102 -0.00381976 -0.00141616 0.0011129 0.0042231057 0.0 15 18.2394038898 2.2121259138 0 0 2 3 3 5 1 1 0 0 8 
501 2 3.21966 2.92421 1.83225 0.00110558 0.00515331 0.00194963 0.0056196057 0.0 13 15.8251787466 2.1641565186 0 0 2 2 4 3 2 0 0 0 7 
188 2 8.79779 5.83746 4.10198 -0.00534121 0.00175669 0.00429602 0.007076035 0.0 13 16.3471077738 2.2492164033 0 0 1 0 9 3 0 0 0 0 6 
221 2 8.25825 3.75159 5.11044 -0.00183421 0.00320108 -0.001309 0.0039146801 0.0 14 12.993378549 1.9173508689 0 0 1 1 8 3 1 0 0 0 7 
390 2 6.48058 0.527788 8.09872 -0.00129341 0.00436167 6.84803e-05 0.0045499191 0.0 13 12.321114825 2.1006273013 0 0 2 3 4 2 0 2 0 0 8 
277 2 3.51571 2.34225 6.49864 5.55276e-04 3.82796e-04 0.00121835 0.0013925663 0.0 15 13.2597344472 1.851554879 0 0 0 2 9 3 1 0 0 0 7 
849 1 3.11261 8.55684 0.149259 -0.00133229 -0.00226121 -0.00210935 0.0033671093 0.0 15 21.2547729498 2.192429949 0 0 1 3 5 4 2 0 0 0 7 
940 2 0.684931 26.2895 4.98292 0.0015922 9.83999e-04 -2.03696e-04 0.0018827764 0.0 13 11.2918867262 1.8617173968 0 0 3 1 3 4 2 0 0 0 7 
610 2 7.88502 1.67631 9.30701 -5.8522e-04 -0.00113493 -0.00106692 0.0016639912 0.0 15 12.9550608191 1.9296233164 0 0 3 1 6 2 1 2 0 0 8 
766 1 3.33547 5.32078 26.5831 5.18839e-04 0.00502876 0.00159533 0.0053011979 0.0 14 20.3882368149 2.192429949 0 0 0 2 8 4 0 0 0 0 6 
754 2 7.98981 0.865178 5.74142 0.00140748 -0.00144533 -0.00377796 0.0042828683 0.0 16 14.2562596604 1.9318875576 0 0 1 1 8 5 1 0 0 0 7 
345 2 7.87025 4.15341 2.48139 -8.69044e-04 -0.00392917 0.00157513 0.0043214175 0.0 17 13.8072190609 2.2539282558 0 0 0 4 6 5 2 0 0 0 7 
373 2 6.75875 26.7005 3.38244 -0.00218458 -5.72849e-04 0.00184778 0.0029180193 0.0 15 15.2859180473 2.0513725301 0 0 1 4 4 3 3 0 0 0 7 
602 2 7.44768 5.72551 6.12242 -7.21206e-04 0.00294247 0.00268887 0.0040507147 0.0 16 16.3003161745 2.2179047263 0 0 1 5 3 4 2 1 0 0 8 
765 2 5.68964 1.57673 1.62538 0.00142397 0.00258363 -1.45703e-04 0.0029536526 0.0 16 14.5584885486 2.0633029614 0 0 0 4 6 4 2 0 0 0 7 
425 2 2.03642 1.13547 7.93935 -4.79376e-04 6.4895e-05 -0.00239605 0.0024443953 0.0 16 12.759474741 2.1351213913 0 0 0 3 7 5 1 0 0 0 7 
994 2 5.564 6.2197 7.64185 9.87546e-04 6.39612e-05 -6.98442e-04 0.0012112635 0.0 12 16.6844184668 2.2180034301 0 0 0 3 6 3 0 0 0 0 6 
216 1 0.537985 4.76374 1.50709 0.00152059 3.03161e-04 -0.00285888 0.0032522754 0.0 16 23.3753884989 2.3142009108 0 0 0 3 6 7 0 0 0 0 6 
58 2 1.5557 1.93995 3.21304 0.00188627 0.00206619 -0.00156646 0.0032063925 0.0 15 14.545261467 2.1603263693 0 0 2 2 5 3 3 0 0 0 7 
292 2 1.45163 1.95732 5.85226 -5.15233e-04 -0.00122196 0.00332181 0.0035767405 0.0 12 11.8469255091 1.8378392606 0 0 0 2 8 2 0 0 0 0 6 
279 2 5.82987 3.80786 0.246271 -0.00524025 -0.00150894 7.61675e-04 0.0055061119 0.0 13 14.5848503485 2.0565973858 0 0 0 5 2 6 0 0 0 0 6 
592 2 5.86876 2.44149 6.83757 -0.0020074 -0.00649914 -0.0010633 0.0068846992 0.0 16 14.3721895084 1.9462688269 0 0 3 3 4 3 1 1 0 1 10 
473 2 14.4905 1.16379 8.29493 -0.00149047 0.00287012 6.48653e-04 0.0032984603 0.0 15 14.4499284292 1.9507882541 0 0 0 4 5 5 1 0 0 0 7 
235 1 8.52019 8.13447 1.05586 2.80922e-04 2.40808e-04 -0.00167595 0.0017163083 0.0 15 22.0935462665 2.2539282558 0 0 0 2 8 5 0 0 0 0 6 
969 2 15.2146 4.02664 8.41131 -4.7378e-05 -0.00127838 0.00167579 0.0021082628 0.0 12 11.2726128685 1.8639316853 0 0 1 2 6 2 1 0 0 0 7 
250 2 13.7818 8.31676 9.83378 -7.19413e-04 -6.7603e-04 0.00135333 0.0016751339 0.0 14 13.3507447533 2.0264139753 0 0 0 2 8 4 0 0 0 0 6 
549 2 11.7146 1.41531 26.6229 0.00144228 -0.00470617 0.00218646 0.0053859832 0.0 13 12.2473851998 1.9290652982 0 0 0 3 6 4 0 0 0 0 6 
811 2 14.138 0.441913 1.75253 8.53729e-04 -5.64184e-04 0.00173799 0.0020168704 0.0 13 14.3514206464 2.3017897416 0 0 1 2 6 3 1 0 0 0 7 
202 2 10.4503 0.941326 6.94333 9.75847e-04 0.00183915 -7.49535e-04 0.0022128156 0.0 16 14.40079342 1.945654128 0 0 2 1 8 3 1 0 1 0 9 
637 2 16.0671 7.23695 7.07693 -0.00236557 -0.00442231 -0.00186733 0.0053516043 0.0 13 12.603797114 2.1235329818 0 0 1 3 4 4 1 0 0 0 7 
843 2 14.5286 2.93454 2.6769 2.9684e-05 -0.00206648 0.00293978 0.0035935396 0.0 15 15.3239523504 2.1285288219 0 0 0 4 5 5 1 0 0 0 7 
662 1 15.0096 7.92992 1.70013 -0.00389542 -0.0012041 0.00322225 0.0051968307 0.0 16 23.5100278669 2.4989056682 0 0 0 3 8 3 2 0 0 0 7 
668 2 13.8976 7.81715 6.93014 0.00566355 -7.35726e-04 -6.61143e-04 0.0057492783 0.0 13 14.0531627243 2.1225631806 0 0 0 2 8 3 0 0 0 0 6 
146 2 14.456 5.45967 6.6553 0.00207578 -2.16449e-05 0.00147109 0.002544295 0.0 16 13.3244292111 1.9758028347 0 0 0 3 7 5 1 0 0 0 7 
861 2 18.6259 7.5161 5.32855 1.7906e-04 -0.00188825 4.77357e-04 0.0019558682 0.0 13 16.475136268 2.1818919497 0 0 1 2 6 3 1 0 0 0 7 
494 2 9.9503 6.47556 8.33215 0.00132655 -0.0016957 0.00140125 0.0025687808 0.0 14 17.3395855915 2.1327617709 0 0 2 2 4 4 2 0 0 0 7 
445 2 10.2131 1.74374 1.65798 0.00234218 -0.00382167 0.00367483 0.0057961491 0.0 14 12.0036357249 1.9943443804 0 0 0 4 4 6 0 0 0 0 6 
886 2 12.9318 4.19733 5.17975 0.00206655 -0.00259821 -1.08324e-04 0.0033216048 0.0 16 15.451472146 2.0271348634 0 0 0 3 7 5 1 0 0 0 7 
253 1 11.4691 7.2454 0.160795 7.07634e-05 -0.00386131 0.00328181 0.005068037 0.0 18 24.5569003037 2.4989056682 0 0 1 3 7 4 2 1 0 0 8 
898 1 16.6586 2.00252 0.0669232 0.00321192 -5.61193e-04 -0.00137811 0.0035398524 0.0 15 21.6317077866 2.3149185388 0 0 0 4 5 5 1 0 0 0 7 
422 2 13.1838 7.51116 4.43446 0.00103741 -3.87036e-04 4.09018e-04 0.0011803864 0.0 15 19.3386641538 2.4989056682 0 0 0 4 6 3 2 0 0 0 7 
482 2 10.7155 2.88548 5.77132 -0.00366293 -4.3383e-04 2.01735e-06 0.0036885321 0.0 13 12.5045249543 1.9243175001 0 0 0 2 8 3 0 0 0 0 6 
973 2 14.7664 26.1049 6.03132 3.68462e-04 0.00204782 0.00142109 0.002519688 0.0 15 17.1841725381 2.2059498856 0 0 0 3 6 6 0 0 0 0 6 
83 2 14.9261 2.90972 6.50368 0.00285734 -7.61999e-04 0.00150534 0.0033182952 0.0 14 14.2381573024 2.0737434956 0 0 1 4 4 2 3 0 0 0 7 
720 2 10.1978 3.64321 3.32043 0.00196622 0.00118022 -0.00173144 0.0028734691 0.0 15 13.3618811603 2.0271348634 0 0 0 2 8 5 0 0 0 0 6 
336 2 9.95939 4.90265 6.24589 -0.00239246 4.97065e-04 -0.00176538 0.0030145489 0.0 13 13.7761203509 2.1113108562 0 0 0 3 6 4 0 0 0 0 6 
406 2 11.4719 4.39208 8.0165 -0.00150754 8.82344e-04 -0.00288426 0.0033719673 0.0 14 12.9959826589 1.8857159005 0 0 1 1 7 5 0 0 0 0 6 
286 2 12.9631 6.21227 8.74021 4.7026e-04 -0.0026068 -1.56658e-04 0.0026535057 0.0 14 13.1335894552 1.8775441563 0 0 2 2 4 4 2 0 0 0 7 
674 2 16.1366 3.85904 4.44085 0.0024352 0.00312867 -1.08133e-04 0.0039661654 0.0 13 15.0464390954 1.9828930823 0 0 1 2 6 3 1 0 0 0 7 
986 2 11.8504 8.60309 8.44664 7.30558e-05 -0.00160298 0.00113428 0.0019650631 0.0 15 18.3807290574 2.3173472659 0 0 0 2 9 3 1 0 0 0 7 
857 2 15.6527 1.01041 4.06282 -0.00123836 -8.83252e-05 1.31149e-04 0.0012484137 0.0 14 18.392488495 2.3122802163 0 0 1 4 3 4 2 0 0 0 7 
219 1 17.6973 8.07337 2.07144 0.00287352 0.00312839 -0.00379805 0.0056981686 0.0 15 23.7670743474 2.271649733 0 0 0 0 12 3 0 0 0 0 6 
566 2 8.78167 2.99463 7.49587 -0.00191077 -0.00174096 -9.29678e-04 0.0027470502 0.0 14 13.7158454745 1.9877304511 0 0 2 2 5 3 1 1 0 0 8 
230 2 12.6732 2.59548 7.26645 0.00340939 0.00387517 3.62865e-04 0.0051742201 0.0 13 12.875303272 1.8857159005 0 0 0 2 8 3 0 0 0 0 6 
94 2 12.7938 1.59643 5.03123 -5.34919e-05 0.00156866 0.001775 0.0023694262 0.0 15 14.5893376341 1.9794535476 0 0 0 4 5 5 1 0 0 0 7 
339 1 17.0162 4.6744 1.54348 -0.00208142 -0.0016672 -0.001042 0.0028631502 0.0 16 22.5063398882 2.2525633765 0 0 1 1 8 5 1 0 0 0 7 
394 2 13.516 26.5866 4.05444 -0.00140908 -0.00113975 7.84882e-04 0.0019749877 0.0 13 12.1439387298 1.8591126378 0 0 1 3 5 2 2 0 0 0 7 
1 2 11.9826 3.95167 1.72322 -0.00316001 -0.00422056 -0.0021531 0.0056951409 0.0 14 12.4281805196 2.0057344623 0 0 0 3 6 5 0 0 0 0 6 
391 2 17.1493 5.12752 6.59734 -0.0045107 -0.00121302 -0.0049549 0.0068094689 0.0 15 12.6054469377 1.7960272896 0 0 1 4 3 5 2 0 0 0 7 
224 2 14.3785 5.25165 3.41545 -0.0039286 -4.16125e-04 0.00151302 0.0042304004 0.0 11 14.8123187628 2.0991239834 0 0 0 2 8 1 0 0 0 0 6 
539 2 12.4152 1.80862 2.58187 -0.00218752 0.00185169 0.00210961 0.0035587152 0.0 12 12.2935661527 1.9495327691 0 0 0 2 8 2 0 0 0 0 6 
660 2 13.7823 5.17525 0.99838 -3.63377e-04 0.00352267 -9.14229e-04 0.0036574665 0.0 13 19.0252735389 2.2411416353 0 0 0 3 6 4 0 0 0 0 6 
448 2 17.1008 2.64215 7.50837 4.12524e-04 -0.00138691 3.52425e-05 0.0014473899 0.0 13 11.8612660356 2.0774527139 0 0 2 2 5 1 3 0 0 0 7 
423 2 9.88917 5.47193 2.03342 0.00111659 0.00171616 8.20467e-04 0.0022057072 0.0 12 14.5714151524 2.2096590295 0 0 2 2 4 3 0 1 0 0 8 
450 2 13.8377 2.52929 0.552689 3.8008e-04 0.00271011 9.53238e-04 0.0028978992 0.0 13 15.2508972523 2.2411416353 0 0 0 3 6 4 0 0 0 0 6 
285 2 16.4001 6.16523 4.53625 4.77154e-04 5.49019e-04 -0.00362604 0.0036982785 0.0 13 16.7426367348 2.198769798 0 0 0 1 10 2 0 0 0 0 6 
921 2 11.9557 5.81568 2.9722 0.00385714 -0.00109442 -1.98047e-04 0.0040142878 0.0 14 17.3712158834 2.4091185927 0 0 0 4 5 4 1 0 0 0 7 
906 2 12.207 6.33912 6.27372 -3.57507e-04 -0.00181584 0.00177644 0.0025653119 0.0 13 14.9786552708 2.1558379226 0 0 1 1 8 2 1 0 0 0 7 
931 2 26.0024 2.81741 9.80048 6.04241e-04 -0.00129453 -0.0017273 0.0022415353 0.0 17 13.5546016765 1.9825606755 0 0 3 2 3 6 2 1 0 0 8 
30 1 18.5702 26.5138 0.666373 -0.00208899 0.0010598 -0.00239552 0.0033504584 0.0 13 22.5716264081 2.3540677599 0 0 0 3 6 4 0 0 0 0 6 
361 2 19.629 3.5531 7.7051 0.00219214 0.00125138 -0.0026001 0.0036238032 0.0 14 14.5241453586 2.0870979848 0 0 0 0 12 2 0 0 0 0 6 
35 2 23.2175 5.44422 9.68933 -0.00231111 4.00762e-04 -2.48012e-04 0.0023586754 0.0 16 13.3893587929 2.041981315 0 0 0 3 7 5 1 0 0 0 7 
681 2 26.074 8.14255 4.59039 -0.00331554 -0.00239305 0.00217422 0.004631061 0.0 14 17.308010813 2.2972886343 0 0 1 5 2 3 3 0 0 0 7 
638 2 23.9487 0.959042 6.52225 -0.00300647 -0.0032751 -6.70466e-04 0.0044960723 0.0 14 16.3784068201 2.2993792252 0 0 2 4 2 4 0 2 0 0 8 
244 1 25.014 2.60414 2.21581 -9.2808e-04 -9.77482e-04 -0.00201366 0.0024231447 0.0 15 21.0625569264 2.1964786916 0 0 0 4 4 7 0 0 0 0 6 
966 2 1.61629 5.74749 5.03259 0.00171178 -0.00155372 -0.00397158 0.0045953982 0.0 14 17.8076459443 2.3142009108 0 0 1 3 4 5 1 0 0 0 7 
127 2 26.3935 8.49268 6.9332 -5.92758e-04 -0.00127542 0.00256287 0.002923416 0.0 15 14.111002201 1.9464038359 0 0 0 3 7 4 1 0 0 0 7 
457 1 24.5568 5.32053 2.92857 0.00141313 0.00210655 -9.98006e-04 0.0027258953 0.0 17 22.493931036 2.3142009108 0 0 1 4 4 5 3 0 0 0 7 
437 1 20.5322 0.0632639 2.66379 7.3456e-04 0.00377997 0.00541297 0.0066428906 0.0 15 23.2112201796 2.3215734721 0 0 2 3 4 3 2 1 0 0 8 
212 2 24.1805 7.5875 7.8696 -1.65951e-04 -0.0022357 0.00258221 0.0034196056 0.0 12 12.2991324624 1.9447503599 0 0 0 2 8 2 0 0 0 0 6 
826 2 23.4306 5.24052 7.11081 0.00141892 2.69806e-04 -5.26071e-04 0.0015371662 0.0 12 12.2583781186 1.9017612026 0 0 0 2 8 2 0 0 0 0 6 
523 2 18.6456 5.02128 4.75688 0.00113301 0.00292278 0.00473171 0.0056758642 0.0 15 16.938088846 2.2097834463 0 0 0 2 8 5 0 0 0 0 6 
562 1 0.355573 7.64511 1.9027 0.00433305 0.00231057 -0.00120866 0.0050571647 0.0 15 23.848521293 2.3142009108 0 0 1 4 3 5 2 0 0 0 7 
636 2 23.6538 0.251303 3.82457 9.29003e-04 2.71946e-04 -0.00210732 0.0023190081 0.0 12 18.1030824036 2.2050641488 0 0 0 4 4 4 0 0 0 0 6 
3 2 25.7757 5.05384 8.16389 0.00290106 -0.00145927 0.00320338 0.0045614977 0.0 15 14.6132468055 1.9825606755 0 0 1 2 6 5 1 0 0 0 7 
34 1 23.157 3.90892 0.55289 1.77065e-04 -0.0027248 -0.00188554 0.003318305 0.0 14 22.106073316 2.2754175564 0 0 0 2 8 4 0 0 0 0 6 
369 2 0.0296517 0.463474 6.96481 -0.00238549 -0.00237334 8.70621e-06 0.0033650232 0.0 13 11.9073193259 2.1269765129 0 0 0 5 3 4 1 0 0 0 7 
85 1 20.4928 8.60573 1.60866 -1.91688e-04 9.64124e-04 4.83722e-04 0.0010955667 0.0 12 21.9146870412 2.2644887193 0 0 0 3 6 3 0 0 0 0 6 
132 2 23.3813 7.07516 5.64018 -5.29823e-04 0.00279598 0.00284293 0.0040224952 0.0 16 15.7028322148 2.2131624716 0 0 0 4 5 6 1 0 0 0 7 
5 2 19.2439 1.2012 7.20856 -0.00398575 -0.00248674 -0.00251666 0.0053295081 0.0 13 18.4512734244 2.2280546648 0 0 0 5 2 6 0 0 0 0 6 
593 2 24.7347 3.71967 5.41307 -0.00155005 -0.00418012 -9.91804e-04 0.0045672457 0.0 15 15.3830653861 1.9801678216 0 0 1 5 2 5 1 1 0 0 8 
896 1 19.7889 5.49118 1.57585 0.00158884 0.00278029 8.97351e-04 0.0033256073 0.0 15 24.9518998041 2.2754175564 0 0 0 5 3 6 1 0 0 0 7 
19 1 23.3203 0.771218 0.494295 0.0034353 6.23381e-04 0.00123595 0.0037037093 0.0 15 23.1865371694 2.325107795 0 0 0 4 4 7 0 0 0 0 6 
691 2 22.7191 2.27972 4.14792 7.46769e-04 -0.00419658 -0.00344262 0.005479104 0.0 14 18.5875269141 2.2474756261 0 0 0 2 8 4 0 0 0 0 6 
665 2 22.1804 2.89534 6.9559 -9.40214e-04 -2.34097e-04 0.00242635 0.0026126573 0.0 16 16.7999150048 2.0943680555 0 0 2 1 8 2 2 1 0 0 8 
965 1 18.0621 2.31896 2.38253 -0.00138533 -8.11203e-04 7.41793e-04 0.0017684588 0.0 15 23.0056957034 2.3540677599 0 0 1 3 6 2 3 0 0 0 7 
371 2 24.6103 0.657342 8.64403 -5.62979e-04 6.66161e-04 3.40499e-04 9.3629877783e-04 0.0 15 16.7861194896 2.3382384244 0 0 1 3 5 5 0 1 0 0 8 
314 2 21.949 4.85784 4.35402 0.00330387 -0.00310517 -3.7275e-04 0.0045493494 0.0 15 18.2485629979 2.2754175564 0 0 1 4 3 5 2 0 0 0 7 
201 2 21.0339 5.71299 6.28495 5.33385e-04 0.00241198 -9.06961e-04 0.0026314873 0.0 14 13.2513213407 1.917410358 0 0 1 2 6 4 1 0 0 0 7 
477 2 20.6747 8.4436 6.11028 3.02516e-04 7.6714e-04 0.00155904 0.0017636965 0.0 13 13.6415438591 2.0842590061 0 0 2 2 3 5 1 0 0 0 7 
846 1 20.6716 2.51673 1.0756 0.00153157 0.00320188 0.00427672 0.0055577042 0.0 17 24.5333872835 2.325107795 0 0 2 2 5 5 3 0 0 0 7 
65 2 20.7715 7.01116 4.17259 -0.00291607 0.00403507 -7.32578e-04 0.0050320895 0.0 14 17.6563875873 2.2402935354 0 0 1 0 10 2 1 0 0 0 7 
872 2 23.9495 3.59141 8.55789 8.05279e-04 -9.02858e-05 0.00367796 0.0037661672 0.0 14 11.6044909526 1.8911302319 0 0 1 4 2 6 1 0 0 0 7 
666 1 22.5162 6.80486 1.10097 -7.4206e-04 -0.00137911 9.98236e-04 0.0018571679 0.0 13 21.9938123512 2.2435017392 0 0 0 4 4 5 0 0 0 0 6 
261 2 24.1051 8.50371 3.23933 -0.00434351 0.00105512 -0.00100939 0.0045823821 0.0 15 19.9155476824 2.2644887193 0 0 2 3 2 6 2 0 0 0 7 
564 2 25.797 5.86262 5.70194 -0.00208697 -2.3232e-04 -0.00106302 0.0023535989 0.0 14 15.4021699522 2.3110362788 0 0 2 3 2 5 2 0 0 0 7 
318 2 19.1064 6.06192 7.57405 0.00127458 -3.3149e-05 1.5461e-04 0.0012843509 0.0 15 12.9089315618 1.8405593232 0 0 1 5 2 4 3 0 0 0 7 
793 2 20.4115 3.07012 4.44571 0.00320184 -0.00153477 -5.11307e-04 0.0035873017 0.0 14 19.3108451221 2.2642889491 0 0 1 3 4 5 1 0 0 0 7 
880 2 18.1946 2.61651 5.53806 0.00172141 9.74969e-04 -5.07123e-04 0.0020423003 0.0 14 16.2264046778 2.275587738 0 0 3 2 2 4 3 0 0 0 7 
56 2 25.7596 1.24655 4.90873 6.45993e-04 8.67231e-04 0.00527746 0.0053871125 0.0 13 13.2678420318 1.9138315955 0 0 0 1 10 2 0 0 0 0 6 
362 2 25.7921 2.71957 7.25285 0.00229085 -5.27699e-04 0.00176577 0.0029401367 0.0 15 13.0411331444 1.9790639925 0 0 3 2 4 3 1 2 0 0 8 
97 1 6.04175 9.69253 0.346082 -7.74462e-04 -2.71116e-04 5.49053e-04 9.87296547e-04 0.0 13 21.69586645 2.3794656948 0 0 1 4 3 3 2 0 0 0 7 
598 1 0.626733 10.0972 25.8117 0.00131591 -6.04579e-04 -0.00112885 0.0018361474 0.0 15 22.5719315762 2.2158333021 0 0 0 3 6 6 0 0 0 0 6 
718 2 3.27767 18.6064 3.63844 0.00155196 -0.00117849 -0.00433788 0.0047554833 0.0 12 14.8156118853 2.3609128426 0 0 0 4 4 4 0 0 0 0 6 
158 2 0.824836 17.6454 3.49557 -0.00408872 -0.00277577 0.00323882 0.0059086788 0.0 12 15.8578302939 2.1742678165 0 0 0 4 4 4 0 0 0 0 6 
472 1 4.29499 11.702 2.2158 -0.00683643 0.00331967 0.00108521 0.0076768916 0.0 15 21.5257366794 2.3794656948 0 0 1 3 6 2 3 0 0 0 7 
764 1 4.95562 13.0276 6.30481 -0.00203425 0.00187062 4.32152e-04 0.0027971678 0.0 13 22.3040128456 2.3683437929 0 0 1 2 5 5 0 0 0 0 6 
190 2 2.50028 15.7755 3.45665 0.00271538 9.47704e-04 0.00357461 0.0045879481 0.0 13 19.6330688526 2.3609128426 0 0 0 3 6 4 0 0 0 0 6 
234 1 6.93016 13.354 1.2253 -0.00255696 0.00292981 -0.00182303 0.0042947956 0.0 14 21.8345432755 2.3574249728 0 0 1 3 4 5 1 0 0 0 7 
680 1 7.40944 12.4781 4.11088 -6.34401e-04 8.74649e-04 -0.00286112 0.0030583465 0.0 13 21.2634390855 2.3774363887 0 0 0 3 6 4 0 0 0 0 6 
255 1 6.02815 15.6494 7.35881 -0.00216884 -3.76291e-04 -0.00115013 0.0024835984 0.0 16 22.2895919358 2.2425115881 0 0 0 3 7 5 1 0 0 0 7 
567 2 1.79098 16.5109 8.32587 -6.1458e-04 8.12951e-04 -0.00261025 0.0028021426 0.0 14 17.8176272262 2.2505613415 0 0 1 4 3 4 2 0 0 0 7 
719 1 1.94138 10.1263 2.20911 -0.00318935 -5.45349e-04 0.00172731 0.0036678275 0.0 13 21.5177450662 2.2632544492 0 0 0 4 4 5 0 0 0 0 6 
603 1 1.33903 13.1415 1.99052 -0.00212541 -0.00171017 5.99775e-05 0.0027286712 0.0 17 22.3659851258 2.2902691386 0 0 1 5 3 5 2 1 0 0 8 
859 1 4.78382 8.86106 2.83157 -8.18347e-04 1.41226e-04 -1.71277e-05 8.3062022224e-04 0.0 12 20.627819386 2.2975089336 0 0 0 3 6 3 0 0 0 0 6 
640 2 26.4431 13.1026 6.47558 0.00193798 -0.00250037 -2.5608e-04 0.0031738295 0.0 13 12.4695679495 1.9234849347 0 0 0 3 6 4 0 0 0 0 6 
218 1 6.09518 16.4405 2.03734 -0.00183582 -1.37787e-05 -9.19393e-04 0.002053219 0.0 17 24.0468346166 2.3609128426 0 0 1 3 5 6 2 0 0 0 7 
281 2 4.42539 17.2402 4.93728 0.00420964 -0.00129125 -9.9801e-04 0.0045149108 0.0 14 17.264574863 2.1621616588 0 0 1 2 7 2 2 0 0 0 7 
850 1 5.03147 14.0642 3.60785 -8.82531e-04 0.00231142 2.74492e-04 0.0024893512 0.0 14 21.201523597 2.2000828214 0 0 0 3 6 5 0 0 0 0 6 
856 1 5.44558 10.2316 5.19672 5.63616e-04 -0.00196226 3.96952e-04 0.0020798313 0.0 17 25.0816723459 2.3710530882 0 0 0 5 4 6 2 0 0 0 7 
110 1 7.3596 15.3102 4.60295 0.00118399 0.0012328 -0.00177766 0.002466111 0.0 15 21.3786062365 2.3013835175 0 0 1 4 4 3 3 0 0 0 7 
210 1 2.34594 11.9757 4.26327 -1.80814e-04 4.44206e-04 -0.00429156 0.0043182751 0.0 18 22.8470896315 2.3710530882 0 0 3 3 4 3 3 2 0 0 8 
574 1 8.48471 13.7976 6.66566 3.355e-04 0.0031896 -0.00109464 0.003388856 0.0 14 21.090022289 2.1848345293 0 0 1 4 3 4 2 0 0 0 7 
453 2 3.23708 15.4628 6.19 -0.00193562 -0.0026967 0.0029934 0.0044698165 0.0 13 17.4065516189 2.2428819498 0 0 0 1 10 2 0 0 0 0 6 
37 1 3.7135 11.0589 8.52366 0.00474863 0.00140052 0.00241256 0.005507394 0.0 14 22.3755727635 2.3710530882 0 0 1 1 8 3 1 0 0 0 7 
106 2 0.350505 15.3975 6.90552 0.0034443 0.0012557 0.00511801 0.0062955549 0.0 12 11.9526275127 1.7842681013 0 0 0 3 6 3 0 0 0 0 6 
576 1 26.6147 15.4194 1.64449 -0.00154432 0.00222792 -0.00286214 0.003942131 0.0 14 21.0772191711 2.2902691386 0 0 0 4 5 4 1 0 0 0 7 
475 1 1.94753 16.9593 0.510719 -0.00356499 -0.0015946 0.00295982 0.0049002487 0.0 15 24.1134018739 2.3609128426 0 0 0 4 4 7 0 0 0 0 6 
840 1 8.07292 16.0094 26.6659 -0.00323281 0.00219527 0.0025237 0.0046518096 0.0 12 21.053188636 2.2418596025 0 0 0 2 8 2 0 0 0 0 6 
535 1 6.98913 11.4727 8.10679 0.00325408 2.95024e-04 0.0023504 0.004024979 0.0 15 22.6153810743 2.2226559317 0 0 0 5 3 6 1 0 0 0 7 
187 2 1.23655 10.515 6.67947 -0.00163144 9.5399e-04 -0.00122213 0.0022506211 0.0 13 16.3395630105 2.3710530882 0 0 1 1 9 0 2 0 0 0 7 
367 1 8.94176 11.2599 1.91843 0.00193407 0.00308551 -0.00134488 0.0038819713 0.0 15 21.3959384692 2.3794656948 0 0 0 4 4 7 0 0 0 0 6 
296 1 4.58806 13.9677 8.9585 -0.0021433 -0.00200871 0.00282974 0.004078735 0.0 16 23.4578614141 2.2505613415 0 0 0 4 5 6 1 0 0 0 7 
452 1 9.42735 14.1308 2.805 -0.00394144 0.00109507 -0.00122507 0.004270237 0.0 15 21.2435145049 2.3013835175 0 0 0 4 6 3 2 0 0 0 7 
537 1 8.71351 10.7096 5.79692 -0.00286008 4.39403e-04 -0.00201126 0.0035239608 0.0 14 21.4951618801 2.3173472659 0 0 0 4 4 6 0 0 0 0 6 
295 2 0.562612 14.6298 4.69997 -8.42058e-04 -0.00222453 -0.00302177 0.0038456065 0.0 15 16.1114206451 2.1378633704 0 0 1 2 7 3 2 0 0 0 7 
914 1 7.4015 9.18538 3.4184 0.00231119 0.00210879 -0.00372059 0.0048612122 0.0 15 21.9243351176 2.3794656948 0 0 0 3 7 4 1 0 0 0 7 
757 1 4.06676 14.4974 0.763059 -0.00184993 -0.00175133 -0.00127494 0.002848661 0.0 12 22.579156291 2.290055057 0 0 1 3 3 5 0 0 0 0 6 
748 2 1.55611 17.332 5.57742 0.00120617 -4.39786e-04 -3.59962e-05 0.0012843495 0.0 14 13.7324073493 2.0517298829 0 0 0 2 8 4 0 0 0 0 6 
561 2 0.25039 18.0928 7.40575 -3.04588e-04 0.00119644 0.00208857 0.0024261837 0.0 14 17.5690779511 2.3654454416 0 0 0 5 4 3 2 0 0 0 7 
632 1 11.6945 10.1077 0.665088 0.00175791 0.00339883 -0.00425545 0.0057228618 0.0 15 21.4923108232 2.4989056682 0 0 0 7 0 6 2 0 0 0 7 
17 1 13.733 15.4377 0.918304 -5.06496e-04 0.00293982 -0.00220366 0.0037088 0.0 15 22.0750716259 2.2721765349 0 0 3 2 3 4 2 1 0 0 8 
53 1 12.2693 17.3075 7.23774 -0.00394853 -6.04637e-04 -0.00415085 0.0057607318 0.0 15 23.3945734263 2.3629392604 0 0 0 4 4 7 0 0 0 0 6 
700 2 16.0686 8.92026 8.61148 -0.00163515 -0.00536622 9.17851e-04 0.005684407 0.0 12 11.8395938356 2.0848702448 0 0 1 1 7 3 0 0 0 0 6 
732 1 17.4156 16.3464 8.58075 -0.00429125 0.00223513 0.00356 0.0060070153 0.0 13 23.6003899962 2.4204744029 0 0 2 4 1 3 3 0 0 0 7 
163 2 15.8354 11.7356 8.03748 -0.00389894 0.00107412 -5.72671e-04 0.0040845341 0.0 15 18.9771966932 2.4272914434 0 0 1 3 4 6 1 0 0 0 7 
55 1 11.2725 14.5069 8.69295 0.0011778 0.0010081 0.00205505 0.0025742395 0.0 14 20.9224434803 2.4277929637 0 0 1 4 3 4 2 0 0 0 7 
383 1 16.1157 13.8283 0.857457 -0.00352289 -0.00165131 4.88306e-04 0.003921227 0.0 14 22.0170080407 2.3286075591 0 0 0 3 6 5 0 0 0 0 6 
738 1 15.6641 16.5895 2.95419 0.00548301 0.00715203 0.00359577 0.0097028085 0.0 15 23.1683114999 2.2721765349 0 0 1 2 6 5 1 0 0 0 7 
830 1 14.3497 15.8666 5.3343 0.00205566 9.02697e-04 5.43749e-04 0.0023100353 0.0 13 23.502791856 2.3001072509 0 0 0 3 6 4 0 0 0 0 6 
312 1 13.2713 10.4601 3.18474 6.09442e-04 -0.00300447 0.00111419 0.0032618521 0.0 14 22.358816527 2.4977537178 0 0 1 3 4 5 1 0 0 0 7 
532 1 8.96585 16.3613 7.63254 -8.59723e-04 9.838e-04 -0.00175201 0.0021855263 0.0 14 22.693020762 2.2207062995 0 0 0 4 4 6 0 0 0 0 6 
459 2 14.1967 10.1059 7.86237 -0.00381808 -0.003584 0.00182026 0.0055440182 0.0 14 16.9120659648 2.3241122493 0 0 1 4 3 4 2 0 0 0 7 
829 1 15.8445 9.1668 4.40135 -4.91194e-04 -7.99076e-04 -0.00206629 0.0022692176 0.0 16 22.9633948039 2.3241122493 0 0 1 1 9 3 2 0 0 0 7 
985 1 11.7206 13.162 1.5058 -9.19259e-06 0.00434176 0.0012025 0.0045052159 0.0 14 20.3498353718 2.1481639128 0 0 1 3 4 5 1 0 0 0 7 
28 1 10.4083 9.09158 3.17547 0.00324001 0.00427236 -0.00232477 0.0058442519 0.0 14 22.8521479089 2.4947579983 0 0 0 2 8 4 0 0 0 0 6 
382 1 11.1893 14.5258 5.84975 6.34308e-04 -2.21515e-05 -2.49713e-04 6.8205125188e-04 0.0 13 21.2874117458 2.2242415055 0 0 1 4 2 5 1 0 0 0 7 
128 1 10.9845 12.0779 4.00783 -8.7453e-04 -0.00405668 5.95634e-05 0.0041503016 0.0 15 21.3648128708 2.1568764127 0 0 0 3 6 6 0 0 0 0 6 
353 1 16.7431 14.1188 6.455 -0.00145746 0.00182396 0.00323696 0.0039911063 0.0 15 22.0297418953 2.4395877398 0 0 0 5 4 4 2 0 0 0 7 
656 1 13.8988 12.8697 5.53513 -0.00135323 0.00104424 -1.42949e-04 0.001715256 0.0 17 23.0985623541 2.3241122493 0 0 1 4 4 5 3 0 0 0 7 
918 1 10.1171 17.1396 1.70146 0.00684606 -5.83006e-04 -4.92983e-05 0.0068710162 0.0 17 22.5239221348 2.3013835175 0 0 2 3 3 6 3 0 0 0 7 
357 1 12.0086 15.3589 3.42817 -8.78551e-04 0.00493768 -0.00329234 0.0059993365 0.0 15 21.3052412314 2.2637917367 0 0 2 3 3 4 3 0 0 0 7 
509 1 10.9329 11.9915 7.4195 -0.00421013 -0.0064134 -0.00508801 0.0092056906 0.0 15 23.7884167177 2.3173472659 0 0 1 3 5 4 2 0 0 0 7 
366 1 12.2557 10.069 5.61834 -4.62608e-04 0.00152368 8.59766e-04 0.0018096421 0.0 13 21.4513985171 2.3241122493 0 0 0 1 10 2 0 0 0 0 6 
84 1 17.1189 14.3514 3.48062 -0.00179206 -0.00249362 -0.00192783 0.0036257617 0.0 15 21.079859751 2.2626865625 0 0 1 3 4 6 1 0 0 0 7 
553 1 16.3166 11.9484 4.80982 1.60023e-04 -0.00310784 4.78988e-04 0.0031486039 0.0 13 21.3091216721 2.3167738067 0 0 1 4 3 3 2 0 0 0 7 
276 1 14.2365 13.3764 2.9552 6.34248e-04 0.00297637 -0.0016434 0.0034585853 0.0 13 20.249469477 2.1231710054 0 0 0 3 6 4 0 0 0 0 6 
805 1 16.4762 11.0042 2.04078 -0.00183812 0.00122167 4.4809e-04 0.0022520984 0.0 14 22.7164761647 2.3286075591 0 0 0 2 8 4 0 0 0 0 6 
923 1 17.5916 17.038 5.52672 -0.00267468 -6.70151e-04 -0.00326556 0.0042739791 0.0 14 22.4723703014 2.240701626 0 0 1 1 8 3 1 0 0 0 7 
247 2 17.6648 9.155 6.8539 8.7228e-04 0.00330848 0.00345827 0.0048648272 0.0 15 17.2389052036 2.23460565 0 0 0 5 3 6 1 0 0 0 7 
600 2 25.9924 16.8785 5.26486 -0.00207486 -9.56847e-04 -0.00334597 0.0040516806 0.0 12 15.5625612105 2.1585385979 0 0 0 2 8 2 0 0 0 0 6 
466 2 26.257 11.2056 4.85917 2.96405e-04 2.28211e-04 -0.0026446 0.0026709259 0.0 16 16.3714078094 2.1755164679 0 0 3 1 6 2 3 1 0 0 8 
429 2 23.0063 12.1423 8.00762 0.00303996 -6.02294e-04 0.00155311 0.0034664485 0.0 14 13.4208699969 2.0394248231 0 0 1 0 10 2 1 0 0 0 7 
21 2 19.9859 8.42575 8.23701 -3.39256e-04 -0.00293551 -2.92772e-04 0.0029695166 0.0 14 12.800167799 1.9956526785 0 0 2 2 5 2 3 0 0 0 7 
493 1 18.3306 15.6132 0.931122 0.00437926 8.83188e-04 9.78008e-04 0.0045732307 0.0 13 20.3425156245 2.1166971052 0 0 0 4 4 5 0 0 0 0 6 
150 1 21.598 17.6382 8.01241 0.00143135 -0.00100666 1.77625e-04 0.0017588854 0.0 12 21.0420117115 2.2294688602 0 0 0 0 12 0 0 0 0 0 5 
351 2 24.7917 9.61142 8.86571 8.59884e-04 -0.00302219 4.09857e-04 0.0031687562 0.0 12 11.5756353794 1.7756126946 0 0 0 0 12 0 0 0 0 0 5 
370 2 18.6236 11.5332 7.378 -0.00205859 0.00257617 -1.75393e-04 0.0033023033 0.0 13 17.4679365178 2.1240787992 0 0 0 5 2 6 0 0 0 0 6 
92 1 19.2339 10.5442 3.84134 0.00267254 9.1142e-04 6.51128e-04 0.0028977792 0.0 18 25.2848271838 2.3872187848 0 0 0 3 7 7 1 0 0 0 7 
945 2 22.2061 9.67907 7.98943 0.00406327 -0.00113546 0.00123201 0.0043951429 0.0 14 13.0620303801 1.9298092235 0 0 1 1 8 3 1 0 0 0 7 
136 2 25.2021 16.2372 7.94357 -1.3681e-04 7.24812e-04 5.13431e-04 8.9871063374e-04 0.0 14 17.0232633218 2.1932986173 0 0 0 4 4 6 0 0 0 0 6 
194 1 19.6548 13.4602 2.14142 5.86699e-04 -9.54042e-04 -4.99109e-04 0.0012261817 0.0 15 22.3587796698 2.2626865625 0 0 1 4 3 5 2 0 0 0 7 
992 1 22.0848 16.3305 2.40089 9.36171e-04 -0.00438269 0.00362469 0.0057639193 0.0 14 20.1113068213 2.1295632227 0 0 1 4 4 2 3 0 0 0 7 
198 1 19.1991 11.0098 0.777479 -0.0014341 -6.6015e-04 6.09958e-04 0.0016924803 0.0 14 22.5958122315 2.3286075591 0 0 0 1 10 3 0 0 0 0 6 
692 2 25.7484 11.1916 7.52704 0.00188416 4.36073e-04 2.85184e-04 0.0019548781 0.0 12 12.1696261167 1.8080239653 0 0 0 0 12 0 0 0 0 0 5 
108 2 24.8214 15.4906 3.74851 -0.00127288 -0.00117584 0.00126631 0.0021462442 0.0 12 17.6639424844 2.180779836 0 0 0 2 8 2 0 0 0 0 6 
551 2 21.1083 10.8353 6.40946 -0.0010351 -0.00146109 0.00153151 0.0023562128 0.0 16 17.3193201507 2.3872187848 0 0 0 5 4 5 2 0 0 0 7 
929 1 23.8466 13.6755 1.46004 -0.00176017 -3.41257e-04 -0.00290752 0.0034158933 0.0 16 23.682893322 2.3465351873 0 0 1 4 4 4 3 0 0 0 7 
449 1 19.4797 16.8819 3.22341 -0.00111727 -0.00169525 -0.00162869 0.0026028438 0.0 14 22.045529636 2.2753759852 0 0 0 3 6 5 0 0 0 0 6 
788 2 23.9897 12.1986 5.98311 -0.00331758 0.00188673 -8.79783e-04 0.0039166446 0.0 14 13.926781152 2.2450014004 0 0 1 3 4 5 1 0 0 0 7 
217 1 19.6867 15.666 6.67204 -0.00251002 -0.00122466 3.89142e-04 0.0028198269 0.0 15 22.5226564357 2.2753759852 0 0 1 3 6 3 1 1 0 0 8 
890 1 22.1477 16.6956 5.19332 -0.00110116 0.00170165 0.00396719 0.0044549705 0.0 14 23.0573213912 2.2561757712 0 0 0 2 9 2 1 0 0 0 7 
363 1 24.1651 16.6819 0.728909 0.00100926 -0.00119153 -0.00272369 0.00313956 0.0 14 20.6248543918 2.1840148079 0 0 1 4 3 4 2 0 0 0 7 
951 1 21.9946 11.4098 1.89136 -0.00221938 -0.00145539 0.0029388 0.0039598426 0.0 16 26.9141591026 2.3872187848 0 0 1 1 8 5 1 0 0 0 7 
139 1 22.0248 13.9021 3.86665 -0.00530278 -0.00228878 8.19075e-04 0.0058334272 0.0 18 24.0530386467 2.3872187848 0 0 1 3 6 5 3 0 0 0 7 
259 1 24.3642 8.69085 0.286044 -0.00461676 -6.95842e-04 5.40584e-04 0.0047000957 0.0 14 23.1490756607 2.351789824 0 0 0 4 4 6 0 0 0 0 6 
485 2 22.5201 14.3915 7.60741 0.00345882 0.00240156 6.71207e-04 0.0042639706 0.0 14 17.041442177 2.2369739813 0 0 1 1 8 3 1 0 0 0 7 
372 2 24.3294 14.6154 6.06138 -0.00317935 0.00242202 -4.20367e-04 0.00401885 0.0 14 15.3202696257 2.1436504215 0 0 2 0 6 6 0 0 0 0 6 
411 1 26.0672 10.901 1.74585 0.00129472 -4.45047e-04 0.00278626 0.0031044503 0.0 15 24.2322107149 2.351789824 0 0 1 3 5 4 2 0 0 0 7 
233 2 24.0794 9.60571 6.40641 -9.63962e-04 0.00172522 -0.0017867 0.0026641891 0.0 15 13.701494973 1.8974041802 0 0 1 3 6 2 3 0 0 0 7 
236 2 25.2857 13.1241 4.09536 0.0015007 3.00391e-04 0.0013202 0.0020212034 0.0 13 15.8163755594 2.2012954285 0 0 1 3 5 2 2 0 0 0 7 
568 2 24.0263 10.9286 4.18218 -0.00249207 0.00142357 -6.57462e-04 0.002944354 0.0 12 16.2265674389 2.3735594577 0 0 1 2 5 4 0 0 0 0 6 
836 2 20.5941 12.789 7.71385 -0.00331019 -1.23208e-04 0.00532707 0.0062729748 0.0 13 14.7652532593 2.2450014004 0 0 1 5 1 4 2 0 0 0 7 
911 1 19.3146 13.1933 5.05698 -9.05316e-04 0.00127449 -0.00219307 0.0026932281 0.0 14 21.7647704078 2.3068479795 0 0 2 5 0 4 2 1 0 0 8 
15 2 22.2869 9.26936 4.65755 -0.0027251 0.00333259 -2.65217e-04 0.0043130808 0.0 12 16.2273587799 2.3650599098 0 0 2 2 4 2 2 0 0 0 7 
257 2 7.39049 21.1691 6.33259 0.00245468 0.00302854 -0.00297874 0.0049061594 0.0 13 15.5698092327 2.1625242754 0 0 0 2 8 3 0 0 0 0 6 
825 2 6.59636 21.7172 1.19951 -0.00317826 0.00330007 0.00257584 0.0052561155 0.0 14 13.4357351375 2.0774520938 0 0 1 3 5 3 2 0 0 0 7 
634 2 5.4536 19.6235 4.57462 -4.04006e-04 0.00243188 0.0030288 0.0039052389 0.0 13 13.13859626 2.1121580052 0 0 1 4 2 5 1 0 0 0 7 
687 2 5.65884 23.1054 2.83798 9.63673e-04 7.40981e-04 -7.8921e-04 0.0014493346 0.0 12 12.58291325 1.9184091181 0 0 0 2 8 2 0 0 0 0 6 
313 2 1.33798 19.8672 3.37749 -2.02768e-04 -1.60144e-04 0.00368197 0.0036910248 0.0 13 17.2254726123 2.1542824689 0 0 0 3 6 4 0 0 0 0 6 
943 2 1.76901 20.3613 8.00945 0.00329406 0.00167161 -0.00403624 0.0054714116 0.0 15 17.505305622 2.3317448301 0 0 4 3 0 3 4 1 0 0 8 
111 2 6.41506 22.6428 7.88628 -0.00214683 0.00188365 0.00275895 0.0039709975 0.0 17 20.2420469416 2.2545740284 0 0 2 3 3 7 1 1 0 0 8 
342 2 2.09394 22.1119 9.88714 9.77107e-04 0.00103202 -0.00266102 0.0030167583 0.0 14 20.5250953851 2.3779383014 0 0 1 2 5 6 0 0 0 0 6 
717 2 4.28205 26.1509 7.8271 7.99368e-05 -0.00264504 -0.00495398 0.005616453 0.0 17 15.500556028 2.2545740284 0 0 2 2 6 4 2 1 0 0 8 
772 2 4.41071 24.5989 6.13107 -0.00287074 -0.00460802 0.00111218 0.0055418355 0.0 14 15.6536499499 2.190126553 0 0 1 4 3 5 0 1 0 0 8 
797 2 5.38805 22.25 5.16168 -9.85774e-04 0.00257157 0.00148698 0.0031298294 0.0 15 13.6053432804 2.0304679745 0 0 2 2 4 6 0 1 0 0 8 
76 2 6.94344 24.6497 4.63591 -4.56002e-04 -3.82345e-04 0.00109061 0.0012423992 0.0 15 14.9722686901 2.0559849714 0 0 1 5 2 4 3 0 0 0 7 
740 2 5.30171 0.0634975 5.64049 -0.00431221 8.87204e-04 -6.13618e-04 0.0044450886 0.0 13 13.1162209751 1.851554879 0 0 0 1 10 2 0 0 0 0 6 
879 2 26.7928 20.4732 6.15597 0.00210168 0.00347253 9.68538e-05 0.0040601606 0.0 17 19.6459184365 2.3701565905 0 0 0 4 6 5 2 0 0 0 7 
808 2 4.71966 19.4752 1.77938 1.42232e-04 -0.00190503 0.00176391 0.0026001438 0.0 15 18.2458597807 2.3584421785 0 0 2 2 4 5 2 0 0 0 7 
413 2 2.7872 20.3655 0.595662 -0.00353734 0.00110846 -2.83461e-04 0.0037177692 0.0 16 22.0195980344 2.4712923611 0 0 0 4 6 4 2 0 0 0 7 
957 2 1.44376 22.2673 1.92558 1.58479e-04 -0.00146419 -7.26546e-04 0.0016422049 0.0 13 16.3569624917 2.3699597892 0 0 0 3 6 4 0 0 0 0 6 
935 2 8.21077 22.6597 4.45967 0.00241813 -0.0040569 -0.00279214 0.005486514 0.0 14 13.2519780035 2.0980639402 0 0 0 4 6 2 2 0 0 0 7 
462 2 1.84213 24.3538 5.97046 0.00225502 0.00275389 0.00378737 0.0051974221 0.0 17 14.3181568811 2.1351213913 0 0 3 3 4 2 4 0 1 0 9 
605 2 3.90035 21.1969 3.7496 -0.00141975 -7.43992e-04 -0.0030431 0.003439429 0.0 16 13.6529961113 1.9095755177 0 0 0 2 8 6 0 0 0 0 6 
196 2 2.08078 26.1399 3.04779 0.00223361 0.00224515 -1.722e-04 0.0031716502 0.0 13 11.9895343827 1.8938228486 0 0 0 1 10 2 0 0 0 0 6 
428 2 3.48537 0.477384 1.13586 -2.66173e-04 -0.00280481 -0.00385554 0.0047752483 0.0 13 13.1016154786 2.0633029614 0 0 1 3 4 4 1 0 0 0 7 
98 2 0.62711 22.6624 7.31307 -0.00184234 -0.00340784 0.00137827 0.0041118388 0.0 14 15.6849896183 2.422589497 0 0 1 4 5 1 2 1 0 0 8 
588 2 2.65365 26.4267 9.62165 -5.85207e-04 -8.48692e-04 -0.00103674 0.0014620449 0.0 11 15.2864192726 2.1822026555 0 0 0 4 4 3 0 0 0 0 6 
514 2 6.91003 19.2079 0.728472 1.44509e-04 -0.00132521 -0.00229195 0.0026514334 0.0 13 17.7744867859 2.1877950249 0 0 0 1 10 2 0 0 0 0 6 
290 2 8.91209 20.1165 1.82387 0.00150505 0.00317385 -5.07486e-04 0.0035490902 0.0 13 15.8064576196 2.1189117704 0 0 0 4 4 5 0 0 0 0 6 
26 2 9.19675 19.8727 4.56409 0.00275288 -1.89571e-04 -0.00157541 0.0031774521 0.0 14 18.5402206966 2.3448330464 0 0 0 4 6 2 2 0 0 0 7 
162 2 7.15829 18.3714 5.82375 8.42747e-04 0.00105698 -0.00357012 0.0038174843 0.0 14 19.0677689847 2.1364464979 0 0 0 2 8 4 0 0 0 0 6 
231 2 26.4632 24.9342 7.36043 4.56204e-04 0.00165034 -0.00209232 0.0027036174 0.0 13 16.559941223 2.3382384244 0 0 1 2 6 3 1 0 0 0 7 
744 2 0.851392 24.7143 1.40001 0.00127078 -5.56848e-04 0.00241075 0.0027814883 0.0 15 15.9809529174 2.4304090936 0 0 0 2 8 5 0 0 0 0 6 
722 2 8.73637 26.3461 8.15523 9.83236e-04 -0.00512972 -0.00321424 0.006132872 0.0 14 13.3562636154 1.945654128 0 0 3 2 4 2 2 0 1 0 9 
126 2 1.78845 24.2646 8.88404 -0.00176522 -1.10615e-04 0.00225473 0.0028656665 0.0 17 18.1767826769 2.422589497 0 0 2 3 4 4 4 0 0 0 7 
124 2 7.03616 21.0436 3.38315 -1.12174e-04 -0.0015565 0.0024361 0.0028930708 0.0 15 12.9614568679 1.9503933268 0 0 0 3 6 6 0 0 0 0 6 
786 2 4.35356 25.416 3.40349 -1.88423e-04 -7.98322e-04 1.10528e-04 8.2767003171e-04 0.0 15 14.1969140776 2.0633029614 0 0 1 2 6 5 1 0 0 0 7 
647 2 5.862 24.4929 1.09646 -0.00269424 0.00540669 9.94059e-04 0.0061220404 0.0 16 13.5633408714 2.0633029614 0 0 0 6 3 4 3 0 0 0 7 
725 2 2.85989 23.3797 3.50874 2.67122e-04 0.00493511 7.42331e-04 0.0049977715 0.0 15 13.816732605 1.9205871557 0 0 1 3 5 4 2 0 0 0 7 
214 2 3.34774 22.083 6.18448 0.00202289 -0.00312535 -7.89713e-04 0.0038057251 0.0 13 12.7790832996 2.061615577 0 0 1 3 5 3 0 1 0 0 8 
616 2 1.37736 22.2544 4.93306 -9.43436e-04 -0.00273763 0.00236487 0.0037386227 0.0 13 13.4244714195 2.0549819405 0 0 0 1 10 2 0 0 0 0 6 
776 2 3.95216 18.0047 7.23102 -9.16901e-05 7.62574e-04 -0.00284541 0.0029472503 0.0 17 19.339073967 2.2505613415 0 0 1 4 4 5 3 0 0 0 7 
278 2 7.42068 18.6875 3.3264 -0.00147408 0.00351403 -0.00152501 0.0041045066 0.0 12 16.7739966322 2.3012090723 0 0 0 4 4 4 0 0 0 0 6 
489 2 3.85103 21.8448 8.23842 0.00445746 -6.21121e-04 0.00205959 0.0049494092 0.0 15 16.6319029868 2.1992311204 0 0 5 1 1 4 2 2 0 0 8 
269 2 5.23909 20.1755 6.90264 -0.00122879 -6.63429e-04 -0.00306343 0.0033666996 0.0 13 15.3651908056 2.151745948 0 0 1 4 3 3 2 0 0 0 7 
175 2 0.127918 24.2207 3.39494 -0.00243697 -0.00110199 0.00343678 0.0043548435 0.0 13 14.951950579 2.0786970738 0 0 0 3 6 4 0 0 0 0 6 
273 1 7.26145 19.1361 8.67211 -9.67202e-04 0.00177761 -0.00129071 0.0024002728 0.0 14 21.7910568876 2.2207062995 0 0 0 1 10 3 0 0 0 0 6 
852 2 4.06033 22.5296 1.15098 -7.96385e-04 -0.00239797 -8.87186e-04 0.0026779821 0.0 14 13.5499534356 2.0774686721 0 0 1 2 7 2 2 0 0 0 7 
9 2 2.56148 19.935 5.548 4.39607e-04 0.00106267 0.00231811 0.0025876931 0.0 14 14.0268654406 1.9820620372 0 0 1 2 6 4 1 0 0 0 7 
79 2 7.17893 25.3088 6.78245 -7.27098e-04 -0.00122145 -0.00324083 0.0035388686 0.0 14 14.3851829694 2.249117219 0 0 2 0 8 2 2 0 0 0 7 
768 1 13.1089 19.9613 6.31504 -0.00110859 -0.00120373 -0.00267607 0.003136764 0.0 15 24.7377697491 2.3436771367 0 0 1 5 3 3 2 1 0 0 8 
432 2 15.9058 25.5118 3.0953 8.95442e-04 0.00405997 0.00178632 0.0045250538 0.0 15 20.7994338517 2.3540677599 0 0 0 2 8 5 0 0 0 0 6 
947 1 14.5981 19.465 1.50034 -0.00466182 6.75971e-04 9.03446e-04 0.0047964275 0.0 14 22.4050596712 2.2509534395 0 0 1 1 8 3 1 0 0 0 7 
724 2 9.94957 23.7556 3.63499 1.89322e-04 6.35972e-04 0.00112832 0.0013089726 0.0 13 13.2983389323 1.961953191 0 0 1 4 4 1 3 0 0 0 7 
513 2 14.1568 22.597 1.02084 9.2103e-04 -0.00286498 -0.00324664 0.0044268587 0.0 15 20.794356344 2.397945396 0 0 0 4 4 7 0 0 0 0 6 
804 1 10.0984 19.3378 7.51013 0.0020466 0.00132938 1.32507e-04 0.0024440501 0.0 16 24.6745202589 2.3629392604 0 0 1 2 7 4 2 0 0 0 7 
141 2 9.32406 25.6978 5.4977 -0.00373487 -0.00375749 2.89068e-04 0.005305803 0.0 14 14.7294277074 2.0479555287 0 0 0 3 6 5 0 0 0 0 6 
569 2 12.6223 26.3897 7.26862 -0.00215915 1.71953e-04 -8.7599e-04 0.0023364193 0.0 12 13.5148290769 1.9231678255 0 0 1 2 5 4 0 0 0 0 6 
712 2 10.251 0.937677 4.1073 -0.00101918 7.55813e-04 0.00115328 0.0017146533 0.0 14 14.6991091464 1.9935975982 0 0 0 2 8 4 0 0 0 0 6 
384 1 17.5498 19.0471 2.4137 -1.16349e-04 -3.70935e-04 0.00317237 0.0031961009 0.0 15 22.856197831 2.355000545 0 0 0 2 8 5 0 0 0 0 6 
988 2 9.94988 26.6906 0.228873 -9.13659e-04 -0.00252611 7.44532e-04 0.0027875316 0.0 12 11.7803485272 1.9783962379 0 0 0 3 6 3 0 0 0 0 6 
386 2 13.2672 24.4954 26.3839 -8.8017e-04 -0.00442353 -0.00503348 0.0067585677 0.0 13 16.5229084473 2.1679753297 0 0 2 2 5 1 3 0 0 0 7 
430 2 9.66667 22.442 0.277951 0.00300539 -8.2377e-04 -5.08996e-04 0.0031575375 0.0 16 13.4406496944 1.9428054826 0 0 0 4 5 6 1 0 0 0 7 
191 1 16.5551 20.1841 9.39294 -0.00124368 3.08532e-04 -0.00267633 0.0029672671 0.0 15 22.1220233464 2.3039675882 0 0 1 3 5 4 2 0 0 0 7 
385 2 10.4078 21.5667 3.29106 -0.00264879 0.00265319 -0.00317557 0.004913222 0.0 14 13.8712554084 2.2751942648 0 0 0 3 7 3 1 0 0 0 7 
72 1 17.1851 21.0209 0.294641 -0.00338443 -5.7532e-04 2.10083e-04 0.0034394032 0.0 15 26.4582724697 2.4716490648 0 0 1 3 4 6 1 0 0 0 7 
496 2 14.2948 24.0746 4.60222 -0.00227499 5.57195e-05 -6.02208e-04 0.0023540048 0.0 14 19.1049872845 2.1955663297 0 0 1 3 4 5 1 0 0 0 7 
467 2 13.264 24.968 2.32791 -0.00112464 -5.1941e-05 -3.67433e-04 0.0011842804 0.0 15 14.8926180598 2.1444061181 0 0 5 1 2 3 2 1 1 0 9 
32 2 11.7134 22.9625 1.87581 -0.00207405 8.18445e-04 -7.87728e-05 0.0022310851 0.0 15 14.3264726157 2.080387064 0 0 2 3 4 4 1 0 1 0 9 
239 2 11.675 26.4082 1.85239 -0.00258008 0.00400186 2.75595e-04 0.0047694495 0.0 16 13.3837322271 1.9495425957 0 0 1 3 7 2 2 1 0 0 8 
419 1 17.6891 20.0727 5.41011 -3.37488e-04 -0.00127324 -0.00147284 0.0019759291 0.0 13 20.2441207638 2.2483042642 0 0 0 2 8 3 0 0 0 0 6 
609 1 16.1534 25.5878 26.6331 -0.00267316 -2.83265e-04 0.00131322 0.0029917504 0.0 16 23.7075417455 2.397945396 0 0 0 3 6 7 0 0 0 0 6 
697 1 9.753 16.7619 4.63122 2.5197e-05 -0.00324101 -0.00305838 0.0044562842 0.0 13 22.4463480421 2.3629392604 0 0 1 2 6 3 1 0 0 0 7 
545 2 9.45206 25.4914 2.22418 -2.42787e-04 -5.99809e-04 -0.00234742 0.0024349737 0.0 16 15.2556686626 1.9943443804 0 0 0 4 6 4 2 0 0 0 7 
41 1 15.1155 19.1392 4.56683 0.00135514 -6.95622e-04 -1.40883e-04 0.0015297524 0.0 13 22.1292526544 2.3001072509 0 0 0 1 10 2 0 0 0 0 6 
893 2 9.71086 22.2903 6.31806 0.00325616 -0.00441137 -2.57948e-04 0.0054890163 0.0 15 16.5812475096 2.2533949373 0 0 2 3 4 3 2 1 0 0 8 
324 2 11.7013 22.5856 5.33076 -0.00134614 0.00422486 0.00536894 0.0069632644 0.0 15 16.3632783681 2.2549730135 0 0 2 5 1 4 1 2 0 0 8 
256 2 12.8371 21.5567 3.50552 0.00180467 0.00185859 7.23735e-04 0.0026897924 0.0 13 18.9303058635 2.2602039824 0 0 1 0 9 3 0 0 0 0 6 
483 2 13.2089 23.7567 7.22807 -1.12749e-04 -0.00387376 0.00601134 0.007152268 0.0 13 18.6511078716 2.1814160384 0 0 0 1 10 2 0 0 0 0 6 
248 1 16.4189 24.0333 7.42591 0.00174336 -0.0012549 0.00111031 0.0024180294 0.0 14 22.9847499893 2.2468003408 0 0 0 3 6 5 0 0 0 0 6 
938 1 15.2476 17.8148 7.5843 -0.00205429 -0.00138984 -0.00521579 0.0057754851 0.0 15 24.2502507787 2.3039675882 0 0 1 3 5 4 2 0 0 0 7 
166 1 11.2613 21.6718 8.8457 -0.00208185 -0.00238308 4.95326e-04 0.0032028921 0.0 14 23.5126103463 2.2983813359 0 0 0 3 6 5 0 0 0 0 6 
160 2 11.3064 20.7923 1.09072 -0.00331336 -0.0023982 0.00194119 0.0045274647 0.0 15 17.5597144756 2.1920847381 0 0 0 4 5 5 1 0 0 0 7 
999 2 8.82668 23.8387 8.09514 -0.0035957 -0.00234922 -0.00117704 0.0044534612 0.0 14 16.4848349962 2.0980639402 0 0 0 4 5 4 1 0 0 0 7 
676 2 10.9975 24.5875 7.32328 -0.00334043 -0.00217453 -0.00220748 0.0045563166 0.0 11 13.9468670612 2.0084449155 0 0 0 3 6 2 0 0 0 0 6 
760 2 7.97231 23.5585 1.83413 -5.40421e-04 0.0014066 0.00383779 0.0041230099 0.0 15 13.9827400068 1.9503933268 0 0 0 4 6 3 2 0 0 0 7 
60 1 16.0473 21.6147 3.15194 -0.00124147 -1.44591e-04 0.00250735 0.0028015992 0.0 13 21.5033219012 2.1932539308 0 0 0 1 10 2 0 0 0 0 6 
293 1 12.097 18.5159 3.40983 3.33891e-04 -1.84107e-04 0.00239062 0.0024208351 0.0 17 25.7485927892 2.3629392604 0 0 1 3 4 8 1 0 0 0 7 
620 2 11.6692 25.1894 9.48323 -0.00185403 -0.00161913 0.00136699 0.002815612 0.0 15 16.9485514965 2.3450886581 0 0 0 3 7 4 1 0 0 0 7 
792 1 15.6384 21.5457 6.41434 -0.00183267 -4.61056e-04 -0.00226621 0.0029507558 0.0 15 22.0319435508 2.3039675882 0 0 0 2 9 3 1 0 0 0 7 
728 2 14.0181 25.5541 9.30288 -0.00206626 0.00185197 -5.07683e-05 0.0027752118 0.0 13 16.1616786748 2.2190328911 0 0 1 2 6 3 1 0 0 0 7 
689 2 11.5959 25.1779 4.9 0.00149335 0.0044693 5.34727e-04 0.0047424329 0.0 17 15.6544188996 2.0777796817 0 0 1 4 4 5 3 0 0 0 7 
525 1 21.5081 26.3881 8.55182 0.00239652 0.00185149 -0.00126909 0.0032835823 0.0 15 24.3709720123 2.4115893658 0 0 0 2 9 3 1 0 0 0 7 
123 1 26.3179 18.7963 1.02079 -3.31445e-04 -0.00209367 7.78695e-04 0.0022582462 0.0 14 21.5384778026 2.1938053738 0 0 0 2 8 4 0 0 0 0 6 
936 1 24.6336 21.9496 8.17637 -3.59342e-04 -0.00122641 0.00147706 0.0019531806 0.0 16 25.2942317881 2.3884703451 0 0 2 3 4 4 2 1 0 0 8 
116 1 17.6581 23.087 5.06147 -8.02298e-04 -0.00104403 -0.00244876 0.0027803069 0.0 14 20.2024612889 2.2059498856 0 0 0 1 10 3 0 0 0 0 6 
683 1 25.5226 21.7409 2.60795 -6.92521e-04 -0.00261238 0.00198884 0.0033555326 0.0 16 23.5401854522 2.4304090936 0 0 0 0 12 4 0 0 0 0 6 
505 1 23.5178 21.266 4.89496 -0.00126983 -0.00296428 0.00286212 0.0043117462 0.0 14 23.2090726116 2.3026692728 0 0 1 1 7 5 0 0 0 0 6 
182 1 21.6443 20.4414 7.87865 -0.00133506 4.85489e-04 -0.00243911 0.0028226481 0.0 15 22.8778652829 2.2934642433 0 0 1 1 8 4 1 0 0 0 7 
298 1 24.7117 18.9481 3.30583 2.50904e-04 -0.00105386 -0.00118448 0.0016051687 0.0 16 22.9953767175 2.2045487889 0 0 1 2 6 6 1 0 0 0 7 
785 1 20.736 21.7906 5.66457 0.00316937 -6.50025e-04 -0.00112512 0.0034253954 0.0 14 21.6708397747 2.2460681206 0 0 1 3 3 7 0 0 0 0 6 
300 1 24.4128 24.8337 1.23868 -0.00396031 0.00222203 0.00258458 0.0052250863 0.0 13 22.7535989441 2.4016570256 0 0 0 4 4 5 0 0 0 0 6 
624 1 24.0894 18.8401 6.46856 0.00251949 0.0014121 -0.00259915 0.003885542 0.0 14 22.615924089 2.3026692728 0 0 1 3 4 5 1 0 0 0 7 
400 1 20.1119 24.1104 3.7867 5.0155e-04 -3.77334e-04 0.00432223 0.0043675629 0.0 12 20.7422116765 2.2831129986 0 0 0 3 6 3 0 0 0 0 6 
868 1 18.3941 21.6814 7.74763 0.0012419 0.00134001 0.00143814 0.0023251213 0.0 14 21.4136488102 2.3161912811 0 0 0 3 6 5 0 0 0 0 6 
713 1 19.1707 21.3859 3.10777 0.00150599 -2.20359e-04 0.00277733 0.0031670374 0.0 12 20.3036887615 2.291153841 0 0 0 3 6 3 0 0 0 0 6 
301 1 20.2387 20.9559 0.615383 -0.00173795 0.00660204 0.0044218 0.0081338624 0.0 14 23.0982793254 2.3358775861 0 0 0 3 7 3 1 0 0 0 7 
982 1 21.9135 22.8758 9.51975 -0.00179926 5.7971e-04 0.00308097 0.0036146613 0.0 16 24.2441617761 2.3170243059 0 0 1 2 7 4 2 0 0 0 7 
837 1 21.2844 24.8454 0.958836 0.003311 -0.00336268 5.86903e-04 0.0047555013 0.0 16 23.3428875656 2.3316238158 0 0 1 5 3 4 2 1 0 0 8 
271 1 22.2274 22.2762 2.13566 2.00813e-04 0.00283934 0.00530624 0.0060214915 0.0 15 22.035004652 2.3002355713 0 0 2 2 4 5 2 0 0 0 7 
617 1 22.6656 23.9048 6.69185 -0.00223705 -0.00490043 3.73073e-04 0.0053997954 0.0 16 24.0849539598 2.3382384244 0 0 0 3 6 7 0 0 0 0 6 
702 1 21.3271 26.4104 5.59221 0.00338666 0.00199931 -0.00227278 0.004542272 0.0 15 21.8790797831 2.2574634829 0 0 1 1 7 6 0 0 0 0 6 
703 1 24.4467 24.5361 10.0145 -0.001885 -0.00262607 6.54586e-04 0.003298174 0.0 16 23.7059923421 2.422589497 0 0 0 2 9 4 1 0 0 0 7 
547 1 18.8863 18.7866 8.40398 -2.31083e-04 -0.00230099 -0.00269181 0.0035487738 0.0 14 22.2853779798 2.3695524398 0 0 0 1 10 3 0 0 0 0 6 
920 1 23.996 22.1284 26.5153 1.19964e-04 0.00469248 -3.53782e-04 0.0047073264 0.0 15 21.9647022262 2.4304090936 0 0 0 5 3 6 1 0 0 0 7 
746 1 19.8113 24.261 6.9762 -0.00222974 -1.21221e-04 0.00263613 0.0034547961 0.0 15 23.2212323344 2.3170243059 0 0 1 2 6 5 1 0 0 0 7 
573 2 25.6899 23.2416 5.34385 7.85501e-04 0.00143398 0.00545299 0.0056928385 0.0 13 17.3566105925 2.1050939694 0 0 1 0 9 3 0 0 0 0 6 
52 1 18.218 26.1041 5.12105 0.00176709 0.00682082 -0.00189525 0.0072964488 0.0 16 24.1605120651 2.3540677599 0 0 1 3 5 5 2 0 0 0 7 
781 1 23.1791 24.1907 3.79215 0.00401855 6.90481e-04 -0.00147044 0.0043344783 0.0 15 21.3434165218 2.1800207309 0 0 0 3 6 6 0 0 0 0 6 
828 1 23.4909 19.553 0.982704 -0.00439336 0.00338065 0.00290298 0.0062576113 0.0 15 20.6888811927 2.1712778801 0 0 1 3 4 6 1 0 0 0 7 
715 1 19.9814 18.8277 5.46659 0.00188206 -0.00190451 0.00251106 0.0036707943 0.0 15 21.3902750109 2.3026692728 0 0 0 3 7 4 1 0 0 0 7 
245 1 21.4145 19.2704 3.12769 0.0020323 5.54039e-04 0.00203177 0.002926652 0.0 14 22.6514540267 2.3026692728 0 0 0 2 9 2 1 0 0 0 7 
378 2 25.3408 25.6508 5.43669 -0.00113425 -3.34269e-04 1.65326e-04 0.0011939814 0.0 14 14.9116773887 2.3222847207 0 0 1 3 4 5 1 0 0 0 7 
207 1 17.968 23.786 2.03024 -0.00252983 3.94808e-04 -9.68645e-05 0.0025622833 0.0 15 23.8525222589 2.3877797131 0 0 0 3 6 6 0 0 0 0 6 
144 2 26.3659 26.5834 3.00532 0.00152802 0.0013985 0.00224942 0.0030578649 0.0 14 15.2573017478 2.1964786916 0 0 0 2 8 4 0 0 0 0 6 
591 2 9.10852 2.76375 11.4381 0.00131479 0.00273095 0.00153273 0.003396472 0.0 13 17.4568658244 2.268702347 0 0 0 4 4 5 0 0 0 0 6 
779 1 6.69838 3.75655 13.2091 -2.19822e-04 0.00355306 0.00117134 0.0037476118 0.0 13 21.2897205036 2.2968634779 0 0 0 3 6 4 0 0 0 0 6 
813 1 5.27338 5.29859 17.1986 -0.00230368 -8.50025e-04 0.00145919 0.0028563472 0.0 13 21.2955071437 2.2178528324 0 0 0 3 6 4 0 0 0 0 6 
831 1 8.49154 6.36575 16.6252 0.00492006 0.00139692 -0.00116977 0.005246593 0.0 17 22.4978495469 2.2428252635 0 0 2 4 2 6 2 1 0 0 8 
442 2 3.33667 6.84025 8.80579 -0.00359473 0.00252194 -0.00214565 0.0048873386 0.0 15 18.1738113696 2.2384347203 0 0 2 4 1 5 3 0 0 0 7 
967 1 5.75679 8.96136 9.2116 -0.00185323 -3.74105e-04 6.7319e-04 0.0020068883 0.0 14 21.4341447479 2.2384347203 0 0 0 3 6 5 0 0 0 0 6 
6 2 0.306992 5.76724 13.0982 -0.00136571 9.74035e-04 -1.3689e-05 0.0016775266 0.0 16 19.4498365064 2.4439477506 0 0 3 3 3 2 4 1 0 0 8 
780 1 7.72223 7.12913 9.87649 -1.25012e-04 -7.6065e-04 0.00163976 0.0018119132 0.0 14 21.4472385281 2.209272479 0 0 0 2 8 4 0 0 0 0 6 
910 1 6.38561 6.59751 14.4942 0.00149405 -0.00368057 -0.00153927 0.0042600626 0.0 15 22.2434462532 2.2178528324 0 0 0 2 9 3 1 0 0 0 7 
907 1 3.95314 4.39239 14.7493 -0.00119307 -0.00118485 6.01305e-04 0.0017857361 0.0 14 21.9994525223 2.2620359839 0 0 0 0 12 2 0 0 0 0 6 
148 2 5.84833 2.61738 10.6431 -1.68226e-04 4.49113e-04 0.0014947 0.0015697549 0.0 14 16.6327663284 2.2968634779 0 0 1 3 4 5 1 0 0 0 7 
223 1 8.18 5.93903 12.5236 9.15747e-04 0.00249699 0.00246802 0.0036283156 0.0 14 21.1196310996 2.2953873072 0 0 1 1 8 3 1 0 0 0 7 
698 1 4.74601 9.59137 15.5587 -5.43133e-04 -0.00544061 -0.00109797 0.0055768063 0.0 14 24.1840071957 2.3023743015 0 0 0 1 10 3 0 0 0 0 6 
580 1 3.21668 6.96011 15.8318 -9.17082e-04 0.00177043 -2.66893e-04 0.0020116395 0.0 14 22.6345743753 2.4272022123 0 0 2 2 5 3 1 1 0 0 8 
991 1 6.7968 2.7292 15.8173 0.00171844 -0.00408794 0.00127935 0.0046153034 0.0 14 22.0213215957 2.2178528324 0 0 1 1 9 1 2 0 0 0 7 
690 1 3.37424 9.01157 10.7775 0.00240762 6.67287e-04 0.00140113 0.0028644496 0.0 15 22.5562503131 2.2384347203 0 0 0 4 6 3 2 0 0 0 7 
560 1 3.99635 2.56827 16.7248 0.00447762 5.28984e-04 -0.00111188 0.0046438327 0.0 15 22.1864280725 2.3500468544 0 0 2 3 3 4 3 0 0 0 7 
341 2 4.24187 1.57765 9.03758 0.00172667 0.00192359 -1.60227e-04 0.0025898379 0.0 13 12.4935760383 1.9274331457 0 0 1 2 5 5 0 0 0 0 6 
95 1 5.33672 5.41317 11.4442 -1.4376e-06 3.2162e-04 5.41089e-04 6.2945913054e-04 0.0 17 22.6972654326 2.2968634779 0 0 0 1 10 6 0 0 0 0 6 
359 1 3.86008 7.01599 13.0306 -0.00298743 -0.00314 0.00153579 0.0045981506 0.0 14 21.9005737952 2.2537631943 0 0 0 3 7 3 1 0 0 0 7 
867 1 9.2042 1.33164 14.169 -0.00234602 -3.74301e-04 5.98776e-04 0.0024499885 0.0 17 23.6858332068 2.2727211163 0 0 1 3 7 2 4 0 0 0 7 
294 1 6.81251 0.819536 18.0287 4.12548e-04 0.00374577 -8.82117e-04 0.0038702867 0.0 15 24.4175710821 2.3500468544 0 0 1 2 7 3 2 0 0 0 7 
479 1 6.31137 7.87973 17.454 -0.00305577 -7.04394e-04 0.00169824 0.0035662193 0.0 13 20.049085849 2.1886543462 0 0 0 1 10 2 0 0 0 0 6 
838 1 1.41699 4.37829 16.4377 -0.00237929 -0.00146052 0.00369975 0.0046348991 0.0 17 24.2502629416 2.4439477506 0 0 2 3 4 5 2 1 0 0 8 
364 2 2.58565 4.73137 11.7856 -0.00122789 -3.35024e-04 5.72853e-04 0.0013957491 0.0 13 19.8402475582 2.2248034683 0 0 2 3 3 3 1 1 0 0 8 
635 2 1.28428 1.40321 10.6799 0.00319415 -7.48372e-04 -0.00115844 0.003479172 0.0 13 16.0700406498 2.2385451342 0 0 0 2 8 3 0 0 0 0 6 
152 1 1.95302 2.32401 14.2922 0.00201763 0.00146829 -0.00170024 0.0030195235 0.0 15 23.8056783147 2.2385451342 0 0 1 2 7 3 2 0 0 0 7 
11 2 1.28865 6.15764 9.89069 -0.00206376 -2.41227e-04 0.00210007 0.0029542494 0.0 16 17.1101896148 2.1986025161 0 0 5 2 2 2 2 2 1 0 9 
579 2 6.62845 4.15296 8.4635 0.00118884 8.39665e-04 0.00135633 0.0019894745 0.0 16 16.2109213832 2.1854011875 0 0 4 2 4 2 2 1 0 1 10 
145 2 4.15848 3.98126 8.77387 0.00393747 -7.87441e-04 -8.79094e-04 0.0041105401 0.0 14 15.5209737239 2.049846447 0 0 2 3 3 4 1 1 0 0 8 
519 1 7.04245 26.5704 15.2851 -7.70981e-04 0.00354917 2.00148e-04 0.003637455 0.0 17 23.5599882798 2.3500468544 0 0 2 5 3 1 5 1 0 0 8 
249 2 3.51885 2.39209 11.1737 0.00508543 0.00209847 5.39974e-05 0.0055016443 0.0 15 18.5758679137 2.2457985477 0 0 0 3 6 6 0 0 0 0 6 
855 1 4.91412 1.17957 13.8861 -3.03902e-04 -3.89175e-04 -0.00266967 0.0027149496 0.0 15 23.8853852291 2.2844623798 0 0 0 3 7 4 1 0 0 0 7 
8 1 1.58102 8.47826 14.179 -0.00270372 0.00641385 0.00243471 0.0073739668 0.0 15 23.795747809 2.4439477506 0 0 2 2 5 4 1 1 0 0 8 
528 2 15.6001 2.50372 12.8663 0.0022505 -0.00100394 0.00203438 0.00319552 0.0 14 15.9245562796 2.1383632591 0 0 0 2 8 4 0 0 0 0 6 
497 2 15.2269 4.55622 10.8861 0.00269652 0.00158161 0.0035 0.0046928361 0.0 15 14.3840626772 2.0178104657 0 0 1 2 7 3 2 0 0 0 7 
90 2 11.672 3.33355 13.2921 0.00237738 -0.00234408 0.00269888 0.0042930875 0.0 12 16.6165664778 2.264938254 0 0 0 4 4 4 0 0 0 0 6 
199 2 13.9 4.55935 13.2944 0.00317741 -0.00287988 -0.00201808 0.0047394398 0.0 14 13.9515699534 2.0178104657 0 0 1 1 8 3 1 0 0 0 7 
306 2 14.0124 8.7097 15.2618 -8.66609e-04 1.98622e-04 -0.0021516 0.0023280559 0.0 16 13.355842466 1.9704538792 0 0 1 3 5 5 2 0 0 0 7 
650 2 15.6276 6.83076 15.3282 -0.00222293 -8.43433e-05 -0.00170631 0.0028035737 0.0 14 12.5907185861 1.8494785219 0 0 1 2 6 4 1 0 0 0 7 
334 2 11.2834 1.54389 11.6891 -0.00179867 -0.0035852 -0.00430205 0.0058818795 0.0 13 14.3371164799 2.0575219866 0 0 1 2 5 5 0 0 0 0 6 
819 2 11.4427 25.9195 12.1766 6.42996e-06 0.00198862 0.00450794 0.0049270857 0.0 12 17.0329478444 2.1520256618 0 0 0 3 6 3 0 0 0 0 6 
100 2 11.4162 6.21057 12.7925 0.00188661 -9.32315e-04 0.00251866 0.0032820964 0.0 14 15.2025788549 2.2177239333 0 0 0 3 6 5 0 0 0 0 6 
686 2 16.3743 8.32206 10.7998 0.00362958 0.00318859 -5.04462e-04 0.0048575137 0.0 14 12.8192076435 1.9732345059 0 0 1 2 6 4 1 0 0 0 7 
451 2 16.6208 4.77245 16.7874 0.00200829 0.00252787 -0.00363333 0.0048604982 0.0 13 14.5348696114 2.1652426021 0 0 0 3 6 4 0 0 0 0 6 
905 2 13.4883 6.79405 11.5858 0.0022595 0.00207654 -0.00608583 0.0068157674 0.0 15 14.3498139164 2.0178104657 0 0 1 2 5 7 0 0 0 0 6 
774 2 16.8123 0.41832 7.66842 0.00171633 0.00401572 -0.00283031 0.0052040802 0.0 15 18.3899190312 2.2468003408 0 0 0 5 3 6 1 0 0 0 7 
502 2 11.4024 6.82765 15.9393 -0.00206037 0.0031495 5.35105e-05 0.0037639525 0.0 13 13.9724211607 2.0878657615 0 0 1 2 5 5 0 0 0 0 6 
696 2 15.7572 2.28148 10.1495 5.65057e-04 0.00186335 6.245e-04 0.0020448381 0.0 14 12.7347202606 1.9114339042 0 0 0 2 9 2 1 0 0 0 7 
389 1 16.3394 1.59134 16.4232 -0.00118572 1.34147e-04 -9.82205e-04 0.0015455271 0.0 16 22.2637595604 2.2107936095 0 0 0 3 8 3 2 0 0 0 7 
790 2 12.9866 0.574489 13.4651 -0.00182486 6.96027e-04 -0.00140422 0.002405494 0.0 14 18.5311872884 2.2475287105 0 0 0 4 5 4 1 0 0 0 7 
7 1 9.3099 4.29439 14.7746 -0.00224922 -8.35728e-05 -0.00438567 0.0049295108 0.0 16 22.6042057671 2.2285266218 0 0 1 4 5 3 2 1 0 0 8 
46 2 11.7459 7.99415 18.0416 -0.00349147 -0.00143263 -8.56531e-04 0.0038699402 0.0 14 17.0874725034 2.0878657615 0 0 0 4 4 6 0 0 0 0 6 
416 2 17.0432 1.10995 11.6161 0.00100339 0.00186815 -6.71999e-04 0.0022244906 0.0 11 14.1212162855 2.0509706907 0 0 0 2 8 1 0 0 0 0 6 
894 2 12.8484 3.10248 17.2335 0.00244911 0.00346374 -0.00125474 0.0044238001 0.0 13 17.5627918155 2.1913151407 0 0 0 3 6 4 0 0 0 0 6 
818 2 10.038 7.75287 13.9733 -0.001366 -9.27961e-04 0.00141009 0.0021715021 0.0 13 15.2912748478 2.1437417255 0 0 1 4 1 7 0 0 0 0 6 
659 2 7.54914 0.781409 11.4572 4.92509e-04 -0.00236286 9.39539e-04 0.0025900591 0.0 13 18.2350671482 2.2376888264 0 0 1 2 6 3 1 0 0 0 7 
860 2 11.8957 8.90593 13.517 -0.00240884 0.0018592 9.01944e-04 0.0031737419 0.0 13 12.5774443758 2.0071185647 0 0 0 4 4 5 0 0 0 0 6 
330 2 16.1101 4.88193 13.8627 7.94904e-04 -8.72317e-04 0.00308983 0.0033075457 0.0 15 14.2547895877 2.1652426021 0 0 1 1 8 4 1 0 0 0 7 
546 2 15.6621 6.8369 12.7629 2.1294e-04 3.64905e-04 3.49752e-04 5.4847567323e-04 0.0 14 12.8691346617 1.9732345059 0 0 0 4 4 6 0 0 0 0 6 
998 2 14.7233 4.17006 15.9484 -7.94561e-04 -0.00129215 0.00209694 0.0025880758 0.0 13 13.489833178 2.1232480516 0 0 1 2 6 3 1 0 0 0 7 
584 2 12.3649 4.70649 15.5013 -0.00152281 -0.00120452 4.58563e-04 0.0019950185 0.0 12 14.4658414762 2.140361842 0 0 0 0 12 0 0 0 0 0 5 
381 2 13.3708 6.91279 14.0571 -1.80644e-04 -9.80584e-04 -9.4866e-04 0.0013762751 0.0 14 12.2069660812 1.8494785219 0 0 2 2 3 6 1 0 0 0 7 
2 2 13.4252 2.37169 15.0508 -0.00244596 0.00246762 0.00146784 0.0037717931 0.0 14 17.568181878 2.2727211163 0 0 0 3 7 3 1 0 0 0 7 
884 2 13.4649 2.60759 11.6363 -0.00239841 -6.97906e-04 -2.53232e-04 0.0025106911 0.0 13 13.8659942438 2.0064544771 0 0 0 3 6 4 0 0 0 0 6 
317 2 18.2161 2.3489 13.8824 -9.63921e-04 0.00420604 -0.0053688 0.0068879554 0.0 14 17.6607744059 2.1652426021 0 0 0 1 10 3 0 0 0 0 6 
471 2 8.94781 4.33052 9.44835 0.00170384 3.65964e-04 3.64612e-04 0.0017804332 0.0 16 16.4575768076 2.2968634779 0 0 0 4 6 4 2 0 0 0 7 
209 2 15.3651 6.22172 8.90748 -0.00450135 -7.77128e-04 -0.00277912 0.0053469232 0.0 16 12.8064041783 1.9732345059 0 0 1 2 7 4 2 0 0 0 7 
673 1 10.0012 2.3267 16.9282 2.18058e-04 -6.49074e-04 0.00141644 0.0015732605 0.0 18 25.2493232338 2.2727211163 0 0 1 3 7 3 4 0 0 0 7 
161 2 11.3264 4.61534 10.9449 -0.00145756 -2.61308e-05 0.00334005 0.0036443241 0.0 17 16.0957432159 2.2285266218 0 0 1 3 5 6 2 0 0 0 7 
206 2 17.4542 4.58021 8.87528 0.00192879 0.0015133 -6.2536e-04 0.0025300954 0.0 15 12.3613219917 1.7636287533 0 0 1 1 8 4 1 0 0 0 7 
398 2 16.4778 9.14765 14.9278 -7.69641e-04 -0.00226776 -0.00281568 0.003696368 0.0 13 12.5665917166 1.8620420663 0 0 0 1 10 2 0 0 0 0 6 
140 1 14.3729 26.2358 16.5293 0.00338267 0.00142805 -0.00245512 0.0044169443 0.0 13 21.9124575703 2.2902233367 0 0 1 2 6 3 1 0 0 0 7 
646 2 18.4832 4.99612 14.8034 -6.8154e-04 -3.71392e-04 -0.00174414 0.0019090451 0.0 13 12.9978756208 2.0957255125 0 0 0 3 6 4 0 0 0 0 6 
288 2 13.7091 6.38073 16.5293 -0.00244591 -0.00189621 8.13827e-04 0.0032000629 0.0 15 13.2320908861 1.9696658222 0 0 1 3 5 4 2 0 0 0 7 
176 2 11.0831 6.94852 10.4273 0.00160894 0.00214559 -0.00214054 0.003431349 0.0 14 14.5178059517 2.0972512376 0 0 1 2 7 2 2 0 0 0 7 
625 2 12.0862 0.77905 9.23691 -0.0019758 -0.0012253 -0.00273677 0.0035909686 0.0 15 14.3695158484 1.9723777151 0 0 1 2 6 5 1 0 0 0 7 
977 2 18.9667 8.11522 11.8781 0.00188979 0.00323675 -0.00246972 0.0044885826 0.0 14 12.9990746627 1.8284509165 0 0 0 3 6 5 0 0 0 0 6 
96 2 17.635 3.41404 11.5357 -0.00145938 -5.46993e-04 3.75511e-04 0.0016031219 0.0 12 12.5800784299 1.8777571491 0 0 0 0 12 0 0 0 0 0 5 
964 2 17.3674 6.06321 11.1511 4.13149e-04 -0.00281133 -0.00232816 0.0036734993 0.0 13 13.0091103367 1.9582543088 0 0 0 1 10 2 0 0 0 0 6 
81 2 18.2297 7.3171 15.9572 -0.00172164 4.454e-04 0.00111695 0.0021000007 0.0 16 13.3195636206 1.8454693934 0 0 1 3 6 3 3 0 0 0 7 
99 2 11.2833 5.53394 17.9427 0.00379288 4.50343e-04 -0.00415772 0.0056458288 0.0 15 18.4404084919 2.2428252635 0 0 0 3 7 4 1 0 0 0 7 
812 2 13.1606 3.84463 9.46114 -0.00319581 -5.90896e-04 0.00385581 0.00504278 0.0 15 13.7244929416 1.9910663958 0 0 2 3 4 2 4 0 0 0 7 
534 2 10.4107 2.39107 9.36278 -7.70876e-04 7.62384e-04 -4.19343e-04 0.0011624662 0.0 14 13.4737929206 1.9128971556 0 0 1 1 8 3 1 0 0 0 7 
876 2 19.8266 1.96749 11.9649 -8.47058e-04 9.05304e-04 7.67823e-04 0.0014582986 0.0 16 19.2339066336 2.4115893658 0 0 0 3 7 5 1 0 0 0 7 
651 1 24.0995 0.620317 15.6083 0.00299635 0.00172118 -6.99932e-05 0.0034562224 0.0 13 22.7609217769 2.2108438619 0 0 0 3 6 4 0 0 0 0 6 
103 2 19.9551 8.67391 17.2083 -0.00339967 0.00213146 0.00299258 0.0050056381 0.0 13 14.0215438054 2.1207558865 0 0 1 3 5 2 2 0 0 0 7 
975 2 0.130726 3.33521 11.8755 -0.00140082 1.08408e-04 0.00157179 0.0021082155 0.0 15 16.1557944163 2.1675659417 0 0 1 6 1 4 2 1 0 0 8 
606 2 23.0214 5.0679 15.9912 4.34507e-04 0.00187562 -0.00206509 0.0028233568 0.0 14 16.7107800272 2.1950223099 0 0 0 2 8 4 0 0 0 0 6 
159 2 21.7569 5.30409 13.9615 0.00169799 -9.90932e-04 -0.00185031 0.002699771 0.0 14 12.5958121271 1.8843641329 0 0 1 3 4 5 1 0 0 0 7 
138 2 23.6426 4.82609 12.8513 -0.00155421 0.00250363 0.00118523 0.0031762402 0.0 16 13.142427317 1.9769917282 0 0 2 3 4 3 4 0 0 0 7 
89 2 19.1284 5.0427 12.5811 3.22381e-04 -0.00170495 -0.00136358 0.0022068381 0.0 16 14.098336115 1.933014296 0 0 1 0 10 4 1 0 0 0 7 
87 2 20.5621 2.79186 14.3157 3.54956e-04 9.78588e-04 0.00106241 0.0014873948 0.0 14 17.0963198715 2.1671955585 0 0 1 1 7 5 0 0 0 0 6 
441 1 0.0986813 1.56392 16.7438 8.77913e-04 -0.0023813 -9.17497e-04 0.0026987259 0.0 14 23.8042168177 2.181936332 0 0 0 3 6 5 0 0 0 0 6 
762 1 23.972 2.42646 18.026 -0.00276192 0.00144537 0.00310759 0.0044016374 0.0 15 22.2968401014 2.2584911821 0 0 0 2 8 5 0 0 0 0 6 
649 2 24.7661 2.16035 12.8829 -0.00210201 -0.00372116 0.00298055 0.0052104852 0.0 14 16.3167369417 2.1408682116 0 0 2 0 7 4 1 0 0 0 7 
484 2 19.404 4.23493 10.2198 -0.0015373 0.00160394 0.00401652 0.004590027 0.0 12 13.1230523881 2.0343191085 0 0 0 2 8 2 0 0 0 0 6 
337 2 18.1322 1.95109 9.6273 0.00254659 -8.96845e-04 0.00188663 0.0032937554 0.0 14 15.5936943035 2.3171226742 0 0 0 2 8 4 0 0 0 0 6 
741 2 21.6192 4.74381 11.4442 -0.0010021 0.00387584 -0.0011205 0.0041571457 0.0 14 13.8578021119 1.9748906513 0 0 2 3 3 3 3 0 0 0 7 
848 2 23.0001 7.26559 14.7941 -0.00377868 0.00338895 0.00207575 0.0054838073 0.0 13 12.8916839649 2.0670112431 0 0 1 3 3 6 0 0 0 0 6 
577 2 24.0076 8.75271 16.359 0.00107289 -0.00160965 7.72052e-04 0.0020828179 0.0 15 18.9338033579 2.3289919043 0 0 1 3 4 6 1 0 0 0 7 
54 2 22.0688 2.42605 9.48791 -2.39527e-04 0.00438121 -1.81385e-04 0.0043915003 0.0 16 17.2678743733 2.3548196338 0 0 1 3 5 5 2 0 0 0 7 
329 2 23.5192 1.11247 10.902 -0.0010546 0.00437141 -0.00511433 0.0068101232 0.0 14 16.1402476377 2.4115893658 0 0 0 4 4 6 0 0 0 0 6 
736 2 21.1403 7.24201 12.2271 0.00125724 -0.00394293 0.00316513 0.0052101245 0.0 16 13.4290705455 2.041981315 0 0 4 2 2 5 1 1 1 0 9 
752 2 23.0121 3.25902 14.3413 8.70789e-04 0.00311622 0.00138939 0.0035212931 0.0 12 15.0717734642 2.159062012 0 0 0 2 8 2 0 0 0 0 6 
227 2 25.3625 8.19051 13.3469 -0.00319753 -0.00242984 -0.00151786 0.0042932761 0.0 15 15.4504425286 2.2019753833 0 0 1 5 2 4 3 0 0 0 7 
258 2 25.3879 7.33851 9.90512 0.00228583 7.34864e-04 -0.00170163 0.0029428878 0.0 14 13.5878439676 1.9501924732 0 0 0 2 8 4 0 0 0 0 6 
984 2 19.8246 6.47093 10.0689 2.69847e-04 -8.96737e-04 0.00182147 0.0020480985 0.0 16 13.4292051541 2.041981315 0 0 0 3 6 7 0 0 0 0 6 
211 2 25.6201 3.75645 14.4853 -0.00220698 1.33231e-04 -8.0552e-05 0.0022124647 0.0 15 19.3370127467 2.159395705 0 0 1 1 8 4 1 0 0 0 7 
824 2 21.4376 4.65805 8.45531 0.00128915 0.00371012 -0.00443131 0.0059214362 0.0 12 11.7147008131 1.8029709018 0 0 0 2 8 2 0 0 0 0 6 
527 2 20.4023 4.89942 16.2215 -0.00469389 -0.00457676 6.07296e-04 0.0065839307 0.0 13 14.8685827771 2.1593634811 0 0 0 4 4 5 0 0 0 0 6 
747 2 20.0475 6.90467 14.4735 -3.92198e-04 2.90214e-05 -0.00210909 0.0021454422 0.0 14 12.2551899669 1.8575481243 0 0 2 3 3 3 3 0 0 0 7 
888 2 17.8366 6.9149 13.5677 0.00428385 0.00240656 -0.00237993 0.0054595759 0.0 13 11.7233119257 1.7728334298 0 0 0 1 10 2 0 0 0 0 6 
799 2 25.6845 0.593228 10.8674 -0.00186057 0.00266978 -1.89948e-04 0.0032596819 0.0 12 15.4179595785 2.2023120256 0 0 1 2 6 2 1 0 0 0 7 
582 2 18.6451 3.3272 16.7114 0.00233409 -7.08539e-04 0.00266007 0.0036091517 0.0 12 17.8874942062 2.1483908526 0 0 0 0 12 0 0 0 0 0 5 
550 2 0.427664 7.88738 11.4467 -4.09098e-04 0.00610972 9.67314e-04 0.0061993335 0.0 12 16.203038577 2.1563087564 0 0 1 2 6 2 1 0 0 0 7 
305 2 22.0724 2.6167 12.2472 2.77488e-04 0.00102332 0.00100648 0.0014619116 0.0 13 14.0654914439 2.29335964 0 0 2 2 4 3 2 0 0 0 7 
376 2 17.7947 7.22519 9.06392 -0.00188262 3.96608e-04 -0.00241643 0.0030888007 0.0 13 11.9933023466 1.8292430753 0 0 1 2 5 5 0 0 0 0 6 
972 2 21.6501 6.97398 16.8525 0.0031869 -0.00531526 -0.00248456 0.0066769274 0.0 15 16.7432840519 2.1207558865 0 0 0 3 7 4 1 0 0 0 7 
205 2 23.5268 7.30278 12.014 0.00232412 -1.24164e-04 7.88622e-05 0.00232877 0.0 15 14.5730900057 1.9944120396 0 0 3 1 4 5 1 1 0 0 8 
726 2 23.1089 8.28434 9.8688 6.30244e-04 -0.00219958 -0.00248976 0.0033814589 0.0 13 11.8671230333 2.041981315 0 0 0 3 6 4 0 0 0 0 6 
853 2 25.7534 5.20005 11.0846 6.47409e-04 5.53353e-05 -1.59833e-04 6.6913899647e-04 0.0 17 14.5958677374 1.9944120396 0 0 3 3 4 3 1 3 0 0 8 
331 2 21.1076 8.92717 15.0724 0.00235207 0.00357123 0.00294952 0.0051947652 0.0 13 12.3969137341 1.8920843179 0 0 2 2 3 5 1 0 0 0 7 
107 2 24.014 3.43973 10.9709 0.00379742 -0.00198487 -0.00111738 0.004428165 0.0 12 11.5027506828 1.8646314056 0 0 1 2 5 4 0 0 0 0 6 
778 2 25.2564 6.26646 14.6004 5.09058e-04 0.00412224 0.00102911 0.0042791436 0.0 14 18.2090617534 2.4436336783 0 0 1 4 4 2 3 0 0 0 7 
503 2 21.9297 6.99264 8.32963 0.00131081 0.00349515 -0.00153827 0.0040373966 0.0 13 12.5461007088 2.0412963182 0 0 0 3 6 4 0 0 0 0 6 
981 1 3.87672 13.6793 13.2165 0.0048398 0.00520825 -8.78889e-04 0.0071639359 0.0 14 20.8846755893 2.2197340465 0 0 0 3 6 5 0 0 0 0 6 
446 1 1.89948 14.127 16.0634 0.00265835 1.72735e-04 -6.03778e-04 0.0027315215 0.0 13 21.3452177307 2.2971505616 0 0 0 3 6 4 0 0 0 0 6 
409 1 5.49859 17.0487 12.9638 4.74788e-04 0.0030061 0.00486671 0.0057399414 0.0 16 21.138372567 2.2507055581 0 0 3 3 3 3 3 0 1 0 9 
238 1 5.00645 11.6066 10.9627 -0.00230827 -2.00438e-04 0.00117023 0.0025957126 0.0 13 20.6185613893 2.2004794409 0 0 0 1 10 2 0 0 0 0 6 
629 1 8.01043 16.5781 10.4953 3.3495e-04 6.95306e-04 0.00272283 0.0028300963 0.0 14 23.2670469706 2.3438486727 0 0 0 4 4 6 0 0 0 0 6 
974 1 1.60562 11.2535 16.9234 7.28019e-04 -6.58313e-04 0.00358516 0.0037170902 0.0 14 23.7839920654 2.3023743015 0 0 0 3 6 5 0 0 0 0 6 
332 2 0.759599 12.173 8.87672 0.00297526 -0.00135185 0.00100679 0.0034195463 0.0 12 13.9655188183 2.096638853 0 0 0 2 8 2 0 0 0 0 6 
470 2 0.689702 9.32385 9.1728 0.00254635 -0.00499921 9.7804e-04 0.0056949593 0.0 17 17.5120775194 2.1546242544 0 0 0 2 9 5 1 0 0 0 7 
80 1 3.46481 16.218 14.7662 -0.002944 0.00158693 -4.92085e-04 0.0033804778 0.0 13 21.4665004342 2.2810759415 0 0 1 3 4 4 1 0 0 0 7 
114 1 8.55897 14.9175 16.2014 0.00304952 -0.00143849 0.00206207 0.0039523358 0.0 13 21.4847910905 2.1959668551 0 0 0 1 10 2 0 0 0 0 6 
350 1 6.01784 14.2592 14.9885 -0.00162732 0.00162127 -0.00335314 0.0040645092 0.0 14 19.4954294047 2.2578400048 0 0 0 2 8 4 0 0 0 0 6 
952 1 1.32654 17.3268 16.4882 -0.00231025 -2.07842e-04 -0.00192485 0.0030142165 0.0 15 22.6074637169 2.3482707198 0 0 0 1 10 4 0 0 0 0 6 
73 1 4.04103 15.9613 17.7476 7.78175e-04 0.00218632 0.00253552 0.0034372101 0.0 14 20.8806549103 2.1496021963 0 0 0 2 8 4 0 0 0 0 6 
431 1 6.27884 11.8389 13.5569 -5.23341e-04 3.22751e-04 3.90445e-04 7.2835520751e-04 0.0 14 22.2635159502 2.2578400048 0 0 0 1 10 3 0 0 0 0 6 
405 1 5.87864 13.6214 17.8092 -9.1012e-04 -0.00209598 -0.00107889 0.0025269456 0.0 13 20.3444378469 2.2381856038 0 0 0 3 6 4 0 0 0 0 6 
614 1 6.45742 8.39794 12.2115 0.00334692 -0.00148704 0.00183381 0.0040958541 0.0 16 24.7779320156 2.2537631943 0 0 1 1 9 3 2 0 0 0 7 
926 1 8.15758 13.8123 9.43549 0.00228559 -0.00124267 3.01643e-05 0.0026017418 0.0 15 24.0643818662 2.4495109878 0 0 0 5 3 6 1 0 0 0 7 
352 1 8.34777 13.5977 13.3645 -0.0012258 -0.00183519 -1.55834e-04 0.0022124177 0.0 14 24.3835439369 2.4495109878 0 0 0 2 8 4 0 0 0 0 6 
208 1 7.99563 16.5725 13.7034 1.22361e-04 0.00219806 -2.29931e-04 0.0022134381 0.0 14 20.2101711919 2.1320909869 0 0 0 2 8 4 0 0 0 0 6 
954 1 1.10223 12.4389 14.0728 0.00337855 -0.00317719 -0.00149068 0.0048714744 0.0 14 22.1782844465 2.2459056183 0 0 0 4 4 6 0 0 0 0 6 
412 2 0.515173 10.629 11.3431 3.95302e-04 0.00167505 0.00189181 0.0025575381 0.0 14 18.0099668238 2.2459056183 0 0 0 3 6 5 0 0 0 0 6 
215 2 0.758944 14.709 9.25695 0.00506667 0.00230186 -4.63666e-04 0.0055843254 0.0 14 16.1644122617 2.1312269042 0 0 2 3 3 3 3 0 0 0 7 
122 1 7.83297 9.36316 15.2195 0.00426987 -0.00303351 0.00439181 0.0068353469 0.0 14 21.8949235472 2.2332918973 0 0 2 0 8 2 2 0 0 0 7 
541 1 2.92626 16.0783 11.3388 -1.57852e-04 -4.15035e-04 0.00158984 0.0016506855 0.0 15 23.1195641852 2.2507055581 0 0 2 2 4 5 2 0 0 0 7 
801 1 4.22863 12.5116 15.8612 0.00216295 0.00257525 -0.00156017 0.0037073435 0.0 14 21.0279721157 2.2330023046 0 0 0 2 8 4 0 0 0 0 6 
583 1 6.79315 10.7896 17.4451 0.00160504 0.00404557 -0.00425523 0.0060868524 0.0 14 20.5388495595 2.2578400048 0 0 0 2 8 4 0 0 0 0 6 
983 1 6.04985 14.4257 11.5143 0.00221657 -0.00241047 0.00500759 0.0059832688 0.0 14 22.1633175608 2.2272584449 0 0 0 4 4 6 0 0 0 0 6 
174 1 1.0067 15.5459 13.1829 -0.00183128 -1.36886e-04 0.00352852 0.0039777855 0.0 14 21.6140266415 2.1522099811 0 0 1 2 7 2 2 0 0 0 7 
75 2 2.01041 13.3874 6.98632 -6.40468e-04 -4.75472e-04 -0.00351236 0.0036017976 0.0 13 17.3942696606 2.2692962669 0 0 0 3 6 4 0 0 0 0 6 
20 1 3.15658 10.7715 13.127 0.00460717 -7.57981e-04 6.07143e-04 0.0047084152 0.0 13 22.5150216579 2.2537631943 0 0 0 3 6 4 0 0 0 0 6 
869 1 5.1838 17.1208 9.92792 -0.00240748 0.00374723 -9.51603e-05 0.0044549689 0.0 13 21.755137172 2.2505613415 0 0 1 2 6 3 1 0 0 0 7 
709 1 6.13663 16.7567 15.9162 0.00135696 -0.00132141 0.00117623 0.0022295699 0.0 12 18.9914771003 2.1037947965 0 0 0 2 8 2 0 0 0 0 6 
817 1 7.64979 11.1827 11.2212 -4.61812e-04 -2.92591e-04 0.00306933 0.003117638 0.0 14 22.5487497334 2.2332918973 0 0 1 3 4 5 1 0 0 0 7 
14 1 9.15016 9.77012 9.0925 -0.00332401 -0.00121926 0.00252319 0.0043476574 0.0 15 22.5003790922 2.3116990492 0 0 0 4 5 5 1 0 0 0 7 
355 2 15.4043 10.8814 16.1067 0.00397343 0.00278911 0.00175393 0.0051617391 0.0 13 12.8094869438 1.7523305561 0 0 0 3 6 4 0 0 0 0 6 
758 2 17.6604 11.1975 14.5023 -0.00209479 -1.25253e-04 -0.00247321 0.0032435476 0.0 13 13.0956150849 1.9603891959 0 0 0 2 8 3 0 0 0 0 6 
322 2 11.0352 9.09038 15.7716 -1.73646e-04 -0.00278293 -0.00294595 0.0040562882 0.0 13 16.5118979879 2.2350726229 0 0 0 2 8 3 0 0 0 0 6 
783 2 18.4344 9.63302 9.48783 0.001854 3.89971e-04 -4.81049e-04 0.0019546871 0.0 15 14.211355937 1.9499141012 0 0 1 3 5 5 0 1 0 0 8 
727 1 12.4869 14.3147 11.0844 0.00319277 -0.00105346 -0.00249492 0.0041866674 0.0 14 22.2571707664 2.4962649793 0 0 3 0 8 0 2 0 1 0 9 
171 2 15.0283 11.3181 13.5263 0.00348421 0.00175001 -2.54521e-04 0.0039073054 0.0 16 15.516938834 2.4946049603 0 0 1 3 4 7 1 0 0 0 7 
179 2 15.951 8.3476 17.1913 -0.0011647 0.00309648 -4.3402e-04 0.0033366282 0.0 13 13.3744691628 2.0089986896 0 0 0 3 6 4 0 0 0 0 6 
538 2 16.02 15.1122 15.7431 0.00519476 -0.0010528 -5.9925e-04 0.0053341372 0.0 13 17.1113527127 2.3226086726 0 0 1 2 6 3 1 0 0 0 7 
22 2 12.8058 10.9034 15.1183 -8.92673e-04 6.13068e-04 -0.00234365 0.0025817461 0.0 14 17.014100081 2.2350726229 0 0 0 3 6 5 0 0 0 0 6 
310 1 11.0105 16.0435 15.3889 -0.00139864 -0.00234828 0.00163544 0.0031851651 0.0 15 22.2688516927 2.2142864679 0 0 0 4 4 7 0 0 0 0 6 
677 1 10.5142 16.1461 12.4296 -1.00569e-04 -0.0012819 -0.00310329 0.0033591354 0.0 14 22.4146715339 2.4495109878 0 0 0 2 8 4 0 0 0 0 6 
960 2 16.0164 13.3924 14.3254 0.00150121 -9.51483e-04 1.43253e-04 0.0017831076 0.0 15 14.7074676868 2.4962649793 0 0 1 2 5 7 0 0 0 0 6 
321 2 10.0002 10.3203 13.4935 3.66515e-04 0.00555507 -0.00161018 0.005795327 0.0 15 20.8593822372 2.2332918973 0 0 1 3 5 4 2 0 0 0 7 
438 2 16.9054 12.8662 16.9242 0.00244816 -0.0025975 0.0022554 0.0042222414 0.0 15 15.2073666065 1.9659029666 0 0 0 2 8 5 0 0 0 0 6 
512 1 10.4993 12.0457 10.376 -0.00123532 0.00510803 7.54223e-04 0.0053091278 0.0 15 24.2039954437 2.4495109878 0 0 0 2 8 5 0 0 0 0 6 
319 1 9.01503 9.32421 18.1614 0.00151995 0.00170344 0.0017888 0.0029003037 0.0 14 20.1319345978 2.1411786487 0 0 1 1 7 5 0 0 0 0 6 
721 1 13.539 16.0069 13.5305 -0.0014175 -0.00368175 0.00368596 0.0053991565 0.0 15 23.27620175 2.4891550899 0 0 1 2 6 5 1 0 0 0 7 
775 2 15.4743 13.2522 11.0065 4.37837e-04 -0.00256392 8.56554e-04 0.0027384433 0.0 17 19.5047072383 2.4962649793 0 0 2 4 3 5 2 0 1 0 9 
979 2 16.2368 15.2788 12.6919 0.00167626 0.00236558 1.91975e-05 0.0028993421 0.0 12 17.5935227812 2.2844664004 0 0 2 2 3 4 1 0 0 0 7 
990 2 14.1655 9.01639 12.6056 -2.57603e-04 0.00124469 -0.00218495 0.0025277696 0.0 14 13.8654015309 1.8620420663 0 0 0 4 4 6 0 0 0 0 6 
44 2 17.5014 14.4025 10.8997 3.39838e-04 0.00235104 -0.0024448 0.0034088013 0.0 14 16.5310972587 2.4395877398 0 0 0 6 2 4 2 0 0 0 7 
346 2 18.0918 15.4334 13.9666 6.30723e-04 0.00254298 -0.0036641 0.0045044631 0.0 16 16.9838616105 2.1928253649 0 0 0 5 5 3 3 0 0 0 7 
565 2 17.3706 11.6416 10.3741 -1.44582e-04 -0.00253944 -0.00165081 0.0030322983 0.0 15 14.092914186 2.0500564305 0 0 2 3 3 5 1 1 0 0 8 
989 2 16.9478 9.6646 12.5496 -4.00306e-04 0.00190892 0.00174785 0.0026190075 0.0 14 13.8277527709 1.9865406989 0 0 0 4 5 4 1 0 0 0 7 
263 1 18.5904 18.7351 14.1454 0.00107061 0.00184132 -0.00157623 0.0026497483 0.0 14 22.4542116497 2.254571066 0 0 0 4 4 6 0 0 0 0 6 
131 1 11.5313 13.3968 13.6195 -0.00552036 6.36999e-04 -1.71027e-04 0.0055596216 0.0 16 25.4119681292 2.4962649793 0 0 1 1 8 5 1 0 0 0 7 
678 1 14.5131 16.8676 10.7483 6.94152e-04 -0.00443076 0.00172096 0.0048036637 0.0 16 24.7548297437 2.297400021 0 0 0 4 6 4 2 0 0 0 7 
950 1 15.7664 18.0081 14.1938 -4.65615e-04 -0.0019049 0.0013428 0.0023766685 0.0 17 22.6332959569 2.1928253649 0 0 0 4 5 7 1 0 0 0 7 
498 2 15.2821 10.4321 10.2272 9.14061e-04 3.07695e-04 0.00277252 0.0029354814 0.0 13 13.0304080089 1.9917797098 0 0 1 2 6 3 1 0 0 0 7 
842 2 13.2964 11.1364 11.8853 0.00235957 -0.00315363 0.00173727 0.0043047717 0.0 13 17.2221867868 2.4231548454 0 0 0 3 6 4 0 0 0 0 6 
695 2 9.89107 8.50944 11.8248 -0.00212115 0.00144887 0.00301135 0.0039581221 0.0 13 16.4087007819 2.1836289579 0 0 1 2 6 3 1 0 0 0 7 
465 2 14.0593 12.974 15.536 -0.00125322 9.07685e-04 -5.79198e-04 0.0016522478 0.0 14 18.4440540486 2.4104769812 0 0 0 3 7 3 1 0 0 0 7 
743 1 13.4968 16.2162 16.8059 0.00137942 -8.60702e-04 0.00120047 0.0020210729 0.0 16 23.7445952492 2.37420403 0 0 1 3 7 2 2 1 0 0 8 
195 2 13.3517 10.1075 17.2962 1.39168e-05 -6.0491e-04 -0.00151859 0.0016346943 0.0 14 15.9482984954 2.0606817826 0 0 1 4 2 6 1 0 0 0 7 
113 2 17.7158 16.7071 16.265 0.00189208 0.00200857 -0.00150111 0.0031412818 0.0 14 19.4733311264 2.3535962033 0 0 1 3 4 5 1 0 0 0 7 
858 1 11.4372 17.1463 9.87549 -0.00149706 0.00446166 6.08244e-05 0.0047065166 0.0 13 20.9301828546 2.2812665826 0 0 0 4 4 5 0 0 0 0 6 
488 2 11.8241 9.40351 11.071 -0.00240094 -0.0021151 -0.00416446 0.0052517509 0.0 13 15.4701372592 2.2327570872 0 0 0 5 2 6 0 0 0 0 6 
773 1 11.2934 13.4582 16.9685 0.00306282 -1.69453e-04 0.00209873 0.0037167524 0.0 14 23.3098932581 2.2338325344 0 0 0 2 9 2 1 0 0 0 7 
180 2 14.4386 12.209 18.053 -0.00313602 0.00138738 0.00303168 0.0045771747 0.0 12 16.908507762 2.2402976696 0 0 0 3 6 3 0 0 0 0 6 
533 1 8.95411 11.8795 16.0108 -0.00191464 -0.00211003 -0.00111466 0.0030594999 0.0 15 23.932606112 2.2578400048 0 0 0 1 10 4 0 0 0 0 6 
590 2 13.73 11.8824 9.52518 -0.00164117 -0.00305384 0.00213875 0.0040735279 0.0 14 18.4810936669 2.2776769601 0 0 0 3 6 5 0 0 0 0 6 
841 1 14.0137 14.8717 8.2133 -9.87924e-05 0.00133732 -0.00159821 0.002086255 0.0 16 25.1222004154 2.4395877398 0 0 1 5 3 3 4 0 0 0 7 
970 2 17.9928 10.0889 17.0599 -0.00169558 -0.00248038 0.00469256 0.005572019 0.0 14 13.61847011 1.8790231417 0 0 0 1 10 3 0 0 0 0 6 
69 2 21.4604 9.56563 12.4813 0.00533263 0.00146788 9.28107e-05 0.0055317473 0.0 16 13.4078974867 1.9812906664 0 0 3 3 3 4 1 1 1 0 9 
118 2 23.3275 9.43978 14.0129 5.89794e-04 -1.62906e-04 0.00350543 0.0035584315 0.0 16 14.2179281133 2.0312879524 0 0 2 4 3 4 1 2 0 0 8 
529 2 19.0874 13.973 16.1409 -0.00120611 0.00163285 0.00686381 0.0071577083 0.0 15 14.4099091623 1.9833723857 0 0 0 3 6 6 0 0 0 0 6 
203 2 21.0799 16.835 13.7275 0.00252206 -0.00595822 0.00212514 0.0068100949 0.0 14 19.3414104401 2.3061875856 0 0 2 2 5 2 3 0 0 0 7 
633 2 26.6997 13.4559 11.0833 -0.00243456 0.00251572 7.41944e-04 0.0035786045 0.0 14 15.5696272803 2.1223403265 0 0 3 1 5 2 2 1 0 0 8 
941 2 19.3031 10.8055 11.9894 -2.24628e-04 0.00244501 -0.00179547 0.0030417502 0.0 14 13.913793125 1.9855012985 0 0 0 3 6 5 0 0 0 0 6 
891 2 20.0781 11.3972 16.1742 1.38965e-04 -0.00185805 -0.00343148 0.0039047044 0.0 14 12.6416788088 1.8984077468 0 0 0 3 6 5 0 0 0 0 6 
862 2 23.0772 13.3174 13.7992 -0.00107888 0.00260517 -3.37356e-04 0.0028398419 0.0 14 15.2497816079 2.2992928617 0 0 2 3 2 5 2 0 0 0 7 
443 2 21.6558 14.019 15.7899 0.00270536 0.00272518 0.00135399 0.0040717156 0.0 14 13.9138678208 2.1030936024 0 0 1 2 6 4 1 0 0 0 7 
558 2 24.756 14.5609 11.9308 0.00153069 -0.00174728 -3.31234e-04 0.0023464261 0.0 15 18.6481707588 2.3322173071 0 0 2 1 8 1 2 1 0 0 8 
559 2 23.1963 13.5282 10.0457 0.00156057 -0.00286816 -0.00366865 0.0049112843 0.0 16 14.4233474215 1.9481619026 0 0 1 3 4 7 1 0 0 0 7 
57 2 25.366 11.4867 10.2076 7.82818e-04 -0.00156203 -9.37139e-04 0.0019826677 0.0 13 12.319131533 1.8501978139 0 0 1 0 9 3 0 0 0 0 6 
714 2 23.197 10.6033 10.5156 0.00144718 0.00251047 -3.96331e-04 0.0029246996 0.0 14 13.6414188275 1.9599277211 0 0 1 2 7 2 2 0 0 0 7 
375 2 21.7383 11.1404 14.7772 -0.00331447 -1.4785e-04 -7.12916e-04 0.0033934968 0.0 14 12.8266249093 2.0108183057 0 0 1 2 6 4 1 0 0 0 7 
755 2 24.7428 11.9832 12.4782 -0.0014901 -0.00279928 -0.00109398 0.0033545728 0.0 16 17.8700287038 2.1223403265 0 0 2 2 6 3 2 1 0 0 8 
847 1 26.0644 17.4569 14.4404 5.34464e-04 -0.00131991 7.40394e-04 0.0016049914 0.0 13 22.203834378 2.2719844161 0 0 0 1 10 2 0 0 0 0 6 
260 2 21.8355 11.9349 12.2957 -0.00197639 9.42409e-04 0.00202177 0.0029802359 0.0 13 14.5995206852 1.9599277211 0 0 0 3 6 4 0 0 0 0 6 
323 2 19.7633 13.1825 11.2751 -0.00170851 -0.00269082 0.00390609 0.0050415333 0.0 15 14.5893940444 2.006815066 0 0 1 3 5 4 2 0 0 0 7 
643 2 20.7319 8.97809 10.4691 -3.09698e-04 -0.00431373 0.00176692 0.0046718503 0.0 12 12.2944095742 1.923658512 0 0 0 4 4 4 0 0 0 0 6 
621 2 22.3288 14.8585 11.65 3.288e-04 -0.00519243 -0.00244043 0.0057467502 0.0 13 15.7254820168 2.3322173071 0 0 0 2 8 3 0 0 0 0 6 
474 2 18.8492 9.12196 14.2552 -0.00181859 0.00175218 0.00165014 0.0030166813 0.0 16 13.457967008 1.9855012985 0 0 1 2 5 8 0 0 0 0 6 
916 2 17.5627 12.4111 12.6333 0.00207032 0.00224525 -0.00207165 0.0036904073 0.0 13 13.3421246143 2.006815066 0 0 1 2 5 5 0 0 0 0 6 
655 2 25.485 10.528 14.9528 0.00131801 -1.52321e-04 0.00106881 0.0017037332 0.0 14 22.0515530008 2.2558472589 0 0 1 3 5 3 2 0 0 0 7 
229 2 25.0673 9.21258 11.3286 2.97354e-04 0.00377609 -4.90324e-04 0.0038193838 0.0 14 13.0432542149 2.1022057572 0 0 2 2 4 4 2 0 0 0 7 
701 2 2.11549 12.6358 10.78 0.00225085 -0.00192156 6.81126e-04 0.0030368818 0.0 15 19.4921562105 2.2197340465 0 0 0 3 6 6 0 0 0 0 6 
404 1 25.9139 14.1188 15.111 -0.00381321 -2.81028e-04 0.00133946 0.0040513825 0.0 15 21.4900966769 2.2394906096 0 0 0 5 2 8 0 0 0 0 6 
795 2 23.5121 15.9497 9.70255 0.0015864 -0.00112285 -0.00269433 0.0033221787 0.0 12 17.295326865 2.1372844803 0 0 0 0 12 0 0 0 0 0 5 
644 2 20.5434 16.0057 15.6835 -0.00109812 -0.00307475 0.00179489 0.0037257999 0.0 13 16.4765244048 2.1740616563 0 0 0 5 3 4 1 0 0 0 7 
129 2 19.6484 15.7957 11.997 3.16655e-05 -0.00349096 3.88586e-04 0.0035126633 0.0 12 17.3437536252 2.3392735492 0 0 2 2 4 2 2 0 0 0 7 
658 2 19.6112 12.4725 14.1871 -6.781e-04 0.00230384 0.00386571 0.0045509573 0.0 14 13.6844153965 1.9946977952 0 0 0 5 3 5 1 0 0 0 7 
682 2 20.8888 11.3198 9.68651 -0.00185203 4.55637e-04 0.00101144 0.0021588495 0.0 17 15.5851265657 1.9956526785 0 0 1 2 7 5 2 0 0 0 7 
604 1 23.7036 16.1578 15.7369 -0.00291798 -0.00145064 0.00101127 0.0034119834 0.0 16 23.8375498234 2.3322173071 0 0 1 4 4 4 3 0 0 0 7 
611 1 26.2622 16.8765 10.968 0.00288223 6.17319e-04 -0.00298597 0.0041957537 0.0 17 23.3349945514 2.2217788356 0 0 1 2 7 5 2 0 0 0 7 
742 2 20.6979 14.4024 13.5772 -3.01268e-04 0.00444012 -0.00279172 0.0052534873 0.0 13 13.1392918054 2.1261112359 0 0 2 4 1 3 3 0 0 0 7 
356 2 18.5929 13.4092 8.96557 0.00307493 -0.00433806 -0.00142452 0.0055048357 0.0 13 16.5807168331 2.4366523699 0 0 0 5 3 4 1 0 0 0 7 
213 2 20.761 15.0156 9.58867 8.24021e-04 9.2929e-04 5.5719e-04 0.0013612682 0.0 16 18.7764431118 2.3695524398 0 0 1 2 6 6 1 0 0 0 7 
354 2 25.2139 13.483 8.67999 -4.86029e-04 0.00189327 -0.00288416 0.0034841174 0.0 16 14.5059756761 2.1372844803 0 0 0 3 7 5 1 0 0 0 7 
596 2 22.1122 10.2974 17.0077 0.00200164 0.001848 -0.00170088 0.0032116444 0.0 14 16.1383479827 2.3118853922 0 0 1 3 5 3 2 0 0 0 7 
751 2 23.5399 12.5487 15.8309 0.00560891 1.65826e-04 0.00143236 0.0057912887 0.0 15 17.5226923957 2.2913688659 0 0 1 3 5 4 2 0 0 0 7 
671 1 1.65026 25.3283 17.9083 0.00137161 6.88475e-04 -0.00302919 0.0033957774 0.0 14 20.1318473041 2.2004166245 0 0 0 4 4 6 0 0 0 0 6 
908 1 0.797795 22.5678 17.4522 -0.00206053 -0.00392228 0.00368741 0.0057642915 0.0 13 21.1474256759 2.2504756173 0 0 0 3 6 4 0 0 0 0 6 
526 1 0.48011 20.2914 15.4595 0.00158642 9.40643e-04 2.8345e-04 0.0018659801 0.0 15 21.9014549893 2.3482707198 0 0 0 4 4 7 0 0 0 0 6 
303 2 0.415528 26.5505 9.22596 -7.53533e-04 7.29453e-04 -9.74012e-04 0.0014312977 0.0 11 14.0831522743 2.1455611312 0 0 0 2 8 1 0 0 0 0 6 
326 1 7.24064 19.2044 12.2763 0.00220539 -0.00250843 0.00437919 0.0055075649 0.0 14 21.5435819177 2.2822436745 0 0 0 3 6 5 0 0 0 0 6 
40 1 8.30233 21.0849 17.3304 -0.00202487 0.00194587 1.62118e-04 0.0028129683 0.0 14 20.3310424117 2.2197717557 0 0 0 3 6 5 0 0 0 0 6 
520 1 7.07711 24.1603 17.2845 0.00219261 0.0018622 -0.00104779 0.0030615668 0.0 14 21.8254115292 2.2648014506 0 0 2 2 4 4 2 0 0 0 7 
782 1 7.31311 19.8183 15.0385 0.00127474 0.00220681 -9.87164e-04 0.0027330322 0.0 15 22.0001339566 2.2704601701 0 0 0 2 8 5 0 0 0 0 6 
570 1 6.67636 22.5632 11.8306 -0.00344672 0.00112537 0.0014489 0.0039045675 0.0 13 22.0442502411 2.2822436745 0 0 0 3 6 4 0 0 0 0 6 
912 1 2.98948 25.6906 12.7251 -8.97868e-04 -2.41026e-04 0.00216469 0.0023558742 0.0 15 24.7769365569 2.3191737777 0 0 1 0 10 3 1 0 0 0 7 
506 1 2.61765 20.1059 17.8886 0.00161207 -0.00131351 -7.29427e-04 0.0022036656 0.0 14 21.1237599384 2.2420660336 0 0 0 2 8 4 0 0 0 0 6 
282 1 2.96091 26.6824 15.7177 -3.94086e-04 -2.68857e-04 -0.0019213 0.0019796418 0.0 14 21.4155279661 2.3500468544 0 0 1 2 6 4 1 0 0 0 7 
173 1 4.56636 24.4784 15.4607 0.00283377 6.15918e-04 0.00212067 0.0035926103 0.0 14 22.1197606712 2.2712548254 0 0 0 3 6 5 0 0 0 0 6 
710 1 6.30725 18.8867 18.4803 0.00348447 0.00329844 -8.38096e-04 0.0048706922 0.0 15 21.0103474565 2.268137786 0 0 0 3 7 4 1 0 0 0 7 
13 1 0.369481 24.3545 11.6861 0.00283619 -0.00147622 -0.00342139 0.0046828526 0.0 16 23.913803081 2.3778172113 0 0 0 2 10 2 2 0 0 0 7 
420 1 4.16854 19.7041 12.9975 0.00304422 -0.00310315 -7.72448e-04 0.0044151434 0.0 16 23.5351270989 2.2822436745 0 0 3 2 5 2 3 0 1 0 9 
863 1 2.68849 18.7428 10.3922 0.00401197 6.9194e-05 -1.01485e-04 0.0040138498 0.0 15 21.4515758606 2.2803000665 0 0 2 3 2 6 2 0 0 0 7 
178 1 5.07674 19.977 10.3298 -0.0024785 -0.00448398 0.00251899 0.0057091461 0.0 16 22.5325605873 2.2413950795 0 0 2 3 2 7 2 0 0 0 7 
25 1 5.53075 21.5248 17.1768 -0.00269884 1.95882e-04 -0.00257417 0.0037347635 0.0 14 21.8292687194 2.1890556924 0 0 1 2 6 4 1 0 0 0 7 
251 1 3.98601 22.5835 12.8436 6.71889e-04 -0.00295173 3.80623e-04 0.0030510685 0.0 13 22.0037093722 2.3198861224 0 0 0 1 10 2 0 0 0 0 6 
252 1 6.7529 22.5745 14.6842 9.87904e-04 5.31129e-04 -6.78567e-04 0.0013109178 0.0 15 22.6429345137 2.2822436745 0 0 0 3 6 6 0 0 0 0 6 
822 1 8.40348 21.2543 10.0049 0.00230329 9.69559e-04 6.03099e-04 0.0025707816 0.0 15 22.0247520588 2.1778200384 0 0 0 4 4 7 0 0 0 0 6 
410 1 9.0262 24.9182 13.7116 0.00396952 0.00103308 -4.41436e-04 0.0041254344 0.0 16 24.2751830835 2.3356536064 0 0 2 0 9 3 1 1 0 0 8 
750 1 1.1221 21.7257 12.8654 -7.8614e-04 0.00241237 0.00145796 0.0029262933 0.0 13 20.9137790288 2.2803000665 0 0 0 1 10 2 0 0 0 0 6 
243 1 0.14299 19.9734 10.6224 -0.0030746 -0.00358449 9.83061e-04 0.0048237063 0.0 15 22.9906306429 2.3701565905 0 0 1 4 2 7 1 0 0 0 7 
904 1 4.50659 18.7479 16.116 -0.00599128 -6.13579e-04 0.00151466 0.0062101618 0.0 14 22.1302442014 2.3482707198 0 0 0 4 4 6 0 0 0 0 6 
708 1 5.80144 25.1235 12.8688 -1.88948e-04 -8.23992e-04 9.59941e-04 0.0012791211 0.0 12 21.3916767349 2.170048974 0 0 0 0 12 0 0 0 0 0 5 
397 1 3.27381 21.3676 15.2093 -0.00169903 -0.00238876 -0.00380232 0.0048010952 0.0 14 22.4677622845 2.331996674 0 0 0 3 6 5 0 0 0 0 6 
508 1 1.66346 24.051 14.9635 0.00397479 0.00172111 4.20287e-04 0.0043517601 0.0 14 21.5590476053 2.2712548254 0 0 0 2 8 4 0 0 0 0 6 
823 1 4.671 23.9024 10.3778 -6.22328e-04 0.00173026 -9.58263e-04 0.0020734898 0.0 15 22.4507983983 2.3198861224 0 0 1 2 6 5 1 0 0 0 7 
67 1 1.38401 18.7372 13.0282 6.82938e-04 -0.00275883 7.50322e-04 0.0029394779 0.0 15 22.9176948887 2.3482707198 0 0 1 2 6 5 1 0 0 0 7 
777 2 7.59172 25.0141 9.9584 0.00188616 -0.00285498 0.00163107 0.0037906332 0.0 16 19.03837852 2.2545740284 0 0 0 1 10 5 0 0 0 0 6 
264 2 5.6252 26.7392 10.1678 0.00501344 -5.04063e-04 -0.00164312 0.0052998588 0.0 13 16.3982020282 2.2058906717 0 0 0 1 10 2 0 0 0 0 6 
115 2 14.5883 0.424494 11.1284 0.00242986 8.18137e-04 -0.00191459 0.0031998785 0.0 13 14.1956411131 2.0568400358 0 0 0 4 4 5 0 0 0 0 6 
82 1 9.41576 26.4056 18.0994 -4.51241e-05 -3.2865e-04 0.00247118 0.0024933467 0.0 14 21.9080540571 2.3356536064 0 0 2 0 8 2 2 0 0 0 7 
327 1 12.8659 18.5726 15.4047 -0.00247855 -0.00122568 0.00310156 0.0041551385 0.0 13 21.3419179333 2.2482891198 0 0 1 3 4 4 1 0 0 0 7 
802 1 14.4948 22.133 9.34156 8.58032e-04 -0.00276618 0.00297676 0.0041532001 0.0 16 24.0088043398 2.3450886581 0 0 0 5 3 7 1 0 0 0 7 
204 1 12.1446 21.4659 11.5613 -0.0044224 -0.0013386 0.00195806 0.0050183135 0.0 15 23.5668615007 2.3450886581 0 0 0 3 6 6 0 0 0 0 6 
544 1 9.75822 18.9168 11.0152 0.0030849 0.00295118 0.00208465 0.0047509827 0.0 15 21.6871984512 2.2207062995 0 0 0 4 4 7 0 0 0 0 6 
481 1 17.2786 23.4509 14.369 -0.0019951 -4.06977e-04 0.00171264 0.0026606747 0.0 15 22.8569369514 2.4151722436 0 0 0 3 6 6 0 0 0 0 6 
670 1 17.6913 20.9634 12.544 0.00322958 4.76399e-05 -1.74108e-04 0.0032346206 0.0 13 20.8243247479 2.2610709966 0 0 0 1 10 2 0 0 0 0 6 
578 1 8.93283 18.0198 16.5989 -4.49768e-04 -9.49539e-04 5.81457e-04 0.0012008363 0.0 15 23.0874177657 2.3154608156 0 0 0 2 8 5 0 0 0 0 6 
460 1 14.3512 23.9335 14.9072 5.8608e-04 0.0029716 -0.0031089 0.0043404096 0.0 15 25.353760135 2.363893008 0 0 0 5 4 4 2 0 0 0 7 
189 1 13.247 21.0704 14.1126 0.00208019 0.00349727 -0.0012748 0.0042641767 0.0 14 20.7162352254 2.2694499375 0 0 1 3 5 3 2 0 0 0 7 
731 1 11.4754 23.4713 13.8655 7.18681e-04 -0.00146167 -0.00217271 0.0027154466 0.0 15 22.4308195782 2.363893008 0 0 0 4 5 5 1 0 0 0 7 
626 1 13.2744 21.5599 17.2242 -0.00383235 -0.0013661 -0.00150038 0.0043363897 0.0 15 23.923489485 2.363893008 0 0 0 4 4 7 0 0 0 0 6 
117 1 10.7595 20.844 15.487 3.4255e-04 7.46035e-05 3.40778e-04 4.8891290635e-04 0.0 12 21.4700969345 2.3154608156 0 0 0 3 6 3 0 0 0 0 6 
834 1 15.8452 20.5588 14.8378 -5.17708e-04 4.38095e-04 -0.00266149 0.0027465392 0.0 14 21.6423471612 2.1452328034 0 0 1 3 5 3 2 0 0 0 7 
885 1 11.3689 26.4134 15.8606 -0.00155113 -0.00184762 0.00125023 0.002717127 0.0 15 25.3234417468 2.3279805615 0 0 1 4 3 5 2 0 0 0 7 
995 2 16.2681 25.8257 10.3404 -0.00129654 0.00188786 0.00332086 0.0040339983 0.0 16 20.0561789377 2.4151722436 0 0 0 5 3 7 1 0 0 0 7 
444 1 9.31205 21.4914 13.2808 0.00163944 -0.00207436 3.8902e-04 0.0026724651 0.0 15 21.8306253587 2.2694499375 0 0 0 3 6 6 0 0 0 0 6 
679 1 15.1571 19.774 11.7899 1.88033e-05 -5.38401e-05 -0.0011786 0.0011799789 0.0 12 20.5907049824 2.1622380175 0 0 0 3 6 3 0 0 0 0 6 
121 1 16.0325 26.3627 14.1598 -0.00122891 -5.85117e-04 -6.90545e-04 0.0015262484 0.0 16 23.2875354839 2.4126231702 0 0 0 2 8 6 0 0 0 0 6 
887 1 9.87971 23.4514 11.1791 9.29115e-04 -0.00189656 0.00197731 0.0028930865 0.0 13 21.2473440878 2.2439871944 0 0 0 3 6 4 0 0 0 0 6 
78 1 12.4472 18.5822 12.3112 4.91234e-04 -0.00224913 0.00111011 0.0025558249 0.0 13 20.9580868155 2.2611138009 0 0 0 1 10 2 0 0 0 0 6 
735 1 9.7362 23.3346 16.184 0.00103148 0.00129813 -3.1585e-04 0.0016878548 0.0 14 22.4087435197 2.3369546359 0 0 1 3 4 5 1 0 0 0 7 
289 1 13.3431 19.3195 9.58535 0.00316989 0.00166363 -0.00370476 0.0051518069 0.0 14 22.0714087368 2.3039675882 0 0 0 1 10 3 0 0 0 0 6 
267 1 15.3529 22.6162 12.0619 7.27274e-04 -0.00262057 8.8904e-04 0.0028612422 0.0 15 23.3254976135 2.4126231702 0 0 1 3 5 4 2 0 0 0 7 
827 1 9.91202 18.6 13.9126 -0.00119645 -0.00329638 0.00334056 0.0048432381 0.0 13 19.9342658095 2.2694499375 0 0 0 3 6 4 0 0 0 0 6 
516 2 13.6262 25.127 11.8094 -5.5276e-04 -3.21063e-04 0.00129543 0.0014445636 0.0 14 20.3861135865 2.3450886581 0 0 0 5 3 5 1 0 0 0 7 
654 1 17.2127 25.0257 17.114 -0.00184174 0.00293919 -0.00178443 0.0039006454 0.0 14 21.8245090118 2.2661910914 0 0 0 3 6 5 0 0 0 0 6 
380 1 15.0133 19.0171 17.1462 -7.8946e-04 -4.30693e-04 3.99306e-04 9.8396587008e-04 0.0 15 22.1500026557 2.37420403 0 0 4 1 1 7 1 1 0 0 8 
401 2 9.69335 26.6089 10.4658 -0.00107418 -0.00575917 0.00342999 0.006788721 0.0 15 15.7929057081 2.1397366518 0 0 1 3 4 6 1 0 0 0 7 
815 1 17.764 23.1562 10.3161 -2.87439e-04 -9.91752e-04 0.00174923 0.0020312555 0.0 14 23.7141816684 2.4151722436 0 0 0 2 8 4 0 0 0 0 6 
308 1 18.7277 25.9361 13.068 0.00123506 -0.00221521 -6.60173e-04 0.002620755 0.0 14 22.4354552051 2.4151722436 0 0 0 4 4 6 0 0 0 0 6 
12 1 23.0396 26.1607 18.09 -0.00379591 -0.00150589 9.84034e-04 0.0042005905 0.0 14 20.4618153234 2.3668304081 0 0 1 3 5 3 2 0 0 0 7 
864 1 21.6137 26.4418 14.0052 5.21987e-04 -0.00366719 -2.25687e-04 0.0037110224 0.0 18 24.6868709538 2.3668304081 0 0 0 4 6 6 2 0 0 0 7 
348 1 19.9597 24.2869 15.4921 0.00144432 -0.00190951 0.00113747 0.0026506842 0.0 14 21.9990574856 2.3652790436 0 0 1 5 1 5 2 0 0 0 7 
663 1 19.1477 21.3626 15.2634 -7.75697e-04 -0.00208128 -0.00137458 0.0026120686 0.0 13 21.2282455004 2.204096674 0 0 0 3 6 4 0 0 0 0 6 
135 1 21.9522 24.9549 11.5809 -0.00513785 0.00120233 6.05972e-05 0.0052770041 0.0 12 22.1776370147 2.4115893658 0 0 1 2 6 2 1 0 0 0 7 
440 1 18.9429 22.8437 17.7795 0.00120757 0.00436075 2.69076e-04 0.0045328543 0.0 13 19.6050326491 2.15893521 0 0 0 3 6 4 0 0 0 0 6 
958 1 23.1462 20.3902 18.1647 0.00186317 -5.44486e-04 3.96959e-04 0.0019812733 0.0 13 19.6939404843 2.2307918616 0 0 0 3 6 4 0 0 0 0 6 
937 1 19.821 23.3151 12.621 -0.00130946 -0.00259555 0.00219613 0.0036434259 0.0 14 23.2094328271 2.2673290881 0 0 0 3 7 3 1 0 0 0 7 
4 1 18.8874 0.0902485 15.9283 -0.00149073 0.00305356 0.00106323 0.0035604722 0.0 13 21.4380120151 2.3352871273 0 0 0 1 10 2 0 0 0 0 6 
556 1 22.8574 22.6558 13.106 -0.00400416 0.00264029 -0.00254924 0.0054316713 0.0 17 23.3289826808 2.2293212116 0 0 1 4 4 5 3 0 0 0 7 
586 1 22.9526 20.5335 10.9731 -6.41332e-04 -1.02349e-04 0.0023455 0.0024337527 0.0 12 20.508172567 2.2239230009 0 0 0 2 8 2 0 0 0 0 6 
486 1 23.7818 17.8249 12.3212 0.00153513 -6.95566e-04 0.00120827 0.0020737291 0.0 14 23.0288742948 2.3322173071 0 0 0 1 10 3 0 0 0 0 6 
343 1 24.2223 25.6574 12.8572 0.00495223 0.00125498 4.57946e-04 0.0051292564 0.0 14 21.5710283268 2.1408682116 0 0 0 3 6 5 0 0 0 0 6 
672 1 24.2571 18.8352 9.15662 -8.06465e-04 -0.00187689 0.00109476 0.0023176715 0.0 14 22.186800334 2.3701565905 0 0 1 1 8 3 1 0 0 0 7 
344 1 24.9675 21.5566 16.4334 -0.00205282 -0.00363105 1.47958e-04 0.0041737855 0.0 14 19.9486937539 2.1862529755 0 0 1 3 5 3 2 0 0 0 7 
396 1 21.1934 18.2625 10.7727 -1.55348e-04 0.00314997 0.00248745 0.0040166966 0.0 15 22.7894576828 2.3695524398 0 0 0 1 10 4 0 0 0 0 6 
917 1 19.7708 21.0401 10.4202 -9.07835e-04 -0.00677071 -0.00109093 0.0069178614 0.0 13 22.3987987493 2.2618198695 0 0 0 1 10 2 0 0 0 0 6 
996 1 21.7788 23.0933 18.413 0.00170261 -0.002357 7.32224e-04 0.0029984132 0.0 13 20.1652426801 2.1403047272 0 0 1 2 7 1 2 0 0 0 7 
365 1 22.0219 21.6176 15.8649 0.00147558 0.00547268 -6.57499e-04 0.0057061255 0.0 15 21.3237111249 2.204096674 0 0 2 2 5 3 3 0 0 0 7 
641 1 23.2868 24.3695 15.7902 5.25052e-04 0.00419409 0.00177469 0.0045842769 0.0 13 22.4531529177 2.3648373118 0 0 1 2 6 3 1 0 0 0 7 
109 1 25.1751 20.292 13.2943 -0.00327464 -8.2933e-04 -0.00162596 0.0037489734 0.0 15 21.0738013723 2.2122643538 0 0 1 2 7 3 2 0 0 0 7 
875 1 25.7765 23.0786 14.1067 0.00555506 0.00148932 0.00107433 0.0058507222 0.0 13 20.4700273734 2.1158400101 0 0 0 3 6 4 0 0 0 0 6 
510 1 25.4251 18.7389 17.471 -8.74227e-04 4.77004e-05 -0.00231213 0.0024723457 0.0 14 22.2717633455 2.2420660336 0 0 0 3 6 5 0 0 0 0 6 
821 1 23.3258 19.0828 14.9955 -0.0027626 -0.00350776 -9.84256e-04 0.0045722094 0.0 15 22.1453732948 2.1740616563 0 0 1 2 6 5 1 0 0 0 7 
403 1 20.4501 19.1842 16.5595 -0.00338294 -0.00234775 -0.00151181 0.0043865456 0.0 13 20.7962773942 2.1740616563 0 0 0 3 6 4 0 0 0 0 6 
225 1 21.2846 19.9924 13.1497 -0.00190401 -0.00285416 0.00115828 0.0036212009 0.0 15 22.8742374128 2.2610709966 0 0 0 2 8 5 0 0 0 0 6 
24 1 25.2164 22.2091 11.2759 0.00248776 0.00233782 -0.00206595 0.0039903009 0.0 15 20.7572798766 2.422589497 0 0 1 4 3 5 2 0 0 0 7 
284 1 19.1091 25.7164 9.95367 -5.11333e-04 -0.00178621 -0.00342531 0.0038967623 0.0 14 24.9567654871 2.3879066222 0 0 0 4 4 6 0 0 0 0 6 
733 1 26.0639 24.8416 16.3518 -0.00210893 -0.00118196 0.00240836 0.0034124497 0.0 14 19.9618019561 2.181936332 0 0 0 4 4 6 0 0 0 0 6 
181 1 17.8303 18.213 11.0331 9.04806e-04 0.0014202 3.97422e-04 0.0017301983 0.0 17 24.7453568297 2.3695524398 0 0 1 5 3 4 4 0 0 0 7 
88 1 0.034209 26.6332 14.106 1.60365e-04 -0.00250484 0.00187967 0.0031357774 0.0 15 24.2568879314 2.2385451342 0 0 0 3 7 4 1 0 0 0 7 
675 1 0.674622 8.39877 16.903 0.00183449 -0.00290903 -4.79373e-04 0.0034724066 0.0 17 25.3177851827 2.4439477506 0 0 1 4 5 4 2 1 0 0 8 
944 1 25.7826 3.17248 26.338 -5.2291e-04 0.00107916 -0.00221404 0.0025179345 0.0 15 24.0483573705 2.3370568886 0 0 1 4 4 3 3 0 0 0 7 
183 2 8.20859 0.493453 25.4052 0.001405 0.00589426 -1.40298e-04 0.0060610238 0.0 16 14.0003719293 2.1346984462 0 0 4 3 1 4 2 1 1 0 9 
704 1 1.10958 6.97941 25.7969 -0.00135983 -0.0015115 -0.00316444 0.0037613097 0.0 16 22.3997011633 2.3391789118 0 0 2 3 4 3 4 0 0 0 7 
1000 2 4.1025 2.72327 24.8182 -2.74743e-04 -9.32952e-04 -0.00267167 0.0028431855 0.0 13 15.866959173 2.0724505221 0 0 1 3 4 4 1 0 0 0 7 
45 1 1.43369 9.04821 23.2836 -0.00147782 -0.00210147 -0.00113878 0.0028101509 0.0 15 23.4783661646 2.3486183622 0 0 1 3 5 4 2 0 0 0 7 
669 2 6.0015 1.70342 25.7878 0.00344887 -0.00118545 4.22997e-04 0.0036713652 0.0 15 13.1814294633 1.9865012042 0 0 3 2 3 5 0 2 0 0 8 
358 1 6.49741 7.63319 25.3392 0.00127161 0.00112467 -0.00159131 0.0023268309 0.0 16 22.5351440487 2.3283374758 0 0 1 3 6 3 3 0 0 0 7 
349 1 3.59962 7.08147 18.8632 -0.00266252 0.00261282 2.62359e-04 0.0037396087 0.0 14 21.4624727242 2.2018413249 0 0 1 4 3 4 2 0 0 0 7 
468 1 0.660552 6.33357 18.9664 -0.00105822 4.20581e-05 -0.00272687 0.0029253066 0.0 14 22.3735704595 2.3463524985 0 0 2 2 4 4 2 0 0 0 7 
517 2 7.8831 2.10052 21.4936 0.00132653 -0.00217499 -0.00121424 0.0028221698 0.0 13 16.2162660783 2.1264551192 0 0 1 1 9 0 2 0 0 0 7 
153 1 0.682267 3.38068 22.0597 -0.00221274 -0.0011203 0.00315452 0.0040127655 0.0 13 21.5235926299 2.3281005788 0 0 1 5 1 4 2 0 0 0 7 
426 1 1.52603 0.948128 23.8901 -0.00362168 -5.88843e-04 0.00215022 0.0042528518 0.0 15 23.489661136 2.3370568886 0 0 1 5 1 6 2 0 0 0 7 
274 1 4.59852 25.5634 18.1924 0.0037137 -5.41979e-04 2.02796e-04 0.003758515 0.0 14 22.1096178652 2.3348584769 0 0 2 2 4 4 2 0 0 0 7 
716 1 25.4921 8.40379 21.1752 -0.00249096 -8.23444e-04 0.00175226 0.0031548941 0.0 14 23.1251996975 2.3518932119 0 0 1 1 8 3 1 0 0 0 7 
851 1 7.59817 3.83849 18.5092 0.00202321 -0.00123191 0.00284421 0.0037014202 0.0 15 23.7732168821 2.2428252635 0 0 2 4 3 1 5 0 0 0 7 
232 1 2.87152 4.29841 19.2146 -0.00487335 -0.00185804 -0.00213971 0.0056373941 0.0 14 21.1101033937 2.1779142697 0 0 1 4 3 4 2 0 0 0 7 
933 2 5.79396 2.19997 23.3418 1.78634e-04 -0.00252929 7.98081e-04 0.0026582233 0.0 14 14.1342252639 2.1525604265 0 0 1 1 8 3 1 0 0 0 7 
575 1 2.54769 1.02428 18.8394 0.0049877 -0.00526185 0.00150663 0.0074050085 0.0 15 22.6698008562 2.3348584769 0 0 0 4 5 5 1 0 0 0 7 
759 1 4.11382 8.49458 21.3937 7.66783e-04 1.36695e-04 -2.65847e-04 8.2299229615e-04 0.0 14 21.3957049772 2.1251035335 0 0 0 2 8 4 0 0 0 0 6 
585 1 3.09398 2.0752 21.8059 -0.00182394 0.00110786 -0.00148794 0.0026015527 0.0 14 21.7066879835 2.2715800807 0 0 0 2 8 4 0 0 0 0 6 
177 1 5.18143 3.14103 19.658 -0.00119004 5.99713e-04 -0.00257034 0.0028952545 0.0 14 21.4420046114 2.3348354818 0 0 1 1 8 3 1 0 0 0 7 
767 1 3.55776 6.69488 24.0561 -9.63841e-04 -0.00179726 -4.6469e-04 0.0020916667 0.0 13 21.5959633459 2.192429949 0 0 0 3 6 4 0 0 0 0 6 
392 1 6.4034 7.42272 22.5605 0.00109555 -3.65792e-04 -0.00351416 0.0036991018 0.0 14 22.0099956907 2.3041662122 0 0 2 2 5 3 1 1 0 0 8 
521 1 6.15687 5.89911 20.2321 1.83852e-04 0.001495 -0.00268695 0.0030803453 0.0 15 21.2059748963 2.2041892229 0 0 0 5 3 6 1 0 0 0 7 
769 1 1.67494 6.21962 21.5851 -0.00357677 -0.00525253 -0.00123652 0.0064738966 0.0 15 23.9898915686 2.3518932119 0 0 1 2 7 3 2 0 0 0 7 
589 1 8.80992 6.75375 19.4793 0.00191913 1.93005e-04 -0.00130389 0.0023281838 0.0 15 21.8058945387 2.284923868 0 0 2 3 4 2 4 0 0 0 7 
275 1 4.16108 4.75612 22.0443 0.00161564 -0.00346388 0.00114457 0.0039898368 0.0 15 21.3740928017 2.124706896 0 0 0 2 8 5 0 0 0 0 6 
555 1 1.75914 4.4663 24.3889 -0.00210395 -0.00163146 4.31585e-04 0.0026971342 0.0 15 22.582339656 2.3370568886 0 0 1 3 5 4 2 0 0 0 7 
820 2 8.94314 5.70232 22.3299 0.00326457 0.00151919 0.00102566 0.003743973 0.0 15 18.8590337176 2.3565466155 0 0 3 2 4 2 3 1 0 0 8 
661 2 7.81477 5.04818 0.110521 -0.00155469 -7.88328e-04 -0.00331698 0.003747116 0.0 14 16.510650407 2.3231959025 0 0 2 2 4 4 2 0 0 0 7 
157 2 5.80746 4.43249 24.6283 0.00136989 0.00237953 6.60104e-04 0.0028239155 0.0 15 18.0936168588 2.3565466155 0 0 0 3 8 2 2 0 0 0 7 
377 2 7.17039 4.03272 22.4185 -8.61907e-04 0.00253618 0.00189289 0.0032799581 0.0 12 16.6985363604 2.2264844038 0 0 0 3 6 3 0 0 0 0 6 
228 2 2.57916 2.21199 26.553 7.42047e-05 0.00252032 -0.00163786 0.0030066767 0.0 17 18.5255348176 2.2246543234 0 0 1 3 6 4 3 0 0 0 7 
61 2 8.01329 3.33916 25.4657 0.00164993 -3.42479e-04 -0.00102939 0.0019746404 0.0 15 14.5643488909 2.3565466155 0 0 1 4 3 5 2 0 0 0 7 
871 2 7.9846 2.1346 0.887664 -4.72927e-04 3.62848e-04 0.00135106 0.0014767132 0.0 14 13.2928957612 1.9864699709 0 0 1 2 6 4 1 0 0 0 7 
892 2 11.4687 26.2504 24.8895 0.00161772 -5.38953e-04 -1.4921e-04 0.0017116518 0.0 16 15.8497115749 2.3361568098 0 0 0 3 6 7 0 0 0 0 6 
36 2 12.1189 6.11332 20.1521 0.00105126 0.00322108 0.00239725 0.0041505797 0.0 11 16.3936435975 2.1103202454 0 0 0 4 4 3 0 0 0 0 6 
86 1 15.0206 1.15295 18.909 -0.00315014 -9.86474e-05 -5.05603e-04 0.0031919818 0.0 15 22.5270967702 2.2661910914 0 0 1 1 8 4 1 0 0 0 7 
333 2 11.3267 1.5578 22.0448 0.00158741 0.00141552 -0.00579781 0.0061756108 0.0 14 17.3134310643 2.3080787882 0 0 1 3 4 5 1 0 0 0 7 
433 2 10.0846 4.02826 20.6672 -2.54178e-04 0.00235523 3.18693e-04 0.0023902469 0.0 15 17.7884474238 2.2266700179 0 0 0 6 3 3 3 0 0 0 7 
495 1 16.0367 1.05009 23.9861 -8.40717e-06 -0.0019651 -6.79132e-04 0.0020791606 0.0 15 21.3292874425 2.3358355676 0 0 0 4 4 7 0 0 0 0 6 
50 1 14.635 2.50694 21.8655 -5.84062e-04 0.00276291 -0.00236174 0.0036813878 0.0 13 22.0970197829 2.2635994772 0 0 0 2 8 3 0 0 0 0 6 
693 2 12.6386 1.66053 24.2747 -1.32187e-04 -0.00310401 0.00281775 0.0041942898 0.0 13 17.5587787482 2.196655468 0 0 0 1 10 2 0 0 0 0 6 
499 2 11.606 3.80699 23.2336 -0.00160922 -0.00182345 0.00152799 0.0028721616 0.0 13 15.966791004 2.2635994772 0 0 0 1 10 2 0 0 0 0 6 
873 1 17.1883 3.30559 19.479 -0.0012441 0.00408125 4.69844e-04 0.0042924515 0.0 15 22.6898540742 2.1620565824 0 0 0 1 10 4 0 0 0 0 6 
134 1 14.8592 5.38671 21.3539 2.05555e-04 0.00266768 0.00226068 0.0035027765 0.0 17 24.9847501298 2.2635994772 0 0 0 1 10 6 0 0 0 0 6 
492 2 9.45033 3.40646 23.0622 0.0025411 -0.00205923 0.00313022 0.0045272392 0.0 15 13.2266968178 2.1525604265 0 0 2 3 4 2 4 0 0 0 7 
464 1 13.558 8.22182 22.12 -0.00268094 0.00218319 -0.00311404 0.0046530638 0.0 14 20.26290481 2.1026643452 0 0 0 4 4 6 0 0 0 0 6 
309 1 13.7224 6.2202 24.2156 9.63669e-06 -9.69843e-04 -9.86701e-04 0.0013835704 0.0 14 23.7762967146 2.3695806081 0 0 0 1 10 3 0 0 0 0 6 
454 1 15.3797 3.87886 24.6059 0.00103142 0.0035637 -0.00303068 0.0047904912 0.0 15 22.9896579239 2.2635994772 0 0 0 1 10 4 0 0 0 0 6 
963 1 8.98241 9.46096 22.9777 -0.00212892 -0.00148384 7.0888e-04 0.0026900915 0.0 16 21.7213830961 2.3209303833 0 0 2 2 4 6 2 0 0 0 7 
874 2 12.3171 3.51128 19.7812 9.62479e-04 -0.00379222 -6.30503e-04 0.0039629323 0.0 15 20.196675517 2.1854229371 0 0 0 3 7 4 1 0 0 0 7 
789 1 11.5239 8.92294 24.0186 -0.00214826 0.00541185 -0.00305996 0.0065777273 0.0 14 22.5290855937 2.3695806081 0 0 0 4 4 6 0 0 0 0 6 
949 2 14.4607 4.61706 18.4088 5.11779e-04 -0.0046249 -0.00178741 0.0049846216 0.0 14 17.845222949 2.1620565824 0 0 0 3 6 5 0 0 0 0 6 
816 2 11.2331 5.76298 22.1615 0.00279738 1.22522e-04 -5.46188e-04 0.0028528351 0.0 15 17.8900092158 2.3621744994 0 0 0 5 3 6 1 0 0 0 7 
959 2 16.6969 6.44845 18.3611 0.00195219 0.00194189 -6.19239e-04 0.002822311 0.0 13 14.6288194601 2.1112381247 0 0 0 1 10 2 0 0 0 0 6 
615 1 9.15712 7.38039 25.0131 -0.00616741 -1.01046e-04 -6.73302e-04 0.0062048765 0.0 14 21.5979148035 2.3565466155 0 0 2 3 3 3 3 0 0 0 7 
881 2 10.2417 1.606 24.6865 4.99803e-04 -0.00192971 6.44333e-04 0.0020949341 0.0 16 14.6822184991 2.0791345 0 0 1 1 9 3 2 0 0 0 7 
613 2 9.95384 3.81111 0.449338 -1.77627e-04 0.00367391 0.00170111 0.0040525228 0.0 13 13.1349170534 2.1548350189 0 0 0 4 4 5 0 0 0 0 6 
756 2 15.8871 8.15594 20.115 0.00172582 -3.0232e-04 2.91093e-04 0.0017761158 0.0 14 18.4435653342 2.2137552767 0 0 0 4 4 6 0 0 0 0 6 
70 2 9.72555 1.36578 20.2608 -6.00996e-04 0.00113974 -2.46876e-04 0.0013119265 0.0 13 17.6480878864 2.1553271022 0 0 1 3 5 2 2 0 0 0 7 
16 2 9.62854 26.589 22.356 1.22606e-04 0.00180896 0.00152582 0.0023697036 0.0 12 14.8529849839 2.2843833942 0 0 0 4 5 2 1 0 0 0 7 
552 2 10.1171 4.68514 24.9325 -0.00349015 -0.00186415 -0.00177444 0.0043364547 0.0 14 16.3421077334 2.3695806081 0 0 1 2 6 4 1 0 0 0 7 
948 1 12.11 0.261663 18.9009 0.00322115 -7.78241e-04 -8.59215e-04 0.0034234072 0.0 13 21.8937317129 2.2186641629 0 0 0 1 10 2 0 0 0 0 6 
125 1 16.555 0.654242 21.2784 -6.34216e-04 0.00114551 7.49623e-04 0.0015087603 0.0 14 20.4951214662 2.2084022353 0 0 1 4 3 4 2 0 0 0 7 
169 1 17.5781 3.42925 22.5807 -8.54811e-04 0.00176493 0.00169288 0.0025906606 0.0 13 21.0424165435 2.1373055221 0 0 0 3 6 4 0 0 0 0 6 
901 1 15.7994 8.3367 23.612 0.00136727 0.0026943 0.00180486 0.0035194033 0.0 14 21.1665322568 2.2137552767 0 0 0 2 8 4 0 0 0 0 6 
142 2 14.0166 7.26283 18.8844 0.00232697 0.00446517 0.00245907 0.0056035308 0.0 15 16.3088283313 2.1026643452 0 0 1 3 4 6 1 0 0 0 7 
407 2 13.6403 0.0185233 26.1935 0.00220652 -1.54053e-04 0.00252316 0.0033554134 0.0 13 15.7522094176 2.1864717178 0 0 2 1 6 2 2 0 0 0 7 
968 1 16.1527 6.44703 26.0542 0.00120617 0.00163729 -4.88399e-04 0.0020914345 0.0 13 21.8214273815 2.271649733 0 0 0 1 10 2 0 0 0 0 6 
971 2 12.1107 3.88682 25.8419 6.49695e-04 -0.00139717 9.01566e-04 0.0017852196 0.0 12 16.5215541748 2.1589160817 0 0 0 0 12 0 0 0 0 0 5 
241 1 22.6301 26.7069 22.8747 0.00141406 9.84324e-04 -4.71712e-04 0.0017863291 0.0 12 19.6542846607 2.168160208 0 0 0 0 12 0 0 0 0 0 5 
770 1 19.0451 1.77119 25.0692 2.67877e-06 -0.00244492 -2.83635e-04 0.0024613187 0.0 13 21.4544000141 2.3435006051 0 0 0 3 6 4 0 0 0 0 6 
168 1 20.2664 4.30492 22.8208 2.1441e-04 -0.00177344 0.00263347 0.0031821731 0.0 14 22.5214565613 2.3299069049 0 0 0 2 8 4 0 0 0 0 6 
542 1 24.8229 1.90939 23.7188 0.00449011 4.84462e-04 0.00456003 0.0064179175 0.0 16 23.0525209033 2.3370568886 0 0 0 3 7 5 1 0 0 0 7 
393 1 22.4757 4.604 18.855 0.00477365 -2.54187e-04 0.00296311 0.0056242658 0.0 14 22.0048800648 2.3160851341 0 0 0 3 7 3 1 0 0 0 7 
320 1 23.0841 7.00277 24.8237 5.73834e-04 0.0030314 -0.00278731 0.0041578562 0.0 13 20.5372057713 2.2201528394 0 0 1 4 2 5 1 0 0 0 7 
601 2 17.9961 8.42833 18.7831 -0.00304243 0.00108127 9.34144e-04 0.0033612721 0.0 13 15.2356536216 2.2011924665 0 0 0 1 10 2 0 0 0 0 6 
325 1 20.7633 7.16565 19.8971 -7.25876e-04 0.00294792 -0.00144263 0.0033612958 0.0 16 24.0285041542 2.3423303682 0 0 0 3 8 3 2 0 0 0 7 
922 1 21.3186 0.612728 20.3323 -0.00283283 7.72739e-04 4.35874e-04 0.0029685076 0.0 14 20.7184453142 2.2584911821 0 0 1 1 7 5 0 0 0 0 6 
734 1 18.7427 0.980752 18.9155 0.00178078 -8.63566e-04 -0.00102404 0.0022283585 0.0 14 22.4890091966 2.2661910914 0 0 1 1 8 3 1 0 0 0 7 
739 1 18.3553 6.01296 20.7713 0.00441181 -4.96143e-04 0.00311508 0.0054234628 0.0 13 21.4174186479 2.2067231292 0 0 0 1 10 2 0 0 0 0 6 
427 1 25.4433 8.7323 24.1465 0.00193636 0.00138673 -0.00363713 0.0043475539 0.0 13 21.86148596 2.3478304028 0 0 0 3 6 4 0 0 0 0 6 
49 1 0.453272 2.90274 19.2677 -0.00152552 -4.52661e-04 -0.00113037 0.0019518836 0.0 14 21.1801078141 2.1714948414 0 0 1 1 8 3 1 0 0 0 7 
915 1 24.3661 6.93387 18.7812 0.00149176 -0.00196613 -9.39041e-04 0.0026406085 0.0 14 22.0361801205 2.3325035411 0 0 0 2 8 4 0 0 0 0 6 
806 1 25.6985 5.22103 23.3052 9.5902e-04 0.00108904 6.2456e-04 0.001579811 0.0 14 25.378330498 2.3518932119 0 0 0 4 4 6 0 0 0 0 6 
623 1 23.1784 4.22803 24.1562 -0.00203054 4.53801e-04 -0.00129699 0.0024517771 0.0 13 20.7652641131 2.1803242046 0 0 0 3 6 4 0 0 0 0 6 
794 1 19.5094 1.34615 22.4099 -7.86959e-04 0.00137687 -0.00123832 0.0020120914 0.0 16 21.7375061829 2.214418156 0 0 1 2 7 4 2 0 0 0 7 
74 1 20.663 7.33643 23.1134 -0.00193718 5.47974e-05 -0.00198359 0.0027731387 0.0 14 22.9365327609 2.3423303682 0 0 0 3 6 5 0 0 0 0 6 
27 1 18.1462 4.2308 25.5099 -0.00201538 2.16004e-04 0.00231709 0.0030785257 0.0 14 21.0729877755 2.2650290278 0 0 1 3 3 7 0 0 0 0 6 
434 2 18.9484 5.79631 17.8084 -6.49512e-06 1.73564e-04 0.0029367 0.0029418317 0.0 14 16.6207859571 2.0826702923 0 0 0 3 7 3 1 0 0 0 7 
927 1 20.0966 3.44066 19.9839 -0.0045941 0.00383102 -0.00492046 0.0077455404 0.0 15 22.7365797189 2.3299069049 0 0 0 3 7 4 1 0 0 0 7 
480 1 23.0308 9.3401 22.7962 1.8404e-04 -0.00200758 -9.08509e-04 0.0022112523 0.0 14 22.0229565779 2.3423303682 0 0 1 4 2 6 1 0 0 0 7 
878 1 19.0748 7.98372 25.7871 -4.22555e-04 -9.68483e-04 -0.00231828 0.0025477312 0.0 16 24.1643241305 2.271649733 0 0 1 3 5 5 2 0 0 0 7 
684 1 25.5655 4.7499 17.4846 0.00108554 -4.39717e-04 -0.00328549 0.003488007 0.0 12 20.838437345 2.3325035411 0 0 0 3 6 3 0 0 0 0 6 
599 1 21.4553 1.79672 17.0665 0.00166715 -0.00408198 -4.67385e-04 0.0044340048 0.0 15 24.2523063775 2.3668304081 0 0 0 2 8 5 0 0 0 0 6 
338 1 25.7966 0.131821 25.9092 9.52327e-04 0.00194774 -0.00309564 0.0037793657 0.0 15 22.8158628212 2.2164683376 0 0 0 3 6 6 0 0 0 0 6 
154 1 24.9808 4.22129 20.4363 4.45064e-05 -0.00113214 0.00169104 0.0020355191 0.0 15 22.5812178651 2.3518932119 0 0 0 2 8 5 0 0 0 0 6 
447 1 22.4455 2.81136 21.6438 -0.00111582 -8.74169e-04 0.0013335 0.0019461367 0.0 13 21.3749791091 2.2992517277 0 0 0 1 10 2 0 0 0 0 6 
51 1 23.2294 6.34416 21.622 0.00256438 0.00152066 -0.00195405 0.0035646547 0.0 15 23.8558803256 2.3299069049 0 0 0 3 7 4 1 0 0 0 7 
328 1 20.8585 5.36158 25.4651 -0.00111742 0.00364556 8.29295e-04 0.0039021104 0.0 14 22.3970784535 2.2383507299 0 0 1 2 6 4 1 0 0 0 7 
387 1 21.9676 1.85249 25.0764 9.264e-04 -1.10013e-04 -0.00354458 0.0036652922 0.0 14 22.1601623876 2.2116603957 0 0 0 2 8 4 0 0 0 0 6 
461 1 24.4147 1.12805 20.7905 -0.00263591 0.00261835 -0.00449881 0.0058346439 0.0 13 20.8247603022 2.1317103237 0 0 0 2 8 3 0 0 0 0 6 
463 1 17.5101 6.13393 23.5877 7.72625e-04 -0.00174298 0.00233582 0.0030151258 0.0 14 21.419403216 2.2137552767 0 0 0 3 6 5 0 0 0 0 6 
222 1 25.193 5.97376 26.5943 0.00192164 -0.00367617 3.39374e-04 0.0041619828 0.0 14 21.5038364813 2.2108846812 0 0 1 5 1 5 2 0 0 0 7 
543 1 4.41352 17.105 26.1467 0.00217355 -9.81689e-05 -6.56609e-04 0.0022726839 0.0 16 25.2841494491 2.4712923611 0 0 0 4 5 6 1 0 0 0 7 
335 1 3.4919 11.8251 26.4508 -3.56397e-04 4.11291e-04 -0.00262179 0.0026776785 0.0 15 22.8141130492 2.2189634912 0 0 0 5 3 6 1 0 0 0 7 
469 1 6.60497 17.5928 24.3547 -0.00170871 -0.00278054 -0.00111643 0.0034492765 0.0 14 22.6639325703 2.3709903308 0 0 1 2 6 4 1 0 0 0 7 
220 1 0.920524 18.3873 19.286 0.00156599 -0.00555859 0.00201761 0.0061172704 0.0 12 20.6024896658 2.2015548246 0 0 0 2 8 2 0 0 0 0 6 
374 1 6.17683 14.5783 25.3103 -3.16039e-04 0.00148487 -9.77421e-04 0.0018055668 0.0 15 21.5920320726 2.1828673097 0 0 0 4 4 7 0 0 0 0 6 
304 1 7.03464 16.0267 18.7349 -0.00143157 0.00399633 0.00173633 0.0045863807 0.0 14 22.1451670064 2.2813423329 0 0 0 4 5 4 1 0 0 0 7 
627 1 3.13833 12.7888 18.8091 -0.0016779 -7.91008e-04 0.00353154 0.0039890872 0.0 14 22.6647794685 2.2971505616 0 0 0 4 4 6 0 0 0 0 6 
435 1 4.81393 15.0095 20.4775 -0.00269319 0.00564831 -1.42324e-04 0.0062591481 0.0 16 23.8400401099 2.2813423329 0 0 0 3 6 7 0 0 0 0 6 
784 1 2.6678 17.7175 21.9443 5.81278e-04 6.09996e-04 -0.00334194 0.0034465261 0.0 15 22.1570264225 2.4325352714 0 0 0 3 6 6 0 0 0 0 6 
707 1 25.8906 14.5894 20.1997 0.00154682 0.00133845 8.96527e-04 0.002233352 0.0 13 20.2513021467 2.2327613007 0 0 2 2 4 3 2 0 0 0 7 
932 1 7.13162 8.94951 20.0971 0.00198837 -0.00152202 6.84451e-04 0.0025958878 0.0 15 20.6004483068 2.284923868 0 0 1 2 6 5 1 0 0 0 7 
883 1 1.56619 9.05127 20.0829 0.00158038 7.21061e-04 -4.13053e-04 0.0017855371 0.0 14 22.080820582 2.2094142204 0 0 1 1 8 3 1 0 0 0 7 
511 1 4.42135 15.5697 23.2656 -0.00289512 3.1903e-04 -0.00115859 0.0031346181 0.0 12 21.971331699 2.4040710236 0 0 1 2 5 4 0 0 0 0 6 
870 1 4.26189 12.6412 23.8039 -8.75373e-04 0.00205463 0.00168673 0.0027987212 0.0 14 21.9253065673 2.2811234542 0 0 1 1 7 5 0 0 0 0 6 
648 1 2.21728 14.7253 24.8954 2.19854e-04 -1.48323e-04 -0.00708887 0.0070938292 0.0 17 25.2112236727 2.2902691386 0 0 0 3 6 8 0 0 0 0 6 
597 1 6.72471 11.6986 25.4218 -0.004072 -0.00117278 -0.00265998 0.005003208 0.0 15 21.9306667393 2.3209303833 0 0 1 3 4 6 1 0 0 0 7 
402 1 1.26008 12.1368 23.962 7.71311e-04 -0.00281493 -0.00288357 0.0041028926 0.0 13 22.1290393241 2.2880466112 0 0 0 1 10 2 0 0 0 0 6 
814 1 2.10161 14.057 21.8173 1.13546e-04 -0.00170423 -0.00137988 0.0021957599 0.0 13 23.2492204018 2.2476059908 0 0 0 3 6 4 0 0 0 0 6 
587 1 4.23799 9.77776 18.4607 -0.00123489 -6.32015e-04 -0.00239401 0.00276689 0.0 15 22.5782250288 2.3023743015 0 0 0 3 6 6 0 0 0 0 6 
645 1 3.96844 9.71056 24.5547 -0.00152709 0.00128041 0.00367946 0.0041844808 0.0 15 21.9493321063 2.2118014544 0 0 1 3 5 4 2 0 0 0 7 
424 1 6.9645 14.31 22.3401 -0.00225524 -0.00169233 -6.03422e-05 0.0028202357 0.0 15 23.3172391508 2.2655454579 0 0 0 3 6 6 0 0 0 0 6 
832 1 5.80253 11.8213 20.092 -0.00258486 -3.23093e-04 -0.0019707 0.0032664275 0.0 13 21.9209957534 2.2811234542 0 0 0 3 6 4 0 0 0 0 6 
439 1 1.62235 15.5837 19.259 0.00595646 -0.00117319 0.00253069 0.0065772473 0.0 15 21.923665217 2.2971505616 0 0 0 2 8 5 0 0 0 0 6 
844 1 0.426614 11.7824 20.0186 -0.00233135 0.00127094 0.00185296 0.0032378916 0.0 15 22.4819917954 2.292215803 0 0 1 5 2 5 1 1 0 0 8 
47 1 9.12159 10.4626 25.7354 -0.00252204 -0.00203821 9.54368e-04 0.0033802077 0.0 14 21.5900032308 2.3056886378 0 0 1 2 6 4 1 0 0 0 7 
200 1 3.30542 11.137 21.3131 0.00217396 0.00325578 0.00522556 0.0065293708 0.0 13 21.9852393038 2.2880466112 0 0 0 3 6 4 0 0 0 0 6 
761 1 7.69992 16.9124 21.4281 -4.9723e-04 0.00230316 -0.00226507 0.0032683827 0.0 15 22.6054688669 2.2813423329 0 0 0 4 6 3 2 0 0 0 7 
226 1 8.63973 13.3609 18.9957 0.0039905 6.32134e-04 9.23867e-04 0.0041445402 0.0 16 23.560788949 2.2655454579 0 0 1 2 7 5 0 1 0 0 8 
368 1 25.7362 16.2302 25.0109 5.64814e-04 -3.92286e-04 0.00104951 0.0012547408 0.0 14 23.2084323882 2.2415109356 0 0 0 1 10 3 0 0 0 0 6 
897 1 6.05345 10.5277 22.5847 -0.0022837 -0.00570196 0.00135768 0.0062905428 0.0 13 22.298526339 2.3209303833 0 0 0 3 6 4 0 0 0 0 6 
619 1 26.4617 13.2573 26.3694 5.22443e-04 -0.00281306 -0.0030689 0.0041957598 0.0 13 23.7424968387 2.2630121556 0 0 0 3 6 4 0 0 0 0 6 
165 1 8.66927 11.1034 20.7241 0.00101488 -0.00193706 -3.0947e-04 0.0022086092 0.0 14 20.7460964966 2.2243267797 0 0 1 2 8 1 1 1 0 0 8 
417 1 25.9794 13.8803 22.9252 0.00426835 -0.00107864 -5.64879e-05 0.004402893 0.0 14 21.4114851448 2.1256968445 0 0 1 1 8 3 1 0 0 0 7 
262 1 16.4207 9.57175 26.2492 7.12227e-04 -8.1187e-04 -0.00158391 0.0019170736 0.0 12 20.9817606221 2.2836504126 0 0 0 2 8 2 0 0 0 0 6 
667 1 11.1184 11.1443 18.6876 -0.00256232 6.87812e-04 0.00124183 0.002929285 0.0 14 21.3982564389 2.2350726229 0 0 0 3 6 5 0 0 0 0 6 
237 1 9.06095 15.817 23.9715 0.00276359 1.28821e-04 2.48476e-04 0.0027777266 0.0 14 21.6954133471 2.3156548206 0 0 1 1 8 3 1 0 0 0 7 
151 2 17.0969 15.1174 18.3363 2.66545e-04 3.57443e-04 -0.00333752 0.0033671726 0.0 14 16.470586475 2.37420403 0 0 1 2 7 2 2 0 0 0 7 
530 1 9.33367 13.3689 26.5549 8.9679e-04 -5.6513e-04 4.8595e-04 0.0011660839 0.0 14 20.9525856969 2.1967613441 0 0 0 2 8 4 0 0 0 0 6 
753 2 15.0588 14.4085 18.7966 -8.92524e-04 -0.00136772 -2.91117e-05 0.0016334334 0.0 13 18.3081265662 2.3252224587 0 0 0 3 7 2 1 0 0 0 7 
193 2 16.1463 10.4588 18.5396 0.00154304 -0.001269 -0.00216457 0.0029456233 0.0 13 15.1082232665 2.2583331218 0 0 0 3 6 4 0 0 0 0 6 
156 1 16.2653 12.0128 24.6635 -0.0029668 -0.00193339 0.00226482 0.0042034877 0.0 14 20.6260520892 2.3286075591 0 0 0 2 8 4 0 0 0 0 6 
39 1 16.4562 17.6293 19.9409 -0.00273708 0.00297761 2.8122e-04 0.0040542389 0.0 18 25.5378211202 2.37420403 0 0 1 5 4 3 5 0 0 0 7 
889 1 13.4632 10.3107 20.2531 -0.00427015 9.69652e-04 -0.00333343 0.0055032864 0.0 15 21.8218741319 2.260898881 0 0 0 5 2 8 0 0 0 0 6 
540 1 8.8797 12.4462 23.4063 0.00330642 0.0031301 0.00431733 0.0062744942 0.0 13 22.3791334991 2.2301505256 0 0 0 3 6 4 0 0 0 0 6 
899 1 9.7337 14.6805 21.3411 0.00477795 -0.00220319 -9.84539e-04 0.0053527721 0.0 13 20.6738375643 2.2245808294 0 0 0 3 6 4 0 0 0 0 6 
311 1 10.799 17.1968 21.9981 0.00167354 5.86826e-04 -0.00429538 0.0046470841 0.0 15 23.0875942368 2.3638492188 0 0 2 3 4 3 2 1 0 0 8 
924 1 12.5367 18.0241 0.408188 -0.00198358 0.00141126 -0.00250262 0.0034913251 0.0 14 21.7951805553 2.2721765349 0 0 2 3 3 4 1 1 0 0 8 
594 1 13.8363 13.4423 25.0976 -0.0024745 -0.00118475 0.00390159 0.0047696108 0.0 13 19.7991722706 2.1800023066 0 0 1 2 5 5 0 0 0 0 6 
639 1 16.6563 14.7456 24.626 -0.00106463 -4.16103e-04 0.00146262 0.0018562963 0.0 15 21.6414845939 2.2568791794 0 0 0 4 4 7 0 0 0 0 6 
63 1 13.9861 16.3634 24.5137 -0.00161727 0.00186146 -0.00241098 0.0034486838 0.0 15 23.6427385732 2.3579776043 0 0 1 2 7 3 2 0 0 0 7 
185 1 10.4969 16.0674 18.9123 0.0045919 2.0035e-04 -4.88149e-04 0.004622118 0.0 14 22.8729382008 2.1599799685 0 0 0 1 10 3 0 0 0 0 6 
803 1 13.8345 10.8288 23.796 1.98686e-04 0.00110083 9.5075e-04 0.0014680696 0.0 14 20.6306221063 2.096140065 0 0 0 4 4 6 0 0 0 0 6 
956 1 11.6785 12.0891 25.3348 -0.00134376 -0.00184022 -0.00217126 0.0031474546 0.0 14 20.3836956933 2.2336017226 0 0 1 3 3 7 0 0 0 0 6 
280 1 11.303 11.6774 22.0738 0.00235313 -0.00450982 3.71841e-04 0.0051003885 0.0 16 22.0837180696 2.2336017226 0 0 2 3 2 7 2 0 0 0 7 
595 1 12.0643 13.7067 19.7401 -0.00132286 -0.00260472 -0.00133142 0.0032104835 0.0 14 21.6260142819 2.2245808294 0 0 1 3 4 5 1 0 0 0 7 
149 2 16.8429 13.1544 19.6265 -0.00349725 0.00107664 -0.00323014 0.0048809544 0.0 13 16.6726208726 2.260898881 0 0 0 2 8 3 0 0 0 0 6 
877 1 15.6955 15.4825 21.9392 0.00349571 -0.0018531 -0.00198731 0.0044275692 0.0 15 23.2684162769 2.2876941974 0 0 2 2 6 2 2 1 0 0 8 
268 1 16.347 10.5972 21.9501 -0.00119328 -0.00306368 -0.00341333 0.0047392905 0.0 14 21.9778763431 2.260898881 0 0 0 3 6 5 0 0 0 0 6 
302 1 11.8783 14.2934 23.4206 0.00447287 -0.00288626 -0.00319958 0.0062108272 0.0 16 23.3764445771 2.3638492188 0 0 2 3 3 5 3 0 0 0 7 
478 1 13.2245 16.2253 20.2302 -0.00236337 0.00109521 3.8424e-04 0.0026329913 0.0 16 23.3550815079 2.339690963 0 0 1 5 2 5 3 0 0 0 7 
29 1 14.1868 13.0629 21.7189 0.00274328 0.00274061 0.0022689 0.0044927092 0.0 16 24.1162567548 2.260898881 0 0 1 4 4 5 1 1 0 0 8 
706 1 10.8743 8.88731 20.9444 4.17851e-04 4.47205e-04 -0.00122335 0.0013679097 0.0 15 22.0824998882 2.2519370058 0 0 1 3 5 4 2 0 0 0 7 
909 1 11.2131 15.6156 26.2523 -0.0023342 -0.00128183 -2.91155e-04 0.0026788708 0.0 16 22.1651926726 2.3638492188 0 0 2 2 5 4 3 0 0 0 7 
147 1 14.1492 11.6404 0.308167 5.06703e-04 -4.64051e-04 -0.00367003 0.0037337932 0.0 14 20.4908095808 2.1814724424 0 0 0 3 6 5 0 0 0 0 6 
978 1 13.7071 8.88195 25.9552 -0.00263164 -3.38669e-04 2.70664e-05 0.0026534804 0.0 14 20.5241726871 2.1814724424 0 0 1 3 4 5 1 0 0 0 7 
705 1 26.2968 15.6725 17.6452 -3.96731e-05 -5.27729e-04 3.26783e-05 5.3022610611e-04 0.0 12 20.727125011 2.2323556855 0 0 0 5 2 5 0 0 0 0 6 
62 1 22.9461 9.25645 19.884 0.00593221 -0.00203223 -0.00215887 0.0066318771 0.0 17 24.0866666669 2.3657172976 0 0 3 4 2 3 4 0 1 0 9 
796 1 19.1051 17.5325 18.6977 0.00112061 0.00154418 -0.00162815 0.0025082127 0.0 14 21.0169864781 2.1582056833 0 0 0 4 4 6 0 0 0 0 6 
186 1 18.5061 8.62726 21.9783 0.00256988 3.95499e-04 0.00251208 0.0036154182 0.0 13 22.0543714264 2.3316819384 0 0 0 2 8 3 0 0 0 0 6 
955 2 19.1924 12.496 18.1613 0.0014059 -0.00160358 -5.16813e-04 0.002194338 0.0 12 11.6031166181 1.8401635095 0 0 0 2 8 2 0 0 0 0 6 
272 1 22.1259 17.4456 18.0108 -5.09889e-04 0.00148867 -2.12742e-04 0.0015878867 0.0 14 21.5978246907 2.2366643951 0 0 0 2 8 4 0 0 0 0 6 
246 1 21.6227 12.1925 25.1238 0.00224189 -0.00278077 0.00147576 0.0038647924 0.0 15 22.6274767464 2.2652657358 0 0 0 4 4 7 0 0 0 0 6 
48 1 25.4883 11.1503 22.2547 0.00279794 -0.00103703 -0.00224127 0.0037319151 0.0 15 21.5224190421 2.2813192677 0 0 2 4 2 4 2 1 0 0 8 
763 1 25.9898 12.4986 17.4768 0.00346752 -0.00109157 -0.00140056 0.0038957398 0.0 16 21.8871503029 2.3118853922 0 0 2 2 4 6 2 0 0 0 7 
455 1 18.2615 12.8953 22.6579 0.00372547 9.7939e-04 -0.00467504 0.0060575845 0.0 15 23.7213530543 2.2568791794 0 0 0 3 7 4 1 0 0 0 7 
77 1 23.16 12.7287 22.6708 -4.53241e-05 0.00229094 8.65739e-04 0.0024494825 0.0 14 22.8993997725 2.4107242228 0 0 3 1 5 3 1 0 1 0 9 
628 1 24.1208 12.2608 19.8057 1.16738e-04 -0.00100661 -0.00136373 0.0016990147 0.0 17 23.9654715174 2.3964115252 0 0 5 2 2 3 3 0 2 0 9 
581 1 23.5236 15.7155 22.2124 -6.90486e-04 -0.00452796 0.00458818 0.0064831002 0.0 16 22.7821823048 2.4107242228 0 0 1 2 6 6 1 0 0 0 7 
164 1 18.6931 10.4958 24.4866 -1.00664e-04 -0.00325534 -7.28074e-04 0.0033372839 0.0 13 21.5060555554 2.1674904138 0 0 0 3 6 4 0 0 0 0 6 
490 1 18.7312 16.6346 22.049 5.35547e-04 0.00142064 -0.00157563 0.0021880673 0.0 13 22.1532432936 2.2139164451 0 0 0 3 6 4 0 0 0 0 6 
379 1 20.7192 14.6299 23.3876 9.47771e-04 -0.00210883 -2.36702e-04 0.0023241045 0.0 16 24.1796686334 2.3371288419 0 0 0 3 7 5 1 0 0 0 7 
810 1 24.5605 11.3325 25.2038 0.00118987 -2.89598e-04 0.00134095 0.0018159858 0.0 15 24.2479026414 2.351789824 0 0 0 1 10 4 0 0 0 0 6 
316 2 20.6601 12.9669 19.89 0.0028659 6.10632e-04 -0.00259464 0.0039138742 0.0 15 20.2393754356 2.4107242228 0 0 1 2 6 5 1 0 0 0 7 
504 1 18.8497 13.3197 25.6632 9.79579e-04 -0.00397756 -0.00166298 0.0044210927 0.0 12 21.5759664527 2.3158851203 0 0 0 2 8 2 0 0 0 0 6 
167 1 21.1244 16.3288 20.578 -4.25883e-04 -0.00342118 0.00717031 0.0079560791 0.0 13 21.4277092765 2.3569419873 0 0 0 2 8 3 0 0 0 0 6 
347 2 21.6207 12.5954 17.6586 -0.00103416 -0.0014068 0.00126937 0.002158674 0.0 13 14.4216633862 2.1693721983 0 0 1 2 5 5 0 0 0 0 6 
101 1 25.7136 9.75283 18.6181 -0.00401546 4.06058e-04 -0.00376815 0.0055215719 0.0 15 21.4731389889 2.3118853922 0 0 1 3 5 4 2 0 0 0 7 
548 2 18.841 14.348 19.8863 0.00224581 -0.00391351 0.00222171 0.0050294352 0.0 13 16.818822361 2.1681613647 0 0 0 3 6 4 0 0 0 0 6 
563 2 18.1673 11.0506 19.7173 0.00211525 0.0060045 -0.00228719 0.0067645799 0.0 14 16.5418751702 2.159361693 0 0 0 3 6 5 0 0 0 0 6 
184 2 20.27 14.6737 18.0205 0.00514355 3.50804e-04 -0.00283796 0.0058849968 0.0 13 15.5193778204 2.1030936024 0 0 0 1 10 2 0 0 0 0 6 
925 1 19.0209 16.4905 25.0691 0.00385323 -0.00191332 0.00108339 0.0044364297 0.0 13 22.3071422802 2.4076874231 0 0 0 3 6 4 0 0 0 0 6 
105 1 26.7504 16.5546 22.2571 0.00362029 -0.00473993 -0.00147569 0.0061441921 0.0 13 21.6635025281 2.2219343161 0 0 0 1 10 2 0 0 0 0 6 
653 1 21.3869 14.8306 0.0584691 6.71725e-04 -0.00251927 -0.00335842 0.0042516962 0.0 14 21.6134081583 2.2461465099 0 0 2 2 5 2 3 0 0 0 7 
133 1 23.5326 14.4276 25.0986 -0.00210057 0.00325612 -0.00159825 0.0041915528 0.0 12 20.5900663989 2.1840148079 0 0 0 0 12 0 0 0 0 0 5 
93 1 23.5121 14.9258 18.6393 3.57442e-04 0.00348069 -1.26664e-04 0.0035012871 0.0 17 23.3930393465 2.4107242228 0 0 1 2 6 7 1 0 0 0 7 
408 1 21.7585 9.5442 25.5555 0.00272067 9.08124e-04 -0.00100894 0.0030405089 0.0 15 23.5179413775 2.270433379 0 0 1 2 7 3 2 0 0 0 7 
631 1 20.4919 10.9235 22.3557 9.72881e-05 0.00485378 0.00143462 0.00506229 0.0 16 25.149396027 2.3657172976 0 0 1 3 4 7 1 0 0 0 7 
436 2 20.3038 10.587 18.72 -0.00105255 9.83747e-05 -3.63415e-04 0.0011178594 0.0 14 16.601882902 2.3316819384 0 0 1 2 6 4 1 0 0 0 7 
299 1 22.338 16.8919 25.1471 -0.00222337 -0.00186669 -0.00418476 0.0050931446 0.0 14 21.7120615951 2.3266969781 0 0 1 1 8 3 1 0 0 0 7 
902 1 3.82745 18.0381 19.4691 -0.00131228 -0.00399185 -0.00128191 0.0043932037 0.0 14 20.5210134812 2.2813423329 0 0 0 4 5 4 1 0 0 0 7 
685 1 1.02669 21.8852 23.5872 -0.00312527 -0.00122345 -4.04508e-04 0.0033804984 0.0 15 22.4424297366 2.3761294853 0 0 0 5 3 6 1 0 0 0 7 
119 2 5.83751 24.9999 22.9507 0.00392011 -0.00124588 -0.0011408 0.0042685951 0.0 12 16.3080231973 2.1629310471 0 0 1 2 5 4 0 0 0 0 6 
630 2 2.12329 25.8849 26.0518 -0.00185983 0.00103093 -7.3251e-04 0.0022490787 0.0 13 18.4914024674 2.1795600196 0 0 0 3 6 4 0 0 0 0 6 
930 1 1.2394 24.9126 22.8603 7.65675e-04 -0.00139197 -9.06485e-04 0.0018290855 0.0 14 21.9707064676 2.2742061945 0 0 1 5 1 5 2 0 0 0 7 
414 1 1.92501 20.9131 20.4398 -0.00193178 -7.19753e-04 -8.83519e-04 0.0022428607 0.0 14 20.1661765145 2.1835723768 0 0 0 3 6 5 0 0 0 0 6 
64 1 3.14742 25.3291 20.752 -2.01305e-04 -9.20972e-04 6.8374e-04 0.0011645658 0.0 15 23.0777666576 2.2742061945 0 0 0 2 8 5 0 0 0 0 6 
642 1 6.02877 23.5906 20.0083 0.00179541 0.00452226 0.00428018 0.0064802989 0.0 15 22.9499823599 2.2276320159 0 0 0 2 8 5 0 0 0 0 6 
399 1 3.67662 22.6817 22.1404 -0.00147848 -0.0012647 0.00375321 0.0042275234 0.0 13 22.4317917553 2.2291546789 0 0 0 3 6 4 0 0 0 0 6 
31 1 0.704712 23.542 20.4473 9.99768e-04 -0.00318872 -0.00498683 0.0060029946 0.0 15 21.8321413033 2.2959351744 0 0 1 3 5 5 0 1 0 0 8 
652 1 1.37366 18.1905 24.4985 -3.06791e-04 -0.00117245 -9.70463e-04 0.0015525972 0.0 15 26.6023594419 2.4654064683 0 0 1 2 6 5 1 0 0 0 7 
845 2 6.22186 22.9338 25.8598 4.68614e-04 2.55636e-04 -2.50751e-04 5.8976682638e-04 0.0 15 14.23260494 1.969169216 0 0 2 3 4 2 4 0 0 0 7 
554 1 7.72696 20.7488 20.237 0.00169351 4.33113e-04 -9.58816e-04 0.0019937129 0.0 14 22.7718699617 2.2615958574 0 0 0 4 4 6 0 0 0 0 6 
421 1 4.96186 20.6317 20.0974 -3.96939e-04 0.00648456 -6.19679e-04 0.0065261843 0.0 13 20.4522428025 2.1679932953 0 0 0 1 10 2 0 0 0 0 6 
491 2 6.48424 21.7975 23.4796 -0.00177654 0.00365242 -4.99024e-04 0.0040921011 0.0 17 20.8621150939 2.2072529079 0 0 1 3 5 6 2 0 0 0 7 
865 2 7.13103 25.0242 25.0024 3.17158e-04 -0.00166647 -0.00380748 0.0041682869 0.0 15 13.1197761255 1.8991929279 0 0 1 4 4 3 3 0 0 0 7 
913 2 4.00467 21.9646 25.5245 0.0035433 -0.00157017 0.0035394 0.0052485961 0.0 13 17.3167359734 2.3541419417 0 0 3 1 4 2 3 0 0 0 7 
934 1 3.28444 20.2143 23.0418 -4.32664e-04 1.48964e-04 0.00110986 0.0012004906 0.0 14 22.0212907011 2.4712923611 0 0 1 1 7 5 0 0 0 0 6 
942 2 5.74668 0.702794 21.4158 6.36622e-04 0.00109729 0.00343828 0.0036648468 0.0 13 19.2614158349 2.3348584769 0 0 0 1 10 2 0 0 0 0 6 
130 1 5.40898 18.7371 22.096 -0.00103101 0.00276099 0.00198388 0.0035527211 0.0 14 23.078182065 2.4325352714 0 0 0 4 5 4 1 0 0 0 7 
197 2 7.81106 25.9568 20.8759 8.99555e-04 0.00166121 0.00219166 0.0028934739 0.0 14 18.2957255135 2.2358066632 0 0 0 2 8 4 0 0 0 0 6 
900 2 4.80636 0.15571 24.0072 3.10176e-04 0.0011893 0.00257051 0.0028492394 0.0 16 16.5530047016 2.2742061945 0 0 2 2 4 6 2 0 0 0 7 
946 2 4.26718 24.6317 24.7561 -0.00243094 0.00361746 7.15322e-04 0.0044166924 0.0 17 18.0220675527 2.2331122327 0 0 1 5 2 6 3 0 0 0 7 
458 1 3.41318 23.1753 18.7881 0.00111082 0.00169354 6.16782e-04 0.0021171724 0.0 15 21.4527954723 2.2712548254 0 0 1 1 8 4 1 0 0 0 7 
987 2 8.66159 22.6928 24.6644 -0.00410384 -4.53584e-04 -0.00187299 0.0045337989 0.0 12 13.895050399 2.1356644542 0 0 1 3 4 3 1 0 0 0 7 
518 1 8.85086 23.4864 19.2676 0.00140231 5.81757e-05 0.0024723 0.0028429078 0.0 12 21.0401738215 2.249155298 0 0 0 2 8 2 0 0 0 0 6 
835 2 7.35645 0.0429765 23.2429 -3.03118e-04 0.00133345 -0.00169877 0.0021807771 0.0 15 13.4927569503 2.1525604265 0 0 3 1 6 2 2 0 1 0 9 
607 2 5.89822 20.3835 25.2438 -0.00231411 -0.00130727 0.00362942 0.0044985275 0.0 15 19.5353567204 2.4712923611 0 0 2 3 3 4 3 0 0 0 7 
657 2 3.38488 24.7516 1.32385 -6.76748e-04 -8.24314e-04 -0.00254167 0.0027563686 0.0 14 12.7714070301 1.9747935677 0 0 0 4 4 6 0 0 0 0 6 
791 2 8.42569 20.7598 26.2651 -0.00147332 -0.00401394 8.66844e-04 0.0043627749 0.0 13 15.2815943435 2.1709915562 0 0 1 3 4 4 1 0 0 0 7 
866 2 2.07955 23.2303 26.3614 -0.00266856 -0.0021664 -0.00103929 0.0035909087 0.0 12 17.2957733124 2.2331122327 0 0 0 2 8 2 0 0 0 0 6 
522 1 9.15783 18.5704 19.4162 0.00173489 -0.00121987 0.00203279 0.0029377136 0.0 13 22.083133281 2.2722187386 0 0 0 3 6 4 0 0 0 0 6 
688 2 7.99953 23.8604 22.6454 0.0020757 0.00129006 -0.0031138 0.0039583501 0.0 13 17.6489859048 2.2072040016 0 0 0 3 6 4 0 0 0 0 6 
33 1 8.81929 19.6335 22.8633 0.0034606 0.00250866 2.96531e-04 0.0042845137 0.0 16 25.7643404938 2.2722187386 0 0 0 4 5 6 1 0 0 0 7 
456 1 14.6493 25.018 19.0589 -0.00466158 -2.29336e-04 -0.00192004 0.0050467293 0.0 14 22.3867262132 2.3422065565 0 0 0 5 3 5 1 0 0 0 7 
524 1 12.3351 18.3589 18.3295 -0.0014927 9.58785e-04 -6.80331e-04 0.0019000716 0.0 15 23.3395687822 2.3154608156 0 0 1 3 4 6 1 0 0 0 7 
192 1 17.8046 24.9304 19.985 -0.00130202 4.29619e-04 -0.00399728 0.0042258817 0.0 16 21.9293243712 2.2661910914 0 0 2 2 6 3 2 1 0 0 8 
833 1 10.3982 22.1089 21.8648 0.00215349 -0.00225223 0.00139143 0.0034126436 0.0 16 24.0626044779 2.2722187386 0 0 0 4 5 6 1 0 0 0 7 
500 1 16.7173 17.7822 23.8201 5.4302e-04 0.00102892 -3.65383e-04 0.0012194473 0.0 13 20.5053403787 2.3159625653 0 0 1 2 6 3 1 0 0 0 7 
557 2 10.6589 25.1842 20.9697 -0.00124624 -9.15089e-04 -3.55641e-04 0.0015865001 0.0 17 22.1658362143 2.3361568098 0 0 0 2 8 7 0 0 0 0 6 
664 1 17.3976 25.5246 23.1792 -0.00347798 0.00101611 -5.35485e-04 0.0036627269 0.0 14 21.9499974261 2.3435006051 0 0 0 2 8 4 0 0 0 0 6 
43 1 14.8162 19.5009 25.197 0.00313999 -0.00278024 5.19107e-04 0.0042259607 0.0 14 21.5578949156 2.3082201049 0 0 0 2 8 4 0 0 0 0 6 
536 1 14.6676 25.397 23.5506 1.6684e-04 -0.00220573 -0.00162495 0.00274473 0.0 12 20.8914874457 2.2428067958 0 0 0 2 8 2 0 0 0 0 6 
143 2 11.1099 24.5565 26.4852 -0.0012648 -0.00145959 4.00226e-04 0.0019723851 0.0 14 13.9626223575 2.012587365 0 0 2 2 4 4 2 0 0 0 7 
980 1 17.6433 19.6603 17.4666 -0.0014633 1.60971e-05 -0.00112902 0.0018482944 0.0 15 22.6591159861 2.2270593962 0 0 0 4 4 7 0 0 0 0 6 
771 2 9.80563 24.5815 24.3721 0.00564999 0.00441301 0.00133726 0.0072928258 0.0 15 15.4768921733 2.1363120436 0 0 0 3 6 6 0 0 0 0 6 
59 1 15.9444 22.5355 17.5036 0.0015905 -0.00262027 5.86515e-04 0.003120818 0.0 16 24.0343163733 2.3283590178 0 0 1 3 4 7 1 0 0 0 7 
809 1 12.4734 23.5392 23.4968 0.00138738 0.00384563 -0.00126269 0.0042787942 0.0 14 23.1993503923 2.3361568098 0 0 0 0 12 2 0 0 0 0 6 
102 2 12.9799 21.6184 25.9175 0.00239193 4.57828e-04 2.15742e-05 0.0024354468 0.0 14 19.0493164331 2.1657716229 0 0 0 3 7 3 1 0 0 0 7 
315 1 15.7153 22.4356 24.5075 0.00192374 0.00142319 0.00187267 0.003038608 0.0 15 25.497888103 2.397945396 0 0 0 0 12 3 0 0 0 0 6 
699 1 13.8181 26.6194 21.3862 2.4039e-04 0.00516128 0.00452986 0.0068714067 0.0 15 22.411029275 2.3361568098 0 0 0 3 6 6 0 0 0 0 6 
608 1 12.2194 18.8248 24.1535 5.14282e-04 -0.00151909 2.74556e-04 0.0016271144 0.0 16 22.2641619716 2.3638492188 0 0 2 2 5 5 1 1 0 0 8 
507 1 13.1561 22.6449 20.3184 -0.00249386 6.51758e-04 0.00317551 0.0040899865 0.0 13 23.1864042355 2.2850965787 0 0 0 4 4 5 0 0 0 0 6 
939 1 12.0876 19.4923 20.9845 -0.00163182 -0.00369071 -5.16887e-04 0.0040683349 0.0 12 21.50856085 2.2722187386 0 0 0 3 6 3 0 0 0 0 6 
10 2 10.5861 21.3964 25.0622 -0.00123132 -4.82472e-05 -0.00437315 0.0045434478 0.0 13 18.5521550577 2.2381837374 0 0 0 3 6 4 0 0 0 0 6 
66 1 14.5894 20.2561 19.788 -0.00259737 -1.6285e-04 -9.67636e-04 0.0027765393 0.0 15 23.0710694263 2.2625022541 0 0 0 3 7 4 1 0 0 0 7 
415 1 16.5146 20.3078 22.4592 -0.00138471 -0.00379143 -0.00423526 0.0058506231 0.0 12 21.6822503101 2.2826406857 0 0 0 0 12 0 0 0 0 0 5 
572 1 11.8004 24.2799 18.1802 0.00319106 -0.00128407 0.00335913 0.0048078534 0.0 13 23.3624985185 2.363893008 0 0 0 4 4 5 0 0 0 0 6 
800 1 10.7966 21.3129 18.7481 0.0047413 -0.00228774 -8.10185e-05 0.0052650018 0.0 15 22.7088033987 2.3154608156 0 0 0 4 4 7 0 0 0 0 6 
976 1 14.3783 18.104 22.0809 -0.00320827 -7.79881e-04 9.16402e-04 0.0034265148 0.0 12 20.3435922549 2.2954147391 0 0 0 2 8 2 0 0 0 0 6 
18 1 13.6539 20.8931 22.816 0.00103719 0.00129689 0.00163879 0.0023330922 0.0 13 20.6525335462 2.2194079329 0 0 0 1 10 2 0 0 0 0 6 
340 1 15.6695 23.5666 21.4937 -3.37097e-04 -7.8041e-04 -0.00277463 0.0029019383 0.0 15 23.3485035903 2.2661358683 0 0 0 0 12 3 0 0 0 0 6 
854 1 16.3348 17.4521 26.6071 -0.00188216 1.06332e-04 0.00439182 0.0047793217 0.0 15 24.3633712319 2.4716490648 0 0 0 3 6 6 0 0 0 0 6 
242 1 9.76353 18.1751 25.5472 -2.61413e-04 0.00300158 -6.06934e-04 0.0030734652 0.0 14 22.5865036544 2.3033068105 0 0 1 3 4 5 1 0 0 0 7 
265 2 8.60797 24.6353 26.5916 0.00225882 -0.00132836 2.42898e-04 0.0026316929 0.0 12 11.9982588515 1.8910136149 0 0 0 4 4 4 0 0 0 0 6 
723 1 20.2306 20.321 19.0272 0.0032016 0.00473784 -0.00135052 0.0058754808 0.0 15 20.7199264721 2.15893521 0 0 0 4 4 7 0 0 0 0 6 
618 1 26.642 21.0861 25.9433 -0.00168331 -0.00375671 -0.00236627 0.0047482245 0.0 15 22.7568733954 2.4304090936 0 0 1 2 6 5 1 0 0 0 7 
112 1 26.0173 23.8824 25.0645 0.00229305 7.43985e-04 0.00351802 0.0042647458 0.0 14 23.047837074 2.4262078259 0 0 0 2 8 4 0 0 0 0 6 
68 1 25.8798 26.2121 18.9322 9.96235e-04 0.00206344 0.00134691 0.0026579006 0.0 15 21.688941504 2.2959351744 0 0 1 2 5 7 0 0 0 0 6 
961 1 18.2939 23.9097 25.5548 6.2309e-04 -0.0013698 -0.00131596 0.0019990858 0.0 13 25.5326058133 2.3848779086 0 0 0 1 10 2 0 0 0 0 6 
283 1 24.5886 23.5552 18.468 0.00202015 0.00345347 -1.32669e-04 0.0040031315 0.0 15 19.6799426426 2.1736721613 0 0 1 3 5 4 2 0 0 0 7 
882 1 20.4636 26.1265 25.1196 0.00118086 -0.00123628 0.00163276 0.0023640482 0.0 15 22.5508356407 2.325107795 0 0 1 2 6 5 1 0 0 0 7 
287 1 25.3575 26.0438 22.9089 -0.00329259 -0.00404398 -0.00199313 0.0055827852 0.0 14 20.5213437593 2.2959351744 0 0 0 2 8 4 0 0 0 0 6 
997 1 19.9476 23.2124 20.3255 8.24798e-05 0.00195601 2.13879e-04 0.0019693964 0.0 13 19.8413020197 2.2416304964 0 0 0 1 10 2 0 0 0 0 6 
993 1 20.33 25.5388 18.3131 -0.00188036 -6.41379e-04 -0.00525024 0.0056135676 0.0 15 20.8769554337 2.3668304081 0 0 1 2 7 3 2 0 0 0 7 
172 1 21.2621 22.6931 25.3797 0.00529295 0.00174582 0.00184093 0.0058696022 0.0 14 23.1025372959 2.2910368374 0 0 1 3 5 3 2 0 0 0 7 
953 1 25.4377 23.1006 22.102 0.00307754 0.00168344 0.00525167 0.0063154779 0.0 14 21.4997613992 2.2959351744 0 0 1 3 5 4 0 1 0 0 8 
38 1 0.0082596 19.5647 21.9832 -0.00310801 -0.00140661 -0.0020331 0.0039713692 0.0 15 23.0525803865 2.3433929381 0 0 0 5 4 4 2 0 0 0 7 
307 1 23.3441 25.1613 25.3964 0.0023031 9.85688e-04 -0.0039987 0.0047186282 0.0 13 20.7910503051 2.2116603957 0 0 0 2 8 3 0 0 0 0 6 
388 1 0.514479 0.24761 21.1414 0.00361565 0.00260636 0.00268956 0.005205744 0.0 13 21.0623761189 2.2533583067 0 0 0 3 6 4 0 0 0 0 6 
240 1 23.4703 21.6968 20.5806 -0.00123955 5.31405e-04 1.32525e-04 0.0013551525 0.0 15 21.4664793405 2.3613342108 0 0 1 1 9 2 2 0 0 0 7 
903 1 17.5168 21.7618 19.9247 0.00223154 8.8188e-04 0.00137422 0.0027651336 0.0 12 21.413712665 2.2314478036 0 0 0 2 8 2 0 0 0 0 6 
531 1 24.1775 21.0004 23.6044 -3.04952e-04 6.30159e-04 0.00239721 0.002497341 0.0 14 22.2284723332 2.2299064573 0 0 1 2 5 6 0 0 0 0 6 
571 1 23.4546 24.9572 20.5284 -0.00226796 -0.00371561 3.87776e-04 0.0043703284 0.0 15 21.7717263882 2.2928367651 0 0 1 0 9 5 0 0 0 0 6 
730 1 24.7681 17.3896 20.1299 0.00398559 8.21589e-04 0.00448022 0.0060524629 0.0 16 22.310349214 2.3613342108 0 0 1 4 3 6 2 0 0 0 7 
612 1 24.2048 18.353 22.7154 0.00185574 -0.00126614 -8.6539e-04 0.0024074429 0.0 15 21.0153236398 2.3613342108 0 0 1 2 6 5 1 0 0 0 7 
928 1 22.0472 20.0114 25.2064 7.47749e-04 3.52631e-04 0.00208424 0.0022422162 0.0 13 21.1897680693 2.33390998 0 0 0 1 10 2 0 0 0 0 6 
170 1 22.2689 18.8811 20.5351 -0.00297201 -0.00446119 0.00115908 0.0054843893 0.0 14 19.8869486351 2.3255758035 0 0 2 2 4 4 2 0 0 0 7 
120 1 21.0358 18.1364 22.9655 -0.00360829 0.00275084 -0.00192422 0.0049284379 0.0 12 20.2801223841 2.3292470711 0 0 0 0 12 0 0 0 0 0 5 
694 1 21.3176 20.9986 22.3315 -9.00825e-04 0.00110667 -0.0028103 0.0031518233 0.0 13 21.1982605602 2.1531399308 0 0 0 2 8 3 0 0 0 0 6 
745 1 20.0372 25.3645 22.185 0.00310971 -1.97645e-04 -0.00253121 0.0040145216 0.0 15 21.5122451945 2.2910368374 0 0 2 3 3 5 1 1 0 0 8 
622 1 22.4122 23.8167 23.1614 -4.34147e-04 -0.00272265 0.00163447 0.0032051207 0.0 15 22.6080156164 2.2299064573 0 0 0 3 7 4 1 0 0 0 7 
155 1 20.2285 17.9264 0.784329 -5.90536e-04 0.0020211 -0.00131148 0.0024806366 0.0 15 24.0101309144 2.4716490648 0 0 1 3 4 6 1 0 0 0 7 
839 1 18.7433 22.5074 22.6359 -0.00324618 -4.58164e-04 -0.00164701 0.0036688201 0.0 14 23.2083284017 2.2910368374 0 0 0 1 10 3 0 0 0 0 6 
91 1 24.8846 18.871 25.513 -0.0025903 2.92295e-04 -3.89678e-04 0.0026357047 0.0 12 19.7307030028 2.2375375632 0 0 0 3 6 3 0 0 0 0 6 
711 1 25.8759 21.025 19.3253 -4.14689e-04 -0.00180493 -0.00228843 0.0029439177 0.0 16 21.6919398765 2.3613342108 0 0 2 2 4 6 2 0 0 0 7 
266 1 19.0112 19.5163 21.3775 -0.00277439 -0.00404467 -1.59867e-04 0.004907357 0.0 15 20.8585068405 2.2270593962 0 0 0 4 4 7 0 0 0 0 6 
71 1 19.0018 19.9431 24.2228 -0.00165082 0.00253619 -2.0044e-04 0.0030327615 0.0 17 26.1396266496 2.4716490648 0 0 0 3 8 4 2 0 0 0 7 
