# Particles (1000 particles):
# "Particle Identifier" "Particle Type" Position.X Position.Y Position.Z Velocity.X Velocity.Y Velocity.Z "Velocity Magnitude" Centrosymmetry Coordination "Atomic Volume" "Cavity Radius" "Voronoi Index.1" "Voronoi Index.2" "Voronoi Index.3" "Voronoi Index.4" "Voronoi Index.5" "Voronoi Index.6" "Voronoi Index.7" "Voronoi Index.8" "Voronoi Index.9" "Voronoi Index.10" "Max Face Order"
3 2 2.13534 8.77191 7.36463 -0.00173768 -2.60343e-04 -0.00360513 0.0040105202 0.0 12 13.4153021538 2.1325876242 0 0 0 0 12 0 0 0 0 0 5 
669 2 7.75534 0.557984 2.72542 -0.0013317 6.28891e-04 0.00294153 0.003289609 0.0 14 13.0896988582 1.8949654458 0 0 1 2 7 2 2 0 0 0 7 
895 2 2.83914 7.3125 5.29032 0.00550637 -7.59475e-04 -2.63864e-04 0.0055647585 0.0 13 16.1715508292 2.1298076806 0 0 0 3 6 4 0 0 0 0 6 
967 1 7.74055 6.56674 6.61595 0.00302748 -0.0030615 -3.807e-04 0.0043224241 0.0 16 22.5907816893 2.3993748388 0 0 0 0 12 4 0 0 0 0 6 
286 2 6.24387 1.18431 4.98178 -0.00190688 -5.12342e-04 -6.72351e-04 0.0020858431 0.0 13 12.2267951192 2.0154548646 0 0 0 1 10 2 0 0 0 0 6 
249 2 3.84642 2.626 8.96895 -0.00452653 -0.00106563 0.00271078 0.0053826916 0.0 14 17.2239444334 2.2457136886 0 0 1 1 8 3 1 0 0 0 7 
817 1 5.32301 8.29843 6.89777 0.00262238 -7.0919e-05 -0.00402293 0.0048026943 0.0 15 22.6712367777 2.2309587886 0 0 0 3 7 4 1 0 0 0 7 
494 2 7.74856 2.86769 4.3553 0.00253855 -0.00274709 -0.0018555 0.0041753586 0.0 14 14.8866542728 2.3993748388 0 0 0 1 10 3 0 0 0 0 6 
378 2 6.01107 3.68047 6.53968 0.00186843 6.70662e-04 -0.00224768 0.0029988137 0.0 16 20.3475382991 2.3753317894 0 0 0 3 6 7 0 0 0 0 6 
11 2 4.74752 5.37041 5.55014 -0.00141929 5.63767e-04 7.79822e-05 0.0015291496 0.0 12 15.914766445 2.3701062348 0 0 0 0 12 0 0 0 0 0 5 
487 2 3.66821 5.92033 3.27573 -0.0033695 -6.03364e-04 -0.00251212 0.0042459775 0.0 16 20.3453834668 2.2991138962 0 0 2 3 4 4 2 1 0 0 8 
291 2 6.77107 6.25274 0.545055 0.00106094 -0.00325362 -0.00155054 0.0037571014 0.0 16 18.5598443227 2.2991138962 0 0 2 3 3 6 1 1 0 0 8 
737 2 2.43727 4.91978 4.94328 0.00198929 0.00147958 -5.3353e-04 0.0025359586 0.0 12 13.3890745096 2.1292673033 0 0 0 2 8 2 0 0 0 0 6 
341 2 1.57204 4.1309 8.93754 0.0010547 0.00219256 0.00122809 0.0027254204 0.0 13 15.2127329779 2.1457652096 0 0 0 1 10 2 0 0 0 0 6 
749 2 3.86849 1.86159 6.64518 6.96664e-04 -0.0014913 -1.07254e-04 0.0016494908 0.0 12 12.072897565 1.942793427 0 0 0 0 12 0 0 0 0 0 5 
145 2 6.03184 4.54759 2.82554 -0.00368308 0.00134082 -0.00233554 0.0045626334 0.0 15 17.3785828654 2.3993748388 0 0 1 2 6 5 1 0 0 0 7 
457 1 1.39871 5.96446 1.0237 -8.15853e-05 -0.00105194 -0.00116783 0.0015738681 0.0 13 21.4864074688 2.3746138116 0 0 1 3 4 4 1 0 0 0 7 
787 2 4.42502 3.3772 4.51537 -0.0024355 0.00120644 3.05946e-04 0.0027350979 0.0 13 12.6024255367 1.9217482692 0 0 0 2 8 3 0 0 0 0 6 
244 1 26.6044 3.52106 0.225861 8.28526e-04 -0.00184241 5.91998e-04 0.0021050871 0.0 15 24.1409688442 2.440321348 0 0 1 3 4 6 1 0 0 0 7 
137 2 3.05032 2.63839 2.70258 0.00530628 -4.22494e-04 -0.00303629 0.0061281454 0.0 17 18.4803822175 2.440321348 0 0 0 4 6 5 2 0 0 0 7 
501 2 4.2882 3.97303 26.5821 -0.00165788 0.00203609 0.00123252 0.0029005748 0.0 15 20.9572420785 2.440321348 0 0 1 4 2 7 1 0 0 0 7 
254 2 3.58763 4.03897 7.13348 -0.00183879 -2.57381e-04 -0.00316458 0.0036690544 0.0 12 13.0771456327 1.9893222488 0 0 0 0 12 0 0 0 0 0 5 
579 2 5.98768 0.589913 7.22548 -6.84516e-04 -4.28354e-04 0.00194876 0.0021094347 0.0 13 14.2312713136 2.2580322451 0 0 1 3 3 6 0 0 0 0 6 
919 2 3.81613 0.830052 4.24665 -1.43687e-04 -5.4723e-04 0.00214983 0.002223033 0.0 13 13.1866244631 2.0144351754 0 0 1 2 6 3 1 0 0 0 7 
957 2 7.16033 3.22609 1.01385 0.00208618 0.00359062 0.00134719 0.0043657325 0.0 15 14.1520922476 1.9722859727 0 0 0 1 10 4 0 0 0 0 6 
765 2 4.7756 1.97454 0.871099 0.00685927 -0.00168574 -0.00349141 0.0078791654 0.0 12 12.4692089436 2.4243733974 0 0 0 5 3 3 1 0 0 0 7 
729 2 1.6964 2.0654 7.94591 0.0021047 7.87242e-04 -0.00112893 0.0025147555 0.0 14 12.1271200507 1.83810423 0 0 0 2 8 4 0 0 0 0 6 
264 2 3.72384 0.12697 8.4841 0.00134355 0.00201288 -0.0077439 0.0081132484 0.0 13 14.5090183032 2.3264567342 0 0 0 3 7 2 1 0 0 0 7 
849 1 1.13275 8.23212 25.4479 0.00294109 0.00381653 8.24092e-04 0.0048882552 0.0 16 23.4872352353 2.2490895466 0 0 2 1 8 1 4 0 0 0 7 
14 1 8.09298 5.28418 9.20888 -0.00257861 -0.00119745 0.00208683 0.0035267514 0.0 14 22.936781814 2.3400963807 0 0 1 3 5 3 2 0 0 0 7 
175 2 1.0081 0.832 1.51103 -0.00387135 0.00152219 -0.00145961 0.0044085003 0.0 15 21.1803253598 2.4358005519 0 0 0 5 4 4 2 0 0 0 7 
772 2 2.36938 26.3623 6.65444 -0.00175022 -4.31413e-04 -0.00135643 0.0022559454 0.0 16 15.3602283008 2.3176080485 0 0 0 5 4 5 2 0 0 0 7 
777 2 8.10092 0.623019 8.41726 -0.0030965 -0.00140791 3.35677e-04 0.0034180699 0.0 14 16.3431220793 2.3555046267 0 0 0 5 3 5 1 0 0 0 7 
940 2 0.572234 4.26197 6.40846 -1.49663e-04 -3.40067e-05 -4.02067e-04 4.3036419659e-04 0.0 15 14.1441599082 2.1875021314 0 0 0 1 10 4 0 0 0 0 6 
766 1 3.78151 7.25668 0.248101 -9.97705e-05 -0.00382827 -4.45019e-04 0.0038553401 0.0 14 21.0632512382 2.2991138962 0 0 2 2 5 3 1 1 0 0 8 
807 1 6.54984 7.36511 3.88464 -0.00302115 -0.00130519 -8.11482e-05 0.0032920287 0.0 15 22.8988924244 2.392425648 0 0 1 2 6 5 1 0 0 0 7 
988 2 7.29417 0.815563 0.393241 -2.58417e-04 -5.87886e-04 -0.00135379 0.001498378 0.0 14 11.8110584342 1.8660152272 0 0 0 3 6 5 0 0 0 0 6 
292 2 6.04462 2.0417 2.94645 0.00132622 0.00343182 0.00188353 0.0041332715 0.0 12 12.3627549953 1.9631298849 0 0 0 2 8 2 0 0 0 0 6 
994 2 2.59792 6.51812 7.60286 0.00283866 0.001153 0.00546618 0.0062663006 0.0 14 16.3147705933 2.096329553 0 0 0 0 12 2 0 0 0 0 6 
23 2 2.2344 2.64413 5.37184 5.00595e-04 -0.00152457 -0.0025005 0.0029710956 0.0 13 12.8058139953 2.0144351754 0 0 0 1 10 2 0 0 0 0 6 
336 2 9.63904 3.05181 2.3128 0.00318786 -0.00281908 -0.00442805 0.0061414404 0.0 11 12.8622813047 1.8746631774 0 0 0 2 8 1 0 0 0 0 6 
482 2 8.24329 0.684308 5.97786 -0.00321951 -0.0010644 0.0031653 0.0046386761 0.0 14 13.6575516566 2.1332317954 0 0 2 2 4 4 2 0 0 0 7 
209 2 14.0518 7.92622 9.5977 0.00114185 -0.0010627 -0.001436 0.0021202002 0.0 14 16.9054573094 2.2430694571 0 0 0 4 4 6 0 0 0 0 6 
537 1 9.53462 7.38887 4.54825 -6.28331e-04 -0.00249759 -0.00181722 0.0031519905 0.0 14 22.8769111103 2.2555936232 0 0 0 0 12 2 0 0 0 0 6 
842 2 9.62873 4.11733 4.48753 -4.85801e-04 -0.00520728 -0.00352004 0.0063041613 0.0 12 16.37680599 2.3824184244 0 0 0 0 12 0 0 0 0 0 5 
602 2 8.31315 5.00718 2.42524 -0.00159577 -0.00301806 -0.00143884 0.0037047846 0.0 13 15.3158841832 2.3993748388 0 0 0 1 10 2 0 0 0 0 6 
422 2 11.7661 26.6315 0.460743 -0.00308269 -3.38802e-04 -0.00155524 0.0034693711 0.0 14 13.2400258779 1.8367670832 0 0 0 3 6 5 0 0 0 0 6 
566 2 10.1406 25.6093 2.72503 0.00102477 -0.0012142 -0.00160467 0.0022581853 0.0 15 13.9565388416 1.8910736427 0 0 1 4 4 3 3 0 0 0 7 
609 1 17.7089 0.354417 0.96328 -0.00199819 -0.00108458 -0.00127821 0.0026082365 0.0 14 20.8963891315 2.2550145367 0 0 0 3 6 5 0 0 0 0 6 
720 2 10.0432 1.33345 4.10071 0.00100168 -0.00310852 -0.00250865 0.0041182016 0.0 16 13.6849027884 1.8949654458 0 0 1 4 4 4 3 0 0 0 7 
309 1 13.7447 6.96648 1.85254 1.10213e-04 0.00130149 -7.90444e-04 0.0015267039 0.0 12 20.757655612 2.3101863745 0 0 0 2 8 2 0 0 0 0 6 
637 2 13.7841 3.62021 6.08521 1.58353e-04 0.00108619 -7.61332e-04 0.0013358558 0.0 15 17.8984424127 2.2429579939 0 0 1 1 8 4 1 0 0 0 7 
625 2 14.152 3.34138 8.35747 0.00281276 -5.95489e-04 -5.89881e-04 0.0029349933 0.0 11 12.1898486443 1.9019454972 0 0 0 2 8 1 0 0 0 0 6 
968 1 17.0716 2.10634 3.18132 0.00116357 -0.00312988 0.00249267 0.004166947 0.0 16 22.3232994357 2.237335979 0 0 0 3 6 7 0 0 0 0 6 
454 1 16.1404 2.9461 0.349689 -0.00156297 5.14839e-04 0.00116946 0.0020188044 0.0 13 20.8284651337 2.2101488956 0 0 2 2 4 4 0 1 0 0 8 
219 1 15.5019 6.3973 5.26113 -0.00292212 -0.00212884 -0.00335067 0.0049292732 0.0 16 22.3356097735 2.2925331083 0 0 2 3 3 5 3 0 0 0 7 
239 2 13.9263 1.12179 0.769978 -6.87161e-04 -5.65768e-04 -0.00300297 0.0031321099 0.0 15 16.8960614718 2.1737821935 0 0 1 4 4 4 1 1 0 0 8 
926 1 12.3548 8.47964 6.87255 -7.25687e-04 0.00234031 0.00112647 0.0026967772 0.0 16 23.8539935345 2.2925331083 0 0 0 4 5 6 1 0 0 0 7 
898 1 17.2572 4.04702 5.65938 0.00342254 -0.00244919 -3.17456e-04 0.0042205557 0.0 16 22.222703442 2.2504498303 0 0 3 2 3 5 2 1 0 0 8 
978 1 16.4146 8.00216 2.52245 -0.00624844 -0.00196609 -0.00360494 0.0074769048 0.0 15 21.5051304854 2.4062797901 0 0 1 1 7 6 0 0 0 0 6 
574 1 11.2419 8.86286 2.97323 -0.00441632 3.01672e-04 -0.00362076 0.0057188103 0.0 17 23.5368765136 2.3544652777 0 0 0 4 5 7 1 0 0 0 7 
712 2 12.1065 0.641081 5.09667 -6.91356e-04 4.08488e-04 0.00119132 0.0014366903 0.0 12 11.6012914196 1.9240160227 0 0 0 2 8 2 0 0 0 0 6 
198 1 17.3245 8.34282 5.37598 3.00923e-04 0.00192131 7.2018e-04 0.0020737999 0.0 14 22.4464397192 2.2962436385 0 0 1 3 4 5 1 0 0 0 7 
52 1 18.3627 1.35977 5.57947 -1.00363e-04 -2.27629e-04 -0.00183855 0.0018553042 0.0 14 20.3818319507 2.0872730193 0 0 0 2 8 4 0 0 0 0 6 
122 1 9.45046 7.98043 8.4212 3.90389e-04 0.00212118 -0.00104471 0.0023965031 0.0 13 21.7355616525 2.2030178059 0 0 0 1 10 2 0 0 0 0 6 
83 2 11.9578 2.83098 3.74598 6.55037e-04 -4.8925e-04 0.00493803 0.0050052552 0.0 12 15.3655233406 2.0814677759 0 0 0 2 8 2 0 0 0 0 6 
700 2 13.8573 5.8849 7.79715 -0.00226658 -1.26301e-04 0.00222813 0.0031808647 0.0 14 18.2821729535 2.2925331083 0 0 0 4 4 6 0 0 0 0 6 
986 2 15.5899 1.79892 6.88154 0.00373859 -9.27008e-04 -8.06312e-04 0.0039352939 0.0 14 16.0224852783 2.1891820307 0 0 1 2 7 2 2 0 0 0 7 
221 2 12.9552 1.43108 7.14156 3.11572e-05 7.85926e-04 0.00389898 0.0039775238 0.0 14 12.3275790437 1.9579864499 0 0 1 2 6 4 1 0 0 0 7 
224 2 9.52602 0.857275 1.06598 0.00115511 0.00162679 -0.0045023 0.0049245741 0.0 16 13.7871325129 1.9738921519 0 0 2 3 3 5 3 0 0 0 7 
247 2 16.5738 6.99967 8.13928 1.79948e-06 0.00311867 -0.00219507 0.0038137171 0.0 12 16.6158998769 2.2742655044 0 0 1 2 5 4 0 0 0 0 6 
660 2 11.9278 2.19244 1.30859 0.00168416 -4.13638e-05 0.00178086 0.0024514421 0.0 15 16.1909448668 2.1555407445 0 0 0 4 5 5 1 0 0 0 7 
285 2 12.3432 0.292005 2.77606 0.00121334 2.82139e-04 9.94718e-05 0.0012496764 0.0 14 12.5706706357 1.9381706464 0 0 0 4 4 6 0 0 0 0 6 
906 2 11.0235 5.10655 1.63092 6.79094e-04 0.00321666 -7.06523e-04 0.0033626247 0.0 17 22.0758126157 2.3544652777 0 0 1 2 8 4 1 1 0 0 8 
843 2 14.1444 1.37194 4.22033 0.00153353 4.6506e-05 -0.00426588 0.0045333883 0.0 15 16.6950512598 2.2429579939 0 0 0 3 6 6 0 0 0 0 6 
662 1 16.3672 5.57624 1.07746 -0.00187118 -0.0010355 -0.00121781 0.0024610234 0.0 12 18.7393795949 2.1992472598 0 0 1 2 6 2 1 0 0 0 7 
312 1 13.9798 8.59647 4.14728 0.00170882 -0.00240377 8.24721e-04 0.0030624077 0.0 12 20.356325543 2.2055936858 0 0 1 2 5 4 0 0 0 0 6 
42 1 10.5881 6.043 6.73127 -0.0012636 1.66736e-04 0.00132668 0.0018397189 0.0 14 19.7317685526 2.1595277413 0 0 1 2 7 2 2 0 0 0 7 
829 1 12.4761 6.01915 4.5526 -6.06412e-04 0.0022315 -0.00311735 0.0038813913 0.0 15 23.3753176778 2.1738467928 0 0 1 2 7 3 2 0 0 0 7 
495 1 14.5602 4.11873 2.87876 -2.70858e-04 0.00185732 -0.00169078 0.0025262103 0.0 16 24.4583277582 2.2429579939 0 0 1 2 7 4 2 0 0 0 7 
471 2 11.2407 2.68511 5.94984 -0.0016911 0.00236515 0.00151328 0.0032777691 0.0 13 12.3528851463 2.0743138571 0 0 2 2 5 1 3 0 0 0 7 
695 2 9.12511 3.48372 6.75645 1.54077e-04 -1.81675e-04 -0.00121211 0.001235296 0.0 15 17.6089080326 2.3555046267 0 0 0 5 4 4 2 0 0 0 7 
668 2 11.7598 3.68263 7.83545 0.00105836 -0.00335434 0.00129882 0.0037494874 0.0 14 13.8204854412 2.0743138571 0 0 1 3 5 3 2 0 0 0 7 
328 1 18.8759 3.91604 1.34837 -7.61049e-04 0.0031989 3.18236e-04 0.0033035482 0.0 16 22.7305763571 2.4172661984 0 0 2 2 6 3 2 1 0 0 8 
258 2 23.5936 6.23656 7.78153 8.09492e-04 -0.00270996 -0.0019435 0.0034316691 0.0 13 12.6320468998 1.8476711146 0 0 0 3 6 4 0 0 0 0 6 
342 2 26.7161 1.03097 3.96591 0.00323653 -7.18988e-04 -0.00264397 0.0042405952 0.0 13 16.7108955576 2.0638519074 0 0 1 1 8 2 1 0 0 0 7 
564 2 22.557 8.39865 8.51728 2.51133e-04 6.09382e-04 -0.00185572 0.001969292 0.0 14 14.0561768882 1.9453931017 0 0 0 2 8 4 0 0 0 0 6 
261 2 22.5534 10.074 4.29026 1.86551e-05 4.80463e-04 0.00307442 0.0031117923 0.0 14 18.7480428306 2.1725352604 0 0 0 2 9 2 1 0 0 0 7 
568 2 18.1661 8.92762 8.30389 0.00215832 4.2534e-04 -0.00147108 0.0026463816 0.0 12 15.2187660884 2.1384508125 0 0 0 2 8 2 0 0 0 0 6 
85 1 17.9099 5.69016 3.63154 5.41388e-04 8.2508e-05 8.52739e-04 0.0010134458 0.0 15 22.4872526357 2.3392486059 0 0 0 4 6 3 2 0 0 0 7 
861 2 18.6067 3.86519 8.34684 -0.00385319 5.52529e-04 -2.21797e-04 0.0038989172 0.0 13 13.8218800456 2.0510178692 0 0 2 3 2 4 2 0 0 0 7 
15 2 19.0311 6.03964 7.63691 -0.00266346 -4.04197e-04 -0.0034786 0.0043997787 0.0 16 16.9256809051 2.3392486059 0 0 2 3 4 4 2 1 0 0 8 
636 2 24.7393 3.97167 7.15253 -0.00354394 0.00541594 1.00761e-04 0.0064731808 0.0 12 11.4605058638 1.8034525763 0 0 1 2 6 2 1 0 0 0 7 
132 2 20.2431 7.97183 6.80415 0.0011958 0.00411387 -9.56258e-04 0.0043895664 0.0 15 17.7664490954 2.3392486059 0 0 0 4 5 5 1 0 0 0 7 
216 1 26.4679 6.59327 2.94841 -9.92054e-04 -0.0012861 0.00152151 0.0022255824 0.0 17 22.4854805077 2.1875021314 0 0 0 5 5 5 1 1 0 0 8 
638 2 0.389401 7.03794 6.07519 -0.00157856 -4.55857e-04 1.97883e-04 0.0016549365 0.0 14 16.3912762494 2.1685333457 0 0 1 0 10 2 1 0 0 0 7 
400 1 22.0216 0.0180095 1.67361 -0.00190971 0.00239877 -0.00119439 0.0032905406 0.0 13 20.1019862045 2.3520567218 0 0 0 1 10 2 0 0 0 0 6 
5 2 25.1273 8.13592 7.13839 7.05299e-04 -0.00318913 0.00176385 0.0037120296 0.0 12 12.0579549238 1.9385426051 0 0 0 0 12 0 0 0 0 0 5 
836 2 20.3894 3.39617 7.04607 -0.00176706 0.00197849 0.00127029 0.0029411835 0.0 13 17.1456231114 2.1673061005 0 0 0 1 10 2 0 0 0 0 6 
593 2 21.5288 6.00992 6.10226 8.44926e-04 0.00329941 0.00360842 0.0049619251 0.0 15 18.565652913 2.4738320006 0 0 0 4 4 7 0 0 0 0 6 
437 1 21.023 0.47896 5.27698 0.00293865 -0.00101763 -0.00200739 0.0037014658 0.0 16 21.3224855706 2.1986494106 0 0 1 3 6 3 3 0 0 0 7 
896 1 24.4864 4.48202 2.47113 -0.00118028 0.00404662 -0.00313253 0.0052517558 0.0 14 23.0284374032 2.4695774881 0 0 0 3 6 5 0 0 0 0 6 
665 2 22.9368 3.31933 6.06931 0.00159698 0.00205726 5.41739e-05 0.0026049182 0.0 15 17.688157364 2.4738320006 0 0 0 4 4 7 0 0 0 0 6 
951 1 20.6042 7.34887 3.62324 -1.91839e-04 0.00216457 2.75611e-04 0.0021904627 0.0 13 23.082757569 2.4062797901 0 0 1 3 4 4 1 0 0 0 7 
231 2 24.6208 1.30534 6.39336 0.00149306 0.00156395 -0.0027551 0.0035022484 0.0 16 17.6396232047 2.2914890072 0 0 1 5 2 5 3 0 0 0 7 
19 1 19.741 1.23883 2.83086 -0.00268053 0.00100586 0.00307195 0.0041992704 0.0 14 20.4490655434 2.4172661984 0 0 1 3 4 5 1 0 0 0 7 
691 2 23.2069 7.82928 5.78945 2.76313e-04 -0.00370254 1.67435e-04 0.0037166095 0.0 11 15.2972376847 2.3089420883 0 0 0 2 8 1 0 0 0 0 6 
339 1 20.0742 3.87368 4.08436 0.00517507 -0.00125762 0.00233879 0.0058166052 0.0 14 21.8872427387 2.4044348451 0 0 1 1 8 3 1 0 0 0 7 
846 1 22.3877 2.93818 0.291166 0.00118394 3.58979e-04 -5.11892e-04 0.0013388851 0.0 17 24.9095656512 2.4172661984 0 0 4 2 3 3 4 0 1 0 9 
395 2 25.4678 3.30559 4.90705 -0.00147536 -1.42577e-04 0.00422989 0.0044820737 0.0 13 16.1886378334 2.1875021314 0 0 0 2 8 3 0 0 0 0 6 
781 1 22.245 2.60634 3.08294 0.00366335 -0.00498517 -0.00407991 0.007410649 0.0 12 20.2132715546 2.4358321635 0 0 0 2 8 2 0 0 0 0 6 
623 1 24.7778 1.6269 1.70992 0.00106594 0.00129656 0.00250837 0.0030181478 0.0 15 21.9431550395 2.3520567218 0 0 1 2 6 5 1 0 0 0 7 
704 1 23.2941 7.478 2.23498 -0.00272864 5.6345e-04 3.37551e-04 0.0028065803 0.0 15 24.4221748522 2.4052927018 0 0 0 3 6 6 0 0 0 0 6 
666 1 21.6965 5.22149 1.95369 -0.00443407 0.00360044 6.79352e-04 0.0057520139 0.0 15 22.5068989864 2.4738320006 0 0 0 4 4 7 0 0 0 0 6 
371 2 24.53 5.94965 5.4881 0.00128476 0.00409519 -0.00219461 0.0048205293 0.0 15 18.994366789 2.4738320006 0 0 0 1 10 4 0 0 0 0 6 
793 2 21.2553 5.6614 8.6385 -0.00307816 -0.00292926 0.00182927 0.0046262146 0.0 15 13.6372267529 1.9425475032 0 0 0 5 3 6 1 0 0 0 7 
196 2 0.769987 3.67368 3.60906 -0.00285616 -0.00515164 -9.46528e-04 0.0059659836 0.0 15 18.8358755273 2.2106800875 0 0 1 5 2 5 1 1 0 0 8 
58 2 26.2092 5.94005 8.14881 -9.08446e-04 0.0041022 0.00322741 0.0052980651 0.0 14 13.3643422202 1.8873553686 0 0 0 0 12 2 0 0 0 0 6 
879 2 0.024021 1.93682 6.4228 4.84953e-04 0.00387967 -4.94431e-05 0.0039101743 0.0 14 12.0066577567 2.004179893 0 0 1 3 4 5 1 0 0 0 7 
470 2 2.69075 13.362 8.18267 -5.38999e-04 0.00198467 9.39783e-04 0.0022611119 0.0 14 17.6966284852 2.3482800152 0 0 0 2 8 4 0 0 0 0 6 
233 2 1.5445 9.3917 5.12066 -9.82334e-04 0.00222191 3.03786e-04 0.0024482953 0.0 12 17.055866384 2.3874629771 0 0 0 3 6 3 0 0 0 0 6 
106 2 2.47531 18.1017 6.99707 -0.0049612 -0.00325444 -0.00199744 0.0062605632 0.0 15 18.0683395607 2.36603296 0 0 2 3 3 4 3 0 0 0 7 
567 2 1.81925 16.0868 5.03206 0.00439919 0.00118586 -8.43079e-04 0.0046335644 0.0 13 15.0504730332 2.0702037217 0 0 1 2 5 5 0 0 0 0 6 
983 1 8.25594 14.7291 7.90501 0.00423502 0.00208098 -0.00356734 0.0059153856 0.0 13 21.8769987354 2.4072150678 0 0 1 4 3 3 2 0 0 0 7 
452 1 8.75834 14.297 1.82072 3.70433e-04 -0.00278886 -0.00265545 0.00386864 0.0 14 23.9781311289 2.262186837 0 0 0 0 12 2 0 0 0 0 6 
856 1 7.49585 9.66172 7.22744 -0.00374729 0.0019082 -0.00130427 0.0044027866 0.0 14 21.6371658364 2.2193168942 0 0 0 3 6 5 0 0 0 0 6 
859 1 1.80238 11.4881 2.37764 -8.34768e-04 2.39118e-05 -1.53361e-04 8.4907537023e-04 0.0 15 21.9914449386 2.414630182 0 0 0 2 8 5 0 0 0 0 6 
798 1 1.90468 8.42917 2.19671 0.00170567 0.00163581 0.00151854 0.0028091188 0.0 13 22.1494567434 2.2979074675 0 0 0 3 6 4 0 0 0 0 6 
269 2 4.15264 16.9923 5.19042 7.66472e-04 0.00172769 -0.00264153 0.0032480876 0.0 13 17.0218221428 2.1697793628 0 0 3 1 5 1 2 1 0 0 8 
255 1 8.00662 17.6287 5.86192 0.00101575 -3.77298e-04 -0.0015598 0.0018992309 0.0 15 22.7415411949 2.2217162166 0 0 1 2 7 3 2 0 0 0 7 
914 1 4.62687 11.6201 1.9504 0.00383218 6.85589e-04 9.63908e-04 0.0040105803 0.0 12 19.4329086414 2.2933505682 0 0 0 2 8 2 0 0 0 0 6 
757 1 3.72566 13.7314 3.95695 -9.49849e-04 -4.43302e-04 9.6953e-05 0.0010526774 0.0 18 26.4132700132 2.414630182 0 0 0 2 10 4 2 0 0 0 7 
332 2 0.644307 13.635 6.99296 -0.00249616 -0.003927 9.66892e-04 0.0047525808 0.0 14 13.5438019763 2.3047324358 0 0 1 4 2 6 1 0 0 0 7 
472 1 1.00566 14.4848 2.01013 0.00354867 -7.80139e-04 0.0049671 0.0061541659 0.0 15 23.0362780153 2.3686456718 0 0 0 4 5 5 1 0 0 0 7 
764 1 5.61963 14.1172 6.4624 0.00177757 -0.00185526 -9.96408e-04 0.0027558254 0.0 16 26.1504560534 2.4098202492 0 0 0 4 6 5 0 1 0 0 8 
187 2 1.84115 11.1765 6.78967 0.00112883 0.0029063 -3.39452e-04 0.0031362501 0.0 11 15.5064376578 2.4014332504 0 0 1 2 5 3 0 0 0 0 6 
104 2 5.80805 11.5087 8.81511 -0.00324544 9.90675e-04 9.56979e-04 0.0035256385 0.0 15 21.5294135965 2.4098202492 0 0 2 3 4 3 2 1 0 0 8 
124 2 3.44074 16.8346 2.6561 9.58236e-04 -0.00272451 0.00490896 0.0056955298 0.0 16 19.571022539 2.3033255774 0 0 1 3 4 7 1 0 0 0 7 
680 1 4.77971 10.8092 5.71568 -0.00236859 -0.00203999 0.00431261 0.0053263855 0.0 18 25.272312082 2.414630182 0 0 0 3 8 5 2 0 0 0 7 
321 2 7.99485 11.7823 9.4783 -0.00164291 5.14476e-05 0.00187484 0.0024933562 0.0 14 19.907114492 2.3435089947 0 0 3 1 5 2 2 1 0 0 8 
530 1 8.40855 10.9582 1.12553 0.00325991 -0.00410389 4.68237e-04 0.0052619552 0.0 13 22.1587637298 2.2918630516 0 0 0 3 6 4 0 0 0 0 6 
412 2 1.07548 10.6573 8.99257 -0.00207977 -0.00252669 9.17453e-04 0.0033987241 0.0 14 12.9098511892 2.0505617047 0 0 0 4 5 4 1 0 0 0 7 
913 2 7.51218 17.6254 0.293099 0.00235764 3.70883e-04 0.00378667 0.0044760351 0.0 14 19.5116990568 2.2731702581 0 0 0 5 3 5 1 0 0 0 7 
354 2 0.333703 15.9262 7.20721 2.33833e-04 3.55305e-04 0.00121773 0.0012898782 0.0 14 15.6743221456 2.355895299 0 0 0 4 5 4 1 0 0 0 7 
853 2 3.29858 11.2015 8.95361 8.77551e-04 0.00223767 7.73339e-04 0.0025249388 0.0 13 16.4301438035 2.2157970374 0 0 1 4 3 3 2 0 0 0 7 
28 1 6.58427 12.9156 3.72073 -0.00310795 -0.00552044 -0.00213582 0.006685532 0.0 13 22.684589873 2.1864479018 0 0 0 1 10 2 0 0 0 0 6 
629 1 8.16059 12.2805 6.20002 0.00284122 -4.58191e-04 -0.00149972 0.0032452473 0.0 14 23.1459142733 2.265355812 0 0 0 1 10 3 0 0 0 0 6 
235 1 7.42903 10.1825 4.0835 0.00141822 -0.00405835 -4.39732e-04 0.0043214485 0.0 15 23.9658500689 2.2918630516 0 0 0 1 10 4 0 0 0 0 6 
136 2 2.58817 15.4024 7.21875 0.00168498 0.00135036 0.00154803 0.0026568829 0.0 13 17.1226584332 2.2627678269 0 0 1 2 5 5 0 0 0 0 6 
358 1 6.1239 9.04602 1.16719 0.00241305 1.17043e-04 -0.00107671 0.0026449601 0.0 14 22.1868129402 2.2961991054 0 0 1 1 7 5 0 0 0 0 6 
110 1 6.34423 15.8732 3.67917 -0.00221031 -0.00132707 0.00239284 0.0035174235 0.0 15 23.7470306174 2.262186837 0 0 1 2 6 5 1 0 0 0 7 
692 2 0.586392 13.9252 4.74407 -0.00125746 0.0013674 -0.00173643 0.002542868 0.0 14 15.9396640022 2.273606757 0 0 2 2 4 4 2 0 0 0 7 
350 1 5.56802 16.7173 7.82698 2.30609e-04 0.00210022 -0.00127315 0.0024667824 0.0 16 23.3603193347 2.3891382152 0 0 2 3 4 4 2 1 0 0 8 
962 1 4.42466 9.30391 3.44676 -0.00373203 7.55543e-04 0.00105263 0.0039505598 0.0 13 21.3811000402 2.2985000477 0 0 0 3 6 4 0 0 0 0 6 
905 2 10.5194 10.846 8.93079 -0.00147003 0.00327088 -2.84123e-04 0.0035972726 0.0 13 19.4714615451 2.265355812 0 0 0 3 6 4 0 0 0 0 6 
382 1 13.0852 15.8531 5.20259 0.00375875 0.00169853 0.00108744 0.0042656455 0.0 14 22.3283461219 2.2196805379 0 0 0 4 4 6 0 0 0 0 6 
128 1 11.4123 13.5053 5.82978 0.00138819 3.3464e-04 -0.00234528 0.0027457956 0.0 15 21.8929426436 2.265355812 0 0 1 3 5 4 2 0 0 0 7 
804 1 10.6365 16.6666 7.11935 0.00194679 -0.00309758 0.00211276 0.0042247779 0.0 15 22.3148925677 2.3486156261 0 0 0 2 9 3 1 0 0 0 7 
850 1 9.06969 14.9473 5.05361 -0.00190716 -0.00197974 4.57699e-04 0.0027867756 0.0 15 23.0057970652 2.2136574974 0 0 1 1 8 4 1 0 0 0 7 
803 1 13.5048 9.68928 1.30435 0.00191542 -5.1398e-04 -6.0291e-04 0.0020728024 0.0 15 22.2668503871 2.3007190546 0 0 2 2 6 2 2 1 0 0 8 
53 1 13.0485 18.0666 7.63427 0.00524734 3.62316e-04 -0.00209252 0.0056607853 0.0 14 22.8345894087 2.3299344621 0 0 0 3 7 3 1 0 0 0 7 
535 1 10.6417 10.148 5.54865 0.00323156 0.00267011 -9.12807e-04 0.0042901846 0.0 13 22.1977323005 2.265355812 0 0 1 2 6 3 1 0 0 0 7 
55 1 13.6907 14.4929 7.69941 0.00281755 0.00326316 -0.00242527 0.0049465883 0.0 15 22.3921369978 2.2784269338 0 0 2 1 5 6 1 0 0 0 7 
512 1 10.7582 14.0329 8.43381 -0.00441387 9.32263e-04 0.00251161 0.0051632884 0.0 16 22.263077324 2.3435089947 0 0 2 3 3 5 3 0 0 0 7 
353 1 17.5362 14.2259 6.95771 8.61555e-04 0.00231271 0.00330344 0.0041235446 0.0 14 22.7929887361 2.2767001221 0 0 0 3 6 5 0 0 0 0 6 
805 1 17.885 11.4276 6.43576 7.74513e-04 -0.00206359 9.67053e-04 0.0024069619 0.0 16 21.7830493657 2.1956498323 0 0 0 3 7 5 1 0 0 0 7 
656 1 15.2752 12.7965 6.15732 -1.67129e-04 -0.00114187 -0.00197021 0.0022833148 0.0 14 21.7263336062 2.2784269338 0 0 1 1 8 3 1 0 0 0 7 
985 1 11.6963 12.5186 1.41371 0.00196683 -0.00240142 9.23559e-04 0.003238549 0.0 15 22.2663248731 2.2416374349 0 0 0 3 7 4 1 0 0 0 7 
918 1 11.601 15.2694 2.81583 -0.00445972 0.00417997 -0.00211229 0.006467072 0.0 14 22.3790345184 2.2459356493 0 0 0 3 6 5 0 0 0 0 6 
911 1 16.2863 16.0696 4.52915 9.53689e-05 0.00212104 3.25836e-04 0.0021480398 0.0 14 22.7951085759 2.2784269338 0 0 1 1 8 3 1 0 0 0 7 
367 1 9.93616 12.0013 3.63631 -0.00820717 6.50494e-04 0.00190568 0.0084505857 0.0 14 22.3203771512 2.2459356493 0 0 1 1 8 3 1 0 0 0 7 
697 1 14.0993 16.2807 2.18093 0.00206072 -6.32447e-04 6.77443e-04 0.0022595321 0.0 13 21.6700347533 2.208291649 0 0 0 1 10 2 0 0 0 0 6 
357 1 12.8733 11.1726 4.36869 -2.7206e-04 -0.00334941 -0.00146049 0.0036640954 0.0 14 21.3670108892 2.2253977418 0 0 0 2 8 4 0 0 0 0 6 
509 1 10.689 9.85534 0.239426 0.00162283 0.00150397 -9.60333e-04 0.0024119997 0.0 13 21.4694298217 2.3333416734 0 0 1 3 4 4 1 0 0 0 7 
366 1 15.8955 10.881 3.70769 -6.99893e-04 0.00127917 -0.00375546 0.0040285985 0.0 14 22.1539015245 2.1922137227 0 0 1 0 10 2 1 0 0 0 7 
924 1 14.0378 13.6471 3.61229 0.00488821 4.36824e-04 0.0016264 0.0051701634 0.0 14 22.0296912157 2.2675820906 0 0 0 2 8 4 0 0 0 0 6 
17 1 15.1951 12.3459 1.00808 0.0037937 0.00103536 -9.41946e-04 0.0040436855 0.0 14 21.2222055461 2.2671716998 0 0 1 2 6 4 1 0 0 0 7 
841 1 16.2431 16.9595 7.38513 7.47141e-04 0.00250967 5.65587e-04 0.0026789087 0.0 16 22.8332391178 2.2784269338 0 0 1 2 6 6 1 0 0 0 7 
352 1 12.8772 11.4634 7.35397 -0.00106975 2.8221e-05 0.0010385 0.0014911887 0.0 15 21.5322532489 2.2430694571 0 0 0 4 4 7 0 0 0 0 6 
84 1 16.512 14.5907 1.99224 0.00618121 0.00164906 -0.00190874 0.00667608 0.0 14 20.6104847307 2.2323816762 0 0 2 1 6 3 2 0 0 0 7 
553 1 15.3355 9.97453 6.8296 -0.00425957 0.0031599 -0.00168904 0.0055661262 0.0 17 23.660500337 2.2925331083 0 0 0 3 6 8 0 0 0 0 6 
276 1 18.0463 12.6571 3.77833 0.00220256 -0.00265116 -0.00196409 0.0039670606 0.0 15 23.5371711132 2.2675820906 0 0 0 3 8 2 2 0 0 0 7 
351 2 0.424976 14.698 9.64794 0.00143134 -6.03106e-04 -0.00105446 0.0018773271 0.0 15 18.02432667 2.2903676439 0 0 1 1 8 4 1 0 0 0 7 
271 1 21.771 17.3757 0.844537 6.41192e-04 -0.00141209 -0.00400207 0.0042920496 0.0 14 23.0382842422 2.3375072711 0 0 1 3 4 5 1 0 0 0 7 
127 2 23.8715 12.1689 7.24586 0.00101954 0.00141836 -8.7698e-04 0.001954559 0.0 13 14.1328266949 2.1515375199 0 0 1 0 9 3 0 0 0 0 6 
621 2 22.158 14.3364 8.5233 0.00150279 -0.00211957 0.00144586 0.0029734603 0.0 16 17.7020752306 2.2758456809 0 0 3 1 2 9 1 0 0 0 7 
107 2 24.6949 10.1468 8.48742 -0.00111869 3.18597e-04 -4.35996e-04 0.0012422012 0.0 14 13.5329373351 2.114627674 0 0 0 2 8 4 0 0 0 0 6 
56 2 23.5122 9.91112 6.33928 0.00221111 0.00118161 8.51502e-04 0.0026476906 0.0 13 13.4224977329 2.1001984062 0 0 0 1 10 2 0 0 0 0 6 
551 2 20.1963 12.5448 8.54415 -7.56865e-04 -4.2971e-04 -0.00149377 0.0017288274 0.0 13 15.8291772675 2.1739066099 0 0 1 2 5 5 0 0 0 0 6 
314 2 20.5225 10.3468 7.62689 0.00259328 0.00107005 0.00301991 0.0041218885 0.0 13 14.915644027 2.1234257886 0 0 0 5 3 4 1 0 0 0 7 
210 1 23.2054 11.2957 1.6076 9.54559e-04 0.00384918 1.2267e-04 0.0039676715 0.0 15 23.7038202767 2.4052927018 0 0 0 2 8 5 0 0 0 0 6 
370 2 22.2142 10.8495 9.26482 0.00206035 -0.00111784 0.00139626 0.002728397 0.0 15 14.8345023146 2.114627674 0 0 0 4 4 7 0 0 0 0 6 
270 2 24.6546 14.3503 3.89975 -2.43368e-04 0.00241664 -0.00244571 0.0034468644 0.0 14 17.4917366587 2.4370839716 0 0 0 2 9 2 1 0 0 0 7 
598 1 25.8572 12.0098 2.37471 -0.0028387 0.00266505 -0.00173375 0.0042622293 0.0 14 22.0648508566 2.2909740683 0 0 0 2 8 4 0 0 0 0 6 
681 2 23.9421 12.0457 4.79717 -5.27167e-04 0.00205492 0.00442807 0.0049100311 0.0 13 14.9481565637 2.1141342957 0 0 0 1 10 2 0 0 0 0 6 
795 2 25.3655 14.3491 8.078 0.00345813 0.00231375 1.07128e-05 0.0041607952 0.0 14 15.2986749636 2.2587592029 0 0 1 3 4 5 1 0 0 0 7 
828 1 20.9881 14.4755 1.37453 0.00366567 0.00394205 -0.00271467 0.0060287916 0.0 14 21.3458548218 2.2521820797 0 0 2 2 3 6 1 0 0 0 7 
493 1 18.8424 16.4062 0.831278 0.00458656 2.94296e-04 8.9624e-04 0.0046825622 0.0 13 20.4633615114 2.1661648956 0 0 0 3 7 2 1 0 0 0 7 
872 2 0.224738 8.26353 8.5716 -4.68779e-04 4.43268e-04 -0.00141606 0.0015561061 0.0 14 12.2436414284 1.7927176847 0 0 0 1 10 3 0 0 0 0 6 
562 1 25.5456 9.27487 0.630366 -0.00130838 0.00254189 6.62628e-04 0.0029346446 0.0 16 26.0625296854 2.4052927018 0 0 1 2 7 4 2 0 0 0 7 
485 2 23.0861 14.2646 6.33136 -0.00228522 1.68933e-04 0.00190683 0.0029810685 0.0 13 13.842522521 2.2348078923 0 0 1 1 9 0 2 0 0 0 7 
372 2 23.7341 16.9991 3.72518 0.00122725 8.58957e-04 -0.00181214 0.0023511276 0.0 16 21.5463309939 2.4370839716 0 0 1 3 5 5 2 0 0 0 7 
719 1 25.5257 9.08629 4.02073 -0.0016942 -0.00114964 -0.00137686 0.0024673324 0.0 17 23.3694096452 2.2979074675 0 0 0 1 10 6 0 0 0 0 6 
92 1 19.1216 16.3243 6.16222 0.00271073 -0.00144048 0.00169242 0.0035053281 0.0 13 20.4987651188 2.2293109199 0 0 1 3 4 4 1 0 0 0 7 
363 1 23.7124 14.2121 0.977564 0.00155248 0.00143178 -0.00149778 0.0025891182 0.0 16 24.1418313101 2.4370839716 0 0 0 6 2 6 2 0 0 0 7 
259 1 20.7717 8.77509 1.28913 0.00162215 -4.58789e-04 -0.0030578 0.0034917043 0.0 15 24.600088235 2.4062797901 0 0 0 4 5 5 1 0 0 0 7 
992 1 18.8711 15.4721 3.33318 0.00319697 0.00241914 -0.00142925 0.0042562438 0.0 15 21.3450400769 2.1904624241 0 0 0 3 7 4 1 0 0 0 7 
411 1 20.0078 11.8473 1.87281 -0.00573723 -3.33506e-05 -0.00165689 0.0059717841 0.0 12 20.2646765501 2.1904624241 0 0 0 3 6 3 0 0 0 0 6 
281 2 26.3955 16.3735 4.10986 -0.00321094 -0.00446641 -2.38136e-04 0.0055059661 0.0 12 15.2727733499 2.4329683417 0 0 1 2 6 2 1 0 0 0 7 
715 1 23.8546 18.0984 8.11292 -0.00194432 -5.3306e-04 -0.00309316 0.0036921771 0.0 16 22.9671276087 2.4127411839 0 0 3 1 5 4 2 1 0 0 8 
466 2 21.8126 12.8491 4.132 -0.0011561 -0.00211985 -0.00135307 0.0027678746 0.0 14 18.2415181732 2.1957422641 0 0 0 2 8 4 0 0 0 0 6 
236 2 22.0917 15.3079 4.51474 -0.00191111 -7.78744e-04 3.49729e-04 0.0020931063 0.0 13 19.0935377369 2.2342451633 0 0 1 3 4 4 1 0 0 0 7 
129 2 20.5756 13.6713 6.17995 -0.00353341 -0.00352313 -0.00172177 0.0052784395 0.0 14 18.8661413491 2.2049475882 0 0 0 3 6 5 0 0 0 0 6 
559 2 21.6445 11.6129 6.19196 -0.0020167 6.48611e-05 -1.54157e-04 0.002023623 0.0 13 14.1271556829 2.1746372778 0 0 0 3 6 4 0 0 0 0 6 
429 2 25.4808 13.3174 5.89465 -0.00145838 0.0011431 -8.26956e-04 0.0020291392 0.0 13 12.1550363883 2.1531195901 0 0 0 3 6 4 0 0 0 0 6 
108 2 24.7235 15.9469 5.86536 -0.00268797 -2.72608e-04 -0.0021339 0.0034428225 0.0 14 16.0547275877 2.2587592029 0 0 1 3 5 3 2 0 0 0 7 
360 2 0.446077 11.4906 5.10485 0.00170136 -9.34003e-04 7.54262e-04 0.0020822821 0.0 12 16.3844382972 2.414630182 0 0 0 4 4 4 0 0 0 0 6 
966 2 26.4158 9.91205 6.96796 -0.00235842 -3.36423e-04 -0.0019386 0.0030713996 0.0 16 14.2104977652 2.1531195901 0 0 0 0 12 4 0 0 0 0 6 
449 1 19.617 9.96421 4.30854 0.00201208 0.00267984 -7.84278e-04 0.0034416712 0.0 15 23.6130488149 2.4062797901 0 0 0 2 10 1 2 0 0 0 7 
147 1 17.483 10.4127 1.47739 -0.00302223 0.00108723 -0.00351848 0.0047639946 0.0 13 23.5553631223 2.408079113 0 0 0 3 6 4 0 0 0 0 6 
573 2 3.77997 22.8602 0.331592 -9.45731e-04 -5.21899e-04 0.00102533 0.0014893244 0.0 14 13.1955127492 2.0292074397 0 0 2 3 3 3 3 0 0 0 7 
935 2 7.87227 22.7017 7.37244 -0.00150276 -0.00323535 -8.87566e-04 0.0036760782 0.0 13 17.0956695929 2.2372750152 0 0 1 3 4 4 1 0 0 0 7 
797 2 5.31992 22.3146 7.22209 -0.00411277 -1.07625e-04 -0.00285185 0.0050059473 0.0 14 16.6512764496 2.3138053203 0 0 0 3 6 5 0 0 0 0 6 
390 2 3.36305 24.0832 5.31084 6.12688e-04 0.00107621 -3.13823e-07 0.001238392 0.0 14 13.7141609462 2.1884695911 0 0 1 3 5 3 2 0 0 0 7 
852 2 3.90289 24.9468 0.978603 -0.0012884 3.19155e-04 -8.29299e-04 0.0015651106 0.0 14 11.9419454335 1.8476865926 0 0 0 4 5 4 1 0 0 0 7 
722 2 2.47034 18.7026 4.81702 0.00477861 4.20739e-04 0.0043832 0.0064980441 0.0 14 12.8176954793 1.8896221749 0 0 2 3 3 3 3 0 0 0 7 
126 2 1.91047 26.125 4.18311 7.95812e-04 -0.00154447 -1.50015e-04 0.0017439062 0.0 15 13.2227826093 2.0130158582 0 0 0 4 7 1 3 0 0 0 7 
718 2 1.39071 18.1656 2.71205 4.77437e-04 -9.64142e-05 -0.00320861 0.003245369 0.0 12 14.4104616826 2.1616495566 0 0 1 4 2 4 1 0 0 0 7 
943 2 1.08754 24.0017 4.87616 8.55147e-04 3.20109e-04 -7.55544e-04 0.0011851552 0.0 14 16.0741835176 2.3176080485 0 0 1 2 6 4 1 0 0 0 7 
866 2 1.87254 24.7693 2.14608 0.00466429 -1.48008e-04 6.38918e-04 0.0047101724 0.0 14 13.5497610687 2.2265249726 0 0 2 3 3 3 3 0 0 0 7 
808 2 3.80784 20.0401 3.21971 -4.93785e-05 -0.00357698 0.00166136 0.0039442796 0.0 17 14.5803083463 2.1206248412 0 0 1 5 2 6 3 0 0 0 7 
786 2 2.35958 21.5836 5.1478 -0.00246299 0.00452503 -0.00180545 0.0054591085 0.0 13 13.6819674898 2.1300022446 0 0 0 3 6 4 0 0 0 0 6 
725 2 7.58014 21.1657 5.49438 -7.23341e-04 -7.84277e-04 -0.00284649 0.0030398714 0.0 15 15.7531716491 2.1369301068 0 0 0 4 4 7 0 0 0 0 6 
160 2 8.77695 17.4888 2.82135 -0.00390535 0.00408981 -8.56393e-04 0.0057194155 0.0 14 19.7756170924 2.2219568687 0 0 0 3 6 5 0 0 0 0 6 
295 2 26.0037 18.4805 3.13516 -0.00248341 -0.00197551 -1.60499e-04 0.003177377 0.0 12 16.8102171742 2.2715001159 0 0 1 2 5 4 0 0 0 0 6 
688 2 7.11107 19.8302 0.981387 -4.96988e-04 2.49403e-04 -0.00214878 0.0022195618 0.0 14 13.7266788527 1.929277561 0 0 0 4 5 4 1 0 0 0 7 
162 2 8.55065 19.9157 3.46352 -0.00273915 0.00534456 5.83967e-04 0.0060339276 0.0 18 15.7950561518 2.2015752976 0 0 3 3 4 3 3 2 0 0 8 
616 2 5.95036 24.1058 0.354899 0.00135228 -0.00403762 0.00319023 0.005320583 0.0 14 13.2287618155 1.8603142646 0 0 2 3 2 5 2 0 0 0 7 
313 2 1.30479 22.7732 0.816918 -0.00312833 0.0028372 -8.95495e-05 0.0042242362 0.0 13 14.7182566907 2.2269662428 0 0 0 4 6 1 2 0 0 0 7 
442 2 4.84753 25.8744 5.90617 0.00307447 -0.00581549 5.84374e-05 0.0065784272 0.0 14 13.1383368102 1.9152673549 0 0 0 2 8 4 0 0 0 0 6 
534 2 4.08424 25.2849 3.36664 0.00185998 -1.78921e-04 -0.00492358 0.00526623 0.0 14 12.6891994987 2.0154548646 0 0 1 2 7 2 2 0 0 0 7 
659 2 6.63636 24.726 7.33179 0.00199749 0.00272238 0.00266542 0.0043018348 0.0 14 14.5355981557 2.4129053025 0 0 1 3 4 5 1 0 0 0 7 
401 2 1.91232 22.0524 7.58919 -0.00272236 -0.00109372 -0.00130798 0.0032122078 0.0 17 21.7346593454 2.3176080485 0 0 1 4 3 7 2 0 0 0 7 
776 2 1.06764 20.0705 6.10055 -0.00261365 0.00134919 -0.00274925 0.0040261465 0.0 13 16.2607272252 2.4135468651 0 0 1 3 5 2 2 0 0 0 7 
476 2 7.52488 22.3213 3.59055 0.00120998 0.00211278 0.00112566 0.00268235 0.0 13 10.9469885194 1.8485613786 0 0 1 3 5 2 2 0 0 0 7 
869 1 6.63677 19.4582 7.95213 9.05238e-04 -0.00300497 -0.00323069 0.0045040713 0.0 13 21.1090550814 2.2403673261 0 0 0 1 10 2 0 0 0 0 6 
740 2 5.83037 23.7753 2.91647 1.99541e-04 1.1966e-04 1.88736e-04 2.9959373154e-04 0.0 15 12.5247018038 1.8513545492 0 0 2 2 4 5 2 0 0 0 7 
515 2 3.56079 0.432295 1.80879 -0.00271201 7.89477e-04 0.00261166 0.0038469521 0.0 12 12.5009448392 2.1816603118 0 0 0 2 8 2 0 0 0 0 6 
561 2 4.13482 20.4128 6.57618 4.65339e-04 3.00634e-04 -0.00298495 0.0030359262 0.0 13 16.4538472208 2.2430783596 0 0 0 4 5 3 1 0 0 0 7 
278 2 5.52101 18.621 2.27996 -6.46097e-04 0.00376599 5.70914e-04 0.0038634266 0.0 14 14.9249264267 2.2219568687 0 0 1 4 3 4 2 0 0 0 7 
748 2 0.628049 20.32 1.09712 0.00261031 -3.4575e-04 0.00125224 0.0029157103 0.0 15 18.5941151922 2.2921894345 0 0 0 3 7 4 1 0 0 0 7 
158 2 4.70145 19.8538 0.123928 -0.00150957 0.00104091 -0.00493344 0.0052631859 0.0 12 14.7200344944 2.1378152871 0 0 0 2 8 2 0 0 0 0 6 
190 2 0.756497 20.2962 3.56227 -0.003717 0.0017295 0.00193169 0.0045319627 0.0 14 15.2559402117 2.1882380735 0 0 1 2 6 4 1 0 0 0 7 
999 2 4.56989 22.0498 4.56019 0.00256706 -0.00144877 0.00125352 0.0032031303 0.0 14 12.4662700971 1.9120824819 0 0 1 1 7 5 0 0 0 0 6 
489 2 0.395329 22.7354 2.95542 -0.0031872 -0.0043117 1.82683e-05 0.0053618406 0.0 12 16.045635081 2.1959361924 0 0 0 3 6 3 0 0 0 0 6 
188 2 7.90722 24.7427 1.88073 0.00117454 5.93065e-04 0.0030188 0.0032930873 0.0 16 14.2047374312 1.8876925619 0 0 0 4 6 4 2 0 0 0 7 
76 2 3.1182 22.6517 2.74636 -0.00237182 0.00439184 -3.36068e-04 0.0050026723 0.0 16 14.3644768626 2.1206248412 0 0 0 3 7 5 1 0 0 0 7 
600 2 -0.217479 17.9477 5.9322 -0.00344092 0.00114634 0.00163649 0.0039789603 0.0 16 18.1164123328 2.4601392296 0 0 1 4 5 2 4 0 0 0 7 
257 2 5.34871 19.0923 5.05966 -2.94746e-04 0.00134743 -0.00210734 0.0025185958 0.0 16 16.2639689978 2.2219568687 0 0 1 6 3 1 4 1 0 0 8 
428 2 6.30345 20.4413 3.64175 8.17534e-04 -3.04503e-04 4.30389e-04 9.7278908787e-04 0.0 10 11.2564679226 2.1901180979 0 0 0 4 4 2 0 0 0 0 6 
825 2 5.24829 21.7624 2.05767 3.45647e-04 0.00336104 7.43239e-04 0.0034595471 0.0 14 12.6490182969 2.0684148009 0 0 0 4 4 6 0 0 0 0 6 
687 2 2.79758 18.731 0.952599 -0.00106773 2.00339e-04 -8.57106e-04 0.001383768 0.0 13 16.1175201969 2.1863188524 0 0 1 3 4 4 1 0 0 0 7 
183 2 5.86017 26.2603 1.6524 3.53052e-04 0.00114458 -3.8112e-04 0.0012569652 0.0 15 13.1245948385 2.0154548646 0 0 0 3 6 6 0 0 0 0 6 
111 2 6.31067 23.4968 5.43859 0.00188013 -0.00302734 -0.0044545 0.0057045812 0.0 13 11.7888183541 1.858744984 0 0 0 4 4 5 0 0 0 0 6 
230 2 7.15063 25.754 4.42937 0.00217449 0.00264675 5.88688e-04 0.0034756648 0.0 17 14.4370743203 2.0154548646 0 0 2 3 4 5 2 1 0 0 8 
79 2 8.43633 23.9111 5.14467 -1.85166e-04 -0.00243731 0.00507047 0.0056288927 0.0 15 12.9508910704 1.871832013 0 0 1 2 8 2 1 1 0 0 8 
98 2 1.85575 25.4347 9.18946 -0.00137982 8.80862e-04 0.00226414 0.002793949 0.0 14 20.2984994531 2.3264567342 0 0 1 3 5 3 2 0 0 0 7 
724 2 8.92845 25.5673 7.10822 0.00227553 7.82051e-04 -0.0016497 0.0029173876 0.0 13 12.6888336241 2.0372830486 0 0 1 3 4 4 1 0 0 0 7 
207 1 17.3894 24.1328 1.45126 -0.00532931 0.00221365 -0.00298923 0.006499022 0.0 14 22.1925870579 2.1923197806 0 0 0 2 8 4 0 0 0 0 6 
728 2 10.437 25.4733 8.74707 -0.00165409 9.62629e-04 0.00282361 0.0034110763 0.0 13 16.1441262302 2.3061052894 0 0 0 3 6 4 0 0 0 0 6 
293 1 14.751 18.4339 5.08577 0.0049415 -0.00218239 -0.00310841 0.0062324523 0.0 15 23.41214207 2.2865772639 0 0 0 3 6 6 0 0 0 0 6 
30 1 18.1397 25.6956 3.67931 -0.00225037 -5.52343e-04 0.00189341 0.0029923652 0.0 14 21.2589471228 2.1601946584 0 0 0 3 6 5 0 0 0 0 6 
791 2 14.7367 19.9783 0.153378 -0.00139671 -0.00160789 -3.75331e-04 0.0021626332 0.0 16 19.7255593465 2.2161462365 0 0 3 2 4 3 3 1 0 0 8 
812 2 10.2344 23.0449 6.88306 0.00252784 0.00224971 -0.00232724 0.0041069717 0.0 16 18.2329949746 2.238750015 0 0 0 4 5 6 1 0 0 0 7 
592 2 10.5068 0.710555 7.35115 0.0035683 0.00108585 -0.00242477 0.0044487464 0.0 16 12.4272460057 1.8427419155 0 0 0 5 4 5 2 0 0 0 7 
634 2 10.8475 17.9824 4.32232 -0.00209261 0.00106297 -0.00487733 0.0054126952 0.0 15 19.4482654353 2.1709992655 0 0 3 2 4 3 1 2 0 0 8 
893 2 12.5901 22.366 5.62969 0.00118056 -3.12334e-04 -0.00226129 0.0025699624 0.0 14 13.6009270438 2.1926022162 0 0 1 2 7 2 2 0 0 0 7 
886 2 15.6486 26.1659 5.21047 -2.31027e-04 0.004859 -0.00330512 0.0058810775 0.0 15 17.7584291331 2.3220009207 0 0 2 1 5 6 1 0 0 0 7 
32 2 10.2345 25.7946 5.01901 2.42558e-04 0.00203811 -0.00368334 0.0042166006 0.0 14 12.4842526077 1.8949654458 0 0 1 3 5 3 2 0 0 0 7 
273 1 10.0974 19.5341 6.83832 -0.00220443 1.70919e-04 0.0014819 0.0026617198 0.0 15 23.164872383 2.2739352703 0 0 0 4 5 5 1 0 0 0 7 
324 2 14.487 22.541 1.39427 0.00144162 -0.00163704 0.0032683 0.0039293706 0.0 15 17.8253297086 2.215060345 0 0 1 1 9 2 2 0 0 0 7 
43 1 16.8997 18.2859 2.07139 0.00183418 8.80525e-04 0.00370625 0.0042279817 0.0 15 23.5991010833 2.2865772639 0 0 0 2 9 3 1 0 0 0 7 
792 1 17.4864 23.6667 8.14815 -0.00360275 -0.0034292 0.00188282 0.0053182921 0.0 14 21.7765469275 2.3208754973 0 0 1 3 4 5 1 0 0 0 7 
315 1 17.6509 21.5467 0.250262 -6.13398e-04 0.00305356 -0.00302214 0.0043397945 0.0 14 20.7822480319 2.2161462365 0 0 1 3 5 3 2 0 0 0 7 
432 2 13.4041 25.3213 4.54456 0.00394884 0.00291031 -0.00478011 0.0068492841 0.0 15 13.9088167532 1.9168291903 0 0 0 2 8 5 0 0 0 0 6 
256 2 15.4222 23.2794 3.70956 0.00132381 -0.00130245 -0.00114494 0.002181682 0.0 16 19.6706097496 2.2083984989 0 0 3 2 4 3 3 1 0 0 8 
483 2 14.6409 23.6392 6.00892 -0.00305188 0.00479019 0.00286117 0.0063597316 0.0 16 17.6961305817 2.3220009207 0 0 2 3 3 5 3 0 0 0 7 
811 2 14.3691 25.514 0.662838 -0.00241219 -0.00311245 0.00234071 0.004580931 0.0 14 17.0163873904 2.1923197806 0 0 0 4 4 6 0 0 0 0 6 
771 2 12.2985 20.0975 0.709189 -8.35557e-04 0.00320794 0.00109525 0.0034912186 0.0 13 13.8648813934 2.1452735835 0 0 1 3 5 2 2 0 0 0 7 
26 2 10.9199 20.8514 2.35441 -0.00267493 -5.5263e-05 -0.00182531 0.0032388364 0.0 14 12.5995946598 1.9509746472 0 0 3 3 1 4 2 1 0 0 8 
545 2 9.66205 23.2057 2.44255 -2.438e-04 -0.00201629 0.00149945 0.0025245226 0.0 15 13.1815437516 1.8981145578 0 0 2 2 6 1 4 0 0 0 7 
202 2 12.6685 24.7777 2.33995 8.29351e-04 5.61018e-04 -5.65024e-04 0.0011497027 0.0 14 14.0808876632 1.9921449093 0 0 0 2 8 4 0 0 0 0 6 
676 2 14.3747 21.3417 4.74597 -0.00199945 -8.06193e-04 -0.00116708 0.0024514941 0.0 13 16.4697758466 2.280466399 0 0 3 1 4 3 1 1 0 0 8 
513 2 11.8719 22.6676 0.865556 0.00148677 5.19314e-04 0.00307196 0.0034521168 0.0 13 12.6276641183 1.8385722281 0 0 1 2 5 5 0 0 0 0 6 
102 2 12.2174 20.2545 4.64915 -0.00279757 0.00179942 -2.34628e-04 0.0033345705 0.0 14 16.7215127242 2.2030245672 0 0 1 2 6 4 1 0 0 0 7 
760 2 12.7778 22.2801 3.2438 -0.00183454 0.00195646 0.0036075 0.0044952563 0.0 15 12.5045214199 1.8835249665 0 0 2 2 5 3 3 0 0 0 7 
754 2 13.9234 25.758 7.18867 0.00139505 -1.76224e-04 0.00461224 0.004821823 0.0 14 13.6233252659 2.1164288689 0 0 0 6 2 4 2 0 0 0 7 
768 1 17.1364 20.8089 6.89702 -0.00365707 3.92633e-05 -0.00408163 0.0054804567 0.0 17 23.9874752745 2.2390382358 0 0 1 3 6 4 3 0 0 0 7 
141 2 14.1419 20.269 2.40546 3.77775e-04 5.70189e-04 4.0877e-04 7.9682015489e-04 0.0 15 17.8016917083 2.2865772639 0 0 3 2 4 2 3 1 0 0 8 
516 2 16.1578 26.3734 7.59902 -0.00158784 -8.66964e-04 0.00146692 0.0023291021 0.0 15 15.8344185698 2.1850505019 0 0 0 4 4 7 0 0 0 0 6 
689 2 11.6605 25.2017 6.57647 0.00164663 -0.00110519 0.00247479 0.0031713437 0.0 15 12.6101212137 1.8357861448 0 0 0 5 3 6 1 0 0 0 7 
830 1 14.4429 20.5526 7.716 5.51649e-04 -6.05086e-04 0.00125727 0.0015003911 0.0 15 22.5245518693 2.2373594848 0 0 0 3 8 2 2 0 0 0 7 
514 2 9.71504 19.0034 1.07031 3.39438e-04 8.92006e-04 -0.00464908 0.0047460339 0.0 14 15.4340727765 2.1607685226 0 0 2 3 3 3 3 0 0 0 7 
290 2 9.87092 21.6854 4.40049 -0.00445013 -0.00319237 0.00119891 0.0056064488 0.0 13 14.0265094721 2.0535309319 0 0 1 2 6 3 1 0 0 0 7 
386 2 10.3746 24.5062 0.254353 -0.00124448 0.0023461 -0.00316042 0.0041280952 0.0 14 13.1254113634 1.8876925619 0 0 2 1 6 3 2 0 0 0 7 
394 2 11.2417 23.6495 4.31955 -0.00162735 -0.00308689 -1.21847e-04 0.0034917051 0.0 13 12.5064131544 1.88822725 0 0 2 1 6 2 2 0 0 0 7 
385 2 12.0104 18.7282 2.58611 0.00274681 0.00204912 -9.60548e-04 0.0035590041 0.0 15 17.0981083629 2.1957595638 0 0 2 4 3 2 3 1 0 0 8 
467 2 14.9567 26.4987 2.62363 6.56856e-04 -5.26988e-04 -0.00251368 0.0026509929 0.0 13 16.900915831 2.1303411379 0 0 1 2 5 5 0 0 0 0 6 
418 2 7.70174 22.1608 1.37946 -0.00287882 -0.00252892 0.00162962 0.0041639767 0.0 15 12.7715548339 1.9352313363 0 0 3 2 2 5 3 0 0 0 7 
938 1 17.1588 18.5353 9.42249 -5.90655e-04 -0.00179698 0.00321953 0.0037340841 0.0 13 20.4328063181 2.1779744835 0 0 0 3 6 4 0 0 0 0 6 
301 1 22.6354 24.4765 26.7132 0.00142646 -0.0015883 0.0023926 0.0032065589 0.0 13 19.9878756582 2.2171040256 0 0 1 0 9 3 0 0 0 0 6 
419 1 23.4492 23.1322 8.02921 0.0027448 -0.00711514 -3.51928e-04 0.0076343302 0.0 14 20.7003148117 2.2101224048 0 0 1 4 4 2 3 0 0 0 7 
738 1 19.9901 17.9489 3.19166 0.00315472 8.01725e-04 7.50428e-04 0.0033403837 0.0 14 22.1272520727 2.2341470591 0 0 0 3 6 5 0 0 0 0 6 
923 1 19.5701 18.7669 7.65086 -0.00301779 6.88855e-04 0.00277133 0.004154738 0.0 13 20.7310130548 2.403729485 0 0 1 2 5 5 0 0 0 0 6 
298 1 25.2274 22.0889 5.4864 0.00116952 -4.08094e-04 0.00204376 0.0023898269 0.0 16 20.9315384155 2.1959361924 0 0 0 2 8 6 0 0 0 0 6 
384 1 20.2142 22.2807 2.824 1.34343e-04 -2.90549e-05 0.00215586 0.0021602372 0.0 16 22.1109040687 2.2700164109 0 0 1 3 5 5 2 0 0 0 7 
624 1 23.8272 19.5385 5.40948 -1.29074e-04 0.00159126 -0.00106169 0.0019172778 0.0 15 21.5889755945 2.1882380735 0 0 0 3 7 4 1 0 0 0 7 
217 1 20.1872 20.2493 5.12048 -0.00109228 -0.00122097 8.28576e-04 0.0018358599 0.0 15 21.9411674835 2.1867944709 0 0 0 3 6 6 0 0 0 0 6 
890 1 22.3222 19.6672 2.91993 0.00396826 4.35259e-04 -9.49923e-04 0.0041035218 0.0 13 20.6389711539 2.2471748044 0 0 0 3 6 4 0 0 0 0 6 
41 1 22.4439 22.0518 5.07579 0.00139534 -0.00242476 -0.00113232 0.003018043 0.0 14 20.7917875523 2.2658599947 0 0 0 3 6 5 0 0 0 0 6 
694 1 20.043 23.1605 26.1498 0.00214544 -5.72532e-04 -0.00136844 0.0026083201 0.0 15 20.7512063247 2.159224303 0 0 0 4 4 7 0 0 0 0 6 
746 1 18.8818 25.3665 6.4726 0.00277287 -0.00167563 0.00130251 0.0034918586 0.0 15 20.8526321875 2.3220009207 0 0 1 1 8 4 1 0 0 0 7 
920 1 24.574 21.2473 2.78342 0.00189837 -0.00381651 4.41431e-04 0.0042853726 0.0 13 20.6100562298 2.2700164109 0 0 0 1 10 2 0 0 0 0 6 
60 1 20.2279 22.4679 7.08517 6.40162e-04 2.2324e-04 8.19322e-04 0.0010634529 0.0 13 21.1320128404 2.1621745633 0 0 0 3 6 4 0 0 0 0 6 
702 1 21.6102 25.2783 7.05966 -9.15173e-04 4.63507e-04 0.00108922 0.0014962555 0.0 14 20.7338176019 2.2295372961 0 0 1 2 7 2 2 0 0 0 7 
116 1 18.3581 22.8672 5.01647 0.00109723 0.00208494 -9.75107e-04 0.0025498475 0.0 15 22.0386127537 2.3220009207 0 0 1 4 3 5 2 0 0 0 7 
338 1 24.9881 25.7958 0.7584 0.00240406 0.00336699 1.11102e-04 0.0041386556 0.0 14 21.5629181352 2.3273837757 0 0 1 3 6 2 1 1 0 0 8 
785 1 22.3479 21.3803 0.516179 -0.00114909 -0.00219176 0.00160849 0.0029515182 0.0 14 22.6827445476 2.4119336604 0 0 1 3 4 5 1 0 0 0 7 
713 1 20.1517 24.9607 1.45643 5.53105e-04 -4.64219e-04 -0.00266026 0.0027565209 0.0 13 19.5771924717 2.2040963338 0 0 1 2 6 3 1 0 0 0 7 
72 1 17.8362 20.94 3.13625 -7.04346e-04 -0.0031687 -4.93773e-04 0.0032833786 0.0 16 22.9064111516 2.2865772639 0 0 1 4 4 4 3 0 0 0 7 
982 1 24.0665 24.5455 5.55125 -0.00308478 -0.002165 1.68678e-04 0.003772472 0.0 14 20.8365109519 2.2914890072 0 0 1 2 7 2 2 0 0 0 7 
547 1 22.3544 20.4927 8.18135 -8.05016e-04 1.63522e-04 0.00522205 0.0052862649 0.0 16 23.6973839362 2.4030231275 0 0 0 4 6 4 2 0 0 0 7 
683 1 25.135 22.8899 0.452196 -0.00257367 0.00171878 0.00166207 0.0035128989 0.0 16 23.553671959 2.4882751231 0 0 1 3 5 5 2 0 0 0 7 
639 1 17.7912 18.9181 26.2481 -6.81897e-04 -0.00229209 -0.00220473 0.0032526135 0.0 12 19.7994428665 2.1136263359 0 0 0 2 8 2 0 0 0 0 6 
617 1 23.6098 0.0498297 3.91805 0.00121455 -0.00173779 0.00296163 0.003642293 0.0 15 20.6074152494 2.1986494106 0 0 1 4 4 3 3 0 0 0 7 
139 1 21.6913 17.5656 6.56309 -7.46939e-04 8.28216e-04 -0.00200596 0.0022951547 0.0 17 24.1997926675 2.4127411839 0 0 0 5 5 5 1 1 0 0 8 
936 1 26.1292 23.7075 7.92922 0.0056579 0.00207567 5.22249e-04 0.0060492134 0.0 14 22.8421516688 2.3176080485 0 0 0 4 6 2 2 0 0 0 7 
150 1 25.3957 20.5511 7.78991 -0.00138012 5.64512e-04 -0.00292786 0.0032856916 0.0 14 21.9180314061 2.4601392296 0 0 1 3 4 5 1 0 0 0 7 
505 1 23.3679 24.1749 2.8089 -0.00332395 -2.65016e-04 5.98449e-04 0.0033877748 0.0 15 21.6125088657 2.2700164109 0 0 0 3 6 6 0 0 0 0 6 
965 1 21.0815 24.5284 4.28008 0.00274398 -0.00158001 -0.00214557 0.0038248305 0.0 14 20.3578333294 2.0968749166 0 0 0 3 7 3 1 0 0 0 7 
947 1 17.6214 18.7242 5.13595 0.00133699 -0.00252846 9.44799e-04 0.0030121915 0.0 12 21.1554446682 2.2573789264 0 0 1 2 5 4 0 0 0 0 6 
462 2 26.4164 25.1937 3.38539 0.00134855 0.00279912 0.00259855 0.0040504471 0.0 16 17.7952455897 2.2269662428 0 0 1 4 4 5 1 1 0 0 8 
9 2 26.6522 26.1317 5.86271 0.00380728 -0.00410123 -0.00512308 0.0075869241 0.0 13 16.6615172527 2.2914890072 0 0 1 2 5 5 0 0 0 0 6 
975 2 1.50824 6.65111 10.1537 0.00239056 0.00420601 -0.00252628 0.0054577823 0.0 13 16.5547563394 2.1735412741 0 0 0 1 10 2 0 0 0 0 6 
20 1 5.14595 5.71049 9.03591 -6.60277e-04 0.00182465 -0.00210916 0.0028659849 0.0 16 24.9002000205 2.2457233505 0 0 0 1 10 5 0 0 0 0 6 
588 2 26.6103 2.24911 10.7494 -1.79036e-04 -8.22281e-04 0.00322815 0.0033360384 0.0 14 16.4646829809 2.1967952412 0 0 0 5 3 5 1 0 0 0 7 
667 1 6.95769 8.60348 12.8428 -2.31826e-04 -0.0025174 -0.00102917 0.0027295122 0.0 13 23.1269455851 2.3326263443 0 0 0 1 10 2 0 0 0 0 6 
226 1 6.8864 8.86676 16.0766 0.00376974 0.00506807 -0.00274989 0.0068889889 0.0 14 20.6801897323 2.246854681 0 0 0 1 10 3 0 0 0 0 6 
519 1 4.4664 26.4002 14.3046 -0.00515656 6.16352e-04 -0.00548139 0.00755087 0.0 14 20.759508354 2.2066149282 0 0 2 3 3 3 3 0 0 0 7 
780 1 8.69734 6.99218 11.3455 4.18097e-04 -6.63515e-04 0.0012356 0.0014634769 0.0 15 22.3926446127 2.256118852 0 0 0 3 7 4 1 0 0 0 7 
831 1 8.53456 6.88689 17.6446 2.52586e-04 0.00143602 0.0026237 0.0030016254 0.0 15 22.6493253862 2.2949408263 0 0 0 2 8 5 0 0 0 0 6 
215 2 1.43609 9.03546 11.163 -0.00298977 -0.00195494 -0.00429858 0.0055891238 0.0 14 16.2976035173 2.1883128163 0 0 0 2 8 4 0 0 0 0 6 
303 2 26.2666 3.23732 8.52612 -0.00202241 -1.43609e-04 0.00109057 0.0023021965 0.0 13 11.7651869649 1.8870794254 0 0 2 2 4 3 2 0 0 0 7 
610 2 2.10569 1.29079 10.2088 0.00403857 1.48604e-04 2.87135e-04 0.0040514908 0.0 12 17.3213127742 2.1324415884 0 0 0 2 8 2 0 0 0 0 6 
349 1 2.39994 7.21482 16.5967 -0.00297548 -2.31783e-04 0.00230724 0.0037723416 0.0 15 22.2847233504 2.3106353138 0 0 1 5 2 4 3 0 0 0 7 
560 1 6.56903 2.40122 13.9191 0.00238289 0.00242469 -4.54475e-04 0.0034298446 0.0 16 24.0872736518 2.3485250521 0 0 3 1 5 4 2 1 0 0 8 
533 1 5.99698 5.09571 11.8949 0.00300307 9.61923e-04 9.43372e-04 0.003291455 0.0 14 22.958918002 2.2431401562 0 0 2 2 4 4 2 0 0 0 7 
7 1 8.43474 3.85942 15.4291 -0.00144706 0.00207721 0.00293951 0.0038793689 0.0 14 22.5705532518 2.2949408263 0 0 1 2 7 3 0 1 0 0 8 
95 1 6.84767 2.5765 10.5194 0.00197033 -8.06977e-04 0.00232765 0.0031545787 0.0 18 25.0293650667 2.3555046267 0 0 2 6 1 2 7 0 0 0 7 
583 1 6.46635 9.06653 19.0045 -4.07564e-05 -0.00281226 -0.00352636 0.0045106188 0.0 14 20.6321603394 2.3136113203 0 0 1 3 4 5 1 0 0 0 7 
373 2 26.6975 0.277785 8.42671 0.0010165 0.00104645 -6.72445e-04 0.0016063973 0.0 14 18.6477454928 2.295177908 0 0 0 6 1 6 1 0 0 0 7 
359 1 2.01523 6.5575 13.7727 -8.53081e-04 0.00114457 8.25062e-04 0.001648792 0.0 15 21.9358741395 2.1532512283 0 0 2 3 3 4 3 0 0 0 7 
708 1 4.78975 1.0823 11.5762 0.00142547 0.00254501 0.00220533 0.0036568458 0.0 16 23.8732377049 2.3268160593 0 0 2 3 3 5 3 0 0 0 7 
675 1 26.6589 5.8934 17.6276 1.35132e-04 4.65524e-04 -0.00251212 0.0025584605 0.0 12 20.1464373442 2.1327862817 0 0 0 3 6 3 0 0 0 0 6 
838 1 0.371962 4.3668 14.3759 3.056e-04 0.00218636 -0.0013394 0.0025821607 0.0 17 22.9932438803 2.4329863485 0 0 0 7 2 4 4 0 0 0 7 
801 1 6.88543 6.00539 14.9696 -0.00146221 -0.00185684 -2.43861e-04 0.0023760011 0.0 15 22.7947230375 2.2885858162 0 0 0 2 8 5 0 0 0 0 6 
8 1 4.19022 7.38829 12.0859 -0.00420484 0.00109669 0.00277341 0.0051551151 0.0 14 22.5614845082 2.1735412741 0 0 0 2 8 4 0 0 0 0 6 
152 1 3.97892 2.01034 15.4615 -0.00523877 0.00237877 0.00336522 0.0066654305 0.0 13 21.0709159466 2.4953307656 0 0 1 3 4 4 1 0 0 0 7 
446 1 4.65293 8.03867 14.8606 -0.00212701 -0.00330038 -0.0023299 0.0045656449 0.0 12 20.0741701156 2.1532180351 0 0 0 2 8 2 0 0 0 0 6 
690 1 3.27454 4.15998 11.5309 0.00326319 -0.00318311 2.62824e-04 0.0045661444 0.0 16 23.5707158668 2.3138705425 0 0 2 2 5 4 3 0 0 0 7 
867 1 6.5993 0.665189 16.1097 0.00116571 -0.00210142 0.00114395 0.0026614784 0.0 15 22.8140045712 2.4301987155 0 0 1 5 3 4 0 2 0 0 8 
779 1 1.96439 2.19978 13.1243 -0.00229519 0.00387736 0.00223233 0.0050284307 0.0 14 22.4852927355 2.5019089027 0 0 1 1 7 5 0 0 0 0 6 
479 1 5.4504 6.60618 17.3156 0.00131727 0.00174274 7.55257e-04 0.0023114403 0.0 16 23.685916851 2.3470227981 0 0 1 3 7 2 2 1 0 0 8 
813 1 5.59718 3.56528 17.2951 0.00297576 0.0018961 5.83499e-05 0.0035289868 0.0 16 23.9620208175 2.2983932119 0 0 1 3 4 7 1 0 0 0 7 
910 1 4.19331 4.60311 14.4553 2.98957e-04 -0.00405746 4.85689e-04 0.0040973468 0.0 15 23.4949986732 2.3268160593 0 0 0 4 6 3 2 0 0 0 7 
75 2 2.99007 8.57431 9.51849 -3.44852e-05 -2.86284e-04 8.71015e-04 9.1750470729e-04 0.0 13 17.5493381974 2.2309587886 0 0 1 2 6 3 1 0 0 0 7 
876 2 17.4881 6.29577 14.3575 7.59218e-04 -0.00368016 -2.95354e-04 0.0037692471 0.0 13 12.7375545636 1.79211501 0 0 0 1 10 2 0 0 0 0 6 
2 2 10.797 3.98182 17.2598 -0.00155322 8.85104e-04 7.41559e-07 0.0017877086 0.0 15 19.9441671693 2.2937205767 0 0 1 3 7 2 0 2 0 0 8 
584 2 10.8502 2.39596 11.4835 -0.00223004 0.00115932 -3.7336e-04 0.0025409642 0.0 14 14.5050791019 2.1956546816 0 0 1 4 3 4 2 0 0 0 7 
979 2 16.575 6.01397 12.1141 -0.00170294 -0.00162092 -0.00125225 0.002663741 0.0 14 13.2743922786 1.9683254414 0 0 1 2 7 2 2 0 0 0 7 
376 2 14.2266 8.64167 12.1504 0.00100638 0.00278764 -0.00671902 0.0073436345 0.0 15 13.3867839395 1.9614516262 0 0 1 4 3 5 2 0 0 0 7 
451 2 17.429 5.7324 17.0579 -0.00484229 -9.37914e-04 0.00162983 0.0051945934 0.0 15 14.1710207721 2.190618249 0 0 2 5 1 4 2 0 1 0 9 
502 2 12.9727 8.90298 14.1674 -0.00396938 -0.0011625 -8.82227e-04 0.0042291498 0.0 15 14.6370671465 2.1422227129 0 0 1 2 6 5 1 0 0 0 7 
496 2 14.2134 26.6952 11.4186 8.41054e-04 -7.4796e-04 -3.69853e-04 0.0011847393 0.0 14 13.8990613596 2.1019153884 0 0 1 3 6 1 3 0 0 0 7 
223 1 8.69242 4.31644 12.5442 1.04536e-04 1.87122e-04 -1.22689e-04 2.4697167631e-04 0.0 15 22.4776801665 2.2047728084 0 0 1 2 7 3 2 0 0 0 7 
970 2 16.8263 8.46498 12.9431 5.52272e-04 -0.00112285 -7.98301e-04 0.0014842779 0.0 13 13.3922560116 1.9683254414 0 0 0 1 10 2 0 0 0 0 6 
674 2 15.6675 3.2997 10.8818 0.00276258 -0.00144793 -0.00412576 0.0051720639 0.0 18 15.5088621209 1.999353445 0 0 3 1 7 4 1 1 1 0 9 
90 2 11.4856 5.1366 12.0551 0.0013443 -0.00256798 3.61048e-04 0.0029209621 0.0 13 14.9482686352 2.1602072659 0 0 1 3 4 4 1 0 0 0 7 
337 2 13.3146 2.74082 11.9533 -0.00213969 -0.00106853 0.00145942 0.0028017738 0.0 16 13.416531062 1.9363038024 0 0 4 1 3 5 2 0 1 0 9 
614 1 9.85913 8.64952 13.4846 -0.00272809 -1.09095e-04 -3.88259e-04 0.0027577385 0.0 16 22.0835914895 2.2844321372 0 0 3 2 4 3 3 1 0 0 8 
317 2 13.4146 4.90719 16.5413 0.0011508 -0.00412299 3.04273e-04 0.0042913831 0.0 14 14.6481913529 2.1076985676 0 0 1 4 3 4 2 0 0 0 7 
546 2 15.2595 10.1253 13.785 -8.47214e-04 0.00164346 -6.47999e-06 0.0018489928 0.0 15 12.5530469178 1.8915066537 0 0 3 0 7 2 2 1 0 0 8 
775 2 12.2464 7.38974 12.101 0.00182168 0.00542187 -0.00196393 0.0060474965 0.0 14 15.2458291283 2.1297486948 0 0 2 4 1 4 3 0 0 0 7 
646 2 12.6932 5.65417 14.2084 -5.81858e-04 2.90061e-05 0.00372545 0.0037707264 0.0 15 14.9419370712 2.1422227129 0 0 1 6 1 4 2 1 0 0 8 
115 2 11.7857 3.32638 13.8058 -0.00306535 -0.00410325 -0.00141793 0.0053144667 0.0 13 14.4595693819 2.1688131759 0 0 0 2 8 3 0 0 0 0 6 
334 2 16.3218 1.01769 10.775 0.00121908 6.5357e-04 -5.07995e-05 0.0013841569 0.0 14 12.6937695351 2.0028573644 0 0 2 2 4 5 0 1 0 0 8 
498 2 11.8839 6.369 9.5277 9.76723e-04 -7.36664e-04 -3.49639e-04 0.0012723636 0.0 14 16.7200113077 2.0850886079 0 0 1 3 4 5 1 0 0 0 7 
528 2 12.8718 1.0583 13.9925 0.00163322 0.00205699 -3.70104e-04 0.0026524691 0.0 15 15.3647325995 2.3850464967 0 0 3 2 3 4 2 1 0 0 8 
591 2 9.87714 2.54748 8.79738 -0.00102149 -1.54907e-04 -0.00495263 0.0050592472 0.0 13 14.7304815888 2.2902081737 0 0 4 1 2 2 4 0 0 0 7 
355 2 16.6198 7.97844 15.7793 6.80949e-04 -0.00364703 -0.00428535 0.0056682223 0.0 16 14.0224318513 1.9207321577 0 0 1 2 7 4 2 0 0 0 7 
459 2 10.7458 4.41319 10.0891 0.00183265 -2.44156e-04 0.00297339 0.0035013235 0.0 14 14.8284737157 2.1920315755 0 0 2 4 0 6 2 0 0 0 7 
824 2 16.2919 8.93453 10.1083 -1.05607e-04 -3.97701e-04 -0.00470142 0.0047193929 0.0 14 15.6272802675 2.1355257225 0 0 0 2 8 4 0 0 0 0 6 
161 2 14.5568 0.728231 9.15994 -9.56456e-04 -4.4223e-05 0.00100618 0.0013889427 0.0 14 12.7726535868 1.9363038024 0 0 1 1 8 3 1 0 0 0 7 
288 2 14.1087 3.15377 14.1941 1.72268e-04 -0.00276864 2.41844e-05 0.0027740996 0.0 13 12.7617443184 1.9819967207 0 0 1 3 4 4 1 0 0 0 7 
590 2 11.6826 8.98525 10.4004 7.39006e-05 0.00202351 -1.10751e-04 0.0020278855 0.0 14 16.5480870664 2.2430694571 0 0 0 2 8 4 0 0 0 0 6 
488 2 14.9204 7.10702 14.2258 -0.00159906 0.00105565 0.00123988 0.0022822559 0.0 16 14.2846121819 1.9323553423 0 0 1 2 7 4 2 0 0 0 7 
497 2 12.7055 2.17167 9.6957 -0.00271225 0.00391135 -4.61526e-04 0.0047820461 0.0 15 12.3432278111 1.8930729375 0 0 0 5 3 6 1 0 0 0 7 
54 2 15.2402 1.33704 13.4266 -0.00152168 7.18592e-05 0.00250888 0.002935158 0.0 13 13.3399978515 2.1194722249 0 0 0 1 10 2 0 0 0 0 6 
819 2 10.3316 1.4166 13.7305 0.00345741 0.00516385 0.00250931 0.0067019152 0.0 16 20.9310912667 2.4274206436 0 0 3 2 5 4 0 1 0 1 10 
201 2 15.5855 4.94047 15.874 -0.00144812 0.00243532 0.00133236 0.0031309772 0.0 14 13.9522754528 2.0363775314 0 0 1 4 3 4 2 0 0 0 7 
790 2 14.7013 1.36424 15.7621 2.42637e-04 -0.00107955 -0.00312846 0.0033183675 0.0 16 20.8781823553 2.4089076088 0 0 1 3 6 3 3 0 0 0 7 
21 2 15.4808 6.023 10.1141 0.00352119 -7.80556e-05 9.14929e-05 0.0035232432 0.0 12 13.3221940803 1.9614516262 0 0 0 3 6 3 0 0 0 0 6 
176 2 13.4156 4.58104 10.2819 0.00182699 -1.75349e-04 -0.00184767 0.002604328 0.0 15 12.5708505922 1.9061477681 0 0 2 2 4 5 2 0 0 0 7 
391 2 16.1969 4.32351 13.6881 -9.90496e-04 0.00313907 8.1172e-04 0.0033902407 0.0 15 12.7100334469 1.9323553423 0 0 2 3 2 6 2 0 0 0 7 
969 2 14.1101 5.58257 12.1909 -0.00319333 0.00338829 5.57578e-04 0.0046892173 0.0 15 13.9586752903 1.9130026195 0 0 1 2 7 3 2 0 0 0 7 
142 2 12.9289 7.18862 16.0777 -0.00249484 0.00448486 -0.00118877 0.0052679569 0.0 12 14.4521591555 2.1389196436 0 0 1 2 5 4 0 0 0 0 6 
146 2 17.0108 1.55672 8.70372 0.0011891 0.00205927 0.00118675 0.0026576168 0.0 14 14.2005396862 2.0510178692 0 0 1 2 7 2 2 0 0 0 7 
319 1 9.95197 6.10283 15.0085 0.00163357 -0.00153 0.00273624 0.0035350333 0.0 17 22.8096652232 2.256118852 0 0 1 4 5 5 0 2 0 0 8 
82 1 9.66611 0.401986 16.4648 -0.00123124 -0.0012755 0.00140766 0.0022637047 0.0 17 25.2846317314 2.5739525341 0 0 3 2 6 3 1 1 0 1 10 
250 2 12.1562 0.161407 8.89959 4.02646e-04 -0.00102317 0.00146152 0.0018289454 0.0 12 11.4029462178 2.0156742231 0 0 1 2 6 2 1 0 0 0 7 
973 2 16.2509 4.529 8.51361 -0.00201099 -1.14181e-04 0.00348473 0.0040249797 0.0 15 15.5033783075 2.1026402558 0 0 0 3 6 6 0 0 0 0 6 
654 1 17.7392 1.61075 17.8347 8.89002e-04 -0.00212837 1.04709e-04 0.0023089494 0.0 15 22.5725813729 2.2225000125 0 0 0 3 7 4 1 0 0 0 7 
330 2 17.1553 2.76272 15.1225 -0.00409429 -6.70654e-04 0.00578593 0.0071196891 0.0 14 15.5493754144 2.1386731704 0 0 1 3 5 4 0 1 0 0 8 
69 2 18.8461 4.35496 13.007 -0.0036553 -0.00242708 -7.4874e-04 0.0044511287 0.0 15 13.8906526911 1.9309149775 0 0 0 4 5 5 1 0 0 0 7 
931 2 24.5645 1.67883 8.94733 -0.00274833 -0.00330183 -1.59878e-04 0.0042989487 0.0 15 15.0575678626 2.295177908 0 0 2 3 3 4 3 0 0 0 7 
425 2 22.9904 3.72125 8.39066 -0.00200727 4.93559e-04 0.00349312 0.004058894 0.0 15 12.3593770329 1.9577716368 0 0 1 4 2 7 1 0 0 0 7 
964 2 19.0279 8.42995 13.98 -2.70417e-04 8.03447e-04 -0.0016429 0.0018487219 0.0 12 12.6209257099 1.9207321577 0 0 0 0 12 0 0 0 0 0 5 
477 2 17.0946 2.38805 12.6678 -0.0024869 -0.00171981 -0.00228156 0.0037878667 0.0 13 12.4509572923 1.9623162127 0 0 1 1 7 4 0 0 0 0 6 
864 1 20.435 1.33305 16.307 8.99665e-04 7.05924e-04 3.41132e-04 0.0011933553 0.0 13 19.8751669517 2.1785325739 0 0 0 3 7 2 1 0 0 0 7 
305 2 18.7533 6.60482 12.2416 0.00137797 0.00390955 0.00295968 0.0050934358 0.0 12 12.4060457755 1.9508026915 0 0 0 2 8 2 0 0 0 0 6 
596 2 22.8341 6.65413 15.5236 -9.92227e-04 0.00129657 -0.00344199 0.0038095805 0.0 16 17.8885594008 2.2731807309 0 0 1 4 5 2 4 0 0 0 7 
205 2 20.9518 3.79083 14.7059 -0.00324037 9.04201e-04 -0.00100273 0.0035104194 0.0 15 16.3027923797 2.1173397819 0 0 1 2 5 7 0 0 0 0 6 
468 1 26.8688 2.90248 17.6447 0.00265999 1.50415e-05 -0.00140134 0.0030065806 0.0 16 21.7601884421 2.5041514389 0 0 3 4 1 4 3 0 1 0 9 
606 2 20.9766 5.51696 16.6361 0.00238326 -3.55485e-04 -0.00261742 0.0035576938 0.0 13 16.7736109303 2.1295924562 0 0 1 2 5 5 0 0 0 0 6 
159 2 19.5084 2.08554 13.5981 2.22768e-04 -0.0019556 -0.00361113 0.0041126946 0.0 13 13.7467187475 2.1170377554 0 0 0 3 6 4 0 0 0 0 6 
369 2 24.5565 2.6531 11.8325 6.68443e-04 0.00162815 -0.00174571 0.0024789498 0.0 14 16.5492530273 2.2145949055 0 0 2 2 5 3 1 1 0 0 8 
138 2 20.5567 6.26537 10.9124 0.00198235 -0.00279342 -0.00141466 0.0037059641 0.0 13 13.3676167797 1.9368025763 0 0 0 3 6 4 0 0 0 0 6 
484 2 21.057 0.9576 12.2162 0.001591 0.00226404 -0.00182709 0.0033159337 0.0 15 16.3038078439 2.1866713977 0 0 3 1 4 5 1 1 0 0 8 
277 2 26.9191 4.77413 11.1722 0.00234767 -3.22064e-04 -0.00283382 0.0036940243 0.0 14 16.8529581474 2.1581944335 0 0 1 5 2 3 3 0 0 0 7 
87 2 20.3456 6.38451 14.5343 0.00130498 -4.70789e-04 0.00112911 0.0017887159 0.0 12 13.1142871946 1.9190387829 0 0 0 2 8 2 0 0 0 0 6 
857 2 19.4022 1.4116 8.45642 -0.0033259 0.00183217 -0.00242868 0.0045074321 0.0 13 16.037848111 2.1737709845 0 0 0 2 8 3 0 0 0 0 6 
848 2 22.0593 6.23466 12.8839 0.00240356 0.00322589 9.22152e-04 0.0041272062 0.0 15 15.1170993326 2.0706752134 0 0 1 1 8 4 1 0 0 0 7 
855 1 22.6846 1.03897 14.7964 0.00195943 -5.15616e-04 0.00227829 0.0030489065 0.0 16 21.9679783453 2.1469056756 0 0 2 2 5 5 1 1 0 0 8 
364 2 24.6124 5.20907 12.1944 0.00223939 0.00699427 -0.00303147 0.0079450922 0.0 14 16.3519085369 2.2731807309 0 0 0 3 6 5 0 0 0 0 6 
96 2 19.3429 7.50253 16.2844 -0.00175032 -8.03671e-04 -0.00219106 0.0029172335 0.0 15 14.1299153342 1.944062766 0 0 0 3 6 6 0 0 0 0 6 
649 2 22.7176 6.56959 10.2827 -8.74634e-04 -0.00415229 0.00142864 0.0044774445 0.0 14 12.9442850975 1.8652949186 0 0 0 1 10 3 0 0 0 0 6 
6 2 26.5663 7.18776 11.7481 0.00293042 -9.84998e-04 8.92709e-04 0.0032178427 0.0 13 15.5057848009 2.1029893106 0 0 1 2 6 3 1 0 0 0 7 
880 2 18.3962 7.00193 9.73534 0.00257741 -5.29106e-04 2.95758e-04 0.0026477289 0.0 15 13.6936714901 1.9683254414 0 0 1 2 8 2 1 1 0 0 8 
346 2 18.7519 9.22487 11.2721 -0.00272852 0.00225238 5.06824e-04 0.0035742003 0.0 15 13.8524247303 1.9440948908 0 0 0 2 8 5 0 0 0 0 6 
199 2 18.7481 4.36911 15.9587 -0.00479854 -0.0024461 0.00251912 0.0059460371 0.0 16 16.1597896911 2.1878569644 0 0 2 4 3 5 0 1 1 0 9 
318 2 18.3134 4.39806 10.5703 0.00259922 6.23291e-04 -0.0010788 0.0028824028 0.0 18 15.3219711848 2.0028573644 0 0 3 3 5 1 4 2 0 0 8 
416 2 17.7439 0.652898 14.1887 0.00399444 5.4004e-04 0.00387687 0.0055926125 0.0 13 16.0586936033 2.1800783856 0 0 0 3 6 4 0 0 0 0 6 
212 2 20.4022 8.55399 9.58527 0.00369303 -0.00276627 -0.00275777 0.0053755014 0.0 15 14.3668100265 1.8851658317 0 0 0 3 6 6 0 0 0 0 6 
684 1 22.4479 2.87866 17.432 -1.66745e-04 0.00306862 -0.00361071 0.0047414617 0.0 14 21.3775425278 2.2918051522 0 0 2 2 4 5 0 1 0 0 8 
826 2 20.8761 3.25199 12.1551 0.00131916 -0.00248374 -0.00203898 0.0034736993 0.0 13 12.7133871846 1.9766508501 0 0 1 2 5 5 0 0 0 0 6 
741 2 22.7262 4.29736 11.0069 -1.74901e-04 -0.00200481 -0.00270887 0.0033745859 0.0 13 12.1513793737 1.9622000049 0 0 0 2 8 3 0 0 0 0 6 
635 2 19.3699 2.02104 10.8189 8.40022e-04 -0.00121023 -0.00191092 0.0024128632 0.0 16 13.5361189305 2.0028573644 0 0 1 3 5 6 0 1 0 0 8 
523 2 20.9439 3.51294 9.77024 -0.00141092 7.89562e-04 -2.60657e-04 0.0016376952 0.0 13 12.8004101323 1.8816385279 0 0 0 2 8 3 0 0 0 0 6 
907 1 24.6862 4.10272 16.0031 -5.17523e-04 0.00423323 -3.68224e-04 0.0042806139 0.0 16 23.1943403109 2.2731807309 0 0 1 6 3 1 4 1 0 0 8 
977 2 24.1141 7.99905 17.0296 7.44636e-04 -0.00114966 0.00111894 0.0017686796 0.0 15 18.8498067217 2.1530683128 0 0 0 2 9 3 1 0 0 0 7 
206 2 21.0636 26.9458 9.81179 0.00460276 0.00405205 0.00233021 0.00656006 0.0 15 17.8504825319 2.194896032 0 0 0 4 5 5 1 0 0 0 7 
362 2 22.3631 1.55003 7.95851 -0.00307942 -0.00155118 -0.00167628 0.0038339147 0.0 12 15.8396628374 2.1643402094 0 0 0 2 8 2 0 0 0 0 6 
762 1 26.1236 1.74052 14.3181 0.00162012 -8.27382e-04 2.55379e-04 0.0018369998 0.0 15 22.4743789706 2.5041514389 0 0 1 4 3 5 2 0 0 0 7 
752 2 22.6312 1.74031 10.4642 -0.00179426 -2.17445e-04 0.00449579 0.0048454906 0.0 13 13.9667673299 2.0895671921 0 0 0 4 4 5 0 0 0 0 6 
726 2 24.2253 7.82556 12.3873 -9.41588e-04 -0.00199996 -0.00260259 0.00341466 0.0 14 15.0179697262 2.2127432067 0 0 0 3 6 5 0 0 0 0 6 
698 1 26.2489 7.04595 15.2021 -0.00183374 -0.00196233 0.00310793 0.0041076234 0.0 14 21.1376926637 2.2731807309 0 0 1 1 8 3 1 0 0 0 7 
211 2 23.1767 3.62144 13.4345 6.75982e-06 -0.00131806 0.00110519 0.0017201084 0.0 15 17.296856715 2.1838328191 0 0 2 4 3 3 1 2 0 0 8 
717 2 24.8923 4.99927 9.83587 -0.00117311 -0.00113318 5.11532e-04 0.0017093709 0.0 14 12.9599820272 1.9622000049 0 0 1 2 6 4 1 0 0 0 7 
114 1 8.67774 10.9529 15.0963 -0.00252555 5.4432e-04 0.00226667 0.0034369289 0.0 15 22.6066012287 2.3326263443 0 0 1 3 4 6 1 0 0 0 7 
705 1 2.23875 15.3062 17.1975 -0.00271916 0.00447569 -0.00479783 0.0071024506 0.0 16 23.433900992 2.4306114592 0 0 1 5 4 1 5 0 0 0 7 
296 1 3.80102 16.0652 10.024 -5.3176e-04 0.00304266 -7.66446e-04 0.00318245 0.0 15 21.6757595063 2.3284513851 0 0 0 5 4 4 2 0 0 0 7 
818 2 7.45264 12.4065 11.7221 0.00184029 -6.52867e-04 -1.28127e-04 0.0019568646 0.0 15 22.2453756605 2.3326263443 0 0 1 3 5 4 2 0 0 0 7 
486 1 1.96177 14.4884 14.5952 5.89949e-04 -9.14704e-05 0.00137645 0.0015003404 0.0 13 21.7639077468 2.2862746703 0 0 0 2 8 3 0 0 0 0 6 
431 1 5.8144 11.0815 14.213 -0.00106519 2.6736e-04 0.00267063 0.0028876246 0.0 14 22.61146376 2.2539180638 0 0 0 2 8 4 0 0 0 0 6 
709 1 8.76309 15.0902 17.116 -0.00213316 0.00253163 0.00143947 0.0036099302 0.0 16 22.8785445009 2.4479707311 0 0 3 3 1 6 2 1 0 0 8 
405 1 4.5122 13.2176 16.184 -6.58594e-04 -0.00105215 -0.00196554 0.0023246749 0.0 15 22.9072010558 2.2272512117 0 0 3 2 4 2 3 1 0 0 8 
131 1 4.71479 10.3781 11.6688 -7.74508e-04 -8.33813e-04 0.00371078 0.0038813651 0.0 16 22.348775575 2.2521504402 0 0 1 3 5 5 2 0 0 0 7 
954 1 3.50464 12.4509 13.0287 4.70604e-05 -1.36487e-04 -0.00113198 0.0011411495 0.0 14 21.7430438732 2.2490411456 0 0 0 2 8 4 0 0 0 0 6 
706 1 9.1668 9.73917 18.7772 0.00199923 0.00147449 -0.00116504 0.0027437856 0.0 14 21.8441239499 2.210029362 0 0 1 3 4 5 1 0 0 0 7 
899 1 7.03021 11.8266 17.4866 5.5213e-04 -0.00431223 7.70216e-04 0.004415134 0.0 15 22.8694537351 2.2276161101 0 0 0 3 7 4 1 0 0 0 7 
458 1 4.1956 16.4314 15.141 0.00296552 -0.00414867 5.67946e-04 0.0051311143 0.0 14 20.8270518096 2.2767372456 0 0 0 4 4 6 0 0 0 0 6 
611 1 2.33458 15.8851 12.2858 -0.00251868 5.78177e-04 0.0023883 0.0035188087 0.0 16 22.0775502002 2.3739966838 0 0 2 2 5 5 1 1 0 0 8 
541 1 4.66518 13.4483 10.6376 0.00164853 0.00127168 0.00252094 0.0032695504 0.0 14 21.3387681816 2.4098202492 0 0 2 2 5 2 3 0 0 0 7 
640 2 1.92641 12.709 10.43 -0.00365945 0.0019818 5.71881e-04 0.0042007325 0.0 13 15.5141231189 2.1865450473 0 0 0 2 8 3 0 0 0 0 6 
397 1 7.19561 17.3748 14.9663 -0.00388341 -0.00181709 -0.00173561 0.0046254763 0.0 15 23.4159882872 2.3203705935 0 0 1 3 5 4 2 0 0 0 7 
627 1 7.27303 13.7973 15.0253 -0.0044498 0.00218356 0.00262965 0.005611035 0.0 14 22.0693946049 2.2276161101 0 0 0 3 6 5 0 0 0 0 6 
174 1 1.93024 11.9837 16.1536 -0.00341219 -8.87876e-04 0.00294159 0.0045917661 0.0 14 21.9707604945 2.2539180638 0 0 2 3 4 2 2 1 0 0 8 
981 1 5.36662 14.6072 13.0343 0.00399808 -0.00191053 9.37601e-04 0.0045292234 0.0 14 22.78732379 2.3757944815 0 0 0 4 4 6 0 0 0 0 6 
763 1 4.26619 10.0274 16.9729 -7.60172e-04 0.00318037 -0.00256609 0.0041566131 0.0 16 23.154246063 2.3470227981 0 0 3 2 5 2 3 0 1 0 9 
238 1 7.40814 15.2036 10.3908 -0.00106521 -0.00463578 5.07263e-04 0.0047835598 0.0 17 23.7004405306 2.4098202492 0 0 1 3 7 2 4 0 0 0 7 
453 2 0.465509 11.2205 11.7142 2.31815e-04 6.47084e-04 0.00100683 0.0012190827 0.0 12 13.7566256008 2.1896218693 0 0 0 2 8 2 0 0 0 0 6 
404 1 2.44768 9.72339 13.9379 -0.00296453 -8.09619e-04 -7.66529e-04 0.0031672524 0.0 15 23.7284006807 2.2539180638 0 0 1 2 7 3 2 0 0 0 7 
577 2 26.4847 11.7155 14.0121 -0.00111764 -7.0914e-05 0.00497268 0.0050972242 0.0 15 17.6663234826 2.1954447558 0 0 0 3 6 6 0 0 0 0 6 
37 1 6.4958 8.5382 9.91879 -0.00193747 5.92585e-05 -0.00538036 0.0057188788 0.0 17 24.5904964062 2.2631844434 0 0 1 1 8 6 1 0 0 0 7 
974 1 0.376546 9.39864 16.4455 -0.00245537 5.5993e-04 0.00155161 0.0029580157 0.0 17 22.7799103205 2.1465200898 0 0 1 4 4 5 3 0 0 0 7 
565 2 15.8698 12.267 9.30095 -9.94933e-04 -1.72982e-04 3.432e-04 0.0010665837 0.0 14 18.6614032888 2.1383036609 0 0 0 2 8 4 0 0 0 0 6 
326 1 8.55864 17.9157 8.92314 0.00149825 -0.00399825 0.00428959 0.0060523829 0.0 13 20.5228134975 2.3486156261 0 0 0 1 10 2 0 0 0 0 6 
696 2 16.6206 10.8277 11.5736 0.00279298 -0.00281662 -0.00395071 0.00559841 0.0 15 13.9396481245 1.8915066537 0 0 2 3 4 3 2 1 0 0 8 
827 1 10.0435 17.9384 14.1568 2.58538e-04 0.00332058 -8.44847e-04 0.0034361112 0.0 15 21.4889519023 2.4651090592 0 0 0 3 6 6 0 0 0 0 6 
208 1 8.63007 15.4041 13.2768 -0.00135285 3.67292e-04 -0.00262021 0.0029716337 0.0 14 22.3872281693 2.3782795004 0 0 0 5 2 7 0 0 0 0 6 
721 1 14.801 16.4347 12.4659 0.00184583 -0.00246197 0.00275479 0.0041300427 0.0 15 21.38115532 2.1663074848 0 0 0 5 3 6 1 0 0 0 7 
398 2 15.4519 13.2048 16.4805 8.0877e-04 -1.55147e-05 0.00448882 0.0045611243 0.0 14 16.9303697774 2.2762119226 0 0 1 4 4 3 1 1 0 0 8 
727 1 15.8515 15.5035 9.64893 0.00136956 -0.00104445 0.00163741 0.0023764852 0.0 16 23.1540021252 2.2308774916 0 0 0 3 6 7 0 0 0 0 6 
743 1 12.4041 14.009 16.8665 -9.27218e-04 0.00233117 5.95386e-04 0.0025784824 0.0 15 23.5357385447 2.4396233491 0 0 1 3 3 8 0 0 0 0 6 
686 2 16.5751 10.6948 16.1283 0.0026508 0.00367393 0.00291062 0.005384813 0.0 14 12.7564573357 1.8568747733 0 0 0 2 8 4 0 0 0 0 6 
306 2 14.1582 9.13758 16.1262 0.00405142 -0.00259527 -0.00207625 0.0052402523 0.0 12 12.4444802947 1.978214993 0 0 0 2 8 2 0 0 0 0 6 
409 1 8.44585 17.9602 11.6663 0.00185059 -7.7338e-04 -0.00480921 0.005210691 0.0 12 20.2783551042 2.3782795004 0 0 0 2 8 2 0 0 0 0 6 
538 2 17.0689 14.7938 13.6788 2.5241e-04 0.00314616 -0.00178453 0.0036258214 0.0 14 16.8604520491 2.2308774916 0 0 0 4 4 6 0 0 0 0 6 
304 1 10.1267 13.7182 14.9921 7.98731e-04 -0.00409205 0.0023938 0.0048076109 0.0 15 22.8554697678 2.4651090592 0 0 2 1 6 4 2 0 0 0 7 
959 2 16.4072 12.4969 14.5898 0.00299704 -0.00183694 0.00133271 0.0037593501 0.0 14 13.4706470753 1.9512818616 0 0 0 4 4 6 0 0 0 0 6 
44 2 18.0228 13.0205 10.0474 -0.00229817 0.00206029 9.99607e-04 0.0032443172 0.0 13 17.0058576648 2.2163221678 0 0 0 3 6 4 0 0 0 0 6 
171 2 12.7452 10.2454 12.1514 -4.37196e-04 -0.00101951 -5.37218e-04 0.0012325357 0.0 14 12.4949942603 2.0270671937 0 0 4 2 2 2 2 2 0 0 8 
950 1 15.7248 17.237 14.9798 -9.19855e-04 3.22487e-04 9.17984e-04 0.0013389644 0.0 16 21.3936151446 2.3626105666 0 0 0 4 6 4 2 0 0 0 7 
181 1 17.7217 17.1665 11.7474 0.00259759 0.00269151 -9.24578e-04 0.0038531214 0.0 15 21.1298364378 2.2308774916 0 0 0 4 5 5 1 0 0 0 7 
100 2 9.46423 10.0762 10.8847 0.0011969 -1.54019e-04 0.00292659 0.0031656311 0.0 15 18.4880090552 2.3326263443 0 0 1 3 6 3 1 1 0 0 8 
180 2 12.4119 10.8026 16.6622 4.6785e-04 -0.00235844 -5.59728e-04 0.0024686876 0.0 16 17.6506639268 2.2055200539 0 0 4 2 2 4 2 2 0 0 8 
165 1 10.2769 8.86613 16.3585 1.72984e-04 -0.00197928 -6.19484e-04 0.0020811615 0.0 15 22.131393347 2.2171411868 0 0 1 2 8 2 1 1 0 0 8 
529 2 17.7476 10.4297 14.2369 0.00306923 -0.00331163 -0.00240044 0.0051136267 0.0 12 12.4103744436 1.9108024364 0 0 0 0 12 0 0 0 0 0 5 
327 1 13.7383 14.6436 14.3979 -0.00110627 1.40225e-04 7.25493e-05 0.0011174792 0.0 16 21.3319080207 2.2213247025 0 0 0 3 7 5 1 0 0 0 7 
532 1 10.1129 15.6808 10.6853 -0.00119453 0.00435406 0.00195596 0.0049204187 0.0 14 21.1622126298 2.3435089947 0 0 1 2 7 2 2 0 0 0 7 
862 2 19.0827 14.2723 12.0232 -0.00494195 4.96298e-04 -0.00185602 0.0053022629 0.0 13 15.3832921925 2.2308774916 0 0 0 3 6 4 0 0 0 0 6 
860 2 14.0139 11.8953 12.9384 -0.00195319 0.00175493 -4.74228e-04 0.0026682621 0.0 14 14.2509911625 2.0542093181 0 0 3 3 2 3 1 2 0 0 8 
310 1 11.9153 16.1049 13.0619 0.00479011 -0.00117077 -0.00251258 0.0055343396 0.0 11 20.3379831151 2.3912844181 0 0 0 4 4 3 0 0 0 0 6 
858 1 12.9025 15.9586 9.97118 0.00299556 -0.00356124 0.00165455 0.004938962 0.0 12 20.7806444024 2.2562373759 0 0 0 2 8 2 0 0 0 0 6 
773 1 9.90709 12.5222 17.7448 0.00130682 7.13662e-04 6.94424e-05 0.0014906087 0.0 15 21.9312288189 2.2055200539 0 0 2 3 3 5 1 1 0 0 8 
322 2 12.1519 11.7593 10.3662 -0.00163682 8.50812e-04 2.69907e-04 0.0018643794 0.0 13 15.1370588773 2.1827470947 0 0 2 2 3 5 1 0 0 0 7 
465 2 11.5224 11.3459 13.8994 0.00170314 -4.75335e-04 -0.00322984 0.0036821863 0.0 16 18.3692790242 2.1839435617 0 0 3 3 2 4 3 1 0 0 8 
753 2 14.3748 11.7312 17.6833 -0.00256239 -0.00108278 -0.00225295 0.0035796702 0.0 14 16.9025689152 2.3565586302 0 0 1 2 7 2 2 0 0 0 7 
941 2 18.3302 10.8288 9.60979 -2.56884e-04 0.00125487 -0.00373263 0.0039462913 0.0 13 14.0808050173 2.1355257225 0 0 0 4 4 5 0 0 0 0 6 
524 1 13.0002 16.9295 15.8205 0.00208623 -0.00165806 -9.38162e-04 0.0028251843 0.0 16 22.2608098618 2.4651090592 0 0 1 2 6 6 1 0 0 0 7 
22 2 9.81428 12.1544 12.1404 0.00502519 1.88442e-04 7.44319e-04 0.0050835082 0.0 16 19.6839559102 2.3435089947 0 0 2 3 3 6 1 1 0 0 8 
788 2 13.9827 13.3183 10.6031 0.00162435 0.00302091 0.00538295 0.0063828333 0.0 14 17.0589419758 2.1225688564 0 0 1 3 4 5 1 0 0 0 7 
960 2 11.9703 13.5596 11.9109 0.00156895 -9.61442e-05 -0.00271159 0.0031342572 0.0 14 18.2990904895 2.1825894379 0 0 1 2 5 6 0 0 0 0 6 
438 2 13.9265 11.2839 15.2434 -8.46617e-06 0.00236496 -1.18465e-04 0.0023679403 0.0 13 13.2132626916 2.1724444504 0 0 1 0 9 3 0 0 0 0 6 
260 2 16.1454 13.1202 12.3512 0.00165602 0.00116831 0.00220781 0.002996961 0.0 14 16.3041785909 2.2295217965 0 0 2 3 3 4 1 1 0 0 8 
758 2 17.9454 15.466 15.7978 0.00340765 -9.28217e-04 0.00113714 0.0037103575 0.0 13 15.9429686549 2.1891713276 0 0 1 2 7 1 2 0 0 0 7 
990 2 14.3426 10.6669 10.1581 6.19615e-04 -2.74705e-04 -0.00224116 0.0023414064 0.0 14 15.9792961048 2.2420924682 0 0 2 2 5 2 3 0 0 0 7 
380 1 14.914 15.8776 17.4037 3.18713e-04 -0.0037127 0.00130903 0.0039495922 0.0 17 22.7669791558 2.3565586302 0 0 3 3 2 5 3 1 0 0 8 
381 2 17.0923 11.2183 18.4375 0.00117055 0.00148605 -0.00189478 0.0026774471 0.0 14 15.9886550728 2.1671232316 0 0 2 3 4 2 2 1 0 0 8 
179 2 15.4763 9.51836 18.0527 -0.00216815 9.31505e-04 4.36687e-04 0.0023998482 0.0 14 15.053225951 2.0957163673 0 0 2 2 5 3 1 1 0 0 8 
582 2 17.9046 9.11202 17.7386 -0.00412724 3.25662e-04 0.00463458 0.0062144587 0.0 14 13.7218020044 2.0400007208 0 0 3 2 2 4 3 0 0 0 7 
888 2 21.7269 8.67195 14.7829 -5.63405e-06 -0.0038077 4.08238e-04 0.003829526 0.0 16 12.9505081261 1.944062766 0 0 1 4 4 5 1 1 0 0 8 
323 2 18.8672 13.1975 15.0751 0.00129706 -0.00240319 0.00335202 0.004323624 0.0 16 15.2645330821 2.0069605937 0 0 0 4 4 8 0 0 0 0 6 
672 1 25.3763 17.3494 10.25 0.00107519 0.00260599 -3.5402e-04 0.0028412229 0.0 17 24.4143059117 2.4601392296 0 0 3 1 4 7 1 1 0 0 8 
443 2 21.9012 16.0093 15.0929 -0.00106736 0.00371244 2.39769e-04 0.0038702658 0.0 13 14.9291148098 2.263993723 0 0 1 3 4 4 1 0 0 0 7 
701 2 0.312599 13.6662 11.9424 -0.00323718 0.00345856 0.00186021 0.0050893372 0.0 12 16.8417978172 2.2163772026 0 0 0 0 12 0 0 0 0 0 5 
558 2 20.2589 14.0993 17.5861 -0.00428864 0.00179041 0.00248452 0.0052698046 0.0 17 14.1691235205 2.0069605937 0 0 0 3 6 8 0 0 0 0 6 
550 2 25.8279 9.80352 10.4762 -0.00203268 0.0035727 -0.00203335 0.0045859007 0.0 12 13.1897824229 2.0145969018 0 0 0 2 8 2 0 0 0 0 6 
755 2 25.2578 14.2503 13.9806 9.53322e-05 0.00118378 -4.23828e-06 0.00118762 0.0 14 15.783372971 2.1857243144 0 0 2 3 4 3 0 2 0 0 8 
57 2 22.4802 12.2052 11.5449 -0.00244234 -8.16147e-04 0.0039796 0.0047400777 0.0 13 14.4332662064 2.0451186624 0 0 3 2 3 1 4 0 0 0 7 
891 2 19.1732 10.5568 16.2298 4.55806e-04 6.36986e-04 0.00247864 0.002599455 0.0 15 14.5645404399 1.9207321577 0 0 0 5 3 6 1 0 0 0 7 
799 2 25.0382 7.39896 9.70883 0.00406063 0.00194051 -0.00447453 0.006346315 0.0 15 13.069309234 1.8873553686 0 0 0 3 7 4 1 0 0 0 7 
682 2 22.5109 15.99 10.3956 -0.00306411 5.93966e-04 7.17499e-05 0.0031219727 0.0 15 20.1682009191 2.4127411839 0 0 1 3 4 6 1 0 0 0 7 
118 2 21.463 9.39184 16.9797 3.19313e-05 0.00109434 0.0010201 0.0014963969 0.0 13 12.9446628338 1.9666555256 0 0 2 2 4 4 0 1 0 0 8 
714 2 23.4088 16.4549 13.1473 0.00161198 -0.00239935 2.95189e-04 0.0029055974 0.0 13 16.9340763086 2.143699956 0 0 0 3 6 4 0 0 0 0 6 
375 2 20.2876 10.4114 14.0096 -0.00221107 0.00109163 5.40863e-04 0.002524484 0.0 13 13.3928954738 1.9285242772 0 0 1 0 9 3 0 0 0 0 6 
65 2 23.975 13.4652 9.73002 -3.23628e-04 0.00143272 2.83493e-04 0.0014959245 0.0 14 15.2515083334 2.1374002678 0 0 4 1 3 2 3 1 0 0 8 
149 2 22.2417 13.6447 15.3642 -0.002139 -0.00555152 0.00124017 0.0060772294 0.0 12 13.4388833727 2.0069605937 0 0 1 3 3 5 0 0 0 0 6 
151 2 22.3036 15.3059 17.4813 3.30188e-04 -3.74469e-04 8.36055e-04 9.7377569816e-04 0.0 11 13.0263937407 2.0040178952 0 0 0 3 6 2 0 0 0 0 6 
35 2 21.5554 11.612 16.1246 -0.00291807 -4.55501e-04 -0.00375858 0.004780119 0.0 14 14.6513237906 1.96515769 0 0 0 2 8 4 0 0 0 0 6 
163 2 20.5761 13.9622 10.3154 -1.47901e-04 -7.5405e-04 0.00128507 0.0014972879 0.0 13 15.3197547041 2.0829991654 0 0 1 3 4 4 1 0 0 0 7 
972 2 20.0785 12.0338 18.3576 0.00240319 -4.20148e-04 -2.13279e-04 0.0024489456 0.0 14 12.4981417286 1.9118777208 0 0 1 3 5 3 2 0 0 0 7 
732 1 19.0761 16.3676 8.88878 7.9039e-04 -0.00521206 -0.00309984 0.0061154962 0.0 17 23.0917518658 2.3781189604 0 0 0 1 10 6 0 0 0 0 6 
945 2 21.1414 8.44664 12.3666 0.00326095 -0.00178548 -2.57363e-04 0.0037266566 0.0 14 14.4169969526 1.8851658317 0 0 0 1 10 3 0 0 0 0 6 
229 2 25.5374 12.0061 16.47 0.00273451 -8.00816e-04 8.22715e-04 0.0029657564 0.0 13 17.8713946517 2.1779906391 0 0 1 3 5 2 2 0 0 0 7 
474 2 26.0402 9.32535 13.2933 -0.00507428 0.00117615 0.00359767 0.006330472 0.0 15 16.8959060517 2.1252743377 0 0 0 4 4 7 0 0 0 0 6 
756 2 17.9685 13.3215 17.3377 -0.00388331 3.90421e-04 -0.00164634 0.0042359132 0.0 15 15.444009907 2.1941689595 0 0 3 4 1 3 3 0 1 0 9 
989 2 23.8133 10.2418 16.4529 4.94464e-04 8.06135e-04 7.45946e-04 0.0012044848 0.0 14 15.5931058229 2.1387198908 0 0 0 4 4 6 0 0 0 0 6 
955 2 20.7452 12.9942 13.5375 -9.88096e-04 2.36239e-04 0.00242828 0.0026322398 0.0 15 14.1525930295 1.96515769 0 0 1 2 6 5 1 0 0 0 7 
655 2 19.7297 15.654 14.1953 0.00187508 7.36998e-04 -2.05522e-04 0.0020251742 0.0 14 15.3154499019 2.1787965628 0 0 1 1 8 3 1 0 0 0 7 
89 2 22.7028 10.2185 13.1301 -0.0017171 -6.0568e-04 0.00151774 0.0023704041 0.0 14 14.2392185034 1.96515769 0 0 0 2 9 2 1 0 0 0 7 
916 2 23.9517 12.2815 14.2537 6.7083e-04 0.00171578 0.00217506 0.0028504035 0.0 16 14.9283340181 2.0152835693 0 0 2 4 2 5 2 1 0 0 8 
331 2 22.6991 14.2155 13.0426 0.00145928 -0.00199554 5.16793e-04 0.0025256193 0.0 15 12.5855299518 1.9862473862 0 0 3 2 2 5 3 0 0 0 7 
736 2 24.9086 11.7981 11.994 0.00477691 -2.82513e-04 0.00376377 0.0060880742 0.0 16 14.9245558436 2.114627674 0 0 1 3 6 3 3 0 0 0 7 
643 2 23.2969 9.38587 10.8056 -0.00259379 0.00103113 -0.00271551 0.0038942227 0.0 14 14.5315054896 2.0926742215 0 0 0 2 8 4 0 0 0 0 6 
213 2 20.4744 11.1424 11.0528 -3.31137e-04 7.86456e-05 0.00110284 0.0011541633 0.0 16 14.7293369321 1.8851658317 0 0 0 2 8 6 0 0 0 0 6 
503 2 24.5339 14.6953 11.7655 -0.00381501 -0.00592219 -0.00299013 0.0076529415 0.0 14 15.1023997685 2.1770742071 0 0 3 2 3 3 2 1 0 0 8 
783 2 24.019 8.94618 14.511 -0.00283594 0.00255022 9.94971e-04 0.0039415917 0.0 12 13.9447777798 2.1387198908 0 0 1 2 5 4 0 0 0 0 6 
203 2 21.0218 15.7395 12.1519 3.59866e-04 0.00125728 0.0010115 0.0016532963 0.0 13 15.4340933394 2.1787965628 0 0 0 3 6 4 0 0 0 0 6 
633 2 20.1186 16.725 16.4976 0.00230745 -8.04918e-04 0.00165143 0.0029494812 0.0 13 17.4187978972 2.2811535761 0 0 1 3 4 4 1 0 0 0 7 
658 2 18.7535 11.8911 12.6178 -3.59264e-04 -8.54272e-04 0.00248136 0.0026487731 0.0 13 13.5955950504 1.8492103599 0 0 0 3 6 4 0 0 0 0 6 
751 2 24.146 15.4859 15.9164 -0.00358237 8.16971e-04 -0.00271654 0.0045695083 0.0 15 15.4669803011 2.1271042142 0 0 2 1 7 3 1 1 0 0 8 
356 2 25.9478 16.5575 13.3454 0.00244215 -0.00179557 -0.00182231 0.0035368039 0.0 17 21.7571335372 2.3739966838 0 0 2 2 7 3 1 2 0 0 8 
563 2 22.6182 14.1023 19.5037 -2.20145e-04 0.0055039 -8.61955e-05 0.0055089753 0.0 14 16.0554395317 2.1738445559 0 0 0 2 8 4 0 0 0 0 6 
193 2 23.7718 13.4974 17.5268 -0.00255734 -0.00165185 -4.42184e-07 0.003044437 0.0 15 13.0192723852 2.0909161976 0 0 2 2 5 3 3 0 0 0 7 
227 2 26.259 12.3169 9.58676 5.03458e-04 0.00178135 0.00115354 0.002181131 0.0 16 14.8780045665 2.1531195901 0 0 0 4 6 4 2 0 0 0 7 
904 1 3.45075 19.7895 9.5947 -0.00123423 0.00129361 -0.00165642 0.0024373095 0.0 16 23.4405997628 2.3246643516 0 0 1 0 10 4 1 0 0 0 7 
24 1 0.447178 20.6813 10.1048 -0.00146264 0.00128151 6.146e-04 0.0020394403 0.0 16 24.0373522926 2.3877649504 0 0 2 2 5 4 3 0 0 0 7 
953 1 0.733128 21.6755 17.7949 -0.00591455 -0.00428318 0.00110552 0.0073857774 0.0 14 21.2533255099 2.4181002695 0 0 1 3 5 3 2 0 0 0 7 
952 1 1.72084 17.5891 14.7543 0.00238753 -4.96102e-04 -0.00451513 0.005131551 0.0 14 22.1555534503 2.2862746703 0 0 1 3 5 3 2 0 0 0 7 
823 1 2.48024 25.4054 12.0981 3.47238e-04 -0.00374506 0.00232108 0.0044196675 0.0 15 23.7214357552 2.3953670085 0 0 1 3 6 3 1 1 0 0 8 
243 1 1.6334 17.6369 9.70262 0.00173739 -6.91691e-04 -0.00404295 0.0044544815 0.0 16 23.3886401899 2.4601392296 0 0 1 4 6 1 3 1 0 0 8 
991 1 8.01333 0.276422 12.0729 0.00160411 0.00280859 -0.00374481 0.0049482268 0.0 16 25.0752357862 2.4301987155 0 0 2 6 1 3 2 1 1 0 9 
80 1 4.59037 17.4269 12.6587 -0.00203712 -0.00247863 0.00207133 0.0038188837 0.0 16 21.6877495678 2.3782795004 0 0 0 3 6 7 0 0 0 0 6 
67 1 2.32334 19.3609 12.3913 -0.00218903 -3.20251e-04 0.00192192 0.0029305613 0.0 14 23.842612773 2.3722394259 0 0 1 3 5 3 2 0 0 0 7 
420 1 5.13763 24.3022 11.8122 0.00277683 -0.00174268 0.00147233 0.0035938105 0.0 16 24.5456876863 2.4149089139 0 0 0 6 4 3 2 1 0 0 8 
800 1 8.45513 20.1059 15.9946 7.25373e-04 8.76325e-04 0.00409146 0.0042466642 0.0 15 22.2090169805 2.1759518905 0 0 0 3 7 4 1 0 0 0 7 
575 1 4.08604 -0.0241586 17.4602 -3.91175e-04 -0.0018082 -5.55262e-04 0.0019315592 0.0 14 20.6393353294 2.2621900677 0 0 1 3 4 5 1 0 0 0 7 
733 1 2.62972 24.0442 17.1868 0.00184352 0.00114376 0.00450529 0.0050004391 0.0 15 22.052839253 2.1887599902 0 0 1 3 5 4 2 0 0 0 7 
570 1 7.87944 22.4575 12.809 -0.00134013 -8.99481e-04 -9.45508e-04 0.0018705614 0.0 14 24.7440723385 2.2577662584 0 0 0 3 6 5 0 0 0 0 6 
13 1 26.4671 26.666 12.3112 -8.72139e-04 -0.0035565 -1.97522e-04 0.003667197 0.0 16 21.9331709866 2.3986314956 0 0 0 5 4 5 2 0 0 0 7 
711 1 0.571144 23.4018 15.1885 -0.00294119 4.2849e-04 -0.00360933 0.0046756246 0.0 14 21.5509189556 2.3986314956 0 0 1 3 5 3 2 0 0 0 7 
220 1 1.8338 19.0679 17.2724 0.00226498 0.00211171 -2.39599e-04 0.0031059397 0.0 15 23.1566306147 2.4181002695 0 0 1 2 6 5 1 0 0 0 7 
863 1 5.94067 18.1261 10.3249 -0.00165847 0.00220495 0.00389841 0.004775974 0.0 12 21.7119970704 2.3246643516 0 0 0 2 8 2 0 0 0 0 6 
782 1 6.95711 19.6178 13.3424 -0.0014564 -4.9198e-04 0.00219606 0.0026806389 0.0 13 22.9587972756 2.2727346977 0 0 0 3 6 4 0 0 0 0 6 
178 1 5.98167 21.5534 10.1033 0.00267419 0.00280712 -0.0031787 0.0050135166 0.0 15 24.484776358 2.4149089139 0 0 0 2 8 5 0 0 0 0 6 
421 1 4.68579 19.1866 15.065 -0.00182886 -0.00176355 1.47025e-04 0.0025448878 0.0 14 22.1629639665 2.2767372456 0 0 0 3 6 5 0 0 0 0 6 
735 1 8.52286 24.1993 16.1805 1.66709e-04 2.4457e-04 0.00181069 0.001834722 0.0 14 23.7098354231 2.3354199409 0 0 0 4 5 4 1 0 0 0 7 
282 1 1.52978 26.696 14.6111 7.61095e-04 0.00343738 0.00166652 0.0038951426 0.0 16 23.0380415773 2.5041514389 0 0 2 4 3 4 2 0 1 0 9 
173 1 5.44201 24.4007 16.9438 -9.06876e-04 7.5523e-04 2.04682e-04 0.0011977859 0.0 12 20.4949174484 2.1852237133 0 0 0 2 8 2 0 0 0 0 6 
526 1 1.48739 22.4051 12.6427 -2.31311e-05 -0.00151586 0.00312583 0.0034740725 0.0 15 22.2907798914 2.3986314956 0 0 0 4 5 5 1 0 0 0 7 
25 1 2.80017 21.2197 15.3674 -0.00310931 -0.00258078 0.00334468 0.0052454855 0.0 13 21.7408191941 2.1553682423 0 0 0 3 6 4 0 0 0 0 6 
251 1 3.83032 23.7863 14.5597 -0.00268199 -0.00121201 0.00104471 0.0031230526 0.0 14 20.8121702114 2.2021852143 0 0 1 2 7 2 2 0 0 0 7 
710 1 4.46282 21.5091 12.7746 -0.00213753 0.00375564 -5.29898e-04 0.0043536948 0.0 15 22.6907424315 2.3246643516 0 0 0 2 8 5 0 0 0 0 6 
252 1 6.90413 24.9061 14.0485 -0.00139287 7.28901e-04 -3.16597e-04 0.0016036263 0.0 16 22.7648632471 2.4301987155 0 0 3 2 4 4 2 0 1 0 9 
40 1 6.21796 22.0458 15.516 0.00148486 -0.00197512 -7.01931e-05 0.0024720104 0.0 14 22.6679095127 2.2086800233 0 0 1 3 4 5 1 0 0 0 7 
410 1 8.07723 23.7887 10.0411 9.77086e-04 -0.00100819 0.00317429 0.0034709165 0.0 16 24.4187382654 2.3923366827 0 0 0 4 4 8 0 0 0 0 6 
750 1 3.06751 22.502 10.3956 -0.00401452 0.00256258 2.2526e-05 0.0047627402 0.0 13 22.4629702811 2.2926701276 0 0 0 3 6 4 0 0 0 0 6 
130 1 6.37539 18.8365 17.5029 0.00239588 -0.00199911 -0.00174161 0.0035734979 0.0 15 22.7921720796 2.2654747308 0 0 2 3 4 3 2 1 0 0 8 
148 2 6.00899 26.2045 9.36213 -3.86409e-04 0.00159169 -0.00199367 0.0025802149 0.0 14 19.9995886017 2.4149089139 0 0 1 3 5 3 2 0 0 0 7 
94 2 3.89122 24.2557 7.74851 0.00219158 8.75088e-04 0.00229388 0.003291001 0.0 14 18.118978059 2.4149089139 0 0 1 1 7 5 0 0 0 0 6 
329 2 16.4938 25.9402 12.5408 2.19388e-05 -8.19266e-05 -0.00206292 0.0020646627 0.0 14 16.2315755128 2.1303381946 0 0 1 3 4 5 1 0 0 0 7 
620 2 12.8025 23.3323 7.65317 -0.00179706 0.00426738 -0.00260651 0.0053135535 0.0 11 15.9108337262 2.192833881 0 0 0 3 6 2 0 0 0 0 6 
481 1 15.7347 22.902 16.6278 -3.58493e-04 -0.00103634 -0.00140791 0.0017845807 0.0 14 22.8604731553 2.2900864398 0 0 0 2 8 4 0 0 0 0 6 
78 1 15.7815 19.1947 12.3524 0.00480131 -2.00313e-04 8.68309e-04 0.0048833046 0.0 14 21.0274125123 2.2710526512 0 0 0 4 4 6 0 0 0 0 6 
544 1 11.872 20.3154 8.91886 -0.00445092 9.60423e-04 -0.00105414 0.0046737899 0.0 16 22.6053383302 2.3486156261 0 0 0 6 3 4 3 0 0 0 7 
578 1 11.5223 20.1617 16.0071 0.00367892 3.85251e-04 0.00635374 0.0073520666 0.0 13 20.8394412501 2.1736150833 0 0 0 1 10 2 0 0 0 0 6 
822 1 9.01265 20.3882 10.0508 7.03492e-04 0.0019767 0.00286884 0.003554221 0.0 15 24.3325504826 2.2480052961 0 0 0 3 6 6 0 0 0 0 6 
248 1 18.0428 23.217 10.8788 0.0019201 -3.50086e-04 0.004313 0.0047340589 0.0 15 20.4559580046 2.1648591464 0 0 1 2 6 5 1 0 0 0 7 
308 1 16.9712 25.5439 16.5957 -0.00351507 5.86831e-04 -0.00121916 0.0037664889 0.0 14 22.9282894145 2.2216532159 0 0 1 1 7 5 0 0 0 0 6 
569 2 10.0437 0.643354 10.1504 -0.00274433 0.0040907 0.00141881 0.0051262262 0.0 13 15.4487774673 2.222523124 0 0 0 5 2 6 0 0 0 0 6 
448 2 18.0407 26.2736 9.70866 0.00248318 1.57253e-04 3.69188e-05 0.0024884281 0.0 13 17.4387649332 2.194896032 0 0 0 2 8 3 0 0 0 0 6 
677 1 11.4211 18.2577 11.1831 0.00341691 -0.00103415 0.00132698 0.0038086239 0.0 15 21.3136429884 2.3486156261 0 0 0 4 5 5 1 0 0 0 7 
460 1 12.7138 22.5457 17.5753 -8.73196e-04 -0.00180526 -0.00128067 0.0023794013 0.0 13 21.6671270565 2.2458523326 0 0 0 1 10 2 0 0 0 0 6 
444 1 10.4967 20.3722 12.7986 0.00410867 0.00422584 -0.00217838 0.006283648 0.0 15 23.2758067728 2.2646707591 0 0 0 3 6 6 0 0 0 0 6 
140 1 11.3485 25.2971 15.1922 -9.10346e-04 -0.00285922 0.00245529 0.0038771533 0.0 16 24.3995666358 2.5739525341 0 0 1 6 2 4 1 2 0 0 8 
802 1 15.5241 22.5754 12.7141 1.57678e-05 -0.00203909 -3.41813e-05 0.0020394374 0.0 14 22.3619642465 2.2585332842 0 0 0 2 8 4 0 0 0 0 6 
289 1 16.4519 21.064 10.0655 -0.0016873 -8.61054e-04 0.00262119 0.0032340427 0.0 12 19.7343559107 2.1244279063 0 0 0 2 8 2 0 0 0 0 6 
166 1 13.2629 21.2029 11.4298 0.00407011 8.53398e-04 -5.4179e-04 0.0041937596 0.0 13 22.6978612384 2.2587510378 0 0 0 3 6 4 0 0 0 0 6 
204 1 12.8561 23.838 12.4517 0.00167757 4.60252e-06 -0.00132736 0.002139193 0.0 16 22.8789643828 2.2972763005 0 0 1 3 6 3 3 0 0 0 7 
189 1 13.4012 22.0387 14.8354 1.38179e-04 4.82651e-04 -3.07057e-06 5.0205064709e-04 0.0 15 22.4316969717 2.2710526512 0 0 0 2 8 5 0 0 0 0 6 
731 1 10.3351 22.5332 14.7935 3.23281e-04 0.00205906 -0.00117402 0.0023921876 0.0 14 23.0014990129 2.2646707591 0 0 1 2 6 4 1 0 0 0 7 
117 1 12.9868 18.9531 13.7166 0.00334897 2.25742e-04 -3.74002e-05 0.003356778 0.0 13 21.2476696509 2.2636455786 0 0 0 3 6 4 0 0 0 0 6 
678 1 14.1014 18.5782 10.2052 -0.00132689 0.00476571 2.85283e-04 0.0049552008 0.0 14 21.1115549689 2.1779744835 0 0 0 6 0 8 0 0 0 0 6 
670 1 17.8358 23.7446 14.0419 -0.00619955 -0.00134301 -9.98865e-05 0.0063441369 0.0 15 21.8779076705 2.145739403 0 0 1 4 3 5 2 0 0 0 7 
626 1 14.4489 19.6277 16.0107 -5.42258e-04 -2.9787e-05 0.00107551 0.0012048455 0.0 14 22.0896907463 2.3209109729 0 0 1 2 6 4 1 0 0 0 7 
885 1 9.9466 24.9104 12.789 4.8399e-04 0.00419846 0.00208033 0.0047105292 0.0 14 24.3523895998 2.4274206436 0 0 0 4 4 6 0 0 0 0 6 
663 1 19.0138 19.6173 16.6665 6.12422e-05 7.36256e-04 0.00112074 0.0013423419 0.0 15 22.0311872014 2.3626105666 0 0 2 4 2 3 4 0 0 0 7 
995 2 13.4435 25.0814 9.59593 -5.06271e-04 0.00434051 0.00142975 0.0045978824 0.0 13 15.2338753149 2.3061052894 0 0 0 2 8 3 0 0 0 0 6 
473 2 12.0882 0.295503 11.6889 -0.00222841 -3.30726e-04 -0.00118374 0.0025448833 0.0 15 16.3176450251 2.3061052894 0 0 1 3 6 2 3 0 0 0 7 
774 2 14.6445 23.1685 9.35746 3.41591e-04 -0.00294852 0.00391435 0.0049124933 0.0 16 19.179936011 2.2390382358 0 0 0 4 4 8 0 0 0 0 6 
406 2 15.5995 25.0208 10.5877 1.44718e-04 -0.00233803 6.69887e-04 0.0024364064 0.0 12 15.9909833649 2.1301358083 0 0 0 3 6 3 0 0 0 0 6 
389 1 14.1302 25.3233 17.1855 7.70897e-04 7.35825e-04 0.00297153 0.0031568515 0.0 14 22.7675606006 2.5739474574 0 0 2 3 3 4 1 1 0 0 8 
267 1 16.7885 20.882 14.959 0.00189037 -0.00130938 4.9767e-04 0.0023527962 0.0 14 21.8944316973 2.3626105666 0 0 0 2 8 4 0 0 0 0 6 
121 1 14.3734 25.1665 14.5536 -0.00318008 -1.95534e-05 2.58519e-04 0.0031906305 0.0 15 22.3014031214 2.2145326282 0 0 1 3 6 2 3 0 0 0 7 
887 1 10.7303 22.8839 10.3943 0.0033327 0.00533653 0.00320276 0.0070599655 0.0 16 24.5764450108 2.3061052894 0 0 1 3 4 7 1 0 0 0 7 
679 1 20.0895 18.2365 10.7549 0.00210672 -0.00163103 -0.00151905 0.003066927 0.0 15 23.3029978066 2.4127411839 0 0 1 1 7 6 0 0 0 0 6 
441 1 25.1249 0.774381 17.2081 -0.00171231 -8.05613e-04 0.00336505 0.0038606449 0.0 14 22.9192920594 2.2430052102 0 0 1 4 2 6 1 0 0 0 7 
396 1 23.3046 19.0868 11.1174 -7.2117e-04 0.00159884 0.0019667 0.002635201 0.0 16 23.9626787282 2.3299486568 0 0 3 3 2 5 2 0 1 0 9 
135 1 20.4286 24.1026 12.5363 -6.30369e-04 -0.00153475 -0.00247096 0.0029763175 0.0 15 22.3117101381 2.1866713977 0 0 2 3 2 6 2 0 0 0 7 
403 1 18.3368 18.321 14.264 -0.00154497 -0.00106813 0.0027456 0.0033265828 0.0 14 20.4453911799 2.2844834357 0 0 1 4 4 2 3 0 0 0 7 
937 1 19.5066 21.5631 14.5254 -8.23134e-04 -0.00104948 -4.25598e-04 0.0014000327 0.0 14 20.6757012846 2.1720778192 0 0 2 2 5 2 3 0 0 0 7 
651 1 22.5849 25.8489 17.0102 -0.00129212 0.00114408 -0.00228934 0.0028669794 0.0 14 22.3351765228 2.5244363706 0 0 0 2 8 4 0 0 0 0 6 
703 1 23.7074 25.6455 9.19987 0.00147331 -0.00322486 -0.00122155 0.0037500065 0.0 17 23.5677373246 2.295177908 0 0 1 4 3 7 2 0 0 0 7 
912 1 23.7658 26.4935 12.4848 -6.82715e-04 9.03838e-05 0.00213011 0.0022386687 0.0 16 21.1142740754 2.2882416874 0 0 3 3 3 3 2 2 0 0 8 
586 1 22.5633 21.6538 13.5463 0.00105736 0.00261297 4.77697e-04 0.0028589888 0.0 14 22.1112213974 2.1928914984 0 0 1 1 8 3 1 0 0 0 7 
343 1 26.2851 23.8626 10.7021 -0.00108588 3.46152e-05 3.69811e-04 0.0011476471 0.0 16 24.40822126 2.397032872 0 0 1 5 2 5 3 0 0 0 7 
344 1 21.2262 23.4442 16.4464 0.00102829 0.00380644 -1.27799e-04 0.0039449586 0.0 14 21.5053156176 2.4745621087 0 0 1 2 6 4 1 0 0 0 7 
525 1 20.2428 23.9434 9.40662 0.00116122 0.00188052 0.00116775 0.0024996855 0.0 15 21.9509177358 2.2101224048 0 0 0 3 7 4 1 0 0 0 7 
868 1 21.3166 21.4238 11.1809 -4.61296e-04 7.19935e-04 2.34e-04 8.8648542224e-04 0.0 14 22.8460958811 2.2101224048 0 0 0 3 6 5 0 0 0 0 6 
815 1 19.1466 20.9562 9.47499 -0.00127114 -0.00126367 -0.00172634 0.0024885555 0.0 12 20.1927812328 2.1678341681 0 0 0 0 12 0 0 0 0 0 5 
908 1 23.7622 19.1826 14.7086 -5.17701e-05 0.00393804 6.27749e-04 0.0039880958 0.0 15 22.6741592009 2.2342688298 0 0 0 3 6 6 0 0 0 0 6 
821 1 26.1183 17.7695 16.3879 0.00459808 -8.97313e-04 -0.00103102 0.0047969274 0.0 13 23.1189226335 2.2770926751 0 0 0 1 10 2 0 0 0 0 6 
508 1 26.2016 24.6969 17.6379 -0.00102099 -0.00271024 -0.00433735 0.0052154028 0.0 16 21.5634194847 2.5276535599 0 0 3 3 2 4 3 1 0 0 8 
917 1 21.0916 18.6594 13.6668 -0.00339595 -0.00103812 -0.00334699 0.0048798065 0.0 17 23.575037628 2.2811535761 0 0 0 5 3 8 1 0 0 0 7 
109 1 24.467 21.6493 10.251 -0.002494 0.00224573 2.02778e-04 0.0033622103 0.0 15 20.5637755557 2.2642148227 0 0 4 2 2 3 3 0 1 0 9 
284 1 18.5923 22.9037 16.9367 -0.0011076 -8.01496e-04 0.00137392 0.0019382543 0.0 13 19.2140657936 2.1764144985 0 0 0 2 8 3 0 0 0 0 6 
996 1 22.3906 24.8915 14.3083 0.00162652 0.00205859 -0.00259596 0.0036908493 0.0 12 20.2679945572 2.207525883 0 0 0 2 8 2 0 0 0 0 6 
182 1 22.8818 23.972 11.423 -0.00172911 -0.0055116 0.00153935 0.0059780561 0.0 14 21.9439676137 2.273854459 0 0 2 2 5 3 1 1 0 0 8 
365 1 21.8189 20.6461 16.103 0.00446748 0.00332294 -2.70915e-04 0.0055743791 0.0 14 22.4130562275 2.2840772438 0 0 1 3 5 3 2 0 0 0 7 
283 1 24.5393 22.8969 15.7686 0.00126624 -0.00267002 0.00551252 0.0062546181 0.0 16 24.0390178767 2.5276535599 0 0 0 2 10 2 2 0 0 0 7 
641 1 19.8211 25.6495 15.3231 1.0826e-04 0.00233854 -5.77505e-04 0.0024112241 0.0 16 20.8920978362 2.1800783856 0 0 1 2 7 4 2 0 0 0 7 
875 1 26.388 20.286 15.001 0.00185139 -0.00107855 0.00136751 0.0025418495 0.0 14 21.8175043293 2.1543676668 0 0 0 2 8 4 0 0 0 0 6 
556 1 25.3141 22.3299 12.8238 -0.00339783 0.00113429 0.00263726 0.0044482584 0.0 15 22.0455894499 2.3446609386 0 0 2 4 1 5 3 0 0 0 7 
510 1 24.9927 20.7107 17.4831 0.00117257 -0.0010238 -0.00169424 0.0023007686 0.0 13 22.0614869618 2.3069528408 0 0 2 2 5 1 3 0 0 0 7 
88 1 25.4675 25.3289 14.5664 -8.37986e-04 -0.00488058 5.71896e-04 0.0049849119 0.0 16 22.8862264404 2.3986314956 0 0 2 2 4 6 2 0 0 0 7 
191 1 18.2427 20.4563 12.3509 0.00372392 -0.00260913 -2.59856e-04 0.0045544116 0.0 15 21.1651484501 2.1648591464 0 0 1 3 5 4 2 0 0 0 7 
225 1 26.0298 19.3644 12.51 -0.00275004 0.00208463 -0.00174489 0.0038669165 0.0 15 22.5069516392 2.3739966838 0 0 4 2 2 2 4 1 0 0 8 
361 2 18.7348 -0.0212602 12.1306 4.64063e-05 -0.00593006 0.00381154 0.0070495108 0.0 14 16.3288439037 2.156033857 0 0 0 2 8 4 0 0 0 0 6 
388 1 1.1715 26.5418 23.7114 8.1377e-05 -0.00114611 0.00272769 0.0029598113 0.0 16 24.5331926218 2.2686858148 0 0 0 1 10 5 0 0 0 0 6 
716 1 -0.20299 7.5867 19.5778 -0.00253464 -0.00104701 3.36612e-05 0.0027425833 0.0 15 22.0381549279 2.286614902 0 0 1 4 3 5 2 0 0 0 7 
153 1 26.6971 2.54705 22.5294 -0.00167915 -0.0022659 6.56798e-04 0.0028957264 0.0 13 19.0969117945 2.1316902735 0 0 0 2 8 3 0 0 0 0 6 
297 2 7.5061 6.92373 24.9621 -6.86659e-04 -0.00307733 -0.00316021 0.0044641223 0.0 12 16.2251486854 2.2986738057 0 0 0 3 6 3 0 0 0 0 6 
427 1 0.00982299 7.29813 22.692 -0.00541099 -6.55959e-05 0.00127059 0.0055585533 0.0 15 23.1923789593 2.286614902 0 0 1 5 2 4 3 0 0 0 7 
963 1 8.17432 7.40374 20.3136 8.74809e-04 7.50595e-04 -7.99373e-04 0.0014027405 0.0 13 20.6634189068 2.279774619 0 0 0 3 6 4 0 0 0 0 6 
871 2 5.94801 4.95954 25.2434 0.00172062 -0.00531598 0.00213836 0.0059827051 0.0 15 15.4952801887 2.2145639317 0 0 1 3 5 5 0 1 0 0 8 
632 1 7.66917 10.0707 24.8358 0.0029206 -0.00183675 0.00524174 0.0062753002 0.0 16 23.7112879473 2.3333416734 0 0 0 2 8 6 0 0 0 0 6 
605 2 3.84901 0.495076 26.2237 -2.03077e-04 -0.00196017 -5.13663e-04 0.0020365059 0.0 15 16.2508785436 2.3844409431 0 0 2 3 4 3 2 1 0 0 8 
615 1 6.50369 8.8642 22.2243 0.00203129 0.00158057 0.00235203 0.0034866009 0.0 14 21.8944247321 2.2166955391 0 0 0 2 8 4 0 0 0 0 6 
200 1 5.0685 8.6087 24.8704 -6.09472e-04 0.00111524 -0.00219973 0.002540478 0.0 16 23.0769730248 2.2218883965 0 0 0 3 6 7 0 0 0 0 6 
851 1 7.45948 4.76969 19.5187 7.88059e-04 0.00106645 0.00145676 0.0019698991 0.0 16 23.3251956653 2.2949408263 0 0 2 4 2 5 2 1 0 0 8 
613 2 5.83892 2.11846 25.6492 0.00137745 0.00148689 2.92868e-04 0.0020479214 0.0 14 12.5340303722 2.0747646023 0 0 1 3 5 3 2 0 0 0 7 
759 1 2.27898 5.81312 19.3948 -6.00244e-04 -0.00102027 0.00122464 0.0017032284 0.0 15 23.6495104999 2.2983932119 0 0 3 2 4 3 1 2 0 0 8 
392 1 3.01344 7.7506 22.493 1.85111e-05 0.00180279 0.00215304 0.0028081979 0.0 14 23.3837109584 2.2845974951 0 0 0 3 6 5 0 0 0 0 6 
521 1 4.8159 4.012 20.3473 3.78522e-04 -0.00283649 -0.00108305 0.0030597307 0.0 17 24.1887074989 2.2983932119 0 0 2 3 3 7 1 1 0 0 8 
294 1 5.9311 1.14202 19.5057 7.25213e-04 0.00291399 1.43964e-04 0.0030063262 0.0 16 24.0463947418 2.3021724734 0 0 0 4 5 6 1 0 0 0 7 
144 2 7.80717 0.791311 24.579 9.38653e-04 0.00345719 -0.00314359 0.0047660665 0.0 14 13.0024999267 1.8214432308 0 0 0 2 8 4 0 0 0 0 6 
232 1 2.78314 2.03939 18.7813 0.00228058 0.00101222 9.30544e-04 0.0026629958 0.0 13 21.1882257746 2.3175061487 0 0 1 2 6 3 1 0 0 0 7 
769 1 0.508844 3.98202 20.3077 1.94383e-04 -6.86177e-04 2.2737e-04 7.4854575205e-04 0.0 17 21.5870822817 2.286614902 0 0 3 3 3 4 2 2 0 0 8 
589 1 4.83992 6.99468 20.3468 6.38241e-04 0.0028207 0.00143437 0.0032281755 0.0 15 22.1953618665 2.3470227981 0 0 2 3 3 5 1 1 0 0 8 
45 1 2.35683 5.75364 25.0302 0.00291129 6.04302e-04 -0.00181361 0.0034828109 0.0 15 22.0497001171 2.2839765065 0 0 1 2 7 3 2 0 0 0 7 
275 1 2.75248 1.875 21.6 0.00148594 -5.45712e-04 -0.0010661 0.0019085043 0.0 14 22.6971382794 2.263083946 0 0 0 1 10 3 0 0 0 0 6 
944 1 1.81927 2.63602 24.7971 0.00115685 9.04632e-04 0.00244321 0.0028506028 0.0 17 23.3514157756 2.440321348 0 0 1 4 5 4 2 1 0 0 8 
555 1 2.0758 4.78238 22.4098 3.21541e-04 -1.06887e-04 0.00166525 0.0016993737 0.0 14 21.7606276976 2.2173516395 0 0 1 2 6 4 1 0 0 0 7 
279 2 9.48336 4.15687 0.201538 0.00186077 0.00418956 0.00232351 0.005139414 0.0 13 13.3165183177 2.1605236761 0 0 2 1 6 2 2 0 0 0 7 
228 2 4.81855 3.31613 23.7207 -0.00126879 -6.59507e-05 -7.69021e-04 0.0014851164 0.0 13 15.9209203128 2.0724385951 0 0 1 1 9 0 2 0 0 0 7 
61 2 6.231 1.77157 22.5317 0.00126648 0.00174265 0.00202389 0.0029558301 0.0 12 15.2380452561 2.2167058063 0 0 0 2 8 2 0 0 0 0 6 
820 2 5.31685 5.62418 22.9225 -2.44292e-05 -3.39474e-04 -1.78027e-04 3.8410024111e-04 0.0 13 19.0143414044 2.2145639317 0 0 1 2 6 3 1 0 0 0 7 
580 1 2.42058 4.20809 16.7905 -0.00245215 9.05801e-05 -0.00254698 0.0035367148 0.0 17 22.8042619219 2.5041514389 0 0 4 4 1 2 4 1 1 0 9 
1 2 8.1203 2.97025 25.6327 -0.00126423 -0.00228357 -7.26075e-04 0.0027092719 0.0 13 12.8446167075 2.05173672 0 0 1 2 6 3 1 0 0 0 7 
377 2 7.05736 3.67812 23.4787 0.00331222 8.59904e-04 0.00189489 0.0039116294 0.0 13 13.28566047 2.2233579278 0 0 1 3 4 4 1 0 0 0 7 
661 2 4.50316 0.872147 23.9085 8.37383e-04 -9.84893e-04 -4.43685e-04 0.0013667776 0.0 13 16.5353293443 2.2686858148 0 0 0 4 5 3 1 0 0 0 7 
423 2 7.61594 5.82666 22.7876 -5.61032e-04 -0.00273608 -1.027e-04 0.002794895 0.0 14 15.4887067155 2.1684146416 0 0 1 4 4 2 3 0 0 0 7 
157 2 8.63014 2.33632 21.163 0.00720543 9.57568e-04 -0.00170121 0.0074652042 0.0 15 17.9995651749 2.2233579278 0 0 1 3 7 1 2 1 0 0 8 
345 2 8.74249 7.42437 1.48256 -0.00160542 -0.00130173 0.0018074 0.0027456455 0.0 13 20.8399559409 2.3333416734 0 0 0 3 7 2 1 0 0 0 7 
998 2 14.1003 5.8604 19.3059 0.00310345 1.5343e-04 0.00106275 0.003283958 0.0 13 16.6285773135 2.093663745 0 0 1 3 4 4 1 0 0 0 7 
894 2 15.0898 6.86077 17.3964 -0.00129899 0.00217205 -0.00573787 0.0062712302 0.0 14 12.9255052087 1.8984514285 0 0 1 3 5 3 2 0 0 0 7 
125 1 14.5889 0.28536 22.1189 7.04726e-04 0.00106453 -0.00165969 0.002093904 0.0 14 22.281340065 2.2540806972 0 0 1 1 8 3 1 0 0 0 7 
650 2 13.3158 8.40311 18.7092 0.00176184 -0.00172569 -7.82078e-04 0.0025872248 0.0 15 15.6949448383 2.1132713092 0 0 3 2 3 4 2 1 0 0 8 
971 2 9.08517 5.03921 24.4072 0.00195514 -0.00255318 -5.07585e-04 0.0032556018 0.0 13 11.9977356951 2.0625249139 0 0 0 3 6 4 0 0 0 0 6 
134 1 17.0534 8.38452 23.8481 0.00121692 1.21319e-04 -0.00286992 0.0031196239 0.0 15 22.6830206502 2.4137865069 0 0 0 3 7 4 1 0 0 0 7 
197 2 9.93831 26.9419 23.0178 1.64375e-04 0.00628508 -0.00371429 0.0073024106 0.0 15 13.9857916247 2.1143810762 0 0 1 4 4 3 3 0 0 0 7 
86 1 12.9757 0.710247 19.3304 0.0013453 -0.00106551 0.00205958 0.0026808606 0.0 16 24.3923363762 2.5739525341 0 0 0 4 6 4 2 0 0 0 7 
492 2 11.8298 8.21469 22.8854 4.05692e-04 2.60092e-04 -0.00306908 0.0031066841 0.0 12 19.839855114 2.2746581101 0 0 0 2 8 2 0 0 0 0 6 
464 1 12.5046 8.01416 26.05 -0.00133285 0.00479829 -0.00259769 0.0056167668 0.0 15 22.3488685154 2.3544652777 0 0 0 2 8 5 0 0 0 0 6 
673 1 8.21666 2.32133 18.1104 -0.0023571 1.36336e-04 -7.92388e-04 0.0024904591 0.0 12 21.4300117827 2.2718794874 0 0 1 2 6 2 1 0 0 0 7 
16 2 9.4484 7.38824 23.928 -2.1375e-04 0.0012062 -0.00404389 0.0042253584 0.0 15 18.2968271898 2.2889034119 0 0 0 2 8 5 0 0 0 0 6 
445 2 10.3438 0.856118 25.4733 -3.92252e-04 7.03693e-04 -6.21636e-04 0.0010175838 0.0 15 12.9617172554 1.9543182205 0 0 1 3 5 4 2 0 0 0 7 
499 2 10.7311 3.27271 25.1725 -0.00138543 -6.66488e-05 0.00144979 0.002006427 0.0 14 14.096953195 2.2483176065 0 0 1 3 5 3 2 0 0 0 7 
70 2 9.36523 2.66533 23.2085 -0.00375679 0.00112764 0.00188716 0.0043527481 0.0 16 13.2218103258 2.0367681507 0 0 0 4 6 5 0 1 0 0 8 
874 2 10.9403 3.31986 21.3483 4.74185e-04 0.00296919 3.49349e-04 0.0030270424 0.0 14 16.5352076431 2.265156022 0 0 3 1 4 3 3 0 0 0 7 
195 2 10.5409 5.0791 19.701 -0.00139636 0.00139692 0.00201569 0.0028220937 0.0 13 16.4492035092 2.2718794874 0 0 0 3 6 4 0 0 0 0 6 
816 2 11.5146 8.1784 20.2181 -0.0032422 0.00227424 -0.00181681 0.0043571581 0.0 16 18.9360181581 2.279774619 0 0 1 2 6 6 1 0 0 0 7 
927 1 15.9147 5.32602 21.9807 -0.00177307 -0.00121342 -5.84672e-04 0.0022266582 0.0 15 22.8222370651 2.2011263439 0 0 0 3 6 6 0 0 0 0 6 
99 2 12.7636 3.8734 23.1707 -9.346e-04 0.00196807 0.00116495 0.0024706042 0.0 14 17.9297251078 2.1941451996 0 0 2 3 3 3 3 0 0 0 7 
36 2 12.2749 3.81373 18.9444 -0.0024044 0.00276974 -3.82386e-04 0.0036876575 0.0 12 17.7786498762 2.3078569004 0 0 0 0 12 0 0 0 0 0 5 
664 1 16.6705 2.03985 22.1493 0.00195548 6.95407e-04 0.00765202 0.0079284868 0.0 13 21.0709535181 2.2237892062 0 0 0 3 6 4 0 0 0 0 6 
50 1 15.3082 3.14538 24.3214 -3.90192e-04 -0.0011034 0.00230542 0.0025854792 0.0 15 21.8657154661 2.210809473 0 0 2 3 2 6 2 0 0 0 7 
693 2 11.2539 5.4993 24.0778 6.25012e-04 -0.001921 0.00145281 0.0024882801 0.0 14 16.4698622122 2.2640106893 0 0 2 1 6 3 2 0 0 0 7 
46 2 12.5054 6.08245 21.4582 -0.00221604 4.85631e-04 -3.86278e-04 0.0023012782 0.0 15 17.90062112 2.0563330863 0 0 1 2 7 3 2 0 0 0 7 
734 1 15.6384 3.50514 18.2382 -6.05554e-04 1.03722e-04 2.39321e-04 6.5933939761e-04 0.0 16 21.700467506 2.3148184935 0 0 1 2 7 4 2 0 0 0 7 
169 1 14.2275 6.80698 24.1726 -0.00268736 -2.21228e-05 0.00293664 0.0039807346 0.0 13 20.51432973 2.07344854 0 0 0 1 10 2 0 0 0 0 6 
552 2 9.97756 5.57262 21.8965 0.00200843 -0.00293764 0.00271112 0.0044736664 0.0 14 15.9491357034 2.266727841 0 0 1 3 4 5 1 0 0 0 7 
889 1 15.0333 7.99318 21.4523 6.7825e-05 3.8352e-04 0.00420976 0.0042277378 0.0 15 21.240275 2.2783082162 0 0 0 3 8 2 2 0 0 0 7 
873 1 14.4575 2.92992 20.7962 0.00208637 3.04232e-04 0.00240919 0.0032015142 0.0 14 21.4163074846 2.1907752484 0 0 0 2 8 4 0 0 0 0 6 
794 1 17.0447 5.55183 24.884 -3.11104e-04 0.00267649 0.00168756 0.0031793463 0.0 15 22.42633278 2.2101488956 0 0 0 1 10 4 0 0 0 0 6 
433 2 11.9892 6.29039 18.1591 0.00536498 -0.00202478 -0.00133497 0.0058876896 0.0 13 15.9215019624 2.2171411868 0 0 0 2 8 3 0 0 0 0 6 
884 2 12.428 2.60811 15.9394 -0.00199749 -0.00506036 0.00356489 0.0065042794 0.0 16 19.105706281 2.5739525341 0 0 2 3 4 4 2 1 0 0 8 
539 2 12.7119 2.22666 25.418 7.25551e-06 -0.0012829 -0.00396456 0.0041669678 0.0 13 16.507557309 2.210809473 0 0 1 4 3 3 2 0 0 0 7 
450 2 11.619 1.71712 22.9942 0.00337699 -0.00271091 -0.00276422 0.0051375098 0.0 15 16.3629806043 2.210809473 0 0 2 3 4 2 4 0 0 0 7 
901 1 13.8763 4.8591 26.5531 0.00197961 0.0022872 -3.96043e-04 0.0030507359 0.0 17 23.8677349783 2.2640106893 0 0 1 1 8 6 1 0 0 0 7 
27 1 15.4637 8.06566 26.3959 -5.89074e-04 3.36011e-04 0.00433461 0.0043873404 0.0 16 22.058777374 2.4137865069 0 0 2 1 7 4 1 1 0 0 8 
921 2 9.68951 6.46527 26.3187 0.00292231 -9.80846e-04 0.00170405 0.0035221784 0.0 15 17.1434412738 2.3544652777 0 0 1 4 4 4 1 1 0 0 8 
154 1 24.613 4.57148 22.0909 -0.00129887 8.70446e-04 -0.00159319 0.0022322621 0.0 15 21.4017677838 2.3013543146 0 0 2 2 5 4 1 1 0 0 8 
993 1 24.2556 2.47819 20.0791 0.00106436 0.0011837 0.00174261 0.0023602325 0.0 16 23.6138630031 2.3013543146 0 0 1 0 9 6 0 0 0 0 6 
168 1 19.4043 6.26341 21.8853 -0.00333904 0.00262691 -0.00235645 0.0048582611 0.0 17 24.2965594169 2.3991668391 0 0 2 6 0 5 2 2 0 0 8 
34 1 19.9606 4.93184 25.6902 -0.00171698 0.00298575 -8.9126e-05 0.0034453834 0.0 13 21.1899973383 2.2868938872 0 0 1 3 3 6 0 0 0 0 6 
241 1 21.0818 2.59088 24.4833 -0.00400152 -0.00183213 2.04751e-04 0.0044057673 0.0 13 20.9446043643 2.2915195745 0 0 1 3 4 4 1 0 0 0 7 
806 1 26.5075 4.549 24.2152 8.17427e-04 0.00220138 -4.04341e-04 0.0023828035 0.0 14 19.8848491659 2.1848847053 0 0 3 2 1 6 2 0 0 0 7 
287 1 20.4773 2.90237 21.4835 0.00224908 9.09846e-04 0.00128086 0.0027434983 0.0 15 23.2357508724 2.3013543146 0 0 0 4 5 5 1 0 0 0 7 
4 1 21.4764 5.14329 20.2022 0.00272441 -0.00612732 6.17116e-04 0.0067340398 0.0 15 23.2756701518 2.3864771037 0 0 0 3 7 4 1 0 0 0 7 
325 1 21.7702 8.1242 22.3294 9.08406e-04 -0.00158969 8.63209e-04 0.0020242148 0.0 16 22.4365813747 2.3991668391 0 0 2 2 6 3 2 1 0 0 8 
915 1 24.0959 5.06565 18.7857 0.0033586 -8.1398e-05 -0.0019111 0.0038651161 0.0 14 22.383111805 2.2334764311 0 0 0 5 3 5 1 0 0 0 7 
393 1 19.9848 3.42158 18.6323 0.0011458 -5.31034e-04 0.00405294 0.0042451357 0.0 13 20.6938195653 2.2716151357 0 0 0 4 4 5 0 0 0 0 6 
778 2 21.8344 7.52999 18.165 0.00392417 -2.78908e-05 6.02388e-04 0.0039702342 0.0 14 17.4191483153 2.3991668391 0 0 1 1 7 5 0 0 0 0 6 
480 1 24.0505 7.10603 23.5958 0.00315186 0.00195369 -0.00120863 0.0039002452 0.0 14 21.5640858259 2.3634193659 0 0 2 2 6 0 4 0 0 0 7 
922 1 17.6014 4.12705 20.0679 -0.00218929 8.84254e-04 3.52272e-04 0.002387256 0.0 16 22.4796426327 2.2237892062 0 0 0 3 6 7 0 0 0 0 6 
426 1 25.9264 1.12097 25.2219 -0.00102541 -0.00570473 -0.00491666 0.0076005892 0.0 15 23.7610062865 2.3455678785 0 0 1 2 7 3 2 0 0 0 7 
447 1 21.6487 5.21612 23.3254 -0.00137735 -1.0579e-06 -6.626e-04 0.0015284413 0.0 14 21.1557317232 2.2545112031 0 0 0 4 4 6 0 0 0 0 6 
51 1 23.8364 4.12139 24.9267 4.62421e-04 -9.86303e-04 -0.00255466 0.0027772134 0.0 16 22.0725666912 2.321877309 0 0 2 4 3 4 2 0 1 0 9 
527 2 18.903 6.99975 18.5835 0.00218033 -0.00207091 0.00246552 0.0038886111 0.0 13 17.8323908076 2.3758345241 0 0 1 1 8 2 1 0 0 0 7 
878 1 18.6779 6.82531 0.66418 -2.1108e-04 0.00666005 -0.00211788 0.0069918693 0.0 15 23.5441153533 2.4137865069 0 0 0 4 5 5 1 0 0 0 7 
387 1 18.4504 3.96972 23.3242 0.0012022 0.0032589 0.0026143 0.0043474451 0.0 13 20.3363685411 2.1222782172 0 0 1 4 2 5 1 0 0 0 7 
997 1 18.6197 0.438108 20.2657 0.00289159 -7.38804e-04 0.00182684 0.0034992097 0.0 14 22.3772542091 2.2237892062 0 0 0 2 8 4 0 0 0 0 6 
246 1 19.8882 7.64806 24.7311 -0.00585496 -0.00251796 0.00116173 0.0064784486 0.0 14 22.5380596063 2.3179165911 0 0 2 2 4 5 0 1 0 0 8 
68 1 0.25747 1.10192 20.0384 -0.0011802 -0.00218591 0.00184662 0.003095332 0.0 14 19.8149533813 2.2293384803 0 0 1 1 8 3 1 0 0 0 7 
461 1 23.5317 2.01219 22.9787 -4.9264e-04 -0.00293276 -1.98538e-04 0.0029804685 0.0 12 20.9107972962 2.297062409 0 0 1 2 6 2 1 0 0 0 7 
837 1 23.2497 26.5403 24.6372 0.00146829 0.00144962 0.00298442 0.0036282277 0.0 16 22.7258772417 2.3520567218 0 0 1 3 5 5 2 0 0 0 7 
62 1 24.0547 6.99293 20.6657 -4.48501e-05 0.00204699 0.00120197 0.0023742181 0.0 14 21.0007688367 2.247282577 0 0 1 3 5 3 2 0 0 0 7 
542 1 25.2818 -0.130902 22.352 -0.00191427 -0.00445231 0.00259051 0.0054952922 0.0 13 21.2926183716 2.1447667404 0 0 0 1 10 2 0 0 0 0 6 
307 1 22.0321 26.7757 21.5353 0.00158939 7.49505e-04 -0.00116073 0.0021059944 0.0 15 22.7111018578 2.2338468677 0 0 0 2 8 5 0 0 0 0 6 
172 1 19.2518 0.430092 23.1168 0.00244419 -0.00284188 0.0031954 0.0049255383 0.0 15 22.0227972141 2.2338468677 0 0 1 3 4 6 1 0 0 0 7 
929 1 22.3013 9.52598 25.0574 0.00460196 0.00281294 -3.81988e-04 0.0054070863 0.0 15 23.941690219 2.4052927018 0 0 0 4 5 5 1 0 0 0 7 
434 2 16.6564 6.78104 19.0669 0.00100731 -0.00157331 0.0020068 0.0027417556 0.0 14 17.2340171423 2.2011263439 0 0 1 3 4 5 1 0 0 0 7 
770 1 18.3472 1.87351 25.5059 -0.00573644 -0.00202291 -0.00178124 0.0063381168 0.0 15 21.7875755304 2.3946322438 0 0 2 3 3 5 1 1 0 0 8 
320 1 25.5923 6.29973 26.6618 0.001251 -0.00103742 0.00177492 0.0024065706 0.0 14 23.6486601367 2.3343802543 0 0 3 1 5 1 4 0 0 0 7 
222 1 22.6921 6.71345 26.0589 0.00199628 -8.74767e-04 -0.00122568 0.0025005285 0.0 16 23.7969315874 2.3634193659 0 0 1 3 5 5 2 0 0 0 7 
810 1 0.677808 11.2528 26.3823 0.00141353 0.00106014 -0.00120216 0.0021370897 0.0 13 21.4256946198 2.3602138533 0 0 0 2 8 3 0 0 0 0 6 
883 1 2.0995 9.26076 18.8019 -0.00295388 -0.00139697 -0.0011731 0.0034717569 0.0 15 23.1211928052 2.3470227981 0 0 4 2 2 3 3 0 1 0 9 
73 1 6.94219 14.0754 19.4917 -0.00231178 9.9806e-04 5.68179e-04 0.0025813326 0.0 14 21.0066982065 2.219348632 0 0 1 2 7 2 2 0 0 0 7 
368 1 26.65 16.7144 0.357396 -0.00251876 -4.70116e-05 -0.00536348 0.0059256459 0.0 17 24.281331759 2.4370839716 0 0 0 3 7 6 1 0 0 0 7 
506 1 7.93748 17.0428 19.3309 -3.98804e-04 -6.82291e-04 -0.00127981 0.001504154 0.0 14 20.7603983573 2.2552120417 0 0 2 1 7 2 1 1 0 0 8 
511 1 5.76426 16.5551 20.9016 0.00122044 0.00298845 -3.72131e-04 0.003249429 0.0 13 20.3044520675 2.2338140213 0 0 1 1 9 0 2 0 0 0 7 
335 1 2.92962 13.0596 0.286949 0.00379272 7.53641e-05 0.00191598 0.0042498687 0.0 14 20.437857651 2.3033255774 0 0 0 2 8 4 0 0 0 0 6 
576 1 2.71812 15.7575 26.0007 -0.00139465 -8.5278e-04 -6.40499e-04 0.0017557111 0.0 14 23.2322037572 2.2514914072 0 0 0 4 4 6 0 0 0 0 6 
870 1 6.23554 12.0717 26.5806 -0.00338469 1.15117e-04 -5.10183e-04 0.0034248599 0.0 16 22.1783046318 2.2619203396 0 0 0 3 6 7 0 0 0 0 6 
648 1 3.23131 16.1416 22.9884 0.00147754 -0.00237233 -0.00393452 0.0048261291 0.0 15 22.555400677 2.2922583241 0 0 1 1 9 2 2 0 0 0 7 
97 1 3.37901 9.90658 0.223447 3.72149e-04 -0.00164203 -0.00476098 0.0050499196 0.0 13 20.0642769923 2.2619203396 0 0 1 0 9 3 0 0 0 0 6 
597 1 4.44529 13.9243 24.808 4.80095e-04 0.00526742 0.0013315 0.0054542733 0.0 14 20.7160805438 2.2618019492 0 0 1 1 7 5 0 0 0 0 6 
402 1 2.82183 10.7666 24.1869 -7.57843e-04 -0.00202829 -0.00132785 0.0025399748 0.0 15 23.7350402102 2.3765355268 0 0 0 3 6 6 0 0 0 0 6 
767 1 4.11097 9.71304 20.8207 -3.79535e-05 -0.00363139 -8.47976e-04 0.0037292757 0.0 14 21.3140348822 2.2607859844 0 0 1 3 4 5 1 0 0 0 7 
543 1 6.05314 16.5329 24.0333 0.00144412 -3.76316e-04 0.00694217 0.007100762 0.0 17 23.7880651025 2.2731702581 0 0 2 2 5 6 1 1 0 0 8 
814 1 2.71916 12.5292 21.6752 -0.00101692 0.00371378 4.88707e-04 0.0038813815 0.0 14 23.7221739303 2.2125014755 0 0 0 2 8 4 0 0 0 0 6 
587 1 4.42705 12.0971 19.0523 3.04276e-04 -0.00174051 -0.00311663 0.0035826445 0.0 15 22.4364324173 2.2271932578 0 0 4 2 2 3 2 2 0 0 8 
48 1 0.954011 9.71278 21.8394 0.00165322 0.00173189 -8.11797e-04 0.0025281601 0.0 13 22.5952782512 2.3630648741 0 0 0 2 8 3 0 0 0 0 6 
604 1 1.23665 16.9713 19.4393 -0.0017707 4.54879e-05 0.00292134 0.0034163833 0.0 15 23.4901362826 2.4234765226 0 0 2 3 5 1 3 1 0 0 8 
932 1 6.47658 11.5315 20.9214 7.4175e-04 -0.00171512 -0.00272757 0.003306277 0.0 15 20.5972859453 2.2214210226 0 0 0 4 4 7 0 0 0 0 6 
645 1 5.44633 11.4442 23.5615 -0.00163151 0.00111488 0.00238783 0.0030994378 0.0 12 20.8109091473 2.226747 0 0 1 2 5 4 0 0 0 0 6 
424 1 5.51063 13.9572 22.3167 0.00178774 -9.558e-04 -0.00231119 0.0030742751 0.0 13 20.7684126205 2.148856597 0 0 1 2 5 5 0 0 0 0 6 
237 1 8.27186 15.2213 21.8226 0.0023538 -0.00194637 -8.15143e-04 0.0031612005 0.0 14 19.1532012601 2.1488162408 0 0 1 1 8 3 1 0 0 0 7 
832 1 3.53737 15.2245 19.9934 -0.00157535 -8.28747e-04 0.00152326 0.0023428338 0.0 14 22.3853334663 2.3550705078 0 0 2 2 5 2 3 0 0 0 7 
844 1 1.51827 12.1523 18.7953 -5.84823e-04 -0.00307874 -0.00346997 0.0046756122 0.0 17 24.3984896903 2.4306114592 0 0 2 4 4 3 2 2 0 0 8 
439 1 5.39172 15.6867 17.6256 -0.00184065 -0.00212497 0.00169339 0.0032819293 0.0 14 23.1918657835 2.2578442144 0 0 1 4 3 4 2 0 0 0 7 
417 1 0.71112 14.9171 21.4388 0.00168306 0.00580578 -0.002648 0.0065993694 0.0 14 23.8384002846 2.4306114592 0 0 1 3 5 3 2 0 0 0 7 
628 1 1.40025 13.496 24.2448 0.00280281 3.15294e-04 0.00121222 0.0030699563 0.0 14 23.8666469567 2.455883134 0 0 0 1 10 3 0 0 0 0 6 
47 1 8.19923 12.8869 23.3336 -0.00301835 0.00150505 -5.38994e-04 0.0034155712 0.0 16 22.9306026168 2.2214210226 0 0 1 3 5 5 2 0 0 0 7 
218 1 7.45063 14.8165 25.7976 0.00140449 0.00167479 -7.71448e-04 0.0023178968 0.0 13 22.4458470737 2.1950773928 0 0 3 1 4 3 1 1 0 0 8 
234 1 5.36719 14.4921 0.83636 -0.00266554 -0.00211784 -0.00333226 0.0047638542 0.0 14 22.8187988905 2.3033255774 0 0 1 3 4 5 1 0 0 0 7 
594 1 13.0679 11.7346 25.6261 0.00108302 0.00111986 -0.0020271 0.0025565901 0.0 15 21.762394182 2.3007190546 0 0 1 4 4 3 3 0 0 0 7 
242 1 12.9681 17.3236 26.4408 -5.8203e-05 -0.00258523 -0.00381911 0.0046122015 0.0 17 24.1115056417 2.3224100005 0 0 1 2 7 5 2 0 0 0 7 
761 1 9.12229 12.621 20.5602 -0.00148761 0.00465989 -0.0012463 0.0050478532 0.0 13 19.839916462 2.316629934 0 0 0 3 6 4 0 0 0 0 6 
522 1 9.91862 17.8679 17.0276 -2.44119e-04 0.00251381 0.00176811 0.0030830257 0.0 15 23.2960683098 2.4651090592 0 0 2 2 5 4 1 1 0 0 8 
469 1 9.7278 16.1659 23.9811 -4.64474e-04 -2.65163e-04 -3.94973e-04 6.6486929841e-04 0.0 14 22.7777505114 2.311084052 0 0 0 4 4 6 0 0 0 0 6 
63 1 15.9512 16.658 26.5243 2.25708e-04 -0.00317549 0.00231695 0.0039373771 0.0 14 21.4306588137 2.1953295871 0 0 1 2 7 2 2 0 0 0 7 
909 1 13.3899 14.3519 27.1285 -3.68003e-04 7.51566e-04 0.00564976 0.0057113979 0.0 13 20.0902199548 2.2966701951 0 0 0 3 6 4 0 0 0 0 6 
742 2 18.1887 16.7871 17.8813 -1.49513e-05 9.95061e-04 -6.5927e-04 0.0011937365 0.0 15 18.2329996369 2.3201743927 0 0 2 3 4 2 4 0 0 0 7 
185 1 10.3274 14.7494 19.3663 -0.00193022 -4.74516e-04 -9.48052e-04 0.0022022074 0.0 13 20.0277675455 2.298759434 0 0 0 3 6 4 0 0 0 0 6 
934 1 10.3511 17.1375 20.8263 -2.61802e-04 -0.00108231 -1.11822e-04 0.0011191244 0.0 14 20.2232332896 2.1110887161 0 0 0 1 10 3 0 0 0 0 6 
311 1 12.0427 17.4975 23.2327 3.08209e-04 -0.00195102 -0.00209267 0.0028776274 0.0 14 23.0062932894 2.3224100005 0 0 0 4 4 6 0 0 0 0 6 
540 1 9.58446 12.6097 26.18 0.00104668 0.00225107 0.00285095 0.0037803136 0.0 13 21.2467647398 2.1949986169 0 0 0 2 8 3 0 0 0 0 6 
840 1 10.4285 15.9367 0.140514 -0.00248654 -0.00130239 9.64023e-04 0.0029679018 0.0 14 23.5893082344 2.3053114444 0 0 0 4 5 4 1 0 0 0 7 
262 1 16.7399 10.799 25.251 0.00307776 -2.36043e-04 2.25462e-05 0.0030868805 0.0 14 23.1000449028 2.3780137671 0 0 2 3 3 3 3 0 0 0 7 
156 1 14.3464 13.2192 22.9767 -0.00360266 -0.00142406 5.2775e-05 0.0038742601 0.0 14 21.455649913 2.2155475973 0 0 0 3 6 5 0 0 0 0 6 
789 1 14.3398 9.51127 24.0123 -0.00182957 0.0021444 -7.6166e-04 0.002919915 0.0 14 20.4747230238 2.2969109123 0 0 1 2 6 4 1 0 0 0 7 
897 1 9.39942 10.1972 21.7765 -0.00210636 -0.00132715 9.56176e-04 0.0026668993 0.0 15 24.078613111 2.3156402155 0 0 0 4 4 7 0 0 0 0 6 
263 1 15.8831 16.7398 20.7446 2.53087e-04 0.00181462 2.49153e-04 0.0018490473 0.0 14 21.6429603125 2.2749865274 0 0 1 3 4 5 1 0 0 0 7 
939 1 12.5239 16.5105 18.8662 0.00491561 -2.21555e-04 -1.40469e-04 0.004922605 0.0 14 22.8822567266 2.3306857314 0 0 2 1 6 3 2 0 0 0 7 
956 1 10.8604 13.8882 22.2772 0.00135069 -0.00557918 0.00222563 0.0061567071 0.0 14 21.4650444063 2.2350999678 0 0 0 4 5 4 1 0 0 0 7 
280 1 12.7461 11.1244 22.5589 -0.00199592 5.81257e-04 -0.00188127 0.0028036999 0.0 14 20.9223323626 2.316629934 0 0 0 4 4 6 0 0 0 0 6 
595 1 12.7802 13.0306 20.1815 -3.29834e-04 -0.0025326 -0.00189306 0.0031790768 0.0 15 23.1133714577 2.3565586302 0 0 0 2 8 5 0 0 0 0 6 
877 1 15.547 13.5898 20.3802 -0.00197584 0.00186955 2.21712e-04 0.0027291605 0.0 17 23.623622245 2.3565586302 0 0 2 2 5 6 1 1 0 0 8 
268 1 15.1798 10.7161 21.0964 -0.0044318 0.00150979 0.00305737 0.0055917643 0.0 15 21.7380195757 2.254255692 0 0 1 2 6 5 1 0 0 0 7 
302 1 11.8194 14.0292 24.832 0.00373792 -9.94373e-04 0.00348193 0.0052042925 0.0 16 23.2074587878 2.3224100005 0 0 0 5 4 5 2 0 0 0 7 
478 1 13.3807 15.5254 21.588 -0.00307044 -5.20895e-04 -0.00464517 0.005592543 0.0 14 20.7426400812 2.2749865274 0 0 2 2 4 4 2 0 0 0 7 
455 1 17.6485 14.9269 22.2673 0.00377314 -0.00104927 1.39746e-04 0.0039188113 0.0 13 21.2361388419 2.2432415145 0 0 0 4 4 5 0 0 0 0 6 
29 1 15.8596 13.7308 25.5587 6.73272e-04 3.75451e-04 -3.58189e-04 8.5003411644e-04 0.0 14 21.5483946359 2.2584479368 0 0 0 4 4 6 0 0 0 0 6 
949 2 12.1867 10.1952 19.3867 0.00159511 -0.00153125 -0.00109691 0.0024682613 0.0 14 20.4944449229 2.316629934 0 0 1 4 2 6 1 0 0 0 7 
500 1 15.2774 16.0342 23.7391 -0.00291645 -0.00194443 4.88585e-04 0.0035390965 0.0 16 21.7942521298 2.3224100005 0 0 2 4 2 5 2 1 0 0 8 
253 1 10.7246 10.6463 24.3466 -6.35543e-04 -8.17199e-05 3.0936e-04 7.1154525963e-04 0.0 13 21.525379887 2.1828769352 0 0 0 2 8 3 0 0 0 0 6 
167 1 22.593 17.2513 20.5586 -1.28138e-05 -0.00165136 0.00207963 0.002655563 0.0 16 22.1458965801 2.2597424294 0 0 0 3 7 5 1 0 0 0 7 
581 1 26.6058 16.4181 24.1284 0.00204211 -1.9866e-04 -0.00169364 0.002660469 0.0 14 22.601138635 2.1272383987 0 0 0 1 10 3 0 0 0 0 6 
603 1 26.3418 13.8495 26.3488 -0.00195804 -6.3912e-04 0.00195245 0.0028380374 0.0 12 20.7620721998 2.3129962083 0 0 0 3 6 3 0 0 0 0 6 
383 1 18.3582 13.2448 0.212128 0.00253841 3.79745e-04 4.64529e-04 0.0026083556 0.0 16 21.8753369425 2.257414116 0 0 1 2 7 4 2 0 0 0 7 
186 1 17.0375 11.9015 22.6316 -0.00364238 7.03956e-04 4.42176e-05 0.003710046 0.0 15 23.3134270289 2.2584479368 0 0 2 3 3 5 1 1 0 0 8 
925 1 18.1908 15.3922 25.0148 -7.49031e-04 -0.003235 0.00124512 0.0035463497 0.0 15 20.0885345376 2.2189714449 0 0 3 2 2 5 3 0 0 0 7 
653 1 21.3258 12.335 26.2575 0.00160723 6.62246e-05 -0.00182386 0.0024318798 0.0 15 20.9639098574 2.2693763785 0 0 0 5 3 6 1 0 0 0 7 
739 1 17.7217 8.90604 21.237 -8.00259e-04 -0.00200799 0.00153427 0.00265074 0.0 16 22.8461486392 2.2991805307 0 0 2 4 2 5 2 1 0 0 8 
93 1 24.7636 15.7763 21.3978 9.76789e-05 -0.00240226 0.00283755 0.003719151 0.0 15 22.3128692822 2.2315559787 0 0 0 2 9 3 1 0 0 0 7 
101 1 25.5149 10.1083 19.261 8.17501e-04 0.0014436 -0.00126029 0.0020834154 0.0 15 22.2820675591 2.1530683128 0 0 0 2 8 5 0 0 0 0 6 
155 1 21.6376 15.304 25.2951 0.00129671 -0.002378 7.68474e-04 0.0028154739 0.0 16 21.3954289281 2.2692064739 0 0 1 3 4 7 1 0 0 0 7 
631 1 26.4035 12.1279 21.5713 -0.00318392 -0.00291561 0.00230189 0.0048925275 0.0 14 23.958156021 2.455883134 0 0 0 3 6 5 0 0 0 0 6 
103 2 20.0599 9.3665 18.9335 -2.63475e-04 0.00243675 -6.78635e-04 0.0025431703 0.0 16 16.379561992 2.3991668391 0 0 1 3 5 5 2 0 0 0 7 
164 1 19.7192 13.2766 23.8258 0.00256544 -0.00168893 0.0018752 0.0035986584 0.0 16 23.2446418768 2.2584479368 0 0 0 5 4 6 0 1 0 0 8 
436 2 23.7623 12.3122 20.3991 0.00154853 -0.00192507 3.34543e-04 0.0024931423 0.0 13 17.0624212375 2.2197346666 0 0 1 2 5 5 0 0 0 0 6 
747 2 18.8608 11.2966 20.0431 0.00240665 -0.0035208 0.00261968 0.0050050694 0.0 14 16.6040932819 2.2441588562 0 0 1 4 4 3 1 1 0 0 8 
644 2 19.6841 13.6103 19.972 -6.49096e-04 -9.0861e-04 -0.00565444 0.0057636438 0.0 14 16.6893459295 2.2441588562 0 0 0 3 8 1 2 0 0 0 7 
299 1 22.8667 16.8871 23.1995 0.00364647 -5.46409e-04 -0.00232848 0.0043608629 0.0 13 18.9039723399 2.1098116957 0 0 0 3 6 4 0 0 0 0 6 
347 2 22.3242 9.48137 19.8524 0.00441939 4.47828e-05 8.90893e-04 0.0045085146 0.0 14 18.1088709216 2.2792615051 0 0 2 2 4 4 2 0 0 0 7 
133 1 23.9976 16.5574 25.8757 0.00503239 0.00171429 0.00122339 0.0054553114 0.0 13 21.1762563852 2.4319449763 0 0 0 3 6 4 0 0 0 0 6 
194 1 19.5171 10.2988 25.7506 0.00110908 -0.00281338 7.59938e-04 0.0031181198 0.0 14 22.1335928534 2.4137865069 0 0 1 3 5 3 2 0 0 0 7 
113 2 17.9664 15.0101 19.2443 0.00264827 0.0010261 -0.00291848 0.0040723139 0.0 15 17.5736820213 2.2186765897 0 0 3 3 4 1 2 1 1 0 9 
77 1 25.6575 9.87427 24.3633 -3.47366e-06 0.00189678 -0.00427708 0.0046788032 0.0 16 24.615397624 2.455883134 0 0 2 2 5 4 3 0 0 0 7 
316 2 25.5194 13.3481 18.9296 -0.00470229 -0.00186591 0.00106519 0.0051698918 0.0 14 17.9599927778 2.4306114592 0 0 0 4 4 6 0 0 0 0 6 
463 1 19.9271 10.4272 22.7532 -0.00187374 0.00342669 4.91475e-04 0.0039363249 0.0 16 23.3697319045 2.2652284975 0 0 3 1 5 4 2 1 0 0 8 
184 2 20.4107 15.8191 19.0935 0.00225399 0.0017141 6.41089e-04 0.0029033782 0.0 13 17.5161842675 2.1902694646 0 0 0 2 9 1 1 0 0 0 7 
548 2 26.2553 14.6086 16.9678 0.00426545 -1.40514e-04 -0.00309838 0.0052738759 0.0 15 19.3996732991 2.4087524988 0 0 0 5 4 4 2 0 0 0 7 
490 1 20.0287 16.0588 22.645 0.00232582 -0.0014043 -0.00375228 0.0046326129 0.0 14 20.6857892513 2.1902694646 0 0 0 1 10 3 0 0 0 0 6 
379 1 24.572 14.233 24.0039 1.85616e-04 0.00623852 3.40786e-04 0.0062505776 0.0 16 23.276599821 2.455883134 0 0 0 5 3 7 1 0 0 0 7 
504 1 22.0894 14.1591 22.611 -0.00364925 -0.0016601 0.00209343 0.0045227654 0.0 14 20.4136027442 2.2693763785 0 0 0 2 8 4 0 0 0 0 6 
984 2 24.5787 15.6553 18.2321 5.40403e-05 0.00174843 -0.00100076 0.0020153035 0.0 13 16.7650704849 2.2593261556 0 0 1 0 9 3 0 0 0 0 6 
601 2 21.3438 11.8771 20.6046 -0.00243801 -0.00129735 5.83667e-04 0.0028227074 0.0 14 16.1262856251 2.2027019499 0 0 2 0 8 2 2 0 0 0 7 
408 1 24.5031 9.75865 21.7195 -0.00150151 -9.9319e-04 -0.00249998 0.0030807237 0.0 14 20.137229019 2.1497339698 0 0 1 2 6 4 1 0 0 0 7 
81 2 22.4085 11.4479 18.3832 -0.00300743 0.00473514 -0.0030293 0.0063751741 0.0 14 14.0205714282 2.0994956915 0 0 0 4 5 4 1 0 0 0 7 
74 1 22.8537 11.5732 23.2589 0.00265267 2.49901e-04 0.00250395 0.0036563471 0.0 14 22.0253180855 2.3435513656 0 0 1 3 5 3 2 0 0 0 7 
619 1 24.2339 12.093 25.783 -0.00233134 0.00203423 0.0017452 0.0035523177 0.0 13 21.278049567 2.4470984179 0 0 1 2 6 3 1 0 0 0 7 
399 1 4.33325 21.7045 21.6814 0.00318324 0.00256079 -0.005797 0.0070919582 0.0 14 20.1058454459 2.1700854153 0 0 2 2 3 6 1 0 0 0 7 
671 1 2.22271 22.8754 19.9041 -9.14928e-04 -5.24372e-04 9.92408e-04 0.001448079 0.0 14 20.2990507911 2.0891668812 0 0 0 3 6 5 0 0 0 0 6 
657 2 6.01135 23.8414 24.478 -2.02727e-04 -0.00258761 9.46135e-04 0.0027626066 0.0 13 13.7100193043 2.0465325912 0 0 2 3 3 3 1 1 0 0 8 
685 1 4.61559 18.8773 22.6598 -2.81244e-04 -0.0012538 -5.31332e-04 0.001390477 0.0 14 22.6351083592 2.2922583241 0 0 0 0 12 2 0 0 0 0 6 
274 1 5.21269 23.6102 19.7197 0.00166533 0.0034675 -0.00159652 0.0041648237 0.0 16 24.1408820572 2.3021724734 0 0 0 3 7 5 1 0 0 0 7 
946 2 1.95815 23.428 25.415 -0.00119471 -0.00117526 0.00173556 0.0024126203 0.0 14 18.4640649091 2.1374476246 0 0 0 2 8 4 0 0 0 0 6 
942 2 5.83381 26.2172 22.5367 0.00108111 0.00104849 -5.18304e-04 0.0015927238 0.0 16 18.9102288173 2.3021724734 0 0 1 2 8 2 3 0 0 0 7 
333 2 8.85042 24.4316 21.0916 0.00532031 5.30673e-04 -0.00323775 0.006250627 0.0 15 19.7371284745 2.2957162721 0 0 1 5 3 3 2 1 0 0 8 
933 2 4.20623 25.0215 25.2395 9.699e-04 0.00308501 3.73128e-04 0.0032553367 0.0 13 15.3478233924 2.0939177463 0 0 0 4 4 5 0 0 0 0 6 
119 2 6.90192 21.6461 23.6209 -5.94009e-04 -0.00470739 -0.00594846 0.0076089778 0.0 13 15.7167138817 2.2806841905 0 0 0 3 6 4 0 0 0 0 6 
744 2 6.7504 21.6383 26.0747 -0.00131667 9.49466e-04 -6.32779e-05 0.0016245337 0.0 14 13.8309151661 1.8811027355 0 0 0 3 6 5 0 0 0 0 6 
1000 2 4.67405 21.8778 24.5526 -0.00270022 0.00329599 0.0016915 0.0045843113 0.0 16 17.4423535728 2.1309733717 0 0 2 1 7 4 1 1 0 0 8 
520 1 7.56469 25.5868 18.722 -0.00417935 -9.84756e-04 -0.00172588 0.0046276746 0.0 16 24.8173211767 2.3021724734 0 0 1 4 5 3 2 1 0 0 8 
630 2 1.22236 25.5269 26.4895 0.00223069 0.0015497 4.09555e-04 0.0027468679 0.0 15 19.5919924383 2.2128836679 0 0 1 4 3 5 2 0 0 0 7 
892 2 8.34125 21.939 21.0946 -0.00275304 6.82453e-04 5.32746e-05 0.0028368661 0.0 14 21.2049306847 2.2647931383 0 0 0 3 6 5 0 0 0 0 6 
475 1 26.7264 19.2807 25.2079 9.28468e-04 0.00190513 -3.06413e-04 0.0021413692 0.0 15 23.0587895518 2.4773018379 0 0 1 3 5 5 0 1 0 0 8 
31 1 3.98925 21.3186 18.0216 0.00246493 7.63546e-04 0.00103935 0.0027819293 0.0 16 22.7293192067 2.267503547 0 0 0 2 8 6 0 0 0 0 6 
517 2 7.06467 23.5189 22.3611 0.00288015 -0.00159461 0.00175875 0.0037324585 0.0 14 15.6000032255 2.2804675099 0 0 3 2 2 4 3 0 0 0 7 
607 2 4.98181 17.5408 0.398273 -9.77668e-04 -0.00499633 0.0020976 0.0055062759 0.0 14 17.950034569 2.2350992931 0 0 2 2 5 2 3 0 0 0 7 
435 1 3.87153 17.7873 19.0242 0.00132306 -1.45024e-04 -3.4778e-04 0.001375671 0.0 16 21.8700126068 2.2922583241 0 0 1 2 7 4 2 0 0 0 7 
930 1 1.97887 20.9551 23.3737 0.00235266 -0.00226435 0.00369024 0.0049274904 0.0 14 20.5297890661 2.1395700422 0 0 0 2 8 4 0 0 0 0 6 
177 1 3.0653 25.9903 20.3127 0.00104422 0.00131179 -0.00101438 0.0019596314 0.0 14 24.2791317768 2.3017614303 0 0 0 2 8 4 0 0 0 0 6 
374 1 2.6105 18.5073 24.5889 8.55112e-04 0.00124245 0.00216307 0.0026370003 0.0 15 20.9057776732 2.2350992931 0 0 0 1 10 4 0 0 0 0 6 
414 1 2.55033 20.0746 20.1762 9.33419e-04 8.69883e-04 0.00395855 0.0041590967 0.0 13 21.1117322685 2.4136916604 0 0 1 2 6 3 1 0 0 0 7 
902 1 5.88652 19.8182 20.2055 -0.00222507 -0.00189115 -9.33762e-04 0.0030658272 0.0 14 23.5749248936 2.2806841905 0 0 0 4 4 6 0 0 0 0 6 
64 1 3.27291 24.2537 22.5609 -0.00150531 -4.34347e-04 -3.05049e-04 0.0015961424 0.0 15 22.3781783338 2.2686858148 0 0 0 4 5 5 1 0 0 0 7 
784 1 1.29806 18.2062 22.154 -0.00163476 0.00134014 0.00155026 0.0026213969 0.0 15 21.7515374944 2.2922583241 0 0 1 2 8 2 1 1 0 0 8 
214 2 2.53166 20.9161 26.3534 -5.97369e-04 0.00170818 0.00233284 0.0029524348 0.0 14 16.0525924794 2.1864062752 0 0 0 1 10 3 0 0 0 0 6 
112 1 0.610414 23.384 22.333 1.68885e-04 -0.00306078 0.0011452 0.003272366 0.0 13 21.2007820811 2.1939177781 0 0 1 2 5 5 0 0 0 0 6 
900 2 6.34899 26.016 25.5874 0.00113273 -3.43088e-04 0.00174417 0.0021078225 0.0 15 13.2170040189 1.8660152272 0 0 0 4 5 5 1 0 0 0 7 
585 1 0.214154 25.0099 20.1461 -0.00556371 -7.78289e-04 -8.7273e-04 0.005685267 0.0 13 20.2869287694 2.2293384803 0 0 0 4 4 5 0 0 0 0 6 
413 2 6.4153 19.5812 24.8574 -0.00114544 -0.00305272 0.00170148 0.0036777937 0.0 13 18.8583305255 2.2350992931 0 0 0 2 8 3 0 0 0 0 6 
33 1 8.30905 18.1658 22.3453 0.00145745 -0.00212947 2.4889e-04 0.0025924408 0.0 16 24.6696806781 2.2806841905 0 0 0 1 10 5 0 0 0 0 6 
642 1 7.12392 21.8933 18.2146 4.75338e-04 -5.05606e-04 -4.05957e-04 8.0398055159e-04 0.0 13 22.3596370742 2.2957162721 0 0 0 1 10 2 0 0 0 0 6 
845 2 9.19149 21.2961 24.2598 0.00238581 5.73429e-04 2.0361e-04 0.0024621875 0.0 12 15.6801677398 2.2039231275 0 0 0 3 6 3 0 0 0 0 6 
865 2 8.64242 23.5352 25.648 -8.91435e-04 0.00214733 4.26525e-04 0.0023638118 0.0 17 14.8301556583 1.9107887387 0 0 1 3 4 8 1 0 0 0 7 
49 1 1.22352 26.7841 17.6747 0.00157045 0.0041112 0.00424715 0.0061160904 0.0 16 20.8672211606 2.4242199237 0 0 5 1 3 2 3 1 1 0 9 
835 2 7.93286 0.154466 21.8084 -0.00397578 -0.00101359 9.83859e-04 0.0042192618 0.0 13 15.1072829712 2.2149229303 0 0 2 2 5 1 3 0 0 0 7 
987 2 8.81782 26.013 26.1965 -0.00398024 -0.00260474 -7.05015e-04 0.0048087449 0.0 14 12.0874342537 1.8660152272 0 0 2 2 3 6 1 0 0 0 7 
491 2 9.26608 19.1212 25.5509 -0.00237655 3.3327e-04 -0.00169606 0.0029386525 0.0 15 18.8455428225 2.311084052 0 0 0 4 4 7 0 0 0 0 6 
881 2 8.19385 25.2586 23.5957 -0.00167505 0.00139705 -0.00384835 0.0044234985 0.0 12 12.9542118947 1.9349262724 0 0 0 3 6 3 0 0 0 0 6 
407 2 10.5388 25.2766 24.5337 -8.43612e-04 5.56081e-04 -0.0014897 0.0018000315 0.0 13 13.7712294477 2.0870741169 0 0 0 3 6 4 0 0 0 0 6 
833 1 13.6687 20.8876 22.4301 -2.26768e-04 0.00208335 -0.00330622 0.0039144427 0.0 16 22.7781072834 2.3439534578 0 0 1 3 5 5 2 0 0 0 7 
745 1 16.8644 25.5739 22.6433 -0.00470246 -5.55438e-04 -0.00103025 0.004845932 0.0 14 23.675947111 2.3100818499 0 0 0 1 10 3 0 0 0 0 6 
430 2 13.2819 21.6912 25.6631 0.0012767 0.00204317 -0.00219063 0.0032562811 0.0 12 17.7115332316 2.3439534578 0 0 0 4 4 4 0 0 0 0 6 
456 1 12.0882 19.5683 18.9206 -0.00227935 0.00165075 -0.0011688 0.0030473768 0.0 15 22.4971930687 2.2870748732 0 0 0 1 10 4 0 0 0 0 6 
39 1 15.9096 19.4916 21.669 -0.00448071 -0.0026712 -4.14881e-04 0.0052329913 0.0 13 19.9032820621 2.0771019915 0 0 1 0 9 3 0 0 0 0 6 
809 1 13.5064 23.9018 22.8466 0.00134022 0.00426959 -3.18842e-04 0.0044863402 0.0 16 25.5757460027 2.3615676067 0 0 1 1 9 3 2 0 0 0 7 
699 1 12.0759 22.2841 20.4094 -0.00207169 -0.00251137 0.0022662 0.0039666789 0.0 14 22.3067292732 2.2567715946 0 0 0 2 8 4 0 0 0 0 6 
557 2 9.88927 23.1625 23.0549 -0.00297203 -0.00174039 -0.00120061 0.0036473804 0.0 16 17.6022778748 2.3399255024 0 0 1 3 4 7 1 0 0 0 7 
518 1 10.0188 21.9758 18.1938 0.00485083 -0.00130721 -3.05659e-05 0.0050239709 0.0 14 22.1526725342 2.2957162721 0 0 0 2 8 4 0 0 0 0 6 
980 1 17.548 20.9597 18.9175 0.00206456 -3.35764e-04 0.00315309 0.0037837973 0.0 15 22.7471066197 2.2900864398 0 0 1 3 5 4 2 0 0 0 7 
507 1 10.5793 19.9994 21.6044 -9.12961e-05 4.19933e-05 0.00362609 0.0036274822 0.0 15 22.7427294469 2.3399255024 0 0 1 3 4 6 1 0 0 0 7 
549 2 12.5396 -0.210892 24.6996 0.00223938 -0.00315859 0.00249023 0.0046035594 0.0 13 18.311126758 2.3528993023 0 0 0 3 6 4 0 0 0 0 6 
10 2 11.1595 22.8779 24.9905 -0.00102773 -0.00363273 -0.00353482 0.005171838 0.0 13 14.3743403608 2.3399255024 0 0 1 1 9 0 2 0 0 0 7 
415 1 16.0366 22.4801 21.7323 2.75222e-04 -0.00343497 0.00381387 0.0051400749 0.0 14 23.0417511243 2.3248400394 0 0 0 4 4 6 0 0 0 0 6 
608 1 14.4185 18.5499 24.1204 0.00215717 -8.20089e-04 7.61927e-04 0.0024303212 0.0 16 21.6952078386 2.1452735835 0 0 3 2 2 7 1 1 0 0 8 
572 1 11.2547 24.6768 18.6127 0.00336202 -0.00547274 1.92809e-04 0.0064258258 0.0 14 23.6053864889 2.4927470383 0 0 0 2 8 4 0 0 0 0 6 
839 1 16.0434 23.4922 25.5121 -0.00106742 0.00149188 -0.0016539 0.0024699143 0.0 16 23.6540056997 2.3615676067 0 0 1 3 5 5 2 0 0 0 7 
834 1 15.6166 18.54 18.272 0.00263034 0.00591822 0.00303653 0.0071529386 0.0 15 24.5660289521 2.3626105666 0 0 0 4 6 3 2 0 0 0 7 
66 1 13.4196 18.3206 20.9589 0.00241456 3.92885e-05 2.90037e-04 0.0024322346 0.0 13 19.8803182536 2.0933317654 0 0 1 2 5 5 0 0 0 0 6 
536 1 11.7336 25.6997 21.1887 1.64947e-04 -0.00356618 4.44959e-04 0.0035976153 0.0 14 21.4716503739 2.17541907 0 0 1 1 8 3 1 0 0 0 7 
340 1 15.725 0.198628 25.1681 -0.00132408 -0.00200884 -0.00178162 0.0029937929 0.0 16 23.6674496484 2.3615676067 0 0 0 4 4 8 0 0 0 0 6 
976 1 16.5897 20.8996 24.5778 0.00119366 -0.00322356 1.96286e-04 0.0034430643 0.0 14 21.826673577 2.3437233112 0 0 1 1 8 3 1 0 0 0 7 
143 2 12.8351 24.0631 26.1189 0.00156107 -0.00362173 8.3796e-04 0.0040318786 0.0 13 15.551086171 2.3615676067 0 0 0 1 10 2 0 0 0 0 6 
59 1 17.3816 23.9994 19.3428 0.00117989 -8.55309e-04 8.54779e-04 0.0016894795 0.0 15 23.7094112342 2.2417275925 0 0 0 3 6 6 0 0 0 0 6 
554 1 9.25533 19.5771 19.1485 -8.75401e-04 -0.002073 9.9074e-04 0.0024587032 0.0 13 20.4168048621 2.1932040255 0 0 0 1 10 2 0 0 0 0 6 
622 1 15.6686 0.305589 19.4487 0.00119419 -0.00230124 7.65688e-05 0.0025937729 0.0 14 22.9421971116 2.2377936625 0 0 0 0 12 2 0 0 0 0 6 
948 1 10.1663 0.6412 19.2807 7.70794e-04 -7.80236e-04 5.64055e-04 0.0012333084 0.0 17 22.8874310202 2.316802019 0 0 0 5 5 4 3 0 0 0 7 
265 2 11.2663 20.2373 25.1341 0.00151778 -0.00385487 3.83074e-04 0.0041605798 0.0 15 18.6132139492 2.3387730841 0 0 2 2 4 5 2 0 0 0 7 
266 1 17.5853 17.883 23.4236 0.00243608 -0.00124976 -0.00307623 0.0041182007 0.0 15 21.8445945881 2.1672944766 0 0 0 2 8 5 0 0 0 0 6 
71 1 14.7543 21.2604 19.4645 -0.00349066 -1.59048e-04 0.0041314 0.0054109583 0.0 13 22.5519545662 2.2887648108 0 0 0 2 8 3 0 0 0 0 6 
192 1 14.1537 24.5105 20.0112 -0.00203524 -6.16007e-04 -0.00133449 0.002510484 0.0 14 22.6801243833 2.1895504535 0 0 0 1 10 3 0 0 0 0 6 
647 2 9.71137 21.3852 26.9091 -0.0011416 -0.00321041 0.00381758 0.0051170206 0.0 15 14.1204463206 1.9352313363 0 0 1 3 5 4 2 0 0 0 7 
120 1 20.2018 17.8252 24.6265 0.00257508 -0.00119761 0.00202654 0.0034888639 0.0 12 20.2077242334 2.1659004549 0 0 0 2 8 2 0 0 0 0 6 
599 1 21.5119 0.859472 19.0294 4.89112e-04 0.00678761 0.00541855 0.0086989404 0.0 14 20.6002288445 2.2925209022 0 0 0 4 4 6 0 0 0 0 6 
240 1 23.923 23.8149 22.4393 0.00187953 -0.00129892 -0.00101102 0.002498397 0.0 16 23.8648852062 2.1861854631 0 0 0 4 5 6 1 0 0 0 7 
961 1 18.2351 25.4423 25.5136 0.00134685 3.90087e-06 0.0017779 0.0022304593 0.0 14 20.150495095 2.1923197806 0 0 1 4 2 6 1 0 0 0 7 
707 1 25.2309 18.3072 19.6721 0.00130583 -7.88412e-04 -0.00548551 0.0056936461 0.0 16 24.8143637858 2.4181002695 0 0 3 2 5 3 2 0 0 1 10 
903 1 19.3975 24.6593 21.5322 -6.52326e-04 -0.0023992 -0.0033459 0.0041685413 0.0 14 21.9437691109 2.2417275925 0 0 1 1 8 3 1 0 0 0 7 
847 1 23.0101 18.3136 17.6369 0.00325988 0.00102318 -6.0142e-04 0.0034692104 0.0 16 23.4906128449 2.2811535761 0 0 1 2 7 4 2 0 0 0 7 
300 1 25.4441 24.6169 24.6883 4.54743e-04 -3.78772e-04 8.04623e-04 9.988381231e-04 0.0 14 21.8517238547 2.1374476246 0 0 0 1 10 3 0 0 0 0 6 
12 1 24.3481 26.3442 19.6114 -7.21497e-05 -0.00305802 0.00104268 0.0032316982 0.0 13 21.2527142303 2.3566066207 0 0 1 2 6 3 1 0 0 0 7 
958 1 20.1028 22.474 19.14 -0.00518458 9.06233e-05 -3.91637e-04 0.0052001406 0.0 14 21.5362268125 2.2417275925 0 0 1 1 8 3 1 0 0 0 7 
531 1 21.4663 24.5278 23.7745 0.00302884 0.00340988 -0.00159378 0.0048312822 0.0 14 21.2698486182 2.1877385317 0 0 0 3 6 5 0 0 0 0 6 
440 1 22.121 24.3519 19.775 0.00151872 8.92592e-06 8.46032e-04 0.0017384937 0.0 15 23.8124933552 2.5276535599 0 0 0 3 6 6 0 0 0 0 6 
571 1 25.5248 22.7279 19.5855 -0.003084 -0.00264711 0.00137964 0.0042920454 0.0 14 22.9950578378 2.5276535599 0 0 2 4 3 1 3 1 0 0 8 
348 1 19.6853 25.4224 18.2653 0.00250462 -0.00203361 0.00232266 0.0039753541 0.0 14 20.7199955076 2.2125077367 0 0 0 2 8 4 0 0 0 0 6 
272 1 20.8662 19.0865 21.8662 0.00127393 0.0023377 -9.07231e-04 0.0028126157 0.0 14 22.1720112787 2.2346183805 0 0 1 1 8 3 1 0 0 0 7 
730 1 22.8122 21.4389 19.4229 0.00230674 -6.17505e-05 -6.7086e-04 0.0024031054 0.0 16 25.1734913065 2.501251241 0 0 1 3 5 5 2 0 0 0 7 
123 1 24.4506 19.0272 0.808499 -6.0007e-04 2.34322e-04 4.06931e-04 7.6196039487e-04 0.0 14 23.5724875683 2.49288841 0 0 0 2 8 4 0 0 0 0 6 
612 1 23.6125 20.6448 22.009 0.00252124 0.00202104 -0.00163514 0.003621455 0.0 13 23.3609226404 2.3155066779 0 0 1 3 4 4 1 0 0 0 7 
245 1 19.9212 19.7943 1.13995 -0.00150412 -0.00286382 -0.00228751 0.0039618864 0.0 15 21.2548400482 2.1297943131 0 0 0 3 6 6 0 0 0 0 6 
91 1 22.5829 19.077 25.0118 6.54497e-04 0.00194652 1.97293e-04 0.0020630635 0.0 16 23.922088286 2.49288841 0 0 0 4 4 8 0 0 0 0 6 
618 1 22.9494 22.2404 24.6491 -7.80242e-04 -0.00269635 -3.78475e-04 0.0028323708 0.0 13 22.1465506028 2.49288841 0 0 0 3 6 4 0 0 0 0 6 
928 1 21.0651 22.1101 22.3573 -3.57179e-04 9.75026e-04 0.00166603 0.0019631374 0.0 15 21.4206629593 2.2355955759 0 0 1 2 6 5 1 0 0 0 7 
723 1 20.425 19.4006 18.8991 -0.00456675 9.37826e-04 0.00258132 0.0053289714 0.0 14 22.2697847047 2.2355955759 0 0 1 5 2 3 3 0 0 0 7 
652 1 26.1208 21.7906 24.1538 -1.68621e-04 0.00238959 0.00159782 0.0028795142 0.0 16 23.3844336898 2.49288841 0 0 0 4 7 3 1 1 0 0 8 
18 1 18.5094 23.0758 23.7291 9.40393e-05 -0.00361167 -0.005371 0.0064730707 0.0 13 20.2854406168 2.1827050054 0 0 1 2 6 3 1 0 0 0 7 
170 1 18.5976 20.8019 21.9043 4.16673e-04 0.00136708 -1.69564e-04 0.0014391929 0.0 14 21.8396104017 2.2417275925 0 0 0 2 8 4 0 0 0 0 6 
854 1 19.9054 20.7241 24.7589 0.00192759 0.00243627 0.00100539 0.0032652448 0.0 14 21.8174399058 2.1860533248 0 0 0 2 8 4 0 0 0 0 6 
105 1 25.1514 18.5876 22.7637 -3.84877e-04 0.00189209 0.00394996 0.0043966259 0.0 12 21.5306457466 2.3244153489 0 0 0 3 6 3 0 0 0 0 6 
38 1 26.6409 20.6945 21.2414 -0.00145358 0.00137299 -8.46116e-04 0.0021711538 0.0 17 22.3006434301 2.4181002695 0 0 4 2 3 5 1 1 0 1 10 
796 1 18.5438 18.2444 20.4058 -0.0023472 -0.00110941 -9.5549e-04 0.0027664236 0.0 15 21.7681988452 2.1902694646 0 0 1 3 5 4 2 0 0 0 7 
882 1 20.5333 26.8367 25.9642 -0.00179604 0.00141028 0.00136675 0.0026613258 0.0 14 21.6493605651 2.4172661984 0 0 1 3 4 5 1 0 0 0 7 
