# Particles (1000 particles):
# "Particle Identifier" "Particle Type" Position.X Position.Y Position.Z Velocity.X Velocity.Y Velocity.Z "Velocity Magnitude" Centrosymmetry Coordination "Atomic Volume" "Cavity Radius" "Voronoi Index.1" "Voronoi Index.2" "Voronoi Index.3" "Voronoi Index.4" "Voronoi Index.5" "Voronoi Index.6" "Voronoi Index.7" "Voronoi Index.8" "Voronoi Index.9" "Max Face Order"
515 2 4.21606 0.457037 2.07123 0.00132511 -0.00435351 -1.82133e-04 0.0045543538 0.0 12 12.9387989948 1.9661298323 0 0 0 3 6 3 0 0 0 6 
285 2 7.81078 2.40812 4.59418 0.00246406 -9.28927e-04 -6.41088e-04 0.0027102566 0.0 16 15.7319371522 2.2873838859 0 0 0 2 9 4 1 0 0 7 
533 1 6.07365 3.34239 9.0517 0.00185117 -0.00184896 0.00128896 0.0029166593 0.0 15 22.1741003583 2.4740336945 0 0 3 1 4 5 1 1 0 8 
719 1 2.30125 7.54687 3.78343 -0.00317249 -0.00356686 0.00119142 0.0049200269 0.0 17 23.3042686466 2.2266165014 0 0 1 4 4 5 3 0 0 7 
895 2 3.17496 4.61582 4.35086 0.00447827 0.00387618 -7.77261e-04 0.0059735926 0.0 15 16.365953237 2.2442222489 0 0 1 4 4 3 3 0 0 7 
967 1 7.04932 5.96296 5.05317 -0.00110184 9.64861e-04 0.0026696 0.0030449585 0.0 15 20.525393969 2.2442222489 0 0 0 5 3 6 1 0 0 7 
249 2 4.05577 1.26611 8.45792 8.59373e-05 -0.00563246 0.00413783 0.006989537 0.0 16 18.0837594518 2.4740336945 0 0 3 4 1 3 4 1 0 8 
817 1 4.88459 5.16665 7.20684 -0.00141695 0.00250922 0.00159566 0.0032939434 0.0 15 23.3234325928 2.3425071012 0 0 3 2 3 3 4 0 0 7 
871 2 3.84095 2.75132 1.61212 0.00262539 0.00389016 -2.88371e-04 0.0047020395 0.0 14 13.0832335674 2.0805429918 0 0 0 3 6 5 0 0 0 6 
131 1 3.04017 6.92633 9.07792 0.00192004 4.13385e-04 9.28819e-04 0.0021725896 0.0 16 23.468658196 2.3393106459 0 0 1 1 7 7 0 0 0 6 
494 2 6.3466 2.63767 6.17508 0.003122 5.10822e-04 -3.5968e-05 0.0031637188 0.0 15 17.3631532639 2.1233401703 0 0 1 4 3 5 2 0 0 7 
9 2 1.49591 2.27555 4.94544 -2.32581e-05 0.00223352 0.00264635 0.003462993 0.0 15 12.8969673517 1.9700347432 0 0 0 3 7 4 1 0 0 7 
378 2 5.38992 3.9865 3.42008 -8.74549e-04 -0.00212284 0.00407101 0.0046738002 0.0 13 14.6817414188 2.1679138295 0 0 1 3 4 4 1 0 0 7 
11 2 3.78997 2.48159 4.1997 -0.00312069 -5.93766e-04 -7.59708e-05 0.0031775833 0.0 14 12.6859895943 2.1169728917 0 0 1 3 4 5 1 0 0 7 
487 2 6.37139 2.46691 1.88475 0.00145431 2.57034e-04 0.00114882 0.0018710616 0.0 14 13.0251168938 1.8759735255 0 0 0 2 8 4 0 0 0 6 
291 2 3.70602 5.51842 2.13597 0.00171971 -1.72784e-04 0.00260959 0.0031300506 0.0 14 17.9215149806 2.2419898236 0 0 2 3 3 4 1 1 0 8 
737 2 1.84422 1.67044 2.41228 9.31237e-05 0.00313416 0.00103872 0.0033031152 0.0 12 13.407227739 2.0353857352 0 0 0 2 8 2 0 0 0 6 
297 2 7.0175 4.86374 2.10101 5.86271e-04 -1.93736e-04 -2.27063e-04 6.5787911436e-04 0.0 13 14.37307463 2.0179650624 0 0 1 0 9 3 0 0 0 6 
896 1 26.6779 6.15472 1.7032 -9.53507e-05 -9.67536e-04 0.00172703 0.0019818805 0.0 14 22.7930638135 2.2217450309 0 0 0 2 8 4 0 0 0 6 
200 1 4.24006 8.02562 0.180897 -0.00151635 -0.00188769 -0.00173303 0.002977597 0.0 15 23.1317227191 2.200316098 0 0 0 3 7 4 1 0 0 7 
638 2 1.74497 3.82991 2.73434 -9.35261e-04 -0.00257055 -4.54595e-04 0.0027729221 0.0 13 15.3633748614 2.25425521 0 0 0 4 4 5 0 0 0 6 
341 2 1.50316 4.00784 8.4981 0.00103075 0.00592593 -2.31312e-05 0.0060149503 0.0 15 15.6488243338 2.172297009 0 0 1 4 4 3 3 0 0 7 
126 2 2.45153 25.6422 6.41092 0.00253876 -0.00139842 -4.90185e-04 0.0029395854 0.0 14 13.5742592098 1.9700347432 0 0 1 3 5 3 2 0 0 7 
729 2 0.330121 3.08281 6.63878 -0.00161297 -0.00205039 -0.00123752 0.0028874257 0.0 12 13.4538914738 1.9542464838 0 0 1 2 5 4 0 0 0 6 
137 2 -0.0695903 26.8606 2.47347 -0.00169557 3.88807e-04 0.00118127 0.0021027428 0.0 14 18.119656873 2.3418923936 0 0 0 3 6 5 0 0 0 6 
962 1 4.78095 8.07819 5.7779 0.00216222 0.00194744 0.00172224 0.0033813945 0.0 16 24.3736656077 2.2815409434 0 0 0 2 8 6 0 0 0 6 
807 1 5.55316 7.41165 3.10814 -5.68917e-04 9.4995e-04 -0.00299997 0.0031977948 0.0 14 19.9252827011 2.2442222489 0 0 1 1 8 3 1 0 0 7 
579 2 6.6729 26.0723 8.5419 -0.00298683 -6.76385e-05 3.06224e-05 0.0029877527 0.0 15 15.6629755202 2.4640157421 0 0 3 2 4 2 3 1 0 8 
593 2 25.9652 6.68143 4.8506 -2.0823e-04 3.9384e-04 6.82464e-04 8.1500109803e-04 0.0 14 17.5844191755 2.2858037889 0 0 0 3 6 5 0 0 0 6 
749 2 1.86115 5.2043 6.51845 -0.00642424 -0.00317576 -0.00418938 0.008301037 0.0 14 16.2756211413 2.2815409434 0 0 0 3 6 5 0 0 0 6 
994 2 27.1093 5.80881 9.49366 0.00241566 -1.78204e-04 0.00121354 0.0027092156 0.0 14 16.7840334673 2.1994454961 0 0 0 5 2 7 0 0 0 6 
919 2 0.935056 0.487577 7.63275 0.00281176 0.00331055 3.01361e-04 0.0043539125 0.0 17 14.3197335821 1.9700347432 0 0 1 3 6 5 1 1 0 8 
233 2 2.24585 9.40172 6.77107 -0.00146882 0.0018241 7.13404e-04 0.0024482072 0.0 14 17.2009202236 2.2725681685 0 0 1 4 3 5 0 1 0 8 
940 2 0.683507 7.37459 6.69563 0.00103747 3.20096e-04 -0.0038779 0.004027023 0.0 13 15.0020770109 2.2815409434 0 0 1 3 4 4 1 0 0 7 
23 2 2.95705 2.73824 6.86186 0.0018466 -0.00264084 -0.00338145 0.0046709926 0.0 14 15.9946795858 2.172786328 0 0 1 4 4 2 3 0 0 7 
574 1 8.2029 7.87542 3.19216 0.00247769 -5.01531e-04 3.04373e-04 0.002546198 0.0 15 20.3743283125 2.1709046755 0 0 0 5 3 6 1 0 0 7 
780 1 8.27296 8.06262 6.54609 0.00195178 0.00195331 -0.00106204 0.0029585121 0.0 13 22.24735823 2.1911278429 0 0 0 5 2 6 0 0 0 6 
83 2 8.88031 3.00775 1.58578 -8.39219e-04 -0.00165009 0.00108657 0.00214656 0.0 13 16.546538448 2.0703648337 0 0 1 2 6 3 1 0 0 7 
14 1 7.94612 4.98997 7.52246 5.50963e-05 0.00142404 0.00280572 0.0031469017 0.0 15 22.7611492587 2.4612691767 0 0 0 4 5 5 1 0 0 7 
482 2 7.62633 1.04961 7.22007 -0.00163126 -0.00350882 0.00275238 0.0047485179 0.0 13 13.1012494415 2.0762897094 0 0 2 2 5 1 3 0 0 7 
223 1 9.37081 6.65186 9.14535 -0.00170409 5.11178e-04 -3.90654e-04 0.0018214929 0.0 17 23.2588434141 2.2119906216 0 0 2 3 5 4 1 2 0 8 
818 2 10.9548 9.20172 9.43511 -0.00115486 9.31567e-04 0.00445314 0.004693823 0.0 13 13.3009301574 2.2119906216 0 0 1 4 2 5 1 0 0 7 
497 2 13.3011 5.5581 8.26525 0.00226427 0.00127577 -9.75004e-04 0.0027758135 0.0 13 15.6055455762 2.1560028089 0 0 1 3 5 2 2 0 0 7 
668 2 9.37352 2.19546 8.07835 -0.00140992 0.00115279 0.00159203 0.0024189582 0.0 14 16.2584605211 2.4048402779 0 0 1 4 4 2 3 0 0 7 
973 2 15.6027 5.1463 7.49007 -0.00265835 0.00218453 -7.25907e-04 0.0035165234 0.0 15 16.9291223712 2.3811485949 0 0 0 4 5 5 1 0 0 7 
777 2 9.7872 1.59992 5.6941 0.00138961 -0.00142227 -0.00406607 0.0045262339 0.0 16 15.5455792821 2.4612691767 0 0 1 3 4 7 1 0 0 7 
553 1 13.8701 9.00738 4.24658 -0.0015029 0.00472261 0.0023665 0.0054920011 0.0 15 21.4451692875 2.1853558741 0 0 0 4 4 7 0 0 0 6 
700 2 12.8106 1.97293 9.76396 0.00134903 9.19572e-04 -0.00206998 0.0026363444 0.0 16 15.738667192 2.1839488908 0 0 2 3 3 6 1 1 0 8 
803 1 16.0222 10.2354 25.9745 -0.00138195 0.00131029 7.29199e-04 0.0020392099 0.0 16 24.0339252935 2.2999396832 0 0 0 4 4 8 0 0 0 6 
968 1 17.0987 2.8999 2.74447 -0.00272283 6.91341e-04 -9.47527e-04 0.0029647197 0.0 15 22.0520175059 2.3354176421 0 0 0 2 8 5 0 0 0 6 
454 1 14.4955 1.94871 0.600731 0.00472029 0.00131009 -0.00305061 0.0057709354 0.0 14 22.6498826008 2.3688541141 0 0 0 1 10 3 0 0 0 6 
219 1 16.2438 4.92752 4.62974 0.00163685 0.0037617 -0.00222913 0.0046689062 0.0 14 22.1454590909 2.379684602 0 0 1 2 6 4 1 0 0 7 
239 2 10.0606 1.69856 3.12808 0.00360093 -0.00123469 6.9135e-04 0.0038689948 0.0 14 14.9581041733 2.1700251579 0 0 0 4 5 4 1 0 0 7 
509 1 10.501 8.65044 1.70375 -0.00150017 0.00283136 7.38462e-04 0.0032882268 0.0 13 20.7079482002 2.3603851373 0 0 0 4 4 5 0 0 0 6 
805 1 15.9897 8.23222 5.90756 0.00544069 0.00404134 7.52911e-04 0.006819121 0.0 15 22.4158830775 2.3522925691 0 0 0 4 4 7 0 0 0 6 
926 1 13.9131 6.31902 5.34371 -0.00314755 5.44926e-04 -5.37877e-04 0.0032393405 0.0 15 21.9513684262 2.262521348 0 0 1 4 3 5 2 0 0 7 
352 1 11.9287 6.59588 3.28459 -1.02208e-04 -0.0018251 0.00248449 0.0030844979 0.0 13 22.0083575829 2.1903367573 0 0 0 3 6 4 0 0 0 6 
122 1 9.37047 4.96369 4.03832 -1.37711e-04 8.69014e-04 0.00355539 0.0036626422 0.0 15 21.5394821937 2.4599291238 0 0 2 1 6 5 0 1 0 8 
898 1 16.5297 1.91929 5.5243 -0.00407003 8.83424e-04 7.10185e-04 0.0042249195 0.0 16 22.2756323203 2.3521112526 0 0 1 3 6 3 3 0 0 7 
770 1 17.0398 1.30857 0.0766884 -0.00488692 -0.00388964 -0.00424368 0.0075511659 0.0 14 21.7904217626 2.3354176421 0 0 0 0 12 2 0 0 0 6 
22 2 12.4428 8.77474 7.20595 0.00117698 -0.00324843 -0.00151556 0.0037728638 0.0 15 19.0839905384 2.2035254694 0 0 1 2 6 5 1 0 0 7 
584 2 12.2692 4.35481 10.7485 0.00117828 1.93282e-04 0.00339526 0.003599096 0.0 14 18.0775194505 2.2112441745 0 0 1 2 6 4 1 0 0 7 
212 2 16.9306 6.58773 8.70062 0.0018651 -8.48645e-04 -0.00221877 0.0030202213 0.0 13 16.2335739566 2.3440461007 0 0 0 4 5 3 1 0 0 7 
625 2 17.4828 26.9015 8.49082 -0.00375461 0.00219921 -8.23911e-04 0.0044285946 0.0 15 20.3927663618 2.352657967 0 0 1 4 3 5 2 0 0 7 
394 2 10.2071 26.1668 3.18781 0.00286811 -0.0011489 -0.00413428 0.0051612302 0.0 13 11.5985179398 1.8109592119 0 0 0 4 4 5 0 0 0 6 
312 1 14.5939 5.27434 2.22432 0.00166428 0.00167772 0.00126774 0.0026817414 0.0 16 24.2088419375 2.2788605716 0 0 0 2 8 6 0 0 0 6 
660 2 11.6536 0.683815 1.66828 -0.00155186 0.0012169 8.27987e-04 0.0021388496 0.0 13 17.1270510874 2.1850118183 0 0 1 3 4 4 1 0 0 7 
42 1 10.4849 6.35802 6.19309 0.0020767 7.31294e-04 -6.8718e-04 0.0023064454 0.0 17 23.2764414889 2.4612691767 0 0 3 3 3 4 2 2 0 8 
221 2 13.6202 0.729131 6.27824 -9.70283e-04 -0.00134227 0.00306402 0.0034830097 0.0 15 17.1474288673 2.2357269953 0 0 2 3 3 5 1 1 0 8 
843 2 12.0102 0.431244 4.28962 -0.00184801 2.95421e-04 9.56118e-04 0.0021015652 0.0 13 14.9044983948 2.2189279528 0 0 1 2 6 3 1 0 0 7 
829 1 11.9782 3.90012 4.86217 -5.50743e-04 0.00157202 1.23333e-04 0.0016702622 0.0 16 23.2462161451 2.4362610958 0 0 1 3 7 2 2 1 0 8 
459 2 11.6894 3.91344 7.8867 9.7683e-04 1.21341e-04 -0.00128624 0.0016196709 0.0 15 19.6626062605 2.4612691767 0 0 2 1 5 6 1 0 0 7 
535 1 10.6287 9.04632 4.66264 -9.64259e-04 0.00308378 -0.00400037 0.0051422227 0.0 15 21.8337396728 2.2013003508 0 0 1 2 7 3 2 0 0 7 
495 1 14.2196 2.46089 3.45221 -0.00330523 0.00207071 0.00376228 0.0054191453 0.0 16 23.3865322212 2.2681271435 0 0 1 3 5 6 0 1 0 8 
471 2 11.5996 1.48127 7.44982 -0.0021769 -0.00149739 -0.00102216 0.0028329987 0.0 11 12.9498528243 2.0373775863 0 0 0 4 4 3 0 0 0 6 
161 2 15.3382 1.10826 8.48103 -0.00189862 0.00147635 -0.00131853 0.0027427885 0.0 13 15.6056890021 2.150487015 0 0 1 3 4 4 1 0 0 7 
366 1 16.1213 8.00822 2.53683 0.00547158 7.54061e-04 0.00124314 0.0056614656 0.0 13 21.3000487131 2.2999396832 0 0 0 2 8 3 0 0 0 6 
609 1 16.0384 -0.0194665 2.74669 4.47157e-05 -3.24012e-04 1.88876e-04 3.7770016329e-04 0.0 15 23.2212693425 2.3688541141 0 0 1 1 8 4 1 0 0 7 
309 1 11.8047 4.15162 1.77616 0.00124552 -0.00129433 -2.08665e-04 0.001808356 0.0 15 23.5626600647 2.1825905781 0 0 0 1 10 4 0 0 0 6 
637 2 14.1587 2.99258 7.14363 0.00167555 -0.00154174 0.00119725 0.0025725158 0.0 14 17.901874318 2.2681271435 0 0 0 4 5 4 1 0 0 7 
562 1 23.4556 6.54593 1.28949 9.32588e-04 -4.31043e-04 -0.00144072 0.0017695176 0.0 14 22.9546192106 2.3706126034 0 0 0 2 8 4 0 0 0 6 
98 2 25.8026 1.48975 8.37904 -0.00416554 -0.0025595 -0.00144664 0.0050985813 0.0 15 13.3006943755 1.9288208925 0 0 2 2 5 4 1 1 0 8 
975 2 26.8371 8.34909 8.90537 -0.00109559 0.0032674 -0.00100939 0.0035909732 0.0 13 16.6566665657 2.1264269112 0 0 1 2 6 3 1 0 0 7 
425 2 19.4778 1.41598 9.54466 0.00377085 0.00135813 -9.61892e-04 0.0041217791 0.0 14 18.3444547409 2.352657967 0 0 1 1 8 3 1 0 0 7 
58 2 24.7473 8.27344 6.65005 0.00153684 -7.06912e-04 -2.51139e-04 0.0017101674 0.0 15 14.6145731002 2.2633575633 0 0 1 4 2 7 1 0 0 7 
15 2 21.0856 6.10791 7.9656 -0.00158841 1.77263e-04 -6.69862e-04 0.0017329696 0.0 11 14.4831520751 2.2747471389 0 0 0 3 6 2 0 0 0 6 
342 2 0.105536 26.841 4.98806 0.00155711 3.11751e-05 -0.00150416 0.002165193 0.0 14 14.4631418995 1.9786324068 0 0 1 3 5 3 2 0 0 7 
653 1 21.1288 8.57326 0.0496101 -0.00332751 -0.00111454 -0.00140087 0.0037784863 0.0 15 23.2523926761 2.3489906699 0 0 2 1 6 4 2 0 0 7 
231 2 23.548 1.01613 6.71445 -0.00177116 -0.00166215 0.00109876 0.0026659002 0.0 13 18.1584636137 2.1579266476 0 0 0 5 2 6 0 0 0 6 
196 2 -0.320229 2.22957 3.26819 -0.00243876 -5.54027e-04 0.00284792 0.0037901378 0.0 11 15.3179238946 2.297093178 0 0 0 3 6 2 0 0 0 6 
213 2 22.4936 7.48724 6.853 1.80045e-04 0.00359329 1.29198e-04 0.0036001169 0.0 14 15.0039677455 2.1227839303 0 0 1 4 4 3 1 1 0 8 
617 1 21.621 -0.376077 4.17637 0.00257897 -0.00306404 0.00475971 0.0062204716 0.0 15 21.3396069664 2.2175305194 0 0 1 3 5 4 2 0 0 7 
85 1 19.6668 4.00365 2.80658 -0.00118109 0.00379087 0.00115872 0.0041362182 0.0 12 20.6005232487 2.4211129263 0 0 0 2 8 2 0 0 0 6 
665 2 23.5771 2.68567 8.96372 -0.00142439 9.531e-04 0.00260207 0.0031157751 0.0 15 15.2526221004 2.2538442402 0 0 3 4 1 3 3 0 1 9 
588 2 25.5324 4.16633 8.96908 -0.00216154 0.00409055 -4.32496e-04 0.0046467093 0.0 15 14.2220726243 1.9807549214 0 0 2 3 3 5 1 1 0 8 
277 2 24.5713 6.75671 8.92438 0.00100607 -0.00111726 0.00478133 0.0050121416 0.0 15 15.9110783364 2.1228599096 0 0 3 3 2 3 3 1 0 8 
147 1 18.1102 6.99667 4.23496 0.0032457 8.82937e-04 6.63166e-04 0.0034284013 0.0 13 20.9418425427 2.3811485949 0 0 0 1 10 2 0 0 0 6 
276 1 20.4357 8.58095 3.9674 -0.00191073 0.00122132 5.21049e-04 0.0023268012 0.0 13 20.0300267401 2.1046836551 0 0 1 0 9 3 0 0 0 6 
19 1 20.5811 1.30124 1.64039 0.00235932 -0.00390376 -0.00275539 0.0053289687 0.0 14 22.2108691309 2.3354176421 0 0 0 0 12 2 0 0 0 6 
364 2 23.9977 3.49058 6.6354 -6.57806e-04 -2.93204e-04 -5.59972e-04 9.1227515588e-04 0.0 14 16.2379222031 2.0978338508 0 0 0 2 8 4 0 0 0 6 
691 2 23.1054 7.30342 4.08219 -0.00188394 -0.00241442 1.97139e-04 0.0030687974 0.0 13 19.9873439047 2.4414939129 0 0 0 1 10 2 0 0 0 6 
449 1 19.1112 7.77607 6.54769 -0.00454045 -9.77727e-04 0.00274471 0.0053949114 0.0 16 22.3445222428 2.3811485949 0 0 0 3 6 7 0 0 0 6 
879 2 26.2382 5.43312 7.00561 0.00115832 0.0033786 -3.54108e-04 0.0035891553 0.0 14 13.5049976251 1.9643029929 0 0 1 3 4 5 1 0 0 7 
559 2 23.8403 5.70569 5.50757 -2.49775e-04 -5.14923e-04 -0.00374578 0.0037892481 0.0 12 15.8007023844 2.2411289628 0 0 2 2 2 6 0 0 0 6 
339 1 19.3099 1.75911 4.40269 -0.00200887 2.41111e-04 5.29378e-04 0.0020913953 0.0 13 20.9178523787 2.2966065431 0 0 0 3 6 4 0 0 0 6 
371 2 27.0737 4.44853 4.6369 0.00380517 8.87336e-04 1.99269e-04 0.0039123384 0.0 14 16.0263006146 2.1297730171 0 0 0 2 8 4 0 0 0 6 
846 1 21.9758 2.72295 4.09514 -0.00451273 0.00290156 -6.67324e-04 0.0054063947 0.0 15 21.7130841836 2.4605086631 0 0 2 2 5 3 3 0 0 7 
395 2 25.2034 1.63223 5.15089 -9.0738e-04 0.00386408 9.51676e-04 0.0040816835 0.0 16 17.1638675067 2.2175305194 0 0 0 4 5 6 1 0 0 7 
781 1 21.0646 2.91933 6.65678 -0.0015163 -0.00144355 0.00249668 0.0032582838 0.0 15 22.6166268694 2.3152407461 0 0 1 3 4 6 1 0 0 7 
623 1 23.8523 1.07249 1.92974 -0.00112273 -1.60448e-04 0.00134313 0.0017579148 0.0 15 23.6675990546 2.4336913532 0 0 0 2 8 5 0 0 0 6 
978 1 18.2147 3.81543 6.54114 0.00119074 0.00120069 0.0010274 0.0019786533 0.0 17 24.1194918827 2.3811485949 0 0 0 4 5 7 1 0 0 7 
258 2 23.129 5.32844 7.96577 0.00132483 0.00324963 0.00175085 0.0039218293 0.0 15 13.3011256829 2.053700439 0 0 1 4 3 6 0 1 0 8 
704 1 24.2886 4.10999 2.99778 -2.40926e-04 0.00311715 2.80964e-04 0.0031390461 0.0 17 23.9268966787 2.4605086631 0 0 0 3 7 6 1 0 0 7 
198 1 20.7577 5.43042 5.2086 0.00409726 -9.09492e-04 0.00142792 0.0044332461 0.0 16 22.8022732371 2.4605086631 0 0 0 3 7 5 1 0 0 7 
666 1 20.5124 6.51928 1.89898 -0.00241799 0.00140604 0.00259246 0.0038137217 0.0 16 22.4100879509 2.4605086631 0 0 1 4 3 6 2 0 0 7 
878 1 17.8054 5.99237 1.41222 0.00119424 -4.71955e-04 -0.00458614 0.0047625236 0.0 15 21.22933189 2.3489906699 0 0 1 2 7 3 2 0 0 7 
234 1 7.86599 17.2902 2.24344 0.00382119 -5.51574e-04 -0.00250413 0.0046017816 0.0 17 23.3760760305 2.3865030825 0 0 0 4 6 5 2 0 0 7 
687 2 3.02435 17.6374 0.121077 0.00490754 0.00143281 -0.0040903 0.0065473237 0.0 15 19.2535918717 2.4653916425 0 0 1 4 3 5 2 0 0 7 
296 1 5.11291 16.3956 8.17005 6.24322e-04 0.00216992 -0.00181415 0.0028964584 0.0 15 23.3655257103 2.3342149255 0 0 1 3 5 4 2 0 0 7 
332 2 3.78896 9.90476 8.79276 9.69408e-05 2.34087e-04 2.96044e-04 3.8966176642e-04 0.0 15 18.4528658341 2.1171399014 0 0 1 3 5 4 2 0 0 7 
136 2 1.3957 14.2963 6.14974 0.00361448 0.0046679 -0.00144015 0.0060768238 0.0 12 15.0811819772 2.255189373 0 0 1 2 5 4 0 0 0 6 
576 1 3.72071 14.6481 0.489625 -0.00192658 0.00150819 -0.00179011 0.00303164 0.0 16 22.3341851461 2.1914394473 0 0 2 1 7 3 3 0 0 7 
537 1 6.94275 9.69765 1.47218 0.00349156 0.00475835 -6.12477e-04 0.0059336341 0.0 15 22.4198458391 2.3603851373 0 0 0 2 8 5 0 0 0 6 
110 1 6.63711 16.8733 5.00972 0.00324893 0.00549269 0.00391665 0.007487679 0.0 16 23.7150658695 2.2310432576 0 0 0 4 6 4 2 0 0 7 
235 1 9.13253 11.0584 2.56437 -3.61695e-04 -0.00185305 6.64138e-04 0.0020014237 0.0 15 22.6203833519 2.3596127689 0 0 1 2 6 5 1 0 0 7 
598 1 0.910658 10.855 2.81315 -0.00121379 0.00164175 -2.89827e-04 0.0020621903 0.0 13 20.9964144111 2.2270538835 0 0 1 2 6 3 1 0 0 7 
350 1 2.75653 17.2947 6.293 -3.39049e-04 0.00126067 0.00281035 0.0030987595 0.0 16 23.5762155396 2.3018187967 0 0 0 3 8 3 2 0 0 7 
470 2 2.80411 12.7088 8.03334 0.00311631 8.76131e-04 0.00217175 0.0038981395 0.0 14 16.3742014984 2.3342149255 0 0 1 5 1 5 2 0 0 7 
872 2 2.11954 11.8938 5.62716 0.00220186 -0.00299994 -0.00192817 0.0041911415 0.0 14 16.7034285463 2.1644243963 0 0 2 2 3 6 1 0 0 7 
692 2 25.8712 15.1946 2.83785 -0.00245092 -0.00368876 -0.00169257 0.0047411763 0.0 13 18.8169983004 2.3770729139 0 0 0 1 10 2 0 0 0 6 
766 1 1.39821 8.41791 1.31101 -0.00198547 -0.00109568 4.61226e-04 0.0023141597 0.0 14 20.0848236635 2.1452592868 0 0 1 3 4 5 1 0 0 7 
856 1 6.60397 9.90332 4.2002 7.04847e-04 -0.0013067 0.00334774 0.0036621902 0.0 16 21.2515746796 2.239557089 0 0 2 4 2 5 2 1 0 8 
106 2 1.29098 14.6947 8.5142 0.00146625 8.41716e-04 -0.0015662 0.0023046382 0.0 15 17.6418534237 2.3342149255 0 0 1 3 6 2 3 0 0 7 
795 2 25.905 14.3746 7.41052 -0.00528976 0.00185214 -6.2979e-04 0.005639913 0.0 14 13.3446015289 1.9230097058 0 0 0 3 6 5 0 0 0 6 
351 2 1.60425 15.2721 3.86619 -0.00183117 2.69512e-04 -0.00291308 0.0034513556 0.0 13 15.9438496747 2.241686566 0 0 2 2 4 4 0 1 0 8 
722 2 0.384093 17.6632 3.60196 0.00215944 -0.00314305 0.00363673 0.0052695113 0.0 14 15.8700512643 2.2243694445 0 0 0 2 8 4 0 0 0 6 
567 2 3.45449 16.732 2.87346 7.8378e-04 0.00241247 9.0399e-04 0.0026928647 0.0 14 17.1882895773 2.1202592525 0 0 1 4 3 4 2 0 0 7 
3 2 0.227137 9.28489 5.24532 -0.00136551 -0.00224901 7.28914e-04 0.0027301976 0.0 14 17.1535915787 2.2604579668 0 0 1 3 6 1 3 0 0 7 
629 1 8.19147 14.0495 4.11964 -0.00495134 -0.00302709 0.00465498 0.0074396156 0.0 16 22.5697497586 2.239557089 0 0 1 4 3 7 0 1 0 8 
983 1 7.30854 15.0923 7.19329 0.00118577 0.00112127 3.8157e-04 0.0016759751 0.0 15 21.3842813375 2.2341140045 0 0 1 3 4 6 1 0 0 7 
859 1 3.31616 13.0846 3.22511 0.00469667 -0.00421884 8.52125e-04 0.0063705131 0.0 15 21.5945994002 2.241686566 0 0 2 2 6 2 2 1 0 8 
798 1 3.86745 9.99939 3.41565 -2.94866e-04 -0.00361541 -0.00135928 0.0038737292 0.0 16 22.5780469733 2.1726856989 0 0 0 2 9 4 1 0 0 7 
914 1 5.89898 12.119 2.14694 0.00346437 0.00110099 0.00124815 0.0038434252 0.0 12 20.0160800212 2.2311721067 0 0 0 3 6 3 0 0 0 6 
757 1 5.86819 15.0117 2.77848 0.00277141 -0.00187015 -0.00443156 0.005551297 0.0 12 20.8643242445 2.1910500753 0 0 0 2 8 2 0 0 0 6 
321 2 7.77284 12.3494 7.42528 0.00260856 -1.49705e-04 0.00275417 0.0037963732 0.0 12 16.203998185 2.155254994 0 0 1 5 1 3 2 0 0 7 
607 2 1.41497 16.2313 1.73313 1.42202e-05 0.0045715 -0.00204203 0.0050068654 0.0 13 16.2935575389 2.1571782424 0 0 1 2 5 5 0 0 0 6 
472 1 0.721783 13.3166 0.723982 0.00254356 1.0291e-04 7.36507e-04 0.0026500435 0.0 14 22.7955433664 2.3178839681 0 0 0 1 10 3 0 0 0 6 
810 1 3.26775 11.1769 0.936318 -0.00109935 9.3201e-04 0.00374162 0.0040096051 0.0 14 21.7381901525 2.1767929654 0 0 0 1 10 3 0 0 0 6 
764 1 4.41563 15.1255 5.47007 0.00224514 -0.00313457 0.00144906 0.0041189753 0.0 17 22.7652802478 2.3342149255 0 0 1 4 4 5 3 0 0 7 
187 2 4.15974 11.173 6.89221 -0.0024048 0.00116751 0.00117892 0.0029216425 0.0 12 16.0203535859 2.1651172672 0 0 1 2 5 4 0 0 0 6 
104 2 6.5087 10.51 7.58576 -0.003561 -6.87432e-04 -9.90085e-04 0.0037594617 0.0 14 18.9681282402 2.1745558955 0 0 0 4 5 4 1 0 0 7 
680 1 5.67878 12.6087 4.88576 -3.58381e-04 0.00153881 -6.62966e-06 0.0015800054 0.0 15 21.634297163 2.239557089 0 0 2 4 3 3 1 2 0 8 
853 2 5.64618 12.925 8.35612 -7.73238e-05 0.00116313 -7.60753e-05 0.0011681771 0.0 15 20.525038885 2.3074414763 0 0 0 3 6 6 0 0 0 6 
905 2 9.27678 11.7032 5.4321 0.00221362 -0.00275873 0.00252398 0.004345248 0.0 14 20.5968518059 2.2392996764 0 0 1 4 3 4 2 0 0 7 
590 2 10.258 10.1637 7.30887 0.00231095 -6.28591e-04 0.00128476 0.002717761 0.0 13 15.3363277824 2.2119906216 0 0 0 4 4 5 0 0 0 6 
382 1 12.057 17.5689 6.13167 0.00268341 -0.0019959 0.0030293 0.0045123125 0.0 16 23.8119672637 2.3378954359 0 0 1 3 5 5 2 0 0 7 
128 1 11.0512 13.4115 3.54827 -0.00279238 4.32241e-04 -0.00396211 0.0048664704 0.0 15 22.6106546766 2.1916550071 0 0 1 2 7 3 2 0 0 7 
452 1 9.88847 15.6988 1.16625 0.00287739 0.00202319 0.00427225 0.005533967 0.0 13 22.1543823758 2.3658966137 0 0 0 5 3 4 1 0 0 7 
858 1 12.4693 14.6191 8.61432 -0.005037 8.50072e-04 4.68619e-05 0.0051084428 0.0 14 22.5492420732 2.1923250736 0 0 0 2 8 4 0 0 0 6 
841 1 15.6294 14.7088 5.65229 -8.64366e-04 8.44429e-04 0.0018028 0.0021703172 0.0 13 21.7292839901 2.2950372105 0 0 0 2 8 3 0 0 0 6 
788 2 12.2392 11.5048 8.87085 0.00174924 -2.11854e-04 8.40427e-04 0.0019521886 0.0 13 15.6729555567 2.1248403575 0 0 0 3 6 4 0 0 0 6 
791 2 15.4903 17.2898 0.459155 7.25947e-05 -0.00284701 0.00275802 0.0039645189 0.0 13 17.4437928614 2.210526822 0 0 1 2 7 1 2 0 0 7 
804 1 10.2698 14.8732 6.48278 -0.00108504 0.00138157 0.00120734 0.0021315997 0.0 15 22.5859121311 2.2258231239 0 0 0 3 6 6 0 0 0 6 
850 1 10.0262 16.4736 3.95484 -7.78593e-04 -0.00422241 -0.00401813 0.0058805035 0.0 13 23.2794476071 2.2490828309 0 0 0 3 6 4 0 0 0 6 
28 1 7.9194 13.7091 1.05258 -9.80997e-06 -0.00436863 5.79818e-04 0.0044069506 0.0 15 21.6947502501 2.2322294198 0 0 0 5 3 6 1 0 0 7 
100 2 10.0702 12.332 8.64752 6.27373e-04 -3.81942e-04 9.12682e-04 0.0011715225 0.0 14 15.698113852 2.1802064316 0 0 0 3 6 5 0 0 0 6 
540 1 10.4684 12.8264 0.531309 0.00226285 0.00181256 -0.0038481 0.0048180637 0.0 12 20.9917571269 2.2211199248 0 0 1 2 6 2 1 0 0 7 
55 1 15.1076 16.3927 8.26275 -9.0771e-04 6.64726e-04 -1.51321e-04 0.0011352075 0.0 17 23.3428147987 2.2467366255 0 0 0 2 9 5 1 0 0 7 
512 1 12.8368 15.0649 5.29171 9.75943e-04 -0.00170131 -5.90483e-04 0.0020483141 0.0 14 22.7536773075 2.3220255692 0 0 0 3 6 5 0 0 0 6 
353 1 14.8471 13.3664 8.14937 0.00403241 -0.00434395 -0.00107456 0.0060236958 0.0 15 22.6910358849 2.3220255692 0 0 0 3 7 4 1 0 0 7 
273 1 12.0912 17.3938 8.97811 -0.00147202 -0.00117909 -0.00288401 0.0034459556 0.0 13 20.2988718341 2.324212016 0 0 0 3 7 2 1 0 0 7 
293 1 14.8937 17.4974 5.33677 0.00102743 -0.00230593 -0.00117315 0.0027837397 0.0 15 22.2928955213 2.2302730527 0 0 0 2 8 5 0 0 0 6 
242 1 15.4446 14.2478 0.452221 -0.00312811 -0.00172591 -0.00451649 0.0057586908 0.0 15 20.9814364703 2.2538070881 0 0 1 2 6 5 1 0 0 7 
656 1 12.305 10.8262 2.82101 -0.00109428 2.30317e-05 0.00303462 0.0032259724 0.0 14 21.3255879199 2.1601616498 0 0 0 3 6 5 0 0 0 6 
322 2 11.9564 11.7601 6.2106 -9.21002e-04 -0.00128067 -0.00183346 0.0024186641 0.0 16 23.6762235338 2.3220255692 0 0 0 1 10 5 0 0 0 6 
985 1 15.3424 10.5667 2.15618 -1.10653e-04 0.00173781 -6.5026e-04 0.0018587807 0.0 13 21.0892778222 2.2538070881 0 0 0 1 10 2 0 0 0 6 
918 1 13.0343 16.6558 2.4994 -0.00106743 3.55599e-04 0.0018303 0.0021484542 0.0 16 23.6247669402 2.2490828309 0 0 0 3 7 5 1 0 0 7 
911 1 15.3642 11.626 5.16937 0.00154365 -0.00118621 -0.00157333 0.0025030615 0.0 14 22.8426470586 2.3220255692 0 0 0 4 4 6 0 0 0 6 
367 1 13.8319 13.149 3.06628 5.87534e-04 0.00321459 -0.00127715 0.0035085463 0.0 14 22.0906586589 2.2298454566 0 0 1 2 6 4 1 0 0 7 
909 1 18.1394 11.7501 0.43294 -0.00135252 2.07803e-04 -0.00219795 0.0025891073 0.0 14 22.1923222999 2.3300753363 0 0 1 1 8 3 1 0 0 7 
84 1 16.7812 13.2022 2.73478 0.00122174 1.45771e-04 0.00259125 0.0028685317 0.0 13 21.7595513609 2.1795152311 0 0 0 1 10 2 0 0 0 6 
697 1 15.9424 15.8582 2.84082 0.00236677 3.91773e-04 -0.00137178 0.0027634881 0.0 13 20.9799479053 2.240135762 0 0 0 2 8 3 0 0 0 6 
357 1 13.5991 8.54164 1.25747 -3.63671e-04 0.00331304 -0.00187598 0.0038246296 0.0 13 22.23416984 2.2656129237 0 0 0 3 6 4 0 0 0 6 
924 1 17.6085 10.3752 4.28137 -0.00257468 0.00202326 0.00168771 0.0036838734 0.0 15 22.4224432644 2.3195272068 0 0 0 2 8 5 0 0 0 6 
923 1 18.0331 15.8636 6.54108 0.00235517 0.00101853 -7.14265e-04 0.0026635322 0.0 13 21.0390669211 2.2528669489 0 0 0 2 9 1 1 0 0 7 
63 1 18.1177 15.1896 0.467588 0.00269815 -2.9337e-04 -2.63701e-04 0.0027268329 0.0 14 22.2902445957 2.3297357586 0 0 0 3 6 5 0 0 0 6 
17 1 18.793 9.41089 1.82415 0.00620273 -0.00448976 1.15546e-04 0.0076580125 0.0 16 22.6548363003 2.3234513275 0 0 1 4 3 6 2 0 0 7 
828 1 22.8256 16.7109 0.740448 -0.00190213 0.00243797 -9.66426e-04 0.0032397184 0.0 16 25.5399690534 2.4398876825 0 0 1 3 5 5 2 0 0 7 
732 1 17.2311 11.6502 7.52796 0.00128911 1.00202e-04 -0.00156833 0.0020326101 0.0 15 22.4578276701 2.3195272068 0 0 0 4 5 5 1 0 0 7 
485 2 26.5902 15.9176 5.05561 -0.00125618 -0.00378764 9.21315e-04 0.0040954885 0.0 12 14.7331431408 2.204568835 0 0 0 0 12 0 0 0 0 5 
270 2 24.8904 12.4821 6.48044 -7.69739e-04 -0.0034532 0.00210312 0.0041158477 0.0 10 11.954460882 2.0835751179 0 0 0 3 6 1 0 0 0 6 
621 2 23.9726 15.4736 8.50112 -3.46144e-04 -0.00203691 0.00196112 0.0028486505 0.0 13 16.0476839102 2.2108824508 0 0 1 2 6 3 1 0 0 7 
43 1 20.3503 17.4232 2.76063 -9.89862e-04 2.63037e-04 -5.04228e-04 0.0011416046 0.0 15 24.512943071 2.4386562488 0 0 3 2 3 3 4 0 0 7 
966 2 25.945 10.3161 7.36154 8.64251e-05 -0.00154095 -2.16721e-04 0.0015585135 0.0 13 13.5469791835 1.9160597285 0 0 0 3 6 4 0 0 0 6 
603 1 24.8159 11.6171 2.12529 0.00231364 9.08673e-04 -0.00164085 0.0029784233 0.0 16 22.7239314973 2.3401780536 0 0 1 2 7 5 0 1 0 8 
155 1 21.2129 14.3977 26.2955 3.73785e-04 6.49555e-04 -5.98208e-04 9.5890027402e-04 0.0 14 21.5840293916 2.3309140161 0 0 0 3 6 5 0 0 0 6 
5 2 25.1803 10.8224 4.92967 5.59431e-04 -0.00744553 -0.00177063 0.0076735918 0.0 16 15.8682489239 2.2858037889 0 0 1 5 3 3 4 0 0 7 
951 1 22.5176 9.89964 2.28655 -0.005788 -0.00320575 8.83971e-04 0.0066752664 0.0 15 20.8950099963 2.1638948449 0 0 0 4 4 7 0 0 0 6 
368 1 24.9058 14.5508 26.5842 -0.00114834 9.62818e-04 -5.06706e-04 0.0015819147 0.0 14 22.9293076948 2.4013850299 0 0 0 2 8 4 0 0 0 6 
372 2 22.3936 16.2262 5.08248 0.00236131 0.00277221 0.00177396 0.0040506626 0.0 14 19.6709260768 2.4398876825 0 0 1 4 4 3 1 1 0 8 
92 1 20.0375 10.5012 6.3826 0.00174798 0.00320563 0.00313279 0.0048110156 0.0 16 23.6082818866 2.2994031896 0 0 0 3 7 5 1 0 0 7 
363 1 21.054 11.4881 0.251093 0.00154881 -0.00160165 0.00470257 0.0052036775 0.0 14 21.0457469023 2.2301059112 0 0 2 2 4 4 2 0 0 7 
210 1 25.482 8.65974 2.05306 0.00376961 0.00380094 -0.00411645 0.0067529449 0.0 15 21.4522458428 2.2858037889 0 0 1 1 8 4 1 0 0 7 
493 1 20.1728 14.1529 2.05468 -0.0038684 0.00148112 -4.90688e-04 0.004171212 0.0 14 21.7301852054 2.4398876825 0 0 0 4 4 6 0 0 0 6 
132 2 22.8643 9.67737 5.29519 -0.00125694 -0.0037516 -0.0017545 0.0043281256 0.0 13 16.5374607533 2.1829758736 0 0 3 1 3 4 2 0 0 7 
56 2 23.3495 11.0682 7.39055 -0.00244683 -1.32194e-04 -0.00238058 0.0034163743 0.0 16 14.5661901458 2.1868508566 0 0 1 4 5 3 2 1 0 8 
992 1 18.4937 13.1702 5.40883 0.00294638 0.00234039 -0.00326614 0.0049825948 0.0 13 21.5357883387 2.1867405013 0 0 0 3 6 4 0 0 0 6 
354 2 24.0252 17.2953 6.44734 -0.00167589 -2.76707e-04 -2.33174e-04 0.0017145099 0.0 15 20.6505322015 2.2363463765 0 0 0 4 5 5 1 0 0 7 
360 2 26.7646 12.7428 4.80477 -0.00237048 7.40571e-04 3.17605e-04 0.002503696 0.0 16 17.2248774043 2.241686566 0 0 1 3 5 5 2 0 0 7 
411 1 20.3265 11.4941 3.18317 -0.00145779 0.00137089 -0.0011147 0.0022906434 0.0 14 22.090056313 2.1867405013 0 0 0 2 8 4 0 0 0 6 
281 2 22.882 11.9256 4.93166 -0.00304586 -1.28238e-04 8.86986e-04 0.0031749728 0.0 14 18.3332960602 2.2142337833 0 0 1 2 7 2 2 0 0 7 
947 1 18.4339 15.5085 3.94842 4.69444e-05 7.54822e-04 -0.00133143 0.0015312302 0.0 15 20.6091487004 2.2720841886 0 0 2 2 5 3 3 0 0 7 
715 1 20.1229 13.3204 7.74116 -6.08866e-04 9.26534e-04 0.00215528 0.0024237192 0.0 16 22.5543579815 2.208255627 0 0 0 5 3 7 1 0 0 7 
466 2 24.6397 14.8279 4.85138 0.0044589 -6.96459e-04 -1.98857e-04 0.0045173431 0.0 15 16.9729679594 2.3976912449 0 0 2 2 5 3 3 0 0 7 
236 2 21.4032 14.2409 4.82757 0.00411743 -1.07667e-04 -0.0035271 0.0054226614 0.0 15 20.3843304411 2.3741300115 0 0 2 3 3 5 1 1 0 8 
139 1 20.7334 16.3128 7.58981 -0.00615105 0.0012358 -0.00570283 0.0084784956 0.0 16 23.269983382 2.4127990654 0 0 2 2 6 4 0 2 0 8 
299 1 22.9355 13.5284 1.88542 -0.00273486 -0.00176718 -0.00254082 0.0041301514 0.0 16 24.2008908639 2.4398876825 0 0 1 2 8 3 1 1 0 8 
701 2 26.4986 16.5544 8.14859 -0.00209369 0.0018881 7.62857e-04 0.0029206866 0.0 14 18.5788235226 2.1412653965 0 0 0 1 10 3 0 0 0 6 
129 2 22.9206 14.0486 6.71835 -7.60773e-04 6.02744e-04 1.81942e-04 9.8751140673e-04 0.0 14 16.6829504026 2.1996286538 0 0 1 3 4 5 1 0 0 7 
600 2 24.6209 17.4683 3.84884 0.00122584 -9.63402e-04 3.61161e-04 0.0016003951 0.0 15 20.4884979224 2.418672371 0 0 1 3 4 6 1 0 0 7 
913 2 7.18095 19.9291 1.15843 -0.00110875 -4.30333e-05 -2.01332e-04 0.0011277025 0.0 14 16.7991875137 2.1860565042 0 0 2 2 4 4 2 0 0 7 
214 2 5.85721 23.4636 0.628035 0.00143966 0.00168482 0.00122284 0.0025311217 0.0 14 12.5286111776 2.0847059502 0 0 2 1 7 2 1 1 0 8 
869 1 5.79844 19.1632 6.73157 9.50382e-04 -2.6248e-04 -0.00347208 0.0036093575 0.0 17 23.9547773907 2.2341140045 0 0 2 2 6 3 4 0 0 7 
190 2 2.45492 19.0482 2.17717 -6.66049e-04 -0.00110062 -1.69825e-04 0.0012976233 0.0 13 13.2859309546 1.9469572039 0 0 0 3 6 4 0 0 0 6 
787 2 6.13203 -0.380908 5.935 0.00248462 -0.0052976 -0.00107042 0.0059484201 0.0 14 12.165373017 1.9835719707 0 0 0 5 5 1 3 0 0 7 
999 2 5.9289 20.2645 3.21481 0.00313445 -0.00135332 1.84998e-05 0.0034141755 0.0 14 15.704215547 2.1445207596 0 0 1 2 6 4 1 0 0 7 
442 2 4.08491 0.756087 6.10855 2.58937e-04 0.00112186 1.50244e-04 0.0011611165 0.0 15 13.7931098985 1.9848734208 0 0 1 4 4 3 3 0 0 7 
489 2 1.06158 22.5742 2.64756 0.00368425 0.00240564 -0.00269628 0.0051604968 0.0 15 14.9702736102 2.2653357843 0 0 3 2 4 2 3 1 0 8 
669 2 8.76007 25.8381 6.99139 -0.00330352 7.00812e-04 -0.00241562 0.00415206 0.0 14 11.4017488916 1.7801051246 0 0 1 3 5 3 2 0 0 7 
188 2 6.45878 25.9448 1.5639 -0.00318014 9.5737e-04 -4.84867e-04 0.0033563289 0.0 19 14.4728633084 2.0847059502 0 0 1 4 6 4 3 1 0 8 
797 2 5.05823 22.9489 7.34528 0.00452263 0.0035237 0.00110461 0.0058387333 0.0 13 15.3378556801 2.1921709318 0 0 0 1 10 2 0 0 0 6 
278 2 7.12038 23.9747 4.26285 -6.39353e-04 0.00210362 -0.00168736 0.0027714929 0.0 13 13.3317472953 2.0466281268 0 0 1 2 6 3 1 0 0 7 
124 2 9.27101 20.6601 2.29543 0.00144196 -0.00133963 1.2894e-04 0.0019724307 0.0 12 14.116507245 2.1409101391 0 0 1 1 7 3 0 0 0 6 
561 2 4.42186 21.6968 5.0481 0.00298435 0.00210094 0.00183332 0.0040842816 0.0 14 16.3216169351 2.0981189011 0 0 1 1 7 5 0 0 0 6 
148 2 4.72113 25.4263 7.67769 0.00183279 -0.00331142 2.08235e-05 0.0037848455 0.0 13 11.9038755754 2.1293109478 0 0 1 3 5 2 2 0 0 7 
935 2 6.34745 23.8013 9.28281 -3.73145e-05 -0.00214921 4.9025e-04 0.0022047315 0.0 13 14.8426008648 2.2218174347 0 0 1 3 4 4 1 0 0 7 
255 1 9.07667 17.8478 7.02088 5.19426e-04 -0.00266111 0.00301238 0.0040528685 0.0 16 23.6180969487 2.3378954359 0 0 2 3 4 3 4 0 0 7 
845 2 7.54335 21.7772 26.0968 0.00209806 1.75198e-04 0.00231328 0.003127909 0.0 17 16.2894738105 2.1515435204 0 0 3 3 3 4 3 0 1 9 
292 2 3.77987 25.7073 0.111341 -4.16811e-04 -0.0018232 0.00143204 0.0023555314 0.0 13 12.9730008546 2.0597907813 0 0 1 3 4 4 1 0 0 7 
313 2 0.564133 24.3863 1.11694 -9.00916e-04 -0.0020324 -0.00258271 0.0034077398 0.0 14 16.7262139248 2.1349465561 0 0 1 2 7 2 2 0 0 7 
76 2 2.79048 23.7496 4.6934 0.00139474 0.0030561 -0.00289442 0.0044342659 0.0 13 12.9646883553 1.9006411988 0 0 0 3 6 4 0 0 0 6 
257 2 2.92612 21.1959 3.30651 0.00220489 -0.00181948 -0.00342474 0.0044610415 0.0 13 13.3392219245 1.9836259364 0 0 0 5 3 4 1 0 0 7 
183 2 4.74813 23.0631 3.16993 -9.96044e-04 -9.85136e-04 7.2798e-04 0.0015787816 0.0 15 13.8178335918 2.0847059502 0 0 0 3 6 6 0 0 0 6 
111 2 7.25847 21.9022 5.37168 0.00141332 -4.06703e-04 -9.01589e-04 0.0017250343 0.0 15 15.174509686 2.0444024824 0 0 0 3 7 4 1 0 0 7 
230 2 4.93894 24.2895 5.36145 0.0044765 -0.00360398 -8.67576e-04 0.0058120919 0.0 14 12.0791594908 1.8541878669 0 0 1 3 4 5 1 0 0 7 
290 2 7.3717 21.637 7.8824 -0.0056184 1.05961e-04 0.00210774 0.0060016843 0.0 14 16.0580741008 2.224109101 0 0 1 3 4 5 1 0 0 7 
119 2 4.82344 21.3343 1.51415 -0.00148212 0.00228508 -0.00244307 0.003658806 0.0 14 12.6749037824 1.8790337543 0 0 0 4 4 6 0 0 0 6 
462 2 0.628207 24.7848 3.6058 -0.00430125 -0.00346709 -5.53258e-04 0.0055522571 0.0 12 14.3163259206 2.1973036579 0 0 1 2 6 2 1 0 0 7 
286 2 2.36915 23.3938 7.03473 -5.97893e-04 0.00660742 -0.00268411 0.0071568095 0.0 15 16.0868897432 2.1921709318 0 0 0 0 12 3 0 0 0 6 
744 2 7.10145 22.4555 2.49367 -0.00165916 -7.54185e-04 0.00100828 0.0020828431 0.0 15 14.0916632392 1.9812078134 0 0 0 3 6 6 0 0 0 6 
748 2 0.589632 19.2528 -0.0887043 -0.00360155 -0.00194654 0.00127549 0.004288013 0.0 14 19.0303495993 2.3101314469 0 0 1 3 4 5 1 0 0 7 
295 2 25.9307 17.286 1.24377 -0.00388124 -0.00194772 1.63254e-04 0.0043456057 0.0 13 19.4854908286 2.3333916351 0 0 1 1 8 2 1 0 0 7 
269 2 4.90194 18.2829 1.65124 0.00371896 0.00615835 0.00361216 0.0080500707 0.0 14 16.9347730051 2.1445207596 0 0 1 2 7 2 2 0 0 7 
243 1 0.536249 18.8935 7.00693 -0.00180968 -0.00172395 4.1024e-04 0.0025328328 0.0 14 20.9576391566 2.2266732709 0 0 0 3 7 3 1 0 0 7 
943 2 0.60291 24.8681 7.83814 -0.00188019 0.00371201 1.76112e-04 0.0041647507 0.0 13 14.5872653342 2.2220839908 0 0 0 1 10 2 0 0 0 6 
852 2 3.55871 23.4547 0.73124 -0.00160255 0.00191082 -6.62664e-04 0.0025804114 0.0 15 12.9005261887 2.0673665938 0 0 1 2 7 3 2 0 0 7 
786 2 2.78297 24.9341 2.375 0.00173836 -2.05093e-04 -0.00440327 0.0047384328 0.0 16 14.2918413672 2.0847059502 0 0 2 1 6 5 2 0 0 7 
718 2 0.179641 20.193 2.37087 0.00288357 -7.42299e-04 -0.00186871 0.0035154034 0.0 14 18.512187483 2.2715725945 0 0 1 3 5 3 2 0 0 7 
904 1 2.70458 20.3428 7.40817 -0.00452997 0.00276215 0.00136096 0.0054774367 0.0 14 21.934411957 2.1921709318 0 0 0 3 6 5 0 0 0 6 
825 2 2.85691 20.6819 0.339425 -0.0015782 -8.13602e-04 -4.41698e-05 0.0017761234 0.0 14 13.2046248063 1.9126584317 0 0 0 3 6 5 0 0 0 6 
725 2 3.88379 19.0035 4.07913 0.00326335 0.00359133 0.00312951 0.0057741612 0.0 14 17.2765803348 2.1485555 0 0 1 3 4 5 1 0 0 7 
534 2 5.04796 26.02 3.84511 -0.00156105 -0.00185705 -0.00361052 0.0043498697 0.0 15 13.6614716822 2.0544239244 0 0 2 2 6 1 4 0 0 7 
298 1 0.00362501 21.5817 8.12503 -0.00596698 0.00103423 8.38081e-05 0.0060565259 0.0 13 20.362471635 2.1184603862 0 0 0 1 10 2 0 0 0 6 
659 2 6.96527 24.3089 6.80906 -0.00405682 -0.00311106 -0.00124883 0.0052627046 0.0 14 12.0608772592 1.8330567199 0 0 0 3 6 5 0 0 0 6 
401 2 0.992505 22.2482 5.22481 -0.0014094 -0.00387472 -0.00130255 0.004323945 0.0 15 16.4011512962 2.2834186888 0 0 3 3 4 1 1 3 0 8 
79 2 8.95884 23.1415 7.77467 0.00224942 7.06235e-04 -0.00125313 0.0026700174 0.0 14 12.6139597762 1.9634988286 0 0 0 6 1 6 1 0 0 7 
145 2 5.82098 1.44598 4.00618 -0.00311031 4.20833e-04 -0.00124706 0.0033773196 0.0 13 12.4372711634 1.9347316182 0 0 0 4 5 3 1 0 0 7 
842 2 8.37823 -0.11316 4.88478 -0.00145288 -0.00288427 0.00431705 0.0053913629 0.0 16 13.4988184858 2.0466281268 0 0 0 6 2 6 2 0 0 7 
776 2 1.43924 19.685 4.32912 -0.00194328 0.00306506 -0.00369677 0.0051804477 0.0 12 15.6508596414 2.0948186699 0 0 1 4 2 4 1 0 0 7 
175 2 2.59542 -0.148349 3.98748 4.47403e-04 -2.83579e-04 0.00267902 0.0027308853 0.0 13 13.6915962297 1.9258208287 0 0 1 3 5 2 2 0 0 7 
336 2 7.94919 0.667025 2.27009 1.41e-04 2.16207e-04 0.00109517 0.0011251772 0.0 13 13.2977587885 2.0142372365 0 0 1 3 5 2 2 0 0 7 
634 2 14.9903 18.9381 1.99894 0.00199705 3.7863e-04 0.00248862 0.0032132225 0.0 12 14.9391749103 2.0474041245 0 0 0 0 12 0 0 0 0 5 
428 2 11.0778 18.8273 1.86655 -0.00166844 0.00318738 0.00453438 0.0057882368 0.0 13 19.0317803402 2.3865030825 0 0 0 4 4 5 0 0 0 6 
712 2 8.64345 24.6319 2.56902 0.00272472 1.33633e-05 0.00240852 0.0036366532 0.0 14 12.9283599685 2.026228753 0 0 1 3 4 5 1 0 0 7 
740 2 9.6443 22.5266 0.836316 -0.00104101 -4.91799e-04 0.00184507 0.0021748221 0.0 15 12.9518763567 1.9670331957 0 0 2 3 3 4 3 0 0 7 
893 2 12.8597 23.3711 8.76853 0.00128647 -0.00332733 -0.00384594 0.0052457015 0.0 14 15.9253023018 2.3645512174 0 0 1 2 7 2 2 0 0 7 
886 2 13.9416 22.7294 3.92973 -0.00248493 0.00332805 -0.00191511 0.0045736681 0.0 14 15.3407563647 2.1590564524 0 0 2 2 2 8 0 0 0 6 
26 2 15.7818 22.1247 26.5612 -4.71067e-04 7.77349e-04 -1.85301e-04 9.2763788565e-04 0.0 14 18.9796647787 2.2315472408 0 0 1 1 8 3 1 0 0 7 
53 1 14.1027 19.3693 7.60704 -3.37195e-04 0.00311868 1.26081e-04 0.0031393888 0.0 15 23.6097461198 2.2758445305 0 0 1 1 9 2 2 0 0 7 
514 2 10.6608 19.7917 4.25533 -0.00137108 2.95676e-04 0.00181222 0.002291599 0.0 14 17.1935481939 2.2490828309 0 0 1 3 3 7 0 0 0 6 
539 2 12.9822 25.7543 2.92664 6.48223e-04 -0.0022909 1.33983e-04 0.0023846105 0.0 13 15.2577398087 2.3688541141 0 0 1 2 6 3 1 0 0 7 
160 2 11.5122 21.4875 7.72195 0.0028424 0.00250495 -0.00127398 0.0039971286 0.0 16 16.8405087476 2.3378954359 0 0 2 3 3 5 3 0 0 7 
324 2 14.1273 21.3399 1.36601 -0.00360803 0.00291049 -1.56385e-04 0.004638242 0.0 14 14.6943268457 2.2311020607 0 0 1 3 5 3 2 0 0 7 
467 2 14.2691 24.9842 4.75377 8.69979e-04 -0.00262883 -0.00264461 0.0038290433 0.0 16 17.4917086904 2.2357269953 0 0 2 4 2 5 2 1 0 8 
432 2 12.7472 24.2633 6.52531 0.00451535 0.00114222 0.00410468 0.0062081761 0.0 14 12.5197730034 1.8994809139 0 0 1 2 7 2 2 0 0 7 
256 2 16.7532 20.7391 2.1101 0.00196918 0.00180456 -0.00158571 0.0031062168 0.0 14 18.6770255485 2.2315472408 0 0 2 2 5 3 1 1 0 8 
986 2 14.8483 25.3896 7.32702 0.00110935 -0.00126865 -0.00161022 0.0023308665 0.0 14 18.5745345611 2.3611556674 0 0 1 1 8 3 1 0 0 7 
250 2 10.409 26.7028 8.56247 0.0019447 0.0037706 -0.00397627 0.0058146372 0.0 13 11.7933529127 2.0100701634 0 0 1 3 5 2 2 0 0 7 
483 2 15.1748 20.4329 4.63128 -0.004069 0.00126949 7.11352e-04 0.0043213872 0.0 14 19.9631278656 2.2232581841 0 0 0 3 6 5 0 0 0 6 
771 2 11.9035 22.0897 2.95341 -8.85704e-04 0.00105397 0.00181302 0.002276481 0.0 14 14.2233929942 1.9866774167 0 0 0 4 6 2 2 0 0 7 
30 1 17.1051 23.3485 3.62513 -4.48822e-04 0.00180832 8.08329e-04 0.0020309747 0.0 17 24.3912673467 2.269698806 0 0 2 2 7 2 3 1 0 8 
545 2 15.4589 19.4972 26.4484 -0.0028897 -0.00121311 -2.42737e-05 0.0031341013 0.0 13 15.7052011724 2.2668301838 0 0 0 1 10 2 0 0 0 6 
202 2 11.6572 24.4548 4.14755 3.35715e-04 0.00114127 -9.64531e-04 0.0015315097 0.0 14 12.4841817199 1.8961327983 0 0 0 3 6 5 0 0 0 6 
385 2 13.3121 18.7122 0.23968 -1.0186e-04 8.1472e-04 -9.70092e-04 0.0012709141 0.0 13 17.38167142 2.2384870901 0 0 1 0 9 3 0 0 0 6 
822 1 9.64876 19.5952 9.17976 -0.00222772 -0.00301816 -0.00442412 0.0058004193 0.0 15 21.4383914188 2.3378954359 0 0 1 2 6 5 1 0 0 7 
676 2 13.9155 23.8659 1.43409 6.55621e-04 -0.00110584 -9.51709e-04 0.0015995221 0.0 16 18.7390052072 2.3535131869 0 0 1 4 5 2 4 0 0 7 
513 2 11.0111 24.2224 1.78555 -0.00363474 3.19419e-04 -0.00246164 0.004401481 0.0 15 13.3648166679 2.0360701428 0 0 1 3 5 4 2 0 0 7 
102 2 12.3248 21.0966 5.51284 -0.00140179 0.00129535 0.00153806 0.0024512396 0.0 14 16.2396832508 2.2696142621 0 0 1 3 4 5 1 0 0 7 
882 1 16.6587 25.0329 0.615785 0.00221605 -4.48875e-04 -0.00141573 0.0026677065 0.0 13 21.5822567176 2.2943858943 0 0 2 1 7 1 1 1 0 8 
689 2 9.4117 24.4357 5.25824 -0.00195473 0.00239852 6.29465e-04 0.0031575455 0.0 14 12.4691948272 1.886702213 0 0 0 3 6 5 0 0 0 6 
815 1 17.1926 21.5602 7.87296 0.00247622 0.00166696 0.00253092 0.0039135632 0.0 13 22.3067055987 2.3096536987 0 0 0 3 6 4 0 0 0 6 
760 2 10.8397 24.379 7.78843 8.819e-04 -0.00141268 0.0013193 0.0021246093 0.0 13 11.3380885133 1.7797547461 0 0 0 1 10 2 0 0 0 6 
265 2 11.6473 20.9907 0.640949 0.00179451 9.99504e-04 9.19969e-04 0.0022506926 0.0 15 14.7149211547 2.1877202108 0 0 0 4 5 5 1 0 0 7 
754 2 14.5708 22.7783 6.16157 -0.00121836 -0.00135461 -0.00143838 0.0023212726 0.0 15 20.3708202853 2.3645512174 0 0 0 3 6 6 0 0 0 6 
418 2 11.0287 22.9313 5.80099 -0.00153341 -9.10441e-04 -4.47188e-04 0.0018385391 0.0 13 11.6895568125 1.8300733594 0 0 1 4 2 5 1 0 0 7 
688 2 13.0637 19.8669 3.22757 -0.00102065 0.00251284 -0.00188602 0.0033035076 0.0 13 16.3179484305 2.2398748558 0 0 0 3 6 4 0 0 0 6 
811 2 13.3142 23.0703 25.8233 0.00149124 -0.00190895 -0.00174103 0.0029831313 0.0 14 16.1176268344 2.1413504113 0 0 1 3 4 5 1 0 0 7 
695 2 11.1401 26.3079 6.34799 0.00254883 0.00241389 2.19367e-04 0.0035173173 0.0 15 12.5327969885 1.9053425844 0 0 1 2 7 3 2 0 0 7 
768 1 16.9096 18.8763 7.05361 0.00527746 1.84186e-04 -0.00246084 0.0058259113 0.0 12 20.4402218987 2.1549807475 0 0 0 0 12 0 0 0 0 5 
566 2 9.41716 22.5103 3.89425 -0.00113218 0.00211905 0.00445773 0.0050639472 0.0 15 13.92875249 1.8695564775 0 0 1 2 6 5 1 0 0 7 
141 2 17.4301 18.5497 0.968261 -1.34319e-04 -4.12257e-05 0.00121499 0.001223087 0.0 15 20.0693615791 2.2640494541 0 0 1 2 6 5 1 0 0 7 
162 2 9.35378 21.0298 6.45326 8.74963e-04 0.0010006 -4.46144e-04 0.0014020717 0.0 15 15.9970668403 2.3332646264 0 0 2 3 3 4 3 0 0 7 
422 2 9.72573 26.0169 0.676088 -0.0018341 -8.24524e-04 0.00205985 0.0028786706 0.0 16 13.6797598883 1.9490775083 0 0 1 3 6 3 3 0 0 7 
616 2 7.89683 24.2672 0.264058 6.55322e-04 -4.20892e-04 0.00236823 0.0024930123 0.0 14 12.4449129764 1.8965571438 0 0 2 3 3 3 3 0 0 7 
516 2 12.8693 26.4573 8.69209 3.56309e-04 -0.00174022 8.04666e-04 0.0019500793 0.0 16 14.4032586727 2.1877359442 0 0 2 2 5 4 3 0 0 7 
476 2 8.18821 19.751 4.61412 -0.00117874 0.00132008 0.00321308 0.0036682315 0.0 14 18.4504628082 2.1379941867 0 0 2 2 3 6 1 0 0 7 
384 1 20.8852 21.4514 5.16249 7.64297e-05 -0.00467106 0.00363802 0.0059211344 0.0 13 20.8383185749 2.2961378952 0 0 0 4 4 5 0 0 0 6 
624 1 22.5974 19.9952 6.6731 -0.00116549 2.63251e-05 -0.00381248 0.003986736 0.0 14 21.6639275807 2.2548214079 0 0 0 4 4 6 0 0 0 6 
207 1 19.2099 22.8102 1.41597 9.79789e-04 -0.00406128 -0.00375878 0.0056198228 0.0 16 23.3623855742 2.2961378952 0 0 0 4 6 4 2 0 0 7 
150 1 24.6509 19.4879 8.63388 -0.00447709 0.00120561 7.24397e-04 0.0046928223 0.0 14 21.0522099278 2.1923313984 0 0 0 1 10 3 0 0 0 6 
837 1 22.0454 24.978 1.81344 -0.00132243 0.00159168 -6.61447e-04 0.0021725051 0.0 15 20.916512198 2.2058711421 0 0 0 1 10 4 0 0 0 6 
785 1 20.0007 17.2799 -0.294014 -0.00546329 -0.00107383 -0.00462387 0.0072374597 0.0 14 22.8146420772 2.2846008412 0 0 2 3 2 5 2 0 0 7 
437 1 18.8772 25.5998 2.59161 -0.00154952 0.00186968 -0.00267904 0.0036157946 0.0 13 21.7825140358 2.3354176421 0 0 0 1 10 2 0 0 0 6 
123 1 22.2504 19.4445 3.8089 0.00143046 -0.00236704 -0.00216594 0.0035128892 0.0 14 23.0653756617 2.3659436381 0 0 1 2 7 2 2 0 0 7 
890 1 19.5646 18.1779 5.73629 0.00276469 2.02157e-04 0.00148104 0.0031429059 0.0 16 22.2422535055 2.2720841886 0 0 2 1 7 4 1 1 0 8 
703 1 24.081 22.5087 7.55786 -1.61208e-04 -2.39841e-04 0.00244907 0.0024660607 0.0 15 22.3235200975 2.2220839908 0 0 0 2 9 3 1 0 0 7 
772 2 25.4135 26.2207 7.00024 0.00185445 -8.73261e-04 -0.00163695 0.0026231994 0.0 11 15.4881002618 2.1962167739 0 0 0 2 8 1 0 0 0 6 
683 1 24.0585 19.6195 1.51295 -0.00496764 0.00109648 0.00156634 0.005322888 0.0 16 23.0647592961 2.3661708199 0 0 2 2 4 6 2 0 0 7 
41 1 23.6249 22.7893 4.4625 -0.00208188 5.20584e-04 -0.0053688 0.005781803 0.0 15 22.9249593759 2.2927320708 0 0 1 3 5 4 2 0 0 7 
920 1 25.2765 20.6475 5.4443 0.00178547 0.00232385 0.00142103 0.003256917 0.0 17 24.6615350171 2.2927320708 0 0 1 3 8 1 3 1 0 8 
746 1 17.8452 24.1019 6.72241 4.23915e-04 -2.32566e-04 -3.62889e-04 6.0454883831e-04 0.0 13 22.1462429733 2.244765906 0 0 0 3 6 4 0 0 0 6 
60 1 20.2552 22.6081 7.69979 0.00217831 -9.17572e-04 -6.55671e-04 0.0024529324 0.0 15 21.9626675595 2.2173668831 0 0 0 3 6 6 0 0 0 6 
702 1 20.1387 26.6516 6.52594 -0.00398636 -1.91041e-04 0.00231854 0.0046155379 0.0 16 23.3388783425 2.352657967 0 0 1 3 5 5 2 0 0 7 
116 1 18.0932 21.0411 5.00882 0.00243356 0.00189143 -0.0027501 0.0041307108 0.0 15 21.6604659564 2.2961378952 0 0 0 3 7 4 1 0 0 7 
52 1 17.5415 26.1283 5.00755 -0.00216154 0.00259537 -0.00280254 0.0043888986 0.0 13 20.924933582 2.21682193 0 0 1 2 6 3 1 0 0 7 
338 1 24.4109 25.2258 0.635243 -0.0026482 0.00131875 -0.00178131 0.0034532782 0.0 14 21.1255583598 2.3167761064 0 0 2 2 4 4 2 0 0 7 
396 1 22.021 18.3984 9.16735 -0.00257432 0.00144764 -3.14204e-04 0.0029701026 0.0 15 20.9416291204 2.4348840189 0 0 1 4 4 4 1 1 0 8 
866 2 26.5044 24.0318 5.73872 -0.00202077 -0.00264157 -0.00377654 0.0050322617 0.0 16 18.1513819324 2.2779173319 0 0 1 3 6 4 1 1 0 8 
713 1 22.0269 22.011 2.14932 1.01792e-04 0.00295398 -0.00131395 0.0032346289 0.0 12 21.5317227796 2.2204267282 0 0 0 4 4 4 0 0 0 6 
72 1 19.5958 20.1846 2.63956 -0.00118035 -7.67992e-04 -5.80183e-04 0.0015230398 0.0 14 21.9669705166 2.2989540019 0 0 2 2 4 4 2 0 0 7 
982 1 22.6071 24.8282 6.84257 0.00220751 0.00184714 0.00124088 0.0031344553 0.0 15 22.68347263 2.2173668831 0 0 0 3 7 4 1 0 0 7 
547 1 19.7703 19.768 8.23604 -4.01671e-04 -0.00290552 -5.95262e-04 0.0029929455 0.0 14 21.6963709001 2.1839989546 0 0 1 1 8 3 1 0 0 7 
400 1 24.1794 25.3676 3.60797 -0.00102045 -5.05379e-04 -5.32468e-04 0.0012570793 0.0 15 21.7161392115 2.1977947907 0 0 0 2 8 5 0 0 0 6 
505 1 24.8343 22.7744 2.00256 -5.96313e-04 8.31966e-04 8.63852e-04 0.0013394017 0.0 16 21.9038288116 2.2927320708 0 0 0 5 4 5 2 0 0 7 
965 1 20.1695 24.0916 4.95196 -0.00161615 -0.00135813 9.47841e-04 0.0023140571 0.0 14 22.9644680915 2.2961378952 0 0 0 1 10 3 0 0 0 6 
217 1 17.5894 18.4803 4.10374 -0.00518912 7.27139e-04 -6.51368e-04 0.0052801494 0.0 13 20.2315814015 2.2041364984 0 0 0 3 6 4 0 0 0 6 
808 2 0.753714 22.1407 0.206979 0.0010385 -0.00115597 -2.34643e-05 0.0015541234 0.0 15 16.8938271711 2.3101314469 0 0 1 3 5 4 2 0 0 7 
851 1 7.55998 5.92641 17.4894 -0.00200416 4.38702e-04 2.57161e-04 0.0020676674 0.0 14 22.1392579982 2.2588995865 0 0 1 2 6 4 1 0 0 7 
254 2 2.04105 1.16771 9.97051 -0.00487539 -7.57957e-04 6.19867e-04 0.0049727419 0.0 14 15.8562966527 2.1502588323 0 0 3 1 4 3 3 0 0 7 
404 1 0.572222 8.77353 13.982 -0.00227704 0.00169833 -9.60734e-04 0.0029987073 0.0 17 21.3446287245 2.218445 0 0 0 5 3 8 1 0 0 7 
915 1 0.880783 3.97222 18.2333 -0.0017511 3.44913e-04 -5.03345e-04 0.0018543658 0.0 14 21.5349241882 2.2230687796 0 0 1 3 4 5 1 0 0 7 
420 1 4.27412 26.7269 11.6054 0.00448589 0.00247163 0.0026999 0.0057897862 0.0 19 25.5977315682 2.4740336945 0 0 3 2 6 2 5 1 0 8 
823 1 1.8881 26.0348 12.9082 0.00127881 -0.00372742 0.00425928 0.0058026271 0.0 15 21.3466723742 2.2078282033 0 0 1 3 4 6 1 0 0 7 
37 1 6.18914 7.51684 8.63028 -0.00135049 -4.26982e-04 9.64938e-04 0.0017138384 0.0 16 23.4559274102 2.3425071012 0 0 2 1 7 4 1 1 0 8 
583 1 2.28021 8.0184 16.0989 0.00511211 -5.10485e-04 0.00365197 0.0063032649 0.0 12 20.586539265 2.2418817566 0 0 1 2 5 4 0 0 0 6 
232 1 2.4773 1.62292 18.5434 0.00170232 2.23397e-04 -0.00258896 0.0031065276 0.0 13 20.4355621473 2.2268069997 0 0 2 3 3 2 3 0 0 7 
373 2 0.333387 -0.292086 10.1125 0.00144436 -0.0043411 -0.00257428 0.0052495945 0.0 14 14.754191225 2.0544911939 0 0 1 4 4 2 3 0 0 7 
589 1 6.05218 8.25926 18.611 0.00189082 -8.98185e-04 -2.53598e-05 0.0020934612 0.0 15 22.9465004794 2.2635986873 0 0 0 5 3 6 1 0 0 7 
735 1 8.79466 26.9569 17.4735 -0.00243846 0.00358725 -0.00239949 0.0049570154 0.0 16 22.077666518 2.5088882225 0 0 1 4 4 4 3 0 0 7 
831 1 7.81876 8.19524 15.6266 0.00323665 -0.00165836 0.00292682 0.0046682263 0.0 14 21.4651479492 2.2652845486 0 0 1 5 1 5 2 0 0 7 
95 1 9.14197 3.83546 10.5335 -0.00301952 -0.00102468 0.00318689 0.0045081857 0.0 16 24.095303823 2.2715611514 0 0 0 2 9 4 1 0 0 7 
359 1 1.87664 8.33357 11.325 -1.19782e-04 0.00121099 2.61191e-04 0.0012446145 0.0 14 20.8471562131 2.0908195881 0 0 0 3 6 5 0 0 0 6 
708 1 5.59653 2.34088 12.3534 -0.00302767 -0.00635833 -7.69587e-04 0.0070843073 0.0 14 23.017350238 2.4653777092 0 0 1 3 4 5 1 0 0 7 
675 1 1.29846 5.0474 14.9013 -0.00227813 0.00131462 -0.00412395 0.0048913256 0.0 15 23.6665346425 2.2521299035 0 0 0 1 10 4 0 0 0 6 
838 1 1.61355 5.42098 11.9549 0.00116553 0.00253436 -0.00154333 0.0031879944 0.0 15 22.242636937 2.201330622 0 0 0 2 8 5 0 0 0 6 
20 1 6.48707 5.0658 11.3588 3.98023e-04 -0.00119137 -0.00221943 0.0025502263 0.0 16 21.5351379525 2.3425071012 0 0 2 2 5 5 1 1 0 8 
801 1 4.20806 4.93213 13.3943 -0.00235606 0.00222 2.45095e-04 0.0032464581 0.0 13 20.7879837696 2.1322362567 0 0 0 1 10 2 0 0 0 6 
575 1 5.29073 1.54377 18.0043 -0.00430117 -0.00190917 -0.00140974 0.0049124699 0.0 15 21.849622007 2.2264864083 0 0 0 5 4 4 2 0 0 7 
580 1 2.97386 6.3758 18.6924 4.33636e-04 -1.50101e-04 2.96251e-04 5.4620064601e-04 0.0 15 22.7836596775 2.2521299035 0 0 0 5 3 6 1 0 0 7 
8 1 4.89068 7.59351 11.3451 -0.00152274 -1.61075e-04 4.56131e-04 0.0015977289 0.0 14 21.354046195 2.3306866717 0 0 0 1 10 3 0 0 0 6 
152 1 0.842589 2.04772 15.5935 0.00268289 5.25622e-04 -0.00190452 0.0033318724 0.0 15 22.8423642581 2.2285858879 0 0 1 3 5 4 2 0 0 7 
446 1 6.82173 6.36764 13.8183 0.00149739 -0.00133919 0.00133756 0.002413436 0.0 15 21.5484336497 2.332640595 0 0 1 4 4 3 3 0 0 7 
690 1 3.98134 3.95739 10.6763 -7.68596e-04 0.00295348 -5.09949e-04 0.0030941609 0.0 16 22.506674599 2.3425071012 0 0 1 4 3 6 2 0 0 7 
867 1 6.06185 3.85778 15.2897 0.00180497 7.83384e-04 4.14228e-04 0.002010769 0.0 14 21.9164921212 2.3917775073 0 0 0 2 8 4 0 0 0 6 
779 1 2.28391 2.48869 12.7644 -0.00298253 -0.00339003 0.00350661 0.0057170012 0.0 15 22.8923295001 2.2078282033 0 0 1 2 7 3 2 0 0 7 
614 1 7.73221 7.77786 11.2083 7.05524e-04 -8.08695e-05 3.50136e-05 7.1100628885e-04 0.0 13 20.5198780684 2.2766344554 0 0 0 3 6 4 0 0 0 6 
303 2 0.543102 2.86396 10.3004 0.00379285 1.23128e-04 -0.00245155 0.00451785 0.0 13 14.4597885362 1.9979591268 0 0 1 3 5 2 2 0 0 7 
479 1 4.72542 6.41057 16.1407 0.00148402 2.22265e-04 -0.00458546 0.0048247446 0.0 14 21.8698716369 2.2521299035 0 0 0 2 8 4 0 0 0 6 
813 1 3.22494 3.44038 16.3528 -4.26198e-04 0.00185387 9.00673e-04 0.002104683 0.0 14 21.2911919168 2.2521299035 0 0 2 3 3 3 3 0 0 7 
910 1 3.26111 7.56492 13.538 -1.52045e-04 -0.0012526 3.88313e-04 0.0013201937 0.0 13 20.1350799016 2.332640595 0 0 0 3 6 4 0 0 0 6 
252 1 7.25133 1.10659 15.4291 0.0015701 7.06764e-04 0.00365249 0.0040379961 0.0 13 20.9350470586 2.3301515828 0 0 1 2 6 3 1 0 0 7 
519 1 4.3543 1.20261 15.0092 0.00270757 8.84731e-04 7.64645e-04 0.0029492993 0.0 15 23.1403987822 2.3002775201 0 0 2 4 2 4 2 1 0 8 
410 1 7.75997 0.467748 12.734 0.00195237 9.87659e-04 0.0019711 0.0029449031 0.0 17 24.0384692843 2.379393767 0 0 0 7 2 4 4 0 0 7 
991 1 8.30708 3.29137 13.5543 -0.00360878 0.00426726 0.00125738 0.0057283336 0.0 14 23.1865403355 2.4086497263 0 0 1 2 6 4 1 0 0 7 
979 2 15.8187 6.35639 12.5738 -0.00475446 -0.00240963 -4.33375e-04 0.0053478052 0.0 13 12.5326840227 2.1195363413 0 0 0 1 10 2 0 0 0 6 
496 2 15.9046 1.78853 15.4313 -0.00239669 -0.00303384 0.00143018 0.0041223443 0.0 13 15.9421907005 2.1268494373 0 0 1 1 8 2 1 0 0 7 
696 2 15.8926 8.72062 12.922 -3.98936e-04 0.002006 0.00111962 0.0023316807 0.0 16 13.2116336514 2.0293752907 0 0 0 4 4 8 0 0 0 6 
990 2 14.2139 8.19539 11.3323 -0.0039311 -5.00102e-05 0.00350917 0.0052697554 0.0 14 12.4116876801 1.8047149984 0 0 0 4 4 6 0 0 0 6 
502 2 16.3248 6.33559 15.3873 -1.57975e-04 -0.00333343 7.55919e-04 0.0034217138 0.0 14 14.0399156213 2.0335450949 0 0 1 3 4 5 1 0 0 7 
674 2 13.0977 5.97816 12.0928 -9.91286e-04 -5.26758e-04 -6.47867e-04 0.0012960917 0.0 13 14.5980617547 2.1385686333 0 0 0 1 10 2 0 0 0 6 
318 2 17.0539 2.16303 13.3397 0.00112989 -9.18023e-04 -0.00224034 0.0026718048 0.0 13 12.5366185594 1.9952954882 0 0 2 2 3 5 1 0 0 7 
406 2 14.2592 2.50001 13.5423 5.09568e-04 -0.00238189 -3.72007e-06 0.0024357901 0.0 13 14.5343556434 2.1425189919 0 0 1 3 5 3 0 1 0 8 
90 2 11.1022 8.33754 11.5367 0.00257786 0.00339004 -0.00130281 0.0044536555 0.0 13 15.0012940621 2.1354780127 0 0 0 4 4 5 0 0 0 6 
337 2 14.5274 7.49636 14.2606 -0.0020269 -0.0037515 6.97337e-04 0.0043206892 0.0 13 12.7769974383 2.064891448 0 0 1 4 2 5 1 0 0 7 
775 2 11.7859 6.78651 16.8218 0.00248748 7.31873e-06 4.72559e-04 0.0025319799 0.0 11 14.8785343648 2.0697525356 0 0 0 2 8 1 0 0 0 6 
528 2 13.4405 2.98776 15.6119 0.00324839 -0.00339376 3.75632e-04 0.0047128276 0.0 13 17.7996673117 2.2038341105 0 0 1 2 5 5 0 0 0 6 
969 2 18.6925 5.57192 15.6808 -0.00325661 -0.00247571 -9.76798e-04 0.0042058035 0.0 13 12.9052877149 1.9393546976 0 0 1 2 6 3 1 0 0 7 
646 2 17.5251 7.25681 11.0672 0.0016077 4.84792e-04 0.00140257 0.0021879043 0.0 13 13.0645016798 1.8593848014 0 0 0 4 4 5 0 0 0 6 
2 2 13.1605 5.43635 15.3785 -0.00444308 0.0012727 0.00321203 0.005628309 0.0 16 15.6590937672 2.1195363413 0 0 1 5 3 3 4 0 0 7 
888 2 18.4674 9.39139 11.4584 0.00329082 -0.00149647 5.34119e-04 0.0036543401 0.0 14 13.0079118176 1.8601183946 0 0 0 6 0 8 0 0 0 6 
565 2 13.2992 9.39119 9.51014 0.00532258 0.00179817 2.98195e-04 0.0056260282 0.0 12 11.8246811567 2.1222144409 0 0 0 2 8 2 0 0 0 6 
816 2 10.781 9.07545 15.9212 0.00240685 -0.00291543 -1.34477e-04 0.0037829543 0.0 13 16.0005840391 2.1632203871 0 0 1 3 4 4 1 0 0 7 
115 2 11.8586 6.91819 14.1403 -0.00100597 0.0017284 -0.0015891 0.0025543259 0.0 12 15.1705062459 2.0612974395 0 0 0 4 4 4 0 0 0 6 
995 2 13.9107 1.15319 11.6657 -0.00255522 -8.67304e-04 -4.25311e-04 0.0027317128 0.0 16 14.9435791834 2.2018336314 0 0 4 2 3 2 3 2 0 8 
334 2 15.6489 2.33465 11.1457 -8.50365e-04 7.93009e-04 -0.00234716 0.0026193785 0.0 13 12.164718131 1.9114178885 0 0 2 1 5 4 1 0 0 7 
569 2 10.3966 0.666472 10.9927 4.1166e-04 0.00278462 6.30677e-04 0.0028846709 0.0 15 19.0560953807 2.2174135831 0 0 1 4 4 3 3 0 0 7 
560 1 9.49986 5.86171 12.566 0.00223116 5.54288e-04 -3.53976e-04 0.0023260716 0.0 16 21.7313238738 2.2816515482 0 0 2 1 6 5 2 0 0 7 
329 2 15.6171 -0.0041943 13.1185 1.32372e-04 -9.44934e-04 0.0025097 0.0026849612 0.0 15 18.8876216446 2.1608321356 0 0 0 0 12 3 0 0 0 6 
498 2 12.3247 7.15235 9.77484 -3.19754e-04 -3.16287e-04 6.25529e-04 7.704327464e-04 0.0 14 15.5621627256 2.2112441745 0 0 2 2 5 3 1 1 0 8 
880 2 14.5971 7.44305 8.47076 2.69608e-04 -7.56804e-04 0.00124429 0.0014811139 0.0 13 13.9068072085 2.0978072914 0 0 0 3 6 4 0 0 0 6 
330 2 17.8035 3.17016 15.5254 -7.85482e-04 -8.4389e-04 -0.00201421 0.0023208133 0.0 13 13.5646378673 2.0957896512 0 0 0 2 8 3 0 0 0 6 
247 2 14.7547 3.57911 9.51431 0.00179762 -0.00430911 -3.33309e-04 0.0046809146 0.0 13 13.2632871587 1.8994398362 0 0 1 2 6 3 1 0 0 7 
473 2 11.7547 2.07334 12.3574 0.00206274 0.00195246 0.00392285 0.0048431135 0.0 15 19.0651516903 2.2433374791 0 0 0 5 5 2 3 0 0 7 
69 2 16.6132 4.60919 17.3507 0.00120301 -8.01888e-04 3.39565e-04 0.0014851134 0.0 16 21.1798873774 2.4706601237 0 0 0 3 7 5 1 0 0 7 
82 1 10.1248 1.744 15.2445 0.00104345 -0.00166874 8.48679e-04 0.0021433005 0.0 15 24.5723715138 2.4086497263 0 0 1 3 5 4 2 0 0 7 
826 2 17.1761 4.53733 13.6174 -0.00152798 0.00242391 8.98315e-04 0.0030028374 0.0 14 13.0387549353 1.9531444753 0 0 2 2 4 4 2 0 0 7 
448 2 17.8386 1.17516 11.2449 0.00195346 -2.87553e-04 -3.94803e-05 0.0019749054 0.0 15 15.6235075412 2.1785048403 0 0 1 3 5 5 0 1 0 8 
572 1 13.0811 -0.312161 15.1188 0.00108278 -0.00395052 3.09268e-04 0.0041078787 0.0 16 23.0783845417 2.2038341105 0 0 1 3 4 7 1 0 0 7 
673 1 10.6562 3.93328 17.3745 -4.86193e-04 7.89617e-04 9.487e-04 0.0013266161 0.0 15 24.592006652 2.4768747884 0 0 0 4 5 5 1 0 0 7 
54 2 14.7646 4.34244 11.9209 0.00205225 0.00262222 -0.00195008 0.0038588314 0.0 16 13.8387525546 2.1195363413 0 0 2 2 5 5 1 1 0 8 
819 2 12.0134 4.18803 13.6 -0.00186101 -0.00406168 6.0426e-04 0.0045084069 0.0 14 18.3424802663 2.2101156815 0 0 0 4 6 2 2 0 0 7 
146 2 17.2052 2.9701 9.17032 -0.00178405 0.00389992 0.00271173 0.0050740211 0.0 15 16.2141946097 2.2015619298 0 0 0 4 5 5 1 0 0 7 
7 1 9.40148 5.67987 15.3308 5.82447e-04 0.00339123 -0.00108048 0.0036065388 0.0 16 22.2322907388 2.4086497263 0 0 0 4 5 6 1 0 0 7 
790 2 15.5953 3.92112 15.2661 0.00262804 0.0014313 -4.08955e-04 0.0030203407 0.0 15 13.4866782409 2.1874979743 0 0 1 4 3 5 2 0 0 7 
21 2 15.3525 6.11061 10.2387 0.00290912 0.00181905 -0.00206308 0.0040035261 0.0 14 12.5943915237 1.9075228193 0 0 0 1 10 3 0 0 0 6 
176 2 17.2374 4.65858 10.7299 -0.00340749 8.86884e-04 -0.00326206 0.0047998528 0.0 18 14.0097575148 1.9952954882 0 0 0 4 7 4 3 0 0 7 
793 2 19.456 4.38499 9.27547 0.00102246 0.00157676 -0.00190238 0.0026740692 0.0 12 16.1135205226 2.2879965585 0 0 0 3 6 3 0 0 0 6 
848 2 20.368 7.16265 12.1049 -0.00129912 0.00320195 -0.0043665 0.0055683497 0.0 14 14.3377834037 1.8889165699 0 0 0 4 4 6 0 0 0 6 
416 2 20.1083 1.88156 15.456 -1.47682e-04 -9.00014e-04 -0.0040797 0.0041804052 0.0 15 17.5526799393 2.2814403739 0 0 1 1 9 2 2 0 0 7 
636 2 23.0522 2.7659 11.4329 6.08652e-04 0.00314368 0.00126619 0.003443315 0.0 14 12.8327920738 1.9862827931 0 0 2 2 4 4 2 0 0 7 
635 2 19.2114 3.22464 13.273 0.00244369 0.00499518 0.00157193 0.0057787895 0.0 14 13.3217872459 1.9952954882 0 0 1 3 4 5 1 0 0 7 
523 2 20.7588 5.15201 14.5878 -0.00115429 0.00240346 -3.3601e-04 0.0026873608 0.0 18 14.4330418273 1.9531444753 0 0 0 3 8 5 2 0 0 7 
907 1 25.3634 3.9271 16.169 0.003259 -4.24122e-04 -0.00263728 0.0042138114 0.0 15 21.902401531 2.1990181327 0 0 0 4 5 5 1 0 0 7 
362 2 23.5353 0.198619 11.6128 0.00288251 -0.00274508 0.00235012 0.0046224877 0.0 16 16.9152808161 2.3132011864 0 0 4 2 3 3 2 1 1 9 
477 2 18.149 0.43249 14.4643 -0.00185325 -0.00136839 -8.78174e-05 0.0023053717 0.0 14 17.7229060336 2.1268494373 0 0 0 2 8 4 0 0 0 6 
6 2 24.0116 5.09857 11.3632 0.00266615 -8.74134e-04 0.00104365 0.0029936051 0.0 15 17.2444905601 2.1973065305 0 0 2 3 4 3 2 1 0 8 
752 2 26.4254 1.35129 12.2962 -9.13483e-04 0.0011512 -1.68774e-04 0.0014792557 0.0 12 15.8457239453 2.1154600969 0 0 1 2 5 4 0 0 0 6 
726 2 22.8304 6.59431 13.3847 -1.05839e-04 9.24047e-04 9.30721e-04 0.0013157911 0.0 14 16.2348403743 2.1047056148 0 0 0 2 8 4 0 0 0 6 
107 2 22.1404 6.8581 10.5362 5.26501e-04 0.00310262 -0.00316715 0.0044647837 0.0 15 14.9781622428 2.0939405219 0 0 1 4 3 5 2 0 0 7 
314 2 21.4591 8.39047 8.89806 -0.00146998 0.00105049 -8.93414e-04 0.0020155791 0.0 17 14.7348407825 2.1421890618 0 0 2 4 4 2 4 1 0 8 
211 2 23.2601 3.96691 13.9811 4.89125e-05 4.23416e-04 0.00154962 0.0016071701 0.0 13 14.821718232 2.1646050312 0 0 0 1 10 2 0 0 0 6 
159 2 22.7939 5.31611 15.8756 -4.19224e-04 -0.00195665 3.69136e-04 0.0020348192 0.0 11 13.7013713313 2.1095803428 0 0 0 3 6 2 0 0 0 6 
369 2 25.8783 3.64681 12.2976 2.27308e-04 -2.43267e-04 4.45108e-04 5.5584970254e-04 0.0 16 19.7039940189 2.201330622 0 0 0 3 7 5 1 0 0 7 
964 2 20.5887 6.29427 16.8699 -3.26654e-04 -0.00264099 -3.52018e-04 0.0026842965 0.0 13 11.2512919531 1.953603186 0 0 0 3 6 4 0 0 0 6 
138 2 19.9722 2.85485 11.1447 -0.00231515 -0.00482815 0.00195103 0.0056989008 0.0 13 12.8609106742 2.0857334697 0 0 0 3 6 4 0 0 0 6 
606 2 23.5049 6.56109 17.898 -0.00293929 -0.00122979 -7.42375e-04 0.0032715332 0.0 15 17.3008446614 2.1097115661 0 0 2 2 5 3 3 0 0 7 
855 1 24.3081 1.27018 16.3268 -0.00100979 -0.00165906 -0.00214962 0.0028970713 0.0 15 22.6881485325 2.2814403739 0 0 1 3 5 4 2 0 0 7 
484 2 22.0021 3.21604 16.131 -0.00135091 -2.29973e-05 -0.00372048 0.003958214 0.0 13 15.3456467182 2.2527175072 0 0 1 3 4 4 1 0 0 7 
349 1 26.6152 6.61004 17.1102 1.90345e-05 4.41702e-04 -0.00220671 0.0022505626 0.0 13 21.1763920574 2.218445 0 0 0 4 4 5 0 0 0 6 
861 2 24.4334 1.78579 13.2221 0.00385323 0.00310536 6.76634e-05 0.0049492646 0.0 13 15.9401132686 2.1990181327 0 0 0 3 6 4 0 0 0 6 
305 2 19.2077 5.01532 11.7742 0.00148677 -6.89714e-04 -3.09972e-04 0.0016680147 0.0 13 13.1014735083 1.9595352868 0 0 0 4 5 3 1 0 0 7 
684 1 24.3879 3.37678 18.8225 -2.43578e-04 -9.5715e-04 -0.00178186 0.0020372755 0.0 15 21.6831518876 2.155944746 0 0 0 3 7 4 1 0 0 7 
87 2 19.7103 3.91743 17.1965 -0.0016407 0.00228593 0.00340111 0.0044141728 0.0 14 16.3207109633 2.1472358302 0 0 2 0 8 2 2 0 0 7 
361 2 20.0335 0.956791 13.0729 9.89143e-05 -7.51302e-05 3.66172e-04 3.8666590137e-04 0.0 13 15.6598209861 2.2503997222 0 0 1 2 5 5 0 0 0 6 
857 2 21.3467 0.946668 11.1312 0.00226402 -0.00116938 9.92062e-04 0.0027344877 0.0 13 14.9820950558 2.1821108638 0 0 0 5 3 4 1 0 0 7 
698 1 25.73 7.74552 12.0219 0.00399032 -0.00147593 -0.00245172 0.0049103925 0.0 17 22.3903450215 2.201330622 0 0 1 3 6 5 1 1 0 8 
529 2 18.1462 6.92866 13.512 -2.26753e-04 6.38677e-04 7.84392e-04 0.0010366272 0.0 15 14.1752793035 2.0293752907 0 0 0 3 6 6 0 0 0 6 
945 2 22.2956 7.7054 16.1754 -6.12832e-04 -0.00142875 0.00112671 0.0019199909 0.0 15 12.3893485946 2.0766897485 0 0 2 3 3 4 3 0 0 7 
206 2 22.0885 2.14544 13.6267 -5.94404e-04 0.00181217 -0.00354492 0.0040253862 0.0 15 15.6293499262 2.2814403739 0 0 1 2 6 5 1 0 0 7 
564 2 21.7296 4.60369 12.254 0.00177505 0.00205606 0.00147342 0.0030901702 0.0 12 12.9648214426 1.9192763264 0 0 0 2 8 2 0 0 0 6 
974 1 25.724 6.71897 14.6106 8.1848e-04 0.00258053 -0.0036908 0.0045772316 0.0 16 21.936117225 2.201330622 0 0 1 2 6 6 1 0 0 7 
741 2 20.2112 7.54123 14.8072 -1.92063e-04 -0.00405607 3.31269e-04 0.004074105 0.0 12 12.5108420535 1.8304812945 0 0 1 1 7 3 0 0 0 6 
876 2 19.4499 6.86874 9.59278 -0.0012405 -0.0027857 3.11578e-05 0.0030495796 0.0 14 14.7081211645 2.257882675 0 0 0 3 6 5 0 0 0 6 
610 2 25.2254 1.6592 10.554 -4.79568e-04 1.65346e-04 -0.00177172 0.0018429098 0.0 14 12.1787601068 2.0040170105 0 0 3 1 3 6 0 1 0 8 
596 2 24.5238 9.1464 16.3868 -0.00192566 -0.00382051 -0.00136973 0.0044922849 0.0 14 18.2588649264 2.218445 0 0 1 3 4 5 1 0 0 7 
717 2 21.8794 4.39655 9.69881 0.00291875 -8.1278e-04 0.00263553 0.0040156857 0.0 15 14.7228042576 2.2426310383 0 0 1 2 6 5 1 0 0 7 
474 2 21.1633 9.58242 13.5327 -0.00146385 9.03367e-04 0.00408829 0.0044354305 0.0 15 12.6295982687 1.8601183946 0 0 2 3 2 6 2 0 0 7 
649 2 23.0492 9.03001 11.9487 -0.00142747 0.00314408 -3.3557e-04 0.0034692242 0.0 15 14.8700498217 2.1369918378 0 0 3 2 5 1 2 2 0 8 
894 2 20.5253 9.53404 16.0476 -0.00154941 0.00413042 -0.00375312 0.0057919729 0.0 15 12.4633505656 1.9076583486 0 0 2 1 5 6 1 0 0 7 
346 2 17.9427 8.98885 9.07525 7.77384e-04 0.0030913 -8.66051e-04 0.0033031055 0.0 16 17.6381442058 2.2883243266 0 0 1 5 2 5 3 0 0 7 
998 2 18.4531 8.13736 16.5997 -8.60945e-04 2.62013e-04 -6.05623e-04 0.0010847379 0.0 16 14.5922511021 2.0074076656 0 0 0 3 6 7 0 0 0 6 
429 2 0.555459 12.2961 7.2674 -0.00217247 -0.00442757 0.00213496 0.0053741098 0.0 14 11.954982198 1.9227024752 0 0 0 3 6 5 0 0 0 6 
667 1 6.07328 10.0656 10.6588 2.81677e-04 -0.0016345 -7.45466e-05 0.0016602679 0.0 14 20.5294579114 2.242391451 0 0 1 2 7 2 2 0 0 7 
80 1 5.02249 17.5448 11.2062 -0.0035609 1.94359e-04 0.00337179 0.0049078256 0.0 15 22.5848630814 2.3428917607 0 0 0 4 5 5 1 0 0 7 
435 1 4.27635 17.0842 17.197 -0.00368111 -0.00133841 -0.00175398 0.0042916614 0.0 16 22.0546144328 2.275912014 0 0 2 4 2 5 2 1 0 8 
611 1 2.8235 18.1494 9.44051 -3.84618e-04 -0.00272083 -0.00328441 0.004282312 0.0 14 23.9309254791 2.3269196359 0 0 0 4 4 6 0 0 0 6 
709 1 8.07721 15.3025 15.0124 -0.00330225 2.41957e-04 -1.99597e-04 0.0033171128 0.0 15 21.650321335 2.2969290384 0 0 2 2 5 4 1 1 0 8 
405 1 1.49241 15.7381 16.7882 1.83963e-04 -0.00320788 5.4458e-04 0.0032589728 0.0 15 22.6528808676 2.275912014 0 0 1 4 3 6 0 1 0 8 
208 1 7.99177 12.6968 13.2718 -0.00261348 0.00159794 -9.23193e-04 0.0031993711 0.0 18 23.9760647133 2.2969290384 0 0 3 5 0 5 3 2 0 8 
954 1 3.45189 15.8685 13.6695 3.80309e-04 4.54982e-04 -0.00165015 0.0017534647 0.0 15 23.1238234053 2.3018904371 0 0 0 2 8 5 0 0 0 6 
465 2 9.81545 10.4196 11.257 4.02983e-04 -0.00223876 0.0052842 0.0057530176 0.0 14 15.6715672818 2.242391451 0 0 0 4 4 6 0 0 0 6 
899 1 5.36065 14.5755 15.5726 0.00221161 -0.00355161 -0.00225959 0.0047550919 0.0 15 21.9321531324 2.2709573676 0 0 1 3 5 4 2 0 0 7 
412 2 2.72293 11.7688 10.2016 3.96917e-04 -3.92861e-04 -0.00101907 0.0011620613 0.0 15 17.1318597912 2.1700516102 0 0 3 3 1 4 4 0 0 7 
458 1 6.0477 17.387 14.9269 6.54436e-04 8.49582e-04 9.23748e-04 0.0014154103 0.0 14 20.697922231 2.230916623 0 0 0 3 6 5 0 0 0 6 
541 1 5.40432 12.6069 11.2733 3.03161e-04 8.40557e-04 1.42437e-04 9.0483753301e-04 0.0 13 21.1332433992 2.1852573342 0 0 1 2 6 3 1 0 0 7 
397 1 7.44621 17.4886 12.473 4.59869e-04 0.00303716 -0.00269272 0.0040849188 0.0 13 19.6598334373 2.2510663232 0 0 1 3 4 4 1 0 0 7 
48 1 3.35413 9.47155 18.6696 -1.70468e-04 -3.42823e-04 1.67653e-04 4.1796468363e-04 0.0 15 22.0885861241 2.164921839 0 0 0 4 4 7 0 0 0 6 
108 2 0.698027 12.759 9.81144 -0.00116653 -9.74363e-04 -0.00448485 0.0047354044 0.0 13 13.1996423066 2.0236338531 0 0 1 3 5 2 2 0 0 7 
319 1 7.31466 9.69486 13.3839 0.00314809 -1.22372e-04 0.00270949 0.0041553317 0.0 16 23.0441828508 2.332640595 0 0 2 4 2 5 2 1 0 8 
486 1 0.744312 16.549 14.1812 1.83337e-05 9.63753e-04 0.00227672 0.0024723693 0.0 14 22.1932169343 2.174023037 0 0 0 4 4 6 0 0 0 6 
627 1 6.16009 15.0649 12.9076 -5.03413e-04 8.17906e-04 0.00172766 0.0019766649 0.0 13 19.4536759882 2.1361230272 0 0 0 2 8 3 0 0 0 6 
165 1 8.52494 11.1835 16.1451 -1.01058e-04 -0.00211025 -0.00264218 0.0033829695 0.0 17 22.5556663295 2.2564490987 0 0 1 5 2 6 3 0 0 7 
114 1 5.88237 11.8755 14.9043 -0.0010926 -8.40968e-04 0.00325984 0.0035394292 0.0 14 20.9526265501 2.1852573342 0 0 1 2 7 2 2 0 0 7 
716 1 0.576693 10.2314 17.3838 -0.00216593 4.61589e-04 5.90872e-04 0.0022920399 0.0 15 22.4123642358 2.2726712067 0 0 0 4 4 7 0 0 0 6 
883 1 2.55988 10.6902 15.0888 -9.54268e-05 -0.00150262 -0.00179975 0.0023465023 0.0 14 21.9769605803 2.2339969086 0 0 0 3 6 5 0 0 0 6 
431 1 3.81533 10.2126 12.4929 0.00203844 5.07084e-04 0.00279285 0.003494622 0.0 14 21.0115582268 2.2940866574 0 0 0 3 6 5 0 0 0 6 
226 1 5.0839 9.25601 15.6895 -0.00200581 -0.00245628 -0.00323551 0.0045304647 0.0 13 22.2949177712 2.332640595 0 0 0 5 2 6 0 0 0 6 
773 1 7.68708 13.5486 17.2804 -0.00266742 -3.63247e-04 0.00164067 0.0031525983 0.0 15 21.8765845229 2.4820558827 0 0 1 2 7 3 2 0 0 7 
174 1 1.21803 13.7438 14.7971 0.00268804 4.16609e-04 -3.6588e-04 0.0027446294 0.0 16 22.3637508824 2.2655072222 0 0 0 4 4 8 0 0 0 6 
981 1 3.47562 15.0543 11.0313 -0.00154452 -0.00165911 0.00203431 0.003045752 0.0 15 24.0015070168 2.3086015422 0 0 1 2 7 3 2 0 0 7 
587 1 3.12719 12.7177 17.1936 -0.00102276 4.60033e-04 0.00109721 0.001568929 0.0 14 23.0296906579 2.275912014 0 0 1 4 2 6 1 0 0 7 
763 1 3.61534 12.8437 13.4021 5.27491e-04 0.00159013 8.6073e-04 0.0018835117 0.0 13 20.9521389094 2.1790494361 0 0 0 1 10 2 0 0 0 6 
238 1 6.84089 15.203 10.0732 -6.14973e-04 0.00119706 5.51995e-04 0.0014545937 0.0 13 20.2751377341 2.1657616165 0 0 0 3 6 4 0 0 0 6 
672 1 1.18741 16.8784 11.3012 -0.00160863 -0.00175174 4.44447e-05 0.0023787095 0.0 15 22.941626116 2.2863832701 0 0 0 2 8 5 0 0 0 6 
453 2 0.942044 11.5038 12.3057 -0.0015889 0.0010135 -0.00124314 0.0022576941 0.0 15 19.4881219786 2.1888883133 0 0 1 1 9 2 2 0 0 7 
215 2 1.34859 10.4822 8.66211 0.00192674 -9.23782e-04 -0.00136611 0.0025361303 0.0 15 13.635733541 2.0704547991 0 0 3 2 3 4 2 1 0 8 
171 2 8.36437 12.5539 9.91148 9.14127e-04 -0.00266552 -0.00112868 0.0030355467 0.0 14 18.3207379115 2.242391451 0 0 0 3 6 5 0 0 0 6 
326 1 7.14706 17.983 9.36192 -2.98293e-04 9.63755e-04 7.86921e-04 0.0012794714 0.0 14 21.1532646899 2.2293829773 0 0 1 3 4 5 1 0 0 7 
546 2 15.7206 9.40436 9.89667 0.00248932 -5.10034e-04 -0.00106662 0.0027558169 0.0 15 15.0773023739 2.2777147363 0 0 0 5 4 4 2 0 0 7 
650 2 13.2281 8.51751 16.0118 0.00120965 0.00409223 0.0014263 0.0044993256 0.0 14 12.852335308 1.8298112439 0 0 0 3 6 5 0 0 0 6 
721 1 17.0377 17.5049 12.0882 -0.00508745 -0.00128026 -1.92203e-04 0.0052495862 0.0 15 23.5197992662 2.4264013602 0 0 1 2 6 5 1 0 0 7 
398 2 16.2393 14.3599 16.0773 0.00415361 -0.00203537 0.00195039 0.0050198833 0.0 13 18.2191977056 2.4681095534 0 0 1 3 5 3 0 1 0 8 
306 2 11.0042 11.7628 13.6361 0.00619035 -0.004737 0.0054307 0.0095001108 0.0 14 19.5542612791 2.2916463029 0 0 3 2 3 4 0 2 0 8 
304 1 11.5138 14.9859 14.2021 0.00406108 -7.63403e-07 -0.00348541 0.0053516777 0.0 14 22.2937049891 2.2969290384 0 0 0 3 6 5 0 0 0 6 
824 2 13.6541 12.3334 10.9227 1.7027e-04 0.00178608 0.00315667 0.0036309281 0.0 14 18.4093687347 2.2777147363 0 0 0 3 7 3 1 0 0 7 
959 2 15.4281 12.7478 12.4222 -0.00501659 -3.38627e-04 -6.78088e-04 0.0050735241 0.0 14 15.9694151017 2.4537939865 0 0 0 5 3 5 1 0 0 7 
117 1 10.0334 17.4011 14.0701 0.00144396 0.00113211 0.00332582 0.0037983907 0.0 14 21.39852739 2.2408169867 0 0 0 4 4 6 0 0 0 6 
44 2 12.16 10.6209 11.3515 -0.00116312 5.07944e-04 6.87641e-04 0.0014435046 0.0 13 12.6418905741 1.9443588076 0 0 0 3 6 4 0 0 0 6 
678 1 14.4258 18.0528 10.7806 -2.82312e-04 -4.98415e-04 0.00260357 0.0026658384 0.0 14 20.2572848633 2.2489358929 0 0 0 4 4 6 0 0 0 6 
761 1 10.4943 13.3505 16.6256 -0.0038409 -0.00276626 -0.00134064 0.0049195551 0.0 14 22.7478636552 2.3784198982 0 0 0 4 5 4 1 0 0 7 
142 2 15.8923 8.68886 16.2032 0.00173576 -6.36391e-05 0.00163459 0.00238512 0.0 14 12.6165552505 2.0293752907 0 0 0 2 8 4 0 0 0 6 
658 2 16.9276 11.0413 13.1995 3.52624e-04 -0.00248228 -9.39686e-04 0.0026775114 0.0 12 11.6179852877 1.8512073321 0 0 0 3 6 3 0 0 0 6 
451 2 16.9428 10.5104 15.3704 6.22424e-04 -0.00137063 -0.0013806 0.0020425706 0.0 14 12.4146897991 1.9162261319 0 0 1 5 1 5 2 0 0 7 
327 1 14.2758 15.7391 13.7824 -0.00169573 0.00189417 -2.39954e-04 0.0025536167 0.0 16 24.7316479317 2.4681095534 0 0 0 1 10 5 0 0 0 6 
376 2 12.9184 9.12684 13.2876 -8.8994e-04 -0.00381293 7.97156e-04 0.0039957335 0.0 15 13.6691508098 1.914975266 0 0 0 4 4 7 0 0 0 6 
938 1 17.35 13.9682 8.95627 -6.42906e-04 -2.32868e-04 -0.00437566 0.0044287646 0.0 14 22.6171079043 2.2656418507 0 0 0 3 6 5 0 0 0 6 
532 1 9.67589 15.9297 9.20569 -0.00398341 0.00164837 -0.00531643 0.0068446407 0.0 15 22.2604363493 2.1833813406 0 0 1 2 7 3 2 0 0 7 
970 2 10.3547 9.17015 13.5446 4.14828e-04 -0.00244956 -0.00287364 0.0037987147 0.0 16 17.4583284001 2.2816515482 0 0 3 4 1 4 2 2 0 8 
180 2 11.036 10.2995 17.8921 0.00134251 -8.21103e-04 -2.11878e-04 0.0015879029 0.0 14 18.7437002543 2.1685796603 0 0 0 4 5 4 1 0 0 7 
862 2 15.4711 12.3751 14.6078 0.00115675 0.00371464 -0.0023289 0.0045343573 0.0 13 13.1702968419 2.2986838154 0 0 1 3 5 2 2 0 0 7 
860 2 14.6845 10.3537 11.942 0.00259916 -0.00429183 -7.5904e-04 0.0050746014 0.0 13 12.7216321861 1.9945726373 0 0 0 2 8 3 0 0 0 6 
73 1 10.5087 16.1919 16.7512 -4.04444e-05 -2.38199e-04 0.00258511 0.002596376 0.0 14 22.9532864653 2.4820558827 0 0 0 4 4 6 0 0 0 6 
75 2 8.72929 10.1881 9.16366 -0.00322573 -0.00572274 -0.00395798 0.007669465 0.0 12 16.1962447721 2.0889249897 0 0 0 2 8 2 0 0 0 6 
743 1 13.3305 14.4563 16.1841 0.00195507 5.53073e-04 0.00130771 0.0024162562 0.0 15 22.0342336723 2.1889282494 0 0 1 0 10 3 1 0 0 7 
310 1 12.5731 15.8074 11.3378 -0.00153914 8.35198e-04 -0.00491722 0.005219728 0.0 16 23.1663898764 2.2511139589 0 0 0 3 6 7 0 0 0 6 
960 2 10.6791 12.6164 11.0259 1.35418e-04 7.71204e-04 6.44606e-04 0.0010142044 0.0 14 18.8291559879 2.2511139589 0 0 0 2 8 4 0 0 0 6 
438 2 14.8671 10.0997 14.783 -3.50933e-04 -2.07771e-04 -0.0032932 0.0033183564 0.0 13 11.6898721634 1.8989105505 0 0 1 3 4 4 1 0 0 7 
323 2 18.3288 14.0595 12.1657 0.00152327 -7.30489e-04 6.95697e-04 0.0018270085 0.0 17 20.0511653056 2.4681095534 0 0 0 4 6 5 2 0 0 7 
409 1 9.1367 15.2241 11.9338 -0.00350574 1.92429e-04 7.78922e-04 0.0035963817 0.0 14 22.2349411214 2.212769215 0 0 2 3 3 3 3 0 0 7 
260 2 13.4182 12.7149 13.6854 -0.00253648 -0.00135141 -0.0011416 0.003092457 0.0 15 16.7075286707 2.2511139589 0 0 0 2 8 5 0 0 0 6 
568 2 17.1486 11.2922 10.8301 -0.0033129 -0.00103237 0.00201824 0.0040142729 0.0 14 16.6289533911 2.2777147363 0 0 0 4 5 4 1 0 0 7 
209 2 14.5964 10.0001 7.62621 -0.00143984 -3.61131e-04 -0.00156103 0.0021541517 0.0 13 18.8189319384 2.2524729716 0 0 0 3 6 4 0 0 0 6 
317 2 14.0241 10.3971 17.1745 -4.48778e-04 3.69064e-04 0.00334739 0.0033974446 0.0 14 14.860857105 2.1889282494 0 0 2 2 5 3 1 1 0 8 
753 2 12.7078 11.096 15.2321 -7.76236e-04 0.00111437 0.00222222 0.0026043472 0.0 15 16.4658689159 2.1889282494 0 0 2 2 3 7 1 0 0 7 
727 1 15.3964 15.209 10.8399 -0.001153 0.00174599 0.00102593 0.0023303267 0.0 12 22.6446015272 2.3882100349 0 0 0 4 5 2 1 0 0 7 
758 2 17.8744 12.77 17.8421 -8.57573e-04 0.00143441 9.9992e-05 0.0016742049 0.0 12 13.666182363 2.1322985917 0 0 0 4 4 4 0 0 0 6 
96 2 18.8318 10.7882 17.3029 7.47386e-04 5.2531e-04 0.00308218 0.0032147115 0.0 14 12.9713687189 1.9076583486 0 0 0 4 4 6 0 0 0 6 
972 2 18.5702 9.39391 14.0695 0.00305999 0.00152057 -0.00288939 0.004474846 0.0 15 13.97337836 2.0293752907 0 0 0 4 5 5 1 0 0 7 
370 2 20.7932 9.35655 11.114 0.00558776 -0.00346827 -0.00235229 0.0069846422 0.0 14 13.2290370357 1.9404669876 0 0 1 5 2 3 3 0 0 7 
977 2 22.0498 12.1949 17.6588 0.00182486 -0.00114058 -0.00155086 0.0026525843 0.0 17 13.2833973436 1.9846923832 0 0 1 5 3 6 1 0 1 9 
548 2 24.64 16.9709 16.3175 -4.38088e-04 0.00106495 0.00171852 0.0020686591 0.0 15 20.2560231522 2.2056334071 0 0 0 2 8 5 0 0 0 6 
103 2 19.9043 13.0499 16.6735 -0.0049333 0.00593268 0.00136143 0.007835026 0.0 14 14.0268485634 1.9811368663 0 0 2 2 5 4 0 0 1 9 
538 2 17.9708 16.6719 14.7969 0.00328286 2.08977e-04 -0.00160571 0.0036604844 0.0 14 20.1323357219 2.4681095534 0 0 1 1 8 3 1 0 0 7 
550 2 23.3132 8.81259 14.2702 -0.00216751 0.00530154 -0.00109275 0.0058308257 0.0 13 13.4842993451 2.0599910462 0 0 2 2 4 3 2 0 0 7 
799 2 26.0642 10.5029 10.5042 -1.68145e-05 -0.00535685 0.00256397 0.0059388607 0.0 15 16.7073041878 2.1386917194 0 0 2 2 5 3 3 0 0 7 
356 2 24.4957 17.3002 13.2204 0.00119861 5.24774e-04 1.70751e-04 0.001319549 0.0 14 17.4337104026 2.2426821336 0 0 1 3 4 5 1 0 0 7 
755 2 25.1178 15.2478 12.1771 -0.00201707 -0.00253556 0.00403404 0.005174081 0.0 13 13.5193160189 2.1208797382 0 0 0 3 6 4 0 0 0 6 
57 2 23.0894 15.7081 10.616 0.00420277 -0.00417098 8.76402e-04 0.0059856854 0.0 14 15.3880086869 2.4046989763 0 0 0 4 4 6 0 0 0 6 
891 2 20.1974 11.4209 14.8035 -0.00257727 1.67805e-04 -0.00544448 0.0060260137 0.0 14 13.0010029561 1.8981112399 0 0 1 2 6 4 1 0 0 7 
682 2 25.0438 17.2867 10.6372 -0.00159573 0.00341777 8.08453e-05 0.0037728029 0.0 13 18.2269174709 2.2863832701 0 0 0 3 6 4 0 0 0 6 
118 2 22.5662 10.7983 15.3393 0.00193022 -0.00175924 -0.00313315 0.0040788851 0.0 14 13.0351884022 2.0349130218 0 0 0 3 6 5 0 0 0 6 
783 2 25.5729 11.4835 15.5881 2.96218e-05 -0.00123259 -9.29186e-04 0.0015438725 0.0 13 17.3601142306 2.2097138814 0 0 0 3 6 4 0 0 0 6 
714 2 22.2211 15.6969 13.667 -0.00323823 0.00106047 0.00183825 0.0038716783 0.0 13 12.88992066 1.9485949676 0 0 0 2 8 3 0 0 0 6 
127 2 24.9015 12.1326 9.06255 -8.01926e-04 8.44154e-04 -3.0604e-04 0.0012038861 0.0 15 13.3919920691 1.9230097058 0 0 0 3 6 6 0 0 0 6 
375 2 19.3312 11.5808 12.5295 -0.00277984 -3.70881e-04 0.00301155 0.0041151545 0.0 14 13.1312641799 1.9629636749 0 0 0 4 4 6 0 0 0 6 
65 2 24.9636 10.5022 13.2336 0.00206987 -0.00156616 4.92616e-04 0.002641948 0.0 13 16.5523327703 2.0899543942 0 0 0 3 6 4 0 0 0 6 
679 1 18.5 16.933 9.31386 0.00199336 0.00325671 0.00270357 0.0046785612 0.0 17 24.6027983279 2.4348840189 0 0 0 4 5 7 1 0 0 7 
261 2 23.7447 8.99778 8.61924 -0.00143981 -0.00263583 -0.0037364 0.0047938854 0.0 15 14.2350830948 2.1386917194 0 0 3 1 6 1 3 1 0 8 
681 2 21.4944 10.8472 8.89062 -0.00124622 -0.00100061 1.32179e-04 0.0016036695 0.0 12 14.9097906556 2.1348585472 0 0 3 1 3 3 2 0 0 7 
686 2 17.9855 12.7463 14.5346 6.22762e-04 -0.00123109 -0.00311656 0.0034082784 0.0 17 15.5679232597 2.3986308412 0 0 1 6 3 2 4 1 0 8 
205 2 22.4703 9.87412 17.5418 -0.00162462 -0.00156554 0.0032436 0.003951107 0.0 11 11.3974761675 1.905266552 0 0 1 2 6 1 1 0 0 7 
577 2 25.5156 12.831 13.6572 0.00191217 -0.0026604 -0.0026269 0.0041993721 0.0 13 15.1059415089 2.1176049173 0 0 0 3 6 4 0 0 0 6 
551 2 23.4294 10.596 10.3358 -0.00153636 0.0012127 -8.72413e-04 0.0021429297 0.0 14 13.5346861309 2.1386917194 0 0 1 5 2 4 1 1 0 8 
331 2 24.4142 15.1105 14.322 0.00137836 -0.00313565 -0.0024663 0.0042207598 0.0 13 14.3845711973 2.1208797382 0 0 0 4 4 5 0 0 0 6 
736 2 22.2637 13.3006 15.2729 7.57592e-04 -3.06847e-04 8.42846e-04 0.0011740912 0.0 16 15.5903711957 2.0349130218 0 0 0 2 8 6 0 0 0 6 
643 2 21.1988 12.0631 11.0754 -0.00116216 0.00343573 -4.04131e-04 0.0036494079 0.0 14 12.755758133 1.9390337301 0 0 2 3 3 4 1 1 0 8 
742 2 20.3731 17.1915 14.4075 0.00188277 0.00152285 -8.22618e-04 0.0025574588 0.0 13 15.7869128838 2.1876558003 0 0 1 3 5 2 2 0 0 7 
756 2 19.5776 14.7937 14.8391 9.41215e-04 -0.00299104 5.16667e-04 0.0031779161 0.0 14 13.8744634189 2.0961106597 0 0 1 3 5 3 2 0 0 7 
989 2 25.1957 13.9576 16.1457 8.39965e-04 -0.00361783 0.00277809 0.0046381051 0.0 12 16.1011910026 2.1537284283 0 0 0 2 8 2 0 0 0 6 
955 2 20.495 13.7194 13.0512 0.00138528 0.00163333 5.03502e-04 0.0022000641 0.0 12 12.2160607151 1.8248416014 0 0 0 3 6 3 0 0 0 6 
655 2 20.4861 14.1893 10.6071 -0.00407576 -0.0010205 -0.00313919 0.0052447835 0.0 15 18.8863548348 2.4348840189 0 0 0 4 5 5 1 0 0 7 
89 2 22.3921 11.5862 13.1788 -0.00124701 0.00246947 -0.00296888 0.0040580247 0.0 15 14.3121189811 2.0304384661 0 0 1 3 6 3 1 1 0 8 
443 2 22.5737 17.7271 15.1391 -0.00265396 -0.0012402 -0.00283994 0.0040800562 0.0 13 17.8234489584 2.2911025849 0 0 1 3 4 4 1 0 0 7 
916 2 22.8254 14.0007 12.3255 -0.00385747 6.65238e-04 0.00385023 0.0054906181 0.0 13 13.3920077016 1.9608727122 0 0 0 3 6 4 0 0 0 6 
163 2 22.997 13.2341 9.70575 -0.00418352 0.00329453 -6.10615e-04 0.0053599084 0.0 14 15.6796097775 2.2180521398 0 0 0 3 6 5 0 0 0 6 
640 2 0.328217 13.9684 11.7146 -6.21705e-04 0.00103275 0.00187784 0.0022314508 0.0 14 16.7259970335 2.1753021014 0 0 0 4 4 6 0 0 0 6 
503 2 25.9416 14.8838 9.97027 -0.00241489 0.00282445 -0.00143686 0.003984191 0.0 13 13.5399204951 1.940777565 0 0 0 1 10 2 0 0 0 6 
941 2 19.2637 11.0638 9.98751 5.0135e-04 -0.00199807 -3.77099e-04 0.0020942395 0.0 14 15.5950770302 2.1192590059 0 0 1 3 4 5 1 0 0 7 
35 2 24.4028 12.1147 17.4451 -0.00140412 0.00187068 -0.00159608 0.00283169 0.0 15 15.6588807676 2.2726712067 0 0 0 1 10 4 0 0 0 6 
151 2 21.708 17.8371 17.5053 0.00173145 -0.00383157 0.00270069 0.0049972567 0.0 13 18.192702705 2.2911025849 0 0 0 2 8 3 0 0 0 6 
203 2 22.2463 17.5298 11.8202 -7.86215e-04 0.00149005 -4.96623e-04 0.0017564218 0.0 14 19.4837589131 2.4348840189 0 0 0 5 3 5 1 0 0 7 
633 2 19.7917 15.9018 12.4016 0.00280763 0.00185957 -0.00237949 0.0041234402 0.0 14 17.4881941091 2.4081422516 0 0 1 3 4 5 1 0 0 7 
229 2 21.5839 15.6209 16.1385 -0.00315582 -0.00250134 -0.00253535 0.0047585608 0.0 15 12.9672951762 1.9614503968 0 0 1 3 4 6 1 0 0 7 
227 2 24.8024 12.5423 11.4569 0.0035188 -1.6975e-04 -0.00100543 0.0036635581 0.0 15 13.7691257145 1.9141945838 0 0 0 2 8 5 0 0 0 6 
31 1 6.29111 22.0582 18.1559 -0.0031549 -0.0014681 -0.00125352 0.0036986516 0.0 16 22.8586018279 2.3336119113 0 0 0 3 7 5 1 0 0 7 
522 1 8.60047 18.6055 16.7332 0.00260235 -0.00150139 0.00103282 0.0031769663 0.0 15 20.9761768708 2.3336119113 0 0 0 3 6 6 0 0 0 6 
705 1 0.445267 18.3763 17.1051 8.05387e-04 -0.00505021 0.00187993 0.0054486151 0.0 14 21.4621505141 2.193028193 0 0 1 4 3 4 2 0 0 7 
225 1 26.3589 19.4786 14.0447 0.00235941 0.00529766 -7.6687e-04 0.0058497954 0.0 14 22.0672144457 2.2863832701 0 0 0 4 4 6 0 0 0 6 
264 2 2.97122 26.0956 8.85967 0.00175649 0.00286973 0.00139473 0.0036422355 0.0 14 12.5981821994 2.1265219901 0 0 2 3 3 3 3 0 0 7 
94 2 1.61994 24.4091 9.8588 -0.00302827 2.96948e-04 -8.26013e-04 0.0031529185 0.0 14 17.4853111835 2.1385591395 0 0 1 3 4 5 1 0 0 7 
109 1 0.133006 19.8251 10.2181 -6.61824e-04 -0.00639333 -3.16899e-04 0.0064353014 0.0 14 22.1230465967 2.2863832701 0 0 0 1 10 3 0 0 0 6 
733 1 5.97453 25.6374 17.307 9.77578e-05 -9.61553e-04 -5.86812e-04 0.0011307029 0.0 15 21.5142761235 2.2363319457 0 0 0 3 7 4 1 0 0 7 
570 1 7.67006 24.8888 15.1202 -0.00453951 -1.83528e-04 -0.00497167 0.0067348598 0.0 16 23.0497207369 2.2299883 0 0 2 3 3 7 0 0 1 9 
875 1 0.611035 21.2217 16.4238 -0.00193521 -0.00252845 0.00162493 0.003574702 0.0 16 20.7902703379 2.1361154565 0 0 1 3 5 5 2 0 0 7 
13 1 1.56995 23.9937 14.939 0.00240863 -0.00474213 -0.00278019 0.0060015625 0.0 12 19.6402628343 2.1137263239 0 0 0 0 12 0 0 0 0 5 
711 1 3.91012 23.6556 16.8248 0.00142237 -0.00396178 0.00268942 0.0049951794 0.0 13 21.1293789609 2.1834030835 0 0 0 2 8 3 0 0 0 6 
282 1 2.24678 26.4572 16.1553 -0.00122875 0.0019692 0.00153534 0.002782956 0.0 16 22.2783327615 2.4090850103 0 0 3 1 4 6 1 1 0 8 
220 1 3.25971 21.0266 17.5402 0.00229704 9.60686e-04 0.00148898 0.0029010984 0.0 15 20.3802858227 2.2502736566 0 0 2 3 3 4 3 0 0 7 
863 1 7.35429 20.087 11.4814 7.15219e-04 0.00100106 -3.7861e-04 0.001287247 0.0 13 21.3567389378 2.2577982116 0 0 0 3 6 4 0 0 0 6 
67 1 27.107 21.919 12.7857 0.0035847 0.0014199 -2.80042e-04 0.0038658264 0.0 14 21.9132829523 2.2516553552 0 0 0 3 6 5 0 0 0 6 
782 1 8.29461 22.4164 13.1464 0.0031267 0.00346023 -5.73853e-04 0.0046988032 0.0 14 20.4297842393 2.2013497171 0 0 1 2 5 6 0 0 0 6 
178 1 6.59167 24.4486 12.3031 4.85716e-04 -0.00130797 -8.82891e-04 0.0016511215 0.0 15 23.0363062323 2.379393767 0 0 1 4 3 5 2 0 0 7 
592 2 10.6116 22.4745 9.64873 6.19926e-06 -6.9733e-05 -8.34591e-05 1.0893366553e-04 0.0 13 15.7680592931 2.1128760396 0 0 1 0 9 3 0 0 0 6 
952 1 2.73866 18.5255 15.4109 -0.00137022 0.00134802 -0.00366889 0.0041419095 0.0 14 21.4963198584 2.2791567072 0 0 1 3 5 3 2 0 0 7 
421 1 5.03499 19.9507 13.2406 -0.00105501 -0.00369364 0.00128193 0.0040496132 0.0 16 21.8515698239 2.3428917607 0 0 1 5 3 4 2 1 0 8 
130 1 5.27284 19.7748 16.2167 -0.00357347 0.00240952 2.48811e-04 0.0043171034 0.0 13 19.7422735741 2.3166560739 0 0 1 2 6 3 1 0 0 7 
526 1 2.74809 23.3417 12.3895 7.02511e-04 -3.80773e-04 4.46303e-04 9.1525742306e-04 0.0 15 21.1631831122 2.25721631 0 0 2 2 6 2 2 1 0 8 
24 1 2.07007 19.6547 12.9237 -0.00193514 -0.00193667 -0.00253048 0.0037281076 0.0 15 22.5883220123 2.3428917607 0 0 1 3 5 4 2 0 0 7 
25 1 3.22549 21.4459 14.7095 0.00147742 -0.0011025 -8.82971e-04 0.0020439946 0.0 13 20.3674911882 2.2396985649 0 0 1 3 5 2 2 0 0 7 
251 1 4.57167 24.9738 14.3593 -0.00206953 -0.00116284 0.00300683 0.00383095 0.0 15 23.3549713609 2.3002775201 0 0 1 2 7 3 2 0 0 7 
710 1 5.19115 22.1736 11.3574 -8.22716e-04 -0.00507113 0.00220272 0.0055897403 0.0 14 20.7473100372 2.25721631 0 0 3 2 4 2 1 2 0 8 
40 1 6.18012 22.1432 14.9535 0.00177464 9.92282e-04 0.00129685 0.002411595 0.0 15 21.7074610729 2.25721631 0 0 1 4 4 3 3 0 0 7 
827 1 7.77479 19.8499 14.5842 -0.00369111 1.55769e-04 -9.03703e-04 0.0038033191 0.0 14 20.399407661 2.3336119113 0 0 0 2 8 4 0 0 0 6 
390 2 3.95836 24.0566 9.42837 -0.00198206 5.45161e-04 -0.00117433 0.0023674487 0.0 13 16.696540147 2.239623285 0 0 1 3 5 2 2 0 0 7 
812 2 8.25078 22.3779 9.96895 6.37652e-04 -0.00101382 5.24478e-04 0.0013074816 0.0 13 16.6942915955 2.143548691 0 0 0 1 10 2 0 0 0 6 
936 1 2.58743 21.3098 10.371 0.00285006 -0.00141773 -0.00280979 0.0042459063 0.0 16 22.5462628014 2.3428917607 0 0 0 4 6 4 2 0 0 7 
800 1 9.02318 22.4444 16.2704 -0.00262862 8.28194e-04 0.00218182 0.0035150942 0.0 13 20.5455731795 2.3336119113 0 0 0 3 6 4 0 0 0 6 
750 1 5.13226 20.3315 9.19495 -0.00250976 -0.00263765 2.71619e-04 0.0036510094 0.0 15 21.7266633635 2.3329395329 0 0 0 5 3 6 1 0 0 7 
724 2 8.59473 25.2228 9.55454 1.93067e-04 -5.4122e-04 0.00114939 0.0012850258 0.0 15 15.4541062768 2.3118040713 0 0 0 1 10 4 0 0 0 6 
663 1 17.6736 19.3852 16.9643 9.85038e-04 0.00242145 6.06698e-05 0.0026148424 0.0 15 22.6564502736 2.2415221829 0 0 0 2 8 5 0 0 0 6 
728 2 9.84903 24.2645 11.548 -3.06954e-04 -0.00202391 0.00201168 0.0028700677 0.0 14 19.4085643596 2.2185673864 0 0 1 3 5 4 0 1 0 8 
578 1 11.0674 18.9517 18.1753 1.18747e-04 -0.00419806 -6.52836e-04 0.0042501769 0.0 14 20.9365322949 2.1788202824 0 0 0 4 4 6 0 0 0 6 
885 1 10.4685 26.0982 13.6567 0.00202941 0.0010568 -0.00315544 0.0038977087 0.0 15 21.7710555427 2.2276434407 0 0 5 0 4 2 2 1 1 9 
444 1 10.6192 20.342 15.2435 0.00286544 7.15286e-04 0.00434663 0.0052550521 0.0 13 19.3538249488 2.1471425206 0 0 0 3 6 4 0 0 0 6 
544 1 12.4616 19.9203 10.1653 1.90783e-05 0.00210798 2.29656e-04 0.002120539 0.0 13 20.3810759936 2.1821666104 0 0 0 3 6 4 0 0 0 6 
140 1 11.1877 23.1807 14.4645 0.00408008 -0.00457476 0.00220592 0.0065147191 0.0 15 21.3270768713 2.2722926046 0 0 1 2 7 3 2 0 0 7 
802 1 13.0783 22.3904 11.9521 -3.75485e-04 0.00208293 3.7413e-04 0.0021493161 0.0 15 21.6945894379 2.1191054531 0 0 0 1 10 4 0 0 0 6 
481 1 15.5083 22.7613 17.8258 -0.00322034 0.00111061 0.00366802 0.0050058381 0.0 16 22.7570193068 2.2662076569 0 0 1 4 3 6 2 0 0 7 
731 1 10.6975 24.9242 16.4689 -0.00147239 -0.0012285 -4.19109e-04 0.0019628543 0.0 14 22.121287998 2.2658306986 0 0 1 2 7 2 2 0 0 7 
166 1 12.8106 18.4454 13.0957 -0.00309826 -0.00175796 0.00229495 0.0042375033 0.0 14 21.9620354646 2.2455454736 0 0 0 3 6 5 0 0 0 6 
204 1 13.0881 25.0782 12.6467 -0.00285568 -9.52731e-04 -0.00225624 0.003762077 0.0 15 20.6878677958 2.2018336314 0 0 1 4 4 4 1 1 0 8 
189 1 13.1207 20.9161 14.9716 -7.04454e-04 0.00777835 -0.00259061 0.0082286235 0.0 14 21.6513453814 2.2662076569 0 0 0 3 6 5 0 0 0 6 
191 1 17.4695 21.4385 11.6089 -2.6007e-04 -5.43379e-04 2.92319e-04 6.6958758972e-04 0.0 14 20.1181119273 2.1640453843 0 0 0 3 6 5 0 0 0 6 
670 1 17.3704 24.1139 14.5046 5.89637e-04 0.00541506 -0.00108947 0.005554952 0.0 13 20.1984494122 2.1608321356 0 0 0 3 6 4 0 0 0 6 
626 1 14.1923 19.7355 17.7792 -4.29754e-04 -1.28718e-04 4.31845e-04 6.2269328571e-04 0.0 14 22.859347508 2.2338342358 0 0 0 2 8 4 0 0 0 6 
950 1 15.4144 18.6956 14.9049 -0.00229503 -0.00299498 -5.90223e-04 0.0038190877 0.0 13 22.0711073863 2.2489358929 0 0 0 1 10 2 0 0 0 6 
248 1 17.0969 23.7597 9.69144 -0.00144274 -0.00186429 0.00492103 0.0054565202 0.0 15 21.7901308479 2.3645512174 0 0 0 3 6 6 0 0 0 6 
289 1 14.9301 21.4749 9.97146 3.25199e-04 0.00185143 -3.94234e-04 0.0019206686 0.0 14 21.5886478156 2.3645512174 0 0 1 3 5 3 2 0 0 7 
774 2 15.9203 26.6607 10.6406 -8.51803e-04 0.00163834 -0.002893 0.0034320803 0.0 14 15.4525993751 2.1968905362 0 0 2 3 4 2 2 1 0 8 
830 1 16.8763 19.2807 9.68591 -6.12781e-04 -0.00144008 -0.00337119 0.003716753 0.0 13 20.2326237353 2.2467366255 0 0 0 2 8 3 0 0 0 6 
32 2 11.4076 24.8302 9.95286 0.00217346 -0.00135526 -0.00311608 0.0040336847 0.0 13 14.3622990061 2.2018336314 0 0 2 2 5 1 3 0 0 7 
389 1 14.2043 23.4526 14.8392 7.50145e-04 0.00183017 0.00264366 0.0033016932 0.0 15 22.5552189453 2.2722926046 0 0 1 2 6 5 1 0 0 7 
677 1 10.3754 18.1573 11.3709 0.00118561 -0.00214738 0.00142466 0.0028366473 0.0 14 20.9901736859 2.2577982116 0 0 0 4 4 6 0 0 0 6 
267 1 16.3696 21.552 14.877 -0.00563192 -0.00112265 0.00117233 0.0058611623 0.0 14 21.2856058297 2.2203852292 0 0 0 3 6 5 0 0 0 6 
121 1 15.6929 23.6996 12.2358 0.00243519 0.00648773 -0.00176443 0.0071508044 0.0 13 20.4303822449 2.1107258852 0 0 0 1 10 2 0 0 0 6 
887 1 10.611 20.8402 12.6327 0.00177967 0.00614366 -0.00247645 0.0068589058 0.0 15 22.3987155519 2.2577982116 0 0 0 2 8 5 0 0 0 6 
78 1 15.2719 20.22 12.5924 0.00270759 -0.00141555 -0.00346986 0.0046232839 0.0 14 20.3953173366 2.1722754249 0 0 0 4 4 6 0 0 0 6 
86 1 15.7327 25.7439 16.6483 0.00764568 -0.00142607 0.00217895 0.0080769995 0.0 15 22.4261369781 2.1608321356 0 0 3 0 5 5 2 0 0 7 
524 1 12.47 17.9016 16.0449 -0.00188726 0.00318037 -2.66673e-04 0.0037077781 0.0 14 21.3764189028 2.158467739 0 0 0 1 10 3 0 0 0 6 
620 2 14.311 24.952 9.88306 0.00159676 0.00502278 1.80018e-04 0.0052735536 0.0 13 17.1024803349 2.3427768099 0 0 3 2 2 4 1 1 0 8 
591 2 8.32621 1.04259 9.75168 -0.00107726 -1.34305e-04 -0.00443254 0.0045635444 0.0 13 18.1103828675 2.4740336945 0 0 1 2 7 1 2 0 0 7 
135 1 18.6615 24.9997 12.2222 3.66764e-04 5.52283e-04 0.00151943 0.0016577695 0.0 17 22.2876277312 2.1968905362 0 0 1 1 10 3 1 1 0 8 
403 1 18.2823 19.4903 13.8609 0.00102908 3.72916e-04 0.00354025 0.003705596 0.0 14 21.4511907959 2.1876558003 0 0 1 3 5 3 2 0 0 7 
864 1 21.7128 25.9197 16.9035 -7.7447e-05 0.00132327 0.00330188 0.0035580125 0.0 14 21.6815592561 2.2814403739 0 0 2 0 8 2 2 0 0 7 
937 1 19.4219 22.1665 13.8112 -0.00147827 -7.87837e-04 0.00116376 0.002039683 0.0 14 22.1783231175 2.2508140798 0 0 1 1 8 3 1 0 0 7 
651 1 24.6811 25.2104 17.1295 0.00127585 -0.00239069 0.00123844 0.002979417 0.0 13 21.7646898514 2.4090850103 0 0 1 0 9 3 0 0 0 6 
912 1 25.8215 24.8615 12.2679 -2.43792e-04 6.81878e-04 -9.04539e-04 0.0011586988 0.0 18 22.5040097316 2.3132011864 0 0 2 3 5 5 2 0 1 9 
586 1 23.6033 23.0095 12.9109 -4.40985e-04 -9.51839e-04 -8.02733e-04 0.001320926 0.0 15 23.6976229816 2.34885908 0 0 3 3 2 4 2 0 1 9 
343 1 25.7412 22.9202 10.2925 0.00106259 -4.13966e-04 -0.0011881 0.0016468294 0.0 15 23.7510835131 2.2254034039 0 0 0 2 8 5 0 0 0 6 
344 1 22.3773 22.9836 15.6944 0.00410918 -0.00331482 -0.0014831 0.0054838834 0.0 16 24.6898800028 2.2508140798 0 0 0 3 6 7 0 0 0 6 
525 1 22.6006 23.822 9.46044 -6.8933e-04 0.00523423 0.00195866 0.0056310468 0.0 13 21.3280299711 2.3132011864 0 0 0 3 7 2 1 0 0 7 
847 1 22.1723 21.0846 18.168 4.67657e-04 -0.0010071 -0.0026609 0.0028832867 0.0 11 22.3861812847 2.2880886933 0 0 0 2 8 1 0 0 0 6 
868 1 19.7348 22.2696 10.52 5.68349e-04 1.28238e-04 -0.00262151 0.0026854758 0.0 15 22.1922824983 2.34885908 0 0 1 2 7 3 2 0 0 7 
908 1 24.4172 20.0925 11.999 7.10809e-05 -0.00305364 0.00211022 0.0037125191 0.0 15 23.8841260467 2.2581349174 0 0 1 2 5 7 0 0 0 6 
792 1 19.7975 25.0294 9.29603 -0.00477783 0.00305538 -0.00214008 0.0060615962 0.0 14 22.1946138194 2.1951710719 0 0 1 3 4 5 1 0 0 7 
917 1 21.7393 20.5939 13.2432 0.00365989 -0.00404673 0.00195617 0.0057963281 0.0 15 26.4460350083 2.34885908 0 0 2 2 4 5 2 0 0 7 
284 1 18.3477 22.535 16.7938 0.00190958 -0.00130751 -0.00173582 0.0028929482 0.0 14 20.591994768 2.189107699 0 0 1 2 6 4 1 0 0 7 
996 1 23.1488 25.6169 14.3572 -0.00236966 -0.00160134 0.00152537 0.0032413472 0.0 15 23.2585035918 2.2692918347 0 0 0 1 10 4 0 0 0 6 
182 1 21.5248 24.5728 11.955 -7.2392e-04 -0.00316389 -1.10061e-04 0.0032475181 0.0 16 22.6315749138 2.344397914 0 0 3 2 5 2 3 0 1 9 
365 1 20.0363 20.4808 16.1844 -5.39199e-04 -9.55648e-05 7.62591e-04 9.3883610171e-04 0.0 16 22.6867726476 2.2911025849 0 0 0 4 4 8 0 0 0 6 
641 1 20.2325 24.9667 14.7807 -9.15006e-04 0.00260809 -0.00257002 0.0037741717 0.0 13 21.037842767 2.2503997222 0 0 0 1 10 2 0 0 0 6 
419 1 22.34 20.9343 9.68209 -0.00267572 -0.00179821 -2.91577e-04 0.0032369822 0.0 15 22.7100729282 2.34885908 0 0 1 1 8 4 1 0 0 7 
181 1 19.7144 19.2778 11.0443 -7.52154e-05 -0.00442493 7.69566e-04 0.0044919812 0.0 14 23.2238980048 2.2829257437 0 0 0 3 6 5 0 0 0 6 
931 2 24.8681 26.0882 9.26192 -0.00372431 0.00775439 0.00203141 0.0088389861 0.0 15 17.1687602353 2.2677530076 0 0 1 3 6 2 3 0 0 7 
556 1 25.6731 23.0306 15.1196 0.00421812 9.64616e-04 -5.72819e-04 0.0043647614 0.0 14 21.4697665912 2.2581349174 0 0 0 2 8 4 0 0 0 6 
510 1 24.2771 20.4675 15.7213 -0.00170501 0.00421768 3.63446e-04 0.0045637678 0.0 16 25.361672221 2.2911025849 0 0 0 3 6 7 0 0 0 6 
762 1 26.4851 26.2538 14.7372 3.48608e-04 -0.00341084 1.84481e-04 0.0034335682 0.0 13 21.8273416536 2.4037979657 0 0 0 3 6 4 0 0 0 6 
88 1 0.5065 23.9356 17.6774 0.00273865 -7.81051e-04 -7.136e-04 0.0029358933 0.0 15 21.9420658518 2.4090850103 0 0 1 3 4 6 1 0 0 7 
836 2 22.4936 0.0103154 9.22816 8.83994e-04 -0.00178466 7.40949e-04 0.0021249617 0.0 15 18.7439993138 2.2538442402 0 0 3 2 4 3 2 0 1 9 
308 1 18.6718 25.4067 17.1065 -8.88272e-04 0.00280114 0.00152733 0.0033118196 0.0 14 20.9092665696 2.1676893877 0 0 1 3 4 5 1 0 0 7 
630 2 2.03297 0.575088 26.5634 -5.19704e-04 -0.00485204 0.00153133 0.0051144263 0.0 16 19.2929264983 2.1803314733 0 0 1 3 7 1 4 0 0 7 
173 1 7.22272 26.8727 20.0099 0.00498542 0.004315 -9.51026e-04 0.0066616881 0.0 14 23.5012064522 2.5045575939 0 0 0 3 7 3 1 0 0 7 
427 1 0.559887 8.23531 19.3254 0.0027502 0.00114864 6.01717e-04 0.0030405653 0.0 12 19.9858299184 2.1141938519 0 0 1 2 5 4 0 0 0 6 
320 1 25.7729 7.37508 26.0695 -0.00131759 -3.91902e-04 0.0039937 0.004223656 0.0 12 20.3428925382 2.2542316098 0 0 0 0 12 0 0 0 0 5 
143 2 7.26764 0.840387 26.7654 5.14253e-04 0.0050964 9.45511e-04 0.0052088137 0.0 14 13.3148358963 2.0880964997 0 0 0 5 2 7 0 0 0 6 
224 2 7.53062 4.14396 26.4599 5.81508e-04 0.00156604 8.24936e-04 0.0018631029 0.0 15 14.5095596745 2.0948824907 0 0 1 2 7 3 2 0 0 7 
68 1 0.572205 3.46048 21.3332 0.00117397 -0.00173344 -0.00298118 0.0036428634 0.0 14 21.3652324006 2.1929317934 0 0 0 4 4 6 0 0 0 6 
244 1 0.364863 3.13696 0.0829406 -0.00101145 6.09247e-04 -6.35153e-04 0.0013407581 0.0 17 26.0655195154 2.4336913532 0 0 0 2 9 5 1 0 0 7 
388 1 26.3049 2.79234 23.9381 0.0034987 5.23214e-04 -3.21604e-04 0.0035521942 0.0 14 21.3084973906 2.359735956 0 0 3 1 4 3 3 0 0 7 
426 1 26.095 0.245562 25.3484 -7.59478e-04 -5.33838e-04 3.38401e-04 9.8808151462e-04 0.0 17 23.5122446429 2.3602094398 0 0 2 2 6 3 4 0 0 7 
521 1 4.49452 6.94673 20.9524 -5.62049e-04 4.86031e-04 1.30371e-04 7.5440162314e-04 0.0 15 22.918483078 2.3807829404 0 0 1 3 4 6 1 0 0 7 
501 2 3.47047 3.3483 25.9974 0.00194552 0.00310029 -8.77937e-04 0.0037639898 0.0 14 17.8857664227 2.25425521 0 0 0 4 4 6 0 0 0 6 
294 1 5.16213 4.40045 18.2218 0.00408589 0.00303037 -7.04823e-04 0.0051356027 0.0 14 21.5047088295 2.2142317175 0 0 2 0 8 2 2 0 0 7 
144 2 6.46684 2.43437 25.1856 -0.0024063 -3.6733e-05 -2.23756e-04 0.00241696 0.0 14 12.5647594829 2.0929036402 0 0 2 2 3 6 1 0 0 7 
769 1 1.55762 6.3354 21.2289 -0.00203118 -0.00324422 0.00105494 0.0039703342 0.0 13 20.9631634351 2.2664116828 0 0 0 3 6 4 0 0 0 6 
45 1 4.02174 7.43447 23.9424 -0.00196883 -8.80534e-04 -0.0019184 0.0028865014 0.0 15 23.3111953253 2.3606527206 0 0 0 2 8 5 0 0 0 6 
613 2 5.23585 4.58032 0.626778 -2.77074e-04 3.80499e-05 -0.00395395 0.0039638288 0.0 14 14.0130287712 2.1085086856 0 0 1 4 3 5 0 1 0 8 
605 2 4.97625 1.24376 -0.0951579 -0.00112885 -0.00566503 -0.00204173 0.0061266246 0.0 13 12.8499612854 1.8725266981 0 0 1 2 6 3 1 0 0 7 
520 1 7.88929 2.86761 18.1485 -0.00411878 0.00222356 -0.00188405 0.0050456132 0.0 16 24.9140596623 2.4918198956 0 0 0 3 7 5 1 0 0 7 
957 2 6.95901 6.57827 27.1754 -0.00105449 0.00300015 0.00246 0.0040205036 0.0 14 17.8631471575 2.1880766174 0 0 1 3 4 5 1 0 0 7 
457 1 2.05739 6.37432 26.1354 1.63273e-04 0.00356343 0.0017601 0.0039777687 0.0 16 23.1823657415 2.2955987564 0 0 0 4 5 6 1 0 0 7 
177 1 4.30178 0.778887 20.951 -5.03622e-05 -7.81729e-04 -0.00320927 0.0033034907 0.0 17 23.5192096227 2.2363319457 0 0 0 2 8 7 0 0 0 6 
1000 2 4.66219 3.15902 23.5688 -0.00109092 9.33863e-04 0.00135597 0.0019750598 0.0 12 15.5871219402 2.339698867 0 0 1 2 6 2 1 0 0 7 
720 2 8.20195 3.61537 24.0649 0.0016924 3.25281e-04 0.00129902 0.0021581192 0.0 15 13.5938642285 2.0948824907 0 0 2 2 5 3 3 0 0 7 
275 1 3.20002 3.62715 20.7428 0.0037427 0.00204331 0.00409936 0.0059150377 0.0 16 23.8187251148 2.3807829404 0 0 1 4 3 6 2 0 0 7 
944 1 1.70715 4.961 23.6234 -0.00461848 0.00281772 -9.90055e-04 0.0055000102 0.0 16 23.5377352121 2.3807829404 0 0 0 3 7 5 1 0 0 7 
555 1 1.07454 8.0695 23.9983 -0.00345761 -4.56789e-06 -0.00145175 0.0037500221 0.0 13 21.1790716622 2.2525466064 0 0 0 4 5 3 1 0 0 7 
279 2 7.08243 6.10621 24.4853 0.0016272 3.75856e-04 5.19779e-04 0.001749062 0.0 13 16.3005622873 2.200316098 0 0 0 3 6 4 0 0 0 6 
585 1 1.31784 0.448568 21.213 0.00212914 8.97474e-04 0.00365317 0.0043225395 0.0 14 23.0095294584 2.3602094398 0 0 2 2 5 3 1 1 0 8 
228 2 5.21875 4.87759 24.9153 -1.48117e-04 0.00134647 0.00151049 0.002028916 0.0 13 15.6969324897 2.2871151252 0 0 0 3 6 4 0 0 0 6 
765 2 2.7012 1.73137 24.0741 -0.00146801 -2.79087e-04 -0.00364042 0.0039351748 0.0 16 20.0277580708 2.3602094398 0 0 3 2 3 5 2 1 0 8 
971 2 6.14485 3.15846 20.9542 1.85278e-04 -5.50194e-05 -1.22454e-04 2.2880134129e-04 0.0 12 17.7106876077 2.1913396965 0 0 0 2 8 2 0 0 0 6 
61 2 6.72324 1.92473 22.9645 -0.0011031 0.0010564 0.00447662 0.0047300039 0.0 12 14.1893384012 2.0174775262 0 0 1 3 4 3 1 0 0 7 
820 2 6.10302 4.95478 22.5773 2.25138e-04 0.0032004 -5.6745e-04 0.0032581048 0.0 16 16.2674312717 2.3807829404 0 0 2 2 4 6 2 0 0 7 
70 2 7.26631 5.14531 20.5091 -0.00380937 2.78355e-04 -0.00188128 0.0042576984 0.0 12 16.4265224994 2.1937739829 0 0 1 2 6 2 1 0 0 7 
1 2 8.96684 2.74774 21.6246 2.18761e-04 8.92059e-04 -5.97384e-04 0.0010956702 0.0 16 17.218919974 2.5088882225 0 0 1 2 7 4 2 0 0 7 
99 2 8.65425 5.56617 22.5831 -7.10596e-04 -0.00636138 -0.00297188 0.0070572072 0.0 13 12.966038189 2.0966090932 0 0 1 2 5 5 0 0 0 6 
197 2 10.4172 1.79166 23.6841 0.00212382 7.68201e-04 7.00782e-04 0.0023647071 0.0 12 11.5372500413 1.9207407281 0 0 0 4 4 4 0 0 0 6 
434 2 16.5477 8.88651 20.0978 7.81643e-04 -5.67838e-04 8.72521e-04 0.0013018059 0.0 13 19.1188204768 2.4642792448 0 0 1 0 9 3 0 0 0 6 
195 2 9.95536 7.8414 17.9942 5.86513e-04 -9.26345e-04 0.00144028 0.0018101158 0.0 15 16.7958489187 2.1907695668 0 0 1 3 5 4 2 0 0 7 
201 2 16.5417 6.85253 18.2375 3.57396e-04 0.00315012 -0.00135153 0.0034463925 0.0 14 15.9333630834 2.4698829153 0 0 1 2 6 4 1 0 0 7 
377 2 9.69241 5.01547 20.3086 0.00461378 4.48207e-04 -0.00146703 0.0048621016 0.0 13 16.1096046951 2.1914509145 0 0 1 2 6 3 1 0 0 7 
157 2 11.1828 2.75206 20.6864 6.88055e-04 -0.00109036 3.58578e-05 0.0012898025 0.0 17 20.1893136536 2.5088882225 0 0 1 5 2 6 3 0 0 7 
835 2 10.2065 0.316977 21.8192 0.00189516 -0.00275904 -0.0011899 0.0035524351 0.0 16 17.4232431106 2.5088882225 0 0 2 5 1 3 5 0 0 7 
125 1 13.36 0.604604 20.4188 -0.00177455 -0.00218069 -0.00143249 0.0031553865 0.0 14 22.3152279934 2.2344826029 0 0 0 4 5 4 1 0 0 7 
36 2 12.565 2.79 23.164 0.00156236 -0.00176568 -0.00356405 0.0042732946 0.0 15 17.4610984781 2.2344826029 0 0 1 2 7 3 2 0 0 7 
492 2 10.1268 8.71081 20.1479 0.00124123 -0.00102203 -4.7692e-04 0.0016770957 0.0 13 17.9366848611 2.306368804 0 0 0 4 4 5 0 0 0 6 
387 1 17.9177 2.94457 23.6549 -5.29235e-04 -0.00244637 -0.00322826 0.0040849086 0.0 14 22.8951978072 2.1067553683 0 0 0 0 12 2 0 0 0 6 
423 2 9.34796 7.86903 23.4154 0.00180398 0.00192242 0.00521849 0.0058465956 0.0 17 19.2777544492 2.3403287553 0 0 3 4 3 3 1 2 1 9 
664 1 15.496 3.40829 21.1407 -1.49705e-04 -0.00301341 -0.00275696 0.004087038 0.0 16 27.1029427452 2.4706601237 0 0 1 2 5 8 0 0 0 6 
948 1 12.4629 0.991153 17.5412 9.87736e-04 3.39924e-04 8.90459e-04 0.0013726208 0.0 14 22.5624542181 2.4768747884 0 0 2 0 8 2 2 0 0 7 
997 1 17.1036 0.900885 21.3202 -0.00682724 -0.00190466 -0.00309558 0.0077344393 0.0 13 21.8506557358 2.2518191739 0 0 0 3 6 4 0 0 0 6 
50 1 15.1666 2.31766 24.4272 0.00189614 1.07921e-04 -0.00404564 0.0044692501 0.0 14 21.4424453858 2.2108480364 0 0 0 2 8 4 0 0 0 6 
345 2 8.95163 8.02846 25.8031 -7.4249e-05 0.00126135 7.68633e-04 0.0014789569 0.0 15 21.5166913271 2.3603851373 0 0 3 1 6 2 2 0 1 9 
693 2 11.8992 5.92079 23.4683 -0.0016854 0.00271459 -0.00162114 0.003582969 0.0 14 17.7034571865 2.262235219 0 0 2 1 5 5 1 0 0 7 
46 2 10.7244 6.99924 21.6468 0.0052653 6.15796e-04 0.00263871 0.0059216028 0.0 14 14.8307991586 2.3167899197 0 0 4 1 3 3 1 2 0 8 
734 1 15.2959 1.27902 18.1773 2.28956e-04 -4.07314e-04 0.00135922 0.0014372907 0.0 15 22.2263462479 2.3771340427 0 0 1 4 3 5 2 0 0 7 
169 1 16.2319 4.41387 -0.110405 2.65256e-05 0.00164532 -0.00108283 0.0019698483 0.0 12 19.3848685454 2.0807498409 0 0 0 0 12 0 0 0 0 5 
739 1 16.2167 7.99066 23.2635 1.02779e-04 -0.00340106 0.00697194 0.0077579456 0.0 13 21.4382416405 2.3833192804 0 0 0 2 8 3 0 0 0 6 
156 1 13.4662 8.35057 21.9135 5.61224e-04 0.00132749 -0.00253734 0.0029180981 0.0 18 25.9471178403 2.4642792448 0 0 1 6 3 4 2 2 0 8 
927 1 17.9438 5.73104 21.8643 0.00278893 -0.00211213 -0.00172287 0.0038996801 0.0 16 23.4835694678 2.4706601237 0 0 0 3 6 7 0 0 0 6 
552 2 10.4977 4.04843 23.0572 -0.0022911 0.00139137 0.00235936 0.0035709424 0.0 12 11.570897549 1.9139809041 0 0 0 2 8 2 0 0 0 6 
889 1 15.1234 6.17446 21.0619 -0.00367919 2.32184e-05 -0.00399623 0.0054320192 0.0 15 23.4519388204 2.4661565467 0 0 1 3 5 5 0 1 0 8 
873 1 13.2427 3.54856 18.5772 -0.00277543 0.00187049 0.002492 0.0041727459 0.0 15 24.6590737396 2.352508072 0 0 0 5 3 6 1 0 0 7 
789 1 15.3916 5.22453 23.6522 -0.00425169 0.00211262 -3.39099e-04 0.0047597289 0.0 15 22.0285892325 2.1404365283 0 0 0 2 8 5 0 0 0 6 
433 2 12.3326 4.76736 21.5391 -0.00301878 -0.0025919 0.00586434 0.0070867102 0.0 12 17.694415042 2.270130783 0 0 0 4 4 4 0 0 0 6 
16 2 8.33642 7.28824 20.3921 -0.00162987 0.00200798 -0.00312683 0.0040577735 0.0 15 17.9700383776 2.2705522153 0 0 2 3 3 5 1 1 0 8 
662 1 15.8199 7.09846 26.1289 0.00111948 -1.86861e-04 -5.41928e-04 0.0012577116 0.0 14 21.7525653058 2.2999396832 0 0 0 2 8 4 0 0 0 6 
921 2 9.63436 5.76789 24.7181 0.0011293 -0.00247579 -0.0016441 0.0031792954 0.0 13 14.1102127723 2.1313311902 0 0 1 2 5 5 0 0 0 6 
884 2 11.3606 6.36555 19.3346 5.50097e-04 7.39206e-04 1.77282e-04 9.3832890149e-04 0.0 15 17.361804886 2.3293403915 0 0 1 5 2 4 3 0 0 7 
391 2 14.3556 6.51907 17.3162 0.00259584 0.00200378 6.44465e-04 0.0033419837 0.0 15 17.3045551068 2.3483061357 0 0 1 2 7 3 2 0 0 7 
906 2 10.536 3.57419 25.4379 9.8671e-04 -1.83527e-04 1.35573e-04 0.0010127482 0.0 15 16.7057584982 2.1080102146 0 0 1 1 8 4 1 0 0 7 
450 2 12.1652 1.71765 25.2716 -0.00304216 0.00295949 0.0016777 0.0045637699 0.0 13 16.1390047715 2.1825905781 0 0 0 3 6 4 0 0 0 6 
602 2 9.31362 5.75904 1.00096 -1.9664e-04 -0.00362999 0.00431955 0.0056457069 0.0 13 18.7941066664 2.120726638 0 0 0 1 10 2 0 0 0 6 
901 1 13.4954 4.39269 25.7723 0.00130985 0.00255392 -0.00318293 0.0042859372 0.0 13 21.9910228453 2.2788605716 0 0 0 1 10 2 0 0 0 6 
988 2 10.1955 1.29041 26.2507 0.00109268 -0.00187406 -6.35787e-04 0.0022605919 0.0 16 14.574960038 2.1434070042 0 0 2 5 1 4 3 1 0 8 
27 1 11.7604 6.83809 26.596 -0.00575737 -6.44955e-04 -0.00182212 0.0060731703 0.0 15 21.9033315141 2.3353156738 0 0 0 1 10 4 0 0 0 6 
582 2 21.4261 7.82192 18.3096 -8.95711e-04 0.00257121 7.40919e-04 0.002821769 0.0 14 15.3395532913 2.278903938 0 0 0 5 5 1 3 0 0 7 
154 1 25.9328 5.72119 19.6895 8.41273e-04 -8.90716e-04 -0.00138892 0.0018520837 0.0 14 20.834221497 2.106505642 0 0 0 3 6 5 0 0 0 6 
993 1 24.6667 3.20606 21.6342 3.40786e-04 0.00124227 0.00175994 0.0021809995 0.0 13 20.8079163819 2.2850574566 0 0 1 2 5 5 0 0 0 6 
168 1 20.5721 5.90549 20.7508 0.00138847 -5.24355e-04 8.74561e-04 0.001722688 0.0 16 21.6473394278 2.3057144579 0 0 2 2 5 4 3 0 0 7 
34 1 20.1571 4.41162 23.1716 0.00252202 -8.991e-04 -0.00220919 0.003471237 0.0 13 20.6659928699 2.1898254206 0 0 0 2 8 3 0 0 0 6 
241 1 20.2527 1.62568 25.1173 -1.2277e-04 -0.00132378 -3.2765e-04 0.0013692408 0.0 15 22.7758338113 2.3215304322 0 0 0 1 10 4 0 0 0 6 
542 1 25.3557 0.413642 22.3357 -6.22968e-04 -0.00104453 -0.00283667 0.0030863941 0.0 15 21.636179169 2.3602094398 0 0 1 3 5 4 2 0 0 7 
794 1 18.9329 3.58201 0.118384 -0.00291988 8.62689e-04 -0.0016751 0.0034750384 0.0 13 21.036007816 2.147429086 0 0 0 2 8 3 0 0 0 6 
806 1 25.3647 8.32663 21.9048 -0.00254074 0.00285169 0.00187196 0.0042534374 0.0 14 22.8951038619 2.2525466064 0 0 0 2 8 4 0 0 0 6 
527 2 21.8122 4.63546 18.0497 2.04219e-04 -0.00417391 -0.00137752 0.0044000899 0.0 13 16.4979206827 2.1472358302 0 0 1 5 1 4 2 0 0 7 
153 1 25.5869 5.87261 23.4581 0.00214277 -0.00599722 5.45188e-04 0.0063918183 0.0 15 21.4523496892 2.274591725 0 0 0 2 8 5 0 0 0 6 
287 1 20.0504 1.13009 22.1133 -0.00174973 -0.00123973 0.00124049 0.0024773577 0.0 13 20.8697392281 2.1903745041 0 0 0 1 10 2 0 0 0 6 
599 1 23.8781 0.328584 19.1472 0.00159211 0.00320677 -0.00364272 0.0051076019 0.0 14 21.5722989414 2.2850574566 0 0 0 2 9 2 1 0 0 7 
929 1 21.3841 5.28401 25.9409 0.00135536 5.57755e-05 -0.00105703 0.0017197163 0.0 14 22.4041491913 2.3215304322 0 0 1 1 7 5 0 0 0 6 
903 1 22.4031 26.0528 21.343 -0.00275715 -0.00272315 0.00349085 0.0052156932 0.0 15 22.533438654 2.2623818083 0 0 0 5 3 6 1 0 0 7 
4 1 21.5905 3.15835 20.7559 -0.00140348 0.00299261 0.00171198 0.0037224113 0.0 14 21.9385811305 2.2850574566 0 0 1 1 8 3 1 0 0 7 
325 1 23.3895 5.7438 21.0056 -7.16023e-05 -7.05163e-04 2.97009e-04 7.6850249968e-04 0.0 15 21.5405098835 2.2270875334 0 0 1 3 6 2 3 0 0 7 
480 1 23.38 7.50015 24.1778 8.72127e-04 -0.00160679 0.00167175 0.0024773227 0.0 15 21.7245508538 2.2053389821 0 0 0 2 8 5 0 0 0 6 
393 1 21.1569 1.42763 18.2702 7.68519e-04 -8.16257e-04 0.0021301 0.0024071192 0.0 15 21.962047012 2.203933056 0 0 0 5 4 4 2 0 0 7 
654 1 18.1232 1.26342 18.1516 0.00135365 -3.99085e-04 -1.78612e-05 0.0014113668 0.0 14 22.660596392 2.3515519413 0 0 0 1 10 3 0 0 0 6 
922 1 18.7685 3.00949 20.1763 0.00151883 -0.00326625 -6.16289e-04 0.0036544556 0.0 16 24.3336688213 2.4706601237 0 0 1 3 4 7 1 0 0 7 
199 2 18.8353 6.38662 18.4074 0.0026234 0.00109512 3.88561e-04 0.0028692325 0.0 13 17.2967484717 2.4336054332 0 0 1 2 5 5 0 0 0 6 
259 1 22.3449 3.61444 1.01743 -0.0011201 0.0028775 0.0016275 0.0034904708 0.0 13 22.648855923 2.4481156892 0 0 0 4 4 5 0 0 0 6 
134 1 18.1819 5.81196 25.2169 0.00300193 0.00114083 0.00445672 0.0054932167 0.0 15 21.0581998618 2.3489906699 0 0 1 1 8 4 1 0 0 7 
307 1 22.6149 1.62645 23.151 -0.00174685 -0.00280706 0.0024636 0.0041231536 0.0 14 21.0291194621 2.2850574566 0 0 1 3 4 5 1 0 0 7 
463 1 20.4181 7.1114 23.9799 0.00320612 -0.00138082 3.39676e-04 0.0035073137 0.0 14 20.7515062972 2.2270875334 0 0 2 1 5 5 1 0 0 7 
222 1 24.8815 4.84848 25.9781 0.00181441 5.13386e-04 0.0023586 0.0030197091 0.0 14 21.8885176244 2.4317665259 0 0 0 2 8 4 0 0 0 6 
240 1 23.9139 25.7344 24.1709 -0.0014242 -4.31286e-04 -4.11968e-05 0.0014886405 0.0 13 20.7890331177 2.3098947091 0 0 0 3 6 4 0 0 0 6 
468 1 26.4496 1.39172 18.6342 -4.63562e-04 9.33021e-04 4.89422e-04 0.0011510655 0.0 17 23.2831243318 2.4090850103 0 0 0 4 4 9 0 0 0 6 
447 1 22.9409 4.59482 23.6904 0.00382494 -3.92954e-04 0.00249491 0.0045835745 0.0 15 21.0090487559 2.3215304322 0 0 1 3 4 6 1 0 0 7 
51 1 24.0852 2.17569 25.4938 0.0017251 0.00359147 -0.00112503 0.0041400869 0.0 16 22.3618866117 2.4336913532 0 0 2 4 2 4 4 0 0 7 
179 2 18.5163 8.78584 19.06 0.00133123 0.00318211 -0.00195339 0.0039640547 0.0 14 15.609908795 2.3049889467 0 0 2 3 3 4 1 1 0 8 
511 1 5.05443 17.0636 20.3383 0.00441996 0.00211101 0.00208449 0.0053232986 0.0 14 21.9476949787 2.1910580794 0 0 0 3 6 5 0 0 0 6 
648 1 2.33291 15.9378 22.6403 -0.00182414 -9.03299e-04 3.87132e-04 0.0020720297 0.0 19 27.6539457865 2.4653916425 0 0 2 7 1 5 1 1 2 9 
97 1 5.57037 12.4363 26.0189 -0.00246716 -5.61238e-04 -0.00267019 0.0036785569 0.0 13 21.8848551605 2.2322294198 0 0 0 4 4 5 0 0 0 6 
597 1 2.32886 12.8071 25.2499 -2.3187e-04 0.00129238 -2.22482e-04 0.0013317312 0.0 13 20.8658157448 2.4188844777 0 0 0 3 7 2 1 0 0 7 
402 1 4.35248 11.4478 23.3066 -7.27474e-05 -0.00230546 -5.7041e-04 0.0023760904 0.0 15 23.6033360871 2.3450410086 0 0 0 2 8 5 0 0 0 6 
358 1 8.61508 11.5061 25.4311 0.00274715 0.00317047 3.63329e-04 0.0042107863 0.0 16 23.9205378898 2.3603851373 0 0 1 2 6 6 1 0 0 7 
849 1 2.78517 9.92503 25.1237 -9.5286e-04 0.00258684 2.07804e-05 0.0027568306 0.0 14 20.9605743477 2.1476021939 0 0 1 3 4 5 1 0 0 7 
767 1 4.82817 10.1104 20.7027 0.00109137 0.00285364 -8.93722e-04 0.0031832513 0.0 12 19.7857474839 2.2395665946 0 0 1 2 6 2 1 0 0 7 
632 1 6.06568 9.74645 25.3052 0.00117023 -0.00276403 -0.00339723 0.0045332628 0.0 15 23.541537485 2.2016704923 0 0 1 3 4 6 1 0 0 7 
543 1 6.38353 16.4472 23.4418 -2.08049e-04 0.0041257 -0.00612712 0.0073896065 0.0 14 22.0578992514 2.3724642384 0 0 1 3 4 5 1 0 0 7 
814 1 2.89149 12.3083 20.146 -0.00187162 -0.0048169 9.19449e-04 0.0052488926 0.0 16 23.1098630452 2.3971206323 0 0 0 2 8 6 0 0 0 6 
604 1 2.30594 15.0058 19.4655 -0.00279019 0.00268353 -0.00186281 0.0042961092 0.0 13 23.0294571684 2.2846254835 0 0 0 4 4 5 0 0 0 6 
932 1 6.49529 12.2289 20.5589 3.51386e-05 0.00399572 -0.00237257 0.0046471606 0.0 14 21.6367510054 2.2131440896 0 0 1 1 8 3 1 0 0 7 
417 1 -0.110984 13.5163 21.1572 -4.30915e-04 3.56688e-04 1.78625e-04 5.8721457509e-04 0.0 14 23.5804309743 2.4398947412 0 0 1 0 10 2 1 0 0 7 
335 1 4.31852 14.9053 24.3858 -0.00128636 0.00197338 0.00140751 0.0027440909 0.0 13 21.9023432489 2.4653916425 0 0 0 4 4 5 0 0 0 6 
645 1 6.90923 13.4247 23.9449 0.00432832 -0.00105532 1.82047e-04 0.0044588334 0.0 15 21.9209487499 2.2047043306 0 0 0 3 6 6 0 0 0 6 
424 1 4.75862 14.2423 21.9027 -2.78097e-04 -0.00268395 -0.00144496 0.0030608553 0.0 14 21.6507647718 2.4153681267 0 0 1 3 5 4 0 1 0 8 
237 1 7.53741 15.1398 20.617 0.00369426 -5.63811e-04 -0.00155233 0.0040466243 0.0 14 23.162732125 2.4624904421 0 0 0 2 8 4 0 0 0 6 
963 1 7.91218 10.3181 18.9338 -1.02171e-04 -0.00230212 -0.00187853 0.0029730574 0.0 14 22.0974215811 2.2947069606 0 0 0 4 4 6 0 0 0 6 
832 1 4.99195 14.3285 19.0531 0.00144577 0.00386532 0.00336363 0.0053239982 0.0 13 21.2238568695 2.275912014 0 0 1 0 9 3 0 0 0 6 
392 1 6.52867 8.66365 22.5379 -0.00355249 6.40917e-04 -0.00103679 0.0037557813 0.0 16 23.0752516693 2.2705522153 0 0 3 3 1 6 2 1 0 8 
897 1 9.29563 12.6518 19.5299 -6.49142e-04 -1.93683e-04 0.00387183 0.0039306445 0.0 13 21.7425624923 2.3713986125 0 0 0 4 4 5 0 0 0 6 
870 1 6.12784 16.2755 26.5333 -0.00234963 0.001266 -0.00253043 0.0036778517 0.0 16 23.3050107188 2.2967020367 0 0 1 4 4 4 3 0 0 7 
581 1 0.878683 15.4062 25.2955 -7.12067e-04 1.84754e-04 -0.00179659 0.0019413678 0.0 17 24.7198821535 2.4357218437 0 0 3 3 3 4 3 0 1 9 
759 1 2.37697 9.06663 21.5712 0.00470252 0.00133525 0.00310818 0.0057928723 0.0 14 21.5401565357 2.2525466064 0 0 0 2 8 4 0 0 0 6 
439 1 7.00783 16.4228 17.8548 4.27522e-04 -0.00338754 0.00315867 0.0046513867 0.0 14 21.3331370283 2.4820558827 0 0 0 2 8 4 0 0 0 6 
615 1 8.10011 10.9038 22.7672 -3.34811e-04 8.86798e-05 0.0013485 0.0013922696 0.0 16 23.6771827444 2.306368804 0 0 2 2 5 4 3 0 0 7 
706 1 5.59362 11.4359 17.7064 2.32833e-04 0.00147867 -0.00223834 0.0026927388 0.0 15 21.2551319671 2.2635986873 0 0 0 3 6 6 0 0 0 6 
844 1 0.541727 12.9141 18.224 -5.07218e-04 0.00207537 -0.00172685 0.0027470788 0.0 13 21.7945632679 2.2338549419 0 0 0 2 8 3 0 0 0 6 
631 1 1.34691 11.5916 22.8022 -0.00335646 -0.00133839 0.00402975 0.0054125776 0.0 16 22.9195793268 2.4398947412 0 0 1 5 2 5 3 0 0 7 
216 1 0.271574 10.5237 26.6873 2.08946e-04 -8.4631e-04 0.00112668 0.0014245374 0.0 15 20.9950498136 2.3401780536 0 0 1 2 6 5 1 0 0 7 
469 1 7.85667 18.0302 25.2995 -0.00257755 2.25708e-04 5.68136e-04 0.0026490539 0.0 14 22.4514966605 2.3860570253 0 0 0 2 8 4 0 0 0 6 
639 1 14.5894 17.362 24.3201 0.00505582 0.00456941 6.59377e-04 0.0068465759 0.0 14 22.7017860197 2.2524712091 0 0 1 3 4 5 1 0 0 7 
66 1 11.3225 17.4938 21.2983 -0.00226933 -0.00170129 -1.82169e-04 0.0028420823 0.0 13 19.3481155872 2.2736099926 0 0 1 2 6 3 1 0 0 7 
288 2 14.7126 8.55205 18.4414 -6.73321e-04 -0.00190262 2.09785e-04 0.0020291214 0.0 11 14.4115618733 2.2593810886 0 0 0 2 8 1 0 0 0 6 
262 1 13.4271 8.07385 24.703 -0.00175916 -0.00157577 -6.77266e-04 0.0024569054 0.0 14 23.7682980931 2.3403287553 0 0 1 3 4 5 1 0 0 7 
949 2 12.4446 8.65887 19.0094 -5.67157e-04 2.97128e-04 -0.00135192 0.0014958743 0.0 15 17.4159570377 2.2809734229 0 0 1 4 4 3 3 0 0 7 
355 2 15.4828 12.2992 17.174 0.00264751 -0.00144921 -0.00255459 0.0039541685 0.0 14 16.5675383152 2.1711452628 0 0 2 3 3 4 1 1 0 8 
263 1 14.8599 16.2687 21.7175 8.06782e-04 0.00194989 0.00145844 0.0025651541 0.0 14 21.7782720565 2.2736099926 0 0 0 0 12 2 0 0 0 6 
934 1 9.20128 16.5666 22.9237 0.00408741 0.0020652 0.00199342 0.0049945665 0.0 14 20.4449236524 2.1744708198 0 0 0 3 6 5 0 0 0 6 
939 1 12.9152 16.4676 19.0539 -3.59013e-04 0.00260393 0.00187088 0.0032263809 0.0 15 23.8439896122 2.2736099926 0 0 0 1 10 4 0 0 0 6 
956 1 10.7439 14.9118 20.3195 0.00126245 -0.00171708 2.75675e-05 0.0021314089 0.0 15 22.3971137712 2.4820558827 0 0 0 4 4 7 0 0 0 6 
185 1 12.3219 13.0581 18.8272 0.00135881 -0.00364781 -6.65883e-04 0.0039492129 0.0 14 21.8019178396 2.1889282494 0 0 0 4 5 4 1 0 0 7 
280 1 11.5966 11.5064 20.8249 -7.41859e-04 -0.00113779 -0.00334194 0.0036074207 0.0 14 22.4320643038 2.306368804 0 0 1 4 3 4 2 0 0 7 
218 1 9.11116 14.9652 25.362 -4.78844e-04 3.33107e-04 -7.89081e-04 9.8127502483e-04 0.0 14 22.4710132659 2.1956615285 0 0 0 1 10 3 0 0 0 6 
595 1 13.2629 13.6101 21.8847 -0.00166408 5.71643e-05 -3.55485e-04 0.0017025861 0.0 15 20.9181710124 2.2736099926 0 0 1 2 6 5 1 0 0 7 
47 1 9.62928 13.6457 22.6634 -1.76288e-04 -6.56789e-04 0.00206763 0.0021765898 0.0 14 22.3194339545 2.154631471 0 0 0 3 6 5 0 0 0 6 
877 1 15.4786 14.5345 19.4099 4.34669e-04 0.00201506 0.00131513 0.0024451934 0.0 16 23.8999797766 2.2516409371 0 0 0 0 12 4 0 0 0 6 
268 1 14.3522 11.6306 20.1434 -3.38141e-04 -5.84686e-04 0.00109711 0.0012883507 0.0 16 23.6050869342 2.4642792448 0 0 0 1 10 5 0 0 0 6 
840 1 12.6808 15.1142 26.9786 0.0044953 2.14544e-04 5.26793e-04 0.0045311436 0.0 16 24.033201545 2.2387996241 0 0 0 2 9 4 1 0 0 7 
594 1 13.3724 12.2715 0.324375 0.00211566 1.53341e-04 0.0023931 0.0031978834 0.0 14 22.0436164567 2.2551318279 0 0 1 2 5 6 0 0 0 6 
302 1 14.0852 11.339 23.7581 1.09102e-04 6.99862e-04 8.31948e-04 0.0010926333 0.0 15 25.9783134243 2.4621480352 0 0 0 2 8 5 0 0 0 6 
478 1 11.9108 15.7927 23.5136 -0.00341145 5.60521e-04 -0.00204088 0.004014644 0.0 13 21.3850090431 2.242640611 0 0 0 1 10 2 0 0 0 6 
464 1 11.5874 10.1983 26.1514 0.00281585 6.9785e-04 9.19829e-04 0.0030433684 0.0 15 23.5844587978 2.3353156738 0 0 0 3 6 6 0 0 0 6 
455 1 16.1832 13.418 22.1297 -0.00269991 -0.00395532 3.16525e-04 0.0047994019 0.0 13 20.9526776246 2.2516409371 0 0 0 1 10 2 0 0 0 6 
29 1 17.0675 12.9603 24.9482 -7.17181e-04 0.00482665 0.00161333 0.0051394292 0.0 14 21.0140189212 2.3309140161 0 0 0 2 8 4 0 0 0 6 
500 1 14.3534 14.2482 24.3674 -0.00250954 -0.00210279 -0.00423129 0.0053500777 0.0 13 20.6108850896 2.2431119256 0 0 1 0 9 3 0 0 0 6 
530 1 10.8083 10.705 23.5086 -3.37068e-04 2.11714e-04 -0.0011486 0.0012156149 0.0 14 23.4344174687 2.3403287553 0 0 3 2 2 5 1 1 0 8 
253 1 11.862 13.1167 24.5449 -0.00240142 1.30147e-04 0.0016399 0.0029108467 0.0 13 20.3588426311 2.1419190273 0 0 1 0 9 3 0 0 0 6 
266 1 17.2409 15.7319 24.7405 -0.00164425 0.00477255 9.21878e-04 0.00513134 0.0 15 21.9830267071 2.1935820945 0 0 0 4 5 5 1 0 0 7 
186 1 17.2828 10.6948 23.0444 0.00107054 0.00466258 -9.50547e-05 0.0047848452 0.0 14 21.7873687197 2.4642792448 0 0 0 3 6 5 0 0 0 6 
62 1 22.1878 8.3056 21.7154 -5.36326e-04 0.0014283 2.92357e-04 0.0015534346 0.0 14 22.3086696239 2.3057144579 0 0 1 3 4 5 1 0 0 7 
77 1 25.5559 9.87084 24.285 -0.00150212 0.00113791 -0.00260788 0.00321749 0.0 14 20.1201116207 2.2385108436 0 0 2 3 2 5 2 0 0 7 
101 1 26.7786 10.6491 20.443 0.00165869 -0.0017534 0.00113908 0.0026689262 0.0 15 22.9230457119 2.2726712067 0 0 1 2 6 5 1 0 0 7 
558 2 20.6764 15.7165 18.2091 -0.00299925 0.0033107 -0.00138599 0.0046773073 0.0 12 13.4767722044 2.0281155997 0 0 0 4 4 4 0 0 0 6 
490 1 17.7795 15.9184 21.3515 4.47202e-04 1.76132e-04 -0.00175755 0.0018220851 0.0 14 24.4378603742 2.2386194536 0 0 0 2 8 4 0 0 0 6 
488 2 16.5579 10.2556 17.9278 -0.00155909 -0.00160806 -0.00376559 0.0043813567 0.0 13 13.0992340115 1.923558273 0 0 0 1 10 2 0 0 0 6 
194 1 18.175 8.75122 25.219 -0.00243248 -0.00406836 -8.24694e-04 0.0048113026 0.0 14 21.9337812238 2.3489906699 0 0 3 2 4 2 2 0 1 9 
504 1 22.9455 15.8098 24.7544 0.00244643 3.13145e-04 2.52407e-04 0.0024792718 0.0 13 22.2093082912 2.3505652472 0 0 0 3 6 4 0 0 0 6 
113 2 18.1888 15.1817 17.3079 0.00111077 -0.00359632 -4.75968e-04 0.0037939258 0.0 16 16.9861783987 2.2415221829 0 0 0 3 6 7 0 0 0 6 
246 1 18.928 8.51738 22.2011 7.89364e-04 -0.00361089 -8.5274e-04 0.0037932555 0.0 15 21.8888943326 2.3057144579 0 0 0 4 6 3 2 0 0 7 
778 2 23.9979 8.76348 19.0365 0.00273036 -3.04366e-04 2.98008e-04 0.002763388 0.0 17 20.5599253045 2.2726712067 0 0 1 4 4 5 3 0 0 7 
149 2 25.4743 15.8005 18.3816 2.34891e-04 2.04087e-04 0.0017587 0.0017860154 0.0 15 19.1668986637 2.2300313883 0 0 0 3 7 4 1 0 0 7 
93 1 25.4725 15.0742 23.2007 -3.75798e-05 4.51413e-04 -3.52902e-04 5.7421751936e-04 0.0 14 23.9947071761 2.418010493 0 0 0 2 8 4 0 0 0 6 
628 1 26.2297 12.6809 24.6182 0.00198887 0.00180388 -4.71468e-04 0.0027261454 0.0 14 20.8913804711 2.4398947412 0 0 2 2 6 0 4 0 0 7 
316 2 26.1827 16.7788 20.5653 -0.00370424 0.00465961 -0.00276796 0.0065646753 0.0 16 24.8391370208 2.2774521001 0 0 1 2 8 2 3 0 0 7 
984 2 24.1245 15.0349 20.4442 -0.00119542 0.00178804 0.00366933 0.0042532457 0.0 13 18.3893649854 2.3355636606 0 0 0 3 6 4 0 0 0 6 
563 2 23.3106 14.5737 17.403 -4.66903e-04 0.00357216 8.95402e-04 0.0037121517 0.0 14 14.3147699072 1.9979102588 0 0 1 2 7 2 2 0 0 7 
601 2 19.919 12.0517 19.1197 -1.67212e-04 2.6409e-04 0.0011881 0.0012285296 0.0 12 13.6567991045 2.068522011 0 0 1 4 2 4 1 0 0 7 
408 1 24.2876 11.2243 22.4274 -0.00293766 -0.00176198 0.00165018 0.0038023038 0.0 18 23.8334293953 2.3164868647 0 0 1 5 4 4 3 1 0 8 
81 2 24.0178 12.8575 19.6022 0.00322502 9.59241e-04 -0.00190344 0.0038657446 0.0 12 16.2494822934 2.2207710827 0 0 1 2 5 4 0 0 0 6 
74 1 21.9348 13.1477 22.9882 0.00200322 -0.00184425 0.00145011 0.0030849583 0.0 15 23.7958451965 2.3355636606 0 0 2 3 3 5 1 1 0 8 
193 2 22.7636 16.3382 19.0204 -0.00102905 1.92763e-04 5.29721e-04 0.0011733311 0.0 14 16.204984426 2.2774521001 0 0 0 4 4 6 0 0 0 6 
133 1 22.076 10.0026 24.2337 0.00210053 7.3993e-04 -0.00478676 0.0052794691 0.0 14 21.2961038791 2.2253689321 0 0 1 4 3 5 0 1 0 8 
619 1 24.0808 9.87926 26.7045 3.07215e-04 -5.47187e-04 -0.00214476 0.002234679 0.0 14 21.0561996385 2.3267178301 0 0 2 0 7 4 1 0 0 7 
120 1 21.3038 16.2443 21.443 -0.00476833 -0.00168554 0.00130399 0.0052228733 0.0 15 23.6568504087 2.3355636606 0 0 0 1 10 4 0 0 0 6 
347 2 20.4969 9.89567 18.8734 0.00323672 -1.6068e-04 0.0012948 0.0034897968 0.0 15 14.2754003463 2.3057144579 0 0 1 4 4 4 1 1 0 8 
383 1 19.5678 11.3494 24.7468 -7.19825e-04 2.33005e-04 -1.20852e-04 7.6618833622e-04 0.0 17 21.8380387114 2.3309140161 0 0 3 3 3 5 1 1 1 9 
381 2 17.4022 11.4278 19.9598 0.00146103 -0.00104615 0.00219537 0.002837021 0.0 16 19.890466686 2.2516409371 0 0 1 3 5 5 2 0 0 7 
925 1 18.8236 13.1191 22.505 6.30096e-04 0.0023444 0.00103858 0.0026404319 0.0 14 22.2482442153 2.2369771701 0 0 0 2 8 4 0 0 0 6 
245 1 19.9435 15.4492 23.977 6.09084e-04 0.00163715 -0.0027977 0.0032982372 0.0 14 22.5679096635 2.3309140161 0 0 0 3 6 5 0 0 0 6 
184 2 19.3315 17.6099 19.064 -7.92694e-04 0.0010095 0.00157277 0.0020300393 0.0 15 21.0038660504 2.2246596502 0 0 0 4 4 7 0 0 0 6 
751 2 19.584 17.2313 16.5769 8.9628e-04 -0.00433297 -0.00647571 0.0078430075 0.0 12 14.4218896089 2.2099951071 0 0 0 4 4 4 0 0 0 6 
164 1 20.7489 10.8067 21.7548 0.0017198 5.03908e-04 5.24344e-04 0.0018672364 0.0 14 21.3362606727 2.1762668884 0 0 1 3 4 5 1 0 0 7 
436 2 22.8104 11.0155 19.5535 2.05457e-04 0.00315998 0.00615711 0.0069237049 0.0 13 15.8091203567 2.2310065775 0 0 1 4 2 5 1 0 0 7 
747 2 19.2747 14.2047 19.1477 0.00204356 0.00145597 0.00331541 0.0041578756 0.0 14 17.2148453983 2.2516409371 0 0 0 3 6 5 0 0 0 6 
644 2 21.8397 13.3725 20.0552 0.00433782 -8.38084e-05 2.24364e-04 0.0043444269 0.0 14 17.6574766648 2.2369771701 0 0 1 2 6 4 1 0 0 7 
379 1 23.4486 12.5059 25.1692 -1.99493e-04 -8.98222e-04 0.00309686 0.0032306566 0.0 15 22.0306952825 2.3401780536 0 0 1 3 5 4 2 0 0 7 
933 2 2.67718 21.9883 25.3242 6.12008e-04 0.00257185 0.0015785 0.0030790629 0.0 13 15.9185349024 2.2820333995 0 0 3 2 2 3 3 0 0 7 
930 1 1.52496 19.2395 21.7375 0.00529287 0.00124714 -0.0016273 0.0056760846 0.0 13 22.423434524 2.3583749933 0 0 1 3 4 4 1 0 0 7 
414 1 4.02954 19.9932 20.2 -0.00146203 -0.00121087 -1.69716e-04 0.0019059227 0.0 17 22.8311962974 2.3090543956 0 0 2 3 4 4 4 0 0 7 
987 2 6.07069 25.7305 25.9224 7.04574e-04 6.01514e-06 0.00159366 0.0017424732 0.0 13 12.6800994757 1.9222198991 0 0 0 3 7 2 1 0 0 7 
902 1 6.60894 19.1254 18.8553 -1.6685e-04 -0.00173002 0.00116975 0.0020950234 0.0 12 20.6420340291 2.2442662857 0 0 1 2 6 2 1 0 0 7 
900 2 2.83796 26.0985 24.3273 0.00569423 0.00116692 0.00280772 0.0064551723 0.0 12 17.1553292179 2.3131870124 0 0 0 4 4 4 0 0 0 6 
661 2 4.45026 24.0603 25.266 0.00221998 0.00247233 8.35417e-04 0.0034261711 0.0 13 13.207053247 2.1740818174 0 0 0 1 10 2 0 0 0 6 
64 1 2.82433 24.3474 21.8616 -0.00102623 8.24515e-04 0.00396857 0.0041812105 0.0 15 21.6987161154 2.1898072853 0 0 0 2 8 5 0 0 0 6 
881 2 7.10956 26.2461 22.632 -0.00157426 -4.21285e-04 2.88734e-04 0.0016550356 0.0 14 16.1156427189 2.114525758 0 0 1 3 4 5 1 0 0 7 
413 2 5.00156 21.7276 25.9805 -6.39364e-04 -0.0058391 0.00203415 0.0062162401 0.0 13 13.9336579063 2.2435368163 0 0 1 2 5 5 0 0 0 6 
508 1 0.212191 22.8767 20.3504 0.0029563 -0.00289778 0.0033078 0.0052989036 0.0 13 19.501178662 2.2446531336 0 0 2 2 5 1 3 0 0 7 
33 1 6.30464 20.4794 23.6374 -0.00153088 -6.18477e-04 7.25378e-04 0.0018034081 0.0 15 21.4245096044 2.245153052 0 0 1 3 4 6 1 0 0 7 
642 1 8.10112 24.287 18.4469 0.00551267 0.00522038 -0.00375135 0.0084684429 0.0 13 21.5916385434 2.3003323818 0 0 0 1 10 2 0 0 0 6 
892 2 8.11504 24.2441 22.1345 0.00102976 0.00353707 4.53067e-04 0.0037116761 0.0 15 19.0459628547 2.3003323818 0 0 0 5 5 2 3 0 0 7 
399 1 7.28049 21.5948 21.0837 0.00214848 -0.00373904 5.15996e-04 0.0043431139 0.0 16 24.7760577657 2.3011605521 0 0 0 2 9 4 1 0 0 7 
953 1 0.778774 20.3452 19.145 -4.09417e-04 0.00460671 0.00534313 0.0070667133 0.0 14 20.4643451814 2.2779601743 0 0 0 3 7 3 1 0 0 7 
671 1 2.86386 22.9253 19.5739 -3.39731e-05 0.00276393 0.00113638 0.0029886155 0.0 14 20.7924735533 2.3090543956 0 0 2 2 4 4 2 0 0 7 
657 2 6.69108 23.7844 24.4769 -9.54492e-04 -0.00399478 0.00327859 0.0052553282 0.0 14 14.3864019818 2.1303959266 0 0 0 3 6 5 0 0 0 6 
49 1 3.03528 25.6353 18.9281 0.00158076 -0.00358122 0.00308536 0.0049843139 0.0 14 22.1118524636 2.3562074992 0 0 0 2 8 4 0 0 0 6 
445 2 8.59131 24.9553 24.9359 -9.16254e-04 -0.00325552 -0.00199945 0.0039288334 0.0 13 12.6625245376 1.9319032261 0 0 1 3 4 4 1 0 0 7 
573 2 1.91708 24.1351 25.8439 -5.39267e-05 0.0012374 -8.8434e-04 0.0015218818 0.0 14 16.0753843672 2.1860998373 0 0 1 3 4 5 1 0 0 7 
506 1 7.23253 18.7628 21.6081 -2.42902e-04 0.00293011 0.00163935 0.0033663058 0.0 15 21.5780748675 2.2427522584 0 0 1 5 2 5 1 1 0 8 
685 1 4.52178 22.1822 22.458 -0.00429481 -0.00176286 0.00174866 0.0049609354 0.0 16 24.767695037 2.3583749933 0 0 0 5 4 5 2 0 0 7 
274 1 5.48051 24.2466 19.9429 0.00203911 4.36888e-04 2.57245e-04 0.0021011939 0.0 15 23.1927447342 2.3011605521 0 0 0 3 6 6 0 0 0 6 
517 2 4.84889 0.658086 24.3634 0.00350738 -0.00342665 -8.11969e-04 0.0049702051 0.0 16 13.8150946606 2.0187168077 0 0 0 4 6 4 2 0 0 7 
707 1 2.34638 18.0504 19.142 0.00190709 -0.00199098 -7.10813e-04 0.0028471475 0.0 14 21.8447471005 2.2300313883 0 0 1 3 5 3 2 0 0 7 
942 2 8.45326 0.687173 24.5933 6.31579e-04 -0.00239409 0.00185248 0.0030922874 0.0 17 14.3201232451 2.0948824907 0 0 2 4 1 8 1 1 0 8 
158 2 5.00669 19.1752 25.8571 0.00209437 2.82324e-04 0.0010242 0.0023484204 0.0 14 19.2443464341 2.4378793272 0 0 0 3 6 5 0 0 0 6 
112 1 0.95956 22.0076 22.8144 8.25205e-04 -0.00194442 1.40478e-04 0.0021169474 0.0 16 23.0962622256 2.3583749933 0 0 2 3 3 5 3 0 0 7 
554 1 9.02478 20.9913 18.6602 -8.92727e-04 -0.00133315 0.00113472 0.0019651565 0.0 13 20.775324374 2.3115462242 0 0 0 3 6 4 0 0 0 6 
946 2 2.54735 19.521 25.1471 -0.00308245 8.44764e-04 -0.00355585 0.0047811289 0.0 16 19.7401767555 2.4499909867 0 0 1 4 5 2 4 0 0 7 
374 1 4.16283 18.51 22.5587 -0.00242779 -0.00394594 -0.00321902 0.0056415154 0.0 15 23.4875145813 2.4653916425 0 0 2 5 1 4 2 0 1 9 
333 2 5.22461 25.3092 23.3702 0.00512369 -0.00239583 -0.00176645 0.005925584 0.0 11 15.8569206051 2.1916742694 0 0 0 3 6 2 0 0 0 6 
699 1 10.5004 23.2021 19.6826 3.45756e-04 -0.00107269 0.00131298 0.0017303547 0.0 14 21.7865813215 2.2379749834 0 0 0 2 8 4 0 0 0 6 
518 1 10.9404 25.9323 19.3269 -6.00076e-04 -0.00185598 -2.95437e-04 0.0019728244 0.0 13 21.9661986438 2.4808526028 0 0 0 3 7 2 1 0 0 7 
311 1 10.7917 17.6674 25.4133 -0.00252044 0.0027497 9.84931e-04 0.0038579213 0.0 16 23.6547862172 2.3865030825 0 0 0 3 7 5 1 0 0 7 
557 2 10.8568 22.7221 22.7325 -0.00167864 -5.23339e-04 -0.00130743 0.0021911388 0.0 14 17.8448106543 2.2302035726 0 0 0 4 4 6 0 0 0 6 
980 1 16.2146 20.529 19.4191 -6.34947e-04 -0.00446826 6.75217e-04 0.0045633785 0.0 16 21.434694708 2.2776109365 0 0 0 3 6 7 0 0 0 6 
622 1 15.7953 25.6406 19.7367 4.69229e-04 -0.00188256 6.69182e-05 0.0019413104 0.0 14 21.7204932397 2.1676893877 0 0 0 3 6 5 0 0 0 6 
170 1 18.0724 21.6638 21.3588 -0.00204592 -0.00164891 0.00237371 0.0035410722 0.0 11 20.3119148333 2.4178155453 0 0 2 2 3 3 1 0 0 7 
172 1 17.5104 26.6412 24.4431 4.50134e-04 0.00325458 4.43443e-04 0.0033153512 0.0 14 20.5550367955 2.079152745 0 0 0 2 8 4 0 0 0 6 
874 2 12.1197 27.0082 23.2953 -0.00442587 0.0040178 -0.00152661 0.0061694068 0.0 14 15.71972019 2.0698432755 0 0 1 4 3 4 2 0 0 7 
507 1 9.6123 19.6866 23.4004 -7.1975e-06 0.0016084 -0.00311787 0.0035082924 0.0 15 22.9400886425 2.2276371977 0 0 1 1 8 4 1 0 0 7 
865 2 8.81648 22.8528 23.9296 3.10851e-04 -8.37098e-04 -3.33411e-04 9.53165411e-04 0.0 14 15.9833733338 2.1853295985 0 0 3 2 3 4 1 0 1 9 
608 1 12.4978 18.9316 23.1508 -0.00324793 5.77819e-04 0.00172835 0.0037242607 0.0 15 20.2844956341 2.2230344136 0 0 1 2 6 5 1 0 0 7 
549 2 12.325 25.5228 -0.112046 0.0014223 0.00220586 -0.00112179 0.0028543245 0.0 14 17.0230481032 2.3364250836 0 0 0 4 5 4 1 0 0 7 
10 2 11.1964 21.6553 25.0076 0.00308787 9.16546e-04 -4.07347e-06 0.0032210269 0.0 14 16.6793006266 2.1877202108 0 0 1 1 7 5 0 0 0 6 
415 1 15.7235 23.2409 21.1398 0.00258933 -0.00173854 -0.00203643 0.0037248085 0.0 13 20.4337926767 2.277194531 0 0 0 3 6 4 0 0 0 6 
839 1 15.4767 24.0201 23.8391 -0.00114574 -0.00207761 -1.96274e-04 0.0023806946 0.0 14 20.6250302842 2.2031594244 0 0 1 3 4 5 1 0 0 7 
961 1 14.8041 26.156 25.5605 -0.00253221 -0.00476923 0.00208306 0.0057876404 0.0 17 21.165663125 2.3688541141 0 0 2 2 6 4 2 1 0 8 
647 2 10.5717 23.8346 26.0369 -9.63618e-04 -8.76452e-04 0.00320515 0.0034597275 0.0 15 13.7450190846 2.0079235718 0 0 1 2 7 3 2 0 0 7 
491 2 9.51109 20.3249 26.6737 0.00373051 5.35714e-04 -0.00233095 0.004431368 0.0 12 16.5421225728 2.3865030825 0 0 1 1 7 3 0 0 0 6 
536 1 13.4204 24.6589 17.998 0.00183162 -0.00146412 0.00246945 0.0034053873 0.0 16 22.454305274 2.2722926046 0 0 1 3 4 7 1 0 0 7 
976 1 16.6741 21.4733 23.6272 -5.01067e-04 2.60068e-04 0.00171001 0.0018007881 0.0 15 22.2669050782 2.2776109365 0 0 0 3 8 2 2 0 0 7 
71 1 11.0408 20.3157 20.9045 0.00315481 -0.00266751 0.00144635 0.0043772553 0.0 14 22.3454357417 2.2427522584 0 0 0 3 6 5 0 0 0 6 
386 2 10.4969 26.1769 24.6173 0.00242392 0.00193846 7.17185e-04 0.0031854936 0.0 12 12.3894143649 1.896953017 0 0 0 4 4 4 0 0 0 6 
460 1 11.59 21.8412 17.6421 0.00356084 -0.00185646 5.09755e-04 0.0040479471 0.0 14 21.7818471117 2.2722926046 0 0 0 4 4 6 0 0 0 6 
340 1 14.9554 26.5628 22.7658 -0.0029256 -0.00148202 0.00166437 0.003677723 0.0 14 21.1477287486 2.2344826029 0 0 0 4 4 6 0 0 0 6 
192 1 13.5737 22.0017 19.7226 7.31077e-04 0.00326467 -0.00299775 0.0044921096 0.0 13 19.9295212974 2.1675223968 0 0 0 2 8 3 0 0 0 6 
854 1 17.9532 18.3997 24.4405 2.00194e-04 0.0019408 0.00190715 0.0027283701 0.0 15 23.6183907218 2.2386194536 0 0 1 4 3 5 2 0 0 7 
380 1 15.1553 16.8142 17.1284 -0.00183924 -2.40958e-04 0.00389827 0.0043171024 0.0 12 21.7678483642 2.2415221829 0 0 0 0 12 0 0 0 0 5 
407 2 10.3662 25.0513 22.5918 0.00150924 -0.00140292 -7.3693e-04 0.0021883911 0.0 14 14.7505368493 2.1993501039 0 0 0 6 2 4 2 0 0 7 
833 1 13.6926 21.3909 22.4875 0.00417471 9.5644e-04 0.00216521 0.0047990744 0.0 15 22.3816451388 2.2776109365 0 0 0 2 8 5 0 0 0 6 
430 2 13.6413 20.6222 25.4441 6.65269e-04 0.00197508 0.00117478 0.0023924113 0.0 14 17.4870783632 2.2668301838 0 0 0 3 6 5 0 0 0 6 
834 1 13.7264 19.0562 20.6146 -0.0016314 0.00277261 0.00203388 0.0038059821 0.0 12 20.0995192044 2.1675223968 0 0 0 0 12 0 0 0 0 5 
39 1 16.0566 18.8349 22.2587 -0.0018863 -2.67768e-04 9.02187e-04 0.0021080249 0.0 15 22.2852529212 2.2776109365 0 0 1 2 6 5 1 0 0 7 
499 2 12.4639 24.1589 23.9449 3.25333e-04 0.00309344 3.43457e-04 0.0031294049 0.0 13 17.3171421929 2.1149405323 0 0 0 3 6 4 0 0 0 6 
456 1 8.92466 17.5605 19.6939 0.00335198 0.0015304 -0.00262794 0.0045259212 0.0 15 21.9456075262 2.4415306901 0 0 1 3 6 3 1 1 0 8 
796 1 16.2335 17.5428 19.4446 -0.00259515 -0.00252898 -0.00140032 0.0038847702 0.0 13 21.7298868243 2.2415221829 0 0 0 1 10 2 0 0 0 6 
809 1 13.0449 24.606 20.95 -0.00244624 -0.00256363 3.4622e-04 0.0035603591 0.0 15 21.1378935196 2.1149405323 0 0 0 3 6 6 0 0 0 6 
441 1 26.2414 25.4362 20.0077 -0.00185961 -3.61707e-04 0.00116005 0.0022214179 0.0 14 21.3072028053 2.3355642624 0 0 0 3 7 3 1 0 0 7 
461 1 0.287681 24.9806 23.0246 -0.00134401 0.00497121 -0.00643903 0.0082450227 0.0 13 20.7831248483 2.3573746154 0 0 1 2 6 3 1 0 0 7 
821 1 24.7459 19.3332 18.8422 1.73304e-04 -6.46984e-04 -8.25697e-04 0.0010632018 0.0 15 24.4271676409 2.2731171116 0 0 1 3 5 4 2 0 0 7 
300 1 25.7211 23.7543 25.2365 0.0036169 9.72661e-04 -5.29298e-04 0.003782617 0.0 15 21.6515801457 2.3167761064 0 0 2 1 6 4 2 0 0 7 
271 1 24.4742 18.5732 25.5766 0.00378105 0.00152051 -0.00518301 0.006593321 0.0 15 22.603786146 2.4013850299 0 0 0 3 6 6 0 0 0 6 
694 1 21.3046 23.312 26.3021 0.00207163 -5.23648e-04 0.00648072 0.0068238984 0.0 15 22.8472656043 2.3167761064 0 0 1 3 4 6 1 0 0 7 
12 1 24.6342 23.6306 21.9795 -0.00130063 7.28037e-04 0.00280881 0.003179794 0.0 16 21.5879846861 2.1778269638 0 0 1 3 6 3 3 0 0 7 
958 1 20.7765 23.5183 18.4026 0.00230941 9.92108e-04 -0.00116576 0.0027706767 0.0 13 21.2515947018 2.1908489939 0 0 0 3 6 4 0 0 0 6 
738 1 18.5232 21.0755 25.9111 0.00215284 -0.00129867 0.0024582 0.0035162496 0.0 14 22.1313841787 2.2370376492 0 0 2 2 5 3 1 1 0 8 
531 1 19.2649 25.8434 26.5104 0.0010666 -0.00192267 9.86419e-04 0.0024098377 0.0 12 20.0361862932 2.1435608112 0 0 0 0 12 0 0 0 0 5 
301 1 23.6333 21.6836 26.4358 7.05331e-04 -0.00298575 6.42961e-04 0.0031345803 0.0 14 21.060276338 2.3101314469 0 0 1 4 3 4 2 0 0 7 
59 1 18.0262 23.6994 19.4018 -0.00189884 -0.00509812 -0.00229761 0.0059055425 0.0 13 20.1589159933 2.1373831571 0 0 1 0 9 3 0 0 0 6 
440 1 23.3719 24.3012 19.3909 -0.00680377 4.35787e-04 0.00107171 0.0069014317 0.0 14 21.1899026775 2.2438766362 0 0 1 1 8 3 1 0 0 7 
167 1 22.1921 18.846 20.5768 -0.00194381 0.00456361 9.73892e-04 0.005055037 0.0 15 23.8184405693 2.464212042 0 0 1 3 6 2 3 0 0 7 
571 1 22.9539 21.6454 20.888 -1.97271e-04 -0.00231687 -0.00247652 0.0033970507 0.0 15 22.2191021955 2.4967152904 0 0 2 3 2 6 2 0 0 7 
348 1 19.7815 25.9699 19.8124 -0.0030071 1.78064e-04 -0.00216894 0.0037119615 0.0 15 21.9621216888 2.2438766362 0 0 0 2 9 3 1 0 0 7 
745 1 18.4123 25.2095 22.2483 -0.00140325 -6.10431e-04 7.25017e-05 0.0015319899 0.0 16 22.5343060872 2.2899660493 0 0 1 2 7 4 2 0 0 7 
272 1 18.9906 19.0054 21.7072 1.53281e-05 -0.00126883 7.13556e-04 0.0014557907 0.0 15 23.8374792278 2.4967152904 0 0 1 3 4 6 1 0 0 7 
730 1 23.1318 20.2393 23.5885 0.00579978 -9.1687e-04 2.05665e-04 0.0058754061 0.0 12 20.0503399193 2.2646926698 0 0 0 2 8 2 0 0 0 6 
612 1 22.7352 23.0246 23.7244 -1.70244e-04 -2.86959e-04 8.49429e-04 9.126106033e-04 0.0 14 20.6372329492 2.3167761064 0 0 1 4 3 4 2 0 0 7 
91 1 21.0676 18.3014 23.6691 -0.00181684 8.64469e-04 -0.00153922 0.0025332612 0.0 14 21.9731007225 2.3117949381 0 0 1 1 8 3 1 0 0 7 
315 1 18.0263 23.7751 25.0379 -0.00284073 7.40301e-04 -7.22195e-04 0.0030231371 0.0 15 21.8296233343 2.2899660493 0 0 3 0 5 5 2 0 0 7 
618 1 20.2967 21.4772 23.6681 -0.00244093 0.00177187 9.57765e-04 0.0031646447 0.0 17 24.0643762121 2.4967152904 0 0 1 4 4 5 3 0 0 7 
928 1 20.7569 23.3418 21.6855 -5.83485e-04 -0.00131409 0.00224618 0.002666948 0.0 14 23.0472344891 2.4892097097 0 0 1 2 7 2 2 0 0 7 
105 1 23.7813 17.7178 22.7898 0.00103437 3.60498e-04 0.00231114 0.0025575864 0.0 14 21.7618794331 2.295155421 0 0 1 2 7 2 2 0 0 7 
723 1 19.336 20.8445 19.1328 0.00358321 -0.00170545 -0.00191905 0.0044080275 0.0 15 22.897835327 2.4967152904 0 0 0 3 6 6 0 0 0 6 
283 1 25.1966 22.0939 18.1954 -1.4412e-04 0.00173583 -0.00304975 0.0035121007 0.0 15 21.6931398902 2.1830226939 0 0 1 2 7 3 2 0 0 7 
652 1 21.3558 19.9317 26.2868 0.00142319 0.00103762 0.00173064 0.002469259 0.0 18 25.0462350935 2.3661708199 0 0 2 3 5 4 3 1 0 8 
328 1 22.0939 26.843 26.4717 -0.00113338 -0.00235039 0.0020282 0.0033049173 0.0 13 20.1484334659 2.2107307551 0 0 1 2 6 3 1 0 0 7 
784 1 26.8521 17.8985 23.6679 -0.00191115 -0.00153156 0.0013045 0.0027748677 0.0 14 23.6170013701 2.3752817459 0 0 3 1 3 5 2 0 0 7 
38 1 25.5121 20.3018 21.7374 9.13475e-04 4.18164e-04 1.56316e-06 0.0010046393 0.0 14 22.9202490085 2.232079441 0 0 0 3 6 5 0 0 0 6 
475 1 25.8885 20.8043 24.5735 5.59491e-04 -0.00416643 -2.98362e-04 0.0042144026 0.0 16 21.6012701183 2.2747907348 0 0 2 3 2 7 2 0 0 7 
18 1 20.809 25.6328 24.0465 0.00295371 -0.0033711 0.00539027 0.0070102588 0.0 14 22.1677584211 2.2387826716 0 0 0 1 10 3 0 0 0 6 
