# Particles (1000 particles):
# "Particle Identifier" "Particle Type" Position.X Position.Y Position.Z Velocity.X Velocity.Y Velocity.Z "Velocity Magnitude" Centrosymmetry Coordination "Atomic Volume" "Cavity Radius" "Voronoi Index.1" "Voronoi Index.2" "Voronoi Index.3" "Voronoi Index.4" "Voronoi Index.5" "Voronoi Index.6" "Voronoi Index.7" "Voronoi Index.8" "Voronoi Index.9" "Voronoi Index.10" "Max Face Order"
37 1 8.34922 7.97345 8.88127 -0.00120726 0.00178334 0.00147928 0.0026126706 0.0 15 22.064971762 2.1588955 0 0 0 2 9 3 1 0 0 0 7 
285 2 5.1311 1.69476 4.20134 -0.00112997 0.00246342 0.00139847 0.0030497522 0.0 16 15.2070666471 2.2309467699 0 0 3 3 2 4 3 1 0 0 8 
533 1 6.34742 5.75121 6.96774 2.07322e-04 0.00153576 -0.00407799 0.0043625157 0.0 13 21.6157583732 2.1867847992 0 0 0 3 6 4 0 0 0 0 6 
719 1 2.72875 5.9685 2.306 -0.0011768 -0.00402307 -0.00279471 0.0050378919 0.0 16 23.6713222597 2.3688625093 0 0 0 4 6 4 2 0 0 0 7 
856 1 8.10308 7.42602 4.90533 -2.11071e-04 -0.00263539 -0.00553041 0.0061298667 0.0 17 26.0393483612 2.3382073848 0 0 1 0 11 3 2 0 0 0 7 
962 1 4.29967 6.5932 4.74053 3.9177e-04 -7.34122e-04 6.31026e-05 8.3450631029e-04 0.0 14 22.3085195859 2.2619151685 0 0 1 0 10 2 1 0 0 0 7 
20 1 4.2944 4.28933 8.75905 -1.06943e-04 4.94141e-04 7.29902e-05 5.1082257431e-04 0.0 14 21.352601991 2.4584825764 0 0 3 2 4 2 1 2 0 0 8 
895 2 2.39136 2.96053 6.97538 1.51346e-04 -8.19293e-04 -0.00249594 0.0026313235 0.0 13 14.9323886431 2.1620309073 0 0 1 3 5 2 2 0 0 0 7 
766 1 2.84099 8.62793 2.74877 -0.0017892 5.75945e-04 0.00464199 0.0050080955 0.0 14 21.4626553632 2.1270186493 0 0 1 1 8 3 1 0 0 0 7 
967 1 6.13808 4.46809 3.53079 -2.84561e-04 -4.76634e-04 0.00152261 0.0016206468 0.0 16 22.4497227694 2.3688625093 0 0 2 3 4 4 2 1 0 0 8 
23 2 26.2874 3.84414 2.7981 2.50498e-04 1.74573e-04 5.86373e-04 6.6110383107e-04 0.0 14 19.5013128411 2.3049986421 0 0 2 3 3 3 3 0 0 0 7 
303 2 0.996587 4.54699 8.245 0.00185692 -4.38829e-04 0.00177135 0.0026035367 0.0 14 17.0403989345 2.462255158 0 0 2 2 3 6 1 0 0 0 7 
126 2 4.49508 1.52378 6.73544 -0.00559379 0.00151052 7.93692e-04 0.0058482565 0.0 13 14.0229272773 2.1200594883 0 0 1 2 5 5 0 0 0 0 6 
940 2 1.37491 5.28151 5.70889 -0.00163663 6.5713e-04 -0.00294634 0.0034338458 0.0 14 16.0740514042 2.1645072841 0 0 0 5 3 5 1 0 0 0 7 
235 1 8.19822 8.05576 1.94185 0.00515328 0.00253808 0.00229592 0.0061862261 0.0 16 21.4376468493 2.3107187521 0 0 2 2 5 5 1 1 0 0 8 
994 2 1.43529 7.71029 5.10924 -0.00159063 0.00137193 0.00369943 0.0042541836 0.0 14 15.4446846312 2.0918895708 0 0 1 1 8 3 1 0 0 0 7 
137 2 2.43632 2.56085 2.35468 -0.00466705 0.00394868 0.00146953 0.0062875232 0.0 16 18.4910876739 2.3688625093 0 0 2 3 3 5 3 0 0 0 7 
3 2 4.24274 3.58421 5.68446 0.00150602 -1.47706e-05 0.00233953 0.0027823938 0.0 15 19.3381779542 2.3688625093 0 0 0 4 5 5 1 0 0 0 7 
780 1 8.04107 3.98329 5.83221 0.00220893 -0.00115099 0.00331337 0.0041451864 0.0 14 20.6514340811 2.1418779454 0 0 1 2 7 2 2 0 0 0 7 
896 1 0.0813564 7.80451 1.63698 0.0016446 5.6364e-04 -0.00187906 0.0025599347 0.0 17 23.2738793839 2.2179547239 0 0 2 3 4 5 2 1 0 0 8 
515 2 6.58673 0.0999964 3.00115 -4.89423e-04 0.00113374 -0.00149813 0.0019414672 0.0 15 13.7696838947 1.9975371572 0 0 0 4 6 3 2 0 0 0 7 
473 2 7.8858 26.6479 7.89556 -5.24952e-04 -0.00102583 0.00243911 0.0026976211 0.0 14 15.3215084272 2.2440117499 0 0 2 3 2 5 2 0 0 0 7 
196 2 1.4151 0.707254 5.31686 -0.00170339 -7.74421e-04 -0.0028493 0.0034087792 0.0 17 14.3373358463 2.1200594883 0 0 2 5 1 5 3 1 0 0 8 
807 1 5.60338 6.95897 1.87182 0.00128261 0.00397631 7.96471e-04 0.0042532923 0.0 15 21.3810488543 2.1904909344 0 0 0 3 6 6 0 0 0 0 6 
487 2 6.79927 1.28215 5.87555 -0.00201502 0.00193743 -0.00102664 0.002977907 0.0 14 15.0696677944 2.1418779454 0 0 1 2 7 2 2 0 0 0 7 
817 1 3.71352 6.84049 7.86747 0.00175323 -0.00402353 -8.80909e-04 0.0044764506 0.0 20 23.9132001426 2.462255158 0 0 1 3 6 8 1 1 0 0 8 
157 2 2.2321 2.14712 26.7359 -0.00112261 0.00542372 -0.00238674 0.0060310463 0.0 13 16.049223402 2.3242856569 0 0 2 2 5 1 3 0 0 0 7 
613 2 6.96799 2.05623 1.21639 -0.00412982 -0.00153138 -4.22504e-05 0.0044048068 0.0 15 14.5178417199 2.0893489364 0 0 0 4 5 5 1 0 0 0 7 
787 2 8.14036 1.79041 3.51956 0.00234582 5.34085e-05 -9.77163e-04 0.0025417654 0.0 12 16.1951350686 2.0380611548 0 0 0 2 8 2 0 0 0 0 6 
871 2 1.71083 3.25486 4.63483 -0.0020418 0.00147105 -5.19017e-04 0.0025694968 0.0 15 16.1365697727 2.3163791377 0 0 2 2 6 1 4 0 0 0 7 
534 2 3.9772 1.03352 8.85551 0.0049103 -0.00349252 -0.00143912 0.0061951439 0.0 14 17.2457930883 2.2275965867 0 0 1 3 4 5 1 0 0 0 7 
244 1 1.08857 4.95638 26.6476 -9.42625e-04 -0.00270031 0.00403658 0.00494714 0.0 16 23.1008147106 2.2370494282 0 0 1 2 7 4 2 0 0 0 7 
892 2 4.84924 1.13623 1.87952 0.00236919 0.001787 0.001905 0.0035263941 0.0 13 12.0700879124 1.9868733649 0 0 2 3 2 4 2 0 0 0 7 
131 1 5.90938 8.58057 6.63212 6.18427e-04 -0.00240594 0.00269658 0.0036664074 0.0 14 21.0497933452 2.3323435816 0 0 0 2 8 4 0 0 0 0 6 
501 2 4.45564 3.52796 1.19693 8.86646e-04 -2.75789e-04 -0.00103083 0.0013873756 0.0 14 17.2584512899 2.3483270455 0 0 1 1 8 3 1 0 0 0 7 
708 1 6.95078 3.18887 8.53702 0.00276839 -3.99911e-04 4.67914e-04 0.0028359929 0.0 17 22.8033440706 2.1867847992 0 0 1 1 8 6 1 0 0 0 7 
249 2 26.6085 0.191628 7.40474 -0.0014871 0.00351031 0.00305225 0.0048836434 0.0 13 12.6603781117 1.9082407033 0 0 1 4 2 5 1 0 0 0 7 
680 1 5.81335 9.13776 3.73427 0.0012503 0.0030034 -0.00196278 0.0037994956 0.0 14 21.4372169268 2.3382073848 0 0 1 2 7 2 2 0 0 0 7 
224 2 10.3213 3.90497 26.538 -0.00369486 0.00124776 -8.21421e-04 0.0039854269 0.0 14 17.1127786377 2.2137635635 0 0 0 3 7 3 1 0 0 0 7 
660 2 10.9676 26.6276 1.48524 -0.00111075 -8.73971e-04 -3.7238e-04 0.0014615942 0.0 12 14.5106387553 2.1373246085 0 0 0 3 6 3 0 0 0 0 6 
746 1 16.4976 1.33871 6.16412 -0.00322922 6.6124e-04 -0.0011529 0.0034920307 0.0 16 23.9920658562 2.381323959 0 0 2 2 5 5 1 1 0 0 8 
942 2 9.57242 2.10063 1.46093 -9.05487e-04 5.86753e-04 9.42459e-04 0.0014326251 0.0 15 16.5242992662 2.1692952024 0 0 1 0 11 1 2 0 0 0 7 
535 1 13.6889 7.53757 2.81013 7.11874e-04 -0.00170286 -0.00174966 0.0025431883 0.0 15 22.7684044142 2.2326491254 0 0 0 3 6 6 0 0 0 0 6 
352 1 14.3694 2.9094 4.74953 -0.00114666 0.00140385 -0.00421401 0.0045873199 0.0 16 22.2854375307 2.381323959 0 0 0 3 7 5 1 0 0 0 7 
122 1 14.0834 5.87138 5.22029 0.00335733 0.0023268 0.00170188 0.004425162 0.0 15 21.8380779917 2.2326491254 0 0 0 0 12 3 0 0 0 0 6 
901 1 15.2801 4.63304 2.24773 -0.00600165 -2.49847e-04 -1.6971e-04 0.0060092452 0.0 14 22.4588712648 2.2973362345 0 0 0 2 8 4 0 0 0 0 6 
357 1 11.167 5.88648 4.70646 -4.00385e-04 -0.0011332 0.00194053 0.0022825659 0.0 15 23.0290894694 2.3107187521 0 0 0 2 8 5 0 0 0 0 6 
824 2 12.3461 7.0588 7.4547 0.00408817 -0.00460947 0.00205222 0.0064939937 0.0 13 15.572806287 2.1269477279 0 0 0 1 10 2 0 0 0 0 6 
322 2 12.7681 8.52212 5.71709 -0.00403712 0.00257169 -2.88663e-04 0.0047953367 0.0 12 15.3845119372 2.1510332038 0 0 0 0 12 0 0 0 0 0 5 
28 1 13.0194 8.87592 0.194968 -2.34129e-04 -3.6469e-04 -0.00123456 0.0013084164 0.0 16 25.0294001402 2.3977993415 0 0 0 4 5 6 1 0 0 0 7 
290 2 8.87748 0.558443 5.71365 -0.0017312 -4.67904e-04 -9.04153e-04 0.0020083526 0.0 13 14.2264851155 2.0217167639 0 0 1 3 3 6 0 0 0 0 6 
777 2 8.64052 0.0437782 1.15312 -7.50265e-04 0.00161325 -0.00205206 0.0027159572 0.0 14 12.807481008 1.9975371572 0 0 0 4 4 6 0 0 0 0 6 
995 2 12.5642 0.913276 8.28806 -0.00246905 7.67526e-04 -0.00250212 0.0035980423 0.0 15 17.4608489105 2.3885511544 0 0 1 2 6 5 1 0 0 0 7 
553 1 15.695 8.53464 4.80262 -0.00209391 -0.00171413 -0.00278002 0.0038795891 0.0 15 21.6493512142 2.2653713635 0 0 3 2 4 3 2 0 1 0 9 
574 1 8.77709 5.07265 3.04135 -0.00220506 2.94052e-04 0.00306108 0.0037840411 0.0 15 23.3426773833 2.3077004615 0 0 0 2 9 3 1 0 0 0 7 
898 1 15.3982 4.04192 7.03986 0.00388644 -0.00185924 -0.00468203 0.0063625934 0.0 12 20.8580790922 2.307148994 0 0 0 2 8 2 0 0 0 0 6 
104 2 10.7546 9.12645 4.09359 -0.00177582 -8.37153e-04 0.00280764 0.0034259603 0.0 13 18.2002283857 2.3107187521 0 0 1 2 6 3 1 0 0 0 7 
829 1 9.70537 2.56517 7.70584 -0.00328039 0.00148549 0.00143316 0.0038757692 0.0 16 22.6083065862 2.3885511544 0 0 0 3 7 5 1 0 0 0 7 
495 1 17.1469 3.84101 4.51422 0.00210727 -0.00431942 1.68257e-04 0.0048089798 0.0 14 22.4961448687 2.2732273649 0 0 0 2 8 4 0 0 0 0 6 
42 1 9.63392 5.57038 7.58017 -0.00478522 -0.00308076 0.00276139 0.0063257164 0.0 16 23.4382537337 2.1867847992 0 0 0 3 6 7 0 0 0 0 6 
662 1 13.6063 2.26654 0.659111 -0.00170975 0.00264512 -0.00413657 0.0051991457 0.0 16 23.0703656864 2.2545390114 0 0 0 1 10 5 0 0 0 0 6 
27 1 13.8231 5.44616 26.7381 0.00229464 -8.09508e-04 0.00188067 0.0030753204 0.0 15 24.9016864479 2.3990104681 0 0 0 2 8 5 0 0 0 0 6 
358 1 10.9127 7.22481 1.33217 5.11346e-04 0.00286038 -0.00132953 0.0031954497 0.0 13 23.1423204009 2.3107187521 0 0 0 1 10 2 0 0 0 0 6 
306 2 14.4803 8.34231 7.48964 -2.38392e-04 -9.82737e-04 -4.19554e-04 0.0010948189 0.0 12 15.5746393711 2.1522237018 0 0 0 0 12 0 0 0 0 0 5 
366 1 16.0725 7.17649 0.953 -0.00302463 -0.00172476 -0.00111722 0.0036566876 0.0 13 22.3953862709 2.295881506 0 0 1 3 4 4 1 0 0 0 7 
14 1 10.7229 2.96737 4.69624 -4.01851e-04 9.63919e-04 0.00446333 0.0045838781 0.0 14 21.5401271938 2.2474035851 0 0 0 2 8 4 0 0 0 0 6 
309 1 12.5897 1.37467 3.41071 -0.00107936 0.00364422 0.00305843 0.0048784579 0.0 12 21.0862103597 2.2144867657 0 0 0 3 6 3 0 0 0 0 6 
968 1 16.6554 2.40409 1.36831 0.00138907 0.00107664 -0.0023408 0.002927117 0.0 13 23.4349523739 2.2545390114 0 0 0 3 6 4 0 0 0 0 6 
509 1 12.3377 4.2687 2.57669 -0.00535992 5.17825e-04 0.003922 0.0066617542 0.0 14 23.8689472691 2.2137635635 0 0 0 2 8 4 0 0 0 0 6 
805 1 12.4617 4.04658 6.80825 -0.00155819 0.00182677 0.00372799 0.004434293 0.0 16 23.0992458353 2.3178035872 0 0 0 2 9 4 1 0 0 0 7 
926 1 17.153 6.70114 6.74851 0.00144388 1.11479e-04 7.49573e-04 0.0016306676 0.0 16 24.9928227226 2.4989519353 0 0 0 4 6 4 2 0 0 0 7 
454 1 15.3606 0.277024 3.10759 5.6991e-04 -0.00259747 -0.00471233 0.0054108873 0.0 14 23.3921437952 2.2545390114 0 0 0 3 6 5 0 0 0 0 6 
219 1 17.6962 6.62514 3.51134 0.00299127 -0.00439073 0.00127226 0.0054630442 0.0 16 24.8733553196 2.4989519353 0 0 3 1 6 3 2 0 1 0 9 
562 1 20.9825 8.7361 26.3902 0.00230915 -0.00102264 0.00224303 0.0033777433 0.0 14 21.2650360632 2.3602496781 0 0 0 3 6 5 0 0 0 0 6 
943 2 26.5744 1.63603 3.85783 -7.79174e-04 0.00398338 0.00158868 0.0043587077 0.0 14 15.8559503254 2.1693530123 0 0 0 4 5 4 1 0 0 0 7 
919 2 26.5792 2.54858 7.11158 5.0291e-04 0.00371755 0.00701338 0.007953653 0.0 14 13.5621930434 1.9309688087 0 0 1 2 5 6 0 0 0 0 6 
449 1 23.2916 7.15807 8.6346 0.00164548 -0.00104375 8.75179e-04 0.0021361079 0.0 15 22.1285335552 2.3480596787 0 0 1 1 8 4 1 0 0 0 7 
836 2 22.2773 1.2019 7.70354 0.0028728 9.27643e-04 -8.73576e-04 0.0031427116 0.0 14 18.0834379512 2.3060375188 0 0 0 1 10 3 0 0 0 0 6 
369 2 22.1082 3.72595 7.79216 -0.00286635 -0.00141565 -0.00121963 0.003421626 0.0 14 17.4751699663 2.1628628376 0 0 0 1 10 3 0 0 0 0 6 
732 1 20.2338 6.77022 8.33251 -0.00457428 -0.00176763 -0.00107866 0.0050211613 0.0 15 23.5774655343 2.4163286436 0 0 2 1 7 3 1 1 0 0 8 
505 1 24.4517 26.3005 3.0861 -8.25427e-04 -0.00253519 -0.00275476 0.0038336954 0.0 14 20.6154902977 2.370935506 0 0 0 3 7 3 1 0 0 0 7 
213 2 26.741 5.97199 4.03808 -0.00250727 -0.00225211 -1.73598e-04 0.0033746909 0.0 14 16.2424043242 2.2179547239 0 0 4 1 2 4 2 1 0 0 8 
846 1 19.6351 1.37345 1.21104 0.00310128 0.00185208 -6.5864e-05 0.0036128211 0.0 14 23.0220990344 2.4500879753 0 0 0 4 5 4 1 0 0 0 7 
772 2 23.1187 3.30066 5.55546 0.00230938 -0.0023522 0.00121512 0.0035132033 0.0 14 20.1822638031 2.3091461348 0 0 0 3 6 5 0 0 0 0 6 
395 2 25.0938 1.27754 5.64744 -0.00312916 -4.57824e-04 9.97568e-04 0.0033160801 0.0 15 17.0673226456 2.1840676155 0 0 0 2 8 5 0 0 0 0 6 
320 1 23.986 8.50757 1.99827 -5.99321e-04 -4.94327e-05 3.0706e-04 6.7521485208e-04 0.0 15 21.3400216315 2.2858119392 0 0 1 4 3 5 2 0 0 0 7 
58 2 0.765943 8.14791 9.17044 -9.90376e-04 0.0016669 -0.00376042 0.0042308579 0.0 13 18.7057245666 2.401931452 0 0 0 3 6 4 0 0 0 0 6 
222 1 25.1501 5.56291 0.812202 -0.00397002 0.00347598 0.00287914 0.0060110684 0.0 14 21.0872057983 2.2258108126 0 0 1 3 5 3 2 0 0 0 7 
276 1 21.816 6.01874 6.07638 -0.00207163 0.00136318 -0.0015661 0.0029330155 0.0 15 21.9366487915 2.4950120459 0 0 0 5 3 6 1 0 0 0 7 
339 1 18.5472 1.26609 4.06486 -0.00208251 8.48616e-04 -0.00115488 0.0025279923 0.0 13 23.3526089808 2.2566312568 0 0 0 1 10 2 0 0 0 0 6 
781 1 21.9579 1.04663 3.93253 -0.00264581 0.00145211 -0.00115533 0.0032316747 0.0 15 24.2646966991 2.3060375188 0 0 0 1 10 4 0 0 0 0 6 
623 1 22.0415 0.0759945 1.1887 -0.00125343 -5.52157e-04 0.00454899 0.004750713 0.0 14 21.5596233748 2.4803082773 0 0 0 2 9 2 1 0 0 0 7 
929 1 22.2628 6.36567 1.02888 8.46869e-04 1.13683e-04 -7.81099e-04 0.0011576816 0.0 13 18.8340131884 2.3618117003 0 0 0 4 4 5 0 0 0 0 6 
84 1 20.1635 8.55514 5.1829 0.00131425 -0.00103096 0.00174019 0.0024121345 0.0 14 22.9419718793 2.4989519353 0 0 1 3 5 3 2 0 0 0 7 
978 1 19.487 1.79317 6.83134 -2.92216e-04 0.00153498 -6.27677e-04 0.0016839039 0.0 15 23.3332811438 2.3056857417 0 0 0 3 6 6 0 0 0 0 6 
258 2 25.2015 6.59841 5.90892 -0.00163429 -0.00281813 -4.13678e-04 0.0032838834 0.0 14 16.2339762129 2.3192122502 0 0 1 3 5 3 2 0 0 0 7 
704 1 24.0208 2.05971 1.90345 -0.00123835 -0.00390685 6.61323e-04 0.0041514257 0.0 15 22.4900541817 2.3934522407 0 0 0 0 12 3 0 0 0 0 6 
924 1 18.322 4.56949 7.79881 -0.00215016 0.00233026 -0.00483782 0.005784272 0.0 16 24.0980044883 2.4205612425 0 0 2 2 6 3 2 1 0 0 8 
198 1 20.0858 3.91783 5.15096 -2.26419e-05 5.8592e-04 0.00613728 0.0061652267 0.0 14 23.263040406 2.4989519353 0 0 0 3 7 3 1 0 0 0 7 
588 2 25.6795 3.93457 5.13239 0.00179775 0.0031379 9.06455e-04 0.003728268 0.0 13 15.0705653781 2.3091461348 0 0 1 0 9 3 0 0 0 0 6 
638 2 24.886 4.73128 7.23082 9.04529e-04 0.00340373 7.23122e-04 0.0035953381 0.0 15 15.0344787469 2.043219536 0 0 0 4 5 5 1 0 0 0 7 
210 1 23.6013 5.99423 3.56466 -2.61754e-04 0.00235259 -0.0016035 0.002859092 0.0 15 21.2633524331 2.3091461348 0 0 1 3 6 2 3 0 0 0 7 
951 1 21.88 3.93812 2.3568 -9.42979e-04 -0.0012572 0.00114746 0.001945874 0.0 15 22.2454862357 2.4385708073 0 0 0 4 4 7 0 0 0 0 6 
653 1 19.1103 6.61206 0.787948 -0.00198399 -0.00358716 -8.23187e-04 0.0041810967 0.0 15 21.5901241043 2.2973362345 0 0 0 4 4 7 0 0 0 0 6 
129 2 0.454943 6.92006 7.26426 -0.00275221 0.00114205 0.00234146 0.0037896402 0.0 12 13.1010718839 2.1023815612 0 0 2 2 4 2 2 0 0 0 7 
666 1 19.0351 3.95142 2.24411 -4.23538e-04 -8.96137e-04 0.00123774 0.0015857006 0.0 14 20.7858471804 2.2973362345 0 0 0 3 6 5 0 0 0 0 6 
147 1 20.7379 6.44947 3.43338 -0.00227332 3.14116e-04 3.79505e-04 0.0023260861 0.0 13 21.128115327 2.491485787 0 0 0 2 8 3 0 0 0 0 6 
597 1 0.403343 13.0047 0.403961 0.00338054 0.00268522 -0.00170774 0.0046427183 0.0 14 20.4842698584 2.1921580853 0 0 0 1 10 3 0 0 0 0 6 
966 2 1.57042 9.17076 7.15584 3.72571e-04 9.89809e-04 -0.0020682 0.0023229254 0.0 11 12.9125794882 2.0018999834 0 0 0 3 6 2 0 0 0 0 6 
470 2 2.60163 15.5566 4.60362 0.00176245 -0.00260457 0.00110038 0.003331794 0.0 13 16.3445782934 2.228267006 0 0 1 0 9 3 0 0 0 0 6 
453 2 4.97352 11.473 5.68625 0.00192063 0.00239081 -7.94924e-05 0.0030677534 0.0 12 14.4697360311 2.1573997889 0 0 1 2 6 2 1 0 0 0 7 
341 2 0.647406 10.2868 4.71793 -9.9219e-05 0.00212974 -6.40273e-04 0.0022261146 0.0 15 15.0584578503 2.1270186493 0 0 2 3 2 6 2 0 0 0 7 
798 1 2.25222 10.5894 0.375805 -5.992e-04 -4.40406e-04 0.00118521 0.0013991858 0.0 14 22.2675927373 2.1493915648 0 0 0 2 8 4 0 0 0 0 6 
576 1 5.05467 16.1934 1.01593 0.0020421 -0.00584262 -3.32272e-04 0.0061981276 0.0 15 21.670945671 2.228267006 0 0 1 3 5 4 2 0 0 0 7 
119 2 2.10835 17.1302 3.06802 4.30607e-04 9.63626e-04 0.0048339 0.004947786 0.0 13 16.4464124329 2.228267006 0 0 1 2 5 5 0 0 0 0 6 
913 2 0.387452 15.0412 5.44062 7.67433e-04 8.58345e-04 2.09514e-04 0.0011703015 0.0 11 12.6967993739 2.0465942534 0 0 2 2 3 3 1 0 0 0 7 
555 1 26.1311 10.0559 26.5335 0.00225915 -0.00227274 2.88971e-04 0.0032175472 0.0 14 19.9070358231 2.1493915648 0 0 0 4 4 6 0 0 0 0 6 
722 2 0.117121 17.7832 1.82558 -9.84491e-04 4.49659e-04 -0.00324295 0.0034187922 0.0 12 18.4963228422 2.3345827464 0 0 0 3 6 3 0 0 0 0 6 
465 2 8.72833 13.262 7.66407 -4.4877e-04 -0.00223196 0.00245724 0.0033497863 0.0 13 18.4742967115 2.2444095418 0 0 0 1 10 2 0 0 0 0 6 
326 1 6.42174 18.1381 6.14362 0.00186806 -0.00108736 4.82953e-04 0.0022147784 0.0 17 22.7302768903 2.3031530756 0 0 0 5 4 6 2 0 0 0 7 
270 2 7.38423 11.9965 5.02047 9.68827e-04 0.0031372 0.00186795 0.0037775504 0.0 16 19.2037002907 2.3382073848 0 0 2 2 6 2 4 0 0 0 7 
537 1 7.08359 10.7764 1.95076 -0.00103774 0.0012931 -0.001801 0.0024479814 0.0 14 22.3736927953 2.3018616302 0 0 1 2 7 2 2 0 0 0 7 
429 2 2.30011 14.3811 6.81247 -0.00348413 0.00122411 -0.00129991 0.0039150189 0.0 15 15.19302965 2.1098540288 0 0 1 2 7 3 2 0 0 0 7 
914 1 3.98759 11.213 2.623 -0.00232269 -4.52833e-04 3.41715e-04 0.0023909654 0.0 16 21.213064917 2.1717434629 0 0 0 3 7 5 1 0 0 0 7 
757 1 7.90992 16.5901 2.46404 0.00271937 3.26188e-05 -3.98677e-04 0.0027486325 0.0 16 23.3055661928 2.4210541105 0 0 1 4 5 3 2 1 0 0 8 
593 2 3.4748 10.1946 8.35437 -2.67766e-04 -0.00147435 7.18068e-04 0.0016616342 0.0 16 18.4431086699 2.4023510192 0 0 1 3 5 5 2 0 0 0 7 
764 1 5.35823 16.3274 3.96013 -0.0061369 -0.00362704 3.84794e-04 0.0071389794 0.0 14 22.2670342688 2.2435282383 0 0 0 4 5 4 1 0 0 0 7 
532 1 8.18576 16.7683 8.36595 0.00193726 -0.00397891 -0.00314167 0.0054272269 0.0 15 23.8777912091 2.3031530756 0 0 0 3 7 4 1 0 0 0 7 
321 2 9.43106 11.0131 4.3192 0.00426958 -0.00383645 -5.81519e-04 0.005769387 0.0 13 17.3530717908 2.3204448793 0 0 1 1 8 2 1 0 0 0 7 
332 2 8.82569 10.4136 7.02637 -4.81449e-04 -8.55681e-05 -0.00151799 0.0015948068 0.0 15 16.6037536166 2.3382073848 0 0 2 2 4 5 2 0 0 0 7 
975 2 0.863913 10.8102 9.24763 0.00274662 0.00120968 -9.05312e-04 0.0031347786 0.0 13 15.7171720781 2.1172694476 0 0 0 3 6 4 0 0 0 0 6 
621 2 2.04726 12.6805 8.44905 -1.3841e-04 -0.00175224 -3.66071e-04 0.0017954137 0.0 11 12.8041365355 1.9290397133 0 0 0 4 4 3 0 0 0 0 6 
200 1 5.19081 9.30451 0.130747 0.00458043 7.57693e-04 0.00126032 0.004810701 0.0 15 22.2928923334 2.2458146425 0 0 1 1 8 4 1 0 0 0 7 
872 2 2.68871 11.5442 5.40032 -5.7426e-05 -0.00217061 6.18595e-04 0.0022577656 0.0 13 14.5455695354 2.0967044992 0 0 1 2 5 5 0 0 0 0 6 
879 2 0.0785611 11.2849 2.674 -1.53426e-04 0.00287163 0.00196514 0.0034830409 0.0 14 18.8540229503 2.1570294816 0 0 0 4 4 6 0 0 0 0 6 
567 2 0.425072 17.2181 4.40006 -0.00252635 0.00161948 4.75701e-04 0.0030383303 0.0 15 18.2407106393 2.2723386856 0 0 0 2 8 5 0 0 0 0 6 
795 2 0.574627 15.2789 2.96094 0.00101786 0.00197751 0.00218511 0.0031178984 0.0 14 16.3795971752 2.0810971104 0 0 1 1 7 5 0 0 0 0 6 
970 2 6.56004 11.3593 7.44397 -0.00191125 -0.00456471 0.0012114 0.0050947958 0.0 11 15.0554289972 2.4018292574 0 0 0 2 8 1 0 0 0 0 6 
691 2 3.26363 9.40303 5.74425 2.12237e-04 0.00281063 0.00115718 0.0030469249 0.0 12 15.8007131978 1.9890787856 0 0 0 2 8 2 0 0 0 0 6 
412 2 6.08084 13.7723 6.51334 0.00443864 0.0016312 -6.51244e-04 0.0047735162 0.0 14 17.6926936276 2.3031530756 0 0 1 3 4 5 1 0 0 0 7 
233 2 4.21288 13.5552 5.13515 0.00177527 -3.31454e-05 0.00346447 0.0038929725 0.0 13 16.6221110266 2.1686334996 0 0 1 0 9 3 0 0 0 0 6 
629 1 5.93585 13.8017 2.53785 0.0026296 1.43757e-04 -0.00238842 0.0035552795 0.0 14 21.1096672806 2.2297530976 0 0 1 1 8 3 1 0 0 0 7 
859 1 3.0799 13.6591 1.6815 -0.00249084 -8.28603e-04 -0.00332184 0.0042338502 0.0 16 22.565406253 2.228267006 0 0 0 4 5 6 1 0 0 0 7 
296 1 4.48522 16.0113 7.16515 8.16434e-04 -5.21717e-04 0.00444572 0.0045500747 0.0 15 20.0317881891 2.2959278073 0 0 0 4 6 3 2 0 0 0 7 
750 1 2.018 17.0659 7.94464 0.0022682 0.00349039 -0.00126769 0.0043513896 0.0 16 22.8936570951 2.283180719 0 0 0 5 3 7 1 0 0 0 7 
215 2 4.22159 12.3749 7.75629 7.10739e-05 0.00238148 5.19254e-04 0.0024384674 0.0 14 14.5938527624 2.4291417192 0 0 0 3 7 3 1 0 0 0 7 
127 2 1.23404 12.9559 4.15505 0.00208714 1.40307e-04 7.53273e-04 0.0022233442 0.0 15 16.4175186822 2.1036634907 0 0 0 4 5 5 1 0 0 0 7 
171 2 10.5747 11.0881 8.37006 -3.80922e-04 -0.00558698 -7.11323e-04 0.0056449471 0.0 13 13.7251942526 2.1150804246 0 0 0 1 10 2 0 0 0 0 6 
853 2 10.097 12.6482 6.05243 -0.00104195 -8.67209e-05 -0.00279311 0.0029823889 0.0 13 16.0167154093 2.2444095418 0 0 0 3 6 4 0 0 0 0 6 
886 2 13.724 15.3353 3.01122 -0.00193377 -0.00172404 0.00109746 0.002813574 0.0 14 18.6208982038 2.1983900784 0 0 1 4 4 2 3 0 0 0 7 
590 2 10.3767 10.0677 1.8301 0.0010842 8.1234e-05 1.37083e-04 0.0010958469 0.0 15 22.8682960565 2.2959202566 0 0 0 4 6 3 2 0 0 0 7 
382 1 13.3114 12.8411 5.35342 0.00503102 9.61087e-04 -0.00382848 0.0063946939 0.0 13 21.213676374 2.1583845929 0 0 0 3 6 4 0 0 0 0 6 
53 1 15.0191 18.0836 6.06896 -0.00195215 0.00104799 -1.40386e-04 0.0022201083 0.0 17 22.5051908565 2.1983900784 0 0 0 1 10 6 0 0 0 0 6 
983 1 8.47763 15.6342 5.10465 5.42284e-04 -0.00230421 0.00219813 0.0032303608 0.0 17 27.1227687229 2.4442324606 0 0 0 3 8 4 2 0 0 0 7 
591 2 12.5068 17.3659 3.73281 -2.21085e-04 6.20535e-04 0.00423928 0.0042901558 0.0 16 16.7631271248 2.4442324606 0 0 2 5 2 3 2 2 0 0 8 
128 1 13.4574 10.41 3.53007 -0.00117607 -0.00288475 -0.00276144 0.0041629886 0.0 13 21.4186381023 2.217445811 0 0 0 2 8 3 0 0 0 0 6 
791 2 15.6733 16.4154 2.41744 6.56407e-04 -0.00260487 0.00587558 0.0064605463 0.0 14 14.9209577674 2.1983900784 0 0 0 5 4 3 2 0 0 0 7 
452 1 13.7348 12.1009 1.14769 9.55235e-04 -0.00222305 0.00310197 0.0039340365 0.0 13 21.2707511659 2.2168668837 0 0 0 3 6 4 0 0 0 0 6 
727 1 14.7411 13.3469 7.84066 -0.003089 -0.00291258 0.00170089 0.0045736277 0.0 15 22.0630094132 2.1885791336 0 0 1 1 9 2 2 0 0 0 7 
818 2 12.8856 9.97777 7.80807 -0.00364037 -0.00442516 -0.0013173 0.005879593 0.0 14 15.330787931 2.1375514178 0 0 0 1 10 3 0 0 0 0 6 
26 2 13.8555 18.1584 1.82878 -2.40928e-04 -0.00198173 0.00160593 0.0025620912 0.0 13 12.9929259475 2.0171291469 0 0 1 1 8 2 1 0 0 0 7 
804 1 10.9439 16.3634 7.88279 6.46609e-04 0.00118516 -0.00195239 0.0023737174 0.0 14 22.6694556467 2.2604839576 0 0 0 2 8 4 0 0 0 0 6 
469 1 11.4575 13.1465 26.6426 -5.70706e-04 -4.80202e-04 3.59734e-04 8.2807478527e-04 0.0 13 21.5404450214 2.2552032775 0 0 0 4 5 3 1 0 0 0 7 
289 1 12.9155 18.8567 8.37883 0.00331603 0.00105789 -0.00269103 0.0043996396 0.0 16 22.6541238365 2.1959116457 0 0 0 2 9 4 1 0 0 0 7 
256 2 18.3075 16.2749 0.581065 -2.64402e-05 -0.00285892 -1.90499e-04 0.0028653817 0.0 12 17.463022303 2.3366735393 0 0 0 4 4 4 0 0 0 0 6 
816 2 11.5878 13.4143 7.91624 0.00264247 -0.00244422 1.35224e-04 0.0036021028 0.0 14 19.5523023008 2.1558152055 0 0 1 3 3 7 0 0 0 0 6 
100 2 11.3861 10.6154 5.7581 -2.11427e-04 0.00124566 0.00271486 0.0029944674 0.0 13 14.2530765107 2.1510332038 0 0 0 3 6 4 0 0 0 0 6 
822 1 13.5342 15.7065 6.51917 1.05366e-04 -0.00379035 -5.70058e-04 0.0038344258 0.0 13 20.356300007 2.1731811894 0 0 0 1 10 2 0 0 0 0 6 
850 1 11.5975 12.9049 2.81219 0.00259062 -2.61881e-04 -0.00223904 0.003434122 0.0 16 21.0199153539 2.1651878328 0 0 1 3 5 5 2 0 0 0 7 
110 1 11.3075 14.8901 4.61536 -0.00376815 -0.00211852 5.96575e-04 0.0043638267 0.0 12 21.1249283764 2.4350262313 0 0 0 3 6 3 0 0 0 0 6 
255 1 10.5611 15.5394 1.79036 -0.0016665 -0.00241164 0.00267098 0.0039657741 0.0 15 22.5604213151 2.4442324606 0 0 1 2 6 5 1 0 0 0 7 
491 2 13.4833 15.4951 0.558085 -0.00128405 -0.00101401 -0.00397903 0.0043022878 0.0 16 18.6731288216 2.1670450423 0 0 0 5 4 5 2 0 0 0 7 
55 1 15.6471 15.9361 8.06776 -7.90212e-04 2.17295e-04 0.00437937 0.0044553938 0.0 14 19.6371413039 2.1959116457 0 0 2 2 5 3 1 1 0 0 8 
44 2 10.6858 8.79487 6.89331 0.00184569 0.00144183 3.67346e-04 0.0023707358 0.0 13 15.877318424 2.1535216895 0 0 1 0 9 3 0 0 0 0 6 
234 1 8.7513 13.5189 2.75474 -0.00166082 -0.00194686 -2.1239e-05 0.0025591088 0.0 14 21.9265971332 2.2552032775 0 0 0 4 5 4 1 0 0 0 7 
512 1 15.535 11.0201 6.2962 0.00118945 0.00266482 4.50794e-04 0.0029528414 0.0 15 22.2107554431 2.3187412916 0 0 0 4 4 7 0 0 0 0 6 
768 1 15.7324 14.7926 5.08547 4.69928e-04 -9.51715e-04 0.00188183 0.0021605272 0.0 15 22.1438540057 2.2830058928 0 0 2 2 5 4 1 1 0 0 8 
293 1 15.7793 12.6525 3.20397 0.00119088 -3.86694e-04 0.00119913 0.0017336782 0.0 16 22.3441449235 2.3757575854 0 0 1 4 3 6 2 0 0 0 7 
17 1 15.7205 9.83648 1.94222 0.00713668 3.04505e-04 -0.00167159 0.0073361528 0.0 14 21.1701860584 2.2128759923 0 0 1 4 3 4 2 0 0 0 7 
217 1 17.7389 16.762 6.09176 9.99288e-04 0.00180716 0.00168563 0.0026656617 0.0 12 19.4415341267 2.184694805 0 0 2 2 4 2 2 0 0 0 7 
139 1 18.459 14.9567 8.14482 0.00490892 0.00158048 0.00150587 0.0053724349 0.0 15 20.3157797017 2.1687163272 0 0 3 4 1 3 2 2 0 0 8 
102 2 17.8263 17.099 3.26152 0.00140396 0.00404161 0.0015363 0.0045459798 0.0 14 17.2512053504 2.1975027137 0 0 0 2 8 4 0 0 0 0 6 
985 1 19.0516 9.20465 2.31829 -9.93043e-04 0.00150062 0.00459861 0.0049381382 0.0 16 22.5252719659 2.3618117003 0 0 1 3 6 3 3 0 0 0 7 
411 1 22.7351 8.76046 4.5616 -0.00164766 -0.00318712 -6.53157e-04 0.0036467974 0.0 15 22.7691874894 2.3480596787 0 0 0 2 8 5 0 0 0 0 6 
918 1 17.7996 10.7765 4.26682 0.00455841 0.00247833 0.00159514 0.0054282311 0.0 14 21.6518450662 2.3957376716 0 0 2 4 3 0 5 0 0 0 7 
299 1 21.0838 14.3245 7.61982 0.00291319 0.001153 -7.84995e-04 0.0032299074 0.0 15 21.9723604159 2.3566413049 0 0 2 1 6 5 0 1 0 0 8 
242 1 17.8841 11.6865 1.05645 1.85141e-04 -5.75557e-04 0.00317705 0.0032340671 0.0 12 20.5234396011 2.3436823838 0 0 0 3 6 3 0 0 0 0 6 
485 2 0.111791 13.9573 7.8242 8.75792e-04 -3.8016e-04 0.00435541 0.004458826 0.0 12 13.3307947975 2.1150368177 0 0 1 3 5 1 2 0 0 0 7 
640 2 25.2049 14.4354 9.84907 -0.00271856 0.00122539 0.00274329 0.0040518871 0.0 14 15.5491087979 2.1432794901 0 0 1 3 4 5 1 0 0 0 7 
141 2 19.9321 17.5942 1.88369 3.35378e-04 -2.00844e-04 -7.89039e-04 8.8056757761e-04 0.0 13 18.8407531369 2.2725953464 0 0 0 1 10 2 0 0 0 0 6 
136 2 25.293 13.3629 2.83943 0.00191243 2.87125e-04 5.83641e-04 0.0020200164 0.0 13 16.0278074643 2.1112837092 0 0 2 2 2 7 0 0 0 0 6 
947 1 21.7294 9.40079 7.96332 3.2456e-04 0.00296389 -0.00578797 0.0065108049 0.0 15 23.4631251417 2.3480596787 0 0 1 1 8 4 1 0 0 0 7 
367 1 19.9386 12.4352 2.74638 0.00168418 0.00247068 0.00374399 0.0047914698 0.0 14 21.4538255804 2.3904405969 0 0 3 1 4 3 3 0 0 0 7 
155 1 22.7424 16.4573 0.15767 5.03428e-04 -0.00322494 -0.00256862 0.0041534909 0.0 14 21.2398756579 2.1563337892 0 0 0 0 12 2 0 0 0 0 6 
679 1 19.7768 17.5756 8.04564 5.62489e-04 -0.00217437 -0.00299064 0.0037400811 0.0 15 21.6018108031 2.3734384971 0 0 1 3 5 5 0 1 0 0 8 
132 2 0.367687 11.3734 7.08236 0.00453885 0.00766882 0.00136463 0.0090152191 0.0 15 14.12854269 1.9993644888 0 0 1 3 5 4 2 0 0 0 7 
466 2 24.3119 13.5092 7.29872 -0.00518329 0.00117018 -8.54754e-04 0.0053820462 0.0 14 15.2462693633 2.1131752692 0 0 0 3 6 5 0 0 0 0 6 
749 2 24.5109 10.8348 6.76516 7.47795e-04 -0.00257569 0.00156398 0.0031047399 0.0 15 18.8403054563 2.3111433697 0 0 3 2 3 5 1 0 1 0 9 
56 2 23.3458 12.9429 5.0239 0.00250339 -0.00227642 -0.00112476 0.0035656885 0.0 15 17.627931149 2.2075951138 0 0 1 4 5 3 0 2 0 0 8 
697 1 19.8422 14.4817 5.04835 0.00208102 0.00247112 -3.15699e-04 0.0032460351 0.0 18 23.8261742472 2.3957376716 0 0 3 5 1 4 3 1 1 0 9 
701 2 24.0346 17.4096 5.00842 4.00053e-04 -0.00232263 6.30065e-04 0.0024395972 0.0 13 19.6640556897 2.4253068084 0 0 0 1 10 2 0 0 0 0 6 
428 2 17.5993 14.7925 2.44924 -5.7403e-04 -0.00176073 2.27337e-04 0.001865841 0.0 15 20.1585189832 2.3957376716 0 0 2 3 2 6 2 0 0 0 7 
360 2 25.05 15.2656 4.215 -0.0012429 0.00230226 -0.00115518 0.0028600074 0.0 14 14.4103684564 2.1202276149 0 0 0 3 6 5 0 0 0 0 6 
372 2 20.6501 15.4118 2.18524 0.00286582 0.00469095 0.00110798 0.0056076337 0.0 12 18.1250903937 2.2593441181 0 0 1 3 4 3 1 0 0 0 7 
277 2 25.8722 13.1776 5.50905 9.24593e-04 -7.75193e-04 0.00229833 0.0025957884 0.0 14 13.1330878583 1.9993644888 0 0 2 3 3 3 3 0 0 0 7 
603 1 21.697 10.4312 2.69334 0.00228404 1.10192e-04 6.34129e-04 0.002372994 0.0 14 22.3583840211 2.3618117003 0 0 0 2 9 2 1 0 0 0 7 
559 2 25.0417 11.2627 4.16526 -0.00333737 -0.00138739 -5.54058e-04 0.0036564833 0.0 15 16.8843036496 2.1639231187 0 0 2 2 4 5 2 0 0 0 7 
841 1 17.7651 12.6664 6.45602 -0.00315428 -0.0018357 8.64167e-06 0.0036495687 0.0 16 22.6778445514 2.3957376716 0 0 4 2 4 2 1 2 1 0 9 
106 2 25.8674 16.1855 7.46169 0.00257064 -0.00194518 0.00159659 0.0035973622 0.0 15 18.7821976433 2.2250445013 0 0 2 3 2 6 2 0 0 0 7 
911 1 20.7421 11.5639 5.39009 0.00271231 0.00111907 -3.68581e-04 0.00295716 0.0 16 23.4717553168 2.2181151971 0 0 1 3 6 4 1 1 0 0 8 
5 2 25.8482 8.98666 6.90438 -0.00307436 0.00210466 -0.00193782 0.0041995749 0.0 17 16.5248097918 2.3480596787 0 0 2 2 6 5 1 0 1 0 9 
354 2 22.8257 15.3346 5.31065 4.8143e-04 0.0021902 0.00167259 0.002797554 0.0 12 16.9313244666 2.3734384971 0 0 1 2 5 4 0 0 0 0 6 
187 2 22.7861 13.8841 2.71231 3.40014e-04 -0.00248043 -3.5478e-04 0.0025286382 0.0 18 20.0980922196 2.2668406621 0 0 1 4 5 5 2 1 0 0 8 
351 2 22.3897 16.4307 3.28321 -0.00166834 0.00118177 0.00377307 0.0042913862 0.0 12 16.3090022755 2.1140290726 0 0 0 3 6 3 0 0 0 0 6 
236 2 23.6228 16.1307 7.91563 0.00146036 -1.07365e-04 6.39855e-04 0.0015979966 0.0 15 20.4557634013 2.3827092641 0 0 1 3 5 4 2 0 0 0 7 
281 2 25.5404 12.0891 9.16008 9.18831e-04 0.00139503 -0.00128306 0.0021063243 0.0 13 13.9419091806 2.0617948409 0 0 0 3 6 4 0 0 0 0 6 
396 1 20.2653 17.6187 5.06632 -0.00250505 4.26578e-04 9.51578e-04 0.0027134379 0.0 16 23.4422080934 2.4253068084 0 0 1 3 6 4 1 1 0 0 8 
656 1 18.0583 9.50204 6.90709 -3.36898e-04 7.36406e-04 -6.89213e-04 0.0010633949 0.0 17 24.588765223 2.3659484465 0 0 1 1 10 2 3 0 0 0 7 
371 2 25.8192 8.53638 4.68754 -0.00293745 0.00697614 -0.00149549 0.0077156744 0.0 13 16.3701555622 2.1570294816 0 0 2 2 3 5 1 0 0 0 7 
933 2 1.35181 18.7712 25.8709 -0.00208481 -0.00153418 1.23313e-04 0.0025913987 0.0 13 17.333182015 2.187669241 0 0 0 3 6 4 0 0 0 0 6 
430 2 7.42133 20.9456 26.073 -0.00173451 0.00116919 -7.67323e-04 0.0022280742 0.0 13 17.6277785454 2.4770611706 0 0 0 2 8 3 0 0 0 0 6 
573 2 2.09901 22.891 0.416318 -7.93383e-04 -0.00294034 -0.00131051 0.0033154928 0.0 12 14.2752405731 2.0906309012 0 0 2 1 6 1 2 0 0 0 7 
616 2 3.03483 0.236192 3.59739 -0.00151021 0.00243174 8.3297e-04 0.0029812636 0.0 13 13.5537560972 2.1046614903 0 0 2 3 3 3 1 1 0 0 8 
292 2 7.03014 25.4085 5.05616 -0.00137825 0.00190418 6.81696e-04 0.0024474852 0.0 14 13.39091322 1.9295222357 0 0 0 3 7 3 1 0 0 0 7 
494 2 4.6477 25.3075 3.09364 8.45525e-04 -2.14279e-05 -5.38787e-04 0.0010028276 0.0 15 13.2264526986 1.9072457059 0 0 0 6 2 5 2 0 0 0 7 
549 2 4.99989 25.8593 0.483628 0.00171157 -6.00859e-04 0.00154113 0.002380249 0.0 15 13.1903057807 1.9975371572 0 0 0 4 5 5 1 0 0 0 7 
462 2 5.74206 26.2692 7.61105 0.00467964 -0.00190215 7.05553e-04 0.0051004912 0.0 14 12.8258267387 2.0560519642 0 0 0 3 6 5 0 0 0 0 6 
350 1 1.20989 20.1584 5.51198 -0.0033523 -5.58093e-04 -0.00460591 0.0057239663 0.0 15 23.9775449508 2.2895888965 0 0 2 2 5 4 1 1 0 0 8 
740 2 6.80731 19.3289 3.28247 -0.00144521 -1.074e-04 0.00263556 0.003007714 0.0 15 17.5080219472 2.2414375309 0 0 0 3 7 4 1 0 0 0 7 
214 2 5.95068 23.1838 2.94805 0.00205755 3.77527e-04 0.00129313 0.0024593137 0.0 14 13.5335029175 1.9359654307 0 0 2 1 6 3 2 0 0 0 7 
471 2 7.50577 23.0673 4.88029 0.00394357 -0.00361289 -0.00154092 0.0055658919 0.0 13 12.3084733564 1.8854827413 0 0 1 0 9 3 0 0 0 0 6 
476 2 4.90724 21.3589 1.95004 -0.00181492 -0.00252835 -0.00145376 0.0034350992 0.0 13 12.5439700917 1.9004924352 0 0 1 4 4 1 3 0 0 0 7 
418 2 9.33456 19.0635 5.2401 9.97545e-04 0.00562575 -0.00265469 0.0063001221 0.0 15 18.2639857165 2.4350540028 0 0 1 4 4 3 3 0 0 0 7 
600 2 1.62944 19.4744 2.33293 -0.00116602 0.00253511 6.18988e-04 0.0028582392 0.0 13 17.585048425 2.2542367274 0 0 0 3 6 4 0 0 0 0 6 
489 2 0.518428 25.9516 3.76702 0.00210445 -0.00236877 0.00316356 0.0044774874 0.0 12 15.718565491 2.1985861633 0 0 0 3 6 3 0 0 0 0 6 
630 2 2.61697 0.18785 1.12869 7.75715e-04 0.00222352 6.40373e-04 0.0024404615 0.0 14 14.6086356015 2.104813548 0 0 0 6 2 4 2 0 0 0 7 
725 2 8.56623 20.9462 3.6622 -6.75696e-04 6.10352e-04 0.00213983 0.0023255036 0.0 13 13.1522617926 1.9669714342 0 0 1 2 6 3 1 0 0 0 7 
869 1 3.65273 18.4392 5.57288 -0.00291057 0.00269882 -0.00342845 0.0052449325 0.0 16 21.5407433821 2.2895588885 0 0 1 3 5 6 0 1 0 0 8 
863 1 4.23661 18.6907 8.54692 0.00226805 -0.00123484 -0.0014979 0.0029853953 0.0 13 20.0801555062 2.2895888965 0 0 1 2 6 3 1 0 0 0 7 
659 2 9.473 21.8554 8.80724 0.00434022 0.00186144 -0.00117528 0.0048665955 0.0 13 14.9593363219 2.0752715023 0 0 1 0 9 3 0 0 0 0 6 
744 2 8.36994 20.8075 6.44809 0.00148344 5.21908e-04 -5.13454e-05 0.0015734098 0.0 14 13.9871977101 2.0134226671 0 0 0 3 6 5 0 0 0 0 6 
676 2 6.14494 19.657 0.950972 0.00343953 0.0015073 0.00186119 0.0041912227 0.0 13 14.9693127695 2.1472199174 0 0 0 3 6 4 0 0 0 0 6 
776 2 0.635057 23.7027 4.66197 0.00242125 7.08071e-04 -0.0011179 0.0027592601 0.0 13 17.7697248637 2.2795372881 0 0 0 3 6 4 0 0 0 0 6 
190 2 3.77565 20.7253 3.68093 -0.00157177 0.00165638 -0.00112599 0.0025459594 0.0 13 15.4656617246 2.086116529 0 0 1 3 4 4 1 0 0 0 7 
111 2 5.93739 21.2732 4.72509 0.00342432 -0.00197515 5.59637e-04 0.0039925404 0.0 14 15.3069089595 2.0720948011 0 0 0 4 6 2 2 0 0 0 7 
313 2 0.695821 24.7267 7.28351 -8.49469e-04 0.00148196 -0.00106229 0.0020115325 0.0 15 15.4532118475 2.0590500476 0 0 2 4 2 4 2 1 0 0 8 
999 2 3.92501 24.5409 7.84594 -0.00170253 7.2462e-04 0.00183649 0.0026069864 0.0 15 13.4557791394 1.8849076089 0 0 1 6 2 2 3 1 0 0 8 
202 2 7.3144 21.5874 1.69806 -9.89286e-04 -6.72066e-04 -2.41232e-04 0.0012200624 0.0 18 14.4260629731 2.0153102716 0 0 2 2 6 4 4 0 0 0 7 
413 2 2.75842 20.6403 0.559767 0.00239738 -0.0013977 0.00139929 0.0031078946 0.0 15 14.0834560023 1.8970521811 0 0 1 3 6 2 3 0 0 0 7 
687 2 3.60604 18.5205 26.6556 9.81845e-04 -3.51195e-04 -4.18105e-04 0.0011234631 0.0 15 17.405757744 2.1728165871 0 0 0 3 6 6 0 0 0 0 6 
610 2 2.58311 26.3537 7.34969 0.00187728 5.36084e-04 -0.00177323 0.0026374061 0.0 14 13.4540927884 1.9125580504 0 0 2 3 4 2 2 1 0 0 8 
677 1 6.91752 19.4231 8.58916 0.00644819 -0.00245361 0.00303158 0.007535903 0.0 14 19.0572330544 2.0742624434 0 0 0 3 7 3 1 0 0 0 7 
442 2 5.51473 23.7558 5.9638 0.00262481 -0.00434811 -0.00174055 0.0053689107 0.0 16 14.0453227857 1.9205671946 0 0 0 4 6 4 2 0 0 0 7 
390 2 7.50721 24.3896 7.11559 -0.00402332 -4.31635e-04 0.00125044 0.0042352111 0.0 13 11.7844263614 1.8644122103 0 0 2 2 3 5 1 0 0 0 7 
79 2 4.87506 21.9363 8.77867 -1.60785e-04 0.00196514 5.28406e-04 0.0020412839 0.0 13 15.4953138826 2.1525502453 0 0 0 2 9 1 1 0 0 0 7 
143 2 4.09662 21.1888 6.82176 -0.00187649 8.02836e-04 -0.00141573 0.0024839589 0.0 15 17.7238861723 2.2895888965 0 0 0 4 6 3 2 0 0 0 7 
76 2 2.56826 22.8818 6.3647 -0.00253512 -0.00160907 0.00151511 0.0033632571 0.0 14 16.0019556177 2.2315194973 0 0 1 4 2 6 1 0 0 0 7 
9 2 4.72645 26.3144 5.4137 -9.61965e-04 -2.46778e-04 0.00278744 0.0029590704 0.0 14 12.8743747207 1.9121050435 0 0 1 3 5 3 2 0 0 0 7 
257 2 3.64749 23.4878 3.99863 -0.00116306 -5.47336e-04 0.00518247 0.0053395019 0.0 14 13.875632679 2.02345507 0 0 1 4 2 6 1 0 0 0 7 
592 2 6.60403 21.7867 7.06519 -0.0018481 0.00133976 0.00158458 0.0027787271 0.0 14 13.6719822724 2.0742624434 0 0 0 3 6 5 0 0 0 0 6 
269 2 4.20788 18.857 2.44261 0.00144975 1.01686e-04 0.00277254 0.0031303503 0.0 11 16.1009689122 2.1386808592 0 0 0 2 8 1 0 0 0 0 6 
786 2 2.54426 25.132 5.03637 -0.00354444 2.02607e-04 0.00105862 0.0037046971 0.0 14 12.7045814142 1.8939937489 0 0 0 4 5 4 1 0 0 0 7 
188 2 7.07422 24.774 1.10316 8.5706e-04 -0.00231253 -4.36287e-04 0.0025045345 0.0 15 14.8603645413 2.0153102716 0 0 1 2 6 5 1 0 0 0 7 
718 2 1.77686 22.3265 2.68953 -6.46288e-04 0.00280817 -0.00491667 0.0056988728 0.0 14 17.8169265512 2.2795372881 0 0 0 2 8 4 0 0 0 0 6 
175 2 2.33487 24.6551 2.03293 2.41814e-04 0.00130577 -9.72519e-04 0.0016459959 0.0 15 15.8248760439 2.174873527 0 0 0 3 7 4 1 0 0 0 7 
265 2 15.915 18.685 2.86952 -0.00221459 -0.00297506 -0.00201309 0.0042199434 0.0 14 16.8061272152 2.1637814353 0 0 0 3 6 5 0 0 0 0 6 
514 2 13.0818 21.1763 5.64598 -0.00206936 -0.00295001 0.00376807 0.0052137473 0.0 13 15.4504922057 2.1742604951 0 0 0 1 10 2 0 0 0 0 6 
336 2 11.9233 21.1232 2.07441 0.00131046 0.0018212 -5.40742e-04 0.0023079161 0.0 14 14.0973637582 2.2245293258 0 0 4 1 3 3 1 2 0 0 8 
539 2 9.75372 22.2569 2.21253 -0.0015426 0.00188112 5.14772e-04 0.0024866076 0.0 15 13.5230102989 2.2540472897 0 0 4 2 1 4 3 1 0 0 8 
162 2 10.9541 20.8729 6.78184 3.27727e-04 0.005262 0.0018792 0.0055970922 0.0 14 14.1936582041 2.0783494099 0 0 0 3 6 5 0 0 0 0 6 
60 1 16.7641 24.904 4.67833 -7.34561e-04 -6.6363e-04 0.00139443 0.0017100935 0.0 15 21.9476847647 2.2888530165 0 0 0 4 4 7 0 0 0 0 6 
843 2 9.86665 26.6163 3.51655 0.00651393 0.00117954 -0.00193297 0.0068963013 0.0 15 15.5450312146 2.017875208 0 0 0 2 8 5 0 0 0 0 6 
712 2 10.8837 18.8018 2.48164 -7.46633e-04 0.00227221 -2.84014e-04 0.0024085396 0.0 17 17.2108109069 2.4442324606 0 0 2 6 2 2 2 3 0 0 8 
145 2 9.61042 24.6991 0.863837 -0.00145735 -0.00188632 0.00346451 0.004205342 0.0 13 12.944374803 2.3612136609 0 0 2 1 5 4 1 0 0 0 7 
324 2 13.5601 19.5656 3.88951 0.00119384 -2.0942e-04 -0.00483602 0.0049855993 0.0 12 14.9840513414 2.1370466817 0 0 0 2 8 2 0 0 0 0 6 
695 2 14.0614 23.8111 5.74147 0.00226552 -0.0012819 7.18672e-04 0.0027004329 0.0 13 15.4466738806 2.1571953153 0 0 0 3 6 4 0 0 0 0 6 
467 2 12.9522 22.4924 3.71562 -0.00235098 -1.6924e-04 -0.0043704 0.0049654955 0.0 14 15.4481980952 2.0839001365 0 0 1 3 5 3 2 0 0 0 7 
647 2 11.3295 23.9884 2.50987 0.00313849 -7.94734e-04 -0.00315766 0.0045224483 0.0 15 15.968909079 2.3133504877 0 0 2 3 5 1 3 1 0 0 8 
116 1 16.02 21.6619 4.43147 -0.00185108 0.00150532 0.00395724 0.0046208477 0.0 15 21.393637807 2.1742604951 0 0 0 2 8 5 0 0 0 0 6 
183 2 11.6692 18.5224 5.60555 0.0023157 1.40943e-06 -0.00169185 0.0028678956 0.0 14 17.583892045 2.3725067485 0 0 1 4 4 3 1 1 0 0 8 
678 1 17.1198 18.2066 8.228 5.58316e-04 -0.00197334 -0.00109998 0.002327175 0.0 13 19.7378025656 2.2588472134 0 0 0 3 6 4 0 0 0 0 6 
385 2 12.4115 17.5131 -0.00682087 -0.00105897 0.00242626 -0.00162387 0.0031056576 0.0 13 15.8378214371 2.1187052537 0 0 0 4 5 3 1 0 0 0 7 
432 2 11.0364 20.3731 4.14126 -0.00257178 -3.9044e-04 0.00117287 0.00285344 0.0 13 12.372085291 1.8663261123 0 0 1 3 5 2 2 0 0 0 7 
986 2 14.3258 20.6157 1.80803 0.00323991 8.83476e-04 -5.15458e-04 0.0033975349 0.0 12 16.0040486932 2.1695750119 0 0 0 2 8 2 0 0 0 0 6 
702 1 17.1756 22.9867 6.64676 0.00411804 -2.81009e-04 -0.00205785 0.0046121542 0.0 14 21.4762144035 2.2217977857 0 0 0 2 8 4 0 0 0 0 6 
250 2 10.0808 22.7197 4.60343 -0.00232812 6.50732e-04 -0.00106307 0.0026407788 0.0 15 13.2820192189 1.8589577403 0 0 1 2 7 3 2 0 0 0 7 
483 2 17.4721 18.5229 1.0717 -0.0013445 5.96187e-05 8.64165e-04 0.0015993798 0.0 13 14.875550558 2.1757929672 0 0 0 3 6 4 0 0 0 0 6 
771 2 13.0353 22.2564 7.64652 -0.00337136 -3.84373e-04 -0.00224727 0.0040698935 0.0 13 15.2562349141 2.0783494099 0 0 1 1 8 2 1 0 0 0 7 
513 2 9.90412 21.1024 0.0252813 0.00140627 0.00293764 0.00100602 0.0034087241 0.0 16 17.6146878661 2.3612136609 0 0 3 2 5 2 2 2 0 0 8 
10 2 10.4251 18.8294 26.6298 -0.00771438 -0.00282796 0.00371616 0.0090176971 0.0 15 18.0349026768 2.4770611706 0 0 2 2 5 3 3 0 0 0 7 
882 1 15.4278 23.7714 2.28383 0.00147022 -0.00257764 0.00263957 0.0039715368 0.0 14 21.3970033342 2.2155824569 0 0 0 6 0 8 0 0 0 0 6 
961 1 13.4457 23.1728 0.389197 -0.00112404 -0.00156922 -3.30124e-04 0.0019582899 0.0 17 21.8948055824 2.3612136609 0 0 3 2 4 5 1 2 0 0 8 
893 2 9.47259 23.0072 6.83454 -4.36595e-04 1.91977e-04 0.00249519 0.0025403629 0.0 12 11.546207104 1.8682454906 0 0 0 0 12 0 0 0 0 0 5 
278 2 12.5883 25.0282 4.29063 -0.00121738 -0.00432325 2.62395e-04 0.0044990394 0.0 16 17.4040789719 2.1868412938 0 0 1 3 6 3 3 0 0 0 7 
459 2 10.007 25.333 7.71904 -0.00193742 -9.36505e-04 0.00180638 0.0028095634 0.0 14 13.3674421341 2.3885511544 0 0 0 2 8 4 0 0 0 0 6 
516 2 11.6836 23.6278 6.22485 0.00181278 -0.00437634 -4.23384e-04 0.0047558151 0.0 14 12.5551976257 1.8039065309 0 0 1 2 7 2 2 0 0 0 7 
770 1 17.5678 25.7237 1.84412 0.00143692 0.00260886 -4.68945e-04 0.0030150952 0.0 14 22.9826385226 2.3096189977 0 0 0 4 4 6 0 0 0 0 6 
50 1 13.6993 25.8408 0.847731 -0.00163811 0.00156161 0.00378379 0.0044089791 0.0 15 23.2199712648 2.2449277195 0 0 0 3 6 6 0 0 0 0 6 
394 2 14.0405 26.2048 5.86533 -0.0031047 -2.37306e-04 9.74703e-04 0.0032627476 0.0 15 19.117806958 2.3729336683 0 0 3 1 5 3 2 1 0 0 8 
815 1 15.4451 20.6748 7.83406 -2.47325e-04 0.00156365 -0.00165265 0.0022885417 0.0 16 22.4998303981 2.2666708679 0 0 0 2 8 6 0 0 0 0 6 
760 2 9.90397 19.129 7.69621 -0.00111229 -0.00315446 8.08522e-04 0.0034411502 0.0 13 17.8391351465 2.2265368321 0 0 0 2 8 3 0 0 0 0 6 
637 2 11.4889 0.154432 6.24396 -8.68586e-04 0.00182914 -0.00124077 0.0023748063 0.0 14 17.4437759043 2.2892604323 0 0 0 2 8 4 0 0 0 0 6 
754 2 14.9984 24.3292 7.91479 9.86927e-04 -8.45562e-04 0.0013458 0.0018708762 0.0 13 17.3643398822 2.2888530165 0 0 1 3 4 4 1 0 0 0 7 
315 1 17.1318 21.4489 1.4831 0.00235492 -0.00305546 -0.00147382 0.004129604 0.0 15 21.7168769036 2.2202333709 0 0 0 3 6 6 0 0 0 0 6 
239 2 9.73217 25.1335 5.54425 6.46279e-04 -0.00136646 0.00211291 0.0025979373 0.0 14 12.8043993315 1.8768915421 0 0 1 1 7 5 0 0 0 0 6 
792 1 17.8414 26.0642 8.2027 0.0019297 0.00471093 -7.29606e-04 0.0051428522 0.0 17 23.4973359666 2.2888530165 0 0 2 0 9 3 3 0 0 0 7 
124 2 8.75748 19.2942 1.41745 -7.74753e-04 -0.00520094 -0.00121901 0.0053977777 0.0 15 16.4715672474 2.2221829796 0 0 3 1 6 2 1 2 0 0 8 
657 2 6.13486 23.7722 25.9686 0.00465456 0.00283474 -0.00361954 0.0065423046 0.0 14 14.8270564287 2.2276711296 0 0 0 4 4 6 0 0 0 0 6 
401 2 8.54661 24.4496 3.10026 -0.00104483 0.00152553 -0.0024802 0.0030935907 0.0 14 14.2565991677 1.9428973715 0 0 0 2 8 4 0 0 0 0 6 
793 2 20.5704 0.596188 9.34594 0.00221478 0.00244147 0.0050013 0.0059899105 0.0 13 15.6405829279 2.2245406898 0 0 1 3 4 4 1 0 0 0 7 
965 1 19.6109 23.5369 0.858478 -0.0016617 -0.00158014 -0.00200585 0.0030465593 0.0 16 21.7637789266 2.3303274619 0 0 0 3 6 7 0 0 0 0 6 
368 1 26.241 21.0083 0.494045 -0.00135343 -0.00192505 0.00147955 0.0027796868 0.0 18 24.3461335069 2.3719912598 0 0 0 3 7 7 1 0 0 0 7 
547 1 18.7016 20.9963 8.46691 3.27162e-04 0.00203464 8.78984e-04 0.0022404035 0.0 13 20.7096951793 2.2466664733 0 0 0 1 10 2 0 0 0 0 6 
920 1 24.4589 21.0574 9.15129 0.00375031 0.00527183 0.00400157 0.0076072057 0.0 14 21.3935327227 2.2333300413 0 0 0 4 4 6 0 0 0 0 6 
617 1 22.6835 25.2642 5.10928 0.00456763 0.00308917 -0.00184372 0.0058142513 0.0 14 21.3320436817 2.3060375188 0 0 0 2 8 4 0 0 0 0 6 
866 2 23.6766 24.0128 7.67319 -9.8182e-04 3.98001e-04 0.00181156 0.0020986007 0.0 13 17.5744658771 2.072889614 0 0 1 0 9 3 0 0 0 0 6 
19 1 20.3224 25.2392 3.21926 8.72191e-05 -0.00135907 0.0034392 0.0036990235 0.0 14 21.5781851213 2.3293766127 0 0 0 3 6 5 0 0 0 0 6 
243 1 25.4661 19.0973 7.00905 -0.00501886 0.00121172 0.00275586 0.0058525196 0.0 15 23.6445578989 2.2723386856 0 0 1 2 7 3 2 0 0 0 7 
384 1 22.2755 19.5758 3.56194 -0.00200388 9.4619e-04 -0.00128646 0.0025623797 0.0 16 22.9073464001 2.4253068084 0 0 1 3 6 4 1 1 0 0 8 
624 1 20.2525 20.298 6.18074 0.00137421 -0.00155977 -0.00233186 0.0031239249 0.0 14 21.7174589526 2.4159911098 0 0 1 4 3 5 0 1 0 0 8 
703 1 21.4398 21.6132 8.26847 -6.96566e-05 0.00123545 0.0010442 0.0016191178 0.0 13 20.0639007182 2.1321204719 0 0 0 1 10 2 0 0 0 0 6 
609 1 18.6155 22.8089 3.93769 7.54843e-04 -3.47547e-04 -0.00121758 0.0014741363 0.0 14 21.0231235873 2.2202333709 0 0 0 5 3 5 1 0 0 0 7 
52 1 19.466 25.4635 5.7342 -8.75659e-04 -0.00421655 2.24712e-04 0.0043123738 0.0 15 23.0819512056 2.3060375188 0 0 0 4 5 5 1 0 0 0 7 
207 1 19.4888 20.6535 0.253062 -9.45996e-05 -0.00476483 5.2526e-04 0.0047946274 0.0 15 21.6608907407 2.2725953464 0 0 2 3 3 5 1 1 0 0 8 
837 1 22.9109 24.0816 1.80018 -0.00130041 0.00224018 0.00281762 0.00382733 0.0 14 20.5030619064 2.4140532685 0 0 1 1 8 3 1 0 0 0 7 
636 2 21.8449 25.1967 8.69049 -0.00237808 3.15306e-04 0.00206338 0.0031642091 0.0 15 18.2798096886 2.2520514907 0 0 2 1 7 3 1 1 0 0 8 
271 1 25.7259 23.3778 1.79788 -0.00218487 -9.24767e-04 -0.00272618 0.0036139879 0.0 15 22.540799622 2.4140532685 0 0 0 3 6 6 0 0 0 0 6 
683 1 26.1811 21.9597 6.77043 -0.00346651 -0.00543444 4.83169e-04 0.0064639989 0.0 15 22.452632392 2.2315194973 0 0 0 3 7 4 1 0 0 0 7 
150 1 22.3718 18.9059 8.2763 -0.00224845 -0.00195163 9.47796e-04 0.0031245327 0.0 15 22.3669376195 2.4253068084 0 0 0 2 8 5 0 0 0 0 6 
890 1 17.3813 19.7205 5.95127 9.08552e-04 -0.00171238 -0.00204715 0.0028193147 0.0 14 20.9027736855 2.1795947801 0 0 0 2 8 4 0 0 0 0 6 
694 1 21.8723 22.1438 26.3225 -0.00204317 2.66451e-04 -1.96263e-04 0.0020697968 0.0 12 19.1028389561 2.1166376184 0 0 0 0 12 0 0 0 0 0 5 
41 1 24.1556 23.0817 4.46417 -0.00215428 0.00195323 2.10994e-05 0.0029080019 0.0 15 21.7065566455 2.2385198449 0 0 0 3 6 6 0 0 0 0 6 
828 1 22.5249 19.2575 0.380602 -1.12193e-04 2.22321e-04 -0.00277692 0.0027880636 0.0 15 23.2831545614 2.3719912598 0 0 0 3 6 6 0 0 0 0 6 
98 2 24.3022 26.199 7.8249 0.00164639 -0.00361031 -0.00166957 0.0043049277 0.0 13 14.321082975 2.1146157963 0 0 1 2 6 3 1 0 0 0 7 
338 1 26.3599 0.288631 0.939369 -0.00194924 9.19601e-04 0.00393872 0.0044898461 0.0 16 22.8494147137 2.4140532685 0 0 1 4 4 4 3 0 0 0 7 
123 1 23.2667 21.0478 6.24532 5.97523e-04 0.00192709 0.00174161 0.0026653171 0.0 13 21.1723424582 2.411381422 0 0 1 2 6 3 1 0 0 0 7 
713 1 23.6894 21.2047 2.04634 0.00164347 -3.91094e-04 7.49887e-04 0.0018483178 0.0 12 20.3581106635 2.370290047 0 0 0 2 8 2 0 0 0 0 6 
72 1 25.3215 20.1711 4.25094 4.10748e-04 -0.0011115 -0.00212192 0.0024303684 0.0 16 24.1374864968 2.3360341889 0 0 0 1 10 5 0 0 0 0 6 
982 1 21.0229 23.0817 5.58485 -0.00163244 0.00204559 -0.00147821 0.0030057285 0.0 15 21.2864845398 2.2217977857 0 0 2 3 4 4 0 2 0 0 8 
400 1 21.2881 22.1836 2.81622 -0.00392131 8.47175e-04 -0.00321049 0.005138251 0.0 15 20.3545939325 2.2412774709 0 0 2 3 4 4 0 2 0 0 8 
30 1 19.063 20.2096 3.33665 -0.00146518 0.00266024 0.00644138 0.0071214469 0.0 15 21.7511633058 2.2692212477 0 0 1 2 6 5 1 0 0 0 7 
11 2 25.7239 25.5418 5.65815 2.70073e-04 -4.53407e-04 -0.00324659 0.0032892042 0.0 15 16.119921895 2.1910681323 0 0 1 4 3 6 0 1 0 0 8 
607 2 24.7178 17.2827 2.43698 -0.00245194 2.28064e-04 0.00141167 0.0028384565 0.0 15 19.9961317721 2.3719912598 0 0 0 3 6 6 0 0 0 0 6 
230 2 25.4233 24.6287 9.16715 -0.00210593 -4.15743e-05 -6.12719e-04 0.0021936486 0.0 17 15.4107005049 2.4723242302 0 0 2 6 1 3 4 0 1 0 9 
521 1 8.95258 5.06306 15.5715 5.44898e-04 -0.00196696 6.99212e-04 0.0021574853 0.0 16 22.5339253195 2.2939723771 0 0 1 2 7 4 2 0 0 0 7 
974 1 26.5987 7.40864 14.0444 3.29207e-04 5.1993e-04 -0.00316236 0.0032216805 0.0 15 21.2591996365 2.3671650058 0 0 1 0 9 5 0 0 0 0 6 
223 1 8.6363 5.61643 10.5373 0.00115379 0.001473 2.29063e-04 0.0018850544 0.0 14 21.4813560643 2.1867847992 0 0 2 3 2 5 2 0 0 0 7 
801 1 2.44078 3.58019 10.8686 0.00192407 -0.00221687 3.50493e-04 0.0029562482 0.0 14 23.7461081592 2.462255158 0 0 2 3 4 2 2 1 0 0 8 
165 1 5.72713 7.91209 12.6649 -0.00342712 4.15224e-04 -0.00144201 0.0037412505 0.0 14 20.9016639478 2.1161145743 0 0 2 2 4 4 2 0 0 0 7 
294 1 5.4824 7.10272 15.425 -0.00491472 0.00209442 -0.00150504 0.0055503345 0.0 16 22.6875354392 2.2124943572 0 0 2 4 3 3 3 1 0 0 8 
152 1 0.420096 4.58411 15.7193 -0.00379733 -0.00312852 -1.3179e-04 0.0049218616 0.0 14 22.0949382095 2.3576947081 0 0 0 3 6 5 0 0 0 0 6 
232 1 1.67567 2.43688 17.0378 -0.00455858 -0.00121516 3.76032e-04 0.0047327228 0.0 14 20.676807833 2.2635708587 0 0 0 4 4 6 0 0 0 0 6 
541 1 8.63924 7.71094 14.3103 -0.00295903 -0.00194722 -4.06e-04 0.0035654397 0.0 14 21.6629305429 2.1682613026 0 0 0 2 8 4 0 0 0 0 6 
392 1 7.5957 8.28252 17.08 -7.45508e-04 -0.0026355 -4.8483e-04 0.0027814929 0.0 16 23.7494814267 2.3959160766 0 0 2 4 3 3 3 1 0 0 8 
95 1 8.83289 2.66544 10.4518 -0.00327827 -3.06854e-04 -3.43559e-04 0.0033104752 0.0 16 21.7596404538 2.2434088535 0 0 4 2 3 2 4 0 1 0 9 
446 1 7.12465 0.817826 13.1144 -0.0024514 4.44865e-04 -3.37929e-04 0.0025142519 0.0 16 22.8195286249 2.2079524471 0 0 1 3 5 5 2 0 0 0 7 
690 1 1.24238 6.21439 11.7908 7.48249e-04 0.00244957 -1.70933e-04 0.0025669998 0.0 16 22.9958326392 2.462255158 0 0 1 2 8 2 3 0 0 0 7 
728 2 8.5655 26.6033 10.4084 0.00457492 -9.57665e-04 0.002752 0.0054240685 0.0 14 16.4134781249 2.3885511544 0 0 1 3 4 5 1 0 0 0 7 
867 1 3.927 4.50207 17.3197 0.00316681 -0.00537099 -0.00367748 0.0072387898 0.0 14 21.4338464101 2.2635708587 0 0 1 4 2 6 1 0 0 0 7 
779 1 0.829289 0.458025 12.0066 -0.0043882 0.00487538 -0.00200552 0.0068591355 0.0 16 22.8812234987 2.4723242302 0 0 1 1 8 5 1 0 0 0 7 
226 1 4.10603 5.51503 11.9748 -1.98605e-04 0.00227899 8.90059e-04 0.0024546781 0.0 15 21.9327313116 2.4574150245 0 0 1 3 5 4 2 0 0 0 7 
7 1 7.45883 2.4853 15.4172 0.00286744 -0.00228515 0.0017054 0.0040438239 0.0 14 19.7437877858 2.2170929468 0 0 0 6 1 6 1 0 0 0 7 
420 1 5.38565 4.10466 14.6381 6.92128e-05 -0.00133226 0.00233697 0.0026909359 0.0 14 21.6198402212 2.3396191737 0 0 3 2 2 4 3 0 0 0 7 
319 1 8.22965 8.40286 11.5817 -0.00513649 -0.00370819 -0.00360565 0.00728937 0.0 16 21.4134687614 2.1896881499 0 0 0 5 4 5 2 0 0 0 7 
614 1 5.97147 6.33078 9.92345 -0.00178101 -6.5588e-04 -0.00271373 0.0033115715 0.0 14 20.8998441478 2.1786736312 0 0 0 3 6 5 0 0 0 0 6 
479 1 6.02768 3.36516 11.5906 0.00371865 -0.00113954 -8.70105e-04 0.0039854726 0.0 17 24.2019147008 2.3442462591 0 0 2 4 4 2 4 1 0 0 8 
813 1 2.77858 5.95035 14.6544 -2.66751e-04 0.0040271 0.00106658 0.00417448 0.0 15 22.3664343946 2.2536139206 0 0 2 4 2 4 2 1 0 0 8 
910 1 2.8443 8.66024 13.6172 -0.00252508 0.0019838 0.00189228 0.0037272262 0.0 16 21.2288113306 2.1668431207 0 0 1 5 4 2 3 1 0 0 8 
823 1 2.21946 2.67396 14.1328 -8.3891e-04 7.00094e-04 -9.37285e-05 0.0010966707 0.0 16 24.2940960239 2.3442462591 0 0 2 1 5 7 1 0 0 0 7 
252 1 4.87398 1.25579 14.7794 -0.00350944 -0.00495237 0.00307519 0.0068043318 0.0 13 20.7920545743 2.2635708587 0 0 1 4 2 5 1 0 0 0 7 
560 1 7.2545 5.25764 13.0844 -0.00240258 -0.00360725 -0.0013923 0.0045522678 0.0 15 21.9019066314 2.1960003557 0 0 2 1 6 4 2 0 0 0 7 
410 1 3.62735 1.00234 12.2368 0.00277642 4.23459e-04 0.00163499 0.003249772 0.0 16 21.730749435 2.3442462591 0 0 2 4 2 5 2 1 0 0 8 
580 1 1.35936 7.80869 16.1533 -0.00251449 -0.00298255 0.00253514 0.0046524401 0.0 13 20.6808922211 2.1615650207 0 0 1 2 6 3 1 0 0 0 7 
148 2 1.23325 1.54107 8.99646 -0.00117718 -0.00326805 -0.00163609 0.0038396216 0.0 15 15.7657761554 2.1502924103 0 0 2 3 3 4 3 0 0 0 7 
572 1 11.2768 2.5163 15.6337 -1.74812e-05 -0.00136812 -0.00296633 0.0032666759 0.0 17 22.4251182974 2.2908198539 0 0 2 5 2 3 4 1 0 0 8 
528 2 12.3982 1.66236 12.6259 0.003242 -5.17161e-04 0.00254209 0.0041521369 0.0 13 14.4901692342 2.1397409497 0 0 2 2 4 3 2 0 0 0 7 
16 2 14.4413 7.1058 15.4734 -9.38337e-04 0.00161012 0.00187093 0.0026407086 0.0 15 13.1912046329 1.9061290447 0 0 3 0 7 2 2 1 0 0 8 
774 2 14.4786 2.19914 9.15296 5.18307e-04 2.33604e-04 -8.65175e-04 0.0010352491 0.0 14 14.9315856182 2.381323959 0 0 2 3 3 3 3 0 0 0 7 
90 2 15.9376 7.96487 9.65989 0.00228714 9.96636e-04 0.00102742 0.0026981261 0.0 13 15.8250431854 2.2728992092 0 0 2 3 3 3 1 1 0 0 8 
788 2 13.9178 4.44715 10.1311 -0.00118242 -0.00370973 -0.00252898 0.004642839 0.0 13 14.6379828769 2.0409963172 0 0 0 2 8 3 0 0 0 0 6 
142 2 15.3944 6.52892 11.4854 -0.00232571 -0.00272407 3.81959e-05 0.0035820306 0.0 14 12.8755656813 1.96092273 0 0 1 2 6 4 1 0 0 0 7 
448 2 14.1764 0.204066 13.2814 -3.12243e-05 0.00161508 0.00150368 0.0022069236 0.0 13 17.4350072164 2.2019427008 0 0 0 2 8 3 0 0 0 0 6 
346 2 17.5871 6.60926 10.3585 -2.43873e-05 -0.0019577 0.001489 0.0024597368 0.0 14 16.760027469 2.3091926518 0 0 2 3 3 4 1 1 0 0 8 
885 1 9.4844 0.355507 15.0061 -0.00411662 -0.00304433 -1.74056e-04 0.005122968 0.0 16 23.1382808395 2.3178107468 0 0 1 3 5 5 2 0 0 0 7 
99 2 10.5154 7.77138 17.1866 -0.00252755 0.00328718 -3.96054e-04 0.0041654436 0.0 13 16.3990059079 2.3906027264 0 0 1 3 5 2 2 0 0 0 7 
990 2 11.5891 7.35769 14.6998 0.00195025 7.02112e-04 4.44922e-04 0.0021199981 0.0 13 14.2934253496 2.1692980368 0 0 0 1 10 2 0 0 0 0 6 
364 2 16.7211 2.1896 9.6386 0.00285937 -4.03528e-04 0.00328514 0.0043738972 0.0 14 16.5827911007 2.1891418484 0 0 0 4 4 6 0 0 0 0 6 
674 2 11.2871 4.61604 10.075 -0.00138327 -0.00284954 2.78656e-04 0.0031797741 0.0 13 18.0209054316 2.1700619546 0 0 1 4 3 3 2 0 0 0 7 
21 2 16.3558 4.49829 10.3424 3.45481e-04 0.00119275 -0.00167214 0.0020828014 0.0 15 14.8216271626 2.2130190867 0 0 1 2 6 5 1 0 0 0 7 
488 2 13.6069 8.65198 9.799 0.00374896 0.00200664 -1.01494e-04 0.0042534229 0.0 14 12.8409007468 1.9461567025 0 0 0 2 8 4 0 0 0 0 6 
696 2 12.037 6.0395 16.6843 8.17221e-04 0.00316091 -0.00447782 0.0055416671 0.0 13 15.101920469 2.1572176116 0 0 0 3 6 4 0 0 0 0 6 
54 2 13.0382 4.92692 14.5756 -5.44086e-04 0.00274201 -8.34921e-04 0.0029174889 0.0 15 16.3446868691 2.2939723771 0 0 2 2 6 2 2 1 0 0 8 
496 2 12.5077 3.96999 12.1495 -0.00400039 6.29894e-04 -0.00143117 0.0042951291 0.0 14 14.5381364178 2.1810662409 0 0 2 2 4 4 2 0 0 0 7 
416 2 16.4971 2.74628 15.6244 0.00105053 -0.00113123 -0.00262674 0.0030468111 0.0 13 12.3408381696 2.0841745618 0 0 1 1 8 2 1 0 0 0 7 
819 2 11.2762 8.04383 12.2172 -9.30521e-04 0.00257749 -1.70684e-04 0.0027456251 0.0 14 14.4223754683 2.1175325174 0 0 1 3 4 5 1 0 0 0 7 
146 2 14.5408 2.59085 14.3466 0.00455846 5.7694e-04 6.10661e-04 0.0046352264 0.0 15 15.3716806897 2.1416093496 0 0 1 2 7 3 2 0 0 0 7 
425 2 15.0782 26.7429 8.90322 -0.00118831 9.39102e-04 0.00162846 0.0022239324 0.0 13 16.1855703823 2.2364629452 0 0 1 3 5 2 2 0 0 0 7 
212 2 15.02 4.49155 12.4638 -6.30912e-04 -9.94365e-04 -0.00103575 0.0015683079 0.0 12 12.1786436096 1.857621832 0 0 0 2 8 2 0 0 0 0 6 
775 2 15.6216 7.63344 13.4498 -4.98451e-04 -0.00235545 -0.00132809 0.002749622 0.0 15 12.8070310719 1.8570446753 0 0 1 2 6 5 1 0 0 0 7 
536 1 12.9226 0.0675217 16.2926 -0.00324467 -0.00145314 -0.00285249 0.0045580915 0.0 15 21.5226250632 2.2959021231 0 0 0 4 5 5 1 0 0 0 7 
176 2 11.851 6.91013 10.1698 -0.00160538 0.00133812 0.00112773 0.002374781 0.0 15 15.7170841242 2.1588955 0 0 0 4 5 5 1 0 0 0 7 
646 2 14.5868 2.46991 16.7354 -0.0012972 4.53202e-04 0.00182684 0.0022859274 0.0 13 16.1946360302 2.1256360328 0 0 1 1 9 0 2 0 0 0 7 
305 2 17.8081 8.011 12.5318 -3.03631e-05 0.00226025 9.49011e-04 0.002451586 0.0 16 14.9476305678 2.2929036017 0 0 3 2 4 3 3 1 0 0 8 
717 2 16.8318 2.73096 12.1039 0.00192621 0.00169456 0.00535504 0.0059378676 0.0 13 12.6917497528 2.0841745618 0 0 0 2 8 3 0 0 0 0 6 
584 2 11.3266 8.97473 9.4732 -0.00296107 -0.0022418 0.00104988 0.0038595143 0.0 13 14.4543778247 2.1477741971 0 0 0 3 6 4 0 0 0 0 6 
860 2 14.1556 6.28378 8.61603 -0.00181524 -9.86837e-05 7.93294e-04 0.0019834692 0.0 14 16.383560084 2.2130190867 0 0 1 1 7 5 0 0 0 0 6 
334 2 14.5564 2.30229 11.5726 2.40344e-04 -0.00474054 0.00219616 0.0052300673 0.0 16 12.9450745373 1.9532609471 0 0 2 2 6 3 2 1 0 0 8 
391 2 14.0197 5.01562 16.8859 9.7517e-04 -0.00438064 1.87215e-04 0.0044917717 0.0 14 14.6912296941 2.0596662159 0 0 2 2 4 4 2 0 0 0 7 
477 2 16.2922 0.49071 11.1742 0.00112868 9.05218e-04 0.00364766 0.0039241256 0.0 14 15.2697034845 2.0997062941 0 0 2 3 3 4 1 1 0 0 8 
973 2 12.7158 26.4302 10.3891 0.00421504 -0.00112793 -0.0024712 0.0050145406 0.0 16 14.084701701 2.0198859441 0 0 2 2 4 6 2 0 0 0 7 
498 2 10.9287 5.80974 12.5428 -0.00204055 0.0011132 0.00143985 0.0027342689 0.0 14 18.3232591236 2.2939723771 0 0 1 1 9 1 2 0 0 0 7 
22 2 13.2581 6.6104 12.7506 -0.00404147 7.44761e-04 -0.00419372 0.0058715787 0.0 15 13.9846936699 1.96092273 0 0 0 3 6 6 0 0 0 0 6 
201 2 14.6465 9.05401 12.043 -0.00146335 0.00321003 4.99788e-04 0.0035630708 0.0 14 13.3198475618 1.9145547098 0 0 1 3 4 5 1 0 0 0 7 
979 2 15.6789 4.89284 14.7238 0.00584886 -0.00168692 -0.00295222 0.0067653873 0.0 16 14.147803427 2.0837948189 0 0 1 4 4 4 3 0 0 0 7 
179 2 16.3862 7.82084 16.6645 -0.00174949 -0.00285115 0.00193893 0.0038664223 0.0 16 13.1858117742 1.9261578944 0 0 1 5 2 6 1 1 0 0 8 
329 2 16.5645 1.22862 13.7261 0.00207147 0.00253495 0.00117524 0.0034782393 0.0 12 15.6882853178 2.0688647683 0 0 0 4 4 4 0 0 0 0 6 
991 1 9.54878 2.804 13.3655 -7.50692e-04 0.00172703 -0.00244005 0.0030822095 0.0 17 23.1058620136 2.2939723771 0 0 3 3 2 6 2 0 1 0 9 
735 1 10.6866 0.369637 17.8242 1.08072e-05 -0.00131686 -0.00419481 0.0043966656 0.0 13 20.5276308311 2.3222036031 0 0 0 3 6 4 0 0 0 0 6 
625 2 12.3104 2.19883 10.2068 5.00477e-04 -3.8208e-04 0.00293029 0.0029971756 0.0 13 14.9662626087 2.2614561887 0 0 0 1 10 2 0 0 0 0 6 
700 2 10.8427 0.534486 11.4183 -5.93201e-04 2.11692e-04 -0.00110216 0.001269432 0.0 14 15.1998298363 2.3786897728 0 0 1 3 4 5 1 0 0 0 7 
620 2 11.8726 26.2075 13.3335 -9.29142e-04 -0.00150924 -0.00252116 0.0030817784 0.0 13 15.1254161568 2.0653453787 0 0 3 2 3 1 4 0 0 0 7 
484 2 22.0899 6.87195 15.9662 5.20593e-04 -5.04641e-04 -0.00112592 0.0013391697 0.0 15 14.9297670037 2.2026324452 0 0 0 3 7 4 1 0 0 0 7 
107 2 19.2985 9.85926 13.3412 2.33258e-04 -0.00194869 -9.25138e-04 0.0021697194 0.0 15 14.0722038537 2.2929036017 0 0 2 2 5 3 3 0 0 0 7 
88 1 25.3854 1.88984 17.1183 3.87872e-05 -0.00196689 0.00199875 0.0028044897 0.0 12 20.5401106779 2.3564594217 0 0 0 4 4 4 0 0 0 0 6 
87 2 18.4886 1.51909 16.3126 -0.00165819 -0.0016169 -0.00232236 0.0032798347 0.0 15 17.4663649422 2.1471236452 0 0 1 4 3 5 2 0 0 0 7 
330 2 17.9105 4.73949 15.6953 0.00197216 9.28355e-04 -0.00127366 0.0025245728 0.0 13 11.9827188494 2.0695764115 0 0 0 3 6 4 0 0 0 0 6 
826 2 19.6158 5.24732 14.0371 0.00206429 0.00127129 0.00130415 0.0027528674 0.0 14 13.1548505126 1.8842691367 0 0 0 4 4 6 0 0 0 0 6 
729 2 21.5915 5.19291 10.434 -5.02685e-05 7.55677e-05 1.10228e-04 1.4278519307e-04 0.0 14 16.9378263773 2.2270919544 0 0 1 0 10 2 1 0 0 0 7 
529 2 24.0264 5.4321 14.5226 1.62993e-04 0.00460379 -0.00135209 0.0048009995 0.0 13 19.0241145804 2.3576947081 0 0 0 1 10 2 0 0 0 0 6 
838 1 24.8641 7.30224 11.8938 -0.00142424 5.98882e-04 -4.4653e-05 0.0015456756 0.0 16 22.5548266895 2.2423273515 0 0 0 1 10 5 0 0 0 0 6 
633 2 21.7316 9.9098 13.498 0.00421878 -0.00173896 9.30457e-04 0.0046570202 0.0 13 15.9185796863 2.2594459044 0 0 2 3 2 4 2 0 0 0 7 
916 2 19.9216 7.82565 14.3542 -0.00270193 -5.57943e-04 0.00415718 0.0049893759 0.0 13 14.1262484442 2.2614631399 0 0 0 2 8 3 0 0 0 0 6 
848 2 20.5613 2.97153 9.6325 -3.05812e-04 -0.00145952 6.6894e-05 0.0014927138 0.0 13 14.7480880269 2.1962572947 0 0 1 3 3 6 0 0 0 0 6 
635 2 23.277 4.21718 16.7961 -0.00110344 0.00330456 0.00367448 0.0050635462 0.0 15 18.5734762843 2.3576947081 0 0 1 3 5 4 2 0 0 0 7 
206 2 23.649 3.98262 12.3653 9.39224e-04 -3.27055e-04 -5.85796e-04 0.0011542373 0.0 13 15.9102593553 2.1563810562 0 0 0 1 10 2 0 0 0 0 6 
665 2 18.7109 1.36544 10.6584 -0.00117922 -7.52579e-05 0.00184996 0.0021951254 0.0 13 16.1578969646 2.1606134813 0 0 0 2 8 3 0 0 0 0 6 
876 2 18.9496 2.59526 14.0303 0.00145189 -0.00214004 -0.00182858 0.0031672481 0.0 16 16.0865207615 2.0841745618 0 0 1 1 7 7 0 0 0 0 6 
894 2 20.4287 9.64724 15.846 -0.00115245 -0.00165378 -0.00368564 0.0042008418 0.0 15 12.1703168152 1.8332312057 0 0 0 4 5 5 1 0 0 0 7 
523 2 17.7402 6.84032 14.8524 -0.00306076 0.00298762 0.00277097 0.0050963124 0.0 12 12.8120342622 1.9225838642 0 0 1 2 5 4 0 0 0 0 6 
931 2 20.9944 1.16519 11.64 -0.0014026 -0.00141769 0.00129175 0.0023760787 0.0 14 14.4199803593 2.1101370179 0 0 0 2 8 4 0 0 0 0 6 
858 1 19.4555 9.39346 9.67091 8.72381e-04 -5.03821e-04 0.00386228 0.0039915023 0.0 16 23.73968278 2.3659484465 0 0 1 3 6 3 3 0 0 0 7 
353 1 22.0118 8.20291 10.8023 0.00136102 0.00478141 0.00118754 0.005111214 0.0 16 22.4472467944 2.2929036017 0 0 1 0 11 2 2 0 0 0 7 
564 2 21.1738 3.73345 12.4036 2.25837e-04 -9.31408e-04 -0.0037823 0.003901835 0.0 14 13.353004881 1.9194164391 0 0 0 3 6 5 0 0 0 0 6 
361 2 22.9182 2.62953 15.1303 0.002398 -7.63413e-04 8.64465e-04 0.0026609215 0.0 13 16.4035749054 2.3521043771 0 0 1 4 2 5 1 0 0 0 7 
318 2 20.1918 3.25457 16.0814 -0.00345607 -0.00110003 5.46134e-04 0.0036677988 0.0 14 14.4354947399 2.1964127463 0 0 2 3 4 2 2 1 0 0 8 
972 2 21.7547 4.66888 15.1355 -0.00235893 -0.00139954 -5.81441e-04 0.0028038075 0.0 13 11.9720791631 1.9194164391 0 0 0 5 3 4 1 0 0 0 7 
6 2 21.8184 5.98594 12.9958 0.00537383 0.00103407 -0.00312905 0.0063038324 0.0 12 14.7258416543 2.133907815 0 0 0 0 12 0 0 0 0 0 5 
762 1 25.8577 1.6451 14.2729 -0.00463609 -9.32265e-04 0.00110447 0.0048561613 0.0 18 23.195003424 2.3576947081 0 0 1 3 4 9 1 0 0 0 7 
726 2 22.8033 7.89226 13.9837 -3.17728e-04 0.00273064 0.00164245 0.003202341 0.0 13 16.2027355454 2.3671650058 0 0 1 1 8 2 1 0 0 0 7 
752 2 24.9669 2.13463 11.1905 -0.00285132 0.00267242 -0.00131259 0.0041224685 0.0 13 15.7821760934 2.2546864012 0 0 1 0 9 3 0 0 0 0 6 
998 2 18.152 9.02074 15.5041 0.00156991 0.00271002 -1.02055e-04 0.0031335668 0.0 15 12.0550607853 1.8781792949 0 0 1 2 6 5 1 0 0 0 7 
314 2 19.5912 6.02535 11.7025 -0.00287205 -9.27951e-05 0.00393377 0.0048715325 0.0 14 15.8723875254 2.2878047643 0 0 2 3 3 3 3 0 0 0 7 
342 2 24.1688 2.4644 8.423 0.00201798 0.0021011 -0.00125022 0.00317016 0.0 14 13.6396264727 1.9359354407 0 0 0 2 8 4 0 0 0 0 6 
861 2 22.993 1.78924 12.7674 -5.95598e-04 -0.00156845 -0.00208334 0.0026748977 0.0 12 14.3468640188 2.3009748324 0 0 1 2 6 2 1 0 0 0 7 
362 2 23.1006 0.620406 10.0535 0.00303889 0.00192363 9.34344e-05 0.003597768 0.0 15 12.9348212791 1.9554333946 0 0 0 2 9 3 1 0 0 0 7 
254 2 25.9596 6.01834 9.0497 -4.94987e-04 0.00256942 -0.00425929 0.0049988481 0.0 13 17.2093051731 2.2423273515 0 0 0 3 6 4 0 0 0 0 6 
15 2 24.2996 4.38735 9.7778 -0.00471699 0.00550725 5.32873e-04 0.0072707462 0.0 12 15.4103049825 2.2423273515 0 0 0 0 12 0 0 0 0 0 5 
211 2 26.3536 3.17816 9.4726 -1.58637e-04 -0.00288376 -4.44414e-04 0.0029221125 0.0 14 15.0924920033 2.2686105489 0 0 1 2 6 4 1 0 0 0 7 
684 1 25.3548 6.5057 17.1396 0.00323609 7.9078e-04 6.13493e-04 0.0033873271 0.0 16 23.3688872331 2.3671650058 0 0 1 2 7 4 2 0 0 0 7 
964 2 19.706 6.29848 16.4344 1.19885e-04 0.00200531 5.69476e-04 0.0020880478 0.0 16 12.9712708704 1.8332312057 0 0 0 2 9 4 1 0 0 0 7 
880 2 19.1357 3.64502 11.2569 -0.0017905 -8.55176e-04 -0.00321426 0.0037773911 0.0 15 14.3704990759 2.2310045347 0 0 1 3 5 4 2 0 0 0 7 
231 2 22.7021 2.79707 10.4021 -1.38904e-04 -9.53407e-04 -0.00278273 0.0029448031 0.0 13 11.3415285043 1.7472928294 0 0 0 1 10 2 0 0 0 0 6 
264 2 25.4795 0.200529 9.86525 -0.0011657 0.00206329 0.00175929 0.0029514612 0.0 12 14.511080566 2.3898466302 0 0 1 3 4 3 1 0 0 0 7 
675 1 26.5456 4.2354 12.9477 -3.55238e-05 -7.32775e-04 6.7584e-04 9.9748726638e-04 0.0 15 23.1172426387 2.2686105489 0 0 0 3 7 4 1 0 0 0 7 
888 2 17.4509 5.06605 12.3513 0.0019583 -0.00223414 -4.03896e-04 0.0029982416 0.0 15 13.6789502221 2.0841745618 0 0 1 2 6 5 1 0 0 0 7 
75 2 6.32245 13.7289 9.02694 9.47019e-04 0.00136352 -0.00142437 0.0021874327 0.0 16 21.2611256741 2.4291417192 0 0 0 3 6 7 0 0 0 0 6 
208 1 8.22282 10.7117 13.3911 0.00236196 0.00338756 0.0011559 0.0042884173 0.0 14 20.3604412708 2.2022285082 0 0 0 3 6 5 0 0 0 0 6 
627 1 6.64126 14.8875 16.9578 0.00173706 0.00104366 -0.00347317 0.0040211334 0.0 16 21.706646467 2.3086558003 0 0 0 3 7 5 1 0 0 0 7 
883 1 4.00761 11.0523 13.9396 -0.00138404 0.00114897 3.39098e-04 0.001830488 0.0 14 20.5565940921 2.1668431207 0 0 2 3 3 4 1 1 0 0 8 
114 1 4.28196 12.3212 16.7425 0.00379437 -0.00138306 0.00138567 0.0042696815 0.0 15 23.0298559209 2.2225918449 0 0 0 4 4 7 0 0 0 0 6 
954 1 4.70403 17.0451 12.9387 4.41292e-04 3.24714e-05 -0.00300026 0.0030327138 0.0 13 20.780299979 2.2257098573 0 0 0 3 6 4 0 0 0 0 6 
716 1 1.38817 12.8063 14.1441 0.00125037 4.52643e-04 -6.26968e-04 0.00147017 0.0 17 23.9548626477 2.3538645662 0 0 3 2 4 3 5 0 0 0 7 
709 1 6.95145 15.5436 14.2176 -0.00187153 -0.00156252 0.00440204 0.0050321019 0.0 12 21.2348882144 2.2449574081 0 0 0 2 8 2 0 0 0 0 6 
844 1 4.01499 15.9384 17.7808 9.41849e-04 4.29584e-04 7.28812e-04 0.001266013 0.0 14 21.4622049027 2.2389126441 0 0 0 4 5 4 1 0 0 0 7 
431 1 5.86623 10.9634 11.9991 1.63909e-05 -0.00189175 2.79265e-04 0.0019123221 0.0 16 21.8941210205 2.4291417192 0 0 2 3 5 2 3 1 0 0 8 
773 1 6.36831 12.7735 14.5753 0.00218615 -6.48966e-04 -4.12033e-04 0.0023173649 0.0 12 19.4292391605 2.0858035615 0 0 0 0 12 0 0 0 0 0 5 
981 1 5.7372 16.48 9.78676 0.00194611 0.00407654 -0.00328825 0.0055873169 0.0 12 20.4429389914 2.2923223627 0 0 0 3 6 3 0 0 0 0 6 
587 1 4.11252 14.7276 14.9586 1.90818e-07 -0.00228736 -0.00174348 0.002876063 0.0 14 21.8390581373 2.2162800142 0 0 1 2 7 2 2 0 0 0 7 
404 1 0.391213 10.2182 14.2503 -6.83519e-04 -0.00217825 -0.00156715 0.0027691028 0.0 14 20.518570284 2.3467826429 0 0 0 5 4 3 2 0 0 0 7 
899 1 5.15944 17.7077 15.6951 0.00287823 -0.00406316 0.00416078 0.0064888803 0.0 13 21.1643953501 2.2389126441 0 0 0 1 10 2 0 0 0 0 6 
349 1 1.41344 10.9548 16.7122 -0.00116335 -0.00145531 0.0018236 0.0026070726 0.0 14 21.1813473717 2.1460567077 0 0 0 2 8 4 0 0 0 0 6 
589 1 6.35343 9.95161 15.1767 -0.00774548 -0.00200764 -6.22259e-04 0.0080256019 0.0 14 20.133134054 2.1651730132 0 0 1 4 3 4 2 0 0 0 7 
763 1 4.95694 13.7282 12.2371 -5.79284e-04 -0.00249818 -0.00240265 0.0035141429 0.0 15 22.8800068904 2.3171686459 0 0 0 2 8 5 0 0 0 0 6 
761 1 9.01843 13.5515 15.5303 -0.00249508 0.00323478 0.00162916 0.0043981119 0.0 15 22.523130839 2.2022285082 0 0 0 3 6 6 0 0 0 0 6 
48 1 7.57893 11.6803 17.2344 -0.00307715 0.00101505 1.85302e-04 0.0032455378 0.0 14 22.8846306785 2.2493947315 0 0 1 3 4 5 1 0 0 0 7 
359 1 3.07396 11.4779 11.2583 0.00209438 -5.65908e-04 3.69481e-05 0.0021698029 0.0 18 24.1801261659 2.4020712422 0 0 1 2 7 6 2 0 0 0 7 
706 1 3.90769 9.64246 16.582 -0.00167264 4.53492e-04 -0.00452818 0.0048484836 0.0 14 20.5503189208 2.1713893858 0 0 3 2 2 4 3 0 0 0 7 
238 1 8.19614 12.9966 11.8848 -1.92415e-04 -0.00158675 4.40041e-04 0.0016578405 0.0 13 22.5716608148 2.3171686459 0 0 0 1 10 2 0 0 0 0 6 
8 1 3.62422 8.33373 10.8969 0.001489 -0.00350797 0.00176482 0.00419971 0.0 14 22.1450902462 2.4022029551 0 0 1 2 7 2 2 0 0 0 7 
672 1 2.49862 14.8654 12.2391 -0.00182006 0.0041075 -0.00100514 0.0046037464 0.0 15 22.5834325944 2.3154761729 0 0 0 6 3 3 3 0 0 0 7 
601 2 1.48929 14.218 16.9943 -0.00100315 0.00452975 0.00213911 0.005108888 0.0 14 19.192920118 2.1925096822 0 0 0 2 8 4 0 0 0 0 6 
101 1 2.2467 17.0662 14.7011 -2.97593e-04 -1.44658e-04 7.29307e-04 8.0085968238e-04 0.0 15 21.9021665222 2.3123029229 0 0 2 2 5 3 3 0 0 0 7 
80 1 2.97076 17.0376 10.6428 -3.98141e-05 -0.00151267 6.92413e-04 0.0016640888 0.0 15 20.2822487444 2.2123211733 0 0 1 4 3 5 2 0 0 0 7 
397 1 7.92343 16.6442 11.2519 0.00351702 -0.0019222 1.90926e-05 0.0040080727 0.0 16 23.0111772488 2.3171686459 0 0 0 2 8 6 0 0 0 0 6 
337 2 8.06824 11.4782 9.2697 -0.00120322 0.00239991 8.25378e-04 0.0028086572 0.0 13 18.3560224104 2.372974478 0 0 0 2 8 3 0 0 0 0 6 
439 1 7.03402 17.6684 18.0703 5.79574e-04 0.00209709 -8.41952e-04 0.0023329328 0.0 14 22.3316984404 2.2713372796 0 0 0 4 4 6 0 0 0 0 6 
667 1 5.89987 9.17147 9.49674 -0.00202258 -0.00181744 0.00105741 0.002917539 0.0 15 20.7396583679 2.4291417192 0 0 1 5 2 5 1 1 0 0 8 
799 2 3.73189 14.1785 9.3961 -0.00415178 0.00145768 -2.56347e-04 0.0044077003 0.0 13 18.8671461149 2.3088853202 0 0 1 4 2 5 1 0 0 0 7 
247 2 10.9352 9.58371 14.0003 0.00310957 -0.00117471 -0.00249899 0.004158644 0.0 13 13.5363631384 2.0439289815 0 0 0 3 6 4 0 0 0 0 6 
884 2 12.5443 8.85842 16.5644 -2.66014e-04 0.00278466 -0.00395135 0.0048413078 0.0 13 13.6331963262 1.9882707723 0 0 0 4 4 5 0 0 0 0 6 
323 2 17.1077 13.5861 14.5082 -0.00165702 7.55907e-04 -0.00167144 0.0024720078 0.0 15 14.7268742747 2.1829867667 0 0 2 2 5 3 3 0 0 0 7 
409 1 13.183 15.8077 12.6518 -0.00564695 0.00360501 2.547e-04 0.0067044025 0.0 13 20.4224145225 2.3301866577 0 0 0 2 8 3 0 0 0 0 6 
743 1 11.7792 16.871 14.9597 0.00122504 -0.00133874 0.00406523 0.0044518583 0.0 14 20.2273868019 2.2992494945 0 0 2 4 2 4 0 2 0 0 8 
288 2 12.0301 13.6351 14.4714 0.002497 -3.16306e-04 -7.53976e-04 0.0026274585 0.0 13 16.7418992117 2.110193683 0 0 0 2 9 1 1 0 0 0 7 
565 2 11.0204 11.6827 13.1006 5.81312e-04 -0.00326844 -0.0029037 0.0044104532 0.0 13 15.3263443748 2.1872060836 0 0 0 3 6 4 0 0 0 0 6 
891 2 15.2957 12.7215 17.5473 -0.00137626 8.49779e-04 0.00212457 0.0026702085 0.0 14 15.1410814288 2.2216891122 0 0 3 2 3 3 2 1 0 0 8 
492 2 13.7061 13.3468 16.0563 -8.36085e-04 0.00213906 -0.00389156 0.0045187227 0.0 16 16.9920340498 2.3071639442 0 0 2 2 6 3 2 1 0 0 8 
790 2 13.2803 8.84274 14.0461 0.00213956 -2.02491e-04 -0.00393729 0.0044856407 0.0 14 12.6808325512 1.8898725017 0 0 1 2 6 4 1 0 0 0 7 
451 2 16.1867 10.2653 13.7936 0.00160691 0.00211853 -0.00581264 0.0063919569 0.0 14 13.2293276848 1.8480305848 0 0 0 4 4 6 0 0 0 0 6 
783 2 17.7352 15.7212 15.9753 6.09498e-04 -3.75401e-05 -0.00471699 0.0047563528 0.0 13 17.3394456453 2.2019194005 0 0 0 3 6 4 0 0 0 0 6 
195 2 12.0228 11.4662 15.2325 -0.00349086 5.87056e-04 -9.88825e-04 0.0036753929 0.0 12 13.0151724557 2.1292824975 0 0 1 3 5 1 2 0 0 0 7 
115 2 10.3889 10.0686 16.1883 -0.00186517 -8.21808e-04 -0.00337828 0.0039455042 0.0 16 19.6143150659 2.3237400453 0 0 0 4 4 8 0 0 0 0 6 
355 2 15.6203 11.9593 15.4604 0.00226025 -0.00189202 0.0022779 0.0037252246 0.0 12 11.6723384997 2.0648854071 0 0 0 3 6 3 0 0 0 0 6 
73 1 8.73102 17.346 15.4782 0.00259243 9.22194e-04 0.00592205 0.0065300698 0.0 16 22.0907943017 2.3084506351 0 0 0 2 8 6 0 0 0 0 6 
273 1 13.198 15.2513 9.65807 -7.48747e-04 -0.00302784 4.06344e-04 0.0031454018 0.0 14 20.4350127893 2.1885791336 0 0 0 2 8 4 0 0 0 0 6 
949 2 15.0856 9.38567 15.4975 -9.211e-04 0.00100208 -0.00176168 0.0022262313 0.0 14 12.3392955434 1.8925617803 0 0 1 3 5 3 2 0 0 0 7 
960 2 12.5175 11.5822 9.7899 1.03836e-04 0.00168543 -2.81077e-04 0.0017118588 0.0 13 16.3893320513 2.1885791336 0 0 0 3 6 4 0 0 0 0 6 
438 2 16.3573 10.4354 17.0305 0.00323112 0.00155014 0.00304111 0.0047001511 0.0 15 12.9199889522 1.8874799651 0 0 1 4 3 5 2 0 0 0 7 
941 2 17.0707 9.86179 11.4039 0.00198742 3.07493e-05 -4.28496e-05 0.0019881197 0.0 14 15.2367173798 2.2740214344 0 0 3 1 5 2 2 1 0 0 8 
497 2 10.1328 10.8791 10.8807 -0.00199194 0.00418333 0.00269547 0.0053603762 0.0 14 17.6615358147 2.1760384199 0 0 0 4 4 6 0 0 0 0 6 
753 2 15.3592 10.3342 9.75274 4.66852e-04 0.00271965 -0.00372418 0.0046350797 0.0 14 18.3051974164 2.3659484465 0 0 0 2 8 4 0 0 0 0 6 
209 2 16.8025 12.1969 12.5483 0.00147914 0.00162867 -8.14267e-04 0.0023459437 0.0 14 13.8340059615 2.0442836926 0 0 0 4 4 6 0 0 0 0 6 
658 2 13.5561 11.1122 16.9062 0.00223658 -0.00120842 -5.51763e-04 0.002601348 0.0 14 14.0716728039 1.9944134803 0 0 1 3 5 3 2 0 0 0 7 
304 1 9.86027 14.4827 10.4154 6.26126e-04 -0.00174306 -4.38111e-04 0.0019032165 0.0 17 23.0098420323 2.186018723 0 0 0 3 7 6 1 0 0 0 7 
502 2 13.5918 11.7236 13.6267 0.00327707 1.80583e-04 0.00124775 0.0035112217 0.0 16 13.5778359861 1.8898725017 0 0 0 4 5 6 1 0 0 0 7 
327 1 14.8385 16.1619 15.2291 0.00176104 0.00161417 0.00599428 0.0064527668 0.0 18 23.7961094321 2.3747245865 0 0 3 2 8 0 1 4 0 0 8 
862 2 14.9807 13.6821 13.5472 -0.00288501 0.00309711 -8.53649e-04 0.0043178802 0.0 13 15.3666338642 2.0687655723 0 0 1 3 5 2 2 0 0 0 7 
376 2 12.4561 13.1939 11.7513 4.61605e-04 0.00120793 -0.00369357 0.0039133915 0.0 14 17.6180046155 2.1431703328 0 0 1 3 4 5 1 0 0 0 7 
897 1 10.8051 15.2257 16.9046 0.00244961 -0.00158926 0.00297917 0.0041715453 0.0 15 22.5343049064 2.3086558003 0 0 2 3 4 3 2 1 0 0 8 
117 1 9.95467 15.2412 13.1609 -0.00219212 0.00198973 2.36365e-05 0.0029605699 0.0 15 22.4001738888 2.1905235964 0 0 0 4 4 7 0 0 0 0 6 
938 1 15.5498 14.7938 10.9949 -0.00201025 -9.42556e-05 0.00710005 0.0073797493 0.0 15 20.5688295672 2.1619791086 0 0 2 3 2 6 2 0 0 0 7 
546 2 14.753 11.9964 11.5249 0.00104374 -0.00168365 0.00378425 0.004271372 0.0 14 15.4827895587 2.1885791336 0 0 0 3 6 5 0 0 0 0 6 
721 1 16.8122 16.4738 13.2972 -0.00183039 0.00266895 -0.00197474 0.0037912029 0.0 16 23.4126482162 2.3499004058 0 0 1 2 8 3 1 1 0 0 8 
544 1 11.2918 17.2125 10.6005 -0.00186718 -1.43995e-04 0.00321763 0.0037229341 0.0 14 22.1289083451 2.1895980652 0 0 0 0 12 2 0 0 0 0 6 
923 1 17.1644 12.8343 9.6391 -3.81519e-04 9.27494e-04 -0.00361634 0.0037528278 0.0 17 23.2380272894 2.3659484465 0 0 1 2 8 3 3 0 0 0 7 
180 2 12.3853 10.0939 11.6997 -0.00444888 -0.00139362 0.0052521 0.0070227676 0.0 13 13.2628544915 1.8710114859 0 0 0 4 4 5 0 0 0 0 6 
331 2 21.2646 14.6537 12.6856 -9.99382e-04 0.00141961 -0.00210413 0.0027278966 0.0 12 15.0160889312 2.140976325 0 0 0 4 5 2 1 0 0 0 7 
568 2 17.9595 11.2067 15.1749 0.00162548 -9.53539e-06 -0.00173127 0.0023747783 0.0 15 12.6253679219 1.8874799651 0 0 3 2 3 4 2 1 0 0 8 
375 2 22.812 15.9139 14.3192 0.00336607 -0.00137638 0.00259992 0.0044703952 0.0 14 14.9685843851 2.2285984073 0 0 0 2 9 2 1 0 0 0 7 
298 1 24.3112 18.2894 10.2864 -0.0020526 -0.00138037 -6.68443e-04 0.0025623045 0.0 14 21.7097310311 2.2536899729 0 0 3 2 4 1 3 1 0 0 8 
558 2 21.4119 15.7464 16.8013 0.00506182 -1.45881e-04 0.0023605 0.0055870621 0.0 15 12.9312948263 2.0461559782 0 0 1 2 7 3 2 0 0 0 7 
174 1 25.9496 17.4417 12.8463 9.64875e-04 6.58446e-04 0.00164982 0.0020214947 0.0 16 22.0143945214 2.3154761729 0 0 2 4 3 4 2 0 1 0 9 
955 2 21.6558 13.8061 15.086 5.27454e-05 0.00145719 -2.76008e-04 0.0014840368 0.0 11 11.4599839169 1.9847500793 0 0 0 2 8 1 0 0 0 0 6 
474 2 25.5611 9.55194 16.8997 0.00172945 -2.71571e-05 3.52265e-04 0.0017651701 0.0 14 20.001047224 2.3671650058 0 0 2 2 2 8 0 0 0 0 6 
650 2 19.944 11.9708 13.9497 -2.32277e-04 3.62881e-04 9.2681e-04 0.0010220626 0.0 16 13.6277431367 1.9999912517 0 0 1 5 3 4 2 1 0 0 8 
742 2 23.1788 17.3496 16.2185 2.09056e-04 9.08517e-04 -0.00177932 0.0020087527 0.0 14 16.3248183304 2.2878596966 0 0 0 4 5 4 1 0 0 0 7 
830 1 18.0335 16.5263 10.5038 0.00258397 3.8536e-04 0.00144245 0.0029843032 0.0 14 21.9434828158 2.1559957591 0 0 0 3 7 3 1 0 0 0 7 
686 2 19.5924 13.7323 16.0263 -0.00328964 -0.00302833 -2.55406e-04 0.0044785875 0.0 13 12.6774405471 1.9897635133 0 0 1 2 6 3 1 0 0 0 7 
92 1 24.6018 10.2967 13.27 7.52788e-04 3.56467e-04 -7.77743e-04 0.00113958 0.0 18 22.3671286465 2.3538645662 0 0 1 3 7 4 2 1 0 0 8 
945 2 21.764 11.4879 15.4253 0.00265653 -7.83882e-04 -9.91458e-04 0.0029418721 0.0 13 11.7461433296 1.9380039959 0 0 0 3 6 4 0 0 0 0 6 
655 2 18.9843 11.5899 11.8949 -0.00304896 0.00279157 6.26306e-04 0.004181062 0.0 14 16.7573050562 2.2303532493 0 0 2 4 2 3 2 1 0 0 8 
443 2 26.6854 15.4528 15.5279 -6.06768e-04 -0.00180187 0.00173258 0.0025723018 0.0 15 18.1195963251 2.3154761729 0 0 1 3 6 2 3 0 0 0 7 
163 2 22.1255 13.1989 17.3444 -0.0029261 -0.00104284 -0.00163373 0.0035097935 0.0 15 12.8756599146 1.7759925704 0 0 1 2 6 5 1 0 0 0 7 
682 2 0.712769 16.5374 17.5052 3.34192e-04 -0.00183922 -3.7674e-04 0.001906921 0.0 12 16.4435530678 2.2985218308 0 0 1 1 8 1 1 0 0 0 7 
203 2 24.8918 14.9978 14.0903 -0.0062426 0.00202659 4.04486e-04 0.0065757685 0.0 12 14.5312867033 2.2878596966 0 0 3 0 5 2 2 0 0 0 7 
108 2 0.835709 13.9139 10.0787 -7.53514e-04 3.19483e-04 -0.00102764 0.0013137339 0.0 14 16.8913610202 2.1426144857 0 0 0 4 4 6 0 0 0 0 6 
649 2 22.0725 11.5154 10.8006 0.00267767 0.00336047 -5.31647e-04 0.004329587 0.0 15 18.8667594301 2.2594459044 0 0 2 1 7 2 3 0 0 0 7 
611 1 0.122658 17.1283 10.2882 -3.84538e-05 -0.00118896 0.00323087 0.0034429095 0.0 16 22.070435813 2.2536899729 0 0 1 4 4 5 1 1 0 0 8 
596 2 25.7938 13.302 16.1862 5.45082e-04 8.43512e-04 0.0019009 0.0021498948 0.0 14 16.1798643925 2.2691449925 0 0 1 2 6 4 1 0 0 0 7 
715 1 19.9629 11.7844 8.16888 0.00494727 6.68259e-04 -2.43887e-05 0.0049922585 0.0 13 21.6764957965 2.2976479584 0 0 1 2 5 5 0 0 0 0 6 
755 2 23.9023 12.8893 14.7581 -4.17075e-04 -0.00452357 0.00262111 0.0052446978 0.0 17 15.7592929493 2.3538645662 0 0 1 4 4 6 1 1 0 0 8 
741 2 22.926 9.51479 15.8095 -0.00204891 1.93414e-04 0.00295464 0.0036007414 0.0 14 15.0910894061 2.347679261 0 0 2 3 2 5 2 0 0 0 7 
503 2 22.6986 13.9348 10.2331 -0.0010666 0.00136267 -0.00371007 0.004093791 0.0 12 14.3247777201 2.0602260772 0 0 0 3 6 3 0 0 0 0 6 
370 2 20.2572 13.9881 10.5674 3.20037e-04 5.19444e-04 -9.46107e-04 0.0011257727 0.0 14 18.5952720739 2.1559957591 0 0 0 3 6 5 0 0 0 0 6 
57 2 22.164 12.6032 13.1096 0.00171416 -0.00210409 -0.00149692 0.0030994046 0.0 14 13.9897739574 1.9827790032 0 0 0 4 6 2 2 0 0 0 7 
681 2 23.4788 15.2504 11.8882 0.00141539 8.32827e-04 2.28703e-04 0.0016580816 0.0 16 17.6430428379 2.2535719783 0 0 0 4 5 6 1 0 0 0 7 
419 1 21.5218 16.9016 10.1353 0.0010195 -7.44391e-04 -0.00181337 0.0022094816 0.0 15 21.9892905769 2.2535719783 0 0 0 3 7 4 1 0 0 0 7 
356 2 26.5078 11.9853 11.4848 0.00101666 -0.00149203 0.00144016 0.0023095047 0.0 14 17.7709031272 2.3538645662 0 0 0 4 4 6 0 0 0 0 6 
261 2 26.043 14.2406 12.2279 6.50858e-04 6.88327e-04 0.00316981 0.0033083388 0.0 13 17.911668061 2.3208069858 0 0 1 2 6 3 1 0 0 0 7 
577 2 23.7996 14.9177 16.5463 -0.00161344 0.00128282 0.00232353 0.0031060598 0.0 14 13.5257074726 2.0635112741 0 0 0 3 6 5 0 0 0 0 6 
65 2 24.1705 12.5495 11.2636 4.04166e-04 9.64877e-04 -0.00235619 0.0025779777 0.0 13 14.3974136152 2.1419292677 0 0 1 1 7 4 0 0 0 0 6 
260 2 17.3905 13.3061 16.9062 -0.0039584 5.2048e-04 -7.87075e-04 0.0040693141 0.0 15 13.9134566842 2.1829867667 0 0 1 4 4 4 1 1 0 0 8 
736 2 19.7351 11.516 16.9921 0.00425625 0.00198388 8.71682e-04 0.0047761149 0.0 15 13.9975497823 2.170346369 0 0 2 4 3 3 1 2 0 0 8 
698 1 0.46135 9.06134 11.8423 0.00389707 -0.0026148 0.00112811 0.004826693 0.0 12 19.6123065971 2.1614918935 0 0 0 0 12 0 0 0 0 0 5 
992 1 24.6797 9.41101 10.2226 -1.03086e-04 0.00154595 -0.001534 0.0021803083 0.0 16 22.4978180514 2.209725519 0 0 0 1 10 5 0 0 0 0 6 
538 2 19.3224 17.7214 16.6874 0.00105229 1.26786e-04 -0.00108429 0.0015162697 0.0 14 19.2575165045 2.2016806971 0 0 2 3 3 3 3 0 0 0 7 
551 2 23.0248 12.0683 8.7536 -4.42575e-04 0.00173591 0.00150776 0.0023414945 0.0 14 16.7209801468 2.2040272468 0 0 0 3 6 5 0 0 0 0 6 
959 2 19.8563 15.6838 14.9933 -6.87155e-04 -0.00136048 -2.57885e-04 0.0015458307 0.0 14 15.4897692597 2.1506138601 0 0 0 3 6 5 0 0 0 0 6 
643 2 18.729 14.373 12.3821 -0.00350595 0.00145946 -0.00165957 0.0041443795 0.0 14 18.588785347 2.1559957591 0 0 2 0 7 4 1 0 0 0 7 
436 2 24.0593 11.8762 16.9724 4.79946e-04 -0.00208807 5.65497e-04 0.0022158906 0.0 14 13.6312438236 2.2746553705 0 0 0 6 1 6 1 0 0 0 7 
282 1 0.349546 26.6769 16.193 0.0015596 8.1113e-04 -6.92118e-04 0.0018892621 0.0 14 19.7132512222 2.1124690134 0 0 2 2 3 6 1 0 0 0 7 
519 1 2.39102 26.276 14.1792 0.00704249 0.00121151 -7.86713e-04 0.0071891125 0.0 15 21.1950006916 2.2446029589 0 0 0 4 4 7 0 0 0 0 6 
414 1 6.80293 22.597 17.4616 0.00320553 4.64835e-04 6.99367e-04 0.0033137001 0.0 15 20.803938751 2.3361593184 0 0 0 4 4 7 0 0 0 0 6 
668 2 5.89496 0.273703 10.09 -0.00229516 2.11193e-04 -0.00411013 0.0047122745 0.0 14 19.0925128838 2.1574512892 0 0 0 3 6 5 0 0 0 0 6 
935 2 5.02782 23.2976 10.9441 0.0014625 1.59564e-04 0.00138039 0.0020173853 0.0 14 16.9902894876 2.1421048335 0 0 0 4 4 6 0 0 0 0 6 
579 2 1.33353 25.9524 9.36168 -5.06976e-04 -0.0014804 -0.00200933 0.0025467658 0.0 14 16.9113280405 2.4656595529 0 0 0 5 3 5 1 0 0 0 7 
67 1 1.51295 23.8594 14.9622 -1.67791e-04 -0.00104308 0.00162093 0.0019348343 0.0 14 21.3858011012 2.2871406343 0 0 0 2 8 4 0 0 0 0 6 
570 1 6.22771 26.2307 16.2436 0.00131213 0.00193082 0.00120904 0.0026289786 0.0 14 21.1178889612 2.2446029589 0 0 0 2 8 4 0 0 0 0 6 
405 1 2.78747 18.8244 16.8138 6.03234e-04 -8.23898e-04 0.00578948 0.0058788415 0.0 14 22.840466475 2.2985218308 0 0 0 2 8 4 0 0 0 0 6 
130 1 8.44597 20.1864 17.4209 2.40517e-04 0.00284275 -0.00210621 0.0035461524 0.0 14 21.0271127284 2.2216069223 0 0 1 1 8 3 1 0 0 0 7 
733 1 4.67876 24.0619 16.5351 -1.75365e-04 0.00201863 -0.00116629 0.0023379162 0.0 13 19.6310769564 2.2446029589 0 0 0 3 6 4 0 0 0 0 6 
24 1 1.69219 18.9029 12.3776 0.00125111 -0.00376463 -0.00211356 0.0044949807 0.0 13 20.4256006647 2.2485957503 0 0 0 5 3 4 1 0 0 0 7 
482 2 3.86357 25.3556 10.0499 0.0018496 -1.60651e-04 3.78875e-04 0.0018948285 0.0 13 17.0658653845 2.2254451531 0 0 2 4 0 5 2 0 0 0 7 
710 1 5.3806 19.1422 11.0309 0.00137949 0.0017027 -0.00391485 0.0044864497 0.0 15 21.9560812033 2.2023058339 0 0 0 2 9 3 1 0 0 0 7 
220 1 9.03914 20.9704 14.218 0.00141183 7.28728e-04 -0.00318165 0.0035562909 0.0 14 21.4661772574 2.2061332552 0 0 0 3 6 5 0 0 0 0 6 
669 2 6.10903 24.4023 9.31663 5.77928e-05 -0.00445502 -0.00219046 0.0049647415 0.0 14 12.5958688083 2.080636563 0 0 0 3 6 5 0 0 0 0 6 
458 1 7.21045 18.6507 13.2993 -0.00116876 -0.00204806 -0.00618974 0.0066237022 0.0 12 20.7911048311 2.1967960319 0 0 0 2 8 2 0 0 0 0 6 
827 1 8.64872 19.645 10.6949 0.00131148 -0.0012832 0.00350368 0.0039550418 0.0 14 21.0819110143 2.1895980652 0 0 0 2 8 4 0 0 0 0 6 
711 1 1.8831 23.6837 17.8299 0.00449642 0.00104713 -9.24135e-04 0.0047083224 0.0 14 21.2812330937 2.1808925432 0 0 0 4 5 4 1 0 0 0 7 
225 1 3.7986 19.7823 13.9242 0.0061842 8.0289e-04 0.00298389 0.0069132164 0.0 14 21.6978507975 2.2216878455 0 0 0 2 8 4 0 0 0 0 6 
800 1 7.56244 23.9564 14.98 2.25541e-05 -0.00297284 7.19631e-04 0.0030587833 0.0 16 24.8909958151 2.2079524471 0 0 0 4 5 6 1 0 0 0 7 
40 1 3.09188 21.1441 11.4943 -5.03762e-04 9.38669e-04 -0.0015124 0.0018499269 0.0 15 22.2132891518 2.3172962379 0 0 0 4 6 3 2 0 0 0 7 
902 1 6.11243 20.5375 15.673 -0.00170936 -0.00127687 0.00186418 0.00283328 0.0 15 21.6984090218 2.2061332552 0 0 0 3 6 6 0 0 0 0 6 
178 1 5.08962 25.5211 13.1459 1.33046e-04 0.00616938 -0.00224755 0.0065673763 0.0 15 22.4110747985 2.223857896 0 0 1 4 3 5 2 0 0 0 7 
421 1 6.59126 21.6911 12.8853 -0.0022954 0.00100197 -0.00168472 0.0030184576 0.0 14 23.1520294657 2.1951559811 0 0 0 2 8 4 0 0 0 0 6 
526 1 1.89837 23.7499 12.0414 9.59797e-04 -0.00444197 -0.00467435 0.0065193447 0.0 17 23.7431776997 2.4723242302 0 0 1 3 5 7 0 1 0 0 8 
952 1 0.80096 21.2862 13.9539 0.00101941 8.00577e-04 2.56422e-04 0.0013213147 0.0 16 22.6948020157 2.3172962379 0 0 2 2 5 5 1 1 0 0 8 
486 1 26.6553 18.6623 15.4675 -0.00282713 0.00134025 0.00110457 0.0033179827 0.0 17 22.446325547 2.2878596966 0 0 3 2 5 3 3 0 1 0 9 
435 1 3.5449 21.7058 16.3687 -2.82256e-04 0.0019777 -4.57544e-04 0.0020494663 0.0 13 20.7798810079 2.1888707308 0 0 0 2 8 3 0 0 0 0 6 
510 1 0.303146 21.0334 16.7182 0.00226054 0.00268289 -0.00169157 0.0038947848 0.0 15 23.6968553562 2.2871406343 0 0 0 0 12 3 0 0 0 0 6 
875 1 4.18264 23.0196 13.9825 0.00271098 8.478e-04 -0.00198376 0.003464604 0.0 13 21.233141716 2.1748385349 0 0 0 3 6 4 0 0 0 0 6 
812 2 7.5736 24.4275 11.1769 -1.46541e-04 -0.00168681 4.72656e-05 0.001693823 0.0 13 16.7041123052 2.1951559811 0 0 0 3 6 4 0 0 0 0 6 
797 2 2.65841 22.7465 8.8079 -0.0035332 -1.5678e-04 0.00260443 0.0043921678 0.0 13 17.5157013487 2.2161347065 0 0 0 3 7 2 1 0 0 0 7 
689 2 8.54038 24.0596 9.03941 -0.0012869 -0.00365361 -3.98503e-04 0.0038940701 0.0 13 11.9303187791 1.8977651542 0 0 0 2 8 3 0 0 0 0 6 
724 2 7.04952 22.3117 9.70903 -0.00414837 0.00295349 5.77371e-04 0.0051249814 0.0 13 15.7027559753 2.1421048335 0 0 1 0 9 3 0 0 0 0 6 
904 1 1.39723 19.9445 9.21728 0.00292588 -4.23795e-04 -0.00351338 0.0045917551 0.0 18 25.873832903 2.2895888965 0 0 2 4 3 4 5 0 0 0 7 
140 1 10.0399 22.5662 16.4431 -0.00110377 -0.00513953 -4.19087e-04 0.0052733965 0.0 12 21.231933633 2.175709898 0 0 0 2 8 2 0 0 0 0 6 
641 1 18.8306 26.3088 13.861 -9.1301e-04 2.68389e-04 0.00127846 0.0015937628 0.0 15 22.132229571 2.2255397682 0 0 0 3 6 6 0 0 0 0 6 
310 1 14.5975 17.7487 10.4762 -8.98969e-04 -8.74679e-04 -0.00250194 0.0027987341 0.0 15 24.0376140075 2.3340475964 0 0 0 3 7 4 1 0 0 0 7 
522 1 9.93918 18.495 13.026 -0.00112757 -0.0021239 -0.00166184 0.0029230254 0.0 13 19.832424309 2.1905235964 0 0 0 3 6 4 0 0 0 0 6 
221 2 12.5001 25.3098 7.8131 8.42271e-05 0.00317447 -2.24295e-04 0.0031834984 0.0 14 13.3533883797 1.9413116607 0 0 1 2 7 2 2 0 0 0 7 
688 2 11.2723 23.4572 9.01022 -0.0011349 0.00295937 0.00113855 0.0033678131 0.0 15 14.6722626015 2.2469655456 0 0 1 2 7 3 2 0 0 0 7 
782 1 9.61514 22.2728 11.7418 -9.63131e-04 4.88815e-04 5.09995e-04 0.0011944272 0.0 16 21.346214086 2.2034787611 0 0 0 1 10 5 0 0 0 0 6 
802 1 11.253 20.2774 10.463 0.00348527 -0.00162022 0.00131543 0.0040623363 0.0 15 21.3501205075 2.2469655456 0 0 0 3 7 4 1 0 0 0 7 
204 1 11.908 24.5683 17.9526 0.00223948 0.00272198 -0.00416623 0.0054572812 0.0 16 22.9044367666 2.3222036031 0 0 1 3 5 5 2 0 0 0 7 
937 1 17.3385 21.7155 12.851 0.0026497 0.00185426 -0.00121296 0.0034540501 0.0 15 21.2835181822 2.2324078292 0 0 1 3 4 6 1 0 0 0 7 
842 2 13.7045 23.671 9.60065 8.88276e-04 -0.0023536 1.71773e-04 0.0025215022 0.0 13 14.8078988171 2.2426066714 0 0 1 3 3 6 0 0 0 0 6 
166 1 12.6634 18.4642 12.8556 6.82115e-05 -0.00226055 -8.81584e-04 0.0024273297 0.0 14 20.3520699407 2.3388220074 0 0 0 4 4 6 0 0 0 0 6 
189 1 14.5575 22.6322 12.3563 -0.00141336 -5.2142e-04 0.00277042 0.0031535206 0.0 12 19.8238952301 2.2200097071 0 0 1 2 5 4 0 0 0 0 6 
161 2 14.832 25.4091 10.8398 6.04392e-04 -5.46596e-05 -0.00136548 0.00149426 0.0 14 16.4901192642 2.235713334 0 0 1 3 4 5 1 0 0 0 7 
569 2 9.29927 25.2986 12.4191 0.00149581 -0.00236463 2.99309e-04 0.0028139844 0.0 12 17.0895667437 2.2079524471 0 0 1 2 5 4 0 0 0 0 6 
267 1 15.8249 22.0304 15.3838 7.83481e-04 -0.00223635 1.73819e-04 0.0023759876 0.0 16 23.3835712214 2.2303775142 0 0 0 3 6 7 0 0 0 0 6 
121 1 16.347 24.5137 13.2812 -0.00222071 -2.81631e-04 0.00256144 0.0034017413 0.0 14 22.100268928 2.1982375037 0 0 0 3 6 5 0 0 0 0 6 
670 1 16.1866 26.2304 16.2765 -0.00187772 -0.00368309 0.00341146 0.0053599481 0.0 17 23.274656003 2.1982375037 0 0 1 2 5 9 0 0 0 0 6 
524 1 12.9976 21.9986 16.3159 0.00292044 -0.00200357 -0.00257322 0.0043777533 0.0 13 21.0997887006 2.2208323046 0 0 1 3 4 4 1 0 0 0 7 
887 1 11.9852 21.4567 13.3548 -0.00275088 -0.00233801 6.31003e-04 0.0036649415 0.0 16 23.8127046776 2.2317546459 0 0 0 3 7 5 1 0 0 0 7 
554 1 10.8076 19.3889 15.7183 0.0020802 0.00240947 -5.12615e-04 0.0032242134 0.0 13 19.4142021815 2.0753602754 0 0 0 3 6 4 0 0 0 0 6 
160 2 12.2589 24.2223 11.7622 -0.00240859 5.56237e-04 -7.32764e-04 0.0025783034 0.0 16 18.0503623195 2.2469655456 0 0 1 3 5 5 2 0 0 0 7 
135 1 16.7162 22.6619 10.0713 0.00360245 0.00147029 0.0010195 0.0040222853 0.0 15 23.9139073766 2.2466664733 0 0 0 1 10 4 0 0 0 0 6 
78 1 15.1287 19.9012 13.0402 3.66454e-04 -7.49596e-05 -0.00515599 0.0051695397 0.0 13 22.1829901811 2.3747245865 0 0 0 3 6 4 0 0 0 0 6 
86 1 13.8404 24.3673 14.9682 0.00152298 0.00289429 -0.00110081 0.003450821 0.0 14 21.7490017084 2.202926314 0 0 0 4 4 6 0 0 0 0 6 
248 1 14.0012 20.8949 10.2718 0.00144692 3.91993e-04 -0.00269055 0.003079983 0.0 15 21.7622117843 2.2666708679 0 0 0 4 5 5 1 0 0 0 7 
663 1 16.5755 19.1047 16.725 0.00261514 -2.55379e-04 0.00205947 0.0033385015 0.0 17 25.4554830219 2.3747245865 0 0 1 2 7 5 2 0 0 0 7 
59 1 14.7551 24.1496 17.7458 -0.00439071 -0.00137373 7.10133e-04 0.0046550787 0.0 14 20.6165253066 2.200382703 0 0 0 4 4 6 0 0 0 0 6 
950 1 13.7406 19.4358 15.458 -6.55695e-04 -0.00283302 -0.00267038 0.0039480207 0.0 12 21.5917967916 2.3612167551 0 0 0 2 8 2 0 0 0 0 6 
32 2 10.5173 25.2191 10.2064 4.91793e-04 -7.80679e-04 0.00266279 0.0028181147 0.0 14 13.4196356294 2.3585882239 0 0 2 2 4 4 2 0 0 0 7 
406 2 10.8715 24.4475 14.154 9.1793e-04 0.00119452 -0.00111172 0.00187227 0.0 15 21.0252193392 2.3222036031 0 0 0 3 6 6 0 0 0 0 6 
460 1 14.5816 20.0376 18.076 -0.00148099 -0.00288553 -0.00111222 0.0034287969 0.0 13 20.2013755765 2.2342321893 0 0 0 2 8 3 0 0 0 0 6 
548 2 21.2817 17.7674 15.2162 -0.00267924 0.0017833 0.00116713 0.0034235476 0.0 13 16.9371705326 2.2066493783 0 0 1 1 9 0 2 0 0 0 7 
170 1 19.9716 19.9005 18.5747 7.69514e-05 -0.00264823 -0.00217008 0.0034246592 0.0 14 22.3167907946 2.2146584604 0 0 2 2 3 6 1 0 0 0 7 
181 1 20.2797 17.7842 12.4544 -0.00155565 0.0016316 -0.00217894 0.0031352743 0.0 16 22.8212668139 2.2535719783 0 0 0 3 7 5 1 0 0 0 7 
109 1 23.5782 18.821 13.2942 0.00150981 0.00210404 -0.00289217 0.0038821589 0.0 16 24.0185545736 2.3483835049 0 0 2 2 7 2 1 2 0 0 8 
912 1 24.8981 20.9093 14.7645 -8.74473e-04 -3.80929e-04 -5.15891e-04 0.0010844139 0.0 14 22.1360521371 2.3398974147 0 0 2 2 5 3 1 1 0 0 8 
847 1 22.0608 20.5395 16.2054 0.00229631 0.00105101 8.7975e-04 0.0026742516 0.0 16 23.5241983848 2.3483835049 0 0 1 2 7 4 2 0 0 0 7 
654 1 20.6564 26.0999 16.7615 0.00175841 -0.00299936 3.87725e-06 0.0034768062 0.0 15 22.2348769348 2.275354606 0 0 1 2 7 3 2 0 0 0 7 
586 1 22.7098 20.6537 11.3591 0.00100789 4.04347e-04 0.0024932 0.0027194457 0.0 15 22.4939729801 2.2743905996 0 0 1 2 7 4 0 1 0 0 8 
855 1 23.9328 26.5678 15.9699 -0.00321328 0.00140659 -0.00384977 0.0052081084 0.0 16 21.8971587023 2.3365932035 0 0 2 3 4 5 1 0 1 0 9 
343 1 20.045 22.5388 10.9495 0.00390062 -0.00118033 -0.00215053 0.0046079057 0.0 15 21.8901266163 2.2466664733 0 0 0 2 8 5 0 0 0 0 6 
344 1 19.6992 23.71 13.4266 -0.00391317 -0.00139782 -4.01764e-05 0.0041555282 0.0 13 20.607076063 2.2363723977 0 0 0 3 6 4 0 0 0 0 6 
857 2 22.1221 26.2095 13.3189 -0.00472509 -6.25911e-05 1.62003e-06 0.0047255048 0.0 16 19.8417416128 2.3365932035 0 0 3 1 7 2 1 1 1 0 9 
936 1 26.0823 20.0167 11.3077 -0.00139642 -0.00178078 -7.01091e-04 0.0023691127 0.0 16 20.969997504 2.3172962379 0 0 3 2 4 3 3 1 0 0 8 
751 2 22.5517 17.5286 18.4959 -5.83059e-04 -0.00180375 -0.00164126 0.0025074302 0.0 16 15.7567585332 2.2066493783 0 0 1 2 6 6 1 0 0 0 7 
958 1 21.1816 23.2933 16.0272 -0.00204121 0.00371246 -0.00312521 0.0052645831 0.0 14 21.6550883344 2.2762453058 0 0 0 5 3 5 1 0 0 0 7 
13 1 26.2877 25.2963 13.6567 -3.02789e-04 0.00146336 1.64939e-04 0.0015034323 0.0 14 22.6131661818 2.4723242302 0 0 2 2 5 3 1 1 0 0 8 
193 2 24.3609 19.0322 17.834 -0.00496555 -0.00209756 -0.00140779 0.0055712043 0.0 12 17.7572643534 2.1721606251 0 0 0 0 12 0 0 0 0 0 5 
868 1 20.0107 19.569 10.4041 0.00153049 0.00450041 4.52877e-04 0.0047750589 0.0 13 20.7159067558 2.2182104621 0 0 1 2 6 3 1 0 0 0 7 
908 1 22.4854 22.9991 13.0155 -0.00427061 0.00297097 -5.55573e-04 0.0052319627 0.0 14 23.0437520341 2.3483835049 0 0 0 1 10 3 0 0 0 0 6 
917 1 20.2613 20.5527 13.5044 0.00296908 -1.94007e-04 -0.0026308 0.0039716726 0.0 14 22.6741398968 2.3483835049 0 0 0 2 8 4 0 0 0 0 6 
94 2 21.542 25.3766 11.2461 -0.00161971 0.00324494 0.00191262 0.0041001477 0.0 13 16.9494841311 2.1101370179 0 0 1 3 4 4 1 0 0 0 7 
996 1 24.3667 23.8208 15.3577 0.00273648 0.00114014 0.00209494 0.0036300159 0.0 16 22.3390350883 2.2871406343 0 0 1 4 3 6 2 0 0 0 7 
373 2 24.1529 25.7214 11.5699 -0.00155726 5.90637e-04 0.00445169 0.0047530469 0.0 16 19.4127144977 2.413886366 0 0 2 4 4 2 2 2 0 0 8 
284 1 18.3677 24.0409 15.8638 -1.31107e-04 -0.00214538 -5.55128e-04 0.0022199125 0.0 14 21.5028070995 2.1982375037 0 0 0 4 4 6 0 0 0 0 6 
182 1 18.3805 24.981 10.997 0.00437913 -0.00174403 0.00328591 0.0057459224 0.0 15 22.281277237 2.233891493 0 0 1 3 4 6 1 0 0 0 7 
138 2 21.1252 1.47895 14.3914 0.00177799 -0.00430999 1.26422e-04 0.0046640374 0.0 13 15.8488414464 2.0955122208 0 0 0 5 3 4 1 0 0 0 7 
525 1 19.3852 23.6881 8.32221 0.00296557 0.00391705 4.07649e-05 0.0049132014 0.0 13 20.4884761437 2.2217977857 0 0 2 2 4 4 0 1 0 0 8 
286 2 23.2986 23.756 10.0131 5.48177e-04 -0.00102501 2.90201e-04 0.0011980652 0.0 14 17.7033871144 2.0983273377 0 0 1 1 8 3 1 0 0 0 7 
25 1 25.2937 22.5155 12.3292 -0.00126078 0.00216941 -3.64383e-04 0.0025354844 0.0 15 23.0305730611 2.3528708648 0 0 2 3 2 7 0 1 0 0 8 
808 2 0.214756 22.9882 9.84258 0.00285135 0.00173977 -0.00237729 0.0040998176 0.0 15 21.0040516575 2.4610971475 0 0 3 4 2 3 0 2 1 0 9 
365 1 19.0374 21.0536 15.8944 5.80095e-04 -1.46645e-04 -0.00151414 0.0016280771 0.0 14 22.2380555657 2.1650200791 0 0 0 2 8 4 0 0 0 0 6 
403 1 17.8929 19.1059 14.0452 -3.68273e-05 6.60787e-04 -9.57471e-04 0.0011639357 0.0 14 21.3888509248 2.3747245865 0 0 1 2 7 2 2 0 0 0 7 
191 1 17.3802 19.2264 11.3393 -3.51307e-04 0.0020379 1.17502e-04 0.0020712942 0.0 15 22.896435331 2.2666708679 0 0 0 2 10 1 2 0 0 0 7 
177 1 5.4982 0.568911 20.8902 0.00104834 2.81608e-05 -0.00231316 0.0025397872 0.0 16 23.7979419979 2.2454025124 0 0 0 4 5 6 1 0 0 0 7 
1000 2 5.00994 7.43103 24.2013 -0.00328719 -0.00261652 0.0028863 0.0050973054 0.0 14 18.4465507862 2.2229560872 0 0 1 2 7 2 2 0 0 0 7 
457 1 2.60176 7.65179 26.3107 3.35108e-04 -9.36414e-04 -0.0031452 0.0032987045 0.0 15 22.9674640011 2.2370494282 0 0 1 3 4 6 1 0 0 0 7 
45 1 1.94034 8.68694 23.8777 -0.00197697 0.00282247 6.80367e-04 0.0035124986 0.0 15 21.1649269691 2.2414015221 0 0 1 5 2 4 3 0 0 0 7 
720 2 6.91377 6.98778 25.7504 -0.0019367 -0.00131306 -5.48821e-04 0.0024033597 0.0 13 14.5521597 2.2114614643 0 0 0 3 6 4 0 0 0 0 6 
831 1 6.80835 5.01366 17.1789 -0.00102945 -7.40826e-04 0.00205382 0.0024138697 0.0 15 22.7157926632 2.2959663538 0 0 1 2 6 5 1 0 0 0 7 
520 1 7.51223 0.519753 18.7797 -0.00142652 -0.00186684 6.75904e-05 0.0023504509 0.0 13 22.3582516609 2.2170929468 0 0 0 3 6 4 0 0 0 0 6 
583 1 0.656674 8.68662 18.909 -0.00334041 -0.00480362 0.0011527 0.0059633733 0.0 16 23.1874870672 2.2479142509 0 0 0 4 4 8 0 0 0 0 6 
737 2 4.63431 1.45133 26.4071 0.00358694 0.00419216 -0.00297851 0.0062699175 0.0 12 12.2542058197 1.8470152908 0 0 0 3 6 3 0 0 0 0 6 
852 2 2.57749 0.191842 25.457 0.00242402 -0.00161756 -3.18828e-04 0.0029315567 0.0 15 17.8502457271 2.3272421736 0 0 1 2 7 3 2 0 0 0 7 
651 1 26.5646 3.35064 19.1719 -0.00124544 5.23451e-05 -4.42983e-04 0.0013229115 0.0 15 21.4809280109 2.3274064774 0 0 0 3 8 2 2 0 0 0 7 
988 2 6.73873 4.3483 0.260518 0.00193205 -0.00274058 0.00191194 0.0038599366 0.0 14 14.7223761806 2.1179071822 0 0 0 3 6 5 0 0 0 0 6 
557 2 4.79676 1.64983 23.8223 0.00248965 -3.39258e-04 5.44097e-04 0.0025708937 0.0 13 16.2080291008 2.1740589147 0 0 1 4 2 5 1 0 0 0 7 
881 2 7.7673 3.24668 23.0366 -0.00156999 5.60301e-05 -0.00382284 0.0041330514 0.0 13 12.2110645748 2.1516767022 0 0 1 3 5 2 2 0 0 0 7 
275 1 3.77749 7.23061 18.226 -0.00277412 2.07328e-04 0.00325002 0.0042780085 0.0 15 24.1450693033 2.2959663538 0 0 0 4 5 5 1 0 0 0 7 
605 2 3.78621 3.58221 25.2538 0.00337706 0.00133359 0.00180653 0.0040554343 0.0 16 18.2945532869 2.2370494282 0 0 2 2 5 5 1 1 0 0 8 
461 1 1.14924 2.89349 24.0094 -3.83815e-04 0.00182671 -0.00206914 0.0027866689 0.0 14 21.3944405767 2.300497419 0 0 0 1 10 3 0 0 0 0 6 
441 1 0.706998 0.620162 18.9579 -0.00155411 0.00127793 -0.00383253 0.0043285851 0.0 13 20.0904876131 2.2544406512 0 0 1 3 4 4 1 0 0 0 7 
944 1 3.82962 9.12536 21.5338 2.39139e-04 -8.60136e-04 0.00428341 0.0043754568 0.0 16 25.0016661579 2.2479142509 0 0 1 3 5 5 2 0 0 0 7 
575 1 5.5663 2.109 17.6014 -0.00168295 0.00394384 7.88554e-04 0.0043598179 0.0 15 22.5202480905 2.244198024 0 0 0 3 6 6 0 0 0 0 6 
906 2 6.50346 5.39329 24.1399 0.00260889 9.62647e-04 -0.00224696 0.0035751679 0.0 13 12.8527459027 2.0831076585 0 0 0 5 2 6 0 0 0 0 6 
291 2 5.99154 6.43189 20.3809 -0.00161457 6.60407e-04 -0.00105781 0.0020400823 0.0 14 18.0542260916 2.2959663538 0 0 2 3 2 5 2 0 0 0 7 
279 2 6.7482 7.68191 22.7495 -0.00405725 0.00271989 -7.68528e-04 0.0049446653 0.0 15 16.0256277143 2.221374976 0 0 3 2 3 5 1 0 1 0 9 
388 1 2.00875 6.41025 20.6256 -0.00186161 -7.30138e-04 0.00223512 0.0029990756 0.0 16 23.6865265709 2.2469312348 0 0 1 4 3 6 2 0 0 0 7 
112 1 2.3477 0.684585 22.3128 -0.00100225 0.00173275 -0.00494535 0.0053351115 0.0 15 22.5395997143 2.2454025124 0 0 1 3 5 4 2 0 0 0 7 
197 2 6.25917 3.13107 25.2201 0.00408428 0.00260043 9.98529e-04 0.0049437475 0.0 14 12.5412227172 1.8459927172 0 0 0 4 4 6 0 0 0 0 6 
426 1 1.70557 5.78591 23.5267 0.00348699 0.00152298 -0.00485087 0.0061651851 0.0 15 22.3460352822 2.2414177695 0 0 2 0 8 3 2 0 0 0 7 
585 1 2.38931 3.66996 21.6919 -6.03645e-04 -0.00261003 0.00153136 0.0030857264 0.0 14 21.8972195362 2.2610156935 0 0 0 2 8 4 0 0 0 0 6 
64 1 3.20901 2.01237 19.4397 -0.00172564 0.00227343 0.00254605 0.0038247468 0.0 15 22.4474317341 2.2610156935 0 0 0 4 4 7 0 0 0 0 6 
915 1 1.50973 5.22657 18.1399 0.002572 0.00135381 -0.00151424 0.0032773325 0.0 14 20.8791931944 2.2610156935 0 0 0 5 5 1 3 0 0 0 7 
144 2 5.50038 3.39541 22.4874 5.37773e-04 0.00131449 -8.36352e-04 0.0016482016 0.0 15 16.6926950626 2.2454025124 0 0 2 4 2 3 4 0 0 0 7 
228 2 4.77924 5.86509 22.2938 0.00108909 -0.00272288 0.00354049 0.0045973103 0.0 14 18.0560777651 2.2414177695 0 0 2 2 3 6 1 0 0 0 7 
921 2 8.6276 4.15436 24.9897 1.22986e-04 -0.00468865 -0.00207997 0.0051307738 0.0 15 12.9049656991 1.8649938679 0 0 1 4 3 5 2 0 0 0 7 
422 2 7.46777 0.712847 23.5958 0.00275117 0.00397406 -0.00670509 0.0082656108 0.0 15 17.2038040451 2.343333359 0 0 1 2 6 5 1 0 0 0 7 
433 2 5.17124 4.26169 20.0271 0.00101238 -0.00122286 -0.00176965 0.0023773853 0.0 14 19.8480056191 2.2610156935 0 0 1 4 3 4 2 0 0 0 7 
765 2 4.99379 5.58666 26.2521 -5.81701e-04 3.05736e-04 -0.00145032 0.0015922558 0.0 14 16.756320895 2.2347327865 0 0 2 4 2 3 2 1 0 0 8 
61 2 8.10747 5.34808 21.8969 -6.05158e-05 -0.00363042 -0.00205997 0.0041745764 0.0 15 12.5673831872 1.9379521205 0 0 1 4 2 7 1 0 0 0 7 
835 2 6.63218 0.320531 25.7322 -0.00159053 -0.00251262 4.02506e-04 0.0030008426 0.0 14 12.9492039684 1.9948069584 0 0 1 2 6 4 1 0 0 0 7 
423 2 8.1691 6.60308 19.7406 0.00230623 0.00378937 -6.46759e-04 0.0044828918 0.0 14 17.4924988269 2.3959160766 0 0 2 4 2 2 4 0 0 0 7 
297 2 8.40225 6.77717 23.8156 4.30603e-04 9.96139e-04 0.0020713 0.0023383746 0.0 13 11.9219827258 2.0777516643 0 0 1 4 2 5 1 0 0 0 7 
971 2 7.65608 3.60949 20.5245 0.00351698 -0.00335536 -0.00252574 0.0054778601 0.0 15 18.4872607904 2.1914249731 0 0 0 5 3 6 1 0 0 0 7 
159 2 17.7257 6.34411 17.7531 2.87764e-04 -0.00347142 0.00174112 0.0038942347 0.0 12 13.0034671504 2.1372648309 0 0 0 3 7 1 1 0 0 0 7 
851 1 9.12651 2.93078 17.6277 -8.00256e-04 -1.54237e-04 -0.00189052 0.0020587046 0.0 13 21.9674559971 2.2476822248 0 0 0 4 4 5 0 0 0 0 6 
1 2 9.26301 1.91759 21.4347 -4.05718e-04 0.00120108 -0.00219354 0.0025335386 0.0 15 20.6876044326 2.3424963095 0 0 1 2 7 3 2 0 0 0 7 
345 2 8.61574 5.79297 0.209317 -0.00205958 -9.61377e-04 5.05274e-04 0.0023283937 0.0 12 15.1559888707 2.1409543476 0 0 1 2 5 4 0 0 0 0 6 
168 1 17.8847 5.91749 20.9182 0.00217971 8.11837e-04 9.28593e-04 0.0025044959 0.0 14 20.6336028308 2.2156002502 0 0 0 1 10 3 0 0 0 0 6 
820 2 10.0205 4.85642 20.4226 0.00320234 -0.00428063 -9.10901e-04 0.0054229619 0.0 13 16.0159807747 2.3561182599 0 0 1 3 5 2 2 0 0 0 7 
693 2 10.6207 6.03952 25.2326 -0.00174112 -1.64217e-04 1.14915e-05 0.0017488848 0.0 14 19.3000242589 2.3990104681 0 0 0 2 8 4 0 0 0 0 6 
46 2 10.8091 7.33052 19.637 -4.62995e-04 -7.74266e-04 -0.00252922 0.0026852944 0.0 13 17.8533247427 2.3959160766 0 0 1 2 7 1 2 0 0 0 7 
734 1 12.0478 0.949022 20.3896 0.00299441 0.00484119 -0.00611218 0.0083523863 0.0 15 21.3399112129 2.3940725294 0 0 2 4 4 1 3 0 1 0 9 
622 1 16.7924 0.215971 20.2776 0.00212381 -0.00165859 -0.00118819 0.0029450442 0.0 14 21.2789995631 2.3354445265 0 0 2 0 6 6 0 0 0 0 6 
82 1 11.9095 2.92222 18.4287 0.00437567 -0.00191868 0.00410757 0.0063007898 0.0 15 22.0354304535 2.3247847245 0 0 1 3 6 2 3 0 0 0 7 
803 1 13.4171 5.72577 23.3662 6.89935e-04 0.00163707 -5.09836e-04 0.0018482265 0.0 14 23.8960732422 2.3990104681 0 0 0 1 10 3 0 0 0 0 6 
169 1 14.8963 3.27035 25.0713 8.94135e-04 -0.00279541 0.00120632 0.0031731691 0.0 14 21.6349963018 2.1593347549 0 0 0 3 7 3 1 0 0 0 7 
739 1 15.9062 4.87842 22.7154 -0.00420261 0.00236233 -0.00514039 0.007047421 0.0 14 21.4122552925 2.2654497168 0 0 0 1 10 3 0 0 0 0 6 
156 1 13.0309 8.16475 21.5429 -0.00217445 -0.00127675 0.00311353 0.0040065437 0.0 15 22.7086682835 2.3034027702 0 0 1 0 10 3 1 0 0 0 7 
450 2 9.56425 1.69327 23.8774 -4.45893e-04 -0.00141932 0.00470409 0.0049337362 0.0 16 15.1481773178 2.3940725294 0 0 1 5 3 5 1 0 1 0 9 
434 2 15.346 6.20107 18.9671 -8.82644e-04 0.00177132 2.04195e-04 0.0019895554 0.0 15 18.3591790563 2.2654497168 0 0 2 2 4 5 2 0 0 0 7 
464 1 15.6198 7.10399 24.806 -0.00283609 3.4834e-04 -0.00106202 0.0030483821 0.0 14 22.8895651988 2.2912060775 0 0 0 3 6 5 0 0 0 0 6 
186 1 15.9122 7.69629 22.2115 0.00453014 0.00327996 -0.00391753 0.006828422 0.0 15 21.1330794717 2.2654497168 0 0 1 2 7 3 2 0 0 0 7 
602 2 11.5339 3.03184 24.6907 -0.0026285 -0.00256444 -0.0047325 0.005990152 0.0 13 19.4705487632 2.3817565296 0 0 1 2 6 3 1 0 0 0 7 
927 1 16.7405 2.08761 23.1218 -0.00231836 4.81389e-04 5.32932e-04 0.0024270445 0.0 14 20.7057897219 2.3354445265 0 0 1 2 6 4 1 0 0 0 7 
36 2 10.2915 6.31032 22.4915 -0.00239001 -8.25431e-04 -9.85379e-04 0.0027137531 0.0 13 15.4940669796 2.1355347044 0 0 1 1 8 2 1 0 0 0 7 
552 2 8.87529 8.13353 21.4988 0.00160278 -0.00229339 -0.00167005 0.0032584672 0.0 16 18.9038004602 2.3209854123 0 0 2 4 4 2 3 0 1 0 9 
312 1 17.282 4.92747 26.062 0.00199273 2.134e-04 0.00140736 0.0024489129 0.0 14 23.5855598858 2.2973362345 0 0 0 4 5 4 1 0 0 0 7 
889 1 13.6508 2.90453 22.0803 -0.00335131 0.00800259 0.00272838 0.0090948767 0.0 18 24.8293357016 2.3940725294 0 0 5 1 4 3 3 0 2 0 9 
70 2 10.2003 5.68218 18.2359 3.78014e-04 -0.00241096 -6.31694e-04 0.0025208451 0.0 13 16.1858518798 2.1914249731 0 0 0 4 4 5 0 0 0 0 6 
386 2 10.0895 3.84582 22.6425 0.00252737 3.32576e-04 0.00356842 0.0043854107 0.0 15 16.2775832563 2.3919849153 0 0 1 4 4 3 3 0 0 0 7 
69 2 16.2407 4.54567 17.3316 0.00327411 -8.96356e-04 0.00258987 0.0042697397 0.0 14 12.6381764389 2.1550226734 0 0 1 1 7 5 0 0 0 0 6 
377 2 13.5355 7.42531 18.0907 0.00347084 0.0016876 -0.00249182 0.0045938971 0.0 14 15.8736346487 2.1435434762 0 0 1 3 5 3 2 0 0 0 7 
2 2 14.9759 3.25285 19.1931 0.00139553 0.00128477 -1.13522e-05 0.0018969098 0.0 15 20.3540777361 2.3354445265 0 0 3 1 6 2 2 0 1 0 9 
83 2 8.24326 2.07915 26.0283 -0.00150509 0.00360839 3.25699e-04 0.0039232454 0.0 13 12.3553726762 1.9902028195 0 0 0 1 10 2 0 0 0 0 6 
445 2 10.8428 1.44368 26.3713 0.0040958 0.00295196 -0.00302917 0.0058877429 0.0 13 15.273450953 2.1458001341 0 0 0 4 4 5 0 0 0 0 6 
873 1 12.8961 5.1186 20.2785 0.00337642 0.00353877 0.00200009 0.0052842658 0.0 17 22.9730053468 2.3550397332 0 0 1 3 6 4 3 0 0 0 7 
969 2 16.8619 2.15895 17.9492 -0.00279528 -0.00247392 7.10214e-04 0.0037997729 0.0 12 16.3000730821 2.0904846071 0 0 0 2 8 2 0 0 0 0 6 
789 1 13.5031 0.719827 24.8303 0.00369555 -0.00205692 0.00110101 0.0043703813 0.0 13 21.7973988588 2.2203434887 0 0 1 2 6 3 1 0 0 0 7 
287 1 19.6679 0.926651 19.3565 0.00430718 -5.29319e-04 -0.00247722 0.0049968587 0.0 15 21.6664944772 2.2847709244 0 0 2 3 3 5 1 1 0 0 8 
85 1 23.2231 3.99297 25.9648 0.00145098 0.00119469 -0.00109276 0.0021741094 0.0 15 22.170304825 2.4803082773 0 0 1 1 8 4 1 0 0 0 7 
599 1 23.6863 3.41752 20.0921 -0.00236589 -0.00286459 1.47652e-04 0.0037182136 0.0 16 26.3686266661 2.3352793604 0 0 1 3 5 5 2 0 0 0 7 
34 1 21.4215 3.75402 23.7903 -0.00261791 0.00183882 -2.15328e-04 0.003206412 0.0 14 22.0924278027 2.2766781369 0 0 1 3 4 5 1 0 0 0 7 
51 1 25.8611 2.83048 26.4337 -4.56541e-04 -0.0036656 0.00365773 0.0051984653 0.0 14 21.3189259666 2.3272421736 0 0 2 0 8 2 2 0 0 0 7 
18 1 22.0532 1.46433 21.45 -1.3419e-05 0.00270873 0.00113677 0.0029376256 0.0 13 22.4946757908 2.4251552918 0 0 0 3 6 4 0 0 0 0 6 
246 1 18.6002 8.90322 21.2786 -0.00390218 0.0015033 -8.78389e-04 0.0042729951 0.0 14 21.6009950632 2.2263741329 0 0 1 0 10 2 1 0 0 0 7 
997 1 19.2613 1.14761 22.0728 -3.183e-05 0.00379945 -0.00282095 0.0047322925 0.0 15 20.8859943755 2.1224907375 0 0 0 2 8 5 0 0 0 0 6 
480 1 22.6628 8.42339 23.0977 0.00194338 0.00490489 6.66281e-04 0.0053177629 0.0 15 20.8445213533 2.420898853 0 0 1 4 3 5 2 0 0 0 7 
582 2 21.1321 4.851 17.6723 0.00233276 0.00401939 2.37152e-04 0.0046533328 0.0 12 15.1790824726 2.2847709244 0 0 1 4 1 6 0 0 0 0 6 
542 1 26.2224 4.51841 21.7819 -0.00102029 -0.00357068 -4.82943e-04 0.0037448606 0.0 12 19.5854736926 2.1353488203 0 0 0 0 12 0 0 0 0 0 5 
259 1 21.1079 0.960974 24.5298 -6.78476e-04 0.00275806 -8.93716e-04 0.002977575 0.0 14 22.9994928719 2.4803082773 0 0 0 1 10 3 0 0 0 0 6 
903 1 25.5239 4.93383 24.5504 -5.20181e-04 -0.00237166 -0.00253487 0.0035101176 0.0 14 21.2750130398 2.3552520452 0 0 2 1 7 2 1 1 0 0 8 
347 2 19.9117 6.79193 19.0529 -1.18533e-04 -0.00176055 -5.14677e-04 0.0018380639 0.0 13 17.5491556719 2.1966175822 0 0 0 3 6 4 0 0 0 0 6 
4 1 20.4938 3.91542 20.8839 -3.42302e-04 0.00146076 -0.00465004 0.0048860887 0.0 15 23.5777768228 2.2847709244 0 0 0 2 8 5 0 0 0 0 6 
325 1 20.724 6.55886 22.0548 -0.00267009 0.00127705 -0.00612516 0.0068027805 0.0 13 22.0588123048 2.3994547831 0 0 0 2 8 3 0 0 0 0 6 
527 2 23.4239 8.57864 18.1962 3.53327e-04 0.00139996 0.00312776 0.0034449399 0.0 14 17.212171564 2.2894741062 0 0 1 5 2 4 1 1 0 0 8 
878 1 20.388 4.24563 26.6649 0.00189503 -7.20554e-04 0.00124363 0.0023784349 0.0 14 21.0182561055 2.4803082773 0 0 0 3 6 5 0 0 0 0 6 
153 1 26.4016 7.61562 25.181 4.20286e-05 0.00215656 0.00279963 0.0035341824 0.0 14 19.8459459832 2.3574297092 0 0 1 3 4 5 1 0 0 0 7 
508 1 26.5266 1.75871 21.4888 0.00428648 -0.00228049 0.00133595 0.0050358026 0.0 15 22.0238069644 2.4251552918 0 0 1 2 6 5 1 0 0 0 7 
134 1 18.8924 7.42432 24.042 -0.0011952 -0.00137997 -0.00125743 0.0022167432 0.0 16 23.6646753293 2.2880785038 0 0 1 2 7 4 2 0 0 0 7 
393 1 22.1941 1.52778 18.0544 -0.00263704 -2.07003e-05 -0.00140018 0.0029857851 0.0 17 23.0354615191 2.2847709244 0 0 2 3 5 4 1 2 0 0 8 
907 1 25.6561 6.42549 19.925 0.00118074 -0.00219868 -0.00193391 0.0031572692 0.0 13 21.5739488801 2.3226274547 0 0 1 2 6 3 1 0 0 0 7 
307 1 26.1791 7.45742 22.375 0.00192756 0.00109801 0.0015509 0.0027067331 0.0 13 19.6708504933 2.3269386944 0 0 0 3 6 4 0 0 0 0 6 
463 1 21.9234 6.39641 25.0465 4.47449e-04 -0.00169888 0.00226904 0.0028696596 0.0 14 21.1274753503 2.3125369787 0 0 2 2 3 6 1 0 0 0 7 
96 2 18.6176 8.7718 17.7612 -0.00224775 0.00305722 0.00207513 0.0043249438 0.0 14 14.8318942009 2.2689943541 0 0 2 2 4 4 2 0 0 0 7 
447 1 23.8105 7.93145 26.2056 0.00431284 1.60964e-04 0.00287244 0.0051843428 0.0 15 20.0088396459 2.3574297092 0 0 0 5 3 6 1 0 0 0 7 
199 2 18.7095 4.10471 17.7915 0.0017001 -0.00468862 -0.00177336 0.0052932318 0.0 15 16.4446703309 2.2780152105 0 0 1 1 8 4 1 0 0 0 7 
794 1 18.6698 2.31494 25.4919 7.01167e-04 -0.00168561 0.00154534 0.0023918595 0.0 14 21.1767570959 2.149653667 0 0 0 4 4 6 0 0 0 0 6 
909 1 18.2736 9.38756 26.1122 3.65637e-05 9.30425e-04 0.00199364 0.00220037 0.0 13 21.2778429106 2.2880785038 0 0 0 1 10 2 0 0 0 0 6 
328 1 24.04 0.209937 25.9049 -6.29349e-04 0.00348825 -0.00217791 0.0041601995 0.0 15 23.5443106297 2.4140532685 0 0 0 3 7 4 1 0 0 0 7 
993 1 23.7336 6.06188 22.0656 -0.00201764 -1.07813e-04 0.00132374 0.0024155294 0.0 16 24.3576923424 2.4188113608 0 0 1 5 3 4 2 1 0 0 8 
241 1 18.7917 4.32086 23.3511 0.0035207 -7.66509e-04 0.00203328 0.0041372808 0.0 13 21.2678300492 2.2576289811 0 0 0 1 10 2 0 0 0 0 6 
977 2 22.4047 6.45184 18.7686 3.68779e-04 9.85983e-04 1.82872e-04 0.001068458 0.0 16 20.2986973446 2.420898853 0 0 0 3 6 7 0 0 0 0 6 
240 1 24.2109 2.42816 23.566 -0.00109874 -0.00347642 0.00400029 0.0054124898 0.0 14 23.9000128159 2.3343126894 0 0 0 1 10 3 0 0 0 0 6 
300 1 26.1296 0.147401 23.8423 0.00569651 -0.00649553 -3.17399e-04 0.0086453964 0.0 15 22.3968309565 2.3323163925 0 0 1 2 6 5 1 0 0 0 7 
922 1 17.6518 3.26097 20.7042 -0.00185224 -0.00204338 0.00397563 0.0048385771 0.0 14 20.6986366753 2.3129307592 0 0 1 1 8 3 1 0 0 0 7 
316 2 0.661299 17.7048 20.9293 7.28482e-04 -0.00255883 0.00201623 0.0033381852 0.0 16 19.0184905204 2.2660189834 0 0 4 2 3 1 5 1 0 0 8 
934 1 7.6504 15.3945 23.9854 0.00283454 -0.00136261 0.00651414 0.0072336259 0.0 13 18.9499986031 2.1568118349 0 0 1 2 6 3 1 0 0 0 7 
408 1 0.611091 14.259 23.5328 0.00255039 0.00145323 0.00216874 0.0036496301 0.0 15 22.3691127259 2.3269968641 0 0 3 0 7 2 2 1 0 0 8 
97 1 5.2123 12.3834 0.231393 0.00133934 -0.00341635 -2.29058e-04 0.0036766488 0.0 14 20.3511415574 2.1101372401 0 0 0 2 8 4 0 0 0 0 6 
759 1 5.74223 12.149 19.6915 0.00351985 -0.0021834 -4.12783e-04 0.0041625676 0.0 14 21.5872908609 2.2225918449 0 0 0 1 10 3 0 0 0 0 6 
506 1 4.6075 15.0738 25.0041 5.03767e-04 0.00166802 4.39323e-04 0.0017969632 0.0 14 21.4500555362 2.19309755 0 0 0 2 8 4 0 0 0 0 6 
402 1 2.53071 12.0962 21.8229 -0.00127135 8.4869e-04 8.31101e-04 0.0017399237 0.0 17 22.9203737072 2.3110630975 0 0 0 3 6 8 0 0 0 0 6 
810 1 2.74722 12.9661 25.1835 0.00403614 0.00116942 0.00166311 0.0045192814 0.0 13 20.4847670128 2.19309755 0 0 0 1 10 2 0 0 0 0 6 
543 1 6.76022 17.2783 26.0002 -7.92424e-04 -7.55729e-04 -0.00137604 0.0017585642 0.0 15 22.8628072735 2.4770611706 0 0 0 3 7 4 1 0 0 0 7 
870 1 7.35207 14.4867 0.20213 5.89572e-04 0.00148035 -0.0019588 0.0025250601 0.0 15 20.6419645116 2.2552032775 0 0 0 4 6 3 2 0 0 0 7 
814 1 5.88573 15.3498 19.8041 -8.24023e-06 -0.00265664 -0.00100159 0.0028391877 0.0 13 21.1877236267 2.1986871233 0 0 0 3 6 4 0 0 0 0 6 
472 1 1.94378 15.6298 26.4159 -0.00113168 -0.00416716 0.00283897 0.0051677532 0.0 16 25.0514606578 2.3269968641 0 0 0 3 6 7 0 0 0 0 6 
604 1 3.89002 17.6546 19.9766 -1.23923e-04 -0.0018771 0.00184087 0.0026320455 0.0 17 25.4870059726 2.4372370238 0 0 1 4 4 5 3 0 0 0 7 
632 1 7.23984 10.0498 24.9054 -0.00366524 0.00545169 -6.30383e-04 0.0065994159 0.0 17 21.8377557549 2.2963271836 0 0 2 2 7 2 3 1 0 0 8 
767 1 6.33579 10.6246 22.1064 0.00231243 9.59325e-04 0.00341649 0.0042355685 0.0 14 21.6543251721 2.221374976 0 0 0 3 6 5 0 0 0 0 6 
932 1 5.78206 9.32962 18.9923 -7.18184e-04 -0.00164939 9.38357e-04 0.0020289873 0.0 16 23.9849903387 2.2975319763 0 0 2 3 3 6 1 1 0 0 8 
417 1 4.95538 13.3017 22.5028 7.15084e-04 6.21955e-04 1.096e-04 9.5403632482e-04 0.0 13 20.4019079379 2.1424885105 0 0 0 3 6 4 0 0 0 0 6 
849 1 4.2955 10.7486 24.3774 -0.00102549 0.00108649 3.06927e-04 0.0015252195 0.0 14 22.4437500765 2.1074059471 0 0 0 4 4 6 0 0 0 0 6 
631 1 3.51883 13.8011 19.6255 0.00267564 0.00257465 -0.00367205 0.0052222431 0.0 13 20.7656109778 2.2685363931 0 0 0 4 4 5 0 0 0 0 6 
335 1 2.79906 15.2174 22.2302 -8.23327e-04 -0.00367257 0.00165802 0.0041127446 0.0 16 23.1136779244 2.3110630975 0 0 2 3 5 2 3 1 0 0 8 
769 1 0.879833 11.185 24.5169 -0.00141787 4.07602e-04 -0.00339081 0.003697849 0.0 13 18.7401554217 2.1069292944 0 0 1 2 6 3 1 0 0 0 7 
645 1 7.72276 13.5463 21.5531 -0.00165295 0.00316991 0.00113395 0.0037505221 0.0 14 21.5404116791 2.1568118349 0 0 0 2 8 4 0 0 0 0 6 
227 2 0.862496 15.6127 19.5222 -0.00321471 0.00203416 -0.00122657 0.0039970791 0.0 14 17.7412359852 2.3110630975 0 0 2 2 5 2 3 0 0 0 7 
648 1 5.4746 16.3624 22.5158 -0.00364632 -0.00170094 0.00412076 0.0057592976 0.0 15 22.2460758339 2.4463200328 0 0 1 3 6 2 3 0 0 0 7 
427 1 3.04495 10.9531 19.2039 -5.0642e-04 -0.00116608 0.00173591 0.0021516476 0.0 14 21.9738258022 2.2479142509 0 0 0 3 6 5 0 0 0 0 6 
424 1 6.62716 12.8829 24.7219 -0.00107857 0.00183152 -0.00346119 0.0040617256 0.0 13 19.5075446533 2.0611092728 0 0 0 1 10 2 0 0 0 0 6 
68 1 0.621758 9.92142 21.4945 1.59957e-05 -0.0029931 0.00151938 0.0033566976 0.0 13 21.4777130531 2.1483122592 0 0 0 3 6 4 0 0 0 0 6 
237 1 8.6295 16.6827 20.41 0.00366897 0.00324406 -0.00131612 0.0050712363 0.0 15 21.7048793325 2.2910600304 0 0 1 2 6 5 1 0 0 0 7 
280 1 9.03082 10.9764 22.752 -0.00202576 -0.00294168 5.12449e-04 0.0036082944 0.0 13 20.4828079331 2.2196369372 0 0 1 3 4 4 1 0 0 0 7 
832 1 8.63136 13.9876 18.5612 4.28787e-04 6.25452e-05 0.00481885 0.0048382937 0.0 14 21.5864903583 2.3086558003 0 0 0 4 6 2 2 0 0 0 7 
615 1 8.82391 11.9355 26.5198 -0.0027304 -0.00138042 7.4629e-04 0.0031492209 0.0 15 21.9422126006 2.3018616302 0 0 3 2 3 3 4 0 0 0 7 
758 2 14.3914 9.61022 18.7159 0.00283322 -0.0047682 0.00573281 0.0079767147 0.0 15 16.5943050862 2.192577963 0 0 2 3 3 5 1 1 0 0 8 
595 1 9.83996 17.8067 18.0278 5.63103e-04 5.54186e-04 -0.00137726 0.0015877822 0.0 14 19.9755406669 2.3086558003 0 0 0 4 5 4 1 0 0 0 7 
963 1 8.73158 10.9426 19.8714 -7.86946e-04 0.00143023 0.00108983 0.0019627968 0.0 17 23.9838671369 2.3959160766 0 0 0 3 8 4 2 0 0 0 7 
957 2 10.2613 8.279 23.763 -0.00226178 -0.00390007 4.24674e-04 0.004528415 0.0 14 18.2478629165 2.2814183466 0 0 1 3 4 5 1 0 0 0 7 
33 1 9.62459 16.1316 25.7603 -9.86578e-04 0.00198909 0.00111986 0.0024867452 0.0 16 22.3314803396 2.3396862551 0 0 2 1 6 5 2 0 0 0 7 
956 1 10.4341 13.1277 20.668 -3.57457e-05 -0.00165088 0.00455247 0.004842692 0.0 13 19.3609938298 2.1993058698 0 0 0 3 6 4 0 0 0 0 6 
540 1 15.5666 10.6605 26.0337 0.00225018 0.00395847 -0.00113898 0.0046936202 0.0 13 21.4100535055 2.1911819878 0 0 1 4 2 5 1 0 0 0 7 
66 1 10.0341 15.5563 22.3471 -0.00223456 1.94646e-04 0.00179832 0.0028749087 0.0 13 20.3250976895 2.1281480609 0 0 0 1 10 2 0 0 0 0 6 
381 2 16.2525 11.0021 19.7316 4.0492e-04 -0.00108018 -3.1145e-05 0.0011540013 0.0 14 18.1601845836 2.222446393 0 0 1 2 5 6 0 0 0 0 6 
185 1 12.2433 15.2316 19.914 0.00280715 -3.32796e-04 5.28849e-04 0.0028758521 0.0 16 23.3080182043 2.3071639442 0 0 0 4 5 6 1 0 0 0 7 
877 1 13.2624 12.337 19.7571 0.00137483 0.00188775 0.00102202 0.0025491729 0.0 16 20.8437044443 2.3071639442 0 0 1 3 5 5 2 0 0 0 7 
268 1 11.0177 12.5198 17.8919 2.26031e-04 -0.00245997 0.00244288 0.0034742201 0.0 14 20.8325260466 2.3071639442 0 0 0 2 8 4 0 0 0 0 6 
218 1 9.72206 13.4325 24.215 -0.0036354 6.95349e-04 -9.10094e-04 0.0038115501 0.0 15 21.6551970426 2.2481864214 0 0 0 1 10 4 0 0 0 0 6 
263 1 13.4223 16.8898 22.0522 -6.48555e-04 2.84246e-04 -5.43244e-04 8.9248721004e-04 0.0 15 21.349050051 2.1881015483 0 0 1 1 8 4 1 0 0 0 7 
245 1 16.6078 17.2452 22.1256 -2.5111e-05 0.00374533 -2.91872e-04 0.0037567694 0.0 14 21.5938583558 2.210812985 0 0 1 1 8 3 1 0 0 0 7 
380 1 14.8462 15.6522 17.9482 -5.19659e-04 0.00140787 1.41295e-04 0.0015073512 0.0 15 22.9268889642 2.3052162151 0 0 1 3 5 5 0 1 0 0 8 
796 1 15.3039 15.0173 20.7617 7.81083e-04 0.00146796 -0.00223042 0.0027820443 0.0 14 21.3795860036 2.222446393 0 0 2 0 8 2 2 0 0 0 7 
311 1 12.3445 15.2794 24.5267 0.001906 0.00177054 0.00253067 0.0036293165 0.0 12 21.1046286892 2.2082692125 0 0 0 2 8 2 0 0 0 0 6 
840 1 15.2355 14.9731 24.0536 0.00165644 7.32341e-04 -5.43718e-04 0.0018909643 0.0 15 22.5452784814 2.2380677607 0 0 0 2 8 5 0 0 0 0 6 
302 1 11.5524 10.1634 19.4551 -1.29263e-04 0.00115222 -4.44579e-04 0.001241761 0.0 15 21.6440029426 2.3034027702 0 0 0 3 7 4 1 0 0 0 7 
205 2 16.6115 8.46213 19.2138 -0.00218248 0.00252568 -0.00458857 0.0056742623 0.0 15 16.711725721 2.192577963 0 0 3 2 3 4 2 1 0 0 8 
905 2 9.14315 8.01513 25.8394 -0.00101618 -0.00222582 -4.54766e-04 0.0024887163 0.0 14 17.7030077906 2.3018616302 0 0 2 0 10 0 0 2 0 0 8 
478 1 15.955 13.591 0.175485 -0.00217473 -0.00138608 9.20036e-04 0.0027380896 0.0 17 23.1782088148 2.3436823838 0 0 1 3 4 8 1 0 0 0 7 
194 1 16.8254 9.9139 23.4874 3.67374e-06 -0.00478229 -0.00169854 0.0050749728 0.0 14 21.4204424129 2.196302489 0 0 0 1 10 3 0 0 0 0 6 
455 1 12.9418 13.628 22.1751 -0.00112118 8.30579e-04 0.00124795 0.0018719736 0.0 13 20.3142220822 2.2481864214 0 0 0 1 10 2 0 0 0 0 6 
29 1 14.3691 10.397 21.7914 0.00474473 0.00415843 0.00226495 0.0067033575 0.0 13 20.0132271568 2.196302489 0 0 1 2 5 5 0 0 0 0 6 
500 1 13.8172 12.3878 24.8674 7.62118e-05 -0.00416657 5.93949e-04 0.0042093811 0.0 17 22.4981446806 2.2481864214 0 0 1 2 7 5 2 0 0 0 7 
530 1 11.6724 11.1692 22.2364 -0.0017149 -0.00271505 -0.00109023 0.0033913095 0.0 14 21.0256524635 2.3034027702 0 0 0 2 8 4 0 0 0 0 6 
939 1 12.7239 17.6782 17.9383 -0.0019836 -0.00454557 0.00190717 0.0053135838 0.0 15 22.4863020732 2.2938932545 0 0 1 4 2 7 1 0 0 0 7 
925 1 15.8064 12.6855 22.7427 6.37965e-05 8.71486e-04 -5.61541e-04 0.0010386944 0.0 14 20.8187563406 2.222446393 0 0 2 2 4 4 2 0 0 0 7 
626 1 15.0089 17.7367 19.8274 -0.00177159 -7.34905e-04 0.00566717 0.0059829284 0.0 14 20.9489608577 2.2389198379 0 0 1 2 7 2 2 0 0 0 7 
253 1 11.1041 10.728 25.3005 4.07359e-04 0.00141849 -1.6248e-04 0.0014847407 0.0 13 22.2184943599 2.2366668423 0 0 0 3 6 4 0 0 0 0 6 
634 2 15.5641 16.7638 0.0552754 -0.00309436 0.00208253 -3.68914e-04 0.0037480785 0.0 14 15.0271495605 2.2380677607 0 0 1 3 4 5 1 0 0 0 7 
262 1 13.252 9.15009 24.2147 -0.00298179 -2.67545e-04 0.00189112 0.0035410432 0.0 14 22.7498177769 2.3990104681 0 0 0 4 5 4 1 0 0 0 7 
317 2 17.5339 13.2912 19.3122 0.00487442 1.25828e-04 0.0039268 0.0062606359 0.0 14 17.4419155885 2.2218423759 0 0 2 2 4 4 2 0 0 0 7 
63 1 18.1199 12.3904 24.7875 0.00240877 2.52016e-05 3.88974e-04 0.0024401043 0.0 15 23.0223945421 2.3079032981 0 0 1 1 9 2 2 0 0 0 7 
581 1 24.4371 15.4129 24.1203 -7.91989e-04 -0.00189038 0.00307881 0.0036986287 0.0 17 24.4084314814 2.3536895632 0 0 0 4 6 5 2 0 0 0 7 
468 1 25.8505 12.1374 22.3834 -9.63844e-04 -8.25711e-05 -0.00153432 0.0018138222 0.0 14 20.624796374 2.2231484773 0 0 0 2 9 2 1 0 0 0 7 
379 1 23.0848 11.6382 22.4873 -0.00284464 -0.00177023 0.00261087 0.0042476268 0.0 16 21.5493143453 2.3536895632 0 0 2 2 6 4 1 0 1 0 9 
93 1 21.7513 15.7492 24.0468 9.36128e-04 -0.0018067 -0.00216833 0.0029735762 0.0 12 21.2053635525 2.3342753082 0 0 0 4 5 2 1 0 0 0 7 
398 2 17.8834 16.1444 18.4935 0.00174235 -0.00219131 -0.00150254 0.0031773022 0.0 16 21.2135516038 2.2317503071 0 0 2 2 6 3 2 1 0 0 8 
628 1 22.8671 13.6348 26.3733 -0.0043055 0.00386508 0.00241177 0.0062683976 0.0 14 21.0115059002 2.3536895632 0 0 2 2 3 6 1 0 0 0 7 
714 2 24.8848 16.5079 20.9738 4.24421e-04 0.00117898 -0.00401489 0.004205885 0.0 15 15.3870997376 2.1734695511 0 0 5 2 1 2 2 3 0 0 8 
120 1 19.4518 17.0497 21.9894 -4.44358e-04 0.0013755 6.5653e-04 0.0015876038 0.0 14 22.5183161534 2.3467563275 0 0 0 3 6 5 0 0 0 0 6 
504 1 22.4834 18.3481 23.8383 -0.00372588 9.4009e-04 0.0036233 0.0052815011 0.0 16 22.4377895075 2.2076072568 0 0 1 2 7 4 2 0 0 0 7 
692 2 0.358462 17.2562 23.6569 0.00149611 0.00251771 3.70353e-04 0.0029520112 0.0 14 19.7603894151 2.3269968641 0 0 2 2 5 3 1 1 0 0 8 
598 1 23.9359 11.2844 0.960737 0.00289879 0.00355524 -0.00286662 0.0054092721 0.0 15 21.6680785897 2.1842874205 0 0 0 2 8 5 0 0 0 0 6 
229 2 22.1803 10.5856 18.0152 -0.0020576 -5.08715e-04 -9.81866e-04 0.0023359301 0.0 14 14.4005232098 2.2877529345 0 0 2 2 4 4 2 0 0 0 7 
35 2 0.535542 12.9588 19.0329 -0.00166064 5.8904e-04 -0.00164403 0.0024098813 0.0 12 18.0260675111 2.3091838633 0 0 0 5 3 3 1 0 0 0 7 
806 1 25.2648 9.76469 23.8347 -7.52742e-04 -9.45674e-04 0.00351012 0.0037123931 0.0 13 18.8166276797 2.2213496119 0 0 0 2 8 3 0 0 0 0 6 
989 2 22.5325 16.5797 20.9118 0.00355155 -0.00196452 -0.00125561 0.0042484589 0.0 14 17.1610361346 2.1734695511 0 0 2 1 7 2 1 1 0 0 8 
74 1 17.813 14.3445 21.9827 2.32637e-04 0.00172803 -7.56086e-04 0.001900493 0.0 15 20.8840413371 2.3467563275 0 0 3 0 7 2 2 1 0 0 8 
103 2 18.1906 11.1639 18.6923 1.61638e-04 -0.00133069 0.00320332 0.0034724806 0.0 16 15.7425072387 2.2877529345 0 0 1 5 2 6 1 1 0 0 8 
133 1 20.2037 9.93337 23.8399 -0.00384503 -0.00231892 0.00105765 0.0046130542 0.0 15 20.6980928105 2.0921348338 0 0 1 2 7 3 2 0 0 0 7 
619 1 22.9627 10.8108 25.216 -6.83409e-04 -0.0032619 -9.64425e-05 0.0033341177 0.0 12 20.2318099078 2.2223386814 0 0 0 2 8 2 0 0 0 0 6 
606 2 25.7824 11.2665 18.7908 0.00354392 -9.55264e-04 8.03929e-04 0.0037574193 0.0 15 18.0570824354 2.1558225015 0 0 1 2 7 3 2 0 0 0 7 
62 1 21.2046 9.7254 21.1006 -0.00288181 -0.00300717 -0.0035476 0.0054711394 0.0 17 23.1835005694 2.420898853 0 0 2 3 3 6 3 0 0 0 7 
77 1 25.4202 12.6983 25.0379 0.00493599 -0.00102991 0.00143668 0.0052429726 0.0 12 19.9679615202 2.3487799157 0 0 0 0 12 0 0 0 0 0 5 
216 1 25.3714 15.0685 0.34647 -0.00113697 3.7886e-05 -0.0040117 0.0041698769 0.0 16 22.5615271361 2.3269968641 0 0 0 4 4 8 0 0 0 0 6 
154 1 24.4404 9.43982 20.8617 -0.0045758 0.00255373 0.0021413 0.0056607993 0.0 16 22.9296070541 2.420898853 0 0 2 1 6 6 0 1 0 0 8 
778 2 22.6391 15.019 19.0005 -8.18406e-04 -0.00476002 0.00120044 0.0049768097 0.0 15 12.9370502546 1.9372163997 0 0 1 3 5 4 2 0 0 0 7 
151 2 20.41 16.3328 19.0378 0.00425181 -7.72961e-04 -7.7995e-04 0.0043913186 0.0 13 16.0981050558 2.2317503071 0 0 1 2 6 3 1 0 0 0 7 
89 2 21.1854 8.54459 17.7925 0.00114282 0.00253287 8.56175e-04 0.0029076629 0.0 13 14.2347854126 2.2877529345 0 0 1 3 5 2 2 0 0 0 7 
184 2 20.8586 14.5429 20.3559 0.00192576 -0.00218715 6.26429e-04 0.0029807029 0.0 16 16.9277750458 2.3467563275 0 0 6 1 2 1 4 1 0 1 10 
363 1 20.5756 11.5703 0.0185624 -6.17379e-04 -0.00353761 -0.00379224 0.0052227316 0.0 14 21.5670324064 2.2668406621 0 0 0 0 12 2 0 0 0 0 6 
149 2 25.0435 16.428 18.3004 -5.27879e-04 0.002648 -0.00508521 0.0057575968 0.0 16 15.7808335401 2.1965872677 0 0 2 2 6 3 2 1 0 0 8 
563 2 25.8946 14.5155 20.7756 -0.00119311 1.41414e-04 -6.71695e-04 0.0013764751 0.0 16 16.9642973073 2.3110630975 0 0 1 6 3 1 4 1 0 0 8 
164 1 18.9285 11.8811 22.1037 -0.00298831 6.43257e-04 -0.00167851 0.0034872872 0.0 14 20.9945795309 2.1525373738 0 0 2 0 8 2 2 0 0 0 7 
594 1 20.9871 12.99 23.6164 -0.00574392 0.0012081 -0.00423016 0.0072350796 0.0 17 23.2701669453 2.3536895632 0 0 2 4 4 3 3 0 1 0 9 
756 2 20.7442 12.4203 19.7592 0.00508315 -0.00329757 7.23995e-04 0.0061021759 0.0 15 17.6799907039 2.2632095241 0 0 4 1 4 3 2 0 0 1 10 
118 2 25.2037 13.8059 18.4403 -0.00328662 -0.00214753 -0.00426205 0.005794724 0.0 15 14.0368876528 2.0878015378 0 0 1 2 6 5 1 0 0 0 7 
747 2 23.2731 12.2019 19.3318 6.68593e-04 6.56862e-04 -0.00232916 0.0025106713 0.0 15 16.0769802702 2.1558225015 0 0 2 3 4 2 4 0 0 0 7 
644 2 23.5426 14.1942 21.0771 -6.98901e-04 -0.00224028 -0.00216101 0.0031901852 0.0 13 18.047725829 2.2783016168 0 0 2 4 1 3 3 0 0 0 7 
383 1 20.2935 14.4389 26.1015 -0.00324437 -7.54857e-04 -0.00195339 0.0038615383 0.0 16 21.3722468734 2.3436823838 0 0 0 2 9 4 1 0 0 0 7 
493 1 18.4585 15.5988 24.2625 -0.00396338 -0.00560861 0.00111156 0.0069570434 0.0 14 22.7076115025 2.3384266943 0 0 0 3 6 5 0 0 0 0 6 
113 2 19.6337 14.1139 18.3947 -7.06868e-04 -0.00228147 0.00203675 0.0031389677 0.0 15 13.7518338678 2.1731603571 0 0 2 3 4 3 2 1 0 0 8 
333 2 3.29915 20.0573 24.8146 8.10113e-05 3.43365e-05 -0.00110575 0.0011092452 0.0 12 14.6207360509 2.1244198239 0 0 1 2 6 2 1 0 0 0 7 
930 1 1.93447 22.1666 21.7284 -0.00120117 0.00478046 0.00129852 0.0050972308 0.0 16 22.9225847263 2.2499487965 0 0 1 3 5 5 2 0 0 0 7 
748 2 3.03303 17.5709 24.2594 0.00157 -0.00249296 -0.00312818 0.0042971223 0.0 14 19.3872993149 2.4173073568 0 0 3 2 3 4 0 2 0 0 8 
705 1 2.1934 20.3211 19.6229 0.00142217 0.0010211 -0.00207735 0.0027167252 0.0 14 24.3478454504 2.2835304879 0 0 0 2 8 4 0 0 0 0 6 
374 1 6.13501 19.1627 23.9418 0.00258499 0.00119827 -0.00102865 0.0030292153 0.0 15 22.3888606684 2.4462537626 0 0 1 3 5 4 2 0 0 0 7 
399 1 6.75629 22.1038 23.4001 0.00377352 0.00334107 2.94682e-04 0.0050486671 0.0 15 23.3485551893 2.4017796036 0 0 1 2 7 3 2 0 0 0 7 
283 1 26.413 22.9932 19.8826 0.00251534 -0.00215216 -6.24451e-04 0.0033687783 0.0 14 23.875495226 2.2419485448 0 0 3 2 4 0 5 0 0 0 7 
38 1 1.4058 24.7742 23.2053 9.4655e-04 1.30674e-04 -0.0014215 0.0017128032 0.0 14 22.0917013851 2.1374005427 0 0 1 0 10 2 1 0 0 0 7 
671 1 2.17823 25.2684 20.4049 0.00168661 0.00134703 -0.00126483 0.002501787 0.0 15 22.6915155209 2.2544406512 0 0 1 4 4 3 3 0 0 0 7 
953 1 3.936 22.7987 19.3673 -0.00179859 -8.95443e-04 5.87711e-04 0.0020933582 0.0 12 20.4521316521 2.15609477 0 0 0 2 8 2 0 0 0 0 6 
295 2 0.142663 20.0538 23.8767 -0.00141412 2.70545e-04 0.00261836 0.0029880996 0.0 13 18.0173834158 2.2499487965 0 0 1 3 4 4 1 0 0 0 7 
511 1 5.21257 20.152 18.4572 0.00173924 6.57458e-04 -2.32275e-04 0.0018738085 0.0 15 22.5116667164 2.2389126441 0 0 1 2 5 7 0 0 0 0 6 
845 2 7.20394 25.091 24.5093 -7.21561e-04 -1.62322e-04 -0.00107455 0.0013044755 0.0 11 16.4558986721 2.2239133437 0 0 0 2 8 1 0 0 0 0 6 
707 1 4.61063 20.9535 21.9944 0.0045644 8.60428e-04 -3.47809e-05 0.0046449212 0.0 15 21.6324450327 2.4463200328 0 0 1 2 7 3 2 0 0 0 7 
685 1 4.68576 24.4042 21.839 -0.00114378 0.00375217 0.00455007 0.0060075078 0.0 15 23.4153109122 2.2276711296 0 0 0 3 7 4 1 0 0 0 7 
274 1 7.35533 25.2367 21.2098 -0.00173671 3.09381e-04 -2.94358e-04 0.001788442 0.0 15 23.1700794238 2.3361593184 0 0 0 4 4 7 0 0 0 0 6 
507 1 9.06164 20.1655 20.5455 -0.00292578 0.00199948 1.1327e-04 0.003545552 0.0 15 22.9863498898 2.442586319 0 0 3 2 4 2 3 1 0 0 8 
456 1 6.3895 18.9776 21.0228 0.00245247 -0.0050673 -9.49726e-04 0.0057091258 0.0 15 21.9535326944 2.4463200328 0 0 2 3 4 3 2 1 0 0 8 
900 2 4.77444 25.9611 24.3674 -0.00334941 -0.00121412 0.00127152 0.0037827765 0.0 15 17.5365955846 2.2211095038 0 0 0 3 7 4 1 0 0 0 7 
987 2 1.55928 21.7189 24.9731 9.54343e-04 -0.00438843 -0.00424031 0.0061765134 0.0 14 17.4144316565 2.1849290519 0 0 2 2 3 6 1 0 0 0 7 
158 2 2.11771 19.3933 22.7281 -0.00455236 -0.00150822 -3.87176e-04 0.0048113007 0.0 17 18.9729550909 2.4463200328 0 0 3 3 4 1 5 1 0 0 8 
251 1 5.26937 25.3421 18.8797 0.00180724 6.57549e-04 -0.00220411 0.0029251646 0.0 15 21.4007345144 2.3361593184 0 0 0 4 4 7 0 0 0 0 6 
566 2 3.60167 22.8162 24.6871 -0.00260569 -4.65287e-04 -9.14588e-04 0.0028004613 0.0 14 17.7952204424 2.2276711296 0 0 0 4 5 4 1 0 0 0 7 
561 2 4.35803 23.495 0.75111 4.49892e-04 -0.0010602 -0.00118881 0.0016552027 0.0 15 13.0632276164 1.9401024222 0 0 1 2 7 3 2 0 0 0 7 
301 1 0.0151693 24.7605 26.1012 -0.00378408 0.00154138 7.37639e-04 0.0041520146 0.0 14 23.0472877288 2.3952672974 0 0 0 4 4 6 0 0 0 0 6 
31 1 6.52302 22.1665 20.4683 0.00191358 -0.00560244 0.00227474 0.006342205 0.0 14 22.3745817215 2.443330539 0 0 0 5 3 5 1 0 0 0 7 
517 2 5.05904 21.4339 26.0673 -0.00272288 0.00334485 0.00224278 0.0048612919 0.0 14 14.8433154197 2.0913567855 0 0 1 3 5 3 2 0 0 0 7 
661 2 3.2499 24.6943 25.8941 -0.00144552 -0.00120506 5.82839e-05 0.0018828422 0.0 12 14.098143182 2.0906540772 0 0 0 3 6 3 0 0 0 0 6 
49 1 2.94437 26.4635 17.5354 -0.00143019 -8.35226e-04 -2.2608e-04 0.0016715735 0.0 13 22.3730345462 2.2446029589 0 0 0 3 6 4 0 0 0 0 6 
731 1 8.71869 24.9361 17.4912 -4.13256e-05 -0.00227982 -8.94318e-04 0.0024493043 0.0 13 22.0697429071 2.3361593184 0 0 0 1 10 2 0 0 0 0 6 
444 1 9.2608 22.7268 19.2633 0.00195999 0.00374767 -9.95432e-04 0.0043448218 0.0 15 22.8512379352 2.443330539 0 0 2 1 7 3 1 1 0 0 8 
608 1 8.39955 17.9995 22.8356 0.00467609 -5.81258e-04 5.75124e-04 0.004747046 0.0 14 21.861550776 2.4770611706 0 0 0 3 7 3 1 0 0 0 7 
865 2 12.7555 19.9029 0.0287876 0.00165399 -0.00589757 1.02341e-04 0.0061259684 0.0 14 16.6941834957 2.1856793353 0 0 0 3 6 5 0 0 0 0 6 
71 1 13.0187 19.8923 20.8464 -0.00170164 2.93844e-04 -0.0012256 0.0021175501 0.0 14 20.7829217351 2.2608909063 0 0 2 1 6 4 0 1 0 0 8 
490 1 15.8618 20.8145 20.6086 0.00391247 5.61964e-04 -8.47638e-04 0.0040424887 0.0 13 20.3820077156 2.2116523862 0 0 1 1 9 0 2 0 0 0 7 
47 1 11.16 17.9826 23.8541 -0.00107011 -0.00108044 -0.00322331 0.0035640165 0.0 13 21.0386513499 2.2885235202 0 0 1 2 6 3 1 0 0 0 7 
389 1 12.7015 24.737 20.7823 -0.00220561 7.94793e-04 -5.79039e-04 0.0024148908 0.0 15 20.9327503526 2.2127817377 0 0 2 3 4 2 4 0 0 0 7 
699 1 11.2203 20.4652 18.2261 -0.00252399 0.00348409 -0.0048516 0.0064843991 0.0 15 21.3363904769 2.2283482206 0 0 0 4 4 7 0 0 0 0 6 
192 1 16.986 23.1144 22.8428 4.33413e-04 6.28451e-06 -0.0022919 0.0023325291 0.0 15 22.1608036615 2.3151728032 0 0 2 0 8 3 2 0 0 0 7 
834 1 11.1019 18.0474 20.736 0.0029915 -0.00170006 -0.00247134 0.0042363661 0.0 15 20.9550384479 2.2804033804 0 0 1 3 6 3 1 1 0 0 8 
499 2 14.3019 17.7466 24.787 0.00550318 0.0017427 -0.00107982 0.0058726489 0.0 14 18.8198990228 2.1666201842 0 0 0 3 6 5 0 0 0 0 6 
266 1 17.8236 18.883 20.0852 0.00261232 -0.00258608 -0.00157964 0.0040009109 0.0 15 21.5740345193 2.2146584604 0 0 1 2 6 5 1 0 0 0 7 
437 1 16.7013 24.1466 26.5002 0.00198113 0.00726196 -4.30946e-04 0.007539672 0.0 14 22.7277166488 2.2008704507 0 0 0 1 10 3 0 0 0 0 6 
854 1 15.6721 19.8137 23.3104 0.00109773 -0.00116042 -0.0020265 0.0025803659 0.0 15 21.7575072958 2.1881015483 0 0 1 2 7 3 2 0 0 0 7 
874 2 8.94599 23.2733 25.7956 0.00135719 -0.00118573 2.90232e-04 0.0018254191 0.0 15 18.617111803 2.3594890107 0 0 2 0 8 4 0 1 0 0 8 
340 1 14.7992 24.553 24.4033 0.00404965 0.00433112 -0.00118055 0.006045822 0.0 15 24.0771871301 2.2646128802 0 0 2 1 7 3 1 1 0 0 8 
833 1 14.7128 21.6221 25.2087 0.00112198 -0.00315446 0.00229244 0.0040576764 0.0 14 21.473043127 2.2008704507 0 0 0 2 8 4 0 0 0 0 6 
578 1 13.6154 22.3888 19.3464 0.00197057 0.00372965 -0.00270196 0.0050093935 0.0 13 19.7391228273 2.2283482206 0 0 1 2 5 5 0 0 0 0 6 
642 1 11.2833 22.0815 21.3744 -0.00280873 -0.00103504 0.00103312 0.00316664 0.0 14 21.036535553 2.3735023852 0 0 2 2 5 3 1 1 0 0 8 
173 1 9.95758 25.7961 20.4497 -8.88251e-04 8.14561e-04 -0.00255811 0.0028277953 0.0 14 21.2750937822 2.343333359 0 0 1 3 5 3 2 0 0 0 7 
673 1 11.6998 26.2572 22.8583 -0.00189355 0.00106238 -0.0035146 0.0041311737 0.0 16 23.3099849481 2.3940725294 0 0 3 2 4 4 2 0 1 0 9 
125 1 11.7359 22.7914 24.3596 8.9554e-06 3.98501e-04 0.00169375 0.0017400208 0.0 14 23.3698988766 2.3588439727 0 0 0 2 8 4 0 0 0 0 6 
545 2 17.1449 18.1146 25.7605 0.00131914 -4.08628e-04 4.43846e-04 0.0014505538 0.0 13 19.0737565188 2.2733155394 0 0 1 2 5 5 0 0 0 0 6 
308 1 18.2577 25.5007 18.3188 0.00125458 -3.85286e-04 0.00402692 0.0042353868 0.0 14 20.6842847686 2.200382703 0 0 0 3 6 5 0 0 0 0 6 
948 1 13.9916 22.6629 22.2342 -0.00507111 0.00105357 -0.00216624 0.0056141573 0.0 14 21.0599126448 2.2590551729 0 0 2 0 8 2 2 0 0 0 7 
481 1 14.2979 0.188625 18.8021 -0.00126014 0.00132507 0.00178489 0.0025553073 0.0 16 21.9914156655 2.2040491304 0 0 1 3 5 5 2 0 0 0 7 
809 1 9.56686 20.99 23.4395 -7.03537e-04 0.00154471 -0.0038703 0.0042261466 0.0 17 24.3940854221 2.4435500393 0 0 0 5 5 4 3 0 0 0 7 
518 1 9.74512 24.1988 22.7738 9.57091e-04 -0.00498005 8.29665e-04 0.0051386054 0.0 16 23.3930482975 2.443330539 0 0 0 4 5 6 1 0 0 0 7 
811 2 15.0873 18.9716 26.7037 1.14814e-04 7.28892e-04 0.00206245 0.0021904716 0.0 13 14.6774091905 2.1757929672 0 0 0 2 8 3 0 0 0 0 6 
639 1 12.5998 20.2077 23.6486 0.00308862 8.92433e-04 0.00356804 0.0048028033 0.0 14 20.9547317017 2.2804033804 0 0 0 4 5 4 1 0 0 0 7 
980 1 16.0114 24.2571 20.2786 -4.342e-04 0.00105971 0.00189378 0.0022131239 0.0 15 22.0461244902 2.2163295712 0 0 1 2 7 3 2 0 0 0 7 
664 1 16.146 0.631514 25.6325 -0.00121404 7.58891e-04 0.00360421 0.0038781617 0.0 15 22.5181080415 2.2449277195 0 0 0 3 6 6 0 0 0 0 6 
415 1 14.5479 26.7117 22.0011 0.00188813 0.00315416 8.70662e-04 0.0037778053 0.0 15 22.5985447751 2.294840161 0 0 3 2 3 4 2 1 0 0 8 
378 2 11.161 25.4137 26.1549 0.00164823 -0.00225255 -0.00216807 0.0035342851 0.0 14 18.8693660847 2.3612136609 0 0 1 3 4 5 1 0 0 0 7 
839 1 17.3749 26.0257 23.4135 -3.01065e-05 -3.40671e-04 -0.00206758 0.0020956742 0.0 14 21.5443260931 2.21360723 0 0 0 4 4 6 0 0 0 0 6 
407 2 9.17957 26.2818 25.4641 -8.95203e-04 -8.06381e-04 -0.00254663 0.0028172616 0.0 14 15.3912391234 2.2240273206 0 0 0 2 8 4 0 0 0 0 6 
550 2 26.4859 18.5462 18.7569 8.61642e-04 1.84508e-04 -7.61966e-04 0.0011649302 0.0 13 16.863883854 2.2985218308 0 0 2 1 7 1 1 1 0 0 8 
81 2 25.2978 18.5594 22.5562 -0.00122686 -1.01383e-04 6.21769e-05 0.001232611 0.0 13 16.965822242 2.1644594346 0 0 1 3 4 4 1 0 0 0 7 
571 1 25.9462 25.3315 21.4908 0.00392425 -3.54126e-04 -0.00150901 0.0042192718 0.0 14 22.6579279248 2.3711733575 0 0 2 3 2 5 2 0 0 0 7 
12 1 24.5228 26.695 19.0156 0.00132719 6.39681e-04 -7.83664e-04 0.0016687583 0.0 16 23.4930584947 2.4251552918 0 0 1 2 6 6 1 0 0 0 7 
475 1 25.7808 22.8548 23.3999 5.2808e-04 -9.47553e-04 0.00371368 0.0038688686 0.0 16 24.3248245539 2.3323163925 0 0 0 5 4 5 2 0 0 0 7 
984 2 23.8807 18.5442 20.2711 0.00370041 0.0017088 -0.00136161 0.0042973263 0.0 13 14.8171641631 2.0652863398 0 0 0 3 6 4 0 0 0 0 6 
821 1 22.8001 24.672 17.8178 -0.00203595 -0.00488146 -0.00191101 0.0056236735 0.0 12 19.0288076828 2.1758106967 0 0 0 3 6 3 0 0 0 0 6 
864 1 21.6479 25.7642 20.0111 2.60053e-04 0.00381853 0.00217213 0.0044007894 0.0 14 21.8929698578 2.2543878141 0 0 0 4 4 6 0 0 0 0 6 
825 2 23.9511 20.7123 21.8623 0.00367777 -7.23802e-04 -0.00256111 0.0045397319 0.0 14 20.8827151303 2.1587586316 0 0 1 1 8 3 1 0 0 0 7 
348 1 20.0835 23.3329 18.5419 0.00181137 -7.80739e-04 -1.38438e-04 0.0019773163 0.0 15 21.9781641944 2.1650200791 0 0 0 2 9 3 1 0 0 0 7 
556 1 25.9079 24.5067 17.5689 -8.85677e-04 -0.00165754 -0.00397221 0.0043943503 0.0 15 21.4950131714 2.2567664207 0 0 1 4 5 1 4 0 0 0 7 
784 1 25.1703 17.9613 25.8521 1.07381e-04 -4.30939e-04 -3.28938e-04 5.5266563918e-04 0.0 14 23.4200632957 2.3719912598 0 0 0 1 10 3 0 0 0 0 6 
745 1 18.8776 24.4084 21.0351 -0.00121689 0.00311308 0.00486916 0.0059059976 0.0 14 20.816090675 2.1410722444 0 0 0 3 6 5 0 0 0 0 6 
272 1 20.8414 19.4873 21.2002 9.27107e-04 -7.70927e-05 -8.34363e-04 0.0012496529 0.0 14 21.7421467385 2.1963200243 0 0 0 2 8 4 0 0 0 0 6 
531 1 21.7576 24.963 26.004 -0.00204863 0.0036494 9.01078e-04 0.0042809983 0.0 12 19.8178845916 2.228468724 0 0 0 0 12 0 0 0 0 0 5 
387 1 18.9832 26.0256 25.6143 -0.00129676 1.50606e-04 1.71507e-04 0.0013166941 0.0 13 21.3115055192 2.3303274619 0 0 0 3 6 4 0 0 0 0 6 
730 1 21.0068 22.4145 21.696 0.00202905 -0.00352221 9.54463e-04 0.004175405 0.0 15 21.5452656707 2.3130649861 0 0 3 1 4 6 0 0 1 0 9 
612 1 22.7488 23.3678 23.6495 -0.0013194 0.00298203 0.00232296 0.0040036811 0.0 13 20.8342092094 2.2072458268 0 0 1 0 9 3 0 0 0 0 6 
91 1 24.0181 20.6644 24.9424 -0.0022856 8.81172e-04 -0.00293562 0.0038233881 0.0 13 21.5302276414 2.1867291349 0 0 0 2 8 3 0 0 0 0 6 
618 1 19.7796 23.3432 24.5037 0.00585002 0.00300455 -4.92528e-05 0.0065766618 0.0 16 20.4549627065 2.3153897078 0 0 0 4 6 4 2 0 0 0 7 
928 1 22.3522 21.1343 19.1588 -0.00363358 -0.00140232 7.00914e-04 0.0039573584 0.0 15 21.4149999082 2.2358395796 0 0 1 2 6 5 1 0 0 0 7 
43 1 20.2938 17.8643 25.4499 -0.00184162 -1.28787e-04 -1.32624e-04 0.0018508753 0.0 15 22.5774835126 2.2733155394 0 0 1 3 5 4 2 0 0 0 7 
738 1 20.7463 20.7002 24.114 -0.0018651 -0.00378692 -3.39305e-04 0.0042349131 0.0 14 21.3595797398 2.3153897078 0 0 2 2 5 3 1 1 0 0 8 
652 1 24.4584 23.3536 25.9599 -0.00435203 0.0012481 -3.26578e-04 0.0045392259 0.0 14 21.1636645699 2.4054019567 0 0 1 1 8 3 1 0 0 0 7 
167 1 24.3078 22.0623 17.4084 -0.00117178 -9.77801e-05 5.89019e-04 0.0013151322 0.0 12 20.8376803084 2.2358395796 0 0 0 3 6 3 0 0 0 0 6 
785 1 18.4573 19.5875 22.8571 0.00117865 0.00305635 4.13705e-04 0.0033017636 0.0 17 21.3865873769 2.3153897078 0 0 2 4 3 4 3 1 0 0 8 
105 1 23.525 23.5809 20.4666 -0.00290557 9.44126e-04 0.0019829 0.0036421976 0.0 16 23.5115358547 2.2543878141 0 0 0 5 3 7 1 0 0 0 7 
440 1 23.4874 26.1164 23.13 0.00138658 0.00311267 -0.00395487 0.005220375 0.0 15 23.576375121 2.4251552918 0 0 0 2 8 5 0 0 0 0 6 
946 2 25.6809 20.0459 20.419 0.00571454 -9.38092e-04 9.038e-04 0.0058611295 0.0 16 19.414703759 2.2499487965 0 0 0 2 10 2 2 0 0 0 7 
172 1 20.5376 25.4476 23.0188 0.00196582 0.00158099 6.42921e-04 0.0026033296 0.0 13 19.9529014124 2.2074085367 0 0 0 3 6 4 0 0 0 0 6 
39 1 18.4093 21.6565 20.7033 8.52749e-05 0.00238359 0.00326282 0.0040416293 0.0 14 19.9130668149 2.3153897078 0 0 2 3 4 3 1 0 1 0 9 
976 1 17.7391 21.5505 25.0676 -0.00197461 0.00164416 -5.46818e-04 0.0026270433 0.0 14 21.7413147154 2.2775059946 0 0 2 2 5 3 1 1 0 0 8 
723 1 17.1671 22.2573 18.1167 0.00336687 3.59636e-04 0.00214771 0.0040097144 0.0 15 23.4107692153 2.2146584604 0 0 0 2 8 5 0 0 0 0 6 
