# Particles (1000 particles):
# "Particle Identifier" "Particle Type" Position.X Position.Y Position.Z Velocity.X Velocity.Y Velocity.Z "Velocity Magnitude" Centrosymmetry Coordination "Atomic Volume" "Cavity Radius" "Voronoi Index.1" "Voronoi Index.2" "Voronoi Index.3" "Voronoi Index.4" "Voronoi Index.5" "Voronoi Index.6" "Voronoi Index.7" "Voronoi Index.8" "Voronoi Index.9" "Max Face Order"
58 2 1.16332 9.24903 7.71944 -1.39131e-05 0.0034775 -0.00181045 0.0039205776 0.0 12 17.2411927401 2.2843299715 0 0 1 3 4 3 1 0 0 7 
131 1 3.30587 7.65728 5.76549 -0.00115869 -0.00195752 4.88814e-04 0.0023266685 0.0 16 23.259929753 2.152429012 0 0 0 1 10 5 0 0 0 6 
37 1 5.56107 6.89834 7.71995 -0.00140132 -1.49792e-04 -0.00164208 0.0021639229 0.0 14 21.3370043009 2.2216204086 0 0 0 2 8 4 0 0 0 6 
222 1 2.49527 4.08995 2.74609 -0.00103596 -5.45215e-04 -0.00649577 0.0066004167 0.0 14 22.956304108 2.2018812934 0 0 0 2 8 4 0 0 0 6 
533 1 5.72395 5.7903 5.25836 0.00165619 -6.29572e-04 2.6968e-04 0.0017922203 0.0 13 19.6079100959 2.2231234932 0 0 2 1 6 2 2 0 0 7 
719 1 3.24904 4.54167 5.86758 -0.00212375 -0.00291635 -0.00142659 0.0038795065 0.0 17 23.2317771526 2.1661832954 0 0 0 1 10 6 0 0 0 6 
766 1 4.55124 6.95183 2.94076 1.787e-04 0.00354525 0.00205795 0.004103156 0.0 16 20.6513686512 2.2241232843 0 0 2 4 3 3 3 1 0 8 
51 1 1.12609 1.14683 1.09509 -4.33068e-05 0.00280672 -9.12441e-04 0.0029516269 0.0 18 23.7100045536 2.2335544747 0 0 1 4 5 5 2 1 0 8 
801 1 4.05114 3.37151 8.33406 0.00111289 0.00411041 -0.00196591 0.0046902875 0.0 14 21.7444008186 2.2232013855 0 0 0 2 8 4 0 0 0 6 
817 1 2.72224 6.60583 8.54999 2.81403e-04 0.00253828 0.00139931 0.0029120648 0.0 15 21.531157379 2.1995627642 0 0 0 2 9 3 1 0 0 7 
856 1 7.15095 8.24697 5.36728 -0.00446875 -0.00180233 0.00138281 0.0050130114 0.0 16 22.0967090567 2.2982207814 0 0 1 3 6 3 3 0 0 7 
148 2 2.75219 1.21965 6.4697 0.00203179 -2.23237e-04 -0.00152278 0.0025488947 0.0 14 16.2471274664 2.0764509074 0 0 0 1 10 3 0 0 0 6 
962 1 5.4912 4.29291 2.87753 0.00477999 0.00214996 0.00161001 0.0054829522 0.0 15 20.3534898705 2.2241232843 0 0 1 1 9 2 2 0 0 7 
808 2 26.3573 26.1268 8.36555 -4.77207e-04 -6.20053e-04 4.90055e-04 9.2322594563e-04 0.0 15 13.3471282218 1.9187934617 0 0 1 2 6 5 1 0 0 7 
896 1 1.58946 6.75526 3.69469 -0.00217569 0.00473696 4.76848e-04 0.0052344819 0.0 16 22.2506937662 2.2267061921 0 0 1 4 4 5 1 1 0 8 
20 1 7.02115 4.22981 7.41572 -0.00172996 3.59626e-04 3.77249e-04 0.0018067676 0.0 14 20.8433514661 2.1661832954 0 0 0 4 4 6 0 0 0 6 
605 2 7.29649 2.11543 1.43439 -0.00204617 -0.00149709 -0.00227628 0.0034072776 0.0 14 15.6372016695 2.0513619844 0 0 0 4 4 6 0 0 0 6 
129 2 -0.27563 4.14117 5.06853 -0.0031023 0.001253 0.00203454 0.0039158176 0.0 14 16.5488030799 2.1642311954 0 0 1 3 4 5 1 0 0 7 
895 2 0.866992 2.17884 4.23125 -0.00171046 3.5653e-04 6.06006e-04 0.0018493324 0.0 13 17.2751323586 2.232812205 0 0 0 4 4 5 0 0 0 6 
534 2 1.3468 1.33448 8.56318 -8.39663e-04 0.00223552 -9.15779e-04 0.0025575838 0.0 12 16.0560881018 2.3270823526 0 0 0 0 12 0 0 0 0 5 
807 1 5.69135 7.47026 -0.147236 -0.00360723 0.00158503 -0.00202159 0.0044284596 0.0 16 22.6540331858 2.1901760422 0 0 0 2 8 6 0 0 0 6 
967 1 7.70888 3.86553 4.55186 0.00343568 8.49602e-04 4.69851e-04 0.0035702214 0.0 15 20.8067996868 2.2192287064 0 0 1 3 5 4 2 0 0 7 
23 2 3.83794 1.60417 3.79914 -0.00291592 -3.06084e-04 -0.0011355 0.0031441433 0.0 12 15.7873254525 2.1049139933 0 0 0 2 8 2 0 0 0 6 
680 1 7.00493 8.25861 2.49064 -0.00369363 0.00210855 -0.00151196 0.0045138574 0.0 14 21.0445372294 2.2982207814 0 0 2 1 7 2 1 1 0 8 
919 2 26.9401 1.43663 6.61825 0.00249068 -0.0018274 -8.02034e-04 0.0031915727 0.0 14 13.1353068136 2.0140370208 0 0 1 2 6 4 1 0 0 7 
303 2 0.863219 3.84973 7.4657 -9.30807e-04 1.35763e-04 -0.00268097 0.0028412028 0.0 13 17.0351482331 2.2539895429 0 0 0 1 10 2 0 0 0 6 
994 2 0.213847 5.8696 6.61676 -0.00147069 -0.0013106 -0.00107859 0.0022458757 0.0 13 17.1263929384 2.1362737757 0 0 1 2 5 5 0 0 0 6 
95 1 8.65302 3.49441 9.53706 -0.00400119 3.32786e-04 0.0014374 0.00426455 0.0 16 22.0458818243 2.2316620933 0 0 0 3 7 5 1 0 0 7 
881 2 4.51001 1.70456 1.5555 -1.0932e-04 0.00123538 -0.00147467 0.001926854 0.0 14 17.610036735 2.1754441175 0 0 1 3 5 3 2 0 0 7 
555 1 27.0268 8.7081 1.45535 0.00373328 0.00214313 -0.00418396 0.0060029915 0.0 14 20.8055986135 2.3089787401 0 0 1 1 8 3 1 0 0 7 
285 2 6.26408 26.5518 1.35444 -0.00241176 0.00163608 0.0010091 0.0030840926 0.0 14 11.6494667427 1.8973838319 0 0 0 4 4 6 0 0 0 6 
126 2 6.29885 0.904129 3.23659 -0.00135854 0.00124487 -0.0013575 0.002288698 0.0 13 13.6101802933 1.9992493319 0 0 1 0 9 3 0 0 0 6 
3 2 1.35043 26.1473 6.80587 0.00129742 0.00292548 0.00184713 0.0036950807 0.0 15 12.978516526 1.8866189947 0 0 0 4 6 3 2 0 0 7 
668 2 5.35658 2.3975 5.67439 0.00228541 -0.00146626 -0.00349479 0.0044256722 0.0 13 17.7418810438 2.0671356291 0 0 0 3 6 4 0 0 0 6 
812 2 7.8554 1.30834 7.55134 -0.00223021 -0.0015772 -8.79214e-04 0.0028695668 0.0 13 15.7459553764 2.2192287064 0 0 0 5 2 6 0 0 0 6 
235 1 7.93486 5.21729 1.36926 -2.87137e-04 0.00225738 -0.00470001 0.0052219064 0.0 16 22.3552920155 2.2624446256 0 0 1 4 4 4 3 0 0 7 
708 1 9.86607 3.45112 6.40375 0.00274711 -0.00382496 0.00156696 0.0049630934 0.0 15 22.7286606987 2.2561823835 0 0 2 2 4 5 2 0 0 7 
753 2 11.8631 8.68094 7.72012 0.00261453 -0.00559564 -5.14297e-04 0.0061976976 0.0 13 18.0788223174 2.1162008281 0 0 0 1 10 2 0 0 0 6 
290 2 9.3361 1.71925 0.535036 9.06264e-04 0.00148343 0.00269326 0.0032055465 0.0 13 15.1387050881 2.2235318354 0 0 0 3 6 4 0 0 0 6 
495 1 16.1657 3.19027 2.22967 0.00154302 2.74062e-04 -8.94164e-04 0.0018043143 0.0 15 22.2389898928 2.2750739903 0 0 1 3 5 4 2 0 0 7 
574 1 8.76615 6.50917 3.68597 -5.3556e-04 -0.00326867 -0.00452111 0.0056045931 0.0 16 21.4862701234 2.2778084998 0 0 3 1 5 3 4 0 0 7 
770 1 14.929 1.84961 4.62326 2.74631e-04 0.00400238 -0.00114424 0.0041717806 0.0 13 21.4356593279 2.2261686519 0 0 0 4 4 5 0 0 0 6 
509 1 13.0527 2.80649 1.60821 -9.03026e-05 0.00206645 -0.001952 0.0028440595 0.0 16 23.0647090968 2.2672999679 0 0 1 3 5 5 2 0 0 7 
637 2 8.93078 1.02633 3.59691 -0.00233493 -3.13403e-04 4.34871e-05 0.0023562705 0.0 18 20.1636314782 2.2192287064 0 0 0 4 7 5 1 1 0 8 
805 1 15.2661 3.03242 7.53484 -7.80882e-04 -2.57499e-04 6.78838e-04 0.0010662568 0.0 14 21.2429544147 2.2187226337 0 0 1 3 5 3 2 0 0 7 
771 2 11.0884 1.16902 8.36269 -0.00226072 -7.32806e-04 5.95067e-04 0.0024498907 0.0 14 16.9549722168 2.1958360708 0 0 2 1 6 4 0 1 0 8 
358 1 10.5223 5.05958 0.0442251 -0.00325214 -0.00189358 -0.00165523 0.0041111855 0.0 14 22.2702413535 2.2741130374 0 0 1 4 3 4 2 0 0 7 
780 1 10.1237 4.01064 3.05024 -0.00358383 0.00119752 6.61187e-04 0.0038360214 0.0 14 23.4295994615 2.2235318354 0 0 0 4 4 6 0 0 0 6 
926 1 16.3403 5.70522 7.82918 -0.0013089 0.00390532 -0.00157171 0.0044085163 0.0 12 21.0250741173 2.3487876108 0 0 1 2 6 2 1 0 0 7 
394 2 9.411 0.0285987 6.37232 0.00136285 -5.3873e-04 -0.00486119 0.0050772786 0.0 14 14.0387570271 2.2561823835 0 0 0 3 6 5 0 0 0 6 
535 1 11.9696 6.2755 2.49895 3.26323e-04 -0.00279961 -3.70914e-04 0.0028428648 0.0 15 23.9149747669 2.2778084998 0 0 1 3 5 4 2 0 0 7 
901 1 14.2255 0.0570204 1.53542 -6.94305e-04 -0.00251421 0.00297538 0.0039567913 0.0 15 23.8035522192 2.2750739903 0 0 2 1 7 2 3 0 0 7 
653 1 17.3622 7.17459 1.00854 -0.00219359 5.74478e-04 0.00150398 0.0027209958 0.0 14 21.9086467667 2.2795843039 0 0 0 5 3 5 1 0 0 7 
145 2 11.218 0.259846 0.89666 0.00307718 0.00243616 -7.63133e-04 0.0039982852 0.0 13 15.5400166444 2.2073685772 0 0 0 3 6 4 0 0 0 6 
951 1 17.0665 0.33791 2.74346 4.98425e-04 0.00118639 -0.00446288 0.0046447009 0.0 13 22.5482178011 2.3076010185 0 0 0 1 10 2 0 0 0 6 
357 1 11.3975 5.77145 5.48079 0.00348645 -1.07366e-05 -0.00172633 0.0038904581 0.0 13 20.9795946098 2.1828338522 0 0 1 0 9 3 0 0 0 6 
553 1 13.5073 5.67229 7.44271 0.0057919 -5.27364e-04 -0.0032152 0.0066454292 0.0 16 22.7697717247 2.3748958275 0 0 1 3 6 3 3 0 0 7 
464 1 16.1831 6.57041 3.32988 -9.57089e-04 0.00133357 -7.1992e-04 0.0017924043 0.0 14 21.5620099101 2.3200947403 0 0 0 4 5 4 1 0 0 7 
924 1 16.8878 4.35251 5.06512 8.92561e-04 8.30084e-04 -0.00315227 0.0033797205 0.0 15 22.6513322078 2.3748958275 0 0 0 3 6 6 0 0 0 6 
662 1 14.4727 5.52978 1.19204 0.00289885 0.00140321 -1.09502e-04 0.0032224712 0.0 14 21.8037330668 2.3200947403 0 0 0 6 2 4 2 0 0 7 
512 1 16.7602 7.51545 5.8788 -0.00216731 0.0023767 2.63748e-04 0.0032273052 0.0 15 22.0378318034 2.3748958275 0 0 0 1 10 4 0 0 0 6 
28 1 13.2572 9.08867 2.23068 -0.00273554 -0.00117832 -0.00413818 0.0050986421 0.0 15 23.8917194852 2.3200947403 0 0 1 3 4 6 1 0 0 7 
42 1 9.00504 6.35124 6.70063 -0.00442769 6.74835e-04 9.03112e-04 0.0045689662 0.0 16 21.3132879951 2.2216204086 0 0 0 4 5 6 1 0 0 7 
322 2 14.5806 8.53048 8.04555 -0.00233757 4.5477e-04 0.00188618 0.0030378815 0.0 13 21.3420039578 2.3737899547 0 0 0 2 8 3 0 0 0 6 
219 1 13.9369 4.5177 4.09992 0.00486107 -1.52839e-04 -0.00367184 0.0060939126 0.0 15 22.6961817114 2.3748958275 0 0 0 4 4 7 0 0 0 6 
366 1 13.7301 7.67908 5.18505 8.23738e-04 0.00157465 -0.00132714 0.0022179647 0.0 14 23.9982457724 2.3728933631 0 0 0 2 8 4 0 0 0 6 
882 1 14.6089 0.289988 7.12733 -0.00129696 -1.50829e-04 -0.00123302 0.0017958822 0.0 16 22.0266570576 2.2605831979 0 0 1 4 4 5 1 1 0 8 
14 1 12.6501 2.97972 6.17294 0.00157362 0.0039959 -0.00144286 0.0045304902 0.0 14 21.9097255182 2.2561823835 0 0 0 5 4 3 2 0 0 7 
309 1 12.0197 1.52966 3.77806 0.0040074 0.00118405 0.00213228 0.0046912522 0.0 16 23.4387287501 2.2561823835 0 0 0 4 6 4 2 0 0 7 
940 2 26.4444 26.7258 4.81832 0.00113667 0.00122886 -0.00240821 0.0029328469 0.0 13 14.3517608814 2.1319175538 0 0 3 3 1 3 2 1 0 8 
84 1 21.1094 4.39885 8.33631 3.51581e-04 -0.00126789 -1.11787e-04 0.0013204736 0.0 14 21.3245648901 2.220318463 0 0 1 0 10 2 1 0 0 7 
449 1 23.7052 6.10416 9.31042 -0.00294301 -6.1888e-04 9.05325e-04 0.00314069 0.0 17 22.8918246876 2.2299766065 0 0 1 3 6 4 3 0 0 7 
356 2 23.8192 8.43709 6.53212 0.00457042 -0.00172273 0.00144764 0.0050943301 0.0 13 16.436190911 2.2137734929 0 0 0 3 6 4 0 0 0 6 
369 2 23.2797 1.85273 8.52694 -0.00354376 0.00341622 6.35976e-04 0.0049631905 0.0 14 16.9236422797 2.220318463 0 0 0 3 7 3 1 0 0 7 
985 1 18.7684 8.76658 3.12778 0.00248578 0.00183077 0.00359795 0.0047408929 0.0 13 22.1808405928 2.234936745 0 0 0 3 6 4 0 0 0 6 
447 1 25.8638 6.33094 2.76589 -0.00116968 -0.00238296 -0.00279953 0.0038579811 0.0 15 21.7141332772 2.3030237272 0 0 3 4 0 5 1 2 0 8 
264 2 25.7055 2.17912 8.44596 -2.11993e-04 -0.00415552 0.00150465 0.0044246197 0.0 15 15.3184227337 2.3606778155 0 0 1 2 7 3 2 0 0 7 
978 1 20.2744 1.75236 8.47118 -9.45432e-05 -4.42673e-04 0.00175984 0.0018171226 0.0 15 20.1660009039 2.1860237379 0 0 1 2 5 7 0 0 0 6 
871 2 24.0818 0.851554 6.49083 -6.97248e-04 0.00162832 0.00225738 0.0028693806 0.0 15 14.0968998384 2.2252117682 0 0 3 2 4 3 1 2 0 8 
122 1 17.6024 1.47613 6.00076 0.00204538 0.00361409 -5.39669e-04 0.0041876567 0.0 16 22.3422852154 2.221958312 0 0 0 3 6 7 0 0 0 6 
213 2 24.9211 6.361 5.72801 0.00179129 -0.00221782 -0.00476524 0.0055529233 0.0 15 16.9856673518 2.3430193126 0 0 2 3 3 4 3 0 0 7 
258 2 24.8754 1.76564 4.30509 -0.00335253 -9.99798e-04 0.00115159 0.0036830983 0.0 16 16.9908676524 2.2511719231 0 0 3 2 4 4 1 2 0 8 
254 2 25.2269 4.21635 7.12687 -7.25383e-04 3.85366e-04 -0.00310531 0.003212108 0.0 16 15.8513486069 2.2299766065 0 0 2 5 3 1 4 0 1 9 
411 1 23.1655 6.34235 1.54512 9.56454e-04 -7.1389e-04 0.00274244 0.0029908896 0.0 18 22.3625044541 2.3430193126 0 0 1 5 4 4 3 1 0 8 
704 1 26.1375 3.32331 1.75928 -0.00255994 0.00182496 0.00299013 0.0043387382 0.0 16 23.1315808314 2.2511719231 0 0 0 5 5 3 3 0 0 7 
371 2 25.5626 7.77229 7.86722 -9.87456e-04 -0.00277585 -3.18589e-04 0.002963429 0.0 14 16.7068418768 2.1617053176 0 0 0 4 5 4 1 0 0 7 
5 2 24.2187 4.12612 4.10629 -0.00406992 -0.0027587 3.67363e-04 0.0049304797 0.0 12 17.2224759976 2.340189044 0 0 1 2 5 4 0 0 0 6 
198 1 19.8329 3.51105 5.79813 1.65424e-04 1.22943e-05 2.27576e-04 2.8161513696e-04 0.0 14 20.8783496014 2.1781202331 0 0 1 1 8 3 1 0 0 7 
588 2 22.4179 2.61504 4.21272 -0.00318981 -0.00154069 -0.00150429 0.0038485714 0.0 13 17.6025107281 2.1898000921 0 0 1 2 6 3 1 0 0 7 
638 2 23.277 3.29463 6.43197 4.84905e-04 -8.01579e-04 -2.98634e-04 9.8328226783e-04 0.0 15 16.3036979982 2.2299766065 0 0 3 2 4 3 2 0 1 9 
666 1 21.1118 1.07633 1.30507 0.0013165 -0.00114116 -0.00147318 0.0022815954 0.0 13 21.8775252616 2.1898000921 0 0 0 3 6 4 0 0 0 6 
341 2 26.4103 8.9768 5.92792 -0.00152299 -0.0032023 -0.00109005 0.0037097753 0.0 13 15.09703352 2.1693664471 0 0 1 2 6 3 1 0 0 7 
732 1 18.1066 3.60108 8.26754 -0.00521686 -0.00428421 -0.00466982 0.0082083678 0.0 12 19.3404474711 2.1193018136 0 0 0 0 12 0 0 0 0 5 
312 1 18.546 4.49073 1.22128 -0.00141257 -0.00184954 -8.5743e-04 0.0024801892 0.0 15 22.2525792606 2.2117076626 0 0 0 4 5 5 1 0 0 7 
918 1 19.1447 6.07975 7.00823 -0.00368804 0.00230086 -0.0042332 0.0060675842 0.0 12 18.4865255574 1.9742569901 0 0 0 0 12 0 0 0 0 5 
169 1 18.5849 1.39391 0.208877 0.00209055 5.76174e-04 0.00102885 0.0024001892 0.0 16 21.6908663366 2.2514359739 0 0 1 4 4 4 3 0 0 7 
85 1 23.2545 3.20248 1.22413 -3.3368e-04 -2.05643e-04 -0.0014166 0.0014698255 0.0 14 20.6224360349 2.1701153623 0 0 0 3 7 3 1 0 0 7 
147 1 19.1251 6.13555 4.30401 -2.38847e-04 0.00241308 -3.1286e-04 0.0024449712 0.0 14 21.0080929944 2.234936745 0 0 0 2 8 4 0 0 0 6 
210 1 21.1108 4.84899 2.80531 0.00193627 5.35839e-04 0.0031413 0.0037288109 0.0 13 20.3319675539 2.1903806146 0 0 0 5 2 6 0 0 0 6 
841 1 21.9706 5.69095 5.49468 -0.00382259 -3.6781e-04 0.00100984 0.0039708003 0.0 16 21.5854362393 2.3430193126 0 0 1 2 7 4 2 0 0 7 
878 1 19.2263 2.51461 3.14592 -0.00209527 0.0027371 -4.06665e-04 0.0034709148 0.0 15 22.8231497337 2.221958312 0 0 1 3 5 4 2 0 0 7 
603 1 21.6675 7.8313 3.68823 0.00351106 4.19428e-04 5.2653e-04 0.0035750099 0.0 16 22.6308653735 2.3430193126 0 0 1 3 5 5 2 0 0 7 
929 1 20.4723 6.40493 0.355595 7.93614e-04 0.00174943 0.00128956 0.0023137185 0.0 14 20.9187870453 2.234936745 0 0 0 2 8 4 0 0 0 6 
966 2 3.48177 10.0296 8.06644 -0.00239421 0.00247065 -0.00224643 0.0041088685 0.0 13 17.4172382894 2.2790768283 0 0 0 3 6 4 0 0 0 6 
215 2 8.10217 11.1429 6.33689 1.53062e-05 -0.00101174 -3.63193e-04 0.0010750634 0.0 13 13.7846167533 2.159629887 0 0 2 2 4 3 2 0 0 7 
693 2 8.0936 11.2368 1.74372 0.00159111 -0.00416948 0.00142721 0.004685416 0.0 14 18.269033557 2.1749704014 0 0 0 2 8 4 0 0 0 6 
397 1 6.35448 16.9424 9.05761 -0.00253877 -0.001586 5.55856e-04 0.0030446223 0.0 14 22.1999560086 2.3685936334 0 0 0 3 6 5 0 0 0 6 
576 1 3.47791 13.7377 0.733355 4.93611e-04 0.00197403 -7.91055e-04 0.0021831661 0.0 16 22.8648481079 2.3180681118 0 0 2 3 3 6 1 1 0 8 
597 1 2.40673 12.4891 3.46097 5.12999e-04 7.03289e-04 2.64961e-04 9.0993830727e-04 0.0 15 22.8163629347 2.2465682076 0 0 1 2 5 7 0 0 0 6 
677 1 6.76126 16.0106 5.72907 0.00144153 -0.00180297 -9.2884e-04 0.0024882631 0.0 14 23.6420573194 2.2591656514 0 0 2 2 5 3 1 1 0 8 
75 2 6.91811 9.54743 8.77104 -0.00171101 0.00363664 4.48316e-04 0.0040439699 0.0 17 19.7864245187 2.3180995126 0 0 0 6 2 7 2 0 0 7 
870 1 7.25649 16.5351 0.869074 -0.00191645 0.00104655 0.00192831 0.0029131473 0.0 14 21.5831118506 2.186990865 0 0 0 2 8 4 0 0 0 6 
795 2 26.1723 10.7836 9.07261 0.00287226 -0.00237659 0.00175182 0.0041190934 0.0 14 18.0575337503 2.3079608492 0 0 1 2 6 4 1 0 0 7 
351 2 0.203472 15.6574 0.698101 -0.0023325 0.00221554 -0.0017552 0.0036646829 0.0 13 17.9355561172 2.2353479846 0 0 0 5 3 4 1 0 0 7 
413 2 25.8958 16.5928 3.44593 0.00177296 -0.00188269 3.0108e-04 0.0026035664 0.0 15 18.0484199257 2.3480722027 0 0 1 4 4 3 3 0 0 7 
270 2 0.982231 10.9363 6.1308 4.1999e-05 2.30276e-04 -6.00594e-04 6.4459607896e-04 0.0 14 16.1198436911 2.152429012 0 0 0 2 8 4 0 0 0 6 
465 2 8.41344 14.5094 8.33141 0.00528769 9.31665e-04 -6.32394e-05 0.0053695125 0.0 14 20.7063601748 2.2214922259 0 0 0 3 7 3 1 0 0 7 
429 2 3.67425 11.512 5.99756 0.00239965 -1.09191e-04 6.24432e-04 0.0024819666 0.0 14 19.2771586545 2.152429012 0 0 0 3 6 5 0 0 0 6 
543 1 4.28496 16.1216 2.23491 -0.00113809 -0.00180443 1.32703e-04 0.0021374814 0.0 17 22.9733175013 2.2225012736 0 0 2 2 5 6 1 1 0 8 
453 2 7.165 11.9546 8.34751 0.0010439 4.32707e-04 -0.00422862 0.0043770069 0.0 14 15.5307165868 2.1801152145 0 0 0 6 1 6 1 0 0 7 
914 1 5.10044 9.6004 3.80412 8.74555e-04 0.00140474 2.27862e-04 0.0016703479 0.0 17 22.2384604696 2.2465682076 0 0 2 4 3 3 5 0 0 7 
913 2 1.27546 15.7223 3.37281 5.13335e-05 0.00268828 0.00359911 0.004492558 0.0 15 19.794723189 2.1976451015 0 0 0 4 5 5 1 0 0 7 
718 2 1.12963 18.4337 3.16848 6.01453e-04 2.19912e-04 -2.84207e-04 7.0062873036e-04 0.0 13 16.6299890438 2.2098294688 0 0 1 3 4 4 1 0 0 7 
321 2 5.53708 10.3892 6.85092 -0.00124926 -0.00114977 -0.00366112 0.0040356438 0.0 12 15.9683028291 2.1231930621 0 0 1 2 5 4 0 0 0 6 
200 1 5.08962 10.3499 0.777995 -9.09659e-04 -0.00215941 0.00105148 0.0025682954 0.0 15 21.13021334 2.2385767909 0 0 1 2 7 3 2 0 0 7 
769 1 2.29304 11.1377 0.920228 -0.00517781 0.00225758 0.00276802 0.0062903353 0.0 15 20.8354326083 2.2465682076 0 0 0 5 3 6 1 0 0 7 
687 2 2.33785 17.3357 0.338141 0.00139217 -0.00211855 0.00127934 0.0028395602 0.0 14 19.4763923759 2.3180681118 0 0 2 3 2 5 2 0 0 7 
757 1 7.32554 14.7087 2.90732 -2.70944e-04 -0.00170212 4.36336e-06 0.0017235551 0.0 14 21.5174458116 2.2225012736 0 0 0 2 8 4 0 0 0 6 
672 1 1.7544 15.5811 8.37866 0.00373272 3.11764e-04 0.0043283 0.005724035 0.0 14 20.7496001055 2.1937447769 0 0 0 0 12 2 0 0 0 6 
764 1 4.14381 17.3345 7.11282 -0.00491608 0.00147087 -0.00233466 0.0056375472 0.0 15 22.1817898837 2.1602729825 0 0 1 2 6 5 1 0 0 7 
798 1 2.29796 9.34227 3.43477 0.00175015 -2.67931e-04 0.00115915 0.0021162327 0.0 14 21.3383583682 2.2289953598 0 0 1 4 2 6 1 0 0 7 
296 1 4.42206 14.1801 7.41444 0.00542062 -0.00215607 0.00143741 0.0060081533 0.0 16 22.0253667139 2.2214922259 0 0 1 1 9 3 2 0 0 7 
412 2 6.18736 12.5844 5.63489 -0.00134155 -5.76171e-04 -0.00175714 0.0022845723 0.0 14 18.5147997244 2.2214922259 0 0 1 1 8 3 1 0 0 7 
869 1 1.85075 14.3152 5.93259 0.0013339 -0.00170148 4.78966e-04 0.0022144371 0.0 14 20.5564781374 2.1294999877 0 0 1 1 7 5 0 0 0 6 
799 2 1.83403 12.0852 8.20936 -1.49677e-04 0.00103658 9.96474e-04 0.0014456354 0.0 15 18.9822346406 2.3079608492 0 0 1 2 7 3 2 0 0 7 
233 2 7.84412 12.0268 3.9719 -0.00135161 6.51999e-04 0.00278252 0.0031613873 0.0 12 16.5585336932 2.2982207814 0 0 0 2 8 2 0 0 0 6 
537 1 6.86386 13.3724 26.9246 -5.20722e-04 -1.63333e-04 0.00297255 0.0030222314 0.0 16 22.0945480712 2.2089704381 0 0 0 2 8 6 0 0 0 6 
629 1 5.29395 12.6307 2.45777 0.00289436 -0.00267132 0.00320904 0.0050804732 0.0 13 21.389714001 2.2465682076 0 0 0 4 5 3 1 0 0 7 
859 1 4.29031 14.8919 4.64177 -0.00272241 -5.6651e-04 -0.00159131 0.0032038598 0.0 15 22.3514175912 2.1847516931 0 0 2 2 5 4 1 1 0 8 
350 1 1.31094 17.339 6.19809 -0.00261397 8.76367e-04 5.85004e-05 0.002757586 0.0 14 20.7126442133 2.1847516931 0 0 0 3 6 5 0 0 0 6 
306 2 10.1882 12.9592 3.44782 -6.04173e-05 0.00402989 9.48862e-04 0.0041405317 0.0 15 18.0235028259 2.2356545927 0 0 0 2 9 3 1 0 0 7 
336 2 14.042 18.327 5.89948 -9.4421e-04 1.15647e-04 -0.00106174 0.001425552 0.0 15 19.4061798772 2.2026168839 0 0 0 4 4 7 0 0 0 6 
590 2 12.0241 10.832 6.78668 -5.30673e-04 0.00419202 -0.00265167 0.0049885869 0.0 15 17.8189043638 2.2182029159 0 0 1 3 6 2 3 0 0 7 
44 2 12.1545 11.0675 4.04618 8.24029e-04 0.00169761 -3.25323e-04 0.001914873 0.0 15 19.0832809321 2.321976163 0 0 0 4 5 5 1 0 0 7 
110 1 14.0103 15.4115 7.38896 -0.00136619 0.00302803 0.00173306 0.0037468571 0.0 13 21.6539876283 2.2531993856 0 0 0 2 8 3 0 0 0 6 
234 1 9.37395 16.2388 3.89674 0.00279686 9.80263e-04 -0.00299178 0.0042111862 0.0 15 20.7526684217 2.1118527841 0 0 1 3 5 4 2 0 0 7 
33 1 11.3929 15.7749 2.10731 -3.62434e-04 -0.00234464 2.80156e-04 0.002388971 0.0 15 22.5829940968 2.2370251447 0 0 1 3 6 2 3 0 0 7 
382 1 15.873 9.51711 3.04744 -6.19555e-04 0.00162283 -2.51062e-04 0.0017551233 0.0 14 21.610905655 2.321976163 0 0 0 4 4 6 0 0 0 6 
171 2 11.1124 11.4975 1.93751 -2.84589e-04 -0.0026372 3.40635e-04 0.0026742937 0.0 14 17.1139880448 2.2175643522 0 0 1 3 5 3 2 0 0 7 
983 1 12.0451 17.4313 8.00338 7.92304e-04 -0.00287883 -1.96129e-04 0.0029923025 0.0 15 21.553170663 2.1719884069 0 0 0 4 4 7 0 0 0 6 
591 2 14.4489 16.3591 4.14837 7.94973e-04 -0.00473945 7.60401e-04 0.0048654474 0.0 14 18.1987108813 2.1377798462 0 0 0 4 4 6 0 0 0 6 
128 1 13.4914 13.6122 2.32146 -0.0050014 3.50973e-05 0.0024763 0.0055809762 0.0 14 22.3963798683 2.2757638959 0 0 0 3 7 3 1 0 0 7 
923 1 14.5398 12.1974 7.69408 0.00428421 2.67218e-04 5.97406e-04 0.0043339076 0.0 17 23.6680603771 2.5166923181 0 0 2 2 6 3 4 0 0 7 
811 2 14.8795 16.2923 1.65823 -0.00228522 4.26732e-04 -0.00122206 0.0026263589 0.0 12 16.8451846893 2.2324009869 0 0 0 2 8 2 0 0 0 6 
253 1 14.8765 11.5203 0.920073 0.00248862 9.58046e-04 0.00166515 0.0031438521 0.0 14 20.8877230523 2.321976163 0 0 1 1 8 3 1 0 0 7 
656 1 18.1349 8.74788 8.28585 -0.00208909 0.00276639 0.00257519 0.0043184273 0.0 16 23.2060474651 2.5263386623 0 0 0 0 12 4 0 0 0 6 
615 1 9.42042 14.2726 0.699305 0.00571183 -0.00134649 -0.00226063 0.0062887586 0.0 15 21.1703322146 2.2175643522 0 0 0 2 8 5 0 0 0 6 
218 1 12.1996 12.9779 26.2855 2.02537e-04 -0.00483399 -6.68545e-04 0.0048842024 0.0 14 22.0308580247 2.2790782782 0 0 1 3 5 3 2 0 0 7 
768 1 18.3872 12.3512 7.32961 -1.86971e-04 -1.59363e-04 -0.00421007 0.0042172318 0.0 16 24.1144310477 2.5263386623 0 0 1 2 7 4 2 0 0 7 
452 1 17.4536 13.1561 0.40446 0.00224741 -0.0026277 -9.16627e-05 0.0034589104 0.0 13 20.7584867835 2.2837512458 0 0 1 3 4 4 1 0 0 7 
822 1 13.9411 13.3397 5.25821 9.55318e-04 7.98908e-04 -8.62065e-04 0.0015146097 0.0 13 20.7347387657 2.2761411749 0 0 0 5 3 4 1 0 0 7 
850 1 11.8877 15.6765 5.38445 -0.00162599 -0.00111128 -1.34356e-04 0.0019740411 0.0 14 21.391612082 2.2356545927 0 0 0 3 6 5 0 0 0 6 
491 2 17.2738 16.2511 0.360601 0.00202758 -2.9203e-04 -0.00167099 0.0026435903 0.0 15 16.1749436362 2.1438736493 0 0 1 3 5 4 2 0 0 7 
53 1 16.9707 17.3501 7.96922 -0.00286355 6.20894e-04 -0.00337273 0.0044677439 0.0 15 21.8556947556 2.2153819702 0 0 0 1 10 4 0 0 0 6 
498 2 13.4532 10.1925 10.1328 0.00142763 0.00230638 0.00291194 0.0039795616 0.0 14 13.4877130719 2.0835489299 0 0 1 3 5 4 0 1 0 8 
17 1 17.5046 10.1505 0.652045 -0.0028087 -9.90806e-05 0.0014717 0.0031724617 0.0 14 20.0037056681 2.1789643062 0 0 3 2 2 4 3 0 0 7 
905 2 10.9179 12.8266 5.86137 -0.00309299 -3.7017e-04 -3.24527e-04 0.0031319213 0.0 12 15.0910947021 2.2571030132 0 0 3 2 1 4 2 0 0 7 
326 1 9.50246 17.0824 6.37062 0.00284691 -7.79006e-05 0.00237087 0.0037056699 0.0 15 22.2720688592 2.3587771093 0 0 0 3 7 4 1 0 0 7 
104 2 9.95915 9.48766 2.59696 0.00322618 0.00222006 -0.00309311 0.0049904141 0.0 16 19.7023628762 2.2982207814 0 0 0 4 4 8 0 0 0 6 
273 1 15.1403 10.3357 5.48987 0.00351146 0.00159536 0.00117512 0.0040319266 0.0 14 22.9802472157 2.5263386623 0 0 1 2 5 6 0 0 0 6 
332 2 9.97596 11.0174 5.0251 -0.00479682 -2.39844e-04 -5.77707e-04 0.0048374324 0.0 13 13.2933779044 2.2843034964 0 0 1 4 2 5 1 0 0 7 
255 1 9.77654 17.053 0.201154 -0.00115921 0.00236936 -7.57535e-04 0.0027443567 0.0 14 19.8710466422 2.1546185772 0 0 0 3 6 5 0 0 0 6 
293 1 15.9487 12.7178 3.75743 -0.00309167 -0.00142872 -0.00246878 0.0042064877 0.0 17 23.7090534874 2.4020807905 0 0 1 4 4 5 3 0 0 7 
26 2 17.0323 15.6508 2.83402 0.00181778 -0.00316475 -0.00219677 0.0042597846 0.0 16 19.3933216122 2.2837512458 0 0 0 4 6 4 2 0 0 7 
55 1 16.4011 14.9693 6.28768 9.10197e-04 -0.00386761 0.00303669 0.0050008351 0.0 14 21.4398619988 2.4020807905 0 0 0 2 8 4 0 0 0 6 
345 2 10.4687 9.91915 0.272005 -0.00324235 0.00138552 -0.00281729 0.0045132718 0.0 13 17.2913107651 2.2018077267 0 0 3 2 2 3 3 0 0 7 
467 2 18.2624 16.7196 4.86185 2.3179e-04 -0.00265521 0.00445598 0.0051922658 0.0 14 19.5330983027 2.2695690008 0 0 2 2 6 2 0 2 0 8 
970 2 9.37028 9.25534 7.65569 0.0020457 -0.00104279 -0.00247088 0.003373062 0.0 14 17.0975623002 2.2093657094 0 0 1 3 4 5 1 0 0 7 
853 2 8.74558 13.6888 5.77947 -0.00290675 8.94919e-04 3.43412e-04 0.0030607201 0.0 15 17.0759117756 2.1313867613 0 0 0 2 8 5 0 0 0 6 
824 2 10.563 8.70508 5.10886 -0.00143634 -6.39895e-04 0.00113254 0.00193783 0.0 14 20.1932538569 2.1742824706 0 0 1 1 7 5 0 0 0 6 
281 2 23.7122 12.1021 9.08903 -0.00150244 0.00315094 -0.00430746 0.0055443629 0.0 14 16.6774138762 2.1318941122 0 0 0 1 10 3 0 0 0 6 
712 2 18.8666 17.5621 1.16883 0.0020587 0.00445412 -0.00283097 0.0056649644 0.0 14 15.4687625051 2.2107659015 0 0 0 6 2 4 2 0 0 7 
485 2 24.5193 15.1624 1.49121 -0.00181481 0.00223885 2.73945e-04 0.002895001 0.0 13 15.7956771433 2.3480722027 0 0 0 3 6 4 0 0 0 6 
428 2 22.0076 16.2305 1.07906 -0.00420724 0.00542995 -0.00131323 0.0069935541 0.0 14 18.0595719241 2.2112957255 0 0 2 2 3 6 1 0 0 7 
872 2 24.6351 8.62845 4.13298 0.00399231 0.00231569 4.76006e-04 0.0046397781 0.0 12 16.6764874909 2.3253633767 0 0 0 4 4 4 0 0 0 6 
136 2 25.7803 11.0347 26.3141 1.82913e-04 7.93909e-04 -1.86127e-04 8.3569846594e-04 0.0 13 19.474486736 2.1374982637 0 0 0 4 4 5 0 0 0 6 
607 2 25.5398 13.3596 0.374058 -7.51103e-04 0.00230031 -0.00248664 0.0034697205 0.0 12 15.2225840285 2.1292955825 0 0 0 2 8 2 0 0 0 6 
360 2 24.0005 9.90612 1.86954 0.00280416 0.00146972 -0.00250524 0.0040372785 0.0 16 19.5603752021 2.3089787401 0 0 2 3 3 5 3 0 0 7 
277 2 23.0744 13.2644 4.82663 -5.06828e-04 -0.0018494 -0.00192503 0.0027171484 0.0 13 15.0592849886 2.2345252084 0 0 2 3 2 4 2 0 0 7 
879 2 22.289 11.8556 2.51678 5.2337e-04 -0.00301233 0.00149728 0.0034043936 0.0 13 15.1654408544 2.1397128946 0 0 1 3 4 4 1 0 0 7 
419 1 22.4056 15.0517 9.31116 0.00143435 0.00192455 0.00256468 0.003512668 0.0 15 21.5982906837 2.2504191844 0 0 0 3 7 4 1 0 0 7 
947 1 21.3002 7.15903 8.37807 -9.13249e-04 0.00211502 4.60337e-04 0.002349307 0.0 13 20.4871299505 2.2051991303 0 0 0 3 6 4 0 0 0 6 
640 2 22.7552 10.7759 6.43788 -0.00368788 -6.37881e-04 -0.00300148 0.0047975237 0.0 12 15.1676920379 2.1227620266 0 0 0 2 8 2 0 0 0 6 
722 2 24.4146 13.022 2.64693 0.00176964 1.86135e-04 4.33395e-05 0.0017799299 0.0 14 12.3336240932 1.8187140027 0 0 1 1 8 3 1 0 0 7 
691 2 26.1472 10.2842 3.91096 0.00134158 5.4402e-04 -4.89346e-04 0.0015281538 0.0 13 15.1738126728 2.1912123919 0 0 1 3 4 4 1 0 0 7 
367 1 20.9617 9.32217 1.08794 8.72955e-04 -0.00458845 0.00295634 0.0055277364 0.0 15 22.6945166978 2.1438435843 0 0 0 4 4 7 0 0 0 6 
551 2 25.0557 10.5911 6.78386 1.62357e-04 0.00173146 -6.63105e-04 0.0018611883 0.0 15 13.4127652805 1.8947964873 0 0 0 2 8 5 0 0 0 6 
679 1 21.1775 13.4446 7.20717 -0.00197173 -0.00106061 1.1186e-05 0.0022389144 0.0 15 22.1537929328 2.250899779 0 0 2 1 6 4 2 0 0 7 
132 2 23.801 10.8325 4.31386 0.00165342 0.00272775 0.00171518 0.0036216378 0.0 14 13.6644092678 2.1262690992 0 0 1 3 4 5 1 0 0 7 
150 1 21.3897 15.9663 5.63662 -0.00361342 -6.19685e-04 -0.00132922 0.0038996973 0.0 16 23.0257781616 2.250899779 0 0 1 2 8 3 1 1 0 8 
466 2 24.2477 13.2018 6.94586 -8.68104e-04 -0.00194463 0.00267565 0.003419692 0.0 14 17.6725651549 2.250899779 0 0 1 3 5 3 2 0 0 7 
701 2 24.0463 15.0879 3.99443 0.00597286 -0.0036863 5.38736e-04 0.0070394674 0.0 14 16.8780838495 2.2185808119 0 0 2 4 1 4 3 0 0 7 
749 2 21.5432 14.0979 2.94943 -0.00238669 0.00182026 -0.00268679 0.0040284583 0.0 15 16.7467488801 2.2268700324 0 0 1 4 3 5 2 0 0 7 
750 1 23.673 17.0445 7.03563 -0.00186574 -7.47557e-04 5.1952e-04 0.0020759885 0.0 16 21.0888994921 2.250899779 0 0 3 1 6 2 3 1 0 8 
992 1 20.3637 10.6816 8.04533 -0.00141073 -0.00234746 0.00137312 0.0030636883 0.0 14 20.4343054847 2.168029258 0 0 0 4 4 6 0 0 0 6 
621 2 26.4777 12.4315 7.49345 -0.00222243 0.00172052 -0.00376213 0.0046960629 0.0 12 15.6301815973 2.1937447769 0 0 0 0 12 0 0 0 0 5 
56 2 21.3058 11.0889 4.51426 0.00172042 6.7466e-04 -8.26619e-04 0.0020244283 0.0 16 20.805919943 2.2345252084 0 0 1 3 5 5 2 0 0 7 
80 1 26.0861 15.5558 6.44623 -0.00108035 -0.00269066 -6.70898e-04 0.0029760564 0.0 13 20.7071982449 2.1369859651 0 0 0 3 6 4 0 0 0 6 
106 2 25.955 12.7317 4.56494 -7.65554e-05 -0.00316522 0.00448508 0.0054900292 0.0 16 17.8373001441 2.1369859651 0 0 0 4 5 6 1 0 0 7 
567 2 -0.00342025 13.955 2.33582 -0.00400163 -5.72359e-04 9.0124e-05 0.00404336 0.0 14 15.1065193203 2.1501101957 0 0 1 2 6 4 1 0 0 7 
217 1 18.6991 13.8197 4.88213 0.0031015 7.74613e-04 -4.74976e-04 0.0032318617 0.0 15 22.9140687744 2.2345252084 0 0 1 2 6 5 1 0 0 7 
911 1 17.9431 10.6704 5.11033 0.00498771 0.00359258 0.00178407 0.0064005303 0.0 12 22.9401468758 2.4322553969 0 0 0 2 8 2 0 0 0 6 
396 1 22.9649 17.676 3.67196 -5.74152e-04 0.00200449 0.00123669 0.0024242592 0.0 15 22.5236563632 2.3480722027 0 0 0 4 6 3 2 0 0 7 
975 2 23.1236 9.69889 8.69262 -9.38081e-04 8.99939e-04 -8.16071e-04 0.0015348805 0.0 15 19.1905470834 2.0910626024 0 0 0 2 8 5 0 0 0 6 
127 2 26.2825 11.7514 1.95988 0.00177449 0.00216533 6.00403e-04 0.0028632067 0.0 14 15.17529964 2.1166031101 0 0 1 4 3 4 2 0 0 7 
141 2 19.8306 15.9926 2.91277 0.00224264 0.00419959 0.0030994 0.0056808688 0.0 12 17.3481338215 2.1994406299 0 0 2 1 5 3 1 0 0 7 
634 2 19.9027 14.5127 0.944461 -0.00138052 0.00536725 -2.51009e-04 0.0055476313 0.0 15 17.7389125451 2.2141693634 0 0 0 3 6 6 0 0 0 6 
697 1 18.8639 11.9069 2.48637 8.72488e-05 -5.65417e-04 8.10654e-04 9.9220393302e-04 0.0 15 22.488746087 2.2141693634 0 0 1 3 5 4 2 0 0 7 
470 2 22.5069 13.8106 0.923009 2.85759e-04 -0.00149224 -0.00497114 0.0051981411 0.0 12 14.3238804575 2.0736434264 0 0 0 2 8 2 0 0 0 6 
299 1 20.2823 8.61947 6.06141 0.0040822 0.00150086 -1.98055e-04 0.0043538676 0.0 14 21.6398584528 2.1147543037 0 0 0 1 10 3 0 0 0 6 
661 2 2.21584 24.6881 0.334672 4.51846e-04 -0.00116845 -0.00147997 0.0019390078 0.0 14 17.403750482 2.1806069022 0 0 0 2 8 4 0 0 0 6 
728 2 6.81467 0.353162 5.70487 -0.00113975 -0.00250851 9.80464e-04 0.0029245448 0.0 12 12.7544016701 2.2057659462 0 0 0 2 8 2 0 0 0 6 
987 2 -0.0260699 22.9157 1.69167 2.25256e-04 9.82183e-04 -0.001216 0.0015792656 0.0 14 18.050860459 2.1946839533 0 0 0 3 7 3 1 0 0 7 
243 1 26.4633 20.5687 7.13278 0.00322979 -4.60294e-04 0.00485286 0.0058475349 0.0 13 20.2936574666 2.240483021 0 0 1 2 6 3 1 0 0 7 
933 2 1.203 20.8581 2.28989 5.98498e-04 2.11445e-04 0.00168036 0.0017962513 0.0 14 15.257371358 2.1990739992 0 0 0 4 4 6 0 0 0 6 
573 2 26.4093 20.495 0.0247264 -0.00388295 -5.85085e-04 -0.00382815 0.0054840093 0.0 11 17.1647548484 2.1587547956 0 0 0 2 8 1 0 0 0 6 
313 2 4.72768 22.7005 5.28728 -0.00299564 -0.00394705 0.00118952 0.0050958827 0.0 12 12.1331686699 1.9089323482 0 0 0 3 6 3 0 0 0 6 
999 2 4.1769 20.3849 5.73415 0.00673371 0.00132523 0.00104869 0.0069425381 0.0 14 15.4818534221 2.0868136674 0 0 1 1 7 5 0 0 0 6 
600 2 2.84522 19.3039 1.92293 0.00105364 8.42113e-04 -0.00195689 0.0023767057 0.0 12 12.8255109188 2.0416751819 0 0 0 2 8 2 0 0 0 6 
592 2 1.83058 24.2126 8.14336 -4.37615e-04 0.00311237 -8.96499e-04 0.0032683428 0.0 15 14.6215004428 2.2548117956 0 0 0 5 3 6 1 0 0 7 
196 2 6.33161 24.4377 6.02913 -0.00181223 -0.0040651 0.00118965 0.0046070037 0.0 16 12.6354883061 1.9398548223 0 0 1 3 5 5 2 0 0 7 
740 2 8.50697 21.2947 3.11485 0.00287715 8.5771e-04 0.00152435 0.003367091 0.0 13 11.9797226017 1.8974089272 0 0 1 3 4 4 1 0 0 7 
487 2 6.82921 24.334 1.86883 0.00181639 -0.00114513 -0.00150842 0.0026241048 0.0 13 12.0789316056 1.7592239712 0 0 0 2 8 3 0 0 0 6 
610 2 4.59627 26.6081 5.23527 0.00316308 0.00601474 0.00221201 0.0071466888 0.0 13 13.0642370497 1.9107308239 0 0 0 1 10 2 0 0 0 6 
676 2 4.40235 18.8309 26.3031 0.00105347 0.0034877 -8.67961e-04 0.0037452913 0.0 16 20.3150522053 2.2430271528 0 0 2 2 4 6 2 0 0 7 
893 2 9.85256 24.2891 6.87838 0.00115275 0.00412176 0.00349689 0.0055268416 0.0 13 13.1597334555 2.0755002508 0 0 1 0 9 3 0 0 0 6 
630 2 5.75442 19.1581 1.90852 0.0018684 -5.69822e-04 0.00327132 0.0038101378 0.0 14 16.7507150013 2.1369857883 0 0 2 1 7 2 1 1 0 8 
943 2 0.804052 24.5614 4.99051 2.43491e-04 -0.00125485 -0.00295513 0.0032197406 0.0 14 15.1614720099 2.0672634204 0 0 0 3 6 5 0 0 0 6 
442 2 4.28639 22.4224 7.65124 -0.0010185 0.0017218 -4.77534e-04 0.0020566906 0.0 14 15.3180887551 2.2065306591 0 0 0 2 8 4 0 0 0 6 
230 2 2.09293 22.543 6.56025 8.49885e-04 4.76007e-04 -7.49398e-04 0.0012290177 0.0 14 16.4183380262 2.1988911935 0 0 0 1 10 3 0 0 0 6 
9 2 6.38561 20.7226 4.15922 -0.00132084 -1.06124e-04 0.00384773 0.0040695094 0.0 16 12.5148631867 1.9047090826 0 0 1 5 1 7 2 0 0 7 
744 2 8.65699 18.7435 2.63923 3.49674e-05 4.00875e-04 0.00411991 0.0041395147 0.0 14 17.3143064885 2.1097281943 0 0 2 2 5 2 3 0 0 7 
516 2 7.44947 25.6057 7.80197 -0.00488581 -0.00384452 5.28607e-04 0.006239463 0.0 15 12.3503925473 1.9055459611 0 0 0 3 7 4 1 0 0 7 
689 2 5.53668 0.651398 7.63548 -6.22525e-04 2.92575e-04 1.7739e-04 7.1035534653e-04 0.0 14 15.3067881428 2.0919323703 0 0 0 3 6 5 0 0 0 6 
373 2 26.3662 23.7201 7.31022 7.24969e-04 0.00121377 0.00247701 0.0028520863 0.0 13 17.414352252 2.2245217785 0 0 0 1 10 2 0 0 0 6 
249 2 4.04952 24.9133 6.88674 0.0015473 8.4938e-04 -2.29815e-04 0.0017799996 0.0 15 13.4594040106 1.869444699 0 0 0 4 5 5 1 0 0 7 
269 2 6.62003 18.4079 3.9239 0.00386382 9.5942e-04 5.46907e-04 0.0040185444 0.0 15 17.265631538 2.2225012736 0 0 3 2 4 3 1 2 0 8 
557 2 4.31873 25.516 2.32468 0.0050947 6.88287e-04 5.22441e-04 0.0051674609 0.0 16 14.2728970226 2.1754441175 0 0 0 3 6 7 0 0 0 6 
494 2 6.06807 21.7134 1.98288 -0.00501235 9.72635e-04 -0.0015581 0.0053382906 0.0 12 12.1077623173 1.9476019465 0 0 0 4 4 4 0 0 0 6 
863 1 2.22434 19.2084 8.24495 -0.00126763 -0.00213443 9.19891e-04 0.0026474283 0.0 16 22.0809519497 2.2065306591 0 0 1 2 8 2 3 0 0 7 
616 2 2.0065 24.9759 2.77373 -0.00368231 -0.00452072 -0.00538595 0.0079375546 0.0 12 14.0763722025 2.1272909587 0 0 1 2 5 4 0 0 0 6 
786 2 1.94758 20.1789 5.06006 0.00132249 1.88311e-04 -0.00554389 0.0057025571 0.0 15 17.3442861144 2.2098238121 0 0 1 3 5 4 2 0 0 7 
143 2 7.82121 20.7572 7.81069 -0.00316529 -0.00114118 -8.37814e-04 0.0034674609 0.0 16 19.5604087018 2.3685936334 0 0 1 3 4 7 1 0 0 7 
724 2 8.46127 23.0208 8.35551 -1.966e-04 0.00180364 0.00257262 0.0031480379 0.0 14 13.6045305948 2.0596580782 0 0 3 1 4 3 3 0 0 7 
935 2 3.49819 -0.205654 8.98544 0.00129278 -0.00151437 -0.00144824 0.002462112 0.0 13 16.4690180886 2.2232013855 0 0 0 1 10 2 0 0 0 6 
175 2 3.89112 21.0229 3.38321 -0.00337091 0.0010619 0.00351266 0.0049829154 0.0 13 13.0146101066 1.9047090826 0 0 0 3 6 4 0 0 0 6 
517 2 2.69431 22.748 1.69806 0.00409703 3.75844e-04 0.00104934 0.0042459425 0.0 13 12.6060152536 1.967272871 0 0 0 3 6 4 0 0 0 6 
214 2 8.35462 22.855 5.94586 0.0012616 3.56603e-04 -0.0028309 0.0031197428 0.0 15 12.8320096878 1.9586452742 0 0 1 4 3 5 2 0 0 7 
471 2 3.1684 24.6139 4.7223 0.00301844 1.51035e-04 0.00162556 0.0034316522 0.0 14 12.3624175453 1.9398548223 0 0 0 2 8 4 0 0 0 6 
489 2 1.9257 22.6644 4.17418 7.47412e-04 0.00211007 -0.00157941 0.002739627 0.0 13 13.9780216398 2.0375314278 0 0 0 1 10 2 0 0 0 6 
79 2 6.20128 21.7024 6.56374 7.21648e-04 -4.38693e-04 -0.00108862 0.0013777957 0.0 14 12.7731996627 2.0940075185 0 0 1 3 5 3 2 0 0 7 
669 2 6.09016 23.8593 8.39565 4.8264e-04 -0.00133861 2.26964e-04 0.0014409479 0.0 12 13.353859846 2.1626743423 0 0 2 2 4 2 2 0 0 7 
401 2 4.68332 23.654 0.492767 -0.00230013 -6.96264e-04 -0.00390496 0.0045852038 0.0 14 13.1396925571 2.1252743799 0 0 0 3 6 5 0 0 0 6 
513 2 7.65034 20.4164 0.892745 -0.00248139 0.00129097 -0.00555732 0.0062215517 0.0 16 15.9975349706 2.1991950529 0 0 2 3 5 3 1 2 0 8 
119 2 3.6346 18.2936 4.12157 0.00601698 -2.44349e-04 0.00104956 0.0061127188 0.0 15 19.2248327981 2.1847516931 0 0 2 2 5 4 1 1 0 8 
892 2 4.68661 23.3846 3.06132 0.00152233 -0.00361661 -3.93216e-04 0.0039435993 0.0 15 12.1925470339 1.9398548223 0 0 0 4 4 7 0 0 0 6 
459 2 7.1965 22.9932 3.94366 0.00201384 -0.00286569 0.00143594 0.003785453 0.0 14 12.3618848219 1.8120236198 0 0 0 2 8 4 0 0 0 6 
257 2 8.96912 22.9787 1.37248 0.00133737 0.00388777 0.00165723 0.0044328011 0.0 15 13.6659676489 2.0577923894 0 0 0 1 10 4 0 0 0 6 
390 2 6.55651 25.5185 3.67359 6.16823e-04 0.00128141 -0.00259453 0.0029587274 0.0 13 11.8848193411 1.9398548223 0 0 0 3 6 4 0 0 0 6 
137 2 2.08565 26.8661 4.12491 0.00178992 0.00315094 -7.31146e-04 0.003696865 0.0 14 14.1570015883 2.1754441175 0 0 1 3 3 7 0 0 0 6 
190 2 6.62307 19.329 6.0294 -0.00191596 0.00247829 -0.00394461 0.0050371393 0.0 13 17.611183713 2.3685936334 0 0 2 2 3 5 1 0 0 7 
886 2 16.3406 18.1989 2.11222 -3.47235e-04 0.00238218 -0.00110911 0.002650562 0.0 14 13.1540203806 2.2521524451 0 0 1 4 2 6 1 0 0 7 
265 2 13.9472 18.1847 2.60863 0.00182848 9.77994e-04 2.44503e-04 0.0020879639 0.0 14 13.7341759364 2.2370251447 0 0 1 3 5 3 2 0 0 7 
102 2 16.0669 18.0421 4.77827 3.31399e-04 -0.00455539 -0.00246479 0.0051900475 0.0 14 17.2778208655 2.2724471329 0 0 1 3 5 4 0 1 0 8 
418 2 9.88886 20.9163 1.30008 7.94139e-04 -7.32164e-05 0.00531975 0.0053791967 0.0 12 14.5342145899 2.1360463264 0 0 0 2 8 2 0 0 0 6 
539 2 11.271 19.1983 2.1214 -0.00214999 -3.25361e-04 0.00277259 0.0035235738 0.0 14 16.6440961161 2.2370251447 0 0 2 2 4 4 2 0 0 7 
760 2 11.0555 19.6943 6.0218 -4.77627e-05 0.00358579 -0.00146754 0.0038747703 0.0 13 18.159261887 2.349339594 0 0 0 3 6 4 0 0 0 6 
10 2 12.91 21.0917 1.48725 0.00260243 -0.00234285 -0.00256468 0.0043404114 0.0 14 17.2240614147 2.124618903 0 0 0 2 8 4 0 0 0 6 
961 1 14.9041 22.9676 3.10499 -0.00322136 0.00136939 0.00166426 0.0038758419 0.0 17 22.7011896056 2.2957577505 0 0 5 1 4 1 4 1 1 9 
162 2 13.0825 20.3779 4.03369 0.00174164 1.24216e-04 0.00252429 0.0030693288 0.0 14 16.6735834317 2.2748616008 0 0 0 3 6 5 0 0 0 6 
514 2 12.0036 18.3362 4.1921 -2.50696e-04 -3.74005e-04 -5.36662e-04 7.0052432269e-04 0.0 14 16.2527886809 2.097668725 0 0 1 3 4 5 1 0 0 7 
865 2 15.3119 19.9448 3.3969 0.00229189 -0.00368662 -0.00110976 0.0044805685 0.0 14 15.5336104614 2.2635933788 0 0 2 3 2 5 2 0 0 7 
664 1 16.397 24.9853 0.81782 -0.00178365 3.17832e-04 0.00128383 0.0022205053 0.0 13 20.8393689221 2.3076010185 0 0 1 3 4 4 1 0 0 7 
660 2 12.3444 26.4799 25.7912 -0.00138764 7.21902e-04 -6.10716e-04 0.0016791847 0.0 14 18.3827704685 2.3081014877 0 0 1 2 6 4 1 0 0 7 
688 2 10.9054 23.2938 8.89162 -0.00134211 0.00308616 -0.0016131 0.003731988 0.0 16 18.9383619138 2.3270297725 0 0 1 5 3 4 2 1 0 8 
19 1 17.6483 23.6187 3.1251 -0.0057327 0.00225795 0.00206389 0.0064978327 0.0 17 23.6643640915 2.4427390991 0 0 4 2 2 6 1 1 1 9 
432 2 14.0469 18.9639 0.442957 -0.00166006 -1.78247e-04 0.00264288 0.0031260816 0.0 13 17.1162942796 2.2312400436 0 0 1 3 4 4 1 0 0 7 
60 1 12.495 23.3184 5.10835 0.00232473 -0.00163472 -5.01691e-06 0.0028419543 0.0 16 22.0180667369 2.1680950089 0 0 0 3 6 7 0 0 0 6 
135 1 13.399 21.2058 7.59334 -0.00418632 8.55709e-04 -1.62784e-04 0.0042759808 0.0 14 23.5944038824 2.3108248158 0 0 0 2 8 4 0 0 0 6 
315 1 15.6402 22.9394 5.88188 -0.00121893 -0.00109852 0.00134815 0.0021236866 0.0 15 21.8754257019 2.2748616008 0 0 0 3 7 4 1 0 0 7 
278 2 8.38523 25.3109 5.2537 4.77369e-04 -0.00101642 8.49857e-04 0.0014082783 0.0 12 11.089853319 1.7677744813 0 0 0 0 12 0 0 0 0 5 
324 2 10.8664 21.1675 3.88047 -0.00153837 -5.08113e-04 -3.81405e-04 0.001664401 0.0 14 14.6526890652 2.0419880667 0 0 0 4 5 4 1 0 0 7 
483 2 15.6427 20.6556 1.24454 -0.00120496 -8.61756e-04 0.00293566 0.0032882597 0.0 15 16.8292356136 2.2536532475 0 0 3 2 3 4 2 1 0 8 
340 1 13.8298 23.829 0.317677 0.00186098 -4.02044e-04 0.00102475 0.0021621745 0.0 17 24.3437018744 2.3081014877 0 0 1 2 7 5 2 0 0 7 
454 1 13.6556 24.2845 7.67889 8.13444e-04 -1.72904e-04 -0.00563173 0.0056927998 0.0 17 21.2637457651 2.3270297725 0 0 2 4 3 4 3 1 0 8 
52 1 15.5871 22.5139 8.78211 4.63864e-04 -0.00204861 -6.80151e-05 0.0021015706 0.0 13 18.8950273624 2.2275457624 0 0 0 2 8 3 0 0 0 6 
50 1 13.9689 25.6495 4.20835 -0.00189515 -6.08477e-04 0.00142203 0.002446223 0.0 16 23.5998014312 2.3076010185 0 0 1 4 5 3 2 1 0 8 
292 2 10.5771 25.6021 4.67996 0.00143709 0.00138156 0.00386115 0.0043453901 0.0 11 13.8957692562 2.025545535 0 0 0 2 8 1 0 0 0 6 
30 1 16.3735 25.0309 7.8795 -0.00181563 5.96026e-06 -0.00345496 0.0039029856 0.0 14 19.0543308237 2.2593519489 0 0 2 2 3 6 1 0 0 7 
183 2 10.0358 21.7281 7.14475 4.47083e-05 -0.0022265 -0.00236183 0.003246158 0.0 13 16.4760836198 2.2002576121 0 0 0 4 4 5 0 0 0 6 
843 2 11.2912 25.1048 2.53266 0.00133557 -0.00189403 0.0047783 0.005310673 0.0 14 16.1331205738 2.2236250339 0 0 0 4 4 6 0 0 0 6 
725 2 11.403 22.8849 2.21184 -4.30305e-04 6.89448e-04 0.00115027 0.0014084112 0.0 13 15.2121124264 2.1672742344 0 0 0 3 6 4 0 0 0 6 
659 2 9.76873 23.5633 3.81755 -4.03092e-04 0.00613333 -0.00211812 0.0065012808 0.0 13 13.0706944402 2.0419880667 0 0 0 1 10 2 0 0 0 6 
746 1 16.7484 25.7497 5.28201 0.00250234 0.00347207 -0.00113342 0.0044273713 0.0 13 20.4358592317 2.2821267466 0 0 1 3 4 4 1 0 0 7 
111 2 8.85218 19.8314 5.10557 0.00202204 -3.19605e-04 0.00442966 0.0048798239 0.0 15 16.4211190105 2.2342080985 0 0 1 4 3 5 2 0 0 7 
702 1 16.2079 20.1474 7.02082 -0.003585 5.14089e-04 -0.00147514 0.0039105691 0.0 13 20.0992657776 2.2748616008 0 0 0 1 10 2 0 0 0 6 
250 2 11.5831 26.2436 6.72563 0.0030254 0.00250079 -0.00111464 0.0040803699 0.0 13 17.803939656 2.2457023156 0 0 1 3 4 4 1 0 0 7 
202 2 8.80842 25.4319 2.60976 -7.77917e-04 -0.00224819 9.3287e-04 0.0025553394 0.0 15 12.8316378661 1.9577636202 0 0 1 3 5 5 0 1 0 8 
41 1 22.0536 24.1847 5.15242 0.00415162 -0.00207559 0.00159732 0.004908712 0.0 16 23.8865408392 2.4427390991 0 0 1 1 8 5 1 0 0 7 
368 1 23.6255 21.6649 0.796719 0.00322812 2.65334e-04 -0.00265767 0.0041897936 0.0 15 22.1337112857 2.2817219678 0 0 0 1 10 4 0 0 0 6 
683 1 23.808 19.6727 8.39888 -0.00406962 -0.00176359 -8.1244e-04 0.0045091147 0.0 14 20.3817580983 2.2741773292 0 0 2 0 8 2 2 0 0 7 
123 1 23.6148 21.8608 6.62188 0.00107214 0.0050711 1.16054e-04 0.0051844969 0.0 15 21.3296130525 2.1969880877 0 0 0 1 10 4 0 0 0 6 
713 1 25.769 21.8775 4.90303 -0.0029371 0.00271414 0.00485658 0.0062912226 0.0 15 21.3410784464 2.2098294688 0 0 1 3 5 4 2 0 0 7 
772 2 22.0684 25.2358 9.9092 0.00134556 7.08626e-04 9.80676e-05 0.0015239094 0.0 14 15.4719908142 2.2057612212 0 0 2 4 2 3 2 1 0 8 
781 1 23.5232 26.7891 2.61882 -0.00635456 0.00267611 -4.78877e-04 0.00691168 0.0 17 22.6792041991 2.2759091147 0 0 1 3 5 7 0 1 0 8 
72 1 25.3749 18.8503 5.4367 -9.90753e-04 0.00248909 -0.00203367 0.0033634765 0.0 16 21.8579932137 2.2098294688 0 0 1 2 7 4 2 0 0 7 
890 1 19.2493 19.0457 6.87201 -3.30534e-04 0.00227182 0.00608958 0.0065079492 0.0 15 20.9136716292 2.1971806541 0 0 0 2 8 5 0 0 0 6 
982 1 18.3177 21.6292 7.70789 0.00346061 -0.00105634 -0.00187717 0.0040762045 0.0 14 18.7600657614 2.1736737126 0 0 2 2 5 2 3 0 0 7 
400 1 25.1025 19.7366 2.64404 0.00104043 -0.00380246 0.00181812 0.0043412852 0.0 15 22.653041033 2.3475649343 0 0 1 2 6 5 1 0 0 7 
694 1 21.8877 24.2395 2.29068 0.00193524 0.00189215 -0.00180635 0.0032539646 0.0 13 21.7673414739 2.4012520211 0 0 1 2 6 3 1 0 0 7 
965 1 20.1437 21.8028 2.90498 3.95688e-04 -5.48434e-05 0.00294624 0.0029731981 0.0 16 21.8735885753 2.4427390991 0 0 1 4 4 5 1 1 0 8 
339 1 18.6571 23.9496 6.20852 -0.00113098 1.33744e-04 -0.00184588 0.0021689343 0.0 13 20.4650247648 2.4419724944 0 0 0 3 6 4 0 0 0 6 
617 1 20.9583 23.3799 7.92469 0.00340008 -0.00426413 0.00142495 0.0056368281 0.0 14 21.1350217607 2.2528534477 0 0 1 2 7 2 2 0 0 7 
776 2 26.6944 17.8398 0.713317 0.00167734 -0.00132055 -0.00186984 0.0028378907 0.0 15 18.7868404711 2.3211695966 0 0 1 3 5 4 2 0 0 7 
24 1 25.9616 17.7698 8.51039 3.37239e-04 -0.00439025 -0.0025015 0.0050641413 0.0 14 20.0328786788 2.1712932322 0 0 2 0 8 2 2 0 0 7 
354 2 17.8334 20.0999 1.98263 -3.33108e-04 0.00282992 -6.86855e-04 0.0029310711 0.0 15 18.1927009047 2.2724471329 0 0 3 3 2 3 3 1 0 8 
866 2 24.8932 25.4273 6.06142 8.14878e-04 -0.00176874 0.00248048 0.0031536088 0.0 16 17.8479592966 2.2759091147 0 0 2 4 2 6 0 2 0 8 
968 1 19.4803 26.0518 7.66063 -0.00270701 -0.0013548 0.00413436 0.005124092 0.0 14 20.833366362 2.1860237379 0 0 0 2 8 4 0 0 0 6 
286 2 24.1056 24.6797 8.31231 0.0012412 -3.21846e-04 1.76763e-04 0.0012943753 0.0 13 14.9987869882 2.0709821066 0 0 0 3 6 4 0 0 0 6 
624 1 20.4236 21.6606 5.73434 7.90062e-04 -0.00181964 -0.00109267 0.0022647771 0.0 12 18.6603900678 2.2776461033 0 0 0 0 12 0 0 0 0 5 
828 1 21.8172 19.6501 1.7084 0.00294498 -0.00200781 0.00324566 0.0048206345 0.0 15 21.6556320665 2.1779441174 0 0 2 2 5 4 1 1 0 8 
207 1 20.2347 18.9537 3.83939 -0.00130595 -0.0027511 0.00112468 0.0032463767 0.0 17 22.1816397141 2.2724471329 0 0 4 0 6 4 0 3 0 8 
976 1 20.8318 22.5854 26.894 -0.00374022 -9.31415e-04 -7.48736e-04 0.0039264978 0.0 13 21.6843069468 2.3323934642 0 0 0 3 6 4 0 0 0 6 
837 1 22.8145 21.607 3.80193 -0.00251583 0.00682157 -1.99044e-04 0.0072734336 0.0 14 20.9015698842 2.1944211593 0 0 0 2 8 4 0 0 0 6 
11 2 20.0119 26.3572 4.36731 0.00288634 0.00306515 -0.00132632 0.0044142075 0.0 16 25.0978980116 2.4427390991 0 0 2 2 6 2 4 0 0 7 
531 1 24.178 24.4377 0.306768 -7.42704e-04 -0.00146082 0.00133911 0.0021163223 0.0 14 21.38487754 2.3513925849 0 0 1 3 4 5 1 0 0 7 
846 1 19.0461 25.5003 1.46178 -0.00341401 -7.45958e-04 0.00109312 0.0036615337 0.0 13 21.0106263683 2.2956551673 0 0 0 2 8 3 0 0 0 6 
395 2 21.7512 0.886784 5.72068 -0.0022593 0.00115799 -0.00210606 0.0032986158 0.0 15 18.9742189561 2.2759091147 0 0 2 3 3 4 3 0 0 7 
794 1 17.816 22.5955 0.0258478 -0.00457863 -0.00232788 9.18413e-04 0.0052178885 0.0 15 22.3418349642 2.3329179285 0 0 1 3 6 3 1 1 0 8 
609 1 17.7646 21.0455 4.88974 -6.51057e-04 5.39726e-04 0.00229729 0.0024480034 0.0 14 21.2798462801 2.2724471329 0 0 2 0 6 6 0 0 0 6 
271 1 24.542 23.9662 3.20063 -3.43501e-04 0.00402413 -0.00138191 0.0042686404 0.0 14 20.7925558117 2.1946839533 0 0 0 3 6 5 0 0 0 6 
920 1 22.1537 19.5215 5.93215 0.0027734 0.00155954 6.51838e-04 0.0032478924 0.0 12 19.9284026913 2.1944211593 0 0 0 0 12 0 0 0 0 5 
505 1 26.135 25.9107 1.97604 0.00183961 2.74661e-04 -3.30083e-04 0.0018890628 0.0 16 21.1120835038 2.2511719231 0 0 0 5 5 4 1 1 0 8 
868 1 21.1568 17.6435 8.16495 -8.295e-04 -7.31838e-04 -0.00172322 0.0020477168 0.0 12 19.941192407 2.1052284417 0 0 0 0 12 0 0 0 0 5 
342 2 22.5145 26.4219 7.73025 0.00303515 -5.9927e-04 -4.27523e-04 0.0031231452 0.0 13 15.7340979454 2.1354300281 0 0 1 3 4 4 1 0 0 7 
831 1 8.85785 5.63147 17.2879 -4.04619e-04 -0.00141031 0.00273637 0.0031049012 0.0 16 22.8311581996 2.2268593239 0 0 0 2 9 4 1 0 0 7 
667 1 4.69255 8.08757 10.1317 0.0015946 -6.9949e-04 -7.78223e-04 0.0019072668 0.0 13 20.2882227696 2.2188583804 0 0 0 2 8 3 0 0 0 6 
762 1 3.28302 2.37477 11.8778 0.00131141 0.00114304 -0.00126808 0.0021527572 0.0 17 23.0826142735 2.3157877878 0 0 2 1 8 3 2 1 0 8 
282 1 0.31434 0.690541 17.5538 0.00183758 -9.26921e-04 0.001048 0.0023095858 0.0 14 19.2338521018 2.0835767283 0 0 0 2 8 4 0 0 0 6 
541 1 8.63593 5.28087 12.3399 -0.00302281 -0.00112956 -0.00127683 0.0034703863 0.0 15 22.0477431498 2.2316620933 0 0 1 3 4 6 1 0 0 7 
446 1 8.1208 2.06673 12.2865 -6.60477e-04 0.00360777 -2.44468e-05 0.0036678102 0.0 15 23.5125387137 2.2219724581 0 0 0 3 6 6 0 0 0 6 
569 2 7.77249 0.87605 15.4697 0.00161033 0.00146149 -0.00330805 0.0039588269 0.0 14 22.347517268 2.2219724581 0 0 0 4 4 6 0 0 0 6 
208 1 6.41365 8.87863 14.5467 -0.00562862 -0.00120882 0.00513789 0.0077162505 0.0 16 21.5156238579 2.3040807156 0 0 0 3 8 4 0 1 0 8 
779 1 2.2998 4.48511 10.21 0.00343199 -0.00198938 0.00281881 0.004866403 0.0 13 20.8952005579 2.3606778155 0 0 0 4 4 5 0 0 0 6 
15 2 26.4084 0.88634 10.302 0.00217437 -0.00150868 2.52829e-04 0.0026585565 0.0 12 15.8497732033 2.3606778155 0 0 1 2 6 2 1 0 0 7 
695 2 8.56283 0.647021 9.68487 -0.00103961 -5.89842e-04 -6.79048e-04 0.0013747031 0.0 14 16.4873916246 2.0845717252 0 0 0 2 8 4 0 0 0 6 
49 1 4.99034 0.0581447 16.7713 0.00105917 -0.00367826 0.00557808 0.0067650879 0.0 13 21.7187004488 2.2749446157 0 0 1 1 9 0 2 0 0 7 
583 1 1.19031 8.49798 17.5279 3.95953e-04 -7.31753e-04 -0.00338401 0.0034847905 0.0 13 21.9761015478 2.2128126958 0 0 0 1 10 2 0 0 0 6 
867 1 5.65942 5.93801 17.5492 0.00193569 0.00321824 0.00145992 0.004029309 0.0 15 20.9613176395 2.3524338285 0 0 0 4 5 5 1 0 0 7 
8 1 1.55864 8.25392 10.5744 0.00248176 -5.35908e-04 -2.41478e-04 0.0025504199 0.0 16 21.4725282106 2.3079608492 0 0 1 3 5 5 2 0 0 7 
944 1 3.86517 8.61653 15.844 -0.00119916 -0.00203141 0.00283854 0.0036907886 0.0 13 21.026212666 2.3458895707 0 0 0 2 8 3 0 0 0 6 
410 1 3.65564 26.2945 12.1158 -2.96189e-04 -5.11748e-04 -0.00234627 0.0024196274 0.0 13 21.0982272729 2.1642943589 0 0 1 1 7 4 0 0 0 6 
275 1 6.41111 8.60217 17.3134 0.0018032 -0.00108089 -6.54039e-04 0.0022017312 0.0 14 21.2844020449 2.1981396132 0 0 0 2 9 2 1 0 0 7 
226 1 3.42166 5.48756 12.5292 0.00110939 5.53649e-04 -0.00116702 0.0017027064 0.0 15 20.7145442947 2.2000010031 0 0 1 3 4 6 1 0 0 7 
7 1 6.32423 3.76585 15.834 0.00234597 8.29247e-04 -0.00156503 0.0029394804 0.0 13 21.4379815888 2.2685640191 0 0 1 3 5 2 2 0 0 7 
711 1 2.17802 1.16701 15.57 6.75168e-04 -0.00113316 0.00309231 0.0033618871 0.0 14 20.0681486985 2.2454681859 0 0 2 0 8 2 2 0 0 7 
420 1 5.99925 4.36724 12.8761 -0.00368679 0.00139221 8.96005e-04 0.0040414718 0.0 14 20.6707235982 2.2316620933 0 0 1 3 4 5 1 0 0 7 
223 1 7.9134 6.34564 9.56612 7.51067e-04 -0.00310798 -0.00138928 0.0034862215 0.0 14 23.1755738085 2.3180995126 0 0 1 3 5 3 2 0 0 7 
294 1 7.22989 6.37778 14.7828 1.2978e-04 0.00266856 -0.00315509 0.0041343256 0.0 15 21.2387838332 2.2540576756 0 0 0 3 6 6 0 0 0 6 
232 1 3.36723 3.93978 17.2194 0.00500962 -8.80681e-05 0.00185196 0.0053417043 0.0 14 22.1799162655 2.2951150632 0 0 0 3 7 3 1 0 0 7 
319 1 6.23649 7.00727 12.2709 0.00289902 -0.00209186 4.3498e-04 0.0036013057 0.0 13 19.8978560666 2.3180995126 0 0 0 1 10 2 0 0 0 6 
614 1 5.27762 5.27045 10.2211 -0.00184177 9.78573e-04 -0.0020799 0.0029454551 0.0 14 20.4207707553 2.2316620933 0 0 0 2 8 4 0 0 0 6 
479 1 5.8302 2.27551 10.2957 -0.00188893 0.00464402 -0.00241701 0.0055656909 0.0 15 23.5540223624 2.2228046402 0 0 0 3 7 4 1 0 0 7 
813 1 1.65677 6.22081 15.9081 1.37689e-05 -0.00265443 9.50898e-04 0.0028196445 0.0 16 21.214450548 2.3524338285 0 0 0 2 8 6 0 0 0 6 
589 1 4.32415 5.88262 15.1513 -0.00191955 -0.00102414 0.003503 0.0041236566 0.0 14 20.2500292473 2.3064623217 0 0 0 2 8 4 0 0 0 6 
165 1 3.50793 8.30225 12.8848 -0.00228554 0.00297359 3.21577e-04 0.0037642187 0.0 14 20.533407155 2.1522351725 0 0 0 2 8 4 0 0 0 6 
519 1 0.409387 3.47302 17.0172 0.00203964 -9.22239e-05 -0.00246388 0.0031998971 0.0 13 19.3833073824 2.0835767283 0 0 0 1 10 2 0 0 0 6 
910 1 0.693668 6.75057 12.8586 -0.00389486 -6.45585e-04 0.00191623 0.004388468 0.0 15 23.3705657505 2.1522351725 0 0 0 4 5 5 1 0 0 7 
675 1 0.0688014 3.61762 12.3512 8.37973e-04 -0.00232378 0.00178907 0.0030500695 0.0 15 24.3597268781 2.3606778155 0 0 0 2 8 5 0 0 0 6 
823 1 2.04172 3.70557 14.5814 -0.00223714 0.00117472 -0.002277 0.0034013955 0.0 14 21.0403767117 2.2020663146 0 0 1 2 6 4 1 0 0 7 
252 1 4.82745 1.91499 14.1204 3.10323e-04 0.00171066 0.00353131 0.0039360905 0.0 18 24.5797651876 2.2749446157 0 0 3 3 4 2 5 1 0 8 
13 1 1.30319 0.703959 13.0801 7.91487e-04 0.00337761 0.0020259 0.0040173339 0.0 14 20.7738592974 2.1872115797 0 0 1 3 5 3 2 0 0 7 
536 1 13.4583 1.04542 17.6044 -0.00153468 0.00217256 0.00303854 0.0040383146 0.0 14 21.8454616689 2.2049309931 0 0 1 3 4 5 1 0 0 7 
448 2 11.0938 1.89017 12.9988 3.84309e-04 -0.00489572 -0.00331812 0.0059266928 0.0 13 15.37138306 2.1767630379 0 0 2 2 4 3 2 0 0 7 
32 2 12.6322 2.69049 9.45998 -0.00272065 2.27683e-04 -0.00137026 0.0030547321 0.0 15 16.6848280762 2.1625177223 0 0 2 4 2 4 2 1 0 8 
521 1 11.3014 4.01421 16.9813 0.00148387 -0.0051229 -0.00107385 0.0054405081 0.0 14 19.493472868 2.2267967547 0 0 1 2 6 4 1 0 0 7 
754 2 12.3672 26.2119 9.88853 5.77187e-04 8.30004e-04 -0.00359122 0.0037308059 0.0 15 15.1455685592 2.2182276844 0 0 1 6 1 4 2 1 0 8 
860 2 16.5089 5.08129 12.3435 0.00394728 -0.00355867 0.00120677 0.0054499032 0.0 12 14.5362006737 2.1203136447 0 0 0 3 6 3 0 0 0 6 
819 2 15.3624 6.01869 16.8036 0.00237896 -9.45424e-05 0.00353042 0.0042581985 0.0 13 11.5032939238 2.0348205403 0 0 1 0 9 3 0 0 0 6 
829 1 10.9149 5.39611 8.72524 -0.00109161 0.00142962 0.00262678 0.0031836141 0.0 16 23.1303780649 2.1755019081 0 0 1 2 7 4 2 0 0 7 
884 2 10.237 8.1506 14.0402 0.00188446 -8.78777e-04 -0.00188784 0.0028084477 0.0 14 15.902802426 2.3040807156 0 0 0 1 10 3 0 0 0 6 
546 2 15.083 6.61718 10.9381 -0.00204176 -0.00117575 0.00128478 0.0026836229 0.0 14 17.1628607727 2.3340817863 0 0 0 2 8 4 0 0 0 6 
247 2 12.7934 7.46792 13.956 6.3428e-04 -0.00214526 -0.00113258 0.0025074268 0.0 14 12.1885063808 1.8403980529 0 0 1 3 4 5 1 0 0 7 
221 2 11.0649 1.3257 10.7977 0.00397799 -0.0014027 9.80872e-04 0.0043305983 0.0 14 13.9303269801 2.04977025 0 0 1 2 6 4 1 0 0 7 
620 2 13.4892 1.15335 14.4746 -1.99208e-04 -9.04396e-04 0.00251748 0.0026824096 0.0 15 17.3196194964 2.2313733074 0 0 1 2 6 5 1 0 0 7 
142 2 17.7201 7.08729 13.602 4.70522e-04 -6.78336e-04 0.00130893 0.0015475233 0.0 14 14.1447868297 2.2375385602 0 0 0 4 5 4 1 0 0 7 
995 2 16.253 1.02299 13.9014 -0.0017935 0.00387333 0.00144655 0.0045068653 0.0 12 15.5635762091 2.3719749836 0 0 2 2 3 4 1 0 0 7 
990 2 12.7028 3.38496 13.8402 -3.50943e-04 -0.00472793 0.0036672 0.0059937333 0.0 14 14.5427495826 2.1736463823 0 0 1 2 5 6 0 0 0 6 
352 1 17.2929 0.910017 8.86498 0.00133043 -0.00188826 -0.00259784 0.0034762541 0.0 15 20.8948120689 2.1521350497 0 0 0 1 10 4 0 0 0 6 
87 2 15.3252 2.49941 15.2608 0.00110454 -0.00129798 0.00639224 0.0066155493 0.0 14 15.5361221339 2.1181923462 0 0 0 5 3 5 1 0 0 7 
674 2 13.117 2.14155 11.8476 0.00100438 -0.0015556 -0.00178882 0.0025745966 0.0 15 12.4248354391 1.876750786 0 0 1 2 6 5 1 0 0 7 
21 2 14.9619 3.19438 12.9099 -5.37883e-04 0.00200751 6.15297e-04 0.0021674882 0.0 14 12.0027716141 1.8807637455 0 0 2 3 2 5 2 0 0 7 
212 2 15.5555 3.65855 10.5538 -4.21055e-04 -2.67689e-04 -0.00281934 0.0028631491 0.0 17 18.1695164007 2.1400621806 0 0 1 3 6 5 1 1 0 8 
774 2 15.9185 1.45789 11.6367 0.00123054 0.00383033 0.0031452 0.0051066564 0.0 13 12.6167402979 1.9900023545 0 0 2 3 3 3 1 1 0 8 
880 2 16.8173 4.0403 17.3769 0.00556158 0.00475866 0.00404404 0.0083624325 0.0 14 14.7699367943 2.1958099486 0 0 0 2 8 4 0 0 0 6 
334 2 13.8376 5.52256 12.5966 6.44013e-04 -1.02405e-04 0.00297633 0.0030469296 0.0 16 13.1794251349 1.9572054972 0 0 2 3 4 5 1 0 1 9 
146 2 13.6681 5.35434 15.091 -0.00235917 0.00109522 -0.00391305 0.0046986328 0.0 14 13.2715996167 1.9582558823 0 0 0 4 4 6 0 0 0 6 
523 2 16.1784 9.30421 14.1595 0.0031514 -5.61782e-04 -0.00159566 0.0035767376 0.0 14 12.4647729294 1.9885061424 0 0 2 3 3 3 3 0 0 7 
488 2 15.2906 7.32019 13.3294 0.00143136 0.00203646 0.00211472 0.0032661907 0.0 16 12.6580865635 2.0348205403 0 0 1 3 5 5 2 0 0 7 
54 2 9.46001 8.82564 16.3201 -0.00188629 -0.00283813 0.00354242 0.0049154665 0.0 13 18.3375115491 2.2786900304 0 0 1 2 5 5 0 0 0 6 
496 2 10.9785 7.1298 11.5117 -0.00100363 9.4484e-04 -0.0010549 0.0017357447 0.0 14 16.83362695 2.1629138477 0 0 0 3 6 5 0 0 0 6 
560 1 9.18963 3.7678 14.9895 0.00281222 -0.00295408 0.0011138 0.0042279688 0.0 15 22.8205316209 2.2540576756 0 0 1 3 5 4 2 0 0 7 
176 2 12.7721 8.01165 10.0932 8.50124e-04 -0.00108965 0.00196601 0.0024031736 0.0 13 14.8558618403 2.0846922211 0 0 0 3 6 4 0 0 0 6 
16 2 17.6909 6.3052 16.1189 -2.75776e-04 0.00123399 0.00125507 0.001781568 0.0 13 11.6182195892 2.0348205403 0 0 0 3 6 4 0 0 0 6 
991 1 10.9817 1.53359 16.0492 0.00168178 4.76713e-04 0.00175048 0.0024738269 0.0 15 20.1026235049 2.1736463823 0 0 0 3 6 6 0 0 0 6 
790 2 11.3018 6.7642 15.6509 0.00370478 0.00190675 0.00172662 0.0045102447 0.0 13 15.3002294924 2.2540576756 0 0 1 3 4 4 1 0 0 7 
888 2 14.2397 7.95222 15.7171 0.00354558 0.00230017 1.59509e-04 0.0042293454 0.0 14 12.7675846635 2.0268619177 0 0 2 4 1 4 3 0 0 7 
231 2 16.1307 4.79626 14.6797 -0.00149823 0.00173164 2.8754e-04 0.0023078019 0.0 14 13.8886631156 1.9924734037 0 0 0 3 6 5 0 0 0 6 
492 2 11.6064 9.27789 16.3959 -0.00533777 0.00181751 -0.00140311 0.0058106668 0.0 14 14.5200873792 2.1977101574 0 0 1 3 3 7 0 0 0 6 
22 2 13.2651 4.64066 10.527 -0.00325638 -0.00153354 -1.76951e-04 0.0036037574 0.0 15 16.0439092478 2.1400621806 0 0 5 0 4 2 2 1 1 9 
329 2 17.4276 2.95731 13.2652 -0.00109284 0.00172926 -0.00141306 0.0024862377 0.0 14 15.3112562618 2.0733705866 0 0 0 2 9 2 1 0 0 7 
160 2 11.2513 3.69826 11.4213 -0.00110758 -0.00163259 0.00339305 0.0039249041 0.0 14 16.5109262154 2.1622290741 0 0 2 2 6 0 4 0 0 7 
391 2 11.3259 5.42552 13.5329 0.00498258 -4.75177e-05 5.17386e-05 0.0049830752 0.0 14 16.1786240446 2.2540576756 0 0 2 2 4 4 2 0 0 7 
201 2 13.7173 8.37912 12.0085 -0.00187433 -1.37506e-04 0.0020505 0.0027814692 0.0 15 12.9819050102 1.9361916003 0 0 1 3 6 3 1 1 0 8 
330 2 14.3134 3.89699 16.8929 0.00265741 5.36706e-04 0.00241268 0.0036291743 0.0 16 16.2063464851 2.2049309931 0 0 0 5 5 3 3 0 0 7 
851 1 9.13581 2.78871 18.2721 -0.00273295 -0.00205924 7.163e-04 0.0034960793 0.0 15 21.7909513758 2.2085154387 0 0 0 2 9 3 1 0 0 7 
898 1 18.8779 2.69999 10.7922 -0.0013718 8.96788e-04 0.00165519 0.002329317 0.0 17 21.6899857032 2.2168802795 0 0 0 5 4 6 2 0 0 7 
855 1 26.0762 1.72914 14.7503 0.00299057 3.09386e-04 -0.00408413 0.0050714245 0.0 15 20.7900147081 2.2559568072 0 0 0 3 7 4 1 0 0 7 
211 2 22.2318 0.478646 11.184 -0.00462284 7.06582e-04 -0.00123747 0.0048374828 0.0 14 14.5548734502 2.0778329204 0 0 0 3 6 5 0 0 0 6 
848 2 19.9157 0.740355 13.0468 -0.001528 -0.0010371 -0.00179325 0.0025741224 0.0 14 16.8931053282 2.2105017941 0 0 1 2 6 4 1 0 0 7 
318 2 18.879 5.03348 17.9115 -0.00107292 -0.00134885 -4.46087e-04 0.0017803222 0.0 12 13.1119509945 2.0533702679 0 0 0 0 12 0 0 0 0 5 
665 2 18.6107 3.95912 15.8551 -0.00227239 -0.00136655 0.00199432 0.0033179101 0.0 12 15.1809671806 2.0983429001 0 0 0 2 8 2 0 0 0 6 
12 1 21.4755 2.90293 17.1755 9.79233e-04 9.24718e-04 -7.72143e-04 0.0015524836 0.0 16 21.2382261025 2.0971422422 0 0 1 2 7 4 2 0 0 7 
941 2 20.1364 7.78558 13.8652 0.00243577 0.00301826 -0.00212544 0.00442271 0.0 14 15.7213550093 2.2002090493 0 0 3 3 1 4 2 1 0 8 
876 2 22.6325 5.45993 16.3822 -0.00172678 0.00225511 1.21167e-04 0.0028428809 0.0 14 19.2471319617 2.1431649696 0 0 0 3 7 3 1 0 0 7 
276 1 21.6318 3.35148 11.1093 -0.00297067 -5.32912e-05 -0.00290072 0.0041523363 0.0 16 21.4260737545 2.191309367 0 0 1 4 4 4 3 0 0 7 
690 1 26.6558 5.6315 9.7462 -0.00356819 -0.00212746 -0.00239422 0.0047948259 0.0 14 21.90307141 2.3535370329 0 0 0 1 10 3 0 0 0 6 
858 1 18.3253 6.1684 9.93781 9.59962e-04 -2.77396e-04 0.00372092 0.003852755 0.0 16 23.314750406 2.3156508387 0 0 0 2 9 4 1 0 0 7 
654 1 18.8775 1.1138 15.9501 0.00154719 0.00216518 -1.285e-04 0.002664266 0.0 17 21.1384570582 2.4917709602 0 0 1 4 3 7 2 0 0 7 
972 2 23.2857 7.52155 17.8893 0.00116656 0.00166976 0.00214452 0.0029576894 0.0 14 17.0079274622 2.1706932181 0 0 0 3 6 5 0 0 0 6 
353 1 20.8571 6.14351 11.3775 -0.00335243 0.00157177 0.00143192 0.0039698416 0.0 16 21.9533918495 2.2375385602 0 0 1 4 4 4 3 0 0 7 
698 1 25.5397 8.28621 10.7174 -6.1421e-04 0.00297814 -0.00366604 0.0047630265 0.0 13 20.6225382344 2.0888897066 0 0 1 0 9 3 0 0 0 6 
564 2 21.5228 4.94253 14.0478 2.83275e-04 0.00208095 0.00186654 0.0028097276 0.0 11 16.201591491 2.1627093958 0 0 0 2 8 1 0 0 0 6 
152 1 25.6126 4.7169 14.9701 -0.00171591 4.59539e-04 0.00165563 0.0024282986 0.0 13 21.3261362279 2.1431649696 0 0 1 0 9 3 0 0 0 6 
361 2 24.2348 1.3037 12.064 -0.00241383 0.00100178 -0.00139577 0.0029628217 0.0 15 17.2100064587 2.1088715487 0 0 0 3 6 6 0 0 0 6 
88 1 24.2207 2.64941 16.7675 8.04466e-04 -7.35241e-04 0.00454244 0.0046713495 0.0 16 21.5547723514 2.2559568072 0 0 1 0 11 2 2 0 0 7 
974 1 24.1806 6.16191 12.6718 -0.00239964 5.02165e-04 -9.84457e-04 0.0026418928 0.0 16 23.3166825583 2.1627093958 0 0 0 3 7 5 1 0 0 7 
206 2 22.2676 1.32987 13.4127 0.00110142 -0.00142751 -0.00238693 0.0029913786 0.0 13 14.4442688384 2.2559568072 0 0 2 2 6 0 2 1 0 8 
861 2 23.1851 3.34639 13.8762 0.00216229 0.00479561 -5.38619e-04 0.005288051 0.0 14 19.2347793695 2.2062234882 0 0 1 2 6 4 1 0 0 7 
916 2 18.7835 7.70389 17.5816 0.00150245 -0.00207728 -3.65814e-04 0.0025896463 0.0 12 11.4969739627 1.816534488 0 0 0 0 12 0 0 0 0 5 
826 2 20.0074 6.04201 15.6092 -4.02213e-04 -0.0010186 0.00294588 0.0031428538 0.0 15 13.909939349 2.0533702679 0 0 0 3 6 6 0 0 0 6 
199 2 21.0441 8.01049 16.6854 1.19404e-04 -6.25468e-04 0.00199902 0.0020979868 0.0 15 13.7669859329 1.8451472269 0 0 0 4 4 7 0 0 0 6 
729 2 20.1934 3.02662 14.0794 0.00323131 0.00305226 0.00235471 0.0050301406 0.0 13 16.366495428 2.0971422422 0 0 0 4 5 3 1 0 0 7 
715 1 19.9264 8.64554 10.2332 0.00208412 -0.0030169 2.06794e-05 0.0036668337 0.0 13 20.476600839 2.2348606391 0 0 1 3 5 2 2 0 0 7 
651 1 25.5433 5.56354 18.0566 -0.00185715 0.00136727 0.0010795 0.0025463216 0.0 15 20.9073991869 2.1236238452 0 0 1 1 9 2 2 0 0 7 
346 2 18.9807 4.98751 13.4313 -0.00403509 -0.00285136 1.68467e-04 0.0049437421 0.0 14 15.9225640091 2.1509218885 0 0 0 4 5 4 1 0 0 7 
529 2 22.6599 7.76855 14.8506 8.86095e-04 -0.00349582 8.25991e-05 0.0036073182 0.0 14 16.8045387463 2.1627093958 0 0 1 3 5 3 2 0 0 7 
838 1 24.3319 3.88224 10.805 -7.22735e-04 0.00425336 7.84176e-05 0.0043150396 0.0 13 21.3264408019 2.2417357323 0 0 3 2 1 5 2 0 0 7 
684 1 25.5063 7.48158 15.6269 0.00156843 -0.00174196 0.00528165 0.0057784275 0.0 14 21.2669224901 2.1300718998 0 0 0 2 8 4 0 0 0 6 
348 1 21.6055 0.460424 16.0606 -0.00240449 -0.00350803 0.00233483 0.0048517294 0.0 16 21.354697386 2.2329241233 0 0 2 3 5 2 3 1 0 8 
118 2 0.180311 16.599 15.3336 -0.00108439 -0.00154138 -0.00159459 0.0024686983 0.0 16 17.9720987874 2.1698130581 0 0 0 4 7 3 1 1 0 8 
114 1 3.40778 16.3091 15.8831 0.00116167 9.88606e-04 0.0050783 0.0053024475 0.0 13 21.2272901905 2.2999731647 0 0 2 2 4 4 0 1 0 8 
174 1 0.712334 16.4065 10.8762 0.00128732 -1.19342e-04 -9.72155e-04 0.0016175663 0.0 14 21.9147757452 2.2180980333 0 0 0 6 1 6 1 0 0 7 
932 1 5.45824 11.21 16.6613 -0.00334354 -0.00275779 -6.87613e-05 0.0043346734 0.0 14 21.1041522775 2.2057901538 0 0 1 3 5 3 2 0 0 7 
716 1 0.247976 13.2657 11.036 0.00220074 9.30551e-04 -3.41937e-04 0.0024137321 0.0 16 21.9526260401 2.2378803425 0 0 0 2 8 6 0 0 0 6 
709 1 5.3289 16.9837 12.287 -3.7821e-04 -0.00105843 0.00364407 0.0038134713 0.0 15 21.572859712 2.2184671131 0 0 1 3 5 4 2 0 0 7 
392 1 8.23307 11.1939 17.6618 -0.00299623 -0.00459502 0.00199442 0.0058368925 0.0 14 21.0135944399 2.257274587 0 0 0 2 8 4 0 0 0 6 
304 1 8.01613 16.1134 11.6105 0.00284818 -0.00341846 0.00184461 0.0048166985 0.0 15 23.9257550895 2.2732158498 0 0 0 2 8 5 0 0 0 6 
954 1 3.58872 17.1168 10.1344 0.00279867 5.32255e-04 1.18627e-04 0.0028513017 0.0 15 20.9923057123 2.196251828 0 0 0 3 7 4 1 0 0 7 
431 1 5.85599 10.0651 11.8067 -9.8066e-05 1.98389e-04 -0.00229774 0.0023083726 0.0 14 22.1291841698 2.3069917101 0 0 2 0 8 2 2 0 0 7 
627 1 7.21145 13.6062 16.2398 6.36137e-05 0.00261697 -2.78825e-04 0.0026325505 0.0 14 21.5889548389 2.3040394102 0 0 0 4 4 6 0 0 0 6 
706 1 3.94018 10.7558 14.1691 -0.00106011 9.91574e-04 -6.62825e-04 0.001595741 0.0 13 19.9406591906 2.1301829965 0 0 0 1 10 2 0 0 0 6 
773 1 5.2997 13.628 12.6053 -0.00199173 -0.00221718 -0.00367575 0.0047322314 0.0 16 24.3336786686 2.2184671131 0 0 0 1 10 5 0 0 0 6 
981 1 5.68711 14.4425 9.82538 0.00173897 -0.00345628 0.00333353 0.0051070843 0.0 11 20.982033387 2.2111665123 0 0 0 2 8 1 0 0 0 6 
580 1 1.09098 8.90031 14.5767 -4.84119e-04 -1.31315e-04 1.99373e-04 5.3978183418e-04 0.0 14 22.0105106371 2.4151676661 0 0 1 3 5 4 0 1 0 8 
587 1 2.63685 15.5018 13.2377 4.5316e-04 2.92794e-04 -1.70119e-04 5.6570556493e-04 0.0 15 23.3826089806 2.2184671131 0 0 0 4 4 7 0 0 0 6 
899 1 6.03635 15.9432 14.9305 0.00139071 4.257e-04 0.00318843 0.0035044801 0.0 16 22.564213549 2.3674461924 0 0 1 4 4 5 1 1 0 8 
349 1 1.90674 12.8025 13.4076 -0.00190576 0.00679468 0.00349279 0.0078739558 0.0 14 22.3093513551 2.3945855913 0 0 0 3 6 5 0 0 0 6 
763 1 2.89725 13.9492 10.3043 -1.32219e-04 0.00334993 -0.00544078 0.0063907433 0.0 13 21.8001355004 2.2184671131 0 0 0 3 6 4 0 0 0 6 
761 1 7.22191 11.7215 14.0647 -0.00256099 0.00554137 -0.00116366 0.0062144634 0.0 14 21.7753177161 2.2857308084 0 0 2 2 4 5 0 1 0 8 
48 1 4.09127 13.4144 15.5408 -2.49807e-04 0.00114289 -0.00433544 0.0044905057 0.0 14 21.6695297741 2.2631794756 0 0 2 2 5 3 1 1 0 8 
359 1 3.11416 11.039 11.3957 -0.00324575 -0.00111112 0.00102814 0.0035814177 0.0 14 22.2807428195 2.3079608492 0 0 1 2 7 2 2 0 0 7 
427 1 2.03271 11.4624 16.2861 -0.00164017 -0.00184483 -1.77169e-04 0.0024748625 0.0 14 22.9584322224 2.3813027422 0 0 0 3 7 3 1 0 0 7 
238 1 7.46331 12.5502 11.401 -0.00345696 -2.08451e-04 -2.925e-04 0.0034755691 0.0 15 21.4468685833 2.183774062 0 0 2 3 3 4 3 0 0 7 
117 1 8.57878 14.141 13.721 7.48766e-04 0.00110779 -0.00331162 0.003571369 0.0 14 21.4377760261 2.2732158498 0 0 0 3 6 5 0 0 0 6 
593 2 4.99356 11.4048 9.09535 -9.48728e-04 -0.00524952 -0.00281176 0.0060302188 0.0 15 18.3327480115 2.1766174529 0 0 1 2 6 5 1 0 0 7 
554 1 8.49428 16.3821 16.6792 0.00242658 -0.0011925 -8.91549e-05 0.0027052348 0.0 15 21.6596538344 2.3674461924 0 0 1 2 7 3 2 0 0 7 
89 2 1.0319 14.7217 16.4515 -0.00296658 0.00350038 -3.05287e-04 0.0045985277 0.0 14 18.586610881 2.2069937764 0 0 0 3 7 3 1 0 0 7 
832 1 10.4235 14.116 15.9395 -2.61632e-04 1.50166e-05 -1.92828e-04 3.2536047591e-04 0.0 14 22.2355998506 2.2673156027 0 0 0 2 8 4 0 0 0 6 
115 2 9.90174 11.0417 12.9776 -7.14889e-04 0.0024862 0.00154209 0.0030116936 0.0 15 16.8154712856 2.3040807156 0 0 2 3 4 2 4 0 0 7 
727 1 16.3954 14.514 9.23653 0.00357334 -0.00180272 -3.30536e-04 0.0040159447 0.0 14 22.7399806501 2.309849886 0 0 0 2 8 4 0 0 0 6 
195 2 12.6994 11.9049 14.7616 0.00281533 0.00155405 -3.4015e-04 0.0032337063 0.0 16 18.0650521278 2.2845418038 0 0 2 3 2 7 2 0 0 7 
451 2 15.982 10.4459 16.2829 -0.00113619 -9.61605e-04 0.00128963 0.0019694561 0.0 14 14.6590651652 1.99863922 0 0 1 3 5 3 2 0 0 7 
584 2 9.37651 10.8161 9.85168 -5.6302e-04 0.00520124 0.00425027 0.0067405255 0.0 13 16.4356719745 2.1794180961 0 0 1 2 5 5 0 0 0 6 
314 2 16.651 8.51335 11.6246 0.00184668 -0.00172486 0.00126137 0.0028242562 0.0 14 16.4873459194 2.3048574191 0 0 0 4 4 6 0 0 0 6 
816 2 12.8301 13.6708 9.7332 -6.80564e-04 -2.20049e-04 0.00121317 0.0014083218 0.0 14 17.9534807851 2.1720076634 0 0 1 2 5 6 0 0 0 6 
818 2 9.39412 12.26 7.85439 -0.00232951 -0.00294059 -0.00263014 0.0045816288 0.0 12 13.0357561878 2.0407498811 0 0 0 4 4 4 0 0 0 6 
139 1 18.3169 11.1881 10.1631 0.0027546 7.46108e-04 -4.40669e-04 0.0028876786 0.0 17 22.2774987233 2.3327040252 0 0 1 4 3 7 2 0 0 7 
337 2 9.104 8.67771 12.1115 0.00194839 -0.00198866 7.13156e-04 0.0028739491 0.0 15 19.935312732 2.3180995126 0 0 2 1 6 4 2 0 0 7 
381 2 16.9868 10.9815 18.3689 -0.00406592 0.00271217 8.53659e-04 0.0049614822 0.0 13 16.1367077949 2.256749428 0 0 2 2 4 3 2 0 0 7 
288 2 11.2574 12.9989 12.9252 -8.14442e-04 -0.00143819 0.00166318 0.0023447546 0.0 14 18.2521002958 2.3581775497 0 0 2 2 5 2 3 0 0 7 
310 1 14.3703 16.2616 10.5883 -0.00510423 0.00498011 6.93275e-04 0.0071648649 0.0 13 21.0586737582 2.2687857868 0 0 0 1 10 2 0 0 0 6 
949 2 16.5828 8.09117 16.8817 -0.00320634 -1.90133e-05 -0.00127053 0.0034489454 0.0 15 12.580513179 2.0348205403 0 0 1 2 7 3 2 0 0 7 
565 2 12.5432 11.5183 11.7425 -0.00105181 -0.00285062 2.69397e-04 0.0030503956 0.0 16 13.7225358415 1.9763187646 0 0 2 3 3 6 1 1 0 8 
891 2 13.8133 9.68868 17.4841 -0.00509987 -0.00118976 -8.94026e-04 0.005312578 0.0 15 17.2914680204 2.2773097549 0 0 0 5 3 6 1 0 0 7 
403 1 15.2514 16.3727 13.1363 -6.16164e-04 0.00181161 0.00153638 0.002453987 0.0 16 22.8027302671 2.3872931796 0 0 2 4 2 5 2 1 0 8 
568 2 16.7233 13.1112 12.1005 0.00385822 2.09632e-06 0.00109122 0.0040095669 0.0 14 17.897282584 2.1603396915 0 0 1 5 2 3 3 0 0 7 
317 2 17.5803 12.5061 16.1302 5.65144e-04 9.1038e-04 -2.09886e-04 0.0010918936 0.0 15 14.7780117394 1.9953641278 0 0 0 4 5 5 1 0 0 7 
331 2 17.914 17.2764 17.4723 -0.00167309 6.63915e-04 8.18668e-04 0.0019774303 0.0 15 19.7451255731 2.3148004119 0 0 1 0 10 3 1 0 0 7 
633 2 19.3087 10.7994 15.3988 -0.00152372 -5.70052e-04 0.00318392 0.003575476 0.0 15 13.289470388 1.9814826185 0 0 2 3 4 3 2 1 0 8 
100 2 10.9224 14.3724 8.1175 -5.88813e-04 0.00140674 -0.00134261 0.0020318021 0.0 16 18.8860336325 2.2571030132 0 0 1 2 6 6 1 0 0 7 
696 2 11.9184 9.75211 13.939 -0.00235017 -0.00301395 6.85525e-04 0.0038829291 0.0 13 12.0359386479 1.8902727464 0 0 3 1 3 4 2 0 0 7 
355 2 15.0442 12.0633 10.4805 0.00112784 4.62251e-04 0.00280029 0.0030540667 0.0 12 15.2816174188 2.3327040252 0 0 2 3 1 5 1 0 0 7 
323 2 16.8323 13.8939 14.5506 0.00445235 -4.72419e-04 0.00207685 0.0049355756 0.0 13 15.1836813485 2.2161922933 0 0 1 4 2 5 1 0 0 7 
502 2 14.1045 13.3335 12.2076 -0.00292649 -6.00058e-04 0.00116478 0.0032064195 0.0 14 18.3030500844 2.3872931796 0 0 0 4 5 4 1 0 0 7 
960 2 10.3134 13.2889 10.4189 -0.00412912 -8.75284e-04 -0.00156186 0.0045005734 0.0 16 18.8785254821 2.2732158498 0 0 0 5 4 5 2 0 0 7 
643 2 17.1198 15.0948 16.4702 -0.00137524 0.00248039 -0.00143682 0.0031793193 0.0 14 17.8239425292 2.2869032825 0 0 0 3 6 5 0 0 0 6 
804 1 11.6479 16.1969 11.0672 0.00161089 -0.00296309 -0.00387034 0.0051336537 0.0 16 23.8215717792 2.3872931796 0 0 1 4 4 5 1 1 0 8 
532 1 9.44591 17.3216 9.18291 -0.00112215 -4.15977e-04 -0.00136247 0.0018134448 0.0 15 23.5109300007 2.3685936334 0 0 2 2 4 5 2 0 0 7 
90 2 15.6864 9.96393 9.82423 -3.548e-04 -6.05037e-05 -5.17753e-04 6.305647522e-04 0.0 13 17.5196105582 2.5263386623 0 0 0 4 4 5 0 0 0 6 
180 2 11.6582 11.7381 9.19343 0.00162891 4.91401e-04 -8.82741e-04 0.0019167823 0.0 15 14.9754113439 2.2170921808 0 0 2 2 5 4 1 1 0 8 
938 1 17.7265 15.923 11.248 -0.0011769 -0.00261126 -0.00303532 0.0041733607 0.0 17 22.3875816731 2.215462402 0 0 1 3 7 3 2 1 0 8 
758 2 10.1935 10.9383 15.3093 0.00257465 -0.0016463 0.00253613 0.0039712821 0.0 14 18.1921397828 2.3040807156 0 0 0 4 5 4 1 0 0 7 
528 2 15.146 10.5292 12.5643 0.00233878 0.00304382 -8.76051e-04 0.003937283 0.0 16 13.7345142623 2.0587498342 0 0 3 2 4 4 1 2 0 8 
862 2 15.1576 12.1876 14.1395 -5.20464e-04 0.0015853 0.00322967 0.0036352204 0.0 13 14.7972074441 2.106105225 0 0 1 4 2 5 1 0 0 7 
376 2 13.9645 10.0875 14.7629 -0.00131506 -0.00328962 0.00141165 0.0038136253 0.0 14 12.4635049063 2.0381709657 0 0 1 4 4 2 3 0 0 7 
305 2 17.6418 11.3139 13.333 1.14334e-04 -6.94834e-04 -0.00197722 0.0020988724 0.0 14 14.4576791031 2.0696393541 0 0 1 4 3 4 2 0 0 7 
497 2 10.2291 8.67658 9.69711 -0.00171439 0.00476722 8.56085e-04 0.0051379374 0.0 13 15.2243593598 2.17517279 0 0 0 3 6 4 0 0 0 6 
788 2 11.4398 9.46126 11.5398 -0.0022339 -0.00201868 8.84207e-04 0.0031380249 0.0 13 12.2612008422 1.942069978 0 0 0 3 6 4 0 0 0 6 
897 1 13.2297 14.9062 15.128 0.00244482 -2.06425e-04 -3.4676e-05 0.0024537642 0.0 16 25.3740217409 2.3872931796 0 0 0 4 5 6 1 0 0 7 
460 1 11.3606 16.7402 16.6334 -0.0032338 -0.00110877 -2.24587e-04 0.0034259703 0.0 12 19.6762722048 2.2500978516 0 0 0 0 12 0 0 0 0 5 
743 1 10.6664 16.2243 13.6385 -0.00316902 0.00323609 0.0010741 0.0046549605 0.0 15 22.106100205 2.360320157 0 0 2 1 7 3 1 1 0 8 
409 1 13.2758 18.1667 14.4983 0.00155866 -5.89451e-04 -0.00105253 0.0019709624 0.0 16 22.7615885606 2.3382625585 0 0 4 2 4 0 4 2 0 8 
151 2 19.8068 17.3428 15.9611 0.00499908 0.00386634 -5.81193e-04 0.0063464298 0.0 16 17.3204934403 2.2756519282 0 0 0 6 3 4 3 0 0 7 
103 2 18.9801 10.2073 17.6624 -0.00107135 0.00202237 -7.79967e-04 0.0024178751 0.0 14 14.2178344192 2.0965205206 0 0 0 2 8 4 0 0 0 6 
649 2 18.3451 8.72804 15.1631 0.00189804 -0.00113302 0.00165708 0.0027626444 0.0 14 12.9642907895 1.9210216223 0 0 2 2 4 5 0 1 0 8 
655 2 20.2763 11.1795 12.7028 -0.00326187 0.00456207 -0.0010654 0.0057085336 0.0 14 16.0287823928 2.2002090493 0 0 1 3 4 5 1 0 0 7 
163 2 26.1775 13.2007 15.1917 -0.00101897 1.70157e-04 -2.26658e-04 0.0010576517 0.0 14 15.9327682521 2.4151676661 0 0 1 6 1 3 2 1 0 8 
404 1 24.7391 9.36749 13.5229 -2.88796e-04 -0.00485423 4.92747e-04 0.0048877144 0.0 15 21.6802687925 2.4088190545 0 0 0 1 10 4 0 0 0 6 
883 1 0.501993 10.3927 12.1116 -0.00180698 -0.00185434 -6.2209e-04 0.0026628461 0.0 16 21.8176057009 2.4151676661 0 0 1 5 2 6 1 1 0 8 
601 2 25.9992 17.0304 13.2324 0.00376642 -0.00453352 -6.43543e-04 0.0059289856 0.0 15 16.7767394409 2.2318466027 0 0 3 2 4 1 5 0 0 7 
658 2 18.647 9.27881 12.735 9.87832e-04 -0.00203488 0.0022498 0.0031903211 0.0 14 14.4609675543 2.2375385602 0 0 2 4 2 3 2 1 0 8 
109 1 23.9816 17.1844 10.2316 -5.95197e-04 3.41979e-04 -4.45646e-04 8.1841887965e-04 0.0 16 19.9818407649 2.2318466027 0 0 3 2 5 3 1 1 1 9 
596 2 24.3651 11.2787 11.1616 -0.00100799 8.63588e-04 9.43574e-04 0.0016285454 0.0 12 16.311566717 2.0462098388 0 0 0 0 12 0 0 0 0 5 
830 1 19.508 13.8974 9.84706 0.0042239 0.00150605 -0.00147416 0.0047204518 0.0 14 22.5787982663 2.1779881706 0 0 0 4 5 4 1 0 0 7 
755 2 22.8522 13.8881 14.0242 0.00124123 0.00198682 4.13674e-04 0.002378914 0.0 15 12.5187546719 1.8423860627 0 0 0 3 6 6 0 0 0 6 
527 2 23.7027 11.8169 15.1334 0.00162676 -0.00394067 -0.00340697 0.0054573503 0.0 13 13.0253501655 2.1021879881 0 0 0 1 10 2 0 0 0 6 
203 2 25.0593 12.5893 13.1547 0.00151126 -4.6983e-04 0.00512956 0.0053681498 0.0 12 14.6588953622 2.4108472413 0 0 0 2 8 2 0 0 0 6 
92 1 22.7401 8.31325 11.6002 0.00173577 0.00352685 0.00222713 0.0045179283 0.0 16 22.7014755862 2.2002090493 0 0 1 1 8 5 1 0 0 7 
644 2 26.0439 15.7281 18.0418 -5.67184e-04 0.0017716 0.00461549 0.0049762448 0.0 14 16.6007257243 2.1304617823 0 0 1 4 2 6 1 0 0 7 
741 2 20.2353 14.6603 15.753 -6.36348e-04 -7.73278e-04 4.24445e-04 0.0010876816 0.0 16 13.836166372 1.9953641278 0 0 1 3 5 5 2 0 0 7 
783 2 19.6856 12.4685 17.4941 0.00336157 -2.87749e-04 -0.00296716 0.0044929935 0.0 13 13.2005980578 1.9949988728 0 0 0 3 7 2 1 0 0 7 
778 2 24.1726 16.665 17.2999 0.00205801 -0.00378281 -7.08716e-04 0.0043643253 0.0 13 12.4212260252 1.8798641263 0 0 0 4 5 3 1 0 0 7 
436 2 24.4914 16.1958 14.8799 -0.00111762 -0.00111698 0.00230359 0.002793429 0.0 15 12.8920580266 1.9501837792 0 0 5 1 2 2 3 2 0 8 
209 2 19.1749 13.2815 13.6125 0.00208756 0.00356013 -0.00188523 0.0045372375 0.0 14 15.6268016901 2.215462402 0 0 0 2 8 4 0 0 0 6 
503 2 21.2692 13.6447 12.1748 -9.10282e-05 0.00219956 -7.95248e-04 0.0023406772 0.0 13 15.4136593758 2.215462402 0 0 0 1 10 2 0 0 0 6 
474 2 23.5654 9.81634 16.3974 -0.00182229 -0.0029889 0.00158401 0.0038423107 0.0 12 13.0861964902 2.0144050518 0 0 0 0 12 0 0 0 0 5 
650 2 25.6972 11.0943 16.5909 -0.00232717 -3.19455e-04 0.00122399 0.0026487588 0.0 15 16.9602315135 2.4151676661 0 0 0 3 7 4 1 0 0 7 
370 2 18.4189 15.654 14.051 -0.00174667 2.41881e-04 0.0016172 0.0023926342 0.0 13 17.0185838773 2.2010370842 0 0 3 1 3 5 0 1 0 8 
57 2 22.2331 15.8285 15.7242 0.00609647 -0.00224397 7.07811e-04 0.0065347796 0.0 13 12.0343722348 1.8045181934 0 0 1 3 4 4 1 0 0 7 
945 2 21.2606 12.2201 14.9469 -0.00325888 -0.00132783 5.04273e-04 0.0035549575 0.0 14 12.1215437004 1.9953641278 0 0 0 2 8 4 0 0 0 6 
6 2 21.4386 9.76414 14.6915 -5.46487e-04 0.00171538 -3.87618e-04 0.001841582 0.0 14 14.2761898221 2.1303146539 0 0 2 0 8 2 2 0 0 7 
107 2 23.7852 11.9191 17.7444 -0.00320549 -0.00219577 -2.28695e-05 0.003885498 0.0 14 13.1042628483 2.1223983342 0 0 0 3 6 5 0 0 0 6 
611 1 25.3942 14.9697 9.41403 -0.00201056 1.48025e-04 -0.00128427 0.0023903164 0.0 15 21.0967917772 2.2318466027 0 0 2 0 8 4 0 1 0 8 
681 2 23.1613 15.7258 12.7021 6.09582e-04 -7.32125e-04 -6.81383e-04 0.0011712728 0.0 15 15.2397096723 2.2040260199 0 0 3 2 4 4 0 1 1 9 
298 1 20.8282 16.7626 11.046 2.94378e-04 -0.00224941 -0.00172043 0.0028471711 0.0 14 21.4840146168 2.2134426945 0 0 1 3 4 5 1 0 0 7 
548 2 21.941 15.6444 18.0836 0.00257113 -0.00258996 0.00381415 0.0052788581 0.0 15 12.8853700859 1.8891126752 0 0 0 3 6 6 0 0 0 6 
726 2 21.5552 10.7986 16.866 1.29279e-04 -0.00110941 -0.00161024 0.0019596878 0.0 13 12.0853725665 1.8794318954 0 0 0 1 10 2 0 0 0 6 
229 2 24.4585 13.8725 16.4593 -5.80809e-04 0.00120544 -0.00132067 0.0018800516 0.0 16 14.0908934972 1.959896383 0 0 1 4 4 5 1 1 0 8 
998 2 21.7959 13.3087 16.9119 -8.06156e-04 -0.00293565 -0.00132787 0.0033213201 0.0 14 12.8582916301 1.8729919831 0 0 0 2 8 4 0 0 0 6 
955 2 20.8982 15.4604 13.8158 0.00304526 6.70102e-04 0.00193974 0.003672225 0.0 13 14.129993383 2.215462402 0 0 0 3 6 4 0 0 0 6 
108 2 21.7823 11.6771 10.6821 -4.11306e-04 5.84694e-04 -0.00565241 0.0056974361 0.0 14 18.6037625644 2.1116837322 0 0 0 2 8 4 0 0 0 6 
261 2 23.8027 13.7359 11.6366 3.78595e-04 -8.66642e-04 0.00257708 0.0027451309 0.0 13 15.0409091615 2.185570481 0 0 1 0 9 3 0 0 0 6 
577 2 25.652 14.8225 13.3936 -4.35095e-04 3.86857e-04 -0.00227807 0.0023512909 0.0 16 16.2174900186 2.2318466027 0 0 2 2 4 6 2 0 0 7 
65 2 22.6892 11.6703 12.9859 -0.00280759 0.0014142 0.00252594 0.0040327281 0.0 12 13.2998732794 2.0617988639 0 0 0 0 12 0 0 0 0 5 
398 2 18.8792 15.2509 17.9877 0.00242114 -0.00346454 0.00117034 0.0043857328 0.0 13 13.9554294122 1.966761278 0 0 0 6 1 5 1 0 0 7 
606 2 26.7102 12.9693 17.9474 0.00408273 -0.00172141 7.94981e-04 0.0045015477 0.0 14 16.6980923478 2.1986783365 0 0 1 4 3 4 2 0 0 7 
678 1 19.0631 15.6334 7.65496 -0.00106995 -0.00398489 0.00206205 0.0046126122 0.0 15 21.4935379986 2.1519394806 0 0 0 0 12 3 0 0 0 6 
473 2 1.33709 26.0101 10.0063 0.00196684 0.00263922 0.00261447 0.004203498 0.0 13 17.1767864957 2.2455053216 0 0 0 3 6 4 0 0 0 6 
996 1 0.106365 25.8433 15.2202 -0.00202979 -0.00212316 -0.00191933 0.0035088009 0.0 14 20.1391690648 2.1551621255 0 0 0 1 10 3 0 0 0 6 
225 1 2.76504 18.1928 13.7194 0.00146912 -0.00265868 -0.00231327 0.0038181293 0.0 15 21.5888788913 2.2745414175 0 0 1 2 6 5 1 0 0 7 
167 1 1.93086 25.0664 17.4034 0.0010708 -0.00250454 -9.80856e-06 0.002723863 0.0 16 21.9960320948 2.292315174 0 0 0 3 7 5 1 0 0 7 
101 1 1.80302 19.2607 11.1466 -9.23962e-04 -0.0034247 -0.00395981 0.0053162366 0.0 14 20.6136714167 2.1298052476 0 0 1 5 2 3 3 0 0 7 
800 1 7.71464 19.3558 16.5115 6.72373e-04 -0.00224969 -0.00189298 0.003016051 0.0 16 22.7576403395 2.3674461924 0 0 1 3 4 7 1 0 0 7 
67 1 0.993487 23.1956 15.3083 8.58404e-04 -0.00155996 0.00143963 0.0022897308 0.0 12 21.3013182666 2.3545507384 0 0 0 0 12 0 0 0 0 5 
579 2 25.7628 23.9767 10.507 4.44669e-05 8.87686e-04 8.86561e-04 0.0012553701 0.0 14 17.8746349378 2.2548117956 0 0 0 3 6 5 0 0 0 6 
40 1 3.31862 21.7926 10.6698 0.00176415 0.00254322 0.0020764 0.0037271477 0.0 13 20.3421822884 2.2507663482 0 0 0 3 6 4 0 0 0 6 
902 1 5.1758 18.791 14.8519 0.00326336 -5.95506e-05 -0.00142565 0.0035616769 0.0 14 21.7398136442 2.3176186014 0 0 0 3 6 5 0 0 0 6 
178 1 6.44183 26.3235 12.4828 -0.00210512 0.00134464 -0.00545253 0.005997472 0.0 15 23.6460384651 2.2343670531 0 0 1 3 4 6 1 0 0 7 
904 1 0.644621 21.6383 9.55296 -0.00388706 -0.00233796 -7.24857e-04 0.0045935509 0.0 16 23.2782170489 2.2741773292 0 0 2 4 2 5 2 1 0 8 
421 1 6.30981 21.7825 10.5609 -0.00368989 -0.0010369 -1.32795e-04 0.003835112 0.0 16 21.1978999385 2.2837737147 0 0 0 2 9 4 1 0 0 7 
526 1 3.55175 25.0706 14.8066 0.00290802 -2.37308e-04 -0.00367714 0.0046940658 0.0 16 22.2394004316 2.2205851191 0 0 0 2 8 6 0 0 0 6 
952 1 1.65198 23.7833 12.4662 2.97535e-04 -0.00497821 -0.00202898 0.0053840377 0.0 16 23.0484510978 2.2548117956 0 0 0 1 10 5 0 0 0 6 
731 1 7.88731 23.1031 17.0612 -0.0029468 -0.00190429 -0.00246592 0.0042884394 0.0 13 21.8593988371 2.3071496962 0 0 1 1 8 2 1 0 0 7 
486 1 7.24406 20.1993 13.2055 -0.00199356 -7.08607e-04 0.0013351 0.0025017788 0.0 15 21.1227571414 2.2856218165 0 0 1 2 7 3 2 0 0 7 
435 1 3.34049 21.4012 13.5237 0.00221273 -6.35718e-04 9.02732e-04 0.0024729004 0.0 14 21.0151292238 2.3193559883 0 0 1 1 8 3 1 0 0 7 
570 1 5.80855 21.5516 15.0618 0.00295371 -0.00281029 -0.00322518 0.0051984535 0.0 14 21.3020495833 2.2688514838 0 0 1 1 8 3 1 0 0 7 
251 1 4.5751 23.9311 17.1736 -0.00207091 0.0039752 0.00141619 0.004700689 0.0 13 21.0930460508 2.2641345611 0 0 1 0 9 3 0 0 0 6 
510 1 3.28866 21.7774 16.176 -0.00151607 -0.00160774 0.00179623 0.0028477602 0.0 13 21.5356910878 2.2935090891 0 0 0 1 10 2 0 0 0 6 
405 1 2.19037 19.3746 16.3639 -3.14108e-04 0.0023675 -6.00991e-04 0.0024627039 0.0 16 24.3388080244 2.3545507384 0 0 0 1 10 5 0 0 0 6 
522 1 4.70109 19.6419 11.6962 7.29412e-04 -0.00152539 0.00247022 0.0029934668 0.0 13 18.4629756102 2.2856218165 0 0 1 1 9 0 2 0 0 7 
875 1 4.72499 23.7026 12.55 -0.00186685 -0.00470907 -0.00267359 0.0057278751 0.0 14 22.173089724 2.2856218165 0 0 0 2 8 4 0 0 0 6 
782 1 7.87851 23.2661 12.3884 -2.77234e-04 3.02979e-04 8.16739e-04 9.141758908e-04 0.0 16 23.8402180087 2.3782195326 0 0 2 3 4 3 4 0 0 7 
733 1 6.45164 24.8054 14.9861 2.76596e-04 -8.69342e-04 0.00230876 0.0024824652 0.0 15 23.3175518304 2.3782195326 0 0 1 3 5 4 2 0 0 7 
458 1 8.10238 17.4359 14.1058 0.00368829 -0.00107033 0.00129029 0.0040514118 0.0 12 19.6431217371 2.1123117285 0 0 0 3 6 3 0 0 0 6 
827 1 7.16791 19.0662 10.538 -5.30633e-04 -0.00264001 -7.45098e-05 0.0026938404 0.0 14 20.7712551722 2.2560013311 0 0 1 2 5 6 0 0 0 6 
710 1 4.78546 19.5344 8.99445 -7.18486e-04 0.00389066 -6.78598e-04 0.0040142188 0.0 14 20.1814465119 2.1858404456 0 0 0 1 10 3 0 0 0 6 
462 2 5.58439 25.729 9.58601 -8.9796e-04 -0.00263617 -0.00320129 0.00424311 0.0 14 16.6546565837 2.2807271932 0 0 0 1 10 3 0 0 0 6 
25 1 0.47968 21.3581 12.7868 -0.00208654 -6.53865e-05 0.00185555 0.0027930253 0.0 16 22.2469103593 2.3545507384 0 0 0 4 5 6 1 0 0 7 
76 2 3.7952 24.1417 9.16188 -0.00308428 -0.00117428 -4.57324e-05 0.0033005769 0.0 12 15.2153117003 2.2367674952 0 0 0 2 8 2 0 0 0 6 
797 2 8.15966 24.9135 9.86934 -8.41517e-04 9.86319e-04 0.00469952 0.0048750861 0.0 13 14.8313665918 2.275341127 0 0 0 5 4 2 2 0 0 7 
937 1 17.0316 20.4583 10.0131 0.00307521 -2.91471e-04 -0.00324832 0.0044825723 0.0 17 20.7586619547 2.2282098008 0 0 2 3 6 1 4 1 0 8 
289 1 14.6514 18.5965 9.07946 -0.00328851 -4.10198e-04 -7.17915e-04 0.0033908645 0.0 13 20.8830653878 2.1789974563 0 0 0 3 6 4 0 0 0 6 
625 2 10.0805 25.6354 8.88011 9.0247e-04 1.66586e-04 -6.04828e-05 9.1970710848e-04 0.0 14 12.9555485618 2.00648309 0 0 1 3 5 3 2 0 0 7 
439 1 10.3092 19.0 15.2009 0.00353122 6.21252e-04 -0.00826923 0.0090130812 0.0 14 21.3523002986 2.2500978516 0 0 1 3 5 3 2 0 0 7 
140 1 10.6679 19.1398 18.323 -0.00211226 0.00256713 -3.71338e-04 0.0033450995 0.0 14 20.6545627582 2.2186775147 0 0 1 1 8 3 1 0 0 7 
641 1 14.8752 25.6697 15.713 -0.00160467 -0.00254998 0.00248905 0.0039080345 0.0 16 21.6800550081 2.4917709602 0 0 2 2 5 5 1 1 0 8 
842 2 11.2054 24.0037 11.277 -0.00253165 3.25229e-04 -0.0055694 0.006126438 0.0 13 17.7408900391 2.2781931176 0 0 0 3 7 2 1 0 0 7 
365 1 16.1421 18.5954 11.7733 0.00303005 0.00168604 -0.00491217 0.0060127654 0.0 14 20.9018822817 2.2282098008 0 0 1 3 5 3 2 0 0 7 
248 1 9.26208 21.3306 10.8206 -5.59866e-04 -4.77683e-04 7.2709e-05 7.3953876513e-04 0.0 16 21.506880614 2.2439165413 0 0 1 3 5 5 2 0 0 7 
166 1 13.1813 18.6152 11.5536 -5.93622e-05 -4.55898e-04 -7.49359e-04 8.7915059465e-04 0.0 14 20.6477424129 2.2650492369 0 0 2 2 5 3 1 1 0 8 
189 1 11.6031 21.0446 12.3111 -9.76976e-05 -0.00153685 0.00231535 0.0027807011 0.0 14 22.0279516749 2.2910195658 0 0 2 2 5 3 1 1 0 8 
121 1 13.5876 23.4837 13.7161 0.00259102 -0.00430604 0.00258103 0.0056495204 0.0 15 23.6595497108 2.4180277627 0 0 0 2 8 5 0 0 0 6 
524 1 15.0944 20.4779 13.6891 -1.61918e-04 0.00167743 0.00135527 0.0021625785 0.0 16 21.8875398971 2.4180277627 0 0 2 3 3 5 3 0 0 7 
887 1 10.8402 23.2947 14.2235 -5.3857e-04 -0.00166243 -9.00568e-04 0.0019658977 0.0 16 22.9331898184 2.3782195326 0 0 2 3 4 4 2 1 0 8 
220 1 11.0228 21.9866 17.0677 9.85382e-04 9.27306e-04 3.04344e-04 0.0013869028 0.0 15 23.1110487926 2.2487775029 0 0 0 3 6 6 0 0 0 6 
578 1 13.4674 20.1607 17.6673 -1.05014e-04 4.56437e-04 -0.00240228 0.0024475114 0.0 16 21.366723946 2.2500978516 0 0 1 2 8 2 3 0 0 7 
802 1 8.81247 21.5797 14.9995 -9.70329e-04 -1.71703e-04 -3.31045e-04 0.0010395244 0.0 15 21.5212016171 2.3622173418 0 0 2 2 5 4 1 1 0 8 
544 1 11.2294 19.824 9.3557 -0.00343716 -0.00146484 -0.00183303 0.0041617093 0.0 15 23.5919279 2.349339594 0 0 1 2 7 3 2 0 0 7 
78 1 12.5749 20.8113 14.9313 9.35578e-04 0.00157858 0.00191567 0.0026527368 0.0 14 20.0507228373 2.1902255867 0 0 3 3 1 4 2 1 0 8 
425 2 14.3851 1.03017 10.1403 -5.99892e-04 0.00222401 0.00159305 0.0028006962 0.0 15 15.4538900929 2.2605831979 0 0 3 3 3 2 2 2 0 8 
86 1 12.0251 25.4887 16.0839 -0.0018295 -0.00127929 9.34084e-04 0.0024199517 0.0 15 21.6815215131 2.2487775029 0 0 0 2 8 5 0 0 0 6 
161 2 11.8836 25.9853 12.2941 -3.08745e-04 -0.0025309 -6.47297e-04 0.0026305459 0.0 13 15.4514677616 2.2420080485 0 0 0 2 8 3 0 0 0 6 
327 1 16.9469 18.1809 14.6862 -0.00118037 0.00433254 0.00138823 0.0047001445 0.0 14 20.3196337055 2.1698182817 0 0 1 3 4 5 1 0 0 7 
950 1 10.1362 18.8347 12.2912 1.01933e-04 -0.00193955 -1.57066e-04 0.0019485672 0.0 15 22.2596483244 2.2357458151 0 0 1 1 9 2 2 0 0 7 
717 2 17.8311 26.8097 12.0232 0.00112678 9.43922e-04 0.00125735 0.0019343089 0.0 14 15.9962793133 2.218151388 0 0 1 4 4 2 3 0 0 7 
721 1 15.9173 20.4748 16.3625 0.00527021 0.00110084 -9.34436e-04 0.0054644426 0.0 14 21.5062146857 2.2626765661 0 0 1 4 4 2 3 0 0 7 
263 1 15.0378 17.6974 16.694 -0.0036714 -2.34532e-04 0.00310246 0.0048124257 0.0 14 22.1844010714 2.2869032825 0 0 1 2 6 4 1 0 0 7 
182 1 16.0435 22.803 11.798 0.00362214 0.00249975 0.00244999 0.0050369732 0.0 14 22.2920759436 2.4180277627 0 0 1 3 4 5 1 0 0 7 
792 1 14.214 21.1497 10.5717 0.00369259 0.00142993 0.00181808 0.0043572165 0.0 15 22.1630149691 2.3270297725 0 0 0 3 6 6 0 0 0 6 
204 1 14.1808 23.0194 16.484 1.99324e-04 -0.00179293 0.00122633 0.0021813329 0.0 14 21.4084218796 2.3577540315 0 0 0 3 6 5 0 0 0 6 
477 2 13.673 24.6887 10.8029 6.96765e-04 -0.00318842 -0.00419774 0.0053171914 0.0 13 17.8992151404 2.3270297725 0 0 1 3 4 4 1 0 0 7 
364 2 16.6814 25.2284 13.4625 -0.00100836 -0.00180995 0.00204308 0.0029097912 0.0 13 19.9644856351 2.4216623266 0 0 2 3 2 4 2 0 0 7 
793 2 15.9108 25.7786 10.8675 0.00149836 4.73207e-04 0.00200089 0.0025441243 0.0 14 16.8920760794 2.2605831979 0 0 1 5 1 5 2 0 0 7 
700 2 9.85286 26.4458 13.7197 0.00169485 0.00124144 1.9903e-04 0.002110285 0.0 14 19.6772138166 2.3749996099 0 0 0 3 6 5 0 0 0 6 
482 2 9.5696 25.5972 11.497 0.00119282 -4.1256e-04 0.00221247 0.0025471649 0.0 12 15.3688798776 2.1365261611 0 0 0 3 6 3 0 0 0 6 
973 2 14.3131 26.3489 12.3738 0.00167605 -0.00105288 -0.00193773 0.0027699273 0.0 16 14.8842897252 2.2420080485 0 0 2 4 2 5 2 1 0 8 
406 2 9.19549 25.7356 16.1992 -0.00267512 0.00186796 0.00400978 0.0051695142 0.0 13 20.0169127279 2.3782195326 0 0 2 3 2 4 2 0 0 7 
538 2 23.0399 20.7685 16.3728 -0.00383065 -0.00296113 0.00294918 0.0056692004 0.0 17 21.6173407744 2.3140382854 0 0 0 6 3 5 3 0 0 7 
912 1 25.0389 23.6933 16.5088 0.00476449 0.00319404 -0.00295842 0.0064540302 0.0 17 23.2350741835 2.2615915564 0 0 0 2 8 7 0 0 0 6 
714 2 24.7329 20.461 18.1946 2.57369e-05 0.00308616 3.51695e-04 0.0031062413 0.0 12 13.9603513967 2.1977031256 0 0 0 2 8 2 0 0 0 6 
547 1 19.7585 20.9718 11.1155 6.05366e-07 -0.00253672 -0.00530693 0.0058820451 0.0 13 21.8980218962 2.2528534477 0 0 3 1 4 3 1 1 0 8 
113 2 22.1105 17.9485 16.6831 5.4887e-04 -7.36245e-05 0.00269722 0.0027534841 0.0 13 14.4249247818 2.3140382854 0 0 1 3 4 4 1 0 0 7 
836 2 22.0973 22.9704 11.3937 -0.00120854 0.00250201 -0.00102448 0.0029614493 0.0 16 18.8858995854 2.2528534477 0 0 3 2 4 3 3 1 0 8 
170 1 22.1715 24.2967 16.8187 -3.79692e-04 1.49731e-05 0.00321088 0.0032332863 0.0 15 24.7048493901 2.2731729669 0 0 0 4 5 5 1 0 0 7 
586 1 21.0772 20.4493 13.3618 -9.79662e-04 -0.0034049 7.11049e-05 0.0035437463 0.0 16 22.3726050515 2.3140382854 0 0 1 4 3 6 2 0 0 7 
636 2 21.6216 25.6359 12.9791 -0.00299258 8.4175e-05 0.0036239 0.0047005608 0.0 14 16.7928498257 2.1414422162 0 0 1 3 4 5 1 0 0 7 
742 2 25.4166 23.7221 13.4027 0.00633082 0.00643874 -0.00541485 0.0105288772 0.0 13 17.0385319975 2.0878010165 0 0 0 1 10 2 0 0 0 6 
857 2 22.9889 23.6102 13.6715 -0.00197862 -5.33225e-04 -0.00271805 0.0034039774 0.0 14 16.2064140559 2.1693338239 0 0 3 2 4 1 3 1 0 8 
362 2 24.3878 26.6711 9.62439 0.00429501 -0.00270163 -0.00410471 0.0065264508 0.0 13 13.2566838026 2.051384486 0 0 0 3 6 4 0 0 0 6 
343 1 18.9665 23.5596 12.2348 -0.00216929 -6.81268e-04 -0.00172543 0.0028543044 0.0 18 22.9436389968 2.2057612212 0 0 3 4 0 8 1 2 0 8 
344 1 19.4231 25.1337 15.1646 0.00133343 -0.00403313 0.0023625 0.0048606151 0.0 14 21.5088909819 2.4750220469 0 0 2 2 4 4 2 0 0 7 
443 2 26.2611 18.9407 14.365 -4.50411e-04 -0.00132641 -6.95741e-05 0.0014025242 0.0 13 17.0713638397 2.3256646914 0 0 2 3 2 4 2 0 0 7 
815 1 19.2325 18.4256 12.95 0.00138086 -0.00113169 -2.83643e-04 0.0018077472 0.0 15 22.066417822 2.2282098008 0 0 0 3 6 6 0 0 0 6 
936 1 25.8392 19.28 10.9513 -0.00205956 0.00127321 3.47252e-05 0.0024215815 0.0 15 21.4213133808 2.2741773292 0 0 3 3 2 3 3 1 0 8 
682 2 26.1129 18.6276 17.5168 8.6625e-04 -0.00553897 0.001991 0.005949341 0.0 13 16.1302609327 2.0801628458 0 0 0 4 4 5 0 0 0 6 
958 1 20.228 22.6529 14.8787 -0.0045855 -1.18296e-05 0.00187236 0.0049530478 0.0 14 21.7020100323 2.2542963246 0 0 4 2 1 3 3 1 0 8 
181 1 22.3632 19.3752 10.7001 4.7639e-04 6.31367e-04 -0.00158596 0.0017722418 0.0 16 21.9131243209 2.1871843882 0 0 1 2 6 6 1 0 0 7 
193 2 23.9993 21.6536 13.8919 7.61409e-04 -0.00103317 -7.11937e-04 0.0014676642 0.0 13 15.3583393348 2.1465718941 0 0 4 1 2 2 4 0 0 7 
98 2 25.7975 25.9878 11.9512 -5.31296e-04 0.00670092 -0.00229132 0.0071017429 0.0 13 15.8863087606 2.1069756415 0 0 0 2 8 3 0 0 0 6 
984 2 25.4657 20.702 15.8112 -9.11391e-04 -1.00385e-04 -0.00141126 0.0016829633 0.0 13 16.6684443577 2.3545507384 0 0 1 2 6 3 1 0 0 7 
751 2 24.2512 21.9898 11.6679 0.00286082 0.00537012 -0.00380408 0.0071758975 0.0 14 16.5811493473 2.218693872 0 0 1 3 4 5 1 0 0 7 
908 1 18.903 20.1889 15.9097 -0.00307749 6.18675e-04 0.00113406 0.0033376332 0.0 14 22.1723496541 2.3140382854 0 0 0 4 5 4 1 0 0 7 
525 1 18.4161 23.9605 9.51114 0.00577175 6.23139e-04 2.67723e-04 0.0058114607 0.0 17 22.7407188245 2.2528534477 0 0 1 4 5 4 2 1 0 8 
558 2 24.0988 19.4116 13.2499 -3.60307e-04 -9.3859e-04 -0.00368236 0.0038171387 0.0 15 16.9988444061 2.1247086886 0 0 3 2 4 2 3 1 0 8 
94 2 23.6689 22.6506 9.6008 -0.00219298 -1.67258e-04 -9.76456e-04 0.0024063671 0.0 15 18.4597800233 2.2741773292 0 0 1 3 5 4 2 0 0 7 
825 2 24.1921 18.6465 15.6257 0.00261958 0.00167466 0.00112911 0.0033078051 0.0 15 12.9789228767 2.074970375 0 0 3 2 3 4 2 1 0 8 
703 1 20.9137 20.6335 8.46027 2.9047e-04 -0.00298887 -0.00148432 0.0033497646 0.0 15 20.0888137752 2.1790008836 0 0 2 1 7 2 3 0 0 7 
917 1 17.2587 23.5061 15.9919 -0.00736613 0.00298819 0.00200316 0.0081976704 0.0 19 25.0135631936 2.4917709602 0 0 2 3 5 5 3 1 0 8 
931 2 19.9908 26.3695 10.7158 -3.35865e-04 5.87747e-04 0.00148588 0.001632817 0.0 13 18.2400313664 2.1813068068 0 0 2 0 8 2 0 1 0 8 
191 1 17.8549 21.2061 13.8292 4.86152e-04 0.00290805 -8.82487e-04 0.0030776423 0.0 14 21.8983488048 2.3846683869 0 0 1 3 4 5 1 0 0 7 
821 1 24.3723 26.6307 16.8482 5.26234e-04 -0.00213572 8.38644e-04 0.0023540488 0.0 13 20.3265953106 2.2420536106 0 0 1 3 5 2 2 0 0 7 
138 2 23.83 26.0082 14.0589 -0.0029103 -3.31787e-04 0.00242835 0.0038048407 0.0 15 18.0891137065 2.2559568072 0 0 1 2 7 3 2 0 0 7 
284 1 19.1361 25.9436 17.9261 9.60387e-06 -0.00362195 -3.04259e-04 0.0036347197 0.0 15 21.9246010083 2.4917709602 0 0 1 2 6 5 1 0 0 7 
116 1 18.8122 18.2841 9.94964 0.0041299 -0.00344495 0.00210923 0.0057769028 0.0 13 20.7547835794 2.1519394806 0 0 1 2 6 3 1 0 0 7 
375 2 22.5328 17.6557 14.0525 -0.00227108 -7.54122e-04 0.00341109 0.0041667781 0.0 15 17.2253820393 2.2304555091 0 0 2 2 6 3 0 2 0 8 
752 2 23.7864 24.9646 11.6069 0.0031933 5.49944e-04 0.00133037 0.0035027828 0.0 14 12.8524968881 1.8031167158 0 0 0 2 8 4 0 0 0 6 
552 2 8.47484 9.01012 21.8404 -0.00261742 0.00493278 0.00271958 0.0062112254 0.0 12 16.0605492592 2.2161712408 0 0 0 2 8 2 0 0 0 6 
457 1 3.0969 8.18001 0.738575 0.00494258 -0.00397404 0.0020132 0.0066539511 0.0 13 20.6482977463 2.2267061921 0 0 1 0 9 3 0 0 0 6 
153 1 0.8883 5.764 0.431133 -0.00260533 6.73464e-05 0.00172943 0.003127812 0.0 14 21.3144416247 2.2267061921 0 0 0 2 8 4 0 0 0 6 
461 1 4.11189 5.11961 0.61324 -1.84236e-04 -4.26199e-04 -0.00129289 0.0013737369 0.0 14 20.7497784209 2.2267061921 0 0 0 3 6 5 0 0 0 6 
188 2 6.32756 3.47177 26.4141 0.00321526 -5.50809e-04 4.53752e-04 0.0032935055 0.0 12 16.6236896229 2.222199601 0 0 0 6 0 6 0 0 0 6 
542 1 0.167288 7.70987 23.0405 0.00367436 0.00137896 -3.1928e-04 0.0039375617 0.0 14 21.2202965957 2.3045438135 0 0 0 4 4 6 0 0 0 6 
45 1 4.13532 9.08133 24.5102 0.00155879 -9.58212e-04 -8.09381e-04 0.0020007734 0.0 15 21.3052803584 2.2048607396 0 0 0 3 7 4 1 0 0 7 
240 1 26.0569 3.51662 19.5221 0.00102956 -0.00178976 1.38439e-05 0.0020648066 0.0 13 19.1808934698 2.1510001895 0 0 0 3 6 4 0 0 0 6 
279 2 6.25019 8.6271 22.4256 -0.00124029 -0.00193259 -3.92786e-04 0.0023297005 0.0 13 13.9349790755 1.9960161304 0 0 0 4 4 5 0 0 0 6 
988 2 6.00271 7.00134 20.5683 -1.72293e-04 0.00152241 5.98917e-04 0.0016450285 0.0 14 15.3564843271 2.0739584503 0 0 0 3 6 5 0 0 0 6 
915 1 1.59511 5.85707 18.8034 5.94871e-05 -1.32609e-04 -0.00208581 0.0020908676 0.0 14 21.2383407171 2.3524338285 0 0 1 4 3 4 2 0 0 7 
388 1 3.78706 8.17547 19.1235 0.00368383 0.0021218 0.0010507 0.0043791105 0.0 15 23.1633520629 2.3524338285 0 0 0 4 5 5 1 0 0 7 
1 2 7.89361 0.678469 20.2505 -0.00320453 -5.68955e-05 -5.13475e-04 0.0032459061 0.0 13 14.9753822313 2.1282888693 0 0 0 3 6 4 0 0 0 6 
68 1 0.600053 8.0885 20.2511 -6.56361e-04 0.00252446 -8.39676e-04 0.0027402124 0.0 14 22.4046915811 2.3352029943 0 0 0 2 8 4 0 0 0 6 
575 1 5.82785 2.61084 18.2777 2.89782e-04 -0.00218831 -0.00148266 0.0026591267 0.0 17 22.2329702837 2.2749446157 0 0 1 4 5 3 4 0 0 7 
38 1 2.88361 0.853387 22.2406 -0.00600992 0.00287929 -0.00252819 0.0071274956 0.0 17 22.9463236865 2.360501618 0 0 1 2 7 5 2 0 0 7 
112 1 2.26452 3.5238 26.0142 0.00246008 -0.00183983 0.00349105 0.0046502041 0.0 15 22.4676254444 2.2371762725 0 0 0 2 8 5 0 0 0 6 
197 2 5.96508 6.6279 23.5606 -0.00128387 3.78359e-04 -2.52168e-04 0.0013620082 0.0 12 16.0475822772 2.1544737365 0 0 0 0 12 0 0 0 0 5 
426 1 2.37926 6.83337 24.8745 0.00254876 -0.00106983 -0.00336649 0.0043559119 0.0 16 22.4799700914 2.2371762725 0 0 0 3 6 7 0 0 0 6 
585 1 0.625309 5.24137 21.5764 -2.94977e-04 -0.00133789 -0.00584697 0.0060053326 0.0 15 19.6111897183 2.2043999978 0 0 1 4 3 5 2 0 0 7 
613 2 4.72521 1.72492 25.8766 1.26333e-04 -0.00231542 -9.45394e-04 0.0025041764 0.0 13 14.8801964581 2.1497040713 0 0 0 6 1 5 1 0 0 7 
64 1 1.09009 2.96617 23.1217 -6.29793e-04 0.00204198 0.00268329 0.0034302138 0.0 13 20.2829712385 2.2323828948 0 0 0 2 8 3 0 0 0 6 
144 2 4.71052 5.00305 20.0915 -1.50037e-04 -8.97947e-04 -2.39347e-04 9.4133251436e-04 0.0 13 17.6018382876 2.2043999978 0 0 0 4 4 5 0 0 0 6 
228 2 3.70621 4.47557 22.5714 0.00159429 -0.00528448 -0.00129702 0.005670075 0.0 15 19.5671376554 2.2371762725 0 0 0 3 6 6 0 0 0 6 
441 1 2.15394 3.23697 20.0439 -0.00602234 -0.00164396 -0.00261238 0.006767253 0.0 14 20.8319463787 2.190759275 0 0 0 2 9 2 1 0 0 7 
468 1 2.98716 7.33128 21.7839 0.00217315 -0.00236951 0.00304752 0.004429959 0.0 14 22.8071425588 2.2752570167 0 0 0 3 6 5 0 0 0 6 
921 2 6.42532 4.41293 22.2988 -8.90987e-04 0.00510765 8.50175e-04 0.0052540217 0.0 14 13.7348636494 2.2518870741 0 0 0 2 8 4 0 0 0 6 
845 2 7.07744 1.05873 25.7333 7.09096e-05 -7.62894e-04 -0.00141715 0.0016110089 0.0 15 13.4720263856 2.1055376128 0 0 1 3 4 6 1 0 0 7 
515 2 5.1708 4.5168 24.564 0.0027471 -1.74714e-04 -0.00372114 0.0046286031 0.0 12 16.3652118055 2.2518870741 0 0 0 2 8 2 0 0 0 6 
571 1 0.440004 0.850546 20.6202 -9.07337e-04 -3.45906e-04 -8.56128e-04 0.0012945526 0.0 13 20.2924285965 2.3210512645 0 0 1 3 4 4 1 0 0 7 
423 2 8.11411 7.38571 20.0151 3.91223e-04 -0.00254436 0.00106185 0.0027846631 0.0 13 15.7094813449 2.1880510121 0 0 1 2 6 3 1 0 0 7 
942 2 7.77133 5.47108 24.7312 7.62275e-04 0.0019065 -0.00410018 0.0045855514 0.0 13 18.8786116363 2.2498687078 0 0 0 3 7 2 1 0 0 7 
671 1 2.94677 0.943637 18.4853 -0.00346843 -0.00222574 -0.00119193 0.0042900609 0.0 13 20.9473252575 2.159760482 0 0 0 3 7 2 1 0 0 7 
422 2 5.11059 2.44858 23.6344 -5.34372e-04 -0.00180922 0.00100906 0.0021394 0.0 16 15.7460310741 2.2518870741 0 0 0 3 6 7 0 0 0 6 
900 2 4.92411 2.88767 21.0339 -0.00149287 0.00148759 -0.00188499 0.0028275028 0.0 12 15.7849003967 2.106793637 0 0 0 3 6 3 0 0 0 6 
433 2 7.19058 5.06398 20.0037 -0.00268008 0.00195166 -4.89718e-04 0.0033513623 0.0 13 16.2322238265 2.217996093 0 0 0 3 6 4 0 0 0 6 
602 2 8.06349 6.65556 22.294 -0.00478633 -5.72657e-04 4.98217e-04 0.0048461439 0.0 14 14.9375678441 2.2220725302 0 0 0 2 8 4 0 0 0 6 
83 2 7.25675 2.65077 21.0753 3.98568e-04 -0.00406743 0.00356812 0.0054253409 0.0 13 13.6069193282 2.0311299906 0 0 0 3 6 4 0 0 0 6 
835 2 8.09299 1.47799 23.2344 0.00154616 -0.00340412 0.00310503 0.0048600262 0.0 15 14.9789886021 2.2369661644 0 0 1 2 6 5 1 0 0 7 
646 2 17.2784 3.15099 22.0229 -0.00242649 0.00589974 3.26602e-05 0.0063793301 0.0 14 18.036230427 2.1853188498 0 0 0 3 7 3 1 0 0 7 
670 1 16.4049 0.902339 17.8817 2.68603e-04 -7.8883e-04 -0.00327515 0.0033794982 0.0 15 22.855497286 2.4904923732 0 0 3 2 1 7 2 0 0 7 
99 2 9.27118 8.99154 19.0098 -0.00201297 -0.00345178 -4.66088e-04 0.0040229431 0.0 14 19.1199916664 2.197175816 0 0 2 1 7 2 1 1 0 8 
820 2 11.7552 8.02943 18.4483 0.00216422 -9.9909e-05 0.00231581 0.0031712468 0.0 15 18.8186110284 2.2268593239 0 0 1 4 4 4 1 1 0 8 
885 1 11.0069 26.8957 18.527 0.00760496 0.00219051 -0.00178633 0.0081132438 0.0 15 21.7234697444 2.3046303859 0 0 0 3 7 4 1 0 0 7 
378 2 13.245 1.61006 24.3179 4.13752e-04 2.42862e-04 -0.00144655 0.001524034 0.0 14 17.1255087891 2.2638214799 0 0 3 1 3 5 2 0 0 7 
765 2 7.8177 8.2527 24.3507 -0.00153708 -0.00435872 -0.00233012 0.0051759554 0.0 14 17.1536032737 2.2220725302 0 0 1 3 4 5 1 0 0 7 
445 2 8.89751 4.0956 22.2483 -0.00378534 0.00160526 0.00464233 0.0062013617 0.0 13 17.7638350119 2.1290728179 0 0 0 3 6 4 0 0 0 6 
873 1 12.1566 4.90479 22.0392 5.1405e-04 0.0019927 -6.15596e-04 0.0021480361 0.0 14 21.6721630103 2.1732401364 0 0 1 1 8 3 1 0 0 7 
82 1 10.1585 4.90024 19.6212 3.74412e-04 7.17135e-05 0.00548256 0.0054957976 0.0 16 20.793095122 2.2268593239 0 0 1 3 4 7 1 0 0 7 
775 2 15.0968 4.91565 18.8995 0.00106921 -0.00286166 0.00103973 0.0032269717 0.0 12 13.4984278682 2.1876244061 0 0 1 2 6 2 1 0 0 7 
416 2 15.2909 2.46179 20.6134 -0.00192713 -3.18508e-04 0.0016923 0.0025844064 0.0 15 19.8302123661 2.2049309931 0 0 1 3 5 4 2 0 0 7 
803 1 10.6723 5.99942 24.2047 0.00812359 0.00177461 -6.0213e-04 0.0083369368 0.0 15 22.6814693434 2.2684239288 0 0 1 1 8 4 1 0 0 7 
789 1 16.1612 0.430862 25.6271 -0.00104967 0.00225022 0.00544483 0.0059842686 0.0 16 23.3853912678 2.3081014877 0 0 0 5 4 5 2 0 0 7 
979 2 12.9695 6.55277 17.056 -0.00156074 -0.00460242 -0.00112124 0.0049875203 0.0 15 13.0786927331 2.2268593239 0 0 2 4 2 3 4 0 0 7 
739 1 16.1091 5.60805 25.6805 6.21193e-04 -0.00386526 0.00107683 0.004060256 0.0 14 21.1741010278 2.1621769441 0 0 1 1 8 3 1 0 0 7 
156 1 11.1227 7.42063 21.5006 2.29545e-04 0.00267593 -0.00163068 0.0031420391 0.0 14 22.4675245178 2.219755249 0 0 0 2 8 4 0 0 0 6 
572 1 12.2385 3.05014 19.3878 -6.67477e-04 5.59751e-04 -0.00264179 0.0027817083 0.0 15 22.195858681 2.2826857382 0 0 0 3 6 6 0 0 0 6 
450 2 10.7725 2.10716 23.3059 5.00083e-04 5.15526e-04 7.26115e-04 0.0010213193 0.0 13 16.4104588971 2.2684239288 0 0 0 3 6 4 0 0 0 6 
735 1 13.6538 26.15 20.357 0.0017894 -0.0013729 -8.02176e-04 0.0023938031 0.0 16 23.2373070274 2.3046303859 0 0 0 5 3 7 1 0 0 7 
434 2 13.2654 6.21613 19.4889 0.00295042 -0.00149321 -0.00170199 0.0037190623 0.0 15 17.5893580003 2.2010332893 0 0 1 2 7 3 2 0 0 7 
186 1 14.0299 6.77736 23.5962 -0.00154167 -0.00259139 -0.00111859 0.0032160989 0.0 16 23.8337288423 2.3062033943 0 0 0 1 11 3 1 0 0 7 
889 1 13.0064 4.55114 25.2445 -0.00103877 -0.00181484 0.0016903 0.002688829 0.0 15 21.8520084664 2.2682753661 0 0 2 2 4 5 2 0 0 7 
70 2 13.0952 1.92416 22.1428 -5.27484e-04 2.9029e-04 -0.00349817 0.0035496058 0.0 14 17.2213939829 2.3046303859 0 0 1 4 2 6 1 0 0 7 
977 2 16.1566 6.8328 20.65 0.0019234 1.76466e-04 0.00242368 0.0030991664 0.0 14 16.4434633685 2.1925720048 0 0 0 1 10 3 0 0 0 6 
909 1 15.0723 8.6513 26.3037 -0.00330702 0.00183951 0.00313953 0.0049169937 0.0 15 22.2006726043 2.3680647521 0 0 2 2 6 2 2 1 0 8 
69 2 15.1681 4.7756 21.2246 -7.82704e-04 0.00136918 0.002476 0.0029356184 0.0 12 14.3691319873 2.1733444133 0 0 0 2 8 2 0 0 0 6 
27 1 12.4068 7.35834 26.6533 -6.91015e-04 -0.00214369 3.67172e-04 0.0022820438 0.0 14 22.9138016279 2.2502174869 0 0 0 2 8 4 0 0 0 6 
787 2 11.254 1.85048 25.8579 -9.77397e-04 -0.0015273 0.00125253 0.0022038107 0.0 13 15.3255843151 2.2684239288 0 0 2 3 2 4 2 0 0 7 
179 2 17.0487 6.25329 18.4648 9.00847e-04 -0.0034144 -0.00163946 0.0038932611 0.0 12 10.5402537624 1.7401976572 0 0 0 0 12 0 0 0 0 5 
61 2 9.85421 1.93602 21.0991 -0.00215582 0.0024918 -8.97199e-04 0.0034149075 0.0 13 16.4199378114 2.3030799831 0 0 1 0 9 3 0 0 0 6 
969 2 17.4787 4.20957 20.0176 -1.67453e-04 0.00120591 0.00182737 0.0021958007 0.0 15 14.9697334829 2.1119514787 0 0 2 1 7 2 3 0 0 7 
168 1 16.5093 8.04875 23.9268 3.09883e-04 -0.00176162 4.11505e-04 0.0018353934 0.0 15 22.3355255579 2.3778885368 0 0 2 2 6 2 2 1 0 8 
224 2 9.01527 7.65994 -0.064625 -0.00140245 -0.00167593 -0.00223122 0.0031231315 0.0 14 21.295322493 2.2778084998 0 0 0 2 8 4 0 0 0 6 
501 2 8.9457 2.77609 25.2986 -1.78825e-05 0.001532 2.94899e-04 0.0015602273 0.0 17 17.0890728983 2.2684239288 0 0 1 2 6 7 1 0 0 7 
377 2 14.4259 7.99007 18.8314 0.00157109 0.00141038 -8.77583e-04 0.0022864049 0.0 14 15.3897311794 2.2188762531 0 0 0 4 5 4 1 0 0 7 
2 2 14.8631 3.41309 23.189 3.30493e-04 0.00308415 -0.00285595 0.0042163559 0.0 14 18.5321757685 2.0978423078 0 0 0 3 6 5 0 0 0 6 
205 2 17.0571 5.54759 22.3955 0.00341625 -0.00119831 0.00378692 0.0052390337 0.0 14 17.0616054166 2.1493046469 0 0 0 2 8 4 0 0 0 6 
927 1 15.1495 3.04679 26.5117 0.00123588 0.00228031 -0.00282232 0.0038331062 0.0 14 20.3947721694 2.2702525911 0 0 2 3 3 3 3 0 0 7 
508 1 26.7724 5.25961 24.6187 3.96649e-04 -0.00349188 0.00553164 0.0065535942 0.0 13 19.5279346837 2.2371762725 0 0 1 2 5 5 0 0 0 6 
287 1 19.9627 0.642869 21.3114 0.00122537 -0.00101493 3.93063e-04 0.0016389366 0.0 14 20.6760396543 2.2642513817 0 0 1 3 4 5 1 0 0 7 
922 1 17.4793 2.89415 24.9425 0.00144717 0.00190347 -0.00214793 0.0032142032 0.0 14 20.8870248779 2.150881098 0 0 1 2 7 2 2 0 0 7 
997 1 18.4627 0.643109 23.7069 -4.4806e-05 6.27221e-04 0.00199697 0.0020936339 0.0 13 19.3152427042 2.2018097397 0 0 0 5 2 6 0 0 0 6 
599 1 23.0902 4.11215 19.4117 -0.00102805 -4.37714e-04 -8.13651e-05 0.0011203127 0.0 15 22.7292558148 2.2845742831 0 0 0 1 10 4 0 0 0 6 
582 2 24.9889 9.03838 18.2285 -9.44421e-04 -1.33945e-04 -6.03217e-04 0.0011286022 0.0 12 16.2932364149 2.1236238452 0 0 0 2 8 2 0 0 0 6 
34 1 24.9901 3.86565 22.4462 0.00236477 -0.00346982 0.0035926 0.0055261707 0.0 15 20.8925633361 2.2389078709 0 0 1 2 6 5 1 0 0 7 
18 1 22.3198 4.22802 22.3655 -0.00206679 9.25213e-04 -0.00274299 0.0035569136 0.0 13 20.7381993539 2.2902198976 0 0 2 2 4 3 2 0 0 7 
320 1 25.7636 7.78489 25.9073 0.00105871 0.00235807 4.49348e-04 0.0026235996 0.0 14 20.5061057753 2.3089787401 0 0 0 3 6 5 0 0 0 6 
635 2 20.1696 4.18375 20.0706 0.00212281 -0.00305845 0.00235036 0.0044027981 0.0 15 19.4150081002 2.2902198976 0 0 1 3 5 4 2 0 0 7 
159 2 19.4893 5.71599 21.8272 -0.00449434 -0.00607691 5.5395e-04 0.0075785743 0.0 13 18.457281096 2.1403840763 0 0 1 4 3 3 2 0 0 7 
347 2 20.9736 6.12769 18.652 0.00235471 -0.00450255 0.00222339 0.0055462671 0.0 13 16.265972954 2.1476898665 0 0 1 0 9 3 0 0 0 6 
4 1 20.0177 3.06893 23.4396 0.00402421 2.11828e-04 0.0012912 0.0042315877 0.0 15 22.0555244747 2.2522959469 0 0 1 4 3 5 2 0 0 7 
325 1 21.9201 5.86881 24.7549 4.7641e-04 -0.00330406 -0.00308576 0.0045459536 0.0 13 21.3128534115 2.1727492857 0 0 0 2 8 3 0 0 0 6 
134 1 18.7665 6.03501 25.0044 -1.13098e-04 -0.00380064 -0.00108063 0.0039528998 0.0 14 22.6854630362 2.1493046469 0 0 0 0 12 2 0 0 0 6 
903 1 24.6411 5.23481 26.3435 0.00561785 -0.00202422 -0.00376846 0.0070610903 0.0 14 20.7384704427 2.1727492857 0 0 1 3 5 3 2 0 0 7 
300 1 25.7861 1.08397 23.1411 6.27017e-04 0.00312038 -0.00343934 0.0046860411 0.0 14 21.5328084632 2.360501618 0 0 0 3 7 3 1 0 0 7 
481 1 18.8979 1.8185 18.7082 0.00184343 -0.00477185 -7.66631e-04 0.0051726695 0.0 15 20.2497536697 2.1853188498 0 0 1 3 4 6 1 0 0 7 
96 2 20.2928 8.66388 18.8639 0.00136106 0.00159281 0.00115657 0.0023931532 0.0 14 16.7717344307 2.2343917402 0 0 0 2 8 4 0 0 0 6 
907 1 24.9203 6.0775 20.8327 3.92939e-04 -0.00218955 -0.00296858 0.0037095818 0.0 14 19.9525048536 2.1706932181 0 0 1 4 3 4 2 0 0 7 
623 1 24.3352 0.914487 0.0990109 0.00237811 6.42287e-04 -0.00163577 0.002956972 0.0 14 22.3433699346 2.2493264466 0 0 0 3 6 5 0 0 0 6 
244 1 26.5808 2.2183 25.5276 0.00170347 -9.0238e-04 -0.00756209 0.0078039288 0.0 14 20.0203935015 2.1701153623 0 0 0 4 4 6 0 0 0 6 
307 1 24.2954 6.59866 23.5017 -0.00541711 8.79723e-04 -3.72694e-04 0.0055007176 0.0 15 20.6553028761 2.1416092564 0 0 0 2 8 5 0 0 0 6 
463 1 21.4035 8.42728 23.7617 -0.0027248 0.0020735 -0.00100094 0.0035673265 0.0 14 20.30656923 2.1416092564 0 0 0 4 4 6 0 0 0 6 
964 2 18.7662 6.72396 19.893 0.00411007 0.00284206 5.46705e-05 0.0049972962 0.0 13 14.6081836222 2.1896615578 0 0 0 3 6 4 0 0 0 6 
328 1 23.4158 3.0498 24.9343 -0.00329955 0.0024641 -0.00149261 0.004380263 0.0 15 22.3060432778 2.1701153623 0 0 1 2 7 3 2 0 0 7 
562 1 22.9986 8.38251 26.2142 0.00242692 -0.00186548 2.77899e-04 0.0030736272 0.0 14 21.351582736 2.2049669598 0 0 0 3 6 5 0 0 0 6 
556 1 24.6747 1.23839 19.7011 0.00167108 7.45152e-04 0.00306953 0.0035734821 0.0 13 22.4033882615 2.3388841131 0 0 0 1 10 2 0 0 0 6 
993 1 22.003 7.23562 21.2525 -7.76753e-04 -7.03985e-04 -7.0743e-04 0.0012646728 0.0 16 22.6666544534 2.1706932181 0 0 0 4 5 6 1 0 0 7 
393 1 21.8333 0.936403 19.3029 0.00475472 0.00348383 -1.07679e-04 0.0058954244 0.0 15 22.3983237858 2.2902198976 0 0 1 2 7 3 2 0 0 7 
259 1 21.0584 1.02357 25.0609 -0.00122722 0.00202997 -0.00185637 0.0030121349 0.0 15 19.9652303075 2.161075997 0 0 1 3 5 4 2 0 0 7 
864 1 22.5861 1.30329 22.4229 0.00145088 -3.57062e-04 3.37559e-04 0.0015318264 0.0 17 24.7449862347 2.3388841131 0 0 1 2 8 3 3 0 0 7 
241 1 20.8796 3.61981 26.5587 9.03919e-04 -2.85951e-05 -2.56995e-04 9.401774664e-04 0.0 15 21.3113941835 2.1727492857 0 0 0 3 6 6 0 0 0 6 
595 1 8.16194 16.9286 21.8216 -0.00176666 0.00447397 -0.00170222 0.0051024551 0.0 15 21.9089620376 2.1843908536 0 0 1 3 4 6 1 0 0 7 
97 1 4.79643 15.9411 25.9174 0.00252425 -0.00294258 -0.00112444 0.0040367042 0.0 12 21.9828520857 2.3106037109 0 0 1 2 5 4 0 0 0 6 
297 2 4.38841 10.1845 21.558 6.63613e-04 0.00110534 -1.14534e-04 0.0012943248 0.0 13 17.1451453325 2.3238361133 0 0 1 2 6 3 1 0 0 7 
844 1 2.30764 17.2401 18.4832 -0.00172336 9.97308e-04 -0.00136344 0.0024132057 0.0 16 23.7392838544 2.3079477811 0 0 1 2 7 4 2 0 0 7 
46 2 6.30302 11.1433 22.3124 0.00350042 -6.57964e-04 0.0012089 0.0037612891 0.0 14 17.7920878159 2.2924871076 0 0 0 4 5 4 1 0 0 7 
402 1 5.01862 14.0064 23.689 0.00240166 -0.00264125 0.00149463 0.0038701539 0.0 16 22.9743688203 2.3131880278 0 0 1 2 7 5 0 1 0 8 
408 1 1.99083 13.8477 22.9072 0.00359905 -0.00212737 4.14727e-04 0.004201293 0.0 13 20.5685086193 2.2658515261 0 0 0 1 10 2 0 0 0 6 
608 1 5.7221 17.652 23.5601 -0.00147491 0.00300139 -0.00189887 0.0038457 0.0 14 21.623856371 2.2029804417 0 0 1 1 7 5 0 0 0 6 
472 1 2.46784 16.2239 23.9313 -1.40152e-04 0.00162577 0.00414937 0.0044587041 0.0 14 21.9903089425 2.3180681118 0 0 1 2 7 2 2 0 0 7 
604 1 1.49273 14.7362 20.0471 5.83193e-04 0.00257588 -0.00113688 0.0028753727 0.0 13 20.7072151194 2.1986783365 0 0 1 2 6 3 1 0 0 7 
631 1 3.89728 13.0381 20.9347 -5.67002e-04 -0.00304946 0.0025063 0.0039877609 0.0 14 20.0545141673 2.3131880278 0 0 1 4 3 4 2 0 0 7 
632 1 6.01396 12.7593 19.1008 -0.00294238 -0.00556911 -8.70831e-04 0.0063585323 0.0 15 20.6685929603 2.1416647967 0 0 2 1 5 6 1 0 0 7 
767 1 3.17902 11.2165 18.9788 0.0015619 4.76586e-04 2.89729e-04 0.0016584959 0.0 17 24.9376987715 2.3352029943 0 0 1 3 7 2 4 0 0 7 
906 2 6.57745 11.0204 25.098 0.00359528 -0.00590328 0.00208784 0.007220376 0.0 13 17.4013189854 2.0982977747 0 0 0 4 4 5 0 0 0 6 
417 1 4.25139 15.7112 21.4977 -0.00241305 0.00247653 -0.00162911 0.0038223043 0.0 16 22.4578681946 2.3079477811 0 0 3 2 4 3 3 1 0 8 
237 1 6.88858 14.1944 21.3968 5.46474e-04 0.00291395 0.00299873 0.0042168851 0.0 14 21.5850631673 2.2029804417 0 0 1 2 7 2 2 0 0 7 
291 2 6.36065 9.92125 19.995 0.00138281 -0.0014653 -0.0016901 0.0026297729 0.0 14 19.0377396417 2.2057901538 0 0 0 1 10 3 0 0 0 6 
645 1 6.40817 15.8367 18.9085 -3.42832e-04 0.00366881 0.00128448 0.0039022544 0.0 17 24.8691642843 2.3577819127 0 0 4 1 5 3 2 1 1 9 
810 1 1.35339 13.3324 25.608 1.73798e-04 -0.0021302 3.76008e-04 0.0021701013 0.0 17 22.2971925597 2.3180681118 0 0 2 3 3 7 1 1 0 8 
806 1 1.31167 9.34116 25.3607 -0.00229762 0.00242087 0.00138238 0.0036125675 0.0 14 20.9203522022 2.2095130444 0 0 0 3 6 5 0 0 0 6 
424 1 7.5291 15.5787 24.8462 -0.00139935 -3.64378e-04 -5.76505e-04 0.0015566984 0.0 14 21.6260909646 2.2029804417 0 0 0 0 12 2 0 0 0 6 
35 2 2.29416 10.5306 22.5375 -0.00254845 0.00363928 0.00123749 0.0046119776 0.0 14 21.1612625732 2.3352029943 0 0 0 3 6 5 0 0 0 6 
957 2 7.9441 12.9155 23.8863 -0.00289701 0.00247607 0.00113279 0.003975777 0.0 13 18.3209778722 2.1199563001 0 0 0 1 10 2 0 0 0 6 
747 2 0.548693 11.7591 21.0748 -0.00126627 -8.17576e-04 -0.0029928 0.0033509285 0.0 14 20.9312588542 2.3045438135 0 0 0 3 6 5 0 0 0 6 
849 1 3.77894 11.7815 25.259 0.00234836 3.56936e-04 0.00157631 0.0028507808 0.0 15 22.2388050768 2.3131880278 0 0 0 4 7 2 1 1 0 8 
1000 2 7.96071 9.87546 26.6294 -0.00670111 0.00286362 -4.8677e-04 0.0073035703 0.0 13 15.052347866 2.1789552948 0 0 1 2 6 3 1 0 0 7 
335 1 1.28661 17.1141 21.3219 -0.00168729 0.0012571 0.00404915 0.0045632076 0.0 16 23.3583024385 2.2746892114 0 0 0 3 7 5 1 0 0 7 
759 1 3.66348 14.3986 18.1995 1.23573e-04 6.96505e-04 0.00169486 0.0018365565 0.0 16 23.2691692614 2.3040394102 0 0 2 5 1 5 1 2 0 8 
280 1 8.94278 11.8141 20.504 7.55167e-04 0.00192133 -0.00355701 0.0041126763 0.0 15 22.0547873521 2.2315108916 0 0 0 1 10 4 0 0 0 6 
268 1 8.80588 14.1466 18.7051 2.25871e-04 -7.33594e-04 -0.00323081 0.0033207395 0.0 14 22.027709504 2.298952253 0 0 0 4 5 4 1 0 0 7 
559 2 0.0623393 11.5068 23.4144 0.00123812 0.00168811 0.00120718 0.0024165968 0.0 14 21.2050877158 2.3045438135 0 0 0 4 4 6 0 0 0 6 
894 2 16.7544 8.76058 19.193 2.69323e-04 -8.08938e-05 8.89615e-04 9.3300242949e-04 0.0 16 17.4639275219 2.2343917402 0 0 1 1 9 3 2 0 0 7 
699 1 10.0741 16.6227 19.2378 3.08366e-04 -0.00134503 -1.37815e-05 0.0013799946 0.0 14 21.2872104565 2.298952253 0 0 0 4 5 4 1 0 0 7 
499 2 16.7916 16.612 23.3375 4.70545e-04 -0.00223063 0.00276585 0.003584278 0.0 14 18.2891386724 2.1867727407 0 0 1 4 2 6 1 0 0 7 
380 1 12.4523 14.6177 18.0645 -0.00134289 -6.92174e-04 -0.0012616 0.0019682716 0.0 14 22.7436591735 2.3216469587 0 0 2 3 2 6 0 1 0 8 
796 1 15.2874 15.4104 18.8923 0.00109522 -0.00177372 0.00114694 0.0023792984 0.0 16 23.1023078457 2.3669696854 0 0 2 2 4 6 2 0 0 7 
311 1 12.5407 16.254 26.0718 -0.00237163 -0.00391009 -0.00115264 0.0047161437 0.0 17 22.0489691676 2.2370251447 0 0 1 3 5 6 2 0 0 7 
66 1 10.4064 14.6717 24.7567 0.0036844 0.00212472 -0.0029651 0.0051846944 0.0 12 20.5593990105 2.1708595839 0 0 1 2 5 4 0 0 0 6 
986 2 15.4257 17.094 25.2486 0.00264156 0.00294542 0.00160172 0.0042683539 0.0 14 19.2954949137 2.222864348 0 0 0 4 4 6 0 0 0 6 
385 2 14.8514 16.9285 21.8483 -1.83793e-04 -4.90155e-04 -0.00220852 0.002269712 0.0 14 20.8528105743 2.3574675469 0 0 1 3 4 5 1 0 0 7 
877 1 14.7204 12.9174 17.3692 -0.00149909 -0.00126596 -0.0019048 0.0027346277 0.0 17 23.2512587514 2.2845418038 0 0 2 3 3 7 1 1 0 8 
185 1 9.94242 14.4055 21.8955 -3.92382e-04 7.80655e-04 0.00146274 0.0017038175 0.0 14 22.2323441267 2.2954326909 0 0 1 3 4 5 1 0 0 7 
47 1 10.0586 17.3894 23.9526 -0.00194172 0.00293596 0.00171904 0.0039172996 0.0 15 20.669210564 2.2436197671 0 0 1 2 6 5 1 0 0 7 
840 1 13.5261 14.7827 23.9703 0.001974 -0.00230611 0.00151201 0.0033913115 0.0 16 23.060919224 2.2212984844 0 0 2 3 3 5 3 0 0 7 
194 1 13.1247 10.4105 25.6959 -0.00221739 0.0015741 -0.00240556 0.0036306099 0.0 16 22.2712602172 2.3778885368 0 0 1 5 2 5 3 0 0 7 
302 1 14.2233 11.3929 19.9097 -0.00421074 -5.77318e-05 0.00212242 0.0047157535 0.0 15 22.3478560708 2.2443251097 0 0 3 1 5 3 2 1 0 8 
469 1 14.6859 14.0518 26.6514 2.23405e-04 -0.00335695 -0.0015242 0.0036935361 0.0 15 20.3152827384 2.2837512458 0 0 0 2 8 5 0 0 0 6 
478 1 16.294 13.7809 24.0596 -6.19373e-04 3.87049e-04 6.25124e-04 9.6135833949e-04 0.0 14 20.5974002982 2.1726631223 0 0 1 3 4 5 1 0 0 7 
455 1 12.4866 13.4567 20.9228 -0.00185638 -0.0019303 -0.0050766 0.0057396927 0.0 17 23.4639177102 2.3669696854 0 0 2 4 4 2 4 1 0 8 
500 1 14.2144 11.7938 22.9943 -6.21865e-05 -0.00223873 -0.00231121 0.0032183025 0.0 14 21.7059501982 2.3414738467 0 0 0 2 8 4 0 0 0 6 
530 1 11.6934 10.3437 21.1418 -0.00112492 -0.00155682 -0.00134078 0.0023423972 0.0 15 21.7938849973 2.2188762531 0 0 0 3 6 6 0 0 0 6 
956 1 11.0898 12.0779 23.1724 -0.00284858 0.00121971 3.98235e-04 0.0031242106 0.0 13 21.2802917735 2.1465475816 0 0 0 1 10 2 0 0 0 6 
720 2 9.33498 11.626 25.6309 -0.00253638 -0.00127855 -0.00142273 0.0031768025 0.0 14 17.7362585122 2.1698419626 0 0 0 5 3 5 1 0 0 7 
939 1 11.9863 16.5691 21.8963 -3.58535e-05 -0.0015402 -1.18518e-04 0.0015451693 0.0 15 22.6827286272 2.3669696854 0 0 4 2 0 5 4 0 0 7 
36 2 8.43644 10.6314 23.6044 -0.00319382 4.25778e-04 -0.00149925 0.0035538041 0.0 13 14.8161338208 2.1775511318 0 0 1 2 6 3 1 0 0 7 
963 1 11.1477 11.8047 18.5535 -0.00330042 -0.00218584 5.7899e-04 0.0040007372 0.0 17 25.1644617583 2.2845418038 0 0 1 3 3 10 0 0 0 6 
262 1 11.2334 9.28818 23.8522 0.00189082 0.00137585 0.0062088 0.0066345581 0.0 17 24.0813975141 2.2554695231 0 0 1 4 5 3 4 0 0 7 
925 1 15.4195 13.7874 21.276 2.10304e-04 -0.0040246 0.00104298 0.0041628644 0.0 15 23.043939206 2.2837922352 0 0 3 2 3 4 2 1 0 8 
133 1 16.5879 10.6612 22.0255 -2.12967e-04 9.88022e-04 9.41772e-04 0.0013814764 0.0 15 23.2980731661 2.2734391187 0 0 1 2 7 3 2 0 0 7 
540 1 16.1245 11.259 25.1096 0.00278994 0.002766 0.00141406 0.0041754146 0.0 15 21.4565814463 2.3778885368 0 0 3 2 4 2 3 1 0 8 
29 1 14.149 9.01 21.9014 6.91718e-04 8.97795e-04 -0.00255315 0.0027934002 0.0 16 23.5210901106 2.3778885368 0 0 1 3 4 7 1 0 0 7 
626 1 17.8227 16.2098 20.534 5.59641e-04 0.00163416 1.67471e-04 0.0017354318 0.0 15 22.8280196868 2.1370536167 0 0 0 4 5 5 1 0 0 7 
63 1 18.5553 14.0184 22.1647 -0.00138914 -6.37859e-04 -4.98472e-04 0.0016078086 0.0 14 21.9755119956 2.2640224012 0 0 1 3 4 5 1 0 0 7 
959 2 17.5582 13.3019 18.6826 0.00445448 2.19914e-04 1.36883e-04 0.0044620053 0.0 14 18.4597602624 2.2734391187 0 0 2 2 5 3 1 1 0 8 
154 1 24.6576 8.89929 21.2108 -6.7317e-05 -0.00113741 -9.1845e-04 0.0014634833 0.0 15 21.6550714305 2.3045438135 0 0 0 3 6 6 0 0 0 6 
260 2 20.4561 17.2758 18.3529 -0.00228302 0.00267295 9.8129e-05 0.0035165994 0.0 12 15.8235050432 2.147352781 0 0 1 3 3 5 0 0 0 6 
504 1 25.0747 17.4334 22.642 -1.74694e-04 0.00347512 -0.00200039 0.0040135442 0.0 14 22.8308266093 2.361844834 0 0 0 2 8 4 0 0 0 6 
619 1 24.3607 9.87239 23.8622 0.0019458 -1.06392e-04 0.0018549 0.0026903737 0.0 14 22.1153246048 2.1493456584 0 0 0 3 6 5 0 0 0 6 
77 1 25.938 14.9977 21.3987 -0.0021696 0.00197812 1.95685e-04 0.0029425186 0.0 16 22.0987135437 2.1940369638 0 0 1 3 4 7 1 0 0 7 
216 1 26.4438 15.1833 24.2814 0.00347592 0.00225291 6.59085e-05 0.0041427005 0.0 14 21.3297261529 2.2269677421 0 0 1 3 4 5 1 0 0 7 
484 2 22.8643 9.67157 18.6854 0.00175218 6.60715e-04 0.00345722 0.0039317997 0.0 13 15.0098075527 2.1225021359 0 0 0 3 6 4 0 0 0 6 
545 2 18.403 17.568 25.3941 -4.6635e-04 0.00252778 0.00165514 0.0030572279 0.0 12 16.1305044598 2.1389241044 0 0 0 5 2 5 0 0 0 6 
989 2 21.2548 16.0664 20.325 -4.4526e-05 -0.00586979 -0.00377895 0.0069811804 0.0 15 18.8184251983 2.3454358196 0 0 1 4 3 5 2 0 0 7 
236 2 23.4026 11.8302 0.147498 0.00290677 0.00273882 0.00171635 0.0043469879 0.0 14 17.1544017464 2.0563094297 0 0 0 3 6 5 0 0 0 6 
155 1 23.9482 15.8984 25.3443 -6.39385e-04 5.61366e-04 -3.63239e-04 9.2514190009e-04 0.0 15 20.7907947344 2.2359159877 0 0 0 3 8 2 2 0 0 7 
184 2 24.656 13.8602 18.817 -8.09304e-05 -8.76781e-04 -0.00190474 0.0020984111 0.0 14 14.6848847302 2.1533509708 0 0 1 4 3 4 2 0 0 7 
480 1 21.7435 10.1997 21.4656 8.7856e-04 -0.0016385 0.00415082 0.0045481707 0.0 13 21.0092508995 2.1196963244 0 0 0 1 10 2 0 0 0 6 
736 2 26.3072 10.9838 19.022 4.32606e-04 2.91168e-04 2.58834e-04 5.8216990219e-04 0.0 13 18.2842909503 2.2340175211 0 0 0 3 6 4 0 0 0 6 
74 1 19.8954 16.5047 23.1479 -0.00144935 0.00120064 -0.00207782 0.0028034778 0.0 14 22.2784923715 2.1867727407 0 0 0 5 3 5 1 0 0 7 
594 1 21.7706 11.0931 24.7146 -0.00150055 0.00107215 0.00190828 0.0026538064 0.0 13 20.5028893787 2.1196963244 0 0 0 2 8 3 0 0 0 6 
372 2 20.5667 17.085 26.1159 0.00224799 -0.00375796 -0.00270415 0.0051466639 0.0 15 18.4664123025 2.1484405671 0 0 0 2 8 5 0 0 0 6 
756 2 20.273 13.869 19.2831 6.05029e-04 0.00113524 0.00119552 0.00175616 0.0 13 15.8675174105 2.1171275157 0 0 0 2 8 3 0 0 0 6 
227 2 25.3918 18.0777 19.6741 3.10991e-04 -0.00135462 -0.00540261 0.0055785218 0.0 14 15.9433784731 2.3297231524 0 0 0 6 0 8 0 0 0 6 
242 1 18.8652 14.3586 24.977 -0.00374401 0.00196043 -0.00135661 0.0044386132 0.0 14 19.7274434144 2.1438736493 0 0 2 2 4 4 2 0 0 7 
246 1 19.0278 8.67819 22.4382 -0.00103889 2.49604e-04 0.00132048 0.0016986059 0.0 15 23.0577506224 2.2343917402 0 0 0 1 10 4 0 0 0 6 
363 1 19.1488 8.98663 25.4973 0.00185439 0.00197148 -0.0015317 0.0031099197 0.0 14 21.9736265906 2.1765930371 0 0 2 3 3 3 3 0 0 7 
686 2 22.7998 14.0529 20.0687 0.00117583 -0.00315484 -0.00446372 0.005591099 0.0 12 15.3676649011 2.0750199547 0 0 0 2 8 2 0 0 0 6 
563 2 23.7839 16.1028 19.5175 0.00459089 0.00181762 7.53889e-04 0.0049948335 0.0 12 14.9552781389 2.361844834 0 0 0 2 8 2 0 0 0 6 
581 1 23.2029 15.279 22.7363 7.58057e-04 0.00145794 -9.64748e-04 0.0019055126 0.0 14 20.4790473909 2.361844834 0 0 0 4 4 6 0 0 0 6 
379 1 24.2974 11.8 21.5508 4.57577e-05 0.00138514 -3.88957e-04 0.0014394423 0.0 16 22.8287110376 2.1940369638 0 0 0 2 8 6 0 0 0 6 
93 1 21.4985 12.9368 22.4885 0.00278513 -0.00152029 -0.00518926 0.0060824872 0.0 15 21.5505739979 2.1687216679 0 0 1 2 7 3 2 0 0 7 
383 1 21.5946 14.2606 25.0129 -0.00182182 0.00138435 -0.00435851 0.0049226073 0.0 16 20.1313806954 2.1249470448 0 0 1 4 3 6 2 0 0 7 
438 2 21.768 11.8667 19.0562 0.00326755 -0.00261361 0.0030369 0.0051701646 0.0 13 15.568443697 2.0473625201 0 0 0 1 10 2 0 0 0 6 
598 1 19.9375 11.8227 26.517 0.00243174 0.00164483 -0.00128517 0.0032047601 0.0 14 20.1664824926 2.1050710155 0 0 1 3 4 5 1 0 0 7 
628 1 24.222 13.1665 24.2386 -0.00389437 9.70844e-05 -0.00349314 0.005232358 0.0 15 21.3204563575 2.1940369638 0 0 0 4 4 7 0 0 0 6 
164 1 18.9256 11.5481 23.7494 -1.8607e-04 -3.62395e-04 0.00358383 0.0036069086 0.0 17 21.7478068842 2.1765930371 0 0 2 4 3 4 3 1 0 8 
62 1 19.1435 11.2987 20.8 0.00200389 0.00161717 0.00175836 0.0031181154 0.0 15 22.3814787127 2.2734391187 0 0 1 0 10 3 1 0 0 7 
685 1 6.8582 23.6158 19.6965 0.00217508 -0.00518462 3.0431e-04 0.0056306183 0.0 14 22.8088360927 2.2641345611 0 0 0 2 8 4 0 0 0 6 
566 2 4.18099 24.5978 25.0882 0.00224967 -3.24314e-04 2.50337e-04 0.0022866708 0.0 14 16.9856236722 2.2678347743 0 0 0 2 8 4 0 0 0 6 
475 1 1.44297 24.2172 23.2746 0.00255094 3.40357e-04 -0.00304064 0.0039835448 0.0 17 24.0244971998 2.360501618 0 0 1 5 3 4 4 0 0 7 
31 1 5.92601 21.1066 21.0028 0.00168739 -3.38658e-04 -0.00310277 0.0035481201 0.0 16 22.3084263106 2.1883555792 0 0 1 4 3 6 2 0 0 7 
333 2 2.77136 22.8687 25.7951 -0.00440391 -0.00201561 -0.0015542 0.005086516 0.0 12 16.1669457258 2.1622597698 0 0 1 2 5 4 0 0 0 6 
930 1 4.43637 24.6649 21.915 -0.00105297 9.20087e-05 -6.94614e-04 0.0012647925 0.0 14 21.6351543062 2.2583076656 0 0 1 3 4 5 1 0 0 7 
692 2 1.10708 21.2629 24.5316 0.00385983 -0.00136494 -0.00144199 0.0043405857 0.0 12 18.4302901718 2.1795187518 0 0 0 3 6 3 0 0 0 6 
158 2 0.307066 20.3547 21.9965 9.193e-04 -0.00178812 0.00198431 0.0028248844 0.0 15 20.0393137517 2.1573922473 0 0 0 3 6 6 0 0 0 6 
506 1 3.21601 19.0843 23.096 6.2969e-04 0.00390426 0.00300295 0.0049656283 0.0 15 23.8795855492 2.2430271528 0 0 1 3 5 4 2 0 0 7 
748 2 2.08821 20.0293 26.521 0.00207782 -9.02268e-04 7.14761e-05 0.0022663919 0.0 14 16.2333163651 2.2426786581 0 0 0 3 6 5 0 0 0 6 
737 2 7.84391 26.0172 24.095 8.26667e-04 0.00332744 0.00283943 0.0044516961 0.0 13 14.9119334553 2.1498342419 0 0 2 2 4 3 2 0 0 7 
705 1 3.7646 22.8933 19.7051 -0.00510678 -0.00176672 -8.46449e-04 0.0054696414 0.0 13 22.2785512231 2.2935090891 0 0 0 2 8 3 0 0 0 6 
549 2 4.37476 26.2568 -0.117992 0.00220498 0.00205087 0.0026071 0.0039830861 0.0 12 13.8142549137 2.1439457233 0 0 0 2 8 2 0 0 0 6 
852 2 26.7677 22.6204 26.3524 8.86721e-04 0.00398836 0.00248514 0.0047821763 0.0 16 18.6764094303 2.3513925849 0 0 0 4 5 6 1 0 0 7 
177 1 5.1003 26.4686 19.6837 -0.00429872 -4.6413e-04 0.00208823 0.0048015742 0.0 16 22.2564676734 2.2463813148 0 0 0 4 4 8 0 0 0 6 
374 1 5.26697 20.9011 24.2468 0.00177038 0.00257959 0.00122845 0.0033611931 0.0 18 23.2962986046 2.1991950529 0 0 2 3 4 6 2 1 0 8 
399 1 6.76969 23.0524 23.3998 0.00172548 3.30307e-04 -0.00437777 0.0047171235 0.0 16 23.5373741515 2.1498342419 0 0 0 4 5 6 1 0 0 7 
456 1 7.99908 19.7502 22.2961 -0.00335665 0.0013581 -0.00132619 0.0038562047 0.0 14 21.1232106128 2.2436197671 0 0 0 4 5 4 1 0 0 7 
430 2 6.41354 25.1741 25.86 -0.00275656 0.00278401 -0.00223051 0.0045082712 0.0 12 12.739333143 2.0032031505 0 0 0 0 12 0 0 0 0 5 
157 2 5.36861 26.5956 24.4385 0.00311526 9.60073e-05 -0.00418585 0.0052187549 0.0 14 14.2262168358 2.1968384125 0 0 2 2 5 2 3 0 0 7 
130 1 7.99683 18.6189 19.2959 1.88942e-04 -0.00245559 0.00236 0.003411044 0.0 13 20.704361563 2.2410189373 0 0 0 2 8 3 0 0 0 6 
953 1 2.24052 25.3541 20.5252 0.00355556 -0.00125706 -0.00107117 0.0039204097 0.0 14 21.4884843764 2.2639149198 0 0 1 3 4 5 1 0 0 7 
295 2 1.04813 22.1133 20.4027 -0.00216688 0.00182321 0.00112099 0.0030456661 0.0 13 19.6810426257 2.23004256 0 0 0 3 6 4 0 0 0 6 
934 1 7.73291 18.6494 25.226 0.00254984 -0.00373353 0.00171112 0.0048341351 0.0 15 22.8257061867 2.201775215 0 0 2 3 2 7 0 1 0 8 
124 2 6.79891 22.3944 26.5163 0.0043932 3.37412e-04 -0.00160563 0.0046895736 0.0 14 16.6727267456 2.1946093586 0 0 2 1 7 2 1 1 0 8 
239 2 8.52804 26.352 0.586642 -4.62161e-04 -7.46045e-04 0.0051637 0.0052377451 0.0 13 12.3787007899 1.9151567897 0 0 0 4 4 5 0 0 0 6 
301 1 1.85842 0.628498 25.0013 -1.46366e-04 0.00196412 0.00158819 0.0025301261 0.0 14 21.8893285687 2.3551397163 0 0 0 0 12 2 0 0 0 6 
511 1 5.50336 18.1598 20.8684 -0.00552421 -9.9198e-04 0.00550907 0.0078645262 0.0 14 21.239273651 2.3026791997 0 0 2 3 3 4 1 1 0 8 
507 1 9.0558 21.5017 24.8133 8.84209e-04 4.26629e-04 1.39465e-04 9.9160896807e-04 0.0 15 21.58521749 2.2436197671 0 0 0 4 4 7 0 0 0 6 
414 1 5.72847 21.2609 18.1111 8.84866e-04 5.26236e-04 -8.76963e-04 0.0013523965 0.0 13 21.3117227901 2.2063211974 0 0 0 3 6 4 0 0 0 6 
561 2 5.95207 0.630057 22.3863 -1.19261e-04 -0.00180579 6.6829e-04 0.001929174 0.0 12 14.7435255779 2.0944899747 0 0 2 3 2 3 2 0 0 7 
971 2 7.73894 26.7277 18.0098 -0.00270306 -0.00145223 0.00426507 0.0052541724 0.0 14 20.531911523 2.2641345611 0 0 0 1 10 3 0 0 0 6 
707 1 3.4395 22.1898 22.7825 -0.00126581 0.00493809 -6.78449e-04 0.0051426939 0.0 14 21.6189818461 2.1573922473 0 0 0 3 7 3 1 0 0 7 
648 1 3.05279 19.9097 19.9331 -0.00107748 -0.00661588 9.24175e-05 0.0067036835 0.0 15 24.5561942092 2.2935090891 0 0 0 1 10 4 0 0 0 6 
476 2 3.99123 20.9889 0.872598 -9.01803e-04 -0.00127605 0.00325575 0.0036112962 0.0 14 13.9515825864 2.1667712493 0 0 0 4 4 6 0 0 0 6 
657 2 8.40112 24.2442 26.2488 -0.00259924 -0.00131707 -0.00199634 0.0035321517 0.0 13 14.3230668996 2.0830186269 0 0 0 3 6 4 0 0 0 6 
274 1 9.33575 22.2986 21.8817 -0.00350232 0.00349117 0.00178665 0.0052580064 0.0 14 20.8129383327 2.1686916785 0 0 0 4 4 6 0 0 0 6 
814 1 4.84555 18.5849 18.1391 4.83522e-04 0.00325512 9.71989e-04 0.0034313791 0.0 16 23.6137416218 2.3674461924 0 0 3 2 3 6 1 0 1 9 
73 1 8.7195 21.3483 19.318 -8.86394e-04 -9.07465e-04 -0.00135761 0.0018580344 0.0 14 20.4957678332 2.2190141065 0 0 1 1 7 5 0 0 0 6 
415 1 17.2931 26.875 20.4474 -0.0039981 7.30114e-04 -0.00359716 0.00542747 0.0 15 20.9267297871 2.1384207649 0 0 1 2 5 7 0 0 0 6 
256 2 16.1219 18.8407 22.5745 -7.03639e-04 -9.08036e-04 2.6925e-04 0.0011798868 0.0 15 21.7733837493 2.2390721529 0 0 0 2 8 5 0 0 0 6 
267 1 15.4829 24.9074 18.4266 -1.6085e-04 -7.72362e-04 -0.0032336 0.0033284508 0.0 13 21.2408442964 2.3372971636 0 0 0 4 4 5 0 0 0 6 
125 1 11.7179 22.2584 25.6762 -0.00221271 0.00236136 5.5436e-04 0.0032832029 0.0 15 21.4319095753 2.2116202447 0 0 1 2 5 7 0 0 0 6 
407 2 11.8889 -0.117311 22.9273 1.30381e-04 0.00205663 9.15975e-04 0.0022551577 0.0 13 17.2362620287 2.1860463308 0 0 1 3 4 4 1 0 0 7 
71 1 15.6452 18.919 19.4244 -0.00412448 -0.00258039 -5.21716e-04 0.0048930497 0.0 14 23.1650648138 2.2712977037 0 0 0 2 8 4 0 0 0 6 
639 1 11.3167 20.9649 23.1787 -0.00170245 -6.18381e-04 -0.00258015 0.0031524443 0.0 15 20.387442451 2.2436197671 0 0 1 4 3 6 0 1 0 8 
723 1 17.8193 24.0626 19.5812 0.00392663 -0.00107613 -0.00256399 0.0048114991 0.0 12 20.1115553011 2.153322782 0 0 0 2 8 2 0 0 0 6 
980 1 15.4346 24.2104 21.6069 -7.7347e-04 -6.51329e-04 -0.00183406 0.0020943403 0.0 12 20.752133733 2.1251666441 0 0 0 2 8 2 0 0 0 6 
389 1 11.5689 21.4684 20.042 0.00197679 -3.46942e-04 0.00398079 0.0044581113 0.0 13 20.02798489 2.14131615 0 0 0 1 10 2 0 0 0 6 
308 1 18.4334 24.9459 22.3069 1.16376e-04 -5.57509e-04 -2.1092e-04 6.0732767503e-04 0.0 13 21.1782237899 2.2504674997 0 0 0 4 4 5 0 0 0 6 
833 1 17.1588 20.8528 24.7181 0.00104792 -0.00208802 -8.36562e-04 0.0024814915 0.0 12 21.5027395034 2.3329179285 0 0 0 3 6 3 0 0 0 6 
437 1 14.4581 21.0953 25.2529 0.00192532 0.00241355 7.93937e-04 0.0031878546 0.0 16 23.5521229855 2.2536532475 0 0 0 4 5 6 1 0 0 7 
854 1 17.0555 21.4701 21.9213 0.00218992 -2.26682e-04 -1.18183e-04 0.0022047906 0.0 15 24.3854192132 2.2712977037 0 0 0 1 10 4 0 0 0 6 
777 2 9.80253 27.0418 25.1296 0.00103507 0.00387911 -8.23672e-04 0.0040984509 0.0 15 14.6300389054 2.0527282718 0 0 0 1 10 4 0 0 0 6 
192 1 16.3592 23.7596 24.6108 0.00355892 -0.00413975 -0.00109888 0.0055687502 0.0 15 23.3155995098 2.2882357078 0 0 0 2 8 5 0 0 0 6 
647 2 10.5191 24.841 26.8934 -0.00229897 0.00226221 0.00161633 0.0036076834 0.0 12 15.7668690087 2.1734380138 0 0 0 3 6 3 0 0 0 6 
874 2 7.82171 25.7844 21.7486 0.00244103 -6.08801e-04 -0.00219162 0.0033365348 0.0 13 17.840035201 2.1601610818 0 0 1 4 2 5 1 0 0 7 
490 1 14.5792 22.1997 19.4961 0.0024961 -0.00217586 -0.00218766 0.00396872 0.0 15 21.9873993564 2.2712977037 0 0 1 3 5 4 2 0 0 7 
809 1 10.9892 19.2336 25.8581 -0.00128579 0.00466305 -0.00212758 0.0052843058 0.0 14 21.060706423 2.20896321 0 0 0 2 8 4 0 0 0 6 
386 2 9.98774 26.4723 21.3928 0.00243419 0.00350337 5.6313e-04 0.0043030219 0.0 15 17.9032292187 2.3046303859 0 0 0 5 3 6 1 0 0 7 
518 1 12.8201 18.4739 23.9043 -0.00499097 0.00134178 0.00165236 0.0054259053 0.0 14 22.4842658743 2.222864348 0 0 0 4 4 6 0 0 0 6 
642 1 13.2327 19.4734 21.046 0.00153126 0.00125799 0.00389938 0.0043740668 0.0 14 21.2295693344 2.2712977037 0 0 0 4 4 6 0 0 0 6 
173 1 12.088 23.8499 21.4769 -0.00159163 6.95353e-04 -0.00115733 0.0020871547 0.0 14 20.9141352757 2.2004094144 0 0 0 4 5 4 1 0 0 7 
673 1 10.4812 24.0971 23.7674 0.0014159 -0.00188403 0.00188521 0.0030180057 0.0 16 21.9755140732 2.2116202447 0 0 1 2 5 8 0 0 0 6 
59 1 12.629 24.1914 18.4597 4.46498e-04 -0.0011355 -0.00100513 0.0015808248 0.0 13 20.3585128377 2.1997549045 0 0 0 2 8 3 0 0 0 6 
791 2 16.2866 18.5809 26.6678 -0.0014268 0.0019365 0.00163045 0.0029058833 0.0 13 14.2466271419 2.2222290848 0 0 0 3 6 4 0 0 0 6 
834 1 12.9756 17.4064 18.8334 7.96263e-04 1.5793e-04 0.00191893 0.0020835712 0.0 13 21.2116974603 2.3669696854 0 0 1 2 6 3 1 0 0 7 
444 1 10.2612 19.0381 21.2819 -0.0027421 -0.00132461 -1.72978e-04 0.0030501845 0.0 14 19.8129782615 2.1394941842 0 0 0 3 6 5 0 0 0 6 
520 1 9.6767 24.1493 19.2113 0.00202844 0.00158976 -2.51817e-04 0.0025894628 0.0 15 22.8803013206 2.2487775029 0 0 0 2 9 3 1 0 0 7 
948 1 13.9779 21.9224 22.4602 0.00190984 -2.32344e-04 5.83167e-04 0.0020103622 0.0 15 21.5535287044 2.2546440748 0 0 2 3 4 3 2 1 0 8 
734 1 13.8071 24.5034 23.8663 0.00298941 9.85507e-04 0.00686544 0.0075526196 0.0 15 22.5041552655 2.3081014877 0 0 1 3 4 6 1 0 0 7 
622 1 15.6234 26.9155 22.8332 4.80001e-04 0.00387838 -0.00238659 0.0045790877 0.0 15 22.261954288 2.2018097397 0 0 0 3 6 6 0 0 0 6 
316 2 -0.112596 19.9786 19.3814 1.49056e-04 -3.9448e-05 7.84075e-04 7.9909163521e-04 0.0 12 14.3330048035 2.1362499365 0 0 0 4 4 4 0 0 0 6 
283 1 26.341 24.9432 18.9462 -0.00209608 -0.00367223 0.00147125 0.0044769857 0.0 13 22.10853906 2.2021716042 0 0 0 3 6 4 0 0 0 6 
266 1 20.4893 20.2994 18.2406 -4.01007e-04 0.00150587 0.00245922 0.0029113938 0.0 14 22.9009386611 2.3148004119 0 0 1 1 8 3 1 0 0 7 
745 1 20.8071 25.5069 23.5398 0.00261387 7.61964e-04 0.00124023 0.0029918349 0.0 12 18.7635849856 2.1683486283 0 0 0 2 8 2 0 0 0 6 
440 1 23.7495 25.9243 24.529 1.88975e-04 -0.00212266 -1.50623e-04 0.0021363718 0.0 13 21.892257189 2.3091034981 0 0 0 3 6 4 0 0 0 6 
120 1 21.4172 18.9371 21.1636 -0.00339034 0.00532104 0.00417052 0.0075631415 0.0 16 22.9387833171 2.361844834 0 0 0 4 7 2 3 0 0 7 
272 1 22.5239 22.1807 19.4684 0.00317611 3.5588e-04 0.00162256 0.0035842749 0.0 15 23.5548922478 2.2731729669 0 0 0 0 12 3 0 0 0 6 
81 2 25.4755 22.1572 20.1029 0.00148243 6.29215e-04 1.12606e-04 0.0016143699 0.0 14 17.9371716174 2.2615915564 0 0 0 2 8 4 0 0 0 6 
550 2 23.3715 18.5868 18.659 -4.58957e-04 -7.24233e-04 0.00178705 0.0019820955 0.0 15 16.3848526083 2.2814375177 0 0 0 3 7 4 1 0 0 7 
387 1 20.2083 22.8201 23.7564 -1.25237e-04 -0.00110353 -0.00118184 0.0016217918 0.0 17 22.9700816931 2.3329179285 0 0 0 2 8 7 0 0 0 6 
149 2 24.6638 20.1764 20.782 0.00218438 -0.00220447 0.00219733 0.0038025601 0.0 13 18.3696914969 2.3094957443 0 0 0 4 4 5 0 0 0 6 
730 1 20.8506 24.9757 20.2234 6.15106e-04 0.00204907 -0.0031579 0.0038143644 0.0 15 20.8332757127 2.238381672 0 0 0 2 8 5 0 0 0 6 
612 1 23.0759 24.3469 21.8949 9.57014e-04 -0.00488555 0.00160835 0.0052317554 0.0 13 22.4273036906 2.3388413359 0 0 0 1 10 2 0 0 0 6 
91 1 24.9839 20.2443 24.2124 -0.00229882 5.21719e-04 0.0015786 0.0028370305 0.0 14 23.607859331 2.3094957443 0 0 0 0 12 2 0 0 0 6 
384 1 23.7469 18.3548 -0.226532 -5.98744e-04 -3.91154e-04 -0.00580954 0.0058533965 0.0 16 23.4322570505 2.3480722027 0 0 0 2 9 4 1 0 0 7 
493 1 22.1962 17.9852 23.8674 6.19941e-04 0.00546512 2.45166e-04 0.0055056307 0.0 14 22.2015082688 2.3094957443 0 0 1 2 6 4 1 0 0 7 
847 1 19.4406 22.8153 17.8167 -5.72185e-04 0.0034309 3.29131e-04 0.0034938228 0.0 13 21.032481141 2.2731729669 0 0 0 3 6 4 0 0 0 6 
618 1 22.0378 21.2207 22.4687 -9.90177e-05 9.22066e-04 0.00328298 0.0034114466 0.0 13 21.6791682938 2.3094957443 0 0 0 1 10 2 0 0 0 6 
928 1 23.3832 25.3152 19.263 -0.00382478 -8.33343e-04 -0.00514335 0.0064635479 0.0 13 21.3201439998 2.3388841131 0 0 1 0 9 3 0 0 0 6 
43 1 21.9037 20.4038 25.4259 2.08941e-04 -6.18485e-04 0.00387595 0.003930543 0.0 12 21.4421606553 2.2949909699 0 0 0 0 12 0 0 0 0 5 
738 1 25.3297 22.7219 22.9384 -5.85218e-04 -4.64534e-05 -3.52681e-04 6.8485174575e-04 0.0 15 23.0005943923 2.3513925849 0 0 1 4 2 7 1 0 0 7 
652 1 22.8498 23.0571 24.705 2.09952e-04 -0.00199129 0.00492843 0.0053196558 0.0 14 21.4050133654 2.343159222 0 0 1 2 7 2 2 0 0 7 
785 1 19.3876 19.668 23.2999 -0.0036122 0.0021649 -0.00267433 0.0049886693 0.0 15 22.9311652399 2.3015643142 0 0 0 1 10 4 0 0 0 6 
172 1 21.3084 25.411 26.2618 -0.00162878 -0.00352208 0.00143057 0.004135759 0.0 14 19.6049786076 2.1393593013 0 0 0 3 6 5 0 0 0 6 
105 1 25.7916 25.3512 21.8508 -8.05654e-04 9.76e-04 -3.46761e-04 0.0013122109 0.0 15 22.7908358523 2.360501618 0 0 1 2 7 3 2 0 0 7 
39 1 20.1163 22.3752 20.6901 0.00302573 -0.00123596 -2.94102e-04 0.003281636 0.0 14 22.0607958536 2.148246286 0 0 0 2 8 4 0 0 0 6 
839 1 18.7909 24.9338 25.4348 -0.00273637 0.00220931 -0.00426586 0.0055286828 0.0 13 19.9589010643 2.182437258 0 0 0 4 4 5 0 0 0 6 
187 2 19.0627 19.5186 26.7042 0.00119354 0.00594657 0.00211702 0.0064240179 0.0 15 19.0655602314 2.3329179285 0 0 1 2 7 3 2 0 0 7 
245 1 18.7544 19.0062 20.6669 -0.00213086 -4.0251e-04 -3.80027e-04 0.0022015901 0.0 14 23.3619959561 2.3148004119 0 0 0 2 9 2 1 0 0 7 
338 1 26.5283 25.653 25.1313 0.0010582 2.50036e-05 0.00240226 0.002625122 0.0 15 23.2236011434 2.3513925849 0 0 2 2 3 7 1 0 0 7 
784 1 0.467027 18.1634 24.3386 0.00228965 -0.00367164 -0.0022225 0.0048644572 0.0 16 22.5462932567 2.2430271528 0 0 1 2 7 4 2 0 0 7 
663 1 17.1521 21.2363 18.8912 0.00105725 6.3008e-04 -0.00276091 0.0030228137 0.0 15 22.9168761954 2.3148004119 0 0 1 2 7 3 2 0 0 7 
946 2 0.329022 21.7095 17.9429 -0.00374892 -9.48963e-04 -3.42424e-05 0.0038673123 0.0 14 20.4797220802 2.2935090891 0 0 0 3 6 5 0 0 0 6 
