# Particles (1000 particles):
# "Particle Identifier" "Particle Type" Position.X Position.Y Position.Z Velocity.X Velocity.Y Velocity.Z "Velocity Magnitude" Centrosymmetry Coordination "Atomic Volume" "Cavity Radius" "Voronoi Index.1" "Voronoi Index.2" "Voronoi Index.3" "Voronoi Index.4" "Voronoi Index.5" "Voronoi Index.6" "Voronoi Index.7" "Voronoi Index.8" "Voronoi Index.9" "Max Face Order"
132 2 1.17286 8.75933 4.23115 -8.08384e-05 -0.00241213 0.00151931 0.0028518781 0.0 15 18.565655145 2.2250034266 0 0 1 3 6 3 1 1 0 8 
835 2 7.54852 4.24422 0.599102 -8.37636e-04 0.0030963 0.00148493 0.0035346464 0.0 14 15.6079841882 2.0795852392 0 0 0 4 4 6 0 0 0 6 
786 2 3.82862 1.0382 2.68968 3.63621e-04 0.00319441 0.00272788 0.0042163734 0.0 14 13.7728026245 2.0393770464 0 0 1 3 4 5 1 0 0 7 
593 2 0.675345 6.44331 4.21769 -0.00120366 3.71798e-04 0.00336687 0.0035948358 0.0 14 17.1841519287 2.227439656 0 0 1 3 4 5 1 0 0 7 
37 1 7.82492 7.66333 8.32443 0.00245817 -1.67946e-04 0.00136089 0.0028147517 0.0 14 20.6173546078 2.2143618201 0 0 0 2 8 4 0 0 0 6 
285 2 5.26601 1.99741 4.77915 0.00223972 -0.00120297 -0.00309234 0.0040032548 0.0 14 15.0709364359 2.2851343579 0 0 0 4 4 6 0 0 0 6 
533 1 5.98131 5.01521 7.74647 -6.73092e-04 0.00328421 0.00172796 0.0037715957 0.0 18 24.7874602445 2.3216472906 0 0 0 4 6 6 2 0 0 7 
719 1 3.11356 4.93575 2.93148 0.0035654 -0.00130375 -0.00113196 0.0039614612 0.0 18 22.0361597721 2.1287077523 0 0 1 4 5 5 2 1 0 8 
856 1 6.74256 7.49325 5.4011 -0.00369784 4.84728e-04 -0.00252282 0.0045026218 0.0 15 21.0718693863 2.1703851204 0 0 1 1 8 4 1 0 0 7 
962 1 3.84547 6.76332 5.11923 -0.00328261 0.00194226 7.6582e-04 0.0038902934 0.0 15 23.5618794054 2.3216472906 0 0 1 1 9 2 2 0 0 7 
895 2 0.941307 1.27967 6.07729 0.00357686 0.00439115 -0.00731188 0.0092487683 0.0 16 13.696376445 1.9602669014 0 0 0 3 7 5 1 0 0 7 
766 1 3.19031 7.8887 1.96671 -4.84763e-04 0.00409469 -0.00189241 0.0045368157 0.0 12 20.5294332273 2.2010878787 0 0 0 2 8 2 0 0 0 6 
967 1 6.05582 4.87726 4.38013 0.00348236 2.21748e-04 0.00235426 0.00420934 0.0 13 21.9502702303 2.3115264366 0 0 0 3 6 4 0 0 0 6 
126 2 3.74182 3.12821 6.22118 -0.0013013 -0.00242932 0.00167202 0.0032234497 0.0 14 17.1438664898 2.3216472906 0 0 0 4 5 4 1 0 0 7 
303 2 26.7134 4.99932 8.90118 0.00202907 -0.00160241 8.02179e-04 0.0027070896 0.0 14 17.065210519 2.2242192278 0 0 2 2 5 2 3 0 0 7 
940 2 26.5267 5.36063 6.4391 0.00266639 -3.44137e-04 -1.20502e-04 0.0026912054 0.0 14 14.6343846811 2.124199808 0 0 1 3 5 3 2 0 0 7 
235 1 7.83153 8.33278 2.22944 -0.00223986 -6.45008e-05 0.00143954 0.0026633454 0.0 14 22.3527671372 2.1527981588 0 0 2 0 6 6 0 0 0 6 
137 2 0.61788 1.87015 3.07668 -0.00360301 -2.06619e-04 8.1702e-05 0.0036098542 0.0 13 16.3041962412 2.1524873058 0 0 0 5 2 6 0 0 0 6 
3 2 1.82895 4.53766 5.73964 -0.00107312 9.23109e-04 0.0044595 0.0046787666 0.0 11 15.5664841133 2.2758713978 0 0 1 3 4 2 1 0 0 7 
473 2 7.64335 1.77784 5.20261 -0.00100055 0.00220345 0.00105722 0.0026408344 0.0 14 15.7627262612 2.3115264366 0 0 2 1 7 2 1 1 0 8 
249 2 2.12408 3.84082 8.05 -0.00142525 -0.00430559 0.0010561 0.004656693 0.0 13 16.6092825593 2.2869525952 0 0 1 2 6 3 1 0 0 7 
807 1 5.54987 6.15815 2.01509 -2.86086e-04 -7.21218e-04 0.00150168 0.0016902791 0.0 15 22.2071126853 2.208141022 0 0 0 1 10 4 0 0 0 6 
817 1 2.41176 6.88067 7.94438 -0.00354992 -0.00302295 0.00108987 0.0047883165 0.0 18 22.9507413564 2.3216472906 0 0 2 2 5 6 3 0 0 7 
777 2 6.30812 0.895983 2.8845 -0.00125636 -9.40744e-04 -0.00279831 0.0032084231 0.0 12 12.269419475 1.8985378814 0 0 0 3 6 3 0 0 0 6 
613 2 5.35235 2.99018 1.91581 0.00185272 -3.00106e-04 9.34066e-04 0.0020964528 0.0 14 16.4719111584 2.0809746309 0 0 1 3 4 5 1 0 0 7 
871 2 2.63185 2.18555 4.32605 -0.00164239 -0.0011969 0.00414441 0.0046158584 0.0 12 14.5301314679 2.104530508 0 0 2 3 3 2 1 1 0 8 
148 2 4.39894 2.04692 9.06504 -0.00178331 3.53718e-04 0.00256199 0.003141513 0.0 14 17.4728959129 2.2282473147 0 0 1 1 8 3 1 0 0 7 
708 1 8.34904 3.33756 8.32135 -0.00188051 -0.00278868 0.00111154 0.0035423968 0.0 15 20.6931983203 2.2965402971 0 0 2 1 7 3 1 1 0 8 
896 1 0.547934 7.36767 1.36762 -0.00136456 -0.00182248 -0.00185088 0.0029341462 0.0 15 19.6297107083 2.1804292902 0 0 0 5 2 8 0 0 0 6 
462 2 3.84031 0.469681 6.2146 -0.00576507 -0.00224851 -0.00100495 0.0062691111 0.0 15 13.3988893967 1.868181676 0 0 1 2 6 5 1 0 0 7 
668 2 5.93628 1.39531 7.3682 0.00503101 0.00183116 0.00153533 0.00556969 0.0 13 14.9232620888 2.2762388548 0 0 1 2 6 3 1 0 0 7 
131 1 4.99585 7.64663 7.89968 -0.00392556 6.13426e-04 -0.00167875 0.0043132951 0.0 14 21.3530717141 2.1893506276 0 0 1 3 4 5 1 0 0 7 
610 2 2.29947 1.42623 7.91608 0.00309831 -6.74435e-04 0.0044341 0.0054512045 0.0 12 13.4891170999 2.1552910769 0 0 0 3 6 3 0 0 0 6 
943 2 25.8572 0.589881 4.45877 5.2925e-04 0.00168279 4.29143e-04 0.0018155031 0.0 15 16.8380865103 2.3041396853 0 0 0 4 4 7 0 0 0 6 
23 2 0.0269069 3.3749 4.98498 -0.00129779 -0.00270587 0.00335473 0.0045011337 0.0 14 14.2454672576 2.1451524923 0 0 1 2 7 2 2 0 0 7 
892 2 2.7556 2.88478 0.493413 0.00300876 -0.00356288 -0.00336047 0.0057480005 0.0 14 19.3588104855 2.272871454 0 0 1 3 4 5 1 0 0 7 
942 2 8.13997 2.93458 2.9968 0.00349045 -7.10008e-04 -2.60549e-04 0.0035714477 0.0 16 17.7604068074 2.3541199598 0 0 2 5 2 3 2 2 0 8 
780 1 8.72554 5.51264 6.23841 -0.00292944 -4.02524e-04 4.94754e-04 0.0029980703 0.0 14 21.8831126718 2.3115264366 0 0 0 1 10 3 0 0 0 6 
422 2 8.20936 0.819601 1.63322 0.00138538 -0.00155957 -9.61162e-04 0.0022968171 0.0 17 14.0504631768 2.0445762326 0 0 2 1 7 4 3 0 0 7 
223 1 10.7695 7.20755 7.79587 6.59196e-04 0.0034758 -0.00302776 0.0046565068 0.0 16 21.7411470477 2.3167187557 0 0 2 4 2 4 4 0 0 7 
787 2 9.69024 2.51229 5.40044 -0.00175966 0.00131706 -5.78859e-04 0.0022729118 0.0 14 18.4934585011 2.3549212203 0 0 2 1 4 7 0 0 0 6 
425 2 14.4252 0.63061 7.40266 0.00373407 6.69147e-04 -0.00368634 0.0052896256 0.0 14 15.9119270018 2.1978205196 0 0 0 2 8 4 0 0 0 6 
829 1 11.0331 4.35978 7.71612 3.52883e-04 -0.00366154 2.814e-05 0.003678613 0.0 14 20.8085084512 2.3549212203 0 0 1 3 4 5 1 0 0 7 
495 1 16.0875 1.95141 5.38488 -5.09633e-04 2.42607e-04 -5.93514e-04 8.1904994923e-04 0.0 13 21.4150229635 2.2818626059 0 0 0 4 4 5 0 0 0 6 
42 1 13.139 7.62853 6.21681 -0.0013753 -5.14578e-04 -0.00268199 0.0030576643 0.0 15 23.5153390836 2.3843634054 0 0 1 2 6 5 1 0 0 7 
312 1 15.8133 5.19109 0.299183 0.00120835 0.00176007 -0.00155529 0.002641379 0.0 14 21.3555078895 2.3633020643 0 0 0 2 8 4 0 0 0 6 
358 1 10.789 7.33978 2.27136 0.00262679 0.00494384 0.00298921 0.0063464129 0.0 17 24.127117931 2.3843634054 0 0 1 3 5 6 2 0 0 7 
366 1 16.7941 6.78282 2.60345 0.0046346 0.0036027 6.89036e-04 0.0059104767 0.0 14 21.5023932126 2.2795816629 0 0 0 3 6 5 0 0 0 6 
14 1 11.3701 5.00069 4.93037 0.00219547 -0.00190209 -1.3703e-05 0.0029048619 0.0 14 23.3577910737 2.3843634054 0 0 0 4 4 6 0 0 0 6 
309 1 13.2892 2.9172 4.58885 7.65075e-04 0.00230379 0.0047825 0.00536331 0.0 18 22.7172313002 2.3549212203 0 0 1 3 5 7 2 0 0 7 
637 2 11.2443 0.618868 5.13997 -4.10533e-04 0.00134845 0.00111031 0.0017943364 0.0 14 15.2868540843 2.3449878001 0 0 0 3 7 3 1 0 0 7 
219 1 16.9764 5.17641 5.25899 9.85339e-04 -0.00152265 0.00151161 0.0023609999 0.0 15 21.0320338942 2.208139415 0 0 0 4 4 7 0 0 0 6 
732 1 17.3371 8.71262 7.41796 -0.00290185 -0.00155607 0.00141589 0.0035842477 0.0 13 20.9549685449 2.1328542277 0 0 1 2 5 5 0 0 0 6 
84 1 18.4129 7.96448 4.74912 -0.00742061 -0.00176901 -0.00514119 0.0091992763 0.0 14 20.292299887 2.1093791022 0 0 0 3 6 5 0 0 0 6 
574 1 8.64825 5.81487 3.29463 0.00211718 -0.00213085 -1.56254e-04 0.0030078877 0.0 15 22.2360927274 2.3541199598 0 0 2 0 8 4 0 1 0 8 
487 2 8.01298 26.1893 4.52921 7.02177e-04 -1.36795e-04 0.00211856 0.0022360818 0.0 16 14.3596667751 2.0445762326 0 0 1 2 6 6 1 0 0 7 
83 2 9.983 2.69691 1.07639 -0.00145812 -0.00281629 0.00117416 0.0033817532 0.0 14 15.2417159817 2.3328797463 0 0 3 1 2 7 1 0 0 7 
454 1 15.7582 1.12384 2.63044 1.8629e-05 -7.33375e-04 0.00378074 0.0038512571 0.0 13 21.4449451415 2.283152563 0 0 0 3 6 4 0 0 0 6 
660 2 10.8989 0.35356 0.731972 0.00149738 1.91334e-04 -8.61709e-04 0.0017381881 0.0 13 14.4352100308 2.1531039799 0 0 1 2 5 5 0 0 0 6 
968 1 16.9267 2.21635 26.5703 -0.00224645 0.0025332 -6.70362e-04 0.003451525 0.0 14 21.9186408793 2.3657765206 0 0 0 1 10 3 0 0 0 6 
509 1 12.348 4.62383 2.32061 0.00220027 0.00343704 7.97532e-04 0.0041581834 0.0 16 22.5686808091 2.3541199598 0 0 1 3 5 6 0 1 0 8 
805 1 16.6337 3.72751 7.6189 -0.00151337 -3.64095e-04 0.00349501 0.0038259572 0.0 13 19.3138928577 2.1695016813 0 0 0 3 6 4 0 0 0 6 
926 1 15.5301 6.56685 7.28819 0.00221719 -0.00102054 -0.00428139 0.0049282587 0.0 15 19.7214776065 2.1724321796 0 0 1 4 2 7 1 0 0 7 
352 1 13.8384 4.31837 6.93998 9.35871e-06 -0.00154442 0.00403675 0.0043221142 0.0 16 21.9203542807 2.2243251419 0 0 1 2 7 4 2 0 0 7 
122 1 14.5189 6.12129 4.36761 0.00107346 -0.00188963 -0.00141148 0.0025913884 0.0 13 19.9741666941 2.3843634054 0 0 0 3 6 4 0 0 0 6 
901 1 15.5476 4.02028 2.90324 5.51508e-04 0.00212489 -2.07273e-04 0.002205058 0.0 13 21.404059745 2.3657765206 0 0 0 2 8 3 0 0 0 6 
104 2 9.84313 8.39862 4.9297 0.00277724 -0.0034984 -2.10127e-05 0.0044668004 0.0 16 20.935489228 2.326848484 0 0 1 4 4 4 3 0 0 7 
278 2 10.6717 1.54388 3.0222 -0.00103271 9.33488e-04 0.00267901 0.0030191032 0.0 14 15.3277527983 2.3520434628 0 0 2 2 4 4 2 0 0 7 
357 1 13.9324 7.05911 1.70456 -0.00253677 8.96376e-04 0.00159142 0.0031259094 0.0 12 20.3938159656 2.2580255228 0 0 0 2 8 2 0 0 0 6 
898 1 17.8988 1.05434 7.74603 -3.8334e-04 0.00161068 -0.001856 0.0024871622 0.0 17 23.451489975 2.3376774484 0 0 0 2 9 5 1 0 0 7 
843 2 12.5752 0.458924 2.70864 0.00332629 -0.00320726 9.10859e-04 0.0047096057 0.0 14 16.0859998691 2.1349969188 0 0 2 0 8 2 2 0 0 7 
662 1 13.9102 2.84177 0.912161 0.00106811 -8.14451e-05 -6.0481e-04 0.0012301575 0.0 15 22.0439518543 2.1595156956 0 0 2 3 5 1 3 1 0 8 
459 2 10.4776 0.930585 7.44647 0.00522043 1.02151e-04 -0.00276093 0.0059064421 0.0 13 15.0381980916 2.3531949714 0 0 1 2 6 3 1 0 0 7 
244 1 0.510198 4.50049 1.52439 0.002608 0.00520443 -0.00100782 0.0059079148 0.0 15 22.0314232934 2.2347120435 0 0 3 3 2 4 2 0 1 9 
6 2 24.4515 5.54813 10.2535 0.00383526 -7.61663e-04 -0.00471635 0.0061264433 0.0 13 14.9548871066 2.1934030828 0 0 1 2 6 3 1 0 0 7 
449 1 20.3141 8.35397 7.2775 9.02522e-05 0.00306768 0.00286673 0.0041996365 0.0 15 22.1265640201 2.3636153205 0 0 2 1 7 3 1 1 0 8 
58 2 25.0758 7.21237 8.68985 0.00217348 7.53394e-04 -0.00326916 0.0039973773 0.0 14 15.2617453441 2.1291908436 0 0 2 3 3 3 3 0 0 7 
339 1 18.3002 2.05892 3.3566 0.00142379 0.00156006 0.0023849 0.0031857045 0.0 14 22.0041695645 2.3657765206 0 0 0 2 8 4 0 0 0 6 
562 1 21.5275 7.9155 26.5845 -7.16333e-04 0.00258311 9.99626e-04 0.0028609164 0.0 15 23.4317479529 2.3513810294 0 0 1 4 3 5 2 0 0 7 
994 2 25.2494 5.21769 4.06869 -0.00290566 -0.00197895 -0.00349952 0.0049604177 0.0 15 17.3807450202 2.2347120435 0 0 1 3 4 6 1 0 0 7 
665 2 21.0028 1.70311 9.34744 5.49565e-04 0.00343603 0.00269814 0.0044032128 0.0 16 16.9088505042 2.1953089434 0 0 1 5 2 5 3 0 0 7 
5 2 23.37 8.43107 7.57415 -0.00140958 -5.19867e-04 -0.00106649 0.0018424382 0.0 14 15.4790841341 2.1639746304 0 0 2 1 5 5 1 0 0 7 
342 2 24.984 26.7129 7.12146 0.00337804 -0.0025709 -0.00168462 0.0045671244 0.0 15 17.0196567301 2.3459350448 0 0 1 3 5 4 2 0 0 7 
638 2 22.7695 6.1369 7.55154 0.00168725 3.43169e-04 -0.00212701 0.0027365579 0.0 13 15.3582336642 2.1029173557 0 0 0 5 3 4 1 0 0 7 
338 1 25.476 2.18834 0.929636 -0.00171822 -0.00182318 0.00399658 0.0047168758 0.0 19 25.0852038998 2.3654505163 0 0 3 5 2 4 2 2 1 9 
729 2 21.771 3.49044 7.33212 -6.799e-04 -0.00116298 0.00251831 0.0028559888 0.0 15 18.365118217 2.1953089434 0 0 1 2 6 5 1 0 0 7 
254 2 24.6505 4.78217 8.01802 -0.00100309 -0.00249557 0.00189883 0.003292357 0.0 14 12.4674133314 1.8935209669 0 0 1 0 10 2 1 0 0 7 
919 2 26.6475 2.48638 8.32903 -0.00274115 1.60849e-04 -6.60936e-04 0.0028242897 0.0 15 15.4030122757 2.107080004 0 0 1 1 8 4 1 0 0 7 
836 2 21.3273 26.3577 8.23807 -3.86022e-04 -1.5158e-04 0.00314372 0.0031709565 0.0 13 20.1583787039 2.3217854069 0 0 2 2 4 3 2 0 0 7 
341 2 25.3249 7.65091 3.49996 -8.9237e-04 -0.00415511 0.00395426 0.0058049492 0.0 12 17.0877313495 2.1825390613 0 0 0 5 2 5 0 0 0 6 
369 2 23.5948 2.03856 8.4998 0.00395896 0.00613036 0.0015944 0.0074697249 0.0 14 14.2313409118 1.8708135941 0 0 2 0 8 2 2 0 0 7 
213 2 23.9811 7.07934 5.48493 -3.85162e-04 0.00259467 0.00134956 0.0029499109 0.0 14 15.4293610823 2.0961885864 0 0 0 4 5 4 1 0 0 7 
846 1 20.0862 2.66891 1.03053 -0.00316707 -0.00216541 7.94504e-04 0.0039179803 0.0 13 21.6313662554 2.2804158521 0 0 0 2 8 3 0 0 0 6 
772 2 22.8461 1.01776 6.4637 -9.11623e-04 -5.2364e-04 8.40471e-04 0.0013459743 0.0 14 18.9225273476 2.3020123486 0 0 1 2 5 6 0 0 0 6 
395 2 24.5158 2.61388 4.18932 -0.00288358 -0.00129978 -5.05172e-04 0.0032030705 0.0 12 17.9698523872 2.1974638077 0 0 0 3 6 3 0 0 0 6 
222 1 24.6436 5.74561 0.796778 -0.00164912 -0.00123204 -0.00103466 0.0023039185 0.0 15 21.637368779 2.2454030704 0 0 1 2 5 7 0 0 0 6 
276 1 21.158 8.39165 4.48656 1.11444e-04 -9.84173e-04 0.00542543 0.0055150981 0.0 14 20.0526854139 2.1246573162 0 0 0 4 4 6 0 0 0 6 
781 1 21.1393 2.53817 4.12429 0.00171767 -0.00291934 0.00401742 0.0052547692 0.0 14 23.4014679295 2.2251904573 0 0 0 3 6 5 0 0 0 6 
623 1 22.9221 0.120656 3.13155 0.00157587 -4.38503e-04 0.00145315 0.002187989 0.0 15 23.4464043754 2.3541589789 0 0 0 3 6 6 0 0 0 6 
978 1 18.9663 3.1753 6.06367 0.00257133 -2.51348e-04 4.03017e-04 0.0026148301 0.0 13 20.5306657855 2.1953089434 0 0 0 3 6 4 0 0 0 6 
258 2 23.4442 4.61047 5.74409 1.9657e-04 7.97723e-05 0.00125871 0.0012764616 0.0 13 16.4508793141 2.2251904573 0 0 0 4 4 5 0 0 0 6 
704 1 23.0406 3.54843 1.8163 0.00180159 -3.04524e-04 -0.0017385 0.0025220713 0.0 15 23.5081160264 2.3654505163 0 0 1 4 3 6 0 1 0 8 
924 1 18.4119 6.24667 7.55036 -0.00158035 -9.89679e-04 -0.00325595 0.0037520902 0.0 16 20.1947612936 2.2754116192 0 0 4 1 4 3 3 0 1 9 
198 1 20.401 5.65241 5.4281 0.00139995 8.36291e-04 -7.99249e-04 0.0018160511 0.0 16 22.6918551138 2.1827520874 0 0 1 4 3 6 2 0 0 7 
588 2 24.917 2.89484 6.59155 -0.00165037 -0.00256353 0.00166006 0.0034714848 0.0 13 13.7346164223 1.9201921624 0 0 0 3 6 4 0 0 0 6 
210 1 23.0976 9.31292 2.32683 0.00153319 1.81137e-04 -9.92295e-05 0.0015470387 0.0 16 22.8449782379 2.2454030704 0 0 0 4 4 8 0 0 0 6 
951 1 21.892 6.29044 2.85542 -0.00158878 -0.00149052 0.00267148 0.0034471259 0.0 14 23.8063117277 2.2454030704 0 0 0 4 4 6 0 0 0 6 
666 1 19.2084 5.00326 2.43708 -9.76485e-04 -0.00365919 -0.00110882 0.003946223 0.0 18 26.0751792041 2.3657765206 0 0 1 3 5 7 2 0 0 7 
147 1 19.6996 8.03788 2.16564 -0.00189555 0.00310219 0.00379883 0.0052581177 0.0 14 21.2170470258 2.3513810294 0 0 1 3 5 3 2 0 0 7 
129 2 25.9689 7.74635 6.33573 -1.25998e-04 -0.00145097 -0.0035255 0.0038144908 0.0 17 14.4563382162 2.227439656 0 0 3 2 4 3 5 0 0 7 
859 1 2.34792 13.6953 1.64903 0.0017263 -8.80443e-04 -0.00532914 0.0056705401 0.0 16 22.6306318744 2.1916878256 0 0 0 2 9 4 1 0 0 7 
913 2 1.19077 16.3558 1.16805 0.00405722 0.00277125 -0.00137119 0.0051010805 0.0 13 17.4075316063 2.1983984088 0 0 1 1 8 2 1 0 0 7 
975 2 1.9735 9.58263 6.50282 0.00240315 -0.00354313 0.00145933 0.0045231122 0.0 15 16.3373455136 2.227439656 0 0 1 4 4 4 1 1 0 8 
798 1 3.71938 10.936 1.9052 0.00273963 6.84972e-04 0.0044138 0.0052398845 0.0 14 21.3855729511 2.2088142374 0 0 0 3 6 5 0 0 0 6 
485 2 1.0149 16.9612 6.0991 3.11778e-04 -0.00220287 -0.00452759 0.0050446916 0.0 13 18.4482792218 2.2368321179 0 0 0 1 10 2 0 0 0 6 
532 1 6.6507 15.6206 8.53215 -0.00396374 0.00252236 -4.74103e-04 0.0047221085 0.0 16 23.7177397903 2.3003794046 0 0 0 3 7 5 1 0 0 7 
567 2 0.427748 16.7916 3.815 -0.00148752 -0.00127931 -0.0025068 0.0031832996 0.0 14 17.6385846055 2.2368321179 0 0 0 4 5 4 1 0 0 7 
270 2 2.13133 13.9678 4.7432 -0.00123739 -1.3736e-04 1.98615e-04 0.0012607338 0.0 16 19.5047438403 2.1916878256 0 0 0 4 6 4 2 0 0 7 
537 1 6.83275 11.0914 1.81522 0.00178479 0.00267406 0.0027038 0.0042007864 0.0 13 21.1568573109 2.1413782842 0 0 0 1 10 2 0 0 0 6 
914 1 4.7932 12.7926 26.7308 -0.00203645 9.14546e-04 -5.49414e-06 0.0022323873 0.0 13 19.224906043 2.1603615543 0 0 0 2 8 3 0 0 0 6 
757 1 6.48037 16.9166 2.26464 2.39054e-04 0.00267166 -5.66043e-04 0.0027414082 0.0 15 23.2575302059 2.20489282 0 0 0 1 10 4 0 0 0 6 
764 1 3.62506 16.4824 3.5765 -0.00239671 0.00306034 -0.00183287 0.0042975938 0.0 15 23.4801031566 2.2419168631 0 0 0 3 6 6 0 0 0 6 
332 2 4.12059 10.4707 6.83014 -0.00164914 -0.00211994 0.00175811 0.0032101027 0.0 14 16.1055875699 2.1832823531 0 0 2 2 5 2 3 0 0 7 
621 2 0.588543 14.1909 6.86291 -0.00324019 -0.00654411 0.0030816 0.0079259363 0.0 14 13.0298510023 2.1199733956 0 0 1 2 6 4 1 0 0 7 
872 2 2.48431 12.2525 7.04623 -0.00355915 1.16252e-04 -0.00415703 0.0054737521 0.0 14 13.8801676187 1.9478523168 0 0 0 2 8 4 0 0 0 6 
795 2 26.1805 14.7621 4.73175 -0.00578601 8.48427e-04 0.00167653 0.0060834606 0.0 12 12.2657004966 1.923271525 0 0 0 3 6 3 0 0 0 6 
853 2 6.17504 12.0535 4.97434 -0.00211388 -0.00337885 -0.00199159 0.0044555075 0.0 13 17.0522557174 2.1209182743 0 0 0 1 10 2 0 0 0 6 
970 2 6.82938 10.3102 6.76026 0.0016254 -0.00127574 0.00124312 0.0024113865 0.0 14 16.2646460163 2.1145684662 0 0 0 4 5 4 1 0 0 7 
234 1 8.16107 13.5845 3.44739 0.00224271 9.00339e-04 0.00135891 0.002772543 0.0 15 23.2643625875 2.2892615186 0 0 0 2 8 5 0 0 0 6 
966 2 0.0577245 8.9954 8.14907 -9.62365e-04 0.00151114 -0.00213508 0.0027871593 0.0 14 15.1148543105 2.1277269957 0 0 3 1 5 2 2 1 0 8 
200 1 5.34834 9.17735 0.480332 -0.00278575 -0.00416156 -0.00149688 0.0052268188 0.0 15 22.0444650318 2.2889714415 0 0 0 2 9 3 1 0 0 7 
171 2 6.33669 12.8594 7.22038 -0.00190915 -0.00265604 -2.69758e-04 0.0032820987 0.0 13 16.5608592066 2.2981400673 0 0 1 3 4 4 1 0 0 7 
598 1 0.740201 10.579 1.45699 0.00422547 -3.67034e-04 -5.27598e-04 0.0042740695 0.0 15 22.0055661351 2.18550532 0 0 0 2 8 5 0 0 0 6 
576 1 4.46731 15.6614 0.43022 -0.00374985 -0.00151566 6.28324e-04 0.0040930907 0.0 16 23.4468840017 2.4104459929 0 0 3 1 6 3 2 0 1 9 
691 2 1.53133 11.4441 4.34702 7.92237e-04 2.55081e-04 -0.00399053 0.0040763998 0.0 13 15.9294562491 2.161003101 0 0 1 2 5 5 0 0 0 6 
680 1 5.16743 9.17592 3.88463 7.50279e-04 1.10806e-04 9.84543e-04 0.0012427878 0.0 16 22.4774055861 2.2088142374 0 0 1 2 8 2 3 0 0 7 
321 2 8.22999 10.1574 4.8056 -0.00287009 0.00422101 -6.35719e-04 0.0051437808 0.0 12 15.9055348609 2.0957773938 0 0 0 2 8 2 0 0 0 6 
429 2 2.56736 14.3314 8.33587 -0.00267693 -0.001995 -0.00170609 0.0037492296 0.0 14 17.711571239 2.3003794046 0 0 1 2 5 6 0 0 0 6 
870 1 7.19805 14.0792 0.629501 -9.33129e-04 0.00260126 -0.00152393 0.0031558907 0.0 14 20.5378803112 2.2206020868 0 0 0 1 10 3 0 0 0 6 
640 2 1.32192 16.1955 8.15983 6.70376e-04 -0.00141472 9.61923e-04 0.0018374255 0.0 12 15.8586658997 2.1049881904 0 0 0 2 8 2 0 0 0 6 
412 2 4.23961 13.3618 6.13194 7.25261e-04 -0.00239965 -0.00235968 0.0034427334 0.0 13 16.1568841422 2.276309443 0 0 0 3 6 4 0 0 0 6 
233 2 3.69556 11.524 4.83436 -1.4857e-04 0.00237709 -7.30457e-04 0.0024912241 0.0 12 15.3514431933 2.2088142374 0 0 0 2 8 2 0 0 0 6 
629 1 5.27892 13.889 2.81208 -0.00134623 3.40928e-04 0.00431981 0.0045375462 0.0 14 22.7181741789 2.2419168631 0 0 0 1 10 3 0 0 0 6 
296 1 4.17316 16.3257 6.5453 -0.00110635 -0.001145 0.00410386 0.0044018976 0.0 15 22.7207863837 2.2454705697 0 0 0 2 8 5 0 0 0 6 
983 1 6.90258 15.3866 5.52574 -9.69582e-04 -7.03896e-04 -0.00269054 0.0029452613 0.0 14 22.5565431186 2.2888102689 0 0 0 1 10 3 0 0 0 6 
453 2 4.55322 11.9293 8.67115 -0.00237049 0.00195735 0.00132927 0.0033492388 0.0 13 17.6728364126 2.3003794046 0 0 0 3 6 4 0 0 0 6 
44 2 9.44452 9.74409 6.79712 0.00411461 -5.24844e-04 6.35384e-04 0.0041963305 0.0 13 15.1784505188 2.0855327322 0 0 0 3 7 2 1 0 0 7 
590 2 10.3149 10.8246 4.1847 -7.48464e-04 0.00195364 -0.00256608 0.0033108419 0.0 13 18.2541293285 2.2174401281 0 0 2 3 4 1 2 1 0 8 
382 1 13.2424 16.3061 5.84981 4.57587e-04 0.00181288 7.37805e-04 0.0020100438 0.0 15 22.0529258632 2.3472966867 0 0 0 3 6 6 0 0 0 6 
128 1 15.261 11.5089 3.8273 0.00439843 1.99341e-04 -8.13162e-04 0.004477405 0.0 13 22.1461027542 2.2255873436 0 0 0 2 8 3 0 0 0 6 
452 1 12.6462 11.5969 1.30651 -0.00124046 -4.87021e-04 0.00462477 0.0048129438 0.0 14 23.8312230417 2.3270202454 0 0 0 2 8 4 0 0 0 6 
905 2 9.75643 10.9383 1.77274 -0.00236263 0.00307099 0.00376472 0.0054024177 0.0 16 22.8497923294 2.2206020868 0 0 1 4 4 5 1 1 0 8 
791 2 14.2075 17.0224 2.85052 -0.00544801 -0.0016396 0.00118783 0.00581206 0.0 13 17.1130094098 2.2458890906 0 0 0 4 4 5 0 0 0 6 
33 1 9.09567 15.9609 0.810715 0.00279383 0.00193399 0.00262258 0.0042922872 0.0 15 23.5246256728 2.3345077358 0 0 1 3 5 4 2 0 0 7 
909 1 17.5296 10.1189 26.4828 0.00122306 -0.0013424 -2.44067e-04 0.0018323434 0.0 16 23.4790586792 2.3513810294 0 0 1 3 6 3 3 0 0 7 
634 2 15.4235 16.4985 0.952846 -0.00218409 -0.00188413 -0.00321094 0.0043162867 0.0 14 17.9092720794 2.3439770072 0 0 1 4 4 3 1 1 0 8 
273 1 12.1668 15.1481 8.6819 9.07014e-04 -0.00169492 0.0018378 0.0026594994 0.0 15 20.4326910085 2.1817536914 0 0 2 4 1 5 3 0 0 7 
818 2 11.0688 12.3246 8.08752 -0.00151751 5.531e-04 -8.72287e-04 0.0018356581 0.0 14 18.0859234252 2.0953365309 0 0 1 1 8 3 1 0 0 7 
841 1 16.124 14.2148 5.53155 -0.00157491 -0.00200211 0.00188736 0.0031703176 0.0 15 24.1669218873 2.3386445461 0 0 1 3 5 4 2 0 0 7 
553 1 15.5955 8.65385 4.67772 -0.00394043 0.00192028 -0.00133965 0.0045835713 0.0 15 21.925980024 2.1899995335 0 0 0 4 4 7 0 0 0 6 
804 1 9.78154 15.7638 7.0775 0.00128161 2.51543e-04 -4.81975e-04 0.0013921559 0.0 15 22.5606772989 2.3472966867 0 0 0 4 4 7 0 0 0 6 
100 2 8.74683 12.289 6.27529 0.00229454 0.00260969 0.00364813 0.0050382783 0.0 14 18.7044608079 2.2892615186 0 0 0 3 6 5 0 0 0 6 
850 1 10.8472 13.707 2.28024 -6.66694e-05 -0.00383074 -0.00136041 0.004065677 0.0 14 25.6575650081 2.3779637809 0 0 0 4 4 6 0 0 0 6 
110 1 11.2702 14.1072 5.25585 -0.00304632 5.33479e-04 -0.00206829 0.0037205495 0.0 13 23.4979469797 2.2892615186 0 0 0 3 6 4 0 0 0 6 
255 1 9.00444 16.5936 4.31889 -8.39828e-04 -0.00145502 7.50887e-04 0.00184017 0.0 15 23.8723572798 2.3472966867 0 0 0 4 4 7 0 0 0 6 
491 2 11.8343 16.8797 2.97916 0.00125693 -0.00461284 0.00374337 0.0060721483 0.0 13 19.6344389322 2.3231198093 0 0 0 3 6 4 0 0 0 6 
55 1 14.7766 16.0039 8.2202 4.00413e-04 0.00106899 0.00136255 0.0017775299 0.0 14 20.5537992057 2.2916157903 0 0 1 1 8 3 1 0 0 7 
512 1 13.7876 13.339 6.89074 0.00133562 -0.00260311 0.0028201 0.0040636223 0.0 14 22.3219889213 2.3196775333 0 0 0 3 6 5 0 0 0 6 
768 1 16.1832 16.9991 5.38905 5.8966e-04 1.26175e-05 -0.00229994 0.0023743593 0.0 14 21.2649951204 2.2269950096 0 0 0 4 4 6 0 0 0 6 
293 1 13.8542 14.1218 3.76257 -0.00339155 0.0021185 0.00138286 0.0042311884 0.0 17 25.4477160624 2.3779637809 0 0 0 2 8 7 0 0 0 6 
17 1 15.1271 9.7234 1.26087 -4.6453e-04 0.00430045 -0.00257214 0.0050324509 0.0 12 18.8849663122 2.2793863218 0 0 0 0 12 0 0 0 0 5 
918 1 17.8293 12.806 3.12239 0.00264527 -9.31888e-04 0.00364166 0.0045964721 0.0 15 22.4041636234 2.232693915 0 0 2 3 4 3 2 1 0 8 
242 1 15.571 12.4031 1.26502 5.16281e-04 -6.78223e-04 0.00215919 0.0023213431 0.0 15 22.4440407782 2.3415646822 0 0 2 3 4 4 1 0 1 9 
656 1 15.2458 10.7412 7.07316 8.19666e-05 6.9016e-04 4.65822e-04 8.3667764689e-04 0.0 16 25.5048904933 2.3386445461 0 0 0 2 8 6 0 0 0 6 
428 2 17.1253 15.7296 2.72367 -4.97199e-04 -7.25699e-04 -0.00125605 0.0015334626 0.0 14 20.8648597119 2.2748379189 0 0 2 4 2 2 4 0 0 7 
322 2 12.447 11.1582 5.28966 1.24331e-04 0.00407809 -0.00205644 0.004568941 0.0 16 22.0636537355 2.2777046709 0 0 0 3 7 5 1 0 0 7 
535 1 12.9171 9.24202 3.11983 0.00146793 -0.00362843 -1.732e-04 0.0039179486 0.0 13 22.7207992304 2.3787729679 0 0 0 4 5 3 1 0 0 7 
256 2 17.4038 18.0992 0.222498 -2.00639e-04 4.2105e-04 -0.00142646 0.0015007755 0.0 14 19.7457060865 2.2842127369 0 0 1 2 6 4 1 0 0 7 
102 2 17.0827 18.2064 2.55211 -0.00237417 -0.0013091 -5.11774e-04 0.0027590467 0.0 12 16.1016985556 2.2070860885 0 0 1 2 6 2 1 0 0 7 
824 2 12.0036 10.0688 7.65485 -0.0011023 -2.9821e-04 0.00221547 0.002492449 0.0 12 16.4394924052 2.1631618256 0 0 0 3 6 3 0 0 0 6 
360 2 25.8495 12.4116 5.53063 0.00177643 2.12436e-04 -7.86531e-04 0.0019543448 0.0 15 13.1845748662 1.9478523168 0 0 0 4 4 7 0 0 0 6 
277 2 24.5469 9.80951 8.94386 -6.56284e-04 -0.00306485 -0.00190559 0.003668145 0.0 14 14.7811920811 2.0669572119 0 0 1 2 8 1 1 1 0 8 
923 1 17.7167 16.2123 7.96607 -9.78612e-04 0.00250093 0.00255266 0.0037051863 0.0 13 23.0009739439 2.3055450533 0 0 0 3 6 4 0 0 0 6 
551 2 21.9165 13.4001 7.77158 -0.00151051 -0.00129904 -0.00364857 0.0041570673 0.0 15 19.9305186233 2.2250469069 0 0 0 1 10 4 0 0 0 6 
985 1 17.537 9.95982 2.73195 2.56495e-04 0.00176607 -0.0011378 0.002116455 0.0 13 20.1663971232 2.2425180481 0 0 1 1 8 2 1 0 0 7 
136 2 26.4364 12.7947 3.26877 0.00237476 2.94549e-04 2.19765e-04 0.0024030274 0.0 12 15.8533736271 2.0236796749 0 0 0 3 6 3 0 0 0 6 
470 2 25.6582 15.7885 6.96363 -5.18975e-04 5.501e-04 8.1092e-04 0.0011088446 0.0 12 12.8848763898 2.1875482445 0 0 0 3 6 3 0 0 0 6 
411 1 20.2449 10.6793 3.02173 2.3259e-04 -3.66108e-04 0.0020746 0.0021194571 0.0 14 22.1795235369 2.3296632682 0 0 0 3 6 5 0 0 0 6 
281 2 23.5121 13.4631 5.6823 1.02002e-04 -0.00402791 -0.0011985 0.0042036729 0.0 14 14.2441597162 2.1174209053 0 0 0 3 6 5 0 0 0 6 
947 1 21.3084 10.7414 6.32019 0.0017011 5.76369e-04 0.00204361 0.0027207139 0.0 14 21.6779809939 2.1817610813 0 0 0 4 4 6 0 0 0 6 
367 1 19.1919 12.4861 0.610486 -9.56143e-04 -0.0045637 -0.00345181 0.0058014274 0.0 12 21.8941993176 2.2880085997 0 0 1 3 3 5 0 0 0 6 
155 1 23.5926 14.3721 0.329787 -2.73634e-04 1.52655e-04 -0.0017577 0.0017854099 0.0 15 20.3781018106 2.3427359489 0 0 0 7 0 6 2 0 0 7 
715 1 18.5572 13.6124 7.09616 -0.00226166 0.00197904 0.00283171 0.0041291993 0.0 13 22.536270675 2.3386445461 0 0 1 3 5 2 2 0 0 7 
749 2 26.6612 10.2967 6.00318 0.00453726 -0.00323828 0.0018541 0.0058745955 0.0 12 12.9627787931 1.9151104214 0 0 0 4 4 4 0 0 0 6 
56 2 23.9623 11.509 7.4117 0.00135515 0.00297224 -0.00158455 0.0036306254 0.0 13 15.4964214219 2.1276927403 0 0 0 3 6 4 0 0 0 6 
466 2 23.3388 15.6519 6.91495 9.77877e-04 -0.00153911 0.00161248 0.0024341723 0.0 12 15.5547442645 2.2245297924 0 0 2 1 7 0 1 1 0 8 
697 1 20.2446 13.491 4.79638 -0.00184186 0.00149106 -5.27575e-04 0.0024277651 0.0 15 24.3077626728 2.232693915 0 0 2 3 4 3 2 1 0 8 
372 2 21.8752 17.2811 3.02701 -0.00266497 0.00313218 -0.00268049 0.004908935 0.0 14 19.4077705483 2.3427359489 0 0 0 4 6 2 2 0 0 7 
603 1 24.4531 11.7575 1.03448 -0.00101472 0.00222766 6.54562e-04 0.0025338858 0.0 15 22.0986920565 2.1418496157 0 0 0 1 10 4 0 0 0 6 
559 2 23.6941 11.5097 4.44596 -0.00191033 -0.00148643 3.51728e-04 0.0024459247 0.0 14 18.1046166453 2.1817610813 0 0 0 4 4 6 0 0 0 6 
127 2 26.5079 12.0955 7.93298 -0.00362807 -0.00408546 -0.00460128 0.0071432243 0.0 15 14.075814379 1.9153648569 0 0 1 2 7 3 2 0 0 7 
320 1 25.096 8.64446 0.434692 -1.47281e-04 -0.00370919 0.00126194 0.0039207493 0.0 13 20.1555945036 2.2178229433 0 0 0 3 6 4 0 0 0 6 
911 1 18.3973 11.0114 5.58958 3.00412e-04 -1.67962e-04 -1.03071e-04 3.592801612e-04 0.0 15 23.2001153807 2.2642903689 0 0 0 3 6 6 0 0 0 6 
354 2 22.3366 15.772 4.56917 -0.00174907 9.5657e-04 -0.00332426 0.0038762065 0.0 15 18.6058236573 2.2318259862 0 0 1 4 3 5 2 0 0 7 
187 2 26.1485 15.0775 2.47924 0.00316551 -0.00147671 0.0022099 0.0041333744 0.0 14 15.2530091055 2.1479190607 0 0 0 4 5 4 1 0 0 7 
351 2 24.2768 14.142 3.68791 0.00124285 0.00346869 -8.40713e-04 0.0037793233 0.0 12 14.7844578872 2.1131408285 0 0 0 3 6 3 0 0 0 6 
236 2 24.6838 13.8156 7.77958 0.00259625 -0.00207436 4.9536e-04 0.0033598906 0.0 13 11.8272143221 1.8114256267 0 0 0 2 8 3 0 0 0 6 
371 2 24.3196 9.44721 5.63031 5.66302e-04 0.00133523 7.16712e-04 0.0016177803 0.0 14 14.8215062085 2.0580079282 0 0 1 3 4 5 1 0 0 7 
139 1 20.4249 16.137 7.59918 -0.00225817 3.67298e-04 -0.00396369 0.0045765793 0.0 13 21.6402083232 2.189776593 0 0 0 3 6 4 0 0 0 6 
299 1 21.7654 13.0521 2.07824 -0.00134967 0.00179649 -0.00324023 0.0039431049 0.0 16 23.5389173856 2.3427359489 0 0 0 6 2 6 2 0 0 7 
363 1 21.4427 10.8824 26.6936 -2.71154e-06 -0.00224247 -5.69108e-04 0.0023135607 0.0 15 23.455256395 2.3513810294 0 0 0 3 6 6 0 0 0 6 
879 2 25.6559 10.1519 3.61847 0.00164773 0.00507691 6.76782e-04 0.0053803404 0.0 14 15.9539800997 2.0476228667 0 0 0 2 8 4 0 0 0 6 
701 2 24.605 16.7016 5.03678 -9.55962e-04 0.00221203 5.16857e-04 0.0024645651 0.0 16 17.9332415807 2.2368321179 0 0 0 3 7 5 1 0 0 7 
607 2 23.9976 16.3502 2.49055 -0.00431354 0.0010853 3.31786e-04 0.0044603347 0.0 12 17.3153580956 2.3244627123 0 0 0 5 3 3 1 0 0 7 
141 2 19.6571 15.7657 1.65464 0.00176157 -0.00126323 7.90359e-04 0.0023072811 0.0 17 22.9960253447 2.3427359489 0 0 1 4 4 5 3 0 0 7 
722 2 25.8114 17.5048 0.817845 -0.00161715 1.84826e-04 8.33152e-04 0.0018285177 0.0 14 18.856718575 2.2234089842 0 0 1 1 7 5 0 0 0 6 
217 1 19.0882 16.3569 5.0923 -9.53589e-04 4.24625e-04 -4.12611e-04 0.0011224465 0.0 17 23.5960114325 2.3199133816 0 0 1 4 4 5 3 0 0 7 
301 1 26.2769 23.6999 1.05513 -0.00446023 -0.00203317 -7.44509e-04 0.0049579961 0.0 15 21.2866371971 2.1808288623 0 0 1 4 3 6 0 1 0 8 
683 1 0.00463324 20.3877 5.57923 -0.00380062 -0.00173665 1.01258e-04 0.0041798228 0.0 18 24.4218213725 2.3146836296 0 0 0 5 6 3 4 0 0 7 
561 2 6.55316 20.0428 2.48664 0.00274489 -0.00112283 -0.00200179 0.0035780346 0.0 15 16.5867785147 2.2083391971 0 0 2 2 6 3 1 0 1 9 
76 2 5.10293 21.9458 5.26756 -0.00170063 -0.00256542 -4.519e-04 0.0031109059 0.0 16 18.39886461 2.3281307029 0 0 0 3 7 5 1 0 0 7 
9 2 3.35834 24.7503 5.31489 -0.00345375 0.00293673 9.25607e-04 0.0046270423 0.0 17 14.006599492 1.8556627737 0 0 4 1 5 3 2 1 1 9 
750 1 2.28983 19.2226 7.43118 7.3182e-04 0.00208007 -0.00137237 0.0025972391 0.0 14 21.8433377421 2.3281307029 0 0 0 2 8 4 0 0 0 6 
257 2 4.96531 23.2732 3.01047 1.54254e-04 -0.00315425 -0.00176237 0.0036164949 0.0 14 13.6567048341 2.0081853918 0 0 0 4 5 4 1 0 0 7 
269 2 5.36927 19.0698 0.257419 0.00322263 4.41191e-05 -9.40635e-04 0.0033573926 0.0 11 14.4839379939 2.1037158657 0 0 0 4 4 3 0 0 0 6 
290 2 6.81372 25.3435 8.50175 -0.00222618 -4.04321e-04 0.0031242 0.0038574575 0.0 13 14.1256826855 1.9717987983 0 0 1 2 5 5 0 0 0 6 
718 2 2.74026 22.638 1.11984 0.00207337 4.04974e-04 0.00480753 0.0052512105 0.0 15 14.9065226572 2.1808288623 0 0 1 5 3 3 2 1 0 8 
175 2 0.875678 24.499 4.2375 0.00326338 -0.00185831 4.48564e-04 0.003782086 0.0 16 18.2743127651 2.3146836296 0 0 1 3 6 3 3 0 0 7 
292 2 4.99232 25.7659 3.5752 0.00181757 -0.00171246 -0.00198726 0.0031914389 0.0 13 13.5356422331 1.868181676 0 0 0 3 6 4 0 0 0 6 
401 2 6.13215 26.2707 6.00401 -0.00177767 -0.00347604 0.00328128 0.0050999768 0.0 14 13.745913179 1.9629510583 0 0 0 3 6 5 0 0 0 6 
162 2 9.02665 21.0977 2.34376 8.21707e-04 0.00373131 0.00272198 0.0046911674 0.0 13 12.5238396269 1.8639484078 0 0 0 2 8 3 0 0 0 6 
677 1 8.93631 17.4335 10.1117 0.00334619 -0.00130715 7.56719e-04 0.0036712739 0.0 15 23.4363733102 2.2790156232 0 0 0 3 7 4 1 0 0 7 
659 2 9.21241 25.4498 8.41253 -8.27311e-04 -0.00163787 7.61604e-05 0.0018365353 0.0 13 12.4998786269 2.0420321833 0 0 1 2 6 3 1 0 0 7 
98 2 0.335361 26.5405 8.32107 -0.00335397 -0.00138281 -5.09964e-04 0.0036635149 0.0 14 13.2079982291 2.1306782937 0 0 0 4 5 4 1 0 0 7 
119 2 3.19716 18.6616 1.42634 7.33583e-04 -4.64164e-04 -0.00209184 0.002264815 0.0 15 17.0179913244 2.20489282 0 0 0 4 5 5 1 0 0 7 
494 2 2.82672 24.8621 2.08531 0.00326224 -9.69001e-04 -5.79262e-04 0.0034520599 0.0 14 15.2571506699 2.1526022405 0 0 0 4 4 6 0 0 0 6 
350 1 2.99919 19.359 4.65112 -0.00295779 -0.00320866 0.002282 0.0049245857 0.0 16 25.0601157893 2.273734627 0 0 1 3 6 3 3 0 0 7 
616 2 0.325147 26.401 2.09682 -0.00186012 -0.00240064 -0.00127783 0.0032948397 0.0 14 19.238090514 2.2744544638 0 0 1 3 5 3 2 0 0 7 
740 2 8.37981 19.5915 4.25874 -3.42225e-04 -1.95965e-04 -0.00220043 0.0022354893 0.0 14 15.7377916102 2.1830717404 0 0 0 3 6 5 0 0 0 6 
515 2 4.95064 25.4941 1.05289 -2.85775e-04 -0.00284351 6.05112e-04 0.0029211944 0.0 15 12.9659393373 1.859696938 0 0 1 4 4 3 3 0 0 7 
214 2 7.10134 23.1415 1.92637 -0.00202912 -0.00143637 0.00386208 0.0045930544 0.0 16 13.1915612938 1.9405747583 0 0 3 1 5 3 4 0 0 7 
471 2 9.79532 25.1719 5.73424 -0.00266259 0.0023767 -0.00308731 0.0047190647 0.0 13 14.0245278444 2.0066484287 0 0 0 3 6 4 0 0 0 6 
476 2 7.25123 21.7017 4.14455 0.0010807 -7.80313e-04 -8.17463e-04 0.0015636645 0.0 12 12.3657199843 2.0756179869 0 0 0 3 6 3 0 0 0 6 
600 2 0.897264 18.4273 2.08442 -1.4134e-04 0.00460006 -8.63448e-04 0.0046825283 0.0 13 16.1200514038 2.1969691665 0 0 0 3 6 4 0 0 0 6 
725 2 8.80738 23.6253 3.787 -0.00550883 0.00356809 -9.92066e-04 0.0066379718 0.0 15 13.2002838418 1.8027560979 0 0 2 1 7 2 3 0 0 7 
869 1 5.68094 18.1548 4.75652 -5.6498e-04 -4.25986e-04 0.0015194 0.0016760796 0.0 15 21.6779692549 2.2083391971 0 0 1 2 7 3 2 0 0 7 
196 2 2.00036 26.5609 4.12263 -0.00176887 -0.00423286 0.00130346 0.0047691732 0.0 14 13.7674430675 1.868181676 0 0 0 4 4 6 0 0 0 6 
874 2 9.0699 24.8687 0.717583 7.71456e-04 -0.00157361 -6.60148e-04 0.0018727488 0.0 16 13.9690992229 1.935564336 0 0 0 2 8 6 0 0 0 6 
661 2 5.28135 23.1268 0.556622 0.00147132 2.21491e-04 0.00146223 0.0020861346 0.0 15 13.8245514916 1.9536289751 0 0 2 3 2 6 2 0 0 7 
692 2 1.0633 18.0293 26.1338 -0.00141647 0.00110647 -0.002516 0.0030920736 0.0 14 16.9267115729 2.2262560187 0 0 2 3 2 5 2 0 0 7 
534 2 4.87203 23.8693 7.185 0.00330449 9.71219e-05 3.21285e-04 0.0033214923 0.0 14 14.7219391143 1.9111049643 0 0 3 3 1 4 2 1 0 8 
390 2 4.42109 26.3395 8.39905 0.00253926 4.45648e-04 -0.00215228 0.0033583854 0.0 13 13.2980520856 2.1229870465 0 0 1 3 5 2 2 0 0 7 
313 2 2.19379 25.5995 7.26781 -0.00135144 0.00292698 3.79911e-04 0.0032462185 0.0 15 12.9904756453 1.8472762556 0 0 3 2 4 3 2 0 1 9 
808 2 2.40088 22.4298 6.35277 0.00183593 -0.00107104 -0.00250325 0.0032839041 0.0 15 19.0576156568 2.3279226226 0 0 2 3 3 4 3 0 0 7 
776 2 2.89643 22.9019 3.94242 -0.00116377 -0.00102379 1.19225e-04 0.0015545807 0.0 12 16.1308709778 2.2497548679 0 0 0 2 8 2 0 0 0 6 
630 2 2.38835 0.5899 0.843437 -0.0017369 -0.0029463 0.00122982 0.0036345512 0.0 15 17.008581413 2.1918197621 0 0 3 3 2 4 2 0 1 9 
190 2 4.3439 20.6415 1.72567 6.55933e-04 9.90315e-04 0.0016652 0.0020454493 0.0 15 15.3819994172 2.2052651646 0 0 3 3 2 4 2 0 1 9 
111 2 7.37961 21.1324 6.31722 0.00221656 0.00226532 0.00561703 0.0064494836 0.0 13 14.9034069237 2.1399846431 0 0 2 1 6 3 0 1 0 8 
999 2 6.31699 23.9866 4.85944 0.00320266 0.00157196 -0.00102238 0.0037112464 0.0 13 12.9099824701 1.8078517088 0 0 1 2 6 3 1 0 0 7 
326 1 7.8243 17.9227 6.87526 6.22979e-04 -1.59616e-04 -3.14054e-04 7.1568849146e-04 0.0 15 22.2617663021 2.1780775372 0 0 0 2 8 5 0 0 0 6 
489 2 0.691582 23.8503 7.37281 6.4805e-04 0.00127313 0.00112047 0.0018155665 0.0 13 15.1958687338 2.3146836296 0 0 2 3 2 4 2 0 0 7 
573 2 1.95754 20.7848 1.9572 -0.00110348 7.89365e-04 3.72075e-04 0.0014068422 0.0 12 16.5317324188 2.2497548679 0 0 2 2 3 4 1 0 0 7 
863 1 5.16639 18.7488 7.58526 -0.00121575 -0.00291535 -0.00225973 0.0038837731 0.0 13 22.2664006647 2.3281307029 0 0 0 4 4 5 0 0 0 6 
188 2 7.22939 25.4491 2.37797 0.00289688 -0.00215474 -0.00115789 0.0037915073 0.0 14 12.7029608651 1.853676258 0 0 1 3 4 5 1 0 0 7 
442 2 8.13344 0.342051 7.31557 -7.82111e-04 -0.0027715 8.34277e-04 0.0029981541 0.0 14 13.6151062653 2.0295611088 0 0 0 2 8 4 0 0 0 6 
143 2 7.84316 23.4689 6.48037 0.00338581 -8.69779e-05 0.00174724 0.0038110526 0.0 19 14.814891785 1.9629510583 0 0 1 4 6 5 1 2 0 8 
770 1 18.0786 0.0146133 0.794208 9.84418e-05 7.04251e-04 -0.00233096 0.0024370135 0.0 13 19.9736107929 2.2539227917 0 0 0 1 10 2 0 0 0 6 
893 2 12.0118 21.7983 8.81314 -6.48922e-05 0.00192901 -0.0012624 0.0023062837 0.0 16 18.7733702468 2.1879426345 0 0 0 6 2 6 2 0 0 7 
886 2 12.8495 18.7625 4.35591 -6.82001e-04 1.10665e-04 -5.8857e-04 9.0762698898e-04 0.0 14 17.2316770258 2.1687302319 0 0 1 3 5 3 2 0 0 7 
26 2 15.0898 19.3831 0.874383 4.70017e-04 -0.00792201 0.00596814 0.0099296452 0.0 13 16.268088976 2.3467716263 0 0 1 0 9 3 0 0 0 6 
890 1 16.691 19.3494 6.7224 0.00338144 -7.64474e-04 -0.00119074 0.0036655721 0.0 15 21.6330532639 2.3199133816 0 0 0 4 4 7 0 0 0 6 
609 1 17.4638 25.1205 3.04152 -9.6058e-04 -3.57185e-04 -2.44942e-04 0.0010537038 0.0 17 23.7521195067 2.336742626 0 0 1 5 3 5 2 1 0 8 
53 1 14.1356 18.6059 7.27667 -3.28055e-04 0.00147016 0.00101578 0.0018168103 0.0 16 21.7145989614 2.1896936762 0 0 2 3 5 3 2 0 1 9 
265 2 15.5918 19.5031 3.53961 -0.00206364 0.00104491 -0.00110463 0.0025633288 0.0 13 18.135726254 2.120411123 0 0 0 3 6 4 0 0 0 6 
514 2 11.4881 21.284 3.66213 0.00146775 0.00728574 0.00175803 0.0076372094 0.0 13 12.6362604562 1.9294627968 0 0 0 1 10 2 0 0 0 6 
336 2 11.1485 23.0988 26.4651 3.19835e-04 0.00312618 -2.03302e-04 0.0031490677 0.0 14 13.9541002063 2.2854565342 0 0 0 4 5 4 1 0 0 7 
539 2 10.5207 23.2256 2.29964 0.00136491 0.00242497 0.00416975 0.0050130105 0.0 15 11.5416204185 1.7866373842 0 0 1 3 4 6 1 0 0 7 
60 1 17.3617 23.6169 8.02697 -0.00152599 0.00129193 -0.001128 0.0022956726 0.0 13 20.7408432782 2.3376774484 0 0 0 1 10 2 0 0 0 6 
712 2 13.4407 20.69 2.40451 -9.32997e-04 9.64422e-04 -0.00225897 0.0026274586 0.0 13 14.06791637 2.2004186396 0 0 0 3 6 4 0 0 0 6 
324 2 14.168 21.2643 4.59281 -0.00200448 7.00968e-04 0.00282601 0.0035349157 0.0 14 16.686796209 2.1176886584 0 0 0 2 8 4 0 0 0 6 
467 2 14.0477 25.3703 3.05783 -0.00131349 -0.00237138 -1.36252e-04 0.0027142704 0.0 12 16.8650883411 2.2841827031 0 0 0 2 8 2 0 0 0 6 
432 2 12.8825 23.3031 3.08225 -0.00199966 0.00295701 0.00197867 0.0040813825 0.0 12 12.755731794 2.0072786608 0 0 0 2 8 2 0 0 0 6 
986 2 13.4131 23.2079 0.801181 0.00269969 0.00223884 0.00469376 0.0058593612 0.0 16 18.8853571193 2.3610067793 0 0 1 3 6 3 3 0 0 7 
250 2 12.5013 23.6449 6.7436 -0.00312719 -0.00434987 0.0019433 0.0056988684 0.0 12 13.5424492006 2.1345572622 0 0 0 4 4 4 0 0 0 6 
771 2 14.0795 24.2091 5.2574 -3.29672e-04 -0.00131249 -2.31276e-04 0.001372881 0.0 14 16.2024755369 2.1901395965 0 0 0 4 4 6 0 0 0 6 
513 2 12.7609 18.5078 1.13539 -0.00112183 5.3092e-04 8.85159e-05 0.0012442723 0.0 13 12.8926098917 1.9167530749 0 0 0 4 4 5 0 0 0 6 
882 1 15.9346 22.6284 2.59233 0.00250049 -0.00226265 1.33078e-04 0.0033748696 0.0 17 22.316334478 2.3477720901 0 0 2 2 6 4 2 1 0 8 
689 2 10.1555 23.4817 7.51417 -0.00148992 -6.09146e-05 0.00158967 0.0021795924 0.0 15 13.6688137339 1.8821333819 0 0 2 2 5 3 3 0 0 7 
815 1 15.1743 21.491 7.37841 -0.00343776 -0.00449185 0.00105044 0.0057531152 0.0 15 21.269156488 2.1758230487 0 0 0 4 4 7 0 0 0 6 
760 2 12.3602 21.0499 6.29038 -0.00620238 8.60275e-04 0.00102619 0.0063452862 0.0 13 16.620987955 2.1496820348 0 0 0 5 2 6 0 0 0 6 
754 2 14.3809 24.7973 7.61322 -0.00252455 2.93384e-04 -1.24068e-04 0.0025445667 0.0 14 15.9574935547 2.1758230487 0 0 0 4 4 6 0 0 0 6 
315 1 18.2508 21.4016 1.44466 -0.00174398 -0.00240078 0.00175904 0.0034495554 0.0 16 23.6705933972 2.2968414992 0 0 1 2 7 5 0 1 0 8 
239 2 11.8672 25.2244 4.23634 -9.64748e-05 0.00345878 0.00196454 0.00397893 0.0 14 12.0234396698 1.7886017803 0 0 1 2 7 2 2 0 0 7 
418 2 10.5329 18.9838 2.28017 -0.00684849 0.00174266 0.00121414 0.007170273 0.0 13 15.6442405475 2.1805888038 0 0 0 3 6 4 0 0 0 6 
688 2 10.0855 20.9234 7.24933 -0.00440094 0.00171236 0.00385503 0.0060960402 0.0 14 14.946382313 2.14055087 0 0 1 3 5 3 2 0 0 7 
516 2 14.1122 26.4849 5.17022 0.0024164 -0.00350471 0.00356006 0.0055494151 0.0 13 16.4254530367 2.2083337717 0 0 0 3 6 4 0 0 0 6 
202 2 9.10998 22.3183 0.576822 0.00136142 0.00190442 -0.00261426 0.0035092215 0.0 13 12.6130809639 1.9439667064 0 0 1 3 3 6 0 0 0 6 
676 2 11.3928 21.262 1.18432 -0.00114631 -0.00146923 0.00383594 0.0042646335 0.0 15 13.5212489532 1.9458498402 0 0 0 3 6 6 0 0 0 6 
183 2 9.53149 21.3044 4.99054 -0.00263008 0.00408352 -0.00257434 0.0054972432 0.0 13 11.8539679219 1.9617261905 0 0 1 4 3 3 2 0 0 7 
744 2 10.8969 23.2641 4.75749 -0.00236528 0.00457337 0.00182917 0.0054640759 0.0 15 12.1880770445 2.009173209 0 0 2 2 4 5 2 0 0 7 
591 2 10.6002 19.2505 5.25641 -0.00170525 0.00352517 -8.7423e-04 0.0040123533 0.0 14 17.7001012078 2.3472966867 0 0 1 3 5 3 2 0 0 7 
695 2 12.29 26.0653 7.16876 -0.00138754 0.00141406 -0.00294889 0.0035525744 0.0 15 13.7599114366 2.0752426921 0 0 0 2 8 5 0 0 0 6 
394 2 11.8229 24.8773 1.58951 0.00425567 5.59158e-04 0.00289326 0.0051763248 0.0 12 12.7263753304 2.0973704615 0 0 0 2 8 2 0 0 0 6 
822 1 11.192 18.2278 8.16119 4.53295e-04 0.00441976 -8.04691e-05 0.004443673 0.0 18 25.24307659 2.2790156232 0 0 2 4 4 4 3 0 1 9 
50 1 14.4927 26.78 0.168893 0.00570638 0.00211718 -0.00223445 0.0064836711 0.0 17 23.0178261346 2.3388351156 0 0 1 2 7 5 2 0 0 7 
746 1 17.0607 25.7604 6.11079 3.58611e-04 -0.00300471 -0.00280778 0.0041280156 0.0 15 23.3152346001 2.309499181 0 0 1 4 3 6 0 1 0 8 
647 2 10.0882 26.0706 2.85744 -0.00108755 0.0041346 -0.00210156 0.0047638468 0.0 14 13.1834375036 1.9524531903 0 0 1 2 7 2 2 0 0 7 
982 1 22.7822 23.3036 8.75147 0.00157921 -5.50366e-04 -0.00270037 0.0031762879 0.0 15 22.7293435107 2.2911883071 0 0 1 3 5 4 2 0 0 7 
483 2 19.5964 17.8128 2.5678 0.00109089 8.30495e-05 0.00258105 0.0028033475 0.0 13 19.4342754101 2.3176670063 0 0 1 4 2 5 1 0 0 7 
400 1 21.706 22.0431 5.83216 -4.71757e-04 0.00174115 0.00101015 0.0020675012 0.0 14 22.8822165027 2.2290260642 0 0 0 3 6 5 0 0 0 6 
30 1 18.5714 20.233 4.33956 0.00265641 -0.0025907 -0.00118047 0.0038938092 0.0 14 21.1734953145 2.2444783308 0 0 0 3 6 5 0 0 0 6 
505 1 24.482 24.714 3.2654 0.00274655 0.0027359 1.56489e-04 0.0038798421 0.0 14 22.0909578996 2.3459350448 0 0 1 4 2 6 1 0 0 7 
965 1 19.2508 22.9888 3.66909 -0.00201385 -0.00181311 0.00175626 0.0032291499 0.0 15 21.8381508795 2.3350790465 0 0 1 4 3 5 2 0 0 7 
617 1 22.0882 24.9484 5.49418 8.30943e-04 -0.00467827 -3.61837e-04 0.0047652495 0.0 17 24.8384005243 2.3459350448 0 0 0 5 3 8 1 0 0 7 
866 2 25.4251 24.3551 8.33373 0.00204401 -0.00167096 -0.00236045 0.0035414416 0.0 13 18.0661060848 2.2956561926 0 0 0 3 6 4 0 0 0 6 
828 1 23.3031 19.324 0.641155 -0.00249045 -0.0017985 -0.00241665 0.0039085983 0.0 14 23.6970885891 2.3964883059 0 0 0 4 5 4 1 0 0 7 
525 1 19.6416 23.1658 9.69322 -0.00145476 0.00154636 0.00185143 0.0028169751 0.0 14 22.1860662398 2.2735588598 0 0 1 2 6 4 1 0 0 7 
243 1 25.9866 18.8685 7.89432 0.00232257 -0.00215305 -6.43053e-04 0.0032316363 0.0 13 20.897333911 2.2353858419 0 0 0 1 10 2 0 0 0 6 
384 1 21.3596 20.4682 3.20968 6.41002e-04 -0.0052519 -0.00541734 0.0075723781 0.0 14 22.9700129738 2.3176670063 0 0 0 3 6 5 0 0 0 6 
624 1 18.8944 21.045 6.89767 0.0016293 -0.00301466 1.78464e-04 0.0034314199 0.0 13 20.3739350773 2.1664690725 0 0 0 4 4 5 0 0 0 6 
207 1 21.1077 21.6399 0.471053 0.00191977 9.78346e-04 -0.00189939 0.002872344 0.0 13 21.4347682157 2.2751688469 0 0 1 2 5 5 0 0 0 6 
837 1 21.4401 24.2093 2.47376 -8.11062e-04 0.00213001 -0.00262381 0.0034755062 0.0 14 22.6741954511 2.2456780631 0 0 0 4 5 4 1 0 0 7 
271 1 26.4629 21.8684 3.29891 0.00232047 0.00285357 -6.42775e-04 0.0037337116 0.0 13 20.3646036724 2.3060116601 0 0 1 3 5 2 2 0 0 7 
636 2 21.7728 26.7211 10.7243 0.00249586 1.09554e-04 0.00278976 0.0037448738 0.0 15 15.8654910454 2.2735588598 0 0 1 3 5 4 2 0 0 7 
437 1 19.1582 24.0161 0.679443 -0.00163458 -0.00228184 1.68782e-04 0.0028119625 0.0 13 19.5147541348 2.1035910975 0 0 1 0 9 3 0 0 0 6 
41 1 24.5372 22.6915 5.3617 0.00135256 0.00310142 -8.90502e-04 0.0034987453 0.0 16 24.20995622 2.3459350448 0 0 1 3 5 5 2 0 0 7 
920 1 24.0852 20.9512 7.72187 -0.00440909 -2.61027e-04 -4.21612e-04 0.004436887 0.0 14 20.8897832378 2.2611043499 0 0 2 3 3 3 3 0 0 7 
396 1 20.653 18.8218 5.78172 9.16445e-04 -0.00708619 0.00308114 0.0077812199 0.0 15 22.8619823539 2.3199133816 0 0 1 2 6 5 1 0 0 7 
368 1 26.0643 20.7059 0.495603 0.00433552 0.00224341 -0.00263884 0.005549153 0.0 18 22.2919673852 2.5110704228 0 0 1 2 7 6 2 0 0 7 
150 1 22.6143 18.3774 7.95996 -4.64459e-04 0.00254903 -2.79293e-04 0.0026060086 0.0 15 21.9551788592 2.2318259862 0 0 1 5 2 5 1 1 0 8 
531 1 21.4108 0.100502 0.425601 3.36474e-04 -3.98484e-04 0.0045917 0.0046212242 0.0 15 22.8510430669 2.3654505163 0 0 0 2 8 5 0 0 0 6 
679 1 19.0418 18.6468 8.79734 0.00101415 0.00112696 -0.00177942 0.0023377071 0.0 14 23.0497118871 2.3199133816 0 0 0 6 0 8 0 0 0 6 
702 1 19.6305 24.05 6.56761 0.00319509 -0.00251487 -0.00103829 0.0041965721 0.0 16 23.2799406762 2.3376774484 0 0 0 5 3 7 1 0 0 7 
116 1 16.9332 22.4243 5.27469 5.27033e-04 0.00139182 1.63445e-04 0.0014972111 0.0 14 21.2309083993 2.1901395965 0 0 0 4 4 6 0 0 0 6 
652 1 23.9876 22.5862 26.3939 0.00358753 -2.01371e-04 -0.00418292 0.0055143215 0.0 15 22.480208001 2.4746995306 0 0 1 4 3 5 2 0 0 7 
328 1 24.1117 25.6207 0.45094 -0.00279446 -4.10083e-04 0.00162222 0.0032571111 0.0 14 23.3778617753 2.3320245307 0 0 1 2 6 4 1 0 0 7 
123 1 23.3675 19.5984 5.55878 0.00285734 -0.00264532 0.00140126 0.0041383136 0.0 15 21.477379173 2.2318259862 0 0 1 3 5 4 2 0 0 7 
713 1 23.5663 21.9085 2.73328 3.53167e-04 -5.96215e-04 -8.16987e-04 0.0010712922 0.0 15 21.6208679012 2.2456780631 0 0 1 4 4 3 3 0 0 7 
72 1 25.0013 19.5157 3.24093 3.19339e-04 0.00260741 -0.0019981 0.0033004497 0.0 14 21.984750792 2.233316788 0 0 0 2 8 4 0 0 0 6 
19 1 19.9412 26.7044 2.94226 8.50439e-04 0.00116851 8.70301e-04 0.0016870347 0.0 13 20.5623228579 2.336742626 0 0 0 2 8 3 0 0 0 6 
11 2 0.0813631 25.9683 5.9866 0.00117779 -0.004378 0.00144354 0.0047579282 0.0 12 13.5218425456 2.328652242 0 0 1 2 6 2 1 0 0 7 
52 1 19.748 0.466116 5.70559 0.00335537 -0.00286629 -2.16277e-04 0.0044182465 0.0 15 22.2372881574 2.336742626 0 0 0 4 4 7 0 0 0 6 
521 1 7.22378 7.12743 14.6258 -4.24839e-04 -0.0033002 -4.45895e-04 0.003357176 0.0 14 21.444912582 2.2330251926 0 0 1 1 8 3 1 0 0 7 
20 1 3.78086 4.89913 10.2441 -5.56948e-04 -0.00207474 -0.00205053 0.0029697492 0.0 16 22.4596365316 2.2911378173 0 0 0 3 7 5 1 0 0 7 
801 1 2.36995 4.00929 13.691 0.00179814 0.00415943 0.00100348 0.0046412431 0.0 14 20.6802888596 2.2911378173 0 0 0 2 8 4 0 0 0 6 
349 1 26.4614 7.62082 17.279 -5.64675e-04 -2.32287e-04 -6.83883e-04 9.1679390469e-04 0.0 16 22.709378042 2.395894996 0 0 1 3 4 7 1 0 0 7 
165 1 4.23753 8.75679 14.4287 0.00199608 -0.00280881 -0.00329654 0.0047687446 0.0 14 20.575703831 2.1281097666 0 0 0 1 10 3 0 0 0 6 
974 1 0.395189 5.34881 15.0789 -0.00480054 -0.00408225 8.33933e-04 0.0063565237 0.0 14 21.0482227393 2.264272082 0 0 1 2 5 6 0 0 0 6 
282 1 2.77531 1.05342 17.4202 0.00118152 0.00158758 -0.00177769 0.0026601845 0.0 15 22.4009997178 2.304116393 0 0 2 3 3 4 3 0 0 7 
294 1 4.35923 5.01264 18.3151 6.44795e-04 -0.00393522 -4.16971e-04 0.0040094366 0.0 14 21.658828277 2.2477272223 0 0 0 2 8 4 0 0 0 6 
8 1 4.22099 7.72452 11.0644 9.32309e-04 1.51566e-04 -0.0016484 0.0018998408 0.0 13 22.3990342156 2.1893506276 0 0 0 1 10 2 0 0 0 6 
541 1 6.27992 9.23419 12.692 0.00309687 0.00119002 0.00158919 0.0036786242 0.0 14 20.6324247058 2.2703192576 0 0 2 2 5 3 1 1 0 8 
392 1 5.39457 7.41206 17.1174 -6.67449e-04 7.67979e-04 -0.00199288 0.0022375993 0.0 14 21.9779770961 2.1364096791 0 0 0 1 10 3 0 0 0 6 
152 1 1.94185 4.13409 16.9779 -0.00315974 -9.07188e-04 -8.48801e-04 0.003395204 0.0 14 21.4381105421 2.1241243559 0 0 0 4 4 6 0 0 0 6 
446 1 8.403 1.60197 12.6306 8.17375e-04 5.75108e-05 2.18542e-04 8.4803890742e-04 0.0 15 23.0168078002 2.2852666007 0 0 1 5 2 5 1 1 0 8 
690 1 1.29382 7.3329 10.5311 4.80845e-04 -6.82987e-04 2.28162e-04 8.6587588859e-04 0.0 14 22.1522731731 2.2769093752 0 0 1 3 5 3 2 0 0 7 
482 2 6.20569 0.678847 9.73099 -9.85192e-04 -4.31995e-04 0.00432632 0.0044580565 0.0 14 18.3193611933 2.2907137505 0 0 0 4 5 4 1 0 0 7 
867 1 4.27477 2.53438 15.77 4.3729e-04 0.00283959 0.00137969 0.0031871678 0.0 15 21.3833345539 2.2614527351 0 0 0 3 6 6 0 0 0 6 
779 1 1.77118 2.96729 10.8974 9.36579e-04 0.00231069 -0.00345834 0.0042634005 0.0 16 22.1677315605 2.2609737548 0 0 1 1 8 5 1 0 0 7 
226 1 5.37156 5.67144 12.7907 0.0012397 -8.3135e-05 -0.00344447 0.0036617129 0.0 14 19.9913241283 2.1606593372 0 0 0 2 8 4 0 0 0 6 
7 1 6.27192 3.55172 14.1039 -5.77633e-05 -2.42357e-04 -1.88874e-04 3.126450098e-04 0.0 13 20.1129122971 2.1534187803 0 0 0 5 2 6 0 0 0 6 
420 1 4.39878 2.83617 11.9457 0.00122761 6.55135e-04 0.00203528 0.0024654802 0.0 13 20.7430043108 2.2734401504 0 0 1 3 5 2 2 0 0 7 
614 1 6.48073 6.0509 10.4563 -0.00503082 5.45126e-04 -8.76873e-04 0.0051356809 0.0 13 18.6734902225 2.0616422277 0 0 1 2 5 5 0 0 0 6 
479 1 6.93787 3.3097 10.777 2.5811e-04 -0.00234208 -0.00111328 0.0026060222 0.0 17 21.5834058108 2.3017360274 0 0 2 4 4 3 2 2 0 8 
813 1 4.31019 5.65033 15.3105 0.00302912 0.00188505 0.00359515 0.0050649862 0.0 13 19.4157610574 2.0308679173 0 0 0 1 10 2 0 0 0 6 
910 1 2.26418 6.92675 13.3948 8.42687e-04 -9.92452e-04 -0.00262584 0.0029308903 0.0 14 20.9172155916 2.2911378173 0 0 0 2 8 4 0 0 0 6 
823 1 2.47919 1.13355 13.6973 -0.00329933 -0.00286384 0.00201092 0.0048094654 0.0 13 22.549964714 2.2734401504 0 0 0 1 10 2 0 0 0 6 
252 1 6.711 1.06291 15.3766 -0.00125209 0.00221433 -0.00100753 0.0027360745 0.0 12 21.4507673758 2.2615950472 0 0 0 0 12 0 0 0 0 5 
560 1 8.50035 5.16667 12.7535 -3.57986e-04 -0.00169716 -0.00365353 0.0040443525 0.0 13 20.688992418 2.2854556398 0 0 0 4 4 5 0 0 0 6 
580 1 2.40576 7.45463 16.3849 8.87757e-04 -8.02763e-04 -0.00352308 0.0037208378 0.0 14 21.225203267 2.1180674791 0 0 0 1 10 3 0 0 0 6 
831 1 6.7964 4.79023 16.6133 0.00410038 -0.0037073 -0.00187608 0.0058375393 0.0 16 21.9680354869 2.2427274884 0 0 0 4 6 4 2 0 0 7 
410 1 5.57072 0.11501 12.9321 0.00158157 0.00191349 6.68311e-04 0.0025708845 0.0 15 23.9007124355 2.2907137505 0 0 1 3 5 4 2 0 0 7 
728 2 8.99658 0.642388 9.60805 7.7452e-04 -7.89303e-04 -3.94745e-04 0.0011741823 0.0 14 17.0463221917 2.2904019778 0 0 0 3 6 5 0 0 0 6 
330 2 17.3252 1.99941 17.0393 9.39057e-04 -0.0015112 -0.00379149 0.0041881917 0.0 14 17.2671888358 2.238093341 0 0 0 1 10 3 0 0 0 6 
201 2 15.9691 7.66322 14.5418 0.00214523 -0.00668441 -0.00122751 0.0071267194 0.0 14 12.2321396654 1.8759785263 0 0 0 2 8 4 0 0 0 6 
990 2 10.1229 6.3731 14.6598 -0.001456 0.00486708 6.58817e-04 0.0051227379 0.0 15 17.3952886524 2.2427274884 0 0 0 4 5 5 1 0 0 7 
584 2 13.3264 6.30932 9.46627 0.0047533 -1.43796e-04 0.00217491 0.0052292229 0.0 14 17.9641471993 2.2069929437 0 0 0 6 1 6 1 0 0 7 
674 2 12.0689 4.61927 14.8649 -0.00382148 -0.00755467 8.06809e-04 0.0085045687 0.0 15 18.4752086623 2.2376748202 0 0 1 2 6 5 1 0 0 7 
536 1 13.973 26.5734 16.9881 1.33102e-04 4.02125e-04 0.00214292 0.0021843825 0.0 14 23.0744577198 2.3871485878 0 0 0 2 8 4 0 0 0 6 
406 2 14.97 0.545589 13.4819 0.00243659 -4.8149e-04 -0.00280442 0.0037461413 0.0 14 19.4018863469 2.3871485878 0 0 0 3 6 5 0 0 0 6 
969 2 16.1634 4.11658 16.6243 -1.15798e-04 0.00293301 -6.60612e-04 0.0030087149 0.0 13 12.7896794937 1.9503201468 0 0 0 4 4 5 0 0 0 6 
775 2 13.0922 7.2851 16.2871 0.00280696 0.00105347 -0.00204207 0.0036275161 0.0 15 13.583033716 2.1217451691 0 0 0 4 4 7 0 0 0 6 
646 2 15.0302 3.83027 13.9309 -0.00345203 -0.00108608 0.00166851 0.0039849726 0.0 12 13.3619437012 2.0499899979 0 0 0 3 6 3 0 0 0 6 
569 2 10.7508 2.21975 10.078 2.79078e-04 -0.0033247 0.00121994 0.0035524313 0.0 13 18.190929604 2.3017360274 0 0 0 1 10 2 0 0 0 6 
774 2 15.7735 25.7701 9.3932 -0.00344719 -2.87798e-04 4.83313e-04 0.0034927837 0.0 13 18.7223162314 2.1973959206 0 0 1 4 2 5 1 0 0 7 
995 2 12.9698 1.46562 11.2742 0.00363078 -0.00111519 0.00101598 0.0039317207 0.0 15 15.2576971098 2.1341132437 0 0 1 3 6 3 1 1 0 8 
477 2 18.0166 0.428238 12.6337 6.05306e-04 -0.00321802 -0.00159091 0.0036404729 0.0 12 15.1277701566 2.1281257572 0 0 0 3 6 3 0 0 0 6 
21 2 15.6262 7.63673 10.2193 -0.00188829 -0.00199174 -0.002372 0.0036275407 0.0 14 15.1716887369 2.1051033489 0 0 1 3 4 5 1 0 0 7 
438 2 17.3878 9.38754 16.3159 -0.00181258 6.93675e-04 0.00151531 0.0024622745 0.0 14 12.6784753591 2.0138238102 0 0 2 2 4 4 2 0 0 7 
991 1 9.25844 3.06202 15.0728 5.71938e-04 3.26129e-04 -9.29291e-05 6.6491278985e-04 0.0 14 23.1657735126 2.4562049209 0 0 0 2 8 4 0 0 0 6 
115 2 10.0509 8.58413 13.8297 0.00178991 -0.00232438 0.00169618 0.0033887382 0.0 14 18.0290864585 2.1111100015 0 0 1 4 3 4 2 0 0 7 
696 2 8.96645 7.72941 17.1526 -0.00298234 0.00157559 0.00149875 0.0036909467 0.0 14 18.764011307 2.1352265396 0 0 1 3 4 5 1 0 0 7 
54 2 13.5958 5.01185 16.8084 0.00189104 -0.00229259 0.0011531 0.0031877329 0.0 15 17.5583173563 2.2376748202 0 0 1 4 4 4 1 1 0 8 
496 2 17.1112 2.80302 13.306 -0.00179778 -0.00115843 -2.29581e-04 0.002150972 0.0 15 13.901651342 1.9503201468 0 0 0 1 10 4 0 0 0 6 
819 2 13.3881 4.77596 12.3086 -0.00287187 0.00284753 2.5241e-04 0.0040521322 0.0 13 12.930162225 1.8666211461 0 0 0 3 6 4 0 0 0 6 
146 2 15.2179 2.14846 15.4924 -0.00399369 -5.70275e-04 0.00232856 0.0046580001 0.0 14 16.3178700333 2.2422939843 0 0 0 3 6 5 0 0 0 6 
212 2 17.2531 3.69116 11.0509 0.00585998 -0.00139708 0.00183884 0.0062986134 0.0 13 13.7427280452 2.1840814139 0 0 0 1 10 2 0 0 0 6 
334 2 14.7717 2.98034 11.4841 0.00163162 -0.00226445 -9.80062e-04 0.0029581141 0.0 12 12.393913774 1.8300325014 0 0 0 0 12 0 0 0 0 5 
498 2 11.0188 3.80613 12.5408 0.00177367 -1.65328e-04 -0.00400948 0.0043873874 0.0 14 18.7853244017 2.3017360274 0 0 0 4 4 6 0 0 0 6 
95 1 9.23425 5.37885 9.79712 5.07366e-04 -0.00510405 0.00282724 0.0058567937 0.0 16 22.2751243939 2.3167187557 0 0 1 2 7 4 2 0 0 7 
22 2 13.8166 7.26278 11.8514 2.21294e-04 -8.26088e-04 -0.00264602 0.0027807938 0.0 15 13.5111182115 1.9206157626 0 0 1 4 3 5 2 0 0 7 
176 2 15.3998 4.90075 9.99359 0.00316967 3.97101e-04 -0.002965 0.0043584082 0.0 14 15.4732293819 2.0655727148 0 0 1 1 7 5 0 0 0 6 
979 2 15.8142 5.58344 12.344 0.00251135 -0.00125004 0.00408072 0.0049519445 0.0 15 13.216142652 1.8759785263 0 0 0 1 10 4 0 0 0 6 
179 2 17.775 5.93887 17.3064 -0.00188037 1.03838e-04 -0.00309776 0.0036252849 0.0 13 13.3842281596 2.0635467709 0 0 2 1 6 3 0 1 0 8 
329 2 17.5209 1.01419 14.8829 0.00133822 -0.00199369 -0.00111284 0.0026465157 0.0 13 15.0937839588 2.3871485878 0 0 0 2 8 3 0 0 0 6 
888 2 16.767 5.37842 14.6253 -8.9884e-04 -0.0031627 -0.00165248 0.0036798471 0.0 13 13.808238335 1.9400630464 0 0 0 1 10 2 0 0 0 6 
700 2 12.8427 3.71411 10.3286 -0.00196355 0.00273661 -0.00213978 0.0039903911 0.0 14 15.5709526028 2.2069929437 0 0 0 2 8 4 0 0 0 6 
572 1 11.6511 1.60297 16.7493 9.99904e-04 -0.00315776 2.85129e-04 0.0033245383 0.0 18 24.7548251208 2.4562049209 0 0 0 7 2 6 2 1 0 8 
998 2 15.7235 6.80333 16.595 0.00420635 -5.56527e-04 0.00304264 0.0052211838 0.0 14 13.2803591155 1.8552614139 0 0 0 2 8 4 0 0 0 6 
885 1 10.6637 26.6421 12.4545 0.00130317 -0.00153925 -0.00249828 0.0032107547 0.0 17 22.2967182551 2.4562049209 0 0 2 1 8 3 2 1 0 8 
221 2 12.7601 1.98231 8.47615 0.00584644 -1.74388e-04 -1.90524e-04 0.0058521424 0.0 14 16.2318759763 2.3549212203 0 0 1 1 8 3 1 0 0 7 
790 2 14.1554 6.21426 14.38 0.002989 -0.00219429 0.00286945 0.004688579 0.0 13 12.6926178142 1.8736664779 0 0 0 2 8 3 0 0 0 6 
247 2 11.3751 6.49695 11.997 -0.00264913 -0.00139686 -0.00137893 0.0032970526 0.0 15 17.8507123654 2.2539318034 0 0 1 6 0 5 3 0 0 7 
528 2 12.7941 2.31933 13.3227 0.00201288 -0.0054764 -1.53518e-04 0.0058366266 0.0 13 18.4105241022 2.4562049209 0 0 0 2 8 3 0 0 0 6 
142 2 16.5089 8.89458 12.4439 -8.01205e-04 0.00357201 0.00349704 0.0050626548 0.0 14 13.0850677744 1.8759785263 0 0 1 1 7 5 0 0 0 6 
851 1 9.7406 4.97826 17.1302 0.00130209 5.514e-04 0.00150554 0.0020654615 0.0 15 20.8861234313 2.222377441 0 0 1 5 1 6 2 0 0 7 
319 1 8.38104 7.78632 11.4688 -6.98564e-04 -8.97431e-04 0.00157374 0.0019416569 0.0 16 21.6758064579 2.3167187557 0 0 0 3 6 7 0 0 0 6 
625 2 15.143 1.92037 9.22921 -0.00188347 -0.00253939 -9.45164e-04 0.0032998933 0.0 13 16.214367783 2.1695016813 0 0 0 1 10 2 0 0 0 6 
860 2 13.8126 8.68702 9.11384 -8.41444e-04 -0.00146169 0.00122754 0.0020860058 0.0 13 15.5170225564 2.1724321796 0 0 0 3 6 4 0 0 0 6 
527 2 23.1647 5.88323 17.7468 -0.00146778 0.0033578 -1.2235e-04 0.003666629 0.0 17 19.562279169 2.395894996 0 0 1 2 6 7 1 0 0 7 
684 1 25.7401 4.70793 17.7843 -0.00400617 9.95349e-04 -0.00108253 0.0042675507 0.0 16 23.407109974 2.3732445412 0 0 0 5 5 4 1 1 0 8 
717 2 19.2091 2.19585 11.282 -9.74083e-04 -3.12961e-04 0.00274713 0.0029314682 0.0 14 15.5537625181 2.1840814139 0 0 0 2 8 4 0 0 0 6 
857 2 22.4958 26.7378 13.0283 0.00279646 -1.5852e-04 -5.72745e-04 0.0028589078 0.0 15 15.561925264 2.3083069616 0 0 0 4 6 3 2 0 0 7 
92 1 22.8046 7.85172 10.6902 5.48457e-04 9.42417e-04 -0.00264014 0.0028564478 0.0 18 21.9630911359 2.3328080757 0 0 1 5 4 5 1 2 0 8 
404 1 26.384 8.34784 14.4789 -3.43743e-04 -0.00329873 7.57055e-04 0.0034018982 0.0 14 21.2484537477 2.2335516396 0 0 1 4 3 4 2 0 0 7 
305 2 20.2519 5.63352 15.2221 7.43925e-04 0.00359828 5.04777e-04 0.0037088871 0.0 13 13.2072711563 1.9400630464 0 0 0 3 6 4 0 0 0 6 
848 2 17.8003 5.83901 10.4084 -0.00192281 3.8124e-04 -0.00242229 0.0031160923 0.0 15 15.5101348504 2.21138575 0 0 3 2 4 3 2 0 1 9 
138 2 20.1311 26.5648 13.4231 0.00150027 0.00347486 -5.24452e-04 0.0038210616 0.0 15 18.0562731225 2.3083069616 0 0 0 5 5 2 3 0 0 7 
364 2 19.3432 3.9081 9.26183 -0.00127587 0.00267744 -0.00167524 0.0034063115 0.0 14 17.6912268528 2.1777882213 0 0 2 2 3 6 1 0 0 7 
484 2 23.7177 2.69468 15.9465 0.00111042 0.00127249 9.96212e-05 0.0016918002 0.0 16 18.0965050242 2.3732445412 0 0 2 4 3 3 3 1 0 8 
373 2 25.3587 26.6421 12.4611 0.00140096 -0.00427296 -0.00155234 0.0047571668 0.0 12 14.8032302401 2.1366718612 0 0 1 2 6 2 1 0 0 7 
362 2 23.6833 26.147 9.28196 -8.6751e-04 -5.73579e-05 -0.00607403 0.0061359355 0.0 14 15.9864244538 2.2911883071 0 0 3 3 2 1 5 0 0 7 
87 2 19.9209 2.40294 17.9496 -0.00336864 -0.00268154 0.00126566 0.0044877932 0.0 15 17.3347960083 2.319403741 0 0 1 2 7 3 2 0 0 7 
826 2 18.887 4.57416 12.8305 0.00197362 6.30596e-04 -0.00176146 0.0027194795 0.0 16 14.7085749068 1.9400630464 0 0 0 2 9 4 1 0 0 7 
529 2 21.0877 2.79083 15.873 -0.00151389 0.00403379 -0.00113904 0.0044565387 0.0 12 12.6513122678 2.1496221433 0 0 0 3 6 3 0 0 0 6 
838 1 26.6893 5.37298 12.3663 -0.00150389 -0.00361182 -0.0035623 0.0052912106 0.0 15 21.851183163 2.2911378173 0 0 0 4 5 5 1 0 0 7 
206 2 23.3584 2.15052 13.5624 -2.67545e-04 -0.00290399 6.82273e-04 0.002995035 0.0 14 13.662101711 2.0800623443 0 0 1 3 4 5 1 0 0 7 
931 2 23.5463 1.10868 11.3351 -0.0016888 -5.24254e-04 0.00215592 0.002788347 0.0 14 13.1464230319 2.174560654 0 0 1 3 4 5 1 0 0 7 
564 2 20.6809 4.44277 11.2257 -3.97541e-04 -4.47011e-04 0.00187336 0.0019665542 0.0 14 12.7543370011 2.0694334163 0 0 0 5 4 3 2 0 0 7 
361 2 21.9855 0.418287 15.5368 0.00203107 0.00140297 -6.55672e-04 0.0025541096 0.0 15 17.8436887876 2.291020297 0 0 1 2 6 5 1 0 0 7 
318 2 18.7376 3.57423 15.7862 0.00214695 7.8655e-04 -4.36026e-04 0.0023276971 0.0 16 14.51144524 1.9503201468 0 0 0 2 8 6 0 0 0 6 
972 2 20.0282 6.64031 11.4065 -6.58495e-04 0.00187011 -0.00142364 0.0024408355 0.0 14 15.6927668262 2.3636153205 0 0 3 1 5 2 2 1 0 8 
741 2 22.0829 6.2362 13.2546 -0.00255421 0.00333782 -6.54281e-04 0.0042536002 0.0 15 15.2639090338 2.2882937389 0 0 1 1 8 4 1 0 0 7 
89 2 21.8115 7.58268 15.8505 -0.00103204 -0.00184707 7.55943e-04 0.0022468253 0.0 14 13.5648861224 1.9223084651 0 0 1 1 8 3 1 0 0 7 
880 2 17.7686 6.76362 12.721 -0.00212723 -0.00509184 0.00148839 0.0057155268 0.0 14 13.020390355 1.9400630464 0 0 0 3 6 5 0 0 0 6 
876 2 19.7051 2.14116 13.9761 0.00188746 0.00128055 -2.82565e-04 0.0022982943 0.0 14 13.2513987319 1.9696184894 0 0 0 2 9 2 1 0 0 7 
416 2 19.3617 0.737835 16.2227 0.00233743 5.28067e-04 0.00205839 0.0031590193 0.0 13 16.452236686 2.1131504559 0 0 0 3 6 4 0 0 0 6 
88 1 0.352325 1.61371 18.472 0.00381832 -3.24379e-04 0.00631307 0.0073850959 0.0 14 19.5213523006 2.3732445412 0 0 0 4 5 4 1 0 0 7 
793 2 21.5317 2.2857 11.9748 -3.48096e-04 0.00217213 0.00165604 0.0027535047 0.0 13 12.9101734807 1.9477760258 0 0 0 3 6 4 0 0 0 6 
474 2 22.3729 8.72849 13.5706 0.00251548 0.00284232 0.00375058 0.0053360353 0.0 13 14.8030423141 2.1167893379 0 0 1 3 4 4 1 0 0 7 
635 2 22.3197 3.42517 18.0625 -0.00279165 0.00247397 -0.0010927 0.0038868793 0.0 13 18.8579458461 2.3456565253 0 0 0 3 7 2 1 0 0 7 
894 2 20.1799 7.66097 13.5958 -6.72977e-04 0.00154287 -0.00110868 0.0020155687 0.0 13 12.7973936644 2.0260888689 0 0 0 3 6 4 0 0 0 6 
96 2 18.8883 7.39514 15.4819 -0.00244266 0.00294877 0.00188163 0.0042664228 0.0 16 13.9890030293 2.0166389969 0 0 1 2 9 1 2 1 0 8 
523 2 21.4635 3.79708 13.7614 -0.00269462 0.00123576 -0.00406867 0.0050340993 0.0 13 12.2539070737 1.9065130688 0 0 0 3 6 4 0 0 0 6 
346 2 18.0967 8.62727 10.503 0.00345859 -0.0013643 -0.00358128 0.0051622404 0.0 15 18.0651126663 2.3636153205 0 0 2 2 4 5 2 0 0 7 
726 2 24.1555 4.5057 14.1892 -1.09429e-04 0.00154126 6.64503e-04 0.0016819695 0.0 13 17.0162929793 2.2882937389 0 0 1 3 4 4 1 0 0 7 
752 2 25.8668 0.935936 10.1045 0.00147616 0.00538724 -5.04335e-04 0.0056085432 0.0 14 14.2715897914 2.1552910769 0 0 0 4 5 4 1 0 0 7 
314 2 21.0651 5.77052 9.27212 -0.00121981 -0.0032817 2.31332e-06 0.0035010708 0.0 16 17.5541059429 2.3566230335 0 0 4 3 2 2 2 3 0 8 
861 2 24.5287 0.546182 14.658 -0.002608 5.09101e-05 -0.00102722 0.0028034687 0.0 12 17.503617898 2.1872391335 0 0 0 2 8 2 0 0 0 6 
15 2 23.205 4.49441 12.038 -0.00484732 4.50099e-04 -0.00345265 0.0059682403 0.0 15 14.4548120826 2.2882937389 0 0 0 5 3 6 1 0 0 7 
211 2 25.0036 3.09475 10.5055 -0.00306927 -5.62419e-04 0.00328838 0.0045332302 0.0 14 15.9042279619 2.0872400157 0 0 2 0 8 2 2 0 0 7 
159 2 22.4198 4.74704 15.7811 0.00387099 -6.8061e-04 -0.00119642 0.0041084321 0.0 12 12.3488445796 2.0935846305 0 0 0 2 8 2 0 0 0 6 
762 1 0.327625 1.93251 15.8959 0.00189136 -0.00144621 -1.87049e-04 0.0023882532 0.0 15 22.3090858825 2.264272082 0 0 1 3 5 4 2 0 0 7 
675 1 26.6453 2.56865 13.0034 0.00533465 0.00320315 0.00233575 0.0066463816 0.0 17 21.4604316303 2.1880841218 0 0 1 4 5 3 4 0 0 7 
964 2 24.0397 6.80626 15.065 6.73891e-04 4.53783e-04 -0.00201733 0.0021747801 0.0 14 17.9052650746 2.2857646636 0 0 1 1 8 3 1 0 0 7 
231 2 22.8163 4.02394 9.77989 -3.30765e-04 -0.00372244 -0.00136224 0.0039776454 0.0 13 13.3287508344 2.0096474886 0 0 0 3 6 4 0 0 0 6 
215 2 2.30549 10.2289 9.0597 -8.04643e-04 0.00261468 -5.65866e-04 0.0027936009 0.0 15 19.9793721616 2.1893506276 0 0 0 0 12 3 0 0 0 6 
101 1 1.52604 15.4948 14.4719 -0.0018554 0.00283732 -6.70709e-04 0.0034558276 0.0 15 23.6806571833 2.2675936895 0 0 2 2 4 5 2 0 0 7 
899 1 4.40088 17.2962 15.3393 -4.56778e-04 0.00318352 -1.46811e-04 0.0032194719 0.0 13 22.0269945226 2.2675936895 0 0 0 1 10 2 0 0 0 6 
356 2 26.0941 12.9231 11.5794 9.55966e-04 1.2044e-04 4.90266e-04 0.0010810817 0.0 13 15.7573794044 2.1787780293 0 0 1 3 5 2 2 0 0 7 
75 2 6.99394 12.4448 9.9803 -3.33174e-04 7.2689e-04 0.00218397 0.002325747 0.0 15 21.4510928983 2.2766762168 0 0 1 2 6 5 1 0 0 7 
106 2 26.5079 14.4827 9.26679 8.17005e-04 0.00397348 3.47927e-05 0.0040567538 0.0 13 13.9432377865 2.0216043344 0 0 0 5 2 6 0 0 0 6 
73 1 8.69379 14.6323 15.2624 -8.98038e-04 0.00243066 0.00287198 0.0038681843 0.0 13 20.4238689129 2.3281944732 0 0 0 3 6 4 0 0 0 6 
667 1 6.24986 9.51732 9.68457 0.00177977 0.00149869 0.00136003 0.0026950574 0.0 15 21.9408029078 2.1893506276 0 0 0 2 8 5 0 0 0 6 
208 1 8.59193 10.751 12.2831 -0.00215523 0.00104019 -0.00325124 0.0040370253 0.0 15 23.2772526011 2.2955210169 0 0 2 2 6 2 2 1 0 8 
627 1 5.56215 15.1425 17.2394 -6.55592e-04 -0.00233442 1.93164e-04 0.0024324124 0.0 15 23.5163244277 2.2834347477 0 0 0 3 7 4 1 0 0 7 
114 1 5.09088 11.3737 14.8259 6.99814e-04 -4.14572e-04 -0.00163636 0.0018273707 0.0 13 20.8398549787 2.2689208469 0 0 2 1 4 6 0 0 0 6 
716 1 2.83085 12.8075 16.5143 4.01602e-04 -0.00177904 -0.00259686 0.0031733183 0.0 17 22.5580614581 2.2224995455 0 0 2 5 3 3 1 3 0 8 
709 1 6.62572 16.0514 14.1419 -6.74492e-05 0.00134913 -2.40474e-04 0.0013720528 0.0 12 20.7266297268 2.3130241365 0 0 0 2 8 2 0 0 0 6 
431 1 4.19255 11.1252 11.7345 -0.00135814 2.74986e-04 -0.00181411 0.0022827958 0.0 16 23.3790422114 2.2766762168 0 0 1 2 6 6 1 0 0 7 
883 1 1.91704 10.2398 15.0665 0.00209143 0.00153055 -0.00123641 0.0028714757 0.0 15 22.1691014898 2.2091283114 0 0 0 4 4 7 0 0 0 6 
773 1 6.44897 13.4204 13.0091 9.02421e-04 0.00171024 0.00280264 0.0034050074 0.0 15 21.7782459907 2.2955210169 0 0 1 3 4 6 1 0 0 7 
954 1 4.24757 16.6682 12.5181 -0.00265027 -0.00313216 -0.00131422 0.0043083096 0.0 13 21.6169045951 2.2485977258 0 0 1 2 6 3 1 0 0 7 
981 1 4.42074 13.8638 10.9178 0.00254611 0.00216165 -0.00115209 0.003533089 0.0 13 22.7963639221 2.3003794046 0 0 0 1 10 2 0 0 0 6 
587 1 4.27981 14.2337 14.5457 5.01081e-04 -0.00246566 0.00357287 0.0043698926 0.0 14 21.2554019656 2.1562196331 0 0 0 3 6 5 0 0 0 6 
589 1 7.34872 9.84706 15.4834 0.00111988 5.60302e-04 5.05162e-04 0.0013502808 0.0 15 22.635116546 2.2955210169 0 0 1 1 8 4 1 0 0 7 
763 1 2.10283 12.7457 12.9771 -0.00293236 0.00255365 -1.26766e-04 0.0038904927 0.0 14 23.5064021326 2.169238718 0 0 0 2 8 4 0 0 0 6 
844 1 2.53779 15.7909 17.2198 -0.00303998 -0.00110893 0.00119759 0.003450424 0.0 15 22.7833817801 2.2021854379 0 0 2 4 2 4 2 1 0 8 
706 1 4.21535 10.1422 17.2308 -0.00239024 7.15629e-04 -3.30791e-04 0.0025169018 0.0 13 19.7469504317 2.1302788886 0 0 0 1 10 2 0 0 0 6 
48 1 6.98654 12.819 16.2668 0.00196833 -0.00132571 0.00215796 0.0032075881 0.0 16 21.942318471 2.2805655722 0 0 0 5 3 7 1 0 0 7 
359 1 1.70437 9.63569 12.4151 -0.00122163 -1.50609e-05 -0.00203493 0.0023735094 0.0 15 22.83715705 2.2810670382 0 0 1 3 5 4 2 0 0 7 
238 1 6.82459 15.664 11.1998 -0.00320322 9.83783e-05 2.73831e-04 0.0032164079 0.0 14 21.1686296018 2.3210542297 0 0 0 3 6 5 0 0 0 6 
672 1 1.74065 15.3616 11.4306 -0.00168423 7.4516e-04 0.00227567 0.0029275533 0.0 16 22.2876135547 2.2365844882 0 0 0 4 4 8 0 0 0 6 
80 1 3.51019 17.2768 9.81039 -0.00131414 -8.00595e-04 0.00288883 0.0032731109 0.0 14 23.0611074912 2.2872324921 0 0 0 1 10 3 0 0 0 6 
799 2 26.6009 10.5715 10.0037 0.00470684 0.00215427 -1.8679e-05 0.0051764438 0.0 12 16.0357953323 2.2346482954 0 0 1 3 4 3 1 0 0 7 
108 2 1.41531 12.5556 9.76951 -0.00124465 -0.00370044 0.00334323 0.0051399997 0.0 15 17.27065152 2.1653938325 0 0 1 2 7 3 2 0 0 7 
761 1 9.62834 12.02 14.7095 4.48786e-04 -6.61403e-04 0.001562 0.0017546244 0.0 16 22.705870935 2.2955210169 0 0 1 2 7 4 2 0 0 7 
306 2 13.8856 9.75492 11.6699 4.74081e-04 -0.00194527 6.5533e-04 0.0021067239 0.0 13 13.0659510385 1.9206157626 0 0 2 2 5 1 3 0 0 7 
195 2 9.63663 10.2442 17.3657 -2.04153e-04 -3.40019e-04 0.00328055 0.0033044364 0.0 14 18.0085795575 2.2753941392 0 0 1 5 3 2 2 1 0 8 
465 2 8.48823 11.236 8.28997 0.00135085 0.00206608 -0.00196757 0.0031567094 0.0 12 15.4607841928 2.1680565563 0 0 0 3 6 3 0 0 0 6 
304 1 9.22194 14.289 9.22329 -0.00198394 0.00187207 6.57613e-04 0.0028059079 0.0 13 21.4113829549 2.2591540201 0 0 0 3 6 4 0 0 0 6 
502 2 14.1398 9.24822 14.142 -0.0034426 0.00154083 2.6025e-04 0.0037806589 0.0 16 14.1342643353 1.9713485806 0 0 1 3 6 3 3 0 0 7 
327 1 14.2248 14.8129 12.9532 -1.49866e-04 7.85161e-04 0.00125639 0.0014891116 0.0 14 20.9932581461 2.1343242671 0 0 0 0 12 2 0 0 0 6 
862 2 13.9626 11.8731 14.83 8.47261e-04 -0.00402646 4.61867e-04 0.0041404773 0.0 13 16.2404605902 2.1343242671 0 0 0 1 10 2 0 0 0 6 
376 2 13.1935 11.191 9.28746 2.35053e-05 2.4976e-05 0.00255974 0.0025599698 0.0 16 17.9643566375 2.2214394544 0 0 1 2 7 5 0 1 0 8 
117 1 9.10975 13.9335 12.376 -0.00187218 0.0017991 0.00387054 0.0046607831 0.0 14 21.6893493518 2.2284279776 0 0 1 3 4 5 1 0 0 7 
938 1 16.4171 15.6153 11.1747 0.00148302 0.00332184 -0.00189845 0.0041034232 0.0 13 20.3212681094 2.2773555552 0 0 0 1 10 2 0 0 0 6 
546 2 15.1886 11.6922 12.4429 0.00218522 -0.00130936 -0.00179923 0.003118788 0.0 14 17.0078084024 2.162933454 0 0 0 3 6 5 0 0 0 6 
858 1 16.7242 13.0621 9.63901 -0.0016965 8.9526e-04 0.00198461 0.0027601231 0.0 17 24.6185442451 2.3386445461 0 0 0 3 7 6 1 0 0 7 
185 1 12.1688 13.6479 16.5582 0.00321068 2.93329e-05 -0.00198018 0.0037723255 0.0 17 22.0057586969 2.2753941392 0 0 2 3 5 5 0 1 1 9 
497 2 10.203 9.76495 9.47755 0.00124157 -0.00128715 -5.21009e-04 0.0018627135 0.0 13 18.9789607042 2.3148294881 0 0 0 1 10 2 0 0 0 6 
565 2 12.2442 7.3863 14.1335 -0.00175462 -3.96231e-04 0.00303181 0.0035252748 0.0 14 13.3561913292 1.9206157626 0 0 2 2 6 0 4 0 0 7 
788 2 15.8086 10.1304 10.1711 -5.89053e-04 -0.00290832 0.00382347 0.0048398586 0.0 13 16.7835115577 2.162933454 0 0 1 0 9 3 0 0 0 6 
488 2 15.1508 9.10897 16.3125 -0.00222257 -0.00235004 0.00318629 0.0045403689 0.0 12 11.8533079156 1.9291509891 0 0 0 2 8 2 0 0 0 6 
180 2 12.0913 10.7129 14.5105 0.00352868 0.00205645 0.00313707 0.0051499298 0.0 13 16.2871215586 2.2753941392 0 0 1 4 3 3 2 0 0 7 
90 2 16.3457 10.2093 14.3317 -0.00150997 0.00180605 -0.00121311 0.0026482941 0.0 14 13.0884993655 2.0129815341 0 0 0 1 10 3 0 0 0 6 
816 2 10.9584 12.1499 10.524 5.10736e-04 -0.00287392 0.00270578 0.0039801398 0.0 15 18.9947689924 2.2284279776 0 0 1 3 5 4 2 0 0 7 
522 1 9.57494 16.9492 13.1497 0.00276733 0.0018198 9.16927e-04 0.003436647 0.0 15 23.5046889512 2.3281944732 0 0 1 1 8 4 1 0 0 7 
884 2 11.1804 8.80693 16.3736 0.00108242 -0.00219422 0.00207733 0.0032096003 0.0 15 15.3847758423 2.0826370824 0 0 2 3 3 5 1 1 0 8 
323 2 16.9851 15.3889 14.191 0.00359024 -0.00264162 -0.00365075 0.0057615931 0.0 15 16.7064566564 2.0762659784 0 0 1 2 8 2 1 1 0 8 
409 1 11.5233 15.5208 11.2372 -0.00396891 3.74173e-04 -5.28907e-05 0.0039868596 0.0 14 21.0018170658 2.1630288401 0 0 0 3 6 5 0 0 0 6 
743 1 11.4123 14.5642 14.0382 -0.00104606 2.09239e-04 -7.72711e-04 0.0013172338 0.0 14 21.1248979462 2.2111322471 0 0 1 1 8 3 1 0 0 7 
310 1 13.6126 17.0505 10.8377 6.68025e-04 -0.00180014 -0.00159595 0.0024967615 0.0 14 18.5210232306 2.1896936762 0 0 0 3 6 5 0 0 0 6 
166 1 12.6948 17.2047 13.3435 -0.00235277 0.00302537 -0.00284316 0.0047719963 0.0 13 19.3643483748 2.0879997534 0 0 0 1 10 2 0 0 0 6 
337 2 12.2068 8.33869 10.6872 0.00103413 -3.99658e-04 -0.00305683 0.0032516705 0.0 13 14.2982810652 2.3167187557 0 0 2 3 3 2 3 0 0 7 
288 2 13.2698 10.8954 16.7035 -0.00255085 0.00292423 0.00226722 0.0044942456 0.0 16 15.8968205893 2.2753639248 0 0 3 2 4 4 2 0 1 9 
380 1 14.2832 15.3901 15.8881 0.00127702 -0.00212894 -0.00158984 0.002948009 0.0 16 21.7982596402 2.1343242671 0 0 0 2 8 6 0 0 0 6 
355 2 18.441 11.5167 18.1889 -9.65641e-04 -4.69019e-05 0.00265287 0.0028235406 0.0 15 13.6380808739 2.1231694719 0 0 3 3 0 7 1 1 0 8 
949 2 15.6053 11.8787 16.5568 -6.26875e-04 1.63567e-04 -0.00353286 0.003591772 0.0 15 16.0222409104 2.0745054868 0 0 0 4 5 5 1 0 0 7 
650 2 18.4347 11.4653 16.0007 0.00374722 -0.00240585 4.25923e-04 0.004473386 0.0 16 13.324885105 2.0571826366 0 0 5 1 3 2 2 3 0 8 
939 1 11.4867 16.7883 15.9082 -0.0023312 0.00170835 -0.00171324 0.0033597834 0.0 15 21.57662261 2.3281944732 0 0 0 4 5 5 1 0 0 7 
960 2 11.4203 9.85124 12.246 0.00397749 0.00207032 0.00238978 0.0050811121 0.0 15 15.610835374 2.2245595549 0 0 2 1 7 2 3 0 0 7 
260 2 16.7962 12.781 14.7359 -0.00209876 0.00181172 -0.00309885 0.0041581239 0.0 12 14.3539467591 2.1254090368 0 0 0 2 8 2 0 0 0 6 
209 2 17.4006 13.1198 12.5395 -0.00123445 5.99928e-04 0.00114198 0.0017854688 0.0 13 14.8029483519 2.1144416165 0 0 0 2 8 3 0 0 0 6 
753 2 12.6779 11.8785 12.0775 -0.00740642 9.42036e-06 9.6518e-04 0.0074690507 0.0 14 17.7789005992 2.2284279776 0 0 1 2 7 2 2 0 0 7 
398 2 17.2603 16.2382 16.8104 8.1031e-05 -0.00138151 9.19273e-04 0.0016613846 0.0 14 16.2275062604 2.0997466747 0 0 0 3 6 5 0 0 0 6 
727 1 14.139 14.1027 10.2016 0.00173317 0.00415058 -0.0036084 0.0057664324 0.0 15 20.5341819197 2.2013546205 0 0 2 2 6 2 2 1 0 8 
941 2 17.8587 10.8802 11.3489 2.86504e-04 0.00277757 0.00105245 0.0029840628 0.0 13 14.9295141882 2.0775753088 0 0 1 2 6 3 1 0 0 7 
742 2 22.0938 15.3284 11.7745 0.00104862 -7.39232e-04 -0.00389604 0.0041018527 0.0 12 16.4273301775 2.2924355147 0 0 0 2 8 2 0 0 0 6 
945 2 24.0579 10.4237 13.8725 -6.96901e-04 0.00107021 -0.00143519 0.0019211431 0.0 13 14.5704051448 2.1784802482 0 0 2 3 3 2 3 0 0 7 
655 2 19.0147 13.9702 14.4032 0.00115296 -1.48011e-04 -0.00292335 0.0031459814 0.0 14 13.2375299398 1.9495182406 0 0 0 4 5 4 1 0 0 7 
443 2 25.7031 14.1287 13.6518 0.00128912 -3.26674e-04 0.00438709 0.0045842235 0.0 13 14.9127926241 2.095230504 0 0 1 2 6 3 1 0 0 7 
163 2 23.144 12.3386 14.9719 0.00154854 -1.56161e-04 8.52718e-04 0.0017746804 0.0 15 12.528830775 1.8430926976 0 0 1 3 5 4 2 0 0 7 
203 2 25.492 15.6426 11.5724 -0.00156537 0.00148481 3.93288e-04 0.0021931073 0.0 16 19.5382509072 2.242828552 0 0 1 3 6 3 3 0 0 7 
649 2 24.4865 10.7714 11.1361 0.00221943 0.00104204 -0.00118384 0.0027227181 0.0 14 16.0632054834 2.2810670382 0 0 1 3 4 5 1 0 0 7 
596 2 25.6802 10.9641 16.4388 0.00144562 3.35503e-04 3.85342e-04 0.001533254 0.0 15 19.1938271949 2.2224995455 0 0 0 2 9 3 1 0 0 7 
755 2 22.0281 10.8276 12.3214 -3.17078e-04 2.04348e-04 -0.00232405 0.0023544649 0.0 13 14.7785560334 2.0031029678 0 0 0 3 6 4 0 0 0 6 
370 2 19.4664 12.7489 11.4751 -0.00113357 -0.00228958 -0.00227657 0.0034219773 0.0 13 14.9855120084 2.1762506464 0 0 0 3 6 4 0 0 0 6 
606 2 23.7446 9.04568 15.9451 -0.00494612 -0.00283197 0.00141185 0.0058717525 0.0 15 16.1530775664 2.3551414967 0 0 3 3 2 3 3 1 0 8 
57 2 21.7692 12.9343 10.9158 0.00210265 -0.00344475 0.00242214 0.004706825 0.0 13 15.2442151053 2.2250469069 0 0 0 3 6 4 0 0 0 6 
681 2 22.894 14.78 9.52426 0.00219399 -0.00316223 -0.00339073 0.0051293606 0.0 13 16.2663600538 2.1916090538 0 0 0 4 5 3 1 0 0 7 
503 2 25.0425 16.2779 9.30351 -0.00557398 0.00322257 0.00167348 0.0066524241 0.0 15 17.3878826999 2.2924355147 0 0 0 5 4 4 2 0 0 7 
959 2 18.7714 16.5312 14.6466 3.79065e-04 -2.02628e-04 1.70213e-04 4.6229951977e-04 0.0 13 15.0460226074 2.0762659784 0 0 2 3 3 3 1 1 0 8 
891 2 20.0319 9.38269 16.3394 -4.98962e-04 1.81496e-04 2.38344e-04 5.8198946537e-04 0.0 16 13.9265957748 1.9467271575 0 0 5 2 1 4 1 2 1 9 
149 2 23.665 16.6481 16.7626 8.56814e-04 0.00421057 -0.00181638 0.0046650044 0.0 14 15.8870035135 2.27840283 0 0 0 1 10 3 0 0 0 6 
682 2 23.4971 14.8663 14.0747 -0.00125126 0.00351966 -0.00209836 0.0042844805 0.0 13 15.7770651671 2.0688928113 0 0 0 1 10 2 0 0 0 6 
227 2 26.2499 13.1127 15.72 0.00553577 -0.0011625 -0.00294264 0.0063761498 0.0 14 17.1685961933 2.2105682964 0 0 1 5 2 3 3 0 0 7 
568 2 19.6117 11.6324 13.869 -9.56722e-04 0.00100557 -8.33343e-04 0.0016189344 0.0 14 14.274397761 2.0129815341 0 0 1 3 5 3 2 0 0 7 
118 2 24.1929 13.7388 16.7492 -1.77759e-04 1.53087e-04 0.00219308 0.0022055915 0.0 14 13.2780052632 1.8622130918 0 0 0 4 5 4 1 0 0 7 
783 2 21.6716 17.0213 15.7039 -0.00117795 3.31411e-04 -0.00187366 0.0022378564 0.0 13 15.3747316119 2.1165682562 0 0 0 3 6 4 0 0 0 6 
331 2 20.0436 14.7203 10.073 1.6953e-04 0.00122801 -0.00109915 0.0016567678 0.0 15 20.8184758129 2.2773555552 0 0 0 4 5 5 1 0 0 7 
714 2 25.6128 16.2449 15.4951 -0.00102263 -5.10352e-04 0.00388918 0.0040536345 0.0 14 18.3542949368 2.1585252377 0 0 0 3 6 5 0 0 0 6 
992 1 21.3435 10.2672 9.36657 -0.00147538 -5.26515e-05 0.00660634 0.006769287 0.0 18 23.1275151435 2.3636153205 0 0 2 1 10 1 2 2 0 8 
317 2 20.9036 12.4676 16.0478 4.5927e-06 -0.00494795 0.00187761 0.0052922254 0.0 16 13.4221241037 2.0748990894 0 0 3 2 4 3 3 1 0 8 
375 2 21.7815 14.6567 16.1169 6.84242e-04 0.00249084 0.00129397 0.002889088 0.0 13 13.1191377421 1.8584988716 0 0 0 3 6 4 0 0 0 6 
261 2 24.4399 12.7721 9.88027 0.00128069 -6.96016e-04 0.00116903 0.001868485 0.0 16 14.9365017944 2.1276927403 0 0 1 2 7 4 2 0 0 7 
229 2 21.3246 13.4634 18.1739 -4.9504e-04 6.2216e-04 -0.00357308 0.0036604711 0.0 14 12.602279911 2.0470286884 0 0 0 4 6 2 2 0 0 7 
577 2 23.6545 12.7545 12.5928 -3.60699e-04 -0.00226468 -0.00343787 0.004132533 0.0 14 13.4095412498 2.0757129506 0 0 0 2 8 4 0 0 0 6 
686 2 19.4424 15.1295 16.7226 -0.00102961 -3.57231e-05 -0.00568518 0.0057777716 0.0 16 13.184503129 2.0748990894 0 0 2 4 2 4 4 0 0 7 
65 2 25.9188 11.8335 13.9561 0.00111924 0.00114527 -0.00131569 0.0020725303 0.0 14 16.6293276538 2.2810670382 0 0 1 1 8 3 1 0 0 7 
107 2 19.8747 9.65308 11.9282 -0.00453942 -0.00116603 5.20103e-04 0.0047155559 0.0 15 16.1748561192 2.2367948123 0 0 2 3 4 2 4 0 0 7 
736 2 23.4988 11.451 17.0612 -0.00103702 8.99351e-04 0.00183513 0.0022917122 0.0 14 14.0155395034 2.0246603494 0 0 1 1 7 5 0 0 0 6 
353 1 18.847 11.2582 8.44919 0.00241969 0.00232122 0.00258965 0.0042366554 0.0 16 22.9358053584 2.2531197784 0 0 1 1 9 4 0 1 0 8 
174 1 0.105451 18.0522 13.1009 6.87046e-04 -3.27094e-04 1.82799e-04 7.8258428642e-04 0.0 15 22.7929957251 2.2365844882 0 0 2 0 9 1 3 0 0 7 
955 2 21.0032 16.0261 13.613 -0.00334384 -0.00259663 0.00101074 0.0043526255 0.0 13 15.6360935469 2.1759967945 0 0 0 2 8 3 0 0 0 6 
643 2 19.1342 14.8437 12.3166 -5.1251e-04 -1.23701e-04 8.06858e-04 9.6384037561e-04 0.0 14 14.9727270874 2.1759967945 0 0 0 4 5 4 1 0 0 7 
633 2 21.4881 13.29 13.4741 -8.2884e-04 0.00370924 -5.84621e-04 0.0038454153 0.0 14 13.3626176646 1.8417185609 0 0 0 1 10 3 0 0 0 6 
451 2 18.3495 9.01038 13.8373 -0.0019607 0.00256293 -0.00171537 0.0036545108 0.0 14 13.1180014759 1.9643536815 0 0 1 3 4 5 1 0 0 7 
916 2 21.4739 10.5114 14.8614 -0.00236324 0.00321828 0.00150347 0.0042664566 0.0 17 13.5713728613 1.9140783984 0 0 1 6 3 3 3 0 1 9 
698 1 25.5294 8.05391 11.9136 0.00328919 -0.00149199 -0.00298919 0.0046882899 0.0 19 22.9433021758 2.2882937389 0 0 0 6 4 5 4 0 0 7 
414 1 5.41946 20.1032 17.3838 8.31829e-04 -0.00314975 -0.00266139 0.0042066449 0.0 12 21.0155641551 2.3524390167 0 0 0 3 6 3 0 0 0 6 
952 1 1.17729 20.8723 14.3843 -0.00208431 3.65025e-04 0.00414062 0.0046499812 0.0 13 20.0575856032 2.0551772645 0 0 0 1 10 2 0 0 0 6 
800 1 8.1037 23.7945 15.6855 5.074e-05 0.00108356 -8.70331e-04 0.0013907382 0.0 14 21.5857267894 2.3131085185 0 0 2 3 2 6 0 1 0 8 
592 2 7.9485 20.6304 8.53334 0.00142689 0.00275725 -0.0015611 0.0034749785 0.0 13 18.6874439769 2.2790156232 0 0 1 3 3 6 0 0 0 6 
230 2 0.970945 24.3028 9.71031 -0.00144237 -8.17798e-05 7.48933e-04 0.0016272737 0.0 15 16.8252756494 2.2183618084 0 0 0 2 9 3 1 0 0 7 
439 1 7.3409 18.0182 16.2715 3.28224e-04 9.11466e-04 0.00242628 0.0026125344 0.0 16 25.0712994729 2.4455888177 0 0 0 5 4 5 2 0 0 7 
25 1 0.385631 23.2814 12.5627 -4.06345e-04 0.00293293 0.00464544 0.005508839 0.0 14 20.8808048038 2.1028326482 0 0 0 1 10 3 0 0 0 6 
435 1 2.47682 21.4542 17.1215 9.69515e-04 -2.02996e-04 -0.00141835 0.0017299952 0.0 15 21.8741081907 2.1944265451 0 0 0 3 6 6 0 0 0 6 
875 1 2.6451 23.342 14.8816 0.00352018 0.00245463 -6.67875e-04 0.0043431478 0.0 12 19.3650928402 2.1757943405 0 0 0 0 12 0 0 0 0 5 
724 2 7.89076 23.1043 8.97222 0.0018632 6.75237e-04 -0.00149044 0.0024796916 0.0 15 15.2898952274 2.1273376399 0 0 2 3 3 5 1 1 0 8 
397 1 6.2551 18.3968 10.2962 -0.00258759 0.00345958 3.82134e-04 0.0043370891 0.0 14 22.8151792368 2.2741859858 0 0 0 4 4 6 0 0 0 6 
220 1 4.96343 23.4008 16.8143 0.00243455 0.00159522 0.0012255 0.0031581024 0.0 15 21.8154902435 2.1841256645 0 0 0 3 7 4 1 0 0 7 
405 1 1.82025 18.5393 16.1076 0.00399047 -9.09902e-04 0.00106011 0.0042279553 0.0 16 24.7379992313 2.2675936895 0 0 0 2 8 6 0 0 0 6 
827 1 8.59919 19.5436 12.3491 -2.48781e-04 0.0038894 0.00192355 0.0043461902 0.0 14 22.8942651724 2.3210542297 0 0 0 5 3 5 1 0 0 7 
669 2 6.85243 24.5859 11.0674 0.00244126 0.00117004 7.71578e-04 0.0028149736 0.0 14 21.2192891993 2.2904019778 0 0 1 3 4 5 1 0 0 7 
79 2 5.61888 21.8464 8.12523 0.00173192 9.37836e-04 -0.00329283 0.0038369014 0.0 15 18.8280932743 2.3281307029 0 0 1 4 4 3 3 0 0 7 
611 1 0.685144 18.1059 10.3928 0.00223778 0.00111194 -8.56164e-04 0.0026414176 0.0 14 20.7378836546 2.1853965889 0 0 0 1 10 3 0 0 0 6 
251 1 6.56191 25.7355 17.2708 0.00163666 -0.00431324 4.47837e-04 0.004635003 0.0 16 21.7494037411 2.313008257 0 0 2 5 2 3 2 2 0 8 
13 1 0.85966 25.7436 14.2748 -0.00336891 -0.00200013 -0.00155638 0.0042157316 0.0 15 21.589085101 2.304116393 0 0 0 0 12 3 0 0 0 6 
782 1 8.18898 22.4135 12.6974 0.00304731 4.95403e-04 -9.93381e-04 0.0032431972 0.0 15 21.2585421606 2.2159431719 0 0 2 2 6 2 2 1 0 8 
519 1 4.27601 25.8608 15.5137 3.31422e-05 -9.9081e-04 0.00129327 0.0016295245 0.0 16 22.8194824377 2.3131085185 0 0 1 2 9 1 2 1 0 8 
935 2 4.56941 24.0814 9.88868 -0.00119049 0.00108124 0.00259631 0.0030540419 0.0 16 18.5253344859 2.2907137505 0 0 0 6 2 6 2 0 0 7 
579 2 2.68172 26.4288 10.0425 -0.00104437 -0.00186263 1.82844e-04 0.0021432525 0.0 16 19.138796749 2.2907137505 0 0 0 2 8 6 0 0 0 6 
570 1 8.19105 25.7424 13.5572 6.29795e-04 -0.00129223 -7.63999e-04 0.0016279418 0.0 14 21.5132440869 2.3131085185 0 0 0 2 8 4 0 0 0 6 
710 1 3.26982 20.39 9.88477 -0.00101759 0.0022803 -3.85472e-04 0.0025266274 0.0 15 22.6930938983 2.2542052466 0 0 1 4 3 5 2 0 0 7 
458 1 5.8746 19.0509 13.2104 -0.00148257 -0.00306672 0.00100929 0.0035526682 0.0 17 23.2105557382 2.3210542297 0 0 4 2 3 3 4 0 1 9 
225 1 2.75237 19.2862 12.7648 0.00270923 0.00111577 0.00114591 0.0031461055 0.0 16 22.7548082826 2.2675936895 0 0 1 3 7 1 4 0 0 7 
40 1 3.19078 22.2792 11.859 -0.00195543 -9.29743e-04 0.0019434 0.0029094556 0.0 15 21.794228847 2.2183618084 0 0 2 0 7 5 1 0 0 7 
902 1 4.19358 20.8267 14.8888 0.0025234 0.00162596 2.87424e-04 0.0030156104 0.0 13 21.9371045767 2.2162850511 0 0 1 2 6 3 1 0 0 7 
178 1 5.57365 23.3963 13.8931 0.00333984 -0.00113267 -0.00263807 0.0044041896 0.0 16 22.9228439272 2.3131085185 0 0 2 2 4 6 2 0 0 7 
421 1 6.02799 21.4155 11.1412 1.33165e-04 3.70194e-04 0.00242996 0.0024616015 0.0 16 23.5522987518 2.2304013887 0 0 3 2 4 4 2 0 1 9 
130 1 7.49545 21.0859 14.9842 4.46763e-04 -0.00254135 0.00242591 0.0035416234 0.0 15 23.7339640304 2.4455888177 0 0 2 3 3 5 1 1 0 8 
526 1 3.31623 24.9238 12.7179 -0.00125493 -0.00200413 -0.00334796 0.0040988075 0.0 13 21.2379341132 2.2462716908 0 0 1 0 9 3 0 0 0 6 
904 1 0.482316 21.2886 8.61438 -0.00236727 7.21022e-04 -0.00279896 0.003736043 0.0 16 21.1642442032 2.2611043499 0 0 2 1 7 3 3 0 0 7 
797 2 2.75545 23.3193 8.569 -0.00169347 -4.27886e-04 0.00256735 0.0031051913 0.0 14 15.6338159472 2.2183618084 0 0 2 4 2 2 4 0 0 7 
950 1 15.0299 18.0494 15.4049 0.00160661 -0.00419114 0.00232278 0.0050539249 0.0 13 20.9945674148 2.4107544046 0 0 1 2 6 3 1 0 0 7 
554 1 9.98621 18.593 17.2193 0.00274846 0.00147784 -0.00395278 0.0050361208 0.0 15 20.8864289613 2.4455888177 0 0 1 3 5 4 2 0 0 7 
284 1 17.2495 22.1249 16.0914 -4.85814e-04 0.0037992 -1.08033e-04 0.0038316585 0.0 14 22.9009891083 2.351227375 0 0 0 2 8 4 0 0 0 6 
721 1 15.4142 17.5123 12.9095 5.86943e-04 -0.00244381 0.00104981 0.0027237493 0.0 14 18.0898574952 2.1465241893 0 0 1 2 6 4 1 0 0 7 
289 1 13.7669 19.7736 10.2154 0.00254679 -0.00548554 -0.00100197 0.0061303534 0.0 13 21.2039841105 2.1901769937 0 0 0 4 4 5 0 0 0 6 
191 1 16.4409 20.0351 11.9418 0.00379324 0.00164226 -0.00111208 0.0042804684 0.0 12 20.0954098649 2.2906046747 0 0 0 2 8 2 0 0 0 6 
620 2 12.3574 24.3003 11.3957 0.00442097 4.38243e-05 -0.00231586 0.0049910023 0.0 14 19.1783637663 2.4082257696 0 0 1 3 4 5 1 0 0 7 
444 1 10.254 21.444 16.2688 0.00231735 0.00533047 0.00421091 0.0071774497 0.0 13 21.5734468863 2.4112455613 0 0 1 2 5 5 0 0 0 6 
32 2 11.1264 26.1776 9.40357 -3.93331e-04 -0.00153516 -0.00102661 0.0018882144 0.0 13 13.3971414901 2.0076887941 0 0 1 2 5 5 0 0 0 6 
544 1 11.2432 18.9414 11.1178 0.00238567 -0.00244379 -6.45374e-04 0.003475635 0.0 13 21.645707094 2.2761574889 0 0 0 1 10 2 0 0 0 6 
731 1 9.70247 26.3166 15.8552 -2.37761e-04 6.49272e-04 0.0025967 0.0026871798 0.0 15 22.6217606616 2.4502333276 0 0 2 2 5 3 3 0 0 7 
140 1 10.4928 23.5103 13.8721 0.00295611 -0.00151396 6.78505e-04 0.0033898422 0.0 14 21.9498075669 2.3118681446 0 0 1 1 8 3 1 0 0 7 
802 1 11.4151 21.6884 12.204 0.00528925 8.61932e-04 -0.00308296 0.0061825346 0.0 14 21.8247219606 2.2086984805 0 0 0 3 6 5 0 0 0 6 
204 1 12.429 25.9882 14.4279 -4.51985e-04 -0.00139921 0.00279452 0.0031577557 0.0 15 22.9088150233 2.413889314 0 0 0 4 5 5 1 0 0 7 
189 1 12.8499 21.892 14.8572 0.00185946 0.00132213 -0.00421833 0.0047958239 0.0 13 21.8176317622 2.4082257696 0 0 0 1 10 2 0 0 0 6 
161 2 13.5778 26.4009 9.74686 -0.00121516 0.00128216 0.00148154 0.0023055387 0.0 14 14.0000479955 2.0467402122 0 0 1 3 5 3 2 0 0 7 
663 1 17.0052 18.7971 17.7587 0.00133957 -0.00205457 -7.43495e-04 0.0025629066 0.0 14 22.2149909239 2.3345946005 0 0 0 2 8 4 0 0 0 6 
389 1 11.8493 24.619 16.8925 0.00131129 0.00303691 -0.00165044 0.00369679 0.0 15 22.11594822 2.1560442195 0 0 1 3 6 2 3 0 0 7 
973 2 16.4487 1.24667 11.2397 -0.00238293 0.00315718 0.00187831 0.0043788343 0.0 14 16.3188986931 2.1840814139 0 0 0 2 8 4 0 0 0 6 
308 1 17.4607 25.4016 17.202 3.434e-05 -0.00293214 -0.00128038 0.003199687 0.0 15 23.7342804942 2.3866624108 0 0 0 2 8 5 0 0 0 6 
135 1 17.2957 23.9386 11.5183 0.00121069 -0.00115525 6.27845e-04 0.0017873338 0.0 15 21.0498937584 2.150092462 0 0 0 1 10 4 0 0 0 6 
678 1 15.9363 18.1296 9.85487 -0.00104444 0.00237548 6.36476e-04 0.0026718649 0.0 13 20.010850312 2.1439083704 0 0 0 3 6 4 0 0 0 6 
812 2 9.91191 24.1302 10.6001 0.00255308 -0.00141256 3.26353e-04 0.0029359921 0.0 15 18.5502670178 2.2904019778 0 0 0 2 8 5 0 0 0 6 
448 2 14.5789 25.3227 11.9657 8.39993e-04 0.0022858 -0.0016042 0.0029161494 0.0 14 20.138385002 2.3817708281 0 0 1 3 3 7 0 0 0 6 
267 1 14.8944 20.9156 16.886 -4.12838e-04 5.54076e-04 0.0011651 0.0013545824 0.0 15 22.2705934926 2.4396660644 0 0 0 2 8 5 0 0 0 6 
121 1 15.1995 22.497 13.2329 -0.00265722 0.00513994 -0.00210947 0.0061587064 0.0 15 22.7152002303 2.4396660644 0 0 0 2 8 5 0 0 0 6 
670 1 17.4029 24.7035 14.3538 0.00105197 -0.00306289 0.00314491 0.0045142436 0.0 14 21.1635980678 2.3630359211 0 0 0 2 8 4 0 0 0 6 
524 1 12.6163 19.3917 16.4526 6.91882e-04 -3.55306e-04 -1.98733e-04 8.0276887138e-04 0.0 13 20.2382739344 2.2759759228 0 0 0 3 6 4 0 0 0 6 
887 1 10.6179 19.5504 14.3148 0.00373698 0.00237743 0.00184933 0.0047997098 0.0 15 22.2118187419 2.2867326998 0 0 0 3 6 6 0 0 0 6 
160 2 9.85208 21.7208 9.51638 -0.00220268 -7.63213e-04 0.00454576 0.0051086424 0.0 14 17.2000507748 2.2790156232 0 0 1 2 6 4 1 0 0 7 
78 1 13.7457 19.9908 12.9367 0.00162324 -0.00189268 0.00204551 0.003225098 0.0 15 21.4414405857 2.4396660644 0 0 0 2 8 5 0 0 0 6 
86 1 14.8186 24.0652 15.4986 0.00169029 0.00171702 -0.0039316 0.0046111513 0.0 14 22.6147174788 2.3925724945 0 0 0 3 6 5 0 0 0 6 
248 1 14.9909 22.6726 10.3276 0.00118395 1.38176e-04 -5.38888e-04 0.0013081401 0.0 16 22.6186510995 2.2086984805 0 0 0 2 8 6 0 0 0 6 
403 1 17.6405 19.3082 14.5145 -3.84134e-04 -6.15935e-04 -0.00450705 0.0045651325 0.0 17 23.2592116676 2.4396660644 0 0 1 2 7 5 2 0 0 7 
842 2 12.2767 24.3064 9.09052 0.0050753 -1.61213e-04 0.00170355 0.0053560006 0.0 13 13.5461959513 2.1573062925 0 0 3 1 3 4 2 0 0 7 
547 1 17.0986 21.1355 9.40713 -0.00174231 -6.41787e-04 -2.93516e-04 0.0018798102 0.0 14 20.9654790291 2.150092462 0 0 0 4 4 6 0 0 0 6 
703 1 21.1754 20.7352 8.87041 -6.54843e-04 -0.003869 7.46869e-04 0.0039944704 0.0 17 22.4354389126 2.2290260642 0 0 2 4 3 4 3 1 0 8 
847 1 22.2357 19.518 17.8998 -0.00232417 0.00147789 0.00206649 0.0034432987 0.0 19 25.5219486587 2.375845651 0 0 0 1 10 8 0 0 0 6 
654 1 20.9144 25.5033 18.1288 -0.0047692 -0.003957 0.00233877 0.0066236669 0.0 14 20.4723592304 2.291020297 0 0 0 2 8 4 0 0 0 6 
109 1 23.8811 17.7981 12.9527 -0.0029018 0.00123757 9.60586e-04 0.0032976883 0.0 16 23.3840405252 2.2924355147 0 0 0 1 10 5 0 0 0 6 
937 1 18.3271 22.0328 13.6441 0.00205957 -0.00135177 0.00254011 0.0035385406 0.0 12 19.4089057225 2.3101775656 0 0 1 2 6 2 1 0 0 7 
298 1 24.674 19.0907 10.4222 0.00338416 -3.90259e-04 -0.00336236 0.0047864711 0.0 15 22.0703159218 2.2647939053 0 0 0 2 8 5 0 0 0 6 
912 1 24.0884 21.8454 16.2378 0.00181035 6.00711e-04 4.15455e-04 0.0019521331 0.0 12 21.287710608 2.2893044151 0 0 0 2 8 2 0 0 0 6 
586 1 22.4826 20.5693 11.7037 -0.00172407 -5.6123e-04 -0.00366119 0.0040855488 0.0 15 21.7655621687 2.2861866926 0 0 4 1 3 4 1 2 0 8 
343 1 22.6026 23.5488 11.4222 -0.00212293 -0.00140892 -0.00118792 0.0028112348 0.0 14 22.0603950277 2.271906691 0 0 3 1 4 4 1 1 0 8 
344 1 22.0924 22.8058 14.2773 0.00253708 -0.00241692 -0.00233253 0.0042093911 0.0 16 22.36829417 2.3201978269 0 0 0 3 7 5 1 0 0 7 
264 2 0.697064 26.4685 11.258 -0.00283135 -9.07948e-04 -3.71782e-04 0.0029965204 0.0 12 16.6205313166 2.14199712 0 0 0 2 8 2 0 0 0 6 
936 1 24.8518 22.0611 10.5151 -0.00109676 -0.00552467 4.26715e-04 0.0056486234 0.0 14 20.2499050708 2.1681301644 0 0 1 1 7 5 0 0 0 6 
958 1 21.7857 22.5033 17.5917 1.34303e-04 4.11621e-04 0.00201198 0.002058041 0.0 14 19.7972547123 2.0779731286 0 0 0 3 6 5 0 0 0 6 
556 1 26.5136 26.0619 16.7658 -4.86907e-04 8.17088e-04 -6.00173e-04 0.0011246861 0.0 12 22.0300051743 2.2960935671 0 0 0 3 6 3 0 0 0 6 
868 1 19.4365 20.8007 11.4545 -0.00194533 -0.00265294 0.00109269 0.0034664637 0.0 16 21.6886595795 2.3201978269 0 0 2 2 5 4 3 0 0 7 
908 1 24.9796 21.4065 13.1784 4.85204e-04 -0.00196647 -0.0020713 0.0028970176 0.0 15 22.2753889058 2.1635204075 0 0 0 1 10 4 0 0 0 6 
917 1 22.7841 19.7915 14.7846 -9.97479e-04 0.00193781 -0.00402797 0.004579805 0.0 12 20.957703532 2.1925253883 0 0 0 3 6 3 0 0 0 6 
792 1 18.9639 25.9111 10.27 3.73424e-05 0.00373288 0.00196796 0.0042200301 0.0 14 22.6329859586 2.3376774484 0 0 0 4 5 4 1 0 0 7 
94 2 24.4025 24.6458 13.6536 0.0029305 6.85544e-04 5.98047e-04 0.0030684623 0.0 15 21.5932473943 2.2655044805 0 0 1 3 5 4 2 0 0 7 
996 1 22.7644 24.6879 16.3206 -6.43382e-04 6.45525e-04 0.00202364 0.0022194057 0.0 15 20.8495545891 2.3083069616 0 0 0 5 4 4 2 0 0 7 
486 1 25.5937 19.3873 15.4237 -1.22968e-04 3.52002e-04 -7.25564e-04 8.1576323472e-04 0.0 13 21.7300237942 2.375845651 0 0 0 1 10 2 0 0 0 6 
182 1 19.9368 23.7858 12.4415 0.00230089 -4.6205e-04 0.00106637 0.0025777374 0.0 14 20.6662232116 2.2214267044 0 0 1 3 5 3 2 0 0 7 
286 2 25.5003 25.0176 10.746 -0.00252232 5.63127e-04 0.00261489 0.0036765282 0.0 15 16.1313532279 2.1998447355 0 0 0 2 9 3 1 0 0 7 
365 1 20.1292 20.7941 15.6292 0.00371061 0.00142413 -0.00124317 0.0041644021 0.0 15 23.9278454395 2.3345946005 0 0 1 3 4 6 1 0 0 7 
641 1 19.7707 24.0841 15.7141 0.00207911 3.01401e-04 -0.00169007 0.002696271 0.0 14 21.6051378202 2.2956254638 0 0 0 2 8 4 0 0 0 6 
181 1 20.5643 18.9461 13.1208 0.00198463 1.00689e-04 8.79994e-05 0.0019891301 0.0 14 20.7520334966 2.3201978269 0 0 1 2 7 2 2 0 0 7 
419 1 21.4823 17.9557 10.5822 0.00171475 -0.00127193 -0.00242732 0.0032326546 0.0 16 23.5630307344 2.2924355147 0 0 0 2 8 6 0 0 0 6 
67 1 26.6486 23.1652 15.5756 7.98778e-04 -0.00143869 0.00233941 0.0028601948 0.0 14 21.8960100409 2.2655044805 0 0 0 2 8 4 0 0 0 6 
24 1 0.544332 20.7127 11.2907 0.00361077 0.00222755 0.00248742 0.0049180176 0.0 13 19.8683445305 2.2183618084 0 0 1 1 9 0 2 0 0 7 
830 1 18.3368 17.8981 11.7176 -5.28395e-04 0.00126971 -0.00226818 0.0026525469 0.0 16 22.295661207 2.2773555552 0 0 0 4 4 8 0 0 0 6 
49 1 4.62821 26.3301 19.3493 0.00228609 0.00375363 0.0058188 0.0072920765 0.0 14 22.7044184633 2.2611800029 0 0 1 1 8 3 1 0 0 7 
557 2 6.85054 26.044 26.5592 1.51221e-04 -0.00271211 0.00159856 0.0031517935 0.0 15 12.8366661338 1.859696938 0 0 2 1 7 3 1 1 0 8 
501 2 4.8477 4.12841 26.536 0.00153342 -3.04037e-05 0.00203434 0.0025477128 0.0 13 15.8210837095 2.4330314819 0 0 1 3 4 4 1 0 0 7 
457 1 2.58797 6.20182 26.5737 0.0032871 0.00163626 -0.00165843 0.0040289904 0.0 16 22.1469745179 2.434622506 0 0 2 4 2 6 1 0 1 9 
157 2 4.26049 2.39925 25.2344 -0.00213073 -3.73848e-04 -0.00125018 0.0024985441 0.0 15 17.166399308 2.434622506 0 0 2 1 6 4 2 0 0 7 
737 2 6.64945 2.41228 26.041 -4.76675e-04 -4.5091e-04 -0.0021991 0.002294903 0.0 15 12.7882223409 1.9811565708 0 0 1 3 5 4 2 0 0 7 
177 1 7.62208 1.38458 20.8731 -0.00353387 -2.62413e-04 9.17344e-04 0.0036604122 0.0 16 23.9028598191 2.2709930984 0 0 0 3 7 5 1 0 0 7 
441 1 1.17371 1.46038 21.1465 -0.00380342 -0.0024892 -0.00112847 0.0046835419 0.0 14 19.6207444544 2.2391482083 0 0 2 2 5 3 1 1 0 8 
153 1 0.212537 7.49509 25.2101 -0.00469771 0.00258079 0.00249404 0.0059117841 0.0 13 20.8112746934 2.18550532 0 0 0 5 2 6 0 0 0 6 
1000 2 5.68788 6.47072 25.3316 -0.00291381 -1.54149e-04 1.06858e-04 0.0029198406 0.0 15 19.1338547416 2.4018442754 0 0 1 2 6 5 1 0 0 7 
45 1 2.26427 6.57896 23.3017 -0.00288925 0.00222457 -0.00242477 0.0043790395 0.0 17 25.8961509996 2.4003544069 0 0 2 3 5 3 3 1 0 8 
720 2 7.2344 4.60132 24.8575 0.00238251 0.00139806 0.00501397 0.0057245804 0.0 15 12.5488650641 1.8468955657 0 0 0 3 6 6 0 0 0 6 
575 1 5.88146 2.24751 18.3229 -0.00157516 8.0288e-04 0.00254486 0.0030987187 0.0 15 23.718821369 2.2687686647 0 0 1 2 7 3 2 0 0 7 
275 1 3.72992 8.36954 19.3911 0.00226188 9.25552e-04 5.46257e-05 0.002444531 0.0 13 20.3104639123 2.2947114805 0 0 0 3 6 4 0 0 0 6 
232 1 3.30812 2.81219 19.6376 -2.48082e-05 0.00283427 0.00347754 0.004486311 0.0 15 22.1674509139 2.259982348 0 0 1 5 1 6 2 0 0 7 
944 1 1.33248 8.67625 21.0098 -0.00375743 3.71227e-04 -0.00115617 0.0039487743 0.0 13 20.6814430642 2.332496003 0 0 1 2 5 5 0 0 0 6 
461 1 0.556645 1.54984 25.1674 0.001588 0.00440702 -0.00304625 0.0055877731 0.0 16 23.2131593087 2.2058821363 0 0 3 2 5 1 4 1 0 8 
291 2 6.05237 6.31574 23.1298 0.00235984 9.15828e-05 0.00335155 0.0041000146 0.0 12 13.7207162894 2.2372526798 0 0 0 2 8 2 0 0 0 6 
279 2 7.07593 8.31268 22.2836 -0.00526116 0.00136375 -8.3742e-04 0.0054991718 0.0 14 16.9102236145 2.2629924567 0 0 0 4 5 4 1 0 0 7 
197 2 8.85405 2.96923 25.3685 -5.43997e-04 0.00553362 -0.00115364 0.0056787119 0.0 13 11.6921611619 1.9338938724 0 0 1 3 4 4 1 0 0 7 
426 1 0.658191 4.60685 25.1422 -3.67971e-04 2.03873e-04 -6.46752e-04 7.7152770947e-04 0.0 17 22.1681686505 2.434622506 0 0 3 4 2 3 4 0 1 9 
585 1 2.23602 3.63204 22.7684 -0.00388446 0.00221597 8.53242e-04 0.0045527546 0.0 15 23.8746130696 2.4307972807 0 0 2 3 3 4 3 0 0 7 
64 1 4.66962 1.62304 21.945 -0.00149677 1.76736e-04 0.00415545 0.0044203304 0.0 16 22.2526932366 2.2179010713 0 0 0 4 4 8 0 0 0 6 
915 1 1.79803 6.51104 19.2865 0.00102666 -0.00176792 -0.00148256 0.0025253824 0.0 16 22.5635441641 2.3781791471 0 0 2 4 2 5 2 1 0 8 
144 2 5.32526 0.367831 24.9732 3.78117e-04 -7.71635e-04 0.00120702 0.0014816512 0.0 13 15.1995561212 2.1763605954 0 0 1 3 4 4 1 0 0 7 
228 2 4.42954 5.3222 21.5572 0.00102139 0.00220633 -6.49692e-04 0.0025165908 0.0 14 19.5274637256 2.3153219887 0 0 2 2 4 4 2 0 0 7 
433 2 5.96176 6.92575 20.6028 -6.08476e-04 -1.16289e-04 -3.31737e-04 7.0272015146e-04 0.0 13 17.4606027727 2.148093166 0 0 0 3 6 4 0 0 0 6 
765 2 5.24008 4.22395 23.8161 -0.00132383 -2.35577e-04 0.00152328 0.0020318475 0.0 14 14.6974211399 2.434622506 0 0 1 1 8 3 1 0 0 7 
971 2 6.34179 4.09161 21.8803 -0.00136377 -9.48993e-05 6.2097e-04 0.001501492 0.0 14 15.5582001432 2.2477272223 0 0 0 3 8 1 2 0 0 7 
70 2 8.2724 7.14877 19.4943 0.0034143 0.00123409 0.00153628 0.0039421541 0.0 13 15.3006922515 2.1364096791 0 0 1 3 5 2 2 0 0 7 
61 2 8.09767 5.69856 21.7619 9.02229e-04 -2.1633e-04 -7.41537e-04 0.001187726 0.0 12 13.0090930531 2.1920545647 0 0 0 2 8 2 0 0 0 6 
881 2 7.54268 0.0291696 24.0481 -0.00200216 0.00145014 -0.00310559 0.003969413 0.0 15 16.5360797935 2.2149181382 0 0 1 3 4 6 1 0 0 7 
651 1 0.431981 4.07349 19.9447 1.81582e-04 -0.00162367 0.00256953 0.0030449566 0.0 14 21.6941597007 2.3781791471 0 0 2 2 5 3 1 1 0 8 
345 2 9.29852 9.2539 26.2388 -0.0012549 -0.0017523 -8.68831e-04 0.0023238323 0.0 15 19.7422027186 2.1923642709 0 0 0 5 5 2 3 0 0 7 
1 2 6.84785 2.47784 23.7298 -0.00232961 -0.00595995 -0.00279895 0.0069844261 0.0 12 13.864507044 2.0489326842 0 0 0 3 6 3 0 0 0 6 
921 2 8.56387 6.76974 24.1737 -2.10862e-04 0.00100024 0.00133826 0.0016840079 0.0 15 13.3727481567 1.8644645522 0 0 0 3 6 6 0 0 0 6 
820 2 7.4597 5.01182 19.5855 0.00207351 0.00132447 -0.00120304 0.0027387898 0.0 15 19.7337573045 2.2816893769 0 0 1 3 4 6 1 0 0 7 
224 2 7.98089 6.63824 26.3873 3.70031e-04 -0.00240418 -0.00237227 0.0033977447 0.0 14 15.9588033612 2.1339020805 0 0 0 3 6 5 0 0 0 6 
2 2 14.7675 2.66537 17.7001 -0.00262444 -2.04323e-04 -0.00181463 0.0031972356 0.0 12 18.442966769 2.2192678253 0 0 1 3 5 1 2 0 0 7 
377 2 11.6866 7.07286 18.3906 -0.00264194 0.00387524 -0.00294894 0.0055401786 0.0 16 17.9149977823 2.1148064532 0 0 2 4 2 5 2 1 0 8 
520 1 8.68375 2.23561 17.6969 -7.03296e-04 0.00238347 0.00498457 0.0055696941 0.0 14 22.7434504148 2.2816893769 0 0 0 4 4 6 0 0 0 6 
988 2 9.78931 4.85725 0.246117 0.00106094 3.82363e-04 2.71856e-04 0.0011600435 0.0 13 16.0082936624 2.2092391762 0 0 1 2 5 5 0 0 0 6 
906 2 10.1583 4.76156 24.6863 0.003211 0.00343414 -0.00135595 0.0048931012 0.0 14 15.3809385452 2.4119712545 0 0 0 3 6 5 0 0 0 6 
423 2 9.3361 8.27537 21.2648 4.79382e-04 6.94179e-04 -0.00251741 0.0026550037 0.0 15 17.4774630477 2.2629924567 0 0 2 1 6 4 2 0 0 7 
28 1 12.5051 9.02305 26.5316 0.00312544 8.25041e-04 2.48946e-04 0.0032420737 0.0 15 23.1716858511 2.22941915 0 0 0 2 8 5 0 0 0 6 
134 1 16.9094 5.72557 24.1528 0.00279623 0.00415641 -0.00567175 0.007567258 0.0 15 20.1111545495 2.173692051 0 0 0 3 6 6 0 0 0 6 
241 1 17.3638 2.72606 23.5723 -0.00195878 -8.13316e-04 6.22491e-04 0.0022103839 0.0 13 20.2843521182 2.2751504014 0 0 0 3 6 4 0 0 0 6 
735 1 11.9466 26.303 19.2175 -0.00389284 0.00124821 -8.52155e-05 0.0040889477 0.0 15 21.9054211552 2.3901974743 0 0 4 2 1 4 3 1 0 8 
69 2 15.9596 4.75102 18.915 4.29572e-04 0.00304413 1.23632e-05 0.0030743149 0.0 17 20.2582247172 2.2608012842 0 0 1 3 5 6 2 0 0 7 
664 1 15.2373 0.837253 22.3985 9.49274e-04 0.00286976 -4.7981e-04 0.0030605328 0.0 13 22.2425793811 2.3189504252 0 0 1 0 9 3 0 0 0 6 
622 1 15.7566 26.69 19.6022 7.45459e-05 -0.00429092 -9.77943e-04 0.004401582 0.0 15 23.4128658537 2.3931123372 0 0 1 2 6 5 1 0 0 7 
378 2 8.97512 0.582551 26.1215 -0.00376851 0.00368271 0.00302072 0.0060736126 0.0 12 13.4844087154 2.0437759623 0 0 0 2 8 2 0 0 0 6 
673 1 10.3856 1.98699 20.5223 -3.50958e-04 -0.00123456 -4.54883e-04 0.0013617006 0.0 16 23.4942098323 2.2816893769 0 0 0 3 6 7 0 0 0 6 
99 2 9.94943 8.97724 19.1723 7.73558e-04 -5.20904e-04 -1.11276e-04 9.3920993647e-04 0.0 12 14.9991557293 2.1310928044 0 0 1 3 5 1 2 0 0 7 
16 2 13.7756 9.12416 18.0813 -0.00391256 0.00211621 -0.0014484 0.0046780694 0.0 13 14.2687037274 2.1285680116 0 0 0 4 4 5 0 0 0 6 
693 2 10.9543 7.83468 23.9153 5.9558e-04 -0.00104989 3.52543e-04 0.001257486 0.0 14 18.8359965255 2.2486202556 0 0 0 2 8 4 0 0 0 6 
46 2 10.0015 5.69314 20.0524 -6.01104e-04 -4.52281e-04 9.1347e-04 0.0011833476 0.0 15 17.9324361982 2.2816893769 0 0 2 3 3 5 1 1 0 8 
734 1 13.4869 1.69182 20.1883 -0.00400601 0.00586059 -1.49975e-04 0.0071005017 0.0 14 21.6723209435 2.2978214621 0 0 0 3 7 3 1 0 0 7 
82 1 11.8105 3.55414 18.6685 -0.00187054 0.00132446 -0.00265316 0.0035060479 0.0 14 20.7459663973 2.2564887216 0 0 4 1 4 2 0 3 0 8 
803 1 14.0903 6.53769 23.82 -0.00404711 9.73744e-04 0.00167304 0.0044862389 0.0 17 22.0939669787 2.4119712545 0 0 1 4 4 5 3 0 0 7 
169 1 14.8342 3.70487 24.8181 -0.00135567 -8.87649e-04 -0.00183692 0.0024494973 0.0 15 21.5262966676 2.3388351156 0 0 0 3 6 6 0 0 0 6 
739 1 15.8205 6.70371 21.7131 5.89416e-06 0.00336882 -0.00367399 0.0049846951 0.0 13 19.7986023405 2.2608012842 0 0 1 1 9 0 2 0 0 7 
156 1 12.6411 7.7881 21.399 -0.00370746 0.00244231 -4.70312e-04 0.0044644519 0.0 15 22.0550406833 2.1958680172 0 0 0 5 4 4 2 0 0 7 
450 2 11.2752 2.42561 25.7536 -0.00433549 -4.97733e-04 -0.00289315 0.0052358885 0.0 15 18.2735503202 2.1707368533 0 0 1 3 5 4 2 0 0 7 
434 2 16.9027 8.02542 18.7901 6.35698e-04 -0.0011017 0.0013529 0.0018569311 0.0 16 17.7474183046 2.2608012842 0 0 1 3 4 7 1 0 0 7 
602 2 10.1801 7.06919 26.0162 0.00159076 0.00189827 1.68569e-05 0.0024767379 0.0 11 15.1263577239 2.22941915 0 0 2 2 3 3 1 0 0 7 
391 2 14.17 6.97127 18.8338 -0.00197724 -7.95465e-04 -3.19586e-04 0.0021550819 0.0 12 17.1582580799 2.1171013969 0 0 1 2 5 4 0 0 0 6 
927 1 15.2798 3.96825 22.1181 0.00576549 -7.99129e-05 -1.85212e-05 0.0057660735 0.0 12 20.1611723985 2.225944851 0 0 0 0 12 0 0 0 0 5 
36 2 9.08096 3.45887 22.9235 0.00178873 -0.00135343 -0.0030766 0.0038074657 0.0 14 15.6847226545 2.2709930984 0 0 0 4 4 6 0 0 0 6 
552 2 10.243 5.42033 22.46 -9.11875e-04 -0.00147793 -0.00160218 0.0023627894 0.0 12 17.2941664294 2.4119712545 0 0 0 2 8 2 0 0 0 6 
889 1 12.5865 2.6461 22.8718 -0.00301633 -1.33743e-04 -0.00123431 0.0032618484 0.0 15 22.3633690839 2.4119712545 0 0 0 2 8 5 0 0 0 6 
386 2 10.0433 1.53961 23.7741 0.00130917 -2.75665e-04 0.0013292 0.0018859189 0.0 15 17.4403737961 2.1256187991 0 0 0 3 6 6 0 0 0 6 
873 1 12.9695 4.85142 20.8332 0.00111067 0.00143459 -0.00234059 0.0029614182 0.0 15 22.90965038 2.3558463469 0 0 2 1 7 3 1 1 0 8 
789 1 13.1111 0.56593 24.5651 0.00103716 3.14566e-04 -0.00392818 0.0040749541 0.0 15 21.4192025294 2.3388351156 0 0 5 1 2 2 3 2 0 8 
27 1 12.9792 5.31883 26.0437 -0.00102802 -0.00174758 -1.04434e-05 0.0020275527 0.0 15 22.974389688 2.3998295233 0 0 0 4 5 5 1 0 0 7 
464 1 15.2778 7.94272 26.0378 0.00263679 1.73051e-04 0.00158987 0.0030838766 0.0 13 20.2457001802 2.2795816629 0 0 0 3 6 4 0 0 0 6 
582 2 20.2357 5.2528 17.4908 -6.79565e-04 7.1524e-04 5.3644e-06 9.8661320872e-04 0.0 15 14.2442940688 2.2428804978 0 0 0 1 10 4 0 0 0 6 
154 1 23.3863 8.21381 21.0602 0.00163312 7.3786e-04 -0.00223371 0.0028637351 0.0 15 21.8577714807 2.3816412733 0 0 1 3 4 6 1 0 0 7 
993 1 23.9051 4.51378 20.5523 -0.00322909 0.00113058 -2.36949e-04 0.0034294866 0.0 14 23.1056308967 2.227631377 0 0 0 2 8 4 0 0 0 6 
240 1 24.3011 1.05565 24.8747 -0.00377549 0.00245112 -1.9147e-04 0.0045054384 0.0 13 22.2580694447 2.3573190159 0 0 0 3 6 4 0 0 0 6 
168 1 18.5683 5.16402 21.6018 -0.0035314 -1.33619e-04 -9.88768e-06 0.0035339408 0.0 14 20.9825679432 2.2608012842 0 0 0 4 4 6 0 0 0 6 
599 1 25.0049 1.65972 20.1835 0.00270174 0.00207355 0.00158736 0.0037574886 0.0 14 21.1548620313 2.3732445412 0 0 0 3 6 5 0 0 0 6 
34 1 20.3161 3.64696 23.4893 0.00396634 5.09418e-04 -7.00108e-04 0.0040597427 0.0 15 18.6847529796 2.1554375594 0 0 1 5 1 6 2 0 0 7 
18 1 19.8389 1.13395 22.3552 0.001227 -2.78008e-04 -0.00336951 0.0035967228 0.0 14 21.0775858471 2.3193174381 0 0 2 2 4 4 2 0 0 7 
542 1 26.0689 3.00457 22.7691 0.00292687 0.00227895 0.00175087 0.0041019175 0.0 14 21.4324104573 2.1411238206 0 0 1 3 4 5 1 0 0 7 
393 1 21.8595 0.927671 20.1486 0.00135507 0.00341391 0.00189963 0.0041351651 0.0 14 21.3411766379 2.2979804791 0 0 0 4 4 6 0 0 0 6 
246 1 18.4533 7.93188 21.9275 5.78066e-04 -1.31299e-04 -0.00247906 0.0025489485 0.0 14 20.3358115572 2.188368952 0 0 0 3 6 5 0 0 0 6 
794 1 19.2903 1.37419 25.2361 -0.00602479 0.0031875 -0.00134389 0.0069472506 0.0 13 18.8344604934 2.0811044779 0 0 0 1 10 2 0 0 0 6 
929 1 22.0628 5.20301 26.624 3.00575e-04 0.00109515 8.64169e-04 0.0014270553 0.0 15 21.654923183 2.3192654233 0 0 1 3 5 4 2 0 0 7 
907 1 25.8191 6.78954 20.0232 3.61279e-04 -3.64448e-04 0.00477999 0.0048074577 0.0 12 20.9737733681 2.3806287445 0 0 1 2 6 2 1 0 0 7 
922 1 17.3661 2.51818 20.7424 -2.19041e-04 -0.00310912 0.00170131 0.0035509241 0.0 16 23.1471434662 2.319403741 0 0 0 3 6 7 0 0 0 6 
903 1 22.8592 2.31606 22.3789 -0.00661243 0.00211743 -4.60351e-04 0.0069584239 0.0 14 20.7550786666 2.1411238206 0 0 1 3 4 5 1 0 0 7 
347 2 21.506 7.42392 18.1573 0.0021868 0.00123984 0.00230634 0.0034115248 0.0 12 15.7364676048 2.228487807 0 0 1 3 4 3 1 0 0 7 
68 1 25.7398 8.81188 22.9417 0.00283747 0.00185906 -8.77625e-04 0.0035039357 0.0 15 22.3006693361 2.3143680107 0 0 0 4 4 7 0 0 0 6 
4 1 20.8899 3.7362 20.5779 0.00245783 -0.00137691 -0.00306103 0.0041601339 0.0 16 20.793114577 2.319403741 0 0 1 3 5 5 2 0 0 7 
325 1 21.117 6.34953 21.26 6.03736e-04 -4.80231e-04 9.47398e-04 0.0012217536 0.0 14 20.7004343695 2.2428804978 0 0 0 3 7 3 1 0 0 7 
480 1 21.8873 8.19247 23.2292 0.0051381 0.00231115 5.04586e-04 0.0056565089 0.0 14 20.3710057579 2.2701108015 0 0 1 4 3 4 2 0 0 7 
508 1 26.2414 26.6337 22.8478 -0.00347966 -0.00254587 6.24252e-04 0.0043565099 0.0 14 20.0949769969 2.1411238206 0 0 1 1 8 3 1 0 0 7 
199 2 18.5882 4.17407 18.6733 3.19948e-05 -0.00145093 -8.08006e-04 0.0016610524 0.0 11 15.5955133702 2.1625956355 0 0 0 2 8 1 0 0 0 6 
205 2 19.2993 6.91375 18.8873 -9.18728e-04 3.1856e-04 -0.00136129 0.0016729172 0.0 14 16.7205862383 2.2576498343 0 0 1 3 4 5 1 0 0 7 
307 1 22.8802 4.98496 23.4758 2.01586e-04 8.99247e-05 -0.00167197 0.0016864777 0.0 14 21.4714918108 2.2633666651 0 0 0 4 4 6 0 0 0 6 
878 1 18.8289 4.15636 25.7547 2.56662e-04 -0.00214113 0.00247857 0.0032853649 0.0 13 20.6294097377 2.3062933336 0 0 0 3 6 4 0 0 0 6 
463 1 20.1657 6.26463 24.1747 0.003071 0.0025055 0.00162494 0.0042835734 0.0 13 20.1371025055 2.173692051 0 0 0 3 6 4 0 0 0 6 
855 1 23.8268 0.290038 17.9717 -0.0022703 -0.00240156 -0.0040993 0.0052655496 0.0 16 22.4140067671 2.3588731755 0 0 0 4 4 8 0 0 0 6 
388 1 25.7031 5.84811 22.6142 0.00191879 7.19161e-04 3.2881e-04 0.0020753466 0.0 16 23.4356294496 2.3781791471 0 0 3 3 1 6 2 1 0 8 
447 1 24.1877 7.16724 25.2641 0.00166778 7.65522e-04 -6.22611e-04 0.0019378231 0.0 14 20.8511541781 2.2701108015 0 0 1 3 5 3 2 0 0 7 
51 1 24.7944 3.87602 25.3925 -0.00198085 -0.00318519 -0.00277696 0.0046669807 0.0 14 20.4480794806 2.1324934316 0 0 1 4 3 4 2 0 0 7 
653 1 18.345 7.07351 26.3997 -2.07188e-04 0.00400693 0.00289205 0.0049459446 0.0 14 23.5069175964 2.3192654233 0 0 1 2 6 4 1 0 0 7 
85 1 22.1877 2.68062 25.3939 -4.40113e-04 -6.31633e-04 0.00252202 0.0026369006 0.0 14 20.717225704 2.3654505163 0 0 1 3 4 5 1 0 0 7 
849 1 2.76552 9.12893 26.0779 -0.00188166 5.36838e-04 -3.25854e-04 0.0019836885 0.0 16 22.6095871976 2.4018442754 0 0 1 4 3 6 2 0 0 7 
97 1 7.35408 11.528 25.94 -0.00152315 0.00209636 0.00361924 0.0044512481 0.0 13 20.5900443786 2.1937833249 0 0 0 3 6 4 0 0 0 6 
759 1 4.75134 12.6 18.4846 -0.00138943 -0.00113749 -5.55449e-04 0.0018796071 0.0 13 19.8114686788 2.1541616005 0 0 3 2 3 2 2 1 0 8 
427 1 1.16646 12.9278 18.8555 6.78706e-04 0.00357145 0.00109967 0.0037980483 0.0 16 24.0039321466 2.2224995455 0 0 2 4 4 1 4 1 0 8 
897 1 9.622 12.9952 17.8387 -3.33729e-04 3.84605e-04 0.00142052 0.0015090305 0.0 14 22.0183616153 2.2136771066 0 0 1 4 4 3 1 1 0 8 
511 1 4.14158 17.9335 18.4619 2.86779e-05 -3.22923e-04 6.56099e-04 7.3182483128e-04 0.0 15 21.6177235966 2.2565034681 0 0 0 3 6 6 0 0 0 6 
934 1 7.79583 14.4258 23.9513 0.0011985 0.00191721 -0.00311679 0.0038505164 0.0 13 21.3684071054 2.1917652048 0 0 0 5 2 6 0 0 0 6 
583 1 1.51694 10.0501 18.2389 0.00225309 3.59575e-04 0.00116567 0.0025621271 0.0 13 21.6722207852 2.2224995455 0 0 0 2 8 3 0 0 0 6 
506 1 5.79219 17.0709 23.2955 0.00101542 0.00143056 -0.00262696 0.0031588762 0.0 15 21.9039173091 2.3955047961 0 0 1 2 6 5 1 0 0 7 
597 1 2.38799 11.8971 25.6248 -5.78248e-04 0.00145632 0.00284106 0.0032445124 0.0 13 20.4711576899 2.1471533582 0 0 0 2 8 3 0 0 0 6 
402 1 3.10848 11.1736 20.0404 5.92956e-04 -6.94509e-04 6.72421e-04 0.0011340589 0.0 16 20.7170055722 2.2212384103 0 0 1 5 3 4 2 1 0 8 
632 1 4.75297 10.7315 24.3173 0.00274048 6.59829e-04 -9.38884e-04 0.002971045 0.0 15 22.1166943018 2.4018442754 0 0 1 4 4 3 3 0 0 7 
810 1 4.9518 14.0168 24.4323 0.00334749 0.00577733 0.00375547 0.0076607301 0.0 15 22.0822126696 2.4079720271 0 0 1 3 4 6 1 0 0 7 
543 1 6.98176 16.6186 25.9047 -0.00515659 -0.00154686 -0.00117613 0.0055105787 0.0 16 22.4629121239 2.2648165871 0 0 2 4 2 4 4 0 0 7 
814 1 3.77473 14.9505 19.9753 0.00241306 -0.00247959 0.00307197 0.0046269023 0.0 15 21.8450172919 2.2212384103 0 0 1 4 3 5 2 0 0 7 
472 1 1.65742 14.8406 25.2834 0.0015189 -8.56233e-04 -5.10086e-04 0.0018166948 0.0 16 23.640294698 2.4104459929 0 0 0 4 6 4 2 0 0 7 
604 1 1.53222 16.7696 19.975 -3.50545e-04 2.24786e-04 0.00850941 0.0085195932 0.0 16 21.8985731681 2.2496529932 0 0 0 5 2 9 0 0 0 6 
767 1 3.87054 8.89361 22.2624 -0.00239274 0.00147287 0.00113111 0.0030288547 0.0 16 21.9068890619 2.4018442754 0 0 0 4 6 4 2 0 0 7 
932 1 5.66277 10.8696 21.2491 -0.00175381 0.00145371 -2.13069e-04 0.0022879075 0.0 13 21.6120523147 2.2569323197 0 0 0 6 2 3 2 0 0 7 
417 1 2.99854 12.661 22.6878 0.00168371 -0.00206498 -0.00197395 0.0033159464 0.0 15 23.0543038636 2.2212384103 0 0 1 3 6 3 1 1 0 8 
631 1 0.788338 14.3431 21.6065 -0.00347526 2.80447e-04 7.10473e-04 0.0035582094 0.0 14 21.8916304598 2.2205948442 0 0 1 3 5 3 2 0 0 7 
335 1 3.33742 15.7399 22.6151 -5.90268e-05 0.00566305 0.00199191 0.0060034428 0.0 14 21.0969782051 2.4104459929 0 0 1 2 6 4 1 0 0 7 
769 1 1.62214 9.94315 23.4704 -0.00165173 0.00138796 -3.90705e-04 0.0021925545 0.0 13 20.6744458179 2.1151904226 0 0 0 4 4 5 0 0 0 6 
297 2 6.99028 8.63879 24.5978 0.00288945 5.62912e-05 0.00226593 0.003672401 0.0 13 17.5094171296 2.354249934 0 0 1 4 3 3 2 0 0 7 
608 1 8.66032 17.4893 23.4556 7.00255e-04 -0.00407868 -7.9376e-05 0.0041391168 0.0 15 23.0857548233 2.2648165871 0 0 1 3 5 4 2 0 0 7 
957 2 9.43099 9.48222 23.783 0.00137404 0.00322726 -0.00168779 0.0038925349 0.0 14 17.3233125407 2.1950060043 0 0 1 3 5 3 2 0 0 7 
645 1 7.21912 13.3502 19.4385 0.00187143 -4.1912e-04 -6.95659e-04 0.0020400621 0.0 12 21.4647495147 2.1950786071 0 0 0 2 8 2 0 0 0 6 
424 1 5.79771 13.801 21.7669 -7.84612e-04 -0.00516577 -0.00432346 0.0067818214 0.0 15 21.6871364454 2.2146977037 0 0 0 5 3 6 1 0 0 7 
832 1 8.7728 15.7706 17.702 -3.2788e-04 0.00167572 2.1487e-04 0.0017209625 0.0 14 23.2123598732 2.288458495 0 0 0 2 8 4 0 0 0 6 
280 1 9.1174 11.624 20.7204 0.00251786 -0.00151376 0.00258891 0.0039158069 0.0 16 22.9045033743 2.2629924567 0 0 0 4 6 4 2 0 0 7 
237 1 5.97878 16.739 20.3932 -9.04187e-04 -0.00109822 -0.00356265 0.0038361591 0.0 14 22.498175534 2.2834347477 0 0 0 2 8 4 0 0 0 6 
615 1 7.55587 11.5676 23.2951 0.00109279 -0.00391526 -0.00388781 0.0056248127 0.0 14 20.7474132542 2.2146977037 0 0 1 5 1 5 2 0 0 7 
956 1 8.84747 15.0652 21.1877 -0.00268971 -7.05521e-05 -2.0702e-04 0.0026985875 0.0 16 24.0971365218 2.2146977037 0 0 0 3 6 7 0 0 0 6 
963 1 6.72154 10.1771 18.7573 -0.00167777 -0.00150686 -0.00100922 0.0024706405 0.0 18 25.0749777694 2.2629924567 0 0 0 3 8 5 2 0 0 7 
595 1 11.4164 15.9207 18.7019 0.00275196 0.00166206 0.00255674 0.0041076327 0.0 15 22.9633142952 2.1949648995 0 0 0 4 4 7 0 0 0 6 
658 2 16.3427 10.281 18.2737 0.00280122 -6.60517e-04 -6.50276e-04 0.0029505889 0.0 13 15.1201845746 2.1308055415 0 0 1 4 2 5 1 0 0 7 
540 1 14.74 11.3315 25.6206 0.00110786 -0.0020502 -0.00478393 0.0053213401 0.0 15 21.4973693416 2.3011268098 0 0 1 0 10 3 1 0 0 7 
385 2 10.8711 18.172 26.7006 -0.0039887 -1.26105e-06 -1.32006e-04 0.003990884 0.0 15 16.5806364211 2.2648165871 0 0 0 5 5 2 3 0 0 7 
263 1 13.5282 17.2836 20.9843 -0.00267698 -8.4781e-04 2.12874e-04 0.0028160822 0.0 13 20.8840451411 2.3203582597 0 0 1 2 6 3 1 0 0 7 
499 2 12.7205 16.4362 0.333091 2.123e-04 -1.25989e-04 0.00410885 0.0041162596 0.0 14 19.4883806179 2.3779637809 0 0 0 3 7 3 1 0 0 7 
47 1 11.6333 15.5253 21.8783 -1.9917e-04 -0.00317603 3.9999e-04 0.0031973324 0.0 13 20.6326946996 2.1949648995 0 0 0 3 6 4 0 0 0 6 
66 1 9.39673 17.8261 20.4061 3.64104e-04 0.0015763 -6.2456e-05 0.0016190102 0.0 13 21.2672683827 2.1798222901 0 0 0 1 10 2 0 0 0 6 
877 1 14.0928 14.3143 18.4489 0.00272574 2.98452e-04 -5.20646e-04 0.0027910221 0.0 14 21.6155716573 2.2289823926 0 0 2 2 3 6 1 0 0 7 
268 1 11.6143 13.0522 20.1366 -0.00103469 0.00381152 -1.46842e-05 0.0039494916 0.0 14 22.5212479092 2.2514545148 0 0 1 1 8 3 1 0 0 7 
218 1 10.1687 13.0072 23.1835 0.00214394 0.00202977 -0.00233547 0.003764421 0.0 12 19.9466107544 2.2668238657 0 0 0 3 6 3 0 0 0 6 
492 2 11.8463 10.1233 18.6779 0.00143169 -0.00124257 -0.00342988 0.003918902 0.0 14 17.5587670744 2.2121622265 0 0 1 2 6 4 1 0 0 7 
796 1 14.3537 17.4529 18.1527 -4.51658e-04 0.00219347 -0.00391266 0.0045082384 0.0 14 21.8196647268 2.228749865 0 0 1 1 7 5 0 0 0 6 
311 1 10.6326 15.6682 24.5348 5.72595e-04 -6.91816e-04 -0.00488649 0.0049683256 0.0 15 23.7488104941 2.3153506362 0 0 1 3 4 6 1 0 0 7 
840 1 13.8792 15.947 23.7578 0.00151622 -0.00214856 -8.1362e-04 0.0027526734 0.0 14 20.1982074148 2.2714761689 0 0 1 1 8 3 1 0 0 7 
194 1 16.5211 8.61913 23.7352 -3.07745e-04 0.00249258 -0.00755486 0.00796138 0.0 14 20.5375464044 2.1726867502 0 0 0 2 8 4 0 0 0 6 
302 1 14.1794 11.7628 19.9568 -0.00126544 -0.00212136 0.0028256 0.0037530683 0.0 16 21.9024745878 2.2514545148 0 0 2 4 2 4 4 0 0 7 
186 1 15.1291 9.18705 21.0546 -0.00156587 0.00324349 0.00112035 0.0037719173 0.0 15 20.1974670031 2.1958680172 0 0 1 6 1 3 4 0 0 7 
478 1 13.7318 13.9081 26.1231 0.00331224 -0.00356505 0.00175501 0.0051730625 0.0 15 24.7357872749 2.3779637809 0 0 2 3 2 6 2 0 0 7 
455 1 14.7108 14.579 21.0794 6.65078e-04 0.00373701 1.44474e-04 0.0037984793 0.0 15 21.1636426983 2.1949648995 0 0 1 1 9 2 2 0 0 7 
29 1 15.7766 11.7364 22.5525 0.00121414 -2.15429e-04 -0.00168956 0.002091688 0.0 13 20.2299654505 2.2024060051 0 0 1 2 6 3 1 0 0 7 
500 1 13.1153 13.1635 23.1541 -2.10186e-04 0.00378345 -0.00157601 0.004103959 0.0 15 21.7411425901 2.311520923 0 0 0 3 6 6 0 0 0 6 
530 1 11.6007 10.6332 21.7722 0.00202193 0.00267735 0.00335294 0.00474327 0.0 15 21.5985346246 2.2024060051 0 0 1 2 6 5 1 0 0 7 
262 1 13.7365 9.56566 23.456 0.00122683 0.00268436 -0.00488016 0.0057032326 0.0 14 20.9248509032 2.1988955156 0 0 2 3 3 3 3 0 0 7 
253 1 11.5982 11.2896 24.8319 -3.35793e-04 0.00206501 -0.00315981 0.0037896467 0.0 13 21.9590800925 2.2962395987 0 0 0 3 7 2 1 0 0 7 
63 1 15.8221 13.9217 24.3283 7.40631e-04 -0.00276982 -6.79094e-04 0.0029464565 0.0 15 19.8203741216 2.2854796457 0 0 1 4 4 5 0 0 1 9 
266 1 16.4057 16.6661 23.1409 1.6152e-04 -3.52442e-04 -0.00181017 0.0018512211 0.0 15 23.5098077045 2.3203582597 0 0 2 1 6 4 2 0 0 7 
381 2 16.8297 13.0176 19.2586 0.0029928 -4.49859e-04 -0.00108979 0.0032166547 0.0 13 18.0498058759 2.1488568703 0 0 0 3 6 4 0 0 0 6 
469 1 9.73031 13.1945 25.9481 6.7463e-04 0.0017487 -9.20498e-04 0.0020881556 0.0 16 23.7717617878 2.3675043541 0 0 0 5 3 7 1 0 0 7 
538 2 16.8953 16.0952 19.4592 -0.00199692 -0.00293592 0.00660928 0.0075026594 0.0 15 20.8708529011 2.3203582597 0 0 0 2 8 5 0 0 0 6 
113 2 17.3581 13.9266 16.8453 -0.00274927 -0.00174491 0.00221466 0.0039380091 0.0 14 15.4100936406 2.0809933939 0 0 1 2 6 4 1 0 0 7 
383 1 17.4271 14.5845 26.4143 -0.00351928 -0.001591 -0.00164762 0.0041989599 0.0 17 24.0512193202 2.3011268098 0 0 4 2 4 3 2 0 2 9 
758 2 18.9447 9.41352 18.4992 6.59839e-04 -1.56012e-04 -6.14112e-04 9.148009612e-04 0.0 16 14.7642316089 2.1276420009 0 0 2 5 2 2 4 1 0 8 
62 1 20.8429 9.478 20.8811 -3.69335e-04 -0.00154995 -2.30957e-04 0.0016099983 0.0 15 21.9218603514 2.2516579249 0 0 0 3 7 4 1 0 0 7 
77 1 26.5709 13.1023 23.8999 0.0045106 0.00197318 0.001183 0.0050634416 0.0 14 21.0682580773 2.319042331 0 0 0 4 4 6 0 0 0 6 
558 2 21.2732 16.3443 17.809 7.90867e-04 0.00197149 5.82248e-04 0.0022025567 0.0 13 13.6976712629 2.1771987889 0 0 0 3 6 4 0 0 0 6 
601 2 24.8258 12.8356 19.0577 -0.00180912 0.00557839 0.00109326 0.0059654478 0.0 15 17.8370020868 2.2091382191 0 0 1 3 6 2 3 0 0 7 
989 2 20.8349 14.9436 20.0231 1.46948e-04 -0.00224595 -0.00174301 0.0028467471 0.0 13 14.5988689623 2.2114850442 0 0 0 3 6 4 0 0 0 6 
408 1 26.5331 11.306 21.4596 5.24363e-04 0.00152906 2.90765e-04 0.0016424145 0.0 14 22.9721186234 2.319042331 0 0 0 4 4 6 0 0 0 6 
555 1 26.3989 10.8429 25.5829 0.00268199 5.28801e-04 0.0041545 0.0049731852 0.0 14 20.891186624 2.319042331 0 0 0 2 8 4 0 0 0 6 
81 2 25.1746 16.377 22.2001 8.12747e-04 0.00337788 0.00288238 0.0045142824 0.0 13 18.0943754214 2.2381972362 0 0 0 5 3 4 1 0 0 7 
548 2 19.6164 17.671 16.5279 -7.80722e-04 -0.0035098 -1.55194e-04 0.0035989315 0.0 12 17.3449220832 2.2369779341 0 0 0 3 6 3 0 0 0 6 
925 1 17.4339 14.0584 22.0273 0.00131585 -0.00196475 0.00292582 0.0037619312 0.0 14 21.769924465 2.3078662065 0 0 0 3 6 5 0 0 0 6 
74 1 20.0918 14.2342 23.4875 -0.00416339 4.00554e-04 0.00125797 0.0043676937 0.0 14 22.2180943407 2.3188442574 0 0 0 3 7 3 1 0 0 7 
133 1 19.5198 9.17108 24.2813 -0.00179265 -4.44008e-04 -0.00394217 0.0043533253 0.0 14 22.3233149809 2.3148805152 0 0 0 3 6 5 0 0 0 6 
619 1 23.4846 10.2451 24.9665 0.00143935 -0.00437663 0.00209861 0.0050626853 0.0 13 20.7303690987 2.2738673153 0 0 0 3 6 4 0 0 0 6 
751 2 23.4687 16.952 19.0129 -0.00311544 4.63716e-04 9.64223e-05 0.0031512372 0.0 12 14.5345915689 2.2158138601 0 0 0 3 6 3 0 0 0 6 
977 2 22.4592 9.49699 18.1634 -0.00282774 -0.0039114 0.00176442 0.0051389047 0.0 14 16.7739037685 2.395894996 0 0 2 2 5 3 1 1 0 8 
778 2 23.2076 14.505 18.8426 -0.00168069 -0.00105082 -0.0055375 0.0058815685 0.0 15 12.6713482717 1.8255432131 0 0 0 4 6 3 2 0 0 7 
151 2 18.9939 16.8135 18.9147 0.00433584 -0.00400178 -0.00177013 0.0061601227 0.0 13 16.2230736402 2.18785797 0 0 0 3 6 4 0 0 0 6 
468 1 25.4147 9.6597 19.4617 7.0505e-04 7.72367e-04 0.00213907 0.0023810222 0.0 16 23.0637800251 2.395894996 0 0 0 3 7 5 1 0 0 7 
120 1 19.1855 16.5898 22.0468 -5.65578e-04 -0.00273407 3.78507e-04 0.0028174962 0.0 14 20.8684893813 2.2654691846 0 0 0 3 6 5 0 0 0 6 
245 1 19.0263 16.5183 25.063 0.00476593 -0.00593485 -0.00248088 0.0080057041 0.0 15 21.9710161053 2.2907073109 0 0 1 3 6 2 3 0 0 7 
103 2 20.662 11.0137 18.1121 0.00226917 5.89594e-04 -0.00335829 0.004095713 0.0 12 13.1294201718 2.1185572638 0 0 1 2 5 4 0 0 0 6 
43 1 22.1138 16.9372 26.6598 -3.4539e-04 2.57782e-04 -8.08807e-04 9.1646853458e-04 0.0 15 22.4044909921 2.3343845286 0 0 0 5 4 4 2 0 0 7 
216 1 26.6483 13.4206 0.00156134 -0.00107066 -0.00231181 -0.00114647 0.0027937738 0.0 13 19.6775293651 2.116615679 0 0 0 3 6 4 0 0 0 6 
550 2 26.0132 14.9685 17.6003 5.73115e-04 -0.00437611 -0.00345901 0.0056074548 0.0 14 16.5657586552 2.2021854379 0 0 2 2 4 4 2 0 0 7 
184 2 20.4849 12.7003 20.4246 -0.00178944 -0.00130348 -0.00287711 0.0036302779 0.0 16 18.1613681439 2.3362287779 0 0 0 4 5 6 1 0 0 7 
563 2 25.3994 15.9081 19.729 -2.87679e-04 -0.00300427 4.01816e-04 0.0030446434 0.0 12 14.2097360378 2.1687875914 0 0 0 2 8 2 0 0 0 6 
164 1 17.9267 10.6103 21.3245 0.00110524 4.72148e-04 -0.00508354 0.0052236824 0.0 16 23.544675367 2.3362287779 0 0 0 5 3 7 1 0 0 7 
436 2 22.5487 11.7864 19.5433 0.00211807 0.00332324 7.5686e-04 0.0040128521 0.0 13 15.3987222162 2.0819048476 0 0 1 2 6 3 1 0 0 7 
594 1 18.0402 11.9104 24.2219 0.00118187 8.37807e-04 0.00210709 0.0025570619 0.0 16 24.0497075842 2.3362287779 0 0 1 3 6 3 3 0 0 7 
756 2 18.8187 14.1377 19.007 -6.19114e-04 0.00284096 -2.69074e-04 0.0029200611 0.0 14 14.7365914673 2.0891966204 0 0 1 3 4 5 1 0 0 7 
35 2 24.5237 14.1303 21.3293 7.54728e-04 0.00235047 0.00238788 0.0034345734 0.0 14 17.4697122426 2.1801488902 0 0 1 3 5 3 2 0 0 7 
747 2 22.2298 13.7617 21.2957 0.0024773 -8.03408e-04 0.00115064 0.0028471832 0.0 13 15.5223252956 2.1871448767 0 0 1 2 6 3 1 0 0 7 
644 2 23.0295 15.912 20.9725 5.19394e-04 -0.0026035 -0.00126184 0.0029394255 0.0 15 15.757221632 2.2654691846 0 0 0 3 6 6 0 0 0 6 
493 1 20.9736 14.0464 26.0307 0.00129191 -7.61523e-04 0.00212723 0.0026027017 0.0 13 21.2892973516 2.2061230982 0 0 0 4 4 5 0 0 0 6 
581 1 25.4036 15.6355 25.208 -0.00518958 -0.00453995 0.00256948 0.0073583364 0.0 16 20.9131851033 2.1801488902 0 0 1 3 4 7 1 0 0 7 
379 1 21.3587 11.5369 23.7818 -0.00393801 2.5068e-04 -0.00128997 0.00415148 0.0 15 23.2416734349 2.3362287779 0 0 1 3 4 6 1 0 0 7 
93 1 22.8263 15.4269 24.1121 9.92673e-04 0.00359415 -0.00343358 0.0050688051 0.0 14 20.1250639016 2.2578681938 0 0 0 4 4 6 0 0 0 6 
628 1 23.9373 12.9219 24.6774 7.81012e-04 -0.0014382 -0.00121318 0.0020372051 0.0 14 21.4679896119 2.2911374979 0 0 0 2 8 4 0 0 0 6 
806 1 23.6125 10.87 22.0794 4.35089e-04 -0.00224315 1.69224e-04 0.0022912139 0.0 16 22.0785551547 2.319042331 0 0 0 3 7 5 1 0 0 7 
456 1 7.2756 18.8501 19.0697 3.16198e-04 -3.85505e-04 3.9142e-05 5.0012736017e-04 0.0 14 22.0976151107 2.4440304083 0 0 0 3 6 5 0 0 0 6 
930 1 3.71296 23.285 22.8295 0.00178678 -0.00359133 -0.00446475 0.0060020185 0.0 16 22.0741208842 2.3294288796 0 0 1 2 6 6 1 0 0 7 
705 1 1.87556 19.8042 19.6917 -2.2288e-04 -0.00166956 0.00210904 0.0026991028 0.0 13 22.0010625347 2.3938319143 0 0 1 3 5 2 2 0 0 7 
399 1 6.39461 22.1663 21.5316 -0.00202203 5.37667e-04 -8.35424e-04 0.0022529146 0.0 14 23.0950458699 2.2809387907 0 0 0 3 6 5 0 0 0 6 
38 1 1.04071 24.2803 23.0891 0.00111597 -0.00353944 -0.00351089 0.0051087546 0.0 13 22.0034660376 2.2433336325 0 0 0 3 6 4 0 0 0 6 
671 1 1.9623 25.5757 20.6666 -0.00231307 -2.62827e-04 -0.0015339 0.0027878702 0.0 16 22.0329551197 2.2626575252 0 0 1 3 6 4 1 1 0 8 
953 1 1.20085 22.5402 19.8486 -1.59737e-04 0.00275706 0.00502181 0.0057310969 0.0 16 23.577382787 2.4029993161 0 0 2 3 4 4 2 1 0 8 
845 2 7.57692 24.1372 23.9243 -8.82725e-04 8.46657e-04 0.00247342 0.0027593184 0.0 14 17.0139088006 2.1872711473 0 0 0 4 4 6 0 0 0 6 
707 1 4.51565 20.7535 19.8849 0.00202617 -0.00122772 -0.00223591 0.0032575995 0.0 15 22.0775210441 2.3294288796 0 0 0 1 10 4 0 0 0 6 
685 1 5.07791 25.6035 22.2608 0.00202186 -3.24356e-04 9.51682e-04 0.0022580574 0.0 14 21.5828948997 2.2149181382 0 0 1 3 5 3 2 0 0 7 
274 1 7.02735 25.0475 20.0808 0.00247401 3.40352e-04 -0.00195723 0.0031729031 0.0 14 22.7289182423 2.2605623336 0 0 1 3 5 3 2 0 0 7 
748 2 2.42189 18.8487 23.6935 -4.68576e-04 0.00157361 5.5839e-05 0.001642842 0.0 12 14.6438154572 2.2687591391 0 0 0 3 6 3 0 0 0 6 
900 2 5.40105 24.5866 24.9911 -0.00116442 7.58863e-04 3.04617e-04 0.0014228628 0.0 14 16.2143683746 2.2359190503 0 0 1 4 2 6 1 0 0 7 
987 2 2.47089 23.1569 25.7385 0.00259569 -0.00189568 -0.00119377 0.0034287456 0.0 15 18.4104218363 2.2342026558 0 0 2 4 3 1 5 0 0 7 
158 2 1.30225 20.8396 22.6103 0.00197583 -0.00260364 0.00106859 0.0034387105 0.0 16 21.4749629532 2.4029993161 0 0 2 1 8 2 2 1 0 8 
31 1 7.25026 22.2316 18.1404 -0.0033811 0.0016681 -0.00295944 0.0047929824 0.0 16 24.6453162539 2.4455888177 0 0 0 4 5 6 1 0 0 7 
517 2 6.14447 22.1382 24.6479 -0.00318853 -0.00266953 0.00109979 0.0043014709 0.0 15 16.7279848767 2.1692130054 0 0 1 3 4 6 1 0 0 7 
430 2 9.40676 19.9327 25.3428 -3.34357e-04 -0.00454352 -7.49913e-04 0.0046171136 0.0 14 19.310170915 2.2516966245 0 0 1 3 5 3 2 0 0 7 
316 2 0.696727 17.0464 23.0897 0.00119919 0.00135316 -2.96915e-04 0.001832282 0.0 14 18.7686485576 2.2347986502 0 0 1 4 3 4 2 0 0 7 
295 2 2.12212 20.2453 25.8407 0.00170992 -7.67622e-04 -0.00186279 0.0026425474 0.0 15 15.4563526846 2.165239307 0 0 1 3 5 4 2 0 0 7 
852 2 2.89978 25.327 26.4272 -1.32534e-04 0.00108882 -0.00322413 0.0034055996 0.0 17 18.0321905107 2.2433336325 0 0 3 4 2 4 2 1 1 9 
112 1 2.55086 0.133827 23.4626 1.48482e-04 -0.00282769 0.00108214 0.0030313206 0.0 15 23.1846824468 2.2433336325 0 0 1 3 6 3 1 1 0 8 
374 1 6.20389 19.3323 21.8301 0.00139702 -6.46659e-04 -0.00280851 0.0032027428 0.0 13 20.3840017533 2.2258216136 0 0 0 3 6 4 0 0 0 6 
333 2 3.86486 20.5849 23.6502 -0.00109079 -7.21581e-04 0.00320128 0.0034581347 0.0 14 17.7574671007 2.2591525576 0 0 0 2 8 4 0 0 0 6 
413 2 5.95666 19.8044 24.8836 -0.00309145 0.00275048 2.6918e-04 0.0041466446 0.0 13 16.6603122549 2.193613583 0 0 1 2 6 3 1 0 0 7 
549 2 7.4086 23.5669 26.2786 0.00669127 0.00247761 -6.46875e-04 0.0071645023 0.0 13 12.7505106907 1.9799928739 0 0 2 3 3 3 1 1 0 8 
733 1 4.06143 23.4576 20.0072 0.00103792 0.00307528 4.29784e-04 0.0032740402 0.0 12 21.5408767002 2.3187966674 0 0 0 2 8 2 0 0 0 6 
648 1 3.6698 18.0658 21.1813 -7.24092e-04 -3.75833e-06 -0.00156871 0.0017277657 0.0 14 19.1323986315 2.2281150823 0 0 0 2 8 4 0 0 0 6 
300 1 26.5652 25.4722 25.6664 0.00147675 -0.00403309 -0.00117413 0.0044525483 0.0 15 21.8098302492 2.1753667384 0 0 1 4 3 5 2 0 0 7 
825 2 0.29879 19.2881 24.2852 3.79089e-04 0.00140839 0.00334789 0.0036517993 0.0 12 16.7382454842 2.4974883031 0 0 2 1 6 1 2 0 0 7 
605 2 5.39201 0.945378 0.569082 -5.50084e-04 2.95141e-04 0.00138076 0.0015153214 0.0 14 12.8121738563 1.9935792367 0 0 1 2 6 4 1 0 0 7 
711 1 2.32606 24.4447 17.9135 9.212e-04 6.20603e-04 -0.00154215 0.0019005221 0.0 15 23.4558600729 2.304116393 0 0 0 1 10 4 0 0 0 6 
566 2 4.21842 21.1034 25.9729 0.00141775 0.002827 -7.01957e-04 0.0032395505 0.0 15 12.8942672535 2.0403212527 0 0 3 1 5 2 4 0 0 7 
933 2 3.6891 18.4839 25.5159 -0.00543506 0.00235982 -0.0012071 0.0060469594 0.0 15 17.2990247066 2.4104459929 0 0 2 2 6 3 1 0 1 9 
687 2 6.976 20.7076 26.6454 3.16485e-04 0.00218537 0.00110877 0.0024709058 0.0 15 14.5010496998 2.1344876441 0 0 1 3 4 6 1 0 0 7 
415 1 14.3073 24.4151 22.2128 -0.00232255 -0.00187027 -9.86789e-04 0.0031410032 0.0 16 21.4537880273 2.3931123372 0 0 2 3 3 5 3 0 0 7 
839 1 16.8764 23.5067 23.8849 3.07138e-04 -0.0033883 -0.00173082 0.0038171519 0.0 12 20.9294612366 2.2412417025 0 0 0 2 8 2 0 0 0 6 
811 2 13.2684 20.708 26.4645 3.31905e-04 3.97716e-04 -0.00103149 0.0011542576 0.0 14 17.8342006195 2.3548468206 0 0 1 3 4 5 1 0 0 7 
71 1 11.8729 21.0567 21.509 -0.00208126 2.33384e-04 -0.00543037 0.0058202259 0.0 15 22.0984673691 2.1702113273 0 0 0 5 3 6 1 0 0 7 
490 1 17.8201 18.8426 20.9703 -4.69037e-04 0.00235081 -0.001574 0.0028677133 0.0 13 21.7802413307 2.3123107719 0 0 0 3 6 4 0 0 0 6 
445 2 11.2621 25.3491 25.9866 0.00125981 0.0010814 5.67709e-04 0.0017546626 0.0 14 16.0499473649 2.112627371 0 0 1 3 6 2 1 1 0 8 
997 1 17.6278 26.0266 22.4308 0.00245128 0.00200746 5.18035e-04 0.0032104563 0.0 14 21.6864765738 2.219367524 0 0 0 2 8 4 0 0 0 6 
657 2 9.64872 22.4912 24.5554 -0.00153751 -3.51108e-04 0.00136732 0.0020872896 0.0 14 16.923001641 2.1644228699 0 0 0 3 6 5 0 0 0 6 
460 1 14.2666 22.0991 20.7234 3.41297e-05 0.00316168 -0.00108002 0.0033412316 0.0 14 18.689079577 2.154638339 0 0 1 4 3 4 2 0 0 7 
961 1 16.5334 24.0356 26.7352 -0.00136964 0.00249491 0.00207693 0.0035233688 0.0 14 22.6110979297 2.3373541465 0 0 0 2 8 4 0 0 0 6 
518 1 9.3325 25.8517 21.636 -0.00118594 -0.00141937 7.94848e-05 0.0018513192 0.0 15 21.7770728389 2.2144580138 0 0 1 3 4 6 1 0 0 7 
340 1 14.4088 24.6115 24.9136 0.00556716 0.00168933 7.46752e-04 0.0058655558 0.0 14 21.1307513173 2.3610067793 0 0 2 2 4 4 2 0 0 7 
192 1 16.8186 21.4465 21.9952 9.97651e-04 -0.00127705 -0.00457598 0.0048544575 0.0 15 20.9435332465 2.1606799154 0 0 0 3 6 6 0 0 0 6 
854 1 14.4732 19.047 23.1326 5.38289e-04 -2.83314e-04 -0.00299153 0.0030527485 0.0 16 23.7274045357 2.1702113273 0 0 0 2 8 6 0 0 0 6 
833 1 14.2454 21.9199 23.5506 -0.00223867 -0.00454956 -0.00173785 0.0053600618 0.0 13 21.7432026834 2.3610067793 0 0 0 3 6 4 0 0 0 6 
578 1 12.5077 21.8463 18.2409 -0.00336805 -0.00471489 -0.00107762 0.0058936587 0.0 15 21.2871568399 2.2759759228 0 0 0 5 2 8 0 0 0 6 
173 1 9.06294 26.336 18.6106 0.0037078 2.63607e-04 -0.00382115 0.0053308964 0.0 14 21.4045529882 2.2478067912 0 0 4 2 1 3 3 1 0 8 
545 2 14.9908 17.9156 25.8327 0.00135552 -0.00234557 0.0013695 0.0030355664 0.0 16 18.0800043381 2.2907073109 0 0 2 2 7 1 3 1 0 8 
59 1 16.8004 21.5745 19.1128 -0.00440755 9.17973e-04 0.00190742 0.0048895217 0.0 13 20.5174239741 2.273218012 0 0 0 3 6 4 0 0 0 6 
699 1 9.7096 20.6787 19.3833 -3.61743e-04 0.00380552 -0.00118466 0.004002032 0.0 14 20.9014301925 2.3492673479 0 0 0 4 4 6 0 0 0 6 
976 1 16.5631 20.9251 25.5694 1.59545e-04 -8.80781e-05 -0.00159984 0.0016101864 0.0 16 23.6914340597 2.3610067793 0 0 0 2 8 6 0 0 0 6 
626 1 15.0677 19.4408 20.1392 0.00301949 -7.89024e-04 0.00260796 0.0040671039 0.0 15 22.1224313793 2.3203582597 0 0 0 5 3 6 1 0 0 7 
865 2 12.6587 18.058 25.2429 -9.46593e-04 0.00333904 -2.80932e-05 0.003470737 0.0 11 16.8740557108 2.2143693537 0 0 1 2 6 1 1 0 0 7 
834 1 11.7863 18.9103 19.4366 0.00301893 -0.00147536 -0.00142886 0.0036513376 0.0 14 20.3639999912 2.2759759228 0 0 1 2 5 6 0 0 0 6 
642 1 9.93071 23.3237 18.476 0.00129027 0.0011105 0.00189338 0.0025461529 0.0 14 20.9677052985 2.2117598094 0 0 2 3 4 2 2 1 0 8 
387 1 16.6982 26.4109 24.996 0.0011752 0.00142953 -1.51235e-04 0.0018567507 0.0 14 20.2267120711 2.3388351156 0 0 0 2 8 4 0 0 0 6 
125 1 12.0862 26.4827 22.1849 -0.00174766 -0.00211645 0.00102329 0.0029293 0.0 15 21.041453462 2.3288890214 0 0 2 2 6 2 2 1 0 8 
124 2 8.55246 19.1442 0.950637 0.00426898 -3.81097e-04 0.00106362 0.0044159611 0.0 15 17.2398620507 2.2206481389 0 0 1 3 5 4 2 0 0 7 
948 1 11.9947 23.8769 20.3711 0.00129094 -5.71035e-04 -0.00636642 0.006521036 0.0 15 21.0260740146 2.3931123372 0 0 2 3 3 5 1 1 0 8 
407 2 9.48066 25.3565 24.548 -0.00265974 -4.85863e-04 0.00233251 0.0035708378 0.0 15 15.6949604288 2.1256187991 0 0 1 3 4 6 1 0 0 7 
481 1 14.8419 23.5473 18.2938 -0.00158644 -1.05673e-04 -2.82878e-04 0.0016149237 0.0 14 21.9992892266 2.3931123372 0 0 0 3 6 5 0 0 0 6 
809 1 9.25895 22.8759 21.4435 -0.00255574 -2.38931e-04 2.65397e-04 0.0025805679 0.0 13 21.4255969948 2.1629953883 0 0 0 2 8 3 0 0 0 6 
10 2 11.4735 20.8814 24.8331 -0.00190022 7.09104e-04 0.00341109 0.0039685261 0.0 14 18.4095123582 2.2289482308 0 0 0 4 5 4 1 0 0 7 
507 1 8.77956 20.3986 22.3187 7.42007e-04 6.95944e-04 0.00108494 0.0014872818 0.0 15 22.0014502054 2.2734504963 0 0 0 4 4 7 0 0 0 6 
639 1 11.1504 18.498 22.4795 0.00425177 -3.47757e-04 -6.91492e-04 0.0043216483 0.0 15 21.5729137571 2.2161464561 0 0 0 2 8 5 0 0 0 6 
980 1 16.5135 24.1675 20.3315 6.51311e-04 0.00195766 8.9601e-04 0.0022493271 0.0 12 20.1343462235 2.2530029353 0 0 0 3 6 3 0 0 0 6 
145 2 11.5809 23.7534 23.4824 -0.00424667 8.72834e-04 -0.00235902 0.0049356885 0.0 15 20.8315679495 2.2571612793 0 0 1 3 4 6 1 0 0 7 
440 1 23.7765 26.2918 21.8389 6.59412e-04 -0.00140784 7.02771e-04 0.0017060846 0.0 15 20.9580712482 2.4169920465 0 0 1 3 4 6 1 0 0 7 
259 1 21.5491 26.5107 24.1394 -7.92616e-04 5.37779e-04 7.07927e-04 0.0011910529 0.0 15 21.6634227081 2.1762941152 0 0 1 2 6 5 1 0 0 7 
12 1 26.1818 25.9253 19.6184 -0.00236005 0.00238116 0.00143073 0.0036450991 0.0 13 19.5319580836 2.2610043452 0 0 0 4 4 5 0 0 0 6 
946 2 26.5495 19.0995 21.9487 2.13751e-04 1.88383e-04 0.00201985 0.002039846 0.0 15 18.8737937626 2.3938319143 0 0 2 3 5 0 5 0 0 7 
510 1 26.5408 20.6274 17.7711 -0.00384954 0.00434084 0.00217706 0.0061968896 0.0 14 22.9144502267 2.3928120819 0 0 1 2 7 2 2 0 0 7 
283 1 25.6414 23.5043 18.2532 -0.00212993 -9.6729e-04 0.00202887 0.0030965408 0.0 14 20.683086018 2.2408584197 0 0 0 4 4 6 0 0 0 6 
167 1 24.2355 21.509 19.8816 -0.00238639 -0.00139128 -0.00171117 0.003249403 0.0 15 23.8557040381 2.4029993161 0 0 2 3 3 4 3 0 0 7 
821 1 23.2922 24.5708 19.3344 -0.002252 3.08452e-04 0.00219829 0.0031621394 0.0 12 19.8029350723 2.3906901296 0 0 0 5 2 5 0 0 0 6 
694 1 21.6111 24.116 26.0037 -2.17892e-04 -0.00243354 -0.00124749 0.0027433237 0.0 12 19.8182533613 2.1698415441 0 0 1 2 6 2 1 0 0 7 
170 1 21.0256 18.2943 20.5871 -5.0238e-05 -9.99777e-04 3.166e-04 0.0010499112 0.0 13 20.7296684982 2.2703206675 0 0 0 4 4 5 0 0 0 6 
571 1 25.4427 23.805 21.2547 -7.78578e-04 -0.00238484 -0.00236196 0.0034456495 0.0 14 21.5818132945 2.4169920465 0 0 1 3 5 3 2 0 0 7 
475 1 26.5287 22.4435 25.0797 -8.59369e-04 0.00221504 -0.00123222 0.0026764311 0.0 12 20.7664445974 2.4178398149 0 0 1 3 5 1 2 0 0 7 
864 1 20.8402 25.1173 21.1448 -0.00339554 0.00136803 -0.00116634 0.0038420759 0.0 13 21.1273157297 2.3653906933 0 0 0 3 6 4 0 0 0 6 
348 1 19.3099 23.1729 18.5668 0.00218004 -1.74515e-04 0.00345632 0.0040901318 0.0 13 21.2772807388 2.249968603 0 0 0 3 6 4 0 0 0 6 
745 1 19.0011 23.0945 21.3772 -0.00324042 -0.00126741 0.0011136 0.0036533211 0.0 14 20.9147198245 2.2412417025 0 0 0 2 8 4 0 0 0 6 
272 1 23.2917 19.4222 21.5487 -1.52378e-04 0.00161027 2.71653e-04 0.001640117 0.0 14 23.3988149513 2.294481845 0 0 0 3 6 5 0 0 0 6 
730 1 21.3855 23.3253 23.3398 -9.04139e-04 -0.00309405 -3.83987e-04 0.0032462376 0.0 15 23.3174615345 2.4169920465 0 0 1 2 6 5 1 0 0 7 
612 1 24.2873 24.4645 24.0738 -0.00419883 9.34442e-05 0.00515634 0.0066503193 0.0 13 22.4098864962 2.359788589 0 0 0 2 8 3 0 0 0 6 
91 1 22.3636 20.2833 24.4578 6.11357e-04 0.00138363 -0.00103086 0.0018305359 0.0 14 23.37223791 2.5110704228 0 0 1 4 1 8 0 0 0 6 
618 1 19.2227 21.7329 25.0267 -0.00235288 0.00340056 4.81292e-04 0.0041631112 0.0 15 22.0469534691 2.2412417025 0 0 0 3 6 6 0 0 0 6 
928 1 21.6575 22.5235 20.4464 6.364e-05 1.33475e-04 2.06765e-04 2.5419950915e-04 0.0 16 21.1778351671 2.4169920465 0 0 0 3 6 7 0 0 0 6 
738 1 20.0034 19.1667 26.0958 -0.00332641 -0.00120825 0.00130109 0.0037706374 0.0 15 22.5831677047 2.3176670063 0 0 0 4 4 7 0 0 0 6 
105 1 24.6667 21.6803 22.992 0.00372966 0.00114437 -0.00131591 0.0041172279 0.0 17 24.8595826688 2.5110704228 0 0 1 2 7 5 2 0 0 7 
172 1 19.2534 25.2095 24.9643 0.00278448 -0.00202396 -0.0011719 0.003636357 0.0 15 20.795204413 2.2412417025 0 0 0 1 10 4 0 0 0 6 
39 1 20.3181 20.7239 22.3686 0.00168224 -0.0024459 0.00142413 0.0032924921 0.0 15 21.9399028986 2.2965338483 0 0 0 3 6 6 0 0 0 6 
723 1 19.7139 20.2718 19.2371 0.0038839 0.00120292 -0.00323251 0.0051943062 0.0 15 23.4668861517 2.3345946005 0 0 0 4 4 7 0 0 0 6 
784 1 24.1544 17.9986 24.5597 3.58427e-04 -9.40609e-04 -2.76583e-04 0.0010438934 0.0 16 23.2282051845 2.5110704228 0 0 1 3 5 5 2 0 0 7 
785 1 18.0738 19.3704 23.81 2.35718e-04 0.00198002 0.00358356 0.0041009687 0.0 13 22.1124163827 2.1799747043 0 0 0 3 6 4 0 0 0 6 
287 1 18.5732 26.6026 19.7115 -7.88498e-04 0.00167049 -0.00142344 0.0023320479 0.0 15 22.5848405591 2.319403741 0 0 1 3 4 6 1 0 0 7 
504 1 21.2349 17.65 23.7739 -3.65501e-04 6.55635e-04 0.0033448 0.0034279929 0.0 13 21.5763909589 2.2654691846 0 0 0 3 6 4 0 0 0 6 
984 2 25.5563 18.28 19.9227 9.05342e-05 -0.0024095 -1.10019e-04 0.0024137089 0.0 13 18.4480471231 2.3698140788 0 0 1 3 4 4 1 0 0 7 
193 2 25.9672 17.385 17.7667 0.00339557 -0.0019778 0.00200073 0.0044095928 0.0 13 18.2572025742 2.375845651 0 0 0 3 6 4 0 0 0 6 
