# Particles (1000 particles):
# "Particle Identifier" "Particle Type" Position.X Position.Y Position.Z Velocity.X Velocity.Y Velocity.Z "Velocity Magnitude" Centrosymmetry Coordination "Atomic Volume" "Cavity Radius" "Voronoi Index.1" "Voronoi Index.2" "Voronoi Index.3" "Voronoi Index.4" "Voronoi Index.5" "Voronoi Index.6" "Voronoi Index.7" "Voronoi Index.8" "Voronoi Index.9" "Max Face Order"
418 2 5.38809 0.636415 0.890489 0.00355904 0.00290613 3.56791e-04 0.0046086502 0.0 15 15.027863549 2.1248925981 0 0 0 4 5 5 1 0 0 7 
807 1 8.25971 7.82306 3.39662 -3.44969e-04 0.00127035 -0.00285333 0.0031423375 0.0 14 20.1282436703 2.0904519854 0 0 0 3 6 5 0 0 0 6 
967 1 5.84872 8.74709 8.22463 -0.00181472 0.00125262 0.00488173 0.0053566364 0.0 14 21.9290505512 2.2557439319 0 0 0 4 5 4 1 0 0 7 
395 2 0.501895 4.42119 8.01085 -0.0014749 0.00167662 -3.92821e-04 0.0022673096 0.0 13 11.7434645705 1.8984926807 0 0 1 0 9 3 0 0 0 6 
476 2 6.9841 1.60178 2.31327 0.00217891 0.00177889 -6.6633e-04 0.0028906909 0.0 15 13.6453881596 2.1076802005 0 0 0 4 6 3 2 0 0 7 
487 2 1.51945 6.64916 6.05123 1.14389e-04 0.00323282 0.0020002 0.0038032894 0.0 16 15.6719972969 2.3023276702 0 0 1 5 2 5 3 0 0 7 
360 2 2.81887 8.03611 7.76854 0.00123097 -0.00336188 -0.00308676 0.0047271145 0.0 14 16.2496862675 2.2557439319 0 0 3 2 2 4 3 0 0 7 
962 1 5.60714 8.00613 2.23018 -3.21757e-04 -0.00268083 5.06479e-04 0.0027471618 0.0 16 22.7696374924 2.2900073464 0 0 0 4 6 4 2 0 0 7 
515 2 4.94077 1.44616 3.61436 -4.27253e-04 6.05706e-05 4.08572e-04 5.9426004643e-04 0.0 13 12.1093623133 1.9847212577 0 0 2 2 5 2 1 1 0 8 
919 2 5.29008 0.778111 5.64794 -0.00183357 0.00275127 0.00409101 0.0052600217 0.0 15 12.9146555913 1.9368977608 0 0 1 4 4 3 3 0 0 7 
895 2 1.02298 3.53927 5.99538 9.16445e-04 -7.38922e-05 -5.07055e-04 0.0010499697 0.0 12 13.4363124385 2.0680546349 0 0 0 2 8 2 0 0 0 6 
23 2 3.83793 25.0529 4.84535 0.00208093 -0.00105731 9.80578e-04 0.00253174 0.0 15 13.9879777613 2.1249170427 0 0 1 3 5 4 2 0 0 7 
286 2 9.80915 4.57902 7.29072 0.00392809 -0.00125305 1.20222e-04 0.004124861 0.0 15 12.6011467493 2.0041265459 0 0 1 1 8 4 1 0 0 7 
291 2 5.99335 5.65125 4.89208 -0.00231612 -0.00610682 -5.62879e-04 0.0065554935 0.0 14 14.8398391331 2.0681746788 0 0 0 4 4 6 0 0 0 6 
737 2 2.82693 0.11084 3.58617 -0.00238288 0.00136973 6.87334e-04 0.0028331441 0.0 17 14.7158007741 2.3809298296 0 0 1 5 2 7 1 1 0 8 
749 2 4.46161 6.2934 6.66882 9.6056e-04 -0.00269928 0.00125186 0.0031266502 0.0 12 16.7518936175 2.2230230044 0 0 1 2 6 2 1 0 0 7 
145 2 2.78118 4.50846 8.48186 -0.00383868 0.00158808 -0.0019239 0.004578084 0.0 15 16.0266342784 2.0453957859 0 0 0 3 6 6 0 0 0 6 
787 2 4.49614 5.2349 3.14906 4.46452e-05 7.32494e-04 0.00335965 0.0034388645 0.0 14 17.9128739138 2.3019429251 0 0 2 1 5 5 1 0 0 7 
729 2 7.62343 1.00896 5.16099 -7.20845e-04 9.50071e-04 0.00301006 0.0032377019 0.0 15 14.0696394563 2.0382636716 0 0 0 4 5 5 1 0 0 7 
254 2 3.16193 0.0818005 6.23805 3.01197e-04 -0.00428728 0.00128581 0.004486067 0.0 14 11.662475842 1.8069461516 0 0 3 2 1 6 2 0 0 7 
798 1 2.27496 7.27634 2.05349 -9.8894e-04 -0.00159944 -8.86035e-04 0.0020787661 0.0 16 23.1938047993 2.3023276702 0 0 1 5 3 4 2 1 0 8 
442 2 3.28351 2.43135 5.93921 0.0030324 0.00138072 0.00345689 0.0048012421 0.0 14 12.9572395973 1.9959184285 0 0 1 1 7 5 0 0 0 6 
669 2 8.35112 2.52846 25.8255 0.00234313 -0.00298508 0.00186654 0.0042290581 0.0 15 14.5282655526 2.1248925981 0 0 1 3 5 5 0 1 0 8 
297 2 3.18576 4.7281 5.71283 7.89872e-04 0.00296268 0.00108308 0.0032518353 0.0 14 14.561156229 2.3023276702 0 0 1 3 5 3 2 0 0 7 
501 2 3.12756 1.61177 1.73333 0.00495914 0.0025773 0.00191201 0.0059068881 0.0 13 16.7003671778 2.3495294524 0 0 1 3 3 6 0 0 0 6 
423 2 8.70435 5.83247 1.10153 0.00221798 0.00182173 -0.00352622 0.004546687 0.0 13 15.9073464783 2.2900073464 0 0 0 1 10 2 0 0 0 6 
188 2 6.20572 3.37566 4.02209 0.00334892 0.00169563 -0.0035988 0.0052001719 0.0 16 12.8123923791 1.9959184285 0 0 1 3 5 5 2 0 0 7 
457 1 0.9698 4.72392 3.03974 0.00439614 6.02918e-04 -2.5796e-04 0.0044447835 0.0 16 21.3088000227 2.2970718379 0 0 1 2 7 4 2 0 0 7 
871 2 6.80383 4.29605 0.272238 0.00185781 -0.00221726 8.81211e-04 0.0030239432 0.0 13 14.5899979143 2.285269324 0 0 1 2 6 3 1 0 0 7 
277 2 1.21025 2.20005 8.12881 0.00279408 -0.00385468 0.00129011 0.0049325272 0.0 15 14.7426800537 2.1812318325 0 0 0 3 7 4 1 0 0 7 
221 2 6.78025 3.44652 6.23859 0.00119331 -0.00253436 -0.00127041 0.0030758594 0.0 14 12.8013904103 1.9808140271 0 0 1 2 7 2 2 0 0 7 
610 2 6.18442 1.63149 8.19914 0.00298889 -0.0034133 0.00107627 0.0046628787 0.0 13 13.9443921366 1.9783622708 0 0 0 3 6 4 0 0 0 6 
3 2 26.7292 6.70747 7.97362 0.00104162 0.00145713 0.00487928 0.0051976508 0.0 13 12.4592079946 1.8959686316 0 0 2 2 5 1 3 0 0 7 
336 2 8.69188 3.3685 1.45536 2.81228e-05 -0.00211496 0.00212418 0.0029976637 0.0 14 13.3751341786 1.9173139871 0 0 2 0 7 4 1 0 0 7 
58 2 1.21981 0.883287 5.83123 0.00242695 0.0014083 3.09558e-04 0.0028229809 0.0 14 14.0067122392 2.2669637907 0 0 2 2 5 3 1 1 0 8 
704 1 0.909775 7.0505 26.1116 0.00152467 -8.67057e-04 -7.98835e-04 0.0019273152 0.0 14 22.5254900435 2.1940106299 0 0 0 4 4 6 0 0 0 6 
11 2 1.76342 6.39356 9.61274 0.0022216 -9.48797e-04 -7.4759e-04 0.0025287572 0.0 14 15.0825853637 1.9596595809 0 0 0 3 6 5 0 0 0 6 
766 1 4.62758 6.37517 26.2892 -0.00510524 -0.00113671 -0.0022597 0.0056975283 0.0 17 24.3439873935 2.2900073464 0 0 0 3 8 4 2 0 0 7 
292 2 3.2334 3.18098 3.83951 -0.00421562 -0.00183075 -0.00148709 0.0048305832 0.0 14 15.7729725905 2.3809298296 0 0 0 3 7 3 1 0 0 7 
602 2 8.31738 4.72431 5.04979 0.00151591 -0.00211654 -0.00265861 0.0037210122 0.0 12 12.6108907943 1.9960395495 0 0 0 4 4 4 0 0 0 6 
279 2 5.01773 3.27512 1.67712 4.61914e-04 -0.00164808 0.00312444 0.0035625353 0.0 12 15.3198926848 2.1184590281 0 0 0 2 8 2 0 0 0 6 
494 2 7.13004 5.6093 6.92664 0.00180902 4.66359e-04 -1.81904e-04 0.0018770011 0.0 13 14.6789027851 2.181044975 0 0 0 2 8 3 0 0 0 6 
345 2 6.86032 5.13766 2.54617 -3.9619e-04 0.00154137 -0.00156466 0.002231804 0.0 14 15.28542644 2.2891747359 0 0 0 4 5 4 1 0 0 7 
488 2 11.8385 8.70502 7.1144 -8.50335e-04 0.00312718 -0.00412183 0.005243263 0.0 16 18.7148739915 2.2441313721 0 0 0 5 3 7 1 0 0 7 
728 2 15.8003 1.71953 7.51198 1.99221e-04 0.00188559 3.96173e-04 0.0019370317 0.0 14 16.2673675969 2.2790991648 0 0 0 3 6 5 0 0 0 6 
637 2 14.6789 5.53696 8.9429 0.00125017 0.00200623 -0.00191386 0.0030415036 0.0 14 13.322098949 1.9728503626 0 0 0 4 5 4 1 0 0 7 
52 1 18.579 26.4619 5.29919 0.0030187 -0.00263732 -9.94787e-04 0.0041300857 0.0 16 23.8388963444 2.3128080671 0 0 1 3 6 3 3 0 0 7 
537 1 10.0367 9.7845 4.90762 -0.00100659 0.00190795 -4.86491e-05 0.002157745 0.0 13 20.8465200209 2.202952318 0 0 0 3 6 4 0 0 0 6 
843 2 14.4977 1.42563 2.72304 -0.00173796 0.00205766 -0.00411608 0.0049190024 0.0 14 16.9494057079 2.2505532755 0 0 0 2 8 4 0 0 0 6 
239 2 11.7548 0.561537 1.9052 0.00125972 1.23507e-04 0.0018898 0.0022745313 0.0 14 13.4983656537 1.9047207911 0 0 1 3 4 5 1 0 0 7 
662 1 15.3026 7.02111 1.37903 -0.00122534 0.00209098 0.00106208 0.0026460668 0.0 17 24.2796149259 2.2768169954 0 0 0 5 5 4 3 0 0 7 
668 2 11.621 7.06968 5.51152 -0.0045585 -4.90316e-04 0.00307104 0.0055182985 0.0 15 17.8182679281 2.2649014125 0 0 0 5 4 4 2 0 0 7 
146 2 11.9649 4.80166 5.00883 0.00218249 1.67621e-04 8.45329e-05 0.0021905491 0.0 14 14.0799113858 1.9383896051 0 0 1 4 3 4 2 0 0 7 
549 2 9.3793 0.871438 1.84274 8.95193e-04 -0.00213335 0.00274897 0.0035929638 0.0 12 12.4060881841 2.1371030746 0 0 2 2 3 4 1 0 0 7 
230 2 11.4791 0.680661 8.44313 4.56117e-04 4.94398e-04 -0.00174495 0.001870113 0.0 12 12.371667189 2.0436947208 0 0 1 2 5 4 0 0 0 6 
250 2 12.3675 5.07127 7.60065 0.00160605 -3.86887e-04 0.00509742 0.0053584297 0.0 15 14.2309717199 1.9277934252 0 0 1 4 3 5 2 0 0 7 
886 2 9.98876 3.04768 5.6824 -9.19412e-04 9.16699e-04 -0.005184 0.00534411 0.0 14 13.0336316923 2.007694088 0 0 0 4 5 4 1 0 0 7 
459 2 13.8191 6.84886 6.93465 -0.00189462 0.00324004 0.00158935 0.0040759634 0.0 13 15.0998047248 2.1158966558 0 0 1 3 4 4 1 0 0 7 
898 1 16.6421 26.6889 0.996346 -0.00204306 -1.57154e-04 -7.19844e-04 0.0021718579 0.0 15 24.5936309156 2.4621997835 0 0 0 1 10 4 0 0 0 6 
422 2 12.9646 5.19677 2.8139 -1.28562e-04 -0.00158576 -0.00394481 0.0042535502 0.0 15 17.8131179476 2.2589350671 0 0 0 3 7 4 1 0 0 7 
566 2 9.79681 0.640117 6.24975 0.00122586 0.00503898 0.00117159 0.0053166414 0.0 16 13.7953529185 2.1571528218 0 0 0 4 4 8 0 0 0 6 
973 2 15.6119 1.822 4.84608 -5.79862e-04 -0.00118825 0.00330198 0.0035568596 0.0 14 16.3127124499 2.1827328293 0 0 0 3 6 5 0 0 0 6 
592 2 8.86444 2.3038 7.69965 -7.64042e-04 0.00246829 -0.00178418 0.0031399863 0.0 14 13.2813901661 1.9867124096 0 0 0 4 5 4 1 0 0 7 
83 2 15.6584 4.45813 6.81644 3.62599e-04 0.00450201 -0.00246034 0.0051432329 0.0 15 15.1143688864 2.0433144876 0 0 1 4 3 5 2 0 0 7 
700 2 16.179 7.1496 6.43264 0.00226514 0.00210821 -0.00106131 0.0032713587 0.0 15 17.6120992292 2.1477018391 0 0 0 3 7 4 1 0 0 7 
861 2 16.9383 5.94859 4.23742 -1.39136e-05 0.00150787 -0.00265643 0.0030545844 0.0 15 19.9975000528 2.2435206526 0 0 3 3 2 3 3 1 0 8 
247 2 17.4607 8.43401 8.27274 2.98806e-05 0.00223241 8.70723e-04 0.0023963943 0.0 14 15.342981358 2.1477018391 0 0 1 4 3 4 2 0 0 7 
695 2 10.664 6.70084 7.97476 -9.87452e-04 7.03502e-04 9.91235e-04 0.0015660534 0.0 12 13.6562466223 2.0484894311 0 0 1 2 5 4 0 0 0 6 
674 2 15.0597 3.71836 3.37234 1.63127e-04 -0.00477239 0.00273834 0.0055046183 0.0 15 18.1194119989 2.2435206526 0 0 1 3 5 4 2 0 0 7 
312 1 13.5719 9.66037 1.56927 0.00144158 0.00177313 -0.00156688 0.0027707861 0.0 12 19.2569112419 2.2371029433 0 0 0 3 6 3 0 0 0 6 
986 2 9.24345 6.58888 6.21196 -0.00144646 -0.00103384 0.00428549 0.0046396655 0.0 14 16.1085297554 2.1436065427 0 0 0 5 3 5 1 0 0 7 
339 1 17.7497 5.01144 1.34645 8.74405e-04 0.00482676 0.00174004 0.0052047993 0.0 14 21.4793595737 2.2435206526 0 0 1 3 5 3 2 0 0 7 
720 2 8.59127 2.55524 3.74398 0.00206771 -0.00347399 3.23038e-04 0.0040556608 0.0 14 12.7469596152 2.1571528218 0 0 0 3 6 5 0 0 0 6 
394 2 12.2066 1.03395 6.08804 -5.17067e-04 -0.00199447 0.00155699 0.0025825349 0.0 13 13.2585177957 2.1437210597 0 0 0 3 6 4 0 0 0 6 
1 2 10.6249 2.17496 0.375665 0.00154098 9.60993e-04 0.00206533 0.0027502209 0.0 14 13.7966587004 2.0094856006 0 0 0 2 8 4 0 0 0 6 
498 2 15.2595 8.35465 9.14982 -4.37643e-04 -0.00196974 0.00135928 0.0024329096 0.0 14 14.7965058128 2.0681505591 0 0 1 2 6 4 1 0 0 7 
391 2 17.1568 4.98141 8.52538 -6.42256e-04 -0.00151084 -9.19548e-04 0.0018816745 0.0 13 13.1187764837 1.9667196292 0 0 0 3 6 4 0 0 0 6 
812 2 13.4465 2.14422 8.66739 -0.00197938 0.00101379 -0.00221566 0.0031392459 0.0 15 12.7719006322 2.0588804965 0 0 0 5 4 4 2 0 0 7 
224 2 13.0712 2.37877 4.30237 -0.00282053 0.00171987 -0.00477904 0.0058096958 0.0 14 13.7813924694 2.1437210597 0 0 0 4 5 4 1 0 0 7 
539 2 10.8613 2.89813 3.30724 -4.91588e-04 -5.33997e-04 -0.00263607 0.0027341684 0.0 15 14.3928645237 2.1174085287 0 0 0 3 7 4 1 0 0 7 
660 2 13.0067 3.14264 1.92152 7.30448e-05 -9.67028e-04 9.70696e-04 0.0013721259 0.0 11 13.0782187653 2.1230801521 0 0 0 2 8 1 0 0 0 6 
448 2 13.6422 2.90285 6.60658 0.00269163 -0.00267453 0.00146633 0.0040679364 0.0 15 13.8399738777 1.9437231385 0 0 0 5 4 4 2 0 0 7 
829 1 14.5749 8.48489 3.98652 -0.00408798 3.17139e-05 1.75432e-04 0.0040918654 0.0 16 24.3053556672 2.2649014125 0 0 0 5 3 7 1 0 0 7 
285 2 14.3298 5.45694 4.82327 0.00339493 0.00222542 -0.00209722 0.0045690673 0.0 13 15.6606181731 2.1236266472 0 0 0 5 2 6 0 0 0 6 
921 2 10.9567 5.03968 1.19232 0.00450404 0.00276676 0.00115749 0.0054112032 0.0 13 15.4154728982 2.1601518066 0 0 1 2 6 3 1 0 0 7 
906 2 10.0299 5.20127 3.45196 -3.42897e-04 6.9918e-04 -1.70939e-04 7.9727734618e-04 0.0 14 15.7312137926 2.0904519854 0 0 0 2 8 4 0 0 0 6 
28 1 11.1558 7.94879 2.34875 3.53383e-04 -3.1165e-05 -7.12047e-04 7.9552607256e-04 0.0 16 23.4924916883 2.2649014125 0 0 0 2 8 6 0 0 0 6 
432 2 15.8904 26.3578 4.08272 -0.00178249 -0.00240043 -0.00191797 0.0035521745 0.0 12 17.8597112688 2.1717949013 0 0 1 1 7 3 0 0 0 6 
5 2 20.0422 2.71252 5.67696 -0.00283441 -0.00224746 0.00207275 0.0041690825 0.0 16 18.5734717027 2.1976151632 0 0 0 4 5 6 1 0 0 7 
593 2 25.0829 6.02404 3.38438 0.00201808 0.00149391 0.00171544 0.0030409124 0.0 12 16.7812518719 2.3089978305 0 0 0 4 4 4 0 0 0 6 
896 1 19.9401 6.67355 2.49875 5.23953e-04 -0.0043484 -0.00484513 0.0065313394 0.0 15 20.928058158 2.2039679987 0 0 1 4 3 5 2 0 0 7 
19 1 22.3645 2.21003 1.4499 -0.00116144 0.00202531 -2.82752e-04 0.0023517594 0.0 13 21.2865924029 2.1880874891 0 0 2 1 4 6 0 0 0 6 
691 2 24.4144 3.7213 3.24799 1.07864e-04 -3.45571e-04 -0.00168145 0.0017199791 0.0 14 17.2207749586 2.1780191848 0 0 1 3 4 5 1 0 0 7 
746 1 19.3167 26.4218 8.30177 -0.00166012 -0.0040523 -0.00126958 0.004559492 0.0 18 26.2245881106 2.3283494633 0 0 0 5 4 7 2 0 0 7 
665 2 21.2659 2.55973 8.33118 8.13456e-04 -4.80734e-04 -1.24746e-04 9.5308835226e-04 0.0 12 16.7486645118 2.1953848985 0 0 1 2 5 4 0 0 0 6 
857 2 17.5353 2.97348 6.11002 -0.00107036 9.51605e-04 -3.38348e-04 0.0014716324 0.0 13 16.6671724211 2.2324784144 0 0 1 1 9 0 2 0 0 7 
965 1 18.0599 1.8764 2.92455 5.17798e-04 -9.87072e-04 -6.97044e-04 0.0013146468 0.0 17 24.2357437723 2.2527481367 0 0 1 0 10 5 1 0 0 7 
219 1 17.648 8.96702 3.26374 0.00267313 0.0014702 -4.54885e-05 0.0030510951 0.0 14 22.7110492642 2.2279375522 0 0 1 4 2 6 1 0 0 7 
21 2 19.1594 6.48477 9.06721 -8.55854e-04 -0.00404505 -3.57429e-04 0.0041500206 0.0 14 13.4372450009 2.1149058886 0 0 1 3 4 5 1 0 0 7 
371 2 23.3519 2.31025 6.77484 -2.0214e-04 -0.00113666 6.00308e-04 0.0013012403 0.0 14 15.2713319368 2.1558550658 0 0 0 4 4 6 0 0 0 6 
85 1 19.8956 9.3842 1.47465 -7.22861e-04 -8.29154e-04 6.18907e-04 0.0012621689 0.0 16 22.2164793987 2.2184560884 0 0 0 5 2 9 0 0 0 6 
30 1 19.6278 0.305199 1.10621 -5.26037e-04 0.00203842 0.00123562 0.0024410301 0.0 12 20.1321487416 2.197086364 0 0 0 3 6 3 0 0 0 6 
35 2 23.9722 7.0398 8.79779 -4.26531e-04 0.00108926 0.00296127 0.0031839498 0.0 14 13.4803272194 1.9689600738 0 0 0 3 6 5 0 0 0 6 
826 2 22.2811 4.61807 7.21239 0.00111629 0.00133186 -0.00486773 0.0051686313 0.0 14 12.2134822533 1.8546837375 0 0 0 4 4 6 0 0 0 6 
222 1 25.6935 5.10228 0.389034 0.00356661 -0.00241499 -0.00105414 0.0044344216 0.0 15 22.6955147053 2.3089978305 0 0 0 3 6 6 0 0 0 6 
551 2 19.6428 7.99173 5.24294 0.00349261 0.00278244 0.00104277 0.0045855933 0.0 15 16.7681931409 2.1477018391 0 0 0 4 5 5 1 0 0 7 
201 2 19.6134 4.20625 7.32409 -0.00290493 6.49254e-04 0.00158768 0.0033735555 0.0 13 12.6933337614 1.8364511295 0 0 0 4 4 5 0 0 0 6 
425 2 25.7555 2.66743 7.26604 -0.00119857 0.00129585 -0.00226998 0.0028755185 0.0 14 13.0739343831 1.935128271 0 0 0 3 6 5 0 0 0 6 
477 2 21.5643 6.95802 8.39716 -0.00202899 -0.00369425 -0.00154597 0.0044893548 0.0 16 13.9384573119 2.1154739757 0 0 1 4 5 3 2 1 0 8 
940 2 26.1466 2.37358 4.70077 0.00235705 -0.0037618 2.90438e-04 0.0044487277 0.0 14 15.8648095281 2.3809298296 0 0 0 2 8 4 0 0 0 6 
233 2 25.2979 8.19351 6.62696 -9.7857e-04 -0.00139707 -9.22265e-05 0.001708189 0.0 16 13.2320015479 1.8753113224 0 0 0 4 5 6 1 0 0 7 
846 1 20.0753 3.62581 1.99081 0.00150403 -0.0026491 0.00141232 0.00335775 0.0 14 20.9788083827 2.1377547094 0 0 1 3 4 5 1 0 0 7 
65 2 20.996 6.0035 6.03699 0.0016045 -0.00488401 -3.89269e-04 0.0051555314 0.0 15 14.1060399767 2.0757155291 0 0 1 4 3 5 2 0 0 7 
872 2 24.7177 4.70492 7.76018 -4.71134e-04 -0.00279707 0.00204596 0.003497359 0.0 14 12.4151333946 1.8753113224 0 0 0 2 8 4 0 0 0 6 
666 1 22.4484 7.71028 1.23418 8.87772e-04 -3.8304e-05 6.21727e-04 0.0010845049 0.0 15 23.2862296297 2.3089978305 0 0 0 3 7 4 1 0 0 7 
15 2 21.6519 8.44667 4.15184 -0.00421103 0.00127486 0.00307158 0.0053658779 0.0 13 16.9243400652 2.2063460833 0 0 0 2 8 3 0 0 0 6 
261 2 24.1719 7.96366 4.69213 -0.00104982 -1.60592e-04 -5.72078e-04 0.0012063105 0.0 13 14.1944885079 2.2773823797 0 0 0 3 6 4 0 0 0 6 
564 2 23.3586 6.57751 6.41232 0.00163549 -0.00167402 3.83649e-04 0.0023715727 0.0 14 12.0935880524 1.8753113224 0 0 1 3 4 5 1 0 0 7 
318 2 18.3109 6.18764 6.56878 -2.90894e-04 -2.64098e-05 7.72816e-04 8.2617272203e-04 0.0 13 14.1556550608 2.1154739757 0 0 0 4 5 3 1 0 0 7 
793 2 22.6198 5.9327 3.9392 -0.00156011 0.00274244 0.00176358 0.0036145726 0.0 13 16.1828241465 2.1220475555 0 0 2 2 4 3 2 0 0 7 
880 2 21.9851 3.74705 4.65829 -0.00322769 -4.99813e-04 0.00246795 0.0040937236 0.0 14 16.663012009 2.1377547094 0 0 1 4 4 2 3 0 0 7 
523 2 18.8462 4.70535 4.82487 0.00172455 -0.0017944 2.7819e-04 0.0025042631 0.0 15 16.9945810162 2.2336412247 0 0 3 3 2 3 3 1 0 8 
56 2 26.1014 5.4241 5.67538 -4.62298e-04 -0.00261154 0.00417179 0.0049434494 0.0 15 14.0306730618 1.9760041052 0 0 0 3 6 6 0 0 0 6 
638 2 24.062 4.49019 5.44132 -0.00411659 8.96511e-04 -0.00362471 0.0055577484 0.0 13 11.8196855481 1.812589319 0 0 0 4 4 5 0 0 0 6 
244 1 26.6091 2.55006 1.55761 0.00501146 -0.00403853 0.00414115 0.0076533378 0.0 17 23.1508399378 2.3809298296 0 0 1 2 7 5 2 0 0 7 
966 2 0.00843305 7.28442 4.18077 -9.06742e-04 -0.00329603 -8.92934e-04 0.0035331751 0.0 12 16.1213772409 2.1801262314 0 0 0 2 8 2 0 0 0 6 
636 2 23.7903 1.68075 4.4032 -0.00228131 -0.00386383 0.00178153 0.0048277745 0.0 14 17.455813758 2.1640677271 0 0 0 4 4 6 0 0 0 6 
576 1 1.69176 16.4049 1.28985 -0.00257482 0.00338316 -0.00326978 0.0053634812 0.0 17 22.5244157372 2.184965304 0 0 0 4 6 5 2 0 0 7 
914 1 7.12976 10.4405 3.4015 4.3922e-04 -0.00117157 0.00392476 0.0041193727 0.0 14 20.1223045671 2.1492782037 0 0 1 3 5 3 2 0 0 7 
104 2 2.94527 10.5206 7.61034 -8.23997e-04 -4.72748e-04 0.00112442 0.0014719993 0.0 13 18.0296457768 2.2170619245 0 0 1 4 3 3 2 0 0 7 
757 1 3.79094 15.08 2.95848 -0.00361697 -6.614e-04 0.00239717 0.0043893446 0.0 15 22.1228647422 2.1863521181 0 0 2 3 4 2 4 0 0 7 
472 1 4.44345 10.8313 2.95121 0.00145996 0.00198222 3.43413e-04 0.0024856814 0.0 13 20.9541164779 2.1863521181 0 0 3 2 2 3 3 0 0 7 
764 1 5.86936 13.2117 7.37752 -0.00214261 6.43386e-04 -0.00342852 0.0040938335 0.0 15 21.3643321569 2.2476333442 0 0 4 2 2 2 4 1 0 8 
190 2 2.18301 16.4209 5.15014 6.83913e-04 0.0011256 -0.00341826 0.0036632245 0.0 15 15.8623250449 2.1613274797 0 0 1 6 1 4 2 1 0 8 
234 1 5.3061 13.979 0.542024 -0.00183595 0.00565148 -0.00375119 0.0070271876 0.0 14 21.9291217027 2.2111861401 0 0 2 0 6 6 0 0 0 6 
680 1 5.73501 13.1577 3.97653 1.91085e-04 -0.00262857 1.51664e-04 0.0026398666 0.0 15 22.5837864264 2.2491927984 0 0 1 2 7 3 2 0 0 7 
235 1 8.29825 8.72657 0.642969 9.62077e-05 0.00188883 -0.00159968 0.0024770771 0.0 13 21.4542566747 2.2427102635 0 0 0 3 6 4 0 0 0 6 
255 1 7.0914 15.6982 8.18914 -2.69984e-04 -0.00110567 2.3719e-04 0.0011626077 0.0 14 22.4600014914 2.1724596029 0 0 1 1 8 3 1 0 0 7 
849 1 3.92686 9.27184 0.219932 -0.00201474 -9.15399e-04 0.00296904 0.0037030165 0.0 13 20.8248487022 2.1583726409 0 0 1 2 6 3 1 0 0 7 
567 2 3.75043 15.2145 6.61077 -5.25575e-04 0.0044392 0.00134519 0.0046682183 0.0 14 17.8935739141 2.2491927984 0 0 1 4 4 3 1 1 0 8 
719 1 1.58295 10.1949 2.94481 -3.94477e-04 -0.00195922 1.97179e-04 0.0020082417 0.0 14 22.5313953893 2.355075061 0 0 0 4 5 4 1 0 0 7 
603 1 1.07258 13.9258 3.23674 0.00365807 0.00164713 -0.00123916 0.004198813 0.0 14 21.7383847336 2.3358769724 0 0 0 6 0 8 0 0 0 6 
640 2 0.958269 11.6206 8.25384 -9.11211e-05 8.91729e-04 0.0020508 0.0022381386 0.0 14 13.6623937411 2.1743633003 0 0 2 3 4 2 2 1 0 8 
218 1 5.15345 16.7408 0.837856 0.00243615 0.00354806 0.00207772 0.0047791712 0.0 15 21.9556186693 2.3103883863 0 0 0 1 10 4 0 0 0 6 
452 1 7.89759 13.2053 2.23538 -0.00185249 -0.00153296 -3.21619e-04 0.0024259275 0.0 14 21.9276796952 2.1640914608 0 0 1 4 4 3 1 1 0 8 
97 1 6.457 11.1711 0.341323 0.00298743 0.00272792 0.00274835 0.0048907784 0.0 16 23.0307017428 2.1825247302 0 0 0 4 4 8 0 0 0 6 
535 1 7.71857 11.7736 8.71958 -0.00193864 -0.00132981 -5.57135e-04 0.0024160131 0.0 16 20.484391496 2.2476066974 0 0 3 3 4 1 3 2 0 8 
281 2 4.83018 16.7459 5.50048 1.41366e-04 -0.00229484 0.00209081 0.0031076939 0.0 13 15.3426762696 2.2491927984 0 0 1 3 5 3 0 1 0 8 
850 1 7.03697 16.0353 3.22969 0.00239518 -0.00163894 -9.41577e-04 0.0030511602 0.0 16 22.7465480363 2.1640914608 0 0 1 2 7 4 2 0 0 7 
295 2 1.23071 14.6954 6.68657 -0.00225367 -0.00117621 -0.00202898 0.0032525772 0.0 13 14.4831921402 2.1084423632 0 0 1 3 4 4 1 0 0 7 
42 1 6.81932 8.49422 5.66029 -0.00485526 0.00307786 2.68857e-04 0.0057549158 0.0 13 21.1477224413 2.2217736623 0 0 0 3 6 4 0 0 0 6 
856 1 5.30595 10.9048 6.0592 -0.00202204 -5.78696e-04 0.00103381 0.0023435652 0.0 15 21.2022127098 2.2557439319 0 0 2 3 4 2 4 0 0 7 
110 1 7.95278 14.6455 5.59907 0.00222504 -0.00640206 -0.00163223 0.0069714668 0.0 16 22.5054289687 2.2491927984 0 0 2 2 5 4 3 0 0 7 
210 1 2.6811 12.2568 4.88388 0.00179087 -9.3102e-04 -0.00129743 0.0023994454 0.0 18 24.407125782 2.2580289631 0 0 1 4 4 6 3 0 0 7 
106 2 2.4038 16.2677 8.55508 -0.00595381 0.00232316 0.00319899 0.0071469198 0.0 15 17.7296214931 2.1437233304 0 0 0 2 8 5 0 0 0 6 
574 1 7.94585 11.781 5.84358 0.0013825 -0.00375736 -0.00428289 0.0058627815 0.0 14 20.1949285478 2.1801014249 0 0 2 3 2 5 2 0 0 7 
269 2 4.74926 17.5512 7.79083 0.00487661 -0.00679593 -0.00273723 0.0088010464 0.0 12 17.1293348636 2.194261122 0 0 0 3 6 3 0 0 0 6 
335 1 2.67852 12.4053 1.23649 -0.00169492 -0.00354459 0.00100725 0.0040560356 0.0 16 22.4760269993 2.2002942232 0 0 1 5 1 7 2 0 0 7 
859 1 3.68263 8.31925 4.40108 0.00246678 0.00203979 -4.77272e-04 0.0032362842 0.0 19 23.7937046456 2.3023276702 0 0 1 6 3 4 4 1 0 8 
41 1 18.6287 17.1464 4.35651 -4.20996e-04 -0.00186097 -0.00215207 0.0028760828 0.0 14 22.1593257542 2.2303173776 0 0 2 4 2 2 4 0 0 7 
924 1 12.0837 18.1823 0.144222 -0.00328116 0.00316991 0.00202613 0.0049919478 0.0 16 23.1160852255 2.5300286638 0 0 1 4 4 5 1 1 0 8 
632 1 11.2483 10.0726 0.130818 -0.00248691 8.04914e-05 -4.53e-04 0.0025291123 0.0 14 20.8204716102 2.3294263703 0 0 2 2 5 2 3 0 0 7 
830 1 15.3469 15.9469 4.99477 0.00139396 -7.7019e-04 -0.0032111 0.0035843382 0.0 13 22.9866303031 2.5367103276 0 0 1 5 1 4 2 0 0 7 
367 1 9.7564 10.7573 2.28967 0.00327642 0.00279599 0.00121638 0.0044757199 0.0 14 20.1822133223 2.1825247302 0 0 1 4 3 4 2 0 0 7 
532 1 9.7839 13.9211 8.64009 -0.00412644 8.40025e-04 -0.00229006 0.0047934877 0.0 14 20.7332214853 2.1710217823 0 0 2 0 8 2 2 0 0 7 
985 1 10.641 14.8691 1.81429 0.00223695 -0.00304564 -0.00116843 0.0039553883 0.0 14 22.0749858757 2.2498400253 0 0 1 3 4 5 1 0 0 7 
841 1 14.532 15.308 7.67005 4.66327e-04 0.00115701 -0.00196819 0.0023302156 0.0 13 21.4371113756 2.2351201758 0 0 1 2 6 3 1 0 0 7 
382 1 11.2702 14.892 6.35716 -4.12437e-06 -0.00109284 8.82934e-04 0.0014049515 0.0 13 22.4483691161 2.3111768427 0 0 0 1 10 2 0 0 0 6 
128 1 10.0175 13.1699 4.13568 -0.00101949 -7.79471e-04 -0.00279568 0.0030761602 0.0 16 21.0607811376 2.2352573909 0 0 2 3 3 6 1 1 0 8 
804 1 9.59174 17.2427 7.1557 -0.00297666 0.00115604 -0.00297891 0.0043670171 0.0 15 23.4471989384 2.324261241 0 0 0 1 10 4 0 0 0 6 
55 1 13.1044 12.8589 7.89131 -0.00198389 -9.43226e-04 -4.34166e-05 0.0021971299 0.0 15 21.7424588777 2.2313220346 0 0 0 2 8 5 0 0 0 6 
353 1 15.9125 12.9682 6.80263 -3.39663e-04 0.00128462 0.00147295 0.0019837342 0.0 14 21.9019839692 2.1061342798 0 0 0 4 4 6 0 0 0 6 
656 1 13.2274 13.2385 5.03636 -8.22467e-04 -6.702e-04 3.38265e-05 0.0010614915 0.0 15 23.5598356547 2.6780185966 0 0 1 2 6 5 1 0 0 7 
918 1 9.15115 17.4961 1.58065 -4.04909e-04 0.00232028 -0.0029372 0.0037649428 0.0 17 22.6476690309 2.4004370875 0 0 1 2 7 5 2 0 0 7 
697 1 9.78577 16.5085 4.17672 -3.62238e-04 -0.00211675 -6.32456e-04 0.0022387156 0.0 13 22.1695892007 2.3811392277 0 0 1 2 6 3 1 0 0 7 
978 1 16.0925 9.874 0.554852 8.49082e-04 -1.6314e-04 -8.80714e-04 0.0012341848 0.0 13 20.0402268066 2.2390358254 0 0 0 2 8 3 0 0 0 6 
911 1 16.8728 13.7349 3.80299 -0.0013248 -0.00499856 -0.00138124 0.0053524313 0.0 16 26.7234471855 2.6780185966 0 0 0 4 5 6 1 0 0 7 
357 1 12.7941 16.1159 3.35668 -0.00355995 0.00104643 -5.05159e-04 0.0037447891 0.0 17 28.0629802919 2.6780185966 0 0 1 5 4 3 3 1 0 8 
509 1 10.8334 12.0647 6.44409 -0.00268689 -8.20147e-04 -0.00147159 0.0031713713 0.0 14 19.7192082445 2.2313220346 0 0 0 3 6 5 0 0 0 6 
366 1 12.359 10.9815 4.04136 -0.00262714 -0.00290852 0.00241458 0.004603428 0.0 13 21.3679848444 2.2649014125 0 0 0 1 10 2 0 0 0 6 
84 1 15.3018 12.9011 0.540194 0.00387886 -2.67487e-04 0.00185357 0.0043072991 0.0 17 27.1885641716 2.6780185966 0 0 1 3 6 4 3 0 0 7 
553 1 14.599 10.2557 6.53749 1.31914e-04 0.00125068 0.00145705 0.0019247328 0.0 16 24.2469040104 2.2313220346 0 0 0 4 6 4 2 0 0 7 
276 1 12.5277 12.5049 1.58767 -6.99649e-04 -0.00226874 -0.00290543 0.0037520945 0.0 14 23.6705858846 2.6676175982 0 0 0 4 5 4 1 0 0 7 
926 1 10.8027 11.2806 9.11512 -0.00441085 -0.00109401 6.0499e-04 0.0045845903 0.0 14 20.8753403761 2.2134715748 0 0 1 2 5 6 0 0 0 6 
805 1 15.2979 11.42 3.49961 -0.00334318 1.97955e-04 -0.0013507 0.0036111534 0.0 13 22.8002356536 2.5905508718 0 0 0 3 6 4 0 0 0 6 
923 1 17.4558 15.5929 6.79959 -3.04358e-04 3.17857e-04 0.00593185 0.0059481519 0.0 14 21.1283320515 2.2347396429 0 0 1 3 4 5 1 0 0 7 
738 1 16.9575 16.4146 2.12714 -2.59873e-04 0.00452129 0.00138304 0.0047352293 0.0 15 28.9379852147 2.6617081189 0 0 0 3 6 6 0 0 0 6 
198 1 18.0351 11.6243 1.46426 0.00238647 3.20635e-04 -9.19217e-04 0.0025774029 0.0 15 23.7801672507 2.3637595168 0 0 0 3 6 6 0 0 0 6 
133 1 24.244 15.7216 26.358 0.00371018 0.0054196 0.00124861 0.0066855461 0.0 14 21.9224536622 2.210130492 0 0 0 2 8 4 0 0 0 6 
136 2 26.0093 16.1735 9.03352 0.00170736 -0.00126695 0.0046552 0.0051177268 0.0 12 16.9617715556 2.2999604392 0 0 1 2 6 2 1 0 0 7 
150 1 21.4698 18.1707 8.12293 -0.00157565 0.00143502 -0.00197397 0.0029049119 0.0 14 21.50072968 2.2650134368 0 0 1 4 2 6 1 0 0 7 
715 1 21.5255 17.6643 5.20378 -9.64926e-04 0.00114277 6.56687e-04 0.0016334758 0.0 14 22.3174320272 2.2319554923 0 0 0 4 5 4 1 0 0 7 
621 2 20.2616 15.3689 7.96393 0.00416921 2.93254e-04 -0.00110403 0.0043228685 0.0 16 18.6790944301 2.2319554923 0 0 2 2 5 5 1 1 0 8 
559 2 20.4165 12.9261 9.09067 -1.16882e-04 -0.00235777 -1.65668e-04 0.0023664714 0.0 15 12.9977699286 2.0731578388 0 0 1 3 6 3 1 1 0 8 
692 2 25.3699 14.1741 7.68674 -0.00355091 -0.0022989 0.00177721 0.0045882871 0.0 14 13.6965706047 1.9786529045 0 0 1 2 7 2 2 0 0 7 
270 2 1.09807 8.98312 6.05223 -0.00207781 -0.00114971 -0.00249031 0.0034410422 0.0 14 16.6591250159 2.2536509326 0 0 1 3 4 5 1 0 0 7 
108 2 25.9681 15.3736 5.50839 0.00381561 -0.00353833 -9.28966e-04 0.0052859849 0.0 13 16.4800128864 2.1591399748 0 0 0 4 5 3 1 0 0 7 
945 2 19.617 9.55096 7.01331 0.00209494 0.00385694 -3.09979e-04 0.0044000962 0.0 15 16.1464459858 2.1154739757 0 0 0 4 5 5 1 0 0 7 
356 2 19.2599 12.6736 6.46497 -0.00616483 2.63741e-04 -6.97332e-04 0.0062097472 0.0 15 21.2195981592 2.306628013 0 0 1 1 9 2 2 0 0 7 
493 1 18.8834 17.6951 26.3558 3.85181e-04 -3.16679e-04 -7.86174e-04 9.3097773877e-04 0.0 15 23.7404369664 2.3326174996 0 0 1 2 7 3 2 0 0 7 
92 1 17.2814 10.4812 5.34726 1.48342e-04 1.34239e-04 -2.77943e-04 3.4245841986e-04 0.0 14 21.7675622465 2.3637595168 0 0 0 2 8 4 0 0 0 6 
992 1 21.2018 15.4313 -0.0226586 -0.00306444 -4.08117e-04 -0.00275189 0.0041388707 0.0 13 23.1111489819 2.276912503 0 0 0 1 10 2 0 0 0 6 
929 1 24.1273 13.0577 0.633575 -0.00192458 0.0015061 0.00109753 0.0026789769 0.0 14 22.9230018333 2.3613671172 0 0 0 1 10 3 0 0 0 6 
941 2 17.5933 10.8391 8.3738 -0.00385015 -0.00370378 0.00141928 0.0055277479 0.0 15 16.8805046431 2.0731578388 0 0 1 3 5 4 2 0 0 7 
449 1 19.3872 13.9985 2.49897 0.00122038 0.00133086 -9.1638e-04 0.0020249118 0.0 14 24.0142458952 2.354956103 0 0 1 4 3 4 2 0 0 7 
245 1 20.6309 17.0113 2.40583 -0.00318503 0.00245265 -5.46717e-04 0.0040569456 0.0 15 22.5612084361 2.3524883055 0 0 1 4 3 5 2 0 0 7 
619 1 0.294048 13.9654 26.5635 -0.0010474 -7.16913e-04 -0.00280633 0.0030800161 0.0 14 22.3468641305 2.1972076593 0 0 0 4 4 6 0 0 0 6 
788 2 24.5074 12.2061 6.53757 -8.06863e-05 -0.00413857 -4.65953e-04 0.0041654993 0.0 13 13.8556559496 1.9645285919 0 0 0 1 10 2 0 0 0 6 
187 2 26.0346 10.3704 7.00088 0.0027499 -0.0034402 -0.00407996 0.0060035822 0.0 11 12.7478698559 2.1184543154 0 0 0 3 6 2 0 0 0 6 
213 2 21.5225 11.2698 7.25328 -0.00145156 -0.00179447 -0.00102961 0.0025273001 0.0 13 14.009212194 2.0666260653 0 0 1 0 9 3 0 0 0 6 
217 1 20.5874 15.0194 4.94704 -0.00138871 -6.74918e-04 -6.93902e-04 0.0016927876 0.0 15 21.4542223793 2.2347396429 0 0 3 4 1 2 4 1 0 8 
503 2 23.7098 9.84407 7.71223 3.10616e-04 -0.00116402 -2.10296e-04 0.0012229674 0.0 14 13.6273292401 1.9243183863 0 0 1 2 7 2 2 0 0 7 
890 1 23.8065 17.5188 3.35313 0.00231314 -9.36071e-04 0.00332307 0.0041556756 0.0 14 23.3023394137 2.210130492 0 0 0 4 4 6 0 0 0 6 
363 1 25.5394 15.4676 2.13796 -2.71918e-04 0.00169693 0.00191763 0.002575037 0.0 14 21.7890456408 2.187753317 0 0 0 3 6 5 0 0 0 6 
951 1 21.5652 11.9283 2.08692 0.00141575 1.67076e-04 -0.00349118 0.0037710211 0.0 14 21.2692243397 2.2063460833 0 0 0 6 1 6 1 0 0 7 
139 1 22.4024 14.8802 2.90015 0.00223442 -0.00396751 -0.00170748 0.0048630501 0.0 14 22.125188985 2.210130492 0 0 0 2 8 4 0 0 0 6 
259 1 23.9521 10.4552 2.21431 -7.48472e-04 0.00300864 -0.0010842 0.0032844504 0.0 14 21.8501071081 2.2773823797 0 0 1 1 8 3 1 0 0 7 
681 2 25.7969 9.70815 4.61992 -0.00107203 0.00114162 0.00136004 0.0020741874 0.0 14 18.3132830338 2.355075061 0 0 1 1 8 3 1 0 0 7 
485 2 21.9911 13.5774 7.32064 -4.71103e-04 -0.0023691 0.00141629 0.0028000804 0.0 12 14.1770328928 2.1833985777 0 0 0 3 6 3 0 0 0 6 
562 1 26.3273 8.47766 1.39628 -0.00215435 -0.00382433 0.00377373 0.0057885889 0.0 16 23.4808746657 2.3089978305 0 0 0 2 8 6 0 0 0 6 
372 2 23.7017 14.6787 5.73254 5.72406e-05 0.00229027 0.00447926 0.0050311414 0.0 15 17.1746710957 2.2153190698 0 0 1 3 5 4 2 0 0 7 
411 1 26.4138 11.9901 1.69582 0.00506606 0.00300942 -4.09559e-04 0.0059067175 0.0 13 19.933054032 2.355075061 0 0 0 3 6 4 0 0 0 6 
466 2 26.8099 12.899 6.0182 0.00706262 -0.00263802 0.00108766 0.0076172669 0.0 17 16.7084580945 2.355075061 0 0 2 5 2 3 4 1 0 8 
236 2 24.7819 13.1308 4.17831 -0.00111451 0.0020803 0.00308041 0.0038805549 0.0 14 19.5845651082 2.3214492153 0 0 0 4 4 6 0 0 0 6 
568 2 22.425 12.4122 4.95653 -2.60008e-04 -0.00206025 -0.00146442 0.0025410156 0.0 13 16.8703455063 2.2294379546 0 0 1 2 5 5 0 0 0 6 
354 2 23.4573 15.9803 8.08639 2.46761e-04 2.79116e-05 0.00126425 0.0012884091 0.0 16 19.0106474822 2.2846081989 0 0 1 4 4 4 3 0 0 7 
132 2 23.1421 10.0991 5.27114 -5.59249e-04 -0.00543222 8.75446e-04 0.0055306581 0.0 14 14.6187024907 2.128368317 0 0 0 3 6 5 0 0 0 6 
836 2 20.1945 10.8081 4.80563 8.81063e-04 1.85922e-04 0.00287277 0.0030105891 0.0 16 20.6607761827 2.3637595168 0 0 1 2 6 6 1 0 0 7 
314 2 22.0203 8.62047 6.59847 0.00151068 2.97456e-04 -0.00314438 0.0035011084 0.0 16 13.5208322168 2.0320873072 0 0 1 5 3 4 2 1 0 8 
866 2 2.76627 21.7246 26.4647 6.64965e-04 0.00222232 -2.47503e-04 0.00233284 0.0 14 18.2085072446 2.3366538179 0 0 1 3 5 3 2 0 0 7 
79 2 7.25388 23.0518 5.8829 0.00544139 -1.59653e-04 0.00201773 0.0058056394 0.0 13 13.1716997822 1.9893077767 0 0 1 3 4 4 1 0 0 7 
647 2 6.60323 22.6836 0.467327 2.38514e-04 1.26287e-04 0.00414694 0.0041557128 0.0 14 12.8339736142 1.8922157038 0 0 0 4 4 6 0 0 0 6 
26 2 8.59273 20.3644 6.84078 -8.17649e-04 -2.46172e-04 -0.00184633 0.0020342284 0.0 14 17.6161414153 2.1321588985 0 0 1 3 4 5 1 0 0 7 
144 2 1.29498 -0.141658 1.85141 -0.00320717 -0.00575011 -6.85658e-04 0.0066196549 0.0 12 15.2515781819 2.2985001706 0 0 0 3 6 3 0 0 0 6 
607 2 3.95994 19.5648 2.13314 0.00184461 -3.31825e-04 -0.00383403 0.0042676082 0.0 13 15.1649367317 2.1765904625 0 0 1 3 5 2 2 0 0 7 
257 2 5.31259 19.6095 6.91193 -8.28138e-04 0.00254662 6.18208e-04 0.0027483208 0.0 15 16.1087458838 2.2432167996 0 0 0 4 5 5 1 0 0 7 
428 2 2.2031 24.3421 2.43478 -4.53493e-04 0.00104431 -0.0018336 0.0021583161 0.0 13 12.9493547067 2.1217169265 0 0 0 3 6 4 0 0 0 6 
825 2 5.76349 21.4188 2.23506 0.00125485 -2.64268e-04 -0.00158963 0.0020424029 0.0 12 12.5574808922 1.8851149191 0 0 0 4 4 4 0 0 0 6 
687 2 4.0844 20.6454 4.0876 0.00200405 -3.87008e-04 0.00604885 0.0063839312 0.0 16 13.898678961 2.0453284631 0 0 2 2 5 4 3 0 0 7 
313 2 0.401968 22.329 1.62472 0.00219957 0.00385682 0.00101998 0.004555604 0.0 13 17.6888134692 2.2565661108 0 0 1 4 2 5 1 0 0 7 
634 2 6.82605 18.1494 5.69984 5.4304e-04 0.00187774 1.67524e-06 0.0019546874 0.0 15 18.329032073 2.0771331589 0 0 1 3 4 6 1 0 0 7 
158 2 26.8071 17.5339 4.37394 0.00223669 1.23912e-04 7.04219e-05 0.0022412264 0.0 14 18.9820752917 2.175422231 0 0 2 2 5 2 3 0 0 7 
183 2 6.90797 24.9755 1.63068 -7.60312e-04 -0.00176967 0.00279519 0.0033945388 0.0 14 13.7187428264 2.01521295 0 0 1 3 4 5 1 0 0 7 
111 2 7.39781 22.1508 8.07682 0.00135916 5.73548e-04 8.74043e-04 0.0017147082 0.0 14 18.0840350816 2.2703077923 0 0 1 2 6 4 1 0 0 7 
600 2 0.135801 17.1212 7.02441 -0.00380587 0.00228031 0.0024201 0.0050538445 0.0 15 17.5962613776 2.1469037776 0 0 0 5 4 4 2 0 0 7 
718 2 1.98222 18.4598 3.4248 -1.77552e-04 -0.0010162 0.00172223 0.0020075516 0.0 13 14.9915953163 2.2188238338 0 0 2 3 3 2 3 0 0 7 
390 2 7.53402 26.5158 7.4116 -3.27153e-04 -0.00195965 -0.00218872 0.002955969 0.0 13 12.8872506522 1.862410371 0 0 0 4 4 5 0 0 0 6 
797 2 3.09102 18.4837 6.08902 7.42551e-04 0.00128154 -0.00152019 0.0021224289 0.0 15 12.9408332249 1.9380638982 0 0 2 3 4 4 0 2 0 8 
162 2 8.47127 19.2036 4.57873 0.00167843 -4.61847e-04 -0.00104184 0.0020287584 0.0 12 14.0864768226 2.147164351 0 0 1 2 6 2 1 0 0 7 
76 2 4.70249 25.9943 7.68818 -0.00374298 -0.00140928 0.00269379 0.0048220819 0.0 14 12.53861525 1.884828907 0 0 0 3 6 5 0 0 0 6 
717 2 2.38286 26.631 8.83869 -0.00144151 0.00121591 8.87221e-04 0.0020841184 0.0 15 16.2250828013 2.1812318325 0 0 1 3 4 6 1 0 0 7 
740 2 7.43541 23.1373 3.55341 -0.00132019 -0.00149752 7.64321e-04 0.002137675 0.0 15 13.7100212563 1.9451214749 0 0 1 3 6 3 1 1 0 8 
772 2 4.89478 21.6151 8.65348 -0.00415377 0.00140762 0.00442372 0.0062293256 0.0 16 20.0604362809 2.3367249868 0 0 0 3 7 5 1 0 0 7 
445 2 8.61927 26.0086 3.16194 -0.0026198 2.47683e-04 2.116e-04 0.002639976 0.0 16 15.0296827171 2.1571528218 0 0 1 2 7 4 2 0 0 7 
879 2 26.8386 20.4233 8.18548 0.00181461 0.00177876 -5.00312e-04 0.0025898086 0.0 15 20.9205629359 2.2119237015 0 0 1 1 9 2 2 0 0 7 
808 2 1.50747 20.6539 3.52591 -0.00161005 0.00287854 -0.00203836 0.0038772626 0.0 14 13.4136530231 2.2180127156 0 0 3 3 2 2 3 1 0 8 
413 2 1.82947 20.0063 1.20889 6.80056e-04 4.85708e-04 -0.00384612 0.0039358643 0.0 14 17.7231706643 2.2716808384 0 0 1 2 7 2 2 0 0 7 
123 1 25.823 18.0873 0.919116 -0.00315416 -0.00430854 -0.00111744 0.0054553565 0.0 14 23.1757937775 2.2716808384 0 0 0 3 6 5 0 0 0 6 
957 2 1.58727 24.1803 0.279574 -0.00193002 0.00150757 0.001219 0.0027356362 0.0 15 17.9044845011 2.3392522897 0 0 0 4 5 5 1 0 0 7 
935 2 6.63022 20.8883 4.50514 0.00190982 0.00358798 0.00146278 0.0043198077 0.0 15 13.8093924498 2.0453284631 0 0 1 2 6 5 1 0 0 7 
373 2 6.06453 25.2734 5.98067 0.00244378 0.00203507 0.00157196 0.003547482 0.0 15 12.9461733513 1.9451214749 0 0 1 4 2 7 1 0 0 7 
175 2 26.4766 24.746 2.07939 7.93413e-04 -7.58526e-04 2.87933e-04 0.0011348001 0.0 14 18.005627078 2.264323363 0 0 1 2 5 6 0 0 0 6 
462 2 1.83459 24.5541 6.87575 -0.00370627 0.00236297 -0.00286559 0.005247063 0.0 15 13.4664175709 1.8424621621 0 0 2 2 5 4 1 1 0 8 
605 2 2.752 22.0844 2.1391 0.00253877 -0.00184207 -0.00129341 0.0033928579 0.0 14 12.4221897356 1.8690010254 0 0 0 4 4 6 0 0 0 6 
273 1 7.56915 18.953 9.08242 0.00771393 8.86413e-04 -0.00224623 0.0080830683 0.0 15 23.4550965721 2.2432167996 0 0 0 1 10 4 0 0 0 6 
196 2 1.38692 25.0319 4.66831 3.63192e-05 -8.71631e-04 -0.00234049 0.0024977896 0.0 14 11.9109015215 1.8422617505 0 0 1 4 3 5 0 1 0 8 
722 2 6.11599 24.1306 8.17975 0.00231 1.53421e-04 -0.00315515 0.0039133885 0.0 12 12.9298949461 2.2512477177 0 0 0 2 8 2 0 0 0 6 
126 2 3.93143 23.3445 7.62416 6.25442e-05 -0.00481109 0.00255263 0.0054466888 0.0 12 12.5304653596 1.9741026778 0 0 0 3 6 3 0 0 0 6 
124 2 4.19984 17.8598 3.76206 0.00190507 0.00233466 0.00227689 0.0037767919 0.0 14 15.7530513527 2.1302396188 0 0 1 3 4 5 1 0 0 7 
744 2 3.61033 25.7927 0.759012 -4.20172e-04 -1.4321e-04 -0.00319355 0.0032242542 0.0 15 14.9855548313 2.1249170427 0 0 0 1 10 4 0 0 0 6 
786 2 2.73649 22.5427 5.08705 -0.00121949 -0.00102623 0.00281513 0.0032350055 0.0 15 13.5245084913 1.8506148537 0 0 1 2 6 5 1 0 0 7 
725 2 5.1094 23.4515 3.28038 0.00115754 9.10388e-04 -6.27501e-04 0.0016007694 0.0 16 14.9972900139 2.1249170427 0 0 1 2 8 3 1 1 0 8 
214 2 5.05697 22.2262 5.86373 -3.16504e-04 -0.00169687 -1.62754e-04 0.0017337911 0.0 14 13.4962446661 2.0276873559 0 0 1 1 8 3 1 0 0 7 
616 2 0.748972 22.9301 3.9644 -6.36118e-04 5.07081e-04 -4.88779e-04 9.4904276054e-04 0.0 13 13.5435794679 2.2968617657 0 0 1 2 6 3 1 0 0 7 
776 2 2.68552 18.7886 8.33493 -0.00528986 -1.31818e-04 -2.84299e-05 0.0052915785 0.0 13 16.331086608 2.1834459674 0 0 0 3 6 4 0 0 0 6 
278 2 6.79375 19.1521 2.71643 -8.84473e-04 6.11044e-04 -0.0025609 0.0027773866 0.0 13 16.7752942177 2.2621122726 0 0 0 3 6 4 0 0 0 6 
748 2 1.09671 19.7574 5.87999 0.00569018 0.00105494 -0.00259273 0.0063413954 0.0 16 15.6968974296 2.1803159294 0 0 5 2 2 1 3 3 0 8 
489 2 3.28257 20.7319 6.49218 -0.0015088 0.00163069 -6.68455e-04 0.0023200128 0.0 13 12.3467117092 1.938133267 0 0 3 2 3 2 2 1 0 8 
765 2 5.95523 25.9539 3.57821 -0.00112954 0.00184783 -0.00201343 0.0029570656 0.0 14 15.0196935989 2.1249170427 0 0 0 3 6 5 0 0 0 6 
160 2 10.2868 20.3251 0.756296 -0.00133691 2.35085e-04 -0.00254154 0.0028813224 0.0 13 16.8637412614 2.2538094266 0 0 1 2 6 3 1 0 0 7 
999 2 9.87247 23.3997 6.10344 0.001517 -2.50582e-04 -7.50357e-04 0.0017108816 0.0 13 13.5752888164 2.118529321 0 0 1 2 6 3 1 0 0 7 
289 1 14.087 20.6387 8.67452 0.00157986 0.00290416 7.30386e-04 0.0033857889 0.0 15 23.0774504234 2.3116791338 0 0 1 2 7 3 2 0 0 7 
938 1 15.7006 18.3379 7.10756 -0.00191174 6.94047e-04 -2.68185e-04 0.0020514322 0.0 13 21.0167002817 2.1874362743 0 0 1 2 6 3 1 0 0 7 
248 1 18.0327 23.4632 8.07744 3.72115e-05 -5.16963e-04 0.00181232 0.0018849772 0.0 15 22.3539167159 2.3616707596 0 0 1 4 4 3 3 0 0 7 
544 1 11.4301 19.002 8.82322 -0.00119907 -0.00583912 -0.00298041 0.0066645281 0.0 15 23.6737153047 2.3675580051 0 0 1 4 5 2 2 1 0 8 
811 2 14.107 25.3657 2.28534 -0.0030504 0.00200452 -0.00112417 0.0038192668 0.0 14 17.6070750284 2.1268985834 0 0 1 4 3 4 2 0 0 7 
202 2 9.68687 24.0261 3.77178 0.00220699 0.00232206 -0.00164861 0.0036028714 0.0 13 13.1781200279 1.9295942897 0 0 0 3 6 4 0 0 0 6 
676 2 13.6491 20.8767 5.23287 0.00238182 0.00252411 0.0010281 0.0036195562 0.0 15 21.7290105329 2.2272222386 0 0 1 3 4 6 1 0 0 7 
102 2 12.9039 21.1262 0.431113 -0.00199353 9.87852e-04 -1.24619e-04 0.0022283499 0.0 13 19.1248482063 2.2206373484 0 0 0 1 10 2 0 0 0 6 
143 2 10.2667 25.7843 0.541399 -1.40589e-04 -7.32866e-05 0.0024998 0.0025048226 0.0 16 14.7737476439 2.0013850209 0 0 3 3 5 0 2 3 0 8 
760 2 11.5094 21.6059 2.71917 -0.00390997 -0.00280384 -0.00247376 0.0054100714 0.0 14 15.295665505 2.0523987223 0 0 0 4 4 6 0 0 0 6 
60 1 16.8165 21.3883 4.0094 0.00397086 -3.52145e-04 0.00309116 0.0050445025 0.0 14 23.2884358161 2.3888582308 0 0 1 2 6 4 1 0 0 7 
293 1 13.3925 18.9305 2.82696 -7.15443e-04 0.00199573 -0.00115025 0.0024120265 0.0 17 25.8496595865 2.5772682961 0 0 2 4 5 1 3 2 0 8 
620 2 11.4452 24.8742 8.28872 0.00441361 -3.02318e-04 0.00127639 0.0046044023 0.0 13 15.7983128529 2.0942548947 0 0 1 4 3 3 2 0 0 7 
792 1 16.5798 21.1101 7.05123 0.00408112 -0.00263444 0.00121136 0.0050063168 0.0 14 23.243017426 2.3462281023 0 0 0 1 10 3 0 0 0 6 
513 2 13.0712 23.6347 0.199345 -0.00164579 -0.00188216 -4.58336e-04 0.0025418936 0.0 14 17.2286500281 2.1268985834 0 0 1 1 8 3 1 0 0 7 
141 2 9.243 21.4144 4.84171 -0.00198092 -2.94162e-04 -0.00156519 0.0025417307 0.0 12 12.4221298552 1.9318008741 0 0 0 4 4 4 0 0 0 6 
689 2 11.2933 25.3862 5.84628 0.00122907 -0.00146007 -0.00218071 0.0028979154 0.0 15 13.3231833021 2.0754158355 0 0 1 3 5 4 2 0 0 7 
545 2 8.76102 23.4986 1.3415 -6.12549e-04 -0.00776847 0.00316935 0.0084124385 0.0 16 14.3083970936 1.9295942897 0 0 4 1 4 3 2 2 0 8 
768 1 16.0012 18.6195 4.18807 4.00299e-04 0.00147162 -8.76243e-04 0.0017588935 0.0 15 23.8393350319 2.3339935144 0 0 2 3 4 2 4 0 0 7 
754 2 8.68564 25.4086 5.66849 0.00423091 -1.17393e-04 -0.00141803 0.0044637641 0.0 13 12.6990171665 1.9451214749 0 0 0 4 4 5 0 0 0 6 
482 2 11.6611 26.4877 4.05601 -4.75251e-04 0.00155829 -0.00252034 0.0030010406 0.0 16 15.2169364616 2.1571528218 0 0 0 6 3 4 3 0 0 7 
947 1 15.9528 20.0903 1.18617 -0.00332065 -1.72313e-05 -8.9779e-04 0.0034399186 0.0 15 25.8474774266 2.5564560427 0 0 0 5 4 4 2 0 0 7 
290 2 8.76791 20.8524 2.70405 9.75721e-04 -0.00364646 5.72094e-04 0.003817852 0.0 16 14.1892490015 1.9742090345 0 0 2 2 6 3 2 1 0 8 
724 2 12.065 23.1471 4.43566 -0.00140228 -0.0010685 0.00184343 0.002550748 0.0 15 14.6277419257 1.9805044517 0 0 1 3 4 6 1 0 0 7 
385 2 10.6351 19.7097 4.02811 -5.65536e-04 -0.00109475 -0.00244656 0.0027393365 0.0 16 18.8365952304 2.4004370875 0 0 2 3 4 3 4 0 0 7 
72 1 16.2893 23.3605 1.54121 -0.00206979 -0.00289801 7.42725e-04 0.0036378748 0.0 16 24.2229695618 2.4073428106 0 0 0 3 6 7 0 0 0 6 
496 2 15.706 25.3314 6.98213 -0.00173095 4.00741e-04 -0.00618734 0.0064373875 0.0 13 17.4558882852 2.2790991648 0 0 1 4 4 1 3 0 0 7 
467 2 15.8385 23.9962 4.97073 -3.81664e-04 -0.00293026 0.0012902 0.0032243925 0.0 14 17.8313226315 2.1533582391 0 0 1 4 3 4 2 0 0 7 
53 1 12.7311 17.8238 6.15427 -5.46145e-04 -0.00283075 3.34917e-06 0.0028829553 0.0 16 27.1192668996 2.324261241 0 0 0 2 8 6 0 0 0 6 
712 2 13.5742 25.1565 4.81837 -0.0037771 0.00136772 -0.00515901 0.0065385416 0.0 17 15.3063865425 2.1437210597 0 0 3 3 4 1 5 1 0 8 
32 2 11.4009 24.5271 2.35125 -6.77889e-04 0.00201991 0.00384402 0.0043950039 0.0 16 14.6606049121 1.9047207911 0 0 3 2 3 5 2 1 0 8 
430 2 10.9977 22.5263 0.53919 -8.63975e-04 7.69586e-04 5.16887e-04 0.0012672362 0.0 14 13.8741252521 2.1747258523 0 0 3 1 5 3 0 2 0 8 
893 2 11.1439 20.7598 6.472 8.20002e-05 -0.00253901 0.00260424 0.0036380437 0.0 13 18.4223996113 2.1875987171 0 0 1 3 5 2 2 0 0 7 
324 2 14.3891 23.1533 6.48053 -0.00505715 0.00104248 0.00271714 0.0058347562 0.0 15 16.7257769968 2.3616707596 0 0 3 3 3 2 2 2 0 8 
256 2 13.9232 22.4734 3.00789 0.00466037 0.00176948 -0.00542811 0.0073698362 0.0 14 19.2762390122 2.2359098718 0 0 0 4 4 6 0 0 0 6 
483 2 12.1733 22.8023 7.37313 -0.00117499 0.00240515 3.07987e-04 0.0026944766 0.0 14 16.7653602554 2.1298649688 0 0 3 2 1 6 2 0 0 7 
9 2 0.476823 21.9377 6.12605 3.07029e-04 -1.85515e-04 0.00109405 0.0011513592 0.0 13 14.430907959 2.1139354767 0 0 2 3 2 4 2 0 0 7 
300 1 24.0708 24.3889 26.272 1.67878e-04 -0.00254886 7.10544e-05 0.0025553706 0.0 17 22.6011741371 2.3256475745 0 0 1 5 4 4 1 2 0 8 
378 2 26.6223 26.7313 3.71051 -0.00132145 0.00242249 -0.00619902 0.0067854651 0.0 13 16.2846875984 2.3659955883 0 0 0 1 10 2 0 0 0 6 
116 1 18.8092 23.4937 5.46487 0.00149213 -0.00137701 9.22956e-04 0.0022303489 0.0 15 22.6656278769 2.2946923263 0 0 1 4 4 3 3 0 0 7 
815 1 21.1115 23.5738 7.81201 2.03908e-04 -7.35321e-04 0.00102325 0.0012764466 0.0 13 21.6286061345 2.2986794463 0 0 3 2 3 3 1 0 1 9 
683 1 23.8766 22.8753 2.3177 0.00302154 -0.00441409 0.00315921 0.0062124474 0.0 17 25.1870692234 2.2968617657 0 0 2 3 3 7 1 1 0 8 
505 1 24.2222 21.5891 5.88634 -4.98625e-05 0.00225942 -0.00354938 0.0042077979 0.0 15 22.2541656321 2.2968617657 0 0 0 3 6 6 0 0 0 6 
182 1 21.9674 20.7363 7.23541 0.00121232 -0.00179158 6.29963e-05 0.0021641274 0.0 16 21.6840832535 2.2946923263 0 0 1 5 3 3 4 0 0 7 
419 1 19.4747 20.2999 4.89825 0.00293761 -0.00232466 0.00203382 0.0042626307 0.0 15 24.1964241289 2.2946923263 0 0 1 3 5 4 2 0 0 7 
298 1 25.4029 20.3375 3.66652 -5.2326e-04 8.14824e-04 -0.00291794 0.0030744289 0.0 15 23.2564649471 2.2830753557 0 0 0 2 9 3 1 0 0 7 
961 1 18.9388 24.4731 0.268029 0.00244301 -8.54653e-06 -0.00253011 0.0035170766 0.0 12 20.526789166 2.2132569352 0 0 0 2 8 2 0 0 0 6 
785 1 22.2499 20.1627 4.12884 -0.00192121 2.80961e-04 0.00273206 0.0033517367 0.0 15 24.7162067295 2.3524883055 0 0 0 2 8 5 0 0 0 6 
624 1 24.1874 18.581 6.3721 -0.004016 -0.00146777 4.71127e-04 0.0043016933 0.0 17 24.6011793661 2.2119237015 0 0 1 3 6 4 3 0 0 7 
400 1 21.4338 24.5987 1.99079 -0.0023454 0.00124355 0.00158443 0.0030915589 0.0 13 22.667829779 2.2310701293 0 0 1 3 4 4 1 0 0 7 
868 1 19.4673 21.0663 8.39271 -0.00420797 -0.00229432 -7.81407e-04 0.00485608 0.0 14 22.3534475671 2.2946923263 0 0 0 4 5 4 1 0 0 7 
713 1 19.8789 22.3282 2.98367 -0.00277028 -0.00185145 0.00281593 0.0043625429 0.0 14 23.5425666256 2.4073428106 0 0 0 3 6 5 0 0 0 6 
982 1 21.8863 23.5147 5.18117 -0.00213731 9.49855e-04 6.77536e-04 0.0024350305 0.0 15 22.9203350002 2.3128080671 0 0 0 3 7 4 1 0 0 7 
271 1 21.7216 21.1084 0.841686 -9.13264e-04 -5.10863e-04 -0.00273939 0.0029324546 0.0 13 23.289660556 2.3524883055 0 0 2 2 3 5 1 0 0 7 
617 1 23.7826 25.2302 4.14309 0.00121763 -0.00486075 4.28932e-04 0.005029264 0.0 13 21.4665409017 2.2247475424 0 0 0 3 6 4 0 0 0 6 
702 1 21.7771 26.4252 6.30374 0.00350576 -1.28025e-04 -2.81489e-04 0.0035193721 0.0 15 24.0637718459 2.2865445619 0 0 0 3 6 6 0 0 0 6 
703 1 23.818 24.0655 7.20887 -8.44384e-04 8.84228e-04 0.00153 0.0019585054 0.0 15 20.6633581643 2.0709298807 0 0 1 2 7 3 2 0 0 7 
384 1 18.82 19.4195 1.99817 -0.00109308 -8.43993e-05 -0.00408521 0.0042297622 0.0 16 25.8523297407 2.4073428106 0 0 1 5 3 3 4 0 0 7 
547 1 18.603 18.3126 7.15334 -0.00213947 0.00179721 6.71653e-05 0.002794961 0.0 15 22.5087229519 2.2687602497 0 0 2 2 5 3 3 0 0 7 
437 1 21.0624 0.405908 3.6791 0.00107695 0.00191414 0.00203632 0.0029950547 0.0 15 23.1850833 2.3128080671 0 0 0 2 8 5 0 0 0 6 
781 1 24.244 0.0452903 1.56261 -6.49636e-04 8.3224e-04 -0.00126021 0.0016440133 0.0 15 23.2063966633 2.1960591867 0 0 1 3 4 6 1 0 0 7 
920 1 24.3408 20.4094 0.843709 0.00149416 -2.36469e-04 -9.18869e-04 0.0017699582 0.0 13 21.641002983 2.3256475745 0 0 0 5 3 4 1 0 0 7 
342 2 26.5994 23.2168 8.12098 0.00235303 0.00376212 0.0016367 0.0047295966 0.0 13 17.5838853965 2.1102063104 0 0 0 1 10 2 0 0 0 6 
573 2 26.1766 24.4079 5.41245 9.47439e-04 -7.92256e-04 0.00177291 0.0021606758 0.0 13 16.4718575491 2.2968617657 0 0 0 3 6 4 0 0 0 6 
231 2 -0.0451539 26.0121 7.2623 -0.00176833 8.67679e-04 0.00408413 0.0045343109 0.0 16 13.6568217635 2.0189558057 0 0 1 5 2 6 1 1 0 8 
207 1 18.6684 25.0046 3.06446 0.00356833 -0.00302217 -6.90432e-04 0.004726858 0.0 14 21.2463757356 2.3128080671 0 0 0 1 10 3 0 0 0 6 
828 1 22.6892 18.1305 0.490013 0.00273432 -0.00371322 -0.00332912 0.0056874905 0.0 15 23.0598626894 2.3406120519 0 0 0 5 3 6 1 0 0 7 
369 2 25.289 0.363094 6.00545 -0.00160423 0.00169156 0.0015301 0.0027885722 0.0 12 14.5466806735 2.053481236 0 0 0 2 8 2 0 0 0 6 
614 1 6.72255 6.92313 15.128 -0.00415379 -0.00361522 6.58711e-04 0.0055459613 0.0 13 20.6635650953 2.272135904 0 0 0 3 6 4 0 0 0 6 
855 1 3.57102 0.943243 11.4786 -1.6608e-04 -1.36569e-04 0.00152893 0.0015439756 0.0 12 20.9601622487 2.1773645105 0 0 0 2 8 2 0 0 0 6 
8 1 2.54054 8.56027 13.9286 -0.00264193 4.28159e-04 -0.00285841 0.0039158169 0.0 14 22.574889985 2.3232879557 0 0 0 3 6 5 0 0 0 6 
7 1 8.36329 4.60126 14.8542 1.61562e-04 0.00425183 -0.00103488 0.0043789425 0.0 15 23.6036820064 2.2399993941 0 0 0 4 4 7 0 0 0 6 
779 1 5.01372 3.28111 11.0201 -0.00179254 -2.00873e-04 -2.87994e-04 0.0018266062 0.0 15 21.696641706 2.2008831051 0 0 0 1 10 4 0 0 0 6 
813 1 5.6012 4.86523 17.193 -7.48965e-04 -0.00380142 -0.00237716 0.0045456168 0.0 14 22.2026123717 2.2700940787 0 0 0 3 6 5 0 0 0 6 
470 2 2.96293 8.3302 10.5072 -0.00122451 -8.55992e-04 0.00157519 0.0021710298 0.0 15 19.1825088607 2.2447426836 0 0 0 3 6 6 0 0 0 6 
780 1 7.89503 6.932 9.65121 0.00184724 0.00282397 0.00284909 0.0044163804 0.0 15 21.9859134965 2.181044975 0 0 0 3 6 6 0 0 0 6 
341 2 3.85436 1.65756 8.33053 -0.00154167 -0.00413827 0.00110664 0.004552656 0.0 13 15.1772868133 2.104489717 0 0 0 1 10 2 0 0 0 6 
127 2 0.688496 8.83155 8.6107 -9.87036e-04 -0.00143185 -0.0022056 0.0028087552 0.0 16 14.06712031 1.8564984516 0 0 1 5 3 3 4 0 0 7 
319 1 8.78214 8.73798 16.8727 -6.1914e-04 -0.00383839 -0.00141867 0.0041387434 0.0 19 23.9546833149 2.2978141202 0 0 1 3 6 7 1 1 0 8 
910 1 5.32698 4.61131 14.121 -0.00152934 -0.00219523 -5.63342e-04 0.002734094 0.0 13 22.5650195107 2.2700940787 0 0 0 3 6 4 0 0 0 6 
907 1 2.06348 5.7528 14.8153 -0.00429383 -2.85973e-04 -0.00130528 0.0044969448 0.0 15 22.6037221643 2.2700940787 0 0 0 3 6 6 0 0 0 6 
148 2 7.95038 2.14468 10.2368 9.44704e-04 -0.00172146 -0.00549596 0.0058362202 0.0 14 16.9016717837 2.2008831051 0 0 0 3 7 3 1 0 0 7 
994 2 4.88185 3.65591 7.42817 -0.00203984 0.0010403 0.00215278 0.0031428702 0.0 14 14.571391287 2.0476860479 0 0 0 2 9 2 1 0 0 7 
441 1 0.33032 1.08158 14.8873 5.38951e-04 0.00187248 0.00129634 0.0023403305 0.0 13 22.3547286048 2.2183494672 0 0 1 3 5 2 2 0 0 7 
838 1 0.362002 3.77309 16.0189 -4.04242e-04 1.97494e-04 0.0047698 0.0047909715 0.0 14 23.8920990477 2.1667021416 0 0 0 4 5 4 1 0 0 7 
364 2 0.476123 6.2227 12.2826 -0.00182453 -0.00378452 1.76839e-05 0.0042014062 0.0 13 16.2124973184 2.1347537431 0 0 0 3 6 4 0 0 0 6 
223 1 7.24864 4.65254 11.8241 0.00272459 0.00394927 2.25189e-05 0.004797982 0.0 16 22.0906029506 2.1491565436 0 0 0 4 4 8 0 0 0 6 
698 1 3.77115 7.11505 16.3206 2.7333e-04 3.88076e-04 5.27428e-05 4.7759195306e-04 0.0 13 21.7722038395 2.2965340178 0 0 0 3 6 4 0 0 0 6 
975 2 26.5394 4.01881 12.5247 -0.00112281 -0.0018741 -1.56521e-04 0.0021903086 0.0 15 16.7970660408 2.1569646736 0 0 0 4 4 7 0 0 0 6 
580 1 0.844866 6.78656 17.1191 4.60467e-04 0.00222552 -6.33618e-04 0.0023593306 0.0 14 21.7008283596 2.2221593599 0 0 1 3 4 5 1 0 0 7 
14 1 8.92433 9.35815 7.7945 -0.00147122 0.00344653 0.00170789 0.0041182454 0.0 16 22.7004288405 2.1984615827 0 0 0 4 5 6 1 0 0 7 
991 1 5.72335 1.84668 13.405 -0.00272586 -0.0022863 -0.00163818 0.0039167734 0.0 16 22.8784344369 2.2050289944 0 0 0 3 7 5 1 0 0 7 
575 1 2.00721 0.923145 17.9261 -6.62572e-04 -0.00285509 -0.00389683 0.004876046 0.0 15 22.9136189434 2.2673096321 0 0 0 2 9 3 1 0 0 7 
560 1 3.68826 2.52815 16.469 0.0024406 -0.00157996 -4.45823e-07 0.0029073703 0.0 14 23.1492007588 2.2700940787 0 0 1 2 7 2 2 0 0 7 
95 1 5.05041 6.27884 9.66874 0.0025113 -0.00218999 -8.13629e-04 0.0034299674 0.0 15 22.365344734 2.2447426836 0 0 0 2 8 5 0 0 0 6 
359 1 3.30571 5.36575 12.0549 9.34856e-04 0.00131914 9.89361e-04 0.0018955003 0.0 14 21.2592716267 2.2163460714 0 0 0 4 4 6 0 0 0 6 
294 1 6.69811 2.03128 16.1313 0.00100548 3.20655e-04 0.00372828 0.003874775 0.0 15 23.8003571822 2.3142970483 0 0 0 5 4 4 2 0 0 7 
801 1 5.43465 9.45222 15.3649 0.00205841 0.00398749 -3.57668e-04 0.0045016724 0.0 13 21.5338271294 2.3232879557 0 0 0 3 6 4 0 0 0 6 
591 2 8.8901 2.0279 12.8991 5.77196e-05 0.00262196 -6.28575e-05 0.0026233484 0.0 12 19.2477883251 2.1487223556 0 0 1 4 1 6 0 0 0 6 
152 1 2.88458 2.83059 13.2916 4.05979e-04 -0.00109562 0.00238403 0.0026549578 0.0 13 21.9783875728 2.1667021416 0 0 0 1 10 2 0 0 0 6 
867 1 8.54392 0.00828135 15.1281 -0.00219943 -2.52604e-04 -1.63007e-04 0.0022198812 0.0 14 22.9184800877 2.2703310031 0 0 0 4 5 4 1 0 0 7 
690 1 5.37863 7.57819 12.6771 5.41127e-04 -6.57829e-04 0.00379542 0.0038898291 0.0 15 23.5387590659 2.253278943 0 0 0 2 8 5 0 0 0 6 
831 1 9.12181 5.89333 17.3984 9.67404e-04 0.00312992 -0.00163869 0.0036630008 0.0 15 23.8063553636 2.3464628661 0 0 0 4 5 5 1 0 0 7 
412 2 0.84115 8.90053 11.4416 5.16734e-04 0.00101261 0.00165075 0.0020043374 0.0 13 15.3285242336 2.0841762131 0 0 0 3 6 4 0 0 0 6 
777 2 8.11459 26.804 11.6409 -0.00379952 0.00407721 -0.00267198 0.006180572 0.0 12 19.1818874946 2.2217538131 0 0 1 2 5 4 0 0 0 6 
249 2 1.50493 3.53821 10.3068 4.30113e-04 -0.00124884 -0.00142003 0.0019393514 0.0 15 18.1362035045 2.1812318325 0 0 0 2 8 5 0 0 0 6 
579 2 7.34939 4.11973 8.61208 -0.00114712 6.51736e-04 5.59208e-04 0.0014329542 0.0 12 15.3992968437 2.0476860479 0 0 0 0 12 0 0 0 0 5 
115 2 14.054 1.59666 14.327 -0.00406704 0.00306453 2.66236e-04 0.0050993176 0.0 13 17.4555653814 2.2551451864 0 0 0 2 8 3 0 0 0 6 
528 2 15.813 2.28282 12.3291 -3.30323e-04 0.00104473 -4.51019e-04 0.0011849018 0.0 12 13.1578196813 1.9461915246 0 0 0 4 4 4 0 0 0 6 
355 2 13.256 6.30522 15.5209 0.00151822 5.31353e-04 0.00281776 0.0032445492 0.0 14 12.4048351777 1.9934687437 0 0 0 2 8 4 0 0 0 6 
288 2 12.339 4.97197 17.4823 -0.00136656 0.00175356 0.00162291 0.0027525072 0.0 13 16.027919132 2.320245717 0 0 0 3 6 4 0 0 0 6 
497 2 15.7273 4.6519 11.8481 0.00157749 -9.38198e-04 -1.7405e-04 0.0018436333 0.0 14 13.2337699948 1.9149021349 0 0 1 5 2 4 1 1 0 8 
790 2 12.8028 0.844494 12.3721 -0.00184694 -0.00141489 -0.00122587 0.002629802 0.0 12 15.390468444 2.2559837817 0 0 0 3 6 3 0 0 0 6 
406 2 11.3298 2.92886 7.78643 -5.76339e-04 -7.06163e-04 -0.00173467 0.0019595696 0.0 14 12.3215064108 1.9497283189 0 0 0 4 5 4 1 0 0 7 
473 2 14.4356 1.56597 10.7033 -0.0020001 -0.00587486 0.00120795 0.0063224618 0.0 13 12.8544208678 2.0613843268 0 0 2 2 2 7 0 0 0 6 
90 2 11.2162 2.44244 13.9268 0.00167531 3.42338e-05 -0.00311002 0.0035327128 0.0 14 17.4466700458 2.2547114863 0 0 0 4 4 6 0 0 0 6 
199 2 15.74 3.98208 14.2349 0.00202436 -5.33058e-04 -3.72496e-04 0.0021262496 0.0 14 13.9553573948 1.9597944975 0 0 1 2 7 3 0 1 0 8 
306 2 11.0321 7.0268 14.8043 -1.07303e-04 -3.85373e-04 -0.00133227 0.0013910319 0.0 15 17.990397554 2.272135904 0 0 1 4 3 5 2 0 0 7 
650 2 14.55 5.96427 17.3008 -0.00148338 5.13561e-04 0.0024836 0.0029380997 0.0 13 11.3597137109 1.9339744696 0 0 1 3 4 4 1 0 0 7 
334 2 11.5481 2.22737 10.2296 -0.00320617 -2.83113e-04 0.00539791 0.0062846727 0.0 17 14.831673111 2.0142930834 0 0 1 3 7 4 0 2 0 8 
416 2 16.2575 26.6286 11.8994 -0.00187656 -7.1813e-04 0.00368328 0.0041956811 0.0 16 21.6903048768 2.3918873448 0 0 1 3 4 7 1 0 0 7 
819 2 10.6722 0.367554 11.8268 0.00150379 -9.52803e-04 -0.00206201 0.0027241702 0.0 15 18.1109262104 2.1589484151 0 0 2 3 2 7 0 1 0 8 
100 2 12.0277 6.01899 12.5979 -2.15739e-04 0.00214734 -0.00955972 0.0098002989 0.0 13 15.9491900487 2.1944959128 0 0 0 3 6 4 0 0 0 6 
686 2 16.3182 7.36994 12.7098 -0.0029111 0.00314591 -0.00121045 0.0044538121 0.0 16 13.0991052412 1.9311780917 0 0 2 4 3 2 5 0 0 7 
451 2 15.6419 1.80673 16.1479 0.00187503 0.00284099 -0.00357278 0.0049347461 0.0 13 17.526208016 2.2916593977 0 0 0 3 6 4 0 0 0 6 
337 2 18.135 2.06334 11.6609 0.00246269 -7.4247e-04 0.00113414 0.0028111167 0.0 15 16.1774610607 2.2706737379 0 0 0 6 2 5 2 0 0 7 
176 2 13.0751 4.50832 10.4517 -0.00328437 0.00175596 4.76026e-04 0.0037546082 0.0 15 14.8429939296 1.9497283189 0 0 0 5 4 4 2 0 0 7 
82 1 10.6286 0.601815 18.2317 -0.00114478 -3.37637e-05 0.00189002 0.0022099405 0.0 14 23.9392653523 2.296502683 0 0 1 2 7 3 0 1 0 8 
905 2 13.0467 8.287 12.193 -0.00201454 0.00192312 -0.00178417 0.0033075708 0.0 15 12.9263839392 1.9934687437 0 0 1 2 6 5 1 0 0 7 
659 2 9.25968 26.7369 9.09753 -0.00102265 0.00323076 -0.00341381 0.0048101686 0.0 16 16.1843060896 2.066797695 0 0 1 2 7 4 2 0 0 7 
818 2 10.7441 8.28171 10.7466 -0.00123873 -0.00325879 0.00328148 0.0047877213 0.0 16 19.4904785741 2.1984615827 0 0 0 4 5 6 1 0 0 7 
774 2 16.4887 1.40283 9.63513 -4.58343e-04 8.53615e-04 -8.82385e-05 9.7289408815e-04 0.0 14 13.5699934401 2.3283494633 0 0 2 3 3 3 3 0 0 7 
989 2 15.2001 9.135 11.6441 -0.00210151 0.00238471 4.61028e-04 0.0032118115 0.0 16 14.0732398024 2.0649180158 0 0 1 3 6 3 3 0 0 7 
361 2 18.3189 2.41304 8.60155 -0.00133719 0.00108115 0.00240622 0.0029575086 0.0 14 17.0105146696 2.2486849453 0 0 0 4 6 2 2 0 0 7 
122 1 8.46758 7.08812 12.7067 5.76798e-04 -0.00285923 -0.0054252 0.0061596012 0.0 15 22.5828772879 2.272135904 0 0 1 2 7 3 2 0 0 7 
534 2 9.55629 3.82596 9.66195 0.00218386 0.00104068 -0.00343606 0.0042022337 0.0 13 13.9707558579 2.1057357371 0 0 3 1 4 3 1 1 0 8 
330 2 16.1225 4.07231 16.8321 -0.0012879 -5.08618e-04 -0.00151284 0.002050869 0.0 13 12.6680665098 2.2936636242 0 0 1 1 7 4 0 0 0 6 
546 2 15.7672 6.45456 15.5013 -3.77907e-04 -0.00447345 -0.00388166 0.0059348002 0.0 15 12.7540362434 1.9339744696 0 0 1 2 5 7 0 0 0 6 
998 2 14.0895 3.68195 15.7912 -0.00111987 -0.00251265 -1.00671e-04 0.0027527538 0.0 14 12.9850471384 2.0272038715 0 0 0 1 10 3 0 0 0 6 
584 2 11.5359 4.55537 15.0154 -7.7252e-04 0.00119905 0.00305936 0.0033755284 0.0 13 17.3016749828 2.2126713862 0 0 0 3 6 4 0 0 0 6 
381 2 14.4042 5.96912 13.4325 -0.00319074 -6.32735e-05 0.00173507 0.0036325326 0.0 14 13.6584768161 2.0272038715 0 0 1 3 4 5 1 0 0 7 
179 2 15.5363 8.33088 16.7689 -3.96907e-04 -0.00204229 0.00645111 0.0067782965 0.0 14 14.0887298548 2.2642050782 0 0 0 6 1 6 1 0 0 7 
884 2 12.9376 3.2063 12.4425 3.46416e-04 -0.0025699 -2.32006e-04 0.0026035009 0.0 15 15.2564744479 2.0272038715 0 0 1 1 8 4 1 0 0 7 
317 2 17.1748 1.44601 14.249 0.00159688 0.00118457 -4.61989e-04 0.0020412412 0.0 13 16.9698068772 2.1598491665 0 0 0 1 10 2 0 0 0 6 
195 2 11.3352 9.65966 18.0247 0.00254027 8.26387e-04 0.00148914 0.003058337 0.0 14 18.9828359526 2.2821210966 0 0 2 2 6 1 2 1 0 8 
625 2 13.0147 26.45 9.68128 -0.0039611 -3.70977e-04 0.00209563 0.0044966212 0.0 14 15.6496313093 2.1268072777 0 0 1 2 6 4 1 0 0 7 
471 2 10.3949 4.1384 11.8916 -0.00104582 0.00190286 -0.00359414 0.004199102 0.0 15 17.0976164748 2.2399993941 0 0 1 4 3 6 0 1 0 8 
209 2 14.1885 6.90851 10.9013 -0.00121624 0.00260744 4.5134e-04 0.0029123343 0.0 14 13.0552766057 1.9723429861 0 0 0 3 8 1 2 0 0 7 
673 1 9.61605 2.48848 16.64 -4.36603e-04 4.96462e-04 0.00136753 0.0015189585 0.0 16 23.446827698 2.3464628661 0 0 1 5 2 6 1 1 0 8 
969 2 15.466 3.39512 9.74684 -0.00247021 0.00184386 1.62795e-04 0.0030867879 0.0 16 13.4012763965 1.9437231385 0 0 1 6 1 5 2 1 0 8 
161 2 10.9067 5.6666 10.2117 -0.00104325 0.00272153 0.00196253 0.0035137758 0.0 15 15.2123708576 2.1491565436 0 0 1 4 4 4 1 1 0 8 
842 2 12.489 7.61819 8.99292 -5.57879e-04 0.00485291 -0.00162673 0.0051486129 0.0 13 13.683828506 2.0626672052 0 0 2 1 6 2 2 0 0 7 
96 2 17.7271 4.66565 13.0397 4.80692e-04 -0.00300229 -3.52105e-04 0.0030608476 0.0 17 14.7441761101 1.9834181605 0 0 1 3 7 3 2 1 0 8 
646 2 18.1346 6.52287 18.0336 -0.00128373 -0.00351209 -4.79913e-05 0.003739658 0.0 17 15.2908048788 2.1911204466 0 0 3 4 2 2 5 1 0 8 
206 2 16.5414 6.28001 10.2312 -9.21679e-04 -5.6008e-04 4.52864e-04 0.0011697297 0.0 15 12.6143763951 1.9728503626 0 0 0 4 4 7 0 0 0 6 
876 2 18.0248 2.78594 16.2881 -0.00338609 0.00366344 0.0021503 0.0054323281 0.0 15 16.2632276947 2.1638549975 0 0 1 3 6 2 3 0 0 7 
103 2 20.4663 6.27374 17.9008 0.0011033 0.00408184 0.00107439 0.004362683 0.0 13 15.1735428911 2.1861778582 0 0 2 4 1 3 3 0 0 7 
284 1 20.1151 26.3233 11.4305 0.00215323 5.51665e-04 7.58683e-04 0.0023486876 0.0 14 23.2628055296 2.3283494633 0 0 0 2 8 4 0 0 0 6 
606 2 22.1965 5.02208 16.2774 -0.00489241 0.00394824 -0.00359495 0.007242095 0.0 14 16.4596983005 2.1706453812 0 0 0 3 6 5 0 0 0 6 
159 2 20.3129 4.58671 14.5681 -0.00158318 -0.00291927 0.00413568 0.0053040028 0.0 15 13.6235893918 1.9834181605 0 0 1 2 7 3 2 0 0 7 
138 2 25.2066 5.21218 14.2946 7.22658e-04 -0.00178427 -1.46257e-04 0.0019306075 0.0 16 18.6837665713 2.2057534525 0 0 1 2 7 4 2 0 0 7 
89 2 20.699 6.69142 13.3098 1.98831e-04 0.00179794 0.00247034 0.0030618135 0.0 12 12.0178722946 1.8636699943 0 0 1 2 5 4 0 0 0 6 
87 2 21.3454 2.72686 15.3472 0.00151405 0.00405218 0.00172585 0.0046573671 0.0 14 18.7528199348 2.32209833 0 0 0 2 8 4 0 0 0 6 
964 2 18.4266 6.91764 13.9268 0.00247114 0.00131211 0.00114293 0.003022326 0.0 12 12.1118567373 1.8927242292 0 0 0 3 6 3 0 0 0 6 
762 1 23.9624 2.58013 17.09 -9.10212e-05 -0.00186187 -9.98202e-04 0.0021145335 0.0 16 23.6450885531 2.2601480016 0 0 1 4 3 6 2 0 0 7 
649 2 22.38 5.44044 12.1103 -0.00146787 0.00284231 -0.00322756 0.0045442834 0.0 14 13.288180937 1.9893539221 0 0 2 3 3 4 1 1 0 8 
484 2 20.1246 4.62308 12.0963 0.00269311 -0.0037844 1.23915e-04 0.0046464911 0.0 14 13.1048632186 1.9454034347 0 0 1 2 6 4 1 0 0 7 
741 2 20.8636 6.9813 10.8463 -5.59466e-04 0.00333498 0.00110659 0.0035580381 0.0 13 12.7566853446 1.969026844 0 0 0 3 6 4 0 0 0 6 
635 2 25.8777 2.61509 9.82399 -0.00315624 -7.80257e-04 0.00165211 0.0036469329 0.0 14 14.4934483127 2.1343701327 0 0 0 2 8 4 0 0 0 6 
848 2 22.9322 6.9422 14.3063 0.00153058 0.00371593 -0.001085 0.0041626957 0.0 14 13.9071417229 1.9266655697 0 0 0 5 3 5 1 0 0 7 
54 2 20.1228 2.77136 10.6765 -0.00167192 5.76762e-04 0.00414671 0.0045081232 0.0 12 15.7117598898 2.1953848985 0 0 0 3 6 3 0 0 0 6 
329 2 22.3431 2.78619 12.0348 0.00250593 0.00171538 -4.03059e-04 0.0030634409 0.0 18 18.7482323903 2.32209833 0 0 0 4 5 8 1 0 0 7 
752 2 22.8899 4.18737 14.0234 -5.61312e-04 0.00212747 0.00281412 0.0035721802 0.0 13 14.3377498328 2.1706945587 0 0 3 1 5 1 2 1 0 8 
258 2 26.168 7.11898 10.1498 -0.00197462 0.0014489 0.00159375 0.0029220668 0.0 11 12.6360260798 2.1061315243 0 0 0 4 4 3 0 0 0 6 
211 2 24.9374 2.6406 13.6616 -0.0021572 4.6076e-04 3.0844e-04 0.0022273183 0.0 12 17.9887410366 2.32209833 0 0 0 3 6 3 0 0 0 6 
6 2 26.3678 8.02075 13.5119 0.00276732 4.6755e-04 0.0017416 0.0033030037 0.0 15 19.6002644597 2.2621237315 0 0 0 3 6 6 0 0 0 6 
864 1 21.2817 26.5785 14.1863 -3.4474e-04 1.0836e-04 -0.00134122 0.0013890495 0.0 13 21.3863046372 2.3204306222 0 0 1 0 9 3 0 0 0 6 
69 2 20.2214 8.92366 13.806 -2.70259e-04 0.00469115 0.00334074 0.0057654551 0.0 15 13.2366928183 1.8905877903 0 0 0 4 6 3 2 0 0 7 
824 2 20.7215 4.6144 9.38469 4.6309e-04 -0.00129892 -0.00181825 0.0022820339 0.0 14 13.1540186018 1.953132532 0 0 0 5 3 5 1 0 0 7 
651 1 24.2352 26.5631 14.3943 0.00489056 0.00113271 -2.0069e-04 0.0050240308 0.0 15 22.8221576439 2.32209833 0 0 0 4 5 5 1 0 0 7 
527 2 19.7285 4.17316 17.4153 -5.19085e-04 0.00186232 0.00193978 0.0027386916 0.0 15 16.3634715546 2.2045874543 0 0 2 3 4 2 4 0 0 7 
888 2 20.5375 6.70113 15.6816 8.17737e-04 0.00347461 0.00195937 0.0040719454 0.0 15 12.7927169585 1.9087748792 0 0 0 5 3 6 1 0 0 7 
799 2 24.2765 3.59016 11.5928 0.00170939 -7.31338e-04 5.88701e-04 0.0019502406 0.0 12 11.6781707057 1.8696804962 0 0 0 4 4 4 0 0 0 6 
931 2 24.4851 1.36725 11.4818 -5.05064e-04 2.47988e-04 0.00278431 0.0028405932 0.0 15 18.3925280728 2.245515903 0 0 1 1 8 4 1 0 0 7 
305 2 19.3419 2.24091 13.7451 0.00201596 -0.0021918 -0.00131559 0.0032555889 0.0 13 17.5166042864 2.1835217781 0 0 0 1 10 2 0 0 0 6 
736 2 23.2889 8.667 12.5465 0.00284406 0.00181396 0.00312786 0.0046002866 0.0 16 16.1797512518 2.0608842167 0 0 0 4 6 4 2 0 0 7 
726 2 22.6075 8.4077 10.0838 -9.97948e-04 -0.00114904 0.00332512 0.0036568588 0.0 14 13.5242730736 2.0140504478 0 0 0 5 3 5 1 0 0 7 
376 2 18.5325 7.05259 11.5631 -0.00204202 9.34782e-04 6.57349e-04 0.0023400365 0.0 14 12.9713715463 1.9118459464 0 0 0 2 8 4 0 0 0 6 
582 2 17.7904 4.14466 18.6312 -9.82938e-04 0.0016945 1.42071e-04 0.0019640981 0.0 14 18.2216119473 2.3696436181 0 0 2 3 3 4 1 1 0 8 
972 2 22.5473 7.36104 17.0136 -5.14374e-04 0.00537785 -2.55963e-04 0.0054084534 0.0 15 16.5119504051 2.2322790753 0 0 0 4 4 7 0 0 0 6 
434 2 17.9599 5.46606 15.8491 0.00302196 -8.20869e-05 -0.00204711 0.0036509779 0.0 13 13.8986319552 1.9798627971 0 0 1 3 4 4 1 0 0 7 
696 2 18.2417 4.66278 10.599 0.00282682 0.00161167 -9.65227e-04 0.0033941206 0.0 15 13.1519290207 1.9184153724 0 0 1 4 3 5 2 0 0 7 
4 1 19.6447 0.362923 16.3657 -0.0033376 0.00129589 0.00329439 0.0048653787 0.0 13 19.0214769991 2.0918010347 0 0 1 2 6 3 1 0 0 7 
205 2 24.501 6.56939 11.9213 -6.56934e-04 -0.00158592 4.59342e-04 0.0017769917 0.0 16 15.7582343746 2.1061315243 0 0 1 3 5 5 2 0 0 7 
853 2 23.3253 4.83385 9.5784 0.00132836 6.09683e-04 -0.00113527 0.0018507003 0.0 15 13.6009484375 1.9893539221 0 0 1 3 5 4 2 0 0 7 
362 2 24.6983 0.236793 8.28095 8.40565e-04 0.00212765 0.0013341 0.0026482573 0.0 13 17.457378758 2.1236047812 0 0 0 2 8 3 0 0 0 6 
107 2 23.4771 2.47975 9.34521 2.6128e-04 -4.4428e-04 -5.29186e-04 7.3870818284e-04 0.0 14 14.8389393729 2.1714212364 0 0 0 5 3 5 1 0 0 7 
550 2 25.8793 4.77869 10.1518 -0.0046692 0.00111462 0.00453384 0.0066029926 0.0 13 12.7960585988 1.8695455134 0 0 0 1 10 2 0 0 0 6 
701 2 26.0872 13.2616 11.6729 -8.05247e-04 -0.00313167 -0.0010513 0.0034001487 0.0 14 18.1877484506 2.3264224666 0 0 2 3 3 4 1 1 0 8 
954 1 1.35198 11.0548 13.6222 -7.83945e-04 0.00182204 8.60381e-04 0.002162095 0.0 16 22.5611471613 2.2621237315 0 0 0 2 8 6 0 0 0 6 
215 2 1.9902 13.0919 10.6813 -0.00268083 6.7731e-04 0.00194874 0.0033827778 0.0 14 19.2318858312 2.2773815676 0 0 0 4 4 6 0 0 0 6 
541 1 2.05865 15.9115 11.7917 3.22041e-04 -7.55304e-04 3.98696e-04 9.1277217229e-04 0.0 15 24.2754344521 2.409418556 0 0 0 3 7 4 1 0 0 7 
627 1 4.42086 13.0633 17.8238 6.99064e-04 -0.00285583 7.01139e-04 0.0030225902 0.0 12 20.9351585771 2.192259618 0 0 0 2 8 2 0 0 0 6 
974 1 1.12518 9.71648 16.798 -6.45526e-04 -0.0028818 8.47844e-04 0.0030725095 0.0 16 25.9135097627 2.3232879557 0 0 0 3 7 5 1 0 0 7 
352 1 9.22888 11.0454 11.595 2.27607e-04 0.00301927 -0.00185482 0.0035507962 0.0 14 21.1237342847 2.1990776524 0 0 0 2 8 4 0 0 0 6 
583 1 6.65038 10.8782 17.5057 0.00125462 -0.00137196 3.3158e-04 0.0018884626 0.0 14 20.2740743812 2.2064306711 0 0 0 4 4 6 0 0 0 6 
533 1 8.00676 9.75973 13.8922 0.0018962 0.00149182 0.00170214 0.0029526906 0.0 16 22.8137526131 2.2873841704 0 0 1 2 8 3 1 1 0 8 
983 1 8.05999 13.8433 10.6837 -0.00313386 0.0021971 -0.00134943 0.0040582371 0.0 16 20.9235425014 2.2884487799 0 0 2 2 6 3 2 1 0 8 
506 1 3.90226 18.2972 16.8264 -0.00168428 -0.00400606 9.97093e-04 0.0044586444 0.0 16 22.4898702807 2.349642563 0 0 1 1 8 5 1 0 0 7 
174 1 1.65136 14.1157 14.0874 -0.00243704 -0.00342456 6.08191e-04 0.0042469603 0.0 13 22.1455300693 2.3077842224 0 0 0 3 6 4 0 0 0 6 
220 1 26.6198 17.1863 17.622 0.00358331 8.81637e-05 6.15936e-04 0.0036369301 0.0 15 21.4717633692 2.349642563 0 0 0 2 8 5 0 0 0 6 
75 2 2.36467 10.7506 10.0406 6.55635e-04 -9.64617e-04 -0.00232855 0.0026043211 0.0 12 15.6764694843 2.237163735 0 0 1 2 5 4 0 0 0 6 
20 1 4.25438 10.3443 12.7236 -0.0020013 3.16482e-04 -0.00292696 0.0035598395 0.0 15 22.9810227021 2.2773815676 0 0 0 2 8 5 0 0 0 6 
37 1 5.17235 11.185 9.60062 -4.18743e-04 -8.60057e-04 0.00217421 0.0023753385 0.0 15 22.0914924309 2.2773815676 0 0 1 2 7 3 2 0 0 7 
439 1 2.41257 15.5669 17.6952 -0.00104416 0.00192224 0.00369276 0.004292057 0.0 15 22.186933551 2.3077842224 0 0 0 3 7 4 1 0 0 7 
869 1 6.99811 16.8322 11.0954 -8.60959e-04 -0.0024413 3.20156e-04 0.0026083895 0.0 14 22.6111448607 2.4279154835 0 0 1 3 4 5 1 0 0 7 
709 1 6.60812 17.1467 16.0916 -4.87693e-04 -0.00550175 -0.00305816 0.0063134333 0.0 14 21.6227959691 2.306128188 0 0 0 1 10 3 0 0 0 6 
817 1 7.17789 9.29595 10.9387 0.00184493 -9.64855e-04 -8.37122e-04 0.0022439887 0.0 14 21.7775153945 2.2447426836 0 0 0 2 8 4 0 0 0 6 
981 1 4.56836 13.6539 12.819 0.00223262 2.06482e-04 -7.40814e-04 0.0023613624 0.0 15 23.6338111428 2.4263025882 0 0 1 4 4 4 1 1 0 8 
446 1 3.2298 12.1806 15.3871 -6.65355e-04 4.5437e-04 3.66762e-04 8.8524783963e-04 0.0 15 23.4825586998 2.3232879557 0 0 0 2 8 5 0 0 0 6 
238 1 6.61803 11.9437 11.8282 -0.0037155 0.00151005 -0.00126966 0.0042068073 0.0 12 19.3782193296 2.1883195127 0 0 1 2 6 2 1 0 0 7 
404 1 0.126617 12.3403 16.1337 -0.00126791 -6.11922e-05 -0.00138566 0.0018792003 0.0 12 21.9078261975 2.3077842224 0 0 0 0 12 0 0 0 0 5 
80 1 4.35734 17.6274 13.8475 -1.72159e-04 9.57152e-04 0.00117435 0.0015247546 0.0 16 22.6008723297 2.4279154835 0 0 1 3 5 5 2 0 0 7 
114 1 7.12125 14.0584 16.6402 3.59085e-04 -0.00104241 5.38286e-04 0.0012269118 0.0 14 22.0613683589 2.2293683238 0 0 0 2 8 4 0 0 0 6 
350 1 6.38466 15.3906 13.9183 0.00121575 0.00113983 0.00119786 0.0020523472 0.0 14 21.7267606478 2.4279154835 0 0 1 3 4 5 1 0 0 7 
952 1 1.422 16.5868 15.1334 0.00169395 0.00157201 0.00112832 0.0025717286 0.0 13 21.267424921 2.2742995679 0 0 1 0 9 3 0 0 0 6 
296 1 4.72444 14.8237 10.0063 0.00685029 0.00152145 0.00447209 0.00832111 0.0 17 25.6619930804 2.4279154835 0 0 3 0 8 2 3 1 0 8 
431 1 6.27983 12.0434 14.6673 -0.00150133 0.00461446 3.7461e-04 0.0048669873 0.0 13 20.7995457838 2.1335598859 0 0 0 3 6 4 0 0 0 6 
405 1 4.15158 15.1061 15.4459 0.00170986 -0.00144686 0.00195592 0.002973659 0.0 14 21.0823747316 2.2226825232 0 0 0 1 10 3 0 0 0 6 
332 2 0.247083 13.9602 9.39491 -0.00148423 -0.00100186 0.00250254 0.0030772339 0.0 14 15.0308425349 2.1086872181 0 0 1 3 4 5 1 0 0 7 
453 2 2.70383 13.299 8.28966 -9.60124e-04 0.00282559 0.00214287 0.0036739201 0.0 14 17.7055075354 2.188067157 0 0 2 2 4 4 2 0 0 7 
131 1 8.85554 13.1038 13.8854 0.00168531 0.00565639 -9.37487e-04 0.0059761107 0.0 15 22.8108647217 2.2101040149 0 0 0 2 8 5 0 0 0 6 
950 1 13.7146 17.9838 13.6845 -0.005524 0.00200065 -0.00212959 0.0062491863 0.0 14 22.0893050461 2.3321016521 0 0 1 4 3 4 2 0 0 7 
970 2 14.3053 11.1025 16.2218 -0.00366437 0.00270754 0.00149969 0.0047966082 0.0 18 14.8149922659 1.9484095574 0 0 2 4 3 4 5 0 0 7 
678 1 14.3311 17.5824 9.46914 9.11312e-05 -2.78904e-04 -0.00180119 0.0018249323 0.0 13 21.5341837418 2.2649049949 0 0 1 2 6 3 1 0 0 7 
727 1 14.3582 15.7851 11.911 0.001385 -3.5594e-04 8.07518e-04 0.0016422556 0.0 18 23.8421553953 2.1781282618 0 0 2 4 3 4 5 0 0 7 
959 2 15.7887 7.06387 18.8286 0.00102156 -0.00269197 -9.31921e-04 0.003026345 0.0 15 16.6684787492 2.3323143239 0 0 2 2 5 3 3 0 0 7 
171 2 13.1485 12.678 13.5165 -0.00444547 0.00392909 0.00177884 0.006193886 0.0 14 16.5003434426 2.2101040149 0 0 2 3 2 5 2 0 0 7 
529 2 16.2059 12.4559 15.7726 -0.00201091 -5.59658e-05 0.00201388 0.0028465073 0.0 14 12.7628334499 1.9689492198 0 0 2 2 4 4 2 0 0 7 
327 1 12.146 16.7327 15.9667 0.00356942 -1.58506e-04 -7.81797e-04 0.0036574704 0.0 16 24.4185750744 2.3321016521 0 0 2 2 4 6 2 0 0 7 
538 2 14.7207 14.5243 14.8974 -5.38727e-04 0.00232504 -0.00459582 0.0051785712 0.0 15 19.0039137272 2.2065795847 0 0 1 3 5 4 2 0 0 7 
502 2 10.94 8.8121 13.1053 3.81093e-04 -0.00401988 -0.00328295 0.005204078 0.0 12 16.312223535 2.2873841704 0 0 0 3 6 3 0 0 0 6 
22 2 11.5953 10.9528 14.4316 -2.18211e-04 -7.12599e-04 0.00305318 0.0031428206 0.0 15 17.8636686181 2.2873841704 0 0 1 2 7 3 2 0 0 7 
753 2 16.3998 14.8517 16.8 -0.00207158 0.00199048 -2.12041e-04 0.0028806971 0.0 13 16.5361354726 2.1942657459 0 0 0 3 6 4 0 0 0 6 
310 1 9.50141 15.6037 15.7025 -0.00182887 0.00439554 -8.71365e-04 0.0048399188 0.0 13 23.0363221931 2.3286980781 0 0 0 3 6 4 0 0 0 6 
960 2 12.032 13.2728 15.8318 5.3507e-04 -0.00270237 -0.00120024 0.0030049425 0.0 13 19.3153426516 2.2057797628 0 0 0 3 6 4 0 0 0 6 
858 1 12.2126 15.3129 9.67975 2.8761e-04 5.37042e-04 -0.00210531 0.0021916806 0.0 15 23.3139076275 2.324261241 0 0 1 2 7 3 2 0 0 7 
321 2 12.5367 10.5264 11.7096 0.00101411 5.42328e-04 0.00203633 0.0023386275 0.0 13 15.9600267814 2.1656354311 0 0 1 1 8 2 1 0 0 7 
629 1 9.52299 16.7567 9.9355 -9.95507e-04 -0.00321206 -0.00252034 0.0042024371 0.0 12 20.7661205171 2.229520846 0 0 0 0 12 0 0 0 0 5 
438 2 14.3806 13.3203 17.0333 6.66521e-05 -0.00343356 0.00504581 0.0061036035 0.0 13 15.5959124454 2.2459028793 0 0 2 3 3 2 3 0 0 7 
322 2 12.4797 8.91556 15.4256 -0.00138136 -1.98876e-05 -0.00213383 0.0025420034 0.0 15 15.2729536107 2.2772798216 0 0 2 1 7 2 3 0 0 7 
512 1 10.969 13.561 11.2405 0.00368088 -0.00102335 -4.34316e-04 0.0038450947 0.0 16 21.6278782599 2.229520846 0 0 1 3 6 3 3 0 0 7 
677 1 11.614 17.8446 11.4464 -8.28965e-04 -0.00163659 0.00291987 0.0034483693 0.0 15 23.3446252712 2.3762810061 0 0 0 4 5 5 1 0 0 7 
181 1 16.5741 17.594 11.6817 -0.00199306 -1.75904e-04 0.00233782 0.0030771144 0.0 14 21.3858154681 2.2719920682 0 0 0 5 3 5 1 0 0 7 
721 1 11.8 15.223 13.4519 -0.0020259 -0.002771 0.00205081 0.0039985664 0.0 14 22.3113661925 2.2265034957 0 0 2 0 8 2 2 0 0 7 
775 2 13.984 12.5277 11.0259 0.00145385 0.00316916 -0.00113632 0.0036672167 0.0 15 18.6789121566 2.1595178613 0 0 1 5 1 6 2 0 0 7 
208 1 8.96485 15.5709 12.735 -6.21531e-04 -0.00176987 0.00229853 0.0029668132 0.0 13 21.2937508771 2.306128188 0 0 0 1 10 2 0 0 0 6 
979 2 15.5545 12.7842 13.0837 -2.30083e-05 -0.00522995 0.00189838 0.0055638793 0.0 14 15.4349901281 2.0649180158 0 0 1 3 4 5 1 0 0 7 
758 2 16.1609 10.1354 14.5813 -0.00200106 0.00148163 -3.03227e-04 0.0025082694 0.0 14 13.9899538036 2.0092733506 0 0 1 1 9 1 2 0 0 7 
732 1 17.1715 16.7006 9.27928 0.00258135 -0.00242258 -0.00202098 0.0040763491 0.0 15 20.0872773379 2.1781282618 0 0 0 3 6 6 0 0 0 6 
667 1 9.40565 11.4829 16.2124 -4.04744e-04 3.37192e-04 7.01545e-04 8.7731495908e-04 0.0 14 22.1364002385 2.268812158 0 0 1 2 6 4 1 0 0 7 
990 2 13.7805 10.2482 13.8621 -0.00181415 -0.00101547 0.00420973 0.0046951194 0.0 13 13.0930018067 2.0649180158 0 0 1 2 6 3 1 0 0 7 
590 2 13.2697 9.89462 9.51432 4.22234e-04 0.00109526 -0.00181385 0.0021605388 0.0 13 16.7302674406 2.216631542 0 0 0 4 4 5 0 0 0 6 
44 2 17.455 13.9886 11.3662 -3.89827e-04 -0.00460559 0.00117118 0.0047681324 0.0 15 17.0677383344 2.1649345237 0 0 1 3 6 3 1 1 0 8 
860 2 14.7185 8.21052 14.4026 -0.002438 0.00383842 -1.87859e-04 0.0045511101 0.0 13 12.4945353422 1.9839226747 0 0 1 3 5 2 2 0 0 7 
346 2 17.2796 14.4337 14.086 -5.95032e-04 2.55231e-04 0.00152487 0.0016566335 0.0 15 15.5230575156 2.1703820764 0 0 0 4 5 5 1 0 0 7 
565 2 15.8813 13.6286 9.71526 0.00300224 0.00344745 -0.00179238 0.0049102935 0.0 15 18.8422411237 2.1781282618 0 0 1 4 3 5 2 0 0 7 
193 2 16.9294 10.4344 17.0559 0.00209754 -0.00154108 0.00165082 0.0030821759 0.0 13 13.3062357988 2.3296244255 0 0 0 3 6 4 0 0 0 6 
370 2 15.5864 10.7707 9.7263 -0.0024986 -8.92703e-04 -0.00172007 0.0031620502 0.0 13 15.1223212397 2.0795160892 0 0 2 1 5 4 1 0 0 7 
773 1 10.4819 14.3483 18.5095 0.00233591 -0.00339156 0.00448711 0.0060904278 0.0 15 23.7697385158 2.3551375471 0 0 0 3 6 6 0 0 0 6 
783 2 17.5383 9.09511 10.7212 -0.00191425 0.00454044 -0.00120715 0.0050731804 0.0 15 13.0924778386 1.9118459464 0 0 0 4 4 7 0 0 0 6 
977 2 17.8507 9.11964 13.2399 0.00254827 -0.00688254 -0.00128071 0.0074500507 0.0 14 13.2319994195 1.9193835358 0 0 1 4 3 4 2 0 0 7 
747 2 20.3588 9.15868 16.4103 -5.4144e-04 -0.00288785 0.00110135 0.0031378028 0.0 12 11.8335442347 1.8988618393 0 0 0 2 8 2 0 0 0 6 
118 2 22.2332 9.4325 15.0896 -4.64721e-04 0.0019551 0.00155736 0.002542391 0.0 13 13.72451515 2.0149545236 0 0 1 3 4 4 1 0 0 7 
396 1 19.3309 18.4816 10.1539 6.18477e-04 0.00131463 -0.00334376 0.0036457505 0.0 13 21.2761576235 2.2650134368 0 0 0 1 10 2 0 0 0 6 
163 2 16.9041 11.3284 11.5916 -0.00430709 -0.00168625 0.00145006 0.0048473846 0.0 15 14.7301246992 2.0361457025 0 0 1 2 7 3 2 0 0 7 
778 2 24.5979 7.49089 15.6997 -0.00355635 -0.00381121 -0.00177064 0.0055052805 0.0 12 18.018270138 2.2150332047 0 0 0 4 4 4 0 0 0 6 
225 1 22.5171 17.3116 11.8449 -0.00292052 -6.40281e-04 7.68202e-04 0.0030869939 0.0 17 26.413616827 2.305937112 0 0 0 2 9 5 1 0 0 7 
351 2 25.3938 11.6627 8.97274 -5.97905e-04 -0.00259415 -0.00223092 0.0034733426 0.0 14 13.4610654188 1.8606820148 0 0 0 3 6 5 0 0 0 6 
611 1 25.8221 16.4889 12.2526 0.00228842 0.00375339 0.00134689 0.0045977076 0.0 18 26.1176544694 2.3979228786 0 0 1 2 8 4 3 0 0 7 
742 2 20.6442 15.7713 14.4906 -0.00116647 -0.00378046 -5.0999e-04 0.003987923 0.0 12 16.403317828 2.1221673127 0 0 1 2 5 4 0 0 0 6 
916 2 17.9023 12.2515 13.8935 -0.00351025 0.0010493 0.00210795 0.0042268592 0.0 13 12.824534308 1.9249784786 0 0 2 2 5 1 3 0 0 7 
643 2 19.6783 8.81561 9.63788 4.43227e-05 0.0014368 -6.9735e-04 0.0015977033 0.0 13 13.4055086661 2.0320873072 0 0 1 4 2 5 1 0 0 7 
577 2 24.5656 10.0643 15.5462 -0.00173368 0.0015421 -0.00437647 0.0049535047 0.0 15 20.5466891559 2.2621237315 0 0 0 1 10 4 0 0 0 6 
474 2 19.6348 11.0912 12.6103 0.00649387 -5.86946e-04 0.00263112 0.0070311909 0.0 14 13.8409881529 1.9702441194 0 0 1 4 3 4 2 0 0 7 
203 2 19.8413 15.2392 10.3826 1.04083e-04 -0.00305247 0.00377957 0.0048593781 0.0 13 16.8263067555 2.2650134368 0 0 0 3 6 4 0 0 0 6 
633 2 22.3373 14.2031 12.0807 0.00547993 0.00413469 -3.67864e-04 0.0068746359 0.0 17 18.4406474558 2.3979228786 0 0 2 2 6 4 2 1 0 8 
751 2 23.6864 12.3879 16.5094 9.03969e-04 0.00156214 -0.00145557 0.0023186473 0.0 15 18.0351018937 2.2118675777 0 0 0 2 8 5 0 0 0 6 
227 2 25.3725 10.2991 12.5881 0.00445873 -0.00170502 0.00134075 0.004958324 0.0 13 15.9065302202 2.1659430496 0 0 0 4 4 5 0 0 0 6 
984 2 20.9283 9.37871 11.6615 -0.00345816 -8.86785e-04 -0.00129988 0.003799335 0.0 16 13.3994593911 1.9118459464 0 0 1 2 7 4 2 0 0 7 
81 2 18.4018 8.74527 18.0391 -0.00151814 0.00218056 -0.00309094 0.0040759663 0.0 13 15.0493716984 2.2296422628 0 0 0 5 3 4 1 0 0 7 
891 2 18.6559 10.6171 15.429 -0.00237741 6.92425e-04 8.4477e-04 0.002616327 0.0 14 12.3906694845 1.8097846385 0 0 1 3 5 3 2 0 0 7 
862 2 21.3051 12.2755 11.2119 -1.6479e-04 0.00110258 -0.00352415 0.0036962781 0.0 12 12.1746299621 1.9695306362 0 0 0 3 6 3 0 0 0 6 
443 2 21.359 13.554 16.885 8.81182e-04 -2.18483e-04 -3.02254e-04 9.5685632094e-04 0.0 14 14.0725201358 2.1497690216 0 0 2 2 4 4 2 0 0 7 
558 2 24.4425 14.2711 10.4301 -2.22097e-04 0.00357378 -0.00429709 0.005593408 0.0 14 16.8547523821 2.3201888251 0 0 1 2 6 4 1 0 0 7 
57 2 23.6998 11.0461 10.995 0.00395569 0.00104119 -6.88804e-04 0.0041480129 0.0 16 14.3663147724 2.0510646361 0 0 0 3 7 5 1 0 0 7 
714 2 22.5103 11.5275 13.0368 8.10969e-04 9.29058e-04 1.37584e-04 0.0012408662 0.0 15 15.7352476107 2.0149545236 0 0 0 2 8 5 0 0 0 6 
375 2 19.6793 13.6819 14.8991 -0.00262147 -0.00126939 0.00458982 0.0054359823 0.0 15 13.4999810921 2.0115060762 0 0 3 3 2 2 5 0 0 7 
821 1 23.5569 16.4836 14.8287 -0.001965 4.48443e-04 0.00140307 0.0024557955 0.0 15 23.0235859912 2.3936508582 0 0 2 2 4 5 2 0 0 7 
755 2 24.7893 12.4963 13.6599 -0.00750871 -0.00177534 0.00246256 0.0080991827 0.0 15 19.3062963586 2.3979228786 0 0 3 1 7 1 0 3 0 8 
229 2 0.100477 11.0336 10.8905 6.81325e-04 -0.00249729 -0.00102959 0.0027858063 0.0 12 13.8930291356 1.9627049296 0 0 0 2 8 2 0 0 0 6 
847 1 25.7385 14.8721 15.1535 -6.19488e-04 -1.11078e-04 -0.00286887 0.0029370936 0.0 15 23.0669098285 2.3979228786 0 0 2 3 4 3 2 1 0 8 
260 2 19.8669 13.6762 12.6319 0.00261589 -0.00309021 7.35539e-04 0.0041150086 0.0 16 14.2859537918 2.0583829392 0 0 1 5 3 4 2 1 0 8 
323 2 18.9572 15.9654 12.6216 2.36768e-04 0.00500494 -0.00205674 0.0054162407 0.0 14 18.0185644217 2.1758878384 0 0 0 4 4 6 0 0 0 6 
398 2 17.9271 8.21895 15.8319 -0.00305789 -0.00203562 -5.6463e-04 0.0037166177 0.0 15 13.4747182626 1.9193835358 0 0 0 4 4 7 0 0 0 6 
955 2 18.3825 12.3061 17.0658 0.0039522 -0.00361057 -1.62007e-04 0.0053555902 0.0 15 13.4175303468 2.0115060762 0 0 1 5 3 2 4 0 0 7 
655 2 22.2088 13.6811 14.7647 0.00102657 0.00194411 -0.00126367 0.002535798 0.0 13 16.4691209414 2.2665870717 0 0 1 3 5 2 2 0 0 7 
184 2 20.607 15.7581 17.1172 0.00108381 0.00161479 -0.00227837 0.0029955234 0.0 16 19.4820515187 2.1763136188 0 0 2 2 5 4 3 0 0 7 
331 2 20.953 11.3005 15.365 -6.2484e-04 0.00107026 0.0020776 0.0024191534 0.0 15 13.9588211714 2.0087724816 0 0 1 2 7 3 2 0 0 7 
795 2 22.0646 14.8894 9.69271 0.00132858 -4.40801e-04 -0.00245485 0.0028259014 0.0 11 14.6683806418 2.2549798416 0 0 0 4 4 3 0 0 0 6 
644 2 18.6431 15.9951 15.4107 -6.63845e-04 -0.00107688 5.80565e-04 0.0013919111 0.0 13 16.075597617 2.1772497756 0 0 1 2 6 3 1 0 0 7 
510 1 23.631 17.9742 17.3566 -0.00157889 0.00428893 8.49282e-04 0.0046485583 0.0 14 20.7314415584 2.2619353166 0 0 1 1 7 5 0 0 0 6 
429 2 23.1527 12.5856 9.23115 -0.00222271 3.76988e-04 8.05037e-04 0.0023938764 0.0 14 13.4667101839 1.8988746558 0 0 0 2 8 4 0 0 0 6 
129 2 18.3347 13.8089 8.98683 0.00174251 -0.00328034 0.00365188 0.0052089537 0.0 13 15.812366582 2.0441065555 0 0 1 3 5 2 2 0 0 7 
658 2 19.0376 11.1508 10.2167 -4.15627e-04 -0.00196747 -9.5203e-04 0.0022248697 0.0 14 14.1185693593 2.067988282 0 0 1 2 7 3 0 1 0 8 
212 2 24.8854 9.27346 9.69614 6.60277e-04 -9.80647e-04 -0.00201478 0.0023360164 0.0 16 14.51734959 2.1061315243 0 0 1 4 4 4 3 0 0 7 
682 2 21.5509 10.6609 9.5967 -7.24284e-04 0.00221852 5.25072e-04 0.0023920951 0.0 14 13.1444840055 2.0320873072 0 0 2 2 3 6 1 0 0 7 
596 2 22.5387 10.5612 17.3723 1.18263e-04 4.09801e-04 0.0025563 0.002591639 0.0 14 15.4651247183 2.2322790753 0 0 0 3 6 5 0 0 0 6 
24 1 0.207504 22.5745 11.2897 -0.00393211 0.0047856 6.61713e-05 0.0061941775 0.0 16 24.2752447811 2.4341994032 0 0 0 3 6 7 0 0 0 6 
282 1 3.28176 0.182831 14.7302 0.00177019 0.00435105 -0.0062729 0.0078367393 0.0 15 22.4686578118 2.255004123 0 0 0 3 7 4 1 0 0 7 
173 1 3.88545 25.3436 17.1149 0.00254542 -0.00311748 -3.93107e-04 0.0040438073 0.0 15 22.6666682287 2.3906921218 0 0 3 1 4 4 3 0 0 7 
303 2 26.8697 26.1825 9.53761 0.00364013 0.00184768 -0.00132969 0.0042933138 0.0 13 18.7206981825 2.1617674392 0 0 0 2 8 3 0 0 0 6 
13 1 2.18752 25.096 12.2177 -0.00584173 0.0013423 0.00120529 0.0061139433 0.0 14 22.3016322113 2.2120572471 0 0 0 2 8 4 0 0 0 6 
519 1 6.32163 25.448 15.7871 0.00138897 -0.00230186 0.00174529 0.0032052823 0.0 14 21.561372675 2.3037318662 0 0 2 3 3 4 1 1 0 8 
420 1 6.38382 23.111 13.3834 0.00326602 -0.00400124 -0.00373938 0.0063765015 0.0 16 23.6956500309 2.3601152814 0 0 3 4 0 4 5 0 0 7 
863 1 4.46442 18.4108 10.8883 0.00282426 -0.00236161 -0.00223388 0.004306259 0.0 16 24.8969446026 2.4009037135 0 0 0 2 8 6 0 0 0 6 
178 1 6.41553 20.7998 11.3153 -5.057e-04 -4.77978e-04 -4.24003e-04 8.1484599925e-04 0.0 16 23.6181930249 2.3700790388 0 0 1 4 2 8 1 0 0 7 
25 1 3.85793 20.9885 15.9119 0.00468343 0.00215003 -0.00369423 0.0063407003 0.0 14 21.225979244 2.3906921218 0 0 2 2 4 4 2 0 0 7 
251 1 3.59575 23.467 14.9258 -0.00101794 -3.03831e-04 1.9109e-04 0.0010793658 0.0 14 22.4869213478 2.3896496047 0 0 1 2 7 2 2 0 0 7 
710 1 6.62059 20.0075 16.5076 7.45693e-04 0.0034598 0.00175892 0.0039522239 0.0 14 22.0185320106 2.3255163182 0 0 0 3 7 3 1 0 0 7 
252 1 6.17391 23.0188 17.2899 -0.00219087 0.00296909 -0.00367221 0.0052058172 0.0 16 24.8506269114 2.3906921218 0 0 0 5 5 3 3 0 0 7 
410 1 8.89945 24.2715 13.9744 3.06899e-04 -0.00349561 9.28374e-04 0.0036297871 0.0 15 21.6497361866 2.3045991034 0 0 1 4 4 3 3 0 0 7 
750 1 1.41929 21.3628 13.7747 0.00459804 0.00477931 -2.56527e-04 0.0066369859 0.0 14 22.3010485447 2.3792645393 0 0 0 3 6 5 0 0 0 6 
243 1 2.22025 20.434 10.8421 0.00244371 0.00197251 0.00169149 0.0035670229 0.0 14 21.4569106755 2.2194025535 0 0 1 1 8 3 1 0 0 7 
409 1 6.86507 18.8566 13.4755 0.00331443 5.86336e-04 0.00190115 0.0038656962 0.0 13 23.0411459794 2.306128188 0 0 1 2 5 5 0 0 0 6 
904 1 4.44661 20.3323 13.3554 -1.57677e-04 3.60643e-04 -0.0013409 0.0013974757 0.0 15 21.0466757297 2.3059690683 0 0 2 2 5 3 3 0 0 7 
401 2 7.47823 24.6272 10.3022 -8.96757e-04 0.00135072 -0.00300519 0.0034146427 0.0 17 20.9685399987 2.3700790388 0 0 1 5 1 8 2 0 0 7 
733 1 0.937274 25.0096 14.7082 -0.00164614 -0.00173615 -0.00440061 0.0050089282 0.0 16 25.1979235567 2.4341994032 0 0 0 3 7 5 1 0 0 7 
588 2 4.32135 24.4314 9.72064 0.00231848 8.32516e-04 -5.95465e-04 0.002534366 0.0 14 17.8675064184 2.3700790388 0 0 2 2 4 4 2 0 0 7 
708 1 5.20422 25.6317 13.1078 0.00183248 9.15376e-04 -0.00303238 0.0036594022 0.0 14 23.1599030123 2.2496623333 0 0 0 4 5 4 1 0 0 7 
397 1 1.46528 19.5429 16.0348 0.00152676 -1.32579e-04 -0.00164153 0.0022457057 0.0 13 20.1302895684 2.2968016522 0 0 0 2 8 3 0 0 0 6 
508 1 1.04546 22.5277 16.6951 4.14284e-04 -1.35554e-04 0.00291652 0.0029489142 0.0 14 23.1543785549 2.3671338429 0 0 0 2 8 4 0 0 0 6 
823 1 3.75424 22.7628 12.0736 0.0030851 0.00347262 0.00512987 0.0069204406 0.0 14 22.2320051591 2.3700790388 0 0 2 2 4 4 2 0 0 7 
67 1 1.62253 18.5384 12.8857 -0.00301662 -2.47926e-04 -0.00165591 0.0034501451 0.0 12 20.6775824996 2.1861572732 0 0 0 0 12 0 0 0 0 5 
943 2 2.09942 24.1362 9.2015 5.63675e-04 -0.00166128 4.76681e-04 0.0018179124 0.0 14 15.5247440355 2.2225236342 0 0 1 3 4 5 1 0 0 7 
94 2 8.80041 24.3758 7.87933 0.00252999 -4.995e-04 0.00193255 0.003222592 0.0 15 15.5148532864 2.1700962479 0 0 1 3 5 4 2 0 0 7 
264 2 5.95898 26.6642 9.71044 0.0022113 -0.00203027 7.91966e-04 0.0031046826 0.0 15 17.5898954608 2.2008831051 0 0 0 2 8 5 0 0 0 6 
561 2 0.994948 17.9505 9.81739 1.45643e-05 0.00291132 -2.24865e-04 0.0029200275 0.0 12 18.4631900467 2.1375489014 0 0 0 0 12 0 0 0 0 5 
98 2 1.87269 22.0151 8.24108 0.00218844 0.00226538 -9.67384e-04 0.0032950035 0.0 14 14.9858617849 2.2225236342 0 0 2 3 3 3 3 0 0 7 
802 1 16.4155 22.2497 10.52 0.00183774 -0.00421785 -3.83998e-04 0.0046168172 0.0 17 25.2365894031 2.3918873448 0 0 0 3 7 6 1 0 0 7 
166 1 12.6131 22.3263 10.7698 -6.15226e-04 -0.00109676 0.00225905 0.0025854772 0.0 15 22.8758453895 2.3762810061 0 0 0 5 4 5 0 1 0 8 
204 1 13.4882 24.6744 12.1491 -1.7426e-04 0.00432784 -0.00402739 0.0059144261 0.0 15 24.1528812225 2.3918873448 0 0 1 3 5 4 2 0 0 7 
389 1 17.2572 25.613 16.9991 -0.00278894 0.00245083 -8.76334e-04 0.0038148021 0.0 16 23.327717888 2.350666588 0 0 1 2 5 8 0 0 0 6 
481 1 16.1535 22.3285 16.1395 6.80044e-04 -0.00222758 0.00100595 0.0025370274 0.0 15 23.0068439445 2.350666588 0 0 2 2 5 4 1 1 0 8 
460 1 12.983 22.9607 16.3306 -0.00616673 -3.35153e-04 0.00126051 0.0063031557 0.0 14 22.14705648 2.2569920183 0 0 0 3 6 5 0 0 0 6 
569 2 13.8459 26.5353 7.23255 9.76951e-04 1.54575e-04 -0.00267845 0.0028552445 0.0 16 14.976192057 2.1267087727 0 0 3 2 3 4 4 0 0 7 
189 1 13.9877 22.2279 13.3882 -0.00117053 -0.00130788 1.13964e-04 0.0017588855 0.0 12 20.6893822007 2.2542968789 0 0 0 0 12 0 0 0 0 5 
380 1 14.661 17.673 17.0293 -0.00170809 -0.00334248 0.00156813 0.0040680186 0.0 13 22.1959988234 2.2862426185 0 0 0 3 6 4 0 0 0 6 
731 1 11.3887 23.1764 13.8105 3.19544e-04 -8.07006e-04 8.26318e-04 0.0011984025 0.0 13 20.3896308814 2.2569920183 0 0 0 2 8 3 0 0 0 6 
578 1 9.39456 18.5389 17.6335 0.00130979 -0.00301133 -0.0019255 0.003806732 0.0 16 22.7800886327 2.3294387302 0 0 0 4 4 8 0 0 0 6 
117 1 11.1128 20.5696 16.4048 -7.16302e-04 -0.00205736 0.00137118 0.0025740927 0.0 14 22.0650488668 2.3321016521 0 0 1 4 2 6 1 0 0 7 
782 1 8.5262 21.4878 14.9066 3.37734e-04 -0.00168991 0.00296724 0.0034313807 0.0 16 25.0957282779 2.3046076825 0 0 1 2 7 4 2 0 0 7 
834 1 13.9859 20.2745 15.4704 -2.90849e-04 -0.00251378 0.00241582 0.0034985525 0.0 14 21.9185593954 2.3435531055 0 0 0 4 5 4 1 0 0 7 
885 1 11.6991 25.8036 14.6841 0.00160477 -0.00609956 3.52774e-04 0.0063169905 0.0 16 24.7998925422 2.2703310031 0 0 0 3 6 7 0 0 0 6 
995 2 16.0786 25.8094 9.30008 0.00365381 -0.00168362 -5.47965e-04 0.0040601933 0.0 14 19.6008410285 2.3918873448 0 0 0 4 5 4 1 0 0 7 
444 1 11.6628 20.4073 13.3993 -6.11896e-04 -0.0036603 2.65331e-04 0.0037205663 0.0 15 22.9039384988 2.3762810061 0 0 1 2 6 5 1 0 0 7 
191 1 16.6334 19.6195 9.56143 0.00309022 0.00349139 -3.07763e-04 0.0046726847 0.0 13 20.1426287899 2.2719920682 0 0 0 1 10 2 0 0 0 6 
679 1 16.335 20.1534 13.317 0.00314756 2.28411e-04 -0.00207528 0.0037770481 0.0 15 23.7906216598 2.3435531055 0 0 0 3 6 6 0 0 0 6 
121 1 15.2905 25.1251 14.9469 0.00194272 6.83275e-05 0.00122814 0.002299382 0.0 16 24.8016855912 2.2569920183 0 0 0 4 4 8 0 0 0 6 
822 1 10.1896 21.4342 9.60336 -0.00279846 0.00250745 -0.00344112 0.0050950948 0.0 18 23.444460334 2.3762810061 0 0 1 6 4 2 3 2 0 8 
570 1 8.89932 22.3583 11.8777 0.00110666 0.0046295 -0.00195678 0.0051464507 0.0 12 20.7365185186 2.1948114694 0 0 1 3 4 3 1 0 0 7 
39 1 17.4509 17.4657 17.8755 0.00405127 6.10418e-04 0.00223428 0.0046666268 0.0 13 22.6808199193 2.1786578963 0 0 0 3 6 4 0 0 0 6 
800 1 11.5993 21.6582 18.9232 -5.26676e-04 0.00230858 6.86534e-04 0.0024654124 0.0 14 20.6950152806 2.1868804396 0 0 0 3 6 5 0 0 0 6 
516 2 13.7897 24.4285 8.67204 -7.99651e-04 -0.0024966 4.4956e-04 0.002659804 0.0 15 18.0320798247 2.3616707596 0 0 1 4 4 4 1 1 0 8 
887 1 10.4411 24.4312 11.0472 6.0167e-04 0.00352168 -9.69403e-04 0.0037018886 0.0 15 21.5925023146 2.1700962479 0 0 0 4 4 7 0 0 0 6 
78 1 14.1758 19.8841 11.4684 -0.00284474 -1.35179e-04 0.00136187 0.0031568194 0.0 14 21.582979927 2.3434749653 0 0 0 3 6 5 0 0 0 6 
735 1 10.1101 23.8806 16.7109 2.6114e-04 0.00249741 -1.90112e-04 0.0025182123 0.0 16 24.5708751792 2.3045991034 0 0 1 3 6 4 1 1 0 8 
308 1 18.5532 25.5979 14.4047 0.003686 9.5542e-04 0.00156817 0.0041180797 0.0 15 21.5901214322 2.350666588 0 0 0 3 6 6 0 0 0 6 
267 1 16.8066 23.3792 13.1945 -0.00398457 -0.0019379 0.00187882 0.0048127143 0.0 12 22.6233446274 2.3850160428 0 0 0 2 8 2 0 0 0 6 
263 1 16.2871 17.5027 14.6771 0.00133927 8.02569e-04 0.00166864 0.002285196 0.0 15 22.0037021406 2.3435531055 0 0 0 3 6 6 0 0 0 6 
827 1 9.90353 18.2795 14.547 -0.00180394 -0.00175765 0.00331434 0.0041627374 0.0 14 25.2714780821 2.3236835669 0 0 0 3 6 5 0 0 0 6 
980 1 17.2527 20.4201 17.5757 -0.00748187 7.98021e-04 0.0012459 0.007626761 0.0 17 22.7911189992 2.3435531055 0 0 0 3 8 4 2 0 0 7 
326 1 9.10182 19.621 11.6239 0.0012428 -3.50211e-04 0.00331516 0.003557736 0.0 13 22.7418699851 2.3105063358 0 0 0 2 8 3 0 0 0 6 
140 1 13.3809 25.9646 17.0293 1.02804e-04 2.47642e-04 -0.00212452 0.0021413735 0.0 14 22.5999165087 2.1955858223 0 0 0 4 4 6 0 0 0 6 
936 1 23.9484 21.5267 9.33348 -8.958e-04 9.71683e-04 4.80354e-04 0.0014061883 0.0 15 22.7663736409 2.2119237015 0 0 1 2 6 5 1 0 0 7 
12 1 22.7451 26.3329 16.9364 -0.00119617 -0.0035949 9.42808e-04 0.0039042305 0.0 15 21.2462864134 2.2272967991 0 0 2 1 7 3 1 1 0 8 
525 1 22.2288 26.2374 9.64087 -7.20431e-04 -2.75168e-04 4.28106e-04 8.8205045276e-04 0.0 15 22.8105340958 2.2748699512 0 0 0 2 8 5 0 0 0 6 
912 1 0.741296 0.966543 12.1495 9.84216e-05 -0.00151316 -1.4246e-04 0.0015230347 0.0 16 21.5109959604 2.1812318325 0 0 0 4 5 6 1 0 0 7 
283 1 24.9718 24.2959 16.1677 0.00144415 2.93141e-04 0.00460015 0.0048304121 0.0 14 21.9667282913 2.3878110643 0 0 2 2 6 1 2 1 0 8 
348 1 20.36 24.1338 16.1525 0.00209684 0.00513549 0.00194038 0.0058766547 0.0 14 21.831714521 2.3499074639 0 0 1 1 8 3 1 0 0 7 
670 1 18.1199 24.37 10.8537 -0.0030398 -0.00198186 -9.05842e-04 0.0037401474 0.0 13 22.07924432 2.3630029629 0 0 1 2 5 5 0 0 0 6 
663 1 18.774 21.8087 14.7026 0.00169203 -0.00297409 -0.00284877 0.0044523777 0.0 14 21.786286272 2.350666588 0 0 1 3 6 2 1 1 0 8 
796 1 18.5378 19.1597 15.5641 -0.00332119 0.00192652 0.00158475 0.0041536989 0.0 13 20.3804192116 2.3420978099 0 0 2 2 3 5 1 0 0 7 
135 1 21.4991 23.0886 10.3781 -3.98896e-04 0.006835 -0.00352619 0.0077013219 0.0 17 22.7352526555 2.3019678649 0 0 1 4 4 7 0 0 1 9 
937 1 20.3927 23.9166 12.8821 2.46255e-04 0.00262151 -0.0024177 0.0035746649 0.0 13 20.7984549796 2.1546690211 0 0 0 2 8 3 0 0 0 6 
556 1 24.199 22.6148 12.1973 -0.00259859 3.86173e-04 0.00246929 0.0036054393 0.0 15 23.4899607506 2.3946336214 0 0 2 3 4 3 2 1 0 8 
997 1 22.326 23.3134 17.9441 -7.25729e-04 -5.466e-05 -0.00275557 0.002850059 0.0 13 21.8100093789 2.3084326424 0 0 0 3 6 4 0 0 0 6 
908 1 25.5711 19.8132 17.065 -0.00182352 0.00165498 -6.54018e-04 0.0025479253 0.0 12 18.2997284905 2.1419435357 0 0 0 2 8 2 0 0 0 6 
68 1 25.8614 0.275364 17.4154 -0.00191237 0.00458173 -0.0046372 0.0067936023 0.0 13 22.0680846274 2.2422033801 0 0 0 3 7 2 1 0 0 7 
440 1 20.1591 21.1776 16.886 0.00366433 -0.00144729 -0.00295599 0.0049254279 0.0 13 20.5480961334 2.1982827162 0 0 0 3 6 4 0 0 0 6 
586 1 21.8959 19.9886 10.4271 -0.00278242 0.00251351 0.00125992 0.0039556279 0.0 13 21.4182333441 2.1811751499 0 0 0 2 8 3 0 0 0 6 
486 1 23.7444 19.6055 13.1395 -9.24509e-04 9.94963e-04 0.00103096 0.001705153 0.0 15 22.6470443646 2.2619353166 0 0 2 3 3 4 3 0 0 7 
343 1 24.4001 24.3997 9.9256 9.25134e-04 5.02156e-04 3.02448e-04 0.0010952207 0.0 14 19.6094992033 2.1181456115 0 0 1 1 8 3 1 0 0 7 
672 1 24.2526 18.637 9.52973 9.3526e-04 0.00430902 -0.00135249 0.0046121138 0.0 15 23.30607326 2.305937112 0 0 0 3 7 4 1 0 0 7 
344 1 22.9461 20.782 15.9533 -0.00239474 -0.00146166 3.33752e-04 0.0028253531 0.0 15 20.9424535607 2.2618788983 0 0 2 4 2 4 2 1 0 8 
917 1 19.251 21.1928 11.2986 -9.81765e-04 -0.00209664 0.00218437 0.00318296 0.0 15 22.4251765804 2.2719920682 0 0 0 2 8 5 0 0 0 6 
996 1 22.79 23.5082 14.6795 -0.00139163 -0.00188435 -0.00524273 0.0057422667 0.0 16 22.2523254718 2.289465716 0 0 3 2 5 3 0 3 0 8 
365 1 21.2217 20.9436 13.4601 -0.0029358 -0.00208267 0.00110185 0.0037643737 0.0 15 21.3964698355 2.1982827162 0 0 0 5 2 8 0 0 0 6 
641 1 22.9311 25.3038 12.1988 0.00151314 0.00242195 -0.00181159 0.0033819067 0.0 12 19.4307728395 2.2619841644 0 0 0 2 8 2 0 0 0 6 
109 1 26.1463 19.6916 11.5919 0.00207967 -0.0042023 4.36104e-04 0.004708985 0.0 13 22.5103555497 2.2011847225 0 0 0 1 10 2 0 0 0 6 
875 1 25.7311 21.5742 15.0379 0.00146503 0.00157393 -0.00100547 0.0023737183 0.0 15 22.4486628001 2.4341994032 0 0 1 4 4 3 3 0 0 7 
88 1 25.6988 25.3237 12.2355 -9.65055e-04 8.72976e-04 -4.90563e-04 0.0013907086 0.0 14 21.9592067074 2.4341994032 0 0 1 3 5 3 2 0 0 7 
723 1 21.4119 18.5548 15.1647 2.27504e-04 0.00279674 -0.00164324 0.0032517304 0.0 14 21.2726911721 2.2619353166 0 0 1 2 5 6 0 0 0 6 
403 1 19.5022 18.8646 12.9083 0.00119948 0.00191098 1.67554e-04 0.002262448 0.0 14 21.7741462908 2.2674094042 0 0 0 3 6 5 0 0 0 6 
526 1 25.8465 18.4667 14.7169 -0.00176555 0.00221764 0.00329805 0.0043488191 0.0 15 21.37157882 2.2619353166 0 0 1 3 4 6 1 0 0 7 
274 1 5.0455 0.714828 18.356 0.00144294 -0.0013097 -2.15495e-04 0.0019605683 0.0 14 22.2620937519 2.255004123 0 0 1 3 6 1 3 0 0 7 
137 2 2.21673 0.934742 25.5846 0.0020903 -0.00323442 -6.28545e-04 0.0039020374 0.0 14 18.7160652664 2.1681202378 0 0 0 3 6 5 0 0 0 6 
349 1 3.04356 7.09871 19.0773 4.6384e-04 -2.03275e-04 -0.00118452 0.0012882375 0.0 14 21.0358490725 2.2333886766 0 0 1 3 4 5 1 0 0 7 
615 1 10.1199 7.84124 25.3252 -2.65449e-04 -0.0030702 4.91927e-04 0.0031206703 0.0 17 22.2098405697 2.3143549824 0 0 0 3 7 6 1 0 0 7 
468 1 0.415009 5.85285 20.0581 0.00187536 0.0022095 -0.00191611 0.0034742399 0.0 14 22.2114839637 2.2333886766 0 0 0 4 4 6 0 0 0 6 
517 2 7.53418 1.81557 22.4786 0.00231824 0.00293446 -0.00177025 0.0041375207 0.0 13 12.386776074 1.9840293443 0 0 0 3 6 4 0 0 0 6 
153 1 0.9048 3.51059 22.2878 9.05569e-04 -0.00274299 3.20083e-04 0.0029062867 0.0 13 21.6525406189 2.2115895405 0 0 0 3 6 4 0 0 0 6 
232 1 2.61144 4.59477 18.0875 -0.0026776 1.91352e-04 -0.00122327 0.0029500079 0.0 15 22.783795051 2.2569591095 0 0 0 4 4 7 0 0 0 6 
933 2 3.2278 2.12865 23.9506 0.00171111 -0.00117564 0.0018681 0.0027928166 0.0 12 16.2909429047 2.1228750104 0 0 0 3 6 3 0 0 0 6 
585 1 2.86344 1.69658 20.9578 -0.00323613 0.00307437 0.0033841 0.005601466 0.0 15 22.2358262623 2.2430116247 0 0 0 3 6 6 0 0 0 6 
216 1 2.12429 4.40495 0.491479 -0.00753104 0.00155026 0.0016045 0.0078545713 0.0 15 23.0970619501 2.1817106131 0 0 0 2 8 5 0 0 0 6 
479 1 6.3127 7.88154 17.8193 0.00159135 -2.4947e-04 -0.00273583 0.0031748064 0.0 14 21.0072146462 2.2709498165 0 0 0 3 6 5 0 0 0 6 
49 1 0.0287882 2.93901 19.0642 -2.92815e-04 0.00117319 -2.05264e-04 0.0012264782 0.0 14 23.4667477934 2.2428316709 0 0 0 3 6 5 0 0 0 6 
942 2 5.67866 0.51537 21.8892 -8.61838e-04 6.8755e-05 0.00170754 0.0019139448 0.0 13 16.479116896 2.0754781145 0 0 0 1 10 2 0 0 0 6 
835 2 6.58746 1.21357 24.6442 -8.82383e-05 9.86054e-04 0.00217924 0.0023935696 0.0 15 13.7688975714 2.0923049057 0 0 1 4 3 5 2 0 0 7 
177 1 5.1315 3.00258 19.876 6.54136e-04 -0.00574534 -0.00266313 0.0063662459 0.0 16 21.9255124394 2.2430116247 0 0 0 4 5 6 1 0 0 7 
767 1 5.20886 5.80808 22.9779 -0.0019842 4.35621e-04 0.00168353 0.0026383875 0.0 17 23.7249453526 2.2994062169 0 0 2 3 4 4 4 0 0 7 
759 1 3.9849 8.3886 21.471 0.00132064 0.00170105 4.26949e-04 0.0021954377 0.0 16 23.9143451213 2.3184730262 0 0 1 5 1 7 2 0 0 7 
392 1 7.79555 8.30969 22.9286 0.00101425 -0.00197613 0.00201967 0.0030021425 0.0 16 23.8654024936 2.3184730262 0 0 2 1 7 4 1 1 0 8 
521 1 5.59989 5.8777 20.0641 0.00429452 -0.00169295 0.00138247 0.0048187348 0.0 13 21.280746869 2.3133232552 0 0 2 2 4 3 2 0 0 7 
769 1 1.73406 7.07138 22.4801 0.00249777 8.18083e-04 -6.28685e-04 0.0027024729 0.0 14 21.8434955472 2.2057162195 0 0 0 6 0 8 0 0 0 6 
589 1 8.03208 6.98959 20.1814 -0.00205453 -0.0021346 0.00121033 0.0032003921 0.0 15 23.4716317658 2.3184730262 0 0 2 1 7 3 1 1 0 8 
45 1 3.26351 8.82088 24.4133 -0.0032317 8.15332e-04 -5.99023e-04 0.0033863667 0.0 14 21.3042585469 2.2516030456 0 0 0 3 6 5 0 0 0 6 
275 1 3.20017 4.91779 21.2295 -7.79141e-04 -6.72584e-04 -5.52225e-04 0.0011680678 0.0 14 21.070950488 2.2428316709 0 0 0 3 6 5 0 0 0 6 
555 1 2.74312 5.10446 24.4502 -1.15711e-04 4.78065e-04 -0.001446 0.0015273674 0.0 14 21.8955449226 2.113269807 0 0 1 3 4 5 1 0 0 7 
61 2 9.04632 5.49942 23.2873 -0.00173728 6.98288e-04 0.00144066 0.0023624668 0.0 13 15.153929703 2.2161870102 0 0 1 2 5 5 0 0 0 6 
820 2 7.68387 6.17366 25.5382 -5.3725e-04 0.00127456 -0.00131945 0.0019115672 0.0 12 17.0995515389 2.2900073464 0 0 0 4 4 4 0 0 0 6 
661 2 6.79211 4.21825 24.6842 -0.00144554 0.00142718 0.00415664 0.0046264549 0.0 14 15.036805184 2.1063227755 0 0 1 1 9 1 2 0 0 7 
157 2 5.39465 2.70402 23.0294 -0.00179411 -0.00281894 -0.00195581 0.0038717498 0.0 14 16.2962657286 2.1508770306 0 0 0 3 6 5 0 0 0 6 
851 1 7.75629 3.82573 18.5552 0.00230887 -0.00154481 -6.62782e-04 0.0028559759 0.0 16 23.3485839576 2.3464628661 0 0 2 3 3 5 3 0 0 7 
197 2 7.71866 1.10411 20.1237 0.00227024 -0.00161592 -0.00261893 0.0038241315 0.0 15 19.5521175689 2.3142970483 0 0 1 4 4 4 1 1 0 8 
377 2 7.75284 4.1453 21.8861 -8.59798e-05 0.00349565 1.05707e-04 0.0034983046 0.0 14 17.5056863553 2.2331982382 0 0 1 3 4 5 1 0 0 7 
881 2 9.2806 3.11273 23.4587 -0.00231085 0.00332397 3.3773e-04 0.0040623719 0.0 14 12.7271073335 1.8646162615 0 0 0 3 6 5 0 0 0 6 
228 2 4.7164 2.84013 25.6558 0.00562776 -1.83763e-04 -0.00137774 0.0057968629 0.0 15 17.7987184921 2.1248925981 0 0 1 2 6 5 1 0 0 7 
27 1 17.9212 7.50394 0.219331 0.00100551 9.42423e-04 -0.00391942 0.0041546437 0.0 14 20.9554254571 2.2279375522 0 0 1 3 4 5 1 0 0 7 
892 2 8.83894 0.48211 24.137 -0.00141521 -0.0025424 -0.00223705 0.0036702874 0.0 14 14.4242699222 2.0013850209 0 0 0 4 5 4 1 0 0 7 
613 2 9.60698 4.66917 25.5403 -5.61182e-04 0.00418029 0.00117488 0.0043783664 0.0 15 14.9111617243 2.1418159223 0 0 1 1 9 2 2 0 0 7 
169 1 18.2664 4.90545 21.9974 0.00351515 0.00182665 -6.07829e-04 0.0040077906 0.0 13 20.9031912065 2.220694209 0 0 1 2 5 5 0 0 0 6 
734 1 18.2039 0.978027 18.7785 0.00214687 0.0051239 0.00233482 0.0060261751 0.0 15 23.2491910258 2.3696436181 0 0 0 4 5 5 1 0 0 7 
552 2 11.9479 5.39849 24.1065 -0.00100133 -1.5029e-05 0.00523912 0.0053339728 0.0 16 18.1283122831 2.1418159223 0 0 1 3 4 7 1 0 0 7 
2 2 12.5413 2.02 16.5494 0.0039716 -0.00387719 5.55129e-04 0.0055780263 0.0 13 19.0137519847 2.2670195168 0 0 0 3 6 4 0 0 0 6 
142 2 13.6761 8.69405 18.3007 -6.66009e-04 8.96395e-04 -0.00149907 0.0018693054 0.0 14 15.5121771967 2.2221308704 0 0 1 3 5 3 2 0 0 7 
706 1 12.4104 9.23941 20.9858 -0.00104067 7.00963e-04 -2.70203e-04 0.0012834924 0.0 15 22.5460105906 2.3240735524 0 0 0 2 9 3 1 0 0 7 
407 2 11.1118 0.518094 25.0068 8.83689e-04 0.0033663 0.00402054 0.0053176709 0.0 15 16.9291954031 2.3185339243 0 0 0 3 7 4 1 0 0 7 
99 2 11.2654 6.54465 19.7855 0.00118668 -6.14414e-04 0.00264903 0.0029669975 0.0 14 18.6146946232 2.2978141202 0 0 0 2 8 4 0 0 0 6 
36 2 13.5703 6.24988 19.1991 -0.00193249 -4.10368e-05 0.00223197 0.0029526076 0.0 14 14.7088623998 2.3236287174 0 0 0 3 6 5 0 0 0 6 
86 1 15.3095 0.037957 19.0811 7.36266e-04 -4.22336e-04 -0.00296966 0.0030885815 0.0 14 22.4042637749 2.3513431884 0 0 1 4 3 4 2 0 0 7 
333 2 11.0282 1.26477 22.8142 -0.00153548 7.386e-04 -0.0012733 0.0021270923 0.0 13 14.814938191 2.0610738459 0 0 1 2 5 5 0 0 0 6 
253 1 12.5672 7.54358 26.6149 -0.00396813 -8.19e-04 -7.97874e-04 0.0041295786 0.0 13 21.76539368 2.2886623005 0 0 1 4 2 5 1 0 0 7 
894 2 14.2231 2.99787 18.2343 -0.00363693 2.85871e-04 0.00144909 0.00392541 0.0 16 17.7345197752 2.3696436181 0 0 0 2 8 6 0 0 0 6 
433 2 11.8877 3.70822 19.8579 0.00277941 0.00105264 0.00180371 0.0034765702 0.0 16 18.3714584661 2.3464628661 0 0 1 2 7 4 2 0 0 7 
495 1 16.7334 1.5512 24.9703 0.00165858 -2.29207e-04 2.81487e-04 0.0016978393 0.0 14 24.2785421891 2.5165866976 0 0 0 3 6 5 0 0 0 6 
963 1 9.57472 9.18345 20.687 0.0017681 2.25775e-04 0.00348243 0.0039120929 0.0 12 21.516346214 2.2978141202 0 0 0 0 12 0 0 0 0 5 
50 1 14.993 3.78851 23.7745 -0.0052204 7.57718e-04 -0.00212152 0.005685733 0.0 16 23.9229921764 2.3523338535 0 0 0 3 7 5 1 0 0 7 
693 2 11.2945 2.74886 24.8855 -6.11672e-04 -0.00132632 3.64865e-04 0.0015054547 0.0 13 14.2420317485 2.3266078303 0 0 0 1 10 2 0 0 0 6 
70 2 9.59235 2.29696 21.0045 -2.06993e-04 0.00148417 0.00172588 0.0022856659 0.0 13 15.7030211029 2.3065871638 0 0 1 2 6 3 1 0 0 7 
46 2 11.9211 7.40817 17.2342 5.03874e-04 0.0019248 -6.55252e-04 0.002094779 0.0 11 14.5262292401 2.2198085302 0 0 0 4 4 3 0 0 0 6 
499 2 12.7491 5.46817 21.7133 5.56365e-04 0.00363222 0.00283279 0.0046397482 0.0 13 15.810927041 2.3137223809 0 0 1 2 6 3 1 0 0 7 
873 1 16.5535 2.08276 21.4869 0.00192294 -0.00262022 0.00200015 0.0038162614 0.0 17 25.6764125982 2.3696436181 0 0 1 3 5 6 2 0 0 7 
450 2 13.0739 1.72251 26.6751 0.0047036 -0.00320425 0.00148399 0.0058816067 0.0 14 19.4567539411 2.5165866976 0 0 0 2 8 4 0 0 0 6 
134 1 15.5458 6.29861 22.251 -0.00159416 -0.00154139 -0.00160151 0.0027353361 0.0 17 23.1430687564 2.3236287174 0 0 0 6 3 5 3 0 0 7 
492 2 12.0293 3.50087 22.5757 -0.00183054 9.92326e-04 -0.00400112 0.0045104932 0.0 13 14.8782829307 2.2298755639 0 0 1 2 5 5 0 0 0 6 
464 1 13.7495 8.3034 23.5212 -7.91707e-04 4.09237e-04 0.00123301 0.0015213772 0.0 14 22.5951585256 2.3143549824 0 0 0 3 7 3 1 0 0 7 
309 1 14.9485 6.02342 25.3958 -9.3581e-04 3.88677e-04 -0.00127885 0.0016316456 0.0 13 22.2328429167 2.2768169954 0 0 0 3 7 2 1 0 0 7 
739 1 18.0871 7.6017 21.1675 0.00226222 0.00507393 -0.00196023 0.005891087 0.0 15 22.1168897303 2.3094123744 0 0 1 2 6 5 1 0 0 7 
454 1 17.8418 4.94379 24.8215 1.58801e-04 0.00128949 -4.39812e-04 0.0013716548 0.0 14 21.3727155393 2.2394786428 0 0 0 2 8 4 0 0 0 6 
536 1 13.9865 0.719025 22.6452 0.00102353 -0.00252501 8.06392e-04 0.0028414006 0.0 15 24.2452907546 2.50669057 0 0 0 2 8 5 0 0 0 6 
16 2 10.2318 4.55786 21.2767 0.00517386 -0.0019243 -0.00296728 0.0062670973 0.0 13 14.8796766578 2.2884192232 0 0 0 3 6 4 0 0 0 6 
874 2 13.998 3.42275 20.7667 0.00136704 -0.00317915 0.00157102 0.0038005127 0.0 12 17.2298506632 2.2187896942 0 0 0 3 6 3 0 0 0 6 
949 2 15.6652 4.83169 19.5241 1.6038e-04 -4.28496e-04 1.68751e-05 4.5783767365e-04 0.0 13 16.740123413 2.2861986829 0 0 1 3 4 4 1 0 0 7 
816 2 10.8063 6.8236 22.4852 0.00106675 1.01749e-04 -6.03447e-07 0.0010715917 0.0 12 17.6148873341 2.1481873509 0 0 0 0 12 0 0 0 0 5 
971 2 12.5791 4.22662 26.5599 -0.0042735 -0.00545649 0.00258441 0.0073969764 0.0 13 17.0855614889 2.2298081457 0 0 0 2 8 3 0 0 0 6 
968 1 15.5507 3.56661 0.0228632 0.0012258 -2.84876e-04 3.04184e-04 0.0012947076 0.0 15 23.7161183183 2.2527481367 0 0 0 1 10 4 0 0 0 6 
915 1 23.3393 7.09893 20.0265 -0.00195194 0.00104609 0.00191933 0.0029305634 0.0 14 20.988492645 2.2261989828 0 0 0 4 4 6 0 0 0 6 
806 1 26.2788 5.55505 23.6814 0.00299143 -0.0027665 0.00383082 0.0055926163 0.0 14 21.7369887552 2.1572054039 0 0 0 6 0 8 0 0 0 6 
463 1 18.889 7.48839 24.0168 0.00155017 1.66689e-04 0.00141255 0.0021038322 0.0 15 21.9056824338 2.2394786428 0 0 1 4 4 3 3 0 0 7 
623 1 24.4075 2.56242 25.9276 9.02126e-04 2.30048e-04 -0.0014458 0.0017196194 0.0 16 22.2962937669 2.2789168858 0 0 0 5 3 7 1 0 0 7 
794 1 18.8884 2.5762 23.2472 1.3891e-04 -8.01683e-04 1.97801e-05 8.1386907605e-04 0.0 14 20.0661652148 2.143714818 0 0 1 3 4 5 1 0 0 7 
927 1 20.0231 2.74291 20.6938 -0.00455712 -0.00174583 0.0039326 0.0062674243 0.0 16 22.8726794366 2.2045874543 0 0 0 4 5 6 1 0 0 7 
480 1 23.0606 7.00158 22.9782 -0.00259637 0.00301972 0.00300785 0.0049906921 0.0 14 20.5103058225 2.2261989828 0 0 1 3 4 5 1 0 0 7 
684 1 25.2015 5.24518 17.9598 0.00231606 -5.64584e-04 0.00126769 0.0026999865 0.0 15 22.7477313191 2.1706453812 0 0 0 2 8 5 0 0 0 6 
154 1 24.7611 5.07925 21.2411 -0.00286042 -0.00302072 0.00250354 0.0048553542 0.0 13 21.0791056948 2.2231591509 0 0 0 4 4 5 0 0 0 6 
447 1 22.6324 3.42935 22.16 -0.00243085 -0.00121027 -0.00426559 0.0050565841 0.0 15 21.6561245746 2.2789168858 0 0 1 4 4 3 3 0 0 7 
51 1 23.5872 4.80912 24.7492 -0.00341492 9.66171e-04 -9.0854e-04 0.0036634151 0.0 14 21.2496934677 2.234332275 0 0 0 3 6 5 0 0 0 6 
328 1 20.1999 5.79199 26.5467 0.00145593 -9.36058e-04 -0.00180575 0.0025013336 0.0 14 21.0670389541 2.2321294132 0 0 0 4 5 4 1 0 0 7 
387 1 21.5914 3.05753 25.5182 -9.83845e-04 0.00244138 -3.12686e-04 0.0026506716 0.0 15 21.0263054164 2.2448952429 0 0 1 4 4 3 3 0 0 7 
461 1 24.1303 2.05381 19.8504 0.0017143 0.00191284 -6.00693e-04 0.0026379184 0.0 14 20.9335780043 2.4034593581 0 0 1 3 4 5 1 0 0 7 
74 1 21.1942 8.83554 21.931 0.0015422 0.00229167 0.00270316 0.0038648682 0.0 15 22.0123723849 2.3094123744 0 0 1 4 3 5 2 0 0 7 
878 1 21.7234 8.35294 25.1168 0.00106756 -6.00231e-05 0.00236123 0.0025920444 0.0 15 22.5546762341 2.234332275 0 0 0 4 6 3 2 0 0 7 
716 1 25.5171 8.18645 21.8742 0.00250456 5.29851e-04 -0.0020028 0.0032503493 0.0 14 22.1648459066 2.2057162195 0 0 0 4 4 6 0 0 0 6 
241 1 21.406 1.10855 23.4757 -9.62161e-04 0.00125422 0.00224522 0.0027458759 0.0 13 20.0960656445 2.2789168858 0 0 1 4 3 3 2 0 0 7 
664 1 19.1557 26.7047 24.8656 -4.74487e-04 0.00131334 -6.63697e-04 0.0015461221 0.0 15 22.0730023016 2.197086364 0 0 0 1 10 4 0 0 0 6 
770 1 18.8288 2.75986 26.4748 -7.18726e-04 -0.00128221 -0.00287406 0.0032281342 0.0 14 21.1145553416 2.2527481367 0 0 1 1 8 3 1 0 0 7 
168 1 20.548 5.07545 23.6541 0.00166928 -5.64496e-04 -0.0043254 0.0046705713 0.0 15 20.9104189778 2.2178707638 0 0 2 3 3 4 3 0 0 7 
34 1 22.7441 5.11953 0.824493 -7.84619e-04 -0.00468645 -5.41851e-04 0.0047824725 0.0 15 21.5680574453 2.234332275 0 0 0 5 3 6 1 0 0 7 
542 1 25.0812 2.15976 22.4592 0.00166964 0.0036637 -0.00124727 0.0042149825 0.0 14 22.5441443334 2.5451086676 0 0 0 3 6 5 0 0 0 6 
599 1 21.3526 1.67473 18.3714 0.00218497 0.00162179 8.1889e-04 0.0028416329 0.0 14 20.20153145 2.1511605546 0 0 2 1 6 3 2 0 0 7 
675 1 25.6111 8.32352 18.5412 0.00202973 0.00168286 -0.00211463 0.0033798642 0.0 14 23.0356236461 2.2333886766 0 0 1 1 7 5 0 0 0 6 
393 1 22.441 4.17699 19.3763 -0.0036424 -0.00178313 -0.00348132 0.0053447375 0.0 13 21.1383158337 2.2042305128 0 0 0 3 6 4 0 0 0 6 
427 1 0.369896 9.21608 24.1038 6.02104e-04 -0.00248567 0.00392434 0.0046841786 0.0 15 21.1575913245 2.2057162195 0 0 1 4 3 5 2 0 0 7 
320 1 24.7832 7.58576 25.5103 0.00301747 -9.20224e-04 0.00103325 0.0033195697 0.0 14 23.3763403336 2.2845731222 0 0 0 4 4 6 0 0 0 6 
944 1 0.256898 3.14311 25.1012 0.00290867 -2.47703e-04 -2.46333e-05 0.0029193021 0.0 14 21.2981262921 2.1572054039 0 0 0 3 6 5 0 0 0 6 
601 2 21.0501 8.75291 18.6778 -0.00217432 -0.00183745 -0.00202133 0.0034913701 0.0 14 17.6399475977 2.3094123744 0 0 0 1 10 3 0 0 0 6 
325 1 20.4852 6.16243 20.953 -0.00507971 -0.00347319 -2.39915e-04 0.0061582515 0.0 15 22.3716038178 2.2261989828 0 0 0 3 6 6 0 0 0 6 
530 1 9.85786 12.6336 0.0667644 -0.00138366 6.37888e-04 -0.00141968 0.0020825243 0.0 15 21.8455801288 2.3257693071 0 0 1 3 5 4 2 0 0 7 
374 1 5.22678 15.6239 24.2378 -0.00355736 2.87267e-04 -0.00222531 0.0042058694 0.0 15 20.8461705897 2.2111861401 0 0 1 3 5 4 2 0 0 7 
304 1 8.19773 16.0321 18.6317 -0.00260185 -0.00130446 0.00171206 0.0033767423 0.0 12 19.9114954184 2.2588421317 0 0 0 2 8 2 0 0 0 6 
358 1 6.09922 8.67915 25.2984 -6.02667e-04 -5.53956e-04 0.00370737 0.0037966653 0.0 14 21.1066146137 2.2994062169 0 0 0 3 6 5 0 0 0 6 
705 1 26.6928 14.3214 18.3257 -9.7365e-05 3.12011e-04 3.15141e-04 4.5403155973e-04 0.0 14 21.9777596539 2.3218526784 0 0 1 1 8 3 1 0 0 7 
435 1 3.31471 14.8704 20.6742 -7.82299e-04 -0.00130988 -0.00207958 0.0025792306 0.0 16 22.7960990954 2.1846027238 0 0 0 3 6 7 0 0 0 6 
784 1 3.32172 17.4195 22.9511 0.0015888 0.00247454 6.6277e-05 0.0029414327 0.0 16 23.466013252 2.1374989876 0 0 0 3 7 5 1 0 0 7 
707 1 1.41781 16.9334 20.076 1.03157e-04 -5.4659e-04 -0.00141695 0.0015222185 0.0 14 22.4252173742 2.349642563 0 0 0 2 8 4 0 0 0 6 
598 1 1.42791 10.4901 26.3644 8.01997e-04 0.00162306 -5.33113e-04 0.0018872553 0.0 13 20.0397038369 2.127491808 0 0 0 3 6 4 0 0 0 6 
840 1 7.73729 15.6618 26.6401 0.00162375 -0.00219537 -0.00150071 0.0031158216 0.0 14 21.83474183 2.2935813105 0 0 0 2 8 4 0 0 0 6 
932 1 6.40872 10.14 20.0988 -6.27397e-04 0.00413059 -0.00136822 0.0043962969 0.0 15 23.049998736 2.3184730262 0 0 1 2 6 5 1 0 0 7 
883 1 1.36333 9.85919 19.9992 1.80885e-04 3.99579e-05 -0.00257977 0.0025864124 0.0 16 24.3209140076 2.2333886766 0 0 2 4 1 7 1 1 0 8 
73 1 5.32771 16.1429 18.3351 0.00917214 -0.00397067 0.00267086 0.0103454273 0.0 12 19.8003411263 2.0990872941 0 0 0 0 12 0 0 0 0 5 
511 1 6.28429 16.1321 21.1947 -0.00326583 -0.00179688 0.00127544 0.0039396917 0.0 13 21.1389070282 2.1509283326 0 0 0 1 10 2 0 0 0 6 
870 1 3.88833 11.6553 25.1583 -0.00300884 0.00254364 -0.00147834 0.004208172 0.0 15 21.9191213924 2.2111861401 0 0 2 4 1 6 1 1 0 8 
648 1 2.97982 15.038 25.8611 0.00280666 0.00210495 3.84073e-04 0.0035292587 0.0 14 21.9662348315 2.2063081123 0 0 0 2 8 4 0 0 0 6 
597 1 7.02397 13.5498 25.1088 1.74093e-04 -0.00306295 -0.00164152 0.0034794481 0.0 14 21.075486018 2.2111861401 0 0 1 3 4 5 1 0 0 7 
402 1 1.18758 12.1535 24.1704 0.00274198 9.42216e-05 0.00106498 0.0029430451 0.0 14 20.2773730499 2.2002942232 0 0 0 4 4 6 0 0 0 6 
814 1 3.57289 13.5001 23.2989 -0.00147196 -0.00637255 -3.39304e-04 0.0065491364 0.0 14 20.0795896621 2.2081863283 0 0 2 2 5 3 1 1 0 8 
587 1 4.13682 9.81746 18.415 0.00262546 -0.00481985 -0.00357062 0.0065477722 0.0 14 23.3676540057 2.3228512126 0 0 1 3 4 5 1 0 0 7 
645 1 6.09623 10.5914 23.0892 -0.00115659 -0.00284895 0.00464099 0.0055671361 0.0 14 22.266632392 2.2664405671 0 0 0 3 7 3 1 0 0 7 
424 1 6.20001 13.3522 22.2821 -0.0026199 0.00216635 5.40865e-04 0.0034423078 0.0 14 19.721209902 2.1509283326 0 0 1 2 6 4 1 0 0 7 
832 1 4.42872 12.315 20.5996 -0.00122926 -0.00626848 0.00432986 0.0077170337 0.0 14 20.78783228 2.2178809154 0 0 1 3 5 3 2 0 0 7 
844 1 0.91707 12.966 21.2351 -0.00140156 -0.00137877 -0.00379798 0.0042766844 0.0 15 22.1181013559 2.3218526784 0 0 0 5 3 6 1 0 0 7 
417 1 1.04505 15.2556 22.8596 -3.08533e-04 0.00320251 0.00100677 0.0033711791 0.0 14 23.7015630733 2.3209668622 0 0 0 3 7 3 1 0 0 7 
47 1 8.23573 10.733 25.0184 0.00258513 0.00154792 3.01188e-04 0.0030281459 0.0 12 21.2627362494 2.2511951345 0 0 0 2 8 2 0 0 0 6 
237 1 7.90155 15.8626 23.6432 0.0045475 0.00203093 -9.56991e-04 0.005071515 0.0 15 20.8364038302 2.2253986877 0 0 0 3 6 6 0 0 0 6 
200 1 2.58872 10.724 22.4623 -2.72798e-04 0.00143829 -6.78847e-04 0.0016136698 0.0 14 20.4741016837 2.2178809154 0 0 2 3 3 4 1 1 0 8 
763 1 1.9339 12.3673 18.6465 0.00244313 0.00157006 -0.00170388 0.0033670729 0.0 13 21.2393814581 2.2829096616 0 0 1 0 9 3 0 0 0 6 
761 1 8.87634 17.6288 21.5959 8.58592e-04 -7.02471e-04 -3.73256e-05 0.0011099725 0.0 13 18.6862819852 2.2036773879 0 0 1 2 5 5 0 0 0 6 
226 1 6.74677 13.6251 19.3981 0.00282929 -0.00193094 -0.00103028 0.0035769943 0.0 14 20.6887147443 2.1250801403 0 0 0 2 8 4 0 0 0 6 
368 1 0.365315 16.4633 25.2235 0.00334732 -5.54514e-04 4.72764e-04 0.0034257178 0.0 14 20.9634487873 2.180843878 0 0 0 3 6 5 0 0 0 6 
897 1 8.54212 11.7689 21.9051 -0.00130478 -0.0033597 0.00465648 0.0058883649 0.0 13 20.1980156359 2.1105626707 0 0 0 2 8 3 0 0 0 6 
465 2 12.2883 11.7953 17.4159 -0.00338159 -0.00282519 8.32708e-04 0.0044844456 0.0 14 16.8869546377 2.3008513206 0 0 2 2 5 3 1 1 0 8 
180 2 14.2547 10.8256 18.8829 0.0034437 0.00131796 -0.00291813 0.0047022942 0.0 15 19.7394979263 2.3323143239 0 0 0 5 4 4 2 0 0 7 
889 1 15.6708 9.17571 21.5562 0.0015511 -9.01001e-04 7.03978e-04 0.0019269922 0.0 15 24.2809711182 2.3323143239 0 0 0 3 7 4 1 0 0 7 
901 1 16.3405 8.8589 24.7208 0.00257424 -0.00249825 -4.33623e-04 0.0036133078 0.0 14 21.1964438495 2.2768169954 0 0 0 3 6 5 0 0 0 6 
540 1 9.77544 13.2036 23.9697 0.00210317 0.00250835 0.00299863 0.0044392483 0.0 15 21.2449287621 2.3294263703 0 0 1 4 3 5 2 0 0 7 
899 1 9.13441 14.526 21.5783 0.00149015 -0.00137611 0.00182775 0.0027303655 0.0 14 21.2703815244 2.2038766595 0 0 0 2 8 4 0 0 0 6 
383 1 17.817 14.8732 26.3233 4.29193e-05 -3.54584e-04 5.99985e-04 6.982505851e-04 0.0 16 25.3082742568 2.3155896009 0 0 2 2 6 2 4 0 0 7 
743 1 13.2774 15.5802 18.7454 9.55921e-04 -0.00139347 0.00239252 0.0029291117 0.0 16 22.9612783291 2.3551375471 0 0 0 5 4 5 2 0 0 7 
165 1 8.92446 11.731 19.0321 -0.00209241 -0.0016662 -2.59336e-04 0.0026873141 0.0 13 21.1156341666 2.2614907139 0 0 0 3 6 4 0 0 0 6 
311 1 10.974 17.3709 23.1405 0.00152117 -6.90814e-04 0.00180641 0.0024605486 0.0 14 20.5910304646 2.1935169447 0 0 0 4 4 6 0 0 0 6 
789 1 10.5932 10.0459 23.2539 -2.72775e-04 0.00105555 0.0016752 0.0019987214 0.0 15 22.5805079736 2.3294263703 0 0 2 1 7 2 3 0 0 7 
594 1 14.6365 14.1279 23.5176 0.00287036 -0.00226302 -0.00273511 0.0045652002 0.0 16 23.0565072641 2.2942483756 0 0 2 3 4 5 1 0 1 9 
639 1 15.6309 16.5038 25.8302 -4.70121e-04 7.59671e-04 -2.0163e-04 9.1584302136e-04 0.0 15 25.0280084818 2.5772682961 0 0 2 3 3 5 1 1 0 8 
63 1 13.379 16.8775 24.3913 0.00339372 0.0011596 -0.00410432 0.0054504541 0.0 14 20.3390278623 2.1706337417 0 0 1 2 5 6 0 0 0 6 
185 1 10.8146 16.6883 19.9287 -0.00157579 4.37839e-04 -1.64451e-05 0.0016355695 0.0 13 21.6939238479 2.3294387302 0 0 0 3 6 4 0 0 0 6 
803 1 13.8578 10.1497 25.7088 -7.07789e-04 9.2185e-04 0.00131997 0.0017587193 0.0 15 20.0916106359 2.3143549824 0 0 0 4 6 3 2 0 0 7 
956 1 12.5174 13.1183 25.3121 -0.00502272 0.00134129 -0.00351739 0.0062768469 0.0 15 22.452061517 2.3294263703 0 0 1 3 4 6 1 0 0 7 
280 1 11.2369 12.2166 20.446 5.14963e-05 7.05501e-04 6.63648e-04 9.6995474009e-04 0.0 15 23.4225774664 2.3551375471 0 0 0 2 8 5 0 0 0 6 
595 1 13.9627 13.1344 20.8897 -0.00116137 -8.5859e-04 0.00218439 0.0026186861 0.0 15 22.9292936733 2.3410869133 0 0 1 5 2 4 3 0 0 7 
149 2 16.223 12.4637 18.4245 -0.00383191 0.00473797 0.00114064 0.0061994317 0.0 13 15.5876688749 2.1136779747 0 0 0 3 6 4 0 0 0 6 
877 1 15.8195 15.2463 19.8085 0.00599213 -9.75629e-04 5.33898e-04 0.0060944664 0.0 17 22.8478694894 2.2825068651 0 0 1 4 3 7 2 0 0 7 
268 1 16.4065 12.0318 21.9638 0.00315709 -0.00516612 -1.44994e-04 0.0060561569 0.0 14 21.7134725568 2.2405366288 0 0 0 5 4 3 2 0 0 7 
302 1 11.8414 14.6598 22.6839 -0.00124609 0.00194145 6.90445e-05 0.0023079722 0.0 15 21.9970848359 2.3551375471 0 0 0 2 8 5 0 0 0 6 
478 1 13.8463 16.4059 21.479 -0.00362044 2.20376e-04 -0.00173 0.0040185882 0.0 13 21.0105962327 2.1723522081 0 0 1 3 3 6 0 0 0 6 
455 1 17.1969 14.9552 22.3283 -0.00115911 -3.28018e-04 -0.00209048 0.0024127243 0.0 15 21.8817002433 2.2861693427 0 0 5 1 2 3 2 1 1 9 
29 1 12.9547 11.2685 23.2136 0.00495974 -6.70114e-04 0.00119015 0.0051443688 0.0 14 22.8484395955 2.3240735524 0 0 1 2 7 2 2 0 0 7 
500 1 16.3374 17.4503 22.9915 -6.62926e-04 -5.72895e-04 0.00105665 0.0013726576 0.0 18 22.9286673553 2.3231798233 0 0 2 5 4 3 0 4 0 8 
756 2 17.9317 10.6474 19.5411 0.00336182 1.16454e-05 -0.00143247 0.0036543043 0.0 16 18.6669473849 2.3323143239 0 0 0 3 6 7 0 0 0 6 
909 1 10.6057 15.7744 25.7481 4.06504e-04 -7.1405e-04 0.00144585 0.0016630079 0.0 13 21.9588037225 2.1875072643 0 0 0 3 6 4 0 0 0 6 
17 1 13.3221 15.3798 0.16474 -6.9555e-04 -0.00352769 -0.00419497 0.0055250484 0.0 12 24.4529710115 2.6407569354 0 0 0 5 2 5 0 0 0 6 
147 1 16.051 11.6774 24.6739 -0.0018276 5.33069e-04 -0.00300481 0.0035571291 0.0 16 21.5261612456 2.2942483756 0 0 2 3 4 4 2 1 0 8 
653 1 21.9301 14.0418 24.3507 0.00267255 -3.28135e-04 0.00283345 0.0039087895 0.0 14 22.3973321224 2.3932691141 0 0 0 2 8 4 0 0 0 6 
93 1 25.061 16.4131 20.2632 -6.70336e-04 -0.002851 -7.12072e-04 0.0030140667 0.0 14 21.9596859922 2.3218526784 0 0 0 3 7 3 1 0 0 7 
408 1 23.6209 9.79021 23.3629 -0.00480843 -0.00112318 -0.00148941 0.0051576036 0.0 13 20.8468554187 2.3732078388 0 0 0 1 10 2 0 0 0 6 
631 1 22.8143 12.2071 22.1907 6.52671e-04 0.00300967 0.00115915 0.0032905504 0.0 14 21.3948923431 2.2864598553 0 0 0 4 4 6 0 0 0 6 
436 2 20.6868 11.3703 20.0441 -0.00258628 0.00249531 0.00231019 0.0042722821 0.0 13 17.2434759191 2.2796267074 0 0 0 4 4 5 0 0 0 6 
299 1 21.9238 17.1588 24.1386 -0.00144143 -0.00131152 -0.00194088 0.0027504218 0.0 15 21.2280912023 2.2042266076 0 0 1 2 7 3 2 0 0 7 
62 1 23.5402 9.99649 20.3427 1.83079e-04 0.00121126 3.97579e-04 0.0012879199 0.0 15 20.9698597879 2.2322790753 0 0 0 3 6 6 0 0 0 6 
186 1 18.5041 10.1835 22.5173 0.00273565 -0.00245813 -0.00151209 0.003976506 0.0 13 21.2010093696 2.2580855414 0 0 0 1 10 2 0 0 0 6 
272 1 22.4231 17.1128 19.7531 -4.9218e-04 0.00127981 0.001534 0.0020575011 0.0 13 21.5683800312 2.3011594213 0 0 1 2 6 3 1 0 0 7 
246 1 22.416 10.5235 26.7119 4.93927e-04 5.60825e-06 -0.00103995 0.0011512998 0.0 14 21.007333128 2.3932691141 0 0 0 4 4 6 0 0 0 6 
91 1 24.6968 18.2607 24.8404 -2.57694e-04 -0.0018854 -0.00192031 0.0027034663 0.0 14 20.3852311249 2.2139884262 0 0 1 1 8 3 1 0 0 7 
156 1 18.4803 12.7174 24.3897 0.00224703 0.00166395 -0.00338513 0.0043905556 0.0 14 20.9525510968 2.2861693427 0 0 2 2 5 3 1 1 0 8 
262 1 18.7733 10.1088 25.5017 0.00405135 3.16818e-05 -7.46011e-04 0.0041195841 0.0 13 20.3637353189 2.2118482977 0 0 0 1 10 2 0 0 0 6 
925 1 19.0539 18.3124 23.5423 -0.00184666 0.00273087 -0.00222091 0.0039749522 0.0 13 19.6293202899 2.2709353449 0 0 3 2 3 2 2 1 0 8 
194 1 20.3456 12.5853 26.5948 -0.00135073 7.27038e-05 -6.381e-05 0.0013541895 0.0 13 20.8646776126 2.2239244344 0 0 0 5 2 6 0 0 0 6 
77 1 25.1021 12.9243 24.1514 5.01633e-04 -2.44001e-04 0.00253656 0.0025971732 0.0 17 25.0482873682 2.3932691141 0 0 1 3 5 6 2 0 0 7 
48 1 25.8332 11.0843 22.1329 -6.90448e-04 1.24985e-04 -2.79252e-04 7.551962463e-04 0.0 13 20.6111445335 2.1829493201 0 0 1 3 5 2 2 0 0 7 
628 1 24.707 13.5079 20.4207 0.00305507 3.87206e-04 -0.00295248 0.0042662067 0.0 15 23.3956835393 2.3214669193 0 0 1 3 4 6 1 0 0 7 
581 1 24.3507 15.6109 23.3557 -4.71611e-04 0.00344294 0.0034298 0.0048825998 0.0 13 22.5846934048 2.3159096096 0 0 0 1 10 2 0 0 0 6 
113 2 18.3917 14.5688 17.7438 0.00155183 0.00312816 -0.00205948 0.0040540127 0.0 13 15.466837271 2.1409886844 0 0 0 3 7 2 1 0 0 7 
164 1 20.9967 11.0383 24.1402 -0.00552994 -0.00149591 -0.00271476 0.0063393931 0.0 14 20.8562316036 2.3932691141 0 0 0 4 4 6 0 0 0 6 
490 1 19.3212 16.3914 20.6915 -5.27765e-05 -0.00119954 -0.00136012 0.0018142789 0.0 17 24.1954117751 2.2825068651 0 0 1 1 8 6 1 0 0 7 
379 1 21.7892 15.2113 21.8236 5.55358e-04 6.79482e-04 -0.00365453 0.0037584183 0.0 15 22.0832822822 2.3215575946 0 0 0 5 3 6 1 0 0 7 
151 2 18.2973 12.9237 19.5167 -5.00694e-04 0.00108974 -0.00431551 0.0044790461 0.0 12 14.7864341292 2.1409886844 0 0 0 3 6 3 0 0 0 6 
810 1 25.3329 10.5599 26.3873 -7.08559e-04 -0.00103462 -0.00142833 0.0019006896 0.0 14 21.5450018053 2.2792221997 0 0 1 2 7 2 2 0 0 7 
316 2 22.4256 12.5457 18.7666 0.00143784 -0.00142896 -0.00238402 0.0031293549 0.0 12 16.6175442401 2.3215575946 0 0 0 3 6 3 0 0 0 6 
347 2 20.3227 10.9117 17.8353 2.74772e-04 -0.00127265 0.0024236 0.002751177 0.0 14 12.8003923483 1.9091780481 0 0 0 3 7 3 1 0 0 7 
504 1 19.4846 15.5101 23.7762 -1.81398e-04 0.00204883 -0.00174141 0.0026950173 0.0 15 21.3175938392 2.3231798233 0 0 2 2 4 5 2 0 0 7 
604 1 23.9141 15.1483 17.8697 4.66926e-04 -0.00589817 -0.00223129 0.006323376 0.0 15 22.4063036431 2.3215575946 0 0 0 2 8 5 0 0 0 6 
101 1 25.77 11.1641 18.7748 0.00134507 -4.62732e-04 0.00140111 0.001996608 0.0 15 22.4429992388 2.2118675777 0 0 0 2 8 5 0 0 0 6 
548 2 20.4529 13.9626 19.2167 -0.00182546 -1.26255e-04 0.00595411 0.0062289381 0.0 14 16.9545774546 2.3215575946 0 0 0 3 6 5 0 0 0 6 
563 2 19.5661 13.0567 21.5325 0.00163487 0.00259351 -0.00440873 0.0053699157 0.0 14 19.8261884763 2.1214182846 0 0 0 1 10 3 0 0 0 6 
657 2 5.324 24.9349 26.3054 -0.0029423 0.00278401 3.71271e-04 0.0040676385 0.0 12 12.7892951516 1.9403336608 0 0 1 2 5 4 0 0 0 6 
685 1 1.96872 22.0889 23.0988 5.01199e-04 -0.00118194 -0.00232367 0.0026547363 0.0 16 24.6019840858 2.3392522897 0 0 0 2 8 6 0 0 0 6 
119 2 4.50853 24.1707 22.8222 -5.66106e-04 0.00115239 9.21891e-04 0.0015806207 0.0 13 17.5995116885 2.1872858605 0 0 0 1 10 2 0 0 0 6 
630 2 2.95334 24.8168 24.7279 0.00103994 -0.00173596 0.00263624 0.0033233708 0.0 16 18.0771561552 2.2895264777 0 0 0 2 9 4 1 0 0 7 
930 1 1.24144 24.95 22.2519 -0.00328495 0.00132399 0.00235143 0.0042512432 0.0 13 22.0019404627 2.1872858605 0 0 0 3 6 4 0 0 0 6 
414 1 2.0034 19.668 21.7446 -8.83818e-04 0.00311696 -0.00122945 0.0034652736 0.0 14 21.0372946529 2.1460347414 0 0 0 2 8 4 0 0 0 6 
902 1 4.2117 18.0829 19.9787 -5.14296e-04 0.00266606 0.00126466 0.0029952865 0.0 13 21.9552712535 2.2401254503 0 0 0 2 8 3 0 0 0 6 
64 1 3.04992 25.7985 20.0969 5.28767e-04 -0.00109108 -0.00120197 0.0017072733 0.0 12 20.5401563993 2.1249067266 0 0 0 2 8 2 0 0 0 6 
475 1 3.19473 17.9898 26.1122 -0.00446269 -0.00186894 0.00103372 0.0049474353 0.0 13 20.2696565292 2.174585728 0 0 0 4 4 5 0 0 0 6 
642 1 5.71896 24.5847 19.8596 -0.00133092 -7.65649e-04 6.77846e-04 0.0016784045 0.0 16 23.7665595197 2.1674363536 0 0 1 2 7 4 2 0 0 7 
399 1 4.45192 21.4081 21.3188 6.04033e-04 -0.00242723 -0.00272516 0.0036990267 0.0 14 22.6079159123 2.1767119961 0 0 0 2 8 4 0 0 0 6 
31 1 3.14595 22.9696 19.5666 0.00150704 0.00325172 -0.00297964 0.0046608054 0.0 16 23.5874932445 2.3906921218 0 0 1 2 6 6 1 0 0 7 
652 1 0.954861 19.2358 25.0372 -4.8805e-04 6.40207e-05 4.42438e-04 6.6184804629e-04 0.0 14 22.3290601447 2.2697853109 0 0 0 1 10 3 0 0 0 6 
543 1 3.81781 19.9469 24.2871 -2.95687e-05 0.00124257 -5.22e-04 0.001348087 0.0 12 20.729142491 2.1767119961 0 0 0 0 12 0 0 0 0 5 
988 2 7.86698 26.8109 0.215327 -2.63901e-04 0.0015317 -0.00292162 0.003309322 0.0 17 15.7044942621 2.0237699346 0 0 3 4 0 7 1 2 0 8 
845 2 6.83583 23.5763 23.0629 -1.97142e-04 -0.00362204 6.59507e-04 0.003686867 0.0 14 17.90306303 2.3252406216 0 0 2 0 8 2 2 0 0 7 
554 1 7.30529 21.3579 20.8749 0.00240171 0.00161114 -0.00125523 0.0031527108 0.0 15 22.8522213462 2.3252406216 0 0 1 3 5 4 2 0 0 7 
421 1 5.30925 20.7053 18.6809 1.24081e-04 -7.11816e-04 0.00375056 0.0038195259 0.0 13 20.6764292707 2.2190444314 0 0 0 3 6 4 0 0 0 6 
491 2 6.82581 21.6841 24.5948 -7.97553e-04 -0.00246003 7.38069e-04 0.0026893464 0.0 15 18.7960626621 2.1767119961 0 0 0 3 7 4 1 0 0 7 
671 1 0.672799 24.9491 18.5035 -0.00156259 -9.207e-05 -7.39657e-04 0.0017312588 0.0 14 24.1700847468 2.2673096321 0 0 0 0 12 2 0 0 0 6 
265 2 8.08852 24.3001 25.9037 -0.00155659 0.0023737 6.88903e-04 0.0029209607 0.0 16 15.3626042103 2.0013850209 0 0 1 2 6 6 1 0 0 7 
688 2 7.58877 25.7955 22.0174 0.00140497 -0.00262961 -0.00125495 0.0032347626 0.0 13 15.583375105 2.1483377885 0 0 1 2 5 5 0 0 0 6 
913 2 5.20997 20.7055 26.5802 0.00163511 0.00301305 -0.00129675 0.0036651897 0.0 15 16.2775940657 2.1795654426 0 0 1 2 7 3 2 0 0 7 
514 2 7.41557 20.1799 0.751613 0.00156394 -0.00338172 7.00264e-04 0.0037910827 0.0 13 15.9893392291 2.3103883863 0 0 1 3 4 4 1 0 0 7 
711 1 0.427283 22.0802 19.9221 -6.27291e-04 -0.00269642 0.00523485 0.0059218096 0.0 13 23.4556381113 2.2869078332 0 0 0 3 6 4 0 0 0 6 
934 1 6.14466 18.9551 22.206 -3.61941e-04 0.00249918 -0.00270217 0.0036984625 0.0 15 22.6715453135 2.2253986877 0 0 0 3 6 6 0 0 0 6 
469 1 6.2031 18.2254 25.2073 0.00139517 0.00164092 -0.00383419 0.0043977415 0.0 14 22.8984436505 2.3103883863 0 0 0 3 6 5 0 0 0 6 
865 2 6.11367 25.5829 24.1246 0.00243237 8.28781e-04 -2.67766e-04 0.0025836022 0.0 14 13.8148859086 1.9527853802 0 0 0 4 5 4 1 0 0 7 
900 2 4.44574 0.266607 25.2743 0.00136638 -0.0014761 -0.00128117 0.0023847981 0.0 13 12.1913164604 1.9518754957 0 0 1 4 2 5 1 0 0 7 
520 1 8.03069 25.7169 17.7934 0.0028472 9.27274e-04 1.35293e-04 0.0029974471 0.0 17 23.8365183907 2.3142970483 0 0 4 3 3 2 1 4 0 8 
130 1 7.07926 18.448 19.3676 4.53195e-04 -0.00200631 9.7499e-04 0.0022762405 0.0 14 20.7232244236 2.118756602 0 0 0 1 10 3 0 0 0 6 
1000 2 3.76403 26.5849 23.1956 6.27821e-04 -0.00324101 0.00612502 0.0069580295 0.0 13 15.3906066072 2.1720452476 0 0 0 3 6 4 0 0 0 6 
946 2 4.73102 23.1459 24.8727 -2.21361e-04 5.1592e-04 -0.00152186 0.0016221073 0.0 14 15.7257761392 2.1749422477 0 0 0 0 12 2 0 0 0 6 
557 2 9.67767 26.6829 21.1408 0.00147785 0.00129604 -0.00117637 0.0022907655 0.0 13 18.1078508064 2.2984999735 0 0 0 2 8 3 0 0 0 6 
40 1 8.64244 21.525 18.1532 -0.00230589 0.00266676 -0.00135283 0.0037760941 0.0 14 22.221501285 2.1686950198 0 0 2 2 4 4 2 0 0 7 
458 1 2.18704 20.4066 18.6433 -0.00235245 3.97755e-04 -8.20086e-04 0.0025228498 0.0 14 22.5016112656 2.349642563 0 0 0 1 10 3 0 0 0 6 
852 2 4.32061 23.2851 0.904313 -1.60187e-04 0.00309892 -0.00326818 0.0045066579 0.0 13 13.1400934236 1.9853147146 0 0 0 3 6 4 0 0 0 6 
524 1 12.333 18.7714 18.5647 -0.00163083 -0.00182583 -0.0023005 0.003359399 0.0 13 21.2780282848 2.2105604209 0 0 0 3 6 4 0 0 0 6 
192 1 17.1525 24.8286 20.4913 -0.00353606 -0.00313427 -0.00351617 0.0058898914 0.0 13 20.618434908 2.2413615432 0 0 0 2 8 3 0 0 0 6 
522 1 10.2063 19.6679 20.3439 0.00116055 0.00260522 -0.00237345 0.0037104329 0.0 14 20.9085643751 2.1935169447 0 0 1 3 4 5 1 0 0 7 
609 1 16.3042 24.7615 25.6276 0.00182126 4.59864e-04 0.00237386 0.0030271561 0.0 14 22.0548322149 2.5037934296 0 0 0 3 6 5 0 0 0 6 
833 1 10.9515 22.0402 21.7023 0.00293141 0.00131796 -1.19652e-04 0.0032162866 0.0 15 23.3425958051 2.3252406216 0 0 3 2 5 2 1 1 1 9 
43 1 14.3464 19.3316 25.2684 -4.75517e-04 6.97983e-04 0.0010015 0.0013100759 0.0 12 20.8146849404 2.5084712043 0 0 0 2 8 2 0 0 0 6 
456 1 15.1195 23.9578 18.593 9.87465e-04 -0.00251633 -0.00380244 0.0046653568 0.0 15 22.4534147385 2.1868804396 0 0 0 3 6 6 0 0 0 6 
771 2 11.2619 24.3214 25.642 0.00275198 9.85667e-04 0.00160118 0.0033329733 0.0 14 15.8165766342 2.1051451696 0 0 3 1 5 3 0 2 0 8 
59 1 16.3573 21.3734 20.4621 -9.26775e-04 -4.13689e-04 -1.60789e-04 0.0010275717 0.0 15 22.0696376498 2.2005446727 0 0 1 2 6 5 1 0 0 7 
33 1 8.85144 19.9344 23.1899 0.002474 -0.0025923 0.00470592 0.0059149284 0.0 14 22.0134895514 2.2729823933 0 0 1 5 2 3 3 0 0 7 
809 1 11.9192 25.248 22.2534 -0.00280183 0.00448359 -0.0023365 0.0057803169 0.0 15 22.1128575491 2.2858641979 0 0 0 2 9 3 1 0 0 7 
315 1 15.7319 21.9987 25.6648 0.00654271 4.58459e-04 0.0017127 0.0067786857 0.0 14 21.5553243857 2.1484537402 0 0 0 2 8 4 0 0 0 6 
699 1 14.515 24.991 21.1782 -7.18117e-04 -3.78881e-04 0.00436769 0.0044425172 0.0 13 19.635676021 2.2466502931 0 0 1 2 6 3 1 0 0 7 
608 1 11.5713 19.8015 24.4687 0.00367223 -0.00370895 -0.00312896 0.0060853902 0.0 15 21.3510377134 2.1935169447 0 0 0 2 8 5 0 0 0 6 
518 1 8.59157 23.6801 20.1608 6.42697e-04 9.02722e-04 -0.00274053 0.0029560905 0.0 17 24.5853138828 2.3207545737 0 0 3 4 1 6 1 1 1 9 
987 2 9.27631 24.9516 23.9356 0.00144919 0.00386928 -3.13107e-04 0.0041436114 0.0 14 16.5617986731 2.2858641979 0 0 1 3 5 3 2 0 0 7 
507 1 13.9446 22.1648 21.343 0.00235562 9.03161e-04 0.00280997 0.0037763179 0.0 14 21.0893995194 2.1868804396 0 0 1 2 7 2 2 0 0 7 
939 1 12.9882 19.3398 21.7719 0.00386856 1.82742e-04 -0.00229662 0.0045026231 0.0 17 23.1968315262 2.1934504627 0 0 1 4 4 5 3 0 0 7 
626 1 14.3551 20.9097 18.198 -0.00474741 9.24985e-04 6.92492e-04 0.0048860049 0.0 13 21.3791239467 2.1822376429 0 0 0 5 2 6 0 0 0 6 
386 2 12.9498 26.0787 0.275072 0.00205858 -3.48607e-06 0.00150638 0.0025508713 0.0 13 17.2433166777 2.5165866976 0 0 0 4 4 5 0 0 0 6 
10 2 9.97229 22.7756 24.2472 0.00113508 7.8608e-04 9.60905e-04 0.0016821613 0.0 14 18.7380545298 2.3252406216 0 0 2 3 3 4 1 1 0 8 
791 2 8.67825 21.6977 25.9769 5.7831e-04 -0.00222788 -0.00139735 0.0026926713 0.0 13 15.1190621039 2.1707858574 0 0 2 2 2 7 0 0 0 6 
66 1 14.9356 18.4374 19.8781 3.0187e-04 7.57421e-04 0.00296024 0.0030704776 0.0 14 22.2689883769 2.2475692404 0 0 1 3 4 5 1 0 0 7 
415 1 16.2934 22.9965 22.8973 0.00152538 -0.00119299 6.03562e-04 0.0020283728 0.0 13 20.2248963205 2.1096385726 0 0 0 3 6 4 0 0 0 6 
71 1 18.3948 20.9382 22.8972 -7.01455e-04 9.77013e-04 0.00370016 0.0038907297 0.0 15 20.8294937494 2.190175472 0 0 1 2 8 1 3 0 0 7 
948 1 12.6847 0.627844 20.1333 -0.00309012 0.00255653 2.5865e-04 0.0040189037 0.0 15 21.5968761011 2.1718010648 0 0 0 4 5 5 1 0 0 7 
572 1 11.849 24.3752 19.1924 2.91168e-04 3.05767e-04 -0.00281552 0.0028470028 0.0 15 24.5348787133 2.2984999735 0 0 0 4 4 7 0 0 0 6 
976 1 15.6219 20.0775 22.8035 -0.00347246 -4.20511e-04 -0.0024605 0.0042765486 0.0 14 19.9909352676 2.1706337417 0 0 2 3 4 2 2 1 0 8 
125 1 16.8399 25.8822 23.136 -5.95168e-04 0.00305727 -3.632e-04 0.0031357677 0.0 14 21.2534852699 2.2594891557 0 0 1 3 4 5 1 0 0 7 
18 1 13.1685 22.1566 23.8996 -5.30573e-05 0.00169404 -0.00268618 0.0031761848 0.0 15 22.0457970376 2.1747258523 0 0 0 1 10 4 0 0 0 6 
340 1 13.8938 24.9255 24.1678 -0.00104415 0.00183301 5.593e-04 0.0021824279 0.0 15 22.1391174218 2.5165866976 0 0 0 3 6 6 0 0 0 6 
854 1 17.145 19.5703 25.405 0.00388043 6.70437e-04 -0.00222206 0.0045215897 0.0 12 20.1836884376 2.3138877677 0 0 1 2 6 2 1 0 0 7 
242 1 9.23152 18.334 25.5262 0.00217977 -3.37611e-04 0.00221274 0.0031243554 0.0 14 20.95810889 2.2008211469 0 0 1 2 6 4 1 0 0 7 
287 1 22.2372 26.7526 20.8507 0.00462274 9.29069e-04 0.00131476 0.0048950473 0.0 15 22.3802650992 2.5565540028 0 0 1 3 4 6 1 0 0 7 
993 1 20.6606 25.7949 18.9199 0.00176438 0.00273685 -2.16883e-04 0.0032634986 0.0 15 22.3320022451 2.3042827136 0 0 0 3 6 6 0 0 0 6 
654 1 18.5166 23.0881 18.559 0.00221437 -0.00186873 0.00500711 0.0057850442 0.0 14 24.2141687156 2.3235929447 0 0 0 2 8 4 0 0 0 6 
301 1 18.9394 21.713 26.2244 -0.00117327 5.04306e-04 -0.00351511 0.0037399045 0.0 15 23.2887533504 2.4073428106 0 0 1 4 3 5 2 0 0 7 
922 1 19.1701 26.6592 21.669 0.00416891 0.00345404 -0.00219494 0.0058419145 0.0 14 22.1563214496 2.2415562281 0 0 0 3 6 5 0 0 0 6 
882 1 22.0314 26.5975 26.3517 0.00334694 -0.00118111 0.00130733 0.0037823458 0.0 15 22.3117989195 2.197086364 0 0 0 4 4 7 0 0 0 6 
338 1 26.2395 26.7794 26.1598 0.00112155 0.00236319 0.00328357 0.0041981393 0.0 14 21.682945675 2.2041434373 0 0 0 4 4 6 0 0 0 6 
172 1 21.3764 25.031 23.2515 0.00376839 1.12511e-04 9.47166e-04 0.0038872285 0.0 13 20.7248486237 2.338987772 0 0 0 3 6 4 0 0 0 6 
953 1 25.3508 24.0234 21.3807 -0.002802 -0.00262111 6.802e-04 0.0038966773 0.0 15 26.2349726081 2.5565540028 0 0 0 3 6 6 0 0 0 6 
38 1 26.0317 20.7547 22.6372 -0.0042814 0.00322235 -9.16451e-04 0.0054363414 0.0 14 23.0679451022 2.228762618 0 0 0 1 10 3 0 0 0 6 
837 1 21.3781 23.4269 25.8658 -9.16835e-04 -5.06829e-04 0.0019461 0.002210151 0.0 15 21.5433616444 2.3105601379 0 0 1 4 3 5 2 0 0 7 
307 1 23.8668 26.6689 24.0737 -2.44078e-04 -0.00273125 0.00262159 0.0037936835 0.0 15 24.0053512645 2.5565540028 0 0 1 2 5 7 0 0 0 6 
240 1 24.8649 22.3564 17.9962 9.20865e-04 0.00461563 -5.95991e-04 0.0047441794 0.0 15 21.5305102557 2.2869078332 0 0 1 2 6 5 1 0 0 7 
903 1 20.4124 20.9017 19.8365 -4.45765e-04 0.00296879 0.00244583 0.0038722739 0.0 14 23.5625923919 2.3084326424 0 0 0 2 8 4 0 0 0 6 
958 1 23.1786 20.4036 18.8419 0.00426408 -4.31435e-04 0.00111156 0.0044276495 0.0 14 21.1145248195 2.2817619382 0 0 0 4 4 6 0 0 0 6 
531 1 23.4121 23.31 23.7984 -4.64529e-04 -7.51045e-04 -0.0052369 0.0053108358 0.0 12 20.2338319904 2.3392815389 0 0 0 2 8 2 0 0 0 6 
571 1 24.154 25.6942 19.1695 -0.00173025 4.39421e-04 0.00400423 0.0043841434 0.0 14 22.0411883142 2.5224869138 0 0 2 1 7 2 1 1 0 8 
730 1 26.2287 19.0583 19.764 0.00384946 0.00193412 -0.00120454 0.0044732627 0.0 15 22.5714072224 2.2869078332 0 0 0 2 8 5 0 0 0 6 
612 1 23.4653 20.9833 21.4193 -0.00415137 1.81271e-05 -0.00281904 0.0050180861 0.0 13 21.9250665282 2.2869078332 0 0 0 2 8 3 0 0 0 6 
618 1 25.9035 21.8164 25.627 -0.00307635 0.00162112 -0.00320306 0.0047277429 0.0 16 23.7781428938 2.3392522897 0 0 2 2 6 3 2 1 0 8 
928 1 23.5758 20.6813 24.6144 6.86143e-04 3.23704e-05 0.00172865 0.0018601266 0.0 15 21.3931963805 2.3256475745 0 0 0 2 10 1 2 0 0 7 
170 1 20.6865 18.5831 18.1301 0.00284401 0.00259105 -0.00116581 0.0040200803 0.0 15 22.6718417293 2.1772497756 0 0 1 1 8 4 1 0 0 7 
120 1 21.1046 19.0073 21.9271 -0.0033963 -0.00248449 -0.00106692 0.0043411822 0.0 16 21.7466487459 2.2042266076 0 0 1 3 6 3 3 0 0 7 
694 1 21.0172 21.8163 22.9099 -0.00249331 -5.14466e-04 5.78916e-04 0.0026108263 0.0 14 20.3746317566 2.0914491329 0 0 1 1 8 3 1 0 0 7 
745 1 19.2058 23.4678 21.3935 5.32109e-04 0.00281155 0.00156238 0.0032602124 0.0 13 21.4412043314 2.3002772672 0 0 0 3 6 4 0 0 0 6 
622 1 22.4253 23.7309 20.8297 0.00128763 0.00309371 1.35361e-05 0.0033510022 0.0 16 22.5652619371 2.3564338482 0 0 0 4 4 8 0 0 0 6 
155 1 21.0003 19.7056 25.2896 0.00207974 -5.9394e-04 1.34295e-04 0.0021670529 0.0 14 21.8716192105 2.2790913441 0 0 1 5 1 5 2 0 0 7 
839 1 18.9551 23.4776 24.1546 6.70646e-04 0.0015143 -0.00239135 0.0029088529 0.0 13 19.9453380094 2.129753106 0 0 0 3 6 4 0 0 0 6 
112 1 26.1123 24.251 24.4309 0.00262814 -0.0031252 7.44962e-04 0.0041507786 0.0 12 22.6595423247 2.3392522897 0 0 0 2 8 2 0 0 0 6 
388 1 0.176679 0.316774 20.6912 0.0018323 -0.00609727 -0.00272096 0.0069237019 0.0 15 23.3111751169 2.5565540028 0 0 0 3 6 6 0 0 0 6 
426 1 0.172984 0.498609 23.6004 -4.32336e-04 9.30379e-04 -0.0016213 0.0019186279 0.0 15 21.2340398747 2.3844412088 0 0 0 2 8 5 0 0 0 6 
266 1 18.0415 18.7967 20.5199 -0.00137735 2.3232e-04 0.00244721 0.0028177832 0.0 13 23.60297394 2.2825068651 0 0 0 3 6 4 0 0 0 6 
105 1 26.7257 17.9867 22.6834 0.00278404 0.00299234 -0.00162133 0.004397009 0.0 12 19.8804486535 2.1140704488 0 0 0 0 12 0 0 0 0 5 
167 1 23.8078 18.2661 22.032 -1.90416e-04 -0.00106198 5.05407e-04 0.001191426 0.0 13 20.4339984986 2.2231639982 0 0 0 1 10 2 0 0 0 6 
